e	най	0.148148
абе	вие	0.067797
абе	е	0.050847
абе	защо	0.050847
абе	къде	0.050847
абе	тоя	0.050847
абсолютно	всички	0.098901
абсолютно	нищо	0.076923
абсолютно	не	0.076923
абсолютно	всичко	0.065934
абсолютно	същото	0.032967
абсолютно	никакви	0.032967
агент	на	0.454545
агент	в	0.136364
адвокат	на	0.216216
адвокат	и	0.189189
адвокат	по	0.135135
адрес	на	0.177419
адрес	в	0.161290
адрес	ул	0.080645
адрес	към	0.048387
адрес	и	0.048387
адрес	до	0.048387
активност	на	0.133333
активност	в	0.133333
активност	е	0.083333
активност	и	0.066667
активност	от	0.050000
актриса	която	0.150000
актьор	и	0.285714
акцент	в	0.350000
акцент	върху	0.175000
акцент	е	0.100000
акциите	на	0.520548
акциите	са	0.054795
акциите	им	0.041096
акциите	в	0.041096
ал	от	0.611111
ал	т	0.222222
александър	i	0.125000
александър	ван	0.093750
александър	който	0.093750
ама	не	0.079848
ама	това	0.030418
ама	няма	0.026616
ама	все	0.026616
ама	за	0.026616
ама	и	0.022814
ама	като	0.022814
ама	да	0.019011
ама	е	0.019011
ама	как	0.019011
ама	нали	0.019011
ама	сега	0.019011
ама	се	0.019011
ама	те	0.019011
ама	ти	0.019011
ама	на	0.019011
ама	в	0.015209
ама	с	0.015209
ама	ние	0.015209
ама	от	0.015209
ама	той	0.015209
ама	друг	0.015209
ама	ако	0.011407
ама	иначе	0.011407
ама	пък	0.011407
ама	си	0.011407
ама	много	0.011407
ама	само	0.011407
американски	военни	0.084337
американски	щати	0.084337
американски	президент	0.060241
американски	войници	0.060241
американски	газ	0.048193
американски	и	0.048193
американски	служители	0.036145
американски	компании	0.036145
американски	банки	0.036145
ами	ако	0.095238
ами	да	0.061224
ами	те	0.054422
ами	то	0.047619
ами	не	0.047619
ами	и	0.040816
ами	защото	0.034014
ами	няма	0.034014
ами	нали	0.027211
ами	какво	0.027211
ами	добре	0.020408
ами	това	0.020408
ами	той	0.020408
ами	че	0.020408
ами	ще	0.020408
апартамента	в	0.206897
апартамента	си	0.137931
апартамента	на	0.103448
апартамента	и	0.103448
април	г	0.215686
април	и	0.045752
април	в	0.045752
април	до	0.045752
април	тази	0.035948
април	от	0.032680
април	а	0.029412
април	ще	0.022876
април	се	0.022876
април	когато	0.022876
април	на	0.022876
април	са	0.019608
април	година	0.016340
април	миналата	0.016340
април	за	0.016340
април	е	0.016340
април	май	0.016340
април	да	0.013072
април	около	0.013072
април	като	0.013072
април	но	0.013072
април	че	0.013072
април	беше	0.013072
април	досега	0.009804
април	или	0.009804
април	с	0.009804
април	т	0.009804
април	по	0.009804
април	бяха	0.009804
ар	ти	0.428571
база	на	0.219512
база	в	0.109756
база	с	0.079268
база	и	0.060976
база	за	0.060976
база	през	0.030488
база	са	0.030488
база	до	0.024390
база	от	0.024390
база	данни	0.024390
бе	в	0.045075
бе	и	0.041736
бе	на	0.033389
бе	че	0.030050
бе	избран	0.020033
бе	да	0.020033
бе	прието	0.020033
бе	открит	0.018364
бе	за	0.016694
бе	задържан	0.016694
бе	по	0.015025
бе	арестуван	0.013356
бе	от	0.013356
бе	направено	0.013356
бе	един	0.013356
бе	открита	0.011686
бе	той	0.011686
бе	определен	0.011686
бе	през	0.011686
бе	точен	0.010017
бе	част	0.010017
бе	много	0.010017
бе	даден	0.010017
бе	сред	0.008347
бе	направен	0.008347
бе	убит	0.008347
бе	една	0.008347
бе	с	0.008347
бе	открито	0.008347
бе	директор	0.006678
бе	освободен	0.006678
бе	намерено	0.006678
бе	хора	0.006678
бе	осъден	0.006678
бе	изпратен	0.006678
бе	първият	0.006678
бе	толкова	0.006678
бе	застрелян	0.006678
бе	не	0.005008
бе	хванат	0.005008
бебета	и	0.272727
без	да	0.287978
без	това	0.043802
без	значение	0.030755
без	пари	0.013048
без	него	0.013048
без	никакви	0.013048
без	съмнение	0.011184
без	граници	0.011184
без	книжка	0.011184
без	опасност	0.011184
без	тях	0.010252
без	промяна	0.010252
без	ток	0.010252
без	разрешение	0.008388
без	които	0.007456
без	дори	0.006524
без	нито	0.006524
без	работа	0.006524
без	вода	0.006524
без	никакво	0.005592
без	резултат	0.005592
без	цени	0.005592
без	успех	0.005592
без	бой	0.005592
без	изключение	0.005592
без	нея	0.004660
без	отговор	0.004660
без	опит	0.004660
без	нужда	0.004660
без	участието	0.004660
без	ясно	0.004660
без	проблем	0.003728
без	електричество	0.003728
без	повече	0.003728
без	руски	0.003728
без	сериозни	0.003728
без	газ	0.003728
без	против	0.003728
без	никаква	0.003728
без	право	0.003728
безопасност	на	0.452632
безопасност	и	0.178947
безопасност	по	0.042105
безопасност	в	0.042105
безопасност	след	0.031579
белег	на	0.600000
би	трябвало	0.116466
би	било	0.112450
би	си	0.055221
би	ти	0.049197
би	се	0.047189
би	би	0.047189
би	могло	0.045181
би	бил	0.042169
би	могъл	0.042169
би	била	0.030120
би	могла	0.026104
би	е	0.025100
би	ще	0.019076
би	не	0.016064
би	да	0.014056
би	и	0.013052
би	имало	0.010040
би	ли	0.009036
би	най	0.009036
би	това	0.008032
би	ги	0.007028
би	по	0.007028
би	станало	0.006024
би	има	0.006024
би	казал	0.006024
би	са	0.006024
би	от	0.006024
би	ни	0.005020
би	имал	0.005020
би	дори	0.005020
би	трябва	0.005020
би	още	0.005020
би	само	0.005020
би	променило	0.004016
би	имала	0.004016
би	за	0.004016
би	защото	0.004016
би	вече	0.004016
би	им	0.004016
би	съм	0.003012
библиотеката	на	0.230769
бизнес	и	0.107807
бизнес	в	0.085502
бизнес	с	0.044610
бизнес	на	0.033457
бизнес	е	0.026022
бизнес	който	0.026022
бизнес	по	0.026022
бизнес	от	0.022305
бизнес	може	0.018587
бизнес	се	0.018587
бизнес	за	0.018587
бизнес	да	0.018587
бизнес	модел	0.014870
бизнес	ще	0.014870
бизнес	или	0.014870
бизнес	клиентите	0.014870
бизнес	планове	0.014870
бизнес	среда	0.014870
бизнес	партньор	0.011152
бизнес	клиенти	0.011152
бизнес	контакти	0.011152
бизнес	средата	0.011152
бизнес	са	0.011152
бизнес	у	0.011152
бизнес	които	0.011152
бизнесът	и	0.132075
бизнесът	в	0.094340
бизнесът	е	0.094340
бизнесът	ще	0.075472
бизнесът	на	0.056604
бизнесът	да	0.056604
бил	на	0.060000
бил	в	0.056000
бил	е	0.038000
бил	с	0.032000
бил	задържан	0.030000
бил	и	0.026000
бил	открит	0.024000
бил	арестуван	0.018000
бил	за	0.016000
бил	под	0.016000
бил	много	0.014000
бил	убит	0.014000
бил	по	0.014000
бил	съм	0.012000
бил	част	0.012000
бил	ранен	0.010000
бил	само	0.010000
бил	със	0.010000
бил	най	0.010000
бил	откраднат	0.008000
бил	казал	0.008000
бил	един	0.008000
бил	съгласен	0.008000
бил	намерен	0.008000
бил	до	0.008000
бил	облечен	0.008000
бил	той	0.008000
бил	толкова	0.006000
бил	нападнат	0.006000
бил	принуден	0.006000
бил	около	0.006000
бил	министър	0.006000
бил	против	0.006000
бил	да	0.006000
бил	заради	0.006000
бил	председател	0.006000
бил	готов	0.006000
бил	доста	0.006000
бил	изпратен	0.006000
битки	между	0.153846
битки	и	0.153846
битки	за	0.115385
бих	казал	0.207921
бих	искал	0.188119
бих	искала	0.099010
бих	се	0.059406
бих	казала	0.059406
бих	желал	0.049505
бих	направил	0.049505
бих	бил	0.039604
бих	го	0.039604
бих	я	0.029703
благодарен	съм	0.500000
благодари	на	0.603774
благодари	за	0.320755
благодарим	на	0.533333
благодарим	за	0.200000
благодарим	ви	0.133333
боб	и	0.375000
бога	за	0.230769
богу	че	0.545455
божията	майка	0.500000
бойци	от	0.210526
бойци	и	0.157895
боклук	и	0.217391
боклук	е	0.130435
боклук	в	0.130435
болести	и	0.200000
болести	в	0.120000
болка	и	0.250000
болка	от	0.187500
болката	в	0.250000
болката	и	0.250000
болки	в	0.692308
болки	и	0.192308
болни	от	0.160000
болни	хора	0.100000
болни	и	0.100000
болни	с	0.080000
болни	са	0.060000
болни	или	0.060000
болни	деца	0.060000
борбата	с	0.617886
борбата	за	0.154472
борбата	срещу	0.081301
борбата	е	0.024390
борбата	на	0.024390
бори	за	0.343750
бори	с	0.328125
бори	да	0.078125
бори	срещу	0.046875
бори	и	0.046875
борис	джонсън	0.631579
борис	трети	0.122807
борис	и	0.052632
борис	в	0.052632
браво	на	0.611111
брега	на	0.541667
бременна	жена	0.272727
брои	за	0.250000
бутилки	и	0.277778
бързи	и	0.305556
бързи	действия	0.166667
бързи	тестове	0.083333
бързо	и	0.156997
бързо	да	0.146758
бързо	се	0.102389
бързо	ще	0.044369
бързо	от	0.037543
бързо	в	0.030717
бързо	хранене	0.020478
бързо	но	0.017065
бързо	че	0.017065
бързо	защото	0.017065
бързо	за	0.017065
бързо	може	0.013652
бързо	ги	0.013652
бързо	каза	0.010239
бързо	с	0.010239
бързо	си	0.010239
бързо	до	0.010239
бързо	а	0.010239
бюро	на	0.360000
бюро	по	0.200000
бюро	за	0.120000
бягството	от	0.333333
бягството	на	0.250000
бяла	и	0.153846
ва	и	0.187500
важна	роля	0.149425
важна	за	0.091954
важна	стъпка	0.068966
важна	тема	0.068966
важна	и	0.057471
важна	работа	0.045977
важна	от	0.045977
важна	част	0.045977
ван	де	0.625000
вашите	колеги	0.088235
вашия	бизнес	0.160000
веднъж	в	0.084211
веднъж	да	0.073684
веднъж	седмично	0.063158
веднъж	не	0.052632
веднъж	на	0.042105
веднъж	годишно	0.042105
веднъж	за	0.031579
веднъж	е	0.031579
веднъж	вече	0.031579
великия	пост	0.500000
вечеря	на	0.187500
вечеря	и	0.187500
взе	решение	0.246575
взе	да	0.123288
взе	и	0.095890
взе	участие	0.068493
взе	мярка	0.041096
вземат	участие	0.091549
вземат	предвид	0.084507
вземат	решение	0.077465
вземат	мерки	0.070423
вземат	от	0.056338
вземат	властта	0.049296
вземат	решения	0.042254
вземат	да	0.042254
вземат	за	0.028169
вземат	парите	0.028169
вземат	в	0.028169
вземат	на	0.028169
вземат	тези	0.021127
вземат	по	0.021127
вземат	и	0.021127
вземем	да	0.150000
взеха	участие	0.333333
взеха	да	0.137255
вида	на	0.390244
вида	и	0.146341
вида	в	0.073171
видеото	е	0.189189
видеото	се	0.108108
видях	че	0.206897
видях	на	0.137931
видях	и	0.103448
вина	за	0.272727
вина	и	0.113636
вина	на	0.113636
вина	с	0.090909
вина	е	0.068182
виновен	за	0.321429
виновен	че	0.178571
виновен	в	0.107143
вирус	на	0.137931
вирус	се	0.137931
вирус	да	0.103448
вируса	и	0.133333
вируса	на	0.133333
вируса	е	0.066667
вируса	или	0.066667
включва	и	0.171171
включва	в	0.099099
включва	още	0.045045
включва	също	0.036036
включва	над	0.027027
включва	само	0.027027
вкус	на	0.312500
вкус	и	0.187500
влак	от	0.161290
влак	е	0.096774
влак	с	0.096774
влак	на	0.096774
влак	за	0.096774
власт	и	0.098291
власт	на	0.081197
власт	в	0.081197
власт	е	0.047009
власт	да	0.042735
власт	която	0.029915
власт	с	0.025641
власт	от	0.025641
власт	са	0.025641
власт	за	0.021368
власт	а	0.021368
власт	не	0.017094
власт	ще	0.017094
власт	над	0.017094
власт	се	0.017094
власт	трябва	0.012821
власт	което	0.012821
власт	бяха	0.012821
властите	в	0.313131
властите	на	0.111111
властите	са	0.070707
властите	се	0.070707
властите	не	0.060606
властите	да	0.040404
влезе	в	0.746479
влезе	във	0.037559
влезе	на	0.032864
влезе	и	0.023474
влезе	с	0.018779
влезете	в	0.636364
влизане	в	0.689655
влизане	на	0.172414
влизане	и	0.057471
влизане	във	0.057471
влизат	в	0.483516
влизат	и	0.098901
влизат	на	0.032967
влизат	във	0.032967
влияе	на	0.325000
влияе	върху	0.275000
влияе	от	0.150000
влязат	в	0.807229
влязох	в	0.500000
внезапно	се	0.178571
внезапно	почина	0.107143
води	до	0.352313
води	в	0.067616
води	и	0.049822
води	на	0.042705
води	от	0.035587
води	към	0.032028
води	за	0.021352
води	разследване	0.021352
води	с	0.017794
води	по	0.017794
води	война	0.017794
води	разговори	0.014235
води	не	0.010676
води	се	0.010676
води	битка	0.010676
води	кампания	0.010676
води	само	0.010676
води	преговори	0.010676
води	нормален	0.010676
водят	до	0.309353
водят	преговори	0.100719
водят	разговори	0.071942
водят	от	0.050360
водят	и	0.043165
водят	се	0.035971
водят	към	0.021583
водят	дела	0.021583
водят	по	0.021583
водят	в	0.021583
военен	министър	0.226415
военен	конфликт	0.188679
военен	университет	0.056604
военен	експерт	0.047170
военен	кораб	0.047170
военен	съюз	0.037736
военен	опит	0.037736
военен	окръг	0.037736
военен	съд	0.037736
военните	действия	0.512500
военните	престъпления	0.050000
военните	и	0.037500
военните	сили	0.037500
войната	в	0.465927
войната	на	0.063391
войната	и	0.045959
войната	е	0.030111
войната	да	0.022187
войната	ще	0.019017
войната	с	0.017433
войната	не	0.014263
войната	между	0.014263
войната	която	0.014263
войната	като	0.014263
войната	за	0.012678
войната	срещу	0.012678
войната	продължава	0.009509
войната	се	0.009509
войната	но	0.007924
войната	си	0.007924
войната	продължи	0.006339
войната	русия	0.006339
войната	по	0.006339
войната	трябва	0.006339
войната	след	0.004754
войната	беше	0.004754
войната	само	0.004754
войната	смята	0.004754
войната	до	0.004754
войната	предаде	0.004754
войната	от	0.004754
войници	и	0.145631
войници	в	0.135922
войници	са	0.097087
войници	на	0.077670
войници	да	0.058252
войници	които	0.048544
войници	от	0.029126
войници	за	0.029126
войниците	от	0.307692
впрочем	и	0.241379
врагове	на	0.250000
врата	за	0.137931
врата	на	0.120690
врата	и	0.086207
врата	с	0.051724
врата	която	0.051724
врата	след	0.051724
врата	до	0.051724
врати	и	0.241379
врати	за	0.172414
врати	през	0.172414
врати	на	0.172414
време	на	0.436296
време	е	0.056745
време	за	0.051927
време	да	0.051392
време	и	0.039615
време	в	0.032655
време	ще	0.015525
време	се	0.013919
време	с	0.012313
време	не	0.008565
време	от	0.008565
време	когато	0.007495
време	обаче	0.007495
време	той	0.005889
време	беше	0.005889
време	по	0.005889
време	са	0.004818
време	а	0.004818
време	но	0.004818
време	има	0.004283
време	през	0.004283
време	като	0.004283
време	те	0.003747
време	трябва	0.003212
време	това	0.003212
време	си	0.003212
време	стана	0.003212
време	може	0.002677
време	вече	0.002677
време	със	0.002677
време	до	0.002677
време	което	0.002141
време	докато	0.002141
време	то	0.002141
време	няма	0.002141
време	преди	0.002141
време	каза	0.002141
време	след	0.002141
време	тази	0.002141
време	ако	0.001606
времената	на	0.388889
времената	са	0.222222
времената	когато	0.166667
времето	на	0.306069
времето	за	0.079156
времето	когато	0.065963
времето	и	0.052770
времето	ще	0.050132
времето	в	0.044855
времето	си	0.044855
времето	е	0.036939
времето	от	0.036939
времето	да	0.026385
времето	през	0.018470
времето	или	0.015831
времето	след	0.015831
времето	не	0.015831
времето	преди	0.013193
времето	с	0.013193
времето	което	0.010554
времето	назад	0.007916
времето	до	0.007916
връзки	с	0.425000
връзки	и	0.125000
връзки	между	0.125000
връзки	на	0.087500
връзки	със	0.062500
връзки	от	0.037500
връзките	си	0.214286
връзките	на	0.214286
връзките	с	0.214286
връх	в	0.142857
връх	на	0.107143
връх	при	0.107143
връща	в	0.254545
връща	към	0.072727
връща	на	0.072727
връща	всички	0.054545
всеки	ден	0.146476
всеки	един	0.090308
всеки	който	0.081498
всеки	от	0.069383
всеки	път	0.039648
всеки	месец	0.036344
всеки	може	0.029736
всеки	човек	0.019824
всеки	случай	0.018722
всеки	момент	0.017621
всеки	да	0.016520
всеки	има	0.015419
всеки	се	0.012115
всеки	ще	0.012115
всеки	друг	0.009912
всеки	опит	0.009912
всеки	сам	0.009912
всеки	мач	0.008811
всеки	трябва	0.008811
всеки	час	0.007709
всеки	нов	0.007709
всеки	е	0.007709
всеки	с	0.007709
всеки	знае	0.006608
всеки	клиент	0.006608
всеки	си	0.006608
всеки	проект	0.006608
всеки	три	0.005507
всеки	дом	0.005507
всеки	вид	0.004405
всеки	втори	0.004405
всеки	би	0.004405
всеки	гражданин	0.004405
всеки	посетител	0.004405
всеки	член	0.004405
всеки	лекар	0.004405
всеки	тип	0.003304
всеки	четири	0.003304
всеки	проблем	0.003304
всеки	сезон	0.003304
второ	място	0.475806
второ	и	0.072581
второ	дете	0.048387
второ	защото	0.024194
второ	за	0.024194
въже	и	0.333333
възрастните	хора	0.302326
възрастните	и	0.139535
възрастните	над	0.069767
възстанови	след	0.117647
върна	на	0.261538
върна	в	0.107692
върна	към	0.061538
върна	за	0.046154
върти	около	0.214286
вършат	работата	0.461538
вършат	работа	0.230769
вярва	че	0.484375
вярва	на	0.250000
вярва	в	0.078125
вярвам	че	0.750000
вярвам	в	0.083333
вярвам	да	0.035714
вярваме	че	0.575758
вярваме	в	0.303030
вярно	че	0.291667
вярно	е	0.208333
вятърът	ще	0.574468
вятърът	не	0.063830
вятърът	в	0.063830
гаранция	за	0.365385
гаранция	че	0.153846
гаранция	от	0.096154
гаранция	в	0.076923
гаранция	на	0.057692
ген	майор	0.600000
германците	в	0.230769
герои	са	0.156250
герои	от	0.156250
герои	и	0.125000
герой	на	0.392857
герой	от	0.214286
герой	в	0.107143
главен	прокурор	0.417476
главен	път	0.116505
главен	секретар	0.097087
главен	редактор	0.067961
главен	експерт	0.038835
главен	директор	0.038835
главен	инженер	0.029126
главен	съдия	0.029126
главен	асистент	0.029126
глави	на	0.259259
глави	от	0.111111
гласове	в	0.158730
гласове	на	0.111111
гласове	и	0.095238
гласове	от	0.063492
гласове	за	0.063492
гласове	са	0.047619
гласовете	на	0.568627
гласовете	за	0.117647
гласовете	от	0.058824
гласът	на	0.904762
гледа	като	0.083333
гледа	на	0.066667
гледа	в	0.066667
гледа	и	0.066667
гледа	от	0.050000
гледа	с	0.050000
гледаме	в	0.136364
гледане	на	0.333333
гледна	точка	0.989474
глупостите	на	0.600000
гнева	на	0.500000
говореше	за	0.421053
говорите	и	0.250000
говорите	с	0.187500
говорите	за	0.187500
години	и	0.078620
години	от	0.062217
години	на	0.056561
години	е	0.044118
години	в	0.041855
години	по	0.041855
години	след	0.031674
години	са	0.027149
години	се	0.024887
години	за	0.020928
години	затвор	0.019796
години	не	0.019796
години	а	0.019231
години	да	0.016403
години	но	0.015271
години	насам	0.015271
години	като	0.012443
години	с	0.011878
години	когато	0.011312
години	ще	0.010181
години	наред	0.009615
години	преди	0.008484
години	които	0.008484
години	той	0.008484
години	каза	0.006787
години	при	0.006787
години	има	0.006222
години	до	0.006222
години	беше	0.005656
години	това	0.005656
години	през	0.005090
години	назад	0.005090
години	те	0.005090
години	бяха	0.004525
години	което	0.004525
години	тя	0.004525
години	напред	0.004525
години	както	0.004525
години	или	0.004525
години	сме	0.003959
големи	и	0.109290
големи	загуби	0.043716
големи	от	0.038251
големи	компании	0.038251
големи	града	0.032787
големи	проблеми	0.032787
големи	градове	0.032787
големи	са	0.021858
големи	в	0.021858
големи	сметки	0.016393
големи	клиенти	0.016393
големи	надежди	0.016393
големи	с	0.016393
големи	части	0.016393
големи	шансове	0.016393
големи	групи	0.016393
големи	събития	0.016393
големи	възможности	0.016393
големи	по	0.016393
големи	къщи	0.016393
големи	но	0.016393
голямо	количество	0.129771
голямо	значение	0.099237
голямо	от	0.076336
голямо	предизвикателство	0.045802
голямо	внимание	0.045802
голямо	и	0.038168
голямо	влияние	0.038168
голямо	сърце	0.030534
голямо	е	0.030534
голямо	че	0.022901
голямо	желание	0.022901
голямо	удоволствие	0.022901
голямо	напрежение	0.022901
голямо	впечатление	0.022901
гори	и	0.187500
гори	на	0.125000
гори	в	0.093750
гост	на	0.448276
гост	в	0.137931
гост	и	0.103448
гостите	на	0.337500
гостите	да	0.062500
гостите	от	0.062500
гостите	в	0.037500
гостите	и	0.037500
гостите	си	0.037500
гостите	беше	0.037500
грабеж	в	0.500000
град	в	0.160804
град	и	0.095477
град	е	0.075377
град	на	0.070352
град	с	0.045226
град	софия	0.025126
град	за	0.025126
град	който	0.025126
град	от	0.020101
град	като	0.020101
град	не	0.020101
град	по	0.015075
градината	на	0.307692
градове	и	0.150794
градове	в	0.142857
градове	на	0.071429
градове	като	0.063492
градове	където	0.039683
градове	ще	0.031746
градове	с	0.031746
градове	са	0.023810
градуса	по	0.169231
градуса	в	0.153846
градуса	на	0.123077
градуса	а	0.061538
градуса	за	0.046154
градуса	и	0.046154
градът	е	0.170213
градът	да	0.106383
градът	беше	0.085106
градът	ни	0.085106
градът	на	0.063830
граждани	и	0.109756
граждани	които	0.079268
граждани	на	0.076220
граждани	са	0.073171
граждани	да	0.064024
граждани	от	0.060976
граждани	в	0.060976
граждани	за	0.027439
граждани	се	0.024390
граждани	с	0.024390
граждани	ще	0.018293
граждани	по	0.018293
граждани	като	0.018293
граждани	но	0.018293
граждани	каза	0.015244
граждани	а	0.015244
граждани	не	0.015244
граждани	през	0.012195
граждани	имат	0.012195
граждани	също	0.009146
граждани	трябва	0.009146
граждани	бяха	0.009146
граждани	че	0.009146
граждани	така	0.009146
граждани	е	0.009146
граница	на	0.163265
граница	с	0.112245
граница	за	0.081633
граница	която	0.071429
граница	и	0.071429
граница	от	0.051020
граница	се	0.030612
граница	не	0.030612
граница	да	0.030612
граница	е	0.030612
граница	в	0.030612
границите	на	0.567901
границите	си	0.074074
границите	и	0.061728
границите	от	0.049383
границите	между	0.037037
графика	с	0.300000
графика	на	0.300000
грешката	на	0.400000
грижат	за	0.956522
грижи	за	0.473684
грижи	и	0.087719
грижи	на	0.052632
грубо	нарушение	0.285714
грубо	от	0.214286
групи	и	0.101124
групи	които	0.084270
групи	от	0.067416
групи	в	0.067416
групи	на	0.061798
групи	с	0.050562
групи	за	0.050562
групи	ще	0.044944
групи	да	0.033708
групи	като	0.033708
групи	са	0.022472
групи	е	0.022472
групи	по	0.022472
групи	се	0.016854
групи	хора	0.016854
губернатор	на	1.000000
губи	пари	0.068182
гърба	на	0.388060
гърба	си	0.238806
гърба	с	0.059701
гърба	и	0.044776
гърба	или	0.044776
гърба	му	0.044776
дава	възможност	0.181452
дава	на	0.052419
дава	и	0.032258
дава	право	0.024194
дава	пари	0.020161
дава	да	0.016129
дава	много	0.016129
дава	повече	0.012097
дава	за	0.012097
дава	информация	0.012097
дава	предимство	0.012097
дава	отговори	0.012097
дава	шанс	0.012097
дава	ли	0.012097
дава	пример	0.012097
дава	отговор	0.012097
дава	достъп	0.012097
дава	пълна	0.012097
дава	резултат	0.012097
дава	подробности	0.012097
дадат	на	0.116883
дадат	възможност	0.051948
дадат	по	0.038961
дай	боже	0.432432
дай	да	0.135135
дайте	ни	0.142857
дайте	да	0.142857
дайте	ми	0.142857
дайте	си	0.142857
дал	на	0.142857
далеч	от	0.444444
далеч	по	0.192593
далеч	не	0.133333
далеч	в	0.037037
далеч	преди	0.037037
далеч	и	0.022222
данните	на	0.271478
данните	от	0.230241
данните	за	0.158076
данните	са	0.068729
данните	показват	0.037801
данните	в	0.034364
данните	които	0.024055
данните	към	0.020619
данните	не	0.017182
данните	се	0.017182
дата	за	0.131944
дата	на	0.097222
дата	са	0.055556
дата	най	0.055556
дата	от	0.048611
дата	в	0.048611
дата	се	0.034722
дата	е	0.027778
дата	през	0.027778
дата	ще	0.027778
дата	след	0.027778
дата	и	0.020833
дата	не	0.020833
даяна	и	0.363636
двамата	са	0.207547
двамата	с	0.075472
двамата	се	0.070755
двамата	не	0.042453
двамата	бяха	0.037736
двамата	да	0.033019
двамата	полицаи	0.023585
двамата	мъже	0.023585
двамата	и	0.018868
двамата	си	0.018868
двамата	били	0.014151
двамата	ще	0.014151
двамата	със	0.014151
двамата	в	0.014151
двамата	братя	0.014151
двамата	напълно	0.014151
двата	отбора	0.160584
двата	края	0.072993
двата	случая	0.065693
двата	вида	0.058394
двата	града	0.051095
двата	най	0.043796
двата	проекта	0.029197
двата	нови	0.021898
двата	дни	0.021898
двата	народа	0.021898
двигател	на	0.296296
двигател	за	0.185185
двойки	които	0.160000
двореца	на	0.565217
де	гол	0.102564
де	ама	0.076923
девет	месеца	0.180000
девет	години	0.140000
девет	дни	0.080000
девет	от	0.060000
девет	са	0.060000
девет	души	0.060000
действа	и	0.117647
действа	като	0.088235
действа	от	0.058824
действа	в	0.058824
действа	по	0.058824
действа	при	0.044118
действа	на	0.044118
действа	до	0.044118
десет	години	0.425926
десет	дни	0.129630
десет	минути	0.074074
десет	пъти	0.064815
десет	души	0.064815
десет	от	0.027778
детайли	по	0.200000
детайли	на	0.111111
детайли	за	0.066667
детайли	и	0.066667
деца	и	0.166265
деца	от	0.086747
деца	на	0.079518
деца	в	0.067470
деца	са	0.053012
деца	с	0.048193
деца	които	0.048193
деца	за	0.019277
деца	да	0.019277
деца	ще	0.019277
деца	до	0.016867
деца	се	0.014458
деца	или	0.014458
деца	над	0.012048
деца	е	0.012048
деца	не	0.012048
деца	по	0.009639
деца	като	0.009639
деца	родени	0.007229
деца	жени	0.007229
деца	а	0.007229
деца	без	0.007229
деца	имат	0.007229
деца	със	0.007229
джи	би	0.555556
директно	от	0.235849
директно	в	0.113208
директно	с	0.075472
директно	да	0.066038
директно	но	0.037736
директно	на	0.037736
директно	ще	0.037736
директно	към	0.028302
добрите	условия	0.085714
добрите	в	0.042857
добрите	млади	0.042857
добрите	сред	0.042857
добрите	им	0.042857
добрите	и	0.042857
добрите	отношения	0.042857
доведе	до	0.848739
доведе	и	0.054622
доволни	от	0.580645
доволни	че	0.096774
договор	с	0.300971
договор	за	0.184466
договор	между	0.033981
договор	и	0.033981
договор	е	0.033981
договор	на	0.029126
договор	от	0.024272
договор	или	0.024272
договор	който	0.024272
договор	със	0.019417
договор	в	0.019417
договор	като	0.014563
договор	да	0.014563
дойде	и	0.103286
дойде	на	0.093897
дойде	в	0.093897
дойде	от	0.065728
дойде	при	0.061033
дойде	време	0.061033
дойде	с	0.037559
дойде	да	0.032864
дойде	времето	0.028169
дойде	след	0.018779
дойде	моментът	0.018779
дойде	някой	0.014085
дойде	малко	0.014085
дойде	промяната	0.014085
дойде	тук	0.014085
дойде	като	0.014085
доказателства	за	0.299145
доказателства	че	0.170940
доказателства	и	0.051282
доказателства	в	0.051282
доказателства	или	0.034188
доказателства	от	0.034188
доказателства	които	0.034188
доказателства	по	0.034188
доказателства	са	0.025641
докладва	на	0.600000
доколкото	знам	0.127273
доколкото	е	0.109091
доколкото	разбрах	0.072727
доколкото	се	0.072727
документи	за	0.207547
документи	и	0.141509
документи	от	0.061321
документи	в	0.056604
документи	които	0.051887
документи	по	0.042453
документи	да	0.023585
документи	като	0.018868
документи	става	0.014151
документи	с	0.014151
документи	се	0.014151
документи	към	0.014151
документи	ще	0.014151
долара	за	0.288630
долара	на	0.090379
долара	в	0.058309
долара	от	0.040816
долара	през	0.034985
долара	и	0.034985
долара	по	0.026239
долара	до	0.023324
долара	като	0.020408
долара	е	0.020408
долара	след	0.017493
долара	годишно	0.017493
долара	са	0.017493
долара	с	0.017493
долара	а	0.014577
долара	или	0.011662
долара	беше	0.011662
долара	който	0.011662
долара	под	0.011662
долара	миналата	0.008746
долара	което	0.008746
долара	съобщи	0.008746
долара	заради	0.008746
долара	но	0.008746
долара	ще	0.008746
долара	които	0.008746
долара	помощ	0.008746
долара	при	0.008746
долара	докато	0.008746
долината	на	0.500000
долу	в	0.100000
домовете	си	0.509434
домовете	на	0.169811
домовете	които	0.056604
допусна	че	0.285714
допълнително	да	0.097826
допълнително	ще	0.076087
допълнително	за	0.054348
допълнително	от	0.032609
допълнително	средства	0.032609
допълнително	проучване	0.032609
досега	не	0.114754
досега	са	0.114754
досега	в	0.061475
досега	е	0.053279
досега	на	0.028689
досега	това	0.024590
досега	беше	0.024590
досега	за	0.024590
досега	да	0.020492
досега	никога	0.020492
досега	от	0.020492
досега	и	0.016393
досега	след	0.012295
досега	нямаше	0.012295
досега	се	0.012295
досега	никой	0.012295
досега	само	0.012295
досега	сме	0.012295
досега	тя	0.012295
досега	по	0.012295
досега	над	0.012295
доставя	газ	0.227273
доставя	на	0.136364
доставя	оръжия	0.090909
доставя	оръжие	0.068182
доставя	и	0.068182
доставя	около	0.068182
достатъчни	за	0.666667
дотогава	ще	0.115385
дошла	в	0.200000
дошла	да	0.150000
др	но	0.085106
др	в	0.063830
др	които	0.063830
драма	в	0.307692
дроб	и	0.500000
друга	страна	0.250000
друга	причина	0.046667
друга	държава	0.033333
друга	партия	0.033333
друга	тема	0.030000
друга	жена	0.026667
друга	важна	0.026667
друга	посока	0.023333
друга	по	0.023333
друга	част	0.020000
друга	не	0.016667
друга	ще	0.016667
друга	възможност	0.013333
друга	работа	0.013333
друга	в	0.013333
друга	банка	0.010000
друга	да	0.010000
друга	идея	0.010000
друга	помощ	0.010000
друга	кола	0.010000
друга	форма	0.010000
друга	гледна	0.010000
друга	заповед	0.010000
другаде	да	0.250000
другия	край	0.159091
другия	ден	0.090909
другия	месец	0.068182
другия	водач	0.068182
другия	автомобил	0.068182
друго	е	0.063025
друго	освен	0.058824
друго	място	0.054622
друго	да	0.042017
друго	не	0.037815
друго	решение	0.037815
друго	престъпление	0.033613
друго	и	0.029412
друго	но	0.029412
друго	а	0.029412
друго	лице	0.021008
друго	няма	0.021008
друго	предложение	0.016807
друго	нещо	0.016807
друго	ще	0.012605
друго	си	0.012605
друго	за	0.012605
друго	че	0.012605
думи	на	0.128205
думи	които	0.038462
думи	за	0.038462
думи	са	0.032051
думи	да	0.032051
думи	и	0.032051
думи	в	0.032051
думи	но	0.025641
думи	това	0.025641
думи	от	0.025641
думи	е	0.025641
думи	към	0.025641
думи	не	0.025641
думи	се	0.019231
дух	и	0.400000
дух	на	0.257143
душ	и	0.500000
дълг	на	0.151515
дълг	и	0.121212
дълг	от	0.101010
дълг	е	0.080808
дълг	към	0.060606
дълг	в	0.060606
дълг	през	0.030303
дълг	за	0.030303
дълг	да	0.030303
дълг	след	0.030303
дълг	който	0.030303
дълга	на	0.106383
дълга	си	0.085106
дълга	и	0.063830
дълги	години	0.820000
дълги	и	0.060000
дълго	време	0.420765
дълго	ще	0.060109
дълго	и	0.032787
дълго	е	0.032787
дълго	от	0.032787
дълго	не	0.027322
дълго	може	0.021858
дълго	за	0.016393
дълго	след	0.016393
дълго	в	0.016393
дълго	оръжие	0.016393
дълъг	период	0.253521
дълъг	и	0.169014
дълъг	живот	0.098592
дълъг	път	0.098592
дълъг	процес	0.084507
дълъг	срок	0.070423
дълъг	от	0.042254
дъното	на	0.571429
дървета	и	0.238095
дървета	са	0.142857
дървета	в	0.095238
дървета	на	0.071429
дървото	на	0.300000
държава	и	0.130435
държава	в	0.086957
държава	която	0.074534
държава	е	0.059006
държава	да	0.049689
държава	на	0.046584
държава	с	0.034161
държава	за	0.031056
държава	не	0.024845
държава	като	0.024845
държава	няма	0.021739
държава	се	0.018634
държава	а	0.018634
държава	но	0.018634
държава	по	0.018634
държава	от	0.018634
държава	без	0.012422
държава	трябва	0.009317
държава	бе	0.009317
държава	през	0.009317
държат	като	0.166667
държат	от	0.119048
държат	в	0.071429
държи	като	0.141176
държи	на	0.070588
държи	в	0.058824
държи	от	0.047059
държи	по	0.035294
държи	и	0.035294
дъщерята	на	0.818182
е	да	0.045086
е	че	0.043537
е	на	0.032588
е	бил	0.028715
е	по	0.022672
е	най	0.019470
е	била	0.019057
е	много	0.017972
е	от	0.017043
е	за	0.013634
е	било	0.012395
е	имало	0.012033
е	възможно	0.010174
е	ясно	0.009348
е	един	0.009090
е	част	0.008986
е	само	0.008263
е	една	0.007282
е	важно	0.007282
е	необходимо	0.006404
е	около	0.005784
е	така	0.005423
е	толкова	0.005371
е	добре	0.005010
е	като	0.004751
е	това	0.004596
е	сред	0.004390
е	изключително	0.004390
е	под	0.004338
е	станал	0.004080
е	доста	0.003977
е	нещо	0.003667
е	достатъчно	0.003563
е	не	0.003460
е	известно	0.003357
е	още	0.003254
е	нужно	0.003254
е	готова	0.003202
е	напълно	0.003202
е	имал	0.003099
египет	и	0.350000
еди	кой	0.428571
единствената	възможност	0.104478
единствената	цел	0.104478
единствената	страна	0.089552
единствената	причина	0.074627
единствената	държава	0.059701
единствената	компания	0.044776
единствената	която	0.044776
единствената	си	0.044776
единственият	начин	0.210526
единственият	проблем	0.065789
единственият	изход	0.052632
единственият	вариант	0.052632
единственият	кандидат	0.039474
единственият	сигурен	0.039474
единственият	път	0.039474
единственото	което	0.385714
единственото	нещо	0.085714
единственото	си	0.057143
единственото	място	0.057143
единственото	изключение	0.042857
единственото	условие	0.042857
език	и	0.317460
език	на	0.087302
език	в	0.087302
език	е	0.055556
език	който	0.047619
език	от	0.023810
език	както	0.023810
език	не	0.023810
езика	на	0.333333
езика	си	0.133333
езика	и	0.100000
екип	на	0.301775
екип	от	0.201183
екип	в	0.047337
екип	и	0.047337
екип	е	0.047337
екип	който	0.035503
екип	с	0.035503
екип	за	0.029586
екип	ще	0.017751
екипа	на	0.486957
екипа	си	0.069565
екипа	му	0.052174
екипа	от	0.034783
екипа	който	0.034783
екипа	и	0.026087
екипа	са	0.026087
екипа	ще	0.026087
екипи	на	0.525641
екипи	които	0.089744
екипи	от	0.076923
екипи	за	0.076923
екипи	и	0.038462
експлозия	на	0.428571
енергията	на	0.164384
енергията	и	0.123288
енергията	в	0.068493
енергията	ще	0.054795
енергията	от	0.041096
енергията	която	0.041096
ефект	върху	0.178947
ефект	от	0.168421
ефект	на	0.094737
ефект	за	0.084211
ефект	и	0.063158
ефект	е	0.052632
ефект	в	0.031579
ефект	се	0.031579
жан	люк	0.300000
жан	мари	0.300000
желае	да	0.527778
желае	и	0.111111
жена	която	0.121849
жена	на	0.079832
жена	е	0.063025
жена	в	0.058824
жена	му	0.054622
жена	и	0.054622
жена	от	0.050420
жена	ми	0.042017
жена	с	0.037815
жена	си	0.029412
жена	са	0.025210
жена	се	0.021008
жена	за	0.016807
жена	до	0.012605
жена	а	0.012605
жена	които	0.012605
жена	да	0.012605
жените	в	0.134615
жените	са	0.076923
жените	и	0.067308
жените	които	0.057692
жените	не	0.057692
жените	с	0.048077
жените	на	0.048077
жените	да	0.038462
жените	от	0.038462
жените	е	0.028846
жените	си	0.028846
жените	се	0.028846
жертвата	е	0.185185
жертвата	на	0.148148
жертвата	и	0.148148
жертвите	на	0.285714
жертвите	са	0.200000
жертвите	и	0.042857
жертвите	от	0.042857
жертвите	в	0.042857
жест	към	0.230769
живееше	в	0.444444
живея	в	0.320000
животните	и	0.187500
животните	са	0.156250
живяла	в	0.363636
жилище	в	0.322581
забави	до	0.200000
забравили	да	0.272727
забравя	и	0.235294
забравя	че	0.176471
забравят	че	0.363636
зависи	от	0.619048
зависи	и	0.047619
зависи	дали	0.040816
зависи	какво	0.027211
зависи	да	0.020408
зависи	в	0.020408
зависи	как	0.020408
загубата	на	0.611111
загубата	от	0.111111
загубата	с	0.111111
задържан	за	0.242424
задържан	от	0.111111
задържан	годишен	0.111111
задържан	в	0.101010
задържан	с	0.080808
задържан	и	0.040404
задържи	предимно	0.136364
заедно	с	0.596591
заедно	със	0.109848
заедно	да	0.032197
заедно	за	0.030303
заедно	в	0.030303
заедно	и	0.018939
заедно	на	0.017045
заедно	ще	0.015152
заедно	от	0.011364
заедно	се	0.009470
заедно	защото	0.007576
заедно	можем	0.007576
заедно	са	0.005682
заедно	през	0.005682
заедно	сме	0.005682
заедно	като	0.005682
заема	позиция	0.066667
заема	от	0.066667
заема	различни	0.066667
заети	в	0.300000
заети	на	0.150000
закъсня	и	0.750000
зала	на	0.321429
зала	в	0.100000
зала	за	0.064286
зала	и	0.050000
зала	запад	0.028571
зала	септември	0.028571
зала	срещу	0.021429
зала	но	0.021429
залез	слънце	0.750000
занимаваш	с	0.600000
запази	и	0.113636
запази	мълчание	0.090909
запази	поста	0.068182
запис	на	0.392857
запис	от	0.285714
запис	с	0.107143
записа	на	0.115385
заплатата	на	0.400000
заплахи	за	0.226415
заплахи	и	0.113208
заплахи	от	0.075472
заплахи	срещу	0.056604
заплаши	че	0.500000
заподозрени	за	0.166667
заподозрени	в	0.166667
започнал	да	0.575000
започнала	да	0.318182
започнала	проверка	0.068182
започнали	да	0.433333
започнали	работа	0.083333
започнали	с	0.066667
започнали	на	0.050000
започнали	като	0.050000
започнат	да	0.500000
започнат	работа	0.048077
започнат	преговори	0.048077
започнат	след	0.038462
започнат	с	0.038462
започнат	нова	0.028846
започнах	да	0.733333
започнаха	да	0.639640
започнаха	с	0.045045
започнаха	и	0.045045
започне	да	0.333333
започне	в	0.078431
започне	с	0.058824
започне	и	0.049020
започне	от	0.044118
започне	преговори	0.034314
започне	през	0.024510
започне	на	0.019608
започне	война	0.019608
започне	разговори	0.019608
започне	отначало	0.014706
започне	след	0.014706
започнем	да	0.405405
започнем	работа	0.081081
заради	това	0.134301
заради	войната	0.088929
заради	по	0.032668
заради	липса	0.023593
заради	липсата	0.023593
заради	което	0.023593
заради	която	0.014519
заради	които	0.012704
заради	такива	0.010889
заради	който	0.010889
заради	ситуацията	0.010889
заради	решението	0.009074
заради	неговата	0.009074
заради	всичко	0.009074
заради	военните	0.009074
заради	него	0.007260
заради	проблемите	0.007260
заради	цената	0.007260
заради	участието	0.007260
заради	неправилно	0.007260
заради	лошото	0.007260
заради	няколко	0.007260
заради	пожар	0.007260
заради	дългове	0.007260
заради	отказа	0.007260
заради	тези	0.007260
заради	този	0.007260
заради	опита	0.005445
заради	смъртта	0.005445
заради	една	0.005445
заради	големите	0.005445
заради	нея	0.005445
заради	действията	0.005445
заради	начина	0.005445
заради	подкрепата	0.005445
заради	спор	0.005445
заради	тази	0.005445
заради	голямото	0.005445
заради	любовта	0.005445
заради	проблеми	0.005445
заслужават	да	0.285714
засяга	всички	0.161290
засяга	само	0.096774
засяга	и	0.096774
затворена	за	0.250000
затворени	и	0.190476
затворени	за	0.142857
защити	хората	0.085714
защо	не	0.134409
защо	се	0.064516
защо	да	0.057348
защо	е	0.057348
защо	в	0.028674
защо	са	0.021505
защо	трябва	0.019713
защо	го	0.016129
защо	тогава	0.016129
защо	и	0.014337
защо	на	0.012545
защо	това	0.012545
защо	така	0.012545
защо	само	0.010753
защо	точно	0.010753
защо	хората	0.010753
защо	господин	0.010753
защо	си	0.008961
защо	те	0.008961
защо	сега	0.008961
защо	все	0.008961
защо	ли	0.008961
защо	няма	0.008961
защо	никой	0.007168
защо	прокуратурата	0.007168
защо	сащ	0.007168
защо	при	0.007168
защо	според	0.007168
защо	от	0.007168
защо	днес	0.007168
защо	сте	0.007168
защо	но	0.007168
защо	за	0.005376
защо	тези	0.005376
защо	ме	0.005376
защо	ви	0.005376
защо	той	0.005376
защо	всеки	0.005376
защо	всички	0.005376
защо	ги	0.005376
звездите	в	0.259259
звездите	на	0.185185
звездите	и	0.111111
здрави	и	0.357143
здрави	деца	0.071429
здрави	хора	0.071429
зелена	енергия	0.275862
зелена	светлина	0.241379
зелена	и	0.068966
зелена	зона	0.068966
зелена	сделка	0.068966
зеленчуци	и	0.166667
зеленчуци	през	0.083333
земи	в	0.136364
земи	и	0.090909
земята	и	0.112500
земята	на	0.075000
земята	като	0.062500
земята	в	0.050000
земята	ще	0.037500
земята	е	0.037500
зимата	и	0.094595
зимата	е	0.081081
зимата	когато	0.067568
зимата	а	0.067568
зимата	на	0.054054
зимата	или	0.040541
зимата	да	0.040541
зимата	ще	0.040541
златен	медал	0.529412
знаейки	че	0.666667
знаех	че	0.615385
знам	че	0.186957
знам	дали	0.121739
знам	защо	0.091304
знам	какво	0.078261
знам	как	0.078261
знам	за	0.043478
знам	кой	0.039130
знам	колко	0.030435
знам	и	0.021739
знам	от	0.021739
знам	само	0.017391
знам	но	0.017391
знам	на	0.017391
знам	този	0.013043
знам	да	0.013043
знам	не	0.013043
знам	в	0.013043
значение	за	0.290698
значение	дали	0.063953
значение	на	0.046512
значение	е	0.046512
значение	и	0.040698
значение	в	0.040698
значение	има	0.034884
значение	ще	0.029070
значение	от	0.023256
значение	кой	0.023256
значение	но	0.017442
значение	да	0.017442
значение	какъв	0.017442
значение	защото	0.017442
значение	имат	0.017442
значение	когато	0.017442
значение	колко	0.017442
значи	че	0.214286
значи	да	0.063492
значи	не	0.055556
значи	е	0.047619
значи	това	0.039683
значи	вие	0.023810
значи	и	0.023810
значи	са	0.023810
зона	на	0.203883
зона	за	0.116505
зона	в	0.097087
зона	и	0.077670
зона	с	0.038835
зона	по	0.038835
зона	около	0.029126
зона	от	0.029126
зона	където	0.029126
зона	ще	0.029126
зъби	и	0.625000
иван	и	0.222222
иван	е	0.185185
играете	на	0.333333
играете	в	0.250000
играчки	за	0.300000
идва	от	0.262136
идва	и	0.072816
идва	на	0.063107
идва	след	0.058252
идва	в	0.058252
идва	по	0.029126
идва	за	0.029126
идва	с	0.024272
идва	при	0.024272
идва	само	0.019417
идва	време	0.014563
идва	ден	0.014563
идва	със	0.014563
иде	реч	0.375000
иде	да	0.187500
идеите	си	0.205128
идеите	за	0.179487
идеите	на	0.179487
идеите	и	0.076923
идеите	му	0.076923
идиоти	за	0.214286
избора	на	0.625000
избора	му	0.055556
избора	си	0.055556
избора	в	0.041667
избори	през	0.108626
избори	в	0.102236
избори	и	0.067093
избори	за	0.060703
избори	на	0.054313
избори	които	0.035144
избори	ще	0.028754
избори	а	0.028754
избори	да	0.022364
избори	няма	0.019169
избори	с	0.019169
избори	от	0.019169
избори	като	0.019169
избори	е	0.019169
избори	или	0.015974
избори	са	0.015974
избори	това	0.012780
избори	се	0.012780
избори	но	0.012780
избори	защото	0.012780
избори	сега	0.009585
избори	отново	0.009585
избори	вече	0.009585
избори	трябва	0.009585
избори	всеки	0.009585
избра	да	0.190476
избран	за	0.340659
избран	от	0.109890
избран	председател	0.054945
избран	на	0.043956
избран	е	0.043956
избран	с	0.043956
избран	нов	0.032967
избран	кандидат	0.032967
избран	и	0.032967
избрах	да	1.000000
известни	като	0.163934
известни	с	0.098361
известни	на	0.081967
известни	и	0.049180
известно	време	0.242938
известно	че	0.124294
известно	е	0.084746
известно	от	0.056497
известно	като	0.045198
известно	дали	0.039548
известно	и	0.028249
известно	количество	0.022599
известно	да	0.022599
известно	как	0.016949
известно	колко	0.016949
известно	на	0.016949
издаде	заповед	0.272727
изключително	важно	0.100000
изключително	много	0.068182
изключително	важни	0.045455
изключително	важен	0.031818
изключително	бързо	0.027273
изключително	трудно	0.027273
изключително	добре	0.022727
изключително	тежко	0.018182
изключително	значение	0.018182
изключително	рядко	0.018182
изключително	добър	0.018182
изключително	опасен	0.013636
изключително	полезен	0.013636
изключително	голяма	0.013636
изключително	важна	0.013636
изключително	силни	0.013636
изключително	силно	0.013636
изключително	високи	0.013636
изключително	тежка	0.013636
изключително	в	0.013636
излезе	с	0.209302
излезе	от	0.186047
излезе	на	0.098837
излезе	и	0.046512
излезе	че	0.040698
излезе	в	0.040698
излезе	със	0.023256
излезе	сам	0.017442
излезе	да	0.017442
излезе	пред	0.017442
излезе	извън	0.017442
излязла	от	0.571429
измама	в	0.130435
измама	за	0.130435
изпитание	за	0.294118
използван	за	0.476190
използван	от	0.190476
използван	в	0.142857
използват	за	0.225000
използват	в	0.056250
използват	като	0.037500
използват	и	0.037500
използват	различни	0.025000
използват	по	0.025000
използват	на	0.025000
използват	във	0.018750
изпрати	в	0.100000
изпрати	на	0.090000
изпрати	войски	0.050000
изпрати	до	0.050000
изпрати	и	0.040000
изпрати	топката	0.030000
изпрати	военна	0.030000
изпрати	въпроси	0.030000
изпрати	сигнал	0.030000
източника	на	0.500000
изчезна	от	0.266667
или	да	0.071741
или	не	0.043745
или	с	0.038495
или	на	0.034558
или	в	0.027122
или	по	0.026247
или	от	0.025372
или	ще	0.023185
или	за	0.021435
или	се	0.018810
или	пък	0.017935
или	иначе	0.017498
или	дори	0.016623
или	поне	0.013998
или	са	0.013123
или	просто	0.012686
или	друг	0.010499
или	е	0.009624
или	други	0.008749
или	повече	0.008749
или	друга	0.008311
или	късно	0.008311
или	че	0.007874
или	ако	0.006562
или	няма	0.006562
или	нещо	0.005687
или	друго	0.005687
или	около	0.005249
или	има	0.005249
или	три	0.005249
или	вече	0.005249
или	някой	0.004812
или	само	0.004812
или	много	0.004812
или	до	0.004374
или	си	0.004374
или	най	0.003937
или	без	0.003937
или	след	0.003500
или	към	0.003500
им	е	0.114596
им	се	0.094089
им	са	0.031363
им	в	0.028347
им	за	0.025935
им	да	0.021713
им	ще	0.019903
им	от	0.018094
им	не	0.016888
им	и	0.016888
им	на	0.016888
им	с	0.013269
им	дава	0.007841
им	го	0.007841
им	бъде	0.007841
им	по	0.007238
им	трябва	0.006634
им	до	0.006031
им	беше	0.006031
им	няма	0.005428
им	през	0.005428
им	обаче	0.005428
им	към	0.005428
им	трябват	0.005428
им	били	0.004825
им	пука	0.004825
им	пречи	0.004825
им	вече	0.004222
им	даде	0.004222
им	като	0.004222
им	стойност	0.004222
им	благодаря	0.004222
им	помага	0.004222
им	помогне	0.004222
им	във	0.004222
им	при	0.003619
им	бе	0.003619
им	бъдат	0.003619
им	дойде	0.003619
им	състояние	0.003619
има	и	0.091695
има	такъв	0.049777
има	много	0.036416
има	ли	0.033796
има	нужда	0.024889
има	за	0.017815
има	още	0.016243
има	в	0.015719
има	по	0.014147
има	възможност	0.012313
има	само	0.012313
има	повече	0.011265
има	право	0.009693
има	достатъчно	0.009431
има	хора	0.008908
има	един	0.008908
има	нещо	0.008646
има	няколко	0.008646
има	над	0.008122
има	такива	0.008122
има	най	0.007860
има	предвид	0.007598
има	една	0.007074
има	доста	0.006812
има	проблем	0.006550
има	данни	0.006288
има	риск	0.006026
има	два	0.006026
има	две	0.005764
има	едно	0.005240
има	шанс	0.004978
има	такава	0.004716
има	проблеми	0.004716
има	поне	0.004716
има	нови	0.004716
има	опасност	0.004454
има	около	0.004454
има	смисъл	0.004192
има	голям	0.003930
има	правителство	0.003930
имайки	предвид	0.931034
имала	и	0.081633
имам	предвид	0.083916
имам	и	0.069930
имам	чувството	0.034965
имам	усещането	0.027972
имам	една	0.020979
имам	повече	0.020979
имам	късмет	0.020979
имам	само	0.020979
имам	много	0.020979
имах	предвид	0.093023
имах	възможност	0.069767
имах	възможността	0.069767
имаха	възможност	0.187500
имаха	и	0.104167
имейл	до	0.214286
интервю	за	0.614458
интервю	с	0.078313
интервю	пред	0.066265
интервю	в	0.042169
интервю	на	0.036145
интервю	и	0.036145
интервю	по	0.018072
интервю	лице	0.018072
интервю	че	0.018072
интересен	и	0.205882
интересен	начин	0.088235
интереси	и	0.200000
интереси	на	0.157895
интереси	в	0.052632
интереси	а	0.052632
интереси	за	0.042105
интереси	са	0.031579
интереси	при	0.031579
интереси	не	0.031579
интересна	и	0.190476
информация	за	0.309061
информация	на	0.134304
информация	от	0.074434
информация	и	0.069579
информация	че	0.048544
информация	която	0.032362
информация	е	0.024272
информация	по	0.022654
информация	в	0.019417
информация	не	0.016181
информация	ще	0.014563
информация	се	0.014563
информация	относно	0.009709
информация	дали	0.008091
информация	във	0.008091
информация	с	0.008091
информация	да	0.008091
информация	към	0.006472
информация	какво	0.006472
информация	но	0.004854
информация	или	0.004854
информация	какви	0.004854
информация	как	0.004854
информация	кога	0.004854
информация	около	0.004854
информация	вече	0.004854
информация	има	0.004854
информация	защото	0.004854
искали	да	0.720930
искам	да	0.734597
искам	бебе	0.023697
искам	по	0.014218
искам	нещо	0.014218
искам	още	0.014218
искам	и	0.014218
искаме	да	0.616766
искаме	това	0.023952
искаме	и	0.017964
искаме	ли	0.017964
искаш	да	0.452830
искаш	ли	0.132075
истинската	причина	0.225806
истинската	история	0.129032
история	на	0.194444
история	и	0.111111
история	за	0.083333
история	е	0.048611
история	с	0.048611
история	от	0.041667
история	която	0.041667
история	в	0.034722
история	каза	0.020833
история	или	0.020833
история	са	0.020833
кажа	че	0.452055
кажа	на	0.047945
кажа	и	0.027397
кажем	че	0.351351
кажем	да	0.081081
кажем	на	0.054054
кажем	не	0.054054
кажете	че	0.289474
кажете	за	0.078947
казал	че	0.422680
казал	на	0.144330
казвам	че	0.197183
казвам	това	0.056338
казвам	се	0.056338
казвам	го	0.056338
казвам	но	0.042254
казвам	каква	0.042254
казваше	че	0.235294
как	да	0.305851
как	се	0.111037
как	ще	0.084441
как	е	0.036569
как	може	0.021941
как	са	0.017287
как	и	0.017287
как	точно	0.015957
как	това	0.012633
как	така	0.011968
как	в	0.011303
как	си	0.010638
как	трябва	0.009973
как	би	0.007979
как	с	0.007314
как	могат	0.006649
как	не	0.006649
как	изглежда	0.006649
как	го	0.005984
как	за	0.005319
как	можем	0.005319
как	един	0.005319
как	ги	0.005319
как	пък	0.005319
как	тези	0.004654
как	хората	0.003989
как	всички	0.003989
как	стана	0.003324
как	през	0.003324
как	те	0.003324
как	от	0.003324
как	работят	0.003324
как	по	0.003324
как	на	0.003324
как	някой	0.002660
как	всъщност	0.002660
как	действа	0.002660
как	изглеждат	0.002660
как	няма	0.002660
как	става	0.002660
какъвто	и	0.320000
какъвто	е	0.240000
какъвто	не	0.053333
какъвто	беше	0.040000
камера	на	0.250000
камион	на	0.166667
камион	се	0.125000
камиона	с	0.173913
камиона	в	0.130435
камък	в	0.259259
кандидат	за	0.521739
кандидат	на	0.108696
кандидат	не	0.032609
кандидат	и	0.032609
карат	с	0.139535
карат	да	0.139535
карат	без	0.069767
кариерата	си	0.654545
кариерата	на	0.109091
кариерата	му	0.090909
карта	на	0.151515
карта	за	0.121212
карта	с	0.060606
карта	в	0.060606
карта	която	0.060606
картината	е	0.300000
картината	в	0.250000
картината	на	0.200000
картичка	на	1.000000
кауза	и	0.241379
кауза	която	0.103448
качества	и	0.250000
качества	на	0.187500
качества	които	0.093750
кво	стана	0.181818
кво	да	0.181818
кво	става	0.136364
кери	в	0.750000
китай	и	0.117886
китай	е	0.081301
китай	да	0.052846
китай	се	0.048780
китай	ще	0.048780
китай	за	0.036585
китай	не	0.032520
китай	в	0.032520
китай	от	0.024390
китай	са	0.024390
китай	по	0.020325
китай	които	0.016260
китай	има	0.016260
китай	като	0.016260
китай	индия	0.016260
китай	няма	0.012195
китай	русия	0.012195
китай	но	0.012195
китай	беше	0.012195
китай	започва	0.012195
клиентът	му	0.214286
клиника	в	0.352941
клиника	са	0.176471
клиника	по	0.176471
клиниката	по	0.687500
км	от	0.184358
км	ч	0.178771
км	в	0.078212
км	до	0.072626
км	на	0.067039
км	се	0.039106
км	и	0.033520
км	са	0.022346
км	час	0.022346
км	преди	0.022346
книги	и	0.189655
книги	за	0.172414
книги	от	0.137931
книги	с	0.051724
книги	които	0.051724
кога	ще	0.350000
кога	е	0.072222
кога	и	0.066667
кога	да	0.061111
кога	точно	0.033333
кога	са	0.022222
кога	се	0.022222
кога	може	0.016667
когото	и	0.112360
когото	се	0.112360
когото	са	0.089888
когото	да	0.078652
когото	е	0.056180
когото	ще	0.044944
когото	трябва	0.044944
когото	в	0.044944
което	е	0.149047
което	се	0.101560
което	ще	0.056499
което	да	0.039515
което	не	0.034315
което	може	0.022877
което	означава	0.021144
което	са	0.016638
което	трябва	0.014905
което	беше	0.013172
което	прави	0.010745
което	в	0.010052
което	той	0.009359
което	ни	0.007626
което	бе	0.007626
което	го	0.007279
което	би	0.007279
което	няма	0.006932
което	сме	0.006586
което	от	0.006239
което	на	0.006239
което	също	0.005893
което	има	0.005893
което	и	0.005893
което	по	0.005893
което	води	0.005546
което	те	0.005546
което	вече	0.005546
което	можем	0.005199
което	ги	0.005199
което	представлява	0.005199
което	според	0.005199
което	доведе	0.004853
което	пък	0.004853
което	за	0.004506
което	ние	0.004506
което	им	0.004506
което	му	0.004506
което	показва	0.004506
което	най	0.004159
който	е	0.141981
който	се	0.099663
който	да	0.058878
който	ще	0.045692
който	не	0.030665
който	има	0.025146
който	беше	0.022999
който	може	0.017479
който	в	0.016866
който	трябва	0.011960
който	бе	0.011040
който	също	0.010120
който	го	0.008893
който	са	0.008893
който	и	0.008893
който	от	0.007973
който	през	0.007666
който	вече	0.007666
който	по	0.007053
който	си	0.007053
който	той	0.007053
който	иска	0.007053
който	на	0.005520
който	според	0.005520
който	ние	0.004906
който	няма	0.004906
който	би	0.004906
който	обаче	0.004600
който	работи	0.004600
който	му	0.004293
който	след	0.004293
който	тя	0.003987
който	живее	0.003987
който	дава	0.003987
който	ни	0.003680
който	твърди	0.003680
който	за	0.003680
който	ги	0.003680
който	все	0.003373
който	те	0.003373
кола	се	0.093333
кола	на	0.080000
кола	с	0.080000
кола	в	0.080000
кола	и	0.066667
кола	която	0.053333
кола	да	0.053333
кола	е	0.040000
колеги	от	0.166667
колеги	в	0.078947
колеги	и	0.078947
колеги	които	0.061404
колеги	да	0.052632
колеги	са	0.052632
колеги	на	0.035088
колеги	не	0.026316
колеги	че	0.026316
колеги	като	0.026316
колите	си	0.153846
колите	и	0.076923
колите	е	0.076923
колите	са	0.076923
количество	на	0.085714
количество	за	0.057143
количество	ток	0.057143
количество	от	0.057143
количество	е	0.042857
количество	вода	0.042857
колкото	и	0.222973
колкото	по	0.094595
колкото	е	0.074324
колкото	повече	0.070946
колкото	се	0.060811
колкото	до	0.037162
колкото	може	0.030405
колкото	да	0.027027
колкото	си	0.027027
колкото	за	0.023649
колкото	в	0.020270
колкото	са	0.013514
колкото	можем	0.013514
колкото	знам	0.010135
колкото	заради	0.010135
колкото	искат	0.010135
колкото	не	0.010135
комбинация	от	0.500000
комбинация	с	0.229167
комбинация	между	0.083333
комисар	на	0.269231
комисар	по	0.230769
компании	в	0.147260
компании	които	0.140411
компании	и	0.068493
компании	да	0.054795
компании	от	0.051370
компании	като	0.037671
компании	се	0.037671
компании	са	0.037671
компании	за	0.037671
компании	с	0.034247
компании	на	0.027397
компании	но	0.017123
компании	ще	0.013699
компании	могат	0.013699
компании	също	0.010274
компании	чиито	0.010274
компании	че	0.010274
компании	както	0.010274
компании	не	0.010274
компании	а	0.010274
компанията	е	0.141361
компанията	на	0.054974
компанията	в	0.052356
компанията	да	0.044503
компанията	за	0.041885
компанията	са	0.034031
компанията	която	0.034031
компанията	не	0.031414
компанията	се	0.028796
компанията	майка	0.023560
компанията	има	0.020942
компанията	обяви	0.020942
компанията	също	0.018325
компанията	ще	0.018325
компанията	вече	0.015707
компанията	и	0.013089
компанията	от	0.010471
компанията	прави	0.010471
компанията	през	0.010471
компанията	си	0.010471
компанията	му	0.010471
компанията	започва	0.007853
компанията	работи	0.007853
компанията	беше	0.007853
компанията	обаче	0.007853
компанията	предлага	0.007853
контрол	на	0.227891
контрол	върху	0.132653
контрол	и	0.115646
контрол	над	0.091837
контрол	в	0.061224
контрол	от	0.047619
контрол	по	0.030612
контрол	за	0.030612
контрол	са	0.023810
контрол	при	0.020408
контрол	се	0.013605
контрол	като	0.013605
контрол	да	0.013605
контрол	но	0.010204
контролират	от	0.185185
кораба	на	0.166667
кораба	са	0.083333
корабът	е	0.428571
кошмар	за	0.444444
крайна	сметка	0.894737
крайна	мярка	0.035088
крайна	точка	0.017544
крака	на	0.242424
крака	и	0.151515
кралица	елизабет	0.743590
красиви	и	0.277778
кратък	срок	0.428571
кратък	период	0.285714
края	на	0.955504
края	си	0.009368
края	и	0.005855
краят	на	0.743590
краят	му	0.076923
кръвта	на	0.307692
кръвта	която	0.115385
кръг	на	0.317308
кръг	от	0.182692
кръг	в	0.144231
кръг	за	0.067308
кръг	около	0.028846
кръст	и	0.200000
курс	на	0.294118
курс	за	0.117647
курс	по	0.098039
курс	към	0.058824
курс	и	0.058824
курс	в	0.058824
куче	се	0.100000
куче	на	0.100000
куче	в	0.100000
ла	лига	0.800000
лаборатория	за	0.142857
лаборатория	на	0.142857
лагера	на	0.368421
лагера	в	0.315789
лекар	в	0.142857
лекар	и	0.114286
лекар	който	0.071429
лекар	на	0.071429
лекар	се	0.042857
лекар	да	0.042857
лекар	е	0.042857
лекар	или	0.042857
лекарства	и	0.172414
лекарства	които	0.120690
лекарства	за	0.103448
лекарства	от	0.103448
лекарства	в	0.051724
лекарства	на	0.051724
леко	и	0.144928
леко	се	0.101449
леко	да	0.072464
леко	но	0.057971
лента	и	0.206897
лента	на	0.137931
лента	поради	0.137931
лесно	да	0.222222
лесно	и	0.087719
лесно	може	0.076023
лесно	е	0.076023
лесно	ще	0.040936
лесно	се	0.040936
лесно	за	0.040936
лесно	но	0.040936
лесно	от	0.035088
лесно	в	0.023392
лесно	на	0.017544
лесно	могат	0.017544
лига	на	0.181818
лига	и	0.106061
лига	ще	0.090909
лига	европа	0.060606
лига	като	0.045455
линията	на	0.540541
лири	за	0.307692
лист	и	0.230769
листа	на	0.270270
листа	и	0.108108
листа	в	0.081081
лицата	които	0.224490
лицата	на	0.122449
лицата	със	0.081633
лицата	с	0.081633
лицата	им	0.061224
лична	карта	0.200000
лична	отговорност	0.114286
лична	позиция	0.085714
лична	среща	0.085714
личната	си	0.312500
личната	карта	0.187500
логика	и	0.142857
лойд	остин	0.687500
лос	анджелис	1.000000
лошото	е	0.391304
лошото	време	0.086957
лошото	което	0.065217
лъжите	които	0.181818
лъжите	в	0.181818
лъжите	и	0.136364
лъжите	на	0.136364
любимец	на	0.250000
любимите	си	0.347826
любимите	на	0.217391
любовта	към	0.111111
любовта	си	0.111111
любовта	и	0.095238
любовта	на	0.063492
любовта	е	0.063492
магазина	в	0.142857
магазина	за	0.114286
магазина	на	0.114286
магазина	си	0.085714
магията	на	1.000000
майка	си	0.192090
майка	ми	0.118644
майка	на	0.112994
майка	му	0.107345
майка	и	0.090395
майка	й	0.050847
майка	която	0.028249
майка	а	0.022599
майка	ѝ	0.022599
майка	от	0.022599
майка	с	0.022599
майка	е	0.022599
макс	спорт	0.500000
малките	и	0.263158
малките	деца	0.157895
малките	детайли	0.039474
масата	за	0.175439
масата	и	0.140351
масата	на	0.122807
масата	с	0.070175
материал	за	0.127660
материал	от	0.106383
материал	който	0.106383
материал	ще	0.063830
материал	по	0.063830
материал	е	0.063830
мафията	не	0.137931
мафията	си	0.137931
мафията	и	0.137931
мафията	на	0.103448
машина	за	0.146341
машина	е	0.121951
машина	или	0.073171
машина	и	0.073171
машина	на	0.073171
маями	и	0.600000
между	и	0.259768
между	двете	0.092925
между	русия	0.039071
между	тях	0.039071
между	другото	0.029567
между	двамата	0.019007
между	първо	0.019007
между	двата	0.017951
между	с	0.015839
между	които	0.015839
между	две	0.014784
между	софия	0.014784
между	него	0.014784
между	сащ	0.010560
между	два	0.010560
между	хората	0.009504
между	това	0.008448
между	г	0.008448
между	тези	0.008448
между	нас	0.007392
между	москва	0.007392
между	нея	0.007392
между	всички	0.006336
между	октомври	0.005280
между	различни	0.005280
между	президента	0.004224
между	си	0.004224
между	ул	0.004224
между	продължаваме	0.004224
между	северна	0.004224
между	нашите	0.004224
между	една	0.003168
между	четирите	0.003168
между	работата	0.003168
между	трите	0.003168
между	най	0.003168
между	лек	0.003168
между	цените	0.003168
между	министъра	0.003168
между	мъже	0.003168
местата	за	0.333333
местата	на	0.196078
местата	където	0.117647
местата	в	0.078431
местни	избори	0.210526
местни	хора	0.131579
местни	и	0.105263
местни	данъци	0.078947
метод	за	0.333333
метод	на	0.233333
метод	който	0.133333
мина	през	0.095238
мина	с	0.071429
минава	през	0.456790
минава	на	0.049383
минава	и	0.049383
минава	за	0.037037
миналото	лято	0.187500
миналото	на	0.062500
миналото	са	0.050000
миналото	и	0.050000
миналото	е	0.037500
миналото	а	0.037500
миналото	не	0.037500
министъра	на	0.809783
министъра	в	0.032609
министъра	да	0.016304
министъра	с	0.016304
минута	когато	0.117647
минута	след	0.107843
минута	с	0.049020
минута	на	0.039216
минута	за	0.039216
минута	в	0.039216
минута	и	0.029412
минута	а	0.029412
минута	по	0.029412
минута	като	0.029412
минута	но	0.029412
минути	по	0.156757
минути	след	0.129730
минути	преди	0.118919
минути	и	0.081081
минути	от	0.054054
минути	за	0.054054
минути	на	0.048649
минути	в	0.032432
минути	а	0.027027
минути	игра	0.016216
минути	с	0.016216
мирише	на	0.833333
мислете	за	0.363636
мислеше	че	0.600000
мислил	че	0.300000
мислите	за	0.234043
мислите	че	0.212766
мислите	си	0.106383
мислите	ли	0.085106
мислите	и	0.063830
мисля	че	0.902128
мисля	си	0.017021
мисля	за	0.012766
мисълта	че	0.592593
мисълта	за	0.148148
мисълта	да	0.111111
мишена	на	0.428571
млад	мъж	0.350000
млад	човек	0.166667
млад	и	0.100000
младите	хора	0.477273
младите	семейства	0.079545
младите	и	0.056818
мляко	и	0.305556
мляко	в	0.166667
мляко	е	0.083333
могат	да	0.937267
могат	и	0.006721
могат	сами	0.004481
могат	ли	0.004481
могат	дори	0.002240
могат	лесно	0.002240
мозъка	на	0.166667
мой	приятел	0.300000
мой	адрес	0.150000
молба	за	0.421053
молба	на	0.157895
молба	да	0.122807
молба	от	0.087719
молба	към	0.052632
моля	ви	0.250000
моля	да	0.178571
моля	те	0.125000
момичета	и	0.250000
момичета	от	0.145833
момичета	в	0.062500
момичета	на	0.062500
момичета	които	0.062500
момичетата	и	0.263158
момичетата	са	0.157895
момчета	и	0.255319
момчета	които	0.127660
момчета	не	0.085106
момчета	от	0.085106
момчета	да	0.063830
монети	на	0.200000
монети	по	0.150000
монети	са	0.150000
монети	които	0.150000
мост	в	0.146667
мост	и	0.120000
мост	над	0.106667
мост	при	0.040000
мост	към	0.040000
моста	на	0.210526
моста	над	0.157895
моста	и	0.131579
моя	живот	0.073529
моя	екип	0.058824
моя	дом	0.044118
моя	страна	0.044118
моя	гледна	0.044118
моя	заповед	0.044118
музей	на	0.295455
музей	в	0.113636
музика	и	0.180328
музика	на	0.131148
музика	от	0.081967
музика	в	0.049180
мълчание	по	0.222222
мястото	на	0.474138
мястото	където	0.094828
мястото	си	0.073276
мястото	е	0.051724
мястото	за	0.051724
мястото	и	0.025862
мястото	не	0.021552
мястото	се	0.017241
мястото	да	0.017241
мястото	му	0.012931
мястото	в	0.012931
мястото	са	0.012931
наблюдава	се	0.211538
наблюдава	и	0.134615
наблюдава	в	0.096154
наблюдава	от	0.057692
наблюдава	при	0.057692
навреме	се	0.153846
навреме	и	0.153846
навътре	в	0.625000
над	от	0.069268
над	години	0.055610
над	хил	0.046829
над	хиляди	0.042927
над	милиона	0.037073
над	души	0.036098
над	на	0.023415
над	процента	0.017561
над	г	0.016585
над	половината	0.015610
над	два	0.015610
над	годишна	0.012683
над	милиарда	0.012683
над	деца	0.012683
над	км	0.012683
над	долара	0.011707
над	в	0.011707
над	него	0.010732
над	евро	0.010732
над	планините	0.010732
над	всички	0.009756
над	това	0.009756
над	една	0.008780
над	служители	0.007805
над	тона	0.007805
над	са	0.007805
над	м	0.007805
над	пъти	0.007805
над	река	0.007805
над	един	0.005854
над	тази	0.005854
над	половин	0.005854
над	три	0.005854
над	и	0.005854
над	часа	0.005854
над	километра	0.005854
над	десет	0.005854
над	през	0.004878
над	градуса	0.004878
над	човека	0.004878
надежда	че	0.271605
надежда	за	0.209877
надежда	и	0.086420
надежда	да	0.074074
надежда	на	0.074074
надежда	е	0.037037
надежда	в	0.037037
надеждата	че	0.241379
надеждата	за	0.137931
надеждата	да	0.137931
надолу	по	0.139535
надолу	а	0.069767
надолу	и	0.069767
надолу	в	0.069767
наема	и	0.300000
наказание	на	0.134615
наказание	за	0.115385
наказание	от	0.115385
наказание	е	0.057692
налага	да	0.427419
налага	и	0.056452
налага	в	0.048387
налага	на	0.040323
налага	поради	0.024194
налага	за	0.024194
налага	по	0.024194
налага	се	0.024194
намерения	за	0.195122
намерения	да	0.170732
намерения	и	0.146341
намерения	на	0.097561
намериха	време	0.500000
намира	в	0.385965
намира	на	0.187135
намира	и	0.040936
намира	се	0.035088
намира	между	0.023392
намира	под	0.017544
намираме	се	0.200000
намираме	в	0.150000
намират	в	0.282051
намират	на	0.102564
намират	и	0.051282
намират	за	0.038462
намират	хора	0.038462
намирате	в	0.428571
нападение	срещу	0.294118
нападение	над	0.098039
нападение	от	0.098039
нападение	с	0.058824
нападението	срещу	0.156250
нападението	над	0.156250
нападението	е	0.156250
нападението	на	0.156250
написа	в	0.352000
написа	във	0.160000
написа	той	0.080000
написа	че	0.040000
написа	още	0.040000
написа	не	0.024000
направете	си	0.222222
направил	всичко	0.071429
направил	опит	0.071429
направил	е	0.053571
направим	всичко	0.139706
направим	е	0.058824
направим	това	0.051471
направим	така	0.051471
направим	за	0.044118
направим	нещо	0.036765
направим	и	0.029412
направим	защото	0.022059
направим	една	0.022059
направим	с	0.022059
направим	повече	0.022059
направим	всички	0.022059
направите	е	0.105263
направите	това	0.078947
направиха	на	0.056338
направиха	в	0.042254
направиха	още	0.042254
направиха	това	0.042254
направят	всичко	0.058442
направят	нещо	0.038961
направят	и	0.038961
направят	по	0.032468
направят	това	0.025974
направят	нищо	0.025974
направят	за	0.025974
направят	най	0.019481
направят	всички	0.019481
направят	на	0.019481
направят	като	0.019481
направят	някои	0.019481
например	в	0.055970
например	е	0.044776
например	с	0.033582
например	за	0.033582
например	от	0.033582
например	да	0.029851
например	ще	0.022388
например	не	0.022388
например	ако	0.022388
например	при	0.022388
например	на	0.022388
например	по	0.018657
например	че	0.018657
например	са	0.018657
например	има	0.014925
например	се	0.014925
например	тази	0.014925
например	вече	0.014925
например	през	0.014925
например	това	0.011194
например	във	0.011194
например	защото	0.011194
нареди	на	0.277778
народ	и	0.161157
народ	е	0.057851
народ	който	0.053719
народ	ще	0.053719
народ	не	0.037190
народ	да	0.033058
народ	са	0.028926
народ	за	0.024793
народ	от	0.024793
народ	се	0.024793
народ	с	0.020661
народ	на	0.020661
народ	каза	0.016529
народ	няма	0.016529
народ	обаче	0.016529
народ	в	0.016529
народ	а	0.012397
народ	поиска	0.012397
нарушение	на	0.670103
нарушение	и	0.072165
нарушение	срещу	0.030928
нарушение	по	0.030928
насаме	със	1.000000
насилие	над	0.163636
насилие	и	0.145455
насилие	но	0.090909
насилие	спрямо	0.054545
насилие	в	0.054545
насилие	срещу	0.054545
нататък	в	0.133333
нататък	ще	0.080000
нататък	трябва	0.040000
нататък	по	0.040000
нататък	се	0.040000
нататък	тя	0.040000
наука	и	0.285714
наука	за	0.107143
началника	на	1.000000
начело	на	0.626168
начело	с	0.214953
начело	в	0.065421
начело	със	0.028037
начин	да	0.189831
начин	на	0.108475
начин	за	0.083051
начин	ще	0.049153
начин	се	0.049153
начин	и	0.037288
начин	не	0.037288
начин	по	0.032203
начин	е	0.025424
начин	който	0.025424
начин	като	0.013559
начин	с	0.011864
начин	няма	0.011864
начин	в	0.011864
начин	от	0.011864
начин	а	0.010169
начин	че	0.010169
начин	са	0.008475
начин	това	0.008475
начин	каза	0.006780
начин	както	0.006780
начин	те	0.006780
начин	тя	0.006780
начин	или	0.005085
начин	може	0.005085
начин	как	0.005085
начин	могат	0.005085
начин	можем	0.005085
начин	защото	0.005085
начин	при	0.005085
начин	си	0.005085
начин	трябва	0.005085
начинът	по	0.450000
начинът	на	0.125000
начинът	за	0.125000
начинът	да	0.100000
негов	адрес	0.114286
негов	приятел	0.085714
независимо	от	0.468085
независимо	дали	0.218085
независимо	че	0.074468
независимо	какво	0.042553
независимо	кой	0.031915
независимо	колко	0.026596
независимо	как	0.021277
непременно	да	0.266667
нивото	на	0.765432
нивото	от	0.098765
нивото	си	0.037037
ние	сме	0.166506
ние	не	0.072185
ние	ще	0.068335
ние	се	0.049086
ние	имаме	0.046198
ние	трябва	0.045236
ние	да	0.035611
ние	няма	0.024062
ние	от	0.021174
ние	нямаме	0.021174
ние	като	0.018287
ние	можем	0.015399
ние	в	0.015399
ние	си	0.014437
ние	и	0.013474
ние	искаме	0.013474
ние	вече	0.012512
ние	с	0.012512
ние	също	0.010587
ние	го	0.009625
ние	идваме	0.008662
ние	бяхме	0.008662
ние	знаем	0.008662
ние	обаче	0.007700
ние	пак	0.005775
ние	направихме	0.005775
ние	работим	0.005775
ние	смятаме	0.005775
ние	за	0.004812
ние	на	0.004812
ние	винаги	0.004812
ние	ги	0.004812
ние	трябваше	0.004812
ние	всички	0.004812
ние	по	0.004812
ние	им	0.003850
ние	ви	0.003850
ние	вярваме	0.003850
ние	много	0.003850
ние	разбираме	0.003850
никаква	връзка	0.083333
никаква	информация	0.083333
никаква	промяна	0.062500
никаква	причина	0.062500
никаква	вина	0.062500
никакъв	начин	0.352459
никакъв	случай	0.254098
никакъв	проблем	0.065574
никакъв	шанс	0.049180
никакъв	интерес	0.032787
никакъв	смисъл	0.024590
никакъв	контрол	0.024590
нов	кабинет	0.053571
нов	договор	0.039286
нов	председател	0.035714
нов	вид	0.032143
нов	проект	0.028571
нов	закон	0.028571
нов	дом	0.025000
нов	шеф	0.025000
нов	път	0.025000
нов	живот	0.025000
нов	дълг	0.025000
нов	етап	0.021429
нов	управител	0.021429
нов	тип	0.017857
нов	период	0.017857
нов	начин	0.017857
нов	опит	0.017857
нов	член	0.014286
нов	за	0.014286
нов	министър	0.014286
нов	пакет	0.014286
нов	модел	0.010714
нов	продукт	0.010714
нов	президент	0.010714
нов	мъж	0.010714
нов	вариант	0.010714
нов	и	0.010714
нов	план	0.010714
нов	кръг	0.010714
нов	подход	0.010714
нова	телевизия	0.233429
нова	година	0.115274
нова	тв	0.095101
нова	вълна	0.023055
нова	за	0.020173
нова	и	0.020173
нова	сграда	0.020173
нова	роля	0.014409
нова	връзка	0.014409
нова	сила	0.011527
нова	техника	0.011527
нова	но	0.011527
нова	версия	0.008646
нова	кампания	0.008646
нова	поръчка	0.008646
нова	серия	0.008646
нова	страница	0.008646
нова	криза	0.008646
нова	история	0.008646
нова	глава	0.008646
нова	среща	0.008646
нова	в	0.008646
нова	голяма	0.008646
нова	заповед	0.008646
новото	правителство	0.243590
новото	време	0.115385
новото	име	0.089744
новото	си	0.064103
новото	е	0.051282
новото	проучване	0.038462
новото	управление	0.038462
номер	едно	0.280488
номер	на	0.195122
номер	в	0.097561
номер	за	0.073171
номер	е	0.048780
номер	и	0.048780
нормална	държава	0.240000
нормална	цена	0.160000
нормални	условия	0.166667
нощта	на	0.274510
нощта	срещу	0.127451
нощта	и	0.058824
нощта	ще	0.058824
нощта	в	0.039216
нощта	по	0.029412
нощта	над	0.029412
нощта	когато	0.029412
ню	йорк	0.952381
някак	си	0.489362
някак	се	0.063830
някак	не	0.063830
някак	по	0.063830
някак	да	0.063830
някаква	форма	0.103093
някаква	причина	0.072165
някаква	работа	0.061856
някаква	степен	0.051546
някаква	друга	0.041237
някаква	гаранция	0.030928
някаква	промяна	0.030928
някаква	надежда	0.030928
някаква	странна	0.030928
някакво	решение	0.114286
някакъв	начин	0.230000
някакъв	смисъл	0.050000
някакъв	проблем	0.050000
някакъв	момент	0.040000
някакъв	тип	0.030000
някакъв	друг	0.030000
някоя	от	0.297872
някоя	друга	0.170213
някоя	и	0.085106
нямало	как	0.185185
нямало	да	0.148148
нямаме	проблем	0.044444
нямаме	нужда	0.033333
нямаме	друг	0.033333
нямаме	доверие	0.033333
нямаме	никакви	0.033333
обаче	не	0.123987
обаче	е	0.091572
обаче	се	0.075365
обаче	че	0.030794
обаче	са	0.030794
обаче	ще	0.025122
обаче	няма	0.023501
обаче	има	0.021070
обаче	да	0.021070
обаче	и	0.016207
обаче	може	0.016207
обаче	в	0.012966
обаче	това	0.012966
обаче	те	0.011345
обаче	трябва	0.011345
обаче	той	0.009724
обаче	за	0.009724
обаче	би	0.008914
обаче	бе	0.008914
обаче	все	0.007293
обаче	беше	0.007293
обаче	изглежда	0.006483
обаче	дали	0.006483
обаче	по	0.006483
обаче	смята	0.005673
обаче	бяха	0.005673
обаче	когато	0.005673
обаче	така	0.005673
обаче	на	0.005673
обаче	много	0.004862
обаче	ако	0.004862
обаче	го	0.004862
обаче	остава	0.004052
обаче	продължава	0.004052
обаче	вероятно	0.004052
обаче	тя	0.004052
обаче	също	0.004052
обаче	си	0.004052
обаче	вече	0.004052
обаче	още	0.003241
обвинения	за	0.211765
обвинения	в	0.152941
обвинения	и	0.105882
обвинения	на	0.070588
обвинения	към	0.058824
обвинения	срещу	0.047059
обвинения	че	0.035294
обвинения	няма	0.035294
обичат	да	0.529412
област	и	0.083832
област	в	0.065868
област	е	0.059880
област	са	0.053892
област	за	0.047904
област	велико	0.041916
област	на	0.035928
област	по	0.029940
област	от	0.029940
област	предаде	0.029940
област	не	0.023952
област	където	0.023952
област	с	0.017964
област	които	0.017964
област	съобщи	0.017964
област	се	0.017964
област	като	0.017964
образ	на	0.388889
обсъдим	и	0.300000
общност	в	0.171429
общност	на	0.100000
общност	и	0.100000
общност	да	0.057143
общност	която	0.057143
общност	е	0.042857
общност	от	0.042857
общност	не	0.042857
обърнете	внимание	0.520000
обърнете	повече	0.160000
обърнете	се	0.120000
обяснява	че	0.244681
обяснява	той	0.106383
обяснява	защо	0.063830
обяснява	и	0.053191
обяснява	с	0.042553
обяснява	как	0.031915
обяснява	тя	0.031915
ожени	за	0.833333
означава	че	0.712903
означава	да	0.070968
означава	ли	0.016129
означава	по	0.016129
означава	и	0.012903
означава	това	0.012903
означава	промяна	0.009677
означава	едно	0.009677
оказа	че	0.300000
оказа	се	0.209091
оказа	по	0.045455
оказа	в	0.036364
оказа	и	0.027273
околната	среда	0.992248
октомври	г	0.219595
октомври	и	0.047297
октомври	в	0.040541
октомври	се	0.033784
октомври	от	0.033784
октомври	миналата	0.030405
октомври	година	0.030405
октомври	а	0.027027
октомври	за	0.023649
октомври	ще	0.023649
октомври	когато	0.023649
октомври	тази	0.020270
октомври	с	0.016892
октомври	е	0.016892
октомври	да	0.016892
октомври	са	0.013514
октомври	но	0.013514
октомври	може	0.010135
октомври	след	0.010135
октомври	трябва	0.010135
октомври	като	0.010135
октомври	че	0.010135
онзи	момент	0.262295
онзи	ден	0.229508
онзи	който	0.081967
онлайн	и	0.110092
онлайн	обучение	0.064220
онлайн	магазин	0.064220
онлайн	на	0.045872
онлайн	за	0.045872
онлайн	в	0.045872
онлайн	от	0.036697
онлайн	пространството	0.027523
онлайн	казиното	0.027523
онлайн	среда	0.027523
онова	което	0.412698
онова	време	0.349206
опасна	за	0.187500
опасни	за	0.280000
опасни	и	0.160000
операции	в	0.186441
операции	на	0.186441
операции	за	0.118644
операции	и	0.084746
операции	по	0.050847
опит	за	0.236413
опит	да	0.233696
опит	в	0.111413
опит	и	0.086957
опит	на	0.067935
опит	с	0.029891
опит	като	0.021739
опит	от	0.016304
опит	но	0.013587
опит	във	0.010870
опит	както	0.008152
опита	да	0.592179
опита	за	0.134078
опита	на	0.083799
опита	си	0.050279
опита	се	0.016760
опитвал	да	1.000000
оправят	нещата	0.157895
определи	като	0.295652
определи	решението	0.052174
определи	това	0.043478
определи	за	0.026087
определи	ситуацията	0.026087
освен	това	0.548611
освен	че	0.069444
освен	да	0.046875
освен	ако	0.045139
освен	в	0.022569
освен	за	0.019097
освен	с	0.017361
освен	всичко	0.015625
освен	от	0.010417
освен	по	0.008681
освен	тях	0.008681
освен	като	0.005208
освен	него	0.005208
освободим	от	0.600000
основа	на	0.562500
основа	за	0.162500
основа	с	0.037500
основа	в	0.037500
основните	причини	0.112245
основните	проблеми	0.071429
основните	ни	0.061224
основните	си	0.061224
основните	цели	0.051020
основните	й	0.051020
основните	им	0.040816
основните	права	0.030612
основните	му	0.030612
основните	политически	0.030612
основните	лица	0.030612
основно	от	0.139535
основно	в	0.116279
основно	училище	0.077519
основно	с	0.069767
основно	за	0.062016
основно	на	0.054264
основно	заради	0.054264
основно	по	0.031008
основно	гориво	0.023256
основно	се	0.023256
основно	и	0.023256
основно	през	0.023256
остави	без	0.076923
остави	на	0.076923
оставят	на	0.111111
остана	в	0.161290
остана	на	0.086022
остана	без	0.064516
остана	само	0.053763
остана	и	0.043011
остана	с	0.043011
остана	да	0.032258
остана	като	0.032258
останал	в	0.214286
останалите	са	0.081250
останалите	членове	0.043750
останалите	на	0.031250
останалите	се	0.031250
останалите	не	0.031250
останалите	ще	0.025000
останалите	в	0.025000
останалите	два	0.025000
останалите	три	0.025000
останалите	страни	0.018750
останалите	две	0.018750
останалите	хора	0.018750
останалите	си	0.018750
останалите	политически	0.018750
останалото	време	0.400000
останат	в	0.237705
останат	на	0.114754
останат	без	0.098361
останат	и	0.049180
останат	само	0.032787
останат	вкъщи	0.024590
останат	под	0.024590
останат	да	0.024590
останат	високи	0.024590
останат	завинаги	0.024590
останат	отворени	0.024590
остане	в	0.172775
остане	на	0.083770
остане	без	0.057592
остане	за	0.057592
остане	само	0.047120
остане	по	0.026178
остане	и	0.026178
остане	тук	0.020942
остане	с	0.020942
остане	висока	0.020942
остане	под	0.015707
остане	до	0.015707
остане	от	0.015707
остане	над	0.015707
остане	поне	0.015707
остане	като	0.015707
остане	нещо	0.015707
остане	природа	0.015707
осъзнавам	че	0.750000
отбор	на	0.263158
отбор	и	0.105263
отбор	по	0.082707
отбор	от	0.067669
отбор	в	0.052632
отбор	е	0.045113
отбор	който	0.030075
отбор	с	0.022556
отбор	да	0.022556
отворена	за	0.294118
отворена	врата	0.117647
отворена	към	0.088235
отговаря	на	0.542636
отговаря	за	0.271318
отговаря	че	0.031008
отговаря	с	0.023256
отговарят	на	0.705128
отговарят	че	0.064103
отговарят	за	0.064103
отговор	на	0.602787
отговор	от	0.073171
отговор	е	0.024390
отговор	и	0.017422
отговор	дали	0.017422
отговор	в	0.013937
отговор	няма	0.013937
отговор	но	0.013937
отговор	до	0.010453
отговор	с	0.010453
отговор	че	0.010453
отговор	а	0.010453
отговор	ще	0.010453
отговор	не	0.010453
отговора	на	0.325000
отговора	си	0.275000
отговорността	за	0.407407
отговорността	на	0.092593
отговорността	която	0.074074
отговорността	и	0.055556
отговорността	си	0.055556
отговорът	на	0.473684
отговорът	е	0.236842
отгоре	на	0.107143
отдел	на	0.235294
отдел	в	0.147059
отдел	за	0.117647
отдел	борба	0.117647
отдел	култура	0.088235
отдела	за	0.615385
отдела	по	0.230769
отива	в	0.240000
отива	на	0.146667
отива	да	0.093333
отива	за	0.093333
отива	към	0.066667
отидоха	на	0.166667
отидоха	за	0.166667
отишли	до	0.130435
отишли	да	0.130435
отишли	в	0.130435
отишъл	в	0.210526
отишъл	да	0.157895
отишъл	при	0.157895
отишъл	на	0.157895
отказа	да	0.513274
отказа	на	0.185841
отказа	от	0.168142
отказа	и	0.026549
отколкото	да	0.087336
отколкото	в	0.082969
отколкото	на	0.061135
отколкото	за	0.056769
отколкото	през	0.056769
отколкото	преди	0.056769
отколкото	при	0.048035
отколкото	са	0.034934
отколкото	се	0.034934
отколкото	от	0.034934
отколкото	е	0.026201
отколкото	си	0.017467
отколкото	ако	0.017467
отколкото	към	0.013100
отколкото	до	0.013100
отколкото	мнозина	0.013100
открива	и	0.111111
откриването	на	0.894118
откриването	му	0.035294
откриете	в	0.150000
открити	в	0.141176
открити	и	0.117647
открити	при	0.047059
откриха	резултата	0.200000
откъдето	е	0.142857
откъдето	се	0.114286
отнася	до	0.555556
отнася	и	0.120370
отнася	за	0.111111
отнася	с	0.027778
отнася	само	0.027778
отнема	много	0.075000
отнема	време	0.075000
отнема	години	0.075000
отношенията	между	0.278261
отношенията	с	0.165217
отношенията	си	0.147826
отношенията	ни	0.086957
отношенията	със	0.060870
отношенията	на	0.052174
отношенията	им	0.034783
отпреди	години	0.206897
отпреди	няколко	0.103448
отпреди	дни	0.103448
отпреди	година	0.103448
отрова	за	0.666667
охрана	на	0.312500
охрана	и	0.125000
охрана	заради	0.062500
очакват	да	0.163265
очакват	се	0.132653
очакват	че	0.071429
очакват	и	0.051020
очакват	още	0.030612
очаквате	да	0.272727
очи	в	0.148936
очи	с	0.085106
очи	на	0.085106
още	не	0.085320
още	по	0.081520
още	в	0.067012
още	че	0.056649
още	от	0.046978
още	повече	0.037997
още	един	0.035579
още	през	0.032470
още	преди	0.026943
още	една	0.026598
още	той	0.025216
още	се	0.018307
още	е	0.017271
още	няма	0.015889
още	на	0.015544
още	има	0.014508
още	много	0.013817
още	едно	0.013126
още	веднъж	0.012090
още	тя	0.010708
още	няколко	0.010363
още	две	0.008290
още	тогава	0.007254
още	три	0.006908
още	като	0.006908
още	са	0.006563
още	при	0.006218
още	два	0.006218
още	и	0.006218
още	с	0.005872
още	да	0.005181
още	малко	0.004491
още	ще	0.004145
още	днес	0.004145
още	за	0.003800
още	двама	0.003454
още	дълго	0.003454
още	миналата	0.003454
още	тази	0.003109
още	нещо	0.002763
п	п	0.219512
п	и	0.097561
п	в	0.073171
п	с	0.073171
пазете	се	0.500000
пазят	в	0.217391
пазят	от	0.217391
пак	ще	0.110476
пак	е	0.078095
пак	се	0.068571
пак	да	0.043810
пак	не	0.040000
пак	в	0.034286
пак	си	0.026667
пак	са	0.024762
пак	има	0.019048
пак	на	0.017143
пак	по	0.015238
пак	там	0.015238
пак	трябва	0.015238
пак	казвам	0.011429
пак	това	0.011429
пак	няма	0.009524
пак	беше	0.009524
пак	от	0.009524
пак	нищо	0.007619
пак	може	0.007619
пак	и	0.007619
пак	обаче	0.007619
пак	за	0.007619
пак	ни	0.007619
пак	те	0.007619
пак	много	0.005714
пак	сте	0.005714
пак	ги	0.005714
пак	с	0.005714
пак	тази	0.005714
пак	че	0.005714
пак	според	0.005714
паметта	на	0.411765
париж	през	0.106383
париж	и	0.106383
париж	с	0.085106
парите	за	0.123675
парите	на	0.120141
парите	от	0.113074
парите	си	0.077739
парите	са	0.067138
парите	които	0.060071
парите	и	0.042403
парите	ще	0.038869
парите	в	0.035336
парите	по	0.031802
парите	да	0.024735
парите	не	0.017668
парите	им	0.010601
парите	вече	0.010601
парка	на	0.304348
парка	е	0.130435
пациент	с	0.285714
пациентите	и	0.140351
пациентите	с	0.122807
пациентите	в	0.087719
пациентите	да	0.070175
пациентите	си	0.070175
пациентите	са	0.052632
пациентите	които	0.052632
персонала	в	0.233333
персонала	си	0.166667
персонала	на	0.166667
персонала	и	0.133333
песни	и	0.183673
песни	на	0.142857
песни	от	0.122449
песни	в	0.081633
пет	години	0.266990
пет	дни	0.087379
пет	месеца	0.077670
пет	от	0.058252
пет	пъти	0.048544
пет	минути	0.048544
пет	милиона	0.029126
пет	шест	0.014563
пет	седмици	0.014563
пет	звезди	0.014563
пет	човека	0.014563
пет	града	0.014563
пет	часа	0.014563
пие	от	0.200000
писмо	до	0.371795
писмо	от	0.179487
писмо	за	0.102564
писмо	на	0.064103
писмо	е	0.038462
писмо	което	0.038462
писмо	с	0.038462
питам	се	0.121951
питам	защо	0.097561
питам	за	0.097561
питам	какво	0.073171
питаме	защо	0.214286
пишеш	по	0.230769
планините	ще	0.333333
планира	да	0.672727
планира	и	0.045455
планира	се	0.045455
планове	за	0.444444
планове	и	0.121212
планове	на	0.040404
планове	как	0.040404
планове	да	0.030303
планове	са	0.030303
планове	ще	0.030303
поведение	на	0.295775
поведение	и	0.126761
поведение	е	0.056338
поведение	в	0.042254
поведение	при	0.042254
повтаря	че	0.222222
повярвам	че	0.692308
поговорим	за	0.333333
погребение	на	0.272727
погрижим	за	1.000000
подаде	сигнал	0.256410
подаде	молба	0.153846
подаде	ръка	0.153846
подари	на	0.315789
подарък	за	0.281250
подарък	от	0.187500
подарък	и	0.125000
подарък	който	0.093750
подаръци	за	0.218750
подаръци	на	0.187500
подаръци	от	0.156250
подаръци	и	0.156250
подготвен	от	0.263158
подготвен	за	0.157895
подготвя	за	0.170732
подготвя	да	0.121951
подкрепа	на	0.346899
подкрепа	за	0.265504
подкрепа	от	0.122093
подкрепа	и	0.050388
подкрепа	в	0.040698
подкрепа	по	0.015504
подкрепа	е	0.011628
подкрепа	са	0.009690
подкрепа	да	0.009690
подкрепа	към	0.007752
подкрепа	ще	0.007752
подкрепа	при	0.007752
подкрепа	с	0.005814
подобен	ход	0.117647
подобен	случай	0.102941
подобен	начин	0.102941
подобен	на	0.102941
подобен	тип	0.088235
подобен	въпрос	0.058824
подобен	подход	0.044118
подобни	на	0.121212
подобни	случаи	0.090909
подобни	действия	0.068182
подобни	продукти	0.045455
подобни	прояви	0.037879
подобни	опити	0.030303
подобни	промени	0.022727
подобни	мерки	0.022727
подобни	неща	0.022727
подобни	решения	0.022727
подобни	данни	0.022727
подобни	проблеми	0.022727
подпис	с	0.272727
пожара	е	0.189189
пожара	в	0.162162
пожара	на	0.081081
пожара	са	0.081081
позволява	да	0.386364
позволява	на	0.250000
позволява	по	0.034091
поздравления	за	0.550000
поздравления	от	0.150000
позицията	на	0.550000
позицията	си	0.168750
позицията	му	0.043750
позицията	че	0.031250
позицията	ни	0.025000
позицията	им	0.025000
позицията	по	0.018750
позицията	е	0.018750
познават	и	0.200000
поиска	да	0.254717
поиска	от	0.150943
поиска	помощ	0.056604
поиска	и	0.037736
поиска	в	0.028302
поиска	президентът	0.028302
поиска	обяснение	0.028302
покана	на	0.463415
покана	за	0.146341
покана	да	0.097561
покана	към	0.073171
покрива	на	0.263158
покрива	и	0.131579
покрива	с	0.078947
поле	за	0.183673
поле	и	0.163265
поле	на	0.122449
поле	от	0.081633
поле	в	0.081633
поле	а	0.061224
полезен	за	0.291667
полезен	ход	0.166667
ползва	от	0.156250
ползва	за	0.140625
ползва	с	0.078125
ползва	и	0.046875
ползва	като	0.046875
политика	на	0.189003
политика	и	0.137457
политика	за	0.096220
политика	в	0.051546
политика	е	0.037801
политика	се	0.030928
политика	която	0.030928
политика	от	0.027491
политика	с	0.027491
политика	по	0.024055
политика	не	0.024055
политика	спрямо	0.017182
политика	да	0.017182
политика	ще	0.013746
политика	трябва	0.010309
полицейска	операция	0.534884
полицейска	заповед	0.162791
полицейски	служители	0.421687
полицейски	екипи	0.096386
полицейски	патрул	0.084337
полицейски	екип	0.072289
полицейски	автомобил	0.060241
полицейски	служител	0.060241
полицейски	операции	0.048193
полицейски	участък	0.036145
полиция	и	0.170543
полиция	в	0.100775
полиция	на	0.069767
полиция	е	0.062016
полиция	към	0.046512
полиция	при	0.038760
полиция	да	0.031008
полиция	каза	0.031008
полиция	за	0.031008
полиция	го	0.023256
полиция	която	0.023256
положение	че	0.303704
положение	в	0.088889
положение	на	0.074074
положение	и	0.066667
положение	за	0.044444
положение	от	0.037037
положение	е	0.029630
положение	или	0.029630
положение	да	0.022222
положение	се	0.022222
положение	ще	0.022222
полунощ	в	0.210526
полунощ	на	0.210526
получават	по	0.106383
получават	и	0.074468
получават	от	0.053191
получават	само	0.042553
получават	пари	0.031915
получават	подкрепа	0.031915
помага	на	0.396396
помага	за	0.144144
помага	да	0.144144
помага	в	0.063063
помага	с	0.045045
помага	при	0.045045
помага	и	0.036036
помежду	си	0.739130
помежду	им	0.195652
помежду	ни	0.065217
помогнах	на	1.000000
помогнеш	на	0.800000
помоли	за	0.500000
помощник	треньор	0.250000
поне	от	0.061785
поне	до	0.057208
поне	в	0.038902
поне	един	0.036613
поне	на	0.034325
поне	да	0.032037
поне	за	0.032037
поне	не	0.027460
поне	веднъж	0.025172
поне	два	0.025172
поне	три	0.022883
поне	половината	0.020595
поне	една	0.020595
поне	години	0.020595
поне	малко	0.020595
поне	още	0.020595
поне	с	0.018307
поне	засега	0.018307
поне	пъти	0.018307
поне	едно	0.013730
поне	част	0.013730
поне	така	0.013730
поне	това	0.011442
поне	по	0.011442
поне	се	0.009153
поне	ще	0.009153
поне	си	0.009153
поне	пет	0.009153
поне	месеца	0.009153
поне	към	0.006865
поне	половин	0.006865
поне	е	0.006865
поне	двойно	0.006865
поне	няколко	0.006865
поне	две	0.006865
поне	трима	0.006865
поне	докато	0.006865
поне	милиарда	0.006865
поне	като	0.006865
поне	около	0.006865
понякога	и	0.100000
понякога	се	0.090000
понякога	са	0.050000
понякога	дори	0.050000
понякога	може	0.050000
понякога	си	0.040000
понякога	в	0.040000
понякога	ми	0.040000
понякога	с	0.030000
понякога	да	0.030000
понякога	обаче	0.030000
понякога	това	0.030000
попадна	в	0.333333
попита	дали	0.125000
попита	как	0.109375
попита	защо	0.078125
попита	той	0.062500
попита	и	0.046875
попита	какво	0.046875
попречи	на	0.733333
попречи	да	0.166667
поради	това	0.173077
поради	което	0.149038
поради	тази	0.091346
поради	липса	0.052885
поради	по	0.048077
поради	факта	0.038462
поради	които	0.033654
поради	която	0.033654
поради	липсата	0.024038
поради	страх	0.014423
поради	тези	0.014423
последна	информация	0.235294
последни	данни	0.625000
последно	място	0.252174
последно	време	0.217391
последно	е	0.060870
последно	през	0.052174
последно	в	0.043478
последно	се	0.026087
последно	на	0.026087
последното	което	0.090909
последното	място	0.072727
последното	проучване	0.072727
последното	си	0.054545
последното	нещо	0.054545
последното	правителство	0.054545
последствията	от	0.644444
последствията	за	0.066667
последствията	могат	0.066667
посолството	на	0.568182
посолството	ни	0.068182
посолството	в	0.068182
посред	нощ	0.500000
постави	в	0.112676
постави	под	0.098592
постави	въпроса	0.070423
постави	на	0.070423
постави	началото	0.070423
постави	като	0.042254
постави	пред	0.042254
потвърди	че	0.505376
потвърди	и	0.053763
потвърди	пред	0.043011
потвърди	в	0.032258
почивката	си	0.120000
почивката	на	0.120000
появяват	в	0.250000
права	на	0.207547
права	и	0.179245
права	за	0.113208
права	в	0.075472
права	но	0.037736
права	върху	0.028302
права	да	0.028302
правата	на	0.746575
правата	си	0.061644
правата	в	0.027397
правата	им	0.027397
правата	и	0.020548
правата	върху	0.020548
правилно	да	0.176471
правилно	и	0.098039
правилно	ли	0.058824
правилно	е	0.058824
правило	за	0.111111
правило	е	0.083333
правосъдие	за	0.230769
правосъдие	и	0.153846
празник	на	0.373494
празник	и	0.096386
празник	за	0.084337
празник	в	0.060241
празник	се	0.048193
превод	на	0.583333
превръща	в	0.765625
превръща	във	0.046875
превръща	и	0.046875
превърна	в	0.817073
превърна	във	0.073171
преди	да	0.154476
преди	години	0.086600
преди	това	0.086015
преди	няколко	0.063780
преди	дни	0.047981
преди	началото	0.030427
преди	година	0.029257
преди	време	0.023991
преди	около	0.020480
преди	месец	0.018139
преди	повече	0.016384
преди	всичко	0.016384
преди	два	0.015799
преди	две	0.015214
преди	седмица	0.015214
преди	края	0.014628
преди	г	0.011703
преди	ден	0.011703
преди	три	0.011118
преди	и	0.011118
преди	войната	0.008192
преди	малко	0.007607
преди	обяд	0.007022
преди	по	0.006437
преди	месеца	0.005851
преди	часа	0.005266
преди	седмици	0.005266
преди	изборите	0.004681
преди	четири	0.004681
преди	ч	0.004096
преди	срещата	0.004096
преди	е	0.004096
преди	са	0.003511
преди	него	0.003511
преди	смъртта	0.003511
преди	почти	0.003511
преди	зимата	0.003511
преди	месеци	0.003511
преди	много	0.003511
преди	мача	0.002926
предизвика	много	0.060000
предизвика	голям	0.060000
предизвика	и	0.060000
предизвика	реакция	0.060000
предимство	на	0.257143
предимство	за	0.142857
предложение	за	0.235294
предложение	на	0.176471
предложение	е	0.074866
предложение	от	0.048128
предложение	да	0.048128
предложение	и	0.032086
предложение	което	0.032086
предложение	с	0.026738
предложение	в	0.026738
предложение	до	0.026738
предложение	ще	0.021390
предложение	не	0.021390
предложение	но	0.016043
предложение	беше	0.016043
предложение	към	0.016043
предложението	на	0.395000
предложението	за	0.185000
предложението	е	0.095000
предложението	да	0.040000
предложението	си	0.040000
предложението	но	0.020000
предложението	не	0.020000
предложението	и	0.015000
предложението	бе	0.015000
предложението	му	0.015000
предложението	ще	0.015000
предпази	от	0.500000
предполагам	че	0.659091
предположим	че	1.000000
предпочитам	да	0.800000
представим	че	0.210526
представим	какво	0.157895
представлява	около	0.076923
представлява	от	0.038462
представлява	и	0.038462
представлява	най	0.038462
предупреждение	за	0.270270
предупреждение	и	0.162162
предупреждение	от	0.108108
предупреждение	към	0.081081
през	г	0.256892
през	последните	0.074127
през	година	0.036757
през	тази	0.022463
през	юни	0.020829
през	април	0.020829
през	март	0.020421
през	следващите	0.020012
през	годините	0.020012
през	юли	0.019400
през	нощта	0.018991
през	миналата	0.018583
през	ноември	0.018583
през	септември	0.016541
през	лятото	0.016541
през	февруари	0.016337
през	декември	0.015520
през	май	0.015315
през	януари	0.015111
през	октомври	0.014907
през	деня	0.013069
през	следващата	0.012865
през	август	0.011027
през	те	0.010823
през	зимата	0.010210
през	целия	0.009189
през	последното	0.009189
през	цялото	0.008985
през	първите	0.008781
през	този	0.008577
през	първото	0.008577
през	второто	0.008168
през	а	0.007964
през	уикенда	0.007556
през	това	0.007147
през	пролетта	0.006943
през	месец	0.006943
през	втората	0.006943
през	и	0.006535
през	последната	0.006126
президент	на	0.289474
президент	джо	0.096491
президент	и	0.070175
президент	александър	0.043860
президент	доналд	0.035088
президент	в	0.030702
президент	каза	0.030702
президент	е	0.030702
президент	си	0.021930
президент	да	0.021930
президент	се	0.017544
президент	ще	0.013158
президента	на	0.228758
президента	и	0.117647
президента	джо	0.071895
президента	е	0.065359
президента	в	0.039216
президента	да	0.039216
президента	за	0.032680
президента	се	0.026144
президента	петър	0.019608
президента	но	0.019608
президента	от	0.019608
премине	към	0.280000
премине	през	0.200000
премине	в	0.120000
премине	на	0.080000
престъпления	и	0.097826
престъпления	в	0.097826
престъпления	срещу	0.086957
престъпления	свързани	0.065217
престъпления	са	0.054348
престъпления	от	0.043478
престъпления	по	0.043478
престъпления	против	0.032609
престъпления	като	0.032609
приема	че	0.141026
приема	на	0.102564
приема	за	0.051282
приема	в	0.038462
приема	и	0.038462
приема	да	0.038462
приема	като	0.038462
приема	по	0.038462
прието	от	0.179487
прието	със	0.102564
прието	предложението	0.102564
прието	с	0.076923
прието	и	0.076923
приказка	от	0.285714
приключим	с	0.600000
приличаше	на	1.000000
пример	за	0.320513
пример	с	0.147436
пример	е	0.070513
пример	на	0.064103
пример	че	0.044872
пример	от	0.038462
пример	със	0.025641
пример	как	0.025641
пример	в	0.019231
принцеса	даяна	0.357143
приоритет	на	0.272727
приоритет	за	0.202020
приоритет	е	0.080808
приоритет	в	0.070707
приоритет	ще	0.060606
приоритет	и	0.050505
приоритет	от	0.030303
пристигнаха	в	0.470588
присъда	за	0.209302
присъда	от	0.162791
присъда	на	0.116279
присъедини	към	0.743590
присъедини	и	0.179487
присъства	на	0.484848
присъства	и	0.166667
присъства	в	0.136364
присъствие	на	0.384615
присъствие	в	0.338462
присъствие	и	0.076923
присъствие	за	0.046154
присъствието	на	0.666667
присъствието	си	0.157895
присъствието	му	0.052632
притежава	и	0.195122
притежава	в	0.073171
притежава	от	0.073171
притеснен	от	0.363636
притеснен	че	0.272727
притеснява	ме	0.185185
притеснява	от	0.111111
причина	за	0.432653
причина	да	0.130612
причина	е	0.053061
причина	че	0.024490
причина	се	0.024490
причина	и	0.016327
причина	той	0.016327
причина	в	0.016327
причина	не	0.016327
причина	поради	0.012245
причинил	смъртта	0.444444
причините	за	0.543689
причините	са	0.077670
причините	и	0.058252
причините	да	0.048544
причините	е	0.048544
причините	поради	0.038835
приятели	и	0.210938
приятели	на	0.156250
приятели	в	0.062500
приятели	които	0.031250
приятели	колеги	0.023438
приятели	близки	0.023438
приятели	от	0.023438
приятели	а	0.023438
приятелство	между	0.416667
приятелят	му	0.400000
приятелят	на	0.300000
програма	за	0.276680
програма	на	0.166008
програма	в	0.043478
програма	и	0.039526
програма	ще	0.035573
програма	с	0.031621
програма	която	0.031621
програма	развитие	0.027668
програма	от	0.023715
програма	е	0.019763
програма	достъп	0.015810
програма	по	0.011858
програма	беше	0.011858
програма	се	0.011858
програма	са	0.011858
продаде	от	0.150000
продължава	да	0.529412
продължава	и	0.067227
продължава	с	0.044818
продължава	в	0.025210
продължава	до	0.025210
продължава	под	0.022409
продължава	вече	0.019608
продължава	работата	0.016807
продължава	по	0.016807
продължава	от	0.016807
продължава	като	0.011204
продължава	тази	0.008403
продължава	на	0.008403
продължава	към	0.008403
продължава	своята	0.008403
продължавайте	да	1.000000
продължавам	да	0.750000
продължаваме	промяната	0.908142
продължаваме	да	0.050104
продължаваме	така	0.006263
прозорците	на	0.230769
произход	и	0.147059
произход	на	0.117647
промени	в	0.406417
промени	и	0.053476
промени	които	0.040107
промени	на	0.034759
промени	се	0.021390
промени	е	0.021390
промени	за	0.021390
промени	са	0.018717
промени	ще	0.013369
промени	позицията	0.013369
промени	живота	0.013369
промени	изцяло	0.010695
промени	по	0.010695
промени	бяха	0.010695
промени	но	0.010695
промени	начина	0.008021
промени	през	0.008021
промени	като	0.008021
промени	с	0.008021
промени	във	0.008021
промяна	в	0.335821
промяна	на	0.235075
промяна	и	0.041045
промяна	във	0.026119
промяна	но	0.022388
промяна	която	0.022388
промяна	няма	0.022388
промяна	не	0.014925
промяна	спрямо	0.014925
промяна	ще	0.014925
промяна	а	0.014925
промяна	има	0.014925
промяна	или	0.014925
промяна	за	0.014925
промяна	е	0.014925
промяна	да	0.011194
промяната	и	0.169811
промяната	в	0.107817
промяната	е	0.053908
промяната	на	0.051213
промяната	за	0.045822
промяната	ще	0.043127
промяната	се	0.029650
промяната	да	0.026954
промяната	не	0.021563
промяната	са	0.021563
промяната	няма	0.021563
промяната	с	0.018868
промяната	че	0.018868
промяната	като	0.016173
промяната	които	0.016173
промяната	каза	0.013477
промяната	ако	0.013477
промяната	също	0.010782
промяната	но	0.008086
промяната	след	0.008086
промяната	или	0.008086
промяната	вече	0.008086
промяната	стана	0.008086
прост	народ	0.272727
прост	и	0.227273
проучване	на	0.552381
проучване	за	0.085714
проучване	и	0.047619
проучване	от	0.038095
проучване	е	0.038095
проучване	в	0.028571
професия	и	0.166667
професор	по	0.297297
професор	в	0.162162
професор	и	0.081081
профил	на	0.190476
профил	във	0.142857
профил	и	0.142857
профил	в	0.119048
профил	който	0.071429
процедура	за	0.279279
процедура	по	0.252252
процедура	и	0.036036
процедура	на	0.027027
процедура	а	0.027027
процедура	срещу	0.027027
процедура	с	0.027027
процедура	да	0.027027
процедура	която	0.027027
процедура	е	0.027027
пръв	път	0.657407
пръв	поглед	0.222222
пръв	в	0.037037
пръстен	от	0.333333
психопат	и	0.750000
птици	са	0.115385
птици	и	0.115385
птици	в	0.115385
пусна	в	0.184211
пусна	на	0.078947
пълни	с	0.340426
пълни	глупости	0.191489
пълни	и	0.085106
първите	дни	0.100346
първите	три	0.069204
първите	две	0.062284
първите	два	0.058824
първите	месеца	0.044983
първите	си	0.041522
първите	шест	0.038062
първите	месеци	0.038062
първите	които	0.034602
първите	четири	0.027682
първите	пет	0.024221
първите	му	0.024221
първите	седмици	0.024221
първите	години	0.020761
първите	минути	0.017301
първите	часове	0.017301
първите	осем	0.017301
първите	от	0.013841
първите	места	0.010381
първите	двама	0.010381
първите	опити	0.010381
първите	жертви	0.010381
първите	седем	0.010381
първият	път	0.080247
първият	е	0.061728
първият	от	0.049383
първият	и	0.043210
първият	му	0.037037
първият	опит	0.024691
първият	ни	0.024691
първият	случай	0.024691
първият	в	0.024691
първият	етап	0.018519
първият	по	0.018519
първият	който	0.018519
първият	кръг	0.018519
първият	гол	0.018519
пътя	на	0.184834
пътя	към	0.175355
пътя	за	0.109005
пътя	си	0.075829
пътя	между	0.056872
пътя	от	0.033175
пътя	и	0.028436
пътя	в	0.018957
пътя	по	0.018957
пътя	е	0.014218
пътя	със	0.014218
пътя	му	0.014218
пясък	и	0.500000
работи	в	0.140065
работи	и	0.102606
работи	по	0.099349
работи	на	0.091205
работи	за	0.078176
работи	с	0.070033
работи	като	0.032573
работи	се	0.030945
работи	иван	0.017915
работи	от	0.014658
работи	но	0.014658
работи	без	0.011401
работи	само	0.009772
работи	при	0.009772
работи	сергей	0.009772
работи	до	0.008143
работи	със	0.008143
работи	е	0.006515
работи	там	0.006515
работи	още	0.006515
работи	не	0.006515
работи	ли	0.006515
работи	този	0.004886
работи	усилено	0.004886
работи	добре	0.004886
работи	върху	0.004886
работи	след	0.004886
работи	нормално	0.004886
работи	ще	0.004886
работи	заедно	0.004886
работим	за	0.200000
работим	с	0.170000
работим	заедно	0.120000
работим	в	0.120000
работим	по	0.090000
работим	от	0.030000
работим	със	0.030000
работят	в	0.159763
работят	по	0.097633
работят	за	0.088757
работят	с	0.073964
работят	и	0.068047
работят	на	0.062130
работят	заедно	0.032544
работят	от	0.026627
работят	със	0.023669
работят	над	0.023669
работят	само	0.020710
работят	като	0.011834
работят	души	0.011834
работят	нормално	0.011834
работят	служители	0.011834
работят	върху	0.011834
работят	срещу	0.008876
работят	три	0.008876
работят	много	0.008876
работят	или	0.008876
работят	да	0.008876
работят	във	0.008876
радвам	се	0.567568
радвам	че	0.351351
радиото	и	0.250000
раждането	на	0.481481
раждането	си	0.111111
раждането	е	0.111111
разбирам	защо	0.195652
разбирам	че	0.173913
разбирате	ли	0.312500
разбирате	че	0.187500
разбираш	от	0.400000
разбра	че	0.421053
разбра	от	0.175439
разбрал	че	0.368421
разбрал	за	0.315789
развива	в	0.111111
развива	и	0.095238
развива	през	0.063492
развива	бързо	0.047619
развитие	на	0.537538
развитие	и	0.174174
развитие	в	0.036036
развитие	е	0.027027
развитие	да	0.012012
развитие	ще	0.012012
развитие	с	0.012012
развитие	по	0.012012
развитие	през	0.009009
развитие	но	0.009009
развитие	тъй	0.009009
различна	от	0.285714
различна	степен	0.061224
различна	и	0.061224
разпит	на	0.241379
разпит	в	0.206897
разпит	за	0.103448
разполагаме	с	0.611111
разположение	на	0.250000
разположение	в	0.125000
разположение	и	0.125000
разрешение	за	0.534247
разрешение	от	0.164384
разрешение	да	0.123288
разрешение	на	0.054795
разузнаване	и	0.135135
разузнаване	на	0.108108
разузнаване	е	0.081081
разузнаване	не	0.081081
разумно	е	0.217391
разумно	да	0.217391
разумно	решение	0.130435
разходка	в	0.222222
разходка	и	0.166667
разходка	из	0.166667
рамките	на	0.989071
растат	с	0.117647
реагира	на	0.288889
реагира	и	0.133333
реагира	по	0.088889
реагира	с	0.066667
реалност	в	0.125000
реалността	е	0.181818
реалността	на	0.181818
реалността	и	0.136364
редакция	на	0.692308
редакция	и	0.230769
редно	да	0.500000
редно	е	0.181818
режисьор	на	0.388889
режисьор	и	0.222222
резултатът	е	0.418182
резултатът	от	0.236364
река	и	0.318182
ресурси	и	0.228070
ресурси	на	0.122807
ресурси	в	0.070175
ресурси	за	0.052632
ресурси	трябва	0.052632
ресурси	от	0.052632
решен	да	0.368421
решение	на	0.298869
решение	за	0.159935
решение	да	0.059774
решение	и	0.040388
решение	от	0.035541
решение	е	0.030695
решение	което	0.029079
решение	по	0.027464
решение	в	0.021002
решение	с	0.021002
решение	дали	0.014540
решение	ще	0.009693
решение	но	0.009693
решение	се	0.008078
решение	няма	0.008078
решение	как	0.008078
решение	не	0.008078
решение	г	0.006462
решение	преди	0.006462
решение	може	0.006462
решение	като	0.004847
решение	трябва	0.004847
решение	до	0.004847
решение	свързано	0.004847
решение	че	0.004847
решение	бе	0.004847
решение	тъй	0.004847
решение	след	0.004847
решение	каза	0.004847
решението	на	0.413551
решението	за	0.114486
решението	е	0.100467
решението	да	0.070093
решението	си	0.042056
решението	му	0.023364
решението	и	0.016355
решението	по	0.014019
решението	беше	0.014019
решението	не	0.011682
решението	се	0.011682
решението	което	0.009346
решението	дали	0.009346
решението	с	0.009346
решението	от	0.009346
решението	трябва	0.009346
решението	идва	0.009346
решението	като	0.007009
решението	бе	0.007009
решението	но	0.007009
решението	в	0.007009
решението	ще	0.007009
реши	да	0.388350
реши	че	0.092233
реши	дали	0.067961
реши	проблема	0.043689
реши	проблемите	0.029126
реши	и	0.019417
реши	на	0.019417
реши	от	0.019417
реши	как	0.014563
реши	правителството	0.014563
реши	с	0.014563
риба	и	0.161290
риба	в	0.129032
риба	на	0.096774
рим	а	0.111111
риск	от	0.335329
риск	за	0.179641
риск	да	0.059880
риск	който	0.041916
риск	е	0.041916
риск	в	0.035928
риск	и	0.029940
риск	ако	0.023952
риск	на	0.017964
риск	не	0.017964
риск	но	0.017964
рискува	да	0.733333
ритъм	на	0.500000
рода	си	0.548387
рода	на	0.225806
родители	и	0.179104
родители	на	0.134328
родители	които	0.089552
родители	ще	0.059701
родители	от	0.044776
родители	са	0.044776
родители	да	0.044776
рождения	ден	0.333333
рождения	си	0.333333
рождения	му	0.111111
рождения	й	0.111111
роля	в	0.300000
роля	на	0.178571
роля	за	0.121429
роля	и	0.057143
роля	е	0.028571
роля	във	0.028571
роля	при	0.021429
ръката	му	0.260870
ръце	и	0.259259
ръце	в	0.092593
ръце	са	0.092593
ръце	на	0.055556
ръце	зад	0.055556
с	това	0.024781
с	които	0.021557
с	по	0.018737
с	което	0.015916
с	тях	0.015110
с	цел	0.015010
с	него	0.014808
с	най	0.013901
с	която	0.013096
с	на	0.011887
с	тези	0.011887
с	русия	0.011383
с	много	0.010779
с	тази	0.010376
с	който	0.010174
с	над	0.010074
с	други	0.009872
с	всички	0.009771
с	една	0.009066
с	този	0.008260
с	около	0.008260
с	помощта	0.007555
с	две	0.007253
с	повече	0.007152
с	нея	0.007051
с	още	0.006246
с	един	0.005943
с	до	0.005540
с	и	0.005138
с	какво	0.005037
с	решение	0.004835
с	различни	0.004533
с	близо	0.004432
с	изключение	0.004332
с	процента	0.004130
с	участието	0.003828
с	нови	0.003828
с	нас	0.003425
с	в	0.003425
с	три	0.003224
само	за	0.111931
само	на	0.067245
само	в	0.056399
само	от	0.049024
само	с	0.048156
само	да	0.046421
само	че	0.040781
само	по	0.023861
само	един	0.021258
само	преди	0.019089
само	и	0.018221
само	една	0.016486
само	ако	0.016052
само	до	0.015618
само	едно	0.013449
само	ще	0.012581
само	се	0.012148
само	при	0.009978
само	защото	0.009544
само	като	0.009544
само	през	0.009111
само	след	0.009111
само	това	0.009111
само	не	0.008243
само	част	0.007375
само	няколко	0.007375
само	около	0.007375
само	дето	0.006941
само	две	0.006074
само	когато	0.005640
само	два	0.005206
само	върху	0.005206
само	те	0.005206
само	са	0.004772
само	ден	0.004772
само	заради	0.004772
само	тези	0.004338
само	към	0.004338
само	веднъж	0.004338
само	със	0.003905
свали	правителството	0.166667
свали	от	0.133333
свали	цената	0.100000
сватбата	на	0.222222
сватбата	им	0.166667
сватбата	си	0.166667
светия	кръст	0.750000
светлината	на	0.571429
светлината	в	0.285714
световна	война	0.740385
световна	класа	0.028846
световна	слава	0.028846
светът	се	0.197531
светът	ще	0.123457
светът	трябва	0.074074
светът	е	0.061728
светът	не	0.037037
светът	вече	0.037037
светът	на	0.037037
свидетел	на	0.405405
свидетел	по	0.162162
своето	място	0.072289
своето	мнение	0.072289
своето	развитие	0.060241
своето	бъдеще	0.048193
своето	влияние	0.048193
своето	желание	0.048193
своето	решение	0.048193
своето	семейство	0.036145
своите	клиенти	0.049327
своите	задължения	0.031390
своите	служители	0.031390
своите	собствени	0.026906
своите	цели	0.026906
своите	предложения	0.026906
своите	колеги	0.026906
своите	граници	0.022422
своите	умения	0.022422
своите	родители	0.022422
своите	решения	0.017937
своите	възможности	0.017937
своите	политически	0.017937
своите	услуги	0.013453
своите	действия	0.013453
своите	роднини	0.013453
своите	близки	0.013453
своите	позиции	0.013453
своите	деца	0.013453
своите	интереси	0.013453
своите	граждани	0.013453
своята	дейност	0.071856
своята	позиция	0.047904
своята	история	0.047904
своята	подкрепа	0.035928
своята	работа	0.029940
своята	кариера	0.023952
своята	цена	0.023952
своята	същност	0.023952
своята	сигурност	0.017964
своята	роля	0.017964
своята	благодарност	0.017964
своята	отговорност	0.017964
своята	страна	0.017964
своята	част	0.017964
своята	гледна	0.017964
своята	мисия	0.017964
своята	държава	0.017964
своята	страница	0.017964
свържем	с	1.000000
свързана	с	0.891892
свързана	със	0.067568
свършат	работата	0.333333
сгради	с	0.142857
сгради	и	0.132653
сгради	в	0.091837
сгради	които	0.081633
сгради	на	0.061224
сгради	се	0.051020
сгради	ще	0.030612
сгради	за	0.030612
сгради	да	0.030612
сделка	с	0.180328
сделка	за	0.147541
сделка	на	0.065574
сделка	е	0.049180
сделката	за	0.250000
сделката	е	0.147059
сделката	с	0.088235
сделката	на	0.058824
сделката	да	0.044118
сделки	за	0.210526
сделки	с	0.140351
сделки	и	0.070175
сделки	които	0.070175
сделки	в	0.070175
сделки	на	0.070175
север	от	0.272727
север	и	0.181818
сега	е	0.100087
сега	се	0.056571
сега	ще	0.046997
сега	в	0.026980
сега	не	0.026110
сега	са	0.026110
сега	да	0.025239
сега	и	0.021758
сега	обаче	0.019147
сега	има	0.018277
сега	с	0.017406
сега	за	0.015666
сега	когато	0.014795
сега	вече	0.013925
сега	си	0.013925
сега	трябва	0.013925
сега	на	0.012185
сега	имаме	0.012185
сега	те	0.011314
сега	няма	0.010444
сега	като	0.009574
сега	след	0.009574
сега	по	0.009574
сега	ние	0.008703
сега	от	0.008703
сега	най	0.008703
сега	какво	0.007833
сега	сме	0.007833
сега	той	0.006963
сега	отново	0.006092
сега	ако	0.006092
сега	това	0.006092
сега	може	0.006092
сега	имате	0.005222
сега	при	0.005222
сега	само	0.005222
сега	всичко	0.004352
сега	пак	0.004352
сега	всички	0.004352
сега	заради	0.004352
седмица	ще	0.068460
седмица	в	0.063570
седмица	от	0.051345
седмица	на	0.044010
седмица	след	0.039120
седмица	по	0.039120
седмица	се	0.039120
седмица	за	0.034230
седмица	и	0.026895
седмица	с	0.024450
седмица	е	0.022005
седмица	че	0.022005
седмица	да	0.019560
седмица	когато	0.014670
седмица	предаде	0.012225
седмица	той	0.012225
седмица	докато	0.012225
седмица	са	0.012225
седмица	или	0.012225
седмица	до	0.009780
седмица	което	0.009780
седмица	като	0.009780
седмица	не	0.007335
седмица	президентът	0.007335
седмица	но	0.007335
седмица	при	0.007335
седмица	а	0.007335
седмица	имаше	0.007335
седмица	все	0.007335
седмица	цените	0.007335
седмица	преди	0.007335
седмица	бе	0.007335
седмица	тя	0.007335
седмици	и	0.067961
седмици	в	0.067961
седмици	на	0.063107
седмици	след	0.063107
седмици	да	0.038835
седмици	от	0.038835
седмици	е	0.033981
седмици	се	0.033981
седмици	по	0.033981
седмици	за	0.024272
седмици	преди	0.024272
седмици	ще	0.019417
седмици	той	0.019417
седмици	са	0.019417
седмици	или	0.019417
седмици	с	0.014563
седмици	заради	0.014563
седмици	че	0.014563
секунди	пред	0.108696
секунди	преди	0.108696
секунди	след	0.086957
секунди	на	0.065217
секунди	и	0.065217
селото	и	0.092593
селото	е	0.074074
селото	има	0.055556
семейна	компания	0.300000
семействата	им	0.268293
семействата	на	0.170732
семействата	си	0.121951
семействата	ни	0.097561
семействата	и	0.097561
семействата	които	0.073171
семейството	си	0.208738
семейството	му	0.145631
семейството	на	0.097087
семейството	и	0.087379
семейството	се	0.067961
семейството	ми	0.058252
семейството	да	0.029126
семейството	й	0.029126
семейството	в	0.019417
семейството	ѝ	0.014563
семейството	от	0.014563
семейството	които	0.014563
сериозна	заплаха	0.084746
сериозна	опасност	0.067797
сериозна	и	0.067797
сериозна	връзка	0.050847
сериозна	част	0.050847
сети	да	0.500000
си	в	0.059498
си	и	0.047743
си	за	0.046147
си	на	0.033522
си	от	0.028443
си	е	0.027717
си	с	0.026847
си	да	0.022783
си	като	0.012335
си	по	0.012190
си	го	0.012045
си	че	0.011754
си	към	0.009723
си	във	0.008852
си	но	0.008417
си	а	0.007546
си	има	0.006820
си	ги	0.006675
си	се	0.006240
си	позволи	0.005369
си	през	0.004789
си	до	0.004354
си	той	0.004208
си	след	0.004208
си	живот	0.004208
си	я	0.003773
си	не	0.003773
си	със	0.003773
си	мисли	0.003628
си	върне	0.003628
си	или	0.003483
си	беше	0.003338
си	колега	0.003338
си	пред	0.003338
си	мислят	0.003193
си	защото	0.003193
си	прави	0.003047
си	отиде	0.002902
си	част	0.002757
си	задължения	0.002757
сигнали	за	0.368421
сигнали	от	0.115789
сигнали	на	0.063158
сигнали	че	0.052632
сигнали	до	0.042105
сигнали	в	0.031579
сигнали	и	0.031579
сигнали	срещу	0.031579
сигурна	че	0.225806
сигурна	и	0.129032
сигурна	среда	0.096774
сигурността	на	0.532468
сигурността	и	0.097403
сигурността	в	0.058442
сигурността	си	0.045455
сина	си	0.468085
сина	на	0.255319
сина	ми	0.127660
синовете	на	0.416667
синовете	му	0.250000
синьо	гориво	0.657143
синьо	и	0.114286
синьо	белите	0.114286
сирене	и	0.210526
сирене	с	0.157895
система	за	0.209581
система	на	0.188623
система	и	0.071856
система	в	0.056886
система	която	0.053892
система	е	0.047904
система	да	0.032934
система	от	0.017964
система	не	0.017964
система	има	0.014970
система	но	0.014970
система	а	0.011976
система	ще	0.011976
система	се	0.011976
система	по	0.011976
система	с	0.011976
система	като	0.011976
система	бяха	0.008982
система	работи	0.008982
склад	за	0.562500
скок	на	0.400000
скок	в	0.290909
скок	от	0.072727
скок	напред	0.054545
скочи	на	0.192308
скочи	до	0.115385
скочи	с	0.115385
скрие	от	0.400000
скъп	газ	0.259259
скъп	ток	0.148148
славата	на	0.357143
следващите	години	0.178571
следващите	дни	0.155844
следващите	месеци	0.110390
следващите	няколко	0.064935
следващите	месеца	0.058442
следващите	избори	0.055195
следващите	три	0.042208
следващите	седмици	0.042208
следващите	две	0.038961
следващите	шест	0.029221
следващите	пет	0.025974
следващите	стъпки	0.022727
следващите	два	0.019481
следващите	поколения	0.019481
следващите	часа	0.016234
следващите	минути	0.009740
следващите	си	0.009740
следващото	поколение	0.142857
следващото	правителство	0.142857
следващото	си	0.107143
следващото	ниво	0.107143
следите	от	0.440000
следите	на	0.200000
следите	й	0.120000
следователно	е	0.157895
следователно	това	0.105263
следователно	и	0.078947
службата	за	0.481481
службата	по	0.111111
слуховете	за	0.400000
слуховете	че	0.200000
случайно	не	0.080645
случайно	че	0.080645
случайно	в	0.080645
случайно	на	0.064516
случайно	и	0.064516
случайно	се	0.048387
случайно	защото	0.048387
случайно	или	0.048387
случило	в	0.218182
случило	с	0.145455
случило	на	0.054545
случило	това	0.054545
слънчевата	енергия	0.230769
см	а	0.090909
см	по	0.090909
см	след	0.090909
см	и	0.090909
сме	в	0.085234
сме	на	0.058824
сме	се	0.037215
сме	готови	0.033613
сме	да	0.030012
сме	че	0.028812
сме	го	0.026411
сме	по	0.024010
сме	били	0.024010
сме	си	0.024010
сме	за	0.022809
сме	много	0.022809
сме	имали	0.019208
сме	свидетели	0.018007
сме	и	0.015606
сме	от	0.015606
сме	тук	0.014406
сме	наясно	0.013205
сме	длъжни	0.012005
сме	най	0.012005
сме	заедно	0.012005
сме	сигурни	0.012005
сме	видели	0.012005
сме	във	0.009604
сме	ние	0.008403
сме	ги	0.008403
сме	направили	0.008403
сме	част	0.007203
сме	с	0.007203
сме	като	0.007203
сме	ли	0.007203
сме	доволни	0.007203
сме	изключително	0.006002
сме	свързани	0.006002
сме	съгласни	0.006002
сме	до	0.006002
сме	дали	0.006002
сме	живи	0.004802
сме	благодарни	0.004802
сме	чували	0.004802
смелост	и	0.307692
сметките	за	0.349398
сметките	на	0.192771
сметките	си	0.120482
сметките	им	0.060241
сметките	и	0.036145
смърт	на	0.166667
смърт	в	0.125000
смърт	по	0.069444
смърт	и	0.055556
смърт	ако	0.041667
смърт	не	0.041667
смърт	за	0.041667
смърт	във	0.041667
смяна	на	0.718750
смяна	в	0.046875
смятат	че	0.668874
смятат	за	0.105960
смятат	от	0.079470
смятат	да	0.052980
снимки	на	0.316547
снимки	от	0.201439
снимки	и	0.115108
снимки	с	0.057554
снимки	в	0.035971
снимки	но	0.021583
снимки	които	0.021583
собствена	политика	0.148148
собствена	марка	0.111111
собствени	средства	0.326531
собствени	нужди	0.122449
собствени	факти	0.061224
собствени	правила	0.061224
собствения	си	0.800000
социалните	услуги	0.185185
социалните	партньори	0.111111
спалнята	на	0.400000
спалнята	му	0.200000
спешна	помощ	0.555556
спешна	медицинска	0.206349
спешна	среща	0.079365
спешно	да	0.454545
спешно	трябва	0.068182
спешно	отделение	0.068182
спешно	се	0.068182
списъка	с	0.305556
списъка	на	0.291667
списъка	със	0.125000
списъка	си	0.055556
списъка	от	0.055556
спокоен	и	0.222222
спокоен	ден	0.166667
спокойствие	и	0.307692
спокойствие	в	0.153846
спокойствие	на	0.115385
споменава	за	0.258065
споменава	че	0.161290
споменава	в	0.096774
споменава	името	0.096774
спомените	на	0.363636
спомняш	ли	0.750000
способности	на	0.218750
способности	в	0.156250
способности	за	0.093750
способности	да	0.093750
справи	с	0.607843
справи	със	0.078431
спре	да	0.245614
спре	с	0.070175
спре	войната	0.061404
спре	и	0.043860
спре	до	0.035088
спре	тази	0.035088
спре	в	0.026316
спре	русия	0.026316
спрете	да	0.250000
спрете	с	0.166667
спрял	да	0.235294
спрял	на	0.176471
сравнение	с	0.665236
сравнение	със	0.150215
сравнение	за	0.030043
сравнение	през	0.025751
сравнение	в	0.021459
сравнение	между	0.017167
сравнение	при	0.012876
срам	и	0.218750
срам	за	0.218750
срам	от	0.125000
срам	да	0.125000
среда	и	0.440860
среда	в	0.080645
среда	за	0.075269
среда	на	0.053763
среда	се	0.026882
среда	като	0.021505
среда	са	0.016129
среда	от	0.016129
среда	която	0.016129
среда	а	0.016129
срещнат	с	0.260870
срещнат	в	0.173913
срещнат	на	0.130435
срок	от	0.228070
срок	до	0.185965
срок	за	0.164912
срок	на	0.063158
срок	в	0.056140
срок	след	0.024561
срок	да	0.021053
срок	но	0.017544
срок	пред	0.017544
срок	и	0.017544
срок	се	0.010526
срок	а	0.010526
стаите	на	0.400000
станали	жертва	0.200000
станали	част	0.120000
станали	свидетели	0.120000
станаха	толкова	0.063830
станция	в	0.181818
станция	за	0.181818
станция	на	0.136364
старши	треньор	0.285714
старши	комисар	0.250000
стая	с	0.150000
стая	в	0.125000
стая	и	0.100000
стая	на	0.100000
стая	е	0.075000
стая	за	0.075000
стени	и	0.461538
стигне	до	0.823077
стигне	и	0.030769
стигнем	до	0.608696
стигнем	дотам	0.130435
стоиш	в	0.600000
странно	е	0.138889
странно	но	0.111111
странно	как	0.083333
страст	и	0.285714
страст	към	0.214286
страха	и	0.333333
страхуват	от	0.523810
страхуват	че	0.190476
страхуват	да	0.142857
страшно	много	0.320000
струва	да	0.090164
струва	че	0.081967
струва	на	0.073770
струва	това	0.057377
струва	около	0.057377
струва	ми	0.049180
струва	по	0.032787
струва	много	0.032787
струва	между	0.024590
струва	евро	0.024590
струва	си	0.024590
струва	един	0.024590
студенти	от	0.164179
студенти	и	0.134328
студенти	в	0.119403
студенти	по	0.059701
студенти	които	0.059701
студенти	са	0.044776
стълбите	на	0.800000
стъпка	по	0.140351
стъпка	към	0.105263
стъпка	от	0.096491
стъпка	в	0.096491
стъпка	за	0.070175
стъпка	е	0.052632
стъпка	и	0.043860
стъпка	напред	0.035088
стъпка	назад	0.035088
стъпка	ще	0.026316
стъпка	преди	0.026316
су	св	0.526316
събитие	в	0.200000
събитие	на	0.093333
събитие	за	0.093333
събитие	което	0.080000
събитие	с	0.053333
събитие	от	0.040000
събитие	е	0.040000
събитие	ще	0.040000
събитие	но	0.040000
съвсем	скоро	0.137168
съвсем	ясно	0.066372
съвсем	наскоро	0.057522
съвсем	не	0.053097
съвсем	различна	0.048673
съвсем	друго	0.039823
съвсем	различно	0.039823
съвсем	друга	0.030973
съвсем	различни	0.030973
съвсем	различен	0.022124
съвсем	ще	0.022124
съвсем	друг	0.017699
съвсем	се	0.017699
съвсем	в	0.017699
съвсем	малко	0.013274
съвсем	малка	0.013274
съвсем	малки	0.013274
съвсем	така	0.013274
съвсем	спокойно	0.013274
съгласен	с	0.408163
съгласен	съм	0.183673
съгласен	че	0.102041
съгласен	да	0.081633
съгласен	и	0.061224
съгласие	за	0.264706
съгласие	между	0.088235
съгласие	по	0.088235
съгласие	на	0.088235
съгласие	с	0.058824
съгласие	че	0.044118
съгласие	и	0.044118
съгласие	от	0.044118
съгласие	в	0.044118
съгласие	относно	0.044118
съглася	с	0.750000
съди	по	0.400000
създадени	от	0.219512
създадени	са	0.097561
създадени	условия	0.073171
създадени	за	0.073171
създадени	и	0.073171
създадени	с	0.073171
съзнание	че	0.272727
съмнение	че	0.403509
съмнение	за	0.157895
съмнение	ще	0.105263
съмнение	в	0.052632
съобщението	на	0.428571
съобщението	за	0.125000
съобщението	се	0.089286
съобщението	си	0.053571
съобщенията	за	0.210526
съобщи	че	0.354348
съобщи	за	0.082609
съобщи	в	0.076087
съобщи	днес	0.056522
съобщи	на	0.047826
съобщи	министерството	0.023913
съобщи	нова	0.019565
съобщи	още	0.019565
съобщи	би	0.017391
съобщи	кметът	0.017391
съобщи	агенция	0.017391
съобщи	във	0.015217
съобщи	и	0.015217
съобщи	по	0.013043
съобщи	той	0.013043
съобщи	пред	0.013043
съобщи	заместник	0.010870
съобщи	министър	0.008696
съобщи	новината	0.006522
съобщи	вчера	0.006522
съобщи	преди	0.006522
съобщи	вестник	0.006522
съобщи	агенцията	0.006522
съобщи	директорът	0.006522
съпруга	си	0.288462
съпруга	на	0.211538
съпруга	й	0.076923
сърцата	на	0.476190
сърцата	и	0.190476
състояние	на	0.388889
състояние	да	0.104938
състояние	и	0.092593
състояние	е	0.037037
състояние	в	0.030864
състояние	а	0.030864
състояние	с	0.018519
състояние	за	0.018519
състояние	през	0.018519
състояние	се	0.018519
същи	ден	0.148148
същите	тези	0.197802
същите	като	0.087912
същите	които	0.043956
същите	са	0.043956
същите	хора	0.032967
същите	както	0.032967
същия	период	0.290179
същия	ден	0.160714
същия	начин	0.147321
същия	месец	0.084821
същия	дух	0.017857
същия	град	0.017857
същия	район	0.017857
същия	срок	0.013393
същия	модел	0.013393
същия	момент	0.013393
същият	е	0.181818
същият	този	0.068182
същността	на	0.857143
същото	време	0.662011
същото	се	0.033520
същото	важи	0.027933
същото	като	0.016760
същото	място	0.013966
същото	и	0.011173
същото	за	0.011173
същото	е	0.011173
същото	мнение	0.011173
същото	ниво	0.008380
сянка	и	0.250000
та	да	0.099476
та	и	0.057592
та	минута	0.047120
та	година	0.047120
та	не	0.041885
та	дори	0.036649
та	има	0.020942
та	е	0.015707
та	са	0.015707
та	ще	0.015707
та	в	0.015707
та	чак	0.015707
та	на	0.015707
та	си	0.015707
тайна	че	0.285714
тайна	е	0.095238
тайна	за	0.071429
тайната	на	0.500000
танци	и	0.312500
танци	на	0.187500
твоят	ден	0.375000
твърдо	гориво	0.243243
твърдо	против	0.135135
твърдо	зад	0.108108
твърдо	за	0.081081
те	са	0.222747
те	не	0.076824
те	ще	0.063090
те	се	0.048069
те	да	0.044635
те	години	0.038197
те	трябва	0.026609
те	бяха	0.025322
те	могат	0.022747
те	имат	0.020172
те	и	0.012446
те	си	0.012446
те	също	0.009871
те	вече	0.008584
те	няма	0.006438
те	е	0.006438
те	искат	0.006438
те	в	0.006009
те	за	0.005150
те	работят	0.005150
те	на	0.005150
те	обаче	0.004721
те	нямат	0.004292
те	правят	0.004292
те	винаги	0.004292
те	дори	0.003863
те	твърдят	0.003863
те	го	0.003863
те	казват	0.003433
те	били	0.003433
те	казаха	0.003433
те	наистина	0.003433
те	му	0.003433
те	знаят	0.003433
те	от	0.003004
те	просто	0.003004
те	биха	0.003004
те	може	0.003004
те	най	0.003004
те	страни	0.003004
театър	в	0.159420
театър	на	0.115942
театър	иван	0.101449
театър	да	0.057971
театър	софия	0.057971
театър	и	0.043478
тела	на	0.277778
тела	и	0.166667
телевизора	и	0.444444
телефон	за	0.136364
телефон	е	0.113636
телефон	и	0.113636
телефон	на	0.113636
телефон	с	0.068182
телефона	и	0.190476
телефона	на	0.158730
телефона	си	0.126984
телефона	с	0.095238
телефонен	разговор	0.941176
тема	на	0.095238
тема	която	0.079365
тема	е	0.079365
тема	в	0.071429
тема	по	0.055556
тема	от	0.039683
тема	за	0.039683
тема	и	0.031746
тема	ще	0.031746
тема	с	0.031746
температурата	на	0.656250
температурата	в	0.125000
теорията	на	0.400000
теорията	за	0.400000
технология	за	0.238095
технология	на	0.142857
технология	и	0.142857
технологията	за	0.304348
технологията	на	0.130435
технологията	е	0.130435
то	е	0.149888
то	не	0.068233
то	ще	0.065996
то	се	0.045861
то	да	0.035794
то	и	0.030201
то	в	0.024609
то	беше	0.022371
то	може	0.022371
то	това	0.019016
то	няма	0.017897
то	трябва	0.017897
то	с	0.016779
то	на	0.015660
то	за	0.014541
то	място	0.014541
то	бе	0.014541
то	по	0.011186
то	само	0.010067
то	той	0.008949
то	поне	0.007830
то	те	0.007830
то	си	0.007830
то	от	0.007830
то	тогава	0.006711
то	какво	0.006711
то	бива	0.006711
то	най	0.005593
то	като	0.005593
то	точно	0.005593
то	много	0.005593
то	сега	0.004474
то	през	0.004474
то	във	0.004474
то	тази	0.004474
то	без	0.004474
то	представлява	0.004474
то	ако	0.004474
то	ни	0.004474
то	има	0.003356
това	е	0.200298
това	което	0.049445
това	не	0.049102
това	ще	0.042463
това	са	0.041090
това	че	0.040174
това	се	0.040174
това	да	0.031819
това	каза	0.018084
това	означава	0.012934
това	може	0.012132
това	беше	0.011903
това	съобщи	0.011789
това	обаче	0.011674
това	в	0.010072
това	време	0.010072
това	на	0.009843
това	би	0.009843
това	как	0.009500
това	за	0.009271
това	и	0.009156
това	няма	0.009042
това	стана	0.008470
това	става	0.007554
това	трябва	0.007440
това	решение	0.006295
това	с	0.005952
това	от	0.005952
това	обяви	0.005379
това	число	0.004922
това	го	0.004807
това	вече	0.004693
това	бе	0.004693
това	нещо	0.004464
това	отношение	0.004235
това	по	0.004006
това	правителство	0.003777
това	какво	0.003434
това	ли	0.003434
това	дали	0.003319
този	начин	0.101963
този	път	0.066539
този	момент	0.061273
този	въпрос	0.044998
този	етап	0.033030
този	ден	0.026328
този	случай	0.024414
този	месец	0.023935
този	който	0.023456
този	период	0.022499
този	на	0.021541
този	процес	0.018191
този	вид	0.018191
този	човек	0.018191
този	тип	0.014361
този	проект	0.013882
този	проблем	0.013404
този	повод	0.012925
този	смисъл	0.012925
този	фон	0.012446
този	сезон	0.011967
този	ход	0.008617
този	свят	0.008617
този	пост	0.008138
този	в	0.008138
този	вариант	0.007659
този	подход	0.007180
този	план	0.007180
този	модел	0.007180
този	закон	0.006702
този	конфликт	0.006223
този	договор	0.005744
този	срок	0.005744
този	списък	0.005744
този	факт	0.005744
този	за	0.005266
този	район	0.005266
този	кабинет	0.005266
този	нов	0.004787
този	пазар	0.004787
тока	и	0.200000
тока	за	0.126316
тока	в	0.084211
тока	от	0.063158
тока	на	0.052632
тока	не	0.031579
тока	е	0.031579
топ	на	0.333333
топ	в	0.062500
топло	и	0.275862
топло	или	0.103448
точка	на	0.318681
точка	от	0.076923
точка	за	0.071429
точка	в	0.060440
точка	е	0.060440
точка	и	0.038462
точка	по	0.021978
точка	към	0.021978
точка	у	0.016484
травма	и	0.307692
традиция	на	0.122807
традиция	в	0.087719
традиция	и	0.070175
традиция	да	0.052632
традиция	която	0.052632
традиция	от	0.052632
трета	от	0.303279
трета	лига	0.131148
трета	световна	0.057377
трета	доза	0.049180
трета	година	0.032787
трета	са	0.032787
трета	победа	0.024590
трета	е	0.024590
трета	с	0.024590
трета	позиция	0.024590
трета	в	0.024590
третата	по	0.148936
третата	си	0.085106
третата	фаза	0.063830
третата	процедура	0.063830
три	години	0.137763
три	месеца	0.131280
три	пъти	0.098865
три	дни	0.077796
три	от	0.051864
три	седмици	0.043760
три	часа	0.025932
три	четвърти	0.017828
три	деца	0.012966
три	и	0.011345
три	победи	0.011345
три	милиарда	0.011345
три	нови	0.011345
три	точки	0.011345
три	различни	0.011345
три	до	0.009724
три	минути	0.009724
три	или	0.008104
три	четири	0.008104
три	страни	0.008104
три	места	0.008104
три	неща	0.008104
три	милиона	0.006483
три	процента	0.006483
три	мача	0.006483
три	вида	0.004862
три	в	0.004862
три	града	0.004862
три	тежки	0.004862
три	метра	0.004862
три	банки	0.004862
три	листа	0.004862
три	на	0.004862
три	гола	0.004862
три	са	0.004862
тримата	са	0.206897
труден	избор	0.148148
труден	и	0.111111
труден	период	0.111111
труп	на	0.800000
тръгнал	от	0.228571
тръгнал	да	0.171429
тръгнал	към	0.085714
тръгнал	за	0.085714
трябва	да	0.921375
трябва	ли	0.006278
трябва	и	0.004484
трябва	много	0.002990
трябва	за	0.002392
трябва	ще	0.001794
трябва	спешно	0.001794
трябва	също	0.001794
трябва	първо	0.001495
трябва	време	0.001495
трябва	ясно	0.001495
трябва	някой	0.001495
трябва	по	0.001495
трябва	само	0.001495
трябва	не	0.001196
трябва	в	0.001196
трябва	се	0.001196
трябва	бързо	0.001196
трябва	незабавно	0.001196
трябва	всеки	0.001196
трябва	още	0.001196
трябва	ни	0.001196
трябва	обаче	0.001196
трябва	има	0.000897
трябва	сериозно	0.000897
трябва	отново	0.000897
трябва	най	0.000897
трябва	или	0.000897
трябва	внимателно	0.000897
трябват	още	0.093750
трябват	и	0.093750
тъжно	е	0.500000
търговец	на	0.363636
търсим	подкрепа	0.111111
търсите	в	0.214286
тях	са	0.166388
тях	е	0.076923
тях	се	0.056020
тях	не	0.052676
тях	и	0.052676
тях	ще	0.035117
тях	да	0.027592
тях	има	0.023411
тях	в	0.019231
тях	за	0.017559
тях	бяха	0.015050
тях	с	0.013378
тях	няма	0.010870
тях	от	0.010033
тях	като	0.010033
тях	на	0.010033
тях	а	0.010033
тях	може	0.009197
тях	но	0.008361
тях	по	0.006689
тях	бе	0.006689
тях	това	0.006689
тях	защото	0.005853
тях	обаче	0.005853
тях	тя	0.005853
тях	вече	0.005853
тях	ги	0.005017
тях	трябва	0.005017
тях	им	0.005017
тях	само	0.005017
тях	тъй	0.004181
тях	могат	0.004181
тях	той	0.004181
тях	че	0.004181
тях	през	0.003344
тях	както	0.003344
тях	или	0.003344
тях	все	0.003344
тях	така	0.003344
тях	пише	0.003344
тяхна	страна	0.264706
тяхна	информация	0.117647
тяхна	територия	0.088235
тяхната	работа	0.052632
тяхната	сигурност	0.052632
тяхната	държава	0.052632
убеден	че	0.591837
убеден	съм	0.244898
убеден	е	0.102041
убийството	на	0.647887
убийството	в	0.070423
убийството	му	0.042254
удара	с	0.133333
удара	на	0.100000
удара	е	0.100000
удоволствието	да	0.500000
улица	в	0.465116
улица	на	0.069767
уменията	си	0.500000
умират	в	0.192308
умират	хора	0.153846
умират	от	0.153846
умишлено	престъпление	0.157895
умишлено	се	0.105263
умишлено	е	0.105263
умишлено	или	0.078947
университет	в	0.225806
университет	св	0.193548
университет	и	0.072581
университет	софия	0.048387
университет	по	0.032258
университет	а	0.032258
университет	за	0.024194
университет	във	0.024194
университет	на	0.024194
университет	е	0.024194
употреба	на	0.814159
употреба	в	0.026549
усети	и	0.235294
усещане	за	0.606061
усещане	че	0.090909
усещането	че	0.428571
усещането	за	0.392857
условие	за	0.328125
условие	че	0.250000
условие	в	0.062500
условие	е	0.062500
условие	обаче	0.046875
условие	да	0.046875
условията	на	0.445122
условията	за	0.201220
условията	в	0.067073
условията	и	0.067073
условията	по	0.036585
условията	които	0.030488
условията	при	0.024390
условията	са	0.018293
условията	си	0.018293
успее	да	0.703704
успее	ли	0.055556
успеем	да	0.821429
успя	да	0.892086
успя	за	0.021583
успял	да	0.857143
успях	да	0.900000
уста	на	0.300000
устройство	на	0.375000
утре	ще	0.129944
утре	в	0.062147
утре	да	0.056497
утре	на	0.045198
утре	е	0.039548
утре	от	0.033898
утре	ако	0.022599
утре	не	0.022599
утре	вечер	0.022599
утре	за	0.022599
утре	започва	0.016949
утре	може	0.016949
утре	и	0.016949
утре	отново	0.016949
утре	август	0.016949
утро	на	0.666667
участваш	в	0.800000
участието	на	0.536364
участието	си	0.236364
участието	в	0.045455
участието	и	0.045455
участието	му	0.027273
участъка	от	0.292683
участъка	между	0.146341
участъка	на	0.121951
участъка	в	0.097561
училища	в	0.247423
училища	и	0.154639
училища	детски	0.072165
училища	които	0.061856
училища	по	0.051546
училища	да	0.051546
училища	от	0.041237
училища	на	0.030928
училища	се	0.030928
училището	е	0.134615
училището	в	0.134615
училището	на	0.115385
училището	по	0.057692
училището	се	0.057692
учим	от	0.375000
ушите	и	0.250000
фаза	на	0.519231
фаза	в	0.076923
фаза	и	0.057692
фактите	са	0.162162
фактите	в	0.108108
фактите	и	0.108108
фактите	за	0.081081
фактите	които	0.081081
фалшив	паспорт	0.300000
фалшиви	новини	0.526316
февруари	г	0.164234
февруари	и	0.058394
февруари	ще	0.047445
февруари	когато	0.043796
февруари	в	0.036496
февруари	а	0.029197
февруари	за	0.021898
февруари	година	0.021898
февруари	от	0.021898
февруари	по	0.018248
февруари	са	0.018248
февруари	се	0.018248
февруари	месец	0.018248
февруари	т	0.018248
февруари	март	0.018248
февруари	е	0.018248
февруари	тази	0.014599
февруари	до	0.014599
февруари	да	0.014599
февруари	досега	0.014599
февруари	следващата	0.014599
февруари	или	0.010949
февруари	предаде	0.010949
февруари	насам	0.010949
федерацията	на	0.375000
фен	на	0.629630
фенове	на	0.254545
фенове	които	0.090909
фенове	и	0.054545
фенове	по	0.054545
фенове	в	0.054545
фирма	която	0.164948
фирма	за	0.134021
фирма	на	0.051546
фирма	в	0.041237
фирма	са	0.041237
фирма	и	0.041237
фирма	от	0.030928
фирма	с	0.030928
фирма	да	0.030928
фирма	също	0.030928
фирмата	на	0.138889
фирмата	е	0.120370
фирмата	която	0.111111
фирмата	за	0.083333
фирмата	си	0.046296
фирмата	му	0.027778
фирмата	се	0.027778
фирмата	в	0.027778
фирмата	от	0.027778
фирмата	ще	0.027778
фонд	за	0.235955
фонд	култура	0.123596
фонд	на	0.123596
фонд	и	0.044944
фонд	сигурност	0.044944
фонд	е	0.044944
фонд	който	0.044944
фонд	в	0.044944
фонд	да	0.033708
форми	на	0.615385
форми	за	0.102564
форми	и	0.076923
хаос	и	0.256410
хаос	в	0.256410
хареса	на	0.250000
харесва	на	0.177778
харесва	това	0.111111
харесва	и	0.066667
харесва	е	0.066667
харесва	ми	0.066667
хари	и	0.187500
хич	не	0.666667
хладилника	и	0.500000
хляб	и	0.187500
хляб	е	0.083333
хляб	ще	0.062500
хляб	за	0.062500
хляб	на	0.062500
хотела	в	0.107143
хранене	и	0.205882
хранят	с	0.363636
хубави	и	0.172414
хубави	неща	0.172414
хубаво	да	0.182796
хубаво	е	0.161290
хубаво	че	0.064516
хубаво	в	0.043011
хубаво	и	0.043011
хубаво	си	0.032258
хубаво	от	0.032258
хубаво	ама	0.032258
хубаво	всеки	0.032258
хубаво	за	0.032258
хубаво	с	0.032258
художник	който	0.272727
цветя	и	0.222222
цветя	на	0.194444
цветя	от	0.111111
цветя	в	0.083333
цели	да	0.164444
цели	на	0.115556
цели	и	0.088889
цели	в	0.062222
цели	за	0.048889
цели	години	0.035556
цели	които	0.031111
цели	по	0.026667
цели	като	0.022222
цели	са	0.022222
цели	три	0.013333
цели	пъти	0.013333
целта	е	0.345679
целта	на	0.271605
целта	ни	0.040123
целта	си	0.030864
целта	ще	0.024691
целта	му	0.024691
целта	да	0.021605
целта	за	0.018519
целта	им	0.018519
целта	от	0.015432
целта	са	0.015432
целта	била	0.012346
целта	се	0.012346
целта	трябва	0.012346
целта	обаче	0.009259
целта	беше	0.009259
цените	на	0.605882
цените	са	0.042647
цените	в	0.035294
цените	за	0.035294
цените	и	0.022059
цените	се	0.019118
цените	с	0.016176
цените	да	0.014706
цените	ще	0.011765
цените	които	0.011765
цените	от	0.010294
цените	си	0.010294
цените	през	0.010294
цените	им	0.008824
цените	по	0.007353
цените	обаче	0.005882
цените	не	0.004412
цените	това	0.004412
цените	а	0.004412
цените	при	0.004412
цените	у	0.004412
цените	като	0.004412
цените	трябва	0.004412
центъра	на	0.590164
центъра	за	0.213115
центъра	и	0.020492
центъра	в	0.016393
центъра	а	0.012295
центъра	са	0.012295
центъра	по	0.012295
церемонията	по	0.363636
церемонията	се	0.072727
церемонията	ще	0.072727
церемонията	в	0.054545
церемонията	за	0.054545
цивилни	граждани	0.133333
цивилни	са	0.133333
цивилни	от	0.100000
цивилни	жертви	0.083333
цивилни	в	0.066667
цивилни	и	0.066667
цялата	страна	0.347682
цялата	тази	0.052980
цялата	държава	0.043046
цялата	си	0.026490
цялата	година	0.026490
цялата	система	0.023179
цялата	информация	0.023179
цялата	г	0.023179
цялата	област	0.019868
цялата	работа	0.019868
цялата	сума	0.016556
цялата	територия	0.016556
цялата	ни	0.016556
цялата	истина	0.016556
цялата	отговорност	0.016556
цялата	им	0.013245
цялата	кампания	0.009934
цялата	история	0.009934
цялата	земя	0.009934
цялата	му	0.009934
цялата	верига	0.009934
цялата	власт	0.009934
цялата	компания	0.009934
цялото	време	0.327586
цялото	си	0.094828
цялото	общество	0.077586
цялото	тяло	0.043103
цялото	това	0.043103
цялото	село	0.043103
цялото	семейство	0.034483
цялото	ни	0.025862
цялото	внимание	0.025862
цялото	лято	0.025862
цялото	интервю	0.025862
цялото	му	0.025862
цялото	ми	0.025862
чак	толкова	0.209302
чак	до	0.151163
чак	сега	0.093023
чак	след	0.081395
чак	такова	0.058140
чак	на	0.046512
чак	в	0.034884
чак	не	0.034884
чакам	да	0.238095
чакаме	и	0.166667
чакаме	да	0.166667
чакат	да	0.162791
чакат	на	0.093023
чакат	с	0.069767
челси	роман	0.190476
челси	и	0.142857
червената	армия	0.388889
червената	зона	0.222222
черния	дроб	0.368421
черния	пазар	0.210526
черния	петък	0.157895
честни	избори	0.428571
честни	и	0.214286
често	се	0.185294
често	е	0.050000
често	са	0.050000
често	и	0.029412
често	в	0.026471
често	не	0.023529
често	от	0.020588
често	пъти	0.020588
често	да	0.020588
често	си	0.017647
често	търсят	0.014706
често	с	0.014706
често	на	0.014706
често	ще	0.011765
често	ни	0.011765
често	сме	0.011765
често	отколкото	0.011765
често	по	0.008824
често	до	0.008824
често	има	0.008824
често	заради	0.008824
често	за	0.008824
често	това	0.008824
често	хората	0.008824
често	ме	0.008824
често	те	0.008824
често	но	0.008824
четири	години	0.218274
четири	пъти	0.086294
четири	дни	0.071066
четири	от	0.071066
четири	месеца	0.055838
четири	часа	0.050761
четири	очи	0.035533
четири	седмици	0.020305
четири	мача	0.015228
четири	деца	0.015228
четири	минути	0.015228
четири	милиона	0.015228
чий	е	0.750000
число	и	0.301587
число	на	0.111111
число	се	0.047619
чист	въздух	0.411765
чист	и	0.176471
член	на	0.772487
член	от	0.074074
член	е	0.047619
членове	на	0.752632
членове	от	0.047368
членове	и	0.036842
членове	ще	0.015789
човек	който	0.114173
човек	да	0.076772
човек	е	0.064961
човек	и	0.053150
човек	в	0.049213
човек	на	0.047244
човек	от	0.047244
човек	не	0.043307
човек	с	0.039370
човек	може	0.031496
човек	трябва	0.023622
човек	за	0.021654
човек	би	0.015748
човек	си	0.013780
човек	по	0.013780
човек	че	0.011811
човек	без	0.011811
човек	няма	0.009843
човек	или	0.009843
човек	има	0.007874
човек	със	0.007874
човек	като	0.007874
човек	преди	0.005906
човек	при	0.005906
човек	са	0.005906
човек	винаги	0.005906
човек	знае	0.005906
човек	а	0.005906
човек	след	0.005906
човек	беше	0.005906
човек	каза	0.005906
човек	иска	0.005906
човек	когото	0.005906
човек	заради	0.005906
човек	се	0.005906
човек	трудно	0.005906
човекът	който	0.171875
човекът	е	0.062500
човекът	с	0.062500
човекът	в	0.046875
човекът	от	0.046875
човекът	и	0.046875
човекът	на	0.046875
чувал	за	0.333333
чувства	добре	0.102041
чувства	че	0.061224
чувства	в	0.061224
чувства	и	0.061224
чувства	като	0.061224
чувстват	като	0.142857
чувстват	част	0.107143
чувстват	добре	0.107143
чувството	че	0.310345
чувството	за	0.206897
чувството	на	0.103448
чуе	и	0.250000
чужбина	и	0.118280
чужбина	за	0.075269
чужбина	не	0.064516
чужбина	в	0.064516
чужбина	да	0.053763
чужбина	с	0.043011
чужбина	е	0.043011
чужбина	от	0.032258
чужбина	където	0.032258
чужбина	са	0.032258
чул	за	0.160000
шампанско	и	0.428571
шансове	да	0.370370
шансове	за	0.222222
шеф	на	0.790909
шеф	и	0.054545
шеф	в	0.036364
шефа	на	0.833333
шефа	си	0.083333
шефът	на	0.912281
шок	в	0.121212
шок	и	0.090909
шофьора	на	0.391304
шофьора	който	0.130435
щастливо	семейство	0.600000
щата	ню	0.142857
щетите	са	0.166667
щетите	за	0.111111
щетите	от	0.083333
щетите	които	0.083333
щетите	по	0.083333
щетите	и	0.083333
щом	си	0.058824
щом	е	0.047059
щом	има	0.047059
щом	се	0.047059
щом	толкова	0.035294
щом	може	0.035294
щяха	да	0.977778
юг	и	0.264706
юг	от	0.117647
юли	г	0.170968
юли	в	0.061290
юли	и	0.054839
юли	от	0.045161
юли	на	0.035484
юли	година	0.032258
юли	тази	0.029032
юли	а	0.029032
юли	е	0.029032
юли	се	0.022581
юли	ще	0.022581
юли	да	0.019355
юли	след	0.016129
юли	т	0.016129
юли	миналата	0.016129
юли	вторник	0.016129
юли	че	0.012903
юли	като	0.012903
юли	или	0.012903
юли	с	0.012903
юли	август	0.012903
юли	до	0.012903
юли	около	0.012903
юли	за	0.012903
юли	бяха	0.009677
юли	те	0.009677
юли	септември	0.009677
юли	но	0.009677
япония	и	0.285714
япония	които	0.053571
ясен	и	0.228571
ясен	сигнал	0.085714
ясен	политически	0.085714
ясно	че	0.351459
ясно	от	0.103448
ясно	е	0.062334
ясно	и	0.035809
ясно	дали	0.035809
ясно	да	0.027851
ясно	какво	0.025199
ясно	как	0.018568
ясно	защо	0.017241
ясно	се	0.017241
ясно	след	0.017241
ясно	в	0.013263
ясно	още	0.011936
ясно	на	0.011936
ясно	кой	0.011936
ясно	по	0.011936
ясно	послание	0.010610
ясно	какви	0.010610
ясно	кога	0.010610
ясно	а	0.009284
ясно	колко	0.009284
ясно	каква	0.009284
ясно	за	0.007958
ясно	но	0.007958
ясно	показва	0.006631
ясно	кои	0.006631
ясно	къде	0.005305
ясно	обаче	0.005305
ясно	са	0.005305
ясно	какъв	0.003979
ясно	сме	0.003979
ясно	също	0.003979
