aanbod	van	0.382353
aanbod	om	0.088235
aandele	aan	0.200000
aandele	in	0.155556
aandele	van	0.155556
aandele	op	0.066667
aandele	te	0.066667
aandele	word	0.066667
aangaan	nie	0.461538
aangaande	die	0.640000
aangebied	word	0.161850
aangebied	het	0.150289
aangebied	is	0.121387
aangebied	en	0.092486
aangebied	om	0.063584
aangebied	in	0.040462
aangebied	maar	0.034682
aangebied	vir	0.028902
aangebied	deur	0.028902
aangebied	as	0.023121
aangebied	met	0.023121
aangebied	op	0.017341
aangepas	is	0.152381
aangepas	vir	0.142857
aangepas	om	0.142857
aangepas	en	0.095238
aangepas	by	0.076190
aangepas	word	0.066667
aangepas	was	0.047619
aangepas	deur	0.038095
aangepas	sodat	0.028571
aangepas	as	0.028571
aangepas	tot	0.028571
aangesien	die	0.359768
aangesien	dit	0.143133
aangesien	hy	0.077369
aangesien	hulle	0.075435
aangesien	daar	0.050290
aangesien	hierdie	0.025145
aangesien	sy	0.025145
aangesien	n	0.015474
aangesien	baie	0.013540
aangesien	dié	0.009671
aangesien	alle	0.007737
aangesien	al	0.007737
aangesien	haar	0.007737
aangesien	elke	0.007737
aangesien	geen	0.007737
aangesien	so	0.005803
aangeskakel	word	0.600000
aangesteek	word	0.375000
aangesteek	en	0.375000
aangestel	as	0.423664
aangestel	om	0.114504
aangestel	en	0.076336
aangestel	is	0.076336
aangestel	word	0.057252
aangestel	in	0.034351
aangestel	het	0.030534
aangestel	te	0.015267
aangestel	maar	0.015267
aangestel	nie	0.015267
aangestel	onder	0.011450
aangestel	nadat	0.011450
aangestel	tot	0.011450
aangetrek	word	0.277778
aangetrek	en	0.277778
aanhou	groei	0.137931
aanhou	om	0.103448
aanklag	van	0.785714
aanneem	van	0.133333
aanneem	die	0.100000
aanspraak	op	0.355932
aanspraak	gemaak	0.169492
aanspraak	maak	0.118644
aanspraak	daarop	0.101695
aanspraak	te	0.050847
aanspraak	dat	0.050847
aantreklik	gemaak	0.238095
aantreklik	vir	0.238095
aantreklik	te	0.190476
aap	en	0.375000
adam	en	0.181818
adam	kok	0.121212
adellike	families	0.125000
adellikes	en	0.258065
adellikes	het	0.129032
adolf	hitler	0.529412
advies	van	0.454545
advies	te	0.181818
afdrukke	van	0.300000
afgevaardigdes	van	0.250000
afgevaardigdes	na	0.090909
afgevaardigdes	word	0.068182
afgeval	het	0.833333
aflei	dat	0.500000
afrigter	van	0.333333
afrigter	benoem	0.148148
afskrif	van	0.600000
ag	geneem	0.289474
ag	neem	0.184211
ag	te	0.078947
ag	genome	0.052632
ag	nie	0.052632
ag	die	0.039474
agtergrond	van	0.297297
agtergrond	is	0.072072
agtergrond	en	0.063063
agtergrond	met	0.054054
agtergrond	in	0.054054
agtergrond	vir	0.045045
agtergrond	het	0.027027
agterkant	van	0.600000
agterkant	en	0.060000
agterkant	met	0.060000
agteruit	gegaan	0.307692
agteruit	en	0.230769
agteruit	te	0.230769
akademie	vir	0.202020
akademie	van	0.181818
akademie	in	0.090909
akademie	en	0.050505
akademie	se	0.040404
akademie	n	0.040404
akademie	is	0.030303
akademie	der	0.030303
aksie	van	0.075000
aksie	te	0.062500
aksie	gestel	0.050000
aksie	is	0.037500
aksie	en	0.037500
aksie	was	0.037500
aksie	word	0.037500
aksies	wat	0.142857
aksies	teen	0.107143
aksies	het	0.107143
akteurs	en	0.166667
akteurs	wat	0.142857
akteurs	het	0.095238
akteurs	in	0.095238
akteurs	was	0.071429
aktiwiteite	in	0.100775
aktiwiteite	van	0.085271
aktiwiteite	soos	0.069767
aktiwiteite	en	0.062016
aktiwiteite	wat	0.062016
aktiwiteite	te	0.046512
aktiwiteite	het	0.031008
aktiwiteite	was	0.031008
aktiwiteite	is	0.023256
aktiwiteite	sluit	0.023256
aktiwiteite	word	0.023256
aktiwiteite	betrokke	0.023256
aktiwiteite	deur	0.023256
aktiwiteite	by	0.023256
aktiwiteite	aan	0.023256
aktrise	en	0.230769
aktrise	in	0.102564
aktrise	vir	0.076923
algemeen	in	0.092473
algemeen	as	0.081720
algemeen	is	0.064516
algemeen	bekend	0.049462
algemeen	gebruik	0.045161
algemeen	aanvaar	0.045161
algemeen	nie	0.034409
algemeen	en	0.034409
algemeen	beskou	0.032258
algemeen	word	0.030108
algemeen	voor	0.025806
algemeen	n	0.015054
algemeen	geglo	0.012903
algemeen	na	0.012903
algemeen	voorkom	0.012903
algemeen	baie	0.012903
algemeen	deur	0.012903
algemeen	onder	0.010753
algemeen	dat	0.010753
algemeen	by	0.010753
algemeen	meer	0.008602
algemeen	gesien	0.008602
algemeen	van	0.008602
algemeen	was	0.008602
algemeen	aan	0.006452
algemeen	langs	0.006452
algemeen	die	0.006452
algemeen	minder	0.006452
algemeen	gebruikte	0.006452
algemeen	ook	0.006452
algemeen	erken	0.006452
algemeen	verbeter	0.006452
algemeen	om	0.006452
algemeen	op	0.006452
algemeen	het	0.006452
algemeen	kan	0.006452
alle	ander	0.065836
alle	tye	0.062278
alle	mense	0.030249
alle	dele	0.021352
alle	dinge	0.019573
alle	gevalle	0.019573
alle	burgers	0.017794
alle	kante	0.017794
alle	bekende	0.016014
alle	tale	0.014235
alle	lande	0.014235
alle	suid	0.014235
alle	duitse	0.012456
alle	mag	0.010676
alle	pogings	0.010676
alle	lewende	0.010676
alle	politieke	0.010676
alle	inwoners	0.010676
alle	geboue	0.008897
alle	groot	0.008897
alle	koste	0.008897
alle	belangrike	0.007117
alle	moontlike	0.007117
alle	diere	0.007117
alle	nie	0.007117
alle	plaaslike	0.007117
alle	skole	0.007117
alle	moderne	0.007117
alle	vorige	0.007117
alle	jode	0.007117
alle	lae	0.007117
alle	boeke	0.005338
alle	tipes	0.005338
alle	griekse	0.005338
alle	klanke	0.005338
alle	kleure	0.005338
alle	menslike	0.005338
alle	modelle	0.005338
alle	vorms	0.005338
alle	persone	0.005338
alles	wat	0.176724
alles	in	0.103448
alles	is	0.047414
alles	het	0.025862
alles	op	0.021552
alles	en	0.021552
alles	vir	0.021552
alles	behalwe	0.017241
alles	n	0.017241
alles	waarmee	0.012931
alles	met	0.012931
alles	nie	0.012931
alles	as	0.012931
alles	van	0.012931
alles	te	0.012931
alreeds	n	0.200000
ammunisie	en	0.350000
ander	kant	0.029982
ander	lande	0.025132
ander	mense	0.022487
ander	woorde	0.019400
ander	dele	0.017196
ander	is	0.016755
ander	belangrike	0.014991
ander	diere	0.013228
ander	het	0.013228
ander	twee	0.011464
ander	manier	0.011023
ander	tale	0.010582
ander	groot	0.010141
ander	in	0.009700
ander	een	0.009259
ander	werke	0.009259
ander	nie	0.008818
ander	bekende	0.008377
ander	voëls	0.008377
ander	europese	0.007496
ander	stede	0.007055
ander	wat	0.007055
ander	lede	0.007055
ander	kinders	0.006614
ander	maniere	0.006173
ander	drie	0.006173
ander	soos	0.005732
ander	se	0.005732
ander	en	0.005291
ander	verhale	0.005291
ander	land	0.005291
ander	te	0.005291
ander	n	0.004850
ander	metodes	0.004409
ander	produkte	0.004409
ander	plante	0.004409
ander	persoon	0.004409
ander	rede	0.004409
ander	nasionale	0.004409
ander	soort	0.004409
area	van	0.174603
area	wat	0.111111
area	in	0.079365
area	is	0.079365
area	het	0.063492
argitektuur	van	0.155172
argitektuur	en	0.137931
argitektuur	is	0.086207
argitektuur	begin	0.051724
argitektuur	het	0.051724
arthur	en	0.266667
asook	die	0.316532
asook	n	0.149194
asook	in	0.056452
asook	sy	0.042339
asook	vir	0.024194
asook	deur	0.018145
asook	as	0.014113
asook	om	0.014113
asook	talle	0.012097
asook	hul	0.012097
asook	ander	0.010081
asook	van	0.010081
asook	twee	0.010081
asook	drie	0.008065
asook	dié	0.008065
asook	tussen	0.008065
asook	aan	0.008065
asook	baie	0.008065
asook	enkele	0.006048
asook	by	0.006048
asook	verskeie	0.006048
asook	sekere	0.006048
asook	nasionale	0.006048
aspek	van	0.604167
aspek	wat	0.083333
aspek	is	0.083333
athene	en	0.187500
athene	was	0.093750
baba	se	0.096154
baba	met	0.096154
baba	wat	0.057692
baba	word	0.057692
babas	en	0.208333
babas	wat	0.166667
babas	is	0.125000
baie	van	0.119893
baie	mense	0.024867
baie	ander	0.024423
baie	groot	0.023535
baie	jare	0.019538
baie	klein	0.019094
baie	min	0.018650
baie	meer	0.016874
baie	goed	0.015542
baie	gevalle	0.013321
baie	belangrik	0.012877
baie	soos	0.012877
baie	vinnig	0.011545
baie	lande	0.010657
baie	keer	0.010213
baie	verskillende	0.009325
baie	hoë	0.008881
baie	belangrike	0.008881
baie	kort	0.007993
baie	sterk	0.007549
baie	het	0.007549
baie	in	0.007549
baie	groter	0.007105
baie	moeilik	0.006217
baie	lank	0.006217
baie	minder	0.005773
baie	warm	0.005773
baie	stadig	0.005773
baie	kleiner	0.005329
baie	hoog	0.005329
baie	aandag	0.005329
baie	bekend	0.004885
baie	goeie	0.004885
baie	jong	0.004440
baie	met	0.004440
baie	dun	0.004440
baie	gebruik	0.004440
baie	hoër	0.004440
baie	vinniger	0.004440
baie	geld	0.004440
bak	en	0.111111
bak	van	0.111111
baken	in	0.230769
bas	en	0.187500
beampte	van	0.555556
bedags	in	0.228571
bedags	en	0.171429
bedank	en	0.262136
bedank	het	0.145631
bedank	hy	0.097087
bedank	om	0.058252
bedank	maar	0.048544
bedank	as	0.048544
bedank	uit	0.038835
bedank	die	0.038835
bedank	vir	0.038835
bedank	egter	0.029126
bedank	nadat	0.029126
bedank	omdat	0.029126
bedrog	en	0.272727
beelde	van	0.189655
beelde	en	0.137931
beelde	wat	0.094828
beelde	is	0.077586
beelde	in	0.051724
beelde	uit	0.043103
beelde	te	0.025862
beelde	kan	0.025862
beer	is	0.120000
bees	en	0.444444
before	you	0.428571
begeerte	om	0.420000
begeerte	vir	0.100000
begeerte	na	0.080000
begelei	deur	0.200000
beginsel	van	0.354839
beginsel	is	0.096774
beginsel	dat	0.043011
beginsel	word	0.043011
beginsel	wat	0.032258
beginsel	het	0.032258
beginsel	n	0.032258
begrawe	is	0.195122
begrawe	in	0.121951
begrawe	en	0.097561
begrawe	lê	0.036585
begrawe	was	0.036585
begrawe	word	0.036585
begrawe	of	0.036585
begrip	van	0.453704
begrip	is	0.046296
begrip	vir	0.046296
begrip	in	0.037037
begrip	en	0.037037
begrip	te	0.037037
behandel	word	0.207407
behandel	die	0.162963
behandel	en	0.111111
behandel	is	0.074074
behandel	hy	0.037037
behandel	nie	0.037037
behandel	het	0.029630
behandel	deur	0.022222
behandel	onder	0.022222
behandel	kan	0.022222
behandel	in	0.022222
behandel	met	0.022222
behandel	ook	0.022222
behandeling	van	0.320755
behandeling	is	0.056604
behandeling	vir	0.056604
behandeling	in	0.056604
behandeling	en	0.047170
behandeling	wat	0.037736
behandeling	kan	0.028302
behandeling	nie	0.028302
behartig	het	0.150000
behartig	en	0.150000
behartig	ook	0.100000
behartig	deur	0.075000
behoeftes	van	0.303571
behoeftes	en	0.214286
behoeftes	te	0.142857
behoeftes	voorsien	0.053571
behoorlik	te	0.222222
beide	die	0.256849
beide	kante	0.058219
beide	n	0.037671
beide	geslagte	0.020548
beide	hierdie	0.020548
beide	sy	0.020548
beide	as	0.017123
beide	van	0.017123
beide	ouers	0.013699
beide	in	0.013699
beide	het	0.010274
beide	tale	0.010274
beide	uit	0.010274
beide	wat	0.010274
beide	partye	0.010274
beide	mans	0.010274
bekend	vir	0.715979
bekend	as	0.140344
bekend	gestaan	0.019441
bekend	staan	0.018700
bekend	is	0.012775
bekend	geword	0.011109
bekend	gemaak	0.008517
bekend	nie	0.007221
bekend	was	0.006851
bekend	dat	0.005369
bekend	gestel	0.004999
bekend	en	0.004258
bekend	te	0.003518
bekend	onder	0.002777
bekend	sou	0.002592
bekend	om	0.002407
bekend	geraak	0.002222
bekend	oor	0.002222
bekend	in	0.001852
bekend	daarvoor	0.001666
bekend	of	0.001666
bekend	maar	0.001296
bekend	met	0.001296
bekend	die	0.001111
bekend	wat	0.001111
bekend	wanneer	0.001111
bekend	omtrent	0.000926
bekend	wees	0.000926
bekend	van	0.000741
bekend	maak	0.000741
bekend	uit	0.000741
bekend	omdat	0.000741
bekend	op	0.000555
bekend	danksy	0.000555
bekend	word	0.000555
bekende	voorbeeld	0.050633
bekende	en	0.044304
bekende	skrywers	0.018987
bekende	engelse	0.018987
bekende	vorm	0.018987
bekende	suid	0.018987
bekende	skrywer	0.018987
bekende	amerikaanse	0.018987
bekende	gedig	0.018987
beker	is	0.129032
bekwaam	het	0.214286
bekyk	word	0.454545
belang	in	0.154696
belang	van	0.138122
belang	gestel	0.104972
belang	is	0.093923
belang	vir	0.082873
belang	en	0.044199
belang	was	0.033149
belang	omdat	0.027624
belang	nie	0.022099
belang	by	0.022099
belang	die	0.016575
belang	stel	0.016575
belang	om	0.016575
belange	van	0.405797
belange	in	0.217391
belange	te	0.043478
belangrike	rol	0.281513
belangrike	bydrae	0.046218
belangrike	deel	0.046218
belangrike	bron	0.018908
belangrike	ekonomiese	0.016807
belangrike	werk	0.016807
belangrike	aandeel	0.014706
belangrike	plek	0.014706
belangrike	stap	0.012605
belangrike	inligting	0.012605
belangrike	sentrum	0.012605
belangrike	en	0.012605
belangrike	aspek	0.010504
belangrike	politieke	0.010504
belangrike	plekke	0.010504
belangrike	elemente	0.008403
belangrike	historiese	0.008403
belangrike	internasionale	0.008403
belangrike	mense	0.008403
belangrike	punt	0.008403
belangrike	europese	0.008403
belangrike	element	0.008403
belangrike	persoon	0.006303
belangrike	hawe	0.006303
belangrike	openbare	0.006303
belangrike	literêre	0.006303
belangrike	besluite	0.006303
belangrike	mylpaal	0.006303
belangrike	skakel	0.006303
belangrike	invloed	0.006303
belangrike	figuur	0.006303
belangrike	karakter	0.006303
belangrike	nasionale	0.006303
beleef	het	0.271429
beleef	en	0.128571
beleef	die	0.114286
beleef	wat	0.042857
beleef	hy	0.042857
beleef	verskeie	0.042857
beleef	nie	0.042857
belofte	van	0.200000
beloof	om	0.300000
beloof	het	0.250000
beloof	dat	0.150000
belowe	om	0.400000
belowe	dat	0.133333
belowe	het	0.133333
belowe	is	0.088889
bemoei	met	0.666667
bene	is	0.112245
bene	van	0.112245
bene	en	0.102041
bene	in	0.071429
bene	wat	0.061224
bene	te	0.030612
bene	gehad	0.030612
bene	met	0.030612
benoem	as	0.189189
benoem	vir	0.117117
benoem	is	0.108108
benoem	en	0.099099
benoem	om	0.090090
benoem	tot	0.054054
benoem	wat	0.045045
benoem	word	0.045045
benoem	die	0.027027
benoeming	van	0.222222
benoeming	as	0.166667
benut	word	0.238095
benut	deur	0.095238
benut	is	0.071429
benut	die	0.071429
benut	en	0.071429
bereken	dat	0.220000
bereken	word	0.180000
bereken	die	0.100000
bereken	is	0.080000
bereken	deur	0.060000
beroemd	geword	0.416667
beroep	na	0.097403
beroep	op	0.084416
beroep	en	0.077922
beroep	van	0.064935
beroep	is	0.058442
beroep	word	0.051948
beroep	gedoen	0.045455
beroep	nie	0.032468
beroep	bedank	0.032468
beroep	maar	0.032468
beroep	aanvaar	0.032468
beroep	om	0.025974
beroep	het	0.019481
beroep	kon	0.019481
beroep	gebruik	0.019481
beroep	vir	0.019481
beroep	aan	0.019481
beroep	aangeneem	0.019481
beset	en	0.196078
beset	het	0.117647
beset	is	0.117647
beset	dat	0.078431
beset	deur	0.058824
beset	die	0.058824
beset	was	0.058824
besit	van	0.283654
besit	het	0.096154
besit	en	0.091346
besit	die	0.048077
besit	word	0.038462
besit	deur	0.038462
besit	wat	0.033654
besit	is	0.033654
besit	maar	0.028846
besit	n	0.024038
besit	met	0.014423
besit	in	0.014423
beskermde	gebied	0.333333
beskermheer	van	0.833333
beskerming	van	0.371429
beskerming	teen	0.161905
beskerming	en	0.066667
beskerming	geniet	0.038095
beskerming	deur	0.028571
beskerming	geplaas	0.028571
beskerming	te	0.028571
beskik	oor	0.406504
beskik	het	0.101626
beskik	nie	0.069106
beskik	en	0.048780
beskik	wat	0.048780
beskik	ook	0.048780
beskik	om	0.044715
beskik	die	0.040650
beskik	is	0.016260
beskik	egter	0.012195
beskrywing	van	0.700000
beskuldig	dat	0.488889
beskuldig	van	0.155556
beskuldig	het	0.088889
beskuldig	en	0.066667
beskuldig	word	0.066667
besoekers	gelok	0.083333
besoekers	aan	0.083333
besoekers	die	0.062500
besoekers	van	0.052083
besoekers	word	0.052083
besoekers	en	0.041667
besoekers	na	0.041667
besoekers	moet	0.031250
besoekers	te	0.031250
besoekers	in	0.031250
besonderhede	van	0.242424
besonderhede	oor	0.212121
besonderhede	soos	0.045455
besonderhede	en	0.045455
besonderhede	te	0.045455
bespreek	en	0.158730
bespreek	word	0.126984
bespreek	die	0.079365
bespreek	is	0.079365
bespreek	nie	0.063492
bespreek	het	0.063492
bespreek	hy	0.047619
bestee	word	0.137931
bestee	het	0.137931
bestee	is	0.137931
bestee	om	0.103448
bestee	aan	0.103448
bestelling	vir	0.400000
bestemming	vir	0.500000
bestuurder	van	0.255814
bestuurder	by	0.116279
bestuurder	is	0.093023
bestuurder	n	0.069767
betree	en	0.222222
betree	het	0.185185
betree	die	0.148148
betree	word	0.111111
betref	het	0.168317
betref	is	0.168317
betref	die	0.079208
betref	was	0.069307
betref	en	0.059406
betref	nie	0.049505
betref	van	0.029703
betref	kan	0.029703
betrek	het	0.148936
betrek	word	0.085106
betrek	en	0.063830
betrek	nie	0.063830
betrek	is	0.063830
bevat	n	0.105042
bevat	die	0.094538
bevat	ook	0.073529
bevat	het	0.067227
bevat	wat	0.050420
bevat	nie	0.035714
bevat	en	0.031513
bevat	onder	0.018908
bevat	dit	0.016807
bevat	baie	0.016807
bevat	maar	0.016807
bevat	is	0.014706
bevat	van	0.012605
bevat	meer	0.012605
bevat	geen	0.010504
bevat	een	0.010504
bevat	twee	0.010504
bevat	dus	0.010504
bevat	drie	0.010504
bevat	min	0.008403
bevat	veral	0.008403
bevat	verskeie	0.008403
bevat	dan	0.008403
bevat	vyf	0.008403
bevat	dikwels	0.008403
bevat	hierdie	0.008403
bevat	om	0.006303
bevat	as	0.006303
bevat	waarvan	0.006303
bevat	soos	0.006303
bevat	al	0.006303
bevat	vele	0.006303
bevat	in	0.006303
bevat	ongeveer	0.006303
bevat	net	0.006303
bevat	verskillende	0.006303
bevat	te	0.006303
bevat	egter	0.006303
bevat	of	0.006303
bevat	byvoorbeeld	0.006303
bevele	van	0.363636
bevordering	van	0.839286
bevordering	en	0.053571
bewapen	met	0.600000
bewaring	van	0.757576
bewerings	dat	0.218750
bewerings	van	0.218750
bewerings	te	0.093750
bewerings	deur	0.093750
bewerk	en	0.277778
bewonderaar	van	1.000000
beïndruk	met	0.357143
beïndruk	deur	0.214286
beïndruk	en	0.142857
bied	n	0.153846
bied	die	0.076923
bied	ook	0.076923
bied	nie	0.060729
bied	om	0.036437
bied	en	0.032389
bied	sitplek	0.032389
bied	aan	0.024291
bied	geen	0.020243
bied	vir	0.020243
bied	dit	0.016194
bied	teen	0.016194
bied	onderrig	0.016194
bied	beter	0.016194
bied	maar	0.012146
bied	sy	0.012146
bied	in	0.012146
bied	goeie	0.012146
bied	gratis	0.012146
bied	tans	0.012146
bied	hy	0.012146
bietjie	meer	0.142857
binnekant	van	0.590164
binnekant	is	0.114754
binnekant	met	0.049180
blare	is	0.189655
blare	en	0.166667
blare	van	0.074713
blare	word	0.057471
blare	het	0.057471
blare	wat	0.057471
blare	kan	0.051724
blare	met	0.028736
blare	nie	0.022989
blare	gevorm	0.017241
blare	die	0.017241
blik	op	0.583333
blok	van	0.115385
blok	en	0.115385
blomme	is	0.213115
blomme	van	0.180328
blomme	en	0.098361
blomme	wat	0.049180
blomme	dra	0.024590
blomme	word	0.024590
blomme	kom	0.024590
blomme	het	0.024590
blomme	in	0.024590
blote	oog	0.750000
blykbaar	nie	0.115044
blykbaar	in	0.061947
blykbaar	was	0.053097
blykbaar	n	0.044248
blykbaar	het	0.035398
blykbaar	die	0.035398
blykbaar	ook	0.035398
blykbaar	omdat	0.026549
blykbaar	is	0.026549
blykbaar	eers	0.026549
blykbaar	met	0.026549
blykbaar	sonder	0.026549
blykbaar	geen	0.026549
blykbaar	tot	0.026549
bo	die	0.287805
bo	op	0.124390
bo	en	0.095122
bo	oor	0.060976
bo	na	0.029268
bo	aan	0.029268
bo	c	0.014634
bo	water	0.014634
bo	af	0.012195
bo	alle	0.012195
bo	n	0.012195
bo	of	0.012195
bo	sy	0.009756
bo	jaar	0.009756
bo	egipte	0.009756
bo	links	0.007317
bo	is	0.007317
bo	ander	0.007317
bo	hom	0.007317
boer	en	0.178082
boer	wat	0.095890
boer	op	0.082192
boer	het	0.068493
boer	se	0.054795
boer	in	0.054795
boete	van	0.466667
boete	doen	0.200000
bomme	met	0.187500
boog	in	0.115385
boog	van	0.115385
boos	nie	0.428571
borde	en	0.230769
bote	in	0.114286
bote	te	0.114286
bote	en	0.085714
bote	van	0.085714
botter	en	0.333333
botter	is	0.166667
brand	gesteek	0.153846
brand	in	0.100000
brand	het	0.084615
brand	en	0.053846
brand	is	0.046154
brand	vernietig	0.038462
brand	van	0.030769
brand	verwoes	0.030769
brand	die	0.030769
brand	beskadig	0.023077
brand	wat	0.023077
brand	te	0.023077
briljante	student	0.454545
broeke	en	0.600000
broers	en	0.197802
broers	het	0.109890
broers	is	0.076923
broers	se	0.043956
broers	as	0.043956
broers	was	0.043956
broers	wat	0.032967
broers	jan	0.032967
bron	van	0.605714
bron	vir	0.045714
bron	wat	0.040000
bron	is	0.034286
bron	en	0.028571
bron	nie	0.017143
brood	en	0.133333
brood	in	0.088889
brood	te	0.066667
brood	het	0.066667
brood	gebak	0.066667
buite	die	0.563694
buite	sy	0.028662
buite	en	0.019108
buite	werking	0.015924
buite	aksie	0.015924
buite	is	0.012739
buite	rekening	0.012739
buite	te	0.012739
buite	om	0.012739
buite	n	0.012739
buite	duitsland	0.009554
buite	frankryk	0.009554
buite	hierdie	0.009554
buite	europa	0.009554
buite	rusland	0.009554
bure	en	0.172414
bure	se	0.172414
bus	gebruik	0.150000
bygewoon	en	0.294118
bygewoon	het	0.254902
bygewoon	waar	0.098039
bygewoon	is	0.058824
bygewoon	word	0.058824
bykans	alle	0.158730
bykans	die	0.111111
bykans	geen	0.095238
bykans	elke	0.063492
bykans	van	0.047619
bykans	twee	0.047619
bykans	al	0.047619
bystaan	en	0.428571
byvoorbeeld	die	0.163062
byvoorbeeld	n	0.133111
byvoorbeeld	in	0.094842
byvoorbeeld	nie	0.026622
byvoorbeeld	op	0.024958
byvoorbeeld	deur	0.023295
byvoorbeeld	as	0.019967
byvoorbeeld	van	0.016639
byvoorbeeld	by	0.016639
byvoorbeeld	met	0.014975
byvoorbeeld	het	0.013311
byvoorbeeld	wanneer	0.013311
byvoorbeeld	is	0.011647
byvoorbeeld	aan	0.009983
byvoorbeeld	om	0.009983
byvoorbeeld	ook	0.009983
byvoorbeeld	vir	0.009983
byvoorbeeld	uit	0.008319
byvoorbeeld	meer	0.008319
byvoorbeeld	dat	0.008319
byvoorbeeld	gebeur	0.006656
byvoorbeeld	was	0.006656
byvoorbeeld	tot	0.006656
byvoorbeeld	na	0.006656
byvoorbeeld	geen	0.004992
byvoorbeeld	net	0.004992
byvoorbeeld	altyd	0.004992
byvoorbeeld	tydens	0.004992
byvoorbeeld	sy	0.004992
byvoorbeeld	tussen	0.004992
byvoorbeeld	oor	0.004992
byvoorbeeld	baie	0.004992
chaos	wat	0.272727
chaos	in	0.136364
chaos	en	0.136364
charlie	s	0.312500
charlie	chan	0.312500
chemiese	reaksie	0.100000
chemiese	en	0.085714
chemiese	stof	0.057143
chemiese	formule	0.057143
chemiese	energie	0.057143
chemiese	elemente	0.042857
chemiese	verandering	0.042857
chemiese	proses	0.042857
chips	en	1.000000
christelike	geloof	0.112245
christelike	en	0.071429
christelike	kerk	0.061224
christelike	skool	0.030612
christelike	godsdiens	0.030612
christelike	karakter	0.030612
christelike	lewe	0.030612
church	of	0.500000
come	the	0.428571
d	en	0.104603
d	m	0.058577
d	i	0.046025
d	is	0.037657
d	c	0.037657
d	n	0.025105
d	wat	0.025105
d	in	0.025105
d	graad	0.020921
d	du	0.020921
d	d	0.020921
d	h	0.016736
d	die	0.016736
d	albert	0.016736
d	prente	0.016736
d	het	0.016736
d	s	0.016736
d	vir	0.016736
d	kar	0.016736
d	van	0.012552
d	modelle	0.012552
d	beelde	0.012552
d	e	0.012552
d	ring	0.012552
d	dag	0.012552
d	b	0.012552
d	o	0.012552
da	se	0.333333
daagliks	in	0.125000
daarmee	saam	0.118519
daarmee	het	0.103704
daarmee	is	0.066667
daarmee	die	0.066667
daarmee	begin	0.044444
daarmee	te	0.037037
daarmee	n	0.029630
daarmee	sy	0.029630
daarmee	kan	0.029630
daarmee	word	0.029630
daarmee	ook	0.029630
daarmee	was	0.022222
daarmee	in	0.022222
daarmee	tevrede	0.022222
daaroor	te	0.270833
daarvan	is	0.126984
daarvan	dat	0.072150
daarvan	het	0.069264
daarvan	in	0.047619
daarvan	om	0.036075
daarvan	was	0.036075
daarvan	beskuldig	0.034632
daarvan	te	0.033189
daarvan	word	0.030303
daarvan	en	0.021645
daarvan	op	0.020202
daarvan	die	0.018759
daarvan	n	0.017316
daarvan	kan	0.017316
daarvan	nie	0.012987
daarvan	as	0.011544
daarvan	wat	0.011544
daarvan	oortuig	0.010101
daarvan	vir	0.010101
daarvan	uit	0.010101
daarvan	met	0.010101
daarvan	deur	0.008658
daarvan	gebruik	0.008658
daarvan	bewus	0.007215
daarvan	gemaak	0.007215
daarvan	bestaan	0.007215
daarvan	gedien	0.007215
daarvan	tot	0.005772
daarvan	verdink	0.004329
daarvan	dit	0.004329
daarvan	gaan	0.004329
daarvan	sterk	0.004329
daarvan	gehou	0.004329
daarvan	af	0.004329
daarvan	geword	0.004329
daarvan	maar	0.004329
daarvan	hou	0.004329
daarvan	aan	0.004329
dae	in	0.111628
dae	later	0.081395
dae	van	0.062791
dae	lank	0.058140
dae	na	0.039535
dae	en	0.037209
dae	voor	0.034884
dae	is	0.027907
dae	nadat	0.025581
dae	per	0.023256
dae	die	0.018605
dae	om	0.016279
dae	het	0.016279
dae	toe	0.013953
dae	word	0.011628
dae	met	0.011628
dae	te	0.011628
dae	aangehou	0.011628
dae	uur	0.009302
dae	was	0.009302
dae	uit	0.009302
dae	op	0.009302
dae	deur	0.009302
dae	kan	0.009302
dae	tussen	0.009302
dae	geneem	0.009302
dae	of	0.009302
dae	se	0.009302
dae	duur	0.009302
dae	tot	0.006977
dae	gehad	0.006977
dae	uitbroei	0.006977
dae	wat	0.006977
dae	lange	0.006977
dae	daarna	0.006977
dagboek	van	0.162162
dagboek	wat	0.081081
dame	van	0.171429
dame	de	0.142857
dame	wat	0.114286
dame	en	0.085714
dame	in	0.085714
dankbaarheid	vir	0.250000
danke	aan	0.565217
danke	het	0.101449
danke	gehad	0.101449
danke	was	0.043478
danke	en	0.043478
danke	wat	0.043478
danke	is	0.043478
dans	en	0.207547
dans	van	0.094340
dans	wat	0.075472
dans	musiek	0.075472
dans	op	0.056604
data	in	0.094737
data	is	0.084211
data	en	0.063158
data	wat	0.052632
data	te	0.052632
data	kan	0.042105
data	van	0.042105
data	word	0.042105
data	op	0.031579
data	oor	0.031579
datum	van	0.209677
datum	is	0.096774
datum	word	0.080645
datum	waarop	0.064516
datum	het	0.048387
death	of	0.300000
death	en	0.200000
death	the	0.133333
deense	koning	0.095238
deense	kroon	0.071429
deense	troon	0.071429
dek	n	0.150943
dek	die	0.113208
dek	is	0.056604
dek	en	0.056604
dekades	lank	0.171642
dekades	het	0.134328
dekades	van	0.111940
dekades	later	0.067164
dekades	is	0.052239
dekades	gelede	0.037313
dekades	die	0.029851
dekades	n	0.029851
dekades	in	0.029851
dekades	was	0.022388
dekades	na	0.022388
der	stel	0.358491
der	waarheid	0.169811
der	kiste	0.094340
der	nederlandse	0.056604
der	herr	0.056604
dertig	jaar	0.458333
dertig	van	0.062500
diegene	wat	0.814433
diegene	in	0.041237
diegene	van	0.041237
diep	in	0.120567
diep	is	0.092199
diep	en	0.056738
diep	spore	0.056738
diep	onder	0.056738
diep	geraak	0.035461
diep	vallei	0.028369
diep	binne	0.021277
diep	ondergronds	0.021277
diep	wees	0.021277
diep	water	0.021277
diepte	van	0.619048
diepte	en	0.095238
diepte	te	0.047619
diere	wat	0.101604
diere	en	0.088235
diere	is	0.061497
diere	se	0.042781
diere	het	0.040107
diere	soos	0.029412
diere	in	0.026738
diere	met	0.026738
diere	kan	0.024064
diere	van	0.024064
diere	n	0.021390
diere	word	0.021390
diere	nie	0.018717
diere	te	0.016043
diere	as	0.016043
diere	of	0.016043
diere	aan	0.013369
diere	die	0.013369
diere	op	0.010695
diere	plante	0.010695
diere	ook	0.008021
diere	vir	0.008021
diere	veroorsaak	0.008021
diere	om	0.008021
diere	was	0.008021
diere	veral	0.008021
dieselfde	jaar	0.200265
dieselfde	tyd	0.047745
dieselfde	as	0.046419
dieselfde	dag	0.027851
dieselfde	plek	0.021220
dieselfde	naam	0.021220
dieselfde	is	0.017241
dieselfde	rigting	0.011936
dieselfde	geld	0.011936
dieselfde	soort	0.011936
dieselfde	manier	0.010610
dieselfde	basiese	0.009284
dieselfde	vlak	0.009284
dieselfde	wyse	0.009284
dieselfde	nie	0.007958
dieselfde	geslag	0.007958
dieselfde	was	0.006631
dieselfde	gebly	0.006631
dieselfde	bly	0.006631
dieselfde	tydperk	0.006631
dieselfde	titel	0.006631
dieselfde	lyk	0.005305
dieselfde	sin	0.005305
dieselfde	universiteit	0.005305
dieselfde	en	0.005305
dieselfde	wees	0.005305
dieselfde	rol	0.005305
dieselfde	name	0.005305
dieselfde	aantal	0.005305
dieselfde	vorm	0.005305
dieselfde	aand	0.005305
dieselfde	beginsel	0.005305
dieselfde	gebou	0.005305
dieselfde	het	0.005305
dieselfde	styl	0.005305
dieselfde	maand	0.005305
dieselfde	kant	0.005305
dieselfde	karakters	0.003979
dieselfde	doel	0.003979
dieselfde	geleentheid	0.003979
digter	en	0.125000
digter	van	0.104167
digter	se	0.083333
digter	is	0.041667
digter	wat	0.041667
digter	was	0.041667
digters	en	0.207547
digters	van	0.094340
digters	soos	0.094340
digters	in	0.075472
digters	het	0.075472
digters	met	0.056604
digters	wat	0.056604
digters	se	0.056604
dinastie	in	0.115942
dinastie	was	0.072464
dinastie	het	0.072464
dinastie	en	0.057971
dinastie	die	0.043478
dinastie	is	0.043478
dinastie	van	0.043478
dit	is	0.181328
dit	het	0.083529
dit	was	0.065344
dit	word	0.041765
dit	die	0.030627
dit	in	0.026886
dit	n	0.026712
dit	nie	0.026277
dit	kan	0.022971
dit	as	0.016271
dit	te	0.012442
dit	ook	0.012355
dit	vir	0.010702
dit	op	0.010267
dit	wil	0.010006
dit	met	0.007918
dit	deur	0.007048
dit	sou	0.007048
dit	egter	0.006439
dit	moontlik	0.005830
dit	aan	0.005743
dit	lyk	0.005656
dit	kom	0.005569
dit	sluit	0.005134
dit	gebeur	0.005047
dit	beteken	0.005047
dit	tot	0.004699
dit	maak	0.004699
dit	van	0.004612
dit	bestaan	0.004612
dit	duidelik	0.004263
dit	lei	0.004176
dit	gebruik	0.003915
dit	sal	0.003915
dit	nog	0.003828
dit	bevat	0.003828
dit	veroorsaak	0.003654
dit	blyk	0.003654
dit	staan	0.003567
dit	kon	0.003480
dié	van	0.214200
dié	tyd	0.085919
dié	wat	0.038783
dié	jaar	0.023270
dié	land	0.022673
dié	in	0.018496
dié	twee	0.017303
dié	tydperk	0.016110
dié	keer	0.012530
dié	het	0.011933
dié	gebied	0.010143
dié	foto	0.009547
dié	se	0.008950
dié	soort	0.008950
dié	naam	0.008353
dié	deel	0.008353
dié	gebou	0.008353
dié	toernooi	0.007160
dié	dag	0.007160
dié	met	0.006563
dié	huwelik	0.006563
dié	doel	0.006563
dié	proses	0.005967
dié	geleentheid	0.005370
dié	drie	0.005370
dié	rede	0.005370
dié	geval	0.004773
dié	werk	0.004177
dié	model	0.004177
dié	stadium	0.004177
dié	groep	0.004177
dié	kerk	0.004177
dié	wyse	0.004177
dié	teorie	0.004177
dié	party	0.003580
dié	streek	0.003580
dié	manier	0.003580
dié	is	0.003580
dié	stad	0.003580
dié	taal	0.003580
dogter	van	0.457399
dogter	en	0.053812
dogter	is	0.040359
dogter	wat	0.031390
dogter	se	0.022422
dogter	uit	0.022422
dogter	gehad	0.022422
dogter	anna	0.017937
dogter	maria	0.013453
dogter	geskenk	0.013453
dogter	emma	0.013453
dogter	die	0.013453
dogter	caroline	0.013453
dogter	gebore	0.013453
dogtertjie	wat	0.217391
dokter	het	0.111111
dokter	en	0.111111
dokter	in	0.111111
dokters	het	0.192308
dokters	en	0.192308
dokumentêr	oor	0.272727
doodmaak	van	0.250000
doodmaak	het	0.187500
doodmaak	en	0.187500
dorpie	in	0.160000
dorpie	is	0.120000
dorpie	het	0.053333
dorpie	van	0.053333
dorpie	n	0.040000
dorpie	met	0.040000
dowwe	strepe	0.200000
draai	en	0.135135
draai	die	0.117117
draai	om	0.099099
draai	n	0.036036
draai	nie	0.036036
draai	van	0.027027
draai	wat	0.027027
draai	is	0.027027
draai	in	0.027027
draaiboek	vir	0.181818
draaiboek	geskryf	0.136364
drie	jaar	0.127967
drie	keer	0.044376
drie	kinders	0.044376
drie	maande	0.038184
drie	van	0.034056
drie	tot	0.025800
drie	seuns	0.025800
drie	dae	0.024768
drie	dele	0.022704
drie	dogters	0.022704
drie	weke	0.020640
drie	en	0.017544
drie	verskillende	0.016512
drie	eenheid	0.014448
drie	die	0.011352
drie	dekades	0.011352
drie	ander	0.010320
drie	of	0.010320
drie	miljoen	0.009288
drie	mense	0.009288
drie	groot	0.008256
drie	is	0.008256
drie	lande	0.008256
drie	broers	0.008256
drie	eeue	0.007224
drie	skepe	0.007224
drie	in	0.007224
drie	lede	0.006192
drie	belangrike	0.006192
drie	uur	0.006192
drie	sterre	0.006192
drie	wit	0.006192
drie	gedruk	0.006192
drie	susters	0.005160
drie	meter	0.005160
drie	kante	0.005160
drie	plekke	0.005160
drie	boeke	0.005160
drie	mans	0.004128
drie	minute	0.004128
driehoek	is	0.142857
driehoek	wat	0.107143
druk	van	0.125954
druk	op	0.125954
druk	en	0.068702
druk	in	0.064885
druk	die	0.053435
druk	wat	0.053435
druk	om	0.026718
druk	word	0.022901
druk	as	0.022901
druk	is	0.019084
druk	geplaas	0.019084
druk	vir	0.019084
druk	het	0.019084
druk	te	0.015267
druk	deur	0.015267
druk	nie	0.015267
druk	by	0.015267
druk	aan	0.011450
druk	verskyn	0.011450
druk	besig	0.011450
druk	veroorsaak	0.011450
druk	so	0.011450
druk	soos	0.011450
druk	daarop	0.011450
druk	of	0.011450
duim	kanonne	0.100000
duim	mm	0.100000
duim	skerm	0.100000
duisternis	van	0.363636
duits	en	0.176471
duits	vertaal	0.070588
duits	as	0.047059
duits	frans	0.035294
duits	na	0.035294
duits	is	0.035294
duitsers	het	0.194444
duitsers	die	0.097222
duitsers	se	0.055556
duitsers	wat	0.041667
duitsers	en	0.041667
duiwel	en	0.166667
dun	en	0.204082
dun	laag	0.061224
dus	n	0.082765
dus	nie	0.081792
dus	die	0.078870
dus	in	0.034080
dus	is	0.033106
dus	ook	0.027264
dus	op	0.023369
dus	het	0.023369
dus	geen	0.021422
dus	as	0.018500
dus	vir	0.017527
dus	van	0.015579
dus	baie	0.015579
dus	aan	0.012658
dus	om	0.011685
dus	word	0.011685
dus	tot	0.010711
dus	met	0.010711
dus	was	0.009737
dus	net	0.008763
dus	na	0.008763
dus	deur	0.007790
dus	een	0.007790
dus	kan	0.007790
dus	moontlik	0.006816
dus	uit	0.006816
dus	kon	0.006816
dus	eerder	0.005842
dus	eintlik	0.005842
dus	sy	0.005842
dus	minder	0.005842
dus	by	0.005842
dus	steeds	0.004869
dus	al	0.004869
dus	oor	0.004869
dus	dat	0.004869
dus	feitlik	0.004869
dus	hul	0.004869
dus	onder	0.004869
dus	gesien	0.003895
dwars	en	0.200000
dwars	oor	0.200000
edelman	van	0.375000
eed	van	0.250000
eed	afgelê	0.166667
eed	af	0.125000
een	van	0.513066
een	of	0.052928
een	keer	0.017532
een	wat	0.014886
een	is	0.011578
een	jaar	0.011578
een	kant	0.009593
een	dag	0.009262
een	en	0.008932
een	in	0.008601
een	vir	0.008601
een	miljoen	0.006947
een	persoon	0.006947
een	na	0.006947
een	was	0.005293
een	derde	0.004631
een	deel	0.004300
een	so	0.004300
een	plek	0.003970
een	punt	0.003970
een	met	0.003639
een	het	0.003639
een	uit	0.003639
een	nie	0.003308
een	enkele	0.003308
een	die	0.003308
een	aand	0.003308
een	groot	0.003308
een	maal	0.003308
een	maand	0.003308
een	seun	0.003308
een	voorbeeld	0.002977
een	teorie	0.002977
een	op	0.002977
een	dogter	0.002977
een	daarvan	0.002646
een	tot	0.002646
een	groep	0.002646
een	een	0.002646
een	bepaalde	0.002316
eendag	word	0.130435
eenheid	van	0.172185
eenheid	en	0.059603
eenheid	wat	0.052980
eenheid	met	0.039735
eenheid	is	0.039735
eenheid	te	0.039735
eenheid	in	0.039735
eenheid	vir	0.039735
eenheid	vorm	0.039735
eenheid	het	0.019868
eenheid	onder	0.019868
eenheid	n	0.019868
eerder	as	0.469256
eerder	n	0.093851
eerder	die	0.071197
eerder	op	0.019417
eerder	deur	0.019417
eerder	in	0.016181
eerder	aan	0.016181
eerder	met	0.012945
eerder	by	0.012945
eerder	van	0.009709
eerder	hul	0.009709
eerder	nog	0.009709
eerlikheid	en	0.363636
egipte	en	0.148936
egipte	het	0.063830
egipte	te	0.053191
egipte	wat	0.031915
egipte	n	0.031915
egiptiese	naam	0.096154
egiptiese	woord	0.057692
egiptiese	weermag	0.057692
egiptiese	kultuur	0.057692
eiers	in	0.102740
eiers	en	0.082192
eiers	word	0.082192
eiers	wat	0.068493
eiers	is	0.054795
eiers	gelê	0.041096
eiers	op	0.034247
eiers	lê	0.034247
eiers	te	0.034247
eiers	sal	0.020548
eiers	uit	0.020548
eiers	broei	0.020548
eiers	het	0.020548
eiers	van	0.020548
eiers	deur	0.020548
einde	van	0.591636
einde	die	0.046740
einde	aan	0.034440
einde	was	0.027060
einde	gekom	0.025830
einde	te	0.020910
einde	n	0.019680
einde	het	0.019680
einde	is	0.011070
einde	gebring	0.009840
einde	nie	0.008610
einde	toe	0.008610
einde	sy	0.006150
einde	oktober	0.006150
einde	en	0.004920
einde	geloop	0.004920
einde	gemaak	0.004920
einde	tot	0.004920
einde	sou	0.003690
einde	de	0.003690
einde	daarvan	0.003690
eindig	in	0.181818
eindig	met	0.121212
eindig	die	0.080808
eindig	en	0.070707
eindig	wanneer	0.040404
eindig	tweede	0.040404
eindig	as	0.030303
eise	van	0.239130
eise	vir	0.108696
eise	aan	0.086957
eise	en	0.065217
eise	wat	0.065217
eise	te	0.065217
elders	in	0.307692
elders	op	0.061538
elders	n	0.046154
elektriese	stroom	0.126437
elektriese	en	0.114943
elektriese	spanning	0.068966
elektriese	energie	0.068966
elektriese	lading	0.057471
elektriese	veld	0.057471
elektriese	motor	0.057471
elektriese	skok	0.045977
elektriese	of	0.034483
elektriese	krag	0.034483
elektriese	seine	0.034483
elektriese	toerusting	0.034483
elektroniese	goedere	0.100000
element	van	0.226190
element	in	0.142857
element	wat	0.071429
element	is	0.047619
element	het	0.047619
element	nie	0.035714
element	en	0.035714
elk	van	0.201878
elk	geval	0.154930
elk	met	0.093897
elk	n	0.075117
elk	in	0.051643
elk	het	0.023474
elk	uit	0.018779
elk	is	0.018779
elk	gespeel	0.018779
elk	die	0.018779
elk	maar	0.014085
elk	teen	0.014085
elk	sy	0.014085
elkeen	van	0.274809
elkeen	met	0.076336
elkeen	n	0.076336
elkeen	het	0.061069
elkeen	sy	0.053435
elkeen	wat	0.045802
elkeen	is	0.038168
elkeen	na	0.030534
elkeen	se	0.030534
elkeen	in	0.022901
en	die	0.150481
en	in	0.064128
en	n	0.038332
en	het	0.035086
en	is	0.028518
en	sy	0.027994
en	the	0.018654
en	dit	0.015957
en	word	0.013760
en	ander	0.013660
en	hulle	0.010014
en	was	0.008665
en	met	0.007891
en	hy	0.007666
en	ook	0.007566
en	op	0.007017
en	van	0.006992
en	daar	0.006318
en	dat	0.006293
en	hul	0.005893
en	as	0.005893
en	nie	0.005818
en	kan	0.005719
en	later	0.004994
en	haar	0.004770
en	dan	0.004545
en	vir	0.004370
en	deur	0.003996
en	om	0.003946
en	twee	0.003821
en	na	0.003821
en	selfs	0.003596
en	daarna	0.003521
en	by	0.003521
en	so	0.003296
en	een	0.003196
en	meer	0.003171
en	dus	0.003121
en	baie	0.003121
en	toe	0.003097
engeland	en	0.124555
engeland	het	0.085409
engeland	se	0.064057
engeland	in	0.060498
engeland	te	0.049822
engeland	was	0.039146
engeland	met	0.039146
engeland	is	0.035587
engeland	toe	0.017794
engeland	wat	0.017794
engeland	die	0.017794
engeland	frankryk	0.014235
engeland	n	0.014235
engeland	waar	0.014235
engeland	as	0.010676
engeland	gestig	0.010676
engeland	gewoon	0.010676
engeland	op	0.010676
engeland	verloor	0.010676
engeland	weer	0.010676
engeland	verslaan	0.010676
enige	ander	0.161446
enige	van	0.057831
enige	plek	0.031325
enige	vorm	0.028916
enige	verdere	0.016867
enige	tyd	0.016867
enige	voorwerp	0.014458
enige	moontlike	0.014458
enige	gegewe	0.012048
enige	groot	0.009639
enige	punt	0.009639
enige	manier	0.009639
enige	vlak	0.009639
enige	soort	0.009639
enige	iets	0.009639
enige	toestand	0.007229
enige	span	0.007229
enige	iemand	0.007229
enige	persoon	0.007229
enige	historiese	0.007229
enige	vorige	0.007229
enige	kind	0.007229
enige	twee	0.007229
enige	aard	0.007229
ere	van	0.810345
ere	te	0.068966
erg	beskadig	0.166667
erg	begin	0.083333
ervaar	word	0.130952
ervaar	die	0.107143
ervaar	het	0.095238
ervaar	en	0.059524
ervaar	is	0.035714
ervaar	nie	0.035714
ervaar	of	0.035714
ervaring	van	0.227848
ervaring	in	0.088608
ervaring	met	0.075949
ervaring	op	0.075949
ervaring	wat	0.063291
ervaring	is	0.050633
ervaring	en	0.050633
ervaring	die	0.037975
ervaring	nie	0.037975
evaluasie	van	0.800000
fabriek	in	0.217391
faith	en	0.600000
fantasie	is	0.266667
fantasie	en	0.200000
farao	s	0.205128
farao	se	0.128205
farao	en	0.102564
farao	het	0.076923
februarie	het	0.145215
februarie	is	0.112211
februarie	die	0.052805
februarie	en	0.052805
februarie	was	0.042904
februarie	tot	0.036304
februarie	in	0.029703
februarie	n	0.026403
februarie	van	0.026403
februarie	word	0.023102
februarie	deur	0.016502
februarie	toe	0.016502
februarie	op	0.016502
februarie	weer	0.016502
februarie	as	0.013201
februarie	de	0.013201
februarie	gehou	0.009901
februarie	sy	0.009901
februarie	met	0.009901
februarie	na	0.009901
februarie	vir	0.009901
feit	dat	0.871508
feit	is	0.016760
feit	nie	0.016760
figuur	in	0.294118
figuur	van	0.094118
figuur	wat	0.070588
figuur	is	0.058824
figuur	en	0.047059
figuur	met	0.035294
film	is	0.122449
film	en	0.091837
film	in	0.051020
film	of	0.040816
film	met	0.030612
film	het	0.030612
finland	se	0.217391
finland	en	0.108696
first	man	0.428571
formele	onderrig	0.138889
formele	onderwys	0.083333
forseer	om	0.600000
fraksie	van	0.714286
frankryk	en	0.146497
frankryk	het	0.073248
frankryk	die	0.054140
frankryk	in	0.041401
frankryk	se	0.035032
frankryk	wat	0.031847
frankryk	met	0.022293
frankryk	was	0.022293
frankryk	as	0.019108
frankryk	n	0.019108
frankryk	vir	0.015924
frankryk	te	0.015924
frankryk	geword	0.012739
frankryk	om	0.012739
frankryk	vertrek	0.012739
frankryk	word	0.012739
frankryk	deur	0.012739
frankryk	waar	0.012739
frankryk	op	0.012739
frankryk	is	0.012739
frankryk	engeland	0.009554
frankryk	tot	0.009554
frankryk	terug	0.009554
frankryk	gesluit	0.009554
frans	en	0.154639
frans	as	0.092784
frans	is	0.051546
frans	of	0.041237
frans	i	0.041237
frans	het	0.030928
frans	te	0.030928
frans	engels	0.030928
frans	die	0.030928
gaande	oor	0.428571
gaandeweg	n	0.136364
gaste	is	0.157895
gat	in	0.411765
gate	in	0.244444
gate	van	0.111111
gate	wat	0.111111
gate	te	0.066667
gate	en	0.066667
gebaar	het	0.363636
gebaseer	op	0.707692
gebaseer	is	0.184615
gebaseer	was	0.035897
gebaseer	in	0.015385
gebede	en	0.230769
gebly	het	0.429658
gebly	en	0.129278
gebly	tot	0.095057
gebly	nie	0.087452
gebly	maar	0.038023
gebly	as	0.026616
gebly	waar	0.015209
gebly	wat	0.015209
gebly	met	0.011407
gebly	toe	0.011407
gebore	en	0.153846
gebore	is	0.147436
gebore	in	0.131410
gebore	as	0.118590
gebore	word	0.067308
gebore	op	0.051282
gebore	maar	0.028846
gebore	van	0.025641
gebore	te	0.016026
gebore	met	0.012821
gebore	wat	0.012821
gebore	n	0.009615
gebore	terwyl	0.009615
gebore	die	0.009615
gebore	was	0.009615
gebore	augustus	0.009615
gebore	onder	0.009615
gebring	het	0.219512
gebring	en	0.107317
gebring	word	0.102439
gebring	is	0.063415
gebring	met	0.048780
gebring	wat	0.034146
gebring	aan	0.034146
gebring	nie	0.029268
gebring	om	0.029268
gebring	dat	0.029268
gebring	in	0.024390
gebring	maar	0.019512
gebring	deur	0.019512
gebring	van	0.019512
gebring	op	0.014634
gebring	waar	0.014634
gebring	vir	0.014634
gedeeltelike	skedel	0.272727
gedink	dat	0.271186
gedink	het	0.169492
gedink	hy	0.067797
gedink	dit	0.067797
gedink	die	0.050847
gedink	aan	0.050847
gedink	word	0.050847
gedrang	gebring	0.625000
gedreig	om	0.354839
gedreig	het	0.322581
gedreig	en	0.096774
gedrink	het	0.444444
gedrink	word	0.166667
gedruk	word	0.245614
gedruk	het	0.175439
gedruk	om	0.122807
gedruk	is	0.105263
gedruk	en	0.087719
gedruk	wat	0.052632
geen	ander	0.061745
geen	amptelike	0.024161
geen	van	0.017450
geen	bewyse	0.017450
geen	nuwe	0.016107
geen	groot	0.010738
geen	direkte	0.010738
geen	twyfel	0.010738
geen	verdere	0.010738
geen	wetenskaplike	0.010738
geen	sprake	0.010738
geen	uitsondering	0.009396
geen	verskil	0.008054
geen	formele	0.008054
geen	waarborg	0.008054
geen	effek	0.008054
geen	natuurlike	0.008054
geen	enkele	0.008054
geen	geld	0.008054
geen	poging	0.008054
geen	verband	0.006711
geen	politieke	0.006711
geen	spesiale	0.006711
geen	invloed	0.006711
geen	duidelike	0.006711
geen	teken	0.006711
geen	rol	0.006711
geen	wonder	0.006711
geen	waarde	0.006711
geen	plek	0.006711
geen	tekens	0.005369
geen	moeite	0.005369
geen	betroubare	0.005369
geen	bewys	0.005369
geen	historiese	0.005369
geen	kontak	0.005369
geen	probleem	0.005369
geen	rede	0.005369
geen	oplossing	0.005369
geen	ruimte	0.005369
gefaal	het	0.750000
gegee	het	0.263547
gegee	om	0.155172
gegee	en	0.098522
gegee	word	0.068966
gegee	tot	0.061576
gegee	dat	0.056650
gegee	aan	0.054187
gegee	is	0.046798
gegee	wat	0.032020
gegee	van	0.019704
gegee	met	0.014778
gegee	in	0.012315
gegee	deur	0.012315
gegee	vir	0.009852
gegee	nie	0.009852
gegee	op	0.007389
geglo	dat	0.426136
geglo	het	0.215909
geglo	die	0.113636
geglo	dit	0.034091
geglo	is	0.034091
geglo	hulle	0.022727
gehaal	en	0.243902
gehaal	het	0.146341
gehaal	maar	0.121951
gehad	het	0.384086
gehad	en	0.129666
gehad	nie	0.066798
gehad	om	0.059921
gehad	wat	0.058939
gehad	maar	0.026523
gehad	met	0.026523
gehad	in	0.019646
gehad	dat	0.018664
gehad	waarvan	0.017682
gehad	as	0.014735
gehad	van	0.014735
gehad	op	0.012770
gehad	vir	0.012770
gehad	die	0.007859
gehad	toe	0.007859
gehad	sodat	0.005894
gehad	terwyl	0.004912
gehad	onder	0.004912
gehad	aan	0.004912
gehad	soos	0.004912
gehad	oor	0.003929
gehad	hoewel	0.003929
gehad	by	0.003929
gehad	waarmee	0.002947
gehad	waarin	0.002947
gehad	genaamd	0.002947
gehad	deur	0.002947
gehad	tydens	0.002947
gehad	dit	0.002947
gehad	veral	0.002947
gehad	naamlik	0.002947
gehad	voor	0.002947
geheg	aan	0.322581
geheg	is	0.193548
geheg	word	0.096774
geheg	het	0.096774
geheim	van	0.113208
geheim	gehou	0.113208
geheim	met	0.075472
geheim	te	0.056604
gehelp	om	0.506849
gehelp	het	0.301370
gehelp	en	0.068493
gehelp	met	0.068493
gehoop	het	0.347826
gehoop	dat	0.217391
gehoop	om	0.217391
gekeer	dat	0.285714
gekies	om	0.171233
gekies	en	0.130137
gekies	as	0.102740
gekies	word	0.102740
gekies	is	0.095890
gekies	het	0.061644
gekies	vir	0.047945
gekies	omdat	0.034247
gekies	deur	0.027397
gekies	in	0.027397
gekies	maar	0.027397
gekies	wat	0.027397
gekies	uit	0.027397
gekleur	word	0.333333
gekyk	word	0.333333
gekyk	het	0.200000
gekyk	na	0.133333
gekyk	as	0.100000
geliefde	en	0.150000
geliefde	van	0.100000
geliefde	se	0.075000
gelok	het	0.342105
gelok	wat	0.157895
gelok	en	0.105263
geluk	en	0.139535
geluk	te	0.093023
geluk	in	0.069767
gelyk	het	0.224138
gelyk	aan	0.215517
gelyk	is	0.129310
gelyk	of	0.094828
gelyk	met	0.043103
gelyk	gemaak	0.034483
gelyk	wees	0.025862
gelyk	nie	0.025862
gelyk	gestel	0.025862
gelyktydig	met	0.105263
gelyktydig	in	0.078947
gelê	het	0.233333
gelê	en	0.141667
gelê	is	0.100000
gelê	word	0.091667
gelê	vir	0.083333
gelê	op	0.058333
gelê	deur	0.058333
gelê	om	0.041667
gelê	van	0.025000
gelê	waarop	0.025000
gemiddelde	jaarlikse	0.265152
gemiddelde	van	0.083333
gemiddelde	diepte	0.060606
gemiddelde	ouderdom	0.053030
gemiddelde	daaglikse	0.053030
gemiddelde	lengte	0.045455
gemiddelde	getal	0.037879
gemiddelde	minimum	0.030303
gemiddelde	hoogte	0.030303
gemiddelde	leeftyd	0.022727
gemiddelde	gewig	0.022727
genade	en	0.192308
genade	van	0.115385
genade	ontvang	0.115385
geneem	het	0.149215
geneem	word	0.133508
geneem	is	0.123037
geneem	en	0.123037
geneem	om	0.099476
geneem	van	0.026178
geneem	vir	0.023560
geneem	met	0.020942
geneem	deur	0.018325
geneem	nie	0.015707
geneem	moet	0.015707
geneem	in	0.015707
geneem	wat	0.015707
geneem	toe	0.015707
geneem	tydens	0.010471
geneem	kan	0.010471
geneem	op	0.010471
geneem	voordat	0.010471
geneem	waar	0.010471
geneem	omdat	0.010471
geneem	oor	0.007853
geneem	uit	0.007853
geneem	as	0.007853
geneem	maar	0.007853
geneem	na	0.007853
genot	om	0.200000
geoefen	en	0.500000
geprys	vir	0.357143
gered	het	0.300000
gered	en	0.200000
gered	word	0.166667
gered	deur	0.100000
gereed	om	0.235294
gereed	vir	0.161765
gereed	is	0.147059
gereed	was	0.117647
gereed	gemaak	0.058824
gereed	en	0.044118
gereeld	in	0.125000
gereeld	op	0.043103
gereeld	deur	0.038793
gereeld	as	0.038793
gereeld	vir	0.038793
gereeld	na	0.034483
gereeld	die	0.034483
gereeld	met	0.030172
gereeld	van	0.025862
gereeld	sy	0.025862
gereeld	gebruik	0.021552
gereeld	voor	0.021552
gereeld	en	0.017241
gereeld	aan	0.017241
gereeld	om	0.017241
gereeld	saam	0.017241
gereeld	uit	0.012931
gereeld	by	0.012931
gereeld	aangepas	0.012931
geregtigheid	en	0.318182
gereken	word	0.307692
gereken	dat	0.138462
gereken	as	0.092308
gereken	nie	0.046154
gereken	die	0.046154
gereken	dit	0.046154
gereken	is	0.046154
gereken	onder	0.046154
gerig	is	0.183673
gerig	op	0.183673
gerig	aan	0.112245
gerig	om	0.102041
gerig	word	0.061224
gerig	was	0.051020
gerig	en	0.051020
gerig	dat	0.030612
gerig	deur	0.030612
gerig	het	0.030612
germaanse	taal	0.200000
gerugte	dat	0.310345
gerugte	van	0.172414
gerugte	oor	0.172414
gesamentlik	bekend	0.121212
geselskap	se	0.128205
geselskap	van	0.128205
gesin	het	0.101942
gesin	van	0.082524
gesin	in	0.067961
gesin	se	0.053398
gesin	en	0.043689
gesin	na	0.043689
gesin	was	0.043689
gesin	is	0.043689
gesin	te	0.029126
gesin	die	0.019417
gesin	op	0.019417
gesin	wat	0.019417
gesin	nie	0.014563
gesin	gebore	0.014563
gesin	hulle	0.014563
gesin	sy	0.014563
gesin	terug	0.014563
gesin	weer	0.014563
gesing	het	0.212121
gesing	is	0.151515
gesing	word	0.151515
gesing	en	0.121212
gesinne	wat	0.118644
gesinne	van	0.084746
gesinne	in	0.067797
gesinne	het	0.050847
gesinne	hulle	0.050847
gesinne	en	0.050847
gesit	het	0.303030
gesit	en	0.166667
gesit	word	0.121212
gesit	om	0.090909
gesit	is	0.060606
gesit	wat	0.045455
geskei	word	0.215686
geskei	en	0.127451
geskei	deur	0.107843
geskei	is	0.088235
geskei	op	0.039216
geskei	van	0.039216
geskei	was	0.039216
geskei	kan	0.029412
geskei	nie	0.029412
geskei	in	0.029412
geskik	vir	0.469565
geskik	is	0.269565
geskik	was	0.052174
geskik	om	0.043478
geskik	as	0.034783
geskik	nie	0.026087
geskikte	plek	0.172414
gesneuwel	het	0.714286
gespeel	het	0.265517
gespeel	en	0.144828
gespeel	in	0.106897
gespeel	word	0.068966
gespeel	maar	0.037931
gespeel	is	0.037931
gespeel	nie	0.031034
gespeel	deur	0.027586
gespeel	wat	0.024138
gespeel	soos	0.017241
gespeel	veral	0.017241
gespeel	vir	0.013793
gespeel	om	0.013793
gespeel	met	0.013793
gespeel	toe	0.010345
gespeel	op	0.010345
gespeel	n	0.010345
gespeel	as	0.010345
gesprek	met	0.321429
gespring	en	0.500000
gestort	het	0.333333
gestort	word	0.266667
gestort	in	0.200000
gestraf	word	0.277778
getref	het	0.234568
getref	word	0.185185
getref	is	0.111111
getref	tussen	0.098765
getref	deur	0.049383
getref	om	0.049383
getref	vir	0.037037
getref	en	0.037037
getuienis	van	0.232558
getuienis	dui	0.093023
getuienis	wat	0.069767
gevegte	met	0.157895
gevegte	het	0.140351
gevegte	tussen	0.105263
gevegte	in	0.052632
gevegte	wat	0.052632
geverf	en	0.266667
geverf	word	0.200000
geverf	was	0.200000
gevier	is	0.166667
gevier	het	0.119048
gevier	word	0.119048
gevier	as	0.095238
gevier	met	0.095238
gevier	deur	0.071429
gevier	en	0.071429
gevlieg	het	0.370370
gevlieg	en	0.296296
gevlug	het	0.325581
gevlug	en	0.302326
gevlug	maar	0.093023
gevoel	dat	0.190476
gevoel	van	0.163265
gevoel	het	0.142857
gevoel	en	0.074830
gevoel	om	0.047619
gevoel	in	0.034014
gevoel	vir	0.027211
gevoel	oor	0.020408
gevoel	is	0.020408
gevoel	word	0.020408
gevoel	nie	0.020408
gevul	met	0.333333
gevul	is	0.259259
gevul	en	0.148148
gevul	word	0.129630
gevul	het	0.055556
gewag	het	0.380952
gewapende	magte	0.311111
gewapende	stryd	0.088889
gewapende	konflik	0.088889
gewapende	mag	0.066667
gewapende	man	0.066667
gewees	het	0.778571
gewees	van	0.035714
gewees	en	0.035714
gewees	maar	0.021429
gewees	met	0.021429
geweet	het	0.290909
geweet	dat	0.200000
geweet	wat	0.090909
geweet	hoe	0.072727
geweet	nie	0.072727
gewilde	bestemming	0.144578
gewilde	plek	0.048193
gewilde	vorm	0.036145
gewillig	om	0.583333
gewoonlik	n	0.088838
gewoonlik	in	0.086560
gewoonlik	die	0.037585
gewoonlik	met	0.031891
gewoonlik	nie	0.029613
gewoonlik	op	0.027335
gewoonlik	word	0.026196
gewoonlik	van	0.023918
gewoonlik	tot	0.020501
gewoonlik	is	0.020501
gewoonlik	uit	0.019362
gewoonlik	net	0.018223
gewoonlik	deur	0.015945
gewoonlik	tussen	0.015945
gewoonlik	as	0.014806
gewoonlik	aan	0.013667
gewoonlik	na	0.012528
gewoonlik	ook	0.012528
gewoonlik	gebruik	0.010251
gewoonlik	groter	0.009112
gewoonlik	twee	0.007973
gewoonlik	oor	0.007973
gewoonlik	saam	0.006834
gewoonlik	meer	0.006834
gewoonlik	plaas	0.006834
gewoonlik	minder	0.005695
gewoonlik	slegs	0.005695
gewoonlik	het	0.005695
gewoonlik	bestaan	0.005695
gewoonlik	ongeveer	0.005695
gewoonlik	alleen	0.005695
gewoonlik	vir	0.005695
gewoonlik	baie	0.005695
gewoonlik	voor	0.005695
gewoonlik	warm	0.004556
gewoonlik	wit	0.004556
gewoonlik	teen	0.004556
gewoonlik	rondom	0.004556
gewoonlik	kleiner	0.004556
gewoonlik	naby	0.004556
gewoonte	om	0.260870
gewoonte	van	0.173913
gewoonte	het	0.173913
gewoonte	was	0.130435
geword	het	0.374696
geword	en	0.176399
geword	van	0.048662
geword	wat	0.046229
geword	om	0.036496
geword	dat	0.036496
geword	vir	0.030414
geword	in	0.027981
geword	as	0.027981
geword	nie	0.019465
geword	toe	0.019465
geword	terwyl	0.012165
geword	met	0.009732
geword	nadat	0.009732
geword	onder	0.008516
geword	die	0.006083
geword	maar	0.006083
geword	n	0.006083
geword	waar	0.004866
geword	op	0.004866
geword	tot	0.004866
geword	danksy	0.003650
geword	sodat	0.003650
geword	by	0.003650
geword	tydens	0.003650
geïdentifiseer	as	0.185185
geïdentifiseer	is	0.148148
geïdentifiseer	word	0.129630
geïdentifiseer	het	0.074074
geïdentifiseer	nie	0.074074
geïdentifiseer	wat	0.055556
geïdentifiseer	en	0.055556
gilbert	en	0.428571
glas	en	0.250000
glas	is	0.111111
glo	dat	0.297030
glo	die	0.094059
glo	n	0.044554
glo	nie	0.039604
glo	in	0.034653
glo	daar	0.024752
glo	ook	0.024752
glo	hy	0.019802
glo	by	0.019802
glo	hulle	0.014851
glo	op	0.014851
glo	baie	0.014851
glo	sy	0.014851
glo	egter	0.014851
glo	dié	0.014851
goedkeuring	van	0.342105
goedkeuring	vir	0.078947
goeie	hoop	0.098859
goeie	voorbeeld	0.087452
goeie	gesondheid	0.034221
goeie	en	0.022814
goeie	werk	0.015209
goeie	toestand	0.015209
goeie	vriend	0.015209
goeie	aanduiding	0.015209
goeie	mense	0.015209
goeie	verhouding	0.015209
goeie	ou	0.011407
goeie	dienste	0.011407
goeie	reën	0.011407
goeie	is	0.011407
goeie	beskerming	0.011407
goeie	reputasie	0.011407
goeie	gedrag	0.011407
goeie	opvoeding	0.011407
goeie	resultate	0.011407
goeie	vrydag	0.011407
going	on	0.750000
golwe	wat	0.214286
golwe	van	0.107143
gordel	en	0.210526
gordel	van	0.157895
graad	in	0.246377
graad	van	0.159420
graad	aan	0.086957
graad	met	0.065217
graad	en	0.043478
graad	b	0.028986
graad	was	0.028986
graad	het	0.021739
graad	vir	0.021739
graf	van	0.205479
graf	is	0.109589
graf	in	0.068493
graf	lê	0.041096
gram	in	0.632911
gram	die	0.050633
gram	met	0.050633
gram	water	0.037975
gratis	deur	0.076923
gratis	beskikbaar	0.076923
gratis	aflaai	0.076923
gratis	op	0.076923
grense	van	0.342593
grense	tussen	0.083333
grense	en	0.074074
grense	het	0.037037
grense	heen	0.037037
grense	wat	0.037037
grense	in	0.037037
grense	met	0.027778
grense	is	0.027778
grense	te	0.027778
grenspos	bekend	0.333333
griekse	en	0.125874
griekse	woord	0.083916
griekse	kultuur	0.041958
griekse	kuns	0.027972
griekse	teater	0.027972
griekse	filosofie	0.020979
griekse	wêreld	0.020979
griekse	eiland	0.020979
griekse	state	0.020979
griekse	regering	0.020979
griekse	god	0.020979
griekse	woorde	0.020979
groepe	van	0.092000
groepe	in	0.068000
groepe	wat	0.064000
groepe	en	0.056000
groepe	verdeel	0.048000
groepe	te	0.040000
groepe	met	0.036000
groepe	het	0.032000
groepe	is	0.032000
groepe	soos	0.028000
groepe	of	0.028000
groepe	word	0.020000
groepe	saam	0.020000
groepe	was	0.016000
groepe	mense	0.016000
groepe	terwyl	0.012000
groepe	die	0.012000
groepe	bestaan	0.012000
groepe	kan	0.012000
groepe	se	0.012000
grondgebied	van	0.130435
grondgebied	in	0.086957
grondgebied	wat	0.086957
grondgebied	en	0.065217
grote	het	0.107143
gun	om	0.300000
gun	en	0.300000
gunsteling	van	0.100000
gunsteling	in	0.100000
gunsteling	onder	0.100000
ha	groot	0.208333
ha	ha	0.166667
haag	en	0.230769
haai	word	0.333333
haarself	te	0.117647
hamburg	se	0.266667
hamer	en	0.400000
hang	af	0.271930
hang	van	0.078947
hang	die	0.070175
hang	in	0.070175
hang	en	0.035088
hang	n	0.026316
hang	nou	0.026316
hang	hoofsaaklik	0.026316
hang	daar	0.026316
harmonie	en	0.300000
harmonie	met	0.250000
harte	van	0.235294
has	a	1.000000
heart	of	0.263158
heart	is	0.210526
heart	en	0.210526
heaven	s	0.333333
heaven	en	0.333333
heelwat	van	0.106061
heelwat	kleiner	0.060606
heelwat	meer	0.045455
heelwat	minder	0.030303
heelwat	langer	0.030303
heelwat	energie	0.030303
heelwat	groter	0.022727
heelwat	franse	0.022727
henri	van	0.333333
here	het	0.076923
here	en	0.057692
here	vir	0.048077
here	was	0.038462
here	te	0.038462
here	sal	0.028846
here	come	0.028846
here	wat	0.028846
herfs	van	0.222222
herfs	en	0.088889
herfs	n	0.066667
herhaal	word	0.169811
herhaal	en	0.132075
herhaal	nie	0.075472
herhaal	die	0.056604
herhaal	dat	0.056604
herhaal	as	0.056604
herinner	aan	0.625000
herinner	dat	0.093750
herleef	het	0.187500
hertog	van	0.650000
hertog	bloubaard	0.066667
hertog	en	0.050000
hertogin	van	0.500000
het	die	0.152053
het	n	0.063162
het	hy	0.056493
het	in	0.048058
het	ook	0.031352
het	sy	0.030535
het	nie	0.028508
het	het	0.022394
het	en	0.021544
het	hulle	0.019321
het	dit	0.018864
het	om	0.016771
het	op	0.015006
het	egter	0.013535
het	is	0.012815
het	tot	0.011181
het	met	0.010527
het	van	0.010200
het	hom	0.010167
het	as	0.008860
het	vir	0.008337
het	was	0.007944
het	dat	0.007323
het	na	0.006440
het	aan	0.006310
het	baie	0.006146
het	twee	0.006048
het	toe	0.005623
het	haar	0.005329
het	later	0.004904
het	hul	0.004577
het	al	0.004577
het	wat	0.004479
het	hierdie	0.004087
het	maar	0.003858
het	geen	0.003858
het	net	0.003662
het	oor	0.003629
het	uit	0.003531
het	gelei	0.003531
hierheen	gekom	0.312500
hiervoor	is	0.210000
hiervoor	was	0.100000
hiervoor	het	0.100000
hiervoor	gebruik	0.060000
hiervoor	word	0.050000
hiervoor	in	0.040000
hiervoor	gevind	0.030000
hiervoor	nie	0.030000
hiervoor	gekry	0.030000
hoe	meer	0.162939
hoe	die	0.134185
hoe	om	0.054313
hoe	dit	0.044728
hoe	hy	0.043131
hoe	groter	0.033546
hoe	n	0.031949
hoe	hulle	0.028754
hoe	sy	0.027157
hoe	verder	0.020767
hoe	kleiner	0.019169
hoe	lank	0.015974
hoe	minder	0.015974
hoe	hoër	0.015974
hoe	beter	0.014377
hoe	belangrik	0.011182
hoe	kan	0.011182
hoe	langer	0.011182
hoe	jy	0.009585
hoe	groot	0.009585
hoe	moeiliker	0.009585
hoe	belangriker	0.007987
hoe	het	0.007987
hoe	hierdie	0.007987
hoe	ver	0.007987
hoe	vinniger	0.006390
hoe	diep	0.006390
hoe	mense	0.006390
hoe	moeilik	0.006390
hoe	dieper	0.006390
hoe	naby	0.004792
hoe	weet	0.004792
hoe	gouer	0.004792
hoe	sterker	0.004792
hoe	goed	0.004792
hoe	hard	0.004792
hoe	ons	0.004792
hoe	harder	0.004792
hoed	is	0.200000
homo	en	0.600000
hond	wat	0.102564
hond	van	0.102564
hond	is	0.076923
hond	se	0.076923
hond	en	0.076923
honde	en	0.147059
honde	is	0.117647
honderd	jaar	0.271186
honderd	en	0.101695
hongarye	en	0.210526
honger	en	0.263158
hoofkantoor	in	0.200000
hoofkantoor	van	0.200000
hoofkantoor	is	0.120000
hoofkantoor	en	0.120000
hoog	en	0.308756
hoog	is	0.082949
hoog	word	0.064516
hoog	in	0.046083
hoog	kan	0.041475
hoog	as	0.027650
hoog	met	0.027650
hoog	genoeg	0.023041
hoog	geloop	0.023041
hoog	soos	0.018433
hoog	die	0.018433
hoog	bo	0.018433
hoog	by	0.013825
hoog	was	0.013825
hoog	groei	0.013825
hoog	maar	0.013825
hoog	dat	0.013825
hoog	op	0.013825
hoogte	van	0.620690
hoogte	bo	0.051724
hoogte	in	0.022989
hoogte	te	0.022989
hoogte	en	0.017241
hoogte	deur	0.017241
hoogtepunt	van	0.388889
hoogtepunt	in	0.244444
hoogtepunt	bereik	0.144444
hoogtepunt	het	0.033333
hoor	dat	0.093333
hoor	nie	0.080000
hoor	en	0.066667
hoor	hoe	0.053333
hoor	jy	0.053333
hoor	die	0.040000
hoor	wat	0.040000
hoor	mens	0.040000
hoor	sing	0.040000
hoor	van	0.040000
hoor	het	0.040000
hotel	en	0.180000
hotel	in	0.120000
hotel	is	0.100000
hotel	n	0.080000
hotel	op	0.060000
hotelle	en	0.600000
huis	van	0.138095
huis	toe	0.092857
huis	in	0.092857
huis	en	0.061905
huis	te	0.047619
huis	is	0.042857
huis	wat	0.028571
huis	was	0.023810
huis	op	0.019048
huis	tot	0.016667
huis	met	0.016667
huis	waar	0.016667
huis	het	0.014286
huis	se	0.014286
huis	af	0.014286
huis	as	0.011905
huis	gehou	0.011905
huis	of	0.011905
huis	laat	0.009524
huis	vir	0.009524
huis	verlaat	0.007143
huis	n	0.007143
huis	begin	0.007143
huisves	die	0.130952
huisves	n	0.107143
huisves	ook	0.095238
huisves	tans	0.083333
huisves	nou	0.083333
huisves	en	0.071429
huisves	vandag	0.047619
i	van	0.100629
i	en	0.097484
i	het	0.069182
i	am	0.040881
i	die	0.034591
i	se	0.034591
i	m	0.031447
i	was	0.028302
i	is	0.025157
i	ll	0.025157
i	e	0.022013
i	joe	0.022013
i	as	0.015723
i	of	0.015723
i	in	0.012579
i	met	0.012579
i	the	0.012579
i	hertog	0.012579
i	op	0.009434
i	de	0.009434
i	te	0.009434
i	laat	0.009434
i	s	0.009434
identiteit	en	0.177778
identiteit	van	0.111111
identiteit	te	0.100000
identiteit	as	0.066667
identiteit	is	0.066667
identiteit	het	0.044444
identiteit	of	0.033333
identiteit	wat	0.033333
immigrasie	van	0.166667
immigrasie	na	0.166667
immigrasie	het	0.125000
in	die	0.461552
in	n	0.061391
in	het	0.029598
in	sy	0.025139
in	is	0.015729
in	hierdie	0.013309
in	suid	0.012054
in	deur	0.010575
in	engels	0.009679
in	en	0.008357
in	in	0.007125
in	dié	0.006453
in	was	0.005870
in	hul	0.005758
in	te	0.005646
in	dieselfde	0.004952
in	word	0.004952
in	staat	0.004795
in	the	0.004369
in	haar	0.003966
in	as	0.003854
in	met	0.003742
in	januarie	0.003585
in	baie	0.003540
in	sommige	0.003495
in	afrikaans	0.003495
in	oktober	0.003406
in	junie	0.003406
in	daardie	0.003383
in	desember	0.003294
in	europa	0.003159
in	verskeie	0.003092
in	gebruik	0.003070
in	november	0.002980
in	ander	0.002980
in	augustus	0.002980
in	twee	0.002913
in	april	0.002890
in	op	0.002666
in	mei	0.002666
indien	die	0.370370
indien	n	0.129630
indien	dit	0.098765
indien	hy	0.052469
indien	hulle	0.049383
indien	nie	0.040123
indien	daar	0.030864
indien	nodig	0.030864
indien	enige	0.021605
indien	moontlik	0.018519
indien	jy	0.015432
indien	mens	0.009259
indien	een	0.009259
indien	hierdie	0.009259
ingebring	is	0.363636
ingelig	oor	0.312500
ingelig	dat	0.250000
ingestem	om	0.465116
ingestem	en	0.209302
ingestem	het	0.093023
ingestem	dat	0.093023
ingewikkeld	en	0.222222
inhou	nie	0.304348
inhou	die	0.130435
inhou	vir	0.130435
inhoud	van	0.355932
inhoud	en	0.093220
inhoud	wat	0.042373
inhoud	op	0.033898
inhoud	betref	0.033898
inhoud	is	0.025424
inhoud	te	0.025424
inmenging	in	0.571429
inspirasie	vir	0.344828
inspirasie	in	0.172414
inspirasie	uit	0.103448
instruksies	van	0.200000
instruksies	aan	0.150000
instruksies	vir	0.150000
intelligente	en	0.200000
intelligente	lewe	0.200000
intensiewe	navorsing	0.250000
intrek	in	0.400000
intussen	het	0.240223
intussen	is	0.139665
intussen	in	0.050279
intussen	word	0.044693
intussen	n	0.039106
intussen	die	0.033520
intussen	deur	0.022346
intussen	ook	0.022346
intussen	as	0.022346
intussen	met	0.022346
intussen	maak	0.022346
intussen	was	0.016760
iran	se	0.262295
iran	en	0.081967
iran	is	0.065574
iran	n	0.049180
israel	se	0.168675
israel	en	0.096386
israel	het	0.060241
israel	in	0.060241
israel	is	0.048193
jaarlikse	produksie	0.094340
jaarlikse	gemiddelde	0.075472
jaarlikse	toernooi	0.075472
jaarlikse	bydrae	0.056604
jag	en	0.210526
jag	wat	0.052632
jag	op	0.052632
jag	het	0.052632
jag	in	0.052632
jag	gemaak	0.039474
jag	is	0.039474
jan	van	0.186916
jan	en	0.130841
jan	se	0.084112
jan	hendrik	0.074766
jan	het	0.037383
jan	de	0.028037
jan	steen	0.028037
jeug	en	0.218750
jeug	in	0.109375
jeug	het	0.078125
jeug	van	0.078125
jeug	wat	0.046875
joernalis	en	0.270270
joernalis	by	0.108108
joernalis	in	0.081081
johan	de	0.114286
johan	van	0.114286
johan	se	0.114286
johan	en	0.085714
johann	i	0.136364
johannes	die	0.171429
johannes	van	0.085714
johannes	se	0.085714
johannes	en	0.071429
johannes	de	0.071429
johannes	het	0.057143
jong	man	0.102484
jong	mense	0.074534
jong	seun	0.055901
jong	mans	0.046584
jong	vrou	0.046584
jong	kinders	0.037267
jong	meisie	0.034161
jong	ouderdom	0.031056
jong	voëls	0.027950
jong	diere	0.021739
jong	vroue	0.021739
jong	meisies	0.018634
jong	volwassenes	0.015528
jong	en	0.015528
jong	koning	0.012422
jong	voël	0.012422
jong	blare	0.009317
jong	joernalis	0.009317
jong	visse	0.009317
jong	prins	0.009317
jong	suid	0.009317
jong	kunstenaar	0.009317
jong	seuns	0.009317
jong	manne	0.009317
jong	nasie	0.009317
jonger	as	0.218182
jonger	broer	0.154545
jonger	suster	0.081818
jonger	mense	0.054545
jonger	kinders	0.054545
jonger	generasie	0.045455
jonger	dame	0.027273
jonger	was	0.027273
joodse	bevolking	0.086957
joodse	gemeenskap	0.065217
joodse	volk	0.065217
joodse	tradisie	0.054348
joodse	en	0.043478
joodse	begraafplaas	0.043478
joodse	burgers	0.032609
joodse	geloof	0.032609
josef	en	0.136364
julie	het	0.161677
julie	is	0.134731
julie	en	0.074850
julie	in	0.050898
julie	tot	0.050898
julie	die	0.035928
julie	was	0.032934
julie	op	0.026946
julie	deur	0.023952
julie	aan	0.017964
julie	n	0.017964
julie	word	0.017964
julie	met	0.014970
julie	as	0.014970
julie	oorlede	0.014970
julie	van	0.014970
julie	teen	0.011976
julie	vir	0.008982
julie	aangekondig	0.008982
junie	het	0.181598
junie	is	0.087167
junie	in	0.077482
junie	die	0.058111
junie	tot	0.048426
junie	en	0.041162
junie	was	0.026634
junie	op	0.024213
junie	met	0.019370
junie	as	0.016949
junie	van	0.014528
junie	oorlede	0.014528
junie	deur	0.014528
junie	word	0.014528
junie	aan	0.012107
junie	n	0.012107
junie	by	0.009685
junie	gehou	0.009685
junie	trou	0.009685
junie	begin	0.007264
junie	wat	0.007264
junie	amptelik	0.007264
junie	dit	0.007264
junie	vir	0.007264
juwele	te	0.333333
k	en	0.115385
k	vir	0.076923
k	is	0.057692
kafee	en	0.500000
kamer	van	0.255814
kamer	te	0.046512
kamer	en	0.046512
kamer	is	0.046512
kamer	wat	0.034884
kamer	staan	0.034884
kamer	waarin	0.034884
kamer	in	0.034884
kamerade	wat	0.375000
kamp	is	0.105263
kamp	het	0.087719
kamp	was	0.070175
kamp	te	0.070175
kamp	in	0.052632
kamp	van	0.052632
kan	word	0.152215
kan	die	0.065918
kan	ook	0.064462
kan	n	0.036390
kan	dit	0.027241
kan	in	0.022250
kan	nie	0.021834
kan	wees	0.017675
kan	tot	0.015804
kan	egter	0.014140
kan	dus	0.012269
kan	met	0.012061
kan	op	0.011229
kan	gebruik	0.011021
kan	hulle	0.009150
kan	daar	0.008734
kan	deur	0.008318
kan	as	0.007486
kan	hê	0.007486
kan	dan	0.007278
kan	lei	0.006654
kan	slegs	0.006030
kan	van	0.005822
kan	selfs	0.005614
kan	wissel	0.005614
kan	net	0.005407
kan	gesien	0.005199
kan	baie	0.005199
kan	hy	0.004991
kan	veroorsaak	0.004991
kan	byvoorbeeld	0.004991
kan	maak	0.004783
kan	so	0.004783
kan	maklik	0.004783
kan	ons	0.004783
kan	wel	0.003951
kan	sy	0.003743
kan	aan	0.003743
kan	soms	0.003535
kan	voorkom	0.003535
kanker	oorlede	0.127660
kanker	in	0.106383
kanker	wat	0.063830
kanker	en	0.063830
kanker	van	0.063830
karakters	se	0.118343
karakters	is	0.100592
karakters	wat	0.100592
karakters	in	0.094675
karakters	en	0.088757
karakters	word	0.041420
karakters	van	0.023669
karakters	nie	0.023669
karakters	met	0.023669
karakters	ook	0.017751
karakters	soos	0.017751
katalogus	van	0.578947
kennis	van	0.258427
kennis	en	0.123596
kennis	gemaak	0.067416
kennis	oor	0.044944
kennis	wat	0.044944
kennis	te	0.037453
kennis	met	0.037453
kennis	gestel	0.029963
kennis	in	0.026217
kennis	gegee	0.018727
kennis	dat	0.018727
kennis	is	0.014981
kennis	geneem	0.014981
kennis	gehad	0.014981
kennis	as	0.011236
kennis	nie	0.011236
kennis	neem	0.011236
kere	deur	0.105263
kere	in	0.065789
kere	die	0.039474
kerse	en	0.250000
kind	van	0.112500
kind	se	0.070833
kind	en	0.062500
kind	in	0.054167
kind	wat	0.045833
kind	was	0.041667
kind	is	0.041667
kind	n	0.020833
kind	te	0.020833
kind	uit	0.020833
kind	het	0.016667
kind	of	0.012500
kind	tot	0.012500
kind	kry	0.012500
kind	gebore	0.012500
kind	op	0.012500
kind	maar	0.012500
kind	die	0.012500
kind	ook	0.012500
kinders	van	0.093151
kinders	gehad	0.076712
kinders	en	0.073973
kinders	het	0.052055
kinders	in	0.050685
kinders	wat	0.050685
kinders	is	0.043836
kinders	gebore	0.035616
kinders	te	0.027397
kinders	se	0.026027
kinders	uit	0.019178
kinders	nie	0.016438
kinders	die	0.015068
kinders	by	0.013699
kinders	was	0.013699
kinders	n	0.013699
kinders	met	0.013699
kinders	onder	0.012329
kinders	tussen	0.012329
kinders	aan	0.010959
kinders	op	0.010959
kinders	kan	0.009589
kinders	word	0.009589
kinders	twee	0.006849
kinders	gebruik	0.006849
kinders	gedoop	0.005479
kinders	vertel	0.005479
kinders	ook	0.005479
kinders	skryf	0.005479
kinders	agtergelaat	0.004110
kinders	of	0.004110
kinders	kom	0.004110
kinders	na	0.004110
kinders	waarin	0.004110
kinders	sou	0.004110
kinders	teen	0.004110
kinders	vir	0.004110
kinders	hê	0.004110
kla	dat	0.312500
kla	oor	0.187500
klank	van	0.141304
klank	en	0.097826
klank	wat	0.076087
klank	is	0.054348
klank	in	0.054348
klank	nie	0.043478
klasse	in	0.094340
klasse	en	0.056604
klasse	vir	0.056604
klasse	van	0.056604
klavier	en	0.318182
klavier	gespeel	0.068182
klavier	begin	0.068182
kleiner	as	0.201005
kleiner	en	0.070352
kleiner	geword	0.040201
kleiner	is	0.030151
kleiner	groepe	0.025126
kleiner	skaal	0.025126
kleiner	word	0.025126
kleiner	stelsels	0.020101
kleiner	die	0.020101
kleiner	of	0.015075
kleiner	geboue	0.015075
kleinkinders	en	0.500000
kleinste	van	0.233333
kleinste	en	0.100000
klerk	se	0.122807
klerk	en	0.105263
klerk	van	0.087719
klerk	n	0.070175
klerk	het	0.070175
klerk	was	0.052632
klerk	die	0.052632
kliere	wat	0.157895
klimaat	is	0.139130
klimaat	van	0.104348
klimaat	met	0.095652
klimaat	het	0.078261
klimaat	en	0.052174
klimaat	in	0.034783
klimaat	vir	0.034783
klimaat	word	0.026087
klimaat	wat	0.026087
klip	en	0.102041
klip	gebou	0.102041
klip	is	0.081633
klip	of	0.081633
klip	in	0.061224
klippe	en	0.181818
klippe	is	0.090909
klub	is	0.149425
klub	se	0.126437
klub	het	0.126437
klub	speel	0.045977
klub	in	0.045977
klub	was	0.034483
koei	wat	0.200000
koel	en	0.235294
kok	kok	0.285714
komedie	wat	0.111111
komitee	van	0.275510
komitee	vir	0.122449
komitee	het	0.112245
komitee	se	0.040816
komitee	wat	0.040816
komitee	aangestel	0.030612
komitee	is	0.030612
komitee	op	0.030612
komponeer	en	0.307692
kon	word	0.133750
kon	die	0.078750
kon	nie	0.043750
kon	hy	0.029375
kon	ook	0.020625
kon	hulle	0.020000
kon	egter	0.015000
kon	dit	0.014375
kon	in	0.013750
kon	wees	0.013125
kon	n	0.013125
kon	dus	0.011250
kon	kry	0.010625
kon	bekostig	0.009375
kon	doen	0.009375
kon	gewees	0.008750
kon	hê	0.008125
kon	wen	0.008125
kon	sy	0.007500
kon	toe	0.006875
kon	net	0.006875
kon	slegs	0.006250
kon	nou	0.006250
kon	dien	0.006250
kon	sien	0.006250
kon	hom	0.005625
kon	gaan	0.005625
kon	voorsien	0.005000
kon	gebruik	0.005000
kon	maak	0.005000
kon	hierdie	0.005000
kon	dra	0.004375
kon	daar	0.004375
kon	tot	0.004375
kon	verstaan	0.004375
kon	speel	0.004375
kon	oorneem	0.003750
kon	hou	0.003750
kon	help	0.003750
kon	skryf	0.003750
konsert	was	0.125000
konsert	wat	0.093750
konstante	druk	0.160000
kontak	met	0.568807
kontak	gehad	0.045872
kontak	gemaak	0.045872
kontak	tussen	0.045872
koper	en	0.303030
koper	gemaak	0.090909
kopieë	van	0.478261
kopieë	is	0.130435
korrupsie	en	0.218750
korrupsie	van	0.093750
korrupsie	in	0.093750
koshuis	en	0.157895
kriminele	oortreding	0.333333
kringe	van	0.173913
kroon	van	0.180000
kroon	is	0.080000
kroon	en	0.080000
kroon	in	0.060000
kruger	se	0.166667
kruger	en	0.114583
kruger	het	0.083333
kruger	was	0.072917
kruger	die	0.052083
kruger	is	0.041667
kruip	en	0.416667
kruip	weg	0.250000
kuba	se	0.200000
kuba	in	0.200000
kêrel	van	0.571429
laag	is	0.112000
laag	as	0.088000
laag	van	0.080000
laag	water	0.040000
laag	wat	0.040000
laag	of	0.040000
laag	en	0.032000
laag	was	0.024000
laag	te	0.024000
laag	om	0.024000
laag	in	0.024000
laag	waar	0.024000
laag	op	0.024000
laastens	word	0.250000
laat	s	0.069963
laat	bou	0.049440
laat	vaar	0.049440
laat	de	0.043843
laat	die	0.034515
laat	in	0.032649
laat	val	0.017724
laat	ontstaan	0.014925
laat	geld	0.014925
laat	om	0.013993
laat	herleef	0.013993
laat	dit	0.012127
laat	hom	0.011194
laat	n	0.011194
laat	sy	0.010261
laat	afneem	0.009328
laat	hy	0.008396
laat	sien	0.008396
laat	voel	0.007463
laat	daal	0.007463
laat	weet	0.007463
laat	gaan	0.007463
laat	nie	0.006530
laat	loop	0.006530
laat	staan	0.006530
laat	trek	0.006530
laat	ontwikkel	0.006530
laat	lyk	0.006530
laat	hoor	0.005597
laat	klink	0.005597
laat	styg	0.005597
laat	beweeg	0.005597
laat	werk	0.005597
laat	toe	0.005597
laat	haar	0.005597
laat	blyk	0.005597
laat	publiseer	0.005597
laat	dink	0.004664
laat	doen	0.004664
laat	verander	0.004664
lande	het	0.076613
lande	is	0.072581
lande	en	0.058468
lande	in	0.056452
lande	word	0.048387
lande	wat	0.044355
lande	met	0.034274
lande	van	0.026210
lande	soos	0.026210
lande	se	0.026210
lande	ter	0.018145
lande	waar	0.018145
lande	was	0.016129
lande	op	0.014113
lande	nie	0.014113
lande	te	0.014113
lande	oor	0.012097
lande	deur	0.012097
lande	veral	0.010081
lande	n	0.008065
lande	aan	0.008065
lande	die	0.008065
lande	gebruik	0.008065
lande	begin	0.008065
lande	ook	0.008065
lande	gemaak	0.006048
lande	vir	0.006048
lande	verleen	0.006048
lande	kon	0.006048
lande	as	0.006048
lande	kan	0.006048
lande	volgens	0.006048
last	of	0.333333
last	day	0.125000
last	man	0.125000
lastig	geval	0.555556
leeu	en	0.150000
leeu	se	0.075000
leeu	in	0.075000
leiding	van	0.728723
leiding	het	0.053191
leiding	geneem	0.031915
leiding	en	0.026596
leiding	is	0.026596
leiding	in	0.015957
leroux	se	0.800000
les	gegee	0.166667
les	six	0.125000
les	in	0.125000
let	op	0.175439
let	wel	0.157895
let	daarop	0.140351
let	s	0.122807
let	dat	0.105263
let	me	0.052632
letterlik	die	0.118644
letterlik	vertaal	0.084746
letterlik	n	0.067797
letterlik	groot	0.050847
letterlik	in	0.050847
leuenaar	drie	0.800000
lewe	in	0.096349
lewe	van	0.088235
lewe	en	0.083164
lewe	geroep	0.044625
lewe	te	0.042596
lewe	het	0.038540
lewe	is	0.034483
lewe	op	0.022312
lewe	aan	0.021298
lewe	lank	0.020284
lewe	as	0.019270
lewe	was	0.017241
lewe	vir	0.015213
lewe	nie	0.015213
lewe	die	0.014199
lewe	word	0.014199
lewe	n	0.012170
lewe	tot	0.009128
lewe	gebring	0.009128
lewe	met	0.009128
lewe	soos	0.008114
lewe	wat	0.007099
lewe	sou	0.007099
lewe	sal	0.006085
lewe	gehad	0.006085
lewe	onttrek	0.006085
lewe	geskenk	0.006085
lewe	kan	0.006085
lewe	gemaak	0.005071
lewe	by	0.005071
lewe	sy	0.005071
lewe	bly	0.005071
lewe	uit	0.005071
lewe	of	0.005071
lewe	voor	0.004057
lewe	saam	0.004057
lewe	na	0.004057
lewe	gespeel	0.004057
lewe	begin	0.004057
lewe	sonder	0.004057
lewendes	en	0.571429
lewenslange	bydrae	0.285714
lewenslange	vriendskap	0.107143
lewenslange	vriend	0.107143
li	se	0.200000
lid	van	0.860399
lid	was	0.037037
lid	geword	0.025641
lid	en	0.017094
lid	is	0.008547
liedere	uit	0.100000
liedjies	wat	0.109375
liedjies	soos	0.078125
liedjies	geskryf	0.078125
liedjies	in	0.078125
liedjies	met	0.062500
liedjies	vertel	0.046875
liedjies	en	0.046875
liedjies	te	0.046875
liefde	vir	0.238095
liefde	en	0.185714
liefde	van	0.052381
liefde	in	0.028571
liefde	is	0.023810
liefde	tussen	0.023810
liefde	wat	0.019048
liefde	ter	0.019048
liefde	die	0.019048
liefde	n	0.014286
liefde	nie	0.014286
liefde	aan	0.014286
liefde	het	0.014286
lig	en	0.109718
lig	van	0.103448
lig	wat	0.056426
lig	in	0.040752
lig	gesien	0.037618
lig	te	0.034483
lig	gekom	0.031348
lig	op	0.028213
lig	gebring	0.028213
lig	laat	0.028213
lig	word	0.025078
lig	kan	0.025078
lig	nie	0.018809
lig	uit	0.015674
lig	is	0.015674
lig	deur	0.015674
lig	beskou	0.015674
lig	die	0.012539
lig	oor	0.012539
lig	met	0.012539
lig	na	0.009404
lig	as	0.009404
lig	ook	0.009404
lig	soos	0.009404
liggame	in	0.122807
liggame	met	0.087719
liggame	soos	0.070175
liggame	is	0.070175
liggame	en	0.070175
liggame	het	0.052632
line	en	0.250000
line	is	0.200000
lives	en	0.461538
ll	meet	0.428571
lot	van	0.384615
louis	en	0.114286
loved	me	0.800000
lughawe	is	0.144144
lughawe	in	0.063063
lughawe	van	0.054054
lughawe	het	0.045045
lughawe	wat	0.045045
lughawe	te	0.036036
lughawe	was	0.027027
lughawe	se	0.027027
lui	dit	0.096774
luister	en	0.208333
luister	na	0.166667
lyf	is	0.384615
lyf	en	0.207692
lyf	met	0.069231
lyf	nie	0.023077
maagd	maria	0.181818
maand	is	0.117647
maand	van	0.102941
maand	later	0.080882
maand	het	0.044118
maand	voor	0.036765
maand	na	0.036765
maand	met	0.022059
maand	vir	0.022059
maand	was	0.022059
maatreëls	om	0.081081
maatreëls	is	0.081081
maatreëls	vir	0.081081
maatreëls	in	0.081081
mak	gemaak	0.352941
mal	en	0.272727
mal	oor	0.272727
maniere	om	0.162791
maniere	van	0.127907
maniere	waarop	0.116279
maniere	in	0.046512
maniere	en	0.034884
maniere	te	0.034884
mans	en	0.150183
mans	het	0.076923
mans	wat	0.076923
mans	in	0.051282
mans	as	0.043956
mans	met	0.040293
mans	van	0.025641
mans	se	0.025641
mans	vroue	0.018315
mans	op	0.018315
mans	was	0.018315
mans	is	0.014652
mans	na	0.014652
mans	kan	0.014652
mans	vir	0.014652
mans	onder	0.010989
mans	te	0.010989
mans	die	0.010989
mans	uit	0.010989
mans	word	0.010989
manuskrip	van	0.181818
manuskrip	is	0.068182
manuskrip	uit	0.068182
marion	eiland	0.700000
marmer	en	0.187500
materiaal	wat	0.151899
materiaal	word	0.054852
materiaal	is	0.054852
materiaal	te	0.050633
materiaal	in	0.050633
materiaal	van	0.046414
materiaal	en	0.029536
materiaal	na	0.021097
materiaal	met	0.021097
materiaal	bestaan	0.016878
materiaal	of	0.016878
materiaal	kan	0.016878
materiaal	deur	0.016878
materiaal	nie	0.016878
materiaal	vir	0.016878
materiaal	by	0.016878
materiaal	soos	0.016878
materiaal	bedek	0.012658
materiaal	sal	0.012658
medalje	vir	0.192308
medalje	in	0.096154
medalje	gewen	0.076923
medalje	is	0.076923
medalje	wat	0.057692
medalje	verower	0.057692
medalje	van	0.057692
medaljes	oorhandig	0.200000
medaljes	vir	0.133333
medaljes	en	0.133333
medisyne	en	0.088889
medisyne	is	0.088889
medisyne	wat	0.088889
medisyne	vir	0.066667
medisyne	die	0.066667
meen	dat	0.385965
meen	egter	0.122807
meen	hy	0.087719
meen	die	0.070175
meen	dit	0.052632
meen	daar	0.052632
meen	hulle	0.052632
mees	algemene	0.189781
mees	onlangse	0.160584
mees	suidelike	0.072993
mees	gebruikte	0.072993
mees	bekende	0.051095
mees	basiese	0.043796
mees	geskikte	0.036496
mees	algemeen	0.029197
mees	belangrike	0.021898
mees	gewilde	0.021898
mees	beroemde	0.021898
meestal	in	0.135220
meestal	uit	0.044025
meestal	die	0.040881
meestal	gebruik	0.037736
meestal	van	0.037736
meestal	n	0.031447
meestal	nie	0.028302
meestal	as	0.028302
meestal	met	0.025157
meestal	vir	0.025157
meestal	op	0.025157
meestal	deur	0.022013
meestal	word	0.018868
meestal	net	0.015723
meestal	is	0.015723
meestal	ook	0.015723
meestal	om	0.012579
meestal	by	0.012579
meestal	bekend	0.009434
meestal	twee	0.009434
meestal	baie	0.009434
meestal	beperk	0.009434
meestal	voor	0.009434
meestal	aan	0.009434
meeste	van	0.316199
meeste	ander	0.046729
meeste	mense	0.035826
meeste	lande	0.034268
meeste	gevalle	0.031153
meeste	in	0.017134
meeste	is	0.015576
meeste	het	0.014019
meeste	gebruik	0.012461
meeste	moderne	0.010903
meeste	plante	0.007788
meeste	belangrike	0.007788
meeste	geld	0.007788
meeste	westerse	0.007788
meeste	diere	0.006231
meeste	was	0.006231
meeste	lede	0.006231
meeste	suid	0.004673
meeste	vrugte	0.004673
meeste	of	0.004673
meeste	aanhangers	0.004673
meeste	reën	0.004673
meeste	duitse	0.004673
meeste	geboue	0.004673
meeste	groot	0.004673
meeste	hiervan	0.004673
meeste	inwoners	0.004673
meeste	plekke	0.004673
meeste	sterre	0.004673
meeste	insekte	0.004673
meeste	dele	0.004673
meeste	vir	0.004673
meeste	stemme	0.004673
meeste	daarvan	0.004673
meeste	stede	0.004673
meeste	tale	0.004673
meeste	pryse	0.004673
mens	se	0.122605
mens	en	0.075351
mens	kan	0.049808
mens	in	0.037037
mens	wat	0.033206
mens	nie	0.033206
mens	n	0.031928
mens	die	0.029374
mens	is	0.026820
mens	het	0.024266
mens	van	0.021711
mens	as	0.014049
mens	met	0.014049
mens	moet	0.011494
mens	op	0.011494
mens	ook	0.010217
mens	tot	0.010217
mens	by	0.008940
mens	egter	0.007663
mens	sou	0.007663
mens	te	0.007663
mens	dus	0.006386
mens	na	0.006386
mens	deur	0.006386
mens	kry	0.006386
mens	of	0.006386
mens	self	0.006386
mens	voor	0.006386
mens	net	0.005109
mens	was	0.005109
mens	kon	0.005109
mens	maar	0.005109
mens	sien	0.005109
mens	dit	0.005109
mens	hulle	0.005109
mens	hom	0.005109
mens	sy	0.005109
mens	aan	0.003831
mens	slegs	0.003831
mens	nooit	0.003831
mensdom	en	0.102564
mensdom	is	0.076923
mensdom	se	0.076923
merke	op	0.266667
meubels	en	0.160000
meubels	van	0.100000
meubels	is	0.080000
meubels	in	0.060000
meubels	vir	0.060000
midde	van	0.441176
midde	ooste	0.352941
midde	in	0.044118
miljard	jaar	0.300885
miljard	in	0.070796
miljard	vsa	0.061947
miljard	en	0.044248
miljard	se	0.026549
miljard	euro	0.026549
miljard	miljard	0.026549
miljoen	jaar	0.227477
miljoen	mense	0.110360
miljoen	inwoners	0.051802
miljoen	in	0.051802
miljoen	ton	0.040541
miljoen	tot	0.029279
miljoen	en	0.024775
miljoen	besoekers	0.020270
miljoen	liter	0.018018
miljoen	beraam	0.015766
miljoen	m	0.015766
miljoen	dollar	0.013514
miljoen	van	0.013514
miljoen	gekos	0.011261
miljoen	is	0.011261
miljoen	per	0.009009
miljoen	kopieë	0.009009
miljoen	wat	0.009009
miljoen	vir	0.009009
miljoen	mark	0.006757
miljoen	vsa	0.006757
miljoen	het	0.006757
miljoen	sou	0.006757
miljoen	verdien	0.006757
miljoen	vlugtelinge	0.006757
miljoen	jode	0.006757
minister	van	0.632653
minister	te	0.025510
minister	bedank	0.020408
minister	geword	0.020408
minister	is	0.020408
minister	en	0.020408
minister	vir	0.020408
minister	dr	0.015306
minister	in	0.015306
minister	sonder	0.015306
minute	en	0.121212
minute	lank	0.070707
minute	in	0.060606
minute	van	0.060606
minute	duur	0.050505
minute	om	0.040404
minute	voor	0.040404
minute	het	0.030303
minute	se	0.030303
minute	na	0.030303
minute	tot	0.030303
mis	van	0.094340
mis	en	0.094340
mis	wat	0.075472
mis	word	0.056604
misbruik	van	0.322581
misbruik	en	0.161290
misbruik	te	0.096774
misdaad	en	0.280000
misdaad	in	0.060000
mislukte	poging	0.277778
misterie	van	0.625000
mite	en	0.120000
mite	het	0.120000
mite	is	0.120000
moeilike	omstandighede	0.173913
moeilike	tye	0.101449
moeilike	tyd	0.086957
moeilike	en	0.072464
moeilike	ekonomiese	0.057971
moeilike	taak	0.057971
moeilike	tydperk	0.057971
moeilike	situasie	0.043478
moeilike	jare	0.043478
moeilikheid	en	0.166667
moerasse	en	0.318182
moerasse	met	0.136364
mooi	en	0.075000
mooi	vrou	0.037500
moontlike	toekomstige	0.046875
moontlike	verlies	0.046875
moontlikhede	van	0.303030
moontlikhede	wat	0.121212
moontlikhede	die	0.090909
moontlikhede	om	0.090909
moorde	op	0.177778
moorde	en	0.088889
moorde	het	0.066667
moraliteit	en	0.307692
moraliteit	te	0.230769
motor	van	0.087719
motor	en	0.078947
motor	wat	0.070175
motor	is	0.061404
motor	het	0.052632
motor	was	0.043860
motor	te	0.035088
motor	vir	0.026316
motor	se	0.026316
motor	in	0.026316
motor	die	0.026316
mozart	se	0.380952
muggies	en	0.428571
muise	wat	0.190476
mure	van	0.185714
mure	is	0.128571
mure	in	0.071429
mure	het	0.071429
mure	wat	0.057143
mure	en	0.057143
mure	was	0.042857
museum	van	0.079470
museum	in	0.072848
museum	se	0.072848
museum	en	0.059603
museum	wat	0.059603
museum	is	0.059603
museum	vir	0.046358
museum	of	0.046358
museum	te	0.033113
museum	sy	0.026490
museum	die	0.026490
museum	het	0.026490
museum	huisves	0.026490
museum	op	0.019868
museum	oor	0.019868
museum	n	0.019868
museum	was	0.019868
museum	beskik	0.019868
museum	vertoon	0.019868
musikante	en	0.166667
must	die	0.500000
n	groot	0.040220
n	nuwe	0.023185
n	ander	0.021567
n	paar	0.021486
n	belangrike	0.017763
n	aantal	0.017399
n	klein	0.011694
n	mens	0.009468
n	baie	0.009185
n	tweede	0.007162
n	lang	0.007162
n	nasionale	0.006595
n	enkele	0.006555
n	jaar	0.005867
n	groter	0.005543
n	goeie	0.005503
n	sterk	0.005422
n	kort	0.005301
n	groep	0.005301
n	persoon	0.005098
n	bevolking	0.005058
n	soort	0.004977
n	eie	0.004856
n	man	0.004775
n	deel	0.004694
n	gewilde	0.004613
n	hoë	0.004572
n	meer	0.004451
n	tyd	0.004370
n	bepaalde	0.004006
n	sekere	0.004006
n	lid	0.003723
n	hele	0.003642
n	seun	0.003520
n	verdere	0.003480
n	poging	0.003480
n	ou	0.003439
n	spesiale	0.003399
n	derde	0.003358
n	tydperk	0.003358
na	die	0.444607
na	n	0.112251
na	sy	0.053836
na	suid	0.015382
na	hom	0.015016
na	aanleiding	0.012818
na	hul	0.012635
na	haar	0.012269
na	hierdie	0.011353
na	hulle	0.009156
na	bewering	0.008606
na	ander	0.008240
na	te	0.008057
na	onder	0.007325
na	aan	0.006226
na	bo	0.006043
na	europa	0.004944
na	nederland	0.004761
na	mekaar	0.004395
na	engeland	0.004395
na	buite	0.004212
na	afloop	0.004212
na	parys	0.003845
na	verwys	0.003662
na	een	0.003296
na	binne	0.003296
na	wes	0.003296
na	twee	0.003296
na	meer	0.003113
na	duitsland	0.002930
na	regs	0.002747
na	en	0.002747
na	het	0.002564
na	elke	0.002564
na	jaar	0.002381
na	frankryk	0.002197
na	dié	0.002197
na	ongeveer	0.002197
na	agter	0.002197
na	alle	0.002197
nagekom	word	0.363636
namens	die	0.523810
namens	hom	0.095238
namens	hulle	0.095238
namens	haar	0.071429
napoleon	se	0.240000
napoleon	het	0.120000
napoleon	en	0.060000
nasie	van	0.175000
nasie	in	0.075000
nasie	wat	0.075000
nat	en	0.193548
nat	word	0.096774
nederlaag	teen	0.253521
nederlaag	van	0.126761
nederlaag	in	0.098592
nederlaag	gely	0.084507
nederlaag	en	0.056338
nederlaag	het	0.042254
nederlande	en	0.714286
nederlandse	taal	0.058824
nederlandse	en	0.050420
nederlandse	regering	0.050420
nederlandse	oorlog	0.033613
nederlandse	opstand	0.033613
nederlandse	skilder	0.025210
nederlandse	groep	0.025210
nederlandse	vertaling	0.025210
neef	van	0.371429
neef	en	0.114286
neef	die	0.085714
neig	om	0.551724
neig	na	0.137931
neig	dus	0.103448
neutraal	te	0.285714
niet	gegaan	0.200000
nieteenstaande	sy	0.333333
nieteenstaande	die	0.250000
niggie	van	0.272727
no	mei	0.172043
no	februarie	0.086022
no	november	0.064516
no	junie	0.053763
no	augustus	0.053763
no	september	0.053763
no	in	0.053763
no	herfs	0.043011
no	lente	0.032258
no	wat	0.032258
no	posisie	0.032258
no	desember	0.032258
nog	n	0.163996
nog	nie	0.097222
nog	steeds	0.076923
nog	in	0.055021
nog	die	0.026175
nog	dae	0.023504
nog	altyd	0.021368
nog	geen	0.018162
nog	baie	0.016560
nog	twee	0.015491
nog	meer	0.014957
nog	nooit	0.014423
nog	net	0.012821
nog	verder	0.012286
nog	tot	0.011218
nog	voor	0.010684
nog	aan	0.010150
nog	vier	0.009615
nog	bestaan	0.009615
nog	as	0.009081
nog	een	0.009081
nog	gebruik	0.009081
nog	deur	0.008013
nog	met	0.007479
nog	van	0.006944
nog	eens	0.006944
nog	op	0.006944
nog	drie	0.006944
nog	vir	0.006944
nog	ander	0.006410
nog	groter	0.005876
nog	lank	0.005876
nog	slegs	0.005876
nog	maar	0.005342
nog	te	0.005342
nog	minder	0.005342
nog	onbekend	0.005342
nog	vyf	0.004808
nog	onder	0.004808
nog	by	0.003739
noord	van	0.224615
noord	amerika	0.150769
noord	en	0.092308
noord	amerikaanse	0.067692
noord	na	0.036923
noord	duitse	0.033846
noord	kaap	0.033846
noord	europa	0.030769
noord	suidelike	0.024615
noord	suid	0.021538
noord	duitsland	0.021538
noord	italië	0.021538
noord	se	0.018462
noord	wes	0.012308
noord	of	0.012308
noord	daarvan	0.012308
noord	engeland	0.012308
noord	oos	0.009231
noord	atlantiese	0.009231
nordiese	lande	0.266667
nordiese	oorlog	0.200000
normaalweg	nie	0.111111
normaalweg	n	0.095238
normaalweg	in	0.063492
normaalweg	die	0.047619
notas	oor	0.230769
nutteloos	vir	0.500000
nuus	van	0.137255
nuus	en	0.098039
nuus	is	0.078431
nuus	oor	0.058824
nuus	dat	0.058824
oder	rivier	0.500000
of	the	0.093474
of	die	0.074074
of	n	0.053571
of	meer	0.038360
of	ander	0.029982
of	in	0.027998
of	selfs	0.020282
of	dit	0.015432
of	sy	0.012566
of	hulle	0.012346
of	deur	0.011023
of	as	0.010582
of	om	0.010362
of	a	0.010362
of	op	0.010362
of	twee	0.009480
of	te	0.009259
of	nie	0.009259
of	hy	0.008157
of	van	0.007496
of	met	0.007275
of	wat	0.006393
of	daar	0.005071
of	na	0.004630
of	haar	0.004409
of	is	0.004409
of	soms	0.004189
of	enige	0.003968
of	our	0.003968
of	aan	0.003527
of	dat	0.003527
of	slegs	0.003307
of	drie	0.003307
of	net	0.003307
of	naby	0.003307
of	geen	0.003086
of	iemand	0.003086
of	vir	0.003086
of	hul	0.003086
of	het	0.002866
oggend	van	0.272727
oggend	het	0.072727
omgedraai	en	0.363636
omsingel	en	0.384615
onbekend	is	0.150943
onbekend	in	0.113208
onbekend	maar	0.113208
onbekend	of	0.113208
onbekend	en	0.094340
onbekend	gebly	0.056604
onbekend	was	0.056604
onderbreek	word	0.378378
onderbreek	deur	0.189189
onderbreek	het	0.081081
onderbreek	en	0.081081
onderdrukking	van	0.428571
onderskep	en	0.300000
ondersteuning	van	0.305882
ondersteuning	vir	0.164706
ondersteuning	wat	0.058824
ondersteuning	en	0.058824
ondersteuning	aan	0.035294
onderteken	is	0.191489
onderteken	het	0.170213
onderteken	die	0.085106
onderteken	waarin	0.085106
onderteken	wat	0.085106
onderteken	en	0.063830
onderwerp	van	0.279503
onderwerp	word	0.093168
onderwerp	en	0.055901
onderwerp	in	0.043478
onderwerp	wat	0.037267
onderwerp	is	0.037267
onderwerp	te	0.024845
onderwerp	nie	0.024845
onderwerp	aan	0.024845
onderwerp	of	0.018634
ongeluk	in	0.157143
ongeluk	wat	0.057143
ongeluk	het	0.057143
ongeluk	was	0.057143
ongeluk	met	0.042857
ongetroud	en	0.625000
ongeveer	van	0.076775
ongeveer	km	0.072937
ongeveer	jaar	0.057582
ongeveer	miljoen	0.055662
ongeveer	n	0.046065
ongeveer	cm	0.038388
ongeveer	die	0.032630
ongeveer	m	0.028791
ongeveer	tot	0.026871
ongeveer	mm	0.026871
ongeveer	dae	0.021113
ongeveer	kg	0.019194
ongeveer	mense	0.017274
ongeveer	een	0.017274
ongeveer	in	0.017274
ongeveer	man	0.015355
ongeveer	twee	0.015355
ongeveer	meter	0.015355
ongeveer	c	0.013436
ongeveer	dieselfde	0.011516
ongeveer	drie	0.011516
ongeveer	miljard	0.011516
ongeveer	vier	0.009597
ongeveer	ton	0.009597
ongeveer	inwoners	0.007678
ongeveer	en	0.007678
ongeveer	maande	0.007678
ongeveer	op	0.007678
ongeveer	vc	0.005758
ongeveer	vyf	0.005758
ongeveer	per	0.005758
ongeveer	keer	0.005758
ongeveer	tien	0.005758
ongeveer	r	0.005758
ongeveer	dertig	0.005758
ongeveer	twintig	0.005758
onlangse	jare	0.113208
onlangse	navorsing	0.075472
onlangse	dekades	0.075472
onlangse	tye	0.056604
onrus	in	0.228571
onrus	wat	0.142857
onrus	onder	0.085714
onrus	het	0.085714
ons	het	0.051948
ons	die	0.038961
ons	is	0.028860
ons	land	0.027417
ons	nie	0.025974
ons	eie	0.023088
ons	in	0.020202
ons	n	0.020202
ons	dit	0.018759
ons	sal	0.017316
ons	kan	0.014430
ons	van	0.011544
ons	almal	0.011544
ons	vandag	0.011544
ons	sien	0.010101
ons	tyd	0.010101
ons	nog	0.010101
ons	weet	0.008658
ons	wil	0.008658
ons	moet	0.008658
ons	ook	0.008658
ons	volk	0.007215
ons	staan	0.007215
ons	samelewing	0.007215
ons	met	0.007215
ons	kerk	0.007215
ons	lewe	0.005772
ons	na	0.005772
ons	twee	0.005772
ons	kennis	0.005772
ons	op	0.005772
ons	taal	0.005772
ons	vaderland	0.005772
ons	begrip	0.005772
ons	word	0.005772
ons	aan	0.005772
ons	harte	0.005772
ons	sou	0.005772
ons	gaan	0.005772
ons	as	0.004329
onskuld	en	0.235294
ontbloot	en	0.208333
ontbloot	word	0.125000
ontdekking	van	0.663158
ontdekking	het	0.052632
ontdekking	is	0.042105
ontdekking	en	0.042105
ontdekking	dat	0.031579
ontevrede	oor	0.238095
ontevrede	met	0.142857
ontken	dat	0.250000
ontken	het	0.142857
ontken	en	0.107143
ontmoet	het	0.217391
ontmoet	en	0.123188
ontmoet	hy	0.086957
ontmoet	die	0.072464
ontmoet	sy	0.065217
ontmoet	wat	0.036232
ontmoet	vir	0.036232
ontmoet	van	0.028986
ontmoet	hier	0.028986
ontmoet	n	0.021739
ontmoet	dan	0.021739
ontmoet	nie	0.021739
ontmoet	is	0.021739
ontmoeting	met	0.485714
ontmoeting	tussen	0.114286
ontstel	het	0.800000
onttrek	en	0.196970
onttrek	het	0.121212
onttrek	is	0.075758
onttrek	word	0.075758
onttrek	uit	0.060606
onttrek	maar	0.060606
ontvang	het	0.204276
ontvang	en	0.128266
ontvang	hy	0.076010
ontvang	van	0.047506
ontvang	sy	0.042755
ontvang	vir	0.038005
ontvang	in	0.033254
ontvang	wat	0.030879
ontvang	die	0.028504
ontvang	nie	0.028504
ontvang	is	0.028504
ontvang	om	0.023753
ontvang	maar	0.023753
ontvang	word	0.023753
ontvang	as	0.019002
ontvang	n	0.011876
ontvang	deur	0.011876
ontvang	met	0.009501
ontvang	asook	0.009501
ontvang	ook	0.007126
ontvang	aan	0.007126
ontvang	was	0.007126
ontvang	by	0.007126
oog	op	0.201220
oog	van	0.097561
oog	gesien	0.054878
oog	is	0.054878
oog	af	0.054878
oog	en	0.048780
oog	vir	0.042683
oog	oor	0.030488
oog	te	0.030488
oog	in	0.024390
oog	daarop	0.024390
oog	kan	0.024390
oogpunt	van	0.409091
ooit	in	0.064220
ooit	die	0.055046
ooit	n	0.045872
ooit	aangeteken	0.045872
ooit	geken	0.036697
ooit	tevore	0.027523
ooit	weer	0.027523
ooit	op	0.027523
ooit	van	0.027523
ooit	gevind	0.027523
ooit	deur	0.027523
oomblik	is	0.093750
oomblik	van	0.078125
oomblik	wat	0.078125
oomblik	dat	0.062500
oomblik	in	0.046875
oomblik	was	0.046875
oorblyfsels	van	0.761194
ooreengekom	om	0.400000
ooreengekom	dat	0.300000
ooreengekom	het	0.100000
oorgebly	het	0.400000
oorgebly	nie	0.150000
oorleef	het	0.242718
oorleef	deur	0.155340
oorleef	en	0.116505
oorleef	nie	0.097087
oorleef	is	0.048544
oorleef	maar	0.048544
oorleef	as	0.029126
oorleef	die	0.029126
oorleef	hy	0.029126
oorlewende	seun	0.142857
oorlewendes	van	0.285714
oorlewendes	is	0.285714
oorlewing	van	0.238095
oortuiging	dat	0.413793
oorval	deur	0.272727
oorweeg	om	0.173913
oorweeg	word	0.173913
oorweeg	het	0.065217
oorweeg	maar	0.065217
oorweeg	nie	0.065217
oos	van	0.218341
oos	duitse	0.087336
oos	europa	0.078603
oos	en	0.074236
oos	kaap	0.061135
oos	europese	0.048035
oos	duitsland	0.030568
oos	na	0.030568
oos	in	0.026201
oos	wes	0.026201
oos	is	0.017467
oos	se	0.017467
oos	gote	0.013100
oos	daarvan	0.013100
oos	berlyn	0.013100
openbaar	te	0.061538
openbaar	gemaak	0.061538
openbaar	het	0.046154
openbaar	hy	0.046154
openbaar	verskyn	0.046154
openbare	lewe	0.099448
openbare	mening	0.066298
openbare	werke	0.060773
openbare	en	0.044199
openbare	geboue	0.038674
openbare	sektor	0.033149
openbare	plekke	0.027624
openbare	vervoer	0.027624
openbare	gesondheid	0.027624
openbare	skole	0.022099
openbare	vergaderings	0.022099
openbare	skool	0.022099
openbare	biblioteek	0.022099
openbare	belangstelling	0.016575
openbare	politieke	0.016575
openbare	beleid	0.016575
openbare	veiligheid	0.016575
openbare	plek	0.016575
openbare	veiling	0.016575
opgelei	is	0.312500
opgelei	word	0.156250
opgelei	in	0.125000
opgelei	te	0.093750
opgestel	en	0.178082
opgestel	is	0.150685
opgestel	het	0.136986
opgestel	wat	0.082192
opgestel	vir	0.082192
opgestel	word	0.068493
opgestel	om	0.054795
opgestel	was	0.041096
opgestel	deur	0.041096
opgetree	het	0.480769
opgetree	en	0.134615
opgetree	as	0.125000
opgetree	in	0.038462
opgetree	nie	0.028846
opgetree	word	0.028846
opgetree	wat	0.028846
oplos	nie	0.210526
oplos	van	0.210526
oplossing	vir	0.181818
oplossing	van	0.161616
oplossing	was	0.070707
oplossing	is	0.060606
oplossing	kan	0.040404
oplossing	wat	0.040404
oplossing	te	0.040404
oplossing	in	0.030303
oplossing	gevind	0.030303
oplossing	tot	0.030303
oproep	om	0.190476
oproep	tot	0.142857
opspoor	wat	0.272727
opspoor	nie	0.272727
opspoor	en	0.272727
opstaan	en	0.428571
opstanding	van	0.333333
optree	en	0.189655
optree	as	0.086207
optree	het	0.068966
optree	nie	0.051724
opvoeding	van	0.200000
opvoeding	en	0.146667
opvoeding	in	0.093333
opvoeding	was	0.053333
opvoeding	ontvang	0.053333
opvoeding	het	0.040000
oral	in	0.312500
oral	op	0.078125
oral	dieselfde	0.046875
oral	oor	0.046875
oranje	en	0.235294
oranje	in	0.058824
oranje	rooi	0.058824
organiseer	op	0.187500
over	the	0.416667
paaie	en	0.161905
paaie	van	0.076190
paaie	wat	0.066667
paaie	in	0.066667
paaie	deur	0.047619
paaie	is	0.047619
paaie	was	0.038095
paaie	het	0.038095
paaie	geskei	0.028571
paaie	met	0.028571
pad	na	0.197425
pad	is	0.068670
pad	van	0.064378
pad	te	0.055794
pad	was	0.051502
pad	en	0.034335
pad	wat	0.030043
pad	in	0.030043
pad	het	0.025751
pad	deur	0.025751
pad	terug	0.021459
pad	met	0.017167
pad	oor	0.012876
pad	om	0.012876
pad	of	0.012876
paleis	van	0.110092
paleis	en	0.110092
paleis	is	0.082569
paleis	was	0.073394
paleis	in	0.073394
paleis	het	0.045872
paleis	se	0.036697
paleis	te	0.036697
part	ii	0.307692
part	i	0.230769
part	en	0.230769
parys	het	0.081301
parys	en	0.073171
parys	is	0.048780
parys	te	0.040650
parys	in	0.040650
parys	se	0.040650
parys	om	0.024390
parys	die	0.024390
pas	is	0.073034
pas	by	0.061798
pas	en	0.061798
pas	nie	0.061798
pas	in	0.050562
pas	die	0.044944
pas	bereik	0.033708
pas	van	0.022472
pas	was	0.022472
pas	wat	0.022472
pas	met	0.022472
pas	ook	0.016854
pas	n	0.016854
pas	op	0.016854
pas	hulle	0.016854
pas	de	0.016854
pasiënt	se	0.194030
pasiënt	in	0.119403
pasiënt	moet	0.059701
pasiënt	te	0.059701
pasiënte	met	0.192308
pasiënte	wat	0.173077
pasiënte	in	0.057692
pasiënte	se	0.057692
pasiënte	na	0.057692
permanente	lede	0.076923
permanente	bevolking	0.057692
perseel	van	0.250000
perseel	in	0.200000
perseel	is	0.150000
persoon	wat	0.162437
persoon	se	0.096447
persoon	van	0.060914
persoon	in	0.038071
persoon	of	0.038071
persoon	kan	0.035533
persoon	en	0.030457
persoon	nie	0.025381
persoon	met	0.025381
persoon	die	0.022843
persoon	n	0.022843
persoon	is	0.022843
persoon	het	0.017766
persoon	om	0.015228
persoon	vir	0.015228
persoon	as	0.015228
persoon	tot	0.012690
persoon	aan	0.010152
persoon	te	0.010152
persoon	oor	0.007614
persoon	moet	0.007614
persoon	was	0.007614
persoon	aangehou	0.007614
persoon	op	0.007614
persoon	teenoor	0.007614
persoon	maar	0.007614
phantom	of	0.375000
phantom	en	0.187500
philippe	de	0.750000
plaag	van	0.400000
plaas	van	0.178000
plaas	daarvan	0.078000
plaas	in	0.062000
plaas	en	0.060000
plaas	nie	0.034000
plaas	die	0.034000
plaas	op	0.024000
plaas	wat	0.022000
plaas	is	0.018000
plaas	waar	0.018000
plaas	by	0.016000
plaas	deur	0.016000
plaas	as	0.016000
plaas	was	0.016000
plaas	wanneer	0.016000
plaas	maar	0.014000
plaas	om	0.012000
plaas	met	0.012000
plaas	aan	0.010000
plaas	n	0.010000
plaas	naby	0.008000
plaas	oor	0.008000
plaas	na	0.008000
plaas	het	0.008000
plaas	onder	0.008000
plaas	te	0.008000
plaas	vir	0.006000
plaas	binne	0.006000
plaas	de	0.006000
plaas	omdat	0.006000
plaas	of	0.006000
plaas	dat	0.006000
plaaslike	bevolking	0.083019
plaaslike	inwoners	0.056604
plaaslike	regering	0.030189
plaaslike	en	0.026415
plaaslike	owerheid	0.022642
plaaslike	ekonomie	0.022642
plaaslike	tyd	0.022642
plaaslike	kunstenaars	0.015094
plaaslike	tak	0.015094
plaaslike	sake	0.015094
plaaslike	gemeenskap	0.015094
plaaslike	taal	0.015094
plaaslike	mense	0.015094
plaaslike	koerant	0.015094
plaaslike	inhoud	0.015094
plaaslike	burgers	0.011321
plaaslike	polisie	0.011321
plaaslike	mark	0.011321
plaaslike	raad	0.011321
plaaslike	politiek	0.011321
plaasvind	nie	0.157303
plaasvind	en	0.134831
plaasvind	is	0.078652
plaasvind	as	0.044944
plaasvind	kan	0.044944
plaasvind	deur	0.033708
plaasvind	wat	0.033708
plaasvind	word	0.033708
planet	of	0.687500
planet	en	0.187500
planne	vir	0.268519
planne	om	0.240741
planne	van	0.064815
planne	beraam	0.055556
planne	in	0.037037
planne	te	0.037037
planne	en	0.027778
plastiek	is	0.150000
plastiek	wat	0.150000
plat	en	0.228261
plat	op	0.076087
plat	vlak	0.043478
plat	gebied	0.032609
plat	is	0.032609
politieke	en	0.167059
politieke	partye	0.047059
politieke	party	0.040000
politieke	situasie	0.028235
politieke	mag	0.021176
politieke	lewe	0.021176
politieke	redes	0.018824
politieke	filosofie	0.018824
politieke	druk	0.016471
politieke	loopbaan	0.016471
politieke	aktiwiteite	0.014118
politieke	gebeure	0.014118
politieke	regte	0.014118
politieke	sentrum	0.011765
politieke	klimaat	0.011765
politieke	bestel	0.011765
politieke	wetenskap	0.011765
politieke	gevangenes	0.011765
politieke	eenheid	0.009412
politieke	sake	0.009412
politieke	gevangene	0.009412
politieke	vergaderings	0.009412
politieke	betekenis	0.009412
politieke	invloed	0.009412
politieke	krisis	0.009412
politieke	geskiedenis	0.009412
politieke	probleme	0.009412
politieke	spanning	0.009412
politieke	gesag	0.009412
politieke	leier	0.009412
politieke	onderdrukking	0.009412
politieke	gebied	0.009412
politieke	of	0.007059
politieke	figuur	0.007059
politieke	onafhanklikheid	0.007059
politieke	bande	0.007059
politieke	grens	0.007059
politieke	verandering	0.007059
politieke	organisasie	0.007059
politieke	raad	0.007059
pond	en	0.114286
pond	kanon	0.085714
pond	van	0.085714
preek	nie	0.130435
preek	oor	0.130435
preek	en	0.130435
prente	het	0.180328
prente	soos	0.098361
prente	en	0.065574
prente	wat	0.065574
prente	te	0.065574
prente	was	0.065574
prente	in	0.049180
prosa	en	0.232558
prosa	wat	0.069767
prosa	in	0.069767
prosa	is	0.069767
protes	teen	0.258065
protes	en	0.096774
pryse	vir	0.123810
pryse	gewen	0.123810
pryse	van	0.114286
pryse	ontvang	0.047619
pryse	in	0.047619
pryse	het	0.047619
pryse	is	0.038095
pryse	op	0.038095
pryse	en	0.038095
pryse	aan	0.028571
pryse	as	0.028571
publiek	en	0.112150
publiek	se	0.074766
publiek	in	0.065421
publiek	nie	0.056075
publiek	te	0.046729
publiek	geopen	0.037383
publiek	die	0.037383
publiek	of	0.028037
publiek	bekend	0.028037
publiseer	hy	0.287234
publiseer	sy	0.074468
publiseer	ook	0.074468
publiseer	is	0.042553
publiseer	en	0.042553
publiseer	die	0.042553
publiseer	in	0.042553
publiseer	verskeie	0.031915
publiseer	nie	0.031915
publiseer	onder	0.031915
publiseer	van	0.031915
pyl	en	0.600000
raad	van	0.264706
raad	vir	0.113971
raad	het	0.055147
raad	en	0.040441
raad	is	0.029412
raad	te	0.025735
raad	met	0.022059
raad	in	0.018382
raad	gegee	0.018382
raad	om	0.014706
raad	oor	0.014706
raad	verkies	0.011029
raad	aan	0.011029
raad	der	0.011029
raad	se	0.011029
raad	nie	0.011029
raad	onder	0.011029
raad	was	0.011029
radio	en	0.364865
radio	is	0.040541
radio	s	0.040541
radio	suid	0.040541
radio	verwerk	0.040541
ramp	die	0.100000
ramp	het	0.100000
rebelle	het	0.107143
rebelle	wat	0.107143
redelik	maklik	0.069767
redelik	goed	0.069767
redelik	algemeen	0.058140
redelik	onlangs	0.058140
redelik	groot	0.046512
redelik	plat	0.034884
redelik	klein	0.034884
redelik	lank	0.034884
redelik	stewige	0.034884
redelik	duidelik	0.034884
regiment	van	0.214286
reise	na	0.250000
reise	in	0.134615
reise	van	0.115385
reise	en	0.076923
rekenaar	of	0.090909
rekenaar	te	0.090909
rekenaar	en	0.072727
rekenaar	beheer	0.054545
rekenaar	het	0.054545
rekenaars	en	0.114286
rekenaars	te	0.114286
rekenaars	wat	0.085714
rekening	gehou	0.324324
rekening	gelaat	0.108108
rekening	was	0.081081
rekord	van	0.289855
rekord	vir	0.202899
rekord	is	0.115942
rekord	wat	0.043478
respek	vir	0.333333
respek	en	0.133333
respek	van	0.133333
restaurant	en	0.192308
rivier	in	0.064000
rivier	en	0.064000
rivier	is	0.060000
rivier	die	0.040000
rivier	te	0.040000
rivier	se	0.040000
rivier	n	0.024000
rivier	het	0.024000
rivier	wat	0.024000
rivier	van	0.024000
rivier	met	0.024000
rivier	of	0.020000
rivier	vloei	0.020000
rivier	word	0.020000
rivier	was	0.020000
rivier	nie	0.016000
rivier	opgerig	0.012000
rivier	op	0.012000
rivier	oorgesteek	0.012000
rivier	loop	0.012000
rivier	vorm	0.012000
rivier	waar	0.012000
rivier	bereik	0.012000
rol	in	0.450269
rol	van	0.119624
rol	gespeel	0.076613
rol	as	0.056452
rol	speel	0.051075
rol	by	0.038978
rol	wat	0.020161
rol	en	0.012097
rol	kan	0.008065
rol	begin	0.006720
rol	met	0.006720
rol	was	0.006720
rol	om	0.006720
rol	gekry	0.005376
rol	tydens	0.005376
rol	het	0.005376
rol	op	0.005376
rol	daarin	0.005376
rol	te	0.004032
rol	aan	0.004032
rol	vervul	0.004032
rol	moet	0.004032
rolle	in	0.988724
rolle	van	0.001650
rolle	op	0.001100
roman	die	0.072727
roman	in	0.068182
roman	word	0.068182
roman	oor	0.045455
roman	is	0.040909
roman	wat	0.036364
roman	met	0.036364
roman	en	0.031818
roman	the	0.027273
roman	te	0.022727
roman	het	0.022727
roman	van	0.022727
roman	geskryf	0.018182
roman	was	0.018182
roman	of	0.013636
roman	se	0.013636
roman	gee	0.013636
roman	n	0.013636
rond	en	0.351852
rond	te	0.185185
rond	is	0.074074
rond	die	0.055556
ronde	van	0.076923
ronde	teen	0.057692
rondom	die	0.518868
rondom	n	0.113208
rondom	hierdie	0.023585
rondom	hulle	0.018868
rondom	dit	0.018868
rondom	sy	0.018868
rondom	hom	0.018868
rondom	haar	0.014151
rondom	te	0.014151
rondom	het	0.014151
rooi	en	0.116438
rooi	wit	0.051370
rooi	leër	0.037671
rooi	vlag	0.030822
rooi	met	0.030822
rooi	baan	0.027397
rooi	is	0.023973
rooi	kleur	0.023973
rooi	of	0.023973
rooi	tot	0.023973
rooi	die	0.020548
rooi	kruis	0.020548
rooi	agtergrond	0.020548
rooi	geel	0.020548
rooi	hare	0.017123
rooi	ster	0.017123
rooi	van	0.017123
rooi	stel	0.017123
rooi	maar	0.013699
rooi	vir	0.013699
rooi	rose	0.013699
rooi	groen	0.013699
rooi	soos	0.010274
rooi	na	0.010274
rooi	as	0.010274
rooi	aan	0.010274
rooi	blomme	0.010274
rooi	swart	0.010274
rooi	veld	0.010274
rooi	blou	0.010274
rooi	goud	0.010274
rook	en	0.166667
rook	in	0.133333
rook	het	0.100000
rook	nie	0.100000
rotte	en	0.294118
rotte	wat	0.176471
rou	geëet	0.107143
rou	of	0.107143
rowers	en	0.428571
ruk	lank	0.265306
ruk	as	0.081633
ruk	en	0.061224
ruk	n	0.061224
rusplek	in	0.300000
russe	in	0.142857
russe	het	0.142857
saamgeneem	en	0.428571
samewerking	met	0.419048
samewerking	tussen	0.085714
samewerking	van	0.066667
samewerking	en	0.057143
samewerking	wat	0.028571
samewerking	het	0.028571
sekere	omstandighede	0.039301
sekere	dele	0.034934
sekere	van	0.034934
sekere	mate	0.034934
sekere	sin	0.030568
sekere	siektes	0.021834
sekere	mense	0.021834
sekere	streke	0.017467
sekere	tyd	0.017467
sekere	geleenthede	0.017467
sekere	gevalle	0.017467
sekere	plekke	0.017467
sekere	voorwaardes	0.017467
sekere	kringe	0.013100
sekere	plante	0.013100
sekere	tipe	0.013100
sekere	gedrag	0.013100
sekere	elemente	0.013100
sektor	het	0.111111
sektor	van	0.083333
sektor	is	0.083333
sektor	in	0.083333
sel	wat	0.100000
sel	se	0.100000
sel	in	0.066667
self	die	0.075000
self	het	0.060000
self	n	0.051667
self	is	0.051667
self	in	0.041667
self	en	0.036667
self	nie	0.036667
self	was	0.030000
self	te	0.028333
self	ook	0.025000
self	as	0.020000
self	kan	0.015000
self	sy	0.013333
self	aan	0.013333
self	met	0.011667
self	word	0.011667
self	deur	0.010000
self	ontwikkel	0.008333
self	uit	0.008333
self	na	0.008333
self	by	0.008333
self	tot	0.008333
self	vervaardig	0.008333
self	oor	0.006667
self	gedoen	0.006667
self	op	0.006667
self	daar	0.005000
self	sou	0.005000
self	voor	0.005000
self	twee	0.005000
self	bou	0.005000
self	verklaar	0.005000
self	so	0.005000
self	of	0.005000
self	besluit	0.005000
self	nog	0.005000
self	wat	0.005000
self	meer	0.005000
self	ontwerp	0.005000
selfs	die	0.133333
selfs	n	0.079167
selfs	in	0.077778
selfs	al	0.063889
selfs	as	0.040278
selfs	meer	0.030556
selfs	sy	0.025000
selfs	tot	0.022222
selfs	van	0.019444
selfs	vir	0.018056
selfs	met	0.018056
selfs	op	0.016667
selfs	deur	0.013889
selfs	nog	0.012500
selfs	na	0.012500
selfs	wanneer	0.011111
selfs	nie	0.011111
selfs	nadat	0.009722
selfs	net	0.009722
selfs	groter	0.009722
selfs	een	0.009722
selfs	voor	0.008333
selfs	buite	0.006944
selfs	teen	0.006944
selfs	verder	0.005556
selfs	oor	0.005556
selfs	dat	0.005556
selfs	by	0.005556
selfs	hierdie	0.005556
selfs	onmoontlik	0.005556
selfs	so	0.005556
selfs	vandag	0.004167
selfs	toe	0.004167
selfs	twee	0.004167
selfs	gebruik	0.004167
selfs	ook	0.004167
selfs	enkele	0.004167
selfs	moontlik	0.004167
senuwees	wat	0.185185
september	het	0.163324
september	is	0.103152
september	in	0.074499
september	tot	0.057307
september	en	0.037249
september	was	0.028653
september	van	0.022923
september	die	0.022923
september	met	0.020057
september	by	0.020057
september	n	0.020057
september	as	0.020057
september	begin	0.017192
september	gehou	0.017192
september	op	0.017192
september	vir	0.014327
september	oorlede	0.014327
september	word	0.011461
september	na	0.011461
september	gestig	0.008596
september	deur	0.008596
september	aan	0.008596
september	dit	0.008596
september	ontvang	0.008596
september	elke	0.008596
september	wanneer	0.008596
september	desember	0.008596
seun	van	0.405920
seun	en	0.069767
seun	wat	0.035941
seun	het	0.033827
seun	se	0.031712
seun	in	0.025370
seun	is	0.021142
seun	n	0.014799
seun	uit	0.012685
seun	te	0.010571
seun	by	0.010571
seun	gebore	0.008457
seun	ook	0.008457
seun	gehad	0.008457
seun	willem	0.008457
seun	jan	0.008457
seun	die	0.008457
seun	genaamd	0.008457
seun	george	0.006342
seun	was	0.006342
seun	of	0.006342
seun	louis	0.006342
seun	aan	0.006342
siek	geword	0.202128
siek	en	0.138298
siek	word	0.117021
siek	is	0.095745
siek	was	0.063830
siek	om	0.031915
siek	nie	0.031915
siek	of	0.031915
sielkundige	en	0.111111
sien	nie	0.096085
sien	die	0.060498
sien	in	0.056940
sien	dat	0.046263
sien	hoe	0.046263
sien	n	0.042705
sien	en	0.039146
sien	is	0.032028
sien	wat	0.032028
sien	of	0.024911
sien	ook	0.024911
sien	as	0.021352
sien	sy	0.017794
sien	mens	0.014235
sien	van	0.014235
sien	hy	0.014235
sien	haar	0.014235
sien	ons	0.010676
sien	onder	0.010676
sien	na	0.010676
sien	het	0.010676
sien	om	0.010676
sien	dit	0.010676
sisteem	van	0.368421
sisteem	is	0.157895
sitplek	aan	0.419355
sitplek	vir	0.387097
sitting	van	0.333333
sitting	by	0.200000
skakel	in	0.115385
skakel	met	0.076923
skakel	tussen	0.076923
skakel	en	0.076923
skakel	nie	0.076923
skakel	na	0.057692
skat	van	0.200000
skedel	en	0.166667
skedel	is	0.111111
skedel	van	0.111111
skep	van	0.121387
skep	wat	0.092486
skep	en	0.092486
skep	n	0.092486
skep	die	0.069364
skep	nie	0.046243
skep	om	0.034682
skep	vir	0.034682
skep	met	0.023121
skep	is	0.017341
skep	dat	0.017341
skep	waarin	0.017341
skep	of	0.017341
skep	as	0.017341
skep	dit	0.017341
skep	hulle	0.017341
skep	hy	0.017341
skepe	wat	0.142857
skepe	te	0.068027
skepe	in	0.068027
skepe	het	0.061224
skepe	op	0.047619
skepe	van	0.047619
skepe	en	0.047619
skepe	is	0.040816
skepe	was	0.040816
skepe	met	0.034014
skepping	van	0.474576
skepping	en	0.084746
skepping	is	0.067797
skeur	en	0.400000
skielik	n	0.066667
skielik	in	0.066667
skielik	na	0.050000
skielik	op	0.050000
skiet	en	0.081081
skiet	nie	0.081081
skildery	is	0.133333
skildery	van	0.116667
skildery	deur	0.083333
skildery	was	0.050000
skildery	het	0.050000
skildery	word	0.050000
skildery	die	0.050000
skoolhoof	mnr	0.260870
skoolhoof	van	0.173913
skoot	van	0.136364
skuiling	te	0.200000
skuiling	by	0.120000
skuldig	bevind	0.685714
skuldig	gemaak	0.057143
skuldig	maak	0.057143
skuldig	was	0.042857
skuldig	is	0.042857
skynbaar	die	0.115385
skynbaar	was	0.115385
slaap	en	0.078947
slaap	is	0.065789
slaap	op	0.065789
slaap	hulle	0.039474
slaap	nie	0.039474
slegs	n	0.125519
slegs	die	0.118257
slegs	een	0.067427
slegs	in	0.065353
slegs	deur	0.030083
slegs	twee	0.029046
slegs	van	0.028008
slegs	vir	0.025934
slegs	op	0.019710
slegs	as	0.018672
slegs	met	0.015560
slegs	drie	0.014523
slegs	vier	0.013485
slegs	tot	0.011411
slegs	uit	0.011411
slegs	na	0.010373
slegs	enkele	0.010373
slegs	ongeveer	0.008299
slegs	by	0.008299
slegs	gebruik	0.008299
slegs	sy	0.008299
slegs	cm	0.007261
slegs	km	0.007261
slegs	jaar	0.007261
slegs	sewe	0.007261
slegs	dae	0.006224
slegs	m	0.006224
slegs	aan	0.006224
slegs	oor	0.005187
slegs	beskikbaar	0.005187
slegs	klein	0.005187
slegs	ses	0.005187
slegs	gedeeltelik	0.004149
slegs	indien	0.004149
slegs	om	0.004149
slegs	vyf	0.004149
slegs	tussen	0.003112
slegs	tien	0.003112
slegs	mm	0.003112
slegs	lede	0.003112
sleutel	tot	0.225000
sleutel	van	0.100000
sleutel	of	0.075000
sluit	in	0.378000
sluit	die	0.108000
sluit	n	0.046000
sluit	hy	0.034000
sluit	ook	0.032000
sluit	by	0.026000
sluit	aan	0.024000
sluit	onder	0.020000
sluit	sy	0.020000
sluit	nie	0.020000
sluit	en	0.020000
sluit	baie	0.010000
sluit	af	0.010000
sluit	weer	0.010000
sluit	op	0.008000
sluit	hom	0.008000
sluit	gewoonlik	0.006000
sluit	hulle	0.006000
sluit	het	0.006000
sluit	haar	0.006000
sluit	hierdie	0.006000
snags	en	0.113636
soek	na	0.327586
soek	en	0.068966
soek	is	0.051724
soek	nie	0.045977
soek	maar	0.040230
soek	het	0.034483
soek	was	0.028736
soek	n	0.028736
soek	word	0.022989
soek	soort	0.022989
soek	om	0.017241
soek	wat	0.017241
soek	by	0.017241
soet	en	0.200000
solank	die	0.160000
solank	as	0.160000
solank	dit	0.120000
soldaat	en	0.125000
soldaat	het	0.093750
soldaat	by	0.093750
som	van	0.611111
sommiges	wat	0.142857
soveel	as	0.255319
soveel	moontlik	0.074468
soveel	meer	0.042553
soveel	jare	0.031915
soveel	van	0.031915
spaanse	koning	0.078431
spaanse	en	0.078431
spaanse	staat	0.058824
spanje	en	0.171053
spanje	het	0.118421
spanje	n	0.052632
spanje	kon	0.052632
spanje	die	0.052632
spanje	verklaar	0.039474
spanning	tussen	0.193878
spanning	en	0.153061
spanning	in	0.061224
spanning	oor	0.051020
spanning	wat	0.051020
spanning	van	0.040816
spanning	met	0.030612
spanning	op	0.030612
spanning	is	0.030612
spelling	van	0.275000
spelling	en	0.125000
spelling	was	0.100000
spelling	in	0.075000
spesiaal	vir	0.387097
spesiaal	skryf	0.096774
spesiaal	ontwerp	0.096774
spesifiek	vir	0.245614
spesifiek	die	0.157895
spesifiek	na	0.105263
spesifiek	op	0.087719
spesifiek	ontwerp	0.052632
spiere	en	0.148148
spiere	word	0.074074
spiere	in	0.074074
spiere	van	0.074074
spoedig	n	0.076923
spoedig	in	0.061538
spoedig	het	0.061538
spoedig	die	0.046154
spoedig	tot	0.046154
spoedig	word	0.046154
spoor	van	0.169014
spoor	en	0.112676
spoor	deur	0.042254
spot	gedryf	0.250000
sprake	van	0.381818
sprake	is	0.145455
sprake	nie	0.109091
sprake	kom	0.090909
sprake	dat	0.072727
spruit	uit	0.285714
spruit	weer	0.214286
spruit	voort	0.107143
spruit	het	0.107143
staan	die	0.278203
staan	bekend	0.095602
staan	dit	0.065966
staan	as	0.061185
staan	ook	0.050669
staan	gekom	0.031549
staan	en	0.031549
staan	in	0.029637
staan	nie	0.024857
staan	vir	0.021989
staan	op	0.017208
staan	het	0.014340
staan	is	0.011472
staan	onder	0.008604
staan	vandag	0.008604
staan	veral	0.007648
staan	met	0.007648
staan	dan	0.007648
staan	dus	0.007648
staan	hy	0.006692
staan	n	0.006692
staan	nou	0.006692
staan	tans	0.005736
staan	voor	0.005736
staan	aan	0.005736
staan	nog	0.005736
staan	om	0.005736
staan	van	0.004780
staan	steeds	0.004780
staan	kom	0.003824
staan	oop	0.003824
staan	of	0.003824
staan	sy	0.003824
staan	algemeen	0.002868
staan	word	0.002868
staan	soos	0.002868
staan	maar	0.002868
staan	hulle	0.002868
staan	teenoor	0.002868
staan	by	0.002868
staatmaak	op	0.666667
stadig	maar	0.117647
stadig	en	0.102941
stadig	in	0.073529
stadig	deur	0.044118
stadig	te	0.044118
stalin	se	0.312500
stalin	het	0.145833
stalin	en	0.062500
stam	van	0.156250
stam	het	0.093750
stam	en	0.093750
stam	wat	0.083333
stam	uit	0.072917
stam	is	0.041667
stam	met	0.031250
stam	se	0.031250
stam	word	0.031250
standaard	van	0.163934
standaard	vir	0.098361
standaard	wat	0.049180
standaard	en	0.049180
standaard	frans	0.049180
standpunt	in	0.189189
standpunt	van	0.081081
standpunt	dat	0.081081
stap	in	0.197674
stap	en	0.081395
stap	het	0.069767
stap	was	0.058140
stap	vir	0.058140
stap	gedoen	0.034884
stap	op	0.034884
stasie	is	0.130435
stasie	in	0.108696
stasie	en	0.108696
stasie	het	0.065217
ster	se	0.085714
ster	met	0.080000
ster	in	0.074286
ster	is	0.051429
ster	van	0.051429
ster	en	0.045714
ster	wat	0.034286
ster	op	0.022857
ster	kan	0.022857
ster	sal	0.017143
ster	te	0.017143
ster	of	0.017143
ster	het	0.017143
ster	ontdek	0.017143
ster	na	0.017143
ster	laat	0.017143
sterker	as	0.206897
sterker	en	0.137931
sterker	geword	0.120690
sterker	is	0.086207
sterker	op	0.051724
stert	is	0.263158
stert	en	0.105263
stert	wat	0.063158
stert	van	0.042105
stert	loop	0.031579
stert	het	0.031579
stert	as	0.031579
stoel	is	0.170732
stoel	wat	0.073171
stoel	in	0.073171
straal	van	0.176471
straat	van	0.083333
straat	en	0.069444
straat	wat	0.055556
straat	in	0.055556
straat	na	0.041667
straat	is	0.041667
straat	het	0.041667
straat	te	0.041667
streef	om	0.294118
streef	daarna	0.176471
streef	na	0.176471
stry	teen	0.375000
studente	en	0.129032
studente	van	0.090323
studente	wat	0.090323
studente	het	0.045161
studente	in	0.045161
studente	as	0.025806
studente	was	0.025806
studente	aan	0.025806
studente	op	0.025806
studente	nie	0.019355
studente	die	0.019355
studente	om	0.019355
studente	uit	0.019355
studente	se	0.019355
studio	in	0.266667
stukkie	grond	0.250000
stukkie	van	0.214286
styf	teen	0.157895
styl	van	0.111675
styl	is	0.091371
styl	en	0.071066
styl	het	0.071066
styl	was	0.045685
styl	wat	0.040609
styl	met	0.030457
styl	in	0.025381
styl	as	0.025381
styl	ontwerp	0.020305
styl	ontwikkel	0.020305
styl	opgerig	0.015228
styl	gebou	0.015228
styl	laat	0.015228
suiker	en	0.391304
swaarder	as	0.354839
swaarder	en	0.096774
swaer	van	0.500000
tak	van	0.566038
taktiek	van	0.130435
tale	en	0.098291
tale	vertaal	0.085470
tale	wat	0.055556
tale	is	0.051282
tale	van	0.051282
tale	word	0.042735
tale	of	0.042735
tale	nie	0.038462
tale	met	0.034188
tale	in	0.029915
tale	het	0.021368
tale	op	0.021368
tale	erken	0.017094
tale	gebruik	0.017094
tale	te	0.017094
tale	vir	0.017094
tale	behoort	0.012821
tale	kan	0.012821
tans	die	0.122302
tans	in	0.093525
tans	is	0.093525
tans	word	0.064748
tans	n	0.057554
tans	deur	0.035971
tans	nog	0.031175
tans	geen	0.026379
tans	een	0.023981
tans	as	0.021583
tans	nie	0.016787
tans	slegs	0.016787
tans	februarie	0.014388
tans	met	0.011990
tans	meer	0.011990
tans	op	0.011990
tans	deel	0.009592
tans	oor	0.009592
tans	bekend	0.009592
tans	vir	0.009592
tans	ondersoek	0.007194
tans	baie	0.007194
tans	steeds	0.007194
tans	onder	0.007194
tans	beplan	0.007194
tans	om	0.007194
tans	beperk	0.007194
tans	artikels	0.007194
tans	daar	0.007194
tans	bestaan	0.007194
tans	het	0.007194
teater	in	0.203540
teater	en	0.088496
teater	het	0.070796
teater	van	0.053097
teater	wat	0.035398
teater	te	0.035398
teater	is	0.035398
teater	was	0.026549
teel	en	0.263158
teel	van	0.210526
tel	aviv	0.085106
tel	die	0.085106
tel	inwoners	0.063830
tel	onder	0.063830
tel	en	0.063830
tel	van	0.063830
tempel	van	0.150538
tempel	te	0.075269
tempel	is	0.075269
tempel	in	0.064516
tempel	was	0.053763
tempel	se	0.043011
tempel	wat	0.032258
teruggaan	na	0.500000
tesame	met	0.929825
tevrede	wees	0.238095
tevrede	te	0.166667
tevrede	met	0.142857
tevrede	nie	0.071429
tevrede	stel	0.071429
thomas	more	0.093750
thomas	en	0.093750
tipe	van	0.065934
tipe	word	0.043956
tipe	a	0.032967
tipe	as	0.032967
tipe	b	0.032967
tipe	in	0.032967
tipe	is	0.032967
tipe	of	0.032967
tipe	ii	0.032967
tipes	is	0.121951
tipes	van	0.097561
toe	die	0.178010
toe	hy	0.141361
toe	te	0.055688
toe	sy	0.052356
toe	n	0.037125
toe	dit	0.036649
toe	hulle	0.030462
toe	in	0.016659
toe	en	0.016659
toe	af	0.016183
toe	reeds	0.015231
toe	op	0.013803
toe	nog	0.012375
toe	daar	0.011423
toe	het	0.010947
toe	om	0.010471
toe	na	0.008567
toe	aan	0.008567
toe	al	0.008567
toe	van	0.008091
toe	is	0.007615
toe	nie	0.007615
toe	met	0.006663
toe	gestuur	0.006188
toe	as	0.005712
toe	deur	0.005712
toe	vir	0.005236
toe	weer	0.004760
toe	haar	0.004760
toe	dat	0.004760
toe	was	0.004760
toe	tot	0.004284
toe	gaan	0.004284
toe	besluit	0.004284
toe	ook	0.004284
toe	ek	0.004284
toe	begin	0.003808
toe	uit	0.003808
toe	gekom	0.003332
toe	hierdie	0.003332
toekomstige	vrou	0.098039
toer	na	0.210526
toer	in	0.105263
toer	het	0.094737
toer	van	0.084211
toer	deur	0.052632
toer	was	0.042105
toer	en	0.042105
toere	na	0.200000
ton	per	0.107692
ton	wat	0.076923
ton	in	0.061538
toon	n	0.134387
toon	dat	0.110672
toon	die	0.094862
toon	nie	0.031621
toon	baie	0.031621
toon	aan	0.031621
toon	en	0.027668
toon	gestel	0.027668
toon	te	0.027668
toon	ook	0.027668
toon	in	0.023715
toon	is	0.023715
toon	van	0.023715
toon	hy	0.019763
toon	of	0.015810
toon	egter	0.015810
toon	sy	0.015810
toon	met	0.011858
toon	groot	0.011858
toon	hoe	0.011858
totaal	van	0.422535
tragedie	van	0.166667
tragedie	en	0.166667
tragiese	dood	0.125000
trauma	van	0.500000
tronk	toe	0.148936
tronk	gegooi	0.106383
tronk	te	0.063830
tronk	deurgebring	0.063830
troon	bestyg	0.191489
troon	van	0.127660
troon	te	0.095745
troon	in	0.053191
troon	geplaas	0.053191
troon	gesit	0.042553
troon	was	0.031915
trots	op	0.318182
tuis	in	0.125000
tuis	en	0.100000
tuis	te	0.062500
tuis	met	0.050000
tuis	nie	0.037500
tuis	gespeel	0.037500
tweeling	en	0.150000
tydelik	in	0.113208
tydelik	onder	0.056604
tydelik	te	0.056604
uit	die	0.381689
uit	te	0.091028
uit	n	0.088143
uit	sy	0.035414
uit	en	0.019937
uit	hierdie	0.017576
uit	twee	0.016264
uit	van	0.016002
uit	drie	0.010231
uit	haar	0.009182
uit	dié	0.008657
uit	hul	0.007870
uit	wat	0.007608
uit	vrees	0.006296
uit	in	0.006034
uit	ander	0.006034
uit	vier	0.006034
uit	verskillende	0.005771
uit	alle	0.005771
uit	verskeie	0.005247
uit	diens	0.004722
uit	nie	0.004460
uit	een	0.004460
uit	hulle	0.004197
uit	ongeveer	0.004197
uit	dat	0.004197
uit	met	0.003673
uit	op	0.003673
uit	om	0.003410
uit	meer	0.003148
uit	eie	0.003148
uit	al	0.002886
uit	is	0.002886
uit	suid	0.002886
uit	lede	0.002886
uit	oor	0.002886
uit	as	0.002623
uit	dieselfde	0.002623
uit	elke	0.002623
uit	egipte	0.002361
uitgenooi	om	0.636364
uitgesluit	nie	0.148148
uitgesluit	wees	0.111111
uitgesluit	omdat	0.111111
uitgevind	het	0.250000
uitgevind	is	0.107143
uitgevind	dit	0.107143
uitmekaar	te	0.185185
uitmekaar	gehaal	0.148148
uitstekende	voorbeeld	0.222222
vaar	en	0.172414
vaar	het	0.137931
vaar	hy	0.051724
vaar	is	0.051724
val	van	0.157377
val	die	0.124590
val	en	0.075410
val	in	0.049180
val	nie	0.045902
val	op	0.045902
val	word	0.029508
val	dit	0.026230
val	het	0.022951
val	is	0.022951
val	n	0.016393
val	hy	0.016393
val	onder	0.013115
val	egter	0.013115
val	terug	0.013115
val	met	0.009836
val	binne	0.009836
val	gewoonlik	0.009836
val	ook	0.009836
val	om	0.009836
val	na	0.009836
vallei	van	0.185185
vallei	en	0.092593
vallei	wat	0.074074
vallei	word	0.055556
vanuit	die	0.567416
vanuit	n	0.162921
vanuit	sy	0.039326
vanuit	hierdie	0.028090
vanuit	verskeie	0.016854
vanuit	haar	0.016854
vasgekeer	is	0.333333
vasgevang	is	0.270270
vasgevang	in	0.216216
vasgevang	word	0.135135
vasstel	of	0.266667
vasstel	nie	0.200000
veldtog	van	0.120482
veldtog	teen	0.108434
veldtog	het	0.072289
veldtog	wat	0.060241
veldtog	was	0.060241
veldtog	is	0.060241
veldtog	in	0.060241
veldtog	begin	0.048193
veldtog	en	0.036145
veldtog	om	0.036145
veldtog	gevoer	0.036145
verantwoordelik	vir	0.519802
verantwoordelik	is	0.178218
verantwoordelik	was	0.148515
verantwoordelik	gehou	0.044554
verantwoordelik	daarvoor	0.019802
verantwoordelik	om	0.019802
verantwoordelik	wees	0.014851
verblyf	in	0.437500
verblyf	op	0.125000
verblyf	en	0.062500
verblyf	daar	0.062500
verbode	is	0.148148
verbode	stad	0.148148
verby	die	0.228070
verby	is	0.157895
verby	en	0.140351
verby	was	0.070175
verby	n	0.070175
verdeel	in	0.193416
verdeel	word	0.164609
verdeel	en	0.078189
verdeel	die	0.078189
verdeel	is	0.041152
verdeel	wat	0.037037
verdeel	het	0.032922
verdeel	tussen	0.028807
verdeel	met	0.028807
verdeel	naamlik	0.024691
verdeel	deur	0.020576
verdeel	nie	0.020576
verdeel	was	0.016461
verdeel	om	0.012346
verdeel	waar	0.012346
verdeel	waarvan	0.012346
verdeel	een	0.012346
verdeel	kan	0.012346
verdien	het	0.269231
verdien	as	0.096154
verdien	en	0.076923
verdien	hy	0.057692
verdubbel	en	0.272727
verdubbel	het	0.136364
vergaderings	van	0.135135
vergaderings	is	0.108108
vergaderings	in	0.081081
vergesel	van	0.261905
vergesel	deur	0.166667
vergesel	het	0.095238
vergoed	vir	0.190476
vergoed	word	0.142857
vergoed	is	0.142857
verheerlik	en	0.600000
verhef	tot	0.291667
verhef	en	0.166667
verhef	is	0.125000
verhoog	en	0.118750
verhoog	die	0.100000
verhoog	word	0.087500
verhoog	deur	0.068750
verhoog	tot	0.062500
verhoog	van	0.031250
verhoog	in	0.025000
verhoog	te	0.025000
verhoog	het	0.025000
verhoog	was	0.018750
verhoog	nie	0.018750
verhoog	kan	0.018750
verhoog	wat	0.018750
verhoog	is	0.018750
verhoor	van	0.169492
verhoor	en	0.169492
verhoor	in	0.084746
verhoor	het	0.067797
verhoor	vir	0.067797
verhoor	wat	0.050847
verhoor	teen	0.050847
verhoudinge	tussen	0.307692
verjaardag	in	0.161290
verjaardag	is	0.129032
verkeerd	bewys	0.139535
verkeerd	is	0.116279
verkeerd	en	0.093023
verkeerd	nie	0.069767
verkeerd	was	0.069767
verkeerd	gaan	0.069767
verkies	om	0.128514
verkies	tot	0.096386
verkies	en	0.084337
verkies	is	0.084337
verkies	word	0.084337
verkies	as	0.080321
verkies	het	0.064257
verkies	maar	0.032129
verkies	die	0.032129
verkies	wat	0.028112
verkies	te	0.020080
verkies	deur	0.012048
verkies	hulle	0.012048
verkies	op	0.012048
verkies	n	0.012048
verkies	met	0.012048
verkiesing	van	0.238095
verkiesing	in	0.142857
verkiesing	het	0.089947
verkiesing	was	0.063492
verkiesing	as	0.042328
verkiesing	op	0.037037
verkiesing	en	0.026455
verkiesing	die	0.026455
verkiesing	sou	0.026455
verkiesing	tot	0.021164
verkiesing	gewen	0.021164
verkiesing	deelgeneem	0.015873
verkiesing	is	0.015873
verkiesing	vir	0.015873
verkiesing	met	0.015873
verkiesing	nie	0.015873
verklaar	dat	0.234127
verklaar	en	0.119048
verklaar	het	0.083333
verklaar	word	0.067460
verklaar	is	0.063492
verklaar	die	0.059524
verklaar	nie	0.039683
verklaar	kan	0.023810
verklaar	in	0.019841
verklaar	hy	0.019841
verklaar	maar	0.015873
verklaar	deur	0.015873
verklaar	tot	0.015873
verklaar	te	0.011905
verklaar	as	0.011905
verkondig	het	0.500000
vermeng	en	0.227273
vermeng	het	0.136364
vermeng	word	0.136364
verminder	en	0.186667
verminder	die	0.140000
verminder	word	0.113333
verminder	tot	0.086667
verminder	het	0.060000
verminder	is	0.060000
verminder	maar	0.033333
verminder	deur	0.033333
verminder	of	0.026667
verminder	in	0.020000
verminder	kan	0.020000
vermoed	dat	0.542373
vermoed	word	0.101695
vermoed	die	0.067797
vermoed	het	0.050847
vermoed	egter	0.050847
veroordeel	en	0.193548
veroordeel	word	0.096774
veroordeel	is	0.096774
verplaas	word	0.184211
verplaas	is	0.157895
verplaas	na	0.131579
verplaas	en	0.105263
verraai	het	0.272727
versameling	van	0.455172
versameling	word	0.048276
versameling	is	0.048276
versameling	in	0.041379
versameling	het	0.034483
versameling	wat	0.020690
versameling	en	0.020690
versameling	boeke	0.020690
verseël	en	0.300000
verseël	word	0.300000
verskille	tussen	0.322314
verskille	in	0.264463
verskille	is	0.066116
verskille	met	0.033058
verskille	van	0.033058
verskille	word	0.024793
verskille	wat	0.024793
verskille	te	0.024793
verskille	oor	0.024793
verskuif	na	0.177778
verskuif	en	0.111111
verskuif	het	0.077778
verskuif	die	0.077778
verskuif	van	0.066667
verskuif	word	0.066667
verskuif	is	0.055556
verskuif	nie	0.044444
verskuif	om	0.033333
verskuif	waar	0.033333
verslaan	en	0.344538
verslaan	het	0.159664
verslaan	is	0.084034
verslaan	in	0.050420
verslaan	maar	0.050420
verslaan	die	0.042017
verslaan	deur	0.033613
verslaan	n	0.033613
verslaan	nie	0.025210
versorg	het	0.152174
versorg	en	0.108696
versorg	word	0.086957
versorg	is	0.086957
verstane	dat	0.500000
verswak	en	0.291667
verswak	is	0.125000
verswak	word	0.104167
verswak	dat	0.062500
vertaling	van	0.426087
vertaling	is	0.060870
vertaling	en	0.052174
vertaling	in	0.026087
vertaling	deur	0.026087
vertaling	die	0.026087
vertoning	in	0.157895
vertoning	van	0.131579
vertoning	tydens	0.078947
vertoon	word	0.158730
vertoon	n	0.148148
vertoon	die	0.074074
vertoon	en	0.074074
vertoon	is	0.074074
vertoon	drie	0.042328
vertoon	het	0.037037
vertoon	van	0.026455
vertoon	nie	0.021164
vertoon	wat	0.021164
vertoon	soos	0.021164
vertoon	baie	0.015873
vertoon	met	0.015873
vertraging	in	0.230769
verwag	dat	0.234783
verwag	om	0.173913
verwag	het	0.095652
verwag	word	0.095652
verwag	is	0.060870
verwag	kan	0.043478
verwag	nie	0.034783
verwag	en	0.026087
verwag	van	0.026087
verweer	het	0.230769
verwerk	en	0.289720
verwerk	word	0.149533
verwerk	nie	0.046729
verwerk	is	0.046729
verwerk	tot	0.037383
verwerk	vir	0.037383
verwerk	hy	0.037383
verwerk	kan	0.028037
verwerk	te	0.028037
verwerk	as	0.028037
verwerk	wat	0.028037
verwyder	word	0.216783
verwyder	en	0.167832
verwyder	is	0.139860
verwyder	moet	0.048951
verwyder	kan	0.041958
verwyder	het	0.034965
verwyder	om	0.027972
verwyder	deur	0.027972
verwyder	maar	0.027972
verwyder	nie	0.027972
verwyder	sodat	0.020979
verwyder	vir	0.020979
verwyder	van	0.020979
vinnige	groei	0.187500
vinnige	en	0.166667
vinnige	ekonomiese	0.062500
vinnige	of	0.062500
viool	en	0.235294
viool	wat	0.176471
vis	bekend	0.270023
vis	word	0.153318
vis	is	0.141876
vis	se	0.082380
vis	leef	0.064073
vis	het	0.043478
vis	en	0.027460
vis	kan	0.022883
vis	wat	0.013730
vis	kom	0.011442
vis	te	0.009153
vis	verkies	0.009153
vis	die	0.006865
vis	staan	0.006865
vlaandere	is	0.176471
vlag	van	0.116525
vlag	is	0.112288
vlag	vertoon	0.063559
vlag	in	0.050847
vlag	met	0.042373
vlag	wat	0.036017
vlag	word	0.029661
vlag	te	0.029661
vlag	het	0.027542
vlag	die	0.025424
vlag	aanvaar	0.023305
vlag	en	0.023305
vlag	mag	0.021186
vlag	op	0.019068
vlag	as	0.016949
vlag	vir	0.016949
vlag	se	0.014831
vlag	moet	0.012712
vlag	nie	0.012712
vlag	deur	0.010593
vlag	was	0.010593
vlag	stel	0.008475
vlag	saam	0.008475
vlag	of	0.006356
vlag	buite	0.006356
vlag	dié	0.006356
vlerke	en	0.136364
vlerke	is	0.125000
vlerke	van	0.068182
vlerke	maar	0.045455
vlerke	nie	0.034091
vlerke	kon	0.034091
vloeiende	water	0.476190
vol	is	0.083333
vol	te	0.064815
vol	van	0.064815
vol	vertroue	0.027778
vol	of	0.027778
vol	son	0.027778
vol	lof	0.027778
volgens	die	0.475372
volgens	n	0.114548
volgens	hom	0.058419
volgens	sommige	0.030928
volgens	sy	0.029782
volgens	hulle	0.024055
volgens	hul	0.017182
volgens	een	0.016037
volgens	hierdie	0.013746
volgens	dié	0.011455
volgens	dieselfde	0.009164
volgens	amptelike	0.008018
volgens	ander	0.008018
volgens	tradisie	0.005727
volgens	prof	0.005727
volgens	verskillende	0.004582
volgens	wet	0.004582
volgens	sekere	0.004582
volgens	verskeie	0.004582
volgens	navorsing	0.004582
volgens	johannes	0.003436
volgens	skaal	0.003436
volgens	artikel	0.003436
volgens	van	0.003436
volgens	david	0.003436
volksgenote	in	0.600000
volle	naam	0.041958
volle	beheer	0.034965
volle	te	0.034965
volle	verantwoordelikheid	0.027972
volle	lid	0.027972
volle	samewerking	0.027972
volle	lengte	0.020979
volle	gebruik	0.020979
volle	sterkte	0.020979
volle	onafhanklikheid	0.020979
volle	vertroue	0.020979
volle	in	0.020979
volwassenes	is	0.169811
volwassenes	en	0.094340
volwassenes	baie	0.056604
voorbereiding	van	0.538462
voorbereiding	vir	0.205128
voorbereiding	op	0.076923
voordat	die	0.224615
voordat	hy	0.221538
voordat	hulle	0.200000
voordat	dit	0.156923
voordat	sy	0.049231
voordat	n	0.036923
voordat	daar	0.015385
voorgestel	dat	0.279070
voorgestel	het	0.122093
voorgestel	as	0.104651
voorgestel	word	0.098837
voorgestel	deur	0.052326
voorgestel	en	0.052326
voorgestel	om	0.034884
voorgestel	is	0.029070
voorgestel	die	0.029070
voorgestel	wat	0.029070
voorgestel	in	0.023256
voorgestel	vir	0.023256
voorraad	in	0.166667
voorraad	van	0.125000
voorsitter	van	0.734807
voorsitter	is	0.027624
voorsitter	was	0.027624
voorsitter	daarvan	0.022099
voorsitter	die	0.016575
voorsitter	en	0.016575
voorsitter	opgetree	0.016575
voorspoed	en	0.250000
voort	te	0.495726
voort	uit	0.068376
voort	in	0.059829
voort	en	0.059829
voort	om	0.042735
voort	met	0.034188
voort	as	0.034188
voort	deur	0.025641
voortgaan	om	0.409091
voorvaders	van	0.214286
voorval	het	0.222222
voorval	in	0.088889
voorval	is	0.066667
voorval	wat	0.066667
voorwaar	n	0.750000
voorwerp	met	0.087591
voorwerp	wat	0.087591
voorwerp	in	0.072993
voorwerp	se	0.036496
voorwerp	is	0.029197
voorwerp	te	0.029197
voorwerp	die	0.029197
voorwerp	en	0.029197
voorwerp	van	0.029197
voorwerp	het	0.021898
voorwerp	of	0.021898
voorwerp	nie	0.021898
vraag	na	0.198276
vraag	of	0.103448
vraag	is	0.068966
vraag	wat	0.060345
vraag	en	0.060345
vraag	oor	0.043103
vraag	van	0.034483
vraag	gevra	0.034483
vraag	in	0.025862
vrede	en	0.155172
vrede	te	0.103448
vrede	in	0.094828
vrede	van	0.086207
vrede	met	0.077586
vrede	is	0.060345
vrede	voor	0.034483
vrede	tussen	0.025862
vrede	aan	0.025862
vrede	wat	0.025862
vreemd	dat	0.250000
vreugde	en	0.184211
vreugde	in	0.105263
vreugde	om	0.105263
vrygelaat	is	0.230769
vrygelaat	en	0.205128
vrygelaat	word	0.128205
vrygelaat	nadat	0.102564
vul	die	0.190476
vul	en	0.190476
vyand	van	0.170213
vyand	se	0.127660
vyand	in	0.063830
vyfde	van	0.271605
vyfde	grootste	0.074074
vyfde	dag	0.049383
vyfde	eeu	0.049383
vyfde	plek	0.049383
vyfde	en	0.037037
vyfde	was	0.037037
vyfde	keer	0.037037
vyfde	jaar	0.037037
waarborg	dat	0.230769
waarborg	vir	0.230769
waardes	van	0.157895
waardes	en	0.118421
waardes	wat	0.118421
waardes	in	0.052632
waardes	aan	0.052632
waardes	is	0.039474
waardes	nie	0.039474
waardes	te	0.039474
waardes	word	0.039474
waardig	is	0.444444
waarom	die	0.184211
waarom	hy	0.105263
waarom	dit	0.078947
waarom	hulle	0.052632
waarom	n	0.052632
waarom	ek	0.039474
waarom	mense	0.039474
waarom	sy	0.039474
waaroor	die	0.285714
waaroor	ons	0.114286
waaroor	hy	0.085714
waaroor	n	0.085714
wag	vir	0.149254
wag	tot	0.089552
wag	om	0.074627
wag	en	0.059701
wag	op	0.059701
wag	hulle	0.044776
wal	gesit	0.181818
wal	is	0.151515
wal	gestap	0.090909
warmer	streke	0.178571
warmer	weer	0.142857
warmer	en	0.107143
warmer	dele	0.107143
was	bekend	0.135910
was	die	0.130553
was	n	0.070799
was	daar	0.034616
was	nie	0.032391
was	ook	0.031732
was	in	0.030990
was	hy	0.028023
was	dit	0.026127
was	om	0.024726
was	van	0.021017
was	het	0.017803
was	en	0.015577
was	egter	0.015248
was	sy	0.014094
was	vir	0.013434
was	dat	0.010467
was	een	0.009231
was	op	0.008901
was	met	0.007995
was	is	0.006264
was	wat	0.006181
was	as	0.006181
was	baie	0.006017
was	toe	0.005605
was	aan	0.005110
was	dus	0.005110
was	was	0.004616
was	veral	0.004368
was	nog	0.004121
was	hulle	0.003956
was	reeds	0.003874
was	onder	0.003874
was	maar	0.003709
was	aanvanklik	0.003626
was	net	0.003297
was	geen	0.003214
was	tot	0.003214
was	destyds	0.003214
was	deur	0.003132
we	ll	0.130435
we	there	0.130435
we	re	0.130435
week	later	0.107143
week	van	0.089286
week	in	0.062500
week	na	0.053571
week	en	0.044643
week	voor	0.035714
week	op	0.035714
week	vir	0.035714
week	besoek	0.026786
week	nadat	0.026786
week	lank	0.026786
weens	die	0.483940
weens	sy	0.119914
weens	n	0.119914
weens	hul	0.047109
weens	swak	0.019272
weens	haar	0.012848
weens	politieke	0.010707
weens	hierdie	0.010707
weens	gebrek	0.008565
weens	omstandighede	0.006424
weens	dié	0.006424
weens	reën	0.006424
weer	in	0.115325
weer	die	0.060372
weer	n	0.060372
weer	te	0.044892
weer	op	0.041796
weer	na	0.029412
weer	met	0.023994
weer	sy	0.018576
weer	by	0.018576
weer	tot	0.018576
weer	en	0.017802
weer	vir	0.016254
weer	deur	0.016254
weer	aan	0.016254
weer	begin	0.016254
weer	as	0.014706
weer	van	0.013932
weer	terug	0.013932
weer	uit	0.013158
weer	eens	0.012384
weer	het	0.009288
weer	teen	0.007740
weer	saam	0.006966
weer	is	0.006192
weer	getroud	0.006192
weer	herstel	0.005418
weer	kan	0.005418
weer	heeltemal	0.005418
weer	hul	0.005418
weer	voor	0.005418
weer	onder	0.004644
weer	laat	0.004644
weer	gebruik	0.004644
weer	nie	0.004644
weer	af	0.003870
weer	oor	0.003870
weer	dieselfde	0.003870
weer	getrou	0.003870
weer	tussen	0.003870
weer	sou	0.003870
weerstand	teen	0.242857
weerstand	van	0.142857
weerstand	gebied	0.100000
weerstand	bied	0.085714
weerstand	in	0.042857
weerstand	te	0.042857
weerstand	word	0.042857
weet	dat	0.196078
weet	nie	0.163399
weet	wat	0.078431
weet	hoe	0.065359
weet	die	0.045752
weet	of	0.045752
weet	ons	0.032680
weet	wanneer	0.032680
weet	hy	0.032680
weet	is	0.026144
weet	jy	0.019608
weet	van	0.019608
weet	waar	0.019608
weggeneem	word	0.300000
weggesteek	het	0.333333
weggesteek	is	0.250000
weier	om	0.489362
weier	die	0.085106
weier	egter	0.063830
wel	n	0.113260
wel	in	0.085635
wel	die	0.055249
wel	op	0.038674
wel	met	0.030387
wel	as	0.022099
wel	van	0.022099
wel	bestaan	0.019337
wel	nog	0.019337
wel	bekend	0.016575
wel	dat	0.013812
wel	deur	0.013812
wel	vir	0.011050
wel	later	0.011050
wel	teen	0.011050
wel	soms	0.011050
wel	hulle	0.011050
wel	of	0.011050
wel	en	0.011050
wel	aan	0.011050
wel	oor	0.008287
wel	een	0.008287
wel	nuwe	0.008287
wel	maar	0.008287
wel	nie	0.008287
wel	voorkom	0.008287
wel	is	0.008287
wel	ten	0.008287
wel	voor	0.008287
welkom	in	0.230769
wen	die	0.171233
wen	in	0.136986
wen	hy	0.095890
wen	nie	0.082192
wen	en	0.061644
wen	sy	0.054795
wen	met	0.047945
wen	n	0.027397
wen	het	0.027397
wen	ook	0.027397
wenner	van	0.517857
wenner	in	0.107143
wenner	die	0.053571
wens	om	0.187500
werk	van	0.069050
werk	is	0.061738
werk	in	0.051178
werk	en	0.047929
werk	het	0.040617
werk	te	0.032494
werk	op	0.030057
werk	as	0.030057
werk	wat	0.030057
werk	aan	0.029245
werk	nie	0.025995
werk	vir	0.023558
werk	word	0.021933
werk	hy	0.019496
werk	met	0.017059
werk	die	0.015435
werk	was	0.015435
werk	by	0.012998
werk	deur	0.012185
werk	n	0.010561
werk	om	0.010561
werk	maar	0.008936
werk	saam	0.008123
werk	ook	0.008123
werk	onder	0.007311
werk	sy	0.006499
werk	oor	0.006499
werk	verrig	0.005686
werk	voor	0.005686
werk	of	0.005686
werk	egter	0.005686
werk	begin	0.004874
werk	kan	0.004874
werk	soos	0.004874
werk	gedoen	0.004874
werk	gepubliseer	0.004874
werk	kom	0.004874
werk	moes	0.004062
werk	verskyn	0.004062
werk	na	0.004062
werker	wat	0.176471
werkers	in	0.120879
werkers	het	0.098901
werkers	en	0.087912
werkers	wat	0.065934
werkers	te	0.065934
werkers	is	0.043956
werkers	was	0.032967
werkers	uit	0.032967
werkers	se	0.032967
wete	die	0.250000
wete	n	0.166667
wete	gekom	0.125000
wetenskap	en	0.301587
wetenskap	van	0.071429
wetenskap	wat	0.055556
wetenskap	in	0.039683
wetenskap	word	0.031746
wetenskap	as	0.031746
wetenskap	nie	0.023810
wetenskap	het	0.023810
wetenskap	is	0.023810
what	s	0.280000
what	a	0.160000
wie	se	0.281184
wie	hy	0.173362
wie	die	0.109937
wie	sy	0.057082
wie	hulle	0.027484
wie	n	0.023256
wie	is	0.019027
wie	in	0.014799
wie	ook	0.014799
wie	dit	0.012685
wie	een	0.006342
wie	ek	0.006342
wie	nie	0.006342
wie	baie	0.006342
wie	twee	0.006342
wie	meer	0.006342
wie	was	0.006342
wie	net	0.006342
wiel	aan	0.230769
wiele	gery	0.230769
wilde	diere	0.250000
wilde	perd	0.083333
wind	en	0.172043
wind	die	0.075269
wind	wat	0.053763
wind	het	0.053763
wind	versprei	0.043011
wind	of	0.032258
wind	van	0.032258
wind	in	0.032258
wind	is	0.032258
wind	waai	0.032258
wind	op	0.032258
wind	up	0.032258
wolke	en	0.166667
woon	in	0.190698
woon	en	0.106977
woon	die	0.065116
woon	hy	0.032558
woon	tans	0.032558
woon	nie	0.032558
woon	maar	0.027907
woon	het	0.027907
woon	op	0.023256
woon	n	0.023256
woon	daar	0.023256
woon	waar	0.018605
woon	steeds	0.018605
woon	is	0.013953
woon	met	0.013953
woon	as	0.013953
woon	hier	0.013953
woorde	en	0.124031
woorde	van	0.077519
woorde	in	0.058140
woorde	die	0.054264
woorde	wat	0.050388
woorde	is	0.050388
woorde	vir	0.027132
woorde	soos	0.027132
woorde	uit	0.019380
woorde	kan	0.019380
woorde	word	0.019380
woorde	het	0.015504
woorde	as	0.015504
woorde	met	0.015504
woorde	na	0.015504
woorde	gebruik	0.015504
woorde	te	0.015504
woorde	nie	0.015504
woorde	verwys	0.011628
woorde	was	0.011628
woorde	n	0.011628
woorde	dit	0.011628
woordeboek	van	0.307692
wou	hê	0.077966
wou	die	0.067797
wou	nie	0.047458
wou	n	0.047458
wou	sy	0.023729
wou	gehad	0.023729
wou	hy	0.023729
wou	graag	0.020339
wou	doen	0.020339
wou	wees	0.016949
wou	aanvanklik	0.016949
wou	weet	0.016949
wou	in	0.013559
wou	ook	0.013559
wou	met	0.013559
wou	dit	0.013559
wou	hulle	0.013559
wou	hom	0.010169
wou	net	0.010169
wou	sien	0.010169
wou	neem	0.010169
wou	verlaat	0.010169
wou	word	0.010169
woud	en	0.129032
woud	te	0.096774
woud	van	0.096774
wye	strate	0.090909
you	en	0.178082
you	re	0.109589
you	can	0.095890
you	like	0.068493
you	again	0.041096
you	are	0.041096
z	en	0.153846
z	word	0.115385
êrens	in	0.545455
