abból	a	0.307692
abból	hogy	0.136752
abból	az	0.119658
abból	is	0.051282
abból	készült	0.025641
ablakon	keresztül	0.454545
adjanak	a	0.307692
adják	át	0.253165
adják	a	0.113924
adják	ki	0.113924
adják	fel	0.101266
adják	meg	0.088608
adják	el	0.037975
adok	kapok	0.500000
adom	a	0.333333
adott	ki	0.129032
adott	a	0.115750
adott	esetben	0.043643
adott	otthont	0.039848
adott	az	0.036053
adott	hangot	0.034156
adott	át	0.030361
adott	neki	0.030361
adott	el	0.024668
adott	hírt	0.024668
adott	le	0.024668
adott	interjút	0.022770
adott	egy	0.018975
adott	ország	0.017078
adott	és	0.015180
adott	volt	0.011385
adott	be	0.011385
adott	magyarázatot	0.009488
adott	hogy	0.009488
adott	igazat	0.009488
adott	választ	0.009488
adott	elő	0.007590
adott	állami	0.007590
adott	meg	0.007590
adott	épület	0.005693
adott	ahhoz	0.005693
adott	otthon	0.005693
adott	arra	0.005693
adott	számot	0.005693
adott	körülmények	0.005693
adtak	ki	0.236486
adtak	át	0.135135
adtak	a	0.108108
adtak	el	0.087838
adtak	be	0.047297
adtak	neki	0.040541
adtak	elő	0.033784
adtak	volna	0.020270
adtak	az	0.020270
agresszív	férfi	0.285714
ahogy	a	0.285714
ahogy	az	0.133117
ahogy	azt	0.090909
ahogy	arról	0.077922
ahogy	egy	0.019481
ahogy	korábban	0.017857
ahogy	eddig	0.014610
ahogy	ő	0.014610
ahogy	már	0.011364
ahogy	arra	0.009740
ahogy	mi	0.009740
ahogy	én	0.008117
ahogy	minden	0.008117
ahogy	ez	0.008117
ahogy	most	0.006494
ahogy	kellett	0.006494
ahogy	van	0.006494
ahogy	egyre	0.006494
ahogy	ők	0.006494
ahogy	mondani	0.006494
ahogy	itt	0.004870
ahogy	kell	0.004870
ahogy	történt	0.004870
ahogy	több	0.004870
ahogy	erre	0.004870
ahogy	lenni	0.004870
ahogy	mondtam	0.004870
ahogy	nő	0.004870
ahogy	telik	0.004870
ahogy	ott	0.004870
ahogy	mindig	0.004870
ahogy	más	0.004870
ahogy	azok	0.004870
ahogy	csak	0.004870
ahogy	ezt	0.004870
ahonnan	a	0.228070
ahonnan	az	0.087719
ahonnan	már	0.052632
ahonnan	két	0.052632
ahová	a	0.260870
ahová	az	0.195652
ajtón	de	0.428571
ajánlatot	tett	0.153846
ajánlatot	a	0.153846
ajánlatot	kapott	0.115385
akar	a	0.090909
akar	az	0.069930
akar	lenni	0.062937
akar	és	0.034965
akar	jönni	0.027972
akar	menni	0.027972
akar	maradni	0.027972
akar	csinálni	0.020979
akar	ez	0.020979
akarják	hogy	0.123077
akarják	az	0.076923
akarják	a	0.076923
akarják	e	0.046154
akarják	mondani	0.046154
akarják	tartani	0.046154
akarják	megmondani	0.046154
akarta	hogy	0.109091
akarta	a	0.072727
akarta	volna	0.054545
akarták	hogy	0.111111
akarunk	lenni	0.125000
akik	a	0.174556
akik	nem	0.074951
akik	az	0.050296
akik	közül	0.025641
akik	már	0.024655
akik	szerint	0.022682
akik	egy	0.018738
akik	azt	0.018738
akik	eddig	0.011834
akik	még	0.010848
akik	így	0.008876
akik	úgy	0.008876
akik	nagyon	0.008876
akik	számára	0.007890
akik	között	0.007890
akik	több	0.006903
akik	korábban	0.006903
akik	szeretik	0.005917
akik	meg	0.005917
akik	azzal	0.005917
akik	ezt	0.005917
akik	látták	0.004931
akik	majd	0.004931
akik	esetében	0.004931
akik	nagy	0.004931
akik	pedig	0.004931
akik	szeretnének	0.004931
akik	azóta	0.004931
akik	tavaly	0.004931
akik	most	0.004931
akik	ma	0.003945
akik	erre	0.003945
akik	azonban	0.003945
akik	valamilyen	0.003945
akik	három	0.003945
akik	csak	0.003945
akik	sokat	0.003945
akik	aztán	0.003945
akik	bár	0.003945
akik	ebben	0.003945
akiknek	a	0.203540
akiknek	az	0.079646
akiknek	nem	0.070796
akiknek	nincs	0.053097
akiknek	szintén	0.035398
akiknek	korábban	0.026549
akit	a	0.196891
akit	az	0.088083
akit	egy	0.046632
akit	azzal	0.036269
akit	végül	0.025907
akit	korábban	0.020725
akit	ben	0.020725
akit	már	0.020725
akit	nem	0.020725
akit	most	0.015544
akit	érdekel	0.015544
akit	ő	0.015544
aktív	volt	0.090909
aktív	részese	0.072727
aktív	és	0.072727
aktív	tagja	0.054545
aktív	szerepet	0.054545
alakul	a	0.330097
alakul	ki	0.242718
alakul	de	0.106796
alakul	majd	0.067961
alakul	az	0.058252
alakul	át	0.029126
alakult	ki	0.596939
alakult	a	0.096939
alakult	az	0.040816
alakult	át	0.035714
alakult	ahogy	0.025510
alakult	ez	0.015306
alap	és	0.162162
alap	a	0.108108
alap	is	0.108108
alap	az	0.081081
alapvető	célja	0.111111
alapvető	különbség	0.111111
alapvető	biztonsági	0.111111
alatta	a	0.300000
alatta	lévő	0.300000
alkalmazott	a	0.142857
alkalom	hogy	0.444444
alkalom	arra	0.079365
alkalom	a	0.079365
alkalom	lehet	0.047619
alkalom	amikor	0.047619
alvás	közben	0.333333
amelyeket	a	0.340426
amelyeket	az	0.134752
amelyeket	érdemes	0.035461
amelyeket	mindenki	0.021277
amelyeket	nem	0.021277
amelyet	a	0.365854
amelyet	az	0.140921
amelyet	egy	0.032520
amelyet	már	0.024390
amelyet	ben	0.016260
amelyet	nem	0.016260
amelyet	még	0.013550
amelyet	korábban	0.010840
amelyet	idén	0.010840
amelyet	csak	0.010840
amelyet	minden	0.008130
amelyet	tavaly	0.008130
amelyet	szeptember	0.008130
ami	a	0.177518
ami	az	0.056968
ami	nem	0.036114
ami	azt	0.035605
ami	miatt	0.030010
ami	egy	0.023398
ami	még	0.018311
ami	már	0.014751
ami	pedig	0.014242
ami	szintén	0.011699
ami	nagyon	0.008647
ami	most	0.008647
ami	viszont	0.008647
ami	több	0.007630
ami	után	0.007121
ami	nagy	0.007121
ami	nemcsak	0.006104
ami	történt	0.006104
ami	egyébként	0.006104
ami	azért	0.005595
ami	tovább	0.005595
ami	napig	0.005086
ami	akár	0.005086
ami	ugyan	0.005086
ami	talán	0.005086
ami	így	0.005086
ami	biztos	0.005086
ami	komoly	0.005086
ami	arra	0.005086
ami	végül	0.004578
ami	csak	0.004578
ami	aztán	0.004069
ami	igazán	0.004069
ami	ezer	0.004069
ami	hatalmas	0.004069
ami	további	0.004069
ami	jelentős	0.004069
ami	persze	0.004069
ami	ma	0.004069
ami	jó	0.004069
amik	a	0.148649
amik	még	0.067568
amik	egy	0.054054
amik	miatt	0.054054
amik	nem	0.054054
amik	nagyon	0.040541
amik	az	0.040541
amin	a	0.147059
amin	jól	0.088235
amin	az	0.088235
aminek	a	0.263566
aminek	az	0.139535
aminek	köszönhetően	0.100775
aminek	nagyon	0.031008
aminek	egy	0.023256
aminek	hála	0.023256
amiről	a	0.175439
amiről	már	0.087719
amiről	az	0.052632
amiről	nem	0.052632
amíg	a	0.270386
amíg	az	0.098712
amíg	nem	0.094421
amíg	ez	0.030043
amíg	nincs	0.021459
amíg	meg	0.021459
amíg	ki	0.017167
amíg	szükséges	0.012876
amíg	egy	0.012876
amíg	mi	0.012876
amíg	le	0.012876
amíg	ő	0.012876
amíg	még	0.012876
amíg	csak	0.012876
amúgy	is	0.285714
amúgy	nem	0.090909
amúgy	a	0.077922
amúgy	sem	0.051948
amúgy	az	0.051948
amúgy	pedig	0.038961
andrea	a	0.241379
andrea	és	0.137931
annak	hogy	0.186240
annak	a	0.170819
annak	ellenére	0.118624
annak	érdekében	0.115065
annak	idején	0.064057
annak	az	0.039146
annak	is	0.039146
annak	aki	0.022539
annak	nem	0.010676
annak	egy	0.007117
annak	ami	0.005931
annak	már	0.004745
annak	vezetője	0.004745
annak	amit	0.004745
annak	mi	0.003559
annak	közelében	0.003559
annak	ha	0.003559
annak	megfelelően	0.003559
annak	érdemes	0.003559
annak	meg	0.003559
annak	köszönhetően	0.003559
annak	tudják	0.003559
annak	előtte	0.003559
annyit	mondott	0.125926
annyit	hogy	0.081481
annyit	jelent	0.059259
annyit	mint	0.044444
annyit	lehet	0.037037
annyit	kell	0.037037
annyit	a	0.029630
annyit	mondtak	0.029630
annyit	már	0.029630
annyit	tudtak	0.029630
annyit	írt	0.029630
annyit	tudunk	0.029630
annyit	tudok	0.022222
annyit	tud	0.022222
annyit	tesz	0.022222
annyit	tudott	0.022222
annyit	tudnak	0.022222
annyit	amennyit	0.022222
anyagi	kár	0.260870
anyagi	és	0.173913
anyagi	támogatást	0.152174
anyát	és	0.428571
arcát	mutatja	0.142857
arcát	az	0.142857
arról	hogy	0.314262
arról	is	0.177446
arról	beszélt	0.080431
arról	a	0.062189
arról	nem	0.025705
arról	szól	0.024046
arról	hogyan	0.022388
arról	már	0.017413
arról	korábban	0.017413
arról	szólt	0.014925
arról	mi	0.010779
arról	milyen	0.009950
arról	írt	0.009950
arról	van	0.009950
arról	beszél	0.009121
arról	ír	0.007463
arról	az	0.006633
arról	szóltak	0.006633
arról	adott	0.004975
arról	egyelőre	0.004975
arról	sem	0.004975
arról	volt	0.004975
arról	azonban	0.004975
arról	szólnak	0.004975
arról	mit	0.004975
arról	kérdezte	0.004146
arról	döntött	0.004146
arról	viszont	0.004146
arról	pedig	0.003317
arról	nincs	0.003317
arról	még	0.003317
arról	ami	0.003317
arról	miért	0.003317
arról	többször	0.002488
arról	egy	0.002488
arról	hány	0.002488
arról	miként	0.002488
arról	amint	0.002488
azelőtt	hogy	0.384615
azokat	a	0.517685
azokat	az	0.125402
azokat	akik	0.106109
azokat	is	0.035370
azokat	nem	0.025723
azokat	akiknek	0.009646
azokat	amelyek	0.009646
azokat	sem	0.009646
azokban	az	0.400000
azokban	a	0.350000
azonnal	a	0.190840
azonnal	kórházba	0.053435
azonnal	az	0.045802
azonnal	meg	0.030534
azonnal	el	0.022901
azonnal	hívja	0.022901
azonnal	fel	0.022901
azonnal	be	0.022901
azonnal	mentőt	0.022901
azonos	a	0.281250
azonos	típusú	0.093750
azonosítani	a	0.333333
azt	is	0.161129
azt	mondta	0.119936
azt	a	0.102412
azt	hogy	0.058034
azt	jelenti	0.046199
azt	az	0.029813
azt	írta	0.029358
azt	állította	0.020938
azt	nem	0.020710
azt	mondja	0.019117
azt	írták	0.015703
azt	mondták	0.015020
azt	sem	0.013655
azt	követően	0.013200
azt	állítja	0.012972
azt	mondják	0.009558
azt	írja	0.009331
azt	gondolom	0.009103
azt	már	0.008193
azt	azonban	0.007965
azt	hiszem	0.007738
azt	mutatja	0.007510
azt	kérte	0.006827
azt	viszont	0.006145
azt	hittem	0.005007
azt	hitte	0.004552
azt	kell	0.004552
azt	állítják	0.004324
azt	amit	0.004324
azt	szeretné	0.003869
azt	hitték	0.003641
azt	szeretnék	0.003414
azt	mondom	0.003414
azt	még	0.003414
azt	kéri	0.003186
azt	mondjuk	0.002959
azt	mondani	0.002959
azt	jelentette	0.002959
azt	éreztem	0.002959
azt	egyelőre	0.002731
aztán	a	0.206311
aztán	az	0.043689
aztán	egy	0.038835
aztán	nem	0.031553
aztán	már	0.016990
aztán	kiderült	0.016990
aztán	amikor	0.016990
aztán	jött	0.012136
aztán	pedig	0.012136
aztán	majd	0.012136
aztán	ott	0.012136
aztán	újra	0.009709
aztán	még	0.009709
aztán	úgy	0.009709
aztán	ha	0.009709
aztán	később	0.009709
aztán	végül	0.009709
aztán	mégis	0.007282
aztán	néhány	0.007282
aztán	két	0.007282
aztán	ben	0.007282
aztán	ahogy	0.007282
aztán	egyszer	0.007282
aztán	lehet	0.007282
aztán	pár	0.007282
aztán	utána	0.007282
azzal	hogy	0.346821
azzal	a	0.223507
azzal	kapcsolatban	0.053950
azzal	az	0.052023
azzal	is	0.050096
azzal	ha	0.017341
azzal	nem	0.015414
azzal	került	0.013487
azzal	együtt	0.009634
azzal	amit	0.009634
azzal	kezdte	0.007707
azzal	kezdődött	0.007707
azzal	jár	0.005780
azzal	mi	0.005780
azzal	kezdődik	0.005780
azóta	is	0.184332
azóta	a	0.087558
azóta	sem	0.078341
azóta	hogy	0.076037
azóta	már	0.046083
azóta	nem	0.039171
azóta	az	0.032258
azóta	eltelt	0.023041
azóta	pedig	0.023041
azóta	több	0.023041
azóta	viszont	0.013825
azóta	azonban	0.013825
azóta	csak	0.011521
azóta	se	0.011521
azóta	egy	0.009217
azóta	ismeretlen	0.006912
azóta	folyamatosan	0.006912
azóta	rendszeresen	0.006912
azóta	rengeteg	0.006912
azóta	minden	0.006912
azóta	közel	0.006912
azóta	sok	0.006912
azóta	még	0.006912
azóta	egyetlen	0.006912
bajnok	lett	0.121951
bajnok	és	0.097561
bajnok	a	0.073171
bajnok	az	0.073171
balesetet	szenvedett	0.218750
balesetet	okozott	0.125000
balesetet	követően	0.093750
bennünk	a	0.210526
beszélgetést	a	0.214286
beszéltem	vele	0.200000
beszéltem	erről	0.150000
betegség	miatt	0.174603
betegség	után	0.158730
betegség	amelyet	0.047619
betegség	esetén	0.047619
bizony	a	0.095238
bizony	nem	0.059524
bizony	még	0.047619
bizony	már	0.035714
bizony	elég	0.035714
bizony	nagyon	0.035714
bizony	sok	0.035714
bizonyíték	hogy	0.193548
bizonyíték	arra	0.129032
bizonyíték	az	0.096774
bizonyítékok	alapján	0.176471
bizottság	elnöke	0.196721
bizottság	a	0.060109
bizottság	és	0.049180
bizottság	által	0.043716
bizottság	az	0.038251
bizottság	szerint	0.027322
bizottság	is	0.027322
bizottság	azt	0.016393
bizottság	nem	0.016393
bizottság	arra	0.016393
bizottság	még	0.016393
bizottság	első	0.016393
bizottság	minden	0.016393
biztonsági	szolgálat	0.114754
biztonsági	és	0.098361
biztonsági	tanács	0.090164
biztonsági	őr	0.081967
biztonsági	őrök	0.065574
biztonsági	kamera	0.049180
biztonsági	helyzet	0.049180
biztonsági	erők	0.040984
biztonsági	hivatal	0.040984
biztonsági	őrt	0.032787
biztonsági	autó	0.024590
borzasztó	nehéz	0.230769
brit	védelmi	0.137097
brit	kormány	0.112903
brit	miniszterelnök	0.096774
brit	férfi	0.048387
brit	és	0.048387
brit	királyi	0.040323
brit	lap	0.040323
brit	hadsereg	0.032258
brit	katonai	0.032258
brit	birodalom	0.032258
brit	önkéntes	0.024194
brit	amerikai	0.024194
bármely	más	0.368421
békés	megyei	0.187500
békés	és	0.125000
békés	úton	0.093750
békét	és	0.208333
békét	akarunk	0.166667
békét	akar	0.166667
bíró	szerint	0.066667
bíró	az	0.066667
bíróság	elé	0.193182
bíróság	a	0.102273
bíróság	előtt	0.073864
bíróság	szerint	0.045455
bíróság	az	0.039773
bíróság	által	0.034091
bíróság	nem	0.028409
bíróság	döntése	0.022727
bíróság	végül	0.022727
bíróság	ezer	0.017045
bíróság	is	0.017045
bíróság	hogy	0.017045
bíróságon	a	0.138889
bíróságon	az	0.111111
bőven	elég	0.134615
bőven	van	0.115385
bőven	a	0.115385
bőven	megéri	0.057692
bőven	volt	0.057692
bőven	találni	0.057692
city	és	0.166667
csakis	a	0.428571
csakis	az	0.142857
családban	nőtt	0.130435
családnak	a	0.153846
családnak	és	0.115385
csalódást	okozott	0.461538
csalódást	okozni	0.230769
csapatban	a	0.121212
csapatban	is	0.121212
csend	és	0.200000
csillagok	és	0.230769
csinálnak	az	0.187500
csinált	a	0.130435
csupán	a	0.269231
csupán	egy	0.141026
csupán	az	0.098291
csupán	néhány	0.042735
csupán	annyit	0.034188
csupán	százalék	0.021368
csupán	két	0.021368
csupán	egyszer	0.017094
csupán	csak	0.012821
csupán	akkor	0.012821
csupán	egyetlen	0.012821
csupán	ezer	0.012821
cukor	és	0.285714
cukor	a	0.214286
cég	a	0.148352
cég	az	0.041209
cég	is	0.027473
cég	által	0.024725
cég	és	0.024725
cég	azt	0.021978
cég	nem	0.019231
cég	ezzel	0.016484
cég	új	0.016484
cég	egy	0.013736
cég	szerint	0.013736
cég	pedig	0.013736
cég	vezetője	0.010989
cég	egyik	0.010989
cég	mint	0.010989
cég	ellen	0.010989
cég	amely	0.010989
cég	két	0.008242
cég	hogy	0.008242
cég	több	0.008242
cég	ugyanakkor	0.008242
cég	nevében	0.008242
cég	tulajdonosa	0.008242
cég	de	0.008242
cél	hogy	0.222222
cél	az	0.148148
cél	a	0.140741
cél	érdekében	0.051852
cél	nem	0.037037
cél	pedig	0.022222
cél	és	0.022222
cél	volt	0.022222
cím	a	0.138889
cím	és	0.083333
cím	nem	0.083333
címét	és	0.214286
című	film	0.095238
című	sorozat	0.053571
című	lap	0.047619
című	filmben	0.047619
című	előadás	0.035714
című	könyve	0.035714
című	dal	0.029762
című	dalt	0.029762
című	projekt	0.029762
című	darab	0.029762
című	angol	0.023810
című	német	0.023810
című	előadást	0.023810
című	filmet	0.017857
című	francia	0.017857
című	brit	0.017857
című	újság	0.017857
című	képe	0.017857
című	es	0.017857
d	s	0.238095
d	es	0.166667
d	d	0.071429
dobta	a	0.294118
dolgoznak	a	0.262136
dolgoznak	az	0.106796
dolgoznak	hogy	0.097087
dolgoznak	és	0.077670
dolgoznak	majd	0.038835
dolgoznak	fel	0.038835
dolgoznak	azon	0.038835
dolgozni	a	0.096386
dolgozni	az	0.072289
dolgozni	és	0.072289
dolgozni	hogy	0.060241
dolgozni	hiszen	0.048193
dolgozni	egy	0.036145
dolgozni	akar	0.036145
dolgozom	és	0.181818
dolgozom	az	0.136364
dolgozunk	hogy	0.228571
dolgozunk	és	0.085714
dollár	volt	0.111111
dollár	és	0.087302
dollár	a	0.055556
dollár	körül	0.047619
dollár	millió	0.031746
dollár	az	0.031746
dollár	körüli	0.031746
dollár	milliárd	0.031746
dollár	lehet	0.023810
dollár	lett	0.023810
dollár	pedig	0.023810
dollár	alatt	0.023810
dollár	után	0.023810
dollárt	kapott	0.070175
dollárt	tett	0.052632
dollárt	adtak	0.052632
dollárt	a	0.052632
dollárt	millió	0.052632
dollárt	ami	0.052632
déli	részén	0.277778
déli	szél	0.166667
déli	határ	0.055556
déli	határon	0.055556
déli	parton	0.055556
déli	gazdasági	0.041667
déli	és	0.041667
döntött	hogy	0.300971
döntött	a	0.174757
döntött	úgy	0.106796
döntött	az	0.097087
döntött	arról	0.024272
döntött	nem	0.019417
döntött	így	0.019417
döntött	és	0.014563
döntött	ki	0.014563
ebbe	a	0.626667
ebbe	az	0.146667
eddig	nem	0.122330
eddig	is	0.106796
eddig	a	0.104854
eddig	még	0.050485
eddig	csak	0.050485
eddig	több	0.038835
eddig	az	0.025243
eddig	egy	0.019417
eddig	összesen	0.019417
eddig	sem	0.019417
eddig	milliárd	0.009709
eddig	két	0.009709
eddig	minden	0.009709
eddig	egyszer	0.007767
eddig	ezt	0.007767
eddig	azonban	0.007767
eddig	most	0.005825
eddig	hat	0.005825
eddig	ismeretlen	0.005825
eddig	szinte	0.005825
eddig	megszokott	0.005825
eddig	kormányzó	0.005825
eddig	de	0.005825
eddig	már	0.005825
eddig	azt	0.005825
eddig	talán	0.005825
eddig	öt	0.005825
edző	a	0.100000
edző	és	0.075000
egyenlő	a	0.250000
egyfajta	lelki	0.107143
egyikük	sem	0.298246
egyikük	a	0.157895
egyikük	pedig	0.052632
egyikünk	sem	0.500000
egymás	után	0.228814
egymás	mellett	0.169492
egymás	között	0.093220
egymás	elleni	0.059322
egymás	ellen	0.050847
egymás	felé	0.050847
egymás	közötti	0.042373
egymás	iránti	0.042373
egymás	kezét	0.033898
egymás	mellé	0.025424
egymás	iránt	0.025424
egymásra	a	0.147059
egymásra	találtak	0.117647
egyszer	csak	0.118143
egyszer	sem	0.088608
egyszer	már	0.067511
egyszer	a	0.054852
egyszer	egy	0.042194
egyszer	kétszer	0.025316
egyszer	majd	0.021097
egyszer	az	0.021097
egyszer	is	0.016878
egyszer	azt	0.016878
egyszer	egyszer	0.012658
egyszer	de	0.012658
egyszer	hanem	0.012658
egyszerre	több	0.087912
egyszerre	volt	0.043956
egyszerre	két	0.043956
egyszerre	a	0.032967
egyszerre	és	0.032967
egyszerre	kell	0.032967
egyszerre	van	0.032967
egyszerű	feladat	0.107843
egyszerű	a	0.098039
egyszerű	és	0.039216
egyszerű	de	0.039216
egyszerű	hiszen	0.029412
egyszerű	mégis	0.029412
egyértelműen	a	0.294737
egyértelműen	az	0.157895
egyértelműen	nem	0.052632
egyértelműen	látszik	0.042105
egyértelműen	azt	0.031579
egész	csapat	0.063786
egész	évben	0.059671
egész	nap	0.049383
egész	világ	0.045267
egész	világon	0.041152
egész	napos	0.041152
egész	országot	0.041152
egész	ország	0.030864
egész	éves	0.028807
egész	országban	0.026749
egész	világot	0.026749
egész	életében	0.020576
egész	pontosan	0.014403
egész	család	0.014403
egész	más	0.012346
egész	héten	0.010288
egész	területén	0.010288
egész	éjszaka	0.010288
egész	életét	0.010288
egész	nyáron	0.010288
egész	egyszerűen	0.010288
egész	jól	0.010288
egész	évre	0.008230
egész	biztosan	0.008230
egész	világra	0.008230
egész	nagy	0.008230
egész	éjjel	0.008230
egész	életemben	0.008230
egész	év	0.008230
egész	helyzet	0.006173
egész	társadalom	0.006173
egész	környék	0.006173
egész	családot	0.006173
egész	rendszer	0.006173
egész	házat	0.006173
egész	hogy	0.006173
egész	műsor	0.006173
egész	testem	0.006173
egész	és	0.006173
egész	nem	0.006173
egészség	és	0.461538
ekkora	összeget	0.125000
eleget	tett	0.187500
eleget	a	0.156250
eleget	tenni	0.156250
eleget	kell	0.125000
elektromos	áram	0.206897
elektromos	autó	0.206897
elhagyta	a	0.578947
elhagyta	az	0.368421
elindult	a	0.486111
elindult	az	0.125000
elindult	egy	0.041667
elkövetett	háborús	0.106383
elkövetett	hivatalos	0.085106
elkövetett	csalás	0.085106
elkövetett	szexuális	0.085106
elkövetett	rablás	0.063830
elkövetett	testi	0.063830
ellene	az	0.133333
ellene	a	0.088889
ellene	eljárás	0.066667
ellenkezőleg	a	0.250000
ellenség	a	0.200000
ellentétben	a	0.305556
ellentétben	nem	0.111111
ellentétben	az	0.069444
ellentétben	neki	0.041667
ellenére	a	0.175732
ellenére	hogy	0.169456
ellenére	is	0.133891
ellenére	sem	0.075314
ellenére	az	0.062762
ellenére	nem	0.050209
ellenére	több	0.010460
ellenére	nagyon	0.010460
ellenére	milliárd	0.008368
ellenére	ez	0.008368
ellenére	még	0.008368
ellenére	úgy	0.006276
ellenére	sikerült	0.006276
ellenére	jó	0.006276
ellenére	továbbra	0.006276
ellenére	mindig	0.006276
elment	a	0.333333
elment	az	0.125000
elnöki	hivatal	0.500000
elnöki	iroda	0.100000
elnöki	tanácsadó	0.100000
eltűntek	a	0.846154
elveszi	a	0.500000
elvette	a	0.600000
elvileg	az	0.125000
elvileg	a	0.125000
elvileg	nem	0.093750
elégedett	a	0.228571
elégedett	vagyok	0.171429
elégedett	az	0.114286
eléggé	a	0.103448
eléri	a	0.628571
eléri	az	0.200000
eléri	majd	0.085714
előre	az	0.115942
előre	és	0.079710
előre	hogy	0.072464
előre	nem	0.072464
előre	a	0.043478
előre	tervezett	0.021739
előző	év	0.188811
előző	évi	0.125874
előző	napi	0.083916
előző	este	0.062937
előző	cikk	0.059441
előző	évben	0.048951
előző	havi	0.041958
előző	héten	0.038462
előző	két	0.031469
előző	években	0.027972
előző	nap	0.027972
előző	esti	0.017483
előző	hónapban	0.013986
előző	hét	0.013986
előző	napon	0.010490
előző	amerikai	0.010490
előző	polgármester	0.010490
előző	heti	0.010490
embereknek	a	0.108696
embereknek	az	0.065217
embereknek	és	0.065217
emberekre	is	0.333333
emberiség	számára	0.166667
embernek	a	0.075269
embernek	van	0.075269
embernek	kellett	0.064516
embernek	kell	0.032258
embernek	és	0.032258
embernek	aki	0.032258
emellett	a	0.293548
emellett	az	0.103226
emellett	pedig	0.048387
emellett	még	0.029032
emellett	azt	0.025806
emellett	egy	0.019355
emellett	több	0.016129
emellett	arra	0.016129
emellett	fontos	0.012903
emellett	rengeteg	0.012903
emellett	azonban	0.009677
emellett	arról	0.009677
emellett	minden	0.009677
emellett	számos	0.009677
emellett	további	0.009677
emiatt	a	0.198953
emiatt	az	0.068063
emiatt	nem	0.062827
emiatt	pedig	0.047120
emiatt	is	0.036649
emiatt	azonban	0.020942
emiatt	már	0.015707
emiatt	egy	0.015707
emiatt	azt	0.015707
emlékeztek	meg	0.500000
emlékeztek	a	0.187500
en	a	0.076087
en	és	0.076087
en	keresztül	0.054348
en	pedig	0.054348
en	is	0.043478
energia	és	0.365079
energia	a	0.079365
energia	ára	0.063492
enged	a	0.250000
enged	be	0.250000
engedni	a	0.250000
engedte	ki	0.285714
engedte	el	0.214286
engedte	be	0.214286
ennek	a	0.217695
ennek	ellenére	0.181607
ennek	az	0.084983
ennek	megfelelően	0.053551
ennek	érdekében	0.046566
ennek	köszönhetően	0.039581
ennek	oka	0.033760
ennek	is	0.020955
ennek	egyik	0.016298
ennek	nem	0.013970
ennek	során	0.012806
ennek	alapján	0.011641
ennek	része	0.008149
ennek	eredménye	0.008149
ennek	most	0.008149
ennek	pedig	0.006985
ennek	tudatában	0.006985
ennek	csak	0.005821
ennek	azonban	0.005821
ennek	megfelelő	0.005821
ennek	mi	0.005821
ennek	nagyon	0.005821
ennek	volt	0.004657
ennek	jó	0.004657
ennek	néhány	0.004657
ennek	első	0.004657
ennek	fő	0.004657
ennek	okát	0.004657
ennek	több	0.004657
ennek	hála	0.003492
ennek	van	0.003492
ennek	járt	0.003492
ennek	nagy	0.003492
eredmény	a	0.113924
eredmény	után	0.063291
eredmény	milliárd	0.063291
eredmény	nem	0.050633
eredmény	nélkül	0.037975
eredmény	pedig	0.037975
eredmény	született	0.037975
eredmény	az	0.037975
eredményeket	elérni	0.156863
eredményeket	értek	0.098039
eredményeket	ért	0.078431
eredményeket	hozott	0.058824
eredményt	a	0.145833
eredményt	ért	0.125000
eredményt	hozott	0.104167
eredményt	elérni	0.083333
eredményt	az	0.062500
erről	a	0.180851
erről	szóló	0.117021
erről	az	0.067376
erről	nem	0.031915
erről	beszélni	0.031915
erről	beszélt	0.024823
erről	egy	0.024823
erről	is	0.024823
erről	még	0.021277
erről	azt	0.021277
erről	és	0.017730
erről	itt	0.017730
erről	van	0.014184
erről	már	0.014184
erről	szól	0.014184
erről	szólt	0.014184
erről	beszél	0.014184
erről	de	0.010638
erről	szó	0.010638
erről	csak	0.010638
erről	készült	0.010638
erről	lesz	0.010638
erő	a	0.193548
erő	kell	0.096774
erő	és	0.096774
erősebben	a	0.562500
erősnek	kell	0.625000
erőt	ad	0.214286
erőt	a	0.178571
erőt	és	0.160714
esetre	ha	0.409091
esetre	se	0.136364
esetre	sem	0.136364
esetében	a	0.234234
esetében	is	0.123123
esetében	az	0.075075
esetében	nem	0.039039
esetében	ez	0.036036
esetében	pedig	0.033033
esetében	sem	0.021021
esetében	már	0.018018
esetében	csak	0.018018
esetében	például	0.012012
esetében	ezt	0.012012
esetében	ezer	0.012012
esetében	most	0.009009
esetében	volt	0.009009
esetében	még	0.009009
esetében	nincs	0.009009
esküvő	után	0.272727
ezredes	az	0.444444
ezret	a	0.181818
fegyvereket	és	0.192308
fegyvereket	is	0.153846
fejbe	lőtte	0.714286
fejében	hogy	0.190476
fejét	és	0.222222
fejét	a	0.185185
fejét	az	0.111111
fel	a	0.347289
fel	az	0.116479
fel	hogy	0.044552
fel	kell	0.037574
fel	és	0.024691
fel	is	0.024155
fel	egy	0.013956
fel	lehet	0.011809
fel	sem	0.010735
fel	kellett	0.008052
fel	de	0.006978
fel	nem	0.006441
fel	ami	0.005904
fel	van	0.005904
fel	kellene	0.005368
fel	amikor	0.004831
fel	mint	0.004294
fel	ahol	0.004294
fel	neki	0.004294
fel	akik	0.003757
fel	majd	0.003757
fel	így	0.003757
fel	magát	0.003757
fel	rá	0.003757
fel	olyan	0.003757
fel	amely	0.003757
fel	ám	0.003221
fel	volt	0.003221
fel	őket	0.003221
fel	először	0.003221
fel	vagy	0.003221
fel	amelyek	0.002684
fel	magára	0.002684
fel	például	0.002684
fel	ismét	0.002684
fel	ezt	0.002684
fel	tudtunk	0.002684
fel	két	0.002684
fel	benne	0.002684
fel	tudjuk	0.002684
felejtem	el	0.800000
felel	meg	0.783333
felel	majd	0.066667
felel	a	0.066667
felesleges	volt	0.294118
feleségül	vette	0.333333
felett	a	0.118519
felett	van	0.096296
felett	is	0.074074
felett	de	0.051852
felett	és	0.051852
felett	az	0.044444
felett	alakul	0.029630
felett	már	0.029630
felett	jár	0.022222
felett	volt	0.022222
felett	ami	0.022222
felhívni	a	0.736842
felismeri	és	0.375000
felnőttek	között	0.115385
felnőttek	a	0.115385
felszínre	került	0.200000
feltétlenül	a	0.121212
feltétlenül	az	0.060606
feltétlenül	lesz	0.060606
feltétlenül	van	0.060606
felvettem	a	1.000000
felül	a	0.260870
felül	is	0.086957
felül	az	0.072464
felül	pedig	0.072464
felül	még	0.043478
felül	minden	0.043478
fenn	a	0.325581
fenn	az	0.139535
fenn	kell	0.116279
fia	is	0.095890
fia	és	0.054795
fia	nem	0.054795
fia	a	0.041096
fiatal	lány	0.092742
fiatal	nő	0.056452
fiatal	férfi	0.052419
fiatal	tehetség	0.032258
fiatal	lányt	0.028226
fiatal	és	0.028226
fiatal	a	0.028226
fiatal	magyar	0.024194
fiatal	nők	0.020161
fiatal	pár	0.020161
fiatal	felnőttek	0.016129
fiatal	színésznő	0.016129
fiatal	férfiak	0.016129
fiatal	fiú	0.016129
fiatal	korában	0.016129
fiatal	fiút	0.012097
fiatal	vesz	0.012097
fiatal	színész	0.012097
fiatal	is	0.012097
fiatal	férfit	0.012097
film	a	0.130435
film	és	0.108696
film	egy	0.054348
film	után	0.032609
film	de	0.032609
filmben	is	0.148148
filmben	és	0.111111
finn	és	0.238095
finn	elnök	0.142857
fizetett	a	0.186047
fizetett	ki	0.139535
fizetett	be	0.116279
fizetett	vissza	0.069767
fiát	is	0.176471
fiú	a	0.099010
fiú	az	0.059406
fiú	már	0.049505
fiú	aki	0.049505
fiú	volt	0.049505
fiú	nem	0.039604
fiú	és	0.029703
fogadott	el	0.540000
fogadott	be	0.140000
fogadott	a	0.100000
fogalmam	sincs	0.800000
fogva	tartott	0.200000
fogva	a	0.145455
folyamatosan	nő	0.090426
folyamatosan	csökken	0.063830
folyamatosan	a	0.042553
folyamatosan	változik	0.031915
folyamatosan	azt	0.021277
folyamatosan	figyeli	0.021277
folyamatosan	az	0.021277
folyamatosan	nyomon	0.021277
folyamatosan	érkeztek	0.015957
folyamatosan	nőtt	0.015957
folyamatosan	egy	0.015957
folyamatosan	zajlik	0.015957
folytatni	a	0.276596
folytatni	az	0.106383
folytatni	fogja	0.063830
folytatni	kell	0.063830
folytatódik	a	0.510000
folytatódik	az	0.180000
folytatódik	és	0.050000
folytatódik	tovább	0.030000
folyton	azon	0.300000
fontos	hogy	0.237668
fontos	a	0.116592
fontos	az	0.049327
fontos	szerepet	0.043348
fontos	volt	0.035874
fontos	mert	0.026906
fontos	lenne	0.020927
fontos	része	0.020927
fontos	és	0.019432
fontos	kérdés	0.013453
fontos	ez	0.013453
fontos	tudni	0.010463
fontos	mint	0.008969
fontos	információ	0.008969
fontos	változás	0.008969
fontos	feladat	0.007474
fontos	lépés	0.007474
fontos	dolog	0.007474
fontos	feladata	0.005979
fontos	gazdasági	0.005979
fontos	számomra	0.005979
fontos	számára	0.005979
fontos	számukra	0.005979
fontos	továbbá	0.005979
fontos	hanem	0.005979
fontos	lehet	0.004484
fontos	részét	0.004484
fontos	éves	0.004484
fontos	társadalmi	0.004484
fontos	de	0.004484
fontos	pontot	0.004484
fontos	dolgok	0.004484
fontos	lesz	0.004484
fontos	hiszen	0.004484
fontos	adatok	0.004484
fontos	lett	0.004484
fontos	pillanat	0.004484
fontos	megérteni	0.004484
fontos	nap	0.004484
fontos	azonban	0.004484
fontosabb	a	0.200000
fontosabb	hogy	0.200000
fontosabb	mint	0.109091
fontosabb	volt	0.054545
fontosabb	az	0.054545
fontosabb	lehet	0.054545
forradalom	és	0.459459
forradalom	után	0.081081
forrása	szerint	0.357143
fotó	hot	0.196429
fotó	a	0.125000
fotó	is	0.125000
fotó	került	0.053571
francia	elnök	0.144444
francia	és	0.111111
francia	a	0.044444
francia	forradalom	0.033333
francia	kormány	0.033333
furcsa	hogy	0.133333
furcsa	de	0.088889
furcsa	érzés	0.066667
furcsa	lenne	0.066667
félre	a	0.333333
fény	és	0.241379
fény	a	0.172414
fér	el	0.222222
fér	hozzá	0.222222
fér	bele	0.185185
férfi	a	0.098170
férfi	és	0.058236
férfi	aki	0.049917
férfi	nem	0.046589
férfi	egy	0.041597
férfi	ellen	0.036606
férfi	az	0.024958
férfi	azt	0.016639
férfi	pedig	0.013311
férfi	több	0.013311
férfi	már	0.011647
férfi	akit	0.011647
férfi	is	0.009983
férfi	még	0.009983
férfi	úgy	0.009983
férfi	éves	0.008319
férfi	súlyos	0.008319
férfi	elmondta	0.008319
férfi	vezette	0.008319
férfi	életét	0.008319
férfi	ekkor	0.006656
férfi	amikor	0.006656
férfi	ezután	0.006656
férfi	ugyanis	0.006656
férfi	végül	0.006656
férfi	fejét	0.006656
férfi	akinek	0.006656
férfi	hogy	0.006656
férfi	most	0.004992
férfi	túl	0.004992
férfi	így	0.004992
férfi	állítólag	0.004992
férfi	azonban	0.004992
férfi	csapat	0.004992
férfi	szintén	0.004992
férfi	először	0.004992
férfi	volt	0.004992
férfi	mellett	0.004992
férfi	elmenekült	0.004992
férfi	kezében	0.004992
férje	a	0.075949
férje	is	0.050633
férje	és	0.050633
férje	által	0.037975
föl	a	0.250000
föl	hogy	0.156250
független	az	0.088889
független	biztosítási	0.066667
független	orosz	0.066667
független	de	0.066667
függetlenül	a	0.209524
függetlenül	attól	0.161905
függetlenül	is	0.066667
függetlenül	nem	0.047619
függetlenül	hogy	0.028571
függetlenül	még	0.028571
függetlenül	és	0.028571
fő	oka	0.111111
fő	célja	0.084967
fő	a	0.071895
fő	lépett	0.071895
fő	volt	0.052288
fő	alatti	0.026144
fő	cél	0.026144
fő	feladata	0.026144
fő	kérdés	0.026144
fő	téma	0.026144
fő	probléma	0.019608
fő	az	0.019608
főnök	és	0.214286
g	s	0.193548
g	és	0.096774
gazdasági	és	0.257669
gazdasági	helyzet	0.092025
gazdasági	helyzetben	0.067485
gazdasági	miniszter	0.042945
gazdasági	társadalmi	0.024540
gazdasági	szempontból	0.024540
gazdasági	minisztérium	0.018405
gazdasági	adatok	0.018405
gazdasági	kérdések	0.018405
gazdasági	értelemben	0.018405
gondolnak	a	0.250000
gondolt	az	0.136364
gondolták	hogy	0.466667
gyakorlat	volt	0.068182
gyakorlat	szerint	0.068182
gyakorlat	során	0.068182
gyakorlat	és	0.068182
gyakorlatilag	a	0.109244
gyakorlatilag	minden	0.084034
gyakorlatilag	egy	0.075630
gyakorlatilag	az	0.075630
gyakorlatilag	teljesen	0.058824
gyakorlatilag	nem	0.042017
gyakorlatilag	csak	0.033613
gyakorlatilag	két	0.033613
gyakorlatilag	úgy	0.025210
gyakorolni	a	0.230769
gyerekként	nem	0.214286
gyermeket	a	0.133333
gyors	és	0.400000
gyors	volt	0.090909
gyors	de	0.054545
gyors	orvosi	0.054545
gyorsabban	és	0.161290
gyorsabban	kerül	0.096774
gáz	és	0.245283
gáz	ára	0.207547
gáz	a	0.132075
gáz	az	0.075472
görög	miniszterelnök	0.189189
ha	a	0.171410
ha	nem	0.084124
ha	az	0.071474
ha	valaki	0.040797
ha	egy	0.037002
ha	ez	0.028779
ha	már	0.023403
ha	pedig	0.018343
ha	van	0.016445
ha	azt	0.013599
ha	nincs	0.012650
ha	úgy	0.010120
ha	csak	0.009804
ha	ezt	0.009804
ha	minden	0.008223
ha	még	0.006641
ha	valami	0.006641
ha	jól	0.006325
ha	igen	0.006009
ha	kell	0.006009
ha	mégis	0.005693
ha	most	0.005376
ha	például	0.005060
ha	meg	0.005060
ha	ő	0.004744
ha	valakinek	0.004744
ha	viszont	0.004744
ha	szükséges	0.004428
ha	egyszer	0.004428
ha	így	0.004111
ha	ugyanis	0.003795
ha	lehet	0.003795
ha	én	0.003795
ha	olyan	0.003479
ha	erre	0.003479
ha	egyáltalán	0.003163
ha	ilyen	0.003163
ha	ehhez	0.003163
ha	azonban	0.003163
ha	túl	0.002846
hagyjon	fel	0.666667
hagyjuk	a	0.136364
hagyjuk	ki	0.136364
hagyományos	és	0.116667
hagyományos	vagy	0.066667
hagyományos	pénzügyi	0.066667
hagyományos	módon	0.066667
hagyományos	családi	0.050000
hagyták	el	0.342857
hagyták	a	0.085714
halad	a	0.283019
halad	az	0.132075
halad	el	0.094340
halad	át	0.094340
halad	előre	0.056604
hallgat	a	0.230769
halljuk	a	0.333333
halljuk	hogy	0.333333
hallottunk	róla	0.250000
halott	volt	0.250000
halottak	száma	0.500000
halottak	napja	0.150000
haltak	meg	0.956522
halála	után	0.381443
halála	előtt	0.164948
halála	miatt	0.082474
halála	óta	0.072165
halála	című	0.041237
halála	előtti	0.030928
halála	és	0.030928
halálát	okozta	0.279070
halálát	követően	0.232558
halálát	és	0.093023
hamarabb	el	0.117647
hanem	a	0.288605
hanem	az	0.144835
hanem	egy	0.053248
hanem	hogy	0.021299
hanem	csak	0.019169
hanem	azért	0.015974
hanem	azt	0.012780
hanem	mert	0.012780
hanem	inkább	0.011715
hanem	minden	0.007455
hanem	annak	0.007455
hanem	arról	0.007455
hanem	például	0.007455
hanem	arra	0.006390
hanem	olyan	0.006390
hanem	saját	0.006390
hanem	két	0.006390
hanem	több	0.006390
hanem	sokkal	0.006390
hanem	azok	0.005325
hanem	más	0.005325
hanem	meg	0.005325
hanem	nagy	0.004260
hanem	akár	0.004260
hanem	még	0.004260
hanem	attól	0.004260
hanem	bizony	0.004260
hanem	egész	0.003195
hanem	komoly	0.003195
hanem	azon	0.003195
hanem	már	0.003195
hanem	éppen	0.003195
hanem	kifejezetten	0.003195
hanem	mint	0.003195
hanem	nagyon	0.003195
hanem	is	0.003195
hanem	el	0.003195
hanem	európai	0.003195
hanem	további	0.003195
hangos	a	0.357143
használt	de	0.061728
használt	a	0.049383
használt	ki	0.049383
használt	fel	0.049383
használt	lakás	0.037037
használt	hogy	0.037037
határon	túl	0.135135
határon	innen	0.135135
határozott	hogy	0.162162
határozott	egy	0.081081
határozott	a	0.081081
határozott	és	0.081081
hatása	is	0.125000
hatása	a	0.125000
hatása	van	0.068182
hatása	alatt	0.068182
hatása	lehet	0.045455
hatása	az	0.045455
hatása	lenne	0.045455
hatása	miatt	0.045455
hazafelé	tartott	0.157895
hazafelé	tartó	0.157895
hazafelé	menet	0.157895
helyet	kapott	0.166667
helyet	a	0.111111
helyet	az	0.063492
helyet	és	0.047619
helyet	szerezte	0.047619
helyet	kaptak	0.039683
helyet	ahol	0.039683
helyet	kap	0.039683
helyet	is	0.031746
helyet	biztosítani	0.023810
helyet	egy	0.023810
helyet	ad	0.023810
helyett	a	0.222222
helyett	inkább	0.075758
helyett	csak	0.055556
helyett	az	0.050505
helyett	már	0.035354
helyett	egy	0.030303
helyett	km	0.015152
helyett	most	0.015152
helyett	pedig	0.015152
helyszín	a	0.157895
helyszín	közelében	0.078947
helyszín	ezúttal	0.078947
helyszínen	a	0.093923
helyszínen	életét	0.071823
helyszínen	meghalt	0.060773
helyszínen	is	0.060773
helyszínen	egy	0.033149
helyszínen	két	0.027624
helyszínen	az	0.027624
helyszínen	több	0.022099
helyszínen	lévő	0.022099
helyszínen	van	0.022099
helyszínen	vannak	0.022099
helyszínen	tartottak	0.016575
helyszínen	és	0.016575
helyzet	a	0.126482
helyzet	az	0.059289
helyzet	miatt	0.047431
helyzet	és	0.035573
helyzet	nem	0.035573
helyzet	alakult	0.031621
helyzet	hogy	0.027668
helyzet	akkor	0.019763
helyzet	úgy	0.019763
helyzet	de	0.019763
helyzet	mint	0.019763
helyzet	amikor	0.019763
helyzet	is	0.015810
helyzet	hiszen	0.015810
helyzet	ellenére	0.015810
helyzet	továbbra	0.015810
helyzet	volt	0.015810
helyzet	ám	0.015810
helyzet	ahol	0.011858
helyzet	ha	0.011858
helyzet	nagyon	0.011858
helyzet	azonban	0.011858
helyzet	egyre	0.011858
helyén	a	0.131579
helyén	álló	0.105263
helyén	volt	0.078947
helyén	áll	0.078947
herceg	és	0.243902
herceg	már	0.073171
hete	a	0.133333
hete	az	0.053333
hete	tartó	0.040000
hete	nem	0.040000
hetedik	helyen	0.088235
hetedik	alkalommal	0.088235
hibát	és	0.130435
hideg	volt	0.098039
hideg	téli	0.078431
hideg	víz	0.058824
hideg	miatt	0.058824
hinné	hogy	1.000000
hirtelen	jött	0.130435
hirtelen	nagy	0.043478
hirtelen	a	0.043478
hitt	a	0.333333
hitt	az	0.250000
hitték	hogy	0.411765
hitték	a	0.176471
hiába	a	0.132812
hiába	van	0.062500
hiába	próbálta	0.046875
hiába	kért	0.031250
hiába	volt	0.023438
hiába	próbál	0.023438
hiába	próbált	0.023438
hiába	kérte	0.023438
hiába	nagy	0.023438
hiába	az	0.023438
hogy	a	0.294321
hogy	az	0.126195
hogy	nem	0.029922
hogy	egy	0.026670
hogy	ez	0.020365
hogy	ne	0.011208
hogy	milyen	0.010608
hogy	mi	0.010508
hogy	ha	0.007856
hogy	minden	0.007456
hogy	még	0.006605
hogy	már	0.006555
hogy	mit	0.005904
hogy	ezt	0.005654
hogy	miért	0.005604
hogy	több	0.005054
hogy	csak	0.005054
hogy	ki	0.004804
hogy	ő	0.004253
hogy	van	0.003903
hogy	minél	0.003903
hogy	ezek	0.003553
hogy	nincs	0.003353
hogy	mennyire	0.003102
hogy	nagyon	0.003052
hogy	most	0.003002
hogy	itt	0.003002
hogy	két	0.002902
hogy	olyan	0.002902
hogy	mikor	0.002802
hogy	jó	0.002652
hogy	valaki	0.002652
hogy	meg	0.002602
hogy	legyen	0.002552
hogy	bár	0.002552
hogy	idén	0.002502
hogy	azt	0.002452
hogy	melyik	0.002452
hogy	ilyen	0.002402
hogy	nagy	0.002252
hold	a	0.266667
holtan	találták	0.444444
holtan	találtak	0.166667
hotel	és	0.190476
hoz	a	0.209677
hoz	létre	0.129032
hoz	képest	0.072581
hoz	majd	0.048387
hoz	hasonlóan	0.048387
hoz	hasonló	0.032258
hoz	magával	0.032258
hoz	és	0.032258
hoz	de	0.032258
hoz	az	0.032258
hoz	döntést	0.024194
hoz	való	0.024194
hoz	egy	0.024194
hoznak	létre	0.333333
hoznak	a	0.222222
hoznak	az	0.083333
hozott	a	0.174699
hozott	létre	0.132530
hozott	egy	0.054217
hozott	az	0.042169
hozott	magával	0.036145
hozott	és	0.030120
hozott	össze	0.024096
hozott	döntést	0.018072
hozták	nyilvánosságra	0.162162
hozták	a	0.135135
hozták	meg	0.108108
hozták	létre	0.081081
hozták	ki	0.081081
hozták	el	0.054054
hozták	az	0.054054
hozták	vissza	0.040541
hozták	le	0.040541
hozzájuk	a	0.173913
hozzájuk	nem	0.065217
hozzánk	a	0.142857
hozzánk	is	0.102041
hozzánk	és	0.061224
hozzánk	az	0.061224
hálásak	vagyunk	0.555556
hány	éves	0.085106
hány	tanár	0.063830
hány	óra	0.063830
hányan	haltak	0.187500
három	éve	0.044917
három	év	0.037825
három	pontot	0.034279
három	évvel	0.030733
három	és	0.024823
három	hónap	0.022459
három	hónapja	0.021277
három	ember	0.018913
három	nap	0.017730
három	évben	0.016548
három	nappal	0.015366
három	pont	0.014184
három	olyan	0.014184
három	hónapban	0.013002
három	magyar	0.013002
három	embert	0.011820
három	hete	0.011820
három	napot	0.010638
három	hónapos	0.010638
három	négy	0.010638
három	másik	0.009456
három	hónapig	0.009456
három	alkalommal	0.009456
három	hónappal	0.009456
három	éven	0.008274
három	évig	0.008274
három	különböző	0.008274
három	napos	0.008274
három	napon	0.008274
három	perc	0.008274
három	új	0.007092
három	napig	0.007092
három	órán	0.005910
három	a	0.005910
három	férfi	0.005910
három	perccel	0.005910
három	egymást	0.005910
három	vagy	0.005910
három	napban	0.005910
három	évet	0.005910
háromszor	is	0.325000
háromszor	akkora	0.100000
háromszor	annyi	0.075000
hátra	a	0.250000
hátra	az	0.071429
hátra	van	0.053571
hátralévő	részében	0.300000
hátralévő	időben	0.150000
hátralévő	részét	0.150000
ház	előtt	0.175439
ház	és	0.096491
ház	a	0.052632
ház	volt	0.035088
ház	szerint	0.035088
ház	is	0.035088
ház	nem	0.026316
ház	körül	0.026316
házba	is	0.166667
házba	és	0.166667
hétfőn	a	0.232394
hétfőn	az	0.105634
hétfőn	este	0.066901
hétfőn	reggel	0.042254
hétfőn	azt	0.031690
hétfőn	kora	0.024648
hétfőn	délelőtt	0.024648
hétfőn	már	0.024648
hétfőn	egy	0.021127
hétfőn	történt	0.017606
hétfőn	délután	0.017606
hétfőn	pedig	0.014085
hétfőn	nem	0.010563
hétfőn	és	0.010563
hétfőn	is	0.010563
hétvégén	a	0.192661
hétvégén	is	0.091743
hétvégén	pedig	0.045872
hétvégén	és	0.045872
hétvégén	az	0.036697
hétvégén	egy	0.027523
hétvégén	két	0.027523
hívnak	a	0.428571
hívott	össze	0.166667
hívott	meg	0.100000
hívott	be	0.100000
hívott	a	0.100000
hívta	fel	0.696296
hívta	a	0.074074
hívta	életre	0.037037
hívta	ki	0.022222
hívta	össze	0.022222
hívta	meg	0.022222
hívtak	meg	0.360000
hívták	fel	0.378378
hívták	a	0.216216
hívták	meg	0.108108
hónap	alatt	0.284946
hónap	után	0.102151
hónap	múlva	0.075269
hónap	elején	0.059140
hónap	végén	0.053763
hónap	telt	0.043011
hónap	során	0.037634
hónap	végéig	0.021505
hónap	első	0.016129
hónap	volt	0.016129
hónap	és	0.016129
hónapot	töltött	0.115385
hónapot	is	0.115385
hónapot	a	0.115385
hűséges	volt	0.750000
i	es	0.165289
i	ben	0.082645
i	a	0.061983
i	b	0.057851
i	és	0.045455
i	osztály	0.037190
i	kerületi	0.024793
i	nemzeti	0.020661
i	osztályú	0.016529
i	be	0.012397
i	t	0.012397
i	kezdete	0.012397
i	c	0.012397
ideig	a	0.076923
ideig	az	0.057692
ideig	még	0.048077
ideig	nem	0.048077
ideig	tart	0.048077
ideig	óráig	0.038462
ideig	elérhető	0.028846
ideig	távol	0.028846
idő	alatt	0.183673
idő	szerint	0.140590
idő	után	0.140590
idő	a	0.049887
idő	és	0.024943
idő	várható	0.024943
idő	előtt	0.020408
idő	miatt	0.020408
idő	az	0.018141
idő	előtti	0.018141
idő	ellenére	0.015873
idő	amikor	0.015873
idő	kell	0.013605
idő	lesz	0.013605
idő	közben	0.011338
idő	kellett	0.009070
idő	de	0.009070
idő	nem	0.009070
idő	jut	0.009070
idő	pedig	0.009070
idő	kérdése	0.009070
idő	is	0.006803
idő	esetén	0.006803
idő	valószínű	0.006803
idő	nagy	0.006803
idő	akkor	0.006803
idő	vár	0.006803
idő	múlva	0.006803
idő	ahhoz	0.006803
idő	óta	0.006803
idő	telt	0.006803
idő	hogy	0.006803
időbe	telik	0.437500
időbe	telt	0.375000
idős	férfi	0.100000
idős	ember	0.075000
idős	asszony	0.075000
idős	férfit	0.050000
idős	hölgy	0.050000
idős	nő	0.050000
idős	nőt	0.037500
idős	néni	0.037500
igaza	van	0.444444
igaza	is	0.166667
igazat	és	0.166667
igazat	a	0.166667
igazat	adott	0.166667
igazat	megvallva	0.166667
igazságot	tenni	0.200000
igazán	nagy	0.078818
igazán	különleges	0.049261
igazán	a	0.049261
igazán	jó	0.039409
igazán	az	0.029557
igazán	érdekes	0.024631
igazán	lehet	0.024631
igazán	jól	0.019704
igazán	szép	0.019704
igazán	fontos	0.019704
igazán	erős	0.019704
igazán	nehéz	0.019704
igazán	népszerű	0.014778
igazán	komoly	0.014778
igazán	volt	0.014778
igazán	büszkék	0.014778
igent	mondott	0.375000
illeti	a	0.252874
illeti	az	0.172414
illeti	meg	0.103448
illeti	ott	0.045977
illetően	a	0.078947
illetően	de	0.078947
in	the	0.250000
incidens	miatt	0.206897
incidens	is	0.137931
incidens	a	0.137931
incidens	történt	0.103448
india	kína	0.187500
induljon	az	0.400000
induljon	a	0.300000
indulni	a	0.250000
indult	a	0.266187
indult	el	0.115108
indult	az	0.086331
indult	és	0.046763
indult	eljárás	0.046763
indult	ellene	0.028777
indult	de	0.021583
indult	nyomozás	0.021583
indult	be	0.017986
indult	meg	0.017986
indult	majd	0.014388
indult	ám	0.014388
indult	azóta	0.010791
indult	több	0.010791
indult	hogy	0.010791
indult	volna	0.010791
indult	jól	0.010791
ingyen	a	0.130435
inkább	a	0.281250
inkább	az	0.120536
inkább	csak	0.062500
inkább	egy	0.049107
inkább	nem	0.020089
inkább	úgy	0.013393
inkább	ne	0.008929
inkább	azt	0.008929
inkább	arra	0.008929
inkább	politikai	0.006696
inkább	mint	0.006696
inkább	hiszen	0.006696
inkább	arról	0.006696
inkább	meg	0.006696
inkább	eső	0.006696
interjút	adott	0.243243
interjút	a	0.135135
interjút	ad	0.108108
irány	a	0.421053
irányba	is	0.121951
irányba	megy	0.097561
irányba	mutat	0.073171
irányítást	a	0.466667
irányítást	és	0.200000
iskola	és	0.220183
iskola	a	0.055046
iskola	egy	0.036697
iskola	igazgatója	0.036697
iskola	is	0.027523
iskola	előtt	0.027523
iskola	két	0.027523
iskola	után	0.027523
iskolai	és	0.150000
iskolai	szünet	0.150000
iskolába	a	0.111111
iskolába	és	0.111111
iskolába	majd	0.083333
ismét	a	0.182171
ismét	az	0.058140
ismét	egy	0.031008
ismét	csak	0.027132
ismét	megmutatta	0.019380
ismét	két	0.015504
ismét	megjelent	0.015504
ismét	útra	0.011628
ismét	több	0.011628
ismét	egymásra	0.011628
ismét	nagy	0.011628
ismét	visszatér	0.011628
ismét	saját	0.011628
ismét	lesz	0.011628
ismét	és	0.011628
isten	a	0.125000
isten	és	0.062500
isten	veled	0.062500
isten	felé	0.046875
ivott	és	0.214286
j	és	0.193548
j	a	0.129032
javítani	a	0.176471
javítani	kell	0.147059
javítani	az	0.147059
jegy	és	0.187500
jel	arra	0.200000
jel	szerint	0.160000
jel	a	0.120000
jel	hogy	0.120000
jel	is	0.080000
jel	lehet	0.060000
jelentette	be	0.423868
jelentette	ki	0.370370
jelentette	a	0.078189
jelentette	hogy	0.043210
jelentette	az	0.028807
jelentette	fel	0.008230
jelentette	azt	0.006173
ji	kínai	0.500000
junior	és	0.285714
járja	a	0.272727
járja	hogy	0.272727
járja	az	0.136364
járja	át	0.136364
jármű	a	0.175439
jármű	és	0.070175
jármű	vezetője	0.052632
jármű	egy	0.052632
jármű	felett	0.052632
jármű	nem	0.052632
járunk	a	0.107143
játszottam	a	0.266667
játékban	a	0.117647
játékban	is	0.088235
játékban	sem	0.088235
játékos	a	0.127451
játékos	volt	0.068627
játékos	is	0.058824
játékos	és	0.049020
játékos	formában	0.029412
játékos	aki	0.029412
jól	ismert	0.041411
jól	mutatja	0.038344
jól	látszik	0.036810
jól	a	0.035276
jól	sikerült	0.035276
jól	látható	0.033742
jól	ment	0.024540
jól	megy	0.019939
jól	érzi	0.016871
jól	áll	0.016871
jól	érezte	0.015337
jól	az	0.015337
jól	van	0.015337
jól	jön	0.015337
jól	jött	0.013804
jól	esett	0.013804
jól	érzem	0.013804
jól	láthatóan	0.012270
jól	is	0.012270
jól	néz	0.012270
jól	és	0.012270
jól	ismeri	0.010736
jól	bevált	0.010736
jól	képzett	0.010736
jól	tudja	0.009202
jól	tudjuk	0.009202
jól	tudom	0.009202
jól	vannak	0.009202
jól	alakul	0.007669
jól	tudják	0.007669
jól	emlékszem	0.007669
jól	állunk	0.007669
jól	vagyok	0.007669
jól	szerepelt	0.006135
jól	alakult	0.006135
jól	működött	0.006135
jól	neki	0.006135
jól	szállt	0.006135
jól	ha	0.006135
jól	tartja	0.006135
jóvá	a	0.363636
jóvá	kell	0.272727
jöhet	a	0.272727
jöhet	az	0.109091
jöhet	létre	0.090909
jöhet	szóba	0.090909
jöhet	egy	0.054545
jönnek	a	0.187500
jönnek	létre	0.125000
jönnek	be	0.093750
jönnek	az	0.078125
jönnek	ki	0.062500
jönnek	majd	0.046875
jönnek	ide	0.046875
jönnek	el	0.046875
jövőben	is	0.192593
jövőben	a	0.111111
jövőben	az	0.074074
jövőben	nem	0.037037
jövőben	már	0.037037
jövőben	csak	0.029630
jövőben	ne	0.029630
jövőben	még	0.029630
jövőben	egy	0.022222
jövőben	tovább	0.022222
jövőben	sokkal	0.022222
jövőben	olyan	0.022222
jövője	de	0.176471
jövője	a	0.176471
június	én	0.423358
június	végén	0.087591
június	és	0.065693
június	i	0.058394
június	e	0.051095
június	elején	0.051095
június	közepén	0.043796
június	végéig	0.036496
június	között	0.029197
június	ei	0.021898
k	h	0.232323
k	a	0.080808
k	és	0.060606
k	az	0.050505
k	számára	0.050505
k	f	0.030303
k	is	0.030303
kamerák	előtt	0.400000
kamerák	és	0.150000
kapcsolata	a	0.166667
kapcsolata	az	0.100000
kapcsolatban	a	0.102719
kapcsolatban	hogy	0.066465
kapcsolatban	is	0.051360
kapcsolatban	elmondta	0.048338
kapcsolatban	az	0.033233
kapcsolatban	de	0.033233
kapcsolatban	áll	0.030211
kapcsolatban	úgy	0.024169
kapcsolatban	és	0.021148
kapcsolatban	nem	0.021148
kapcsolatban	azt	0.021148
kapcsolatban	van	0.021148
kapcsolatban	állnak	0.018127
kapcsolatban	pedig	0.018127
kapcsolatban	álló	0.015106
kapcsolatban	még	0.015106
kapcsolatban	állt	0.012085
kapcsolatban	már	0.012085
kapcsolatban	mi	0.009063
kapcsolatban	hívja	0.009063
kapcsolatban	amely	0.009063
kapcsolatban	azonban	0.009063
kapcsolatban	érkezett	0.009063
kapcsolatban	ami	0.009063
kapcsolatban	vannak	0.009063
kapcsolatos	legfontosabb	0.074627
kapcsolatos	információkat	0.044776
kapcsolatos	további	0.044776
kapcsolatos	kérdések	0.044776
kapjon	a	0.333333
kapják	meg	0.545455
kapják	majd	0.121212
kapják	az	0.121212
kapják	a	0.121212
kapnak	a	0.324074
kapnak	az	0.157407
kapnak	és	0.055556
kapnak	majd	0.055556
kapnak	helyet	0.037037
kapott	a	0.238532
kapott	az	0.073394
kapott	egy	0.059633
kapott	és	0.038991
kapott	helyet	0.036697
kapott	ki	0.036697
kapott	lehetőséget	0.018349
kapott	de	0.016055
kapott	így	0.013761
kapott	volna	0.013761
kapott	segítséget	0.009174
kapott	millió	0.009174
kapott	először	0.009174
kapott	még	0.009174
kapott	munkát	0.006881
kapott	meg	0.006881
kapott	ami	0.006881
kapott	érte	0.006881
kaptam	egy	0.200000
kaptam	meg	0.080000
kaptam	az	0.080000
kaptam	el	0.060000
kaptuk	hogy	0.434783
kaptuk	az	0.130435
kaptuk	a	0.130435
kaptunk	a	0.250000
kaptunk	egy	0.184211
kaptunk	választ	0.065789
kaptunk	az	0.039474
kaptunk	ki	0.039474
karácsony	előtt	0.283333
karácsony	a	0.100000
karácsony	első	0.083333
karácsony	előtti	0.050000
karácsony	és	0.050000
karácsony	után	0.050000
karácsonyt	a	0.250000
katasztrófa	miatt	0.187500
kedves	és	0.094340
kedves	volt	0.056604
kedves	a	0.056604
kellene	a	0.149660
kellene	lennie	0.061224
kellene	hogy	0.054422
kellene	egy	0.047619
kellene	tenni	0.034014
kellene	adni	0.034014
kellene	hozni	0.020408
kellene	az	0.020408
kellene	tennie	0.020408
kellene	lenniük	0.020408
kellene	számolni	0.020408
kellett	volna	0.229167
kellett	a	0.097222
kellett	az	0.030093
kellett	hogy	0.023148
kellett	fizetni	0.023148
kellett	ahhoz	0.020833
kellett	várni	0.018519
kellett	hozzá	0.016204
kellett	kórházba	0.013889
kellett	adni	0.011574
kellett	cserélni	0.011574
kellett	venni	0.011574
kellett	állítani	0.011574
kellett	vinni	0.009259
kellett	zárni	0.009259
kellett	jönnöm	0.009259
kellett	sok	0.006944
kellett	lennie	0.006944
kellett	de	0.006944
kellett	menni	0.006944
kellett	többet	0.006944
kellett	őt	0.006944
kellett	emelni	0.006944
kellett	mennie	0.006944
kellett	mondania	0.006944
kellett	ez	0.006944
keresi	a	0.651163
keresi	fel	0.116279
keresi	meg	0.069767
kereskedelmi	és	0.479452
kereskedelmi	forgalom	0.068493
kereskedelmi	szempontból	0.068493
kereskedelmi	szövetség	0.054795
kereskedelmi	hajót	0.041096
keresztül	a	0.125000
keresztül	is	0.083333
keresztül	az	0.062500
keresztül	lehet	0.024306
keresztül	és	0.020833
keresztül	nem	0.017361
keresztül	zajlik	0.017361
keresztül	egy	0.013889
keresztül	havi	0.013889
keresztül	tudják	0.010417
keresztül	már	0.010417
keresztül	jutottak	0.010417
keresztül	próbált	0.010417
keresztül	pedig	0.010417
keresztül	menekült	0.010417
keresztül	történik	0.010417
keresztül	több	0.010417
keresztül	mint	0.010417
kerül	a	0.215613
kerül	sor	0.197026
kerül	az	0.100372
kerül	majd	0.070632
kerül	egy	0.022305
kerül	és	0.018587
kerül	ki	0.018587
kerül	de	0.014870
kerül	tette	0.011152
kerül	fel	0.011152
kerületi	bíróságon	0.277778
kerületi	bíróság	0.222222
került	a	0.221854
került	sor	0.114238
került	az	0.094371
került	be	0.039735
került	fel	0.038079
került	elő	0.034768
került	és	0.026490
került	ki	0.024834
került	egy	0.021523
került	volna	0.018212
került	kórházba	0.014901
került	hogy	0.013245
került	még	0.009934
került	át	0.009934
került	szembe	0.009934
került	nyilvánosságra	0.008278
került	ez	0.008278
került	veszélybe	0.008278
került	ahol	0.008278
került	ami	0.006623
került	vissza	0.006623
került	helyzetbe	0.004967
került	feljebb	0.004967
került	mint	0.004967
került	aki	0.004967
került	már	0.004967
került	amikor	0.004967
került	lejjebb	0.004967
került	bele	0.004967
került	így	0.004967
kerültek	a	0.281250
kerültek	be	0.070312
kerültek	elő	0.070312
kerültek	az	0.046875
kerültek	ki	0.046875
kerültek	fel	0.031250
kerültek	és	0.031250
kerültek	nyilvánosságra	0.023438
kerültek	kórházba	0.023438
kerültek	azok	0.023438
kevesebbet	a	0.142857
kevesebbet	mint	0.142857
kevesebbet	kell	0.081633
kevés	a	0.123188
kevés	volt	0.065217
kevés	az	0.057971
kevés	olyan	0.028986
kevés	idő	0.021739
kevés	hiányzott	0.021739
kevés	nem	0.021739
kevés	esélyt	0.021739
kevés	sikerrel	0.021739
kevés	helyen	0.021739
kevés	lesz	0.021739
kezd	a	0.380952
kezd	majd	0.071429
kezdi	meg	0.351351
kezdi	a	0.189189
kezdi	majd	0.081081
kezdjük	az	0.200000
kezdtek	a	0.254237
kezdtek	el	0.186441
kezdtek	és	0.067797
kezdtek	majd	0.067797
kezdtek	ami	0.050847
kezdtek	hogy	0.050847
kezdtem	el	0.368421
kezdtem	meg	0.157895
kezét	és	0.100000
kezét	de	0.100000
kiesett	a	0.545455
kifelé	az	0.375000
kik	azok	0.142857
kik	a	0.142857
kik	és	0.107143
kik	is	0.071429
kik	lesznek	0.071429
kik	az	0.053571
kik	voltak	0.053571
királyi	család	0.567568
királyi	családban	0.108108
királyi	pár	0.081081
királyság	védelmi	0.161290
királyság	és	0.129032
kisebb	nagyobb	0.117949
kisebb	a	0.087179
kisebb	az	0.051282
kisebb	volt	0.041026
kisebb	lett	0.041026
kisebb	lesz	0.035897
kisebb	mértékben	0.035897
kisebb	mint	0.030769
kisebb	méretű	0.020513
kisebb	része	0.020513
kisebb	eső	0.020513
kisebb	sérülés	0.015385
kisebb	részben	0.015385
kisebb	vagy	0.015385
kisebb	mind	0.015385
kissé	a	0.200000
kivéve	a	0.266667
kivéve	ha	0.233333
klasszikus	zene	0.148148
klub	a	0.138889
klub	és	0.069444
klub	facebook	0.041667
komoly	szakmai	0.033557
komoly	kihívás	0.033557
komoly	anyagi	0.033557
komoly	hatással	0.026846
komoly	veszélyt	0.026846
komoly	társadalmi	0.026846
komoly	baj	0.026846
komoly	problémát	0.026846
komoly	és	0.020134
komoly	fenyegetést	0.020134
komoly	egészségügyi	0.020134
komoly	nyomást	0.020134
komoly	gondot	0.020134
komoly	nemzetközi	0.020134
komoly	szerepet	0.020134
komoly	bajban	0.020134
komoly	gazdasági	0.020134
komoly	sikert	0.020134
kormányzó	a	0.206897
kormányzó	brit	0.103448
kormányzó	szerint	0.103448
korábbi	években	0.101695
korábbi	milliárd	0.062147
korábbi	miniszterelnök	0.039548
korábbi	évek	0.033898
korábbi	nevén	0.022599
korábbi	a	0.016949
korábbi	amerikai	0.016949
korábbi	elnök	0.016949
korábbi	ezer	0.016949
korábbi	adatok	0.016949
korábbi	hírek	0.016949
korábbi	elnöke	0.016949
korábbi	szövetségi	0.016949
korábbi	az	0.016949
korábbi	képen	0.016949
kritikus	állapotban	0.257143
kritikus	a	0.114286
kritikus	hangok	0.085714
kutyát	és	0.250000
kéne	a	0.083333
kéne	már	0.083333
kényelmes	és	0.214286
képe	a	0.200000
képek	a	0.117647
képes	a	0.102941
képes	lesz	0.083333
képes	volt	0.068627
képes	lenne	0.049020
képes	az	0.029412
képes	lehet	0.024510
képes	legyen	0.024510
képes	azt	0.019608
képes	és	0.019608
képes	egy	0.019608
képes	vagyok	0.019608
képes	e	0.014706
képes	arra	0.014706
képes	kezelni	0.014706
képes	még	0.014706
képes	vagy	0.014706
képet	a	0.139535
képet	is	0.104651
képet	fest	0.046512
képet	az	0.034884
képet	mutat	0.034884
képet	ad	0.034884
képet	és	0.034884
kérdés	hogy	0.449568
kérdés	az	0.054755
kérdés	a	0.046110
kérdés	persze	0.023055
kérdés	csak	0.020173
kérdés	ez	0.017291
kérdés	is	0.014409
kérdés	nem	0.011527
kérdés	már	0.011527
kérdés	mit	0.011527
kérdés	vajon	0.011527
kérdés	miért	0.011527
kérdés	ha	0.008646
kérdés	hanem	0.008646
kérdés	hogyan	0.008646
kérdés	hiszen	0.008646
kérdés	volt	0.008646
kérdés	és	0.008646
kérdés	továbbra	0.008646
kérdés	nélkül	0.008646
kérdése	is	0.139535
kérdése	és	0.116279
kérdése	az	0.093023
kérdése	hogy	0.093023
kéri	a	0.464789
kéri	hogy	0.183099
kéri	az	0.112676
kéri	egy	0.042254
kéri	számon	0.042254
kérni	a	0.208333
kérni	hogy	0.166667
kérni	az	0.125000
kért	a	0.311927
kért	az	0.091743
kért	tőle	0.064220
kért	segítséget	0.055046
kért	időt	0.036697
kért	és	0.027523
kért	bocsánatot	0.027523
készít	a	0.217391
készített	a	0.160494
készített	az	0.074074
készített	egy	0.061728
készített	és	0.049383
készített	elő	0.037037
készül	a	0.379032
készül	hogy	0.072581
készül	az	0.064516
készül	el	0.048387
készül	és	0.032258
készül	majd	0.024194
készül	mint	0.024194
készül	egy	0.024194
készülnek	a	0.442308
készülnek	az	0.115385
készülnek	hogy	0.076923
késő	este	0.444444
késő	estére	0.160494
késő	délután	0.160494
késő	esti	0.061728
késő	volt	0.049383
kéz	a	0.500000
kíván	a	0.242424
kíváncsi	vagy	0.122449
kíváncsi	hogy	0.102041
kíváncsi	vagyok	0.102041
kíváncsi	volt	0.081633
kíváncsi	leszek	0.061224
kíváncsi	arra	0.061224
kíváncsi	szemek	0.061224
kívánja	a	0.250000
kómában	van	0.416667
költözött	a	0.257143
költözött	ahol	0.142857
költözött	az	0.085714
költözött	és	0.085714
könyv	a	0.102564
könyv	az	0.076923
környékén	a	0.162162
környékén	már	0.040541
környékén	is	0.040541
környékén	volt	0.040541
körül	a	0.106599
körül	mozog	0.065990
körül	alakul	0.060914
körül	egy	0.045685
körül	az	0.040609
körül	forog	0.035533
körül	van	0.030457
körül	történt	0.025381
körül	volt	0.025381
körül	ami	0.025381
körül	alakult	0.020305
körül	érkezett	0.020305
körül	vagy	0.015228
körül	várható	0.015228
körülbelül	ezer	0.111940
körülbelül	milliárd	0.097015
körülbelül	millió	0.082090
körülbelül	a	0.067164
körülbelül	egy	0.059701
körülbelül	három	0.037313
körülbelül	két	0.037313
körülbelül	ember	0.029851
körülbelül	méter	0.029851
körülbelül	tíz	0.022388
körülmények	között	0.788462
körülmények	közt	0.025641
körülmények	ellenére	0.019231
körülmények	miatt	0.019231
köszönöm	szépen	0.166667
köszönöm	a	0.166667
köszönöm	hogy	0.166667
köt	a	0.300000
kötött	a	0.240506
kötött	ki	0.126582
kötött	az	0.088608
kötött	szerződést	0.037975
kötött	és	0.037975
követ	majd	0.200000
követett	el	0.676471
követnek	el	0.555556
követtek	el	0.888889
közelebb	a	0.118644
közelebb	áll	0.067797
közelebb	kerülni	0.067797
közelebb	kerül	0.067797
közelebb	kerültek	0.050847
közelebb	hozni	0.050847
közeledik	a	0.692308
közelről	a	0.400000
közlekedési	miniszter	0.216495
közlekedési	minisztérium	0.175258
közlekedési	központ	0.103093
közlekedési	baleset	0.082474
közlekedési	és	0.061856
közlekedési	társaság	0.051546
közlekedési	vállalat	0.051546
közlekedési	szabályt	0.041237
közlekedési	szabályokat	0.030928
központ	és	0.097561
központ	szerint	0.073171
központ	is	0.048780
központ	a	0.048780
központ	vezetője	0.048780
központ	által	0.036585
központ	nem	0.036585
központ	között	0.036585
köztük	a	0.340517
köztük	az	0.103448
köztük	egy	0.094828
köztük	két	0.025862
köztük	van	0.021552
köztük	gyermek	0.021552
köztük	több	0.017241
köztük	három	0.012931
köztük	olyan	0.012931
köztük	gyerek	0.012931
köztük	és	0.012931
köztük	is	0.012931
köztük	hat	0.012931
köztük	volt	0.012931
köztük	nők	0.012931
közül	a	0.221154
közül	az	0.084615
közül	fő	0.044231
közül	többen	0.040385
közül	sokan	0.030769
közül	csak	0.026923
közül	is	0.026923
közül	pedig	0.025000
közül	ketten	0.019231
közül	egy	0.011538
közül	és	0.011538
közül	kettő	0.009615
közül	néhányan	0.009615
közül	legalább	0.009615
közül	több	0.009615
közül	három	0.009615
közül	szinte	0.009615
közül	mindössze	0.007692
közül	hármat	0.007692
közül	négyen	0.007692
közül	akik	0.007692
közül	en	0.007692
közül	de	0.007692
közül	néhányat	0.007692
közül	most	0.007692
közül	ugyanakkor	0.005769
közül	ez	0.005769
közül	néhány	0.005769
közül	egyébként	0.005769
közül	valaki	0.005769
közül	még	0.005769
közül	két	0.005769
közül	végül	0.005769
közül	öt	0.005769
közül	et	0.005769
közül	már	0.005769
közül	hét	0.005769
közül	kettőt	0.005769
közül	nem	0.005769
közül	ki	0.005769
küldeni	a	0.300000
küldeni	és	0.150000
küldte	el	0.227273
küldte	az	0.181818
küldte	pályára	0.136364
küldtek	a	0.217391
küldtek	be	0.130435
küldtek	el	0.130435
küldték	el	0.266667
küldött	a	0.237288
küldött	el	0.067797
küldött	az	0.067797
külföldi	és	0.075758
külföldi	vendégek	0.060606
külföldi	diák	0.045455
különbséget	a	0.272727
különbséget	tenni	0.121212
különböző	típusú	0.089552
különböző	szintű	0.059701
különböző	színű	0.044776
küzdelem	után	0.171429
küzdelem	és	0.085714
küzdeni	kell	0.210526
küzdeni	érte	0.157895
lakik	a	0.235294
lakott	területen	0.190476
lakott	a	0.142857
lassan	már	0.092593
lassan	de	0.064815
lassan	egy	0.055556
lassan	tíz	0.037037
lassan	éve	0.037037
lassan	mindenki	0.037037
lassan	két	0.027778
leesett	a	0.500000
leesett	az	0.214286
lefelé	a	0.250000
legjobb	ha	0.047847
legjobb	magyar	0.038278
legjobb	négy	0.038278
legjobb	a	0.038278
legjobb	esetben	0.033493
legjobb	nyolc	0.028708
legjobb	módja	0.028708
legjobb	közé	0.023923
legjobb	időt	0.019139
legjobb	női	0.019139
legjobb	száz	0.019139
legjobb	helyen	0.014354
legjobb	barátját	0.014354
legjobb	eredményt	0.014354
legjobb	az	0.014354
legjobb	barátja	0.014354
legjobb	és	0.014354
legjobb	megoldás	0.014354
legjobb	karácsonyi	0.014354
legjobb	döntése	0.014354
legkevésbé	sem	0.500000
legkevésbé	a	0.200000
legkisebb	a	0.166667
legyek	a	0.230769
legyél	te	0.272727
legyőzni	az	0.272727
lehetünk	a	0.161290
lehetünk	hogy	0.129032
lehetünk	abban	0.129032
lehetőséget	ad	0.126582
lehetőséget	a	0.113924
lehetőséget	hogy	0.082278
lehetőséget	kapott	0.063291
lehetőséget	is	0.056962
lehetőséget	adott	0.050633
lehetőséget	és	0.044304
lehetőséget	az	0.031646
lehetőséget	kell	0.031646
lehetőséget	jelent	0.031646
lehetőséget	arra	0.031646
lehetőséget	adnak	0.031646
lehetőséget	kaptak	0.018987
lehetőséget	sem	0.018987
lelőtte	a	0.500000
lennének	a	0.153846
lesznek	a	0.261364
lesznek	az	0.107955
lesznek	e	0.034091
lesznek	majd	0.028409
lesznek	és	0.028409
lesznek	olyan	0.028409
lesznek	ha	0.022727
lesznek	de	0.022727
lesznek	olyanok	0.022727
lesznek	akik	0.017045
lesznek	ott	0.017045
lesznek	képesek	0.017045
lesznek	jó	0.017045
lesznek	jelen	0.017045
lesznek	is	0.017045
lesznek	még	0.017045
leszámítva	nem	0.190476
leszámítva	a	0.142857
leszünk	az	0.148148
leszünk	hogy	0.111111
leszünk	a	0.111111
letartóztatták	a	0.500000
levegő	a	0.181818
lisa	marie	0.714286
listán	a	0.166667
londonban	él	0.157895
lopta	el	0.800000
lány	a	0.080645
lány	aki	0.040323
lány	az	0.032258
lány	és	0.032258
lány	nem	0.032258
lány	egy	0.032258
lány	meghalt	0.024194
lánya	és	0.127273
lánya	a	0.109091
lányát	aki	0.214286
lányát	a	0.214286
látjuk	hogy	0.360656
látjuk	a	0.163934
látjuk	az	0.049180
látott	el	0.109091
látott	a	0.109091
látott	szintre	0.090909
látott	és	0.072727
látott	mértékben	0.072727
látott	az	0.054545
láttak	el	0.225000
láttak	a	0.200000
láttam	hogy	0.266667
láttam	a	0.233333
láttam	az	0.066667
láttam	csak	0.050000
látunk	a	0.178571
látvány	a	0.120000
látvány	volt	0.120000
légi	és	0.137931
légi	eszközt	0.137931
légi	közlekedési	0.103448
légi	úton	0.103448
lélek	a	0.166667
lélek	és	0.166667
lényege	hogy	0.693878
lényege	az	0.122449
lényege	a	0.081633
lépés	a	0.172414
lépés	az	0.149425
lépés	volt	0.103448
lépés	hogy	0.034483
lépés	nem	0.034483
lövöldözés	történt	0.285714
lőtte	a	0.333333
lőtte	le	0.166667
lőtte	magát	0.125000
lőttek	ki	0.352941
lőttek	le	0.264706
lőttek	a	0.088235
madarak	a	0.176471
maga	a	0.232044
maga	is	0.176796
maga	az	0.082873
maga	után	0.058011
maga	mögött	0.049724
maga	sem	0.024862
maga	elé	0.019337
maga	számára	0.016575
maga	részéről	0.016575
maga	által	0.013812
maga	köré	0.013812
maga	mellé	0.011050
maga	módján	0.011050
maga	alá	0.008287
maga	mögé	0.008287
maga	korában	0.008287
maga	életét	0.008287
magad	is	0.214286
magam	is	0.100000
magam	a	0.100000
magam	és	0.090000
magam	hogy	0.040000
magam	sem	0.030000
magukra	a	0.250000
magunk	is	0.166667
magunk	vagyunk	0.133333
magunknak	a	0.230769
magyar	kormány	0.113946
magyar	nemzeti	0.068878
magyar	nemzet	0.050170
magyar	és	0.033163
magyar	miniszterelnök	0.028912
magyar	emberek	0.028061
magyar	állam	0.026361
magyar	csapat	0.023810
magyar	férfi	0.016156
magyar	orvosi	0.014456
magyar	állami	0.013605
magyar	idő	0.012755
magyar	társadalom	0.012755
magyar	történelem	0.011054
magyar	kormányt	0.011054
magyar	női	0.010204
magyar	közösség	0.009354
magyar	kereskedelmi	0.008503
magyar	bajnok	0.008503
magyar	szövetség	0.008503
magyar	tudományos	0.008503
magyar	játékos	0.007653
magyar	nép	0.007653
magyar	katolikus	0.007653
magyar	a	0.007653
magyar	zene	0.006803
magyar	nyelv	0.006803
magyar	bírósági	0.006803
magyar	hadsereg	0.005952
magyar	falu	0.005952
magyar	országos	0.005952
magyar	művészeti	0.005952
magyar	tudomány	0.005952
magyar	határon	0.005102
magyar	rendőrség	0.005102
magyar	ember	0.005102
magyar	jövő	0.005102
magyar	királyi	0.005102
magyar	párt	0.005102
magyar	határ	0.005102
magyarázza	hogy	0.200000
magyarázza	a	0.200000
magával	a	0.216667
magával	vitte	0.150000
magával	is	0.083333
magával	az	0.050000
maradjon	a	0.148148
maradjon	és	0.111111
maradjon	le	0.111111
megesik	hogy	0.500000
megfigyelés	alatt	0.800000
meggyőzni	a	0.416667
meggyőzni	az	0.250000
megint	csak	0.125000
megint	egy	0.093750
megint	a	0.062500
megint	más	0.062500
megint	nem	0.046875
megint	mások	0.046875
megismerni	a	0.428571
meglepett	a	0.250000
meglepetés	a	0.120000
meglepetés	hogy	0.120000
meglátjuk	hogy	0.384615
meglátjuk	mi	0.230769
megnézni	a	0.384615
megnézni	az	0.115385
megoldást	a	0.202703
megoldást	kell	0.054054
megoldást	találni	0.040541
megoldást	is	0.040541
megoldást	az	0.040541
megszületett	a	0.611111
megszületett	az	0.138889
megsérült	a	0.177778
megsérült	az	0.133333
megsérült	hogy	0.111111
megsérült	miután	0.111111
megtaláljuk	a	0.500000
megtaláljuk	az	0.375000
megtalálta	a	0.648649
megtalálta	az	0.108108
megtalálták	a	0.576923
megtartani	a	0.533333
megtartani	az	0.200000
megtenni	hogy	0.133333
megtenni	mert	0.100000
megteszi	a	0.750000
megtudjuk	hogy	0.300000
megtudni	a	0.352941
megtörténik	a	0.388889
megtörténik	az	0.166667
megvolt	a	0.480000
megvolt	az	0.240000
megváltozik	az	0.375000
megváltozik	a	0.187500
megváltozott	a	0.410256
megváltozott	az	0.128205
megállni	hogy	0.272727
megéri	a	0.176471
megérkezett	a	0.600000
megérkezett	az	0.177778
megígérte	hogy	0.538462
megölt	egy	0.384615
mehet	a	0.230769
mehet	el	0.115385
mehet	az	0.115385
mehet	be	0.115385
meleg	víz	0.100000
meleg	ételt	0.085714
meleg	és	0.085714
meleg	idő	0.057143
meleg	nyári	0.057143
meleg	a	0.042857
meleg	étel	0.042857
meleg	miatt	0.042857
menni	a	0.220339
menni	az	0.118644
menni	és	0.067797
menni	hogy	0.067797
menni	de	0.050847
mennyiségű	fegyvert	0.153846
mennyiségű	és	0.115385
mese	a	0.357143
mielőtt	a	0.233766
mielőtt	az	0.116883
mielőtt	még	0.064935
mielőtt	azonban	0.051948
mielőtt	azok	0.038961
mielőtt	bármilyen	0.038961
milliárd	dolláros	0.226804
milliárd	dollár	0.221649
milliárd	dollárt	0.144330
milliárd	dollárral	0.077320
milliárd	millió	0.036082
milliárd	dollárért	0.025773
milliárd	volt	0.025773
milliárd	után	0.020619
milliárd	helyett	0.015464
milliárd	a	0.015464
milliót	kell	0.153846
milliót	kellett	0.153846
milliót	a	0.115385
milyen	az	0.038929
milyen	a	0.038929
milyen	jó	0.031630
milyen	érzés	0.029197
milyen	hatással	0.026764
milyen	lesz	0.024331
milyen	körülmények	0.021898
milyen	módon	0.021898
milyen	volt	0.021898
milyen	nagy	0.019465
milyen	is	0.019465
milyen	szerepet	0.017032
milyen	jól	0.017032
milyen	fontos	0.017032
milyen	gyakran	0.014599
milyen	áron	0.014599
milyen	mértékben	0.014599
milyen	nehéz	0.014599
milyen	irányba	0.014599
milyen	formában	0.014599
milyen	szinten	0.012165
milyen	lehet	0.012165
milyen	típusú	0.009732
milyen	gyorsan	0.009732
milyen	állapotban	0.009732
milyen	szép	0.009732
milyen	sokat	0.007299
milyen	kérdések	0.007299
milyen	hatalmas	0.007299
milyen	ember	0.007299
milyen	szerződést	0.007299
milyen	magas	0.007299
milyen	sok	0.007299
milyen	kapcsolatban	0.007299
mindannyiunk	számára	0.400000
mindenhol	a	0.097561
mindenhol	az	0.073171
mindent	meg	0.117347
mindent	a	0.071429
mindent	megtenni	0.045918
mindent	ami	0.040816
mindent	egy	0.035714
mindent	megteszek	0.030612
mindent	amit	0.025510
mindent	és	0.025510
mindent	az	0.025510
mindent	elkövetett	0.020408
mindent	szabad	0.020408
mindent	megteszünk	0.020408
mindent	de	0.015306
mindent	rendben	0.015306
mindent	annak	0.015306
mindenütt	van	0.157895
mindketten	a	0.130435
mindketten	nagyon	0.065217
mindketten	az	0.065217
miniszterelnök	a	0.124183
miniszterelnök	helyettes	0.081699
miniszterelnök	és	0.049020
miniszterelnök	szerint	0.049020
miniszterelnök	az	0.042484
miniszterelnök	is	0.042484
miniszterelnök	azt	0.026144
miniszterelnök	jelölt	0.022876
miniszterelnök	úgy	0.022876
miniszterelnök	politikai	0.019608
miniszterelnök	által	0.016340
miniszterelnök	kedden	0.016340
miniszterelnök	pedig	0.016340
miniszterelnök	vasárnap	0.016340
miniszterelnök	aki	0.013072
miniszterelnök	elmondta	0.013072
miniszterelnök	nem	0.013072
miniszterelnök	hogy	0.013072
miniszterelnök	csütörtökön	0.013072
miniszterelnök	felesége	0.009804
miniszterelnök	arról	0.009804
miniszterelnök	b	0.009804
miniszterelnök	hétfőn	0.009804
miniszterelnök	majd	0.009804
miniszterelnök	j	0.009804
minisztérium	a	0.101266
minisztérium	az	0.082278
minisztérium	szerint	0.069620
minisztérium	és	0.063291
minisztérium	által	0.056962
minisztérium	kim	0.044304
minisztérium	azt	0.031646
minisztérium	em	0.031646
minisztérium	nem	0.031646
minisztérium	arról	0.018987
minisztérium	is	0.018987
minisztérium	kedden	0.018987
minthogy	a	0.300000
minthogy	nem	0.150000
miről	írt	0.208333
miről	szól	0.166667
miről	is	0.125000
miről	van	0.125000
miért	nem	0.226700
miért	is	0.042821
miért	van	0.037783
miért	pont	0.030227
miért	kellett	0.027708
miért	kell	0.027708
miért	éppen	0.025189
miért	fontos	0.022670
miért	ne	0.022670
miért	a	0.017632
miért	és	0.015113
miért	de	0.015113
miért	nincs	0.012594
miért	történt	0.012594
miért	kellene	0.012594
miért	kéne	0.012594
miért	olyan	0.010076
miért	csak	0.010076
miért	lenne	0.010076
miért	érdemes	0.010076
miért	volt	0.010076
miért	ilyen	0.010076
miért	döntött	0.010076
miért	az	0.010076
miért	épp	0.007557
miért	tesz	0.007557
miért	ez	0.007557
miért	hagyta	0.007557
mobil	és	0.375000
mobil	a	0.375000
mondaná	hogy	0.500000
mondhatom	hogy	0.578947
mondhatom	azt	0.210526
mondjuk	a	0.207317
mondjuk	egy	0.182927
mondjuk	hogy	0.109756
mondjuk	az	0.060976
mondjuk	ez	0.036585
mondjuk	azt	0.036585
most	a	0.101410
most	is	0.094902
most	már	0.091649
most	pedig	0.037961
most	az	0.036876
most	egy	0.032538
most	azonban	0.030369
most	nem	0.022777
most	sem	0.020607
most	viszont	0.017354
most	úgy	0.015184
most	éppen	0.012473
most	még	0.012473
most	hogy	0.011388
most	azt	0.008677
most	először	0.008134
most	meg	0.006508
most	csak	0.006508
most	újabb	0.006508
most	mégis	0.005965
most	kiderült	0.005965
most	nagyon	0.005423
most	ez	0.004881
most	itt	0.004881
most	akkor	0.004881
most	újra	0.004338
most	van	0.004338
most	és	0.004338
most	érdemes	0.004338
most	végre	0.004338
most	minden	0.003796
most	szombaton	0.003796
most	olyan	0.003254
most	ismét	0.003254
most	több	0.003254
most	új	0.003254
most	épp	0.003254
most	jött	0.003254
most	jó	0.003254
most	ezt	0.003254
mostantól	a	0.159091
mostantól	az	0.136364
mostantól	csak	0.068182
mostantól	már	0.068182
mostantól	nem	0.068182
mozog	a	0.157895
mozogni	és	0.300000
munkája	során	0.134615
munkája	a	0.096154
munkája	miatt	0.076923
munkája	és	0.057692
munkáját	is	0.128571
munkáját	és	0.100000
munkáját	a	0.071429
munkáját	hogy	0.042857
május	én	0.410596
május	elején	0.086093
május	végén	0.079470
május	i	0.059603
május	és	0.046358
május	végéig	0.039735
május	óta	0.039735
május	e	0.033113
május	második	0.026490
május	első	0.026490
május	közepén	0.026490
május	a	0.019868
május	ra	0.019868
máris	a	0.071429
mármint	a	0.333333
más	a	0.073814
más	mint	0.068541
más	kérdés	0.052724
más	nem	0.038664
más	volt	0.029877
más	és	0.021090
más	más	0.021090
más	az	0.019332
más	választása	0.019332
más	európai	0.019332
más	hasonló	0.017575
más	is	0.017575
más	néven	0.017575
más	módon	0.014060
más	lesz	0.014060
más	mellett	0.008787
más	nemzetközi	0.008787
más	dolog	0.008787
más	dolga	0.007030
más	magyar	0.007030
más	esetben	0.007030
más	típusú	0.007030
más	ez	0.007030
más	megoldás	0.007030
más	államok	0.005272
más	lehetőség	0.005272
más	csak	0.005272
más	megoldást	0.005272
más	lenne	0.005272
más	olyan	0.005272
más	részében	0.005272
más	közösségi	0.005272
más	bűncselekmény	0.005272
más	jó	0.005272
más	minthogy	0.005272
más	országban	0.005272
más	lehetőséget	0.005272
más	területen	0.005272
más	helyeken	0.005272
más	egészségügyi	0.005272
másfél	éve	0.136054
másfél	év	0.095238
másfél	millió	0.095238
másfél	éves	0.068027
másfél	évvel	0.054422
másfél	évben	0.047619
másfél	óra	0.040816
másfél	hete	0.034014
másfél	évig	0.034014
másfél	hónappal	0.027211
másfél	hónap	0.027211
másfél	milliárd	0.027211
másfél	hét	0.027211
másfél	perc	0.020408
másfél	órás	0.020408
másfél	két	0.020408
másfél	óráig	0.020408
másként	kell	0.150000
másnap	reggel	0.169811
másnap	délelőtt	0.075472
másnap	már	0.075472
másnap	a	0.075472
másodperc	alatt	0.620690
mások	mellett	0.108333
mások	is	0.091667
mások	szerint	0.091667
mások	a	0.083333
mások	pedig	0.058333
mások	számára	0.033333
mások	az	0.033333
mások	vagyunk	0.025000
mások	mint	0.025000
mások	nem	0.025000
másra	nem	0.307692
még	a	0.123526
még	nem	0.115582
még	mindig	0.093029
még	az	0.048949
még	egy	0.047668
még	csak	0.031779
még	több	0.015889
még	akkor	0.015120
még	nincs	0.011789
még	nagyobb	0.011533
még	inkább	0.011276
még	így	0.010764
még	ha	0.010251
még	azt	0.010251
még	ben	0.008970
még	most	0.008457
még	ban	0.007176
még	két	0.006920
még	jobban	0.006920
még	soha	0.006663
még	ennél	0.006407
még	sosem	0.006407
még	ma	0.006151
még	egyszer	0.005894
még	tavaly	0.005638
még	ebben	0.005382
még	tovább	0.005126
még	sok	0.004869
még	néhány	0.004869
még	jó	0.004869
még	idén	0.004613
még	meg	0.004613
még	van	0.004357
még	hogy	0.004100
még	nagyon	0.003844
még	többet	0.003588
még	ki	0.003075
még	úgy	0.002819
még	aznap	0.002819
még	el	0.002819
mértékben	a	0.202128
mértékben	az	0.180851
mértékben	nőtt	0.074468
mértékben	mint	0.031915
mértékben	támogatja	0.031915
mértékben	esett	0.031915
mód	is	0.129032
mód	a	0.129032
módját	annak	0.200000
módját	és	0.150000
módját	hogy	0.150000
mögé	egy	0.096774
mögé	a	0.096774
művelt	a	0.333333
n	és	0.109890
n	is	0.087912
n	a	0.087912
n	kívüli	0.065934
n	belül	0.054945
n	már	0.043956
na	de	0.269841
na	meg	0.063492
na	és	0.063492
na	nem	0.047619
na	most	0.047619
nagykövet	a	0.285714
nagyon	sok	0.074292
nagyon	fontos	0.058373
nagyon	jó	0.051887
nagyon	nehéz	0.043042
nagyon	jól	0.037736
nagyon	nagy	0.025354
nagyon	sokat	0.023585
nagyon	sokan	0.018868
nagyon	erős	0.018278
nagyon	is	0.015920
nagyon	gyorsan	0.015330
nagyon	boldog	0.011792
nagyon	örülök	0.010613
nagyon	kevés	0.010024
nagyon	büszke	0.010024
nagyon	komoly	0.009434
nagyon	nagyon	0.008844
nagyon	nem	0.008255
nagyon	szép	0.008255
nagyon	rossz	0.007665
nagyon	nehezen	0.007665
nagyon	hálás	0.007075
nagyon	magas	0.007075
nagyon	érdekes	0.007075
nagyon	szépen	0.006486
nagyon	közel	0.006486
nagyon	kedves	0.006486
nagyon	úgy	0.006486
nagyon	népszerű	0.005896
nagyon	szereti	0.005896
nagyon	messze	0.005896
nagyon	ritkán	0.005896
nagyon	jelentős	0.005896
nagyon	várta	0.005307
nagyon	várom	0.005307
nagyon	tetszett	0.005307
nagyon	komolyan	0.005307
nagyon	hamar	0.004717
nagyon	rövid	0.004717
nagyon	alacsony	0.004717
nagyot	esett	0.232558
nagyot	nőtt	0.069767
napi	szinten	0.174419
napi	millió	0.104651
napi	ezer	0.069767
napi	egy	0.069767
napi	két	0.046512
napi	kapcsolatban	0.034884
napján	a	0.168421
napján	is	0.063158
napján	az	0.052632
napján	április	0.031579
napján	és	0.031579
napján	június	0.031579
napján	még	0.031579
napot	töltött	0.075758
napot	a	0.075758
napot	is	0.060606
napot	tölt	0.045455
negyed	közepén	0.100000
neked	az	0.107143
neked	a	0.107143
nekik	a	0.146739
nekik	hogy	0.114130
nekik	is	0.086957
nekik	az	0.048913
nekik	egy	0.038043
nekik	kell	0.027174
nekik	járó	0.021739
nekik	ez	0.021739
nekik	ha	0.016304
nekik	mi	0.016304
nemi	erőszak	0.625000
nemzeti	bank	0.262032
nemzeti	park	0.213904
nemzeti	sport	0.064171
nemzeti	párt	0.048128
nemzeti	színű	0.042781
nemzeti	védelmi	0.042781
nemzeti	csapat	0.037433
nemzeti	média	0.037433
nemzeti	és	0.032086
nemzeti	nyomozó	0.026738
nemzeti	egység	0.016043
nemzeti	kormány	0.016043
nemzeti	parkban	0.016043
nevét	is	0.140625
nevét	a	0.125000
nevét	és	0.109375
nevét	viseli	0.078125
nevét	akik	0.046875
nevét	az	0.046875
nevét	egy	0.046875
nincsenek	a	0.074074
nincsenek	egyedül	0.061728
nincsenek	benne	0.049383
nincsenek	olyan	0.037037
nincsenek	meg	0.037037
no	meg	0.333333
no	és	0.111111
no	de	0.111111
no	nem	0.083333
nukleáris	fegyverek	0.218750
nukleáris	fegyvereket	0.156250
nyilvánvalóan	nem	0.263158
nyilvánvalóan	az	0.157895
nyilvánvalóan	a	0.157895
nyomozó	iroda	0.461538
nyugodt	a	0.166667
nyáron	a	0.183824
nyáron	is	0.088235
nyáron	az	0.051471
nyáron	már	0.029412
nyáron	új	0.022059
nyáron	még	0.022059
nyáron	több	0.022059
nyíltan	és	0.200000
nyíltan	beszélt	0.200000
nyíltan	a	0.160000
nálam	ez	0.115385
nélküli	első	0.058824
nélküli	a	0.058824
német	és	0.148649
német	szövetségi	0.101351
német	kormány	0.060811
német	magyar	0.040541
német	a	0.033784
német	rendőrség	0.027027
német	hadsereg	0.027027
német	lap	0.027027
német	francia	0.020270
német	az	0.020270
néni	a	0.178571
nézve	a	0.120000
nézve	is	0.080000
nézve	hogy	0.080000
nézze	meg	0.761905
nézze	csak	0.190476
női	és	0.244898
női	magyar	0.061224
női	nem	0.061224
nők	és	0.188889
nők	számára	0.088889
nők	akik	0.044444
nők	pedig	0.044444
nők	az	0.044444
nők	is	0.044444
nők	elleni	0.033333
nők	a	0.033333
nők	által	0.033333
nőnek	a	0.170732
nőnek	az	0.097561
nőnek	is	0.073171
nőnek	aki	0.073171
of	the	0.692308
of	p	0.128205
ok	nélkül	0.122807
ok	a	0.122807
ok	az	0.122807
ok	miatt	0.087719
ok	hogy	0.070175
oka	hogy	0.306011
oka	annak	0.120219
oka	az	0.092896
oka	a	0.081967
oka	van	0.071038
oka	is	0.065574
oka	lehet	0.054645
oka	nem	0.027322
oka	pedig	0.021858
okozni	a	0.315789
olyan	mint	0.030483
olyan	is	0.028789
olyan	nagy	0.018628
olyan	mintha	0.018628
olyan	súlyos	0.015241
olyan	ember	0.015241
olyan	hogy	0.014395
olyan	volt	0.013548
olyan	jó	0.012701
olyan	erős	0.011008
olyan	sok	0.008467
olyan	a	0.008467
olyan	ország	0.008467
olyan	gyorsan	0.008467
olyan	mértékben	0.007621
olyan	jól	0.007621
olyan	eset	0.007621
olyan	cég	0.006774
olyan	időszak	0.006774
olyan	személy	0.006774
olyan	dolog	0.005927
olyan	fontos	0.005927
olyan	nem	0.005927
olyan	súlyosan	0.005080
olyan	magyar	0.005080
olyan	új	0.005080
olyan	világban	0.005080
olyan	amilyen	0.005080
olyan	régen	0.005080
olyan	hely	0.004234
olyan	szép	0.004234
olyan	helyre	0.004234
olyan	érzés	0.004234
olyan	ez	0.004234
olyan	emberek	0.004234
olyan	hosszú	0.004234
olyan	játékos	0.004234
olyan	adatokat	0.004234
olyan	rossz	0.004234
olyan	terület	0.004234
olyat	hogy	0.130435
orvos	és	0.184615
orvos	nem	0.061538
orvos	a	0.046154
orvos	azt	0.046154
orvosi	vizsgálat	0.178571
orvosi	és	0.142857
orvosi	segítséget	0.107143
orvost	a	0.250000
osztály	a	0.153846
ott	van	0.102362
ott	a	0.073491
ott	volt	0.062992
ott	is	0.056430
ott	lesz	0.026247
ott	vannak	0.024934
ott	az	0.023622
ott	élő	0.022310
ott	ahol	0.020997
ott	tartunk	0.014436
ott	voltak	0.013123
ott	hogy	0.011811
ott	már	0.011811
ott	egy	0.010499
ott	lévő	0.010499
ott	nem	0.009186
ott	még	0.009186
ott	sem	0.009186
ott	lehet	0.007874
ott	vagyunk	0.007874
ott	dolgozó	0.007874
ott	marad	0.007874
ott	lenni	0.006562
ott	viszont	0.006562
ott	vagyok	0.006562
ott	leszünk	0.006562
ott	és	0.006562
ott	áll	0.005249
ott	lehetnek	0.005249
ott	él	0.005249
ott	töltött	0.005249
ott	mert	0.005249
ott	minden	0.005249
ott	ült	0.005249
ott	ültem	0.005249
ott	állt	0.003937
ott	lehetett	0.003937
ott	legyen	0.003937
ott	állnak	0.003937
ott	álltam	0.003937
otthont	a	0.432432
parti	őrség	0.434783
parti	városban	0.347826
partner	amely	0.187500
pillanat	amikor	0.204082
pillanat	alatt	0.183673
pillanat	hogy	0.081633
pillanat	az	0.061224
pillanatra	sem	0.263158
pont	a	0.139831
pont	az	0.063559
pont	nélkül	0.050847
pont	úgy	0.029661
pont	jár	0.025424
pont	egy	0.025424
pont	amikor	0.025424
pont	akkor	0.021186
pont	hogy	0.021186
pont	fordítva	0.016949
pont	azt	0.016949
pont	volt	0.016949
pont	is	0.016949
pont	tegnap	0.012712
pont	ilyen	0.012712
pont	azért	0.012712
pont	ezért	0.012712
pont	nem	0.012712
pont	olyan	0.012712
pont	ez	0.012712
pont	ezt	0.012712
pontosabban	az	0.176471
pontosabban	a	0.147059
pontosabban	nem	0.088235
pontosan	mi	0.058824
pontosan	mit	0.050420
pontosan	a	0.046218
pontosan	milyen	0.046218
pontosan	egy	0.037815
pontosan	tudja	0.037815
pontosan	úgy	0.029412
pontosan	hol	0.029412
pontosan	hogyan	0.029412
pontosan	és	0.025210
pontosan	tudta	0.025210
pontosan	hogy	0.025210
pontosan	olyan	0.025210
pontosan	az	0.021008
pontosan	mikor	0.021008
pontosan	ez	0.016807
pontosan	nem	0.016807
pontosan	azt	0.016807
pontosan	mennyi	0.012605
pontosan	miért	0.012605
pontosan	kik	0.012605
pontosan	melyik	0.012605
pontosan	be	0.012605
pontosan	tudom	0.012605
pontosan	ugyanaz	0.012605
pontosan	tudják	0.012605
probléma	hogy	0.124031
probléma	a	0.108527
probléma	az	0.085271
probléma	de	0.038760
probléma	nem	0.038760
probléma	van	0.038760
probléma	is	0.023256
probléma	volt	0.023256
probléma	ha	0.023256
probléma	és	0.023256
probléma	hiszen	0.023256
problémái	a	0.272727
producer	és	0.230769
professzor	szerint	0.176471
professzor	a	0.176471
profi	módon	0.200000
programot	a	0.160714
programot	is	0.125000
programot	és	0.089286
programot	az	0.053571
próbálkozás	a	0.375000
próbálni	a	0.300000
pusztán	a	0.243243
pusztán	az	0.216216
pusztán	egy	0.081081
pusztán	azért	0.081081
pályán	a	0.128000
pályán	volt	0.048000
pályán	az	0.040000
pályán	és	0.040000
pályán	van	0.040000
pályán	ra	0.032000
pályán	kívül	0.032000
pályán	marad	0.024000
pályán	egy	0.024000
pályára	a	0.291667
pályára	az	0.114583
pályára	lép	0.083333
pályára	és	0.083333
pályára	lépett	0.052083
pályára	lépni	0.031250
példa	a	0.187500
példa	hogy	0.162500
példa	nélküli	0.100000
példa	arra	0.075000
példa	az	0.062500
példa	erre	0.037500
példát	is	0.137931
példát	mutatni	0.103448
pénze	van	0.200000
pénzét	a	0.357143
pénzét	és	0.214286
rajtam	kívül	0.250000
rakéta	és	0.419355
reagál	a	0.400000
remek	formában	0.121951
remek	választás	0.073171
remek	a	0.073171
remek	az	0.073171
remélem	hogy	0.282051
remélem	a	0.153846
remélem	nem	0.051282
remélem	ez	0.038462
remélem	sikerül	0.038462
reméltem	hogy	1.000000
rend	az	0.181818
rend	szerint	0.151515
rend	van	0.090909
rend	a	0.090909
rendkívül	fontos	0.080925
rendkívül	magas	0.052023
rendkívül	súlyos	0.046243
rendkívül	jó	0.046243
rendkívül	népszerű	0.040462
rendkívül	veszélyes	0.034682
rendkívül	sok	0.028902
rendkívül	nehéz	0.028902
rendkívül	alacsony	0.028902
rendkívül	ritka	0.023121
rendkívül	nagy	0.023121
rendkívül	jól	0.023121
rendkívül	gazdag	0.017341
rendkívül	szigorú	0.017341
rendkívül	bonyolult	0.017341
rendkívül	egyszerű	0.017341
rendkívül	büszke	0.017341
rendszer	a	0.105960
rendszer	is	0.046358
rendszer	az	0.046358
rendszer	működik	0.039735
rendszer	ami	0.026490
rendszer	és	0.026490
rendszer	valamint	0.026490
rendszer	amely	0.026490
rendszer	emellett	0.019868
rendszer	nem	0.019868
rendszer	már	0.019868
rengeteg	a	0.053254
rengeteg	olyan	0.041420
rengeteg	pénzt	0.041420
rengeteg	munka	0.029586
rengeteg	új	0.023669
rengeteg	pénzzel	0.023669
rengeteg	munkát	0.023669
rengeteg	emlék	0.017751
rengeteg	ember	0.017751
rengeteg	minden	0.017751
rengeteg	dolgot	0.017751
rengeteg	külföldi	0.017751
rengeteg	időt	0.017751
robert	de	0.363636
rosszabb	esetben	0.109091
rosszabb	a	0.109091
rosszabb	mint	0.090909
rosszabb	helyzetben	0.090909
rosszabb	lesz	0.054545
rá	a	0.210421
rá	hogy	0.170341
rá	az	0.074148
rá	egy	0.030060
rá	is	0.024048
rá	és	0.024048
rá	de	0.020040
rá	esély	0.010020
rá	kell	0.010020
rá	mert	0.010020
rá	van	0.010020
rá	szükség	0.010020
rá	lehet	0.008016
rá	ezért	0.008016
rá	sem	0.008016
rá	hogyan	0.006012
rá	nem	0.006012
rá	elég	0.006012
rá	arra	0.006012
rá	mivel	0.006012
rá	két	0.006012
rá	aki	0.006012
rá	így	0.006012
rá	hiszen	0.006012
rá	ha	0.006012
rájuk	a	0.096774
rájuk	is	0.080645
rájuk	az	0.064516
rájuk	mert	0.048387
rák	egy	0.210526
régi	és	0.063158
régi	típusú	0.042105
régi	álma	0.031579
régi	barátja	0.031579
régi	új	0.031579
régóta	nem	0.102564
régóta	várt	0.051282
részéről	a	0.094595
részéről	is	0.094595
részéről	nem	0.081081
részéről	hogy	0.054054
részéről	az	0.040541
sajnos	nem	0.233677
sajnos	a	0.158076
sajnos	azonban	0.044674
sajnos	még	0.041237
sajnos	már	0.037801
sajnos	az	0.034364
sajnos	sokan	0.017182
sajnos	ez	0.013746
sajnos	több	0.010309
sajnos	csak	0.010309
sajnos	mégsem	0.010309
sajnos	most	0.010309
sajnos	ezen	0.010309
sajtó	és	0.187500
sajtó	is	0.093750
sajtó	szerint	0.093750
saját	maga	0.125000
saját	magát	0.053571
saját	magunk	0.035714
saját	maguk	0.031250
saját	magának	0.031250
saját	életét	0.022321
saját	életének	0.017857
saját	belső	0.017857
saját	és	0.013393
saját	magukat	0.013393
saját	házában	0.013393
saját	magára	0.013393
saját	facebook	0.013393
saját	magunkat	0.013393
segítettem	a	1.000000
segítségét	kéri	0.269231
segítségét	kérte	0.153846
sehogy	sem	0.600000
sehol	nem	0.375000
sehol	sem	0.343750
sem	a	0.076312
sem	volt	0.067049
sem	az	0.036171
sem	kell	0.023820
sem	lehet	0.022497
sem	lesz	0.019409
sem	hogy	0.015439
sem	tudta	0.013233
sem	tudja	0.011469
sem	tudták	0.009263
sem	tudott	0.009263
sem	sikerült	0.008822
sem	sérült	0.008381
sem	tud	0.008381
sem	változott	0.007940
sem	lett	0.007499
sem	szabad	0.006617
sem	tudják	0.006617
sem	lehetett	0.006176
sem	történt	0.006176
sem	fog	0.006176
sem	tudtam	0.005734
sem	pedig	0.005293
sem	kaptak	0.005293
sem	voltak	0.005293
sem	lenne	0.005293
sem	került	0.004852
sem	maradt	0.004852
sem	kellett	0.004411
sem	marad	0.004411
sem	tudnak	0.004411
sem	és	0.004411
sem	ha	0.004411
sem	kizárt	0.004411
sem	állt	0.004411
sem	mert	0.004411
sem	igazán	0.003970
sem	tett	0.003970
sem	áll	0.003970
sem	más	0.003970
semmi	sem	0.163717
semmi	nem	0.132743
semmi	köze	0.106195
semmi	baja	0.039823
semmi	probléma	0.030973
semmi	esetre	0.026549
semmi	más	0.022124
semmi	baj	0.022124
semmi	nyoma	0.017699
semmi	értelme	0.017699
semmi	a	0.017699
semmi	hír	0.013274
semmi	csak	0.013274
semmi	olyan	0.013274
semmi	meglepő	0.013274
semmi	bajom	0.013274
sikerül	e	0.169492
sikerül	a	0.152542
sikerül	az	0.084746
sikerülni	fog	0.600000
sofőr	a	0.130435
sofőr	aki	0.072464
sofőr	nem	0.057971
sofőr	elmenekült	0.043478
sofőr	azonban	0.043478
sokan	nem	0.091503
sokan	a	0.065359
sokan	azt	0.049020
sokan	már	0.045752
sokan	úgy	0.045752
sokan	vannak	0.042484
sokan	csak	0.019608
sokan	élnek	0.016340
sokan	mondják	0.016340
sokan	és	0.016340
sokan	voltak	0.013072
sokan	azzal	0.013072
sokan	azért	0.013072
sokan	arra	0.013072
sokan	érkeztek	0.013072
sokan	félnek	0.013072
sokan	akik	0.013072
sokan	még	0.013072
sokan	az	0.009804
sokan	ismerik	0.009804
sokan	elmennek	0.009804
sokan	gondolják	0.009804
sokan	használják	0.009804
sokan	vagyunk	0.009804
sokan	közülük	0.009804
sokan	ugyanis	0.009804
sokan	mások	0.009804
sokan	azonban	0.009804
sorban	a	0.244444
sorban	állás	0.133333
sorban	az	0.088889
sorban	állnak	0.088889
sorban	és	0.066667
stabil	az	0.142857
stabil	és	0.142857
stabil	a	0.085714
stressz	az	0.200000
stressz	és	0.200000
szabad	és	0.104000
szabad	a	0.072000
szabad	szemmel	0.064000
szabad	elfelejteni	0.048000
szabad	az	0.032000
szabad	ország	0.024000
szabad	így	0.024000
szabad	hogy	0.024000
szabály	szerint	0.214286
szabály	hogy	0.107143
szabály	nem	0.107143
szabály	és	0.107143
szakasz	a	0.269231
szakított	a	0.176471
szerelmi	élete	0.357143
szerepet	játszott	0.202797
szerepet	játszik	0.181818
szerepet	tölt	0.083916
szerepet	játszanak	0.076923
szerepet	kapott	0.076923
szerepet	kap	0.062937
szerepet	a	0.055944
szerepet	kapnak	0.034965
szerepet	az	0.027972
szerepet	töltött	0.020979
szeretettel	várnak	0.270270
szeretettel	és	0.162162
szeretettel	várják	0.081081
szeretjük	a	0.400000
szeretnénk	ha	0.110092
szeretnénk	a	0.064220
szeretnénk	hogy	0.055046
szeretnénk	az	0.055046
szeretnénk	még	0.027523
szeretnénk	minél	0.027523
szeretnénk	jó	0.027523
szeretnénk	akkor	0.027523
szerettem	volna	0.693878
szerettem	a	0.061224
szeretünk	és	0.428571
szerezte	meg	0.590164
szerezte	a	0.098361
szerezte	be	0.098361
szerezte	az	0.065574
szerint	a	0.360574
szerint	az	0.136275
szerint	nem	0.023908
szerint	egy	0.022604
szerint	ez	0.021734
szerint	azonban	0.011519
szerint	már	0.009346
szerint	ugyanis	0.008259
szerint	is	0.007824
szerint	több	0.007824
szerint	viszont	0.006520
szerint	pedig	0.006520
szerint	azért	0.006086
szerint	ha	0.006086
szerint	még	0.005868
szerint	nagyon	0.005868
szerint	csak	0.005651
szerint	minden	0.005434
szerint	idén	0.005216
szerint	tavaly	0.004782
szerint	azt	0.004564
szerint	ben	0.004347
szerint	nincs	0.003478
szerint	ennek	0.003478
szerint	ezt	0.003478
szerint	egyre	0.003260
szerint	egyébként	0.003260
szerint	jelenleg	0.003260
szerint	akár	0.003043
szerint	mivel	0.003043
szerint	ugyanakkor	0.003043
szerint	két	0.003043
szerint	és	0.002825
szerint	ezzel	0.002608
szerint	hogy	0.002608
szerint	mindez	0.002391
szerint	millió	0.002391
szerint	ezek	0.002173
szerint	ban	0.002173
szerint	nagyjából	0.002173
szigorú	szabályok	0.160000
szilárd	a	0.156250
szilárd	és	0.156250
szintre	a	0.111111
szolgál	a	0.250000
szolgál	ki	0.107143
szolgál	majd	0.107143
szomorú	hírt	0.200000
szomorú	hír	0.100000
szorosan	a	0.214286
számolni	kell	0.200000
számolni	a	0.166667
számolni	az	0.100000
számos	olyan	0.094276
számos	alkalommal	0.043771
számos	más	0.037037
számos	egyéb	0.030303
számos	esetben	0.023569
számos	új	0.020202
számos	területen	0.020202
számos	helyen	0.013468
számos	országban	0.013468
számos	ország	0.013468
számos	hasznos	0.010101
számos	további	0.010101
számos	történelmi	0.010101
számos	nemzetközi	0.010101
számos	állami	0.010101
számos	lehetősége	0.010101
számos	tudományos	0.010101
számos	közlekedési	0.010101
számos	lehetőséget	0.010101
számos	jó	0.010101
számos	egészségügyi	0.010101
számos	nagy	0.010101
számot	a	0.145833
számot	és	0.083333
számot	így	0.062500
számot	tartó	0.062500
számát	a	0.200000
számát	és	0.111111
számát	az	0.088889
számát	is	0.088889
számítanak	hogy	0.218182
számítanak	a	0.181818
számítanak	az	0.072727
számítanak	de	0.054545
százalék	volt	0.147773
százalék	a	0.072874
százalék	körüli	0.060729
százalék	és	0.058704
százalék	alá	0.040486
százalék	között	0.034413
százalék	felett	0.034413
százalék	közötti	0.034413
százalék	után	0.028340
százalék	az	0.026316
százalék	helyett	0.022267
százalék	lett	0.022267
százalék	körül	0.020243
százalék	szerint	0.020243
százalék	alatti	0.018219
százalék	is	0.018219
százalék	lesz	0.018219
százalék	míg	0.014170
százalék	alatt	0.014170
százalék	nem	0.014170
százalék	pedig	0.014170
százalék	lehet	0.012146
százalék	valamint	0.012146
százalék	ami	0.010121
százalék	majd	0.008097
százalék	de	0.008097
százalék	maradt	0.008097
százalék	gondolja	0.006073
százalék	millió	0.006073
százalék	hogy	0.006073
százalék	ben	0.006073
százalék	fölé	0.006073
széles	körben	0.500000
széles	és	0.086957
szép	és	0.102190
szép	lassan	0.087591
szép	kártya	0.058394
szép	volt	0.058394
szép	eredményeket	0.051095
szép	számú	0.036496
szép	a	0.029197
szépen	lassan	0.215686
szépen	és	0.058824
színpadon	és	0.131579
színpadon	állni	0.078947
színpadra	lép	0.092593
színpadra	a	0.074074
színpadra	is	0.074074
színpadra	és	0.074074
színpadra	lépni	0.055556
színész	a	0.092784
színész	és	0.082474
színész	rendező	0.061856
színész	aki	0.051546
színész	volt	0.030928
színész	akit	0.030928
szív	és	0.703704
szívét	is	0.363636
szólnak	a	0.200000
szólnak	az	0.200000
szólnak	hogy	0.133333
szólnak	arról	0.100000
szóltak	a	0.437500
szóltak	hogy	0.093750
szóltak	az	0.093750
szóval	nem	0.071429
szóval	a	0.059524
szóval	az	0.047619
szóval	ez	0.047619
szövetség	elnöke	0.150943
szövetség	a	0.094340
szövetség	szerint	0.047170
szövetség	az	0.047170
szövetség	és	0.037736
szövetség	tagja	0.028302
szövetség	nem	0.028302
szövetség	is	0.028302
szükséges	a	0.116788
szükséges	hogy	0.043796
szükséges	ahhoz	0.036496
szükséges	az	0.036496
szükséges	információkat	0.021898
szükséges	de	0.021898
szükséges	lesz	0.021898
szükséges	és	0.021898
szükséges	további	0.021898
séta	a	0.416667
sört	is	0.300000
sült	el	0.363636
sőt	a	0.220930
sőt	az	0.107558
sőt	még	0.087209
sőt	egy	0.029070
sőt	akár	0.023256
sőt	azt	0.020349
sőt	ha	0.020349
sőt	már	0.014535
sőt	egyenesen	0.011628
sőt	egyes	0.011628
sőt	inkább	0.011628
sőt	talán	0.011628
sőt	kifejezetten	0.011628
sőt	több	0.008721
sőt	néha	0.008721
sőt	úgy	0.008721
sőt	ban	0.008721
sőt	nem	0.008721
sőt	néhány	0.008721
sőt	volt	0.008721
sőt	mi	0.008721
sőt	van	0.008721
tag	és	0.227273
tag	a	0.136364
tagjai	a	0.091549
tagjai	is	0.063380
tagjai	nem	0.056338
tagjai	között	0.056338
tagjai	voltak	0.042254
tagjai	és	0.042254
tagjai	közül	0.035211
tagjai	az	0.035211
tagjai	már	0.028169
tagjai	számára	0.028169
tagjai	akik	0.021127
tagjai	pedig	0.021127
tagjai	legyenek	0.021127
található	a	0.182540
található	és	0.055556
található	az	0.055556
található	meg	0.055556
található	egy	0.031746
található	például	0.023810
található	benne	0.023810
található	ahol	0.023810
találkozót	a	0.145833
találkozót	követően	0.083333
találkozót	tartott	0.083333
tanul	a	0.388889
tanulni	és	0.115385
tanácsot	is	0.285714
tanítani	a	0.400000
tartanak	a	0.277311
tartanak	hogy	0.100840
tartanak	az	0.067227
tartanak	nyilván	0.058824
tartanak	számon	0.033613
tartanak	meg	0.025210
tartanak	majd	0.025210
tartanak	nyitva	0.025210
tartanak	és	0.025210
tartjuk	a	0.210526
tartjuk	azt	0.210526
tartották	a	0.233766
tartották	meg	0.194805
tartották	az	0.103896
tartották	be	0.038961
tartották	és	0.038961
tartották	fenn	0.038961
tartozik	a	0.327731
tartozik	az	0.100840
tartozik	hogy	0.092437
tartozik	és	0.050420
tartozik	például	0.025210
tartozik	de	0.025210
technológia	a	0.131148
technológia	és	0.049180
tehetséges	és	0.129032
tehetséges	volt	0.129032
tehetséges	ember	0.096774
tehetünk	a	0.350000
tehetünk	hogy	0.150000
tej	és	0.384615
teljes	mértékben	0.265625
teljes	a	0.052083
teljes	életet	0.036458
teljes	az	0.020833
teljes	képet	0.020833
teljes	volt	0.015625
teljes	erővel	0.015625
teljes	napon	0.015625
teljes	évben	0.015625
teljes	összeget	0.015625
teljes	titokban	0.015625
templomba	a	0.400000
templomban	a	0.240000
tennie	a	0.333333
tennie	mint	0.222222
tenné	hogy	0.315789
tenné	a	0.210526
tenné	lehetővé	0.157895
tennék	a	0.333333
tervezett	a	0.117647
tervezett	és	0.078431
területen	is	0.090164
területen	és	0.057377
területen	a	0.040984
területen	az	0.032787
területen	történt	0.024590
területen	van	0.024590
testi	és	0.357143
testi	lelki	0.285714
testvér	a	0.363636
tetejére	is	0.230769
tettek	a	0.264368
tettek	szert	0.114943
tettek	meg	0.057471
tettek	ki	0.057471
tettek	egy	0.034483
tettek	az	0.034483
tették	hozzá	0.377049
tették	a	0.188525
tették	hogy	0.065574
tették	ki	0.065574
tették	az	0.057377
tették	ezt	0.040984
tették	meg	0.040984
tették	fel	0.024590
ti	is	0.187500
titka	hogy	0.300000
titka	a	0.300000
tragikus	esemény	0.151515
tragikus	hír	0.121212
tragikus	és	0.090909
tud	a	0.049808
tud	lenni	0.042146
tud	majd	0.038314
tud	az	0.030651
tud	mit	0.026820
tud	róla	0.019157
tud	segíteni	0.019157
tud	tenni	0.019157
tud	fizetni	0.019157
tud	működni	0.019157
tud	maradni	0.015326
tud	e	0.015326
tud	vagy	0.015326
tud	lépni	0.011494
tud	okozni	0.011494
tud	semmit	0.011494
tud	adni	0.011494
tud	csak	0.011494
tud	menni	0.011494
tud	beszélni	0.011494
tud	egy	0.011494
tud	írni	0.011494
tud	vele	0.011494
tudok	menni	0.052632
tudok	mit	0.052632
tudok	lenni	0.039474
tudok	a	0.039474
tudok	elképzelni	0.039474
tudok	rá	0.039474
tudom	hogy	0.357843
tudom	mit	0.039216
tudom	mi	0.034314
tudom	a	0.034314
tudom	mondani	0.029412
tudom	képzelni	0.019608
tudom	mennyire	0.019608
tudom	ez	0.019608
tudom	nem	0.014706
tudom	milyen	0.014706
tudom	de	0.014706
tudomány	és	0.375000
tudták	hogy	0.198473
tudták	megmenteni	0.145038
tudták	a	0.045802
tudták	volna	0.045802
tudták	az	0.030534
tudták	meggyőzni	0.022901
tudták	pontosan	0.022901
tudták	megmondani	0.022901
tudták	tartani	0.022901
twitter	oldalán	0.300000
twitter	közösségi	0.100000
támogatja	a	0.495575
támogatja	az	0.247788
támogatja	e	0.053097
támogatja	majd	0.035398
tárgyalás	után	0.205882
tárgyalás	folyik	0.088235
tárgyalás	során	0.088235
tárgyalást	követően	0.363636
társadalom	számára	0.127273
társadalom	és	0.090909
társadalom	a	0.090909
társadalom	egy	0.054545
távoli	jövőben	0.230769
távozott	a	0.354839
távozott	az	0.096774
tényleg	csak	0.078788
tényleg	a	0.072727
tényleg	nem	0.054545
tényleg	nagyon	0.042424
tényleg	egy	0.042424
tényleg	az	0.030303
tényleg	ez	0.024242
tényleg	el	0.024242
tényleg	van	0.018182
tényleg	minden	0.018182
tényleg	így	0.018182
tér	vissza	0.190000
tér	és	0.140000
tér	a	0.080000
tér	el	0.060000
tér	felé	0.060000
tér	szám	0.040000
tér	haza	0.040000
tér	között	0.030000
tért	vissza	0.478873
tért	ki	0.169014
tért	haza	0.154930
tért	magához	0.056338
tévé	és	0.250000
tévé	is	0.187500
tévében	és	0.285714
tíz	éve	0.156463
tíz	év	0.105442
tíz	évvel	0.061224
tíz	évben	0.061224
tíz	perc	0.034014
tíz	éven	0.027211
tíz	éves	0.027211
tíz	százalék	0.023810
tíz	évre	0.020408
tíz	évig	0.020408
tíz	percig	0.017007
tíz	napig	0.017007
tíz	emberrel	0.013605
tíz	óra	0.013605
tíz	perccel	0.013605
tíz	percben	0.013605
tíz	ember	0.013605
tíz	kilót	0.010204
tíz	millió	0.010204
tíz	férfi	0.010204
tíz	húsz	0.010204
tíz	nappal	0.010204
tíz	legnagyobb	0.010204
tíz	napon	0.010204
tíz	évet	0.010204
tíz	tizenöt	0.010204
tíz	hónap	0.010204
többen	is	0.251497
többen	vannak	0.059880
többen	a	0.035928
többen	nem	0.023952
többen	azt	0.023952
többen	úgy	0.023952
többen	hagyják	0.023952
többen	már	0.017964
többen	csak	0.017964
többen	voltak	0.017964
többi	között	0.236111
többi	része	0.034722
többi	párt	0.034722
többi	tagja	0.034722
többi	részén	0.027778
többi	közt	0.027778
többi	ország	0.020833
többi	napján	0.020833
többit	pedig	0.454545
tök	jó	0.470588
tök	jól	0.176471
tölti	be	0.307692
tölti	az	0.153846
tölti	a	0.153846
tölti	ki	0.076923
tölti	el	0.076923
története	során	0.137255
története	a	0.117647
története	is	0.098039
története	van	0.058824
törvényes	képviselő	0.375000
törvényt	is	0.119048
törvényt	a	0.095238
törvényt	amely	0.071429
törvényt	és	0.071429
tüzet	a	0.217391
tüzet	az	0.130435
tüzet	de	0.108696
tüzet	nyitott	0.086957
tüzet	és	0.065217
tőlem	a	0.250000
tőlem	hogy	0.150000
tőlünk	telhetőt	0.142857
tűnt	fel	0.194915
tűnt	el	0.194915
tűnt	hogy	0.169492
tűnt	a	0.101695
tűnt	az	0.042373
tűzoltó	és	0.187500
tűzoltó	százados	0.156250
ugyanakkor	a	0.282243
ugyanakkor	az	0.106542
ugyanakkor	nem	0.057944
ugyanakkor	hogy	0.044860
ugyanakkor	azt	0.033645
ugyanakkor	még	0.016822
ugyanakkor	arra	0.013084
ugyanakkor	ez	0.013084
ugyanakkor	csak	0.011215
ugyanakkor	már	0.011215
ugyanakkor	egy	0.011215
ugyanakkor	úgy	0.011215
ugyanakkor	továbbra	0.009346
ugyanakkor	számos	0.009346
ugyanakkor	fontos	0.007477
ugyanakkor	egyelőre	0.007477
ugyanakkor	nagyon	0.007477
ugyanakkor	arról	0.007477
ugyanakkor	ezt	0.005607
ugyanakkor	teljesen	0.005607
ugyanakkor	nincs	0.005607
ugyanakkor	minden	0.005607
ugyanakkor	ha	0.005607
ugyanakkor	abban	0.005607
ugyanakkor	felhívta	0.005607
ugyanakkor	most	0.005607
ugyanakkor	tény	0.005607
ugyanakkor	természetesen	0.005607
ugyanaz	a	0.317073
ugyanaz	mint	0.146341
ugyanaz	az	0.097561
ugyanaz	volt	0.073171
ugyanazok	a	0.684211
ugyanazon	a	0.928571
ugyanez	a	0.439024
ugyanez	az	0.170732
ugyanez	volt	0.121951
ugyanez	igaz	0.097561
ugyanez	vonatkozik	0.073171
ugyanez	történt	0.073171
ugyanezt	a	0.363636
ugyanis	a	0.259615
ugyanis	az	0.109615
ugyanis	nem	0.047115
ugyanis	egy	0.041346
ugyanis	hogy	0.033654
ugyanis	már	0.016346
ugyanis	még	0.013462
ugyanis	azt	0.012500
ugyanis	csak	0.012500
ugyanis	ez	0.009615
ugyanis	olyan	0.009615
ugyanis	úgy	0.007692
ugyanis	nagyon	0.006731
ugyanis	ha	0.005769
ugyanis	egyre	0.005769
ugyanis	arra	0.005769
ugyanis	több	0.004808
ugyanis	minden	0.004808
ugyanis	ő	0.004808
ugyanis	sok	0.004808
ugyanis	most	0.004808
ugyanis	jó	0.004808
ugyanis	mint	0.004808
ugyanis	nemrég	0.003846
ugyanis	korábban	0.003846
ugyanis	nemcsak	0.003846
ugyanis	sokan	0.003846
ugyanis	sikerült	0.003846
ugyanis	tavaly	0.003846
ugyanis	annak	0.003846
ugyanis	ben	0.003846
ugyanis	meg	0.003846
ugyanis	szerinte	0.003846
ugyanis	amikor	0.002885
ugyanis	pár	0.002885
ugyanis	új	0.002885
ugyanis	három	0.002885
ugyanis	hétfőn	0.002885
ugyanis	mindig	0.002885
ugyanis	én	0.002885
ugyanígy	a	0.150000
utcára	vinni	0.125000
utoljára	a	0.259259
utoljára	ben	0.129630
utoljára	is	0.055556
utolsó	napján	0.077869
utolsó	pillanatban	0.073770
utolsó	két	0.053279
utolsó	előtti	0.049180
utolsó	szó	0.040984
utolsó	három	0.032787
utolsó	sorban	0.032787
utolsó	percben	0.032787
utolsó	nagy	0.024590
utolsó	tíz	0.020492
utolsó	pillanatig	0.020492
utolsó	utáni	0.020492
utolsó	csepp	0.020492
utolsó	ismert	0.016393
utolsó	a	0.016393
utolsó	négy	0.012295
utolsó	napja	0.012295
utolsó	húsz	0.012295
utóbbi	időben	0.213376
utóbbi	években	0.140127
utóbbi	két	0.044586
utóbbi	a	0.041401
utóbbi	évek	0.035032
utóbbi	egy	0.031847
utóbbi	napokban	0.025478
utóbbi	pedig	0.019108
utóbbi	nem	0.019108
utóbbi	évben	0.015924
utóbbi	az	0.015924
utóbbi	hetek	0.012739
utóbbi	három	0.012739
utóbbi	is	0.012739
utóbbi	már	0.012739
utóbbi	néhány	0.012739
utóbbi	öt	0.012739
utóbbi	fél	0.009554
utóbbi	még	0.009554
utóbbi	időkben	0.009554
utóbbi	azt	0.009554
utóbbi	esetben	0.009554
utóbbi	miatt	0.009554
vadász	és	0.333333
vagyok	a	0.105556
vagyok	benne	0.072222
vagyok	hogy	0.069444
vagyok	és	0.061111
vagyok	de	0.036111
vagyok	az	0.033333
vagyok	egy	0.027778
vagyok	rá	0.027778
vagyok	én	0.022222
vagyok	nem	0.019444
vagyok	aki	0.019444
vagyok	mint	0.013889
vagyok	csak	0.013889
vagyok	arra	0.013889
vagyok	elég	0.013889
vagyok	már	0.013889
vagyok	mert	0.013889
vagyok	így	0.011111
vagyok	amiért	0.008333
vagyok	jó	0.008333
vagyok	elégedett	0.008333
vagyok	vele	0.008333
vagyok	képes	0.008333
vagyok	rajta	0.008333
vagyok	mondta	0.008333
vagyok	e	0.008333
val	szemben	0.153846
val	és	0.153846
valaha	volt	0.250000
valaha	is	0.181818
valaha	mért	0.068182
valaha	a	0.068182
valami	nem	0.058252
valami	nagyon	0.038835
valami	a	0.038835
valami	jó	0.033981
valami	az	0.029126
valami	ami	0.024272
valami	igazán	0.024272
valami	baj	0.024272
valami	újat	0.019417
valami	egészen	0.019417
valami	hasonló	0.019417
valami	olyan	0.019417
valami	történik	0.019417
valami	nagy	0.014563
valami	megváltozott	0.014563
valami	más	0.014563
valamilyen	formában	0.123288
valamilyen	szinten	0.109589
valamilyen	módon	0.109589
valamivel	több	0.258065
valamivel	később	0.080645
valamivel	magasabb	0.080645
valamivel	óra	0.048387
valamivel	jobb	0.048387
vallomást	tett	0.548387
vallomást	a	0.096774
való	tekintettel	0.129252
való	félelem	0.040816
való	életben	0.034014
való	a	0.034014
való	kapcsolat	0.027211
való	volt	0.027211
való	személyes	0.027211
való	jogot	0.020408
való	közös	0.020408
való	sikeres	0.020408
való	folyamatos	0.020408
való	fenyegetés	0.020408
való	az	0.020408
valós	időben	0.355556
valós	szám	0.111111
valós	és	0.066667
valószínűleg	nem	0.146465
valószínűleg	a	0.131313
valószínűleg	az	0.090909
valószínűleg	még	0.050505
valószínűleg	azért	0.035354
valószínűleg	már	0.025253
valószínűleg	egy	0.020202
valószínűleg	csak	0.015152
valószínűleg	meg	0.015152
valószínűleg	senki	0.015152
valószínűleg	ez	0.015152
valóság	az	0.181818
vasárnap	a	0.160665
vasárnap	este	0.121884
vasárnap	az	0.066482
vasárnap	reggel	0.060942
vasárnap	délután	0.055402
vasárnap	délelőtt	0.038781
vasárnap	és	0.030471
vasárnap	esti	0.027701
vasárnap	pedig	0.024931
vasárnap	is	0.024931
vasárnap	már	0.019391
vasárnap	hajnalban	0.016620
vasárnap	ismét	0.013850
vasárnap	órakor	0.013850
vasárnap	késő	0.011080
vasárnap	kora	0.011080
vasárnap	kor	0.011080
vasárnap	óra	0.008310
vasárnap	reggeli	0.008310
vasárnap	elhunyt	0.008310
vasárnap	óta	0.008310
vegyük	az	0.230769
velem	a	0.155556
velem	volt	0.088889
velem	hogy	0.066667
velem	az	0.066667
velem	van	0.066667
venni	a	0.302013
venni	hogy	0.120805
venni	az	0.073826
venni	egy	0.040268
venni	azt	0.033557
venni	és	0.026846
venni	de	0.020134
venni	hiszen	0.020134
venni	mert	0.020134
verseny	a	0.076087
verseny	és	0.076087
verseny	alakult	0.043478
verseny	zajlik	0.043478
verseny	is	0.043478
verseny	alatt	0.032609
verseny	első	0.032609
vesszük	a	0.241379
vesszük	figyelembe	0.103448
vesszük	fel	0.103448
vesz	részt	0.450000
vesz	a	0.192857
vesz	az	0.057143
vesz	fel	0.042857
vesz	egy	0.035714
vesz	el	0.035714
vesz	majd	0.028571
vesz	e	0.028571
veszett	nyoma	0.250000
veszett	össze	0.187500
veszünk	részt	0.307692
vetni	a	0.360000
vetni	az	0.120000
vetni	rá	0.120000
vette	át	0.176768
vette	a	0.171717
vette	észre	0.111111
vette	fel	0.101010
vette	az	0.090909
vette	meg	0.060606
vette	hogy	0.030303
vette	ki	0.025253
vette	elő	0.020202
vette	így	0.015152
vette	komolyan	0.015152
vette	célba	0.015152
vette	őrizetbe	0.015152
vették	a	0.195652
vették	és	0.101449
vették	fel	0.094203
vették	észre	0.086957
vették	az	0.057971
vették	át	0.043478
vették	célba	0.043478
vették	őrizetbe	0.036232
vették	körül	0.036232
vették	meg	0.028986
vették	hogy	0.028986
vették	volna	0.028986
vették	be	0.021739
vették	őket	0.021739
vették	figyelembe	0.021739
vezetés	közben	0.233333
vezetés	és	0.050000
vezetés	nem	0.050000
vezetés	által	0.050000
vezetés	a	0.050000
vezetés	csak	0.050000
vicces	és	0.235294
vihar	miatt	0.181818
világ	egyik	0.154639
világ	legnagyobb	0.108247
világ	és	0.059278
világ	minden	0.051546
világ	első	0.025773
világ	legjobb	0.025773
világ	a	0.025773
világ	többi	0.018041
világ	vezető	0.018041
világ	más	0.015464
világ	előtt	0.015464
világ	számos	0.015464
világ	negyedik	0.012887
világ	szinte	0.012887
világ	legmagasabb	0.012887
világ	harmadik	0.012887
világ	két	0.012887
világ	második	0.012887
világ	nagy	0.012887
világ	sok	0.010309
világ	összes	0.010309
világ	tíz	0.010309
világ	pedig	0.007732
világ	milyen	0.007732
világ	amely	0.007732
világ	jelentős	0.007732
világ	több	0.007732
világ	egyetlen	0.007732
világban	is	0.111111
világban	hogy	0.055556
világban	a	0.055556
világban	és	0.041667
világban	ahol	0.041667
világban	az	0.041667
világos	hogy	0.368421
világos	a	0.087719
világos	az	0.070175
világos	volt	0.052632
világosan	látszik	0.230769
világot	a	0.170213
világot	és	0.170213
világot	egy	0.063830
világra	jött	0.166667
világra	és	0.111111
világra	a	0.083333
világra	hozta	0.083333
vinni	a	0.288889
vinni	az	0.200000
vinni	mert	0.066667
vinni	és	0.066667
vinni	őket	0.066667
visszament	a	0.500000
visszatért	a	0.619048
visszatért	az	0.190476
vizet	és	0.115385
vizet	a	0.115385
vizet	is	0.057692
vizet	inni	0.057692
voltak	a	0.215842
voltak	az	0.089109
voltak	és	0.051485
voltak	akik	0.033663
voltak	olyan	0.031683
voltak	hogy	0.023762
voltak	de	0.019802
voltak	jelen	0.013861
voltak	mint	0.011881
voltak	képesek	0.011881
voltak	azok	0.011881
voltak	jó	0.009901
voltak	ezért	0.009901
voltak	amikor	0.009901
voltak	azzal	0.009901
voltak	már	0.009901
voltak	amelyek	0.007921
voltak	még	0.007921
voltak	így	0.007921
voltak	s	0.007921
voltak	akiket	0.007921
voltak	ezek	0.007921
voltak	vele	0.005941
voltak	ám	0.005941
voltak	ilyen	0.005941
voltak	köztük	0.005941
voltak	vagy	0.005941
voltak	most	0.005941
voltak	majd	0.005941
voltak	túl	0.005941
voltak	más	0.005941
voltak	csak	0.005941
voltak	negatív	0.005941
vádat	a	0.250000
vádat	egy	0.125000
vádlott	a	0.192308
vádlott	és	0.102564
vádlott	az	0.076923
vádlott	egy	0.051282
vádlott	pedig	0.038462
vádlott	is	0.038462
vágott	neki	0.333333
vágott	bele	0.222222
vágott	a	0.148148
vágott	be	0.111111
vágott	vissza	0.111111
választott	magának	0.125000
változik	a	0.402985
változik	az	0.134328
változik	semmi	0.044776
változni	a	0.250000
váratlanul	az	0.111111
váratlanul	a	0.083333
váratlanul	elhunyt	0.083333
várnak	a	0.211268
várnak	az	0.126761
várnak	ránk	0.098592
várnak	minden	0.042254
várnak	mindenkit	0.042254
várom	hogy	0.318182
várom	a	0.272727
városi	és	0.128205
városi	csapat	0.076923
városi	tanács	0.076923
várost	és	0.181818
várost	a	0.121212
várt	a	0.126984
várt	százalék	0.079365
várt	az	0.063492
várt	eredményt	0.047619
védett	a	0.096774
vége	előtt	0.188482
vége	a	0.141361
vége	felé	0.109948
vége	óta	0.083770
vége	az	0.057592
vége	lett	0.047120
vége	hogy	0.041885
vége	lesz	0.031414
vége	de	0.026178
vége	és	0.020942
vége	között	0.015707
vége	legyen	0.015707
végezte	el	0.470588
végezte	az	0.088235
végezte	majd	0.088235
végleg	az	0.187500
végre	a	0.172043
végre	az	0.123656
végre	egy	0.053763
végre	kell	0.026882
végre	van	0.026882
végre	úgy	0.021505
végre	volt	0.016129
végre	újra	0.016129
végre	több	0.016129
végre	azt	0.016129
végzett	a	0.190476
végzett	az	0.152381
végzett	és	0.047619
végzett	kutatás	0.038095
végzett	vele	0.038095
végzett	munka	0.028571
végzett	majd	0.028571
végzett	egy	0.028571
végzett	míg	0.028571
végzi	a	0.320000
végzi	el	0.120000
véleménye	szerint	0.397260
véleménye	a	0.109589
véleménye	hogy	0.082192
véleménye	alapján	0.068493
véleménye	között	0.041096
véleményem	szerint	0.615385
véletlenül	se	0.106383
véletlenül	sem	0.106383
véletlenül	a	0.085106
vért	adni	0.235294
víz	és	0.198347
víz	alá	0.107438
víz	alatt	0.066116
víz	alatti	0.066116
víz	a	0.049587
víz	az	0.041322
víz	nincs	0.024793
vörös	tengeren	0.225806
vörös	és	0.129032
wo	long	1.000000
york	i	0.674419
york	és	0.069767
yorkban	a	0.380952
young	g	1.000000
zajlik	a	0.435185
zajlik	majd	0.101852
zajlik	az	0.092593
zajlik	és	0.064815
zajlik	mondta	0.027778
zenei	és	0.178571
zárt	a	0.168317
zárt	pénteken	0.089109
zárt	kedden	0.089109
zárt	csütörtökön	0.079208
zárt	hétfőn	0.059406
zárt	ajtók	0.049505
zárt	az	0.039604
zárt	ben	0.039604
zárt	körben	0.039604
zárt	ami	0.029703
áldozat	egy	0.075472
áldozat	holttestét	0.056604
áldozat	is	0.056604
áldozata	lett	0.235294
áldozata	van	0.156863
áldozata	is	0.156863
áldozata	és	0.098039
áldozata	a	0.098039
áll	a	0.351351
áll	az	0.109797
áll	hogy	0.040541
áll	és	0.028716
áll	fenn	0.025338
áll	majd	0.018581
áll	egy	0.016892
áll	össze	0.015203
áll	meg	0.015203
áll	arra	0.013514
áll	így	0.011824
áll	e	0.011824
áll	még	0.010135
áll	készen	0.010135
áll	erősebben	0.010135
áll	be	0.008446
áll	de	0.008446
áll	jelenleg	0.008446
áll	százalék	0.006757
áll	hiszen	0.006757
áll	mely	0.006757
áll	jól	0.006757
áll	hozzá	0.006757
áll	hanem	0.006757
áll	mondta	0.005068
áll	most	0.005068
áll	amelyet	0.005068
áll	neki	0.005068
áll	ami	0.005068
áll	közelebb	0.005068
áll	hozzám	0.005068
áll	ez	0.005068
áll	elő	0.005068
államok	és	0.150943
államok	a	0.050314
államok	az	0.044025
államok	minden	0.025157
államok	által	0.025157
államok	egyik	0.025157
államok	egy	0.025157
államok	továbbra	0.018868
államok	is	0.018868
államok	szövetségi	0.018868
államok	közötti	0.018868
államok	amelyek	0.018868
állni	a	0.196078
állni	és	0.137255
állni	egy	0.058824
állunk	a	0.162162
állunk	az	0.108108
állunk	meg	0.081081
állunk	arra	0.081081
állítják	hogy	0.362069
állítják	a	0.137931
állítják	be	0.068966
állítják	az	0.051724
árulja	a	0.500000
árulja	el	0.500000
át	a	0.317439
át	az	0.134877
át	tartó	0.039510
át	kell	0.031335
át	is	0.025886
át	egy	0.019074
át	és	0.019074
át	nem	0.016349
át	kellett	0.013624
át	tartott	0.012262
át	egészen	0.009537
át	neki	0.008174
át	hogy	0.008174
át	tudja	0.006812
át	más	0.005450
át	majd	0.005450
át	lehet	0.005450
át	ami	0.004087
át	látható	0.004087
át	új	0.004087
át	aki	0.004087
át	akkor	0.004087
át	de	0.004087
át	volt	0.004087
ázsiai	és	0.266667
ázsiai	ország	0.233333
ázsiai	országban	0.233333
ázsiai	csendes	0.133333
ázsiai	országot	0.100000
éjjel	nappal	0.254237
éjjel	a	0.135593
éjjel	és	0.101695
éjjel	egy	0.050847
életet	is	0.095238
életet	a	0.079365
életet	él	0.063492
életet	élni	0.063492
életet	és	0.047619
életet	kezdett	0.047619
életet	élnek	0.047619
életét	vesztette	0.390244
életét	a	0.078049
életét	és	0.073171
életét	nem	0.039024
életét	már	0.039024
életét	egy	0.039024
életét	az	0.034146
életét	hogy	0.029268
életét	is	0.019512
életét	amikor	0.014634
életét	de	0.014634
élnek	a	0.152778
élnek	az	0.111111
élnek	és	0.083333
élnek	vissza	0.041667
éltek	a	0.210526
éltek	és	0.105263
éltek	át	0.105263
éltem	meg	0.500000
én	a	0.089603
én	is	0.081995
én	nem	0.033812
én	az	0.025359
én	csütörtökön	0.021978
én	szombaton	0.021978
én	pedig	0.021133
én	pénteken	0.020287
én	és	0.019442
én	óra	0.016061
én	meg	0.016061
én	már	0.016061
én	lesz	0.014370
én	egy	0.014370
én	vasárnap	0.013525
én	kedden	0.012680
én	ezt	0.012680
én	nagyon	0.012680
én	azt	0.011834
én	még	0.010989
én	vagyok	0.010144
én	órakor	0.009298
én	úgy	0.009298
én	délután	0.008453
én	voltam	0.008453
én	sem	0.008453
én	csak	0.008453
én	hétfőn	0.007608
én	este	0.007608
én	reggel	0.005917
én	délelőtt	0.005917
én	magam	0.005917
én	született	0.005917
én	mindig	0.005917
én	személy	0.005072
én	jelentette	0.004227
én	hajnalban	0.004227
én	történt	0.004227
én	kerül	0.004227
én	amikor	0.004227
énekel	és	0.272727
épület	a	0.082353
épület	az	0.058824
épület	előtt	0.035294
épület	nem	0.035294
ér	a	0.244898
ér	véget	0.214286
ér	az	0.091837
ér	el	0.061224
ér	fel	0.030612
ér	ki	0.030612
ér	mint	0.030612
érdekelnek	a	0.800000
érdekelte	hogy	0.250000
éreztem	hogy	0.388060
éreztem	magam	0.134328
éreztem	azt	0.074627
éreztem	a	0.044776
érezzük	magunkat	0.314286
érezzük	hogy	0.257143
érezzük	a	0.142857
érjen	véget	0.333333
érkezett	a	0.303621
érkezett	az	0.100279
érkezett	meg	0.055710
érkezett	és	0.036212
érkezett	egy	0.033426
érkezett	hogy	0.025070
érkezett	be	0.019499
érkezett	jelentés	0.019499
érkezett	de	0.016713
érkezett	hozzánk	0.013928
érkezett	ugyanis	0.011142
érkezett	hír	0.011142
érkezett	haza	0.011142
érkezett	vissza	0.008357
érkezett	volna	0.008357
érkezett	válasz	0.008357
érkezett	míg	0.008357
érkezett	el	0.008357
érkezett	ide	0.008357
értem	hogy	0.307692
értem	miért	0.128205
értettem	hogy	0.444444
értettem	meg	0.333333
értünk	a	0.214286
értünk	egyet	0.214286
értünk	el	0.178571
érzik	magukat	0.275862
érzik	hogy	0.137931
érzik	a	0.103448
érzik	úgy	0.086207
érzik	az	0.068966
ételt	is	0.142857
ételt	az	0.107143
ételt	és	0.107143
év	alatt	0.125326
év	után	0.093124
év	elején	0.067885
év	végén	0.060052
év	első	0.050479
év	azonos	0.048738
év	múlva	0.046127
év	végére	0.039164
év	végéig	0.032202
év	közötti	0.030461
év	utolsó	0.024369
év	alatti	0.019147
év	második	0.019147
év	körüli	0.018277
év	vége	0.018277
év	a	0.016536
év	hónap	0.013055
év	során	0.013055
év	volt	0.012185
év	közben	0.007833
év	elejétől	0.006963
év	telt	0.006963
év	egyik	0.006092
év	és	0.006092
év	minden	0.006092
év	legnagyobb	0.005222
év	hasonló	0.004352
év	óta	0.004352
év	van	0.004352
év	legjobb	0.004352
év	év	0.003481
év	három	0.003481
év	lesz	0.003481
év	de	0.003481
év	is	0.003481
év	kellett	0.003481
év	nagy	0.002611
év	kell	0.002611
év	börtön	0.002611
év	május	0.002611
évben	a	0.162907
évben	is	0.065163
évben	az	0.060150
évben	már	0.042607
évben	több	0.035088
évben	nem	0.030075
évben	de	0.015038
évben	millió	0.015038
évben	összesen	0.015038
évben	például	0.012531
évben	milliárd	0.012531
évben	egy	0.010025
évben	volt	0.010025
évben	sem	0.010025
évben	ezer	0.007519
évben	minden	0.007519
évben	folyamatosan	0.007519
évben	még	0.007519
évben	csak	0.007519
évben	amikor	0.007519
évben	pedig	0.007519
évben	szinte	0.007519
évben	azonban	0.007519
évek	óta	0.477204
évek	során	0.097264
évek	elején	0.085106
évek	alatt	0.057751
évek	végén	0.039514
évek	egyik	0.036474
évek	közepén	0.015198
évek	múlva	0.012158
évek	legnagyobb	0.009119
évek	száma	0.009119
évek	magyar	0.009119
éven	át	0.378151
éven	belül	0.369748
éven	keresztül	0.193277
évesen	is	0.122807
évesen	a	0.105263
évesen	került	0.070175
évesen	elhunyt	0.070175
évesen	és	0.052632
évesen	meghalt	0.052632
évig	nem	0.096154
évig	volt	0.086538
évig	a	0.076923
évig	tartott	0.067308
évig	tartó	0.048077
évig	is	0.048077
évig	dolgozott	0.028846
évvel	ezelőtt	0.550239
évvel	később	0.102871
évvel	korábban	0.100478
évvel	korábbi	0.066986
évvel	a	0.047847
évvel	fiatalabb	0.033493
évvel	az	0.031100
évvel	azután	0.011962
évvel	is	0.007177
írja	a	0.465201
írja	az	0.289377
írja	hogy	0.058608
írja	le	0.032967
írja	elő	0.032967
írt	alá	0.170068
írt	a	0.122449
írt	hogy	0.102041
írt	egy	0.068027
írt	ki	0.040816
írt	arról	0.034014
írt	éve	0.027211
írt	neki	0.020408
írt	az	0.020408
írt	elő	0.020408
írt	és	0.020408
írva	a	0.333333
ítélet	nem	0.222222
ítélet	ellen	0.138889
ítélet	született	0.083333
órakor	kezdődik	0.190476
órakor	a	0.190476
órakor	lesz	0.076190
órakor	az	0.066667
órakor	kezdődött	0.057143
órakor	new	0.038095
órakor	egy	0.028571
öngyilkos	lett	0.454545
önmagát	és	0.444444
önt	a	0.375000
örömmel	tölt	0.108108
örömmel	mentem	0.081081
örül	hogy	0.440000
örül	annak	0.200000
örül	a	0.200000
örülne	ha	1.000000
örülni	kell	0.230769
örült	a	0.500000
örült	hogy	0.285714
ötven	éve	0.190476
ötven	év	0.119048
újra	a	0.186207
újra	és	0.075862
újra	kell	0.034483
újra	meg	0.031034
újra	az	0.027586
újra	együtt	0.024138
újra	kellett	0.024138
újra	egy	0.020690
újra	is	0.017241
újra	férjhez	0.010345
úr	a	0.085714
úr	egy	0.085714
úszni	a	0.500000
út	és	0.105556
út	a	0.094444
út	szélén	0.050000
út	közben	0.038889
út	alatt	0.033333
út	során	0.033333
út	mellett	0.027778
út	mentén	0.027778
út	szám	0.022222
út	egy	0.022222
út	között	0.022222
út	volt	0.016667
út	vezet	0.016667
út	az	0.016667
út	es	0.016667
út	is	0.016667
úton	a	0.108280
úton	halad	0.044586
úton	és	0.044586
úton	az	0.038217
úton	van	0.031847
úton	is	0.031847
úton	történt	0.025478
úton	álló	0.019108
úton	amit	0.019108
úton	kell	0.019108
úton	jár	0.019108
úton	de	0.019108
útra	a	0.242424
útról	a	0.272727
útról	és	0.272727
ügyében	a	0.224490
ügyében	aki	0.081633
ügyében	is	0.081633
ügyében	az	0.061224
ügyész	a	0.153846
ültem	a	0.416667
ütötte	el	0.230769
ütötte	a	0.115385
ő	is	0.125000
ő	maga	0.062500
ő	az	0.049745
ő	volt	0.045918
ő	nem	0.038265
ő	sem	0.033163
ő	egy	0.028061
ő	és	0.025510
ő	pedig	0.022959
ő	lett	0.021684
ő	a	0.017857
ő	már	0.015306
ő	azonban	0.012755
ő	lesz	0.011480
ő	csak	0.010204
ő	azt	0.010204
ő	meg	0.007653
ő	ugyanis	0.007653
ő	úgy	0.007653
ő	így	0.007653
ő	még	0.006378
ő	esetében	0.006378
ő	hanem	0.006378
ő	adta	0.006378
ő	akkor	0.006378
ő	viszont	0.005102
ő	bizony	0.005102
ő	nyert	0.005102
ő	készítette	0.003827
ő	kedvenc	0.003827
ő	nevét	0.003827
ő	sokkal	0.003827
ő	életében	0.003827
ő	de	0.003827
ő	irányítja	0.003827
ő	milyen	0.003827
ő	vezeti	0.003827
ő	nagyon	0.003827
ő	biztosan	0.003827
ő	később	0.003827
őszinte	és	0.285714
őszinte	legyek	0.142857
őszintén	szólva	0.159091
őszintén	a	0.090909
őszintén	beszélt	0.068182
