abas	puses	0.207792
abas	komandas	0.064935
abas	ar	0.051948
abas	šīs	0.038961
abas	māsas	0.038961
abas	personas	0.038961
abi	ar	0.067227
abi	kopā	0.067227
abi	vecāki	0.050420
abi	ir	0.042017
abi	jaunieši	0.042017
abi	vīrieši	0.033613
abi	divi	0.033613
abi	bija	0.033613
abi	brāļi	0.025210
abi	šie	0.025210
abi	esot	0.025210
abu	valstu	0.242424
abu	uzņēmumu	0.090909
abu	pilsētu	0.045455
abām	pusēm	0.458333
abām	rokām	0.125000
acis	un	0.244444
acis	uz	0.133333
advokāti	un	0.666667
aicina	uz	0.232456
aicina	visus	0.039474
aicina	ikvienu	0.039474
aicina	piedalīties	0.030702
aicina	būt	0.030702
aicina	arī	0.026316
aicina	darbā	0.017544
aicina	vecākus	0.017544
aicina	doties	0.017544
aicina	rūpīgi	0.013158
aicina	pārtraukt	0.013158
aizbraucu	uz	0.357143
aizdevumu	likmes	0.096774
aizdevumu	no	0.096774
aizdevumu	uz	0.096774
aizgāja	uz	0.218750
aizgāja	no	0.125000
aizgāja	bojā	0.125000
aizgājusi	uz	0.230769
aizsardzību	un	0.227273
aizved	uz	0.388889
ak	dievs	0.147059
ak	vai	0.117647
ak	tad	0.088235
ak	tu	0.088235
algas	un	0.098592
algas	ir	0.056338
algas	par	0.028169
algas	no	0.028169
algas	likmes	0.028169
algas	dienā	0.021127
algas	jāmaksā	0.021127
algas	tiem	0.021127
algas	tiek	0.021127
algas	nav	0.021127
algas	tad	0.021127
algas	kas	0.021127
algas	līdz	0.021127
algas	bet	0.021127
algu	un	0.114583
algu	par	0.093750
algu	nav	0.052083
algu	no	0.041667
algu	saņem	0.041667
algu	jo	0.031250
alkoholu	un	0.270270
alkoholu	vai	0.081081
alu	par	0.157895
ameriku	un	0.272727
aprunāties	ar	0.500000
aprīkojums	ir	0.375000
apsardzes	darbinieki	0.228571
apsardzes	firmas	0.171429
apsardzes	dienesta	0.085714
apstāties	un	0.437500
aptuveni	par	0.056291
aptuveni	no	0.052980
aptuveni	cilvēku	0.049669
aptuveni	miljoni	0.039735
aptuveni	miljonus	0.033113
aptuveni	gadus	0.029801
aptuveni	pirms	0.029801
aptuveni	trīs	0.029801
aptuveni	desmit	0.026490
aptuveni	tūkstoši	0.026490
aptuveni	miljonu	0.023179
aptuveni	cilvēki	0.023179
aptuveni	pēc	0.019868
aptuveni	puse	0.019868
aptuveni	gadu	0.019868
aptuveni	tūkstošus	0.016556
aptuveni	divus	0.016556
aptuveni	procenti	0.016556
aptuveni	stundu	0.013245
aptuveni	bet	0.013245
aptuveni	līdz	0.013245
aptuveni	divas	0.013245
aptuveni	metru	0.013245
aptuveni	miljoniem	0.009934
aptuveni	pusi	0.009934
aptuveni	tūkstošiem	0.009934
aptuveni	astoņi	0.009934
aptuveni	pieciem	0.009934
aptuveni	tūkstoš	0.009934
armiju	un	0.500000
asv	dolāru	0.176755
asv	prezidenta	0.092010
asv	un	0.089588
asv	prezidents	0.033898
asv	ir	0.026634
asv	valsts	0.021792
asv	federālo	0.021792
asv	dolāriem	0.019370
asv	dolārus	0.014528
asv	kur	0.014528
asv	akciju	0.014528
asv	valdība	0.014528
asv	valdības	0.014528
asv	bet	0.012107
asv	nav	0.009685
asv	dolārs	0.009685
asv	dolāri	0.009685
asv	kompāniju	0.009685
asv	armijas	0.007264
asv	jau	0.007264
asv	bankas	0.007264
asv	pilsoņu	0.007264
asv	tirgū	0.007264
asv	tagad	0.007264
asv	finanšu	0.007264
asv	ar	0.007264
asv	teritorijā	0.007264
atbalstu	un	0.107955
atbalstu	no	0.056818
atbalstu	jo	0.022727
atbalstu	bet	0.022727
atbalstu	kas	0.017045
atbalstu	var	0.017045
atbalstu	arī	0.017045
atbalstu	lai	0.017045
atbalstu	par	0.017045
atbalstu	piena	0.017045
atbalstu	krievijas	0.017045
atbalstu	valsts	0.017045
atbalstu	gan	0.017045
atbildība	par	0.338710
atbildība	un	0.129032
atbildība	ir	0.080645
atbildība	vai	0.048387
atbraukt	uz	0.347826
atbraukt	un	0.173913
atceries	ka	0.437500
atcerēties	ka	0.300000
atcerēties	kad	0.100000
atgūt	veselību	0.088235
atklāts	jauns	0.100000
atklāts	arī	0.100000
atkritumu	daudzums	0.238095
atkritumu	daudzumu	0.142857
atkāpties	no	0.583333
atnest	uz	0.500000
atnācu	uz	0.545455
atpūtas	un	0.108911
atpūtas	centrā	0.079208
atpūtas	vietu	0.079208
atpūtas	vietas	0.079208
atpūtas	centra	0.069307
atpūtas	vieta	0.039604
atpūtas	bāzē	0.039604
atpūtas	laiku	0.039604
atpūtas	iespējas	0.029703
atpūtas	parka	0.029703
atsevišķi	no	0.120000
atsevišķi	un	0.100000
atsevišķi	bet	0.080000
attiecības	ar	0.463235
attiecības	starp	0.058824
attiecības	un	0.044118
attiecības	ir	0.036765
attiecībās	ar	0.480769
attiecībās	ir	0.115385
atvadīties	no	1.000000
atvērt	jaunu	0.089286
atvērt	durvis	0.053571
atvērt	pirmo	0.053571
atvērt	un	0.053571
atvērt	savas	0.053571
atzīstu	ka	1.000000
atzīt	ka	0.457143
atzīt	par	0.200000
aug	arī	0.114754
aug	un	0.081967
aug	bet	0.065574
aug	par	0.049180
aug	ļoti	0.049180
aug	jauna	0.049180
augstu	cenu	0.093750
augu	aizsardzības	0.297297
augu	valsts	0.081081
augļu	un	0.222222
augļu	koku	0.185185
augļu	koki	0.185185
augļu	dārzu	0.111111
augļus	un	0.423077
ausīm	un	0.230769
autobusa	vadītājs	0.181818
autobusa	un	0.136364
autobuss	no	0.083333
autobuss	ar	0.083333
autobuss	un	0.083333
avārija	notika	0.200000
avārija	notikusi	0.200000
avīzes	un	0.142857
avīzes	rakstīja	0.142857
bagāts	ar	0.315789
bail	no	0.243243
bail	ka	0.162162
balvu	un	0.097561
balvu	par	0.073171
balvu	saņēma	0.073171
balvu	ieguva	0.048780
balvu	ir	0.036585
balvu	saņem	0.036585
balvu	saņems	0.036585
baznīcas	ielā	0.092593
baznīcas	tornī	0.092593
baznīcas	un	0.074074
baznīcas	torņa	0.055556
baznīcas	torni	0.055556
baznīcā	un	0.145833
baznīcā	bet	0.062500
baznīcā	ir	0.062500
baznīcā	notiks	0.062500
beidzas	gada	0.130435
beidzas	ar	0.130435
bet	arī	0.094604
bet	gan	0.039256
bet	tas	0.029685
bet	ja	0.028437
bet	par	0.019420
bet	tā	0.017339
bet	es	0.017339
bet	tagad	0.016923
bet	ir	0.016091
bet	pēc	0.015675
bet	ne	0.014843
bet	no	0.011930
bet	to	0.011652
bet	tad	0.011513
bet	ar	0.011375
bet	vai	0.010959
bet	kad	0.010265
bet	mēs	0.009849
bet	nu	0.009710
bet	man	0.009433
bet	kā	0.009155
bet	vēl	0.007074
bet	varbūt	0.006797
bet	jau	0.006520
bet	tie	0.006381
bet	tikai	0.006103
bet	nav	0.006103
bet	kas	0.005826
bet	viņa	0.005687
bet	tās	0.005549
bet	uz	0.005410
bet	lai	0.005410
bet	viņš	0.004855
bet	mums	0.004855
bet	tur	0.004578
bet	te	0.004439
bet	pie	0.004439
bet	ko	0.004300
bet	viņi	0.003884
bet	līdz	0.003745
biedri	un	0.142857
biedri	ir	0.085714
biedru	naudas	0.111111
biežāk	nekā	0.151899
biežāk	ir	0.063291
biežāk	un	0.050633
biežāk	tiek	0.050633
biežāk	kā	0.050633
bija	ļoti	0.042955
bija	arī	0.042304
bija	iespēja	0.022779
bija	par	0.017572
bija	tikai	0.017247
bija	tik	0.012366
bija	daudz	0.012040
bija	jau	0.011390
bija	ieradušies	0.009762
bija	un	0.009112
bija	miljoni	0.008786
bija	kā	0.008461
bija	viens	0.008135
bija	ar	0.007810
bija	tā	0.007810
bija	liels	0.007159
bija	iespējams	0.007159
bija	tas	0.007159
bija	paredzēts	0.006834
bija	grūti	0.006508
bija	vairāk	0.006508
bija	diezgan	0.006183
bija	laiks	0.006183
bija	vēl	0.006183
bija	gan	0.006183
bija	liela	0.005532
bija	pirmais	0.005532
bija	viena	0.005532
bija	tāds	0.005532
bija	jābūt	0.005532
bija	tāda	0.005532
bija	kaut	0.005207
bija	labi	0.005207
bija	skaidrs	0.005207
bija	līdz	0.005207
bija	nepieciešams	0.004881
bija	labs	0.004556
bija	no	0.004556
bija	uz	0.004230
bija	ka	0.004230
bijušais	direktors	0.093750
bijušais	draugs	0.093750
bikses	un	0.333333
bildes	ar	0.205882
bojā	cilvēki	0.090909
bojā	gājis	0.090909
bojā	un	0.060606
bojā	pieci	0.060606
bojā	jau	0.040404
bojā	kāds	0.030303
bojā	vismaz	0.030303
bojā	gāja	0.030303
braucienā	uz	0.227273
braucienā	pa	0.136364
brauks	uz	0.185185
brauks	ar	0.148148
braukt	uz	0.232558
braukt	ar	0.170543
braukt	pa	0.085271
braukt	vai	0.023256
braukt	un	0.023256
braukt	līdzi	0.023256
braukt	tad	0.023256
braukt	pat	0.023256
braukt	pēc	0.023256
brālis	un	0.166667
brālis	vai	0.166667
brīdis	kad	0.379747
brīdis	un	0.063291
brīdis	kurā	0.063291
brīdis	lai	0.050633
brīdis	bija	0.050633
brīdis	ir	0.037975
brīdī	kad	0.288462
brīdī	ir	0.052885
brīdī	bija	0.033654
brīdī	var	0.028846
brīdī	un	0.019231
brīdī	tiek	0.014423
brīdī	šķiet	0.014423
brīdī	nav	0.014423
brīdī	viss	0.014423
brīnums	ka	0.396226
brīnums	jo	0.056604
brīva	vieta	0.121212
brīva	un	0.121212
brīva	laika	0.121212
brīva	izvēle	0.090909
brīvā	laika	0.395349
brīvā	dabā	0.302326
brīvā	tirgus	0.093023
brīvību	un	0.400000
brīža	kad	0.073171
bāzes	un	0.075000
bāzes	likmi	0.075000
bāzes	likmes	0.075000
bēdīgi	ja	0.250000
bēg	no	0.714286
bērni	un	0.093750
bērni	ir	0.072917
bērni	kuri	0.037500
bērni	kas	0.033333
bērni	ar	0.029167
bērni	no	0.022917
bērni	bija	0.016667
bērni	tiek	0.016667
bērni	mācās	0.014583
bērni	var	0.014583
bērni	bet	0.014583
bērni	varētu	0.014583
bērni	kuru	0.012500
bērni	iet	0.012500
bērni	varēs	0.012500
bērni	uz	0.012500
bērni	nav	0.010417
bērni	paši	0.010417
bērni	kopā	0.010417
bērni	to	0.008333
bērni	dodas	0.008333
bērni	jau	0.008333
bērni	bieži	0.008333
bērni	gan	0.008333
bērni	par	0.008333
bērni	ja	0.006250
bērni	ļoti	0.006250
bērni	nāk	0.006250
bērni	paliek	0.006250
bērni	taču	0.006250
bērni	tur	0.006250
bērni	jo	0.006250
bērni	jaunieši	0.006250
bērni	kam	0.006250
bērni	vēl	0.006250
bērni	vecumā	0.006250
bērni	tā	0.006250
bērni	ne	0.006250
bērnu	un	0.210784
bērnu	tiesību	0.047386
bērnu	nav	0.019608
bērnu	bibliotēkā	0.017974
bērnu	nama	0.016340
bērnu	skaits	0.016340
bērnu	vecākiem	0.014706
bērnu	mākslas	0.013072
bērnu	deju	0.011438
bērnu	kas	0.011438
bērnu	ar	0.009804
bērnu	nodaļas	0.009804
bērnu	mūzikas	0.009804
bērnu	par	0.009804
bērnu	uz	0.009804
bērnu	pie	0.009804
bērnu	slimnīcas	0.009804
bērnu	skaitu	0.008170
bērnu	namā	0.008170
bērnu	vecāki	0.008170
bērnu	grāmatu	0.008170
bērnu	vasaras	0.006536
bērnu	mamma	0.006536
bērnu	apģērbu	0.006536
bērnu	dārzā	0.006536
bērnu	ir	0.006536
bērnu	ja	0.006536
bērnu	sporta	0.004902
bērnu	nams	0.004902
bērnu	uzraudzības	0.004902
bērnu	dzīves	0.004902
bērnu	laukumu	0.004902
bērnu	māte	0.004902
bērnu	nodaļā	0.004902
bērnu	rīts	0.004902
bērnu	vecāku	0.004902
bērnu	viņiem	0.004902
bērnu	dienas	0.004902
bērnu	viņa	0.004902
bērnu	no	0.004902
bērnības	atmiņas	0.090909
caur	logu	0.056180
caur	kuru	0.056180
caur	šo	0.044944
caur	savu	0.044944
caur	citu	0.044944
caur	uguni	0.033708
caur	sirdi	0.033708
cena	ir	0.202335
cena	par	0.046693
cena	un	0.042802
cena	bija	0.038911
cena	varētu	0.027237
cena	var	0.027237
cena	būs	0.023346
cena	uz	0.019455
cena	gada	0.015564
cena	būtu	0.015564
cena	nav	0.015564
cena	aug	0.015564
cena	atbilst	0.011673
cena	bet	0.011673
cena	gan	0.011673
cena	no	0.011673
cena	arī	0.011673
cena	asv	0.011673
cena	pēc	0.011673
cena	pasaules	0.011673
cena	vēl	0.011673
cenas	ir	0.118943
cenas	un	0.057269
cenas	nav	0.035242
cenas	turpina	0.026432
cenas	varētu	0.026432
cenas	bet	0.026432
cenas	tiek	0.022026
cenas	par	0.022026
cenas	var	0.022026
cenas	vēl	0.017621
cenas	šogad	0.017621
cenas	kā	0.017621
cenas	arī	0.013216
cenas	dēļ	0.013216
cenas	pieaug	0.013216
cenas	gada	0.013216
cenas	vai	0.013216
cenu	līmenis	0.086207
cenu	par	0.051724
cenu	bet	0.045977
cenu	un	0.040230
cenu	līmeni	0.040230
cenu	atšķirība	0.034483
cenu	ziņā	0.028736
cenu	jo	0.028736
cenu	nekā	0.028736
cenu	izmaiņas	0.022989
cenu	dēļ	0.017241
cenu	līdz	0.017241
cenu	kas	0.017241
cenu	starpība	0.017241
cenu	ir	0.017241
cepuri	nost	0.727273
cer	ka	0.532895
cer	uz	0.197368
cer	panākt	0.032895
cer	arī	0.019737
ceru	ka	0.834646
ceru	uz	0.055118
cerība	ka	0.454545
cerība	ir	0.090909
cerības	ka	0.320000
cerības	uz	0.140000
ceturtā	daļa	0.400000
ceļiem	ir	0.054545
ceļojuma	laikā	0.285714
ciet	un	0.312500
ciet	bet	0.187500
cietis	arī	0.200000
cietis	no	0.160000
cietis	kāds	0.120000
cieņas	un	0.500000
cigaretes	un	0.227273
cik	daudz	0.092979
cik	tas	0.037002
cik	ilgi	0.032258
cik	tad	0.026565
cik	ir	0.024668
cik	ļoti	0.021822
cik	vien	0.020873
cik	liela	0.019924
cik	nu	0.019924
cik	zinu	0.018027
cik	var	0.017078
cik	labi	0.015180
cik	lielā	0.015180
cik	tā	0.014231
cik	es	0.014231
cik	tālu	0.014231
cik	ātri	0.014231
cik	lielu	0.013283
cik	saprotu	0.012334
cik	bieži	0.012334
cik	svarīgi	0.011385
cik	liels	0.009488
cik	no	0.009488
cik	tur	0.008539
cik	cilvēku	0.008539
cik	man	0.008539
cik	zināms	0.008539
cik	mums	0.007590
cik	un	0.007590
cik	mēs	0.007590
cik	naudas	0.007590
cik	skaisti	0.006641
cik	lielas	0.006641
cik	atceros	0.005693
cik	viņš	0.005693
cik	tev	0.005693
cik	tās	0.005693
cik	viegli	0.004744
cik	daudzi	0.004744
cik	esmu	0.004744
cilvēces	vēsturē	0.571429
cilvēks	ir	0.086519
cilvēks	kurš	0.072435
cilvēks	kas	0.046278
cilvēks	var	0.040241
cilvēks	ar	0.038229
cilvēks	un	0.028169
cilvēks	to	0.016097
cilvēks	bet	0.016097
cilvēks	par	0.016097
cilvēks	uzmanības	0.014085
cilvēks	kuram	0.014085
cilvēks	nav	0.014085
cilvēks	no	0.014085
cilvēks	nevar	0.012072
cilvēks	kam	0.012072
cilvēks	jūtas	0.012072
cilvēks	pēc	0.012072
cilvēks	bez	0.010060
cilvēks	jo	0.010060
cilvēks	dzīvo	0.010060
cilvēks	tad	0.008048
cilvēks	saka	0.008048
cilvēks	pats	0.008048
cilvēks	kuru	0.008048
cilvēks	brauc	0.006036
cilvēks	varbūt	0.006036
cilvēks	bija	0.006036
cilvēks	vēl	0.006036
cilvēks	atnāk	0.006036
cilvēks	dienā	0.006036
cilvēks	jau	0.006036
cilvēks	tikai	0.006036
cilvēks	vai	0.006036
cilvēks	pie	0.006036
cilvēks	uz	0.006036
cilvēks	tomēr	0.006036
cilvēks	ja	0.006036
cilvēks	saņem	0.006036
cilvēks	grib	0.006036
cilvēks	strādā	0.006036
citas	lietas	0.075676
citas	valstis	0.075676
citas	valsts	0.070270
citas	problēmas	0.037838
citas	iespējas	0.032432
citas	mantas	0.027027
citas	firmas	0.021622
citas	personas	0.021622
citas	vietas	0.021622
citas	eiropas	0.021622
citas	ar	0.016216
citas	vērtības	0.016216
citas	tautas	0.016216
citas	puses	0.016216
citur	pasaulē	0.164706
citur	bet	0.070588
citur	ir	0.047059
citur	eiropā	0.047059
citur	un	0.047059
citā	valstī	0.191011
citā	laikā	0.056180
citā	vietā	0.056180
citā	veidā	0.044944
citā	pilsētā	0.044944
citā	reizē	0.033708
citā	ģimenē	0.033708
citām	eiropas	0.171053
citām	lietām	0.078947
citām	ar	0.065789
citām	es	0.052632
citām	valsts	0.039474
citām	vietām	0.039474
citām	problēmām	0.039474
cukura	ielā	0.259259
cukura	līmeni	0.148148
cukura	tirgū	0.111111
cīņā	ar	0.296296
cīņā	par	0.259259
cīņā	pret	0.240741
d	un	0.125000
d	d	0.053571
d	grupas	0.053571
daba	ir	0.176471
dabas	aizsardzības	0.135135
dabas	parka	0.063063
dabas	parkā	0.045045
dabas	parks	0.045045
dabas	muzejā	0.036036
dabas	vai	0.036036
dabas	ir	0.036036
dabas	un	0.027027
dabas	muzeja	0.027027
dabas	aizsardzību	0.027027
dara	savu	0.061674
dara	to	0.057269
dara	un	0.052863
dara	kā	0.044053
dara	visu	0.030837
dara	lai	0.026432
dara	arī	0.022026
dara	kaut	0.022026
dara	no	0.022026
dara	bet	0.017621
dara	ko	0.017621
dara	citi	0.017621
dara	ar	0.017621
dara	lietas	0.013216
dara	viņu	0.013216
dara	ir	0.013216
dara	pats	0.013216
dara	tā	0.013216
dara	pāri	0.013216
dara	par	0.013216
dara	ka	0.013216
dara	viņa	0.013216
dara	daudzi	0.013216
darbi	ir	0.105528
darbi	un	0.050251
darbi	kas	0.035176
darbi	bet	0.035176
darbi	būs	0.030151
darbi	tiks	0.030151
darbi	tika	0.025126
darbi	lai	0.025126
darbi	jo	0.020101
darbi	no	0.020101
darbi	notiek	0.020101
darbi	uz	0.020101
darbi	varētu	0.020101
darbi	vēl	0.015075
darbi	ko	0.015075
darbi	gan	0.015075
darbi	tā	0.015075
darbojas	arī	0.087209
darbojas	jau	0.046512
darbojas	tikai	0.040698
darbojas	kā	0.034884
darbojas	kopš	0.034884
darbojas	ar	0.034884
darbojas	uz	0.029070
darbojas	un	0.023256
darbojas	ap	0.023256
darbojas	vairāk	0.017442
darbojas	savā	0.017442
darbojas	pret	0.017442
darbojas	vairāki	0.017442
darboties	ar	0.096774
darboties	kā	0.064516
darboties	arī	0.064516
darboties	kopā	0.032258
darbā	ar	0.088542
darbā	ir	0.078125
darbā	un	0.078125
darbā	uz	0.041667
darbā	vai	0.036458
darbā	gan	0.026042
darbā	viņš	0.020833
darbā	bet	0.020833
darbā	par	0.020833
darbā	jo	0.020833
darbā	cilvēku	0.015625
darbā	būtu	0.015625
darbā	var	0.015625
daru	to	0.343750
daru	un	0.093750
darījis	un	0.142857
darījums	ar	0.136364
darījumus	ar	0.307692
dati	liecina	0.229008
dati	par	0.221374
dati	rāda	0.129771
dati	ir	0.045802
dati	un	0.038168
dati	tiks	0.022901
dati	nav	0.022901
dati	arī	0.022901
dati	tiek	0.022901
dati	uz	0.022901
datiem	ir	0.061224
datiem	par	0.061224
datiem	un	0.061224
dators	ar	0.187500
datu	bāzē	0.220000
datu	bāzes	0.160000
datu	valsts	0.080000
datu	aizsardzības	0.080000
datu	bāze	0.080000
datu	bāzi	0.060000
datu	centra	0.060000
daudziem	cilvēkiem	0.142857
daudziem	gadiem	0.107143
daudziem	citiem	0.057143
daudziem	ir	0.042857
daudziem	jautājumiem	0.042857
daudziem	jo	0.028571
daudziem	nav	0.028571
daudziem	rodas	0.021429
daudziem	ļoti	0.021429
daudziem	tas	0.021429
daudzums	ir	0.148148
daudzus	gadus	0.523810
daudzus	citus	0.079365
daudzus	cilvēkus	0.047619
daļa	no	0.275943
daļa	ir	0.056604
daļa	cilvēku	0.025943
daļa	sabiedrības	0.018868
daļa	un	0.018868
daļa	par	0.014151
daļa	vainas	0.011792
daļa	bija	0.011792
daļa	atbildības	0.011792
daļa	šo	0.011792
daļa	sieviešu	0.011792
daļa	kas	0.011792
daļa	jeb	0.011792
daļa	uzskata	0.009434
daļa	kurā	0.009434
daļa	naudas	0.009434
daļa	arī	0.009434
daļa	kā	0.009434
daļa	mūsu	0.007075
daļa	tiks	0.007075
daļa	banku	0.007075
daļa	gan	0.007075
daļa	jau	0.007075
daļa	bērnu	0.007075
daļa	tiek	0.007075
daļa	joprojām	0.007075
daļa	latviešu	0.007075
daļa	ļaužu	0.007075
daļa	savukārt	0.007075
daļai	ir	0.076923
daļai	no	0.061538
daļai	mūsu	0.046154
daļai	sabiedrības	0.046154
daļas	vadītāja	0.230769
daļas	vadītājs	0.162393
daļas	un	0.051282
daļas	par	0.051282
daļas	komandieris	0.034188
daļu	no	0.293194
daļu	kas	0.041885
daļu	naudas	0.036649
daļu	un	0.031414
daļu	bet	0.031414
daļu	veido	0.020942
daļu	sava	0.020942
daļu	tirgus	0.015707
daļu	algas	0.015707
daļu	par	0.015707
daļu	mūsu	0.015707
debesis	ir	0.333333
degvielas	cenas	0.285714
degvielas	tirgū	0.142857
degvielas	cenu	0.107143
dejo	jau	0.176471
dejo	ar	0.176471
der	atgādināt	0.130435
der	atcerēties	0.130435
desmit	gadiem	0.132404
desmit	gadu	0.128920
desmit	gadus	0.104530
desmit	gados	0.048780
desmit	gadi	0.038328
desmit	dienu	0.027875
desmit	minūtēs	0.027875
desmit	un	0.027875
desmit	minūtes	0.020906
desmit	cilvēki	0.013937
desmit	vai	0.013937
desmit	punktu	0.013937
desmit	reižu	0.013937
desmit	mēnešus	0.013937
desmit	dienas	0.013937
desmit	reizes	0.010453
desmit	miljonus	0.010453
desmit	līdz	0.010453
desmit	procentiem	0.010453
desmitiem	rītā	0.139535
desmitiem	gadu	0.093023
desmitiem	cilvēku	0.093023
desmitiem	vakarā	0.069767
desmitiem	miljonu	0.069767
devies	uz	0.272727
devies	projām	0.090909
devies	atpakaļ	0.068182
devis	iespēju	0.136364
deviņi	miljoni	0.111111
deviņi	no	0.111111
deviņi	gadi	0.111111
devāmies	uz	0.333333
devās	uz	0.383838
devās	prom	0.090909
devās	pie	0.050505
devās	tālāk	0.030303
devās	arī	0.030303
diena	ir	0.089385
diena	un	0.083799
diena	kad	0.072626
diena	bija	0.039106
diena	kas	0.027933
diena	nav	0.022346
diena	būs	0.022346
diena	kā	0.022346
diena	paiet	0.022346
diena	būtu	0.022346
diena	lai	0.016760
diena	tas	0.016760
dienai	un	0.156250
dienai	kas	0.093750
dievam	ka	0.122449
dievam	es	0.102041
dievam	par	0.061224
dievam	un	0.061224
dievs	svētī	0.068627
dievs	ir	0.068627
dievs	mūs	0.049020
dievs	dod	0.039216
dievs	cik	0.029412
dievs	nav	0.029412
dievs	palīdzi	0.029412
dievs	un	0.029412
dievs	viņam	0.029412
dievu	un	0.181818
diez	vai	0.806202
diez	ko	0.062016
diez	cik	0.038760
diezgan	daudz	0.136364
diezgan	grūti	0.058442
diezgan	liela	0.045455
diezgan	labi	0.045455
diezgan	bieži	0.045455
diezgan	liels	0.025974
diezgan	vienkārši	0.019481
diezgan	lielu	0.019481
diezgan	sarežģīti	0.019481
diezgan	lielas	0.019481
diezgan	ātri	0.019481
diezgan	skaidri	0.019481
diezgan	strauji	0.019481
diezgan	pamatīgi	0.019481
diezgan	reti	0.019481
direktora	amatā	0.190476
direktora	vietu	0.142857
direktors	ir	0.049180
direktors	bija	0.049180
divos	gados	0.482759
divos	naktī	0.103448
divreiz	vairāk	0.233333
divās	dienās	0.153846
divās	vietās	0.115385
dodamies	uz	0.545455
dodies	uz	0.571429
dolārus	par	0.500000
domaju	ka	1.000000
domājis	par	0.230769
domājis	ka	0.230769
domām	ir	0.142857
domām	un	0.083333
domām	nav	0.047619
domām	būs	0.047619
domām	par	0.035714
domām	ja	0.035714
domām	tas	0.035714
domām	līdz	0.035714
domās	ir	0.222222
domās	par	0.194444
domās	un	0.111111
dos	iespēju	0.368421
dosies	uz	0.423077
dosies	arī	0.051282
dosies	pie	0.051282
dota	iespēja	0.589744
draud	ar	0.258065
draud	briesmas	0.129032
draud	par	0.096774
draudēja	ar	0.571429
drosmi	un	0.583333
drošāk	un	0.250000
drošība	pirmajā	0.142857
drošību	un	0.188406
drošību	ir	0.057971
drošību	jo	0.043478
drēbes	un	0.222222
durvis	un	0.190476
durvis	uz	0.107143
durvis	ir	0.047619
durvis	no	0.035714
durvis	bija	0.035714
durvju	dienas	0.185185
durvju	dienu	0.148148
durvju	dienā	0.111111
durvju	priekšā	0.111111
dušas	telpas	0.272727
dušas	un	0.272727
dvēseli	un	0.166667
dziedāt	un	0.181818
dziesma	ir	0.075000
dziesma	un	0.075000
dziesma	kas	0.075000
dziesma	ar	0.075000
dzimšanas	dienu	0.286667
dzimšanas	dienā	0.206667
dzimšanas	dienas	0.173333
dzimšanas	diena	0.113333
dzimšanas	dienai	0.066667
dzimšanas	apliecību	0.026667
dzirdēju	ka	0.583333
dzīvniekiem	ir	0.114286
dzīvoju	un	0.129032
dārga	un	0.214286
dārgo	laiku	0.750000
dēls	un	0.117647
dēls	ir	0.058824
dīvaini	ka	0.194444
dīvaini	ja	0.111111
dīvaini	bet	0.083333
eiropas	komisijas	0.155340
eiropas	un	0.058252
eiropas	valstis	0.045307
eiropas	naudu	0.038835
eiropas	valstu	0.035599
eiropas	lietu	0.022654
eiropas	finanšu	0.019417
eiropas	naudas	0.019417
eiropas	akciju	0.016181
eiropas	padomes	0.016181
eiropas	kino	0.016181
eiropas	atbalstu	0.012945
eiropas	ziemassvētki	0.012945
eiropas	nauda	0.012945
eiropas	padome	0.009709
eiropas	pilsoņu	0.009709
eiropas	valsti	0.009709
eiropas	futbola	0.009709
eiropas	tautu	0.009709
eiropas	līmeņa	0.009709
eiropas	drošības	0.009709
eiropas	līmenī	0.009709
eiropu	un	0.275862
ekskursiju	pa	0.333333
elektrības	un	0.135135
elektrības	cena	0.108108
elektrības	ir	0.081081
elektrības	cenas	0.081081
elektrības	vadi	0.081081
em	valsts	0.185185
em	un	0.111111
ezeru	zeme	0.285714
ezeru	un	0.214286
faktu	ka	0.568182
faktu	un	0.068182
federālo	rezervju	1.000000
flotes	ielā	0.555556
formā	jo	0.131579
formā	un	0.131579
fotogrāfiju	kas	0.235294
g	decembrī	0.146341
g	novembris	0.121951
gada	laikā	0.106489
gada	sākumā	0.072379
gada	beigām	0.061564
gada	nogalē	0.058236
gada	beigās	0.045757
gada	decembrī	0.039933
gada	pirmajā	0.039101
gada	sākuma	0.032446
gada	vasarā	0.024126
gada	septembris	0.024126
gada	valsts	0.024126
gada	otrajā	0.019967
gada	un	0.015807
gada	marta	0.014143
gada	garumā	0.013311
gada	novembris	0.010815
gada	līdz	0.009983
gada	līmenī	0.009983
gada	balva	0.009151
gada	augusts	0.007488
gada	izlaiduma	0.007488
gada	ir	0.006656
gada	trešajā	0.006656
gada	pirmo	0.005824
gada	sākums	0.005824
gada	eiropas	0.004992
gada	pirmā	0.004992
gada	darbības	0.004992
gada	pēdējā	0.004992
gada	desmit	0.004992
gada	skolotājs	0.004992
gada	balvu	0.004992
gada	vai	0.004160
gada	pasaules	0.004160
gada	es	0.004160
gada	uz	0.004160
gada	izrāde	0.004160
gada	vidū	0.004160
gada	vecuma	0.004160
gada	auto	0.003328
gads	ir	0.072368
gads	kad	0.059211
gads	būs	0.052632
gads	un	0.052632
gads	jau	0.032895
gads	ar	0.032895
gads	nav	0.032895
gads	bijis	0.032895
gads	kopš	0.026316
gads	ja	0.026316
gads	bet	0.019737
gads	šajā	0.019737
gadījumam	ja	0.400000
gadīties	ka	0.653846
gaida	kad	0.079365
gaida	arī	0.055556
gaida	ka	0.047619
gaida	un	0.047619
gaida	no	0.039683
gaida	tikai	0.039683
gaida	vērtīga	0.023810
gaida	lai	0.023810
gaidu	kad	0.333333
gaidīja	kravas	0.081081
gala	lēmums	0.119048
gala	rezultātā	0.071429
gala	lēmumu	0.071429
galda	un	0.161290
galda	spēles	0.048387
galda	nav	0.048387
galerijā	klints	0.238095
galerijā	augstāk	0.142857
galu	galā	0.940678
galvenā	problēma	0.129032
galvenā	balva	0.112903
galvenā	vērtība	0.064516
galvenā	uzmanība	0.064516
galvenā	doma	0.048387
gandrīz	vai	0.094708
gandrīz	par	0.061281
gandrīz	puse	0.055710
gandrīz	visi	0.052925
gandrīz	katru	0.027855
gandrīz	visu	0.025070
gandrīz	neiespējami	0.019499
gandrīz	uz	0.016713
gandrīz	katrā	0.016713
gandrīz	visos	0.016713
gandrīz	neko	0.016713
gandrīz	nekad	0.013928
gandrīz	kā	0.013928
gandrīz	katrs	0.013928
gandrīz	tūkstoši	0.013928
gandrīz	neviens	0.013928
gandrīz	tikpat	0.013928
gandrīz	visas	0.013928
gandrīz	gadu	0.011142
gandrīz	pilnībā	0.011142
gandrīz	visiem	0.008357
gandrīz	divdesmit	0.008357
gandrīz	nav	0.008357
gandrīz	tā	0.008357
gandrīz	vienmēr	0.008357
gandrīz	tikai	0.008357
gandrīz	līdz	0.008357
gandrīz	visās	0.008357
gandrīz	mēnesi	0.008357
gandrīz	miljons	0.008357
gandrīz	jau	0.008357
gara	un	0.120000
garumā	un	0.135802
garumā	no	0.061728
garumā	ir	0.061728
garumā	līdz	0.037037
garumā	jo	0.037037
garšu	un	0.444444
gatavas	uzņemt	0.200000
glābšanas	dienesta	0.478571
glābšanas	dienests	0.228571
glābšanas	darbi	0.071429
glābšanas	darbiem	0.035714
glābšanas	dienestu	0.028571
glābšanas	stacijas	0.028571
glābšanas	misiju	0.021429
godīgi	sakot	0.230769
godīgi	un	0.138462
godīgi	ka	0.061538
godīgi	es	0.061538
grants	ceļu	0.357143
grants	ceļiem	0.214286
gribam	lai	0.230769
gribam	būt	0.092308
gribam	dzīvot	0.046154
gribam	vai	0.046154
gribēja	iet	0.088235
gribētos	lai	0.271186
gribētos	uzzināt	0.050847
grupai	bija	0.176471
grupas	un	0.063380
grupas	kas	0.056338
grupas	vadītāja	0.042254
grupas	vadītājs	0.028169
grupas	vecākā	0.028169
grupas	bērni	0.021127
grupas	no	0.021127
grupas	kuras	0.021127
grupas	ar	0.021127
grupas	koncertu	0.021127
grupas	meitenēm	0.021127
grupas	the	0.021127
grāmatā	kā	0.111111
grīdas	un	0.230769
grūtāk	ir	0.119048
grūtāk	nekā	0.095238
grūtāk	taču	0.071429
grūtāk	jo	0.071429
grūtāk	atrast	0.071429
grūtības	ar	0.125000
grūtības	un	0.083333
grūtības	atrast	0.062500
gudri	un	0.235294
gudri	cilvēki	0.147059
gāzes	cenu	0.187500
gāzes	tirgus	0.156250
gāzes	cenas	0.093750
gāzes	vada	0.062500
gāzes	cena	0.046875
gūt	panākumus	0.093023
gūt	vārtus	0.093023
gūt	jaunas	0.069767
gūt	no	0.069767
gūt	labumu	0.069767
ha	ha	0.541667
iebildumu	pret	0.294118
iedzīvotāji	ir	0.052239
iedzīvotāji	un	0.041045
iedzīvotāji	kas	0.041045
iedzīvotāji	var	0.037313
iedzīvotāji	no	0.037313
iedzīvotāji	par	0.026119
iedzīvotāji	varēs	0.022388
iedzīvotāji	kuri	0.018657
iedzīvotāji	jau	0.018657
iedzīvotāji	kuru	0.014925
iedzīvotāji	gan	0.014925
iedzīvotāji	to	0.014925
iedzīvotāji	ar	0.014925
iedzīvotāji	tiek	0.014925
iedzīvotāji	vēl	0.011194
iedzīvotāji	uz	0.011194
iedzīvotāji	lai	0.011194
iedzīvotāji	nav	0.011194
iedzīvotāji	paši	0.011194
iedzīvotāji	uzskata	0.011194
iedzīvotāji	pat	0.011194
iedzīvotāji	ap	0.011194
iedzīvotāji	labprāt	0.011194
ieeja	brīva	0.250000
ieeja	bez	0.125000
ieguva	vietu	0.081081
ielās	un	0.232558
iemācīt	arī	0.176471
iemācīties	un	0.096774
ienākt	prātā	0.187500
iepazīstieties	ar	1.000000
iepriekšējo	gadu	0.619048
iepriekšējās	finanšu	0.088235
ieradies	arī	0.160000
ieradusies	arī	0.235294
ieradušies	arī	0.068966
ieradušies	vairāk	0.051724
ieradušies	uz	0.051724
ieradušies	visi	0.051724
ieraudzīt	ka	0.096774
ieraudzīt	jau	0.096774
ieraudzīt	un	0.096774
ieroči	un	0.571429
iespēja	ka	0.061538
iespēja	piedalīties	0.046154
iespēja	saņemt	0.032967
iespēja	redzēt	0.028571
iespēja	iepazīties	0.028571
iespēja	ir	0.021978
iespēja	ne	0.017582
iespēja	parādīt	0.017582
iespēja	to	0.015385
iespēja	ar	0.015385
iespēja	sevi	0.013187
iespēja	iepazīt	0.013187
iespēja	arī	0.013187
iespēja	izvēlēties	0.013187
iespēja	tikties	0.013187
iespēja	izmantot	0.010989
iespēja	mācīties	0.010989
iespēja	strādāt	0.010989
iespēja	kā	0.010989
iespēja	sekot	0.010989
iespēja	uzzināt	0.010989
iespēja	pašiem	0.008791
iespēja	un	0.008791
iespēja	veikt	0.008791
iespēja	izmēģināt	0.008791
iespēja	palīdzēt	0.008791
iespēja	būs	0.008791
iespēja	apskatīt	0.008791
iespēja	vairāk	0.008791
iespēja	kļūt	0.008791
iespēja	panākt	0.008791
iespēja	būt	0.008791
iespēja	doties	0.008791
iespēja	dzīvot	0.006593
iespēja	pierādīt	0.006593
iespēja	novērtēt	0.006593
iespēja	atgriezties	0.006593
iespēja	satikt	0.006593
iespēja	dzirdēt	0.006593
iespēja	izbaudīt	0.006593
iespējamo	lai	0.304348
ietekme	uz	0.489362
ietekme	ir	0.085106
ietekme	būs	0.063830
ievainots	viens	1.000000
ieņem	vietu	0.150000
informācijas	par	0.105263
informācijas	tehnoloģiju	0.096491
informācijas	centra	0.092105
informācijas	biroja	0.052632
informācijas	centrā	0.043860
informācijas	un	0.039474
informācijas	centrs	0.035088
informācijas	tehnoloģijas	0.030702
informācijas	sistēmu	0.021930
informācijas	kas	0.021930
informācijas	centru	0.021930
informācijas	apmaiņu	0.017544
informācijas	sabiedrības	0.017544
informācijas	neesot	0.013158
informācijas	ka	0.013158
informācijas	sistēmas	0.013158
informācijas	cik	0.013158
informācijas	avots	0.013158
informācijas	vai	0.013158
interesē	tikai	0.072289
interesē	kas	0.060241
interesē	tas	0.048193
interesē	un	0.036145
interesē	gan	0.036145
interesē	kā	0.036145
interesē	nauda	0.036145
interesē	lai	0.036145
internetā	un	0.130435
internetā	ir	0.115942
internetā	gan	0.043478
izdarīts	un	0.125000
izdarīts	pareizi	0.093750
izdomā	ko	0.250000
izdzīvot	un	0.138889
izdzīvot	no	0.083333
izmeklēšanu	un	0.178571
izmeklēšanu	par	0.107143
izmeklēšanu	lai	0.107143
izredzes	kļūt	0.222222
izredzes	uzvarēt	0.166667
izrāde	bērniem	0.088235
izrāde	ir	0.088235
izrāde	par	0.044118
izrādi	un	0.071429
izrādīt	savu	0.214286
izskaidrot	ar	0.142857
izskatīties	pārāk	0.285714
izslēgt	no	0.266667
izslēgts	ka	0.724138
iztikt	bez	0.403846
iztikt	ar	0.134615
izvairīties	no	0.800000
izvairīties	un	0.050000
izņemt	no	0.235294
j	e	0.130435
j	b	0.130435
jauki	ka	0.230769
jauki	bet	0.102564
jauki	un	0.102564
jauki	ja	0.102564
jauks	un	0.363636
jauku	un	0.176471
jaunajiem	cilvēkiem	0.210526
jautājums	par	0.222222
jautājums	ir	0.132275
jautājums	vai	0.111111
jautājums	kas	0.037037
jautājums	kā	0.037037
jautājums	kāpēc	0.031746
jautājums	cik	0.026455
jautājums	ko	0.023810
jautājums	bija	0.015873
jautājums	un	0.015873
jautājums	kur	0.015873
jautājums	kurš	0.015873
jautājums	tikai	0.015873
jautājums	ka	0.013228
jautājums	tiks	0.013228
jautājums	tika	0.010582
jautājums	kam	0.010582
jautājums	nav	0.010582
jautājums	būt	0.007937
jautājums	paliek	0.007937
jautājums	būs	0.007937
jautājums	ar	0.007937
jautājums	kādēļ	0.007937
jautājums	ja	0.007937
jautājumu	par	0.176991
jautājumu	vai	0.156342
jautājumu	kas	0.070796
jautājumu	kā	0.050147
jautājumu	kāpēc	0.047198
jautājumu	ir	0.023599
jautājumu	ko	0.023599
jautājumu	cik	0.017699
jautājumu	un	0.017699
jautājumu	kāda	0.014749
jautājumu	var	0.014749
jautājumu	ar	0.014749
jautājumu	bet	0.011799
jautājumu	kur	0.011799
jautājumu	nekā	0.011799
jautājumu	kad	0.011799
jautājumu	kura	0.008850
jautājumu	nav	0.008850
jautājumu	nevar	0.008850
jautājumu	uz	0.008850
jautājumus	par	0.139785
jautājumus	un	0.129032
jautājumus	kas	0.075269
jautājumus	pa	0.032258
jautājumus	bet	0.032258
jautāt	vai	0.208333
jautāt	ko	0.166667
jautāt	kā	0.125000
jebkura	cita	0.142857
jebkura	veida	0.107143
jebkuru	citu	0.133333
jebkuru	cilvēku	0.066667
jebkuru	jautājumu	0.066667
joku	par	0.444444
jomā	ir	0.120219
jomā	un	0.092896
jomā	nav	0.032787
jomā	kas	0.032787
jomā	jau	0.027322
jomā	bet	0.027322
jomā	gan	0.021858
jomā	bija	0.016393
jomā	notiek	0.016393
jomā	tiek	0.016393
jomā	man	0.016393
jomā	esam	0.016393
jomā	mūsu	0.016393
jomā	vēl	0.016393
jā	es	0.059880
jā	un	0.059880
jā	bet	0.041916
jā	ir	0.038922
jā	arī	0.035928
jā	tas	0.032934
jā	tad	0.029940
jā	tā	0.026946
jā	mēs	0.023952
jā	daru	0.017964
jā	jā	0.017964
jā	man	0.014970
jā	protams	0.011976
jā	viņa	0.011976
jā	tieši	0.011976
jā	var	0.011976
jā	viņš	0.011976
jā	ja	0.008982
jā	gan	0.008982
jā	par	0.008982
jā	to	0.008982
jā	tur	0.008982
jā	varbūt	0.008982
jāatbild	uz	0.342857
jāatbild	par	0.285714
jāatbild	nevis	0.085714
jādod	iespēja	0.238095
jādodas	uz	0.611111
jāizlemj	vai	0.272727
jāmeklē	jauni	0.066667
jāmeklē	iespējas	0.050000
jāmeklē	veidi	0.050000
jāmācās	no	0.133333
jāmācās	un	0.100000
jānotiek	lai	0.222222
jārunā	par	0.281250
jārunā	ar	0.187500
jāturpina	strādāt	0.266667
jāturpina	darbs	0.200000
jāved	uz	0.500000
jāņem	vērā	0.793103
jāņem	gan	0.034483
jāņem	līdzi	0.027586
jāņem	arī	0.020690
jūs	esat	0.124211
jūs	varat	0.050526
jūs	varētu	0.023158
jūs	domājat	0.023158
jūs	zināt	0.021053
jūs	taču	0.021053
jūs	jau	0.018947
jūs	te	0.018947
jūs	to	0.016842
jūs	pats	0.016842
jūs	nevarat	0.012632
jūs	neesat	0.012632
jūs	redzēsiet	0.012632
jūs	gribat	0.012632
jūs	vēl	0.010526
jūs	par	0.010526
jūs	redzat	0.010526
jūs	esiet	0.010526
jūs	visi	0.008421
jūs	vēlētos	0.008421
jūs	savu	0.008421
jūs	tagad	0.008421
jūs	man	0.008421
jūs	gribētu	0.008421
jūs	gribējāt	0.006316
jūs	un	0.006316
jūs	uzskatāt	0.006316
jūs	tā	0.006316
jūs	gaida	0.006316
jūs	ar	0.006316
jūs	vispār	0.006316
jūs	var	0.006316
jūs	tās	0.006316
jūs	varēsiet	0.006316
jūs	droši	0.006316
jūs	bijāt	0.006316
jūs	būtu	0.006316
jūs	kādreiz	0.006316
jūs	neko	0.006316
jūs	runājiet	0.006316
k	gs	0.111111
kaklu	un	0.500000
kalna	ielā	0.150000
kalna	galā	0.150000
karjeras	laikā	0.096774
karjeras	nedēļa	0.096774
karjeras	nedēļas	0.096774
karjeras	dienas	0.096774
karjeras	iespējas	0.096774
karte	ir	0.250000
katra	cilvēka	0.086614
katra	no	0.062992
katra	diena	0.055118
katra	valsts	0.047244
katra	paša	0.039370
katra	jauna	0.039370
katra	sieviete	0.031496
katra	otrā	0.023622
katra	darba	0.023622
katra	mēneša	0.023622
katra	ministrija	0.023622
katra	stūra	0.023622
katra	spējām	0.023622
katrai	valstij	0.166667
katrai	ģimenei	0.111111
katrai	mājai	0.111111
kaķi	ir	0.166667
kino	un	0.065574
kino	ir	0.065574
kino	lora	0.049180
kino	vai	0.049180
kino	centra	0.049180
kino	centrs	0.049180
klase	ir	0.200000
klausīties	mūziku	0.200000
klausīties	un	0.100000
klausīties	ko	0.100000
kluba	vadītāja	0.074074
kluba	darbību	0.055556
kluba	prezidents	0.055556
kluba	vadītājs	0.055556
kluba	biedri	0.055556
klubu	un	0.214286
ko	darīt	0.040790
ko	var	0.024538
ko	viņi	0.023263
ko	tad	0.022626
ko	mēs	0.021670
ko	citu	0.021351
ko	tu	0.019758
ko	viņš	0.017846
ko	tādu	0.016890
ko	es	0.015615
ko	dara	0.014022
ko	nozīmē	0.013384
ko	jūs	0.012110
ko	jaunu	0.012110
ko	tas	0.011791
ko	par	0.010516
ko	ir	0.009242
ko	ar	0.008923
ko	varētu	0.008286
ko	lai	0.008286
ko	gan	0.007967
ko	no	0.007330
ko	teikt	0.007011
ko	un	0.007011
ko	viņa	0.007011
ko	vairāk	0.007011
ko	tik	0.006373
ko	grib	0.006373
ko	tie	0.006055
ko	vēl	0.006055
ko	tā	0.006055
ko	tur	0.005736
ko	līdzīgu	0.005417
ko	liecina	0.005099
ko	varam	0.005099
ko	domā	0.005099
ko	mums	0.005099
ko	nevar	0.005099
ko	te	0.004780
ko	paši	0.004461
komisijas	maksa	0.102564
komisijas	sēdē	0.102564
komisijas	vadītājs	0.085470
komisijas	locekļi	0.085470
komisijas	vadītāja	0.042735
komisijas	lēmumu	0.034188
komisijas	darbs	0.025641
komisijas	maksas	0.025641
komisijas	līmenī	0.025641
komisijas	loceklis	0.025641
kompānija	ir	0.086420
kompānija	no	0.061728
kompānija	vienmēr	0.037037
kompānija	plāno	0.037037
kompānija	un	0.037037
kontroles	un	0.098039
kontroles	centra	0.078431
kontroles	daļas	0.058824
kontroles	departamenta	0.058824
kontroles	birojs	0.058824
kontroles	nodaļas	0.058824
kopš	gada	0.379679
kopš	tā	0.085561
kopš	šā	0.058824
kopš	pagājušā	0.048128
kopš	bērnības	0.037433
kopš	tās	0.024064
kopš	padomju	0.013369
kopš	gadiem	0.013369
kopš	vasaras	0.013369
kopš	marta	0.013369
kopš	darbu	0.008021
kopš	šīs	0.008021
kopš	viņa	0.008021
kopš	šī	0.008021
krāpšanu	un	0.375000
krāsas	pietrūkst	0.281250
krāsas	kas	0.156250
krīze	ir	0.217391
krīze	un	0.086957
kundze	pastāstīja	0.056604
kundzes	un	0.230769
kurienes	uz	0.083333
kurienes	tad	0.083333
kursu	par	0.136364
kāpnes	kas	0.300000
kāpnes	uz	0.300000
kārtība	un	0.181818
kārtība	ir	0.090909
kārtība	valsts	0.054545
kārtība	kādā	0.054545
kārtība	jo	0.054545
kārtībā	un	0.133333
kārtībā	bet	0.066667
kārtībā	ar	0.044444
kārtībā	tad	0.044444
kārtībā	jo	0.033333
kārtībā	ir	0.033333
kārtībā	lai	0.033333
kļūdas	un	0.214286
kļūdas	dēļ	0.089286
kļūdas	kas	0.053571
kļūdas	ir	0.053571
kļūst	par	0.328283
kļūst	arvien	0.181818
kļūst	aizvien	0.085859
kļūst	skaidrs	0.020202
kļūst	mazliet	0.020202
kļūst	vairāk	0.020202
kļūst	skumji	0.015152
kļūst	jo	0.015152
kļūst	vieglāk	0.015152
kļūst	ne	0.015152
kļūt	par	0.831224
kļūt	peļņu	0.025316
labprāt	to	0.045455
labprāt	pieņem	0.045455
labprāt	dodas	0.034091
labprāt	redzētu	0.034091
labs	un	0.083770
labs	piemērs	0.062827
labs	darbs	0.041885
labs	nav	0.031414
labs	bet	0.026178
labs	veids	0.026178
labs	vai	0.020942
labs	gads	0.020942
labs	sākums	0.020942
labs	pasākums	0.020942
labs	laiks	0.020942
labs	signāls	0.015707
labs	brīdis	0.015707
labs	lai	0.015707
labs	draugs	0.015707
labs	to	0.015707
labs	vārds	0.015707
labs	ēdiens	0.015707
labs	risinājums	0.015707
labu	laiku	0.131222
labu	darbu	0.058824
labu	un	0.040724
labu	rezultātu	0.031674
labu	esam	0.027149
labu	ģimenes	0.018100
labu	peļņu	0.018100
labu	vai	0.018100
labu	vārdu	0.018100
labu	veselību	0.013575
labu	nevar	0.013575
labu	arī	0.013575
labu	valstij	0.013575
labu	grāmatu	0.013575
labāk	nekā	0.065574
labāk	būtu	0.051913
labāk	un	0.046448
labāk	ja	0.035519
labāk	ir	0.032787
labāk	lai	0.032787
labāk	par	0.030055
labāk	patīk	0.027322
labāk	to	0.019126
labāk	bet	0.013661
labāk	var	0.013661
labāk	jau	0.010929
labāk	jo	0.010929
labāk	es	0.010929
labāk	ka	0.010929
labāk	kas	0.010929
labāk	iepazīt	0.010929
labāk	kā	0.010929
labāk	izprast	0.010929
labāk	ar	0.010929
labāk	lietot	0.008197
labāk	izvēlēties	0.008197
labāk	tomēr	0.008197
labāk	varēja	0.008197
labāk	grib	0.008197
labāk	izvēlas	0.008197
labākās	puses	0.142857
labās	un	0.153846
laikus	ar	0.078947
laikus	kad	0.065789
laikus	un	0.065789
laime	ir	0.187500
laimi	nav	0.076923
laimi	un	0.057692
laipni	aicina	0.142857
lasu	un	0.150000
lasu	ka	0.150000
lasu	par	0.150000
lasījis	un	0.272727
latviešu	valodā	0.154034
latviešu	biedrības	0.134474
latviešu	valodas	0.127139
latviešu	valodu	0.075795
latviešu	tautas	0.070905
latviešu	valoda	0.053790
latviešu	un	0.034230
latviešu	tauta	0.019560
latviešu	bērnu	0.014670
latviešu	dziesmu	0.012225
latviešu	gan	0.012225
latviešu	tautu	0.012225
latviešu	sabiedrībā	0.007335
latviešu	krievu	0.007335
latviešu	fotogrāfijas	0.007335
latviešu	mūzika	0.007335
latviešu	kino	0.007335
lauku	atbalsta	0.105263
lauku	sētas	0.058480
lauku	mājās	0.046784
lauku	vecis	0.035088
lauku	mājas	0.035088
lauku	iedzīvotājiem	0.035088
lauku	ļaudis	0.035088
lauku	ļaudīm	0.029240
lauku	ceļi	0.023392
lauku	ģimenes	0.023392
lauku	darbi	0.023392
lauku	mājām	0.023392
lauku	darbus	0.023392
lauku	un	0.017544
lauku	cilvēku	0.017544
lauku	māju	0.017544
lauku	ceļu	0.017544
lauku	cilvēkiem	0.017544
lauku	dzīves	0.017544
lauku	ielas	0.017544
lauku	skolu	0.017544
lauku	darbiem	0.017544
laukumu	ar	0.137931
laukumu	un	0.137931
laulību	skaits	0.187500
lemts	par	0.292683
lemts	arī	0.146341
lemts	jautājums	0.073171
lepnums	ka	0.230769
liecinieku	liecības	0.363636
liecināt	par	0.545455
liekot	lietā	0.193548
liekot	uz	0.129032
liekot	saprast	0.096774
lieli	un	0.222222
lieli	līdzekļi	0.111111
lieli	kā	0.055556
lieliska	iespēja	0.354839
lieliska	vieta	0.096774
lieliski	ka	0.065574
lieliski	un	0.065574
lieliski	tika	0.049180
lieliski	prot	0.049180
lieliski	tiek	0.049180
lielisku	iespēju	0.176471
lielo	pilsētu	0.127273
lielo	uzņēmumu	0.072727
lielo	un	0.045455
lielo	ielu	0.045455
lielo	burtu	0.036364
lielo	parādu	0.027273
lielo	ieguldījumu	0.027273
lielāka	nekā	0.181818
lielāka	iespēja	0.109091
lielāka	par	0.100000
lielāka	uzmanība	0.063636
lielāka	un	0.036364
lielāka	daļa	0.036364
lielāka	ja	0.027273
lielāka	brīvība	0.027273
lielāka	summa	0.027273
lielāka	atbildība	0.027273
lielāks	nekā	0.158537
lielāks	par	0.109756
lielāks	un	0.073171
lielāks	risks	0.060976
lielāks	skaits	0.048780
lielāks	tirgus	0.036585
lielās	skatuves	0.161290
lielās	ielas	0.129032
lielās	zāles	0.112903
lielās	un	0.064516
lielās	mūzikas	0.048387
lielās	pilsētas	0.048387
lietu	komisijas	0.077419
lietu	par	0.077419
lietu	ministrija	0.051613
lietu	ministrs	0.045161
lietu	un	0.045161
lietu	jo	0.025806
lietu	ne	0.019355
lietu	ir	0.019355
lietu	nav	0.019355
lietu	kas	0.019355
lietu	bet	0.019355
lietu	nodaļas	0.019355
lietām	kas	0.175258
lietām	un	0.123711
lietām	ir	0.051546
lietām	par	0.041237
lietām	ko	0.041237
lietām	bet	0.041237
lietām	piemēram	0.030928
lietām	var	0.030928
lietās	kas	0.173913
lietās	un	0.130435
likt	lietā	0.142857
likt	arī	0.059524
likt	uz	0.047619
likt	vietā	0.035714
likumi	ir	0.147059
likumi	un	0.147059
likumi	kas	0.117647
likās	ka	0.629032
likās	ļoti	0.064516
logu	un	0.200000
loma	ir	0.301887
loma	būs	0.075472
loma	bija	0.056604
londonā	un	0.200000
līderi	un	0.131579
līderi	ir	0.105263
līderi	pirms	0.078947
līderis	ir	0.160000
līdzeklis	pret	0.100000
līdzeklis	kas	0.100000
līdzīga	situācija	0.243902
līgas	un	0.200000
līmenis	ir	0.210000
līmenis	valstī	0.060000
līmenis	kas	0.040000
līmenis	kā	0.030000
līmenis	bija	0.030000
līmenis	tur	0.030000
līmenis	jo	0.030000
līmenis	ceļas	0.030000
līmeņa	vadītāju	0.100000
līmeņa	un	0.060000
lūgt	palīdzību	0.136364
mamma	ir	0.061947
mamma	un	0.053097
mamma	ar	0.035398
mamma	esot	0.035398
mamma	man	0.035398
mamma	ļoti	0.026549
mamma	nav	0.026549
mamma	atnāca	0.026549
mamma	tētis	0.026549
mamma	bija	0.026549
mamma	jau	0.026549
mana	mamma	0.075269
mana	ģimene	0.048387
mana	sieva	0.043011
mana	dzīve	0.032258
mana	pasaule	0.026882
mana	meita	0.026882
mana	pirmā	0.021505
mana	māja	0.021505
mana	pieredze	0.016129
mana	zeme	0.016129
mana	labākā	0.016129
mana	vārda	0.016129
mana	sirds	0.016129
mana	darba	0.016129
mana	jaunā	0.016129
mana	problēma	0.016129
mana	vaina	0.016129
mana	otrā	0.016129
mana	atbilde	0.016129
mana	dzīves	0.016129
mana	izvēle	0.016129
mana	iespēja	0.016129
manai	meitai	0.250000
mans	viedoklis	0.050314
mans	darbs	0.050314
mans	bērns	0.050314
mans	mērķis	0.044025
mans	pirmais	0.037736
mans	draugs	0.031447
mans	dēls	0.031447
mans	tēvs	0.031447
mans	vīrs	0.025157
mans	dzīves	0.025157
mans	uzdevums	0.025157
mans	jautājums	0.018868
mans	tētis	0.018868
mans	pienākums	0.018868
mans	laiks	0.018868
mans	labs	0.018868
mans	galvenais	0.018868
mans	mīļākais	0.018868
mans	suns	0.018868
manuprāt	ir	0.162896
manuprāt	tas	0.095023
manuprāt	nav	0.049774
manuprāt	arī	0.027149
manuprāt	ļoti	0.027149
manuprāt	šī	0.022624
manuprāt	šo	0.013575
manuprāt	no	0.013575
manuprāt	gan	0.013575
manuprāt	ja	0.013575
manuprāt	par	0.013575
manuprāt	tā	0.013575
manuprāt	viņš	0.013575
manām	domām	0.600000
matus	ar	0.272727
mazo	un	0.237288
mazo	algu	0.067797
mazo	bērnu	0.050847
mazo	uzņēmumu	0.050847
mazu	bērnu	0.300000
mazu	un	0.100000
mazu	lai	0.100000
mašīna	ir	0.162162
mašīna	un	0.081081
mašīnu	un	0.148936
mašīnu	lai	0.063830
meklē	iespējas	0.112245
meklē	darbu	0.061224
meklē	tikai	0.040816
meklē	un	0.030612
meklē	jaunus	0.030612
meklē	savas	0.030612
meklē	sev	0.030612
meklē	palīdzību	0.030612
meklējot	savu	0.088235
meklējot	un	0.088235
meklēju	darbu	0.166667
meklēšanas	un	0.230769
meta	ar	0.300000
metru	attālumā	0.200000
metru	garumā	0.160000
metru	no	0.120000
miljonus	dolāru	0.195652
miljonus	cilvēku	0.086957
milzīgs	paldies	0.208333
milzīgs	un	0.125000
mis	un	0.818182
misija	ir	0.333333
modelis	operācijas	0.217391
modelis	ir	0.130435
monētas	ar	0.176471
muti	un	0.238095
muzejs	jau	0.097561
muzejs	būs	0.073171
muzejā	varēs	0.059701
muzejā	un	0.059701
muzejā	būs	0.044776
muzejā	ir	0.044776
mācības	par	0.056338
mācības	šajā	0.042254
mācību	gadā	0.132964
mācību	gada	0.099723
mācību	iestādes	0.091413
mācību	gads	0.049861
mācību	gadu	0.047091
mācību	darbā	0.024931
mācību	grāmatas	0.024931
mācību	process	0.024931
mācību	laikā	0.022161
mācību	līdzekļu	0.019391
mācību	stundu	0.019391
mācību	kursu	0.019391
mācību	un	0.019391
mācību	programmas	0.016620
mācību	stundas	0.016620
mācību	stundām	0.013850
mācību	līdzekļus	0.013850
mācību	priekšmetu	0.013850
mācību	centra	0.013850
mācību	programmu	0.013850
mācību	uzņēmumu	0.013850
mācību	grāmatu	0.011080
mācību	daļas	0.011080
mācību	stundās	0.011080
mācību	valodu	0.008310
mācību	centrā	0.008310
mācību	programma	0.008310
mācību	centru	0.008310
mācīties	un	0.086207
mācīties	par	0.060345
mācīties	uz	0.051724
mācīties	no	0.043103
mācīties	tālāk	0.043103
mācīties	latviešu	0.034483
mācīties	kā	0.034483
mācīties	arī	0.034483
mācīties	pie	0.025862
mājup	no	0.307692
mājām	un	0.149425
mājām	ir	0.080460
mājām	kur	0.045977
mājām	vai	0.045977
mājām	jo	0.034483
mājām	nav	0.034483
māksla	un	0.228571
māksla	ir	0.142857
mākslas	skolas	0.137466
mākslas	un	0.105121
mākslas	muzeja	0.064690
mākslas	darbu	0.056604
mākslas	muzejā	0.043127
mākslas	muzejs	0.040431
mākslas	skolu	0.035040
mākslas	darbi	0.032345
mākslas	skola	0.029650
mākslas	darbus	0.026954
mākslas	centra	0.024259
mākslas	centrs	0.021563
mākslas	darbs	0.021563
mākslas	darba	0.018868
mākslas	skolā	0.018868
mākslas	vidusskolas	0.018868
mākslas	darbiem	0.013477
mākslas	vidusskolā	0.013477
mākslas	telpā	0.010782
mākslas	centrā	0.010782
mākslas	galerijā	0.010782
mākslas	darbam	0.008086
mēnesī	un	0.049587
mēnesī	par	0.041322
mēnesī	ir	0.041322
mēnesī	līdz	0.033058
mēnesī	bet	0.033058
mēnesī	vai	0.024793
mēnesī	kas	0.024793
mērs	ir	0.263158
mērs	arī	0.210526
mērķiem	un	0.234043
mērķiem	ir	0.191489
mērķus	un	0.400000
mēs	esam	0.119795
mēs	varam	0.043354
mēs	visi	0.037650
mēs	ar	0.030234
mēs	to	0.030234
mēs	jau	0.025670
mēs	nevaram	0.022818
mēs	paši	0.022248
mēs	varētu	0.017114
mēs	arī	0.017114
mēs	redzam	0.016543
mēs	neesam	0.013691
mēs	gribam	0.013120
mēs	zinām	0.012550
mēs	vēlamies	0.011979
mēs	bijām	0.011979
mēs	būtu	0.011409
mēs	katrs	0.009127
mēs	taču	0.009127
mēs	dzīvojam	0.007986
mēs	šo	0.007986
mēs	vēl	0.007986
mēs	kā	0.007986
mēs	nezinām	0.007416
mēs	viņus	0.007416
mēs	te	0.006845
mēs	ļoti	0.006845
mēs	runājam	0.006275
mēs	būsim	0.006275
mēs	saprotam	0.006275
mēs	domājam	0.006275
mēs	tik	0.005705
mēs	par	0.005705
mēs	šodien	0.005705
mēs	tagad	0.005705
mēs	pat	0.005705
mēs	noteikti	0.005705
mēs	no	0.005705
mēs	tur	0.005134
mēs	joprojām	0.005134
mīl	un	0.152174
mīl	šo	0.065217
mīlestība	un	0.222222
mīlestība	ir	0.142857
mīlestība	pret	0.063492
mīlestība	uz	0.047619
mīlestība	kas	0.047619
mīlestības	un	0.175000
mīlestības	pret	0.075000
mīlēt	un	0.133333
mīlēt	šo	0.100000
mūs	no	0.041958
mūs	visus	0.034965
mūs	interesē	0.027972
mūs	gaida	0.027972
mūs	ļoti	0.027972
mūs	saista	0.020979
mūs	vēl	0.020979
mūs	ir	0.020979
mūs	ar	0.020979
mūs	atbalsta	0.020979
mūsdienās	ir	0.150685
mūsdienās	tas	0.054795
mūzikas	skolas	0.188034
mūzikas	un	0.158120
mūzikas	skolā	0.072650
mūzikas	vidusskolas	0.059829
mūzikas	skolu	0.051282
mūzikas	vidusskolā	0.029915
mūzikas	skola	0.025641
mūzikas	mākslas	0.021368
mūzikas	autors	0.021368
mūzikas	koncertu	0.021368
mūzikas	kluba	0.021368
mūzikas	klubā	0.017094
mūzikas	koledžas	0.012821
mūzikas	muzeja	0.012821
mūzikas	ierakstu	0.012821
mūžā	ir	0.227273
mūžā	nav	0.136364
na	ir	0.090909
naids	pret	0.562500
naids	un	0.250000
naudu	un	0.099307
naudu	par	0.064665
naudu	no	0.048499
naudu	bet	0.041570
naudu	lai	0.034642
naudu	uz	0.023095
naudu	tad	0.016166
naudu	var	0.016166
naudu	ir	0.016166
naudu	gan	0.016166
naudu	kas	0.016166
naudu	mēs	0.013857
naudu	jo	0.013857
naudu	ko	0.011547
naudu	nav	0.011547
naudu	arī	0.009238
naudu	šim	0.009238
naudu	esot	0.009238
naudu	ar	0.009238
naudu	kā	0.009238
naudu	varēs	0.009238
naudu	būtu	0.009238
naudu	vai	0.009238
naudu	nevar	0.006928
naudu	kaut	0.006928
naudu	maksā	0.006928
naudu	līdz	0.006928
naudu	vējā	0.006928
naudu	atdot	0.006928
naudu	ja	0.006928
nedarīt	neko	0.230769
nedēļu	laikā	0.323232
nedēļu	pirms	0.060606
nedēļu	iepriekš	0.040404
nedēļu	pēc	0.030303
nedēļu	tiek	0.030303
neesam	tik	0.098039
neesam	bijuši	0.078431
neesam	redzējuši	0.058824
neesot	bijis	0.079848
neesot	iespējams	0.041825
neesot	tik	0.026616
neesot	jo	0.019011
neesot	nekas	0.019011
neesot	ne	0.019011
neesot	bijusi	0.019011
neesot	tā	0.015209
neesot	arī	0.015209
neesot	izdevies	0.015209
neesot	pamata	0.015209
neesot	nekāda	0.015209
neesot	nekādu	0.015209
neesot	pietiekami	0.011407
neesot	bet	0.011407
neesot	zināms	0.011407
neesot	dzirdējusi	0.011407
neesot	daudz	0.011407
neesot	naudas	0.011407
neesot	varējis	0.011407
neesot	mainījies	0.011407
neesot	liela	0.011407
neesot	bijuši	0.011407
neesot	tādu	0.011407
neesot	nemaz	0.011407
neesot	tikai	0.011407
neesot	labi	0.011407
negadījums	noticis	0.460000
negadījums	notika	0.120000
negadījums	kurā	0.080000
negadījums	ko	0.060000
negrib	būt	0.119403
negrib	lai	0.059701
negrib	bet	0.059701
negrib	neko	0.044776
negrib	atzīt	0.044776
negribam	bet	0.363636
neizdevās	vienoties	0.085714
nekad	nav	0.322581
nekad	neesmu	0.090909
nekad	nebūs	0.055718
nekad	vairs	0.041056
nekad	nevar	0.032258
nekad	neko	0.029326
nekad	nebija	0.020528
nekad	agrāk	0.017595
nekad	to	0.014663
nekad	neesot	0.014663
nekad	un	0.014663
nekad	neesam	0.011730
nekad	nebiju	0.011730
nekad	jau	0.011730
nekad	mūžā	0.011730
nekad	nevienam	0.008798
nekad	netiek	0.008798
nekad	tā	0.008798
nekad	iepriekš	0.008798
nekad	nekad	0.008798
nekavējoties	tika	0.087719
nekavējoties	pārtraukt	0.052632
nekavējoties	devās	0.052632
nekavējoties	bet	0.052632
nekur	nav	0.298851
nekur	citur	0.114943
nekur	tālu	0.057471
nekur	un	0.045977
nekur	nevar	0.034483
nekur	neesmu	0.034483
nekur	vairs	0.034483
nekāda	sakara	0.337209
nekāda	pamata	0.104651
nekāda	lielā	0.046512
nekāda	cita	0.034884
neliekas	ka	0.437500
neliekas	ne	0.250000
nepietiek	ar	0.200000
nepietiek	naudas	0.111111
nepietiek	tikai	0.111111
nepietiks	ar	0.333333
neprot	valsts	0.125000
neprot	strādāt	0.125000
nepārtraukti	tiek	0.157895
nerunā	par	0.400000
nesaka	ka	0.187500
nesaprotu	kāpēc	0.190476
nesaprotu	ko	0.119048
nesaprotu	kā	0.119048
neticami	bet	0.187500
nevajag	aizmirst	0.045455
nevajag	te	0.038961
nevajag	mums	0.032468
nevajag	būt	0.032468
nevajag	jau	0.025974
nevajag	daudz	0.025974
nevajag	tad	0.019481
nevajag	ne	0.019481
nevajag	tik	0.019481
nevajag	domāt	0.019481
nevajag	tā	0.019481
nevienu	no	0.136842
nevienu	citu	0.084211
nevienu	neinteresē	0.063158
nevienu	cilvēku	0.042105
nevienu	dienu	0.042105
nevienu	brīdi	0.042105
nevienu	tas	0.042105
nevienu	kas	0.031579
nevienu	īpaši	0.031579
nezina	kas	0.113402
nezina	ka	0.092784
nezina	kā	0.061856
nezina	ko	0.061856
nezina	vai	0.051546
nezina	par	0.041237
nezina	kāda	0.030928
nezini	tad	0.230769
nezini	kas	0.230769
no	tā	0.045825
no	līdz	0.040398
no	tiem	0.032560
no	viņiem	0.021103
no	gada	0.020350
no	rīta	0.020048
no	valsts	0.019747
no	kuriem	0.018842
no	tām	0.016129
no	vienas	0.012662
no	darba	0.012511
no	jauna	0.012059
no	tās	0.011908
no	mums	0.011758
no	pulksten	0.011305
no	šī	0.010552
no	savas	0.010401
no	visas	0.009949
no	plkst	0.009647
no	mūsu	0.009647
no	krievijas	0.009195
no	eiropas	0.008743
no	šīs	0.008743
no	šiem	0.008592
no	kurienes	0.008140
no	otras	0.007989
no	visiem	0.007838
no	citām	0.007688
no	kā	0.007386
no	šā	0.007386
no	sirds	0.007386
no	malas	0.007235
no	kurām	0.007235
no	saviem	0.006934
no	kuras	0.006632
no	es	0.006482
no	citiem	0.006331
no	visām	0.006180
no	viņa	0.006180
no	kura	0.006180
nodaļa	kas	0.111111
nodaļa	un	0.111111
nodaļa	kā	0.066667
noderēt	arī	0.272727
nodokļu	politiku	0.087719
nodokļu	sistēmu	0.070175
nodokļu	sistēma	0.061404
nodokļu	un	0.061404
nodokļu	likmes	0.061404
nodokļu	parādu	0.052632
nodokļu	parāds	0.052632
nodokļu	veidā	0.052632
nodokļu	sistēmas	0.043860
nodokļu	komisijas	0.035088
nodokļu	parādi	0.035088
nodokļu	atbalsta	0.026316
nodokļu	jomā	0.026316
nokļūt	uz	0.171429
nokļūt	līdz	0.114286
nokļūt	mājās	0.085714
noliedz	ka	0.548387
noliedz	un	0.096774
nolikt	malā	0.214286
nolēmām	ka	0.388889
nometnē	bija	0.187500
nonācis	pie	0.130435
nopirkt	par	0.097561
nopirkt	arī	0.085366
nopirkt	to	0.048780
nosauca	par	0.583333
nosaukums	ir	0.151515
nosaukums	bet	0.121212
nosaukums	un	0.090909
noskatīties	uz	0.103448
noslēgts	līgums	0.395349
noslēgts	ar	0.209302
noslēgts	uz	0.069767
noteikts	ka	0.380282
noteikts	arī	0.042254
noteikumiem	as	0.413462
noteikumiem	un	0.048077
noteikumiem	dāvanu	0.028846
noteikumiem	kā	0.028846
noteikumiem	bet	0.028846
notiek	ar	0.052830
notiek	arī	0.041509
notiek	jau	0.033962
notiek	uz	0.028302
notiek	un	0.026415
notiek	bet	0.018868
notiek	tikai	0.016981
notiek	pēc	0.016981
notiek	ļoti	0.015094
notiek	ne	0.015094
notiek	gan	0.013208
notiek	kaut	0.013208
notiek	tā	0.011321
notiek	kopš	0.011321
notiek	kā	0.011321
notiek	ja	0.009434
notiek	sarunas	0.009434
notiek	pilsētas	0.009434
notiek	dažādas	0.009434
notiek	pasaulē	0.009434
notiek	bez	0.007547
notiek	kas	0.007547
notiek	tāpēc	0.007547
notiek	tad	0.007547
notiek	tieši	0.007547
notiek	par	0.007547
notiek	kad	0.007547
notiek	saskaņā	0.007547
notiek	bērnu	0.007547
notiek	dažādi	0.007547
notiek	katru	0.007547
notiek	daudz	0.007547
notiek	no	0.007547
notiek	citādāk	0.005660
notiek	pa	0.005660
notiek	vairāki	0.005660
notiek	pārbaude	0.005660
notiek	visā	0.005660
notiek	valstī	0.005660
notiek	mācības	0.005660
notikumi	ir	0.115385
notikumi	ar	0.076923
notikumi	kas	0.057692
notikumiem	un	0.173077
notikumiem	ir	0.096154
notikumiem	kas	0.076923
notikumiem	vai	0.057692
notikums	un	0.108696
notikums	kas	0.086957
notikumu	kam	0.083333
notikumu	un	0.083333
notikušo	un	0.090909
notikušo	tika	0.090909
notikušo	nav	0.072727
notikušo	ir	0.072727
nozagta	gada	0.266667
nozīme	ir	0.350877
nozīme	būs	0.087719
nozīme	un	0.052632
nozīme	kā	0.052632
nozīmi	un	0.235294
nākamajā	gadā	0.311475
nākamajā	dienā	0.270492
nākamajā	mācību	0.065574
nākamajā	nedēļā	0.057377
nākamajā	vasarā	0.040984
nākamajā	mēnesī	0.040984
nākamajā	reizē	0.032787
nākamajā	rītā	0.032787
nākamajā	es	0.032787
nākamajā	kārtā	0.024590
nākas	ka	0.058824
nākas	dzirdēt	0.058824
nākas	cīnīties	0.047059
nākotnē	varētu	0.083333
nākotnē	ir	0.055556
nākotnē	un	0.055556
nākotnē	tas	0.048611
nākotnē	būs	0.041667
nākotnē	jo	0.027778
nākotnē	var	0.020833
nākotnē	kad	0.020833
of	the	1.000000
oficiāli	gan	0.103448
ok	bet	0.210526
olas	un	0.230769
operas	un	0.310345
otrais	pasaules	0.108108
otrais	labākais	0.081081
otras	puses	0.661290
otras	valsts	0.048387
otrdien	un	0.100000
otrdien	paziņoja	0.100000
otrdien	ap	0.083333
padara	par	0.192308
padomi	un	0.236842
padomi	kā	0.184211
padomi	kas	0.184211
padomju	laikos	0.208333
padomju	laika	0.183333
padomju	laikā	0.175000
padomju	laikiem	0.083333
padomju	gados	0.041667
padomju	varas	0.033333
padomju	laiku	0.033333
padomju	laiki	0.025000
padomju	armijā	0.025000
padomju	armijas	0.025000
padomju	krievijas	0.025000
padomājiet	par	0.250000
padomājiet	ko	0.250000
pagājušā	gada	0.792035
pagājušā	gadsimta	0.163717
pagājušā	gadā	0.030973
pagātnes	formā	0.187500
pagātni	un	0.333333
pakaļ	uz	0.130435
palaidis	garām	1.000000
palaist	garām	0.444444
paliek	bez	0.084337
paliek	uz	0.042169
paliek	arvien	0.042169
paliek	tikai	0.036145
paliek	aizvien	0.030120
paliek	kā	0.030120
paliek	pāri	0.030120
paliek	pie	0.024096
paliek	par	0.024096
paliek	un	0.018072
paliek	jautājums	0.018072
paliek	iepriekšējā	0.018072
paliek	mājās	0.018072
paliek	tie	0.018072
paliek	viena	0.018072
palīdz	arī	0.065041
palīdz	saprast	0.032520
palīdz	tiem	0.032520
palīdz	uzturēt	0.032520
palīdz	gan	0.024390
palīdz	ar	0.024390
palīdz	dzīvot	0.024390
palīdz	izvairīties	0.024390
palīdz	tas	0.024390
palīdzēja	arī	0.107143
palīdzēt	cilvēkiem	0.046154
palīdzēt	arī	0.046154
palīdzēt	citiem	0.046154
palīdzēt	un	0.046154
palīdzēt	bērniem	0.038462
palīdzēt	šiem	0.030769
palīdzēt	šo	0.023077
palīdzība	bija	0.064935
palīdzība	ir	0.064935
palīdzība	bijusi	0.038961
palīdzība	lai	0.038961
palīdzība	vai	0.038961
palīdzība	piemēram	0.038961
palīdzība	var	0.038961
pamanījis	ka	0.375000
papīra	un	0.166667
parunāt	ar	0.416667
parunāt	par	0.250000
parādā	par	0.136364
parādītu	ka	0.285714
pasaules	kara	0.135849
pasaules	līmeņa	0.037736
pasaules	dabas	0.037736
pasaules	akciju	0.033962
pasaules	bankas	0.033962
pasaules	tirgū	0.033962
pasaules	valstu	0.030189
pasaules	un	0.026415
pasaules	veselības	0.022642
pasaules	karā	0.022642
pasaules	finanšu	0.022642
pasaules	karš	0.018868
pasaules	lielākais	0.015094
pasaules	naftas	0.015094
pasaules	karu	0.015094
pasaules	lielāko	0.015094
pasaules	valstī	0.011321
pasaules	valstis	0.011321
pasaules	karam	0.011321
pasaules	naudu	0.011321
pasauli	un	0.258065
pasauli	par	0.048387
pasauli	bet	0.048387
pasauli	ir	0.048387
paskatieties	uz	0.307692
pastāstīja	ka	0.729443
pastāstīja	par	0.045093
pastāstīja	valsts	0.026525
pastāstīja	pilsētas	0.010610
pastāstīja	uzņēmuma	0.010610
pastāstīja	kluba	0.010610
pastāstīja	direktors	0.007958
pastāv	iespēja	0.149123
pastāv	risks	0.096491
pastāv	arī	0.061404
pastāv	tikai	0.043860
pastāv	tāda	0.035088
pastāv	un	0.035088
pastāv	viedoklis	0.026316
pateicību	par	0.347826
pateicību	un	0.130435
pateicību	visiem	0.130435
patiesību	sakot	0.222222
patiesību	par	0.111111
patiesību	ka	0.083333
patiesībā	ir	0.200000
patiesībā	tas	0.062500
patiesībā	jau	0.037500
patiesībā	tā	0.031250
patiesībā	nav	0.025000
patiesībā	var	0.025000
patiesībā	arī	0.025000
patiesībā	es	0.018750
patiesībā	ļoti	0.018750
patiesībā	tieši	0.018750
patiesībā	tur	0.018750
patiesībā	no	0.018750
patīk	un	0.067265
patīk	ka	0.062780
patīk	tas	0.031390
patīk	arī	0.031390
patīk	vai	0.026906
patīk	bet	0.022422
patīk	savs	0.013453
patīk	gatavot	0.013453
patīk	ceļot	0.013453
patīk	labāk	0.013453
patīk	ar	0.013453
patīk	māte	0.013453
patīk	viņa	0.013453
patīk	ja	0.013453
patīk	šis	0.013453
patīk	darboties	0.013453
paveikt	vēl	0.090909
pavisam	nesen	0.071651
pavisam	cita	0.065421
pavisam	drīz	0.059190
pavisam	cits	0.043614
pavisam	vienkārši	0.037383
pavisam	maz	0.037383
pavisam	bija	0.024922
pavisam	noteikti	0.024922
pavisam	citu	0.024922
pavisam	vienkārša	0.021807
pavisam	citi	0.021807
pavisam	citas	0.018692
pavisam	kas	0.015576
pavisam	ir	0.015576
pavisam	nedaudz	0.015576
pavisam	citā	0.012461
pavisam	citādi	0.012461
pavisam	netālu	0.012461
pavisam	labi	0.012461
pavisam	jauns	0.012461
pavisam	nejauši	0.012461
pavisam	ko	0.012461
pavisam	skaidri	0.012461
pavisam	citādāk	0.012461
pavisam	tuvu	0.009346
pavisam	mierīgi	0.009346
pavisam	jaunas	0.009346
pavisam	vienkāršs	0.009346
pavisam	citur	0.009346
paziņoja	ka	0.641892
paziņoja	par	0.121622
paziņot	ka	0.347826
paziņot	par	0.260870
pazīstama	ar	0.312500
paņem	līdzi	0.142857
pašas	dienas	0.086538
pašas	par	0.057692
pašas	problēmas	0.038462
pašas	tiesības	0.028846
pašlaik	ir	0.202564
pašlaik	vēl	0.048718
pašlaik	nav	0.043590
pašlaik	tiek	0.043590
pašlaik	notiek	0.020513
pašlaik	atrodas	0.020513
pašlaik	jau	0.015385
pašlaik	viņš	0.012821
pašlaik	to	0.012821
pašlaik	strādā	0.012821
pašlaik	var	0.010256
pašlaik	esam	0.010256
pašlaik	gan	0.010256
pašlaik	mēs	0.010256
pašlaik	situācija	0.007692
pašlaik	par	0.007692
pašlaik	dzīvo	0.007692
pašlaik	turpinās	0.007692
pašlaik	tas	0.007692
pašlaik	uz	0.007692
pašlaik	lai	0.007692
pašlaik	šāda	0.007692
pašlaik	viņa	0.007692
pašlaik	pēc	0.007692
pašreiz	ir	0.220339
pašreiz	notiek	0.067797
pašreiz	tas	0.067797
pec	tam	0.416667
personas	kuras	0.109091
personas	un	0.072727
personas	kas	0.072727
personas	datus	0.054545
personas	ar	0.036364
personas	ir	0.030303
personas	kā	0.024242
personas	bet	0.024242
personas	par	0.024242
personas	var	0.018182
personas	datu	0.018182
personas	pie	0.018182
personas	tiesību	0.018182
personas	nav	0.018182
personas	kurām	0.018182
personas	veselību	0.018182
personas	no	0.018182
piecpadsmit	gadu	0.352941
piecpadsmit	minūtes	0.176471
piecus	gadus	0.587500
piecus	mēnešus	0.075000
piecus	miljonus	0.050000
piedalās	arī	0.170213
piedalās	jau	0.031915
piedalās	gan	0.031915
piedalās	visi	0.031915
piedalās	visos	0.031915
piedalās	dažādos	0.031915
piedalīties	arī	0.144928
piedalīties	un	0.050725
piedalīties	šajā	0.050725
piedalīties	gan	0.043478
piedalīties	dažādos	0.036232
piedalīties	visi	0.028986
piedalīties	pilsētas	0.028986
piedalīties	ar	0.028986
piedalīties	ikviens	0.021739
piedalīties	jebkurš	0.021739
piedošanu	par	0.666667
piedāvājumu	un	0.100000
piedāvājumu	skaits	0.057143
piedāvājumu	kā	0.057143
piedāvājumu	lai	0.042857
piedāvājumu	ir	0.042857
pieeja	ir	0.111111
pieejams	arī	0.100000
pieejams	tikai	0.100000
pieejams	no	0.080000
pieejams	bez	0.060000
pieejams	par	0.060000
piekrita	ka	0.304348
piekrita	arī	0.130435
piektdien	pulksten	0.101449
piektdien	plkst	0.086957
piektdien	un	0.086957
piektdien	no	0.057971
piektdien	paziņoja	0.043478
piektdien	bija	0.043478
piektdien	tika	0.043478
piektdienas	vakarā	0.294118
piektdienas	rītā	0.117647
piektdienas	pēcpusdienā	0.088235
pieminēja	ka	0.333333
pieminēja	arī	0.333333
piemērs	tam	0.172414
piemērs	ir	0.137931
piemērs	jo	0.051724
piemērs	kur	0.051724
piena	un	0.115942
piena	produktu	0.101449
piena	cena	0.072464
piena	cenas	0.043478
piena	vai	0.043478
piena	daudzums	0.043478
pienākas	un	0.096774
pienāks	laiks	0.350000
pienākumu	un	0.166667
pienākumu	nodrošināt	0.100000
pierādījumi	ka	0.157895
pierādījumus	ka	0.333333
piezvanīt	un	0.250000
pieņemts	lēmums	0.276596
pieņemts	pēc	0.063830
pieņemts	ka	0.042553
pieņemts	gala	0.031915
pieņemts	jau	0.031915
pilna	ar	0.235294
pilna	laika	0.137255
pilna	prāta	0.058824
pilna	pasaule	0.058824
pilnu	jaudu	0.075000
pilnu	darba	0.075000
pilsētu	un	0.268293
pilsētu	bet	0.048780
pilsētu	ar	0.036585
pilsētu	par	0.036585
pilsētu	no	0.036585
pilsētā	un	0.125000
pilsētā	ir	0.080357
pilsētā	bet	0.044643
pilsētā	nav	0.031250
pilsētā	ar	0.026786
pilsētā	būs	0.022321
pilsētā	gan	0.022321
pilsētā	tiek	0.022321
pilsētā	kaut	0.013393
pilsētā	notiks	0.013393
pilsētā	bija	0.013393
pilsētā	jau	0.013393
pilsētā	būtu	0.013393
pilsētā	jo	0.013393
pilsētā	tāpēc	0.013393
pilsētā	arī	0.013393
pilī	un	0.088235
pirkstu	nospiedumus	0.187500
pirmkārt	ir	0.063158
pirmkārt	tāpēc	0.031579
pirmkārt	nav	0.031579
pirmkārt	tā	0.031579
pirmkārt	par	0.031579
pirmkārt	tiek	0.031579
pirmkārt	es	0.031579
pirmkārt	man	0.031579
plecu	pie	0.800000
plānu	un	0.122449
plānu	kā	0.102041
plānu	ar	0.081633
plānu	kas	0.061224
policija	aicina	0.079051
policija	lūdz	0.059289
policija	meklē	0.055336
policija	ir	0.039526
policija	un	0.035573
policija	par	0.031621
policija	atgādina	0.023715
policija	arī	0.023715
policija	noskaidro	0.019763
policija	aizdomās	0.019763
policija	nav	0.015810
policija	paziņoja	0.015810
policija	saņēma	0.015810
policija	kas	0.015810
policija	pašlaik	0.015810
policija	veic	0.015810
policija	ziņo	0.015810
policija	uz	0.011858
policija	jau	0.011858
policija	pārbauda	0.011858
policija	pēc	0.011858
policija	turpina	0.011858
policiju	un	0.292683
politiku	un	0.213115
politiku	kas	0.065574
prasmes	un	0.192982
prasmes	lai	0.087719
prasības	un	0.104762
prasības	ir	0.095238
prasības	pret	0.066667
prasības	kas	0.038095
prasības	nav	0.038095
prasības	gan	0.028571
precīzi	kā	0.075472
precīzi	un	0.075472
precīzi	noteikti	0.056604
precīzi	jāzina	0.056604
precīzi	zināms	0.056604
pretējā	gadījumā	0.659574
pretējā	virzienā	0.191489
pretējā	puse	0.063830
pretī	šim	0.068182
prezidentam	ir	0.142857
prezidentam	un	0.107143
priecājos	ka	0.575000
priecājos	par	0.325000
priecīgi	par	0.222222
priecīgi	ka	0.166667
priecīgi	un	0.166667
priecīgi	ja	0.111111
procenti	no	0.303571
procenti	to	0.053571
procenti	ja	0.053571
procenti	ir	0.053571
procenti	un	0.053571
procentiem	vairāk	0.155556
procentiem	un	0.155556
procentiem	jeb	0.088889
procentiem	no	0.066667
procentiem	mazāk	0.066667
projekts	ir	0.125000
projekts	tika	0.045455
projekts	kas	0.045455
projekts	tiek	0.034091
projekts	par	0.034091
projekts	gan	0.028409
projekts	tiks	0.028409
projekts	un	0.022727
projekts	varētu	0.022727
projekts	kurš	0.022727
projekts	bija	0.022727
projekts	ko	0.022727
projekts	kura	0.017045
projekts	tiktu	0.017045
projekts	nav	0.017045
projekts	kuru	0.017045
projekts	ilgs	0.017045
projektu	kas	0.082902
projektu	vadītājs	0.062176
projektu	un	0.062176
projektu	vadītāja	0.051813
projektu	par	0.031088
projektu	vadītāju	0.031088
projektu	ir	0.031088
projektu	nedēļa	0.025907
projektu	atbalsta	0.020725
projektu	var	0.015544
projektu	paredzēts	0.015544
projām	no	0.266667
prom	no	0.484211
prom	uz	0.042105
prom	ar	0.031579
prom	un	0.031579
prom	jo	0.031579
prom	bet	0.031579
prāta	vētras	0.159091
prāta	vētra	0.136364
prāta	un	0.090909
prāta	darbs	0.068182
prāta	spējām	0.068182
puišiem	ir	0.227273
punkts	ir	0.170213
punkts	un	0.085106
punkts	kas	0.063830
punktu	sistēmas	0.094340
punktu	skaits	0.094340
punktu	skaitu	0.075472
punktu	un	0.075472
pusdienas	un	0.250000
pusdienas	bet	0.150000
putnu	dienu	0.166667
puķes	un	0.166667
pārbaude	ir	0.142857
pārliecināt	ka	0.363636
pārliecināt	valdību	0.136364
pārliecināties	ka	0.300000
pārliecināties	par	0.150000
pārliecināties	vai	0.150000
pārliecināties	cik	0.100000
pārrunas	ar	0.625000
pārstāvis	toms	0.096154
pārstāvis	kurš	0.076923
pārstāvis	būs	0.057692
pārstāvis	no	0.057692
pārtiku	un	0.290323
pārējais	ir	0.428571
pārējās	eiropas	0.111111
pēc	tam	0.199338
pēc	iespējas	0.055535
pēc	kārtas	0.031997
pēc	viņa	0.022803
pēc	gadiem	0.021699
pēc	tā	0.020596
pēc	gada	0.018021
pēc	kāda	0.016182
pēc	pāris	0.014711
pēc	savas	0.011401
pēc	šī	0.010666
pēc	pulksten	0.010298
pēc	palīdzības	0.008827
pēc	nedēļas	0.008459
pēc	viņas	0.008459
pēc	šīs	0.008091
pēc	diviem	0.007723
pēc	tikšanās	0.007723
pēc	mēneša	0.007356
pēc	tās	0.007356
pēc	nodokļu	0.006988
pēc	divām	0.006252
pēc	laika	0.006252
pēc	kā	0.005885
pēc	pusnakts	0.005517
pēc	četriem	0.005517
pēc	kuras	0.005517
pēc	sava	0.005517
pēc	mūsu	0.005149
pēc	valsts	0.005149
pēc	vidusskolas	0.004781
pēc	dažām	0.004781
pēc	vairākiem	0.004781
pēc	a	0.004781
pēc	pirmā	0.004781
pēc	plkst	0.004781
pēc	darba	0.004413
pēc	dažiem	0.004413
pēc	trīs	0.004413
pēc	valdības	0.004046
pēcpusdienā	kad	0.083333
pēcpusdienā	uz	0.069444
pēcpusdienā	no	0.069444
pēcpusdienā	tika	0.041667
pēdējos	gados	0.619048
pēdējos	gadus	0.095238
pēdējos	desmit	0.054422
pēdējos	trīs	0.047619
pēdējos	pāris	0.034014
pēdējos	divos	0.034014
radio	un	0.226667
radio	ēterā	0.066667
raksta	ka	0.157895
raksta	par	0.078947
raksta	un	0.052632
raksta	autors	0.043860
raksta	galerijā	0.035088
raksta	the	0.035088
raksta	vai	0.026316
raksts	par	0.264706
raksts	ir	0.088235
rakstīt	uz	0.130435
rakstīt	par	0.065217
rakstīt	ar	0.065217
rakstīts	ka	0.342857
redzam	ka	0.410959
redzam	kā	0.082192
redzam	kas	0.068493
redzam	arī	0.054795
redzot	ka	0.264706
redzot	kā	0.147059
redzot	šādu	0.088235
redzu	ka	0.338710
redzu	kā	0.048387
redzu	cik	0.048387
redzējis	ka	0.138889
redzējis	kā	0.111111
redzējusi	kā	0.187500
redzēsi	ka	1.000000
redzēt	kā	0.111111
redzēt	ka	0.105263
redzēt	un	0.070175
redzēt	kas	0.029240
redzēt	cik	0.023392
redzēt	uz	0.023392
redzēt	kaut	0.017544
redzēt	arī	0.017544
redzēt	šo	0.017544
redzēt	tikai	0.017544
reižu	gadā	0.166667
rej	bet	0.600000
reti	kurš	0.186441
reti	kad	0.101695
reti	ir	0.101695
reti	jo	0.067797
reti	gadās	0.050847
reti	kurā	0.050847
rezervju	sistēmas	0.538462
rezultāti	būs	0.109756
rezultāti	ir	0.085366
rezultāti	liecina	0.073171
rezultāti	un	0.060976
rezultāti	par	0.048780
rezultāti	tiks	0.048780
rezultāti	bija	0.048780
rezultāti	rāda	0.036585
rezultātu	un	0.056604
rezultātu	kā	0.056604
rietumu	pasaulē	0.066667
rietumu	radio	0.066667
rietumu	valstu	0.066667
rietumu	valstis	0.066667
rindas	un	0.205882
rindas	uz	0.088235
rindas	pie	0.088235
risku	un	0.216216
risku	dēļ	0.081081
risku	ka	0.081081
rodas	jautājums	0.204918
rodas	sajūta	0.081967
rodas	problēmas	0.040984
rodas	jaunas	0.040984
rodas	un	0.032787
rodas	no	0.032787
rodas	kādas	0.024590
rodas	aizdomas	0.024590
rodas	arī	0.024590
rokām	un	0.117647
runāja	par	0.365854
runāja	ka	0.121951
runājam	par	0.769231
rīko	arī	0.078947
rīt	pulksten	0.149254
rīt	un	0.089552
rīt	būs	0.059701
rīt	jau	0.059701
rūpējas	par	0.666667
rūpējas	lai	0.121212
rūpēties	par	0.765957
rūpēties	lai	0.085106
rūpēties	un	0.063830
sabiedrības	uzmanību	0.068182
sabiedrības	veselības	0.068182
sabiedrības	daļa	0.056818
sabiedrības	un	0.051136
sabiedrības	daļai	0.034091
sabiedrības	labā	0.034091
sabiedrības	intereses	0.028409
sabiedrības	viedokli	0.028409
sabiedrības	puses	0.022727
sabiedrības	uzticību	0.022727
sabiedrības	uzticība	0.017045
sabiedrības	ar	0.017045
sabiedrības	acīs	0.017045
sacensties	ar	0.250000
sacensties	par	0.250000
saikne	ar	0.571429
saimnieks	un	0.111111
saimnieks	uzskata	0.041667
saimnieks	arī	0.041667
saimnieks	ir	0.041667
saista	ar	0.370370
saista	arī	0.111111
saista	un	0.111111
saistīta	ar	0.802469
saistīta	arī	0.037037
saprast	ka	0.273810
saprast	kas	0.089286
saprast	vai	0.071429
saprast	kā	0.047619
saprast	kāpēc	0.041667
saprast	un	0.035714
saprast	arī	0.035714
saprast	ko	0.029762
saprast	jo	0.017857
saprast	to	0.017857
sapratu	ka	0.638889
sapratu	ja	0.055556
sapratu	tā	0.041667
sapratu	cik	0.041667
sapratīs	ka	0.300000
sapratīs	un	0.150000
saprotams	ka	0.420000
saprotams	kāpēc	0.160000
sapņoju	kļūt	0.500000
sapņu	darbs	0.176471
sarakstā	ir	0.068182
sarakstā	būs	0.068182
sarakstā	jo	0.068182
sargi	un	0.142857
sasniedzis	miljonus	0.222222
sasniegt	pat	0.093333
sasniegt	arī	0.053333
sasniegt	tikai	0.040000
sauc	par	0.576087
sauc	arī	0.065217
sauc	sevi	0.032609
savi	uzskati	0.103448
saviem	bērniem	0.167539
saviem	spēkiem	0.130890
saviem	klientiem	0.083770
saviem	darbiniekiem	0.083770
saviem	draugiem	0.078534
saviem	vecākiem	0.078534
saviem	darbiem	0.052356
saviem	cilvēkiem	0.026178
saviem	jaunajiem	0.020942
saviem	iedzīvotājiem	0.020942
saviem	suņiem	0.015707
saviem	vārdiem	0.015707
savus	bērnus	0.153374
savus	darbus	0.122699
savus	līdzekļus	0.055215
savus	spēkus	0.030675
savus	mērķus	0.030675
savus	noteikumus	0.024540
savus	vecākus	0.024540
savus	klientus	0.024540
savus	draugus	0.024540
savus	plānus	0.024540
savus	panākumus	0.018405
savus	svētkus	0.018405
savus	skolas	0.018405
savējo	un	0.333333
saņem	algu	0.052239
saņem	no	0.044776
saņem	balvu	0.029851
saņem	tikai	0.029851
saņem	par	0.029851
saņem	naudu	0.029851
saņem	pēc	0.022388
saņem	dāvanas	0.022388
saņem	savu	0.022388
saņem	jau	0.022388
saņem	ap	0.022388
saņem	mazāk	0.022388
saņēma	arī	0.104839
saņēma	no	0.056452
saņēma	informāciju	0.040323
saņēma	tikai	0.032258
saņēma	dāvanu	0.024194
saņēma	balvu	0.024194
saņēma	vairāk	0.024194
saņēmu	atbildi	0.235294
saņēmu	piedāvājumu	0.176471
seko	līdzi	0.437500
sen	jau	0.143713
sen	ir	0.071856
sen	nav	0.059880
sen	bija	0.053892
sen	vairs	0.053892
sen	un	0.041916
sen	vajadzēja	0.029940
sen	nebija	0.029940
sen	būtu	0.029940
sen	zināms	0.017964
sen	tiek	0.017964
sen	taču	0.017964
sen	esmu	0.017964
sen	kā	0.017964
septiņi	cilvēki	0.138889
septiņi	miljoni	0.138889
septiņi	gadi	0.138889
septiņiem	gadiem	0.441176
septiņiem	līdz	0.147059
sev	un	0.084034
sev	līdzi	0.058824
sev	par	0.029412
sev	apkārt	0.029412
sev	jautājumu	0.021008
sev	gan	0.016807
sev	virsū	0.016807
sev	uzmanību	0.016807
sev	iztiku	0.016807
sev	ka	0.016807
sev	bija	0.012605
sev	nav	0.012605
sev	tad	0.012605
sev	ko	0.012605
sev	pa	0.012605
sev	kādu	0.012605
sev	pašam	0.012605
sev	klāt	0.012605
sešus	mēnešus	0.346939
sešus	gadus	0.306122
sešus	tūkstošus	0.061224
siera	un	0.235294
sieviete	kas	0.061453
sieviete	ir	0.061453
sieviete	kura	0.055866
sieviete	no	0.050279
sieviete	un	0.044693
sieviete	bija	0.033520
sieviete	ar	0.033520
sieviete	kurai	0.027933
sieviete	arī	0.022346
sieviete	var	0.022346
sieviete	jau	0.016760
sieviete	kuras	0.016760
sieviete	par	0.016760
silts	un	0.285714
silts	laiks	0.142857
simts	gadus	0.210526
sistēmā	ir	0.108696
sistēmā	un	0.086957
skaidrā	naudā	0.565217
skaidrā	latviešu	0.130435
skaidrībā	ar	0.266667
skats	uz	0.500000
skatāmies	uz	0.400000
skaņu	un	0.333333
skolu	un	0.170213
skolu	vai	0.028369
skolu	ar	0.028369
skolu	bet	0.021277
skolu	gan	0.021277
skolu	mēs	0.021277
skolu	kurā	0.021277
sliktā	stāvoklī	0.652174
slimības	dēļ	0.244898
slimības	un	0.081633
slimības	lapas	0.081633
slimības	ir	0.061224
slimību	jo	0.096774
slimību	un	0.096774
slēpjas	aiz	0.136364
sods	par	0.134615
sods	ir	0.115385
sods	līdz	0.076923
sods	ko	0.057692
sods	brīvības	0.057692
somas	ir	0.300000
somu	un	0.250000
speciāli	dienas	0.111111
spēks	ir	0.175439
spēks	un	0.175439
spēks	kas	0.140351
spēs	nopelnīt	0.068182
spēs	to	0.068182
spēļu	zālē	0.250000
spēļu	zāles	0.178571
spīti	tam	0.586207
staciju	un	0.250000
starp	citu	0.366477
starp	mums	0.025568
starp	tiem	0.025568
starp	eiropas	0.022727
starp	viņiem	0.019886
starp	kuriem	0.017045
starp	visām	0.014205
starp	diviem	0.014205
starp	valsti	0.014205
starp	abām	0.014205
starp	to	0.011364
starp	desmit	0.011364
starp	tām	0.011364
starp	cilvēkiem	0.011364
starp	divām	0.011364
starp	laivu	0.011364
starp	kurām	0.011364
starp	abiem	0.008523
starp	iedzīvotājiem	0.008523
starp	asv	0.008523
starp	es	0.008523
starptautisko	tiesību	0.121212
starptautisko	aizdevumu	0.090909
starpā	ir	0.196078
starpā	un	0.098039
starpība	starp	0.200000
starpība	ir	0.133333
starpība	ar	0.100000
starpība	bija	0.100000
stipru	un	0.300000
strādā	ar	0.090395
strādā	pie	0.070621
strādā	un	0.059322
strādā	jau	0.045198
strādā	par	0.042373
strādā	arī	0.028249
strādā	tikai	0.028249
strādā	bet	0.022599
strādā	vairāk	0.019774
strādā	lai	0.016949
strādā	ne	0.014124
strādā	līdz	0.014124
strādā	gan	0.014124
strādā	no	0.011299
strādā	tik	0.011299
strādā	kā	0.011299
strādā	otro	0.008475
strādā	valsts	0.008475
strādā	vienā	0.008475
strādā	trīs	0.008475
strādā	divi	0.008475
strādā	kaut	0.008475
strādā	šajā	0.008475
strādā	darbinieku	0.008475
strādā	cilvēki	0.008475
strādājam	ar	0.189189
strādājam	pie	0.135135
strādājam	un	0.108108
strādājam	lai	0.108108
strādājis	ar	0.224490
strādājis	par	0.102041
strādājis	un	0.081633
strādājis	arī	0.081633
strādājis	kopā	0.061224
strīdēties	vai	0.375000
stulbi	ka	0.300000
stāsta	ka	0.466951
stāsta	par	0.083156
stāsta	a	0.038380
stāsta	i	0.034115
stāsta	m	0.023454
stāsta	j	0.017058
stāsta	e	0.017058
stāsta	s	0.014925
stāsta	v	0.012793
stāsta	cik	0.010661
stāsta	l	0.008529
stāsta	un	0.008529
stāsta	uzņēmuma	0.008529
stāsta	kā	0.006397
stāsta	skolas	0.006397
stāsta	d	0.006397
stāsta	r	0.006397
stāsta	kāda	0.006397
stāsti	par	0.315789
stāstus	par	0.409091
stāstus	un	0.227273
stāv	un	0.102941
stāv	uz	0.102941
stāv	rindā	0.058824
stāv	pie	0.044118
stāv	jau	0.044118
stāv	tukšas	0.044118
stāvoklis	ir	0.235294
stāvoklis	nav	0.088235
stāvoklis	var	0.088235
stāvēja	uz	0.130435
suņiem	un	0.285714
svarīga	ir	0.240506
svarīga	un	0.063291
svarīga	kā	0.050633
svarīga	visiem	0.037975
svarīga	arī	0.037975
svarīgas	ir	0.230769
svarīgas	lietas	0.230769
svarīgākais	ir	0.245283
svarīgākais	ka	0.075472
svarīgākais	uzdevums	0.075472
svarīgākais	notikums	0.056604
svarīgākais	bija	0.056604
svarīgākais	lai	0.056604
svarīgākais	jautājums	0.056604
sveicienus	un	0.500000
svinības	par	0.176471
svētki	ir	0.055556
svētki	un	0.055556
svētki	nav	0.047619
svētki	kas	0.039683
svētki	būtu	0.031746
svētki	bet	0.023810
svētki	notiks	0.023810
svētki	kurus	0.023810
svētki	gan	0.023810
svētki	arī	0.023810
svētkus	un	0.078947
sācis	strādāt	0.160000
sācis	šaut	0.060000
sācis	ar	0.060000
sācis	darbu	0.060000
sāka	strādāt	0.088235
sāka	ar	0.058824
sāka	darboties	0.039216
sāka	gada	0.029412
sāka	braukt	0.029412
sākas	ar	0.189873
sākas	no	0.075949
sākas	jau	0.050633
sākas	gada	0.050633
sākas	tikai	0.037975
sākot	no	0.433121
sākot	ar	0.382166
sākot	jau	0.038217
sākot	darbu	0.019108
sākt	ar	0.096774
sākt	darbu	0.056452
sākt	no	0.040323
sākt	jaunu	0.040323
sākt	strādāt	0.032258
sākt	darboties	0.032258
sākt	kaut	0.024194
sākt	gada	0.024194
sākt	savu	0.024194
sākusies	arī	0.115385
sākusies	jau	0.115385
sēdēja	un	0.272727
sēžu	zālē	0.363636
sūta	uz	0.307692
sūta	sveicienus	0.230769
taa	ka	0.166667
taa	kaa	0.138889
taa	ir	0.111111
tajā	pašā	0.215017
tajā	brīdī	0.063140
tajā	laikā	0.054608
tajā	ir	0.052901
tajā	būs	0.030717
tajā	pat	0.025597
tajā	ka	0.020478
tajā	nav	0.018771
tajā	dienā	0.018771
tajā	bija	0.015358
tajā	ko	0.011945
tajā	var	0.011945
tajā	mirklī	0.010239
tajā	vietā	0.010239
tajā	tiks	0.010239
tajā	tiek	0.010239
tajā	kā	0.008532
tajā	strādā	0.008532
tajā	varētu	0.008532
tajā	varēs	0.008532
tajā	un	0.006826
tajā	gadā	0.006826
tajā	piedalās	0.006826
tajā	piedalīties	0.006826
tajā	gan	0.005119
tajā	brīdi	0.005119
tajā	valstī	0.005119
tajā	visā	0.005119
tajā	vēl	0.005119
tajā	notiek	0.005119
tak	ir	0.075000
tak	nav	0.037500
tak	jau	0.037500
teicu	ka	0.432432
teiksim	uz	0.100000
teikšu	tā	0.320000
teikšu	atklāti	0.200000
teikšu	ka	0.160000
telefons	un	0.210526
teritoriju	un	0.147059
teritoriju	lai	0.088235
tev	ir	0.135198
tev	nav	0.055944
tev	un	0.037296
tev	būs	0.034965
tev	tas	0.020979
tev	šodien	0.020979
tev	tā	0.013986
tev	var	0.013986
tev	nozīmē	0.013986
tev	jau	0.013986
tev	pat	0.011655
tev	arī	0.011655
tev	kā	0.011655
tev	šķiet	0.011655
tev	patīk	0.009324
tev	taču	0.009324
tev	vienmēr	0.009324
tev	uz	0.009324
tev	to	0.009324
tev	gan	0.006993
tev	nekad	0.006993
tev	tomēr	0.006993
tev	bija	0.006993
tev	taisnība	0.006993
tev	klājas	0.006993
tev	tiešām	0.006993
tev	kaut	0.006993
tev	būtu	0.006993
tev	vajag	0.006993
tev	vēl	0.006993
tici	man	0.428571
ticiet	man	0.636364
ticis	galā	0.172414
ticis	pie	0.172414
ticis	klāt	0.103448
ticēt	ka	0.322581
ticību	saviem	0.157895
ticību	un	0.157895
tie	ir	0.187045
tie	kas	0.144130
tie	kuri	0.060729
tie	paši	0.039676
tie	bija	0.036437
tie	nav	0.031579
tie	kuriem	0.018623
tie	būs	0.018623
tie	kam	0.017814
tie	cilvēki	0.017814
tie	varētu	0.011336
tie	visi	0.011336
tie	tiek	0.009717
tie	arī	0.008907
tie	par	0.008907
tie	jau	0.008097
tie	būtu	0.008097
tie	kurus	0.007287
tie	esot	0.006478
tie	tiks	0.005668
tie	vēl	0.005668
tie	laiki	0.005668
tie	kuru	0.004858
tie	nebija	0.004858
tie	noteikti	0.004858
tie	var	0.004858
tie	bērni	0.004858
tie	tādi	0.004049
tie	bijuši	0.004049
tie	vairs	0.004049
tie	jaunie	0.004049
tie	tur	0.003239
tie	neesot	0.003239
tie	vai	0.003239
tie	dod	0.003239
tie	nevar	0.003239
tie	ļoti	0.003239
tie	man	0.003239
tie	notiek	0.003239
tie	tūkstoši	0.003239
tiekamies	ar	0.666667
tiesa	gan	0.200743
tiesa	ir	0.033457
tiesa	par	0.026022
tiesa	var	0.026022
tiesa	ne	0.022305
tiesa	no	0.018587
tiesa	šodien	0.018587
tiesa	nolēma	0.014870
tiesa	jau	0.014870
tiesa	gada	0.014870
tiesa	ar	0.014870
tiesa	pēc	0.014870
tiesa	tie	0.011152
tiesa	viņam	0.011152
tiesa	šī	0.011152
tiesa	šo	0.011152
tiesa	uz	0.011152
tiesa	nav	0.011152
tiesa	tikai	0.011152
tiesa	to	0.011152
tiesa	tas	0.011152
tiesa	arī	0.011152
tiesa	piektdien	0.011152
tiesa	tā	0.011152
tiesā	par	0.069444
tiesā	un	0.055556
tiesā	pret	0.041667
tiesā	šodien	0.041667
tiesībām	un	0.181818
tiesībām	uz	0.127273
tiesībām	piedalīties	0.054545
tiesībām	veikt	0.054545
tiešām	ir	0.182051
tiešām	nav	0.061538
tiešām	bija	0.046154
tiešām	tā	0.025641
tiešām	būtu	0.017949
tiešām	arī	0.015385
tiešām	var	0.015385
tiešām	kā	0.015385
tiešām	no	0.012821
tiešām	tik	0.010256
tiešām	tas	0.010256
tiešām	ar	0.010256
tiešām	mēs	0.010256
tiešām	viņi	0.007692
tiešām	neviens	0.007692
tiešām	daudz	0.007692
tiešām	to	0.007692
tiešām	ļoti	0.007692
tiešām	vēl	0.007692
tiešām	jau	0.007692
tiešām	tikai	0.007692
tiešām	būs	0.007692
tiešām	jābūt	0.007692
tiešām	jūs	0.007692
tikai	ar	0.047885
tikai	par	0.045261
tikai	tad	0.044277
tikai	uz	0.031486
tikai	no	0.028534
tikai	pēc	0.023286
tikai	viens	0.022630
tikai	viena	0.018695
tikai	un	0.017055
tikai	to	0.015743
tikai	tāpēc	0.014103
tikai	vienu	0.013447
tikai	tā	0.013119
tikai	tas	0.012463
tikai	pie	0.011479
tikai	tie	0.007543
tikai	tādēļ	0.006232
tikai	tagad	0.006232
tikai	trīs	0.005904
tikai	ne	0.005904
tikai	pa	0.005904
tikai	dažas	0.005904
tikai	daži	0.005904
tikai	divi	0.005576
tikai	divas	0.005248
tikai	kā	0.005248
tikai	lai	0.004920
tikai	pāris	0.004592
tikai	līdz	0.004592
tikai	nedaudz	0.004264
tikai	ap	0.003936
tikai	pirms	0.003936
tikai	tās	0.003936
tikai	latviešu	0.003608
tikai	tiem	0.003608
tikai	vienā	0.003608
tikai	savu	0.003608
tikai	aptuveni	0.003608
tikai	viņa	0.003280
tikai	nesen	0.003280
tikmēr	kamēr	0.060241
tikmēr	par	0.048193
tikmēr	no	0.048193
tikām	pie	0.600000
tikšanos	ar	0.568182
tikšanos	bija	0.068182
tirgus	ir	0.091255
tirgus	un	0.064639
tirgus	daļa	0.034221
tirgus	daļu	0.034221
tirgus	komisijas	0.030418
tirgus	daļas	0.026616
tirgus	vērtību	0.022814
tirgus	apstākļos	0.022814
tirgus	laukumā	0.019011
tirgus	cena	0.019011
tirgus	bija	0.015209
tirgus	situācija	0.015209
tirgus	cenas	0.015209
tirgus	attiecības	0.011407
tirgus	laukuma	0.011407
tirgus	jo	0.011407
tirgus	cenu	0.011407
tirgus	vērtība	0.011407
tirgus	līderi	0.011407
tirgus	izpētes	0.011407
tirgus	pērle	0.011407
torte	uz	0.571429
transporta	līdzekļu	0.166667
transporta	un	0.119048
transporta	līdzeklis	0.059524
transporta	līdzekļi	0.059524
transporta	līdzekļus	0.047619
transporta	kontroles	0.047619
transporta	jomā	0.035714
trauksmi	par	0.428571
trauksmi	un	0.428571
triks	ar	0.428571
trīs	gadus	0.093694
trīs	reizes	0.061261
trīs	gadu	0.059459
trīs	dienas	0.045045
trīs	mēnešus	0.037838
trīs	dienu	0.030631
trīs	gados	0.027027
trīs	nedēļas	0.023423
trīs	no	0.023423
trīs	gadiem	0.021622
trīs	gadi	0.021622
trīs	cilvēki	0.018018
trīs	un	0.016216
trīs	vai	0.014414
trīs	mēneši	0.014414
trīs	stundas	0.012613
trīs	līdz	0.012613
trīs	miljoni	0.010811
trīs	bet	0.009009
trīs	bērni	0.009009
trīs	auto	0.009009
trīs	nedēļu	0.007207
trīs	miljonus	0.007207
trīs	personas	0.007207
trīs	valstis	0.007207
trīs	bērnus	0.007207
trīs	krāsas	0.007207
trīs	tādi	0.005405
trīs	miljonu	0.005405
trīs	vietas	0.005405
trīs	četrus	0.005405
trīs	četras	0.005405
trīs	sievietes	0.005405
trīs	dziesmas	0.005405
trīs	uzvaras	0.005405
trīs	meitenes	0.005405
trīs	mēnešiem	0.005405
trīs	jaunieši	0.005405
trīs	bērnu	0.005405
turas	pie	0.250000
turas	kopā	0.150000
turpināja	darbu	0.136364
turpinās	arī	0.106383
turpinās	un	0.056738
turpinās	strādāt	0.035461
turpinās	darboties	0.028369
turpinās	joprojām	0.021277
turpinās	vēl	0.021277
turpinās	pēc	0.021277
turpinās	sarunas	0.021277
turpinās	darbs	0.021277
turpinās	izmeklēšana	0.021277
turpinās	darbu	0.021277
turpinās	jau	0.021277
turpināt	darbu	0.091954
turpināt	savu	0.045977
turpināt	un	0.034483
turpināt	mācības	0.034483
turpmāk	būs	0.136095
turpmāk	tiks	0.041420
turpmāk	varēs	0.029586
turpmāk	varētu	0.023669
turpmāk	ar	0.017751
turpmāk	un	0.017751
turpmāk	var	0.017751
turpmāk	arī	0.017751
tuvāk	nekā	0.108696
tuvāk	iepazīt	0.086957
tā	ir	0.159294
tā	kā	0.105733
tā	ka	0.064471
tā	arī	0.043245
tā	nav	0.025590
tā	bija	0.022615
tā	lai	0.020829
tā	būs	0.016663
tā	jau	0.014085
tā	vietā	0.013886
tā	būtu	0.013093
tā	var	0.012696
tā	tas	0.009125
tā	laika	0.008927
tā	varētu	0.008927
tā	nu	0.008332
tā	pati	0.007340
tā	esot	0.006348
tā	vai	0.006348
tā	vien	0.006348
tā	kas	0.005951
tā	ko	0.005356
tā	es	0.005158
tā	paša	0.004761
tā	par	0.004563
tā	cik	0.004563
tā	teikt	0.004364
tā	piemēram	0.004364
tā	notiek	0.003967
tā	tad	0.003967
tā	pat	0.003967
tā	īsti	0.003769
tā	tiek	0.003769
tā	it	0.003571
tā	ar	0.003571
tā	tālāk	0.003372
tā	taču	0.003372
tā	mēs	0.003372
tā	vienkārši	0.003372
tā	vairs	0.003174
tādām	lietām	0.190476
tālu	no	0.160000
tālu	ka	0.130000
tālu	un	0.040000
tālu	lai	0.040000
tālu	netiksi	0.030000
tālu	tad	0.030000
tālu	var	0.030000
tālu	nav	0.030000
tās	ir	0.142857
tās	var	0.030911
tās	nav	0.030911
tās	pašas	0.024227
tās	būs	0.021721
tās	laikā	0.017544
tās	bija	0.012531
tās	kuras	0.009190
tās	jau	0.009190
tās	tiek	0.008354
tās	mērķis	0.008354
tās	būtu	0.007519
tās	arī	0.007519
tās	varētu	0.007519
tās	par	0.006683
tās	rīcībā	0.006683
tās	esot	0.006683
tās	lietas	0.006683
tās	vēl	0.005848
tās	vietā	0.005848
tās	visas	0.005848
tās	un	0.005848
tās	vadītājs	0.005013
tās	tikai	0.005013
tās	vērtības	0.004177
tās	bijušas	0.004177
tās	kā	0.004177
tās	dienas	0.004177
tās	kas	0.004177
tās	gan	0.004177
tās	darbojas	0.003342
tās	vairs	0.003342
tās	ģimenes	0.003342
tās	nebija	0.003342
tās	lomu	0.003342
tās	noteikti	0.003342
tās	iespējams	0.003342
tās	darbu	0.003342
tās	vienmēr	0.003342
tās	iedzīvotājiem	0.003342
tērpu	bet	0.300000
tūdaļ	pat	0.307692
tūkstoši	cilvēku	0.333333
tūkstoši	bērnu	0.066667
ugunsgrēks	bija	0.200000
ugunsgrēks	tika	0.114286
universitātē	un	0.200000
upes	krastā	0.238095
uzdevums	ir	0.508621
uzdevums	būs	0.068966
uzdevums	bija	0.051724
uzdevums	jo	0.034483
uzdevums	nav	0.025862
uzmanība	tiek	0.163265
uzmanība	tiks	0.081633
uzmanība	bija	0.061224
uzmanība	jo	0.061224
uzreiz	pēc	0.120219
uzreiz	un	0.032787
uzreiz	rodas	0.021858
uzreiz	uz	0.021858
uzreiz	bet	0.021858
uzreiz	to	0.016393
uzreiz	var	0.016393
uzreiz	sākt	0.016393
uzreiz	jāsaka	0.016393
uzreiz	arī	0.016393
uzskata	ka	0.709627
uzskata	par	0.114907
uzskata	i	0.009317
uzskata	a	0.007764
uzskata	j	0.006211
uzskatāt	ka	0.800000
uzskatīts	par	0.666667
uzskatīts	ka	0.200000
uzsākt	savu	0.095238
uzsākt	šā	0.071429
uzticību	un	0.321429
uzvaru	un	0.121212
uzvaru	ar	0.090909
uzvedību	un	0.307692
uzzināja	ka	0.375000
uzzināja	valsts	0.281250
uzzināja	par	0.078125
uzzinātu	par	0.157895
uzzinātu	ko	0.157895
uzņemties	atbildību	0.390244
uzņēmumu	un	0.109290
uzņēmumu	kas	0.071038
uzņēmumu	skaits	0.032787
uzņēmumu	akcijas	0.027322
uzņēmumu	grupas	0.027322
uzņēmumu	darbības	0.027322
uzņēmumu	ar	0.021858
uzņēmumu	vidū	0.021858
uzņēmumu	kā	0.021858
uzņēmumu	finanšu	0.016393
uzņēmumu	gan	0.016393
uzņēmumu	darbība	0.016393
uzņēmumu	darbību	0.016393
uzņēmumu	kuru	0.016393
uzņēmumu	vadītāju	0.016393
vai	arī	0.057402
vai	nu	0.030560
vai	tas	0.030560
vai	tad	0.029940
vai	esat	0.026223
vai	tiešām	0.023333
vai	ir	0.016932
vai	tā	0.015693
vai	pat	0.015073
vai	ne	0.014247
vai	jūs	0.012183
vai	nav	0.012183
vai	ar	0.011357
vai	par	0.010944
vai	kāds	0.010944
vai	to	0.010324
vai	tu	0.008466
vai	mēs	0.007433
vai	vēl	0.007433
vai	kā	0.007227
vai	viņš	0.007227
vai	mazāk	0.006607
vai	uz	0.006607
vai	tās	0.006401
vai	vismaz	0.006195
vai	citu	0.006195
vai	vispār	0.005988
vai	vēlu	0.005782
vai	jums	0.005782
vai	no	0.005575
vai	tikai	0.005369
vai	tie	0.005369
vai	es	0.004956
vai	būs	0.004956
vai	varbūt	0.004749
vai	tik	0.004749
vai	valsts	0.004749
vai	viņi	0.004749
vai	tomēr	0.004336
vai	mums	0.004130
vaina	ka	0.189189
vaina	ir	0.135135
vaina	nav	0.108108
vainīga	ir	0.500000
vairāk	nekā	0.430987
vairāk	par	0.069285
vairāk	kā	0.051828
vairāk	un	0.019640
vairāk	ir	0.018549
vairāk	vai	0.016367
vairāk	laika	0.010911
vairāk	cilvēku	0.010366
vairāk	naudas	0.009274
vairāk	jo	0.007092
vairāk	informācijas	0.007092
vairāk	uzmanības	0.006001
vairāk	tāpēc	0.006001
vairāk	ja	0.005456
vairāk	darba	0.005456
vairāk	tādēļ	0.004910
vairāk	bērnu	0.004910
vairāk	līdzekļu	0.004910
vairāk	gan	0.004364
vairāk	nav	0.003819
vairāk	tādu	0.003819
vairāk	tiek	0.003819
vairāk	var	0.003273
vairāk	foto	0.003273
vairāk	to	0.002728
vairāk	mēs	0.002728
vairāk	jautājumu	0.002728
vairāk	ar	0.002728
vairāk	iespēju	0.002728
vairāk	līdzinās	0.002728
vairāk	būtu	0.002728
vairāk	no	0.002182
vairāk	gadu	0.002182
vairāk	taču	0.002182
vairāk	tas	0.002182
vairāk	izskatās	0.002182
vairāk	klientu	0.002182
vairāk	uz	0.001637
vairāk	tiks	0.001637
vairāk	jauno	0.001637
vajag	tikai	0.032051
vajag	lai	0.025641
vajag	vairāk	0.025641
vajag	arī	0.022436
vajag	kaut	0.019231
vajag	darīt	0.019231
vajag	bet	0.019231
vajag	un	0.016026
vajag	savu	0.016026
vajag	daudz	0.016026
vajag	par	0.012821
vajag	visu	0.012821
vajag	kādu	0.012821
vajag	nevis	0.012821
vajag	taču	0.012821
vajag	vismaz	0.009615
vajag	uz	0.009615
vajag	sākt	0.009615
vajag	naudu	0.009615
vajag	saprast	0.009615
vajag	zināt	0.009615
vajag	to	0.009615
vajag	visiem	0.009615
vajag	lielāku	0.009615
vajag	ne	0.009615
vajag	tik	0.009615
vakar	no	0.058442
vakar	bija	0.045455
vakar	vakarā	0.038961
vakar	pēcpusdienā	0.032468
vakar	un	0.032468
vakar	notika	0.032468
vakar	uz	0.025974
vakar	atkal	0.025974
vakar	vēl	0.025974
vakar	teica	0.019481
vakar	valsts	0.019481
vakar	tika	0.019481
vakar	ap	0.019481
vakar	par	0.019481
vakarā	kad	0.062112
vakarā	bija	0.049689
vakarā	ap	0.049689
vakarā	uz	0.024845
vakarā	pēc	0.018634
vakarā	notika	0.018634
vakarā	plkst	0.018634
vakarā	no	0.018634
vakarā	pie	0.018634
vakarā	pulksten	0.018634
valsts	policijas	0.126816
valsts	un	0.066050
valsts	policija	0.050198
valsts	prezidenta	0.042272
valsts	prezidents	0.038970
valsts	prezidentu	0.020476
valsts	ir	0.016513
valsts	atbalsta	0.015852
valsts	kontroles	0.014531
valsts	valodas	0.013871
valsts	valodu	0.012550
valsts	kontrole	0.012550
valsts	atbalstu	0.010568
valsts	prezidentam	0.009908
valsts	zemes	0.009908
valsts	ceļi	0.009908
valsts	darba	0.009908
valsts	policijai	0.009247
valsts	valoda	0.007926
valsts	meža	0.007926
valsts	var	0.007266
valsts	valodā	0.007266
valsts	iestādes	0.007266
valsts	nozīmes	0.007266
valsts	vai	0.006605
valsts	bērnu	0.006605
valsts	naudu	0.006605
valsts	drošības	0.005945
valsts	līmenī	0.005945
valsts	parāda	0.005945
valsts	akciju	0.005945
valsts	finanšu	0.005284
valsts	iedzīvotājiem	0.005284
valsts	bet	0.005284
valsts	policiju	0.004624
valsts	ar	0.004624
valsts	dienesta	0.004624
valsts	uzņēmumu	0.004624
valsts	nav	0.004624
valsts	mežu	0.004624
valstī	ir	0.157143
valstī	un	0.082143
valstī	nav	0.057143
valstī	kurā	0.028571
valstī	vai	0.017857
valstī	tā	0.017857
valstī	tiek	0.017857
valstī	var	0.014286
valstī	uz	0.014286
valstī	kas	0.014286
valstī	jau	0.010714
valstī	tad	0.010714
valstī	gan	0.010714
valstī	notiek	0.010714
valstī	arī	0.010714
valstī	tas	0.010714
valstī	kā	0.010714
valstī	joprojām	0.010714
valstī	bet	0.010714
var	būt	0.102780
var	teikt	0.023043
var	arī	0.021946
var	tikt	0.019386
var	saņemt	0.019386
var	atrast	0.019020
var	jau	0.019020
var	tikai	0.017922
var	redzēt	0.016459
var	izmantot	0.015728
var	izdarīt	0.014996
var	kļūt	0.013899
var	radīt	0.012436
var	darīt	0.012070
var	notikt	0.011704
var	iegūt	0.010607
var	palīdzēt	0.009876
var	runāt	0.009144
var	atļauties	0.008778
var	nopirkt	0.008778
var	dabūt	0.008413
var	sasniegt	0.007681
var	iesniegt	0.007681
var	iepazīties	0.007681
var	saprast	0.007681
var	iet	0.006950
var	sākt	0.006950
var	izvēlēties	0.006950
var	gadīties	0.006950
var	dot	0.006584
var	panākt	0.006584
var	likt	0.006218
var	veikt	0.005852
var	droši	0.005486
var	iztikt	0.005486
var	pat	0.005486
var	doties	0.005486
var	strādāt	0.005121
var	apskatīt	0.005121
var	mainīties	0.005121
vara	un	0.166667
varam	būt	0.032000
varam	tikai	0.028000
varam	teikt	0.024000
varam	redzēt	0.024000
varam	darīt	0.024000
varam	runāt	0.024000
varam	cerēt	0.020000
varam	izdarīt	0.016000
varam	piedāvāt	0.016000
varam	saukt	0.016000
varam	dzīvot	0.016000
varam	kļūt	0.016000
varam	pateikties	0.012000
varam	iet	0.012000
varam	uzzināt	0.012000
varam	mēģināt	0.012000
varam	mācīties	0.012000
varam	novērot	0.012000
varam	arī	0.012000
varam	dzirdēt	0.012000
vari	iet	0.042553
vari	atšķirt	0.042553
vari	nosaukt	0.031915
vari	vēl	0.031915
vari	darīt	0.031915
vari	skatīties	0.031915
vari	strādāt	0.031915
vari	izlemt	0.031915
varēsim	vērot	0.085714
vasaras	laikā	0.082569
vasaras	laiku	0.073394
vasaras	sākumā	0.064220
vasaras	un	0.064220
vasaras	vidū	0.055046
vasaras	beigās	0.055046
vasaras	nometnes	0.027523
vasaras	brīvdienas	0.027523
vasaras	nometnē	0.027523
vasaras	atpūtas	0.027523
vasaras	sporta	0.027523
veca	sieviete	0.297297
veca	meitene	0.189189
veca	un	0.135135
vecais	vīrietis	0.142857
vecais	aktieris	0.085714
vecais	vīrs	0.085714
veco	ļaužu	0.380000
vecuma	grupā	0.148148
vecuma	bērniem	0.125926
vecuma	un	0.074074
vecuma	bērnu	0.059259
vecuma	grupas	0.051852
vecuma	bērni	0.044444
vecuma	kas	0.029630
vecuma	vai	0.029630
vecuma	grupu	0.029630
vecuma	cilvēkiem	0.029630
vecuma	dēļ	0.022222
vecuma	līdz	0.022222
vecuma	cilvēkus	0.022222
vecuma	cilvēki	0.022222
vecākiem	un	0.146067
vecākiem	ir	0.084270
vecākiem	nav	0.056180
vecākiem	kuri	0.033708
vecākiem	gan	0.028090
vecākiem	būs	0.028090
vecākiem	kas	0.022472
vecākiem	kuriem	0.016854
vecākiem	lai	0.016854
vecākiem	cilvēkiem	0.016854
vecākiem	par	0.016854
vecākiem	vai	0.016854
vecākiem	būtu	0.016854
vecākiem	ar	0.016854
vecākā	meita	0.272727
veidi	kā	0.363636
veidu	kā	0.338028
veidu	un	0.126761
veidu	bet	0.042254
veidu	kādā	0.042254
veiksme	ir	0.250000
veiksmi	un	0.360000
veiksmīgs	ja	0.176471
viedokli	par	0.239726
viedokli	ka	0.226027
viedokli	un	0.130137
viedokli	gan	0.034247
viedokli	vai	0.034247
viedokli	ir	0.020548
viedokli	jo	0.020548
viedokli	bet	0.020548
viedokli	šajā	0.020548
vieglāk	ir	0.111111
vieglāk	un	0.074074
vieglāk	nekā	0.061728
vieglāk	jo	0.061728
vieglāk	to	0.037037
vieglāk	dzīvot	0.037037
vieglāk	ja	0.037037
vien	ir	0.072187
vien	ka	0.023355
vien	par	0.021231
vien	tas	0.020170
vien	kā	0.014862
vien	nav	0.014862
vien	šķiet	0.014862
vien	iespējams	0.013800
vien	var	0.013800
vien	bija	0.013800
vien	būs	0.012739
vien	būtu	0.012739
vien	ar	0.011677
vien	jau	0.010616
vien	arī	0.010616
vien	to	0.010616
vien	dažas	0.010616
vien	pāris	0.009554
vien	tiek	0.009554
vien	pēc	0.009554
vien	nebūs	0.009554
vien	no	0.008493
vien	tā	0.008493
vien	nepietiek	0.008493
vien	dara	0.007431
vien	varētu	0.006369
vien	daži	0.006369
vien	uz	0.006369
vien	pat	0.005308
vien	mēs	0.005308
vien	tās	0.005308
vien	tik	0.005308
vien	jo	0.005308
vien	trīs	0.005308
vien	viņi	0.005308
vien	bet	0.005308
vien	nevar	0.004246
vien	sagaidīt	0.004246
vien	tur	0.004246
vien	cilvēki	0.004246
vienas	puses	0.268156
vienas	dienas	0.106145
vienas	no	0.100559
vienas	vietas	0.078212
vienas	ģimenes	0.039106
vienas	un	0.027933
vienas	rokas	0.027933
vienas	stundas	0.016760
vienas	valsts	0.016760
vienas	personas	0.016760
vienlaicīgi	ar	0.137931
vienlaicīgi	var	0.103448
vienlaicīgi	būs	0.103448
vienlaikus	ar	0.113208
vienlaikus	ir	0.100629
vienlaikus	viņš	0.069182
vienlaikus	gan	0.050314
vienlaikus	viņa	0.037736
vienlaikus	arī	0.025157
vienlaikus	es	0.018868
viens	no	0.486586
viens	otru	0.028677
viens	otram	0.026827
viens	pats	0.024977
viens	cilvēks	0.022202
viens	vien	0.020352
viens	ir	0.015726
viens	otrs	0.015726
viens	un	0.015726
viens	vai	0.009251
viens	pret	0.008326
viens	liels	0.008326
viens	solis	0.007401
viens	bez	0.007401
viens	bet	0.006475
viens	nav	0.006475
viens	ar	0.006475
viens	iemesls	0.005550
viens	pēc	0.005550
viens	gan	0.005550
viens	šāds	0.005550
viens	uzņēmums	0.004625
viens	jautājums	0.004625
viens	piemērs	0.004625
viens	gads	0.004625
viens	par	0.003700
viens	miljons	0.003700
viens	tāds	0.003700
viens	ļoti	0.003700
viens	bērns	0.003700
viens	pie	0.003700
viens	risinājums	0.002775
viens	gadus	0.002775
viens	kā	0.002775
viens	vīrietis	0.002775
viens	veids	0.002775
viens	divi	0.002775
viens	nopietns	0.002775
viens	gadījums	0.002775
viens	svarīgs	0.002775
vienus	vārtus	0.666667
vienīgais	ko	0.111111
vienīgais	kas	0.092593
vienīgais	veids	0.064815
vienīgais	risinājums	0.055556
vienīgais	no	0.046296
vienīgais	uzņēmuma	0.037037
vienīgais	par	0.037037
vienīgais	gadījums	0.027778
vienīgais	kurš	0.027778
viesnīcas	un	0.121212
viesnīcas	ir	0.121212
viesnīcas	ar	0.090909
viesu	nama	0.145161
viesu	namu	0.145161
viesu	namā	0.096774
viesu	māju	0.064516
viesu	vidū	0.048387
viesu	nams	0.048387
vieta	kur	0.242291
vieta	ir	0.105727
vieta	un	0.052863
vieta	kurā	0.030837
vieta	pie	0.022026
vieta	kas	0.022026
vieta	jo	0.022026
vieta	arī	0.022026
vieta	nav	0.017621
vieta	bija	0.017621
vieta	bet	0.013216
vieta	uz	0.013216
vieta	gan	0.013216
vieta	tika	0.013216
vietai	kur	0.161290
vietai	ir	0.096774
vietai	un	0.096774
virzienā	no	0.127907
virzienā	uz	0.116279
virzienā	un	0.093023
virzienā	pa	0.034884
virzienā	jo	0.034884
vis	ir	0.137931
visai	ģimenei	0.113475
visai	pasaulei	0.056738
visai	grūti	0.049645
visai	maz	0.035461
visai	bieži	0.028369
visai	pilsētai	0.028369
visai	liela	0.028369
visai	dienai	0.021277
visai	labi	0.021277
visai	dzīvei	0.021277
visai	nopietni	0.021277
visai	drīz	0.021277
visam	ko	0.104651
visam	ir	0.081395
visam	kas	0.058140
visam	mūžam	0.046512
visam	jābūt	0.046512
visam	tam	0.034884
visiem	ir	0.085903
visiem	kas	0.055066
visiem	kuri	0.028634
visiem	kopā	0.028634
visiem	laikiem	0.024229
visiem	spēkiem	0.022026
visiem	šiem	0.019824
visiem	pārējiem	0.017621
visiem	saviem	0.015419
visiem	bērniem	0.015419
visiem	būs	0.013216
visiem	tiem	0.013216
visiem	jautājumiem	0.011013
visiem	labi	0.011013
visiem	vienādi	0.011013
visiem	citiem	0.011013
visiem	darbiniekiem	0.011013
visiem	tās	0.011013
visiem	cilvēkiem	0.011013
visiem	būtu	0.008811
visiem	bija	0.008811
visiem	taču	0.008811
visiem	trim	0.008811
visiem	un	0.008811
visiem	jau	0.008811
visiem	viss	0.008811
visiem	kā	0.008811
visiem	bet	0.008811
visiem	iedzīvotājiem	0.008811
visiem	valsts	0.006608
visiem	arī	0.006608
visiem	vēl	0.006608
visiem	procentiem	0.006608
visiem	patīk	0.006608
visiem	tas	0.006608
visiem	darba	0.006608
visiem	tirgus	0.006608
visiem	tā	0.006608
visiem	pa	0.006608
visiem	kaut	0.006608
viss	ir	0.235979
viss	kas	0.037037
viss	būs	0.037037
viss	notiek	0.035979
viss	bija	0.031746
viss	kārtībā	0.027513
viss	jau	0.025397
viss	tiek	0.021164
viss	būtu	0.016931
viss	ko	0.016931
viss	nav	0.013757
viss	esot	0.012698
viss	pārējais	0.012698
viss	notiks	0.012698
viss	par	0.010582
viss	vēl	0.009524
viss	sākās	0.009524
viss	notika	0.009524
viss	atkarīgs	0.009524
viss	lai	0.008466
viss	vienalga	0.007407
viss	tas	0.007407
viss	var	0.007407
viss	šis	0.007407
viss	tiks	0.006349
viss	iet	0.006349
viss	ok	0.006349
viss	tā	0.005291
viss	un	0.005291
viss	nāk	0.005291
viss	kopā	0.005291
viss	tika	0.005291
viss	no	0.005291
viss	izskatās	0.004233
viss	gan	0.004233
viss	izdosies	0.004233
viss	sākas	0.004233
viss	maksā	0.004233
viss	uz	0.004233
viss	ar	0.004233
visticamāk	būs	0.115385
visticamāk	ka	0.102564
visticamāk	ir	0.064103
visticamāk	arī	0.044872
visticamāk	tiks	0.038462
visticamāk	tā	0.025641
visticamāk	paliks	0.019231
visticamāk	tas	0.019231
visticamāk	būtu	0.019231
visticamāk	notiks	0.019231
visvairāk	ir	0.075269
visvairāk	nepieciešams	0.043011
visvairāk	par	0.032258
visvairāk	punktu	0.032258
visvairāk	patīk	0.032258
visām	pusēm	0.125000
visām	mājām	0.056818
visām	eiropas	0.045455
visām	šīm	0.045455
visām	no	0.045455
visām	reizēm	0.034091
visām	tās	0.034091
visām	es	0.034091
visām	dzīves	0.034091
visās	trīs	0.177778
visās	eiropas	0.066667
visās	vietās	0.066667
visās	mūsu	0.066667
viņu	vidū	0.023747
viņu	ir	0.018470
viņu	vecākiem	0.018470
viņu	vecāki	0.018470
viņu	vietā	0.014512
viņu	var	0.014512
viņu	pašu	0.014512
viņu	par	0.011873
viņu	nav	0.011873
viņu	darba	0.011873
viņu	kā	0.010554
viņu	un	0.010554
viņu	dzīve	0.009235
viņu	bērniem	0.009235
viņu	ar	0.009235
viņu	bērni	0.007916
viņu	ģimenes	0.006596
viņu	vēl	0.006596
viņu	vecākus	0.006596
viņu	mājās	0.006596
viņu	tur	0.006596
viņu	darbu	0.006596
viņu	kopā	0.006596
viņu	sauc	0.006596
viņu	arī	0.006596
viņu	no	0.006596
viņu	tā	0.006596
viņu	būtu	0.006596
viņu	rīcībā	0.005277
viņu	veselību	0.005277
viņu	mīl	0.005277
viņu	dzīvē	0.005277
viņu	labi	0.005277
viņu	puses	0.005277
viņu	starpā	0.005277
viņu	jau	0.005277
viņu	bērns	0.005277
viņu	dēļ	0.005277
viņu	esot	0.003958
viņu	vārdus	0.003958
viņus	interesē	0.061728
viņus	ar	0.049383
viņus	no	0.030864
viņus	tur	0.024691
viņus	uz	0.018519
viņus	sagaida	0.018519
viņus	neinteresē	0.018519
viņš	ir	0.095852
viņš	arī	0.049888
viņš	jau	0.023543
viņš	bija	0.023543
viņš	nav	0.020179
viņš	norāda	0.019058
viņš	gan	0.017937
viņš	to	0.017377
viņš	pats	0.017377
viņš	teica	0.016816
viņš	var	0.015695
viņš	uzskata	0.014574
viņš	saka	0.014013
viņš	ar	0.012892
viņš	sacīja	0.012892
viņš	esot	0.010650
viņš	piebilst	0.009529
viņš	man	0.008969
viņš	stāsta	0.008969
viņš	vēlas	0.008408
viņš	būs	0.008408
viņš	mani	0.007287
viņš	taču	0.007287
viņš	vēl	0.006726
viņš	pastāstīja	0.006726
viņš	kā	0.006166
viņš	teic	0.006166
viņš	varētu	0.005605
viņš	bijis	0.005605
viņš	ne	0.005045
viņš	cer	0.005045
viņš	par	0.005045
viņš	grib	0.005045
viņš	aicina	0.005045
viņš	tika	0.005045
viņš	un	0.004484
viņš	strādāja	0.004484
viņš	spēj	0.004484
viņš	dara	0.004484
viņš	no	0.003924
vācija	un	0.206897
vācija	var	0.103448
vācu	valodas	0.155556
vācu	valodā	0.111111
vācu	un	0.088889
vācu	laikā	0.066667
vācu	valodu	0.066667
vārdiem	sakot	0.147727
vārdiem	un	0.068182
vārdiem	runājot	0.068182
vārdiem	ir	0.045455
vārdiem	par	0.034091
vārds	jau	0.098160
vārds	ir	0.085890
vārds	uzzināja	0.079755
vārds	ietekmē	0.073620
vārds	un	0.055215
vārds	rakstīja	0.030675
vārds	pa	0.030675
vārds	centās	0.024540
vārds	arī	0.018405
vārds	sakāms	0.018405
vārds	devās	0.018405
vārds	saņēma	0.018405
vārds	par	0.018405
vārdu	sakot	0.225352
vārdu	un	0.063380
vārdu	pasaulē	0.049296
vārdu	izvēle	0.021127
vārdus	un	0.115942
vārdus	par	0.057971
vēlas	lai	0.090625
vēlas	saņemt	0.031250
vēlas	iegūt	0.031250
vēlas	redzēt	0.028125
vēlas	būt	0.028125
vēlas	un	0.025000
vēlas	kļūt	0.021875
vēlas	panākt	0.021875
vēlas	izveidot	0.015625
vēlas	strādāt	0.015625
vēlas	kaut	0.015625
vēlas	atgriezties	0.012500
vēlas	šo	0.012500
vēlas	nodarboties	0.012500
vēlas	gūt	0.012500
vēlas	runāt	0.012500
vēlas	iet	0.012500
vēlas	palīdzēt	0.012500
vēlas	dzīvot	0.012500
vēlas	saglabāt	0.009375
vēlas	par	0.009375
vēlas	darboties	0.009375
vēlas	darīt	0.009375
vēlas	palikt	0.009375
vēlas	savu	0.009375
vēlas	arī	0.009375
vēlas	uzlabot	0.009375
vēlas	sasniegt	0.009375
vēlas	lielāku	0.009375
vēlas	no	0.009375
vēlas	iepazīties	0.009375
vēlaties	lai	0.272727
vēlmes	un	0.285714
vēlmes	vai	0.085714
vēlmes	ir	0.085714
vēro	kā	0.235294
vērtība	ir	0.190083
vērtība	un	0.099174
vērtība	bija	0.082645
vērtība	kopš	0.057851
vērtība	līdz	0.024793
vērtība	pēc	0.024793
vērtība	pret	0.024793
vērtības	un	0.164179
vērtības	kā	0.089552
vērtības	kas	0.074627
vērtības	bet	0.074627
vērtības	kuras	0.044776
vērtību	un	0.155172
vērtību	bet	0.051724
vērtību	sistēmu	0.051724
vērtību	sistēma	0.051724
vērā	ka	0.419162
vērā	to	0.065868
vērā	arī	0.062874
vērā	gan	0.017964
vērā	mūsu	0.011976
vērā	fakts	0.011976
vērā	valsts	0.011976
vērā	tās	0.011976
vērā	jo	0.011976
vērā	visus	0.011976
vērā	lielo	0.011976
vērā	cik	0.008982
vērā	ceļa	0.008982
vērā	eiropas	0.008982
vērā	šo	0.008982
vērā	šos	0.008982
vēsti	ka	0.750000
vēstules	no	0.108108
vēstules	ir	0.108108
vēstules	ar	0.081081
vēstules	par	0.081081
vēsturi	un	0.212766
vēsturi	ar	0.085106
vēsturē	un	0.155556
vēsturē	kā	0.066667
vīrietim	ir	0.142857
vīrietim	liek	0.081633
vīrietim	nav	0.061224
vīrietim	kurš	0.061224
vīrs	un	0.076923
vīrs	bija	0.064103
vīrs	strādā	0.038462
vīrs	ir	0.038462
z	s	0.703704
zaudē	savu	0.136364
zaudējumu	atlīdzību	0.100000
zaļo	un	0.450000
zaļo	gaismu	0.166667
zaļo	zonu	0.066667
ziemassvētku	laiks	0.073171
ziemassvētku	vakarā	0.073171
ziemassvētku	kauju	0.060976
ziemassvētku	laikā	0.048780
ziemassvētku	dziesmas	0.048780
ziemassvētku	dāvanu	0.048780
ziemassvētku	dāvanas	0.048780
ziemassvētku	labdarības	0.036585
ziemassvētku	brīnums	0.036585
ziemassvētku	pasākums	0.036585
ziemassvētku	un	0.036585
zilo	karogu	0.375000
zin	ka	0.162791
zin	kā	0.093023
zin	labāk	0.093023
zin	par	0.069767
zina	ka	0.205882
zina	ko	0.098039
zina	kā	0.083333
zina	kas	0.063725
zina	kur	0.034314
zina	par	0.029412
zina	un	0.024510
zina	tikai	0.024510
zina	varbūt	0.024510
zina	teikt	0.024510
zina	jo	0.019608
zina	vai	0.019608
zina	stāstīt	0.019608
zina	cik	0.014706
zina	arī	0.014706
zina	to	0.014706
zini	ka	0.166667
zini	kas	0.138889
zini	cik	0.111111
zini	es	0.083333
zinu	ka	0.464865
zinu	ko	0.059459
zinu	tad	0.032432
zinu	no	0.021622
zinu	tikai	0.021622
zinu	kā	0.021622
zinu	un	0.016216
zinātu	ka	0.151515
zinātu	cik	0.121212
zinātu	kā	0.121212
zinātu	kas	0.121212
zivju	ielā	0.208333
zivju	un	0.166667
zādzība	notikusi	0.590909
zādzība	no	0.136364
zēniem	un	0.571429
zēns	gadu	0.238095
ārsta	un	0.136364
ārsti	un	0.120000
ārsti	viņam	0.080000
ārsti	kas	0.060000
ārsti	kuri	0.060000
četrām	stundām	0.266667
ēdiens	ir	0.181818
ēkas	un	0.095238
ēkas	jumta	0.066667
ēkas	kas	0.047619
ēkas	pirmajā	0.047619
ēkas	otrajā	0.038095
ēkas	bet	0.028571
ēkas	projektu	0.028571
ēnas	puses	0.600000
ģimene	ir	0.140625
ģimene	ar	0.046875
ģimene	un	0.046875
ģimene	no	0.031250
ģimene	gan	0.023438
ģimene	kurā	0.023438
ģimene	bija	0.023438
ģimene	var	0.023438
ģimenē	ir	0.109890
ģimenē	ar	0.065934
ģimenē	aug	0.043956
ģimenē	un	0.032967
ģimenē	ienāca	0.032967
īpašnieks	ir	0.142857
īpašnieks	var	0.102041
īpašnieks	un	0.102041
īsto	vārdu	0.166667
īsto	brīdi	0.133333
īsto	dabu	0.100000
īstā	vieta	0.250000
īstā	un	0.125000
ķīnā	un	0.200000
ņem	vērā	0.355932
ņem	līdzi	0.118644
ņemt	vērā	0.230769
ņemt	līdzi	0.179487
ņemt	naudu	0.051282
ņemt	arī	0.038462
šaubām	ir	0.214286
šis	ir	0.182596
šis	jautājums	0.052782
šis	gads	0.041369
šis	projekts	0.032810
šis	nav	0.028531
šis	darbs	0.028531
šis	process	0.027104
šis	būs	0.024251
šis	pasākums	0.024251
šis	laiks	0.018545
šis	bija	0.017118
šis	tas	0.015692
šis	gadījums	0.012839
šis	kungs	0.012839
šis	uzņēmums	0.012839
šis	notikums	0.012839
šis	vārds	0.011412
šis	stāsts	0.011412
šis	darījums	0.011412
šis	lēmums	0.009986
šis	pats	0.008559
šis	likums	0.008559
šis	fakts	0.007133
šis	cilvēks	0.007133
šis	bizness	0.007133
šis	jau	0.007133
šis	viss	0.007133
šis	dokuments	0.007133
šis	nams	0.005706
šis	plāns	0.005706
šis	solis	0.005706
šis	brauciens	0.005706
šis	uzdevums	0.005706
šis	būtu	0.005706
šis	saraksts	0.005706
šis	raksts	0.005706
šis	ieraksts	0.005706
šis	esot	0.004280
šis	jaunais	0.004280
šis	īpašums	0.004280
šodien	ir	0.107914
šodien	un	0.035971
šodien	mēs	0.031175
šodien	par	0.028777
šodien	pulksten	0.028777
šodien	pēc	0.026379
šodien	bija	0.016787
šodien	nav	0.016787
šodien	plkst	0.016787
šodien	no	0.014388
šodien	tiek	0.014388
šodien	vairs	0.014388
šodien	tiks	0.014388
šodien	nolēma	0.011990
šodien	vai	0.011990
šodien	tā	0.009592
šodien	uz	0.009592
šodien	jau	0.009592
šodien	būs	0.009592
šodien	ārkārtas	0.009592
šodien	notiek	0.009592
šodien	gan	0.007194
šodien	kaut	0.007194
šodien	lai	0.007194
šodien	kā	0.007194
šodien	pēcpusdienā	0.007194
šodien	redzam	0.007194
šodien	kad	0.007194
šodien	es	0.007194
šodien	notiks	0.007194
šodien	decembrī	0.007194
šodien	pat	0.007194
šodien	neviens	0.007194
šonedēļ	atbild	0.077778
šonedēļ	jau	0.033333
šovs	no	0.181818
šādā	veidā	0.258427
šādā	situācijā	0.235955
šādā	gadījumā	0.179775
šādā	vietā	0.033708
šķiet	ka	0.414322
šķiet	nav	0.030691
šķiet	ir	0.025575
šķiet	tas	0.020460
šķiet	pārāk	0.015345
šķiet	ļoti	0.012788
šķiet	kā	0.010230
šķiet	vai	0.010230
šķiet	tieši	0.007673
šķiet	par	0.007673
šķiet	tikai	0.007673
šķiet	tik	0.007673
šķiet	visai	0.007673
šķiet	tā	0.007673
šķiet	laiks	0.007673
šķiet	arī	0.007673
šķiet	bija	0.007673
šķiet	ar	0.007673
ūdeni	un	0.203390
ūdeni	no	0.135593
ūdeni	lai	0.050847
