a	kadar	0.053824
a	milli	0.045326
a	nın	0.031161
a	ve	0.028329
a	ait	0.026629
a	karşı	0.021530
a	da	0.019830
a	göre	0.015864
a	a	0.014164
a	oy	0.011898
a	bir	0.011898
a	yakın	0.011898
a	geldi	0.011898
a	bağlı	0.011331
a	b	0.010765
a	s	0.010765
a	ile	0.010765
a	k	0.010198
a	gelen	0.009632
a	haber	0.009632
a	konuşan	0.009065
a	teşekkür	0.008499
a	destek	0.008499
a	yaptığı	0.007932
a	giden	0.007932
a	ise	0.007932
a	grubu	0.007932
a	çok	0.007932
a	y	0.007365
a	gitti	0.006799
a	özel	0.006799
a	transfer	0.006799
a	yı	0.006799
a	tepki	0.006232
a	doğru	0.006232
a	milyon	0.005666
a	ulaştı	0.005666
a	g	0.005666
a	yapılan	0.005666
a	teslim	0.005666
abd	nin	0.232349
abd	de	0.136072
abd	li	0.082157
abd	başkanı	0.073171
abd	ve	0.066752
abd	ye	0.052632
abd	deki	0.033376
abd	den	0.032092
abd	merkez	0.026958
abd	ile	0.026958
abd	savunma	0.017972
abd	yi	0.016688
abd	doları	0.015404
abd	ordusu	0.008986
abd	hazine	0.008986
abd	çin	0.007702
abd	almanya	0.006418
abd	için	0.005135
abd	adalet	0.003851
abd	bu	0.003851
abd	gibi	0.003851
abd	rusya	0.003851
abd	sahil	0.003851
abd	ulusal	0.003851
abd	yüksek	0.003851
abd	hava	0.003851
abd	istihbarat	0.003851
abd	arasındaki	0.003851
abd	arasında	0.003851
adam	gibi	0.039062
adam	daha	0.023438
adam	yok	0.023438
adam	öldürmeye	0.023438
adam	hayatını	0.023438
adam	bir	0.023438
adamı	olarak	0.151515
adamın	hayatını	0.111111
adası	nda	0.275862
adası	na	0.206897
adası	ndan	0.137931
adası	nın	0.103448
adayı	ve	0.146465
adayı	olarak	0.121212
adayı	olan	0.090909
adayı	oldu	0.080808
adayı	olmak	0.050505
adayı	olduğunu	0.030303
adayı	olması	0.030303
adayı	kim	0.025253
adayı	olacağı	0.020202
adayı	da	0.020202
adayı	olacak	0.015152
adayı	olmuştu	0.015152
adayı	özgür	0.015152
adayı	olacağını	0.015152
adet	suç	0.041322
adet	yeni	0.033058
adet	tabanca	0.033058
adet	hassas	0.033058
adet	oldu	0.033058
adet	tüfek	0.024793
adet	kaydı	0.024793
adet	a	0.024793
adet	olarak	0.024793
adet	yangın	0.024793
adet	başına	0.024793
adlı	bir	0.180723
adlı	yeni	0.036145
adlı	çocuk	0.036145
adım	adım	0.166667
adım	olarak	0.115385
adım	daha	0.070513
adım	attı	0.070513
adım	atan	0.051282
adım	atmaya	0.038462
adım	atacak	0.025641
adım	atmış	0.025641
adım	için	0.019231
adım	olduğunu	0.019231
adım	atmak	0.019231
adım	dahi	0.019231
adım	da	0.019231
adımı	atmış	0.142857
adına	bir	0.047847
adına	önemli	0.047847
adına	büyük	0.038278
adına	çok	0.038278
adına	teşekkür	0.028708
adına	konuşan	0.023923
adına	da	0.019139
adına	bu	0.019139
adına	genel	0.019139
adına	suç	0.014354
adına	insan	0.014354
adına	söz	0.014354
adına	yapılan	0.014354
adına	ve	0.014354
adına	son	0.014354
adına	her	0.014354
adına	allah	0.014354
adını	taşıyan	0.169231
adını	verdiğimiz	0.061538
adını	verdiği	0.061538
adını	çeyrek	0.046154
adını	bile	0.046154
afrika	da	0.266667
afrika	ve	0.166667
afrika	nın	0.116667
afrika	ya	0.083333
afrika	dan	0.066667
ailesine	ve	0.333333
ailesine	ait	0.145833
ailesine	teslim	0.125000
ailesine	de	0.062500
ailesini	ziyaret	0.176471
aklına	bu	0.333333
aklını	başına	0.833333
aksine	bu	0.137931
akşama	kadar	0.666667
alacağını	ve	0.187500
alana	sahip	0.148936
alana	kadar	0.106383
alanda	bulunan	0.195349
alanda	yangın	0.041860
alanda	çıkan	0.041860
alanda	da	0.027907
alanda	henüz	0.027907
alanda	daha	0.027907
alanda	olduğu	0.023256
alanda	iş	0.023256
alanda	yapılan	0.018605
alanda	önemli	0.018605
alanda	yer	0.018605
alanda	hizmet	0.013953
alanda	bu	0.013953
alanı	nda	0.105691
alanı	olarak	0.089431
alanı	olan	0.048780
alanı	na	0.048780
alanı	ve	0.040650
alanı	ile	0.032520
alanı	da	0.032520
alanı	ilan	0.024390
alarak	bu	0.052083
alarak	bir	0.041667
aldılar	ve	0.307692
aldım	dedi	0.173913
aldığını	ve	0.206897
aldığını	söyledi	0.189655
aldığını	ifade	0.068966
aldığını	görüyoruz	0.051724
aldığını	söyleyen	0.051724
ali	koç	0.320000
ali	ve	0.040000
ali	kılıç	0.032000
ali	a	0.024000
ali	k	0.024000
ali	sağlık	0.024000
ali	can	0.024000
ali	sarı	0.024000
alkol	ve	0.190476
almamız	lazım	0.333333
alman	hükümeti	0.225806
almış	olduğu	0.089744
almış	ve	0.076923
almış	durumda	0.076923
almış	olan	0.064103
almış	olduğumuz	0.051282
almış	bir	0.051282
almış	olduk	0.038462
altı	ay	0.156522
altı	aylık	0.043478
altı	ayda	0.043478
altı	gün	0.026087
altı	siyasi	0.026087
altı	su	0.026087
altına	alındı	0.312030
altına	alınan	0.105263
altına	aldı	0.082707
altına	almak	0.048872
altına	alan	0.048872
altına	alınmış	0.022556
altına	almaya	0.022556
altına	imza	0.022556
altına	alarak	0.018797
altına	aldığı	0.015038
altına	alıyor	0.015038
altına	aldık	0.015038
altına	alacak	0.011278
altına	giren	0.011278
altına	veya	0.011278
altına	almayı	0.011278
alınmış	bir	0.148148
alınmış	ve	0.111111
alırken	bu	0.098361
alırken	dikkat	0.065574
alırken	de	0.049180
alıyor	ve	0.361111
alıyor	dedi	0.083333
amacıyla	yapılan	0.046980
amacıyla	böyle	0.026846
amacıyla	özel	0.020134
amacıyla	bin	0.020134
amacıyla	bir	0.020134
amacıyla	hayata	0.020134
amacıyla	da	0.020134
ameliyat	sonrası	0.151515
ameliyat	için	0.060606
ameliyat	ve	0.060606
ameliyat	olan	0.060606
ameliyat	geçirdi	0.045455
ameliyat	olması	0.045455
ameliyat	olmak	0.045455
amiral	gemisi	0.777778
ana	kadar	0.539683
ana	haber	0.052910
ana	okulu	0.021164
ana	grup	0.015873
anda	bir	0.031847
anda	da	0.031847
anda	en	0.025478
anda	çok	0.022293
anda	yüzde	0.019108
anda	bu	0.015924
anda	hem	0.015924
anda	bin	0.015924
anda	yaşında	0.012739
anda	o	0.012739
anda	yaklaşık	0.012739
anda	alev	0.009554
anda	sadece	0.009554
anda	yere	0.009554
anda	ne	0.009554
anda	sayın	0.009554
anda	ateş	0.009554
anda	devam	0.009554
anda	kendini	0.009554
anda	büyük	0.009554
anda	mevcut	0.009554
anda	bile	0.009554
andrew	bailey	1.000000
anlam	ve	0.400000
anlam	ifade	0.200000
anlam	taşıyor	0.150000
anlamlı	bir	0.315789
anlamlı	günde	0.105263
anlamı	yok	0.131148
anlamı	da	0.081967
anlamı	var	0.065574
anlamı	kalmadı	0.049180
anlamı	olduğunu	0.049180
anlamıyla	bir	0.266667
annem	ve	0.150000
annesi	ve	0.166667
annesi	olan	0.136364
annesi	babası	0.060606
annesi	ile	0.045455
annesi	hayatını	0.045455
annesi	tarafından	0.045455
annesi	yaşındaki	0.045455
ara	sıra	0.110294
ara	ara	0.088235
ara	transfer	0.073529
ara	verildi	0.073529
ara	tatil	0.066176
ara	nın	0.044118
ara	kararını	0.036765
ara	verilen	0.029412
ara	vermeden	0.022059
ara	vermek	0.022059
ara	verdi	0.022059
aramaya	başladı	0.333333
aramaya	devam	0.200000
arasına	girdi	0.093750
arasına	bir	0.093750
arasından	seçim	0.190476
arkadan	çarptı	0.666667
arkadan	gelen	0.142857
arkadaşlar	da	0.086957
arkadaşları	tarafından	0.156863
arkadaşları	ve	0.117647
arkadaşları	ile	0.078431
arkadaşlarım	da	0.150000
arkadaşlarım	adına	0.150000
arkadaşlarını	da	0.375000
arkadaşıyla	birlikte	0.500000
arkasından	gelen	0.210526
askeri	ve	0.084906
askeri	personel	0.056604
askeri	yardım	0.047170
askeri	operasyon	0.047170
askeri	helikopter	0.037736
askeri	güç	0.037736
askeri	öldü	0.037736
askeri	yönetim	0.028302
askeri	öldürüldü	0.028302
aslına	uygun	0.500000
ateşe	verdi	0.266667
ateşe	verildi	0.266667
ateşi	sonucu	0.300000
atıyor	ve	0.500000
ay	önce	0.116858
ay	sonra	0.078544
ay	içinde	0.065134
ay	hapis	0.042146
ay	ın	0.032567
ay	boyunca	0.030651
ay	içerisinde	0.024904
ay	için	0.021073
ay	ve	0.019157
ay	da	0.017241
ay	bir	0.017241
ay	sonuna	0.017241
ay	geçti	0.015326
ay	gün	0.015326
ay	düzenli	0.015326
ay	sonunda	0.013410
ay	a	0.011494
ay	olarak	0.011494
ay	süren	0.009579
ay	ile	0.009579
ay	daha	0.009579
ay	bin	0.007663
ay	kaldı	0.007663
ay	yıldız	0.007663
ay	gibi	0.007663
ay	yeni	0.007663
ay	sonunu	0.007663
ay	ay	0.007663
ay	sürecek	0.007663
ay	olduğu	0.007663
ay	arasında	0.005747
ay	veya	0.005747
ay	sürebilir	0.005747
ay	ücretsiz	0.005747
ay	geride	0.005747
ay	mı	0.005747
ayakta	kalacak	0.090909
ayakta	tedavi	0.090909
ayakta	kalması	0.090909
aykırı	olarak	0.128205
aykırı	bir	0.115385
aykırı	olduğu	0.102564
aykırı	olduğunu	0.076923
aykırı	şekilde	0.051282
aykırı	hareket	0.051282
aykırı	olan	0.038462
aylardır	süren	0.166667
aylık	yüzde	0.084746
aylık	bin	0.084746
aylık	bir	0.059322
aylık	sürede	0.042373
aylık	hamile	0.042373
aylık	gelir	0.025424
aylık	ortalama	0.025424
aylık	ödeme	0.025424
aylık	bebek	0.025424
aynı	zamanda	0.478458
aynı	şekilde	0.086168
aynı	gün	0.051020
aynı	anda	0.049887
aynı	şeyi	0.022676
aynı	yerde	0.010204
aynı	şey	0.010204
aynı	yıl	0.010204
aynı	şeyleri	0.009070
aynı	yönde	0.006803
aynı	evde	0.006803
aynı	fikirde	0.006803
aynı	aileden	0.005669
aynı	bölgede	0.005669
aynı	saatte	0.005669
aynı	silahla	0.004535
aynı	noktada	0.004535
aynı	yolda	0.003401
aynı	yaş	0.003401
aynı	yetkili	0.003401
aynı	yere	0.003401
aynı	değil	0.003401
aynı	iş	0.003401
aynı	kitabı	0.003401
aynı	binada	0.003401
aynı	gece	0.003401
ayrıca	bu	0.066519
ayrıca	bir	0.028825
ayrıca	yeni	0.017738
ayrıca	sosyal	0.013304
ayrıca	rusya	0.011086
ayrıca	söz	0.011086
ayrıca	resmi	0.008869
ayrıca	a	0.008869
ayrıca	i̇srail	0.008869
ayrıca	özel	0.008869
ayrıca	uzun	0.008869
ayrıca	iki	0.006652
ayrıca	milyon	0.006652
ayrıca	orman	0.006652
ayrıca	bin	0.006652
ayrıca	yılında	0.006652
ayrıca	benim	0.006652
ayrıca	diğer	0.006652
ayrıca	iş	0.006652
ayrıca	kara	0.006652
ayrıca	kredi	0.006652
ayrıca	o	0.006652
ayrıca	yapılan	0.006652
ayrıca	yine	0.006652
ayrılmak	zorunda	0.214286
ayrılmak	isteyen	0.178571
ayrılmak	istediğini	0.107143
ayrılmak	istediği	0.107143
ayı	boyunca	0.115152
ayı	içerisinde	0.084848
ayı	sonuna	0.048485
ayı	başında	0.042424
ayı	için	0.036364
ayı	içinde	0.036364
ayı	sonunda	0.036364
ayı	dolayısıyla	0.030303
ayı	ile	0.030303
ayı	başından	0.024242
ayı	olarak	0.024242
ayı	sonu	0.024242
ayı	ortalama	0.024242
ayı	maaş	0.024242
ayı	meclis	0.024242
ayı	ortasında	0.018182
ayı	gibi	0.018182
ayı	nda	0.018182
ayı	olan	0.018182
ayı	öncesinde	0.018182
azından	bir	0.187500
açmak	için	0.400000
açıkça	ifade	0.204545
açıkça	ortaya	0.181818
açıkça	görülüyor	0.090909
açıkça	hakaret	0.068182
ağrısı	ve	0.218750
ağrısı	gibi	0.156250
aşağıya	doğru	0.333333
bakacak	olursak	0.300000
bakacak	ve	0.300000
baktım	ki	0.300000
balık	ve	0.130435
balık	tutmaya	0.065217
balık	hali	0.065217
bay	bay	0.740741
bazen	de	0.119266
bazen	zor	0.036697
bazen	bir	0.027523
bağlantılı	olduğunu	0.142857
bağlantılı	bir	0.107143
bağlantılı	olduğu	0.107143
başarısız	olduğunu	0.260870
başarısız	oldu	0.173913
başbakan	yardımcısı	0.377358
başbakan	olarak	0.075472
başkanı	ve	0.102703
başkanı	ali	0.091892
başkanı	devlet	0.079730
başkanı	özgür	0.055405
başkanı	joe	0.052703
başkanı	olarak	0.045946
başkanı	ümit	0.040541
başkanı	dr	0.025676
başkanı	ile	0.021622
başkanı	nın	0.020270
başkanı	temel	0.016216
başkanı	olduğu	0.014865
başkanı	sayın	0.014865
başkanı	da	0.013514
başkanı	donald	0.012162
başkanı	oldu	0.010811
başkanı	zeki	0.009459
başkanı	na	0.008108
başkanı	olan	0.008108
başkanı	nı	0.006757
başkanı	m	0.006757
başkanı	in	0.006757
başkanı	yaşar	0.006757
başkanı	andrew	0.005405
başkanı	arzu	0.005405
başkanı	christine	0.005405
başkanı	emin	0.005405
başkanı	olacak	0.005405
başkanı	ın	0.005405
başkanı	belli	0.005405
başkanı	için	0.005405
başkanı	av	0.005405
başkanı	tarafından	0.005405
başkanı	yavaş	0.004054
başkanı	kim	0.004054
başkanı	yardımcısı	0.004054
başkanı	muhammed	0.004054
başkanı	olduğumda	0.004054
başkanı	zafer	0.004054
başkanı	deniz	0.004054
başladığı	ekim	0.122449
başladığı	günden	0.102041
başladığı	ve	0.081633
başlamadan	önce	0.733333
başlamak	üzere	0.344828
başlamak	için	0.206897
başlamak	istiyorum	0.137931
başta	olmak	0.739316
başta	dolar	0.021368
başta	da	0.017094
başta	abd	0.012821
başta	genel	0.012821
başı	sağ	0.125000
başı	dik	0.062500
başı	ve	0.062500
başı	bin	0.046875
başı	sağlık	0.046875
başında	geliyor	0.076142
başında	gelen	0.050761
başında	bir	0.035533
başında	da	0.035533
başında	ise	0.035533
başında	yer	0.030457
başında	olduğu	0.020305
başında	ve	0.020305
başında	yeni	0.020305
başında	kalp	0.015228
başında	bekleyen	0.015228
bebek	te	0.069767
bebek	ve	0.058140
bebek	katili	0.058140
bebek	hayatını	0.034884
bebek	bir	0.034884
bebek	olarak	0.034884
bebek	cesedi	0.034884
bebek	kişi	0.034884
bebek	bulundu	0.034884
ben	de	0.200573
ben	bu	0.091691
ben	bir	0.022923
ben	ve	0.017192
ben	o	0.017192
ben	burada	0.012894
ben	ona	0.012894
ben	bunu	0.012894
ben	size	0.012894
ben	şu	0.010029
ben	sizin	0.010029
ben	bunun	0.010029
ben	kendi	0.010029
ben	her	0.008596
ben	sana	0.008596
ben	ne	0.008596
ben	sayın	0.008596
ben	şimdi	0.007163
ben	buna	0.007163
ben	daha	0.007163
ben	olsam	0.007163
ben	sadece	0.007163
ben	artık	0.005731
ben	buraya	0.005731
ben	bunları	0.005731
ben	çok	0.005731
ben	genel	0.005731
ben	hiçbir	0.005731
ben	kendim	0.005731
ben	kendisini	0.005731
ben	onu	0.005731
ben	orada	0.005731
ben	eminim	0.004298
ben	aday	0.004298
ben	böyle	0.004298
ben	yıl	0.004298
ben	yıldır	0.004298
ben	aynı	0.004298
ben	bugün	0.004298
ben	bundan	0.004298
benden	sonra	0.125000
benden	daha	0.125000
beri	en	0.074766
beri	bu	0.065421
beri	aynı	0.028037
beri	bir	0.028037
beyaz	saray	0.349057
beyaz	bir	0.075472
beyaz	eşya	0.075472
beyaz	tv	0.066038
beyaz	ve	0.056604
beyaz	liste	0.037736
beyaz	kod	0.037736
beyaz	renkli	0.037736
beyaz	peynir	0.028302
bildiği	gibi	0.380952
bildiği	halde	0.142857
bile	bu	0.047619
bile	yok	0.038095
bile	bile	0.022222
bile	değil	0.019048
bile	yoktu	0.015873
bile	var	0.015873
bile	böyle	0.015873
bile	olsa	0.015873
bile	gerek	0.015873
bile	yüzde	0.012698
bile	kan	0.009524
bile	istifa	0.009524
bile	artık	0.009524
bile	daha	0.009524
bile	çok	0.009524
bile	yüksek	0.009524
bile	geride	0.009524
bile	iki	0.009524
bilet	fiyatı	0.375000
bilgi	verdi	0.143885
bilgi	veren	0.133094
bilgi	ve	0.107914
bilgi	aldı	0.089928
bilgi	sahibi	0.082734
bilgi	alan	0.043165
bilgi	belge	0.021583
bilgi	veriyor	0.017986
bilgi	almak	0.017986
bilgi	verildi	0.017986
bilgi	alarak	0.014388
bilgi	üniversitesi	0.014388
bilgi	için	0.014388
bilgi	sistemi	0.010791
bilgi	vermedi	0.010791
bilgi	verdik	0.010791
bilgi	verdim	0.010791
bilgi	geldi	0.010791
bilgiler	verdi	0.158537
bilgiler	de	0.060976
bilgiler	veren	0.060976
bilgiler	arasında	0.048780
bilgiler	yer	0.048780
bilgiler	ve	0.048780
bilgiler	ortaya	0.036585
bilgiler	sonrası	0.036585
bilgin	in	0.081081
bilgin	ile	0.081081
bilin	ki	0.777778
bilmek	gerekir	0.185185
bilmek	lazım	0.148148
bilmem	ama	0.250000
bilmem	ne	0.250000
bin	kişi	0.096970
bin	kişinin	0.055411
bin	dolar	0.051948
bin	ton	0.039827
bin	adet	0.038095
bin	kişiye	0.029437
bin	e	0.028571
bin	kişilik	0.021645
bin	civarında	0.020779
bin	ile	0.018182
bin	oldu	0.016450
bin	ü	0.016450
bin	bağımsız	0.015584
bin	ye	0.013853
bin	bin	0.013853
bin	yıllık	0.013853
bin	araç	0.013853
bin	metre	0.012987
bin	olarak	0.012121
bin	olduğunu	0.011255
bin	oy	0.011255
bin	kişiyle	0.009524
bin	si	0.009524
bin	dolara	0.008658
bin	kişiyi	0.008658
bin	yeni	0.008658
bin	den	0.008658
bin	tane	0.008658
bin	binada	0.007792
bin	km	0.007792
bin	binanın	0.006926
bin	dolarlık	0.006926
bin	i	0.006926
bin	yıl	0.006926
bin	kilometre	0.006061
bin	öğrenci	0.006061
bin	olan	0.006061
bin	imza	0.006061
bin	bina	0.005195
bin	a	0.005195
bina	sayısı	0.079545
bina	ve	0.079545
bina	da	0.056818
bina	var	0.045455
bina	inşa	0.034091
bina	için	0.034091
binanın	çatı	0.103448
binanın	birinci	0.051724
binanın	giriş	0.051724
binin	üzerinde	0.774194
binin	üzerindeki	0.096774
biraz	daha	0.315789
biraz	da	0.089474
biraz	önce	0.042105
biraz	olsun	0.036842
biraz	zaman	0.026316
biraz	üzerinde	0.026316
biraz	sonra	0.021053
biraz	fazla	0.015789
birbirine	yakın	0.192308
birbirine	girdi	0.153846
biri	olan	0.280069
biri	de	0.149485
biri	olarak	0.108247
biri	olduğunu	0.029210
biri	haline	0.024055
biri	oldu	0.022337
biri	ve	0.012027
biri	olduğu	0.012027
biri	tarafından	0.010309
biri	olacak	0.010309
biri	var	0.008591
biri	ise	0.006873
biri	çok	0.006873
biri	bu	0.006873
biri	olma	0.005155
biri	bir	0.005155
biri	kendi	0.005155
biri	ağır	0.005155
biri	olup	0.005155
biri	ile	0.005155
biri	olmayı	0.005155
biri	ayrı	0.005155
biri	olmaya	0.005155
birileri	tarafından	0.073171
birileri	bu	0.073171
birileri	gibi	0.073171
birlikte	bu	0.025189
birlikte	yeni	0.021411
birlikte	hareket	0.016373
birlikte	çok	0.013854
birlikte	bir	0.013854
birlikte	mücadele	0.012594
birlikte	yaşadığı	0.011335
birlikte	daha	0.011335
birlikte	en	0.011335
birlikte	özellikle	0.010076
birlikte	bin	0.008816
birlikte	yaşayan	0.008816
birlikte	toplam	0.007557
birlikte	ortaya	0.007557
birlikte	olan	0.007557
birlikte	el	0.007557
birlikte	büyük	0.006297
birlikte	karar	0.006297
birlikte	olduğu	0.006297
birlikte	gelen	0.006297
birlikte	yüzde	0.006297
birlikte	tüm	0.006297
birlikte	tek	0.005038
birlikte	de	0.005038
birlikte	yeniden	0.005038
birlikte	birçok	0.005038
birlikte	iş	0.005038
birlikte	yol	0.005038
birlikte	sağlık	0.005038
birlikte	tekrar	0.005038
birlikte	ocak	0.005038
birlikte	aynı	0.005038
birlikte	olduğunu	0.005038
birlikte	göreceğiz	0.005038
birlikte	yoğun	0.003778
birlikte	kredi	0.003778
birlikte	dolar	0.003778
birlikte	almanya	0.003778
birlikte	sosyal	0.003778
birlikte	takip	0.003778
bitmek	üzere	0.600000
bizden	sonra	0.117647
bizden	önce	0.078431
bizden	önceki	0.058824
bizden	sonraki	0.058824
bizden	de	0.058824
biçimde	ortaya	0.121212
bombası	ve	0.266667
borç	bilirim	0.078947
borç	para	0.078947
boyu	süren	0.146341
boyu	hapis	0.121951
boyu	hapse	0.073171
bulana	kadar	0.750000
buldu	ve	0.285714
bulduğu	bir	0.176471
buna	göre	0.434884
buna	rağmen	0.081395
buna	karşılık	0.048837
buna	karşı	0.032558
buna	bağlı	0.030233
buna	izin	0.023256
buna	benzer	0.023256
buna	ilişkin	0.018605
buna	ek	0.018605
buna	da	0.016279
buna	çok	0.013953
buna	bir	0.011628
buna	dair	0.006977
buna	uygun	0.006977
buna	tepki	0.006977
buna	değer	0.006977
buna	artık	0.006977
buna	ne	0.006977
buna	engel	0.006977
buna	ihtiyacımız	0.006977
bundan	sonra	0.453947
bundan	sonraki	0.174342
bundan	dolayı	0.075658
bundan	böyle	0.032895
bundan	yıl	0.032895
bundan	da	0.019737
bundan	önce	0.013158
bundan	tam	0.013158
bundan	ay	0.009868
bundan	daha	0.009868
bundan	sene	0.009868
bundan	iki	0.009868
bundan	ötürü	0.009868
bundan	sonrası	0.009868
bunlar	da	0.109290
bunlar	daha	0.027322
bunlar	bu	0.021858
bunlar	arasında	0.021858
bunlar	bir	0.021858
bunlar	en	0.021858
bunlar	ancak	0.016393
bunlar	bize	0.016393
bunlar	için	0.016393
bölgesinde	bulunan	0.065990
bölgesinde	de	0.055838
bölgesinde	bin	0.030457
bölgesinde	yer	0.025381
bölgesinde	ise	0.025381
bölgesinde	görev	0.020305
bölgesinde	tespit	0.020305
bölgesinde	bir	0.020305
bölgesinde	yapılan	0.015228
bölgesinde	ilk	0.015228
bölgesinde	dün	0.015228
bölgesinde	tüm	0.015228
bölgesinde	şu	0.015228
bölgesinde	meydana	0.015228
bölgesinde	gök	0.015228
bölgeye	gelen	0.099379
bölgeye	çok	0.093168
bölgeye	sağlık	0.049689
bölgeye	bir	0.043478
bölgeye	giden	0.043478
bölgeye	polis	0.037267
bölgeye	yardım	0.031056
bölgeye	de	0.024845
bölgeye	bin	0.018634
bölgeye	gitti	0.018634
bölgeyi	terk	0.233333
bölgeyi	kana	0.100000
bölümü	nedir	0.111111
bölümü	de	0.097222
bölümü	nden	0.055556
bölümü	nde	0.041667
bölümü	başkanı	0.041667
bölümü	öğrencisi	0.041667
bölümü	ile	0.041667
bölümünde	yer	0.120000
bölümünde	ise	0.080000
bölümünde	de	0.060000
bölümünde	neler	0.060000
böylesi	bir	0.857143
bürosu	nun	0.333333
bürosu	tarafından	0.266667
büyük	bir	0.436559
büyük	önem	0.046595
büyük	millet	0.035125
büyük	tepki	0.020789
büyük	ilgi	0.019355
büyük	birlik	0.016487
büyük	ve	0.015771
büyük	hasar	0.010036
büyük	kısmı	0.008602
büyük	mutluluk	0.008602
büyük	destek	0.008602
büyük	zarar	0.007885
büyük	olan	0.007168
büyük	tehlike	0.007168
büyük	olduğunu	0.005735
büyük	ihtimalle	0.005018
büyük	rol	0.005018
büyük	petrol	0.005018
büyük	acı	0.004301
büyük	bölümü	0.004301
büyük	sorun	0.004301
büyük	şok	0.003584
büyük	miktarda	0.003584
büyük	gurur	0.003584
büyük	heyecan	0.003584
büyük	şehri	0.003584
büyük	kısmını	0.002867
büyük	görev	0.002867
büyük	tehdit	0.002867
büyük	ihtiyaç	0.002867
büyük	ada	0.002867
büyük	zorluk	0.002867
büyük	merak	0.002867
büyük	hata	0.002151
büyük	desteği	0.002151
büyük	de	0.002151
büyük	e	0.002151
büyük	olması	0.002151
büyük	spor	0.002151
büyük	endişe	0.002151
bırakmak	için	0.187500
bırakmak	zorunda	0.125000
bırakmak	isteyen	0.093750
bıraktı	ve	0.600000
cep	telefonu	0.842593
cep	telefonunu	0.064815
cep	telefonuna	0.037037
cesaret	ve	0.333333
cesur	ve	0.280000
cesur	bir	0.240000
cevap	verdi	0.206612
cevap	veren	0.148760
cevap	verecek	0.049587
cevap	anahtarı	0.041322
cevap	geldi	0.041322
cevap	vermek	0.041322
cevap	veriyor	0.024793
charles	ın	0.416667
city	nin	0.204082
city	de	0.163265
city	ile	0.122449
dahil	olmak	0.256849
dahil	oldu	0.047945
dahil	olan	0.044521
dahil	tüm	0.041096
dahil	birçok	0.041096
dahil	olduğu	0.034247
dahil	edildi	0.030822
dahil	etti	0.023973
dahil	olacak	0.020548
dahil	edilmesi	0.017123
dahil	edilen	0.013699
dahil	her	0.013699
dahil	olması	0.013699
dahil	bütün	0.010274
dahil	etme	0.010274
dahil	etmeyi	0.010274
dahil	ederek	0.010274
dahil	toplam	0.010274
dahil	edilecek	0.010274
dakikada	bir	0.089286
dar	alanda	0.190476
dar	bir	0.190476
dar	alan	0.142857
davada	karar	0.206897
davanın	bir	0.200000
davanın	ilk	0.200000
dediğim	gibi	0.739130
delikanlı	oldu	0.500000
demir	in	0.157895
demir	yolu	0.112782
demir	ile	0.075188
demir	ve	0.067669
demir	çelik	0.060150
demir	i	0.045113
demir	e	0.045113
demir	de	0.030075
demir	atan	0.022556
demir	ise	0.022556
den	bu	0.118280
den	fazla	0.106452
den	yapılan	0.040860
den	itibaren	0.030108
den	e	0.027957
den	gelen	0.025806
den	sonra	0.022581
den	bir	0.019355
den	geldi	0.019355
den	istifa	0.019355
den	yüzde	0.018280
den	de	0.016129
den	beri	0.016129
den	milyon	0.010753
den	daha	0.009677
den	önce	0.009677
den	son	0.009677
den	i̇srail	0.008602
den	alınan	0.008602
den	aday	0.007527
den	bin	0.007527
den	iki	0.007527
den	yeni	0.007527
den	açıklama	0.007527
den	dikkat	0.006452
den	a	0.005376
den	çok	0.005376
den	oluşan	0.005376
den	gelecek	0.005376
den	ilk	0.005376
den	milyar	0.005376
den	bugüne	0.004301
den	ev	0.004301
den	yardım	0.004301
den	ali	0.004301
den	kötü	0.004301
den	ye	0.004301
den	avrupa	0.004301
den	büyük	0.004301
den	ve	0.004301
denilen	bir	0.157895
deniz	in	0.105263
deniz	ve	0.105263
deniz	kuvvetleri	0.087719
deniz	suyu	0.078947
deniz	yoluyla	0.061404
deniz	yolu	0.043860
deniz	demir	0.035088
deniz	kenarında	0.035088
deniz	yetki	0.026316
denk	geliyor	0.234375
denk	gelen	0.234375
denk	gelmesi	0.125000
denk	geldi	0.109375
derdim	var	0.600000
derhal	istifa	0.085714
derhal	son	0.085714
derhal	serbest	0.085714
derhal	harekete	0.085714
derken	bu	0.076923
detayları	ortaya	0.133333
devam	ediyor	0.298898
devam	eden	0.124426
devam	edecek	0.078512
devam	edeceğiz	0.076676
devam	etti	0.067952
devam	ederken	0.053719
devam	ettiğini	0.039945
devam	ettiği	0.030303
devam	ediyoruz	0.027089
devam	edeceğini	0.026171
devam	etmesi	0.023416
devam	eder	0.012856
devam	edecektir	0.011938
devam	edeceğim	0.010101
devam	etmek	0.009642
devam	etmesini	0.008724
devam	edildi	0.007346
devam	ediliyor	0.004591
devam	etme	0.004591
devam	ederek	0.004591
devam	ederse	0.004591
devam	ediyorlar	0.004591
devam	edelim	0.004132
devam	edebilir	0.004132
devam	ettim	0.003673
devam	edip	0.003214
devam	ettik	0.002755
devam	ediyordu	0.002755
devam	edilecek	0.002755
devam	edin	0.002755
devam	etmesine	0.002296
devam	etsin	0.002296
devam	edilmesi	0.002296
devam	edecekler	0.001837
devam	etmiş	0.001837
devam	etmeliyiz	0.001377
devam	edilen	0.001377
devam	mı	0.001377
devam	ederiz	0.001377
devam	edebilecek	0.001377
devreye	giriyor	0.133333
devreye	girdi	0.120000
devreye	girecek	0.093333
devreye	alındı	0.053333
devreye	aldık	0.053333
devreye	alınan	0.053333
devreye	almaya	0.040000
devreye	soktu	0.040000
devreye	giren	0.040000
değişiklik	gösteriyor	0.064516
değişiklik	yapılması	0.064516
değişiklik	olmadı	0.064516
değişir	mi	0.375000
değişiyor	ve	0.333333
dilek	taşı	0.500000
dilek	kaya	0.214286
diliyorum	dedi	0.571429
diliyorum	diye	0.228571
diliyorum	ki	0.085714
dinlemek	için	0.352941
direkt	olarak	0.290323
direkt	uçuş	0.129032
direkt	kırmızı	0.096774
diye	konuştu	0.602778
diye	bir	0.051852
diye	düşünüyorum	0.029630
diye	sordu	0.024074
diye	yazdı	0.012963
diye	cevap	0.007407
diye	yanıt	0.006481
diye	sordum	0.006481
diye	de	0.005556
diye	düşündüm	0.004630
diye	hitap	0.004630
diye	o	0.004630
diye	ifade	0.004630
diye	merak	0.004630
diye	mi	0.003704
diye	karşılık	0.003704
diye	tepki	0.003704
diye	inanıyorum	0.002778
diye	bu	0.002778
diye	tahmin	0.002778
diye	düşündük	0.002778
diye	ümit	0.002778
diye	düşünüyoruz	0.002778
diye	çok	0.002778
diye	soruyor	0.002778
diye	bilinen	0.002778
diyor	ki	0.540541
diyor	ve	0.081081
diyor	ama	0.040541
diyorlar	ki	0.529412
diyorum	ki	0.473684
diyorum	ya	0.210526
diyoruz	ki	0.382353
diyoruz	ama	0.088235
diyoruz	dedi	0.088235
diğer	yandan	0.134228
diğer	taraftan	0.089485
diğer	bir	0.046980
diğer	önemli	0.026846
diğer	tarafta	0.024609
diğer	iki	0.015660
diğer	şüpheli	0.013423
diğer	adıyla	0.013423
diğer	tüm	0.011186
diğer	konu	0.011186
diğer	isim	0.011186
diğer	yerlerde	0.011186
diğer	konularda	0.008949
diğer	parti	0.008949
diğer	çocukları	0.006711
diğer	bazı	0.006711
diğer	insanlara	0.006711
diğer	kişi	0.006711
diğer	pek	0.006711
diğer	birçok	0.006711
diğer	araç	0.006711
diğer	aday	0.006711
diğer	taraf	0.006711
diğer	siyasi	0.006711
diğeri	ise	0.384615
diğeri	de	0.307692
dolar	olarak	0.085714
dolar	kuru	0.077551
dolar	ile	0.053061
dolar	oldu	0.053061
dolar	ve	0.044898
dolar	karşısında	0.040816
dolar	gelir	0.028571
dolar	para	0.024490
dolar	dan	0.024490
dolar	civarında	0.020408
dolar	olan	0.020408
dolar	arasında	0.020408
dolar	olduğu	0.016327
dolar	yen	0.016327
dolar	ödeme	0.012245
dolar	parayı	0.012245
dolar	dış	0.012245
dolar	kişi	0.012245
dolar	altın	0.012245
dolar	zarar	0.012245
dolayı	teşekkür	0.083700
dolayı	çok	0.057269
dolayı	tebrik	0.044053
dolayı	da	0.039648
dolayı	bu	0.026432
dolayı	başkan	0.022026
dolayı	son	0.017621
dolayı	büyük	0.017621
dolayı	herhangi	0.013216
dolayı	yangın	0.013216
dolayı	gurur	0.013216
dolayı	özellikle	0.013216
dolayı	bir	0.013216
dolayısıyla	bu	0.082927
dolayısıyla	biz	0.034146
dolayısıyla	da	0.034146
dolayısıyla	bir	0.029268
dolayısıyla	bugün	0.019512
dolayısıyla	mesaj	0.019512
dolayısıyla	yaptığı	0.019512
dolayısıyla	bizim	0.019512
dolayısıyla	bunun	0.014634
dolayısıyla	tüm	0.014634
doğan	ve	0.087912
doğan	ın	0.054945
doğan	ile	0.043956
doğan	da	0.032967
doğu	ve	0.265306
doğu	daki	0.193878
doğu	da	0.091837
doğu	avrupa	0.081633
doğu	ya	0.051020
doğu	batı	0.040816
doğu	nun	0.040816
doğu	afrika	0.030612
doğu	yu	0.030612
dua	etti	0.169492
dua	ediyoruz	0.135593
dua	edin	0.084746
dua	ediyor	0.050847
dua	ve	0.050847
dua	ediyorum	0.050847
dua	ettiğini	0.050847
durmak	yok	0.347826
durumlar	için	0.130435
durumlar	bakanlığı	0.108696
durumlar	ve	0.065217
durumlarda	bu	0.086957
durumlarda	ise	0.065217
duyuyor	ve	0.300000
duyuyorum	dedi	0.500000
döneceğini	söyledi	0.800000
dönmek	için	0.294118
dönmek	üzere	0.176471
dönmesi	için	0.208333
dönmesi	ve	0.125000
dönmeye	başladı	0.583333
dönüştü	ve	0.428571
dün	akşam	0.213115
dün	gece	0.120219
dün	saat	0.046448
dün	sabah	0.043716
dün	de	0.032787
dün	yüzde	0.030055
dün	yaptığı	0.019126
dün	yapılan	0.019126
dün	öğle	0.016393
dün	bir	0.013661
dün	çıkan	0.010929
dün	etkili	0.010929
dün	ise	0.008197
dün	geceden	0.008197
dün	canlı	0.008197
dün	bin	0.008197
dün	ile	0.008197
dün	olduğu	0.008197
dün	ve	0.008197
dün	son	0.008197
dün	meydana	0.008197
dünya	sağlık	0.135385
dünya	çapında	0.092308
dünya	savaşı	0.073846
dünya	için	0.040000
dünya	nın	0.036923
dünya	ya	0.033846
dünya	kadınlar	0.027692
dünya	üzerinde	0.027692
dünya	ile	0.021538
dünya	ve	0.021538
dünya	da	0.018462
dünya	çevre	0.015385
dünya	lideri	0.015385
dünya	bu	0.015385
dünya	evine	0.015385
dünya	tarafından	0.012308
dünya	mümkün	0.012308
dünya	altın	0.009231
dünya	miras	0.009231
dünyasında	bir	0.115385
dünyayı	tehdit	0.107143
düşen	bir	0.048780
düşen	ve	0.048780
düşen	görevi	0.040650
düşen	işçi	0.032520
düşen	milli	0.024390
düşen	yaşındaki	0.024390
düşen	iki	0.024390
düşen	kahraman	0.024390
düşen	kadın	0.024390
düşen	görev	0.024390
düşen	sorumluluğu	0.024390
düşen	her	0.024390
düşündüğünü	ifade	0.384615
düşündüğünü	söyledi	0.307692
dışındaki	tüm	0.142857
e	kadar	0.066779
e	devlet	0.038884
e	göre	0.028740
e	karşı	0.026205
e	yakın	0.026205
e	ait	0.025359
e	destek	0.023669
e	ticaret	0.022823
e	bağlı	0.021978
e	konuşan	0.017751
e	ve	0.016906
e	çıktı	0.014370
e	bir	0.011834
e	a	0.011834
e	de	0.011834
e	nin	0.010989
e	ulaştı	0.010989
e	teşekkür	0.010144
e	transfer	0.010144
e	k	0.010144
e	gelen	0.009298
e	d	0.009298
e	yaptığı	0.009298
e	tepki	0.009298
e	posta	0.008453
e	çıkardı	0.008453
e	giden	0.006762
e	doğru	0.006762
e	g	0.006762
e	e	0.006762
e	ile	0.006762
e	oy	0.006762
e	yapılan	0.006762
e	isimli	0.005917
e	düştü	0.005917
e	geldi	0.005917
e	s	0.005917
e	gitti	0.005072
e	özel	0.005072
e	giren	0.005072
edeceğim	dedi	0.333333
eden	bir	0.113707
eden	ve	0.080997
eden	bu	0.021807
eden	başkan	0.020249
eden	i̇srail	0.012461
eden	yaşındaki	0.012461
eden	bakan	0.010903
eden	sürücü	0.009346
eden	tüm	0.009346
eden	grup	0.007788
eden	özel	0.007788
eden	araç	0.007788
eden	polis	0.006231
eden	bin	0.006231
eden	kadın	0.006231
eden	m	0.006231
eden	birçok	0.006231
eden	oyuncu	0.006231
eden	her	0.006231
eden	siyah	0.004673
eden	şüpheli	0.004673
eden	orman	0.004673
eden	şirketin	0.004673
eden	e	0.004673
eden	milli	0.004673
eden	iki	0.004673
eden	gazeteci	0.004673
eden	ünlü	0.004673
eden	herkese	0.004673
eden	dört	0.004673
eden	sayın	0.004673
eden	toplu	0.004673
eden	ağır	0.004673
eden	baba	0.004673
eden	aile	0.004673
eden	anne	0.004673
eden	mahkeme	0.004673
eden	yabancı	0.004673
eden	en	0.004673
eden	savaş	0.004673
edilebilir	bir	0.466667
edilmesi	gereken	0.132597
edilmesi	için	0.116022
edilmesi	ve	0.110497
edilmesi	gerektiğini	0.066298
edilmesi	üzerine	0.060773
edilmesi	gerekir	0.044199
edilmesi	lazım	0.033149
edilmesi	halinde	0.027624
edilmesi	mümkün	0.027624
edilmesi	gerekiyor	0.022099
edilmesi	adına	0.016575
edilmesi	konusunda	0.016575
edilmesi	gerektiği	0.016575
edilmesi	kararı	0.016575
edin	ve	0.125000
edin	diye	0.125000
ediyor	ve	0.153846
ediyor	dedi	0.134615
ediyor	diye	0.086538
ediyor	bir	0.038462
ediyor	ama	0.038462
ediyor	tüm	0.028846
ediyor	ancak	0.028846
ediyor	mu	0.028846
ekim	de	0.284866
ekim	den	0.198813
ekim	ayı	0.097923
ekim	deki	0.032641
ekim	cumartesi	0.026706
ekim	e	0.026706
ekim	kasım	0.020772
ekim	ve	0.020772
ekim	te	0.017804
ekim	pazar	0.017804
ekim	pazartesi	0.014837
ekim	salı	0.014837
ekim	in	0.011869
ekim	perşembe	0.011869
ekim	günü	0.008902
ekim	sonunda	0.008902
ekim	sabahı	0.008902
ekim	ile	0.008902
ekmek	ve	0.083333
ekstra	bir	0.416667
elde	edilen	0.240741
elde	etti	0.138889
elde	etmek	0.101852
elde	ettiği	0.080247
elde	eden	0.033951
elde	edecek	0.030864
elde	ederek	0.030864
elde	ettik	0.027778
elde	ederken	0.027778
elde	edilecek	0.027778
elde	ettiğimiz	0.021605
elde	ediliyor	0.018519
elde	edilmesi	0.015432
elde	edebilirsiniz	0.015432
elde	etmeye	0.012346
elde	ettiğini	0.012346
elde	edilir	0.012346
elde	etmeyi	0.012346
elde	etme	0.009259
elde	edildi	0.009259
elde	edilmiş	0.009259
elde	edeceğiz	0.009259
elde	etmesi	0.009259
elektrikli	araç	0.362069
elektrikli	ve	0.086207
elektrikli	motor	0.051724
elinde	değil	0.054545
elinde	bulunan	0.054545
elinde	olan	0.054545
elinden	geleni	0.285714
elinden	gelen	0.204082
emekli	ve	0.160221
emekli	maaş	0.093923
emekli	olup	0.049724
emekli	olmak	0.044199
emekli	olabilecek	0.038674
emekli	olan	0.038674
emekli	memur	0.027624
emekli	olacak	0.027624
emekli	öğretmen	0.022099
emekli	için	0.022099
emekli	albay	0.016575
emekli	olma	0.016575
emekli	olanlar	0.016575
emekli	polis	0.016575
emri	ile	0.285714
engel	olmak	0.103448
engel	oldu	0.103448
engel	olan	0.068966
engel	olmaya	0.068966
engel	olduğu	0.068966
engel	olmadığını	0.051724
ertesi	gün	0.564103
ertesi	sabah	0.153846
ertesi	günü	0.102564
etki	edecek	0.132075
etki	ve	0.056604
etki	yarattı	0.056604
etki	eden	0.056604
etkisiz	hale	0.892857
etkisiz	hâle	0.071429
etmedi	ve	0.214286
etmiş	ve	0.109589
etmiş	olan	0.054795
etmiş	oldu	0.054795
etmiş	gibi	0.041096
etmiş	oluruz	0.041096
etmiş	olabilir	0.041096
etsin	diye	0.250000
etti	ve	0.423358
etti	ancak	0.036496
etti	diye	0.029197
etti	biz	0.021898
etti	dedi	0.021898
etti	sonra	0.021898
ev	sahibi	0.444882
ev	ve	0.125984
ev	için	0.027559
ev	almak	0.023622
ev	yapımı	0.023622
ev	arkadaşı	0.015748
ev	inşa	0.011811
ev	içi	0.011811
ev	araba	0.011811
eve	geldi	0.070588
eve	gelen	0.047059
eve	gitti	0.035294
eve	geldiğinde	0.035294
eve	giren	0.035294
evsiz	kaldı	0.750000
eğlence	dolu	0.250000
eğlence	ve	0.150000
eşsiz	bir	0.600000
fakat	bu	0.137143
fakat	bunun	0.028571
fakat	o	0.028571
fakat	son	0.022857
fakat	her	0.022857
fakat	yine	0.022857
fakat	biz	0.017143
fakat	artık	0.017143
fakat	çok	0.017143
fakat	aynı	0.017143
fakat	bugün	0.017143
fakat	bunu	0.017143
fakat	daha	0.017143
farkı	ye	0.076923
farkı	ise	0.046154
farkı	da	0.046154
farkı	ne	0.046154
farkı	e	0.046154
farkında	olmadan	0.176471
farkında	olmak	0.088235
farkında	olan	0.088235
faydası	vardır	0.178571
faydası	var	0.107143
faydası	olduğu	0.107143
feda	eden	0.272727
filmin	yönetmen	0.166667
fred	in	0.416667
fırsat	bilerek	0.159091
fırsat	olarak	0.136364
g	nin	0.206349
g	ve	0.111111
g	a	0.063492
g	k	0.039683
g	ile	0.031746
g	saray	0.023810
g	e	0.023810
g	d	0.023810
gaz	ve	0.179104
gaz	merkezi	0.089552
gaz	devam	0.074627
gaz	ile	0.044776
gece	gündüz	0.170455
gece	boyunca	0.079545
gece	yarısı	0.068182
gece	ve	0.041667
gece	saat	0.041667
gece	geç	0.034091
gece	de	0.030303
gece	boyu	0.018939
gece	ile	0.011364
gece	görüş	0.011364
gece	kulübü	0.011364
gece	daha	0.011364
gece	eve	0.011364
gece	vakti	0.011364
gel	de	0.125000
geldi	ve	0.247934
geldi	diye	0.066116
geldi	mi	0.066116
geldi	dedi	0.057851
geldi	bu	0.049587
geldi	ama	0.033058
geldi	ancak	0.024793
geldiği	zaman	0.094828
geldiği	ve	0.051724
geldiği	kadar	0.051724
geldiği	bir	0.051724
geldiği	noktada	0.051724
geldiği	bu	0.043103
geldiği	için	0.034483
geldiği	günden	0.034483
geldiği	gibi	0.034483
geldiği	iddia	0.025862
geldiği	yer	0.025862
geldiği	belli	0.025862
geldiği	ifade	0.025862
geldiğine	dikkat	0.500000
gelecekte	daha	0.190476
gelenin	en	0.583333
gelişmiş	bir	0.166667
gelişmiş	ve	0.133333
gelmesini	istedi	0.200000
gelse	de	0.368421
genel	başkanı	0.478437
genel	başkan	0.158356
genel	müdürü	0.053235
genel	kurulu	0.049865
genel	olarak	0.041779
genel	merkezi	0.034367
genel	merkez	0.022237
genel	yayın	0.019542
genel	merkezinde	0.014825
genel	müdür	0.011456
genel	seçimi	0.010108
genel	sağlık	0.008086
genel	başkanın	0.007412
genel	i̇dare	0.006739
genel	bir	0.006065
genel	merkeze	0.006065
genel	sağlığı	0.004043
genel	af	0.004043
genel	merkezine	0.003369
genel	anlamda	0.003369
genel	i̇ş	0.003369
genel	ekonomik	0.002695
genel	ve	0.002695
genel	seçim	0.002695
genel	bilgi	0.002022
genel	yetenek	0.002022
genel	durumu	0.002022
genelde	bu	0.085714
genellikle	bu	0.048387
genellikle	çok	0.032258
genellikle	daha	0.024194
genellikle	güney	0.024194
gençler	için	0.105263
gençler	tarafından	0.052632
gençler	bir	0.039474
gençler	her	0.039474
gençler	bugün	0.039474
gençler	arasında	0.039474
gençler	yüzme	0.039474
gençler	ve	0.039474
gerekmez	mi	0.600000
gereksiz	bir	0.285714
gereksiz	yere	0.285714
gerektiği	konusunda	0.233333
gerektiği	anlamına	0.066667
gerektiği	gibi	0.066667
gerektiği	ifade	0.066667
gerektiği	ve	0.050000
gerektiği	şekilde	0.050000
gergin	bir	0.230769
geri	döndü	0.090909
geri	adım	0.050909
geri	dönüş	0.047273
geri	kalan	0.043636
geri	dönüşü	0.036364
geri	ödeme	0.029091
geri	dönüyor	0.029091
geri	dönecek	0.029091
geri	dönmesi	0.021818
geri	aldı	0.018182
geri	dönmek	0.018182
geri	döndüğünü	0.018182
geri	kalanı	0.018182
geri	alacağız	0.018182
geri	dönmedi	0.014545
geri	kalanını	0.014545
geri	almak	0.014545
geri	alma	0.014545
geri	dönen	0.014545
geri	iade	0.014545
geri	dönüp	0.010909
geri	döneceğini	0.010909
geri	çekti	0.010909
geri	dönme	0.010909
geri	geldi	0.010909
geri	çekildi	0.010909
geri	alındı	0.010909
geri	döner	0.010909
geri	çektiğini	0.010909
geri	istiyoruz	0.010909
geri	aldık	0.010909
geride	kalan	0.348485
geride	bıraktı	0.166667
geride	kaldı	0.151515
geride	bıraktığını	0.045455
geriye	kalan	0.268293
geriye	düşen	0.146341
geriye	dönüp	0.097561
getirdi	ve	0.500000
getirmeye	devam	0.250000
geçen	yıl	0.228717
geçen	hafta	0.128335
geçen	gün	0.116900
geçen	yılın	0.087675
geçen	sene	0.050826
geçen	ay	0.043202
geçen	sezon	0.035578
geçen	bir	0.026684
geçen	herkese	0.013977
geçen	ve	0.012706
geçen	günlerde	0.008895
geçen	tüm	0.008895
geçen	polis	0.007624
geçen	yılda	0.006353
geçen	her	0.006353
geçen	cuma	0.006353
geçen	aya	0.005083
geçen	ilk	0.003812
geçen	sefer	0.003812
geçen	aylık	0.003812
geçen	dönem	0.003812
geçen	herkesi	0.003812
geçen	yıldan	0.003812
geçen	diğer	0.003812
geçen	dakika	0.003812
geçen	bakan	0.003812
geçerken	bu	0.130435
geçerli	olacak	0.300000
geçerli	olmak	0.233333
geçerli	olduğu	0.055556
geçerli	olan	0.055556
geçirdik	dedi	0.333333
geçirdim	ve	1.000000
geçirme	fırsatı	0.428571
geçiyor	ve	0.277778
geçiyor	mu	0.222222
geçmişe	sahip	0.214286
giden	bir	0.063636
giden	ve	0.054545
giden	yol	0.054545
giden	yaşındaki	0.045455
giden	yolu	0.027273
giden	polis	0.027273
gider	ve	0.272727
gittik	ve	0.300000
gittiğini	ve	0.200000
gittiğini	söyledi	0.150000
gittiğini	söyleyen	0.150000
göndermek	için	0.230769
gönüllü	olarak	0.340909
gönüllü	ve	0.068182
gönüllü	çalışıyor	0.068182
gördük	ki	0.238095
gördük	ve	0.190476
gördük	dedi	0.142857
gördüm	ve	0.200000
gördüm	dedi	0.100000
gördüğünü	ve	0.205882
gördüğünü	söyledi	0.147059
gördüğünü	ifade	0.088235
gören	bir	0.096774
gören	kişinin	0.070968
gören	kişi	0.064516
gören	hisse	0.045161
gören	ve	0.038710
gören	çevre	0.019355
gören	en	0.019355
gören	kadın	0.019355
görevde	olduğu	0.214286
görevde	kalması	0.214286
görevlisi	olarak	0.216216
görevlisi	olmak	0.108108
görgü	tanığı	0.833333
görmek	için	0.145038
görmek	istiyoruz	0.061069
görmek	çok	0.045802
görmek	isteyen	0.045802
görmek	ne	0.045802
görmek	genellikle	0.038168
görmek	rüya	0.030534
görmek	lazım	0.022901
görmek	mümkün	0.022901
görmek	kişinin	0.022901
görmek	ve	0.022901
göründüğü	kadar	0.600000
görünen	o	0.312500
görünen	ve	0.187500
görünüyor	ama	0.444444
görür	ve	0.103448
görüyoruz	dedi	0.217391
görüyoruz	ki	0.217391
görüyoruz	ve	0.130435
görüşme	sonrası	0.123596
görüşme	yaklaşık	0.067416
görüşme	ve	0.044944
görüşme	sonunda	0.033708
görüşme	için	0.033708
görüşme	öncesi	0.033708
görüşme	yapıyor	0.033708
görüşme	saat	0.033708
gösterdi	ve	0.312500
gösteren	bir	0.254237
gösteren	ve	0.042373
gösteren	ana	0.033898
gösteren	bu	0.033898
gösteriyor	ki	0.300000
gösteriyor	ve	0.150000
göstermeye	başladı	0.360000
göstermeye	devam	0.280000
götürmek	için	0.500000
götürmek	üzere	0.187500
güce	sahip	0.625000
gücüne	sahip	0.250000
gücüne	güç	0.250000
gündür	devam	0.140000
gündür	kayıp	0.100000
gündür	haber	0.100000
gündür	süren	0.060000
günlük	bin	0.130682
günlük	hayatta	0.062500
günlük	milyon	0.051136
günlük	bir	0.051136
günlük	ortalama	0.045455
günlük	yaşam	0.039773
günlük	olarak	0.039773
günlük	hava	0.028409
günlük	basın	0.022727
günlük	c	0.022727
günlük	yemek	0.022727
günlük	yaşamın	0.017045
günlük	sınırlı	0.017045
günlük	kiralık	0.017045
gününde	de	0.169231
gününde	devam	0.046154
gününde	bir	0.046154
gürültü	ile	0.315789
gürültü	ve	0.157895
güven	ve	0.169811
güven	içinde	0.094340
güven	veren	0.056604
güven	bu	0.056604
güvenilir	bir	0.268293
güvenilir	ve	0.195122
güzellik	merkezi	0.235294
haberler	var	0.096774
hafif	bir	0.188406
hafif	şekilde	0.159420
hafif	ara	0.130435
hafif	ve	0.115942
hafif	yaralandı	0.101449
hafif	yaralı	0.043478
hafta	sonu	0.161987
hafta	boyunca	0.060475
hafta	içinde	0.060475
hafta	önce	0.058315
hafta	sonra	0.047516
hafta	içi	0.030238
hafta	başında	0.025918
hafta	içerisinde	0.025918
hafta	yüzde	0.017279
hafta	daha	0.017279
hafta	da	0.017279
hafta	milyar	0.015119
hafta	başından	0.010799
hafta	sonuna	0.010799
hafta	büyük	0.010799
hafta	sonunda	0.008639
hafta	yapılan	0.008639
hafta	süren	0.008639
hafta	bir	0.008639
hafta	sonunu	0.006479
hafta	geride	0.006479
hafta	ve	0.006479
hafta	tatil	0.006479
hafta	yoğun	0.006479
hafta	bu	0.006479
hafta	cuma	0.006479
hafta	salı	0.006479
haftada	gün	0.111111
haftada	bir	0.111111
haftada	milyar	0.079365
haftada	en	0.079365
haftada	yüzde	0.063492
haftanın	en	0.151515
haftanın	son	0.151515
haftanın	ilk	0.136364
haftanın	her	0.045455
haftanın	ikinci	0.045455
hakikaten	bu	0.428571
hakkında	bilgi	0.120543
hakkında	da	0.064516
hakkında	soruşturma	0.059423
hakkında	suç	0.044143
hakkında	bilgiler	0.040747
hakkında	adli	0.039049
hakkında	bir	0.032258
hakkında	merak	0.028862
hakkında	konuştu	0.020374
hakkında	ise	0.020374
hakkında	önemli	0.018676
hakkında	açıklama	0.018676
hakkında	yeni	0.015280
hakkında	konuşan	0.015280
hakkında	verilen	0.015280
hakkında	daha	0.011885
hakkında	kanun	0.008489
hakkında	yıl	0.008489
hakkında	dikkat	0.008489
hakkında	en	0.008489
hakkında	yaptığı	0.008489
hakkında	yorum	0.008489
hakkında	kırmızı	0.008489
hakkında	yasal	0.008489
hakkında	ihlal	0.006791
hakkında	birçok	0.006791
hakkında	çok	0.006791
hakkında	silahlı	0.006791
hakkında	çıkan	0.006791
hakkında	verdiği	0.006791
hakkında	vermiş	0.005093
hakkında	yapılan	0.005093
hakkında	olumlu	0.005093
hakkında	endişe	0.005093
hakkında	kamu	0.005093
hakkında	bugün	0.005093
hakkında	fikir	0.005093
hakkında	şu	0.005093
hakkında	bin	0.005093
hakkını	elde	0.137931
hakkını	veren	0.068966
hakkını	alacak	0.068966
haklı	bir	0.170213
haklı	olarak	0.148936
haklı	olduğu	0.063830
haksız	tahrik	0.200000
haksız	yere	0.175000
haksız	bir	0.100000
haksız	ve	0.075000
haksız	olduğunu	0.075000
halen	devam	0.092593
halen	de	0.092593
halen	daha	0.074074
halen	çok	0.055556
hali	ile	0.151515
halka	açık	0.437500
halkı	için	0.202899
halkı	da	0.086957
halkı	ve	0.072464
halkı	bu	0.057971
halkı	olarak	0.043478
halkı	ile	0.043478
halkın	ve	0.050000
hareketi	nden	0.088235
harry	nin	0.307692
harvard	üniversitesi	0.777778
hastanesi	ne	0.445087
hastanesi	nde	0.202312
hastanesi	nin	0.072254
hastanesi	acil	0.031792
hastanesi	ve	0.023121
hastanesi	ile	0.020231
hastanesi	ni	0.020231
hastanesi	nden	0.017341
hastanesi	ndeki	0.014451
hastanesi	çocuk	0.008671
hastanesi	önünde	0.008671
hastanesi	için	0.008671
hastanesi	kalp	0.008671
hastaneye	gelen	0.085106
hastaneye	götürdü	0.085106
hastaneye	gitmek	0.063830
hastası	olduğu	0.258065
hastası	olan	0.096774
hatıra	fotoğrafı	0.680000
hayata	geçirdik	0.126437
hayata	geçirdi	0.091954
hayata	veda	0.091954
hayata	geçirmek	0.080460
hayata	gözlerini	0.057471
hayata	geçirmeye	0.057471
hayata	geçen	0.045977
hayata	tekrar	0.034483
hayata	geçiriyor	0.034483
hayata	farklı	0.034483
hayata	karşı	0.034483
hayata	devam	0.034483
hayatta	kalma	0.125000
hayatta	kalmak	0.046875
hayatta	kalmaya	0.046875
hayatta	her	0.046875
hayatı	olumsuz	0.168421
hayatı	boyunca	0.115789
hayatı	ve	0.052632
hayatı	da	0.052632
hayatı	için	0.042105
hayatı	bir	0.042105
hayatı	merak	0.042105
haydi	haydi	0.200000
hazine	ve	0.744681
hazine	yardımı	0.063830
hazine	bakanı	0.042553
hazine	nin	0.028369
hazine	bakanlığı	0.021277
haziran	da	0.377451
haziran	de	0.102941
haziran	ayı	0.083333
haziran	te	0.053922
haziran	a	0.034314
haziran	ve	0.029412
haziran	cumartesi	0.029412
haziran	dan	0.024510
haziran	ile	0.019608
haziran	temmuz	0.019608
haziran	pazar	0.019608
haziran	dünya	0.014706
haziran	başında	0.014706
haziran	salı	0.014706
haziran	den	0.014706
haziran	pazartesi	0.014706
hazırlık	maçı	0.155556
hazırlık	için	0.088889
hazırlık	yapan	0.066667
hazırlık	ve	0.066667
hazırlık	yapıyor	0.066667
hedefi	olan	0.109375
hedefi	haline	0.062500
hedefi	oldu	0.046875
hedefi	de	0.046875
hedefi	ise	0.046875
hepinizi	çok	0.300000
hepsi	bu	0.054054
hepsi	aynı	0.054054
hepsi	de	0.054054
hepsi	bizim	0.040541
her	zaman	0.109844
her	türlü	0.078158
her	gün	0.065906
her	iki	0.055344
her	yıl	0.051542
her	şeyi	0.051120
her	şey	0.049430
her	geçen	0.043515
her	bir	0.037600
her	ne	0.024081
her	şeyin	0.022814
her	ay	0.021969
her	alanda	0.016899
her	yerde	0.016054
her	hafta	0.013097
her	an	0.012674
her	şeye	0.012252
her	şeyden	0.011829
her	biri	0.010984
her	konuda	0.008872
her	sene	0.008027
her	yerinde	0.007605
her	kim	0.005915
her	birinin	0.005915
her	zamanki	0.004647
her	zamankinden	0.004225
her	insan	0.003802
her	yere	0.003802
her	akşam	0.003802
her	alanında	0.003802
her	yeni	0.003802
her	yeri	0.003380
her	birine	0.003380
her	insanın	0.003380
her	yolu	0.003380
her	ayın	0.003380
her	birimiz	0.002957
her	seferinde	0.002957
her	kişiden	0.002957
her	ikisi	0.002957
his	ve	0.333333
hitap	eden	0.418605
hitap	etti	0.209302
hitap	edecek	0.116279
hitap	ediyor	0.093023
hiçbir	zaman	0.197115
hiçbir	şey	0.161058
hiçbir	şekilde	0.088942
hiçbir	yerinde	0.019231
hiçbir	yere	0.016827
hiçbir	şeyi	0.014423
hiçbir	çocuğun	0.014423
hiçbir	şeye	0.012019
hiçbir	çocuk	0.009615
hiçbir	engel	0.009615
hiçbir	iş	0.009615
hiçbir	sıkıntı	0.009615
hiçbir	problem	0.009615
hiçbir	yerde	0.009615
hiçbir	değeri	0.007212
hiçbir	ülke	0.007212
hiçbir	sebep	0.007212
hiçbir	şart	0.007212
hiçbir	terör	0.007212
hiçbir	güç	0.007212
hiçbir	ücret	0.007212
hiçbir	yer	0.007212
hollywood	un	0.333333
hollywood	da	0.333333
hong	kong	1.000000
hoşuna	gider	0.333333
hâlâ	devam	0.090909
hüküm	süren	0.307692
hüküm	vermek	0.230769
hükümeti	tarafından	0.134615
hükümeti	ile	0.115385
hükümeti	ve	0.096154
hükümeti	ise	0.057692
hükümetin	medya	0.047619
hükümetin	bu	0.047619
hükümetin	yeni	0.047619
hırsızlık	olayı	0.130435
hırsızlık	ve	0.130435
idare	eden	0.125000
iflas	etti	0.428571
ihlal	ettiği	0.250000
ihlal	kararı	0.166667
ihlal	ettiğini	0.062500
ihlal	edilen	0.062500
ihlal	ederek	0.062500
ihtimali	çok	0.133333
ihtimali	var	0.111111
ihtimali	oldukça	0.066667
ihtimali	de	0.066667
ihtiyacım	var	0.625000
ihtiyacımız	var	0.686567
ihtiyacımız	olan	0.089552
iletişim	ve	0.152174
iletişim	kurmak	0.152174
iletişim	halinde	0.108696
ilgili	bir	0.089239
ilgili	olarak	0.076990
ilgili	açıklama	0.041995
ilgili	de	0.041120
ilgili	soruşturma	0.034996
ilgili	yeni	0.026247
ilgili	bilgi	0.022747
ilgili	yaptığı	0.018373
ilgili	çok	0.018373
ilgili	tüm	0.017498
ilgili	konuşan	0.013123
ilgili	soruya	0.012248
ilgili	çalışma	0.012248
ilgili	sosyal	0.009624
ilgili	önemli	0.009624
ilgili	son	0.009624
ilgili	merak	0.009624
ilgili	herhangi	0.009624
ilgili	yazılı	0.008749
ilgili	dikkat	0.007874
ilgili	bilgiler	0.007874
ilgili	gerekli	0.007874
ilgili	yapılan	0.006999
ilgili	daha	0.006999
ilgili	ciddi	0.006124
ilgili	bilgileri	0.006124
ilgili	ilk	0.006124
ilgili	ne	0.006124
ilgili	şu	0.006124
ilgili	davada	0.005249
ilgili	yasal	0.005249
ilgili	her	0.004374
ilgili	bazı	0.004374
ilgili	kanun	0.004374
ilgili	konuştu	0.004374
ilgili	henüz	0.004374
ilgili	en	0.004374
ilgili	ise	0.004374
ilgili	detayları	0.004374
ilgili	uluslararası	0.003500
ilginç	bir	0.423077
ilginç	ve	0.057692
ilginç	anlar	0.057692
imha	edildi	0.500000
imha	etti	0.222222
imkan	ve	0.166667
imkan	sağlayan	0.125000
imkan	tanıyor	0.125000
ince	bir	0.272727
ince	ince	0.227273
ince	ve	0.136364
insanlara	da	0.081967
insanlara	karşı	0.065574
isim	de	0.086093
isim	oldu	0.052980
isim	listesi	0.046358
isim	olan	0.039735
isim	ise	0.033113
isim	ve	0.033113
isim	vermeden	0.033113
isim	daha	0.033113
isim	var	0.026490
isim	belli	0.019868
isim	için	0.019868
isim	bu	0.019868
isim	olarak	0.019868
isim	olduğunu	0.019868
isimleri	öne	0.121212
isimleri	üzerinde	0.090909
isimleri	ve	0.090909
isimleri	arasında	0.090909
istemediğini	söyledi	0.375000
itibaren	geçerli	0.088889
itibaren	gün	0.044444
itibaren	her	0.022222
itibaren	yoğun	0.017778
itibaren	tüm	0.017778
itibaren	etkili	0.017778
itibaren	başlayacak	0.013333
itibaren	daha	0.013333
itibaren	yıl	0.013333
itibaren	de	0.013333
itibaren	ağustos	0.013333
itibaren	hep	0.013333
itibaren	hızlı	0.013333
itiraf	etti	0.384615
itiraf	eden	0.282051
itiraf	geldi	0.076923
iyi	bir	0.211443
iyi	şekilde	0.064677
iyi	olduğu	0.055970
iyi	gelir	0.019900
iyi	olduğunu	0.018657
iyi	biliyoruz	0.018657
iyi	ve	0.014925
iyi	gelen	0.014925
iyi	olur	0.012438
iyi	ki	0.011194
iyi	durumda	0.009950
iyi	olan	0.009950
iyi	hale	0.009950
iyi	değil	0.008706
iyi	bilen	0.008706
iyi	oldu	0.008706
iyi	olacak	0.008706
iyi	geliyor	0.007463
iyi	hal	0.007463
iyi	sonuçlar	0.006219
iyi	hizmet	0.006219
iyi	şeyler	0.006219
iyi	bilir	0.006219
iyi	gidiyor	0.006219
iyi	ilişkiler	0.004975
iyi	olacağını	0.004975
iyi	bilirim	0.004975
iyi	biliyor	0.004975
iyi	haber	0.004975
iyi	yolu	0.004975
iyi	olması	0.004975
iyi	olabilir	0.004975
iyi	savunma	0.004975
iyi	işler	0.004975
iyi	görünüyor	0.003731
iyi	olmak	0.003731
iyi	bilmek	0.003731
iyi	şey	0.003731
iyi	mücadele	0.003731
iyi	gelecek	0.003731
iyice	köşeye	0.312500
iyilik	ve	0.333333
iç	ve	0.236842
iç	talep	0.078947
iç	saha	0.065789
iç	çamaşırı	0.052632
iç	savaşa	0.039474
iç	hukuk	0.039474
iç	hem	0.039474
iç	işlerine	0.039474
iç	istihbarat	0.039474
iç	savaş	0.039474
içi	ve	0.197674
içi	her	0.034884
içi	eğitim	0.034884
içi	nükleer	0.034884
içi	şiddet	0.034884
için	de	0.044396
için	bir	0.041526
için	çok	0.029372
için	bu	0.019244
için	önemli	0.017387
için	en	0.016712
için	çalışma	0.014348
için	her	0.013504
için	yeni	0.011648
için	büyük	0.011310
için	gerekli	0.010804
için	ilk	0.010297
için	daha	0.010297
için	ise	0.007934
için	teşekkür	0.007259
için	bin	0.007090
için	son	0.006752
için	özel	0.006415
için	yüzde	0.006077
için	milyon	0.005739
için	harekete	0.005739
için	henüz	0.005739
için	mücadele	0.005571
için	yapılan	0.005233
için	ne	0.005064
için	değil	0.004895
için	iyi	0.004727
için	tüm	0.004389
için	yoğun	0.004389
için	kullanılan	0.004051
için	elimizden	0.003883
için	çalışıyoruz	0.003883
için	gelen	0.003714
için	oldukça	0.003714
için	çaba	0.003714
için	bugün	0.003545
için	hem	0.003207
için	uygun	0.003207
için	farklı	0.003207
için	tek	0.003207
içindeki	bu	0.075000
işaret	eden	0.242188
işaret	etti	0.164062
işaret	ediyor	0.132812
işaret	ederek	0.113281
işaret	eder	0.105469
işaret	edildi	0.054688
işaret	edilen	0.023438
işaret	ettiği	0.019531
işaret	ederken	0.015625
işaret	edebilir	0.015625
işaret	ettiğini	0.011719
işaret	etmişti	0.011719
işgal	altındaki	0.384615
işgal	ettiği	0.092308
işgal	edilen	0.076923
işgal	eden	0.061538
işgal	altında	0.046154
işine	son	0.375000
i̇ki	takım	0.101190
i̇ki	ülke	0.077381
i̇ki	gün	0.071429
i̇ki	lider	0.053571
i̇ki	yıl	0.029762
i̇ki	çocuk	0.029762
i̇ki	devlet	0.023810
i̇ki	dönem	0.023810
i̇ki	farklı	0.023810
i̇ki	tane	0.017857
i̇ki	büyük	0.017857
i̇ki	gündür	0.017857
i̇ki	yıldır	0.017857
i̇ngilizce	ve	0.148148
i̇ngilizce	olarak	0.148148
i̇ngilizce	bilen	0.111111
i̇ngiltere	de	0.352201
i̇ngiltere	nin	0.182390
i̇ngiltere	ye	0.069182
i̇ngiltere	deki	0.056604
i̇ngiltere	den	0.050314
i̇ngiltere	ve	0.044025
i̇ngiltere	savunma	0.018868
i̇ngiltere	ile	0.018868
i̇ngiltere	yi	0.018868
i̇nsan	hakları	0.688312
i̇nsan	vücudu	0.038961
i̇nternet	üzerinden	0.300000
i̇spanyol	ekibi	0.266667
i̇talya	da	0.258929
i̇talya	nın	0.178571
i̇talya	ve	0.089286
i̇talya	ya	0.071429
i̇talya	dan	0.062500
i̇talya	yı	0.062500
i̇talya	daki	0.026786
japonya	da	0.321429
japonya	nın	0.130952
japonya	ya	0.083333
japonya	ve	0.071429
japonya	ile	0.035714
japonya	dan	0.035714
japonya	daki	0.035714
johnson	ın	0.444444
jüri	özel	0.250000
kabul	etti	0.137787
kabul	edilen	0.104384
kabul	edildi	0.087683
kabul	edilemez	0.083507
kabul	etmiyorum	0.029228
kabul	edilir	0.027140
kabul	ediyor	0.027140
kabul	edilebilir	0.027140
kabul	ediliyor	0.025052
kabul	eden	0.025052
kabul	edilmesi	0.022965
kabul	ederek	0.022965
kabul	ettiği	0.022965
kabul	ettiğini	0.020877
kabul	etmedi	0.018789
kabul	etmek	0.018789
kabul	edip	0.016701
kabul	ettik	0.014614
kabul	eder	0.014614
kabul	etmeye	0.010438
kabul	ediyoruz	0.010438
kabul	edildiğini	0.008351
kabul	etmiyor	0.008351
kabul	etmeyi	0.008351
kabul	edelim	0.008351
kabul	etmiş	0.008351
kabul	ederken	0.008351
kabul	edilecek	0.008351
kabul	olur	0.008351
kabul	etmesi	0.006263
kabul	olmasını	0.006263
kabul	görmüş	0.006263
kabul	etmemiz	0.006263
kabul	ediyorum	0.006263
kabul	etmeliyiz	0.006263
kabul	etmişti	0.006263
kafa	kafaya	0.600000
kafa	attı	0.100000
kahraman	ın	0.157895
kaldığı	yerden	0.185714
kaldığı	bir	0.085714
kaldığı	için	0.071429
kaldığı	ve	0.057143
kaldığı	ifade	0.057143
kaldığı	bu	0.057143
kaldığı	ortaya	0.042857
kaldığını	ve	0.205128
kaldığını	ifade	0.179487
kaldığını	söyledi	0.076923
kaliforniya	daki	0.333333
kalmasını	sağlar	0.272727
kalmayı	tercih	0.545455
kalmıyor	aynı	0.500000
kamera	karşısına	0.243243
kampı	na	0.407407
kampı	nı	0.111111
kan	testi	0.101449
kan	ve	0.072464
kan	vermesini	0.043478
kanser	tedavisi	0.105263
kanser	hastası	0.105263
kanser	ve	0.078947
kanser	türü	0.078947
kaplan	ın	0.200000
kaplan	a	0.120000
kaplı	bir	0.333333
kapısı	ndan	0.177419
kapısı	nda	0.129032
kapısı	na	0.096774
kapısı	üzerinden	0.064516
kapısı	nı	0.048387
kapısı	önünde	0.048387
kapısı	olarak	0.048387
karakter	olan	0.285714
karar	verdi	0.175904
karar	verildi	0.089157
karar	çıktı	0.031325
karar	verdik	0.026506
karar	verdim	0.026506
karar	aldı	0.026506
karar	vererek	0.021687
karar	da	0.021687
karar	vermesi	0.019277
karar	verecek	0.019277
karar	verir	0.019277
karar	alma	0.016867
karar	veren	0.016867
karar	veriyor	0.016867
karar	alındı	0.014458
karar	vermiş	0.014458
karar	vermek	0.014458
karar	ile	0.012048
karar	ve	0.012048
karar	verme	0.012048
karar	verdiği	0.012048
karar	geldi	0.012048
karar	vereceğiz	0.012048
karar	verilmiş	0.009639
karar	verdiğini	0.009639
karar	olduğunu	0.007229
karar	vermişti	0.007229
karar	alarak	0.007229
karar	çıkması	0.007229
karar	almak	0.007229
karar	olmadığını	0.007229
kart	gören	0.156250
kart	gördü	0.125000
kart	gösterdi	0.078125
kart	ile	0.078125
kart	sahibi	0.078125
kart	ceza	0.078125
kart	sayısı	0.046875
karı	koca	0.214286
karşılıklı	olarak	0.264151
karşılıklı	sert	0.056604
karşılıklı	yarar	0.056604
karşılıklı	saygı	0.056604
karşıya	geldi	0.269841
karşıya	gelecek	0.132275
karşıya	olduğu	0.068783
karşıya	kalan	0.047619
karşıya	kaldı	0.042328
karşıya	kalacak	0.031746
karşıya	geliyor	0.026455
karşıya	kalıyor	0.026455
karşıya	geldiği	0.026455
karşıya	olduğunu	0.026455
karşıya	olan	0.026455
karşıya	geçmek	0.021164
karşıya	kaldık	0.021164
karşıya	getiren	0.015873
karşıya	kaldığı	0.015873
kasım	da	0.237374
kasım	ayı	0.121212
kasım	de	0.116162
kasım	den	0.035354
kasım	pazar	0.035354
kasım	dan	0.030303
kasım	cumartesi	0.030303
kasım	a	0.025253
kasım	günü	0.025253
kasım	pazartesi	0.025253
kasım	çarşamba	0.020202
kasım	cuma	0.020202
kasım	te	0.015152
kasım	ve	0.015152
kasım	ten	0.015152
kasım	salı	0.015152
katılmak	üzere	0.375000
katılmak	için	0.303571
katılmak	isteyen	0.125000
katına	çıktı	0.200000
katına	kadar	0.150000
kaya	nın	0.243590
kaya	ile	0.064103
kaya	ve	0.064103
kaya	da	0.038462
kaya	yı	0.038462
kaybeden	bir	0.074074
kaybeden	yaşındaki	0.061728
kaybeden	ve	0.061728
kaybeden	aziz	0.037037
kaybeden	sürücü	0.037037
kaybeden	tüm	0.037037
kaybolan	yaşındaki	0.304348
kaynağı	oldu	0.107692
kaynağı	olan	0.107692
kaynağı	olarak	0.092308
kaynağı	olduğunu	0.092308
kaynağı	bu	0.046154
kazan	kazan	0.307692
kazanmak	için	0.500000
kazanmak	olduğunu	0.064516
kazanmak	ve	0.064516
kazanmak	isteyen	0.048387
kazanmış	oldu	0.275862
kazanmış	ve	0.103448
kaçmaya	çalışan	0.423077
kaçmaya	çalışırken	0.192308
kaçmaya	başladı	0.153846
kaçmaya	çalıştı	0.115385
kaçış	noktası	0.600000
kedi	ve	0.240000
kendinden	emin	0.312500
kendinden	başka	0.187500
kendisi	için	0.150000
kendisi	de	0.116667
kendisi	gibi	0.083333
kendisi	hakkında	0.050000
kendisi	ile	0.050000
kendisi	tarafından	0.041667
kendisi	ve	0.033333
kendisi	bu	0.025000
kendisi	kadar	0.025000
kendisine	ait	0.093750
kendisine	gelen	0.036458
kendisine	bir	0.031250
kendisine	verilen	0.026042
kendisine	destek	0.026042
kendisine	hediye	0.020833
kendisine	yer	0.020833
kendisine	hem	0.020833
kendisine	teşekkür	0.020833
kendisine	oy	0.020833
kendisine	teslim	0.015625
kendisine	yapılan	0.015625
kendisine	ve	0.015625
kendisine	karşı	0.015625
kendisine	yaptığı	0.015625
kendisine	bu	0.015625
kendisine	de	0.015625
kennedy	caddesi	0.500000
kent	merkezinde	0.193878
kent	merkezine	0.122449
kent	ve	0.061224
kent	merkezi	0.040816
kent	üniversitesi	0.030612
kent	haline	0.030612
kent	içinde	0.030612
kesici	ve	0.444444
kesin	bir	0.202381
kesin	olarak	0.107143
kesin	ölüm	0.107143
kesin	olmayan	0.083333
kesin	değil	0.047619
kesin	ve	0.035714
kesin	aday	0.035714
kesinlikle	bir	0.087719
kesinlikle	çok	0.070175
kesinlikle	ve	0.052632
keyifli	bir	0.347826
keyifli	vakit	0.173913
keyifli	anlar	0.130435
keyifli	zaman	0.108696
keyifli	ve	0.065217
kime	ait	0.250000
kime	oy	0.250000
kimse	bu	0.079137
kimse	yok	0.064748
kimse	endişe	0.035971
kimse	bize	0.028777
kimse	de	0.028777
kimse	bir	0.028777
kimse	en	0.021583
kimse	bizim	0.021583
kimse	merak	0.021583
kimse	kimseyi	0.021583
kitap	okuma	0.119048
kişiler	tarafından	0.167939
kişiler	için	0.152672
kişiler	de	0.083969
kişiler	ise	0.038168
kişiler	bu	0.038168
kişiler	arasında	0.030534
kişiler	ve	0.022901
kişilerin	de	0.080357
kişilerin	bir	0.035714
kişilerin	bu	0.026786
kişilerin	yaşam	0.026786
kişilerin	kendilerini	0.026786
kişilerin	büyük	0.026786
kişinin	hayatını	0.149457
kişinin	öldüğü	0.065217
kişinin	de	0.051630
kişinin	ölümüne	0.038043
kişinin	ise	0.032609
kişinin	daha	0.019022
kişinin	öldüğünü	0.016304
kişinin	olduğu	0.013587
kişinin	silahlı	0.010870
kişinin	kendisini	0.010870
kişinin	tahliye	0.010870
kişinin	olay	0.008152
kişinin	yaşadığı	0.008152
kişinin	o	0.008152
kişinin	kendi	0.008152
kişinin	kişisel	0.008152
kişinin	bir	0.008152
kişisel	bir	0.125000
kişisel	olarak	0.125000
kişisel	bakım	0.075000
kodu	olan	0.294118
kol	kola	0.516129
kol	ve	0.096774
kolu	olan	0.230769
komik	bir	0.444444
komplo	kurmak	0.500000
konusunda	da	0.077283
konusunda	bir	0.056206
konusunda	daha	0.046838
konusunda	çok	0.039813
konusunda	önemli	0.021077
konusunda	bilgi	0.018735
konusunda	anlaşmaya	0.014052
konusunda	uzman	0.014052
konusunda	en	0.014052
konusunda	ise	0.014052
konusunda	ne	0.014052
konusunda	yeni	0.014052
konusunda	kararlı	0.011710
konusunda	oldukça	0.011710
konusunda	bu	0.011710
konusunda	destek	0.011710
konusunda	uluslararası	0.009368
konusunda	endişeli	0.009368
konusunda	dikkatli	0.009368
konusunda	hassas	0.009368
konusunda	son	0.009368
konusunda	net	0.007026
konusunda	eğitim	0.007026
konusunda	yaptığı	0.007026
konusunda	baskı	0.007026
konusunda	henüz	0.007026
konusunda	her	0.007026
konusunda	bazı	0.007026
konusunda	samimi	0.007026
konusunda	fikir	0.007026
konusunda	başarılı	0.007026
konusunda	hiç	0.007026
konusunda	büyük	0.007026
konusunda	uzun	0.007026
konusunda	i̇srail	0.007026
konusunda	adım	0.007026
konusunda	rusya	0.007026
korku	dolu	0.297872
korku	ve	0.212766
koruma	ve	0.305556
koruma	altına	0.157407
koruma	sağlar	0.037037
koruma	altında	0.037037
koruma	konusunda	0.037037
koruma	daire	0.027778
koruma	alanı	0.027778
korumak	için	0.575758
korumak	ve	0.141414
korumak	amacıyla	0.080808
korumak	adına	0.030303
koruması	altında	0.235294
koruması	altına	0.176471
koruyucu	sağlık	0.142857
koruyucu	aile	0.142857
koruyucu	bir	0.142857
koruyucu	ve	0.142857
kriz	ve	0.117647
kriz	nedeniyle	0.078431
kriz	anında	0.058824
kriz	yüksek	0.058824
kullanan	ve	0.142857
kullanan	bir	0.107143
kullanan	kişi	0.071429
kullanarak	her	0.048780
kullanarak	yeni	0.036585
kullanarak	bu	0.036585
kullanarak	daha	0.036585
kullanarak	bir	0.036585
kullanma	ve	0.200000
kullanma	hakkı	0.150000
kullanma	tarihi	0.150000
kullanma	suyu	0.150000
kullanılan	bir	0.175258
kullanılan	ve	0.082474
kullanılan	bu	0.041237
kullanılan	suya	0.030928
kur	an	0.755682
kur	emekli	0.051136
kur	ve	0.039773
kur	memur	0.028409
kuralları	neler	0.142857
kuralları	vardır	0.142857
kurban	bayramı	0.657658
kurban	eti	0.045045
kurban	olduğum	0.036036
kuruş	olarak	0.190476
kuruş	para	0.142857
kurşun	isabet	0.294118
kurşun	ve	0.176471
kutsal	kitabı	0.272727
kuzey	kore	0.360360
kuzey	amerika	0.108108
kuzey	irak	0.099099
kuzey	ve	0.090090
kuzey	afrika	0.054054
kuzey	i̇rlanda	0.027027
kuzey	yarım	0.027027
kuzey	avrupa	0.027027
köprü	ve	0.225806
küçük	bir	0.281915
küçük	ve	0.074468
küçük	kız	0.037234
küçük	çocuğun	0.037234
küçük	yaşta	0.031915
küçük	kızı	0.026596
küçük	olması	0.021277
küçük	gün	0.015957
küçük	oğlu	0.015957
küçük	çocuk	0.015957
küçük	ün	0.015957
küçük	çocuğu	0.015957
kılıç	ın	0.179487
kılıç	ve	0.153846
kılıç	a	0.076923
kıyafet	ve	0.571429
lara	kadar	0.416667
layık	olmaya	0.166667
layık	bir	0.125000
ler	için	0.166667
ler	civarında	0.111111
ler	ile	0.083333
ler	ve	0.083333
lerin	ardından	0.115385
li	belediye	0.074324
li	meclis	0.060811
li	bir	0.047297
li	masa	0.040541
li	ve	0.040541
li	oyuncu	0.027027
li	özgür	0.027027
li	teknoloji	0.020270
li	sırrı	0.020270
li	masanın	0.020270
li	özel	0.020270
li	de	0.020270
li	terörist	0.020270
li	bazı	0.020270
los	angeles	1.000000
lüks	bir	0.310345
madde	ve	0.150685
madde	ele	0.095890
madde	olduğu	0.054795
mahkeme	tarafından	0.127451
mahkeme	başkanı	0.088235
mahkeme	kararı	0.068627
mahkeme	nin	0.058824
mahkeme	de	0.029412
mahkeme	ayrıca	0.029412
maruz	kalan	0.177778
maruz	kalıyor	0.122222
maruz	kaldı	0.122222
maruz	kaldığı	0.122222
maruz	kaldığını	0.088889
maruz	kalmak	0.044444
maruz	kalanlar	0.044444
maruz	kalmış	0.033333
maçı	öncesi	0.103896
maçı	sonrası	0.097403
maçı	ne	0.071429
maçı	da	0.058442
maçı	için	0.045455
maçı	kazanan	0.038961
maçı	öncesinde	0.032468
maçı	ise	0.025974
maçı	saat	0.025974
maçı	var	0.019481
memur	ve	0.560748
memur	maaş	0.177570
memur	sen	0.112150
memur	emekli	0.046729
merak	konusu	0.260870
merak	ediliyor	0.204348
merak	edilen	0.169565
merak	ediyor	0.073913
merak	ettiği	0.065217
merak	edildi	0.052174
merak	etmeyin	0.034783
merak	ediyorum	0.017391
merak	ederken	0.013043
merkeze	bağlı	0.413793
merkezine	giderek	0.122807
merkezine	götürdü	0.070175
merkezine	kilometre	0.052632
mesajını	verdi	0.315789
mesajını	veren	0.157895
mesele	olarak	0.142857
meselesi	yüzünden	0.088889
meselesi	olduğu	0.066667
meselesi	de	0.066667
meselesi	olarak	0.066667
meselesi	sadece	0.066667
meslek	grubu	0.131579
meslek	ve	0.105263
meslek	lisesi	0.078947
meslek	kariyer	0.078947
meslek	birliği	0.078947
metre	serbest	0.076923
metre	kadar	0.057692
metre	uzaklıkta	0.057692
meydana	geldi	0.462607
meydana	gelen	0.388889
meydana	geldiğini	0.034188
meydana	geldiği	0.024573
meydana	gelmişti	0.013889
meydana	gelmiş	0.009615
meydana	gelir	0.008547
meydana	gelirken	0.006410
meydana	geliyor	0.006410
meydana	gelmiştir	0.006410
meydana	gelebilir	0.005342
meydana	gelmesi	0.005342
meydana	gelecek	0.003205
meydana	getiren	0.003205
mezun	olan	0.292683
mezun	oldu	0.243902
mi	yoksa	0.096447
mi	diye	0.081218
mi	sorusu	0.035533
mi	olacak	0.035533
mi	var	0.035533
mi	oldu	0.030457
mi	o	0.015228
mi	olur	0.015228
miami	ye	0.300000
milyonlarca	emekli	0.109756
milyonlarca	kişi	0.097561
milyonlarca	insanın	0.085366
milyonlarca	insan	0.085366
milyonlarca	memur	0.085366
milyonlarca	kişiyi	0.085366
milyonlarca	kişinin	0.073171
milyonlarca	kişiye	0.048780
milyonlarca	insanı	0.036585
milyonlarca	çalışan	0.036585
misafir	takım	0.166667
misafir	olarak	0.111111
misafir	edildi	0.083333
moda	ve	0.214286
muayene	ve	0.166667
muhammed	in	0.166667
muhammed	bin	0.142857
muhammed	e	0.071429
muhammed	emin	0.071429
muhammed	ali	0.071429
mutlaka	bir	0.152381
mutlaka	ama	0.047619
mutlaka	bu	0.038095
mutlaka	olacak	0.028571
mutlaka	kontrol	0.028571
mutlu	bir	0.129630
mutlu	olduğunu	0.101852
mutlu	ve	0.064815
mutlu	oldum	0.055556
mutlu	ediyor	0.041667
mutlu	etti	0.032407
mutlu	olduklarını	0.027778
mutlu	eden	0.027778
mutlu	olduğu	0.023148
mutlu	oluyoruz	0.023148
mutlu	etmek	0.023148
mutlu	olduk	0.023148
mutlu	edecek	0.018519
mutlu	sona	0.018519
mutlu	ettiğini	0.013889
mutlu	olacak	0.013889
mutlu	etmeye	0.013889
mutlu	şekilde	0.013889
müthiş	bir	0.727273
mısır	a	0.233766
mısır	da	0.103896
mısır	ın	0.090909
mısır	ve	0.090909
mısır	dan	0.064935
mısır	arasındaki	0.051948
nakil	için	0.210526
nakil	bekleyen	0.157895
nasıl	bir	0.228774
nasıl	yapılır	0.063679
nasıl	olacak	0.028302
nasıl	olur	0.021226
nasıl	ve	0.021226
nasıl	olsa	0.021226
nasıl	ki	0.014151
nasıl	daha	0.014151
nasıl	yardım	0.011792
nasıl	yardımcı	0.009434
nasıl	bu	0.009434
nasıl	oluyor	0.009434
nasıl	ikna	0.009434
nasıl	oldu	0.009434
nasıl	tarif	0.007075
nasıl	başa	0.007075
nasıl	yapacağız	0.007075
nasıl	hareket	0.007075
nasıl	oy	0.007075
nasıl	olduğunu	0.007075
nasıl	olması	0.007075
ndan	yapılan	0.226744
ndan	sonra	0.052326
ndan	alınan	0.034884
ndan	geldi	0.034884
ndan	bir	0.029070
ndan	açıklama	0.029070
ndan	milyon	0.023256
ndan	daha	0.017442
ndan	yeni	0.017442
ne	kadar	0.209045
ne	zaman	0.145362
ne	de	0.045685
ne	yazık	0.032764
ne	olursa	0.017997
ne	olduğunu	0.016151
ne	bağlı	0.016151
ne	demek	0.015228
ne	olur	0.014767
ne	olacak	0.014305
ne	oldu	0.013383
ne	anlama	0.011075
ne	varsa	0.009691
ne	ait	0.008768
ne	göre	0.007383
ne	gibi	0.007383
ne	bir	0.006461
ne	diyor	0.006461
ne	yapacağını	0.005999
ne	olacağı	0.005538
ne	var	0.005076
ne	derse	0.005076
ne	olacağını	0.005076
ne	ilişkin	0.004615
ne	iş	0.004615
ne	olduğu	0.004153
ne	şekilde	0.004153
ne	ve	0.004153
ne	mutlu	0.004153
ne	teslim	0.004153
ne	yaptı	0.003692
ne	geldi	0.003692
ne	gerekiyorsa	0.003692
ne	katılmak	0.003692
ne	için	0.003692
ne	yapılan	0.003230
ne	geçti	0.003230
ne	dersiniz	0.003230
ne	dedi	0.003230
ne	yaptığını	0.002769
nehri	nin	0.312500
nehri	ne	0.125000
nehri	üzerinde	0.093750
nehri	üzerindeki	0.093750
neler	var	0.086022
neler	olduğunu	0.075269
neler	oluyor	0.064516
neler	olacağı	0.053763
neler	olacak	0.053763
neler	oldu	0.043011
neler	olup	0.032258
neler	olduğu	0.032258
neredeyse	her	0.125000
neredeyse	imkansız	0.062500
neredeyse	yüzde	0.062500
neredeyse	tüm	0.044643
neredeyse	yok	0.035714
neredeyse	kesin	0.026786
neredeyse	iki	0.026786
neredeyse	hiç	0.026786
neredeyse	tamamı	0.026786
neredeyse	yıl	0.026786
nokta	ise	0.105263
nokta	var	0.105263
noktada	devreye	0.050000
noktada	da	0.050000
noktada	bir	0.040000
noktada	büyük	0.030000
noktaya	geldi	0.100000
noktaya	kadar	0.075000
nükleer	güç	0.244444
nükleer	silah	0.155556
nükleer	enerji	0.133333
nükleer	ve	0.066667
nı	ziyaret	0.085106
nı	da	0.074468
nı	hedef	0.053191
nı	inşa	0.031915
nı	en	0.031915
okumak	için	0.285714
olabilir	mi	0.154639
olabilir	ama	0.134021
olabilir	ancak	0.113402
olabilir	ve	0.082474
olabilir	dedi	0.051546
olabilir	çünkü	0.041237
olabilirler	ama	0.600000
olacağı	tahmin	0.129870
olacağı	yönünde	0.090909
olacağı	ifade	0.077922
olacağı	ve	0.064935
olacağı	merak	0.051948
olacağı	konusunda	0.051948
olacağı	anlamına	0.038961
olacağı	ise	0.038961
olacağı	için	0.038961
olacağı	bir	0.038961
olacağına	inanıyorum	0.260870
olacağına	dair	0.217391
olacağına	da	0.130435
olacağız	dedi	0.176471
olacağız	diye	0.147059
olacağız	şeklinde	0.088235
olana	kadar	0.615385
olanlar	için	0.145631
olanlar	da	0.087379
olanlar	dikkat	0.038835
olanlar	ise	0.038835
olanlar	var	0.029126
olanlar	ve	0.029126
olanlara	karşı	0.150000
olaydan	sonra	0.391304
olaydan	bir	0.152174
olaylar	nedeniyle	0.186047
olaylar	ve	0.093023
olağanüstü	bir	0.234375
olağanüstü	hal	0.187500
olağanüstü	genel	0.171875
olağanüstü	büyük	0.046875
olduklarını	söyledi	0.294118
olduklarını	ifade	0.141176
olduklarını	ve	0.117647
olduklarını	dile	0.117647
olduklarını	söyleyen	0.058824
oldum	ve	0.200000
olduğum	için	0.444444
olduğum	yerde	0.066667
olduğum	bu	0.066667
olduğunu	söyledi	0.153132
olduğunu	ifade	0.096674
olduğunu	ve	0.092034
olduğunu	dile	0.051044
olduğunu	söyleyen	0.047951
olduğunu	da	0.027069
olduğunu	iddia	0.023975
olduğunu	düşünüyorum	0.016241
olduğunu	ancak	0.015468
olduğunu	bir	0.015468
olduğunu	gösteriyor	0.015468
olduğunu	biliyoruz	0.014695
olduğunu	fark	0.013148
olduğunu	söylüyor	0.012374
olduğunu	söyleyerek	0.012374
olduğunu	tespit	0.011601
olduğunu	düşünüyoruz	0.009281
olduğunu	görüyoruz	0.009281
olduğunu	anlattı	0.008507
olduğunu	söylemek	0.008507
olduğunu	ortaya	0.008507
olduğunu	bu	0.007734
olduğunu	kabul	0.007734
olduğunu	biliyor	0.007734
olduğunu	gördük	0.006961
olduğunu	gösterdi	0.006961
olduğunu	biliyorum	0.006961
olduğunu	öne	0.006187
olduğunu	düşünüyor	0.006187
olduğunu	düşünmüyorum	0.005414
olduğunu	gördüm	0.005414
olduğunu	gösterir	0.005414
olduğunu	düşünen	0.005414
olduğunu	söylemişti	0.005414
olduğunu	söylemiş	0.004640
olduğunu	söylediler	0.004640
olduğunu	gören	0.004640
olduğunu	o	0.004640
olduğunu	tahmin	0.004640
olduğunu	söylediği	0.004640
olma	ihtimali	0.184615
olma	yolunda	0.138462
olma	ve	0.076923
olma	durumu	0.061538
olmadan	bir	0.078947
olmadan	da	0.078947
olmadan	ve	0.039474
olmadı	ve	0.222222
olmadı	ama	0.138889
olmadı	dedi	0.083333
olmadığını	söyledi	0.157635
olmadığını	ve	0.098522
olmadığını	ifade	0.054187
olmadığını	dile	0.039409
olmadığını	söyleyen	0.034483
olmadığını	öne	0.029557
olmadığını	iddia	0.029557
olmadığını	gösteriyor	0.024631
olmadığını	kontrol	0.019704
olmadığını	söyleyerek	0.019704
olmadığını	düşünüyorum	0.019704
olmadığını	bir	0.014778
olmadığını	gördük	0.014778
olmadığını	fark	0.014778
olmadığını	ileri	0.014778
olmadığını	görüyoruz	0.014778
olmakla	birlikte	0.758621
olmaları	gerekiyor	0.159091
olmaları	konusunda	0.136364
olmaları	gerektiğini	0.113636
olmaları	ve	0.090909
olmaları	gerektiği	0.090909
olmaları	nedeniyle	0.068182
olmalı	ve	0.285714
olmalı	diye	0.190476
olmalı	ki	0.142857
olmamış	gibi	0.400000
olmasaydı	ne	0.214286
olmasının	ardından	0.187500
olmasının	yanında	0.083333
olmasının	da	0.062500
olmasının	yanı	0.062500
olun	var	0.115385
oluşan	bir	0.206107
oluşan	bu	0.061069
oluşan	ve	0.045802
oluşan	su	0.030534
oluşan	kişilik	0.030534
oluşan	dev	0.022901
onunla	birlikte	0.146341
onunla	ilgili	0.121951
operasyon	sonrası	0.104167
operasyon	sırasında	0.104167
operasyon	ve	0.083333
operasyon	yapıldı	0.083333
operasyon	için	0.083333
operasyon	kararı	0.062500
oradan	da	0.224490
oradan	bir	0.163265
oradan	oraya	0.061224
ordu	da	0.309859
ordu	ile	0.140845
ordu	nun	0.112676
ordu	ve	0.098592
ordu	ya	0.056338
orta	doğu	0.253968
orta	saha	0.216931
orta	asya	0.079365
orta	ve	0.079365
orta	derecede	0.026455
orta	gelir	0.021164
orta	amerika	0.021164
orta	yüksek	0.015873
orta	afrika	0.015873
orta	kulak	0.015873
orta	ile	0.015873
orta	alanda	0.015873
ortada	bir	0.219512
ortada	yok	0.121951
ortada	kaldı	0.097561
ortadan	kaldırmak	0.535714
ortadan	ikiye	0.178571
ortadan	kalktı	0.142857
ortadan	kayboldu	0.107143
ortalama	yüzde	0.132812
ortalama	bin	0.109375
ortalama	bir	0.109375
ortalama	saatlik	0.039062
ortalama	olarak	0.031250
ortalama	ton	0.023438
ortalama	kira	0.023438
ortalama	yıl	0.023438
ortalık	karıştı	0.555556
ortasına	kadar	0.500000
ortaya	çıktı	0.449296
ortaya	çıkan	0.125352
ortaya	koydu	0.066197
ortaya	çıkar	0.030986
ortaya	çıkmıştı	0.029577
ortaya	çıkardı	0.026761
ortaya	çıkacak	0.025352
ortaya	çıkıyor	0.023944
ortaya	çıkmaya	0.021127
ortaya	çıkabilir	0.021127
ortaya	çıkması	0.019718
ortaya	çıktığı	0.012676
ortaya	koymak	0.009859
ortaya	koymuş	0.009859
ortaya	çıkarken	0.008451
ortaya	attı	0.008451
ortaya	çıkınca	0.007042
ortaya	çıkaran	0.007042
ortaya	çıkarmak	0.007042
ortaya	çıkmış	0.007042
ortaya	çıktığını	0.007042
ortaya	çıkarıyor	0.005634
ortaya	bir	0.004225
ortaya	çok	0.004225
ortaya	çıkarır	0.004225
oysa	ki	0.150000
oyun	oynarken	0.065789
oyun	alanı	0.052632
oyun	olarak	0.052632
oyun	oynayan	0.052632
oyun	alanına	0.039474
oyun	ve	0.039474
oyun	içinde	0.039474
oyuna	dahil	0.300000
oyuna	girdi	0.100000
oyuna	giren	0.075000
oyunun	yüzde	0.142857
para	cezası	0.241158
para	ve	0.048232
para	birimi	0.048232
para	yok	0.028939
para	ile	0.022508
para	var	0.022508
para	teklif	0.016077
para	da	0.016077
para	karşılığında	0.016077
para	kazanmak	0.016077
para	için	0.016077
para	karşılığı	0.012862
para	ödülü	0.012862
para	talep	0.009646
para	ödül	0.009646
para	aldığını	0.009646
para	toplama	0.009646
para	dolu	0.009646
para	aldım	0.009646
para	aldığı	0.009646
parti	genel	0.192389
parti	nin	0.175476
parti	de	0.065539
parti	ye	0.056025
parti	den	0.053911
parti	ve	0.042283
parti	lideri	0.032770
parti	grup	0.029598
parti	olarak	0.028541
parti	içi	0.024313
parti	ile	0.016913
parti	içinde	0.015856
parti	yi	0.013742
parti	bu	0.008457
parti	seçim	0.007400
parti	içindeki	0.007400
parti	meclis	0.006342
parti	tarafından	0.006342
parti	arasında	0.006342
parti	değil	0.006342
parti	bir	0.005285
parti	gençlik	0.005285
parti	li	0.005285
parti	üyesi	0.005285
parti	dönem	0.004228
parti	grubu	0.004228
parti	yle	0.004228
parti	eski	0.004228
parti	gibi	0.004228
parti	deki	0.004228
parti	en	0.003171
parti	ise	0.003171
parti	adına	0.003171
parti	oldu	0.003171
parti	dir	0.003171
parti	eş	0.003171
parti	başkanı	0.003171
parçalar	halinde	0.272727
parçası	olarak	0.308511
parçası	haline	0.106383
parçası	olan	0.074468
parçası	olduğunu	0.074468
parçası	olduğu	0.042553
parçası	olmaktan	0.031915
parçası	olduğum	0.031915
pişman	olduğunu	0.263158
plastik	bir	0.214286
polisler	tarafından	0.161290
polisler	hakkında	0.096774
politik	ve	0.400000
politik	bir	0.200000
popüler	bir	0.185185
popüler	hale	0.148148
popüler	olan	0.111111
r	k	0.190476
r	a	0.142857
r	h	0.095238
r	d	0.071429
rastgele	ateş	0.307692
rağmen	bu	0.062044
rağmen	bazı	0.029197
rağmen	hayatını	0.021898
rağmen	bir	0.021898
rağmen	hala	0.018248
rağmen	her	0.014599
rağmen	biz	0.014599
rağmen	devam	0.014599
rağmen	yine	0.010949
rağmen	gol	0.010949
rağmen	ilk	0.010949
rağmen	o	0.010949
rağmen	çok	0.010949
rağmen	yaklaşık	0.010949
reddetti	ve	1.000000
reklam	ve	0.285714
reklam	filmini	0.107143
reklam	filmi	0.107143
riskli	bir	0.093750
riskli	olan	0.093750
roket	saldırısı	0.214286
roma	da	0.250000
roma	nın	0.175000
roma	daki	0.100000
roma	ve	0.100000
roma	ya	0.075000
roma	dan	0.075000
ruhu	ve	0.176471
rusya	nın	0.328814
rusya	ya	0.103390
rusya	devlet	0.081356
rusya	da	0.071186
rusya	dan	0.069492
rusya	ile	0.047458
rusya	ve	0.035593
rusya	savunma	0.030508
rusya	yı	0.030508
rusya	daki	0.023729
rusya	arasında	0.010169
rusya	tarafından	0.008475
rusya	savaşı	0.006780
rusya	başbakan	0.006780
rusya	yla	0.006780
rusya	için	0.006780
rusya	acil	0.005085
rusya	güvenlik	0.005085
rusya	lideri	0.005085
rusya	bu	0.005085
rusya	merkez	0.005085
saatlik	bir	0.230769
saatlik	çalışması	0.115385
sabahtan	itibaren	0.428571
sabahın	erken	0.777778
sabahın	ilk	0.222222
sabit	fiyat	0.166667
sabit	bir	0.111111
sadece	bir	0.120141
sadece	bu	0.035336
sadece	birkaç	0.021201
sadece	yüzde	0.019435
sadece	kendi	0.015901
sadece	iki	0.014134
sadece	gün	0.012367
sadece	benim	0.010601
sadece	bizim	0.010601
sadece	son	0.010601
sadece	ve	0.008834
sadece	biz	0.008834
sadece	bin	0.008834
sadece	bize	0.008834
sadece	kez	0.008834
sadece	o	0.008834
sadece	abd	0.007067
sadece	dakika	0.007067
sadece	üç	0.007067
sadece	saniye	0.007067
sadece	masum	0.007067
sadece	şu	0.005300
sadece	yeni	0.005300
sadece	ay	0.005300
sadece	belli	0.005300
sadece	milyon	0.005300
sadece	en	0.005300
sadece	gelir	0.005300
sadece	araç	0.005300
sadece	bugün	0.005300
sadece	üst	0.005300
sadece	orada	0.005300
sadece	ekonomik	0.005300
sadece	ben	0.005300
sadece	para	0.005300
sadece	küçük	0.005300
sahil	güvenlik	0.720000
sahil	yolu	0.080000
sahip	olan	0.107639
sahip	olduğunu	0.074653
sahip	olduğu	0.060764
sahip	olmak	0.034722
sahip	bir	0.031250
sahip	olacak	0.031250
sahip	çıkmak	0.027778
sahip	olması	0.024306
sahip	oldu	0.017361
sahip	çıkan	0.015625
sahip	ve	0.015625
sahip	olduğumuz	0.015625
sahip	çıkma	0.013889
sahip	çıkacağız	0.012153
sahip	olacağı	0.012153
sahip	oldukları	0.012153
sahip	çıkalım	0.012153
sahip	çıkmaya	0.010417
sahip	olmaya	0.010417
sahip	ilk	0.010417
sahip	oluyor	0.010417
sahip	olarak	0.010417
sahip	olmayan	0.008681
sahip	değil	0.008681
sahip	olabilir	0.008681
sahip	çıktı	0.008681
sahip	olmakla	0.008681
sahip	olduğuna	0.006944
sahip	olmanın	0.006944
sahip	olduklarını	0.006944
sahip	olduğundan	0.006944
sahip	olanlar	0.006944
sahip	ülke	0.006944
sahip	çıkın	0.006944
sahip	çıkacak	0.006944
sahip	iki	0.006944
sahip	olduğumuzu	0.006944
sahip	olmaları	0.006944
sahip	çıkmasını	0.006944
sahip	çıkıyoruz	0.006944
sahneye	çıkacak	0.137931
sahneye	çıktı	0.137931
sahneye	çıktığında	0.103448
sahneye	davet	0.103448
salonunda	hazır	0.200000
sana	bir	0.056604
sana	da	0.056604
sanal	devriye	0.230769
sarı	kart	0.264368
sarı	ve	0.114943
sarı	kırmızı	0.045977
sarı	uyarı	0.034483
sarı	kartı	0.034483
sarı	nın	0.034483
sarı	renkli	0.034483
satış	fiyatı	0.290698
satış	milyar	0.069767
satış	yapan	0.058140
satış	ve	0.058140
satış	sonrası	0.046512
satış	yapıldı	0.034884
satış	müdürü	0.034884
satış	milyon	0.034884
savaşın	bir	0.068182
savaşın	sona	0.068182
savaşın	da	0.068182
sayede	hem	0.116279
saygı	ve	0.300000
saygı	duyuyorum	0.066667
saygı	ile	0.066667
saygı	duyar	0.050000
saygı	sevgi	0.050000
saygı	duyuyor	0.050000
sayısı	bin	0.133758
sayısı	e	0.101911
sayısı	ise	0.060510
sayısı	milyon	0.054140
sayısı	da	0.054140
sayısı	a	0.035032
sayısı	ye	0.035032
sayısı	yüzde	0.031847
sayısı	ya	0.022293
sayısı	son	0.019108
sayısı	çok	0.019108
sayısı	geçen	0.015924
sayısı	de	0.015924
sayısı	bu	0.012739
sayısı	az	0.012739
sayısı	ile	0.012739
sayısı	en	0.012739
sayısı	artıyor	0.012739
sayısı	den	0.009554
sayısı	olarak	0.009554
sayısı	yılında	0.009554
sayısı	toplam	0.009554
sayısı	ve	0.009554
sayısı	bir	0.009554
sayısı	açısından	0.009554
sayısı	ten	0.009554
sayısı	yılı	0.009554
saçma	bir	0.300000
sağa	sola	0.611111
sağa	doğru	0.166667
sebep	oldu	0.119403
sebep	olan	0.119403
sebep	oluyor	0.111940
sebep	olduğu	0.089552
sebep	olabilir	0.082090
sebep	olur	0.044776
sebep	yok	0.029851
sebep	olmuştur	0.029851
sebep	olacak	0.029851
sebep	ve	0.029851
sebep	olarak	0.022388
sebeple	de	0.090909
sebeple	biz	0.068182
sefer	de	0.209677
sefer	yapan	0.048387
sene	önce	0.080189
sene	de	0.066038
sene	sonra	0.042453
sene	bin	0.028302
sene	içerisinde	0.028302
sene	daha	0.023585
sene	oldu	0.023585
sene	bu	0.023585
sene	milyon	0.018868
sene	içinde	0.018868
sene	başından	0.018868
sene	çok	0.018868
sene	öncesine	0.014151
sene	sonunda	0.014151
sene	yüzde	0.014151
sene	ise	0.014151
sene	yaklaşık	0.014151
sene	olduğu	0.014151
senin	için	0.127273
senin	ne	0.090909
senin	gibi	0.054545
senin	elinde	0.054545
sert	bir	0.256000
sert	tepki	0.256000
sert	çıktı	0.048000
sert	sözler	0.048000
sert	ve	0.040000
sert	vurdu	0.032000
sert	şekilde	0.024000
ses	ve	0.147727
ses	getiren	0.090909
ses	kaydı	0.045455
ses	yok	0.034091
ses	getirdi	0.034091
ses	geldi	0.034091
sevgilisi	ile	0.214286
seviyorum	ve	0.130435
seviyorum	ama	0.130435
sigorta	basketbol	0.166667
sigorta	başlangıç	0.100000
sil	baştan	0.875000
silahla	ateş	0.189189
silahla	tehdit	0.108108
silahlı	kuvvetleri	0.316176
silahlı	saldırı	0.169118
silahlı	terör	0.154412
silahlı	saldırıya	0.080882
silahlı	kavga	0.036765
silahlı	bir	0.036765
silahlı	çete	0.022059
silahlı	grup	0.022059
sinema	ve	0.294118
sinema	filmi	0.176471
sistemi	ile	0.106742
sistemi	nin	0.078652
sistemi	ve	0.067416
sistemi	için	0.044944
sistemi	üzerinden	0.039326
sistemi	ne	0.039326
sistemi	de	0.028090
sistemi	nde	0.028090
sistemi	nden	0.028090
sistemi	üzerinde	0.022472
sistemi	olan	0.022472
sistemi	tarafından	0.022472
sistemi	bu	0.016854
sistemi	içinde	0.016854
sistemi	projesi	0.016854
siyasi	parti	0.217647
siyasi	bir	0.111765
siyasi	ve	0.100000
siyasi	olarak	0.052941
siyasi	yasak	0.035294
siyasi	ekonomik	0.029412
siyasi	lider	0.029412
siyasi	i̇şler	0.017647
siyasi	partiye	0.017647
siyasi	destek	0.017647
sohbet	etti	0.329412
sohbet	eden	0.200000
sohbet	edip	0.058824
sohbet	ettik	0.058824
sohbet	ettiği	0.047059
sohbet	ederken	0.035294
sokağa	çıkma	0.321429
sokağa	attı	0.107143
sonsuza	kadar	0.545455
sonsuza	dek	0.454545
sonu	da	0.061856
sonu	etkili	0.051546
sonu	için	0.051546
sonu	veya	0.041237
sonu	değil	0.030928
sonu	dolar	0.030928
sonuçları	ne	0.153846
sonuçları	ve	0.068376
sonuçları	da	0.059829
sonuçları	belli	0.034188
sonuçları	ile	0.034188
sonuçları	ise	0.025641
sonuçları	için	0.025641
sonuçları	mayıs	0.025641
sonuçları	hakkında	0.025641
sorun	var	0.078740
sorun	yok	0.070866
sorun	olduğunu	0.070866
sorun	ve	0.031496
sorun	şu	0.031496
sorun	olarak	0.031496
sorun	olduğu	0.031496
sorun	varsa	0.023622
sorun	bu	0.023622
stres	ve	0.285714
sudan	da	0.318182
sudan	ın	0.113636
sudan	ordusu	0.113636
sudan	daki	0.090909
sudan	ve	0.090909
sudan	dan	0.068182
suyun	içine	0.078947
suyun	içinde	0.078947
söyleyecek	bir	0.230769
söyleyecek	çok	0.230769
söz	konusu	0.718208
söz	alan	0.028902
söz	veriyorum	0.015896
söz	sahibi	0.015896
söz	verdiğimiz	0.014451
söz	veriyoruz	0.008671
söz	verdi	0.008671
söz	verilen	0.008671
söz	ve	0.008671
söz	hakkı	0.007225
söz	verdiği	0.007225
söz	de	0.007225
söz	ediyoruz	0.005780
söz	alarak	0.005780
söz	verdim	0.005780
söz	verip	0.004335
söz	ediliyor	0.004335
söz	etmek	0.004335
söz	etti	0.004335
söz	verdik	0.004335
sözüm	var	0.555556
süre	sonra	0.257985
süre	önce	0.130221
süre	içerisinde	0.085995
süre	içinde	0.056511
süre	ile	0.029484
süre	daha	0.024570
süre	boyunca	0.022113
süre	sohbet	0.014742
süre	için	0.014742
süre	de	0.012285
süre	var	0.009828
süre	devam	0.007371
süre	kalan	0.007371
süre	verildi	0.007371
süre	görev	0.007371
süreliğine	de	0.444444
sürmek	için	0.300000
sıcaklık	derece	0.166667
sıcaklık	ise	0.125000
sık	sık	0.606383
sık	kullanılan	0.015957
sınırlı	sayıda	0.125000
sınırlı	değil	0.125000
sınırlı	bir	0.083333
sınırlı	olmak	0.062500
sınırlı	da	0.062500
sıradan	bir	0.407407
sıradan	aday	0.296296
sırasında	bir	0.047826
sırasında	ve	0.039130
sırasında	yer	0.021739
sırasında	yapılan	0.017391
sırasında	ise	0.017391
sırasında	bu	0.017391
sırasında	sosyal	0.013043
sırasında	daha	0.013043
sırasında	oluşan	0.013043
sırasında	çok	0.013043
sırasında	yaşanan	0.013043
sırasında	gaz	0.013043
sıvı	yağ	0.363636
t	c	0.131579
t	x	0.131579
t	nin	0.111842
t	ye	0.039474
t	ve	0.032895
t	k	0.032895
t	e	0.026316
t	t	0.026316
t	ise	0.019737
t	isimli	0.019737
t	g	0.019737
t	y	0.019737
tabi	ki	0.333333
tabi	bu	0.115942
tabi	olan	0.057971
tabii	ki	0.547059
tabii	bu	0.076471
tabii	bir	0.041176
tadı	ve	0.400000
takdirde	bir	0.090909
takıma	karşı	0.075000
tamamlandı	ve	0.444444
tanık	olarak	0.270270
tanık	oldu	0.108108
tanık	olduk	0.081081
tanık	olan	0.081081
tanıklık	eden	0.235294
tanıklık	ediyoruz	0.176471
tarafında	da	0.125000
tarafında	bulunan	0.093750
tarihi	bir	0.160000
tarihi	ve	0.148000
tarihi	belli	0.064000
tarihi	de	0.024000
tarihi	boyunca	0.020000
tarihi	aralık	0.016000
tarihi	için	0.016000
tarihi	hem	0.012000
tarihi	olarak	0.012000
tarihi	fırsat	0.012000
tarihi	ağustos	0.012000
tatil	için	0.123596
tatil	mi	0.067416
tatil	edildi	0.056180
tatil	yapan	0.044944
tatil	planı	0.033708
tatil	olup	0.033708
tatil	ve	0.033708
tatmin	edici	0.384615
tavsiye	ediliyor	0.132353
tavsiye	ediyorum	0.117647
tavsiye	ediyor	0.102941
tavsiye	etti	0.088235
tavsiye	ediyoruz	0.088235
tavsiye	edilir	0.073529
tavsiye	ederim	0.073529
tavsiye	ettiği	0.058824
tavsiye	eden	0.044118
tehdit	eden	0.159420
tehdit	etti	0.108696
tehdit	ediyor	0.072464
tehdit	ve	0.057971
tehdit	ettiğini	0.043478
tehdit	ettiği	0.043478
tehdit	altında	0.043478
tehdit	edildi	0.021739
tehdit	ediyorlar	0.021739
tehdit	olduğunu	0.021739
tehdit	ediyorsunuz	0.021739
tehdit	etmişti	0.021739
tehdit	etmiş	0.021739
teker	teker	0.833333
teknik	adam	0.152866
teknik	üniversitesi	0.114650
teknik	ve	0.114650
teknik	olarak	0.070064
teknik	adamın	0.044586
teknik	bir	0.044586
teknik	sorumlusu	0.031847
teknik	ekip	0.031847
teknik	patronu	0.031847
teknik	açıdan	0.025478
teknik	sorumlu	0.025478
teknik	adamı	0.019108
telefon	görüşmesi	0.376238
telefon	ve	0.089109
telefon	ile	0.059406
telefon	numarası	0.029703
telefon	geldi	0.029703
telefonla	aradım	0.150000
telefonuna	gelen	0.500000
temmuz	da	0.277193
temmuz	ayı	0.084211
temmuz	de	0.059649
temmuz	a	0.052632
temmuz	dan	0.038596
temmuz	darbe	0.038596
temmuz	ağustos	0.035088
temmuz	daki	0.031579
temmuz	te	0.021053
temmuz	un	0.021053
temmuz	cumartesi	0.021053
temmuz	pazartesi	0.021053
temmuz	cuma	0.017544
temmuz	aralık	0.017544
temmuz	perşembe	0.014035
temmuz	ve	0.014035
temmuz	gecesi	0.014035
temmuz	ile	0.010526
temmuz	e	0.010526
temmuz	sonrası	0.010526
temmuz	yılında	0.010526
temmuz	barış	0.010526
temmuz	ek	0.010526
temmuz	den	0.010526
temmuz	u	0.010526
temmuz	salı	0.010526
temsil	eden	0.282051
temsil	ediyor	0.076923
temsil	edecek	0.076923
temsil	ettiği	0.068376
temsil	etmek	0.051282
temsil	etti	0.051282
temsil	eder	0.042735
temsil	edilen	0.042735
temsil	ediyorum	0.025641
temsil	edilecek	0.025641
temsil	etmesi	0.025641
tercih	edilen	0.126984
tercih	etti	0.075397
tercih	ediyor	0.067460
tercih	eden	0.059524
tercih	ettiği	0.055556
tercih	ediliyor	0.043651
tercih	etmek	0.035714
tercih	ettiğini	0.027778
tercih	ederek	0.027778
tercih	edilmesi	0.023810
tercih	sonuçları	0.023810
tercih	ediyorlar	0.019841
tercih	ederler	0.015873
tercih	etmiş	0.015873
tercih	edilir	0.015873
tercih	edilebilir	0.015873
tercih	edin	0.015873
tercih	eder	0.015873
tercih	edebilirsiniz	0.015873
tercih	edeceğini	0.011905
tercih	etmişti	0.011905
tercih	ederken	0.011905
terk	etti	0.106195
terk	etmek	0.097345
terk	edilmiş	0.079646
terk	eden	0.070796
terk	ettiği	0.061947
terk	ederek	0.061947
terk	edildi	0.053097
terk	edilen	0.044248
terk	edip	0.035398
terk	etme	0.035398
terk	ettiğini	0.035398
terk	etmesi	0.026549
terk	etmeye	0.026549
terk	edin	0.026549
teslim	edildi	0.197368
teslim	etti	0.092105
teslim	edilmesi	0.036184
teslim	ettim	0.036184
teslim	oldu	0.032895
teslim	ettik	0.032895
teslim	olan	0.032895
teslim	edilecek	0.029605
teslim	edeceğiz	0.029605
teslim	edildiğini	0.023026
teslim	eden	0.023026
teslim	edilen	0.019737
teslim	alan	0.019737
teslim	ediliyor	0.019737
teslim	etmek	0.019737
teslim	olması	0.016447
teslim	töreni	0.013158
teslim	olduğunu	0.013158
teslim	ettiği	0.009868
teslim	olmak	0.009868
teslim	aldı	0.009868
teslim	ettiğini	0.009868
teslim	tarihi	0.009868
teslim	aldığı	0.009868
teslim	olmaya	0.009868
tespit	edildi	0.312834
tespit	edilen	0.197861
tespit	etti	0.104278
tespit	ettik	0.053476
tespit	edilmesi	0.042781
tespit	edildiğini	0.040107
tespit	etmek	0.029412
tespit	edilmiş	0.026738
tespit	çalışması	0.024064
tespit	ve	0.024064
tespit	edip	0.016043
tespit	eden	0.013369
tespit	ettiği	0.013369
tespit	etmeye	0.010695
tespit	ediliyor	0.008021
tespit	edilecek	0.008021
ticaret	ve	0.258065
ticaret	odası	0.177419
ticaret	bakanlığı	0.155914
ticaret	bakanı	0.150538
ticaret	merkezi	0.026882
ticaret	anlaşması	0.016129
ticaret	hizmet	0.016129
times	ın	0.400000
times	ta	0.200000
tiyatro	sinema	0.105263
tiyatro	da	0.078947
tiyatro	ve	0.078947
top	ve	0.192308
top	atışı	0.115385
toplum	ve	0.119403
toplum	tarafından	0.104478
toplum	olarak	0.104478
toplum	bu	0.074627
toplum	için	0.059701
toplum	da	0.044776
toplum	sağlığı	0.044776
toplum	içinde	0.044776
travma	sonrası	0.150000
travma	ve	0.150000
tura	kalması	0.200000
tura	kalırsa	0.150000
tura	kaldı	0.075000
tv	de	0.263158
tv	nin	0.118421
tv	ye	0.105263
tv	den	0.078947
tv	ile	0.052632
tv	deki	0.039474
tv	ana	0.032895
tv	ve	0.026316
tv	yayın	0.026316
tv	genel	0.019737
tv	yi	0.019737
tv	program	0.019737
töreni	nde	0.223881
töreni	ile	0.164179
töreni	ne	0.149254
töreni	ve	0.074627
tıpkı	bir	0.166667
ucuz	ve	0.151515
un	bu	0.046931
un	da	0.039711
un	en	0.027076
un	ardından	0.019856
un	ve	0.019856
un	yeni	0.018051
un	bir	0.016245
un	üzerinde	0.014440
un	genç	0.012635
un	son	0.012635
un	eski	0.010830
un	ise	0.010830
un	tek	0.010830
un	yanı	0.009025
un	hayatını	0.009025
un	teknik	0.009025
un	sosyal	0.007220
un	babası	0.007220
un	çok	0.007220
un	eşi	0.007220
un	milli	0.007220
un	sahibi	0.005415
un	farklı	0.005415
un	almanya	0.005415
un	ismi	0.005415
un	altında	0.005415
un	bazı	0.005415
un	daha	0.005415
un	altına	0.005415
un	su	0.005415
un	ilk	0.005415
un	geçen	0.005415
un	kuzey	0.005415
un	büyük	0.005415
un	orta	0.005415
un	kamu	0.005415
un	para	0.005415
un	yılında	0.005415
un	oğlu	0.005415
un	yaptığı	0.005415
unutmayın	ki	0.416667
uyar	ın	0.625000
uyku	sırasında	0.192308
uyku	için	0.115385
uyum	içinde	0.200000
uyum	sağlamak	0.160000
uyum	ve	0.160000
uyum	içerisinde	0.120000
uyuşturucu	madde	0.450000
uyuşturucu	hap	0.110000
uyuşturucu	ile	0.100000
uyuşturucu	operasyonu	0.060000
uyuşturucu	ve	0.060000
uyuşturucu	ele	0.040000
uzun	süre	0.192000
uzun	süredir	0.148000
uzun	bir	0.134000
uzun	yıllar	0.110000
uzun	zamandır	0.070000
uzun	yıllardır	0.064000
uzun	süren	0.042000
uzun	ve	0.020000
uzun	zaman	0.018000
uzun	araç	0.016000
uzun	dönem	0.010000
uzun	uzun	0.010000
uzun	sürecek	0.006000
uzun	sürdü	0.006000
uzun	un	0.006000
uçak	ve	0.140351
uçak	gemisi	0.105263
uçak	bileti	0.087719
uçak	dolusu	0.070175
uçak	helikopter	0.052632
uçak	ile	0.052632
uçak	düştü	0.052632
uçak	kazası	0.052632
uçağı	ve	0.137931
uçağı	adet	0.103448
v	s	0.160000
v	a	0.160000
vakit	geçirmek	0.300000
vakit	geçirdi	0.200000
van	da	0.343750
van	ın	0.171875
van	gölü	0.171875
van	a	0.109375
van	dan	0.062500
varlığını	kabul	0.214286
vay	efendim	0.500000
vefat	etti	0.367816
vefat	eden	0.264368
vefat	ettiğini	0.080460
vefat	ettiği	0.068966
vefat	etmiş	0.068966
vefat	etmişti	0.045977
verdi	ve	0.250000
verdi	mi	0.044118
verdim	dedi	0.157895
verdim	ve	0.157895
verecek	olan	0.101695
verecek	bir	0.101695
verecek	meselesi	0.067797
verecek	mi	0.050847
verecek	dedi	0.050847
verecek	olursak	0.050847
veren	bir	0.106195
veren	ve	0.053097
veren	ünlü	0.039823
veren	tüm	0.035398
veren	oyuncu	0.022124
veren	herkese	0.022124
veren	bakan	0.017699
veren	başkan	0.017699
veren	de	0.013274
veren	güzel	0.013274
verilen	bir	0.092391
verilen	bin	0.043478
verilen	bilgiye	0.043478
verilen	ve	0.032609
verilen	hapis	0.032609
verilen	bu	0.032609
verilen	uluslararası	0.021739
verilen	destek	0.021739
verilen	zararı	0.016304
verilen	sözler	0.016304
verilen	değeri	0.016304
verilen	her	0.016304
veriyor	bu	0.081081
veriyoruz	dedi	0.235294
verme	ve	0.172414
verme	konusunda	0.103448
vermek	için	0.274194
vermek	zorunda	0.064516
vermek	ve	0.056452
vermek	üzere	0.056452
vermek	amacıyla	0.040323
vermek	isteyen	0.040323
vermek	zorundayız	0.040323
vermek	gerekirse	0.032258
vermek	gerekir	0.024194
vermek	istiyorum	0.024194
vermek	istiyoruz	0.024194
video	ile	0.134615
video	mesaj	0.057692
video	da	0.057692
video	ve	0.057692
vurulmuş	halde	0.625000
vücut	için	0.333333
vücut	tarafından	0.166667
washington	un	0.219512
washington	ın	0.195122
washington	da	0.170732
washington	daki	0.097561
washington	a	0.097561
ya	da	0.480255
ya	karşı	0.020382
ya	kadar	0.014013
ya	göre	0.014013
ya	ait	0.013376
ya	bu	0.011465
ya	doğru	0.008280
ya	giden	0.007643
ya	gelen	0.006369
ya	bir	0.006369
ya	destek	0.005732
ya	bağlı	0.005732
ya	ulaştı	0.005732
ya	çok	0.005732
ya	geldi	0.005732
ya	milyon	0.005096
ya	yaptığı	0.005096
ya	gitti	0.005096
ya	yapılan	0.004459
ya	yakın	0.004459
ya	olan	0.004459
ya	aykırı	0.004459
ya	ve	0.004459
ya	silah	0.003822
ya	teslim	0.003822
ya	çıktı	0.003822
ya	ilk	0.003185
ya	allah	0.003185
ya	gitmek	0.003185
ya	transfer	0.003185
ya	geri	0.003185
ya	hiç	0.003185
ya	ne	0.003185
ya	yeni	0.002548
ya	yapılacak	0.002548
ya	özgü	0.002548
ya	tepki	0.002548
ya	gidecek	0.002548
ya	kilometre	0.002548
ya	davet	0.002548
yabancı	dil	0.121622
yabancı	ülke	0.067568
yabancı	para	0.054054
yabancı	yatırım	0.040541
yabancı	bir	0.040541
yabancı	sayısı	0.040541
yahudi	olduğunu	0.166667
yalan	söylüyor	0.080645
yalan	haber	0.080645
yalan	söylediğini	0.064516
yalan	ve	0.064516
yalan	söylüyorlar	0.048387
yalan	bir	0.048387
yalnız	yaşayan	0.086957
yalnız	bir	0.065217
yalnızca	bir	0.096774
yalnızca	yüzde	0.043011
yalnızca	tek	0.043011
yan	yana	0.500000
yan	etki	0.112903
yan	etkisi	0.048387
yandan	da	0.168675
yandan	abd	0.028112
yandan	bazı	0.020080
yandan	bu	0.020080
yandan	geçtiğimiz	0.020080
yandan	i̇srail	0.020080
yandan	li	0.016064
yandan	bir	0.012048
yandan	birçok	0.012048
yandan	dünya	0.012048
yandan	dünyanın	0.012048
yandan	kaza	0.012048
yandan	yapılan	0.012048
yandan	yaşanan	0.012048
yani	bu	0.060284
yani	bir	0.042553
yani	o	0.031915
yani	her	0.024823
yani	yüzde	0.017730
yani	milyon	0.017730
yani	yarın	0.014184
yani	biz	0.014184
yani	burada	0.014184
yani	insanlar	0.014184
yani	bugün	0.010638
yani	sonuçta	0.010638
yani	nisan	0.010638
yani	bin	0.010638
yani	yaklaşık	0.010638
yani	bizim	0.010638
yani	üniversite	0.010638
yapabilir	miyiz	0.200000
yapacağını	ve	0.157895
yapan	bir	0.096419
yapan	ve	0.090909
yapan	yaşındaki	0.030303
yapan	polis	0.022039
yapan	kişi	0.022039
yapan	tüm	0.016529
yapan	kişinin	0.013774
yapan	kişilerin	0.013774
yapan	ilk	0.013774
yapan	başkan	0.013774
yapan	bu	0.011019
yapan	insanlar	0.011019
yapan	yaklaşık	0.008264
yapan	kişiye	0.008264
yapan	yolcu	0.008264
yapan	şüpheli	0.008264
yapan	başka	0.008264
yapan	bakan	0.008264
yapan	iki	0.008264
yapan	eski	0.008264
yapan	m	0.008264
yapan	da	0.008264
yapar	ve	0.200000
yapar	gibi	0.166667
yaparak	bu	0.058394
yaparak	bir	0.043796
yaparak	her	0.021898
yaparsak	yapalım	0.600000
yaparım	diyor	0.250000
yapmayı	düşünüyoruz	0.076923
yapmayı	düşünüyorsunuz	0.076923
yaptıkları	tespit	0.071429
yaptıkları	tüm	0.071429
yaptıklarını	söyledi	0.211538
yaptıklarını	ve	0.153846
yaptıklarını	ifade	0.096154
yaptıklarını	dile	0.076923
yaptığımız	bir	0.088889
yaptığımız	her	0.066667
yaptığımız	görüşme	0.066667
yaptığımız	bu	0.066667
yapılacak	olan	0.235632
yapılacak	ve	0.086207
yapılacak	yerel	0.051724
yapılacak	bir	0.034483
yapılacak	genel	0.022989
yapılacak	ikinci	0.022989
yapılacak	olması	0.017241
yapılacak	olağanüstü	0.017241
yapılacak	maaş	0.017241
yapılacak	yeni	0.017241
yapıldığını	söyledi	0.190476
yapıldığını	ve	0.119048
yapıldığını	ifade	0.071429
yapıldığını	anlattı	0.071429
yapıyoruz	ve	0.320000
yaralı	olarak	0.236559
yaralı	halde	0.053763
yaralı	kadın	0.053763
yaralı	olduğu	0.043011
yaralı	sayısı	0.043011
yaralı	bir	0.043011
yaralı	çocuk	0.032258
yaralı	ise	0.032258
yaralı	işçi	0.032258
yaratmak	için	0.450000
yaratmak	amacıyla	0.150000
yardımcısı	ve	0.195312
yardımcısı	olarak	0.101562
yardımcısı	adayı	0.078125
yardımcısı	dr	0.039062
yardımcısı	olsun	0.023438
yardımcısı	olan	0.023438
yarın	saat	0.096257
yarın	akşam	0.053476
yarın	öğle	0.042781
yarın	da	0.042781
yarın	başlıyor	0.037433
yarın	bir	0.037433
yarın	sabah	0.026738
yarın	yapılacak	0.026738
yarın	bizim	0.021390
yarın	sona	0.021390
yarın	başlayacak	0.021390
yarın	yapılması	0.016043
yarın	salı	0.016043
yarın	pazar	0.016043
yarın	ocak	0.016043
yarın	hava	0.016043
yarın	yapacağı	0.016043
yarısı	bizden	0.109091
yarısı	kadar	0.090909
yas	ilan	0.562500
yasadışı	bahis	0.428571
yasal	bir	0.212121
yasal	olarak	0.151515
yasal	olmayan	0.121212
yasal	öz	0.090909
yasal	ve	0.090909
yaz	transfer	0.196721
yaz	okulu	0.098361
yaz	boyunca	0.049180
yaz	kış	0.049180
yazdığı	bir	0.277778
yazdığı	ve	0.166667
yazmaya	devam	0.363636
yazı	ile	0.151515
yazı	da	0.090909
yazılı	açıklama	0.393443
yazılı	bir	0.180328
yazılı	sınav	0.065574
yazılı	olduğu	0.065574
yazılı	soru	0.049180
yazılı	olarak	0.049180
yağı	ve	0.205882
yağı	ile	0.088235
yaş	ve	0.185484
yaş	üstü	0.104839
yaş	altı	0.088710
yaş	grubu	0.072581
yaş	arası	0.056452
yaş	arasındaki	0.040323
yaş	arasında	0.040323
yaş	sınırı	0.032258
yaş	küçük	0.024194
yaş	toplantısı	0.024194
yaş	alma	0.024194
yaşadığı	ve	0.060870
yaşadığı	bir	0.043478
yaşadığı	bu	0.043478
yaşadığı	bilinen	0.034783
yaşadığı	sorunları	0.034783
yaşadığı	için	0.026087
yaşadığım	sağlık	0.266667
yaşadığını	söyledi	0.181818
yaşadığını	ve	0.151515
yaşadığını	ifade	0.121212
yaşamayı	tercih	0.428571
yaşamı	ve	0.130435
yaşındaki	bir	0.093333
yaşındaki	genç	0.057778
yaşındaki	oğlu	0.053333
yaşındaki	kız	0.053333
yaşındaki	kızı	0.044444
yaşındaki	oyuncu	0.031111
yaşındaki	çocuk	0.026667
yaşındaki	çocuğun	0.026667
yaşındaki	m	0.026667
yaşındaki	orta	0.017778
yaşındaki	adam	0.017778
yaşındaki	savunma	0.013333
yaşındaki	muhammed	0.013333
yaşındaki	ünlü	0.013333
yaşındaki	e	0.013333
yaşındaki	kadın	0.013333
yaşındaki	n	0.013333
yaşındaki	teknik	0.013333
yaşındaki	isim	0.013333
yaşındaki	çocuğa	0.013333
yemek	ve	0.083333
yemek	yiyen	0.052083
yemek	ikram	0.041667
yemek	için	0.031250
yemek	sonrası	0.031250
yemek	yapmak	0.031250
yemeği	için	0.130435
yerde	de	0.040650
yerde	bir	0.032520
yerde	her	0.024390
yerde	bin	0.024390
yerde	ve	0.024390
yerinden	kaçtı	0.350877
yerinden	kaçan	0.140351
yerinden	edilmiş	0.122807
yerinden	ayrıldı	0.052632
yerine	gelen	0.215054
yerine	polis	0.055914
yerine	sağlık	0.053763
yerine	çok	0.040860
yerine	getiren	0.025806
yerine	getirmek	0.023656
yerine	getirmeye	0.021505
yerine	giden	0.017204
yerine	daha	0.012903
yerine	ve	0.012903
yerine	yeni	0.010753
yerine	oyuna	0.010753
yerine	gelecek	0.010753
yerine	getirdi	0.010753
yerine	bir	0.010753
yerine	acil	0.008602
yerine	hızla	0.008602
yerine	ulaştı	0.008602
yerine	de	0.006452
yerine	başka	0.006452
yerine	getirecek	0.006452
yerine	bütün	0.006452
yerine	getirmiş	0.006452
yerine	getirdik	0.006452
yerine	bu	0.006452
yerine	geldi	0.006452
yerine	gaza	0.006452
yerleri	ve	0.130435
yerli	ve	0.636364
yerli	milli	0.041958
yerli	olarak	0.020979
yerli	bir	0.020979
yeter	artık	0.265306
yeter	ki	0.265306
yeter	söz	0.142857
yetersiz	olduğunu	0.115385
yetersiz	olduğu	0.076923
yetersiz	ve	0.057692
yetersiz	kaldığını	0.057692
yetersiz	kaldığı	0.057692
yirmi	yılda	0.230769
yiyecek	ve	0.358974
yiyecek	içecek	0.102564
yla	ilgili	0.295455
yla	birlikte	0.068182
yokmuş	gibi	0.750000
yoktu	ama	0.142857
yoktu	ve	0.107143
yol	açtı	0.166667
yol	açan	0.090643
yol	açabilir	0.084795
yol	açıyor	0.055556
yol	kenarında	0.029240
yol	ve	0.029240
yol	açar	0.026316
yol	kat	0.023392
yol	partisi	0.023392
yol	verme	0.017544
yol	boyunca	0.014620
yol	açıp	0.014620
yol	kontrol	0.011696
yol	arkadaşları	0.011696
yol	açmış	0.011696
yol	olduğunu	0.008772
yol	da	0.008772
yol	olarak	0.008772
yol	yok	0.008772
yol	çalışması	0.008772
yol	yürümeye	0.008772
yol	var	0.008772
yol	üzerinde	0.008772
yol	aldı	0.008772
yola	çıkan	0.185185
yola	devam	0.185185
yola	çıktı	0.148148
yola	çıktık	0.051852
yola	çıktığı	0.044444
yola	çıkacak	0.029630
yola	çıkarken	0.029630
yola	çıktığını	0.022222
yola	çıkmış	0.022222
yola	çıkıyor	0.022222
yola	çıkıyorum	0.022222
yolunu	tuttu	0.194444
yolunu	açacak	0.111111
yolunu	tutan	0.083333
yukarı	doğru	0.166667
yurt	dışı	0.265517
yurt	dışında	0.241379
yurt	dışına	0.172414
yurt	içi	0.124138
yurt	içinde	0.068966
yurt	dışındaki	0.058621
yurt	içindeki	0.013793
yurt	içinden	0.010345
yurt	ve	0.010345
yön	veren	0.208333
yön	verecek	0.166667
yönetici	ve	0.157895
yöntem	vardır	0.108108
yöntemi	ile	0.217391
yüce	allah	0.407407
yüce	meclis	0.111111
yürümeye	devam	0.388889
yürümeye	çalışın	0.222222
yürümeye	başladı	0.166667
yüzde	ile	0.101212
yüzde	e	0.073333
yüzde	i	0.060000
yüzde	olarak	0.045455
yüzde	ve	0.036970
yüzde	lik	0.036364
yüzde	oldu	0.034545
yüzde	değer	0.033333
yüzde	a	0.029697
yüzde	ini	0.028485
yüzde	ye	0.025455
yüzde	oy	0.023030
yüzde	ü	0.022424
yüzde	ten	0.018182
yüzde	olan	0.017576
yüzde	civarında	0.016970
yüzde	si	0.016970
yüzde	den	0.016970
yüzde	inin	0.016364
yüzde	ı	0.014545
yüzde	u	0.014545
yüzde	in	0.010303
yüzde	iken	0.010303
yüzde	daha	0.008485
yüzde	ya	0.008485
yüzde	yüz	0.007879
yüzde	dan	0.007273
yüzde	üzerinde	0.006667
yüzde	yi	0.006667
yüzde	nin	0.006667
yüzde	yüzde	0.006667
yüzde	de	0.005455
yüzde	arasında	0.005455
yüzde	düştü	0.005455
yüzde	ın	0.005455
yüzde	olduğu	0.005455
yüzde	le	0.004848
yüzde	olması	0.004848
yüzde	dir	0.004848
yüzde	olduğunu	0.004848
yüzüne	çıktı	0.304348
yüzüne	çıkmaya	0.130435
yılbaşı	özel	0.227273
yılbaşı	gecesi	0.227273
z	ye	0.160000
z	nin	0.160000
z	g	0.120000
z	k	0.120000
zamana	kadar	0.627119
zamana	karşı	0.084746
zamandan	beri	0.500000
zamandan	ve	0.285714
zamanlar	da	0.176471
zamanı	geldi	0.177419
zamanı	geldiğinde	0.112903
zamanı	da	0.064516
zamanı	mı	0.064516
zamanı	değil	0.048387
zamanı	nda	0.048387
zarif	ve	0.600000
zorundayız	dedi	0.363636
zorundayız	diye	0.363636
çalışmak	için	0.222222
çalışmak	isteyen	0.088889
çalışmak	çok	0.066667
çalışmak	üzere	0.066667
çalışıyoruz	dedi	0.375000
çalışıyoruz	diye	0.156250
çare	olarak	0.300000
çatı	altında	0.307692
çatı	katına	0.230769
çay	ve	0.142857
çay	olarak	0.102041
çay	kahve	0.081633
çay	ya	0.061224
çay	bahçesi	0.061224
çekimi	sonrasında	0.107143
çekimi	ne	0.107143
çelik	in	0.141414
çelik	ve	0.070707
çelik	ise	0.050505
çelik	ile	0.050505
çelik	sosyal	0.040404
çelik	bu	0.040404
çelik	gibi	0.030303
çelik	e	0.030303
çelik	i	0.030303
çevre	ve	0.277778
çevre	dostu	0.144444
çevre	yolu	0.088889
çevre	koruma	0.066667
çevre	günü	0.055556
çevre	bakanı	0.055556
çevre	sorunları	0.033333
çevre	doğa	0.033333
çevre	güvenliği	0.033333
çevre	eğitim	0.033333
çeşitli	sağlık	0.058824
çeşitli	sosyal	0.058824
çeşitli	konularda	0.044118
çifte	standart	0.214286
çiçek	ile	0.151515
çiçek	deniz	0.121212
çiçek	in	0.090909
çocuklara	ve	0.112903
çocuklara	kadınlara	0.048387
çocukluk	hayali	0.500000
çocuğum	var	0.272727
çocuğunu	da	0.210526
çözmeye	çalışıyor	0.666667
çözüm	için	0.112676
çözüm	yolları	0.056338
çözüm	olarak	0.056338
çözüm	konusunda	0.042254
çözüm	bulmaya	0.042254
çözüm	bulması	0.042254
çıkan	yangın	0.118211
çıkan	ve	0.083067
çıkan	bir	0.070288
çıkan	orman	0.031949
çıkan	bu	0.028754
çıkan	tartışma	0.028754
çıkan	yaşındaki	0.025559
çıkan	silahlı	0.022364
çıkan	araç	0.012780
çıkan	sonuç	0.009585
çıkan	sarı	0.009585
çıkan	sıcak	0.009585
çıkan	hafif	0.009585
çıkan	ev	0.009585
çıkan	eski	0.009585
çıkmadan	önce	0.500000
çıkmış	durumda	0.133333
çıkmış	bir	0.088889
çıkmış	ve	0.088889
çıkmış	oldu	0.066667
çıktığını	söyledi	0.157895
çıktığını	gören	0.131579
çıktığını	ve	0.131579
çıktığını	ifade	0.078947
çıktığını	iddia	0.078947
çıkıp	da	0.166667
çıkış	geldi	0.111111
çıkış	ve	0.083333
çıkış	yolu	0.083333
ödemek	zorunda	0.409091
ödemek	için	0.272727
ödülü	ne	0.184211
ödülü	için	0.105263
ödülü	ise	0.078947
ödülü	de	0.078947
ödülü	nün	0.078947
öfke	nefret	0.272727
öldürdüğünü	söyledi	0.250000
öldürdüğünü	itiraf	0.250000
öldürüldüğü	ortaya	0.250000
öldürüldüğü	tespit	0.250000
ölümden	döndü	0.363636
ölümden	dönen	0.272727
ölümü	göze	0.157895
önce	de	0.096812
önce	bir	0.033058
önce	bu	0.031877
önce	yaptığı	0.017710
önce	yapılan	0.014168
önce	son	0.009445
önce	hiç	0.008264
önce	bin	0.008264
önce	kendi	0.008264
önce	böyle	0.007084
önce	bugün	0.007084
önce	iki	0.007084
önce	yine	0.005903
önce	her	0.005903
önce	aynı	0.005903
önce	birçok	0.005903
önce	yılında	0.004723
önce	hayatını	0.004723
önce	rusya	0.004723
önce	te	0.004723
önce	sağlık	0.004723
önce	yaklaşık	0.004723
önce	farklı	0.004723
önce	milyon	0.004723
önce	olduğu	0.004723
önce	defalarca	0.004723
önce	haziran	0.003542
önce	evden	0.003542
önce	gelir	0.003542
önce	görev	0.003542
önce	kendimizi	0.003542
önce	park	0.003542
önce	yapıldı	0.003542
önce	a	0.003542
önce	benzer	0.003542
önce	cinsel	0.003542
önce	işten	0.003542
önce	mutlaka	0.003542
önce	yeni	0.003542
önce	yapılmış	0.003542
önde	gelen	0.657895
önde	olduğu	0.052632
önde	gitti	0.035088
önde	girdi	0.026316
önde	tutan	0.026316
önümüzde	çok	0.200000
ötesinde	bir	0.266667
özel	bir	0.264912
özel	in	0.064912
özel	olarak	0.061404
özel	halk	0.040351
özel	e	0.024561
özel	güvenlik	0.022807
özel	eğitim	0.017544
özel	ve	0.017544
özel	i	0.014035
özel	ödülü	0.010526
özel	okul	0.010526
özel	den	0.010526
özel	kalem	0.008772
özel	i̇dare	0.007018
özel	ile	0.007018
özel	hayatı	0.007018
özel	hastanede	0.005263
özel	gün	0.005263
özel	için	0.005263
özel	bugün	0.005263
özel	genel	0.005263
özel	sosyal	0.005263
özel	günde	0.005263
özel	güç	0.005263
özel	askeri	0.005263
özel	günlerde	0.005263
özellikle	de	0.085106
özellikle	son	0.044681
özellikle	bu	0.031915
özellikle	avrupa	0.017021
özellikle	büyük	0.017021
özellikle	ikinci	0.010638
özellikle	küçük	0.010638
özellikle	çok	0.010638
özellikle	bir	0.010638
özellikle	kış	0.010638
özellikle	ilk	0.010638
özellikle	abd	0.008511
özellikle	bazı	0.008511
özellikle	sosyal	0.008511
özellikle	kadınların	0.008511
özellikle	çocuklar	0.008511
özellikle	batı	0.008511
özellikle	soğuk	0.008511
özellikle	dikkat	0.006383
özellikle	genç	0.006383
özellikle	bizim	0.006383
özellikle	yaz	0.006383
özellikle	iç	0.006383
özellikle	uyku	0.006383
özellikle	yabancı	0.006383
özellikle	yaş	0.006383
özellikle	dünya	0.006383
özellikle	çocuk	0.006383
özellikle	ev	0.006383
özellikle	şu	0.006383
özellikle	yüksek	0.006383
öğrenci	ve	0.135417
öğrenci	olarak	0.072917
öğrenci	ile	0.041667
öğrenci	iki	0.031250
öğrenci	için	0.031250
öğrenci	ise	0.031250
öğrenciler	için	0.134831
öğrenciler	ve	0.123596
öğrenciler	tarafından	0.089888
öğrenciler	arasında	0.044944
öğrenciler	ile	0.033708
öğrenciler	bu	0.033708
öğrenmek	için	0.407407
öğrenmek	ve	0.148148
öğretmen	ve	0.200000
öğretmen	olarak	0.150000
ücretsiz	olarak	0.289474
ücretsiz	olacak	0.035088
ücretsiz	yemek	0.035088
ücretsiz	toplu	0.035088
ücretsiz	bir	0.035088
ücretsiz	doğal	0.035088
ücretsiz	temin	0.026316
ücretsiz	internet	0.026316
ücretsiz	yaptık	0.026316
ücretsiz	ve	0.026316
üniversite	öğrencisi	0.113924
üniversite	eğitimi	0.088608
üniversite	ve	0.075949
üniversite	tercih	0.063291
üniversite	hastanesi	0.050633
üniversite	sınav	0.037975
ünlü	oyuncu	0.304147
ünlü	isim	0.092166
ünlü	bir	0.087558
ünlü	sanatçı	0.050691
ünlü	çift	0.046083
ünlü	ve	0.032258
ünlü	ismi	0.023041
ünlü	yıldız	0.018433
ünlü	şef	0.018433
ünlü	iş	0.018433
ünlü	model	0.013825
ünlü	nün	0.013825
ünlü	tiyatro	0.013825
ürünü	olan	0.148148
üst	düzey	0.355649
üst	üste	0.246862
üst	alanda	0.163180
üst	seviyede	0.020921
üst	katta	0.016736
üst	kurulu	0.012552
üst	seviye	0.012552
üzerine	olay	0.136905
üzerine	bölgeye	0.077381
üzerine	harekete	0.025298
üzerine	de	0.023810
üzerine	çekti	0.019345
üzerine	bir	0.017857
üzerine	inşa	0.014881
üzerine	çeken	0.013393
üzerine	düştü	0.013393
üzerine	çıktı	0.013393
üzerine	gelen	0.011905
üzerine	düşen	0.011905
üzerine	ise	0.011905
üzerine	polis	0.011905
üzerine	çok	0.010417
üzerine	çıkmış	0.008929
üzerine	çekiyor	0.008929
üzerine	çalışma	0.008929
üzerine	çıkması	0.008929
üzerine	bu	0.007440
üzerine	yapılan	0.007440
üzerine	ben	0.005952
üzerine	kurulu	0.005952
üzerine	sosyal	0.005952
üzerine	kaza	0.005952
üzerine	ağaç	0.005952
üzerine	abd	0.004464
üzerine	para	0.004464
üzerine	iki	0.004464
üzerine	konuşan	0.004464
üzerine	söz	0.004464
üzerine	daha	0.004464
üzerine	başkan	0.004464
üzerine	toz	0.004464
üzerine	gece	0.004464
üzerine	çalışan	0.004464
üzerine	öfkeli	0.004464
üzerine	yeniden	0.004464
üzerine	bugün	0.004464
ı	ziyaret	0.053977
ı	hedef	0.045455
ı	da	0.034091
ı	ve	0.031250
ı	tebrik	0.022727
ı	çok	0.019886
ı	bir	0.017045
ı	hak	0.017045
ı	kabul	0.014205
ı	telefonla	0.014205
ı	allah	0.014205
ı	yıl	0.011364
ı	yeniden	0.011364
ı	şerif	0.011364
ı	evinde	0.008523
ı	sorumlu	0.008523
ı	en	0.008523
ı	serbest	0.008523
ı	örnek	0.008523
ı	ise	0.008523
ı	aşkın	0.008523
ı	satın	0.008523
ın	da	0.037251
ın	bu	0.034103
ın	eşi	0.016264
ın	bir	0.015740
ın	en	0.014690
ın	yeni	0.014166
ın	ise	0.011018
ın	son	0.011018
ın	ekim	0.009969
ın	yanı	0.009444
ın	oğlu	0.008919
ın	kullandığı	0.008395
ın	ilk	0.008395
ın	i̇srail	0.007870
ın	silahlı	0.007870
ın	yerine	0.007870
ın	ardından	0.007345
ın	hayatını	0.007345
ın	ve	0.006821
ın	yeniden	0.006821
ın	üzerinde	0.006821
ın	eski	0.006821
ın	yaptığı	0.006296
ın	avukatı	0.006296
ın	yanında	0.005771
ın	eylül	0.005247
ın	mart	0.005247
ın	kendisine	0.004722
ın	sahibi	0.004722
ın	sağlık	0.004722
ın	oy	0.004722
ın	ev	0.004197
ın	abd	0.004197
ın	mayıs	0.004197
ın	daha	0.004197
ın	sosyal	0.004197
ın	siyasi	0.004197
ın	yılında	0.004197
ın	tarihi	0.003673
ın	açıklaması	0.003673
şahsen	veya	0.500000
şampiyon	oldu	0.150943
şampiyon	olan	0.150943
şampiyon	olarak	0.094340
şampiyon	olacağız	0.075472
şans	eseri	0.290909
şans	oyunu	0.072727
şehirden	biri	0.600000
şekilde	devam	0.061377
şekilde	temsil	0.019461
şekilde	bir	0.017964
şekilde	ortaya	0.011976
şekilde	yaralandı	0.011976
şekilde	yerine	0.011976
şekilde	çalışıyor	0.010479
şekilde	ifade	0.010479
şekilde	hareket	0.008982
şekilde	ele	0.008982
şekilde	bu	0.008982
şekilde	en	0.007485
şekilde	ve	0.007485
şekilde	tekrar	0.007485
şekilde	tedavi	0.007485
şekilde	kullanmak	0.007485
şekilde	hayata	0.007485
şekilde	yer	0.007485
şekilde	kabul	0.007485
şekilde	müdahale	0.005988
şekilde	geri	0.005988
şekilde	son	0.005988
şekilde	hayatını	0.005988
şekilde	çalışmaya	0.005988
şekilde	sahip	0.005988
şekilde	yeni	0.005988
şekilde	yüksek	0.005988
şekilde	destek	0.005988
şekilde	iki	0.004491
şekilde	konuştu	0.004491
şekilde	bunu	0.004491
şekilde	hala	0.004491
şekilde	de	0.004491
şekilde	çalışma	0.004491
şekilde	mücadele	0.004491
şekilde	can	0.004491
şekilde	karşılık	0.004491
şekilde	sadece	0.004491
şekilde	hedef	0.004491
şekilde	biz	0.004491
şey	yok	0.085317
şey	var	0.043651
şey	değil	0.031746
şey	çok	0.027778
şey	bu	0.023810
şey	yolunda	0.019841
şey	için	0.019841
şey	değildir	0.017857
şey	daha	0.015873
şey	olmaz	0.013889
şey	söz	0.013889
şey	olmadı	0.009921
şey	olmamış	0.009921
şey	bir	0.009921
şey	olabilir	0.009921
şey	olduğunu	0.009921
şey	istemiyorum	0.009921
şey	olmadığını	0.009921
şey	gelirse	0.007937
şey	şu	0.007937
şey	söyledi	0.007937
şey	söylüyorum	0.005952
şey	yapmak	0.005952
şey	de	0.005952
şey	olsa	0.005952
şey	olacak	0.005952
şey	kesinlikle	0.005952
şey	yoktur	0.005952
şey	söyleyeyim	0.005952
şey	yapmadık	0.005952
şey	ama	0.005952
şey	olarak	0.005952
şey	kalmadı	0.005952
şey	yoktu	0.005952
şeyi	yapacağız	0.038168
şeyi	söylemek	0.030534
şeyi	yok	0.030534
şeyi	yaptık	0.030534
şeyi	yapıyor	0.030534
şeyi	söylüyor	0.022901
şeyi	değiştirdi	0.022901
şeyler	var	0.066667
şeyler	değil	0.057143
şeyler	yapmaya	0.047619
şeyler	yapın	0.028571
şeyler	de	0.028571
şiddet	ve	0.240741
şiddet	gördüğünü	0.074074
şiddet	kullanarak	0.055556
şiddet	dolu	0.055556
şiddet	olayları	0.055556
şiddet	olayı	0.055556
şiddetli	bir	0.192982
şiddetli	rüzgar	0.122807
şiddetli	fırtına	0.122807
şiddetli	ve	0.105263
şiddetli	şekilde	0.087719
şiddetli	yağmur	0.087719
şimdiye	kadar	0.944444
şirket	tarafından	0.065934
şirket	için	0.043956
şirket	sayısı	0.043956
şirket	bu	0.043956
şirket	ile	0.043956
şirket	olarak	0.043956
şirket	ve	0.032967
şirket	sahibi	0.032967
şirket	gibi	0.032967
şu	anda	0.445302
şu	an	0.223938
şu	ana	0.120978
şu	anki	0.023166
şu	şekilde	0.021879
şu	günlerde	0.012870
şu	ki	0.009009
şu	soruyu	0.007722
şu	sözleri	0.006435
şu	bilgileri	0.006435
şu	sıralar	0.005148
şu	kadar	0.005148
şu	var	0.003861
şu	andan	0.003861
şu	bir	0.003861
şüphesiz	ki	0.388889
