about	love	0.250000
afadhali	kwa	0.142857
afya	ya	0.323671
afya	na	0.103865
afya	duniani	0.079710
afya	kwa	0.050725
afya	yake	0.028986
afya	katika	0.021739
afya	cha	0.019324
afya	bora	0.016908
afya	nzuri	0.016908
afya	yao	0.014493
afya	za	0.012077
afya	mbaya	0.009662
afya	ni	0.009662
afya	njema	0.009662
afya	anaweza	0.009662
afya	elimu	0.009662
afya	nchini	0.007246
afya	kutoka	0.007246
afya	ulimwenguni	0.007246
afya	au	0.007246
aga	khan	0.777778
aghalabu	huwa	0.230769
ain	t	0.846154
aina	ya	0.338129
aina	hii	0.089098
aina	mbalimbali	0.074156
aina	za	0.068622
aina	nyingi	0.050913
aina	nyingine	0.047593
aina	mbili	0.035971
aina	tofauti	0.032097
aina	zote	0.024350
aina	fulani	0.023796
aina	hiyo	0.018816
aina	yoyote	0.014388
aina	moja	0.012728
aina	mpya	0.012728
aina	tatu	0.012728
aina	hizi	0.011068
aina	zingine	0.009961
aina	kadhaa	0.009408
aina	ndogo	0.007748
aina	yake	0.006087
aina	hizo	0.005534
aina	na	0.005534
aina	maalum	0.003874
aina	mojawapo	0.003874
aina	kuu	0.003320
aina	zaidi	0.003320
aina	maalumu	0.002767
aina	gani	0.002767
aina	nne	0.002767
aina	changamani	0.002767
aina	inayojulikana	0.002214
aina	kali	0.002214
aina	kavu	0.002214
aina	kubwa	0.001660
aina	zenye	0.001660
aina	tofautitofauti	0.001660
aina	au	0.001660
aina	chache	0.001660
aina	jeni	0.001660
airbus	a	0.750000
akaingia	katika	0.375000
akaingia	kwenye	0.187500
akajiunga	na	0.897436
akashinda	tuzo	0.307692
akaunti	za	0.216667
akaunti	ya	0.166667
akaunti	na	0.083333
akaunti	yake	0.066667
akawa	mchezaji	0.060150
akawa	na	0.045113
akawa	waziri	0.037594
akawa	mkuu	0.033835
akawa	anafahamika	0.033835
akawa	kiongozi	0.026316
akawa	mwanachama	0.026316
akawa	mmoja	0.022556
akawa	maarufu	0.022556
akawa	rais	0.022556
akawa	anafanya	0.018797
akawa	naibu	0.018797
akawa	wa	0.015038
akawa	mhariri	0.015038
akawa	mwanamke	0.015038
akawa	mwalimu	0.015038
akawa	mtu	0.015038
akawa	mwenyekiti	0.015038
akawa	raia	0.011278
akawa	mfungwa	0.011278
akawa	anaendelea	0.011278
akawa	mkurugenzi	0.011278
akawa	miongoni	0.011278
akawa	mfalme	0.011278
akawa	bingwa	0.011278
akawa	mfano	0.011278
akawa	mfungaji	0.011278
akawa	meneja	0.011278
akawa	katibu	0.011278
akiendelea	na	0.142857
akiingia	kama	0.307692
akiingia	katika	0.230769
akishirikiana	na	0.880000
akiwa	na	0.391453
akiwa	kama	0.066667
akiwa	katika	0.052137
akiwa	bado	0.026496
akiwa	mdogo	0.017949
akiwa	huko	0.016239
akiwa	pamoja	0.016239
akiwa	mtoto	0.013675
akiwa	kwenye	0.012821
akiwa	shule	0.011966
akiwa	amevaa	0.011966
akiwa	shuleni	0.011111
akiwa	chini	0.009402
akiwa	chuoni	0.007692
akiwa	ni	0.007692
akiwa	kijana	0.006838
akiwa	umri	0.006838
akiwa	darasa	0.005983
akiwa	mchezaji	0.005983
akiwa	ndani	0.005983
akiwa	njiani	0.005983
akiwa	nyumbani	0.005983
akiwa	chuo	0.005128
akiwa	wa	0.005128
akiwa	tayari	0.005128
akiwa	jela	0.004274
akiwa	jukwaani	0.004274
akiwa	mwanafunzi	0.004274
akiwa	nje	0.004274
akiwa	uwanjani	0.004274
akiwa	ameshika	0.004274
akiwa	peke	0.004274
akiwa	ana	0.003419
akiwa	gavana	0.003419
akiwa	nchini	0.003419
akiwa	pekee	0.003419
akiwa	timu	0.003419
akiwa	arsenal	0.003419
akiwa	hai	0.003419
akiwa	liverpool	0.003419
ala	za	0.288889
ala	ya	0.133333
ala	hizo	0.066667
ala	nzuri	0.066667
album	yake	0.285714
alex	ferguson	0.500000
alex	song	0.166667
aliachia	wimbo	0.315789
aliachia	albamu	0.210526
aliaga	dunia	0.868421
alianzisha	kampuni	0.114504
alianzisha	shirika	0.061069
alianzisha	jarida	0.045802
alianzisha	kipindi	0.030534
alianzisha	mbinu	0.030534
alianzisha	pia	0.030534
alianzisha	chuo	0.022901
alianzisha	makampuni	0.022901
alianzisha	kikundi	0.022901
alianzisha	mfumo	0.022901
alianzisha	aina	0.022901
alianzisha	chama	0.022901
alibaki	na	0.233333
alibaki	katika	0.100000
alichagua	jina	0.217391
alichapisha	kitabu	0.240000
alichapisha	vitabu	0.120000
alicheza	kwa	0.178914
alicheza	katika	0.175719
alicheza	mechi	0.143770
alicheza	kama	0.089457
alicheza	jukumu	0.031949
alicheza	na	0.025559
alicheza	misimu	0.022364
alicheza	pia	0.019169
alicheza	kwenye	0.015974
alicheza	michezo	0.012780
alicheza	nafasi	0.012780
alicheza	timu	0.012780
alicheza	sana	0.009585
alicheza	mpira	0.009585
alicheza	mchezo	0.009585
alifanikiwa	kuwa	0.102041
alifanikiwa	kupata	0.081633
alifanikiwa	kurekodi	0.061224
alifanya	kazi	0.495868
alifanya	maonyesho	0.027548
alifanya	mechi	0.027548
alifanya	hivyo	0.022039
alifanya	kwanza	0.019284
alifanya	mafunzo	0.013774
alifanya	mahojiano	0.013774
alifanya	ziara	0.013774
alifanya	hivi	0.011019
alifanya	pia	0.011019
alifanya	upasuaji	0.011019
alifanya	utafiti	0.011019
alifanya	makosa	0.008264
alifanya	mwanzo	0.008264
alifanya	timu	0.008264
alifanya	muziki	0.008264
alifanya	kampeni	0.008264
alifanya	safari	0.008264
alifanya	kama	0.008264
alifika	katika	0.153846
alifundisha	katika	0.272727
alifundisha	kwa	0.136364
alifungwa	ndani	0.166667
alifungwa	jela	0.166667
aligundua	kuwa	0.135135
aligundua	kwamba	0.108108
alihukumiwa	kwa	0.176471
alihukumiwa	kifungo	0.176471
alijibu	kwa	0.272727
alijibu	kuwa	0.136364
alijifunza	kutoka	0.073171
alijifunza	mwenyewe	0.073171
alijitokeza	kama	0.312500
alijitokeza	katika	0.250000
alijitokeza	kwenye	0.187500
alijulikana	kama	0.395833
alijulikana	kwa	0.250000
alijulikana	sana	0.104167
alikamatwa	na	0.718750
alikamatwa	kwa	0.093750
alikubali	kwa	0.076923
alikubali	kuwa	0.076923
alikubali	ombi	0.076923
alikubali	lakini	0.057692
alikubali	na	0.057692
alikubali	kwamba	0.057692
alilazimika	kwenda	0.200000
alilazimishwa	na	0.214286
alioa	wake	0.200000
aliongeza	kuwa	0.153846
alionyesha	nia	0.081081
alionyesha	kwamba	0.081081
alipandishwa	cheo	0.538462
alipendekeza	kwamba	0.171429
alipendekeza	kuwa	0.114286
alipewa	jina	0.161074
alipewa	tuzo	0.161074
alipewa	cheo	0.114094
alipewa	nafasi	0.080537
alipewa	kazi	0.040268
alipewa	pia	0.033557
alipewa	na	0.020134
alipewa	kiti	0.020134
alipiga	marufuku	0.148148
alipiga	picha	0.148148
alipiga	risasi	0.111111
alipigana	na	0.461538
alipomaliza	masomo	0.352941
alipopata	nafasi	0.233333
alipopata	habari	0.166667
alirudi	katika	0.090909
alirudi	tena	0.041322
alirudi	na	0.041322
alirudi	kwa	0.041322
alirudi	kutoka	0.033058
alirudi	kwenye	0.033058
alirudi	uingereza	0.024793
alirudi	arsenal	0.024793
alirudi	tanzania	0.024793
alirudi	ujerumani	0.024793
alirudi	kenya	0.024793
alirudi	nyumbani	0.024793
alirudi	afrika	0.024793
alisema	kuwa	0.252747
alisema	kwamba	0.153846
alisema	kwa	0.040293
alisema	katika	0.025641
alisema	ni	0.025641
alisema	mimi	0.018315
alisema	kuna	0.018315
alisema	ya	0.018315
alisema	pia	0.014652
alisema	yeye	0.014652
alisema	juu	0.010989
alisema	watu	0.010989
alishawahi	kuwa	0.272727
alishawahi	kufanya	0.136364
alishika	nafasi	0.347826
alishinda	tuzo	0.187023
alishinda	medali	0.106870
alishinda	mbio	0.045802
alishinda	katika	0.041985
alishinda	ligi	0.034351
alishinda	taji	0.034351
alishinda	uchaguzi	0.034351
alishinda	kombe	0.030534
alishinda	mashindano	0.030534
alishinda	michuano	0.026718
alishinda	na	0.026718
alishinda	kwa	0.026718
alishinda	mara	0.022901
alishinda	kiti	0.019084
alishinda	nyara	0.015267
alishinda	mpira	0.011450
alishinda	dhahabu	0.011450
alishinda	kura	0.011450
alishinda	tena	0.011450
alisoma	shule	0.186047
alisoma	katika	0.186047
alisoma	chuo	0.038760
alisoma	elimu	0.038760
alisoma	sheria	0.031008
alisoma	kwa	0.031008
alisoma	na	0.023256
alisoma	kwenye	0.023256
alistaafu	kutoka	0.285714
alitangaza	kuwa	0.165049
alitangaza	kwamba	0.087379
alitangaza	kustaafu	0.058252
alitangaza	ya	0.058252
alitangaza	rasmi	0.048544
alitangaza	uhuru	0.038835
alitangazwa	kuwa	0.375000
alitekwa	nyara	0.500000
aliteuliwa	kuwa	0.297872
aliteuliwa	kama	0.212766
aliteuliwa	na	0.106383
aliteuliwa	kwa	0.053191
aliteuliwa	katika	0.042553
aliteuliwa	kushiriki	0.031915
alitoa	albamu	0.193548
alitoa	wimbo	0.103226
alitoa	taarifa	0.045161
alitoa	hotuba	0.032258
alitoa	wito	0.032258
alitoa	kitabu	0.025806
alitoa	maelezo	0.025806
alitoa	ushahidi	0.019355
alitoa	kwa	0.019355
alitoa	maoni	0.019355
alitoa	hoja	0.019355
alitoa	nyimbo	0.019355
alitumia	muda	0.090909
alitumia	jina	0.090909
alitumia	miaka	0.060606
alitumia	wakati	0.037879
alitumia	misimu	0.037879
alitumia	zaidi	0.030303
alitumia	maisha	0.030303
alitumia	neno	0.030303
alitumia	mbinu	0.022727
alitumia	msimu	0.022727
alitumia	pia	0.022727
alitunga	wimbo	0.093023
alitunga	nyimbo	0.093023
alitunga	mashairi	0.069767
alitunga	na	0.069767
alitunga	shairi	0.069767
alitunga	kitabu	0.069767
alivunja	rekodi	0.500000
aliwahi	kuwa	0.449275
aliwahi	kufanya	0.072464
aliwahi	kucheza	0.043478
aliwahi	kushiriki	0.043478
aliwahi	kuchezea	0.021739
aliwahi	pia	0.021739
aliweka	rekodi	0.360000
aliwekwa	kwenye	0.294118
aliyekuwa	na	0.132075
aliyekuwa	wa	0.044025
aliyekuwa	rais	0.031447
aliyekuwa	mkurugenzi	0.025157
aliyekuwa	mwenyekiti	0.025157
aliyekuwa	tayari	0.018868
aliyekuwa	kiongozi	0.018868
aliyekuwa	meneja	0.018868
aliyekuwa	mtawala	0.018868
aliyekuwa	mwandishi	0.018868
aliyekuwa	mchezaji	0.018868
aliyekuwa	mkuu	0.018868
aliyekuwa	mwalimu	0.018868
aliyekuwa	waziri	0.018868
ambae	alikuwa	0.200000
ambae	muda	0.150000
ambako	watu	0.041558
ambako	kuna	0.023377
ambako	hakuna	0.018182
ambako	mfalme	0.012987
ambako	nchi	0.012987
ambako	maji	0.012987
ambako	alikuwa	0.010390
ambako	ni	0.010390
ambako	nafasi	0.010390
ambako	alifanya	0.010390
ambako	alishinda	0.007792
ambako	mto	0.007792
ambako	mwamba	0.007792
ambako	sheria	0.007792
ambako	mito	0.007792
ambako	kazi	0.007792
ambako	lugha	0.007792
ambako	miti	0.007792
ambako	serikali	0.007792
ambako	njia	0.007792
ambako	kila	0.007792
ambamo	kila	0.044776
ambamo	ni	0.044776
ambazo	ni	0.195793
ambazo	zinaweza	0.051780
ambazo	zina	0.040453
ambazo	kwa	0.035599
ambazo	zilikuwa	0.032362
ambazo	zote	0.022654
ambazo	huwa	0.022654
ambazo	si	0.021036
ambazo	mara	0.017799
ambazo	pia	0.012945
ambazo	haziwezi	0.012945
ambazo	watu	0.012945
ambazo	bado	0.011327
ambazo	zinaonyesha	0.009709
ambazo	hufanya	0.009709
ambazo	zipo	0.009709
ambazo	husababisha	0.008091
ambazo	hutumia	0.008091
ambazo	katika	0.008091
ambazo	zimekuwa	0.006472
ambazo	ziko	0.006472
ambazo	baadaye	0.006472
ambazo	huenda	0.006472
ambazo	nyingi	0.006472
ambazo	hazikuwa	0.006472
ambazo	hutoa	0.004854
ambazo	zinajulikana	0.004854
ambazo	baadhi	0.004854
ambazo	zilianza	0.004854
ambazo	wangeweza	0.004854
ambazo	zilipata	0.004854
ambazo	wengi	0.004854
ambazo	zilitumia	0.004854
ambazo	hazina	0.004854
ambazo	zinajumuisha	0.004854
ambazo	zinatumika	0.004854
ambazo	kawaida	0.004854
ambazo	zinahitaji	0.004854
amekua	akifanya	0.333333
amekuwa	na	0.136752
amekuwa	akifanya	0.051282
amekuwa	mkurugenzi	0.034188
amekuwa	mwanachama	0.034188
amekuwa	waziri	0.034188
amekuwa	mtu	0.034188
amekuwa	maarufu	0.025641
amekuwa	mmoja	0.025641
amekuwa	kama	0.025641
amekuwa	akitoa	0.025641
american	idol	0.170213
american	music	0.148936
american	bar	0.063830
amerika	ya	0.337662
amerika	kusini	0.116883
amerika	na	0.108225
amerika	kaskazini	0.090909
amerika	katika	0.030303
amerika	mnamo	0.025974
amerika	wa	0.017316
amerika	au	0.017316
amerika	kutoka	0.017316
amerika	kama	0.012987
amerika	ni	0.012987
ameshinda	tuzo	0.603448
ameshinda	mara	0.189655
ameshiriki	katika	0.631579
ametoa	albamu	0.323529
ametoa	wimbo	0.088235
amin	amin	0.222222
amin	nawaambieni	0.111111
amsterdam	na	0.214286
anaamua	kuacha	0.081081
anaamua	kwenda	0.081081
anaamua	kuwa	0.081081
anachukuliwa	kama	0.428571
anachukuliwa	na	0.285714
anachukuliwa	kuwa	0.214286
anafanya	kazi	0.488095
anafanya	mazoezi	0.035714
anaimba	katika	0.187500
anaingia	kwenye	0.148148
anaingia	ndani	0.111111
anaingia	kama	0.111111
anaingia	katika	0.111111
anakuwa	na	0.138889
anampenda	sana	0.157895
anaonekana	kama	0.219178
anaonekana	kuwa	0.109589
anaonekana	katika	0.095890
anaonekana	akiwa	0.041096
anaonekana	pia	0.041096
anarudi	kwa	0.157895
anarudi	tena	0.131579
anarudi	nyumbani	0.131579
anasa	za	0.307692
anasa	na	0.230769
anatokea	na	0.222222
anatolia	na	0.375000
anaweza	kuwa	0.115044
anaweza	kucheza	0.041298
anaweza	kutumia	0.038348
anaweza	pia	0.038348
anaweza	kufanya	0.035398
anaweza	kupata	0.035398
anaweza	kuamua	0.020649
anaweza	kuitwa	0.017699
anaweza	kuchagua	0.017699
anaweza	kutoa	0.014749
anaweza	kuendelea	0.014749
anaweza	kuona	0.014749
anaweza	kusema	0.014749
anaweza	kubadilisha	0.011799
anaweza	kuishi	0.011799
anaweza	kutambua	0.011799
anaweza	kutumika	0.011799
anaweza	kwenda	0.011799
anaweza	kuhisi	0.011799
anaweza	kuonekana	0.008850
anaweza	kuondoa	0.008850
anaweza	kusababisha	0.008850
anaweza	kuruka	0.008850
anaweza	kula	0.008850
anaweza	kuagiza	0.008850
anaweza	kukosa	0.008850
anaweza	tu	0.008850
anayefanya	kazi	0.789474
anga	ya	0.245033
anga	nje	0.112583
anga	la	0.105960
anga	na	0.046358
anga	kwa	0.039735
anga	za	0.039735
anga	ni	0.019868
anga	juu	0.019868
anga	cha	0.019868
angahewa	ya	0.400000
angahewa	na	0.200000
antibiotiki	za	0.102941
antibiotiki	kwa	0.088235
antibiotiki	nyingi	0.073529
antibiotiki	na	0.058824
antibiotiki	zingine	0.044118
antijeni	ya	0.275000
antijeni	za	0.275000
argentina	na	0.232558
argentina	ya	0.069767
argentina	hispania	0.069767
argentina	katika	0.069767
argentina	ni	0.069767
ari	ya	0.187500
arobaini	na	0.344828
arobaini	bora	0.103448
arts	and	0.192308
arts	huko	0.115385
arts	in	0.115385
as	monaco	0.142857
as	a	0.142857
as	the	0.107143
asidi	amino	0.418367
asidi	ya	0.290816
asidi	na	0.030612
asidi	za	0.025510
asidi	katika	0.025510
asidi	hii	0.020408
asidi	kali	0.015306
asiye	na	0.717391
asiye	wa	0.086957
askofu	wa	0.260274
askofu	mkuu	0.246575
astronomia	na	0.250000
astronomia	katika	0.187500
asubuhi	na	0.234568
asubuhi	ya	0.061728
asubuhi	yake	0.061728
asubuhi	iliyofuata	0.049383
asubuhi	katika	0.049383
asubuhi	au	0.037037
asubuhi	hadi	0.037037
asubuhi	hiyo	0.037037
at	the	0.357143
at	cha	0.142857
at	me	0.107143
athroskopia	ya	0.333333
athroskopia	upasuaji	0.200000
atiria	ya	0.388889
atletico	madrid	0.777778
atomi	ya	0.135593
atomi	na	0.101695
atomi	ndani	0.067797
atomi	za	0.067797
au	kwa	0.035778
au	zaidi	0.022889
au	ya	0.016667
au	hata	0.015778
au	kama	0.013333
au	la	0.011778
au	katika	0.010889
au	wa	0.008000
au	pia	0.007556
au	za	0.007556
au	wakati	0.006000
au	ni	0.005778
au	sehemu	0.005556
au	watu	0.005556
au	kwenye	0.005333
au	mbili	0.004222
au	chini	0.004222
au	tatu	0.004222
au	kijivu	0.004222
au	kuwa	0.004000
au	na	0.004000
au	mtu	0.003778
au	kutoa	0.003778
au	bila	0.003556
au	kahawia	0.003556
au	ndani	0.003333
au	maumivu	0.003111
au	njano	0.003111
au	baada	0.002889
au	maeneo	0.002889
au	kutoka	0.002889
au	kupunguza	0.002667
au	dawa	0.002667
au	kufanya	0.002667
au	dalili	0.002667
au	ugonjwa	0.002667
au	maji	0.002667
au	cha	0.002667
au	karibu	0.002667
au	baridi	0.002667
australia	na	0.280899
australia	ya	0.056180
australia	kusini	0.056180
australia	kwa	0.033708
australia	tangu	0.033708
austria	na	0.395833
austria	hungaria	0.083333
austria	kwa	0.062500
baa	na	0.137931
baa	ya	0.137931
baa	moja	0.103448
baadae	alijiunga	0.042105
baadae	ulikuja	0.031579
baadhi	ya	0.889661
baadhi	yao	0.039965
baadhi	yake	0.013901
baadhi	ni	0.008688
baadhi	tu	0.006082
baadhi	kama	0.003475
baadhi	za	0.003475
baadhi	huwa	0.002606
baadhi	hutoa	0.002606
bab	kubwa	0.437500
badiliko	la	0.500000
badiliko	hili	0.105263
badiliko	hilo	0.078947
bahn	na	0.266667
bahn	s	0.200000
baiskeli	na	0.333333
baiskeli	za	0.111111
baiskeli	ya	0.111111
bajeti	ya	0.485714
bajeti	ndogo	0.085714
bajeti	yake	0.085714
balozi	wa	0.618182
bandia	na	0.156250
bandia	la	0.093750
bangladesh	na	0.400000
bangladesh	imehesabiwa	0.266667
baraka	kuu	0.150000
barani	afrika	0.506579
barani	ulaya	0.296053
barani	uropa	0.052632
barani	asia	0.026316
basi	ni	0.044248
basi	kwa	0.017699
basi	mtu	0.017699
basi	hilo	0.011799
basi	ninyi	0.011799
basi	huwa	0.011799
basi	wao	0.011799
basi	mungu	0.008850
basi	na	0.008850
basi	yule	0.008850
basi	baada	0.008850
basi	kama	0.008850
basi	katika	0.008850
basi	kundi	0.008850
basi	lugha	0.008850
basi	sasa	0.008850
basi	wakati	0.008850
basi	kuwa	0.008850
basi	hapo	0.008850
bass	na	0.300000
bay	na	0.210526
bay	area	0.157895
bayar	alikuwa	0.187500
bayar	kama	0.187500
bbc	radio	0.153846
bbc	one	0.115385
bendi	ya	0.273713
bendi	hiyo	0.124661
bendi	yake	0.081301
bendi	hii	0.059621
bendi	za	0.043360
bendi	na	0.024390
bendi	la	0.016260
bendi	nyingine	0.016260
bendi	maarufu	0.016260
bendi	nyingi	0.016260
bendi	hili	0.013550
bendi	ilianzishwa	0.008130
bendi	mpya	0.008130
bendi	yao	0.008130
bendi	moja	0.008130
bendi	ndogo	0.008130
bendi	hizo	0.008130
bendi	ambayo	0.008130
bendi	katika	0.008130
benki	ya	0.427835
benki	kuu	0.134021
benki	na	0.082474
benki	hii	0.036082
benki	kubwa	0.025773
benki	za	0.020619
benki	kwa	0.020619
benki	hiyo	0.020619
berlin	na	0.095238
berlin	ya	0.071429
berlin	lakini	0.071429
berlin	kwa	0.071429
beseni	la	0.305556
beseni	ya	0.250000
beseni	za	0.111111
beseni	kubwa	0.083333
betri	ya	0.250000
betri	za	0.250000
bey	na	0.266667
bey	wa	0.200000
big	daddy	0.137931
big	gates	0.103448
bima	ya	0.378378
bima	na	0.081081
bin	laden	0.593023
bin	said	0.116279
bin	al	0.034884
bin	abu	0.034884
bin	ali	0.034884
bird	s	0.916667
biti	la	0.173913
biti	ya	0.130435
biti	milioni	0.130435
blackburn	rovers	0.600000
blogu	za	0.291667
blogu	ya	0.166667
bora	wa	0.205666
bora	zaidi	0.131165
bora	ya	0.083945
bora	katika	0.068206
bora	kwa	0.067156
bora	na	0.065058
bora	za	0.040923
bora	kuliko	0.035677
bora	kabisa	0.026233
bora	nchini	0.011542
bora	kwenye	0.010493
bora	duniani	0.010493
bora	kama	0.009444
bora	kutoka	0.008395
bora	la	0.006296
bora	ni	0.006296
bora	cha	0.006296
bora	vya	0.006296
bora	tu	0.005247
bora	kati	0.005247
bora	afrika	0.004197
bora	sana	0.004197
bora	hasa	0.004197
bora	kuuza	0.003148
bora	mara	0.003148
bora	kuwahi	0.003148
bora	sawa	0.003148
bora	kuhusu	0.003148
bora	au	0.003148
bora	lakini	0.003148
bosnia	na	0.545455
boston	ambapo	0.190476
boston	na	0.190476
brazili	kwa	0.142857
brazili	na	0.142857
bure	kwa	0.168831
bure	na	0.090909
bure	ya	0.064935
bure	katika	0.064935
bure	kabisa	0.038961
bure	au	0.038961
burger	king	0.727273
burundi	na	0.382353
bush	na	0.230769
buti	za	0.363636
bwawa	la	0.677419
by	the	0.238095
c	na	0.107981
c	katika	0.070423
c	ni	0.065728
c	kwa	0.051643
c	f	0.051643
c	ya	0.028169
c	wakati	0.028169
c	lakini	0.018779
c	s	0.018779
c	t	0.014085
c	wa	0.014085
c	huko	0.014085
c	ikilinganishwa	0.014085
c	kuna	0.014085
c	hadi	0.014085
c	kwenye	0.014085
center	for	0.294118
central	tower	0.136364
centre	mjini	0.157895
century	fox	0.428571
chache	tu	0.148855
chache	za	0.083969
chache	sana	0.061069
chache	na	0.053435
chache	baadaye	0.041985
chache	au	0.038168
chache	baada	0.034351
chache	kabla	0.030534
chache	kwa	0.022901
chache	ya	0.022901
chache	mno	0.019084
chache	ambazo	0.019084
chache	zaidi	0.015267
chache	kama	0.015267
chache	lakini	0.015267
chache	kulingana	0.015267
chache	katika	0.011450
chache	juu	0.011450
chache	kuna	0.011450
chadema	mwaka	0.272727
chadema	na	0.272727
chakula	cha	0.184154
chakula	na	0.162741
chakula	kwa	0.055675
chakula	au	0.034261
chakula	chao	0.032120
chakula	chake	0.021413
chakula	hiki	0.021413
chakula	katika	0.021413
chakula	kikuu	0.017131
chakula	bora	0.014989
chakula	kama	0.014989
chakula	ni	0.014989
chakula	chenye	0.014989
chakula	hicho	0.012848
chakula	duniani	0.012848
chakula	ambacho	0.010707
chakula	muhimu	0.010707
chakula	kizuri	0.008565
chakula	pia	0.008565
chakula	chochote	0.008565
chakula	lakini	0.008565
chakula	kilicho	0.008565
chakula	maji	0.006424
chakula	ndani	0.006424
chakula	kilikuwa	0.006424
chakula	kingine	0.006424
chakula	wakati	0.006424
chakula	toka	0.006424
chakula	hasa	0.006424
champions	league	0.777778
chapman	na	0.357143
charles	taylor	0.103448
chembechembe	nyekundu	0.396226
chembechembe	za	0.132075
chembechembe	na	0.094340
chen	na	0.300000
chini	ya	0.668825
chini	na	0.040837
chini	yake	0.022908
chini	cha	0.020916
chini	kwa	0.016932
chini	zaidi	0.014442
chini	wa	0.012450
chini	kabisa	0.009960
chini	katika	0.008964
chini	sana	0.008964
chini	vya	0.008964
chini	ni	0.007968
chini	au	0.007968
chini	la	0.006972
chini	kuliko	0.006474
chini	hadi	0.005976
chini	kwenye	0.004482
chini	lakini	0.003984
chini	yao	0.003984
chini	za	0.003984
chini	kama	0.002988
chini	kutoka	0.002490
chini	kwenda	0.002490
chini	mno	0.002490
chini	huku	0.002490
chini	kidogo	0.002490
chini	wakati	0.001992
chini	baadaye	0.001494
chini	ili	0.001494
chini	yaani	0.001494
chini	ikilinganishwa	0.001494
chini	kulia	0.001494
chini	upande	0.001494
chipukizi	na	0.444444
chumbani	kwa	0.259259
chumbani	kwake	0.148148
chumbani	na	0.111111
chumvi	na	0.145631
chumvi	kidogo	0.067961
chumvi	ya	0.048544
chumvi	katika	0.038835
chumvi	kwa	0.038835
chumvi	ndani	0.038835
chumvi	nyingi	0.029126
chumvi	au	0.029126
chumvi	ni	0.029126
co	ya	0.115385
corps	kujitolea	0.116279
corps	wafanyakazi	0.069767
corps	ni	0.069767
corps	na	0.069767
craig	na	0.333333
cross	river	0.740260
cross	country	0.116883
ct	ya	0.172414
ct	na	0.137931
ct	mri	0.137931
ct	ni	0.103448
ct	au	0.103448
ct	kwa	0.103448
d	ivoire	0.169935
d	or	0.098039
d	ni	0.039216
d	c	0.032680
d	katika	0.032680
d	na	0.032680
d	l	0.026144
d	ya	0.019608
d	hasi	0.019608
d	chanya	0.019608
d	chief	0.019608
da	gama	0.206897
da	silva	0.137931
da	katika	0.137931
dada	yake	0.261194
dada	zake	0.126866
dada	wa	0.067164
dada	wawili	0.059701
dada	mkubwa	0.037313
dada	watatu	0.037313
dada	mdogo	0.037313
dada	ke	0.022388
dada	meli	0.022388
dada	ya	0.022388
dada	zao	0.022388
dakika	ya	0.149171
dakika	na	0.077348
dakika	za	0.060773
dakika	kumi	0.055249
dakika	chache	0.049724
dakika	moja	0.044199
dakika	kadhaa	0.044199
dakika	kwa	0.038674
dakika	tano	0.033149
dakika	kabla	0.022099
dakika	mbili	0.022099
dakika	baada	0.022099
dakika	au	0.022099
dakika	nyingi	0.016575
dakika	tatu	0.016575
dakika	tisa	0.016575
dakika	katika	0.016575
dakika	thelathini	0.016575
darasa	la	0.734043
darasa	na	0.053191
darasa	lake	0.042553
darasani	na	0.333333
dari	la	0.250000
dari	na	0.187500
darubini	ya	0.159091
darubini	na	0.113636
darubini	kubwa	0.090909
darubini	ndogo	0.068182
darubini	kwa	0.068182
densi	ya	0.300000
densi	za	0.200000
depo	provera	0.761905
dhamiri	yake	0.176471
dhehebu	la	0.500000
dhiki	ya	0.270270
dhiki	na	0.108108
dhiki	au	0.081081
dhiki	kali	0.081081
dhuluma	za	0.280000
digrii	ya	0.479167
digrii	yake	0.145833
digrii	katika	0.125000
dimenshia	ya	0.250000
disemba	hadi	0.210526
disemba	na	0.157895
disemba	mwaka	0.157895
disemba	matiba	0.157895
diski	ya	0.166667
divai	nyekundu	0.142857
divai	na	0.107143
diwani	hii	0.400000
diwani	wa	0.100000
dk	li	0.333333
do	for	0.214286
do	you	0.214286
dodoma	na	0.105263
don	t	0.476190
don	na	0.095238
don	giovanni	0.071429
duara	ya	0.088889
duara	kamili	0.066667
duke	wa	0.250000
dume	na	0.170000
dume	ni	0.070000
dume	wa	0.060000
dume	ana	0.060000
dume	la	0.040000
dume	mmoja	0.040000
dume	lakini	0.030000
dume	huwa	0.030000
dunia	ya	0.117861
dunia	na	0.088700
dunia	la	0.077764
dunia	nzima	0.077764
dunia	kwa	0.044957
dunia	katika	0.038882
dunia	yetu	0.030377
dunia	mwaka	0.029162
dunia	yote	0.029162
dunia	ni	0.025516
dunia	wa	0.019441
dunia	mara	0.010936
dunia	kwenye	0.009721
dunia	hii	0.009721
dunia	mnamo	0.008505
dunia	kutokana	0.008505
dunia	tarehe	0.007290
dunia	mpya	0.007290
dunia	yaani	0.007290
dunia	lakini	0.007290
dunia	akiwa	0.006075
dunia	ambapo	0.006075
dunia	wakati	0.006075
dunia	au	0.006075
dunia	watu	0.004860
dunia	kama	0.004860
dunia	kuzunguka	0.004860
dunia	ina	0.004860
dunia	ambayo	0.004860
dunia	kuwa	0.004860
dunia	kote	0.003645
dunia	ikiwa	0.003645
dunia	za	0.003645
dunia	hadi	0.003645
dunia	iko	0.003645
dunia	kisha	0.003645
dunia	dhidi	0.003645
dunia	huko	0.003645
dunia	ambako	0.003645
dunia	hali	0.003645
dvd	ya	0.379310
dvd	na	0.137931
edward	na	0.115385
entertainment	na	0.210526
entertainment	ambayo	0.157895
enya	vya	0.172414
enya	chakula	0.103448
enzi	ya	0.327586
enzi	za	0.301724
enzi	hizo	0.103448
enzi	mpya	0.034483
enzi	na	0.034483
enzi	zake	0.025862
europa	league	0.380952
exchange	na	0.250000
fahari	ya	0.357143
fanya	kazi	0.461538
faragha	ya	0.222222
faru	wa	0.157895
faru	jike	0.131579
faru	weupe	0.105263
faru	mweupe	0.078947
faru	dume	0.078947
faru	hawa	0.078947
fasihi	ya	0.341880
fasihi	simulizi	0.145299
fasihi	na	0.085470
fasihi	ni	0.034188
fasihi	kwenye	0.025641
fc	na	0.184211
fc	barcelona	0.184211
fc	kwa	0.078947
februari	na	0.092105
februari	mwaka	0.072368
februari	katika	0.052632
februari	dhidi	0.039474
februari	kwa	0.026316
februari	kama	0.019737
februari	mjini	0.019737
februari	siku	0.019737
fedha	na	0.141631
fedha	za	0.120172
fedha	kwa	0.090129
fedha	katika	0.077253
fedha	kutoka	0.051502
fedha	nyingi	0.042918
fedha	ya	0.038627
fedha	wa	0.025751
fedha	hizo	0.021459
fedha	au	0.017167
fedha	ili	0.017167
fedha	kama	0.012876
fedha	kupitia	0.012876
felix	wa	0.444444
festival	of	0.187500
festival	akiwa	0.187500
fidia	ya	0.214286
fidia	kwa	0.178571
film	festival	0.500000
flava	kutoka	0.176471
flava	na	0.176471
florida	na	0.200000
for	the	0.140625
for	best	0.093750
for	love	0.078125
for	africa	0.078125
for	international	0.046875
for	development	0.046875
for	a	0.046875
for	you	0.046875
for	democratic	0.046875
force	one	0.375000
fransisko	na	0.149254
fransisko	wa	0.044776
from	the	0.333333
fungu	la	0.500000
funguvisiwa	ya	0.416667
furaha	ya	0.135922
furaha	na	0.126214
furaha	yake	0.077670
furaha	kwa	0.058252
furaha	kubwa	0.048544
furaha	katika	0.048544
furaha	au	0.038835
furaha	nyingi	0.029126
furaha	kuu	0.029126
furaha	tele	0.029126
ganda	la	0.534247
ganda	na	0.082192
ganda	lake	0.068493
ganda	nene	0.054795
gari	la	0.174129
gari	moshi	0.089552
gari	lake	0.074627
gari	na	0.064677
gari	ya	0.044776
gari	lenye	0.029851
gari	hili	0.029851
gari	lao	0.024876
gari	ambalo	0.024876
gari	hilo	0.019900
gari	kwa	0.019900
gari	aina	0.014925
gari	lako	0.014925
gazeti	la	0.522523
gazeti	hili	0.204204
gazeti	hilo	0.063063
gazeti	pekee	0.012012
gazeti	lake	0.012012
gazeti	ya	0.012012
gazeti	dada	0.012012
gazeti	kubwa	0.009009
gazeti	na	0.009009
gazeti	dogo	0.009009
get	it	0.500000
ghost	na	0.266667
ghost	akiwa	0.200000
gitaa	la	0.202899
gitaa	na	0.130435
gitaa	wa	0.057971
gitaa	katika	0.057971
gitaa	ya	0.057971
gluteni	na	0.121951
gluteni	ina	0.097561
gluteni	unaweza	0.097561
good	man	0.176471
good	the	0.176471
gram	chanya	0.315789
gram	hasi	0.263158
gram	ya	0.157895
grammy	award	0.241379
grammy	ya	0.103448
green	party	0.120000
gulf	news	0.642857
hadharani	na	0.277778
hafla	ya	0.320000
hafla	hiyo	0.120000
hafla	za	0.120000
hafla	nyingi	0.060000
haihusiani	na	0.791667
haipo	tena	0.250000
haja	ya	0.700000
haja	kwa	0.038462
haja	kubwa	0.038462
haja	za	0.023077
hakimu	wa	0.208333
hakimu	mkuu	0.125000
hakimu	na	0.125000
hakuna	wasemaji	0.261013
hakuna	ushahidi	0.047357
hakuna	mtu	0.037445
hakuna	uhakika	0.031938
hakuna	watu	0.028634
hakuna	tiba	0.018722
hakuna	tofauti	0.013216
hakuna	njia	0.013216
hakuna	hata	0.012115
hakuna	utafiti	0.011013
hakuna	sababu	0.011013
hakuna	haja	0.008811
hakuna	habari	0.008811
hakuna	mfano	0.008811
hakuna	dalili	0.007709
hakuna	wakazi	0.006608
hakuna	kitu	0.006608
hakuna	hakika	0.006608
hakuna	matibabu	0.006608
hakuna	uhusiano	0.005507
hakuna	matumizi	0.004405
hakuna	tena	0.004405
hakuna	nafasi	0.004405
hakuna	barabara	0.004405
hakuna	picha	0.004405
hakuna	anayeweza	0.004405
hakuna	idadi	0.004405
hakuna	sheria	0.004405
hakuna	uchunguzi	0.004405
hakuna	ufafanuzi	0.004405
hakuna	aliyekuwa	0.003304
hakuna	mahali	0.003304
hakuna	matata	0.003304
hakuna	chama	0.003304
hakuna	namna	0.003304
hakuna	uhaba	0.003304
hakuna	data	0.003304
hakuna	kumbukumbu	0.003304
hakuna	majaribio	0.003304
hakuna	makubaliano	0.003304
hakuweza	tena	0.056604
hakuweza	kufanya	0.056604
hakuweza	kusoma	0.056604
halijoto	ya	0.453488
halijoto	na	0.069767
halijoto	duniani	0.058140
halijoto	wastani	0.046512
halmashauri	ya	0.661538
halmashauri	yake	0.092308
halmashauri	kuu	0.061538
hamsini	tu	0.148148
hamsini	ya	0.111111
hamsini	na	0.111111
harvard	na	0.173913
harvard	press	0.173913
hatimiliki	ya	0.272727
haukuwa	na	0.333333
haukuwa	wa	0.090909
hawa	ni	0.185644
hawa	wana	0.099010
hawa	wa	0.047030
hawa	wanaweza	0.034653
hawa	walikuwa	0.029703
hawa	wote	0.022277
hawa	na	0.022277
hawa	wawili	0.022277
hawa	ndio	0.022277
hawa	pia	0.022277
hawa	hawana	0.022277
hawa	huwa	0.017327
hawa	huweza	0.014851
hawa	wenye	0.012376
hawa	kwa	0.012376
hawa	hawawezi	0.012376
hawa	wanatokea	0.009901
hawa	wakawa	0.007426
hawa	waliitwa	0.007426
hawa	ana	0.007426
hawa	waarabu	0.007426
hawa	watu	0.007426
hawa	katika	0.007426
hayakuwa	na	0.285714
hayana	maana	0.088235
hayana	uhakika	0.088235
hazikuwa	na	0.533333
heinrich	von	0.500000
hela	ya	0.142857
hesabu	ya	0.487603
hesabu	za	0.132231
hesabu	na	0.041322
hesabu	hii	0.041322
hesabu	kabla	0.024793
heshima	ya	0.327014
heshima	kwa	0.109005
heshima	na	0.104265
heshima	kubwa	0.080569
heshima	yake	0.075829
heshima	katika	0.042654
heshima	kama	0.018957
heshima	au	0.014218
heshima	wa	0.014218
heshima	yangu	0.014218
heshima	zake	0.014218
hidrojeni	na	0.166667
hifadhi	ya	0.448718
hifadhi	za	0.115385
hifadhi	hii	0.094017
hifadhi	na	0.034188
hifadhi	katika	0.029915
hifadhi	hiyo	0.012821
hifadhi	wa	0.012821
hifadhi	pia	0.012821
hifadhi	kama	0.012821
hila	ya	0.333333
hila	na	0.250000
hilali	nyekundu	0.736842
hill	alikuwa	0.100000
hill	na	0.100000
hitaji	la	0.642857
hivyo	basi	0.054795
hivyo	kwa	0.037671
hivyo	ni	0.032725
hivyo	katika	0.021689
hivyo	kuna	0.020548
hivyo	si	0.011035
hivyo	na	0.010654
hivyo	watu	0.009132
hivyo	kusababisha	0.008371
hivyo	idadi	0.008371
hivyo	kama	0.007610
hivyo	hakuna	0.007230
hivyo	baada	0.006849
hivyo	mara	0.006469
hivyo	wakati	0.006469
hivyo	kuwa	0.005327
hivyo	baadhi	0.004947
hivyo	mwaka	0.004947
hivyo	kupunguza	0.004947
hivyo	kuongeza	0.004947
hivyo	hadi	0.004566
hivyo	yeye	0.004566
hivyo	wanaweza	0.004566
hivyo	hata	0.004186
hivyo	utafiti	0.004186
hivyo	kila	0.004186
hivyo	jina	0.004186
hivyo	pia	0.004186
hivyo	sehemu	0.004186
hivyo	ilikuwa	0.003805
hivyo	kupelekea	0.003805
hivyo	matumizi	0.003425
hivyo	inaweza	0.003425
hivyo	tofauti	0.003425
hivyo	kutokana	0.003044
hivyo	lakini	0.003044
hivyo	vyote	0.003044
hivyo	lugha	0.003044
hivyo	hali	0.003044
hivyo	neno	0.003044
hiyohiyo	ya	0.176471
hoja	ya	0.192771
hoja	za	0.084337
hoja	na	0.072289
hoja	zake	0.048193
hoja	kwamba	0.036145
hoja	hii	0.036145
hoja	kuu	0.036145
hoja	katika	0.036145
homoni	ya	0.144578
homoni	zinazofanana	0.120482
homoni	za	0.096386
homoni	na	0.066265
homoni	katika	0.036145
homoni	ni	0.030120
homoni	hizi	0.030120
homoni	nyingi	0.024096
homoni	hii	0.018072
homoni	kama	0.018072
hong	kong	1.000000
hori	ya	0.578947
hospitali	ya	0.457627
hospitali	hii	0.050847
hospitali	hiyo	0.045198
hospitali	na	0.039548
hospitali	za	0.028249
hospitali	katika	0.016949
hospitali	wuhan	0.016949
hospitali	ina	0.016949
hospitali	kuu	0.016949
hospitalini	na	0.145833
hospitalini	kwa	0.125000
hospitalini	kutokana	0.083333
hospitalini	ili	0.062500
hotuba	yake	0.240741
hotuba	ya	0.203704
hotuba	zake	0.092593
huandikwa	kwa	0.571429
huanzia	katika	0.423077
huanzia	kwa	0.153846
huashiria	kuwa	0.166667
huathiri	takriban	0.086957
huathiri	kati	0.057971
huathiri	watu	0.057971
hubeba	mimba	0.096774
hucheza	kama	0.258065
hucheza	katika	0.096774
huchunguza	sauti	0.200000
hudumu	kwa	0.437500
hudumu	siku	0.093750
huelekea	kuwa	0.125000
huendelea	na	0.078431
huendelea	kukua	0.078431
huendelea	hadi	0.058824
huendelea	kupata	0.058824
huenea	kwa	0.454545
hufa	kwa	0.238095
huingia	katika	0.347826
huingia	kwenye	0.108696
huingia	ndani	0.086957
huingia	kwa	0.065217
huingia	mwilini	0.065217
huja	na	0.259259
huja	baada	0.148148
huja	kwa	0.111111
hujiunga	na	0.857143
hujulikana	kama	0.724771
hujulikana	kwa	0.174312
hujulikana	pia	0.036697
hujulikana	zaidi	0.027523
hujumuisha	matatizo	0.038961
hukatwa	kwa	0.294118
hukatwa	na	0.235294
huku	akiwa	0.048096
huku	kukiwa	0.032064
huku	wengine	0.032064
huku	kwa	0.024048
huku	wakiwa	0.024048
huku	na	0.022044
huku	ikiwa	0.022044
huku	baadhi	0.012024
huku	mbunge	0.012024
huku	akifanya	0.010020
huku	watu	0.010020
huku	dawa	0.010020
huku	sehemu	0.010020
huku	viwango	0.010020
huku	yeye	0.008016
huku	akisema	0.008016
huku	asilimia	0.008016
huku	matibabu	0.008016
huku	akifunga	0.006012
huku	akiendelea	0.006012
huku	naibu	0.006012
huku	idadi	0.006012
huku	likiwa	0.006012
huku	takriban	0.006012
huku	lengo	0.006012
huku	watoto	0.006012
huku	pia	0.006012
huku	kila	0.006012
huku	utafiti	0.006012
huku	tembo	0.006012
hulala	kwenye	0.166667
hunywa	pombe	0.333333
huonekana	katika	0.158730
huonekana	kama	0.142857
huonekana	kuwa	0.119048
huonekana	kwa	0.071429
huonekana	mara	0.071429
huonekana	sana	0.031746
huonekana	kufanya	0.023810
huonekana	pia	0.023810
huongeza	hatari	0.351351
huonyeshwa	kwa	0.233333
huonyeshwa	katika	0.133333
huonyeshwa	na	0.100000
huonyeshwa	kama	0.100000
hupangwa	katika	0.285714
hupangwa	kwa	0.285714
hupangwa	na	0.214286
hupikwa	kwa	0.466667
hupikwa	na	0.266667
hupokea	kiasi	0.115385
hupoteza	uwezo	0.210526
hupungua	kwa	0.161290
hupungua	na	0.161290
hurudi	nyuma	0.200000
husababishwa	na	0.937500
husaidia	katika	0.168675
husaidia	kupunguza	0.060241
husaidia	kukuza	0.036145
husaidia	kuzuia	0.036145
husaidia	kwa	0.036145
husaidia	kubaini	0.036145
husaidia	kujenga	0.036145
husema	kwamba	0.294118
husema	kuwa	0.235294
hutegemea	na	0.116071
hutegemea	sana	0.035714
hutegemea	kabisa	0.026786
hutegemea	kiwango	0.026786
hutegemea	historia	0.026786
hutiririka	kupitia	0.214286
hutoa	huduma	0.106061
hutoa	taarifa	0.050505
hutoa	ulinzi	0.035354
hutoa	kinga	0.025253
hutoa	maelezo	0.025253
hutoa	maoni	0.020202
hutoa	elimu	0.020202
hutoa	habari	0.015152
hutoa	makazi	0.015152
hutoa	maji	0.015152
hutoa	fursa	0.015152
hutokana	na	0.985714
hutumia	muda	0.040590
hutumia	mbinu	0.029520
hutumia	lugha	0.025830
hutumia	neno	0.022140
hutumia	jina	0.022140
hutumia	majina	0.018450
hutumia	pia	0.014760
hutumia	dhana	0.014760
hutumia	zaidi	0.014760
hutumia	maneno	0.014760
hutumia	teknolojia	0.014760
hutumia	mfumo	0.011070
hutumia	misombo	0.011070
hutumia	intaneti	0.011070
hutumia	tu	0.011070
hutumia	njia	0.011070
hutumia	pombe	0.011070
hutumia	nguvu	0.011070
hutumia	kawi	0.011070
hutumia	wakati	0.011070
hutumika	kwa	0.186120
hutumika	kama	0.160883
hutumika	katika	0.116719
hutumika	sana	0.066246
hutumika	wakati	0.034700
hutumika	pia	0.031546
hutumika	kutengeneza	0.025237
hutumika	mara	0.022082
hutumika	zaidi	0.015773
hutumika	ili	0.015773
hutumika	kutengenezea	0.012618
hutumika	hasa	0.012618
hutumika	kutibu	0.009464
hutumika	na	0.009464
hutumika	kusafisha	0.009464
hutumika	pamoja	0.009464
hutumika	kuthibitisha	0.009464
hutumika	kubadilisha	0.009464
hutumika	kuelezea	0.009464
ibrahim	al	0.230769
icp	ya	0.115385
icp	ni	0.115385
idhini	ya	0.638889
idhini	yake	0.138889
igcse	ya	0.400000
ii	na	0.137931
ii	wa	0.091954
ii	men	0.091954
ii	vya	0.045977
ii	kwa	0.034483
ii	ilikuwa	0.034483
iitwayo	the	0.146341
iitwayo	kiini	0.073171
ikaja	kuwa	0.230769
ikawa	mji	0.119048
ikawa	na	0.041667
ikawa	chini	0.035714
ikawa	moja	0.029762
ikawa	nchi	0.029762
ikawa	maarufu	0.029762
ikawa	ya	0.023810
ikawa	kubwa	0.023810
ikawa	ndiyo	0.017857
ikawa	jimbo	0.017857
ikawa	chama	0.017857
ikawa	kawaida	0.017857
ikawa	sehemu	0.017857
ikijulikana	kama	0.769231
ikitumika	kwa	0.250000
ikitumika	katika	0.150000
ikiwemo	na	0.092105
ikiwemo	ile	0.092105
ikiwemo	tuzo	0.039474
iliandikwa	kwa	0.250000
iliandikwa	na	0.166667
ilianza	na	0.050251
ilianza	mwaka	0.035176
ilianza	kutumika	0.030151
ilianza	tangu	0.030151
ilianza	mnamo	0.030151
ilianza	katika	0.025126
ilianza	kazi	0.020101
ilianza	kutolewa	0.020101
ilianza	kwa	0.020101
ilianza	kurushwa	0.020101
ilianza	kutoa	0.020101
ilianza	kuwa	0.015075
ilianza	kufanya	0.015075
ilianza	wakati	0.015075
ilianza	miaka	0.015075
ilianza	kama	0.015075
ilianza	kutawala	0.015075
ilianza	mwezi	0.015075
ilianza	kuchapishwa	0.015075
ilibadilika	na	0.250000
ilibadilisha	jina	0.421053
ilichapishwa	na	0.222222
ilichapishwa	mwaka	0.166667
ilichukua	nafasi	0.227273
ilichukua	miaka	0.159091
ilichukua	muda	0.090909
ilichukua	hatua	0.068182
ilichukua	jina	0.068182
iliendelea	kuwa	0.186916
iliendelea	na	0.112150
iliendelea	kwa	0.065421
iliendelea	hata	0.046729
iliendelea	hadi	0.037383
iliendelea	kutawala	0.028037
iliendelea	katika	0.028037
iliendelea	kukataa	0.028037
ilifanikiwa	kufika	0.125000
ilifanikiwa	sana	0.125000
ilifanikiwa	kuwa	0.125000
ilifikia	kiwango	0.120000
ilifuatiwa	na	0.866667
ilifungwa	mnamo	0.250000
iligunduliwa	na	0.333333
iliingia	katika	0.600000
ilikadiriwa	kuwa	0.695652
ilikuwa	na	0.513142
ilikuwa	kulingana	0.095554
ilikuwa	ni	0.026038
ilikuwa	ya	0.014738
ilikuwa	sehemu	0.008597
ilikuwa	katika	0.008106
ilikuwa	mji	0.007369
ilikuwa	watu	0.006632
ilikuwa	pia	0.006141
ilikuwa	kwa	0.005650
ilikuwa	moja	0.004667
ilikuwa	kati	0.004667
ilikuwa	kama	0.004422
ilikuwa	nchi	0.004422
ilikuwa	maarufu	0.004176
ilikuwa	kubwa	0.003930
ilikuwa	mwaka	0.003930
ilikuwa	tayari	0.003685
ilikuwa	chini	0.003685
ilikuwa	kawaida	0.003685
ilikuwa	mara	0.003439
ilikuwa	muhimu	0.003193
ilikuwa	mahali	0.002702
ilikuwa	namba	0.002456
ilikuwa	albamu	0.002456
ilikuwa	tu	0.002456
ilikuwa	jina	0.002456
ilikuwa	tofauti	0.002456
ilikuwa	chanzo	0.002456
ilikuwa	makao	0.002211
ilikuwa	sawa	0.002211
ilikuwa	kwamba	0.002211
ilikuwa	lazima	0.002211
ilikuwa	msingi	0.002211
ilikuwa	vigumu	0.001965
ilikuwa	rahisi	0.001965
ilikuwa	kituo	0.001965
ilikuwa	zaidi	0.001965
ilikuwa	ndogo	0.001965
ilikuwa	njia	0.001965
ilikwenda	kwa	0.750000
ilimpa	tuzo	0.200000
ilinunua	kampuni	0.185185
ilinunuliwa	na	0.700000
ilionyeshwa	katika	0.250000
ilionyeshwa	kwa	0.250000
ilipaswa	kukubali	0.200000
ilipaswa	kuwa	0.200000
ilipata	mafanikio	0.141509
ilipata	kushika	0.103774
ilipata	nafasi	0.056604
ilipata	umaarufu	0.056604
ilipata	kuwa	0.047170
ilipata	mauzo	0.047170
ilipata	sifa	0.028302
ilipata	kuchaguliwa	0.028302
ilipata	jina	0.028302
ilipata	uhuru	0.028302
ilipendekeza	kuwa	0.263158
ilipendekeza	kwamba	0.157895
ilipita	katika	0.235294
ilipitisha	uchina	0.250000
ilipokea	tuzo	0.222222
ilipungua	kwa	0.222222
ilipungua	hadi	0.148148
ilishika	nafasi	0.714286
ilishinda	tuzo	0.192771
ilishinda	kombe	0.096386
ilishinda	ligi	0.072289
ilishinda	taji	0.060241
ilishinda	mechi	0.048193
ilishinda	na	0.036145
ilishinda	medali	0.036145
ilitajwa	kama	0.250000
ilitajwa	kwa	0.250000
ilitambuliwa	mara	0.190476
ilitambuliwa	mwaka	0.142857
ilitayarishwa	na	0.764706
ilitengenezwa	kwa	0.285714
ilitengenezwa	na	0.261905
ilitengenezwa	mara	0.071429
ilitengenezwa	katika	0.071429
ilitoka	mwaka	0.194444
ilitoka	na	0.083333
ilitoka	kwa	0.083333
ilitumia	maabara	0.103448
iliundwa	na	0.185714
iliundwa	ili	0.114286
iliundwa	mwaka	0.085714
iliundwa	katika	0.085714
iliundwa	kama	0.057143
iliundwa	kwa	0.057143
iliundwa	mnamo	0.057143
iliuzwa	na	0.250000
iliuzwa	katika	0.250000
ilivyochorwa	na	0.846154
iliwekwa	na	0.250000
iliweza	kuuza	0.075472
iliweza	kufanya	0.056604
iliyoendelea	kuwa	0.176471
iliyofanyika	mwaka	0.733093
iliyofanyika	mnamo	0.262105
iliyofanyika	katika	0.001601
iliyokuwa	na	0.227586
iliyokuwa	kiasili	0.055172
iliyokuwa	katika	0.048276
iliyokuwa	karibu	0.027586
iliyokuwa	ikiitwa	0.027586
iliyokuwa	ya	0.020690
iliyokuwa	jamhuri	0.020690
iliyokuwa	bora	0.020690
iliyokuwa	inajulikana	0.020690
iliyokuwa	chini	0.020690
iliyopita	na	0.105882
iliyopita	wakati	0.047059
iliyopita	kwa	0.035294
iliyopo	katika	0.111111
iliyopo	mjini	0.049383
iliyopo	ndani	0.049383
iliyopo	dar	0.037037
iliyopo	jijini	0.037037
iliyopo	ya	0.037037
iliyopo	kwenye	0.037037
iliyopo	juu	0.037037
iliyotoka	mwaka	0.444444
iliyowekwa	na	0.384615
imebaki	na	0.312500
imebaki	kuwa	0.250000
imechukua	nafasi	0.277778
imehesabiwa	kuwa	1.000000
imepokea	tahakiki	0.333333
imetambuliwa	kama	0.272727
imetoka	mwaka	0.500000
imetoweka	kabisa	0.974026
in	the	0.293103
in	a	0.060345
in	love	0.043103
in	africa	0.034483
in	my	0.034483
in	black	0.025862
inachukua	nafasi	0.173913
inachukua	muda	0.130435
inachukua	siku	0.130435
inadai	kuwa	0.200000
inadai	kwamba	0.150000
inadai	ni	0.150000
inaeleza	kwamba	0.130435
inafanana	na	0.730769
inafanana	kiasi	0.153846
inafika	kwenye	0.230769
inahusu	matumizi	0.050847
inahusu	kijana	0.050847
inaingia	katika	0.473684
inakua	kwa	0.250000
inamilikiwa	na	0.961538
inaonesha	kuwa	0.266667
inasababishwa	na	0.928571
inatoa	huduma	0.102941
inatoa	misaada	0.044118
inatoa	orodha	0.044118
inatoka	katika	0.318182
inatoka	kwa	0.136364
inatoka	kwenye	0.136364
inatoka	nje	0.136364
inatolewa	na	0.333333
inaundwa	na	0.818182
inawezekana	kwamba	0.145985
inawezekana	kuwa	0.131387
inawezekana	kwa	0.072993
inawezekana	kutumia	0.036496
inawezekana	pia	0.036496
inawezekana	lugha	0.036496
inawezekana	kutaja	0.029197
inawezekana	ya	0.029197
inawezekana	kusema	0.029197
inawezekana	kupata	0.021898
inayoendelea	ya	0.176471
inayoendelea	kutumiwa	0.176471
inayofaa	kwa	0.333333
inayofanana	na	0.535714
inayofanana	kibayolojia	0.142857
inayofanya	kazi	0.565217
inayoongoza	katika	0.250000
inayoongoza	ya	0.187500
inayopatikana	kwa	0.258065
inayopatikana	katika	0.258065
inayopatikana	sana	0.048387
inayosababisha	ugonjwa	0.093750
inayotumika	katika	0.136364
inayotumika	kwa	0.136364
inayotumika	zaidi	0.113636
inayotumika	sana	0.113636
inayotumika	kwenye	0.068182
inayotumiwa	na	0.289474
inayotumiwa	kwa	0.131579
inayotumiwa	zaidi	0.131579
india	na	0.207547
india	kwa	0.037736
india	mashariki	0.037736
india	ilikuwa	0.037736
india	ambapo	0.028302
ingawa	kuna	0.046358
ingawa	kwa	0.041060
ingawa	ni	0.030464
ingawa	hakuna	0.023841
ingawa	baadhi	0.021192
ingawa	bado	0.019868
ingawa	si	0.017219
ingawa	katika	0.015894
ingawa	alikuwa	0.013245
ingawa	mara	0.011921
ingawa	watu	0.011921
ingawa	yeye	0.010596
ingawa	hii	0.010596
ingawa	wengi	0.010596
ingawa	inaweza	0.007947
ingawa	hali	0.006623
ingawa	sasa	0.006623
ingawa	idadi	0.006623
ingawa	kulikuwa	0.006623
ingawa	matumizi	0.006623
ingawa	haikuwa	0.005298
ingawa	serikali	0.005298
ingawa	hiyo	0.005298
ingawa	wakati	0.005298
ingawa	pia	0.005298
ingawa	dawa	0.005298
ingawa	albamu	0.005298
ingawa	kiwango	0.005298
ingawa	wanawake	0.005298
ingawa	zinaweza	0.005298
ingawa	maelezo	0.003974
ingawa	mtu	0.003974
ingawa	awali	0.003974
ingawa	uchunguzi	0.003974
ingawa	bei	0.003974
ingawa	dalili	0.003974
ingawa	hatari	0.003974
ingawa	mabadiliko	0.003974
ingawa	madhara	0.003974
ingawa	mungu	0.003974
ingekuwa	na	0.093023
ingekuwa	ni	0.069767
injili	ya	0.178571
injili	na	0.089286
injili	katika	0.071429
injili	hiyo	0.071429
injili	kwa	0.053571
insha	na	0.156250
insha	za	0.093750
insha	juu	0.093750
instagram	ilitangaza	0.250000
ishara	ya	0.326923
ishara	za	0.107692
ishara	na	0.088462
ishara	kwa	0.026923
ishara	yake	0.019231
ishara	hizi	0.019231
ishara	kwamba	0.019231
ishara	zingine	0.015385
ishara	hizo	0.015385
ishara	pamoja	0.011538
ishara	kuwa	0.011538
ishara	baina	0.011538
ishara	muhimu	0.011538
ishara	kutoka	0.011538
isiyokuwa	na	0.687500
ivoire	imehesabiwa	0.400000
ivoire	na	0.200000
ivory	coast	0.956522
j	j	0.081081
j	na	0.081081
j	k	0.067568
j	p	0.040541
j	w	0.040541
j	kwa	0.040541
jack	na	0.160000
jack	the	0.120000
jack	family	0.120000
jack	bauer	0.080000
jamhuri	ya	0.796296
jamhuri	na	0.013889
jamhuri	mpya	0.013889
jamhuri	imehesabiwa	0.013889
jamhuri	za	0.013889
jamii	ya	0.296961
jamii	na	0.073204
jamii	za	0.051105
jamii	kwa	0.041436
jamii	katika	0.022099
jamii	nyingi	0.022099
jamii	yake	0.016575
jamii	nyingine	0.015193
jamii	kama	0.013812
jamii	hii	0.013812
jamii	ni	0.011050
jamii	hasa	0.011050
jamii	hizi	0.011050
jamii	mbalimbali	0.011050
jamii	zingine	0.011050
jamii	yenye	0.009669
jamii	hiyo	0.009669
jamii	yao	0.009669
jamii	husika	0.009669
jamii	zote	0.008287
jamii	zao	0.008287
jamii	nzima	0.008287
jamii	au	0.006906
jamii	moja	0.006906
jamii	tofauti	0.005525
jamii	jinsia	0.005525
jamii	maskini	0.005525
jamii	ndogo	0.005525
jamii	mbili	0.004144
jamii	kutoka	0.004144
jamii	ilikuwa	0.004144
jamii	cha	0.004144
jamii	zetu	0.004144
jamii	kutambua	0.004144
jamii	lakini	0.004144
jamii	pana	0.004144
jamii	inayohusika	0.004144
jamii	ambazo	0.004144
jamii	bora	0.004144
jamii	pamoja	0.004144
jangwani	na	0.160000
jangwani	kwa	0.120000
jay	z	0.272727
jay	na	0.151515
jay	dee	0.151515
jazeera	ya	0.625000
jennifer	lopez	0.272727
jennifer	love	0.272727
jeshi	la	0.609665
jeshi	lake	0.068773
jeshi	na	0.040892
jeshi	kubwa	0.039033
jeshi	hili	0.013011
jeshi	lao	0.013011
jeshi	jipya	0.011152
jeshi	kwa	0.011152
jeshi	hilo	0.011152
jeshi	ya	0.009294
jeshi	mkuu	0.009294
jeshi	za	0.007435
jeshi	wa	0.005576
jeshi	lote	0.005576
jicho	la	0.358974
jicho	moja	0.128205
jicho	na	0.102564
jijini	dar	0.353659
jijini	london	0.134146
jijini	nairobi	0.109756
jijini	humo	0.036585
jijini	berlin	0.036585
jike	na	0.085714
jike	ni	0.076190
jike	huwa	0.066667
jike	ana	0.047619
jike	huweza	0.047619
jike	huzaa	0.047619
jike	hutaga	0.038095
jike	wa	0.038095
jike	mmoja	0.028571
jike	kwa	0.028571
jinai	ya	0.200000
jinai	katika	0.100000
jingi	mwilini	0.142857
jingi	na	0.142857
jinsia	ya	0.193548
jinsia	moja	0.169355
jinsia	na	0.137097
jinsia	mbili	0.096774
jinsia	tofauti	0.072581
jinsia	zote	0.064516
jinsia	yake	0.032258
jitihada	za	0.450000
jitihada	zake	0.083333
jitihada	nyingi	0.066667
jitihada	ya	0.066667
jitihada	mbalimbali	0.050000
jitu	jekundu	0.250000
jitu	la	0.200000
jitu	za	0.150000
johnson	na	0.185185
jomo	kenyatta	1.000000
jones	na	0.258065
jopo	la	0.684211
joseph	kabila	0.097561
joseph	na	0.097561
joseph	kony	0.073171
joseph	jackson	0.073171
juba	ilikuwa	0.187500
jukumu	la	0.555556
jukumu	lake	0.111111
jukumu	muhimu	0.064103
jukumu	katika	0.034188
jukumu	kubwa	0.034188
jukumu	hili	0.025641
jukumu	kuu	0.017094
jukumu	hilo	0.017094
jukumu	kama	0.012821
jukumu	lao	0.012821
jukumu	na	0.012821
julius	nyerere	0.533333
jumba	la	0.742331
jumba	hili	0.073620
jumba	hilo	0.055215
jumba	kuu	0.018405
jumla	ya	0.423701
jumla	ni	0.050325
jumla	kwa	0.030844
jumla	kuna	0.030844
jumla	na	0.025974
jumla	la	0.021104
jumla	wa	0.017857
jumla	katika	0.016234
jumla	au	0.012987
jumla	watu	0.009740
jumla	hii	0.008117
jumla	cha	0.008117
jumla	kama	0.006494
jumla	za	0.006494
jumla	kati	0.004870
jumla	walikuwa	0.004870
jumla	hakuna	0.004870
jumla	mafundisho	0.004870
jumuia	ya	0.279412
jumuia	za	0.117647
jumuia	yake	0.058824
jumuia	hiyo	0.044118
jumuiya	ya	0.640000
jumuiya	za	0.086667
jumuiya	kubwa	0.040000
jumuiya	ndogo	0.020000
jumuiya	hizi	0.020000
juni	na	0.120690
juni	katika	0.080460
juni	mwaka	0.057471
juni	hadi	0.051724
juni	kwa	0.045977
juni	baada	0.028736
juni	inaweza	0.022989
juni	walioambukizwa	0.022989
kabila	la	0.497076
kabila	lake	0.052632
kabila	hilo	0.052632
kabila	kubwa	0.052632
kabila	moja	0.029240
kabila	ya	0.023392
kabila	lao	0.023392
kabila	ambalo	0.017544
kabila	na	0.017544
kabila	au	0.017544
kabila	hili	0.017544
kagera	na	0.375000
kaizer	chiefs	0.818182
kaka	yake	0.526946
kaka	zake	0.077844
kaka	na	0.065868
kaka	mkubwa	0.047904
kaka	wa	0.047904
kaka	wawili	0.041916
kaka	mmoja	0.029940
kaka	yangu	0.029940
kaka	mdogo	0.017964
kaka	ke	0.017964
kamati	ya	0.544554
kamati	kuu	0.128713
kamati	hiyo	0.034653
kamati	hii	0.029703
kamati	mbalimbali	0.024752
kamati	ile	0.019802
kamati	yake	0.014851
kamati	nyingi	0.014851
kamati	na	0.014851
kamati	za	0.014851
kamba	na	0.193548
kamba	ya	0.161290
kamba	au	0.096774
kamili	ya	0.164234
kamili	wa	0.116788
kamili	na	0.072993
kamili	katika	0.051095
kamili	kwa	0.051095
kamili	cha	0.036496
kamili	la	0.036496
kamili	ni	0.025547
kamili	lakini	0.021898
kamili	au	0.021898
kamili	mwaka	0.018248
kamili	kama	0.018248
kamili	dhidi	0.014599
kamili	juu	0.014599
kamili	bila	0.014599
kamili	zaidi	0.014599
kamili	kati	0.014599
kamili	si	0.010949
kamili	vya	0.010949
kamili	bado	0.010949
kamili	za	0.010949
kampaundi	za	0.238095
kampaundi	ya	0.190476
kampeni	ya	0.437037
kampeni	za	0.125926
kampeni	yake	0.051852
kampeni	hiyo	0.037037
kampeni	hii	0.037037
kampeni	kwa	0.029630
kampeni	mbalimbali	0.022222
kampeni	dhidi	0.022222
kampeni	nyingi	0.022222
kampuni	ya	0.453237
kampuni	hii	0.095923
kampuni	hiyo	0.068345
kampuni	yake	0.049161
kampuni	za	0.037170
kampuni	kubwa	0.027578
kampuni	na	0.013189
kampuni	zingine	0.008393
kampuni	kama	0.007194
kampuni	zote	0.007194
kampuni	kwa	0.005995
kampuni	moja	0.005995
kampuni	nyingine	0.005995
kampuni	yoyote	0.005995
kampuni	la	0.004796
kampuni	mpya	0.004796
kampuni	ndogo	0.004796
kampuni	ni	0.004796
kampuni	bora	0.004796
kampuni	binafsi	0.004796
kampuni	fulani	0.004796
kampuni	mbalimbali	0.003597
kampuni	katika	0.003597
kampuni	tanzu	0.003597
kampuni	ambayo	0.003597
kampuni	ilikuwa	0.003597
kampuni	shirika	0.003597
kampuni	hizo	0.003597
kampuni	mbili	0.003597
kampuni	ilianzishwa	0.003597
kampuni	ilinunua	0.003597
kampuni	mzazi	0.003597
kanda	ya	0.259259
kanda	za	0.132275
kanda	la	0.111111
kanda	hii	0.031746
kanda	hili	0.026455
kanda	hiyo	0.026455
kanda	mbili	0.021164
kanda	na	0.021164
kanda	ndefu	0.021164
kanda	nyingine	0.015873
kanda	nyembamba	0.015873
kanda	tofauti	0.015873
kanda	muda	0.015873
kanda	hizi	0.015873
kanda	nyingi	0.015873
kandokando	ya	0.352941
kandokando	yake	0.235294
kanzu	ya	0.333333
karibia	miaka	0.137931
karibia	na	0.103448
karibia	kila	0.103448
kasi	ya	0.332031
kasi	na	0.093750
kasi	zaidi	0.054688
kasi	yake	0.054688
kasi	sana	0.050781
kasi	katika	0.050781
kasi	kubwa	0.042969
kasi	wa	0.031250
kasi	kwa	0.019531
kasi	ndogo	0.011719
kasi	nzuri	0.011719
kasinoma	ya	0.882353
kasisi	mkuu	0.500000
kasisi	wa	0.285714
kaskazini	na	0.122963
kaskazini	mwa	0.117037
kaskazini	ya	0.114074
kaskazini	iko	0.077037
kaskazini	magharibi	0.068148
kaskazini	mashariki	0.066667
kaskazini	imehesabiwa	0.060741
kaskazini	kwa	0.031111
kaskazini	wa	0.022222
kaskazini	ni	0.016296
kaskazini	kuna	0.011852
kaskazini	kabisa	0.010370
kaskazini	katika	0.008889
kaskazini	au	0.007407
kaskazini	nchini	0.007407
kaskazini	kupitia	0.005926
kaskazini	wakati	0.005926
kaskazini	kusini	0.005926
kaskazini	ikiwa	0.005926
kaskazini	lilikuwa	0.004444
kaskazini	hasa	0.004444
kaskazini	lakini	0.004444
kaskazini	wengi	0.004444
kaskazini	yorkshire	0.004444
kaskazini	vietnam	0.004444
kategoria	ya	0.421053
kategoria	hii	0.210526
katoliki	na	0.196429
katoliki	la	0.107143
kaunti	ya	0.416667
kaunti	na	0.083333
kaunti	ina	0.083333
kawi	ya	0.454545
kazi	ya	0.174481
kazi	yake	0.126926
kazi	na	0.063295
kazi	katika	0.058272
kazi	za	0.056263
kazi	kwa	0.051574
kazi	kama	0.050569
kazi	zake	0.040188
kazi	hiyo	0.022438
kazi	hii	0.017749
kazi	yao	0.014735
kazi	nyingi	0.011721
kazi	pamoja	0.011721
kazi	zao	0.011386
kazi	kubwa	0.008372
kazi	ngumu	0.007368
kazi	kwenye	0.007033
kazi	mbalimbali	0.006698
kazi	nyingine	0.006363
kazi	vizuri	0.006028
kazi	chini	0.005693
kazi	ni	0.005693
kazi	wa	0.005023
kazi	bila	0.005023
kazi	au	0.005023
kazi	yoyote	0.004019
kazi	ambayo	0.004019
kazi	vyema	0.003349
kazi	wakati	0.003349
kazi	huko	0.003014
kazi	nzuri	0.003014
kazi	nje	0.003014
kazi	moja	0.003014
kazi	ambazo	0.003014
kazi	hizi	0.003014
kazi	kutoka	0.002679
kazi	ili	0.002679
kazi	zaidi	0.002679
kazi	ndani	0.002679
kazi	hizo	0.002679
keki	ya	0.333333
keki	na	0.250000
kemal	na	0.264706
kemal	kwa	0.088235
kemal	anarudi	0.088235
kemotherapi	ya	0.315789
kemotherapi	na	0.263158
kenya	na	0.136531
kenya	kwa	0.049815
kenya	mwaka	0.031365
kenya	katika	0.029520
kenya	breweries	0.029520
kenya	ya	0.025830
kenya	ni	0.022140
kenya	uganda	0.016605
kenya	wa	0.014760
kenya	baada	0.012915
kenya	rifles	0.012915
kenya	ina	0.012915
kenya	ambayo	0.012915
kenya	ilikuwa	0.012915
kenya	national	0.011070
kenya	lakini	0.011070
kenya	kuwa	0.011070
kenya	tanzania	0.011070
kenya	kama	0.007380
kenya	mnamo	0.007380
kenya	kutokana	0.007380
kenya	mara	0.007380
kenya	kupata	0.007380
kenya	broadcasting	0.007380
kenya	nairobi	0.005535
kenya	s	0.005535
kenya	kushinda	0.005535
kenya	airways	0.005535
kenya	kutoka	0.005535
kenya	limited	0.005535
kenya	african	0.005535
kenya	kabla	0.005535
kenya	hasa	0.005535
kenya	rwanda	0.005535
kenya	hadi	0.005535
kenya	la	0.005535
kenya	wakati	0.005535
kenya	au	0.005535
kenya	pia	0.005535
kenya	alikuwa	0.005535
kesi	ya	0.167883
kesi	za	0.116788
kesi	hiyo	0.054745
kesi	na	0.036496
kesi	zilizothibitishwa	0.036496
kesi	yake	0.032847
kesi	hii	0.025547
kesi	kwa	0.021898
kesi	nyingi	0.021898
kesi	mpya	0.021898
kesi	mahakamani	0.018248
kesi	zote	0.018248
kesi	dhidi	0.014599
kesi	nyingine	0.014599
kesi	zaidi	0.014599
kesi	ambapo	0.010949
kesi	moja	0.010949
kesi	chache	0.010949
kesi	zao	0.010949
kiagta	ya	1.000000
kiangazi	na	0.227273
kiangazi	cha	0.136364
kibai	ya	0.700000
kibakteria	katika	0.200000
kibali	cha	0.600000
kibali	kwa	0.106667
kibali	chake	0.066667
kibera	na	0.272727
kiboko	ni	0.190476
kiboko	dume	0.142857
kibongo	bagirmi	0.942857
kiborneo	kaskazini	1.000000
kibwagizo	cha	0.516129
kibwagizo	hiki	0.193548
kibwagizo	rasmi	0.096774
kichin	ya	1.000000
kichina	ya	0.275862
kichina	na	0.137931
kichina	kwa	0.068966
kichina	ni	0.051724
kichwani	na	0.210526
kichwani	pake	0.078947
kichwani	mwake	0.078947
kidani	ya	0.777778
kidemokrasia	ya	0.566038
kidemokrasia	cha	0.056604
kidemokrasia	na	0.056604
kieneo	kwa	0.176471
kifedha	na	0.148649
kifedha	ya	0.094595
kifedha	wa	0.067568
kifedha	kwa	0.040541
kifedha	za	0.040541
kifundo	cha	0.416667
kifungo	cha	0.588235
kifungo	chake	0.117647
kifungu	cha	0.815789
kifupisho	cha	0.823529
kigali	na	0.285714
kigezo	cha	0.437500
kigezo	muhimu	0.125000
kigondi	ya	1.000000
kihindi	na	0.136364
kihispania	kifaransa	0.136364
kihispania	katika	0.136364
kiingereza	na	0.166667
kiingereza	cha	0.061594
kiingereza	ya	0.047101
kiingereza	kama	0.039855
kiingereza	ni	0.039855
kiingereza	kwa	0.036232
kiingereza	kutoka	0.021739
kiingereza	wa	0.021739
kiingereza	katika	0.021739
kiingereza	kifaransa	0.014493
kiingereza	lakini	0.014493
kiingereza	iliyo	0.010870
kiingereza	the	0.010870
kiingereza	kiswahili	0.010870
kiingereza	wakati	0.010870
kiislamu	na	0.150538
kiislamu	katika	0.096774
kiislamu	ya	0.086022
kiislamu	kwa	0.064516
kiislamu	wa	0.043011
kiislamu	juu	0.043011
kiislamu	tangu	0.032258
kijadi	ya	0.136364
kijana	wa	0.118182
kijana	huyo	0.072727
kijana	mmoja	0.054545
kijana	yule	0.054545
kijana	mwenye	0.045455
kijana	ambaye	0.045455
kijana	mdogo	0.036364
kijana	na	0.027273
kijana	aliye	0.027273
kijana	alikuwa	0.027273
kijapani	na	0.172414
kijapani	ya	0.103448
kijerumani	na	0.130952
kijerumani	kwa	0.071429
kijerumani	katika	0.047619
kijerumani	hadi	0.035714
kijiografia	na	0.225806
kijiografia	ya	0.161290
kijiografia	ni	0.096774
kikabila	na	0.200000
kikabila	ni	0.100000
kikemia	na	0.160000
kikemia	ndani	0.120000
kikemikali	wa	0.187500
kikiwa	na	0.400000
kikombe	cha	0.333333
kikombe	ndani	0.121212
kikombe	au	0.090909
kikomo	cha	0.200000
kikomo	kwa	0.150000
kikosi	cha	0.711230
kikosi	chake	0.037433
kikosi	maalumu	0.026738
kikosi	hiki	0.021390
kikosi	kikuu	0.016043
kikosi	chao	0.016043
kikosi	kidogo	0.016043
kikosi	maalum	0.016043
kikosi	kilikuwa	0.016043
kikosi	kazi	0.016043
kilele	cha	0.516854
kilele	chake	0.123596
kilele	na	0.044944
kilele	katika	0.033708
kilele	iko	0.033708
kilichopo	kwenye	0.120000
kilikuwa	na	0.175439
kilikuwa	cha	0.087719
kilikuwa	ni	0.040936
kilikuwa	kipindi	0.040936
kilikuwa	katika	0.029240
kilikuwa	chama	0.023392
kilikuwa	lugha	0.023392
kilikuwa	kibao	0.017544
kilikuwa	kikundi	0.017544
kilikuwa	kati	0.017544
kilipata	umaarufu	0.200000
kilogramu	na	0.176471
kilometa	mraba	0.212121
kilometa	za	0.151515
kilometa	ni	0.090909
kilometa	kwa	0.090909
kilomita	za	0.403292
kilomita	na	0.049383
kilomita	kutoka	0.041152
kilomita	kwa	0.037037
kilomita	moja	0.028807
kilomita	mraba	0.024691
kilomita	kusini	0.020576
kilomita	hadi	0.016461
kilomita	ya	0.016461
kilomita	maili	0.016461
kilomita	kadhaa	0.016461
kilomita	pekee	0.012346
kilomita	kaskazini	0.012346
kilomita	tu	0.012346
kilomita	lakini	0.012346
kilomita	upande	0.012346
kimanobo	ya	0.666667
kimataifa	ya	0.166107
kimataifa	la	0.100671
kimataifa	na	0.090604
kimataifa	wa	0.090604
kimataifa	kwa	0.063758
kimataifa	katika	0.030201
kimataifa	cha	0.023490
kimataifa	kama	0.020134
kimataifa	ni	0.020134
kimataifa	za	0.018456
kimataifa	kuhusu	0.015101
kimataifa	pamoja	0.011745
kimataifa	baada	0.010067
kimataifa	ambayo	0.010067
kimataifa	kutoka	0.010067
kimataifa	juu	0.008389
kimataifa	kati	0.006711
kimataifa	ilikuwa	0.006711
kimataifa	tangu	0.006711
kimataifa	ili	0.006711
kimataifa	wenye	0.005034
kimataifa	ikiwa	0.005034
kimataifa	pia	0.005034
kimataifa	mwaka	0.005034
kimataifa	mwezi	0.005034
kimataifa	mnamo	0.005034
kimataifa	yenye	0.005034
kimataifa	vya	0.005034
kimataifa	mara	0.005034
kimataifa	hasa	0.005034
kimataifa	dhidi	0.005034
kimaumbile	na	0.206897
kimaumbile	ya	0.137931
kimaumbile	wa	0.103448
kimo	cha	0.602410
kimo	kikubwa	0.048193
kimo	juu	0.048193
kimo	na	0.048193
kimo	da	0.036145
kimwili	na	0.360465
kimwili	katika	0.058140
kimwili	au	0.046512
kimwili	ni	0.046512
kimwili	kwa	0.034884
kimya	na	0.264706
kimya	kimya	0.147059
kimya	cha	0.088235
kinachojulikana	kama	0.476190
kinaga	ya	1.000000
kinu	cha	0.357143
kinu	hiki	0.214286
kiongozi	wa	0.583851
kiongozi	mkuu	0.046584
kiongozi	katika	0.034161
kiongozi	wao	0.024845
kiongozi	na	0.024845
kiongozi	wake	0.024845
kiongozi	mpya	0.021739
kiongozi	huyo	0.015528
kiongozi	mwenye	0.012422
kiongozi	mmoja	0.012422
kiongozi	cha	0.009317
kioo	cha	0.366667
kioo	na	0.300000
kipama	nyungan	0.722222
kipama	cha	0.263889
kipato	cha	0.382353
kipato	kwa	0.147059
kipato	chake	0.088235
kipenzi	cha	0.448276
kipenzi	na	0.137931
kipenzi	chake	0.103448
kipeo	cha	0.500000
kipya	cha	0.333333
kipya	kwa	0.105263
kipya	na	0.052632
kirahisi	kwa	0.200000
kirahisi	na	0.166667
kisanii	kama	0.416667
kisanii	la	0.116667
kisanii	wa	0.050000
kisanii	ni	0.050000
kisasa	ya	0.119454
kisasa	na	0.085324
kisasa	katika	0.064846
kisasa	wa	0.058020
kisasa	za	0.047782
kisasa	ni	0.044369
kisasa	zaidi	0.034130
kisasa	vya	0.023891
kisasa	kwa	0.020478
kisasa	huwa	0.020478
kisasa	lakini	0.017065
kisasa	kabisa	0.017065
kisasa	ina	0.013652
kisasa	kutoka	0.013652
kisasa	kama	0.013652
kisasa	mara	0.013652
kisasa	nchini	0.010239
kisasa	hutumia	0.010239
kisasa	pia	0.010239
kisha	baadaye	0.041667
kisha	katika	0.020833
kisha	alijiunga	0.014881
kisha	akaanza	0.014881
kisha	kuenea	0.011905
kisha	kufa	0.011905
kisha	kuwa	0.011905
kisha	mwaka	0.011905
kisha	yeye	0.011905
kisha	kama	0.008929
kisha	akajiunga	0.008929
kisha	kuhamia	0.008929
kisha	baadae	0.008929
kisha	kwa	0.008929
kisha	kutoka	0.008929
kisha	wakaenda	0.008929
kisicho	na	0.400000
kisicho	cha	0.333333
kisima	kwa	0.166667
kisima	cha	0.125000
kisima	chenye	0.125000
kisoshalisti	ya	0.454545
kisovyeti	ya	0.173913
kisovyeti	katika	0.130435
kisu	cha	0.250000
kiswahili	na	0.101695
kiswahili	ni	0.096045
kiswahili	kwa	0.084746
kiswahili	katika	0.050847
kiswahili	ya	0.045198
kiswahili	kama	0.033898
kiswahili	cha	0.028249
kiswahili	lenye	0.022599
kiswahili	sanifu	0.022599
kiswahili	chuo	0.022599
kiswahili	kupitia	0.022599
kiswahili	kutoka	0.016949
kiswahili	njia	0.016949
kiswahili	kiingereza	0.016949
kitaalamu	ni	0.147059
kitaalamu	katika	0.088235
kitaalamu	ambayo	0.088235
kitaalamu	na	0.088235
kitabia	na	0.233333
kitai	ya	0.905660
kitambo	wa	0.153846
kitambo	sana	0.076923
kitanda	cha	0.472222
kitanda	chake	0.083333
kitanda	hiki	0.083333
kiteknolojia	na	0.200000
kitongoji	cha	0.592593
kitongoji	hiki	0.111111
kitu	cha	0.103896
kitu	chochote	0.071429
kitu	ambacho	0.064935
kitu	fulani	0.058442
kitu	kimoja	0.058442
kitu	kama	0.051948
kitu	chenye	0.038961
kitu	kingine	0.035714
kitu	kwa	0.029221
kitu	hicho	0.022727
kitu	gani	0.022727
kitu	kilichokuwa	0.019481
kitu	au	0.019481
kitu	na	0.019481
kitu	kidogo	0.016234
kitu	kipya	0.009740
kitu	kina	0.009740
kitu	kilicho	0.009740
kitu	kuhusu	0.009740
kitu	katika	0.009740
kitu	tena	0.009740
kitu	ni	0.009740
kitu	kutoka	0.009740
kitu	kikubwa	0.009740
kitu	kinachoitwa	0.009740
kiuchumi	na	0.208955
kiuchumi	ya	0.094527
kiuchumi	wa	0.064677
kiuchumi	kwa	0.059701
kiuchumi	katika	0.049751
kiuchumi	za	0.039801
kiuchumi	kijamii	0.024876
kiuchumi	cha	0.024876
kiuchumi	ambayo	0.019900
kiuchumi	ni	0.019900
kiuchumi	nchini	0.019900
kiuchumi	kisiasa	0.019900
kiuchumi	au	0.014925
kiumbe	hai	0.095238
kiumbe	cha	0.079365
kiumbe	chochote	0.047619
kiumbe	kipya	0.047619
kiumbe	wa	0.047619
kiumbe	hicho	0.047619
kiume	na	0.194631
kiume	wa	0.100671
kiume	ambao	0.040268
kiume	katika	0.040268
kiume	ni	0.040268
kiume	anaitwa	0.020134
kiume	lakini	0.020134
kiunzi	cha	0.500000
kiunzi	nje	0.181818
kiutu	na	0.250000
kiwandani	na	0.307692
kizhuang	ya	0.920000
kizunguzungu	na	0.250000
kizuri	cha	0.400000
kizuri	kwa	0.100000
km	na	0.224138
km	kutoka	0.077586
km	za	0.051724
km	upande	0.051724
km	kaskazini	0.025862
km	kabla	0.025862
km	tu	0.025862
km	kwa	0.025862
km	maili	0.025862
km	pekee	0.025862
km	h	0.025862
kocha	wa	0.340659
kocha	mkuu	0.153846
kocha	wake	0.065934
kocha	msaidizi	0.054945
kocha	anaweza	0.043956
kocha	wao	0.032967
kompyuta	ya	0.104972
kompyuta	na	0.066298
kompyuta	za	0.055249
kompyuta	kwa	0.044199
kompyuta	binafsi	0.033149
kompyuta	nyingine	0.033149
kompyuta	yake	0.027624
kompyuta	katika	0.027624
kompyuta	ili	0.022099
kompyuta	tangu	0.016575
kompyuta	toka	0.016575
kompyuta	zenye	0.016575
kompyuta	au	0.016575
kona	ya	0.457143
kona	kali	0.114286
kong	na	0.250000
kosa	la	0.419355
kosa	lake	0.075269
kosa	kwa	0.053763
kosa	na	0.043011
kosa	kuwa	0.032258
kosa	ndogo	0.032258
kosa	hilo	0.032258
kosa	kubwa	0.032258
krioli	huwa	0.315789
kristo	na	0.173913
kristo	yesu	0.104348
kristo	kwa	0.078261
kristo	naye	0.043478
kristo	alikufa	0.034783
kristo	ni	0.034783
kristo	tu	0.026087
kristo	mwana	0.026087
kristo	mbele	0.026087
kristo	kama	0.026087
kristo	katika	0.026087
kristo	bwana	0.026087
kromosomu	x	0.236842
kromosomu	y	0.105263
kromosomu	moja	0.078947
kromosomu	ya	0.078947
kuacha	lugha	0.163043
kuacha	pombe	0.054348
kuacha	nafasi	0.043478
kuacha	kazi	0.038043
kuacha	shule	0.027174
kuacha	kutumia	0.021739
kuacha	kabisa	0.021739
kuacha	na	0.021739
kuacha	kunywa	0.016304
kuacha	matumizi	0.016304
kuacha	wengine	0.016304
kuandika	na	0.059829
kuandika	kwa	0.051282
kuandika	vitabu	0.051282
kuandika	nyimbo	0.047009
kuandika	mashairi	0.042735
kuandika	makala	0.029915
kuandika	kitabu	0.025641
kuandika	habari	0.021368
kuandika	haiku	0.017094
kuandika	hadithi	0.012821
kuandika	juu	0.012821
kuandika	katika	0.012821
kuandika	riwaya	0.012821
kuandika	tawasifu	0.012821
kuandika	barua	0.012821
kuandika	wimbo	0.012821
kuandika	sheria	0.012821
kuba	na	0.120000
kuba	kwa	0.120000
kubashiri	michezo	0.200000
kubatizwa	na	0.250000
kubatizwa	lilikuwa	0.187500
kuboreshwa	kwa	0.500000
kubuni	na	0.160714
kubuni	njia	0.053571
kubuni	nadharia	0.053571
kuchapisha	vitabu	0.087719
kuchapisha	gazeti	0.087719
kuchapisha	picha	0.052632
kuchapisha	kitabu	0.052632
kuchapisha	magazeti	0.052632
kuchapishwa	katika	0.144928
kuchapishwa	kwa	0.130435
kuchapishwa	kila	0.101449
kuchapishwa	na	0.086957
kuchapishwa	mnamo	0.072464
kuchapishwa	mara	0.057971
kuchapishwa	tena	0.057971
kuchapishwa	nchini	0.043478
kucheza	katika	0.183673
kucheza	kama	0.096939
kucheza	na	0.061224
kucheza	kwa	0.051020
kucheza	ngoma	0.045918
kucheza	mechi	0.038265
kucheza	filamu	0.035714
kucheza	mpira	0.033163
kucheza	michezo	0.020408
kucheza	kwenye	0.017857
kucheza	muziki	0.012755
kucheza	kandanda	0.012755
kucheza	dakika	0.012755
kucheza	timu	0.012755
kucheza	soka	0.012755
kucheza	uhusika	0.012755
kucheza	sehemu	0.012755
kucheza	msimu	0.012755
kucheza	huku	0.010204
kucheza	mchezo	0.010204
kucheza	fainali	0.007653
kucheza	sinema	0.007653
kucheza	piano	0.007653
kucheza	watu	0.007653
kucheza	nafasi	0.007653
kuchezea	timu	0.325000
kuchomwa	na	0.321429
kuchomwa	moto	0.142857
kuchomwa	kwa	0.142857
kuchukua	nafasi	0.130268
kuchukua	hatua	0.068966
kuchukua	sampuli	0.034483
kuchukua	muda	0.030651
kuchukua	udhibiti	0.019157
kuchukua	madaraka	0.019157
kuchukua	jukumu	0.019157
kuchukua	picha	0.015326
kuchukua	wiki	0.011494
kuchukua	masomo	0.011494
kuchukua	faida	0.011494
kuchukua	baiskeli	0.011494
kuchukua	watazamaji	0.011494
kudhibiti	uzazi	0.130435
kudhibiti	na	0.059783
kudhibiti	vvu	0.048913
kudhibiti	dalili	0.027174
kudhibiti	magonjwa	0.027174
kudhibiti	virusi	0.021739
kudhibiti	wadudu	0.016304
kudhibiti	mfumo	0.016304
kudhibiti	mwendo	0.016304
kudhibiti	kwa	0.016304
kudhibiti	ugonjwa	0.016304
kudhibiti	shinikizo	0.016304
kudhibitisha	matumizi	0.437500
kuelewa	jinsi	0.066667
kuelewa	na	0.058333
kuelewa	kwa	0.050000
kuelewa	utamaduni	0.033333
kuelewa	vizuri	0.025000
kuelezea	tabia	0.054054
kuelezea	mapenzi	0.040541
kuelezea	hali	0.040541
kuenda	chuo	0.129032
kuenda	shuleni	0.096774
kuenda	nchi	0.096774
kuendelea	na	0.282443
kuendelea	kwa	0.141221
kuendelea	kuishi	0.053435
kuendelea	kuwa	0.038168
kuendelea	hadi	0.022901
kuendelea	kama	0.019084
kuendelea	kutumia	0.019084
kuendelea	katika	0.015267
kuendelea	kufanya	0.015267
kuendelea	au	0.015267
kuendelea	bila	0.015267
kuendelea	baada	0.011450
kuendelea	kutokana	0.011450
kuendelea	kuzalisha	0.011450
kuendelea	mpaka	0.011450
kuendelea	tena	0.011450
kuendelezwa	kwa	0.428571
kueneza	habari	0.147541
kueneza	kwa	0.065574
kueneza	ugonjwa	0.065574
kueneza	injili	0.049180
kuepukana	na	0.818182
kufa	kwa	0.204724
kufa	kwake	0.078740
kufa	na	0.070866
kufa	ganzi	0.039370
kufa	kutokana	0.039370
kufa	ni	0.031496
kufa	tu	0.023622
kufa	wa	0.023622
kufa	lakini	0.023622
kufa	kuliko	0.023622
kufa	maji	0.023622
kufa	kama	0.023622
kufaa	kwa	0.258065
kufaa	katika	0.129032
kufaa	na	0.096774
kufanana	na	0.550000
kufanikisha	mpango	0.125000
kufanikisha	suala	0.093750
kufanikisha	malengo	0.093750
kufeli	katika	0.518519
kufika	katika	0.191489
kufika	kwa	0.122340
kufika	kwenye	0.047872
kufika	maeneo	0.021277
kufika	fainali	0.021277
kufika	nafasi	0.021277
kufika	hadi	0.021277
kufika	kwake	0.015957
kufika	hapa	0.015957
kufika	namba	0.015957
kufika	nyumbani	0.015957
kufika	afrika	0.015957
kufika	nusu	0.015957
kufikiri	kuwa	0.176471
kufikisha	ujumbe	0.175000
kufikisha	mpira	0.075000
kufuatana	na	0.998801
kufukuzwa	kwa	0.352941
kufukuzwa	nchini	0.147059
kufukuzwa	katika	0.088235
kufunga	mabao	0.168224
kufunga	bao	0.121495
kufunga	kwa	0.074766
kufunga	goli	0.056075
kufunga	ndoa	0.046729
kufunga	magoli	0.046729
kufungana	kwa	0.958333
kufungua	tawi	0.076923
kufuta	kumbukumbu	0.111111
kufutwa	kazi	0.285714
kufutwa	kwa	0.214286
kufutwa	na	0.214286
kugawanywa	katika	0.481481
kugawanywa	kuwa	0.111111
kuhamishwa	kwa	0.315789
kuhamishwa	kutoka	0.157895
kuhani	mkuu	0.562500
kuhani	na	0.187500
kuharibika	kwa	0.672727
kuharibu	seli	0.083333
kuharibu	kundi	0.050000
kuharibu	mali	0.050000
kuhatarisha	maisha	0.466667
kuheshimiwa	kama	0.214286
kuhitimu	masomo	0.111111
kuhitimu	kutoka	0.098765
kuhitimu	kiwango	0.074074
kuhitimu	kucheza	0.049383
kuhitimu	mwaka	0.049383
kuhitimu	elimu	0.049383
kuhitimu	mnamo	0.037037
kuhitimu	katika	0.037037
kuhitimu	kwa	0.037037
kuhusishwa	na	0.744681
kuhusishwa	kwa	0.085106
kuhusishwa	katika	0.063830
kuingiza	sumu	0.082192
kuingiza	hewa	0.082192
kuingizwa	katika	0.260870
kuingizwa	kwa	0.173913
kuisha	kwa	0.250000
kuisha	na	0.125000
kuisha	saa	0.125000
kuitikia	wito	0.250000
kujaa	maji	0.214286
kujeruhiwa	kwa	0.230769
kujiandikisha	katika	0.428571
kujifanya	kama	0.250000
kujifungua	kwa	0.333333
kujifungua	na	0.250000
kujihami	na	0.307692
kujilinda	na	0.363636
kujipatia	umaarufu	0.169811
kujipatia	riziki	0.075472
kujipatia	kipato	0.056604
kujitokeza	kwa	0.232558
kujitokeza	mara	0.069767
kujitokeza	kama	0.069767
kujua	ni	0.049383
kujua	kwamba	0.043210
kujua	kuhusu	0.037037
kujua	jinsi	0.037037
kujua	na	0.030864
kujua	kuwa	0.030864
kujua	kwa	0.030864
kujua	kusoma	0.024691
kujua	kama	0.024691
kujua	ukweli	0.024691
kujua	nini	0.018519
kujua	habari	0.018519
kujua	zaidi	0.018519
kujumuishwa	katika	0.461538
kukabidhi	sehemu	0.230769
kukabiliana	na	0.920455
kukamilika	kwa	0.322581
kukamilika	mwaka	0.193548
kukojoa	kila	0.333333
kukojoa	na	0.250000
kukua	kwa	0.322581
kukua	na	0.167742
kukua	katika	0.064516
kukua	haraka	0.032258
kukua	hadi	0.032258
kukua	ndani	0.019355
kukua	kuwa	0.019355
kukua	vizuri	0.019355
kukua	huku	0.019355
kukubalika	kwa	0.235294
kukubalika	na	0.176471
kukubalika	kwake	0.176471
kukusanya	habari	0.059524
kukusanya	data	0.047619
kukusanya	pesa	0.035714
kukusanya	fedha	0.035714
kukusanya	maji	0.035714
kukusanya	kodi	0.035714
kukusanya	elimu	0.035714
kukusanya	na	0.035714
kukusanya	mawazo	0.035714
kula	chakula	0.151515
kula	na	0.121212
kula	kwa	0.042424
kula	vyakula	0.036364
kula	nyasi	0.030303
kula	ni	0.030303
kula	nyama	0.030303
kula	au	0.024242
kula	mabaki	0.018182
kula	matunda	0.018182
kula	wadudu	0.018182
kula	kete	0.018182
kula	mayai	0.018182
kula	mpaka	0.018182
kuliko	yote	0.031625
kuliko	wote	0.025082
kuliko	ile	0.022901
kuliko	zote	0.017448
kuliko	kawaida	0.016358
kuliko	wanawake	0.015267
kuliko	wengine	0.015267
kuliko	nchi	0.015267
kuliko	zile	0.014177
kuliko	ya	0.014177
kuliko	katika	0.013086
kuliko	wanaume	0.013086
kuliko	kwa	0.013086
kuliko	wale	0.010905
kuliko	hata	0.009815
kuliko	watu	0.009815
kuliko	maji	0.008724
kuliko	ule	0.007634
kuliko	awali	0.007634
kuliko	wa	0.007634
kuliko	wanyama	0.006543
kuliko	yale	0.006543
kuliko	na	0.006543
kuliko	mwili	0.005453
kuliko	vile	0.005453
kuliko	hapo	0.005453
kuliko	mengine	0.005453
kuliko	aina	0.005453
kuliko	jike	0.005453
kuliko	kile	0.005453
kuliko	nyingine	0.005453
kuliko	za	0.005453
kuliko	timu	0.005453
kuliko	vyote	0.005453
kuliko	majike	0.005453
kuliko	maziwa	0.004362
kuliko	ilivyokuwa	0.004362
kuliko	kama	0.004362
kuliko	zamani	0.004362
kuliko	wenzao	0.004362
kumbe	ni	0.057692
kumbe	katika	0.048077
kumbe	kuna	0.028846
kumbe	mwanamume	0.028846
kumbe	upande	0.028846
kumekuwa	na	0.913043
kumeza	dawa	0.258065
kumeza	au	0.096774
kumfanya	kuwa	0.133333
kumfanya	mtu	0.088889
kumfanya	awe	0.088889
kumfanya	kila	0.066667
kumi	na	0.590000
kumi	ya	0.046000
kumi	tu	0.044000
kumi	bora	0.036000
kumi	katika	0.024000
kumi	kwa	0.016000
kumi	za	0.014000
kumi	mfukoni	0.012000
kumi	wa	0.012000
kumi	lakini	0.010000
kumi	au	0.010000
kumi	mwaka	0.008000
kumi	kati	0.008000
kumi	baadaye	0.008000
kumi	pamoja	0.006000
kumi	iliyopita	0.006000
kumi	jioni	0.006000
kumpiga	risasi	0.214286
kumshinda	mpinzani	0.266667
kumuona	mungu	0.238095
kumuona	daktari	0.142857
kunako	mwaka	0.500000
kunako	miaka	0.212766
kunako	tar	0.117021
kunako	mwezi	0.085106
kundini	baada	0.272727
kundinyota	hili	0.174603
kundinyota	kubwa	0.095238
kundinyota	ya	0.079365
kundinyota	la	0.079365
kundinyota	linaitwa	0.063492
kundinyota	akiandika	0.047619
kundinyota	fulani	0.047619
kundinyota	hii	0.047619
kunguni	wa	0.181818
kununuliwa	na	0.285714
kuoa	wake	0.176471
kuoana	kwa	0.200000
kuoana	mnamo	0.200000
kuoga	kwa	0.266667
kuogelea	na	0.303030
kuogelea	au	0.090909
kuondolewa	kwa	0.538462
kuondolewa	kutoka	0.064103
kuondolewa	katika	0.038462
kuongezwa	kwa	0.206897
kuongezwa	katika	0.137931
kuongezwa	damu	0.103448
kuongoza	filamu	0.059259
kuongoza	kwa	0.059259
kuongoza	na	0.051852
kuongoza	katika	0.044444
kuongoza	kundi	0.037037
kuongoza	ibada	0.022222
kuongoza	nchi	0.022222
kuongoza	timu	0.022222
kuongoza	chama	0.022222
kupanua	uelewa	0.054545
kupanusha	eneo	0.285714
kupanusha	utawala	0.214286
kupelekea	kuwa	0.042857
kupendana	na	0.333333
kupikia	na	0.428571
kupita	kiasi	0.398990
kupita	kwa	0.070707
kupita	maelezo	0.050505
kupita	katika	0.040404
kupita	kwenye	0.025253
kupita	na	0.020202
kupita	hata	0.015152
kupita	kiwango	0.015152
kupita	zote	0.015152
kupitishwa	kwa	0.366667
kupitishwa	na	0.100000
kupitishwa	kwenye	0.100000
kupokelewa	na	0.333333
kupokelewa	vizuri	0.250000
kupooza	kwa	0.600000
kuporomoka	kwa	0.764706
kupumua	kwa	0.175676
kupumua	na	0.121622
kupumua	ni	0.040541
kupumua	hewa	0.040541
kurahisisha	kazi	0.166667
kurahisisha	na	0.100000
kurasa	za	0.224138
kurasa	zake	0.086207
kurasa	nne	0.051724
kurasa	zao	0.051724
kurejelea	matumizi	0.173913
kurekodiwa	na	0.333333
kurekodiwa	katika	0.142857
kuripoti	kuhusu	0.160000
kuruhusu	vyama	0.037975
kuruhusu	mtu	0.037975
kusafiri	na	0.121951
kusafiri	kwa	0.121951
kusafiri	hadi	0.048780
kusafiri	katika	0.036585
kusafiri	kwenda	0.036585
kusafiri	kupitia	0.036585
kusafiri	sana	0.036585
kusafiri	tena	0.036585
kusafiri	kutoka	0.036585
kusaidiwa	na	0.666667
kushawishi	na	0.176471
kushikamana	na	0.666667
kushikamana	kwa	0.166667
kushikilia	rekodi	0.090909
kushikilia	na	0.068182
kushikwa	na	0.375000
kushikwa	kwa	0.312500
kushindana	na	0.404762
kushindana	katika	0.238095
kushindana	kwa	0.071429
kushughulika	na	0.578947
kusitisha	mapigano	0.156250
kusitisha	matumizi	0.125000
kusitisha	sigara	0.125000
kusogea	mbali	0.250000
kusogea	mbele	0.250000
kusogea	kwa	0.187500
kusoma	na	0.158974
kusoma	katika	0.056410
kusoma	kwa	0.051282
kusoma	vitabu	0.035897
kusoma	sheria	0.030769
kusoma	shule	0.025641
kusoma	biblia	0.020513
kusoma	kwenye	0.015385
kusoma	chuo	0.015385
kusoma	ni	0.015385
kustahimili	glukosi	0.166667
kusubiri	muda	0.142857
kusubiri	hadi	0.142857
kusubiri	kwa	0.107143
kutafsiriwa	katika	0.333333
kutaga	mayai	0.620690
kutaka	kuwa	0.083333
kutaka	kujua	0.069444
kutaka	kumuua	0.041667
kutakuwa	na	0.823529
kutambua	na	0.059908
kutambua	ugonjwa	0.050691
kutambua	kwamba	0.050691
kutambua	kuwa	0.027650
kutambua	iwapo	0.023041
kutambua	ya	0.018433
kutambua	uwepo	0.018433
kutambua	tofauti	0.018433
kutambua	ni	0.018433
kutambua	mambo	0.013825
kutambua	hali	0.013825
kutambua	matatizo	0.013825
kutambua	kazi	0.013825
kutambua	wagonjwa	0.013825
kutambua	mchango	0.013825
kutambua	katika	0.013825
kutatua	matatizo	0.268293
kutatua	tatizo	0.243902
kutatua	migogoro	0.121951
kutatua	shida	0.073171
kutawaliwa	na	0.583333
kutegemeana	na	0.823529
kuteka	nyara	0.160000
kutengana	na	0.230769
kutengana	kwa	0.230769
kutibu	magonjwa	0.107143
kutibu	ugonjwa	0.059524
kutibu	maumivu	0.059524
kutibu	na	0.035714
kutibu	dalili	0.029762
kutibu	malaria	0.029762
kutibu	mfadhaiko	0.023810
kutibu	jongo	0.023810
kutibu	wagonjwa	0.023810
kutibu	hali	0.023810
kutibu	maambukizi	0.017857
kutibu	wasiwasi	0.017857
kutibu	maradhi	0.017857
kutibu	upungufu	0.017857
kutibu	shida	0.017857
kutibu	majeraha	0.017857
kutibu	kwa	0.017857
kutoa	albamu	0.068571
kutoa	huduma	0.044286
kutoa	taarifa	0.028571
kutoa	misaada	0.025714
kutoa	msaada	0.022857
kutoa	habari	0.021429
kutoa	zaka	0.018571
kutoa	wimbo	0.015714
kutoa	maoni	0.014286
kutoa	mafunzo	0.014286
kutoa	mchango	0.012857
kutoa	nyimbo	0.011429
kutoa	na	0.011429
kutoa	ushauri	0.010000
kutoa	kibao	0.010000
kutoa	maelezo	0.010000
kutoa	madai	0.010000
kutoa	elimu	0.010000
kutoa	mahari	0.010000
kutoa	nafasi	0.010000
kutoa	sadaka	0.008571
kutoa	ushahidi	0.008571
kutoa	maji	0.008571
kutoa	faida	0.008571
kutoa	vibao	0.007143
kutoa	matokeo	0.007143
kutoa	kwa	0.007143
kutoa	nakala	0.005714
kutoa	sauti	0.005714
kutoa	maneno	0.005714
kutoa	nguvu	0.005714
kutoa	maamuzi	0.005714
kutoa	shahada	0.005714
kutoa	kibali	0.005714
kutoa	joto	0.005714
kutoa	uamuzi	0.005714
kutoa	pasi	0.004286
kutoa	hukumu	0.004286
kutoa	fedha	0.004286
kutoa	majibu	0.004286
kutoka	kwa	0.215467
kutoka	katika	0.062400
kutoka	kwenye	0.030400
kutoka	nchi	0.024267
kutoka	chuo	0.021067
kutoka	hadi	0.014667
kutoka	sehemu	0.013600
kutoka	nje	0.011467
kutoka	mwaka	0.011467
kutoka	afrika	0.011200
kutoka	ulaya	0.009067
kutoka	juu	0.008800
kutoka	shule	0.008267
kutoka	hapa	0.008267
kutoka	eneo	0.007200
kutoka	na	0.006933
kutoka	maeneo	0.006400
kutoka	marekani	0.005333
kutoka	duniani	0.005333
kutoka	kaskazini	0.005067
kutoka	uingereza	0.004800
kutoka	albamu	0.004800
kutoka	kenya	0.004800
kutoka	nchini	0.004533
kutoka	hapo	0.004533
kutoka	kwake	0.004267
kutoka	huko	0.004267
kutoka	ndani	0.004000
kutoka	mjini	0.004000
kutoka	mahali	0.003733
kutoka	pande	0.003733
kutoka	asilimia	0.003733
kutoka	dunia	0.003733
kutoka	mji	0.003733
kutoka	chini	0.003200
kutoka	nyumbani	0.003200
kutoka	miaka	0.003200
kutoka	lugha	0.003200
kutoka	kituo	0.002933
kutoka	kila	0.002933
kutokwa	na	0.789474
kutoroka	na	0.250000
kutoroka	kutoka	0.111111
kutoroka	katika	0.083333
kutoroka	kwenye	0.083333
kutosha	kwa	0.130178
kutosha	na	0.076923
kutosha	ili	0.071006
kutosha	wa	0.059172
kutosha	ya	0.035503
kutosha	katika	0.023669
kutosha	za	0.023669
kutosha	au	0.017751
kutosha	kwenye	0.017751
kutosha	kuhusu	0.017751
kutosha	inaweza	0.017751
kutosha	kama	0.017751
kutoweka	kabisa	0.725806
kutoweka	hivi	0.141935
kutoweka	kwa	0.058065
kutoweka	na	0.016129
kutoweka	kwake	0.009677
kutulia	na	0.307692
kutumbuiza	katika	0.300000
kutumbuiza	kwenye	0.250000
kutumia	mbinu	0.039370
kutumia	dawa	0.033465
kutumia	lugha	0.030512
kutumia	jina	0.027559
kutumia	njia	0.021654
kutumia	nguvu	0.021654
kutumia	madawa	0.015748
kutumia	vifaa	0.012795
kutumia	silaha	0.011811
kutumia	neno	0.010827
kutumia	mfumo	0.009843
kutumia	uwezo	0.007874
kutumia	majina	0.007874
kutumia	sehemu	0.007874
kutumia	muda	0.007874
kutumia	kwa	0.007874
kutumia	matibabu	0.007874
kutumia	teknolojia	0.007874
kutumia	aina	0.006890
kutumia	mitambo	0.006890
kutumia	nafasi	0.006890
kutumia	darubini	0.005906
kutumia	ndege	0.005906
kutumia	mikono	0.005906
kutumia	bidhaa	0.005906
kutumia	na	0.005906
kutumia	bunduki	0.005906
kutumia	maji	0.005906
kutumia	ishara	0.005906
kutumia	steroidi	0.004921
kutumia	akili	0.004921
kutumia	vyombo	0.004921
kutumia	chombo	0.004921
kutumia	pesa	0.004921
kutumia	mtandao	0.004921
kutumia	tiba	0.004921
kutumia	mashine	0.004921
kutumia	vipimo	0.004921
kutumia	sindano	0.004921
kutumia	maneno	0.004921
kutumikia	kama	0.193548
kutumikia	katika	0.129032
kutumikia	kifungo	0.129032
kutungwa	na	0.437500
kutunukiwa	cheti	0.185185
kutunukiwa	shahada	0.185185
kutunukiwa	platinamu	0.111111
kuuliza	maswali	0.266667
kuvaa	nguo	0.194444
kuvaa	mavazi	0.111111
kuvaa	barakoa	0.083333
kuvaa	kofia	0.083333
kuvutia	sana	0.119048
kuvutia	watu	0.095238
kuvutia	na	0.095238
kuvutia	zaidi	0.071429
kuvutia	kwa	0.047619
kuvutia	ya	0.035714
kuwafanya	watu	0.263158
kuwahi	kutokea	0.131579
kuwahi	kufika	0.105263
kuwahi	kushinda	0.078947
kuwasaidia	watu	0.111111
kuwasaidia	watoto	0.074074
kuwasaidia	wakimbizi	0.037037
kuwasaidia	wagonjwa	0.037037
kuwasaidia	wale	0.037037
kuwasilisha	habari	0.142857
kuwasilisha	huduma	0.085714
kuwaunganisha	watu	0.384615
kuwekwa	katika	0.211111
kuwekwa	kwenye	0.133333
kuwekwa	kwa	0.077778
kuwekwa	pamoja	0.055556
kuwekwa	kizuizini	0.044444
kuwekwa	juu	0.033333
kuwekwa	wakfu	0.033333
kuwekwa	ndani	0.033333
kuwekwa	chini	0.033333
kuweza	kupata	0.051724
kuweza	kufanya	0.034483
kuweza	kujua	0.034483
kuweza	kuuza	0.025862
kuweza	kuingia	0.025862
kuweza	kutoa	0.025862
kuzungumza	na	0.263158
kuzungumza	lugha	0.236842
kuzungumza	juu	0.052632
kuzungumza	naye	0.039474
kuzungumza	kwa	0.039474
kwaya	ya	0.333333
kwaya	kwa	0.071429
kweli	na	0.092857
kweli	ni	0.042857
kweli	ya	0.039286
kweli	lakini	0.032143
kweli	wa	0.028571
kweli	katika	0.028571
kweli	au	0.025000
kweli	kwa	0.025000
kweli	kama	0.017857
kweli	kwamba	0.014286
kweli	mtu	0.014286
kweli	hata	0.014286
kweli	wakati	0.014286
kweli	ilikuwa	0.010714
kweli	kweli	0.010714
kweli	la	0.010714
kweli	tu	0.010714
kweli	unaweza	0.010714
kweli	mara	0.010714
kweli	kabisa	0.010714
kweli	mungu	0.010714
kweli	ili	0.010714
kweli	kuwa	0.010714
kweli	yoh	0.010714
kweli	za	0.010714
kwenu	na	0.294118
kwenu	kwa	0.176471
kwingi	kwa	0.230769
kwingi	katika	0.230769
königsberg	kwa	0.250000
l	na	0.112676
l	mg	0.098592
l	a	0.042254
l	l	0.042254
l	j	0.042254
la	kioseaniki	0.029186
la	kwanza	0.020775
la	damu	0.012580
la	dunia	0.012149
la	kichadiki	0.012077
la	kifilipino	0.011933
la	kiaryan	0.011214
la	kiadamawa	0.010064
la	kimataifa	0.007189
la	pili	0.007189
la	kisal	0.006901
la	kiborneo	0.006038
la	mji	0.005967
la	marekani	0.005895
la	kingwi	0.005823
la	kigur	0.005823
la	kilomita	0.005751
la	afrika	0.005535
la	kuzaliwa	0.005535
la	juu	0.005463
la	the	0.005176
la	kipama	0.005176
la	mto	0.004816
la	c	0.004601
la	mwisho	0.004457
la	kawaida	0.004385
la	muziki	0.004313
la	watu	0.004241
la	kicelebiki	0.004169
la	kibodish	0.004097
la	kimande	0.004026
la	a	0.003954
la	cross	0.003954
la	kikwa	0.003810
la	kimaluku	0.003594
la	kiatlantiki	0.003594
la	kinilotiki	0.003522
la	plateau	0.003522
la	kikainji	0.003451
la	nchi	0.003379
lagos	nigeria	0.178571
lagos	na	0.178571
lake	la	0.350165
lake	ni	0.105379
lake	lenyewe	0.099890
lake	na	0.041712
lake	kwa	0.037322
lake	katika	0.026345
lake	lilikuwa	0.024149
lake	halisi	0.017563
lake	kama	0.014270
lake	kuwa	0.012075
lake	kutoka	0.007684
lake	hadi	0.007684
lake	lakini	0.007684
lake	kubwa	0.006586
lake	kutokana	0.006586
lake	kuu	0.006586
lake	mwenyewe	0.005488
lake	baada	0.005488
lake	dhidi	0.005488
lake	bado	0.004391
lake	huko	0.003293
lake	lote	0.003293
lake	yeye	0.003293
lake	lina	0.003293
lake	au	0.003293
lake	tu	0.003293
lake	likawa	0.003293
lake	linatokana	0.003293
lake	mara	0.003293
laki	sita	0.200000
lakini	kwa	0.051850
lakini	pia	0.044283
lakini	si	0.025785
lakini	kuna	0.020740
lakini	katika	0.019899
lakini	ni	0.019339
lakini	baadaye	0.019058
lakini	bado	0.014854
lakini	baada	0.013733
lakini	hakuna	0.013453
lakini	wakati	0.011491
lakini	mara	0.010090
lakini	hii	0.008688
lakini	wengine	0.008408
lakini	hata	0.008128
lakini	sasa	0.007848
lakini	wengi	0.007848
lakini	watu	0.007567
lakini	kama	0.007567
lakini	bila	0.007287
lakini	siku	0.006446
lakini	hali	0.006166
lakini	spishi	0.005886
lakini	tangu	0.005605
lakini	sehemu	0.005325
lakini	alishindwa	0.005045
lakini	idadi	0.004765
lakini	hadi	0.004484
lakini	hatimaye	0.004484
lakini	yeye	0.004484
lakini	baadhi	0.004484
lakini	kila	0.004484
lakini	alikuwa	0.004204
lakini	kutokana	0.004204
lakini	mtu	0.003643
lakini	walishindwa	0.003363
lakini	hasa	0.003363
lakini	mwaka	0.003363
lakini	mungu	0.003363
lakini	huwa	0.003363
laweza	kurejea	0.307692
lazima	kwa	0.071429
lazima	iwe	0.068027
lazima	ya	0.044218
lazima	pia	0.034014
lazima	awe	0.030612
lazima	kuwa	0.027211
lazima	na	0.023810
lazima	uwe	0.023810
lazima	wawe	0.020408
lazima	kutumia	0.020408
lazima	mtu	0.017007
lazima	kuingia	0.010204
lazima	ni	0.010204
lazima	katika	0.010204
lazima	kila	0.010204
lazima	kwanza	0.010204
lazima	kuwe	0.010204
lebo	ya	0.415094
lebo	hiyo	0.094340
lebo	yake	0.075472
lebo	hii	0.056604
lebo	za	0.056604
leeds	united	0.421053
leone	na	0.235294
leptini	na	0.375000
letu	na	0.250000
lewis	na	0.200000
lile	la	0.445455
lile	ambalo	0.036364
lile	lilikuwa	0.036364
lile	kundi	0.027273
lile	lakini	0.027273
lile	lile	0.027273
lile	na	0.027273
lilibadilishwa	kuwa	0.400000
lilibadilishwa	na	0.250000
lililofanyika	katika	0.285714
lililofanyika	tarehe	0.214286
lilitokana	na	0.954545
lilitolewa	kwa	0.185185
lilitolewa	na	0.111111
lilitolewa	mwaka	0.111111
lilitolewa	mnamo	0.111111
lilitumiwa	pia	0.230769
liliundwa	na	0.333333
liliundwa	mwaka	0.125000
linajulikana	kama	0.611111
linajulikana	kwa	0.277778
linatumiwa	kwa	0.285714
lishe	ya	0.166667
lishe	bora	0.106061
lishe	na	0.106061
lishe	kutoka	0.045455
liturujia	ya	0.214286
liverpool	kwa	0.107143
liverpool	echo	0.107143
liz	wilson	0.272727
ll	cool	0.375000
ll	be	0.312500
lord	s	0.416667
lord	of	0.333333
lori	la	0.136364
lori	na	0.136364
lote	la	0.360656
lote	hufikia	0.131148
lote	kwa	0.049180
love	na	0.183673
love	you	0.142857
ltd	ambayo	0.130435
maabara	ya	0.285714
maabara	na	0.129870
maabara	yake	0.038961
maabara	ni	0.038961
maambukizo	ya	0.388889
maambukizo	miongoni	0.083333
maamuzi	ya	0.322581
maamuzi	yake	0.064516
maamuzi	hayo	0.048387
maamuzi	na	0.048387
maana	ya	0.226782
maana	yake	0.157667
maana	hiyo	0.024838
maana	kuwa	0.024838
maana	kwamba	0.022678
maana	ni	0.021598
maana	na	0.018359
maana	kwa	0.015119
maana	asilia	0.015119
maana	halisi	0.014039
maana	hii	0.012959
maana	sawa	0.010799
maana	tofauti	0.010799
maana	zaidi	0.008639
maana	sana	0.008639
maana	hata	0.008639
maana	katika	0.007559
maana	hao	0.007559
maana	kama	0.007559
maana	nyingine	0.007559
maana	wakati	0.006479
maana	mungu	0.006479
maana	watu	0.006479
maana	yoyote	0.006479
maana	mbalimbali	0.006479
maana	kila	0.005400
maana	yeye	0.005400
maana	za	0.005400
maana	nyingi	0.005400
maana	hasa	0.005400
maana	mambo	0.004320
maana	kuna	0.004320
maana	ufalme	0.004320
maana	mpya	0.004320
maana	au	0.004320
maana	moja	0.004320
maana	hadi	0.003240
maana	kuliko	0.003240
maana	pana	0.003240
maana	hali	0.003240
maanani	kwa	0.151515
maanani	zaidi	0.090909
maarufu	kama	0.114839
maarufu	kwa	0.103226
maarufu	wa	0.092903
maarufu	sana	0.082581
maarufu	zaidi	0.069677
maarufu	ya	0.054194
maarufu	na	0.046452
maarufu	katika	0.046452
maarufu	ni	0.038710
maarufu	cha	0.027097
maarufu	za	0.027097
maarufu	la	0.020645
maarufu	nchini	0.019355
maarufu	mno	0.011613
maarufu	duniani	0.011613
maarufu	kwenye	0.010323
maarufu	hasa	0.010323
maarufu	kutoka	0.010323
maarufu	kabisa	0.007742
maarufu	wakati	0.005161
maarufu	kuliko	0.005161
maarufu	kimataifa	0.005161
maarufu	ambao	0.005161
maarufu	kati	0.003871
maarufu	mnamo	0.003871
maarufu	vya	0.003871
maarufu	ulimwenguni	0.003871
maarufu	miongoni	0.003871
maarufu	pia	0.003871
maaskofu	na	0.232558
maaskofu	wa	0.116279
maaskofu	wote	0.069767
maaskofu	wao	0.069767
mabaka	meusi	0.368421
mabaka	meupe	0.157895
mabalozi	wa	0.600000
mabasi	ya	0.447368
mabasi	na	0.131579
mabaya	ya	0.414062
mabaya	kwa	0.085938
mabaya	zaidi	0.078125
mabaya	na	0.062500
mabaya	katika	0.039062
mabaya	sana	0.031250
mabingwa	wa	0.390909
mabingwa	barani	0.163636
mabingwa	ya	0.100000
mabingwa	na	0.063636
mabingwa	la	0.036364
mabingwa	mwaka	0.027273
mabingwa	ulaya	0.027273
mabingwa	katika	0.027273
mabinti	wa	0.235294
mabinti	wawili	0.235294
mabomba	ya	0.523810
mabwawa	ya	0.312500
machungwa	au	0.166667
machungwa	na	0.138889
madai	ya	0.437086
madai	hayo	0.112583
madai	haya	0.072848
madai	kuwa	0.066225
madai	kwamba	0.039735
madai	yao	0.033113
madai	yake	0.026490
madai	yote	0.026490
madai	na	0.019868
madaraja	ya	0.280000
madaraja	na	0.160000
madaraja	kadhaa	0.120000
madaraja	mawili	0.120000
madaraka	ya	0.348214
madaraka	yake	0.098214
madaraka	na	0.071429
madaraka	yote	0.053571
madaraka	kwa	0.026786
madaraka	kati	0.026786
madaraka	katika	0.026786
madarasa	ya	0.375000
madarasa	na	0.166667
madhara	ya	0.292576
madhara	yake	0.087336
madhara	kwa	0.082969
madhara	makubwa	0.052402
madhara	yoyote	0.039301
madhara	mabaya	0.034934
madhara	na	0.030568
madhara	kama	0.021834
madhara	mengi	0.021834
madhara	haya	0.021834
madhara	baada	0.013100
madhara	pia	0.013100
madhara	mengine	0.013100
madiwani	kwa	0.740741
madiwani	katika	0.185185
madoa	meupe	0.204545
madoa	ya	0.181818
madoa	na	0.090909
madoa	madogo	0.068182
madoa	meusi	0.068182
madonna	ameshinda	0.789474
madonna	ameteuliwa	0.210526
madume	wana	0.160494
madume	ni	0.123457
madume	ya	0.123457
madume	na	0.086420
madume	wengine	0.061728
madume	wa	0.049383
madume	wazima	0.037037
maelfu	ya	0.692308
maelfu	kadhaa	0.054945
maelfu	na	0.043956
maelfu	kama	0.032967
mafua	ya	0.366667
mafua	na	0.133333
magamba	ya	0.538462
magari	ya	0.317241
magari	na	0.068966
magari	haya	0.068966
magari	katika	0.048276
magari	ni	0.027586
magari	mengi	0.027586
magari	makubwa	0.020690
magari	madogo	0.020690
mageuko	ya	0.400000
mahakamani	na	0.227273
mahala	pa	0.370370
mahari	ya	0.148936
mahari	na	0.085106
mahari	kwa	0.085106
mahari	ilikuwa	0.063830
mahari	mengi	0.063830
mahiri	wa	0.310345
mahiri	katika	0.137931
mahiri	sana	0.103448
mahiri	zaidi	0.103448
mahitaji	ya	0.611429
mahitaji	yao	0.097143
mahitaji	na	0.034286
mahitaji	makubwa	0.034286
mahitaji	halisi	0.022857
mahitaji	yake	0.022857
mahitaji	haya	0.017143
mahoteli	ya	0.285714
maishani	mwao	0.244444
maishani	mwake	0.200000
maishani	ni	0.088889
maiti	ya	0.208333
maiti	yake	0.083333
maiti	za	0.062500
maiti	zaidi	0.062500
majanga	ya	0.190476
majani	ya	0.216783
majani	na	0.125874
majani	yake	0.069930
majani	kwa	0.055944
majani	au	0.048951
majani	makavu	0.027972
majani	hayo	0.027972
majani	mabichi	0.020979
majani	kwenye	0.020979
majani	ni	0.020979
majarida	ya	0.319149
majarida	na	0.127660
majarida	mengi	0.085106
majengo	ya	0.278788
majengo	mengine	0.084848
majengo	na	0.060606
majengo	mengi	0.060606
majengo	makubwa	0.042424
majengo	katika	0.024242
majengo	kadhaa	0.024242
majengo	au	0.024242
majengo	marefu	0.024242
majengo	kwa	0.018182
majengo	mapya	0.018182
majengo	hayo	0.018182
majengo	yote	0.018182
majengo	mbalimbali	0.018182
majeraha	ya	0.307692
majeraha	sugu	0.130769
majeraha	makubwa	0.107692
majeraha	madogo	0.038462
majeraha	kwa	0.030769
majeraha	yote	0.023077
majimaji	ya	0.450000
majimaji	mengi	0.075000
majini	na	0.292683
majini	au	0.073171
majini	vya	0.073171
majira	ya	0.745098
majira	mawili	0.019608
majira	yake	0.019608
majira	baridi	0.019608
majirani	yao	0.081633
majirani	wa	0.081633
majirani	wao	0.081633
majirani	waarabu	0.061224
majirani	na	0.061224
majirani	ya	0.061224
majirani	zao	0.061224
makaa	ya	0.567164
makaa	mawe	0.119403
makaa	na	0.059701
makaburu	na	0.235294
makala	ya	0.234043
makala	hii	0.106383
makala	haya	0.059574
makala	na	0.051064
makala	za	0.038298
makala	yake	0.038298
makala	katika	0.038298
makala	zaidi	0.025532
makala	kwa	0.025532
makala	kadhaa	0.021277
makala	hayo	0.021277
makala	nyingi	0.017021
makala	yao	0.017021
makala	mbalimbali	0.012766
makala	fupi	0.012766
makala	yenye	0.012766
makala	juu	0.012766
makala	mengi	0.012766
makanisa	ya	0.273684
makanisa	na	0.105263
makanisa	mengine	0.094737
makanisa	yote	0.063158
makanisa	yao	0.063158
makanisa	mengi	0.052632
makanisa	hayo	0.042105
makanisa	makubwa	0.042105
makanisa	au	0.031579
makasisi	na	0.230769
makisio	ya	0.818182
makocha	wa	0.357143
makoloni	ya	0.386364
makoloni	yake	0.136364
makombe	ya	0.500000
makusanyo	ya	0.538462
malaika	wa	0.142857
malaika	na	0.119048
malaika	wake	0.095238
malaika	zake	0.071429
malaika	ingawa	0.071429
malaria	ya	0.127273
malaria	katika	0.081818
malaria	kali	0.072727
malaria	na	0.063636
malaria	kwa	0.045455
malaria	ni	0.045455
malaria	imeenea	0.036364
malaria	inaweza	0.027273
malawi	na	0.333333
malaysia	imehesabiwa	0.392857
mali	ya	0.210970
mali	na	0.105485
mali	yake	0.075949
mali	za	0.046414
mali	imehesabiwa	0.037975
mali	kwa	0.033755
mali	katika	0.025316
mali	zote	0.021097
mali	zake	0.021097
mali	yao	0.021097
mali	zao	0.016878
mali	yote	0.012658
mali	yenye	0.012658
mali	yako	0.012658
mali	yetu	0.012658
mali	au	0.012658
malisho	ya	0.500000
man	na	0.140351
man	of	0.122807
man	with	0.070175
man	is	0.052632
man	walter	0.052632
mandugu	wa	0.785714
mantiki	ya	0.166667
manyasi	na	0.200000
manyasi	makavu	0.166667
manyasi	yenye	0.100000
maombi	ya	0.454545
maombi	na	0.090909
maombi	yao	0.090909
maombi	kwa	0.072727
maombi	mengi	0.054545
maombi	hayo	0.054545
maonesho	ya	0.277778
maono	ya	0.461538
maono	na	0.153846
maovu	yake	0.125000
maovu	na	0.125000
maovu	hayo	0.125000
maovu	ya	0.125000
map	cities	0.555556
mapambano	ya	0.392405
mapambano	na	0.101266
mapambano	yake	0.075949
mapambano	dhidi	0.050633
mapambano	yao	0.037975
mapambano	kati	0.037975
mapatano	ya	0.386364
mapatano	na	0.136364
mapatano	kati	0.079545
mapatano	mapya	0.068182
mapatano	haya	0.056818
mapatano	hayo	0.056818
mapatano	juu	0.034091
mapatano	kuhusu	0.034091
mapokezi	ya	0.416667
maquis	original	0.250000
maquis	du	0.250000
marehemu	sasa	0.076923
maria	wa	0.140625
maria	na	0.093750
maria	von	0.046875
maria	alikuwa	0.046875
marley	na	0.230769
martin	luther	0.206897
martin	na	0.103448
martin	pia	0.103448
marudio	ya	0.488889
marudio	yake	0.111111
marufuku	na	0.097744
marufuku	kwa	0.090226
marufuku	katika	0.090226
marufuku	ya	0.082707
marufuku	matumizi	0.037594
marufuku	kuvuta	0.030075
marufuku	vyama	0.030075
marufuku	za	0.030075
marufuku	uvutaji	0.022556
marufuku	kutoka	0.022556
masaa	ya	0.152542
masaa	kadhaa	0.093220
masaa	na	0.067797
masaa	mawili	0.059322
masaa	mengi	0.059322
masaa	kwa	0.050847
masaa	machache	0.042373
masaa	matatu	0.042373
masaa	manne	0.033898
masaa	baada	0.033898
masaa	hadi	0.033898
masaa	dakika	0.025424
mashaka	na	0.200000
mashaka	ya	0.200000
mashambulizi	ya	0.418919
mashambulizi	na	0.094595
mashambulizi	dhidi	0.054054
mashambulizi	hayo	0.040541
masharti	ya	0.456311
masharti	yake	0.048544
masharti	yale	0.048544
masharti	hayo	0.038835
masharti	fulani	0.038835
masharti	na	0.029126
masharti	kwa	0.029126
masi	ya	0.391304
masi	yake	0.144928
masi	za	0.072464
masi	kubwa	0.057971
masi	hii	0.043478
master	j	0.157895
matabibu	wa	0.363636
mataifa	ya	0.254967
mataifa	mengine	0.069536
mataifa	yote	0.062914
mataifa	mengi	0.059603
mataifa	wa	0.056291
mataifa	na	0.052980
mataifa	yanayostawi	0.039735
mataifa	kwa	0.026490
mataifa	mbalimbali	0.023179
mataifa	la	0.016556
mataifa	yanayoendelea	0.013245
mataifa	mapya	0.013245
mataifa	baada	0.009934
mataifa	tofauti	0.009934
mataifa	haya	0.009934
mataifa	tajiri	0.009934
mataifa	yenye	0.009934
mataifa	katika	0.009934
mataifa	washindi	0.009934
mataifa	kadhaa	0.009934
matajiri	na	0.178571
matajiri	wa	0.107143
matamshi	ya	0.422222
matamshi	yake	0.133333
matamshi	na	0.066667
matarajio	ya	0.611111
matarajio	yake	0.111111
matarajio	na	0.055556
matayarisho	ya	0.666667
mateso	ya	0.291667
mateso	na	0.093750
mateso	dhidi	0.041667
mateso	au	0.041667
mateso	hayo	0.031250
mateso	mengi	0.031250
mateso	kwa	0.031250
mateso	yote	0.031250
matibabu	ya	0.405446
matibabu	kwa	0.065053
matibabu	na	0.052950
matibabu	haya	0.028744
matibabu	ni	0.021180
matibabu	mengine	0.016641
matibabu	au	0.015129
matibabu	kama	0.013616
matibabu	maalum	0.013616
matibabu	mapya	0.012103
matibabu	hayo	0.010590
matibabu	ambayo	0.010590
matibabu	katika	0.007564
matibabu	yanayotumika	0.007564
matibabu	pia	0.007564
matibabu	zaidi	0.007564
matibabu	huwa	0.007564
matibabu	mbadala	0.007564
matibabu	bora	0.006051
matibabu	yake	0.006051
matibabu	hata	0.006051
matibabu	yote	0.006051
matibabu	mengi	0.006051
matibabu	yoyote	0.006051
matibabu	dhidi	0.006051
matibabu	mara	0.006051
matibabu	hujumuisha	0.004539
matibabu	baada	0.004539
matibabu	ambapo	0.004539
matibabu	inaweza	0.004539
matibabu	kutoka	0.004539
matibabu	yao	0.004539
matibabu	yanaweza	0.004539
matibabu	yaliyo	0.004539
matini	ya	0.125000
matini	ni	0.093750
matt	busby	0.222222
matukio	ya	0.403727
matukio	yote	0.052795
matukio	mengi	0.049689
matukio	haya	0.040373
matukio	na	0.031056
matukio	hayo	0.027950
matukio	ambayo	0.024845
matukio	mbalimbali	0.024845
matukio	mengine	0.021739
matukio	kama	0.018634
matukio	machache	0.012422
matukio	yasiyo	0.012422
matukio	makuu	0.012422
matukio	tofauti	0.009317
matukio	nchini	0.009317
matukio	katika	0.009317
mauaji	ya	0.693548
mauaji	hayo	0.037634
mauaji	yake	0.026882
mauaji	wa	0.026882
mauaji	na	0.026882
mauaji	haya	0.026882
mauaji	kwa	0.021505
maungano	ya	0.765957
maungano	wa	0.063830
mawasiliano	ya	0.334630
mawasiliano	na	0.155642
mawasiliano	kati	0.077821
mawasiliano	kwa	0.038911
mawasiliano	katika	0.023346
mawasiliano	baina	0.023346
mawasiliano	hayo	0.023346
mawasiliano	ni	0.019455
mawasiliano	kama	0.011673
mawasiliano	kutoka	0.011673
mawasiliano	lakini	0.011673
mawingu	ya	0.300000
mayai	ya	0.179641
mayai	na	0.077844
mayai	kwa	0.053892
mayai	yao	0.047904
mayai	yake	0.035928
mayai	au	0.029940
mayai	ambayo	0.029940
mayai	mawili	0.029940
mayai	kama	0.023952
mayai	matatu	0.023952
mayai	katika	0.023952
mayai	ndani	0.023952
mayai	hutofautiana	0.017964
mayai	makubwa	0.017964
mazao	ya	0.319328
mazao	mengine	0.067227
mazao	na	0.058824
mazao	kama	0.042017
mazao	kwa	0.033613
mazao	mengi	0.033613
mazao	makuu	0.033613
mazao	yao	0.025210
mazao	yote	0.025210
mazao	yake	0.025210
mazao	ni	0.025210
mazingira	ya	0.342437
mazingira	na	0.071429
mazingira	yake	0.058824
mazingira	yao	0.039916
mazingira	magumu	0.027311
mazingira	ambayo	0.025210
mazingira	yenye	0.021008
mazingira	kwa	0.018908
mazingira	ni	0.016807
mazingira	haya	0.016807
mazingira	hayo	0.012605
mazingira	bora	0.012605
mazingira	kama	0.010504
mazingira	katika	0.010504
mazingira	yetu	0.010504
mazingira	mapya	0.010504
mazingira	tofauti	0.010504
mazingira	maalumu	0.008403
mazingira	au	0.008403
mazingira	asilia	0.008403
mazingira	mazuri	0.008403
mazingira	bila	0.008403
mazingira	penye	0.008403
mazingira	karibu	0.006303
mazingira	pia	0.006303
mazingira	maalum	0.006303
mazoea	ya	0.687500
mbali	na	0.429984
mbali	mbali	0.082372
mbali	ya	0.052718
mbali	zaidi	0.047776
mbali	sana	0.034596
mbali	kwa	0.021417
mbali	za	0.019769
mbali	kutoka	0.018122
mbali	kama	0.011532
mbali	kabisa	0.009885
mbali	kidogo	0.009885
mbali	au	0.008237
mbali	lakini	0.006590
mbali	mno	0.006590
mbali	katika	0.006590
mbali	mnamo	0.006590
mbali	ili	0.006590
mbali	uwezekano	0.004942
mbali	kiasi	0.004942
mbali	naye	0.004942
mbali	bila	0.004942
mbaya	zaidi	0.135417
mbaya	ya	0.104167
mbaya	wa	0.076389
mbaya	kwa	0.072917
mbaya	na	0.055556
mbaya	za	0.048611
mbaya	sana	0.041667
mbaya	katika	0.020833
mbaya	kama	0.020833
mbaya	wakati	0.017361
mbaya	ni	0.013889
mbegu	za	0.183544
mbegu	na	0.082278
mbegu	ya	0.069620
mbegu	zake	0.031646
mbegu	au	0.031646
mbegu	moja	0.031646
mbegu	hizo	0.031646
mbegu	kwa	0.031646
mbegu	hizi	0.025316
mbegu	nyingi	0.025316
mbegu	zenye	0.025316
mbegu	ni	0.018987
mbegu	pamoja	0.018987
mbegu	hii	0.018987
mbingu	na	0.444444
mbinu	za	0.274510
mbinu	ya	0.151515
mbinu	hii	0.069519
mbinu	mbalimbali	0.042781
mbinu	hizi	0.039216
mbinu	nyingine	0.023173
mbinu	mpya	0.023173
mbinu	na	0.017825
mbinu	tofauti	0.016043
mbinu	huu	0.014260
mbinu	zingine	0.014260
mbinu	zake	0.012478
mbinu	yake	0.012478
mbinu	zao	0.012478
mbinu	kadhaa	0.010695
mbinu	ambazo	0.010695
mbinu	kama	0.010695
mbinu	ambayo	0.010695
mbinu	wa	0.008913
mbinu	iliyotumiwa	0.008913
mbinu	ni	0.007130
mbinu	bora	0.007130
mbinu	nyingi	0.007130
mbinu	hizo	0.007130
mbinu	maalum	0.005348
mbinu	yoyote	0.005348
mbinu	kuu	0.005348
mbinu	zilizopo	0.005348
mbinu	mbadala	0.005348
mbinu	iliyotumika	0.005348
mbinu	mbili	0.005348
mbinu	yenye	0.005348
mbinu	kwa	0.005348
mboga	na	0.333333
mboga	yetu	0.071429
mboga	za	0.071429
mchakato	wa	0.576355
mchakato	huu	0.108374
mchakato	huo	0.064039
mchakato	mzima	0.029557
mchakato	ambao	0.019704
mchakato	uitwao	0.014778
mchanga	na	0.186813
mchanga	wa	0.131868
mchanga	lakini	0.054945
mchanga	kwa	0.032967
mchanga	kwenye	0.032967
mchanga	kutoka	0.032967
mchapishaji	na	0.200000
mchapishaji	wa	0.200000
mchele	na	0.162162
mchele	mweupe	0.081081
mchuano	wa	0.608696
mchumba	wake	0.642857
mchumba	wa	0.214286
me	a	0.076923
me	na	0.057692
me	now	0.057692
me	to	0.057692
me	up	0.057692
medali	ya	0.752941
medali	yake	0.058824
medali	za	0.047059
medali	tatu	0.035294
medani	ya	0.714286
medani	za	0.214286
melody	mbassa	0.818182
mfadhaiko	na	0.200000
mfadhaiko	wa	0.123077
mfadhaiko	mkuu	0.061538
mfadhaiko	aina	0.046154
mfadhaiko	huo	0.046154
mfuasi	wa	0.500000
mfuasi	wake	0.269231
mfululizo	wa	0.430595
mfululizo	huu	0.110482
mfululizo	na	0.065156
mfululizo	huo	0.036827
mfululizo	katika	0.028329
mfululizo	kwa	0.019830
mfululizo	ya	0.016997
mfululizo	mzima	0.016997
mfululizo	wake	0.014164
mfululizo	hadi	0.011331
mfululizo	ambayo	0.008499
mfululizo	za	0.008499
mfululizo	mwaka	0.008499
mfululizo	tangu	0.008499
mfululizo	kama	0.008499
mfululizo	halisi	0.008499
mfululizo	ni	0.008499
mfumo	wa	0.711409
mfumo	huu	0.080537
mfumo	mkuu	0.020134
mfumo	wake	0.016779
mfumo	huo	0.015660
mfumo	mpya	0.012304
mfumo	kwa	0.006711
mfumo	ambao	0.005593
mfumo	na	0.005593
mfumo	unaotumika	0.005593
mfumo	wao	0.004474
mfumo	wenye	0.004474
mfumo	dume	0.003356
mfumo	rasmi	0.003356
mfumo	ulio	0.003356
mfumo	ya	0.003356
mfumo	maalum	0.003356
mfumo	kama	0.003356
mfumo	mzima	0.003356
mfumo	mmoja	0.003356
mfumo	maarufu	0.003356
mfumo	wowote	0.003356
mgogoro	wa	0.403846
mgogoro	na	0.115385
mgogoro	kati	0.076923
mgogoro	huu	0.076923
mgombea	wa	0.671053
mgombea	katika	0.052632
mgombea	na	0.039474
mgombea	urais	0.039474
mgomo	wa	0.650000
mgongo	na	0.149606
mgongo	wa	0.086614
mgongo	ni	0.062992
mgongo	kwa	0.055118
mgongo	wao	0.039370
mgongo	katika	0.031496
mgongo	unaweza	0.031496
mgongo	kati	0.023622
mgongo	au	0.023622
mgongoni	na	0.421053
mhubiri	wa	0.307692
mia	moja	0.300813
mia	tisa	0.130081
mia	tatu	0.081301
mia	mbili	0.073171
mia	nne	0.065041
mia	nane	0.048780
mia	kadhaa	0.040650
mia	tano	0.040650
mia	elfu	0.024390
mia	na	0.024390
miamba	ya	0.277778
miamba	na	0.111111
miamba	au	0.092593
miamba	hii	0.092593
michakato	ya	0.436364
michakato	hii	0.090909
michakato	mbalimbali	0.054545
michuano	ya	0.647059
michuano	hiyo	0.058824
michuano	minne	0.035294
michuano	mingine	0.035294
michuano	mitatu	0.035294
michuano	mitano	0.035294
michuano	miwili	0.035294
mienendo	ya	0.593750
mifano	ya	0.380645
mifano	ni	0.122581
mifano	mingi	0.077419
mifano	hii	0.045161
mifano	kadhaa	0.038710
mifano	michache	0.032258
mifano	bora	0.025806
mifano	na	0.025806
mifano	mingine	0.025806
mifupa	ya	0.240506
mifupa	katika	0.063291
mifupa	na	0.063291
mifupa	au	0.050633
mifupa	yake	0.037975
migodi	ya	0.437500
migodi	na	0.125000
mikutano	ya	0.403226
mikutano	mikuu	0.064516
mikutano	yao	0.056452
mikutano	mingi	0.048387
mikutano	yake	0.032258
mikutano	na	0.024194
mikutano	hii	0.024194
mikutano	wa	0.024194
milele	na	0.125000
milele	kwa	0.071429
milele	nami	0.053571
milele	yoh	0.053571
milele	yote	0.053571
milele	ndio	0.053571
miligramu	za	0.357143
miligramu	kwa	0.214286
milipuko	ya	0.512821
milipuko	mikubwa	0.076923
minyoo	ya	0.214286
miongo	ya	0.180000
miongo	kadhaa	0.160000
miongo	mingi	0.160000
miongo	miwili	0.100000
miongo	michache	0.100000
miongo	iliyofuata	0.080000
miongoni	mwa	0.926121
miongoni	mwao	0.044855
miongoni	wa	0.010554
mionzi	ya	0.636364
mionzi	na	0.136364
mioyo	ya	0.307692
mioyo	yetu	0.230769
mipango	ya	0.480349
mipango	na	0.061135
mipango	yake	0.052402
mipango	hii	0.034934
mipango	mbalimbali	0.021834
mipango	mingi	0.021834
mipango	mikubwa	0.017467
mipango	kadhaa	0.017467
mipango	yao	0.017467
mipango	wa	0.013100
mipango	ambayo	0.013100
mipango	miji	0.013100
mipango	maalum	0.013100
misombo	ya	0.619048
mitelemko	ya	0.769231
miujiza	na	0.150000
miundo	ya	0.394958
miundo	na	0.058824
miundo	msingi	0.033613
miundo	yote	0.033613
miundo	mingi	0.025210
miundo	tofauti	0.025210
miundo	yenye	0.025210
miundo	yake	0.025210
miundo	changamano	0.025210
miungu	ya	0.119048
miungu	mingi	0.095238
miungu	na	0.071429
miungu	wa	0.071429
miungu	yote	0.071429
mizigo	na	0.152542
mizigo	ya	0.118644
mizigo	mingi	0.084746
mizigo	yao	0.067797
mizigo	kwa	0.067797
mjini	hapa	0.069544
mjini	nairobi	0.064748
mjini	new	0.045564
mjini	london	0.043165
mjini	na	0.038369
mjini	kwa	0.031175
mjini	paris	0.026379
mjini	wuhan	0.023981
mjini	dar	0.021583
mjini	ni	0.021583
mjini	pale	0.016787
mjini	dodoma	0.014388
mjini	johannesburg	0.014388
mjini	morogoro	0.014388
mjini	los	0.014388
mjini	geneva	0.014388
mjini	kaskazini	0.014388
mjini	yerusalemu	0.011990
mjini	kusini	0.011990
mjini	beijing	0.011990
mjini	zanzibar	0.011990
mjini	moscow	0.009592
mjini	san	0.009592
mjini	vienna	0.009592
mjini	chicago	0.009592
mjini	roma	0.009592
mjini	hapo	0.009592
mjini	tanga	0.009592
mjini	lagos	0.007194
mjini	kampala	0.007194
mjini	stockholm	0.007194
mjini	brooklyn	0.007194
mjini	south	0.007194
mjini	birmingham	0.007194
mjini	au	0.007194
mjini	dublin	0.007194
mjini	penyewe	0.007194
mjini	humo	0.007194
mjini	lakini	0.007194
mjomba	wake	0.620690
mjomba	wa	0.103448
mkabala	na	0.350000
mkabala	uliokithiri	0.150000
mkabala	wa	0.150000
mkabala	huu	0.150000
mkahawa	wa	0.500000
mkahawa	katika	0.214286
mkali	wa	0.335766
mkali	na	0.102190
mkali	kwa	0.058394
mkali	sana	0.051095
mkali	katika	0.043796
mkali	kutoka	0.036496
mkali	zaidi	0.029197
mkali	kwenye	0.021898
mkali	kama	0.021898
mkali	mno	0.021898
mkanda	wa	0.461538
mkazo	wa	0.333333
mkia	mrefu	0.190083
mkia	wa	0.165289
mkia	mfupi	0.090909
mkia	ni	0.082645
mkia	wao	0.074380
mkia	wake	0.041322
mkia	wenye	0.041322
mkia	una	0.033058
mkia	mwenye	0.024793
mkia	na	0.024793
mkia	mdogo	0.024793
mkuki	wa	0.214286
mkuki	na	0.214286
mkusanyiko	wa	0.700000
mkusanyiko	huu	0.063636
mkusanyiko	wake	0.045455
mkusanyiko	mkubwa	0.036364
mkusanyiko	ya	0.027273
mkutano	wa	0.425000
mkutano	mkuu	0.160714
mkutano	huo	0.064286
mkutano	huu	0.057143
mkutano	na	0.042857
mkutano	kwa	0.017857
mkutano	mkubwa	0.017857
mkutano	ule	0.010714
mkutano	wake	0.010714
mkutano	mpya	0.010714
mkutano	walikuwa	0.010714
mlezi	wa	0.400000
mlezi	wake	0.120000
mlia	wa	0.423077
mlia	mweusi	0.192308
mlia	mweupe	0.192308
mlia	mwekundu	0.115385
mlima	wa	0.211765
mlima	kenya	0.176471
mlima	huo	0.052941
mlima	na	0.052941
mlima	kilimanjaro	0.041176
mlima	mrefu	0.029412
mlima	mkubwa	0.029412
mlima	ni	0.029412
mlima	huu	0.029412
mlima	au	0.023529
mlima	meru	0.023529
mlima	lakini	0.017647
mnene	na	0.333333
mno	na	0.147465
mno	kwa	0.115207
mno	katika	0.064516
mno	ya	0.027650
mno	hata	0.023041
mno	au	0.023041
mno	ili	0.018433
mno	ni	0.018433
mno	kama	0.018433
mno	kutokana	0.013825
mno	kuliko	0.013825
mno	yaani	0.013825
mno	kulingana	0.013825
mno	hasa	0.013825
mnyama	wa	0.125000
mnyama	huyo	0.068182
mnyama	mwenye	0.068182
mnyama	mkubwa	0.056818
mnyama	huyu	0.056818
mnyama	pekee	0.045455
mnyama	mwingine	0.045455
mnyama	mdogo	0.034091
moi	na	0.121212
mola	wako	0.333333
mola	wake	0.250000
mombasa	na	0.333333
mombasa	ni	0.090909
monasteri	ya	0.228571
monasteri	zote	0.100000
monasteri	za	0.085714
monasteri	na	0.057143
moshi	wa	0.364286
moshi	na	0.064286
moshi	tawala	0.042857
moshi	kutoka	0.035714
moshi	ya	0.028571
moshi	ni	0.021429
moshi	mjini	0.021429
motisha	na	0.137931
motisha	kwa	0.103448
motisha	ya	0.103448
mount	kenya	0.600000
moyo	na	0.153285
moyo	wa	0.099757
moyo	kwa	0.051095
moyo	ni	0.043796
moyo	wake	0.034063
moyo	wangu	0.024331
moyo	si	0.019465
moyo	wako	0.019465
moyo	au	0.017032
moyo	katika	0.014599
moyo	pia	0.014599
moyo	ambayo	0.012165
moyo	wenye	0.009732
moyo	mmoja	0.009732
moyo	ambao	0.009732
moyo	kama	0.009732
moyo	kuwa	0.009732
moyo	wote	0.009732
moyo	safi	0.009732
moyo	kuliko	0.009732
moyo	mpya	0.009732
moyo	inaweza	0.007299
moyo	mkuu	0.007299
moyo	kusukuma	0.007299
moyo	kushindwa	0.007299
moyo	huo	0.007299
moyo	kwenda	0.007299
moyo	baada	0.007299
mpana	wa	0.302326
mpana	na	0.209302
mpana	zaidi	0.093023
mpana	katika	0.093023
mpango	wa	0.582447
mpango	huo	0.095745
mpango	huu	0.050532
mpango	wake	0.050532
mpango	mzima	0.023936
mpango	na	0.018617
mpango	maalum	0.010638
mpango	mkuu	0.007979
mpango	kwa	0.007979
mpevu	unaotokea	0.157895
mpigaji	wa	0.214286
mpigaji	gitaa	0.214286
mpiganaji	wa	0.500000
mpigo	wa	0.647059
mpinzani	wake	0.274510
mpinzani	wa	0.137255
mpinzani	mkuu	0.078431
mpinzani	katika	0.058824
mpito	wa	0.320755
mpito	ya	0.132075
mpito	mara	0.056604
mpito	kutoka	0.056604
mpole	na	0.416667
mpya	ya	0.193767
mpya	wa	0.134146
mpya	na	0.079946
mpya	za	0.058266
mpya	kwa	0.039295
mpya	katika	0.033875
mpya	kama	0.013550
mpya	ni	0.012195
mpya	baada	0.012195
mpya	zaidi	0.010840
mpya	kabisa	0.009485
mpya	kwenye	0.009485
mpya	ilikuwa	0.009485
mpya	kutoka	0.006775
mpya	badala	0.005420
mpya	au	0.005420
mpya	chini	0.005420
mpya	kila	0.005420
mpya	lakini	0.004065
mpya	mwaka	0.004065
mpya	ambayo	0.004065
mpya	wakati	0.004065
mpya	huko	0.004065
mpya	la	0.004065
mpya	yenye	0.004065
mpya	iliyoitwa	0.004065
mpya	imehesabiwa	0.004065
mpya	hadi	0.004065
mpya	zilikuwa	0.004065
mpya	hasa	0.004065
mr	blue	0.533333
mr	wimpy	0.200000
mrembo	wa	0.307692
mri	na	0.214286
msaada	wa	0.590625
msaada	kutoka	0.075000
msaada	kwa	0.068750
msaada	wake	0.025000
msaada	mkubwa	0.021875
msaada	ya	0.018750
msaada	na	0.015625
msaada	katika	0.015625
msaada	wao	0.012500
msaada	huo	0.009375
msaada	zaidi	0.009375
msaada	pia	0.009375
msaidizi	wa	0.505495
msaidizi	wake	0.109890
msaidizi	katika	0.065934
msaidizi	na	0.054945
msamaha	kwa	0.241379
msamaha	wa	0.206897
msamaha	na	0.103448
msamaha	rasmi	0.103448
msemo	huu	0.266667
mshiriki	wa	0.414634
mshiriki	katika	0.121951
mshiriki	na	0.073171
mshiriki	mpya	0.073171
mshtuko	wa	0.603448
mshtuko	huo	0.051724
mshtuko	ya	0.051724
msimamizi	wa	0.644444
msimamizi	na	0.066667
msimamizi	wake	0.066667
msimamizi	mkuu	0.066667
msuguano	wa	0.300000
msuguano	kati	0.250000
mtaani	na	0.131579
mtaani	kwao	0.105263
mtaani	huku	0.078947
mtama	maharagwe	0.130435
mtama	huwa	0.130435
mtandaoni	na	0.200000
mtandaoni	kwa	0.133333
mtandaoni	kama	0.088889
mtandaoni	au	0.066667
mtandaoni	ya	0.066667
mtaro	wa	0.555556
mtemi	wa	0.393939
mtemi	makongoro	0.303030
mtendaji	wa	0.361111
mtendaji	mkuu	0.236111
mtendaji	na	0.069444
mtendaji	katika	0.055556
mtendaji	ni	0.041667
mtumiaji	wa	0.092308
mtumiaji	anaweza	0.076923
mtumiaji	na	0.061538
mtumwa	wa	0.130435
mtunzi	wa	0.528571
mtunzi	na	0.057143
mtunzi	mkubwa	0.057143
muhtasari	wa	0.542857
muktadha	wa	0.523810
muktadha	huu	0.095238
muktadha	katika	0.071429
mustakabali	wa	0.666667
muswada	wa	0.300000
muungano	wa	0.576923
muungano	na	0.082418
muungano	huo	0.038462
muungano	ya	0.027473
muungano	huu	0.027473
muungano	wao	0.016484
muungano	katika	0.016484
muuzaji	wa	0.227273
muuzaji	na	0.136364
muziki	wa	0.347555
muziki	na	0.075963
muziki	ya	0.072841
muziki	wake	0.033299
muziki	kwa	0.032258
muziki	huu	0.030177
muziki	la	0.018730
muziki	katika	0.016649
muziki	huo	0.014568
muziki	kama	0.013528
muziki	kutoka	0.010406
muziki	akiwa	0.008325
muziki	za	0.008325
muziki	cha	0.008325
muziki	ni	0.008325
muziki	wao	0.008325
muziki	wakati	0.005203
muziki	mwaka	0.004162
muziki	mbalimbali	0.004162
muziki	iitwayo	0.004162
muziki	aina	0.004162
muziki	nchini	0.004162
muziki	lakini	0.004162
muziki	vya	0.004162
muziki	au	0.004162
muziki	maarufu	0.004162
muziki	ambazo	0.003122
muziki	chini	0.003122
muziki	tangu	0.003122
muziki	bora	0.003122
muziki	mnamo	0.003122
muziki	yake	0.003122
muziki	hasa	0.003122
muziki	kutokana	0.003122
muziki	ambapo	0.003122
muziki	alianza	0.003122
muziki	mpya	0.003122
muziki	tena	0.003122
muziki	halisi	0.003122
muziki	ili	0.003122
mwa	kutoweka	0.070009
mwa	miaka	0.067416
mwa	mwaka	0.047537
mwa	nchi	0.025929
mwa	karne	0.020743
mwa	watu	0.019879
mwa	afrika	0.019015
mwa	mji	0.012100
mwa	ziwa	0.011236
mwa	tanzania	0.010372
mwa	filamu	0.010372
mwa	asia	0.009507
mwa	nyimbo	0.009507
mwa	wanawake	0.009507
mwa	nigeria	0.008643
mwa	jangwa	0.008643
mwa	msimu	0.008643
mwa	sudan	0.007779
mwa	wasanii	0.007779
mwa	jamii	0.007779
mwa	mto	0.007779
mwa	ikweta	0.006914
mwa	marekani	0.006914
mwa	mwezi	0.006050
mwa	ghana	0.006050
mwa	wachezaji	0.006050
mwa	wengine	0.006050
mwa	binadamu	0.006050
mwa	sahara	0.006050
mwa	wale	0.005186
mwa	vijana	0.005186
mwa	jiji	0.005186
mwa	serikali	0.005186
mwa	wanaume	0.005186
mwa	ulaya	0.005186
mwa	makundi	0.005186
mwa	barabara	0.004322
mwa	india	0.004322
mwa	amerika	0.004322
mwa	mambo	0.004322
mwafaka	kwa	0.255814
mwafaka	wa	0.162791
mwafaka	katika	0.069767
mwafaka	zaidi	0.069767
mwafaka	na	0.069767
mwafaka	ya	0.069767
mwake	na	0.206897
mwake	kwa	0.086207
mwaliko	wa	0.357143
mwaliko	kwa	0.214286
mwambao	wa	0.692308
mwana	wa	0.525000
mwana	na	0.056250
mwana	wake	0.050000
mwana	punda	0.037500
mwana	wao	0.025000
mwana	pekee	0.025000
mwana	mmoja	0.018750
mwanahabari	wa	0.266667
mwanamalundi	na	0.111111
mwanamalundi	katika	0.083333
mwanamuziki	wa	0.308824
mwanamuziki	maarufu	0.073529
mwanamuziki	mwenzake	0.044118
mwanamuziki	na	0.044118
mwanasiasa	wa	0.444444
mwenendo	wa	0.450000
mwenendo	wao	0.116667
mwenendo	wake	0.066667
mwenendo	huu	0.050000
mwenyekiti	wa	0.757576
mwenyekiti	na	0.084848
mwenyekiti	wake	0.018182
mwitu	na	0.187500
mwitu	wa	0.156250
mwitu	ni	0.093750
mwonekano	wa	0.555556
mwonekano	wake	0.185185
mzizi	wa	0.605263
mzizi	wake	0.078947
mzizi	na	0.078947
mzungumzaji	anaweza	0.400000
mzuri	wa	0.270115
mzuri	na	0.143678
mzuri	sana	0.080460
mzuri	katika	0.063218
mzuri	ni	0.034483
mzuri	kwa	0.034483
mzuri	zaidi	0.028736
mzuri	kupita	0.017241
mzuri	ya	0.017241
mzuri	mwenye	0.017241
mzuri	kabisa	0.017241
nacho	ni	0.200000
nacho	na	0.200000
nadharia	ya	0.371041
nadharia	tete	0.153846
nadharia	hii	0.067873
nadharia	za	0.045249
nadharia	na	0.040724
nadharia	yake	0.031674
nadharia	hiyo	0.027149
nadharia	moja	0.022624
nadharia	zake	0.018100
nadharia	nyingine	0.018100
nadharia	zote	0.013575
nadharia	hizi	0.013575
nadhiri	za	0.285714
nafuu	zaidi	0.126984
nafuu	kwa	0.126984
nafuu	na	0.111111
nafuu	kutokana	0.095238
nafuu	ya	0.079365
nafuu	baada	0.047619
nafuu	kabisa	0.047619
nami	ni	0.187500
namibia	na	0.388889
namibia	imehesabiwa	0.222222
namna	ya	0.392650
namna	hiyo	0.088975
namna	gani	0.038685
namna	fulani	0.036750
namna	nyingi	0.036750
namna	mbalimbali	0.034816
namna	hii	0.032882
namna	tofauti	0.027079
namna	nyingine	0.027079
namna	yake	0.025145
namna	ambayo	0.019342
namna	za	0.019342
namna	ambavyo	0.017408
namna	yoyote	0.015474
namna	moja	0.013540
namna	mbili	0.011605
namna	yao	0.009671
namna	maalumu	0.009671
namna	watu	0.007737
namna	au	0.007737
namna	mojawapo	0.007737
namna	tofautitofauti	0.005803
namna	bora	0.005803
naona	kwamba	0.230769
narc	kenya	0.230769
nasaba	ya	0.746835
nasaba	yake	0.037975
nayo	kwa	0.076923
nayo	katika	0.059829
nayo	na	0.059829
nayo	ni	0.051282
nayo	pia	0.034188
nayo	wala	0.025641
nayo	huwa	0.025641
nayo	ina	0.025641
nbc	news	0.400000
nchini	marekani	0.101856
nchini	kenya	0.065567
nchini	uingereza	0.063505
nchini	tanzania	0.056082
nchini	uhindi	0.036701
nchini	uchina	0.030515
nchini	humo	0.023093
nchini	nigeria	0.022680
nchini	vietnam	0.021031
nchini	afrika	0.020619
nchini	myanmar	0.018144
nchini	laos	0.017320
nchini	sudan	0.016495
nchini	malaysia	0.016082
nchini	kamerun	0.016082
nchini	nepal	0.016082
nchini	urusi	0.014845
nchini	ghana	0.014021
nchini	indonesia	0.014021
nchini	uthai	0.013608
nchini	pakistan	0.011959
nchini	india	0.011134
nchini	chad	0.011134
nchini	ethiopia	0.010722
nchini	bangladesh	0.010722
nchini	guinea	0.010722
nchini	kongo	0.010309
nchini	uganda	0.009485
nchini	burkina	0.008660
nchini	ufaransa	0.008660
nchini	na	0.008247
nchini	ujerumani	0.007835
nchini	senegal	0.007835
nchini	misri	0.007423
nchini	afghanistan	0.007010
nchini	ufilipino	0.006598
nchini	rwanda	0.006598
nchini	mali	0.006598
nchini	jamhuri	0.006598
nchini	cote	0.006186
ndicho	kisababishi	0.235294
ndicho	kitabu	0.088235
ndicho	chanzo	0.088235
ndimi	za	0.500000
ndiye	aliyekuwa	0.064394
ndiye	alikuwa	0.045455
ndiye	mwanzilishi	0.037879
ndiye	mtu	0.034091
ndiye	msanii	0.030303
ndiye	mungu	0.022727
ndiye	mwenye	0.022727
ndiye	mwanamke	0.018939
ndiye	rais	0.018939
ndiye	wa	0.015152
ndiye	mwenyekiti	0.015152
ndiye	hasa	0.015152
ndiye	mkuu	0.015152
ndiye	kiongozi	0.015152
ndiye	mchezaji	0.015152
ndiye	mwakilishi	0.015152
ndiye	aliyeanzisha	0.011364
ndiye	mkurugenzi	0.011364
ndiye	mfungaji	0.011364
ndiye	katibu	0.011364
ndiye	mmiliki	0.011364
ndiye	kristo	0.011364
ndiye	mmoja	0.011364
ndiye	mtendaji	0.011364
ndiye	mnyama	0.011364
ndiye	pekee	0.011364
ndiye	mshindi	0.011364
ndogo	ya	0.212062
ndogo	za	0.073930
ndogo	na	0.073930
ndogo	sana	0.056420
ndogo	zaidi	0.040856
ndogo	tu	0.040856
ndogo	kuliko	0.038911
ndogo	kwa	0.033074
ndogo	ndogo	0.025292
ndogo	katika	0.021401
ndogo	la	0.021401
ndogo	kabisa	0.021401
ndogo	kama	0.017510
ndogo	au	0.017510
ndogo	ni	0.009728
ndogo	ndani	0.007782
ndogo	hadi	0.007782
ndogo	juu	0.007782
ndogo	mno	0.007782
ndogo	ambayo	0.007782
ndogo	ukilinganisha	0.005837
ndogo	upande	0.005837
ndogo	zinaweza	0.005837
ndogo	kutokana	0.005837
ndogo	kulingana	0.005837
ndogo	lakini	0.005837
ndoto	ya	0.168831
ndoto	za	0.155844
ndoto	yake	0.129870
ndoto	zake	0.090909
ndoto	zao	0.051948
ndoto	na	0.038961
ndoto	hiyo	0.038961
ne	yo	0.857143
neli	ya	0.222222
neli	za	0.166667
nembo	ya	0.644068
nembo	la	0.050847
nene	na	0.178571
nene	ya	0.107143
nene	za	0.107143
nene	sana	0.107143
nene	lenye	0.107143
network	bulgaria	0.210526
ngano	na	0.191489
ngano	za	0.063830
ngao	ya	0.529412
ngao	za	0.117647
ngazi	ya	0.494340
ngazi	za	0.139623
ngazi	mbalimbali	0.064151
ngazi	na	0.026415
ngazi	katika	0.018868
ngazi	hadi	0.015094
ngazi	zote	0.015094
ngazi	yake	0.015094
ngazi	mbili	0.015094
ngazi	kuwa	0.011321
ngazi	zake	0.011321
ngazi	tena	0.011321
ngazi	hii	0.011321
ngome	ya	0.404762
ngome	hii	0.142857
ni	pamoja	0.050406
ni	ya	0.022672
ni	muhimu	0.019691
ni	kama	0.015669
ni	sehemu	0.014768
ni	kwa	0.013035
ni	kwamba	0.011787
ni	wa	0.010539
ni	lazima	0.010469
ni	moja	0.010469
ni	sawa	0.009568
ni	kati	0.009291
ni	jina	0.009013
ni	mji	0.008944
ni	tofauti	0.008736
ni	aina	0.007141
ni	kubwa	0.007072
ni	mmoja	0.006309
ni	kawaida	0.006101
ni	takriban	0.006101
ni	hasa	0.006032
ni	vigumu	0.005824
ni	kuwa	0.005616
ni	maarufu	0.005408
ni	bora	0.005131
ni	mtu	0.005061
ni	miongoni	0.005061
ni	la	0.004715
ni	jambo	0.004507
ni	mojawapo	0.004437
ni	hali	0.004437
ni	katika	0.004368
ni	za	0.004299
ni	watu	0.004229
ni	njia	0.004229
ni	rahisi	0.004160
ni	mtoto	0.004160
ni	hatari	0.003952
ni	pia	0.003952
ni	ndogo	0.003883
nia	ya	0.508287
nia	yake	0.132597
nia	na	0.038674
nia	njema	0.038674
nia	za	0.027624
nia	yao	0.022099
nia	hiyo	0.016575
night	live	0.235294
night	na	0.176471
nikotini	na	0.294118
nini	na	0.078014
nini	cha	0.042553
nini	maana	0.042553
nini	ni	0.035461
nini	watu	0.035461
nini	ili	0.021277
nini	hasa	0.021277
nini	mtu	0.021277
nini	kwa	0.021277
nini	wakati	0.021277
nini	baadhi	0.021277
ninyi	ni	0.153846
ninyi	kwa	0.102564
nishani	ya	0.800000
nissan	x	0.500000
niwe	na	0.312500
niwe	tayari	0.250000
njozi	ya	0.166667
njozi	za	0.166667
no	nyota	0.166667
no	name	0.166667
north	carolina	0.256410
north	road	0.102564
north	mara	0.076923
north	end	0.076923
north	park	0.076923
nta	ya	0.620690
nusu	ya	0.478689
nusu	fainali	0.085246
nusu	saa	0.029508
nusu	milioni	0.026230
nusu	mwaka	0.022951
nusu	marathon	0.019672
nusu	nyingine	0.016393
nusu	yake	0.013115
nusu	na	0.013115
nusu	kavu	0.013115
nusu	karne	0.009836
nusu	katika	0.009836
nusu	kivuli	0.009836
nusu	mwezi	0.009836
nusu	au	0.009836
nusu	yao	0.009836
nusumaisha	ya	0.461538
nusura	ni	0.266667
nxt	na	0.375000
nyadhifa	mbalimbali	0.294118
nyanja	za	0.360000
nyanja	zote	0.106667
nyanja	mbalimbali	0.106667
nyanja	ya	0.106667
nyanja	nyingi	0.040000
nyanja	zingine	0.040000
nyanja	kubwa	0.040000
nyati	maji	0.521739
nyati	wa	0.086957
nyayo	za	0.387097
nyayo	zake	0.161290
nyayo	zao	0.129032
nyembamba	ya	0.152542
nyembamba	na	0.101695
nyembamba	za	0.101695
nyembamba	zaidi	0.084746
nyembamba	kwa	0.067797
nyembamba	au	0.067797
nyembamba	kama	0.050847
nyembamba	ni	0.050847
nyengine	za	0.210526
nyika	za	0.266667
nyika	ya	0.266667
nyinginezo	za	0.291667
nyongeza	ya	0.456140
nyongeza	za	0.087719
nyongeza	katika	0.070175
nyongeza	kwa	0.052632
off	the	0.437500
onyesho	la	0.458333
onyesho	hilo	0.097222
onyesho	hili	0.083333
onyesho	moja	0.055556
onyesho	lake	0.041667
oparesheni	ya	0.285714
oparesheni	za	0.285714
orchestra	safari	0.318182
orchestra	mambo	0.181818
out	of	0.571429
oxford	university	0.178571
oxford	press	0.107143
p	vivax	0.087248
p	na	0.080537
p	falciparum	0.080537
p	a	0.053691
p	the	0.046980
p	p	0.040268
p	ni	0.033557
p	g	0.026846
p	lakini	0.026846
p	katika	0.026846
p	k	0.020134
pacha	wa	0.238095
pacha	wake	0.142857
pahala	pa	0.363636
pahala	ambapo	0.272727
pakiti	ya	0.217391
pakiti	za	0.130435
pakubwa	katika	0.259259
pakubwa	na	0.166667
pakubwa	kwa	0.092593
palepale	kwa	0.250000
pamoja	na	0.846708
pamoja	katika	0.011912
pamoja	kwa	0.011912
pamoja	kama	0.006583
pamoja	naye	0.006583
pamoja	ya	0.005016
pamoja	nao	0.004702
pamoja	ili	0.004389
pamoja	lakini	0.003135
pamoja	wa	0.003135
pamoja	kwenye	0.003135
pamoja	ni	0.002508
pamoja	la	0.001881
pamoja	bila	0.001881
pamoja	au	0.001881
pamoja	nanyi	0.001881
pamoja	za	0.001567
pamoja	ndani	0.001567
pamoja	kuunda	0.001567
pamoja	wana	0.001567
pamoja	nasi	0.001254
pamoja	kati	0.001254
pamoja	kuna	0.001254
pamoja	bali	0.000940
pamoja	kutokana	0.000940
pamoja	mjini	0.000940
pamoja	ingawa	0.000940
pamoja	ambayo	0.000940
pamoja	kuwa	0.000940
pamoja	mpaka	0.000940
pamoja	zaidi	0.000940
pamoja	pia	0.000940
pamoja	tangu	0.000940
pampu	ya	0.291667
party	of	0.151515
party	ya	0.121212
pasaka	na	0.235294
pasifiki	katika	0.130435
pasifiki	ya	0.130435
pata	tuzo	0.230769
patholojia	ya	0.500000
paul	na	0.176471
paul	tergat	0.117647
paul	o	0.117647
paundi	milioni	0.400000
pembeni	na	0.196429
pembeni	mwa	0.160714
pembeni	wa	0.071429
pembeni	kwa	0.053571
pendekezo	la	0.650000
pendekezo	hili	0.100000
penyewe	na	0.444444
pete	ya	0.295455
pete	za	0.090909
pete	nne	0.068182
petroli	na	0.145833
petroli	katika	0.104167
petroli	au	0.104167
petroli	kwa	0.083333
petroli	ya	0.062500
petroli	za	0.062500
picha	za	0.200590
picha	ya	0.176991
picha	na	0.054572
picha	wa	0.044248
picha	zake	0.032448
picha	hii	0.025074
picha	kwa	0.023599
picha	yake	0.019174
picha	kutoka	0.014749
picha	nyingi	0.010324
picha	kama	0.010324
picha	katika	0.008850
picha	kamili	0.008850
picha	hiyo	0.008850
picha	halisi	0.008850
picha	au	0.007375
picha	maarufu	0.007375
picha	ambazo	0.007375
picha	nzuri	0.005900
picha	wakati	0.005900
picha	zenye	0.005900
picha	hizi	0.005900
picha	zao	0.005900
picha	moja	0.005900
picha	yenye	0.004425
picha	andishi	0.004425
picha	mbalimbali	0.004425
picha	zilizopigwa	0.004425
picha	pekee	0.004425
picha	ni	0.004425
picha	upande	0.004425
picha	zaidi	0.004425
picha	zingine	0.004425
picha	ndogo	0.004425
picha	inayoonyesha	0.004425
picha	kwenye	0.004425
pindi	tu	0.181818
pingili	ya	0.323529
pingili	za	0.117647
pingili	la	0.088235
pingili	tisa	0.088235
pinki	na	0.400000
piramidi	za	0.230769
pnu	iliundwa	0.230769
pnu	na	0.230769
point	na	0.200000
pointi	moja	0.176471
pointi	zaidi	0.117647
pol	pot	0.916667
pori	la	0.151515
pori	ya	0.090909
pori	hilo	0.090909
pro	wrestling	0.230769
profesa	wa	0.420290
profesa	katika	0.086957
profesa	kwenye	0.057971
profesa	na	0.043478
profesa	brown	0.043478
program	ya	0.454545
programu	ya	0.333333
programu	za	0.135417
programu	nyingine	0.048611
programu	hiyo	0.045139
programu	kwa	0.031250
programu	hii	0.027778
programu	na	0.027778
programu	nyingi	0.020833
programu	hizi	0.017361
programu	yake	0.017361
programu	huria	0.013889
programu	ambazo	0.013889
programu	kama	0.013889
programu	katika	0.010417
programu	mbalimbali	0.010417
programu	yenyewe	0.010417
programu	kwenye	0.010417
provera	na	0.250000
pua	na	0.333333
pumu	na	0.275862
punda	milia	0.802632
rahisi	kwa	0.087558
rahisi	na	0.082949
rahisi	zaidi	0.059908
rahisi	sana	0.059908
rahisi	ya	0.050691
rahisi	kuwa	0.027650
rahisi	kupata	0.023041
rahisi	wa	0.023041
rahisi	kujua	0.018433
rahisi	kuliko	0.018433
rahisi	kuelewa	0.018433
rahisi	cha	0.013825
rahisi	kutoka	0.013825
rahisi	kutokana	0.013825
rahisi	kutofautisha	0.013825
rahisi	kutumia	0.013825
rahisi	kukumbuka	0.013825
rajveer	na	0.208333
rajveer	kwamba	0.125000
rap	ya	0.186441
rap	na	0.152542
rap	katika	0.067797
rap	hip	0.050847
rap	kwa	0.050847
ratiba	ya	0.418605
ratiba	za	0.139535
ratiba	yake	0.069767
redio	ya	0.161850
redio	na	0.144509
redio	pakistan	0.052023
redio	za	0.052023
redio	nchini	0.046243
redio	cha	0.034682
redio	kama	0.023121
redio	katika	0.023121
redio	au	0.023121
redio	wa	0.017341
redio	vya	0.017341
redio	tanzania	0.017341
refu	na	0.241379
refu	zaidi	0.103448
rehema	na	0.210526
rekodi	ya	0.385269
rekodi	za	0.127479
rekodi	yake	0.079320
rekodi	mpya	0.036827
rekodi	hii	0.033994
rekodi	na	0.028329
rekodi	kwa	0.025496
rekodi	nyingi	0.019830
rekodi	katika	0.019830
rekodi	milioni	0.016997
rekodi	hiyo	0.011331
rekodi	kwenye	0.008499
rekodi	yao	0.008499
rekodi	ambazo	0.008499
rekodi	mbili	0.008499
rekodi	hizi	0.008499
reli	ya	0.264368
reli	na	0.091954
reli	za	0.051724
reli	la	0.045977
reli	hii	0.028736
reli	kutoka	0.028736
reli	kwa	0.022989
reli	katika	0.022989
reli	yenyewe	0.017241
reli	mpya	0.017241
reli	kati	0.017241
reli	ni	0.017241
reli	kwenda	0.017241
retscreen	na	0.272727
riaa	mnamo	0.428571
riba	katika	0.150000
riba	ya	0.150000
ripoti	ya	0.359477
ripoti	za	0.150327
ripoti	hiyo	0.104575
ripoti	na	0.045752
ripoti	kuhusu	0.032680
ripoti	yake	0.032680
ripoti	kutoka	0.026144
river	state	0.277778
riziki	yake	0.185185
riziki	ya	0.148148
riziki	kwa	0.111111
riziki	za	0.111111
roboti	za	0.272727
rock	na	0.180000
rock	n	0.120000
rock	and	0.080000
roketi	za	0.187500
roll	call	0.294118
roll	hall	0.176471
ross	akiwa	0.157895
rouge	alikuwa	0.133333
rpm	na	0.888889
rubani	wa	0.222222
rundiko	la	1.000000
rutba	ya	0.235294
rutba	kubwa	0.235294
rutba	na	0.176471
rwanda	na	0.223881
rwanda	kwa	0.059701
rwanda	mnamo	0.044776
rwanda	burundi	0.044776
rwanda	ni	0.044776
rwanda	sudan	0.044776
sadaka	kwa	0.250000
sadaka	ya	0.150000
sadaka	za	0.075000
sadaka	yake	0.075000
sadaka	mbele	0.075000
safi	ya	0.156627
safi	na	0.132530
safi	ni	0.060241
safi	zaidi	0.048193
safi	maana	0.036145
safi	kabisa	0.036145
said	bin	0.115385
said	wa	0.115385
sala	ya	0.384000
sala	na	0.136000
sala	yake	0.040000
sala	tu	0.040000
sala	ni	0.024000
sala	hiyo	0.024000
sala	za	0.024000
sala	au	0.024000
salum	abdallah	0.454545
same	na	0.214286
san	francisco	0.341463
san	jose	0.243902
san	diego	0.146341
sanduku	la	0.521739
saudia	na	0.375000
sawa	na	0.603715
sawa	kwa	0.037152
sawa	katika	0.034056
sawa	kama	0.023220
sawa	ya	0.023220
sawa	tu	0.018576
sawa	za	0.017028
sawa	sawa	0.017028
sawa	kabisa	0.017028
sawa	lakini	0.010836
sawa	wa	0.009288
sawa	ni	0.007740
sawa	cha	0.007740
sawa	kati	0.007740
sawa	vya	0.006192
sawa	au	0.006192
sawa	mwaka	0.006192
sawa	juu	0.004644
sawa	zaidi	0.004644
sayansi	ya	0.278607
sayansi	na	0.263682
sayansi	za	0.029851
sayansi	katika	0.019900
sayansi	kwa	0.019900
sayansi	asilia	0.014925
sayansi	wa	0.014925
sayansi	tambuzi	0.014925
sayari	za	0.130719
sayari	hii	0.078431
sayari	nyingine	0.071895
sayari	ya	0.071895
sayari	kibete	0.065359
sayari	nje	0.039216
sayari	ndogo	0.039216
sayari	ni	0.039216
sayari	kubwa	0.032680
sayari	moja	0.026144
sayari	nne	0.026144
sayari	jitu	0.019608
sayari	kwa	0.019608
sayyid	ali	0.333333
school	of	0.170213
school	na	0.117021
school	ya	0.074468
school	katika	0.053191
school	huko	0.042553
school	kwa	0.042553
school	iliyo	0.031915
school	lakini	0.031915
school	kuanzia	0.031915
school	ambapo	0.031915
science	and	0.250000
sehemu	ya	0.392737
sehemu	za	0.114189
sehemu	kubwa	0.085361
sehemu	nyingi	0.037814
sehemu	nyingine	0.029951
sehemu	hii	0.026956
sehemu	mbalimbali	0.025833
sehemu	muhimu	0.018345
sehemu	mbili	0.017971
sehemu	ndogo	0.015724
sehemu	zote	0.011232
sehemu	hizi	0.010109
sehemu	yake	0.009734
sehemu	moja	0.009360
sehemu	fulani	0.007862
sehemu	kuu	0.007488
sehemu	zingine	0.006739
sehemu	tatu	0.005990
sehemu	hiyo	0.005990
sehemu	zenye	0.005990
sehemu	hizo	0.005241
sehemu	zake	0.004867
sehemu	ambayo	0.004867
sehemu	tu	0.004493
sehemu	maalum	0.004493
sehemu	kadhaa	0.004118
sehemu	yoyote	0.004118
sehemu	zilizo	0.004118
sehemu	ambapo	0.004118
sehemu	yenye	0.003744
sehemu	tofauti	0.003744
sehemu	ambako	0.003370
sehemu	na	0.002995
sehemu	iliyo	0.002621
sehemu	kwa	0.002621
sehemu	nyembamba	0.002621
sehemu	ile	0.002246
sehemu	ambazo	0.002246
sehemu	inayoitwa	0.002246
sehemu	iliyobaki	0.002246
sekunde	na	0.130435
sekunde	moja	0.130435
sekunde	tu	0.072464
sekunde	chache	0.057971
sekunde	kwa	0.043478
sekunde	ya	0.043478
sekunde	tao	0.043478
senegal	na	0.305556
senegal	imehesabiwa	0.138889
sentensi	hiyo	0.119048
sentensi	na	0.095238
sentensi	ni	0.071429
sentigredi	wakati	0.230769
septemba	na	0.113924
septemba	katika	0.082278
septemba	hadi	0.069620
septemba	mwaka	0.056962
septemba	ya	0.025316
septemba	akiwa	0.018987
septemba	kwa	0.018987
septemba	kama	0.018987
septemba	mnamo	0.018987
septemba	yeye	0.018987
septemba	oktoba	0.018987
serikali	ya	0.434629
serikali	na	0.084806
serikali	za	0.045053
serikali	mpya	0.030035
serikali	kuu	0.024735
serikali	kwa	0.023852
serikali	yake	0.019435
serikali	katika	0.015901
serikali	ilikuwa	0.009717
serikali	kama	0.009717
serikali	ni	0.007067
serikali	lakini	0.006184
serikali	au	0.006184
serikali	pamoja	0.005300
serikali	hiyo	0.005300
serikali	halali	0.004417
serikali	dhidi	0.004417
serikali	cha	0.003534
serikali	pia	0.003534
serikali	wakati	0.003534
serikali	kuhusu	0.003534
serikali	yao	0.003534
serikali	mbalimbali	0.003534
serikali	kutoka	0.003534
serikali	chini	0.002650
serikali	inatoa	0.002650
serikali	mnamo	0.002650
serikali	tena	0.002650
serikali	kwenye	0.002650
serikali	nyingine	0.002650
serikali	bado	0.002650
serikali	nyingi	0.002650
serikali	zao	0.002650
serikali	wa	0.002650
serikalini	na	0.250000
serikalini	kwa	0.187500
serotonini	na	0.217391
seva	ya	0.266667
seva	mbadala	0.266667
shabaha	ya	0.612245
shabaha	yake	0.081633
shabaha	za	0.040816
shabaha	ilikuwa	0.040816
shabaha	na	0.030612
shabaha	ni	0.030612
shabiki	wa	0.583333
shambani	mwake	0.200000
shambani	na	0.200000
shambulio	la	0.446809
shambulio	hilo	0.234043
shauku	ya	0.441176
shauku	na	0.147059
shauri	la	0.391304
shauri	ya	0.130435
shaykh	abdullah	0.419355
shaykh	farsy	0.193548
shaykh	muhammad	0.096774
shilingi	za	0.190476
shilingi	ishirini	0.142857
shilingi	bilioni	0.119048
shilingi	kumi	0.095238
shilingi	tatu	0.071429
shilingi	mia	0.071429
shindano	la	0.544715
shindano	hilo	0.178862
shindano	hili	0.121951
shindano	kwa	0.024390
shindano	na	0.024390
shule	ya	0.525037
shule	za	0.115611
shule	hii	0.040501
shule	na	0.030191
shule	hiyo	0.026510
shule	yake	0.011046
shule	nyingi	0.010309
shule	kwa	0.008837
shule	moja	0.008837
shule	zote	0.007364
shule	katika	0.006627
shule	mbili	0.005155
shule	hizi	0.005155
shule	akiwa	0.004418
shule	zingine	0.004418
shule	kadhaa	0.004418
shule	ni	0.004418
shule	hizo	0.004418
shule	ili	0.003682
shule	mpya	0.003682
shule	au	0.003682
shule	ambayo	0.003682
shule	yao	0.003682
shule	mbalimbali	0.002946
shule	bora	0.002946
shule	nyingine	0.002946
shule	huko	0.002946
shule	kama	0.002946
shule	nne	0.002946
shule	ina	0.002946
shule	kongwe	0.002209
shule	mwaka	0.002209
shule	wa	0.002209
shule	kwenye	0.002209
shule	mjini	0.002209
shule	chache	0.002209
shule	yangu	0.002209
shule	nchini	0.002209
shule	kubwa	0.002209
siku	ya	0.160941
siku	hizi	0.152672
siku	za	0.061705
siku	moja	0.052163
siku	hiyo	0.046438
siku	katika	0.040076
siku	mbili	0.028626
siku	tatu	0.026718
siku	na	0.026081
siku	chache	0.021628
siku	hadi	0.017812
siku	iliyofuata	0.016539
siku	kadhaa	0.015903
siku	kwa	0.014631
siku	zijazo	0.013995
siku	zile	0.011450
siku	zote	0.008906
siku	yake	0.008906
siku	nne	0.008270
siku	nzima	0.008270
siku	saba	0.008270
siku	zake	0.007634
siku	nyingi	0.007634
siku	hii	0.007634
siku	baada	0.006997
siku	au	0.006997
siku	ile	0.006361
siku	tano	0.005725
siku	hizo	0.005725
siku	kumi	0.005089
siku	sita	0.005089
siku	kabla	0.004453
siku	kama	0.004453
siku	inayofuata	0.004453
siku	lakini	0.004453
siku	ileile	0.004453
siku	nyingine	0.004453
siku	kutoka	0.003817
siku	ambazo	0.003817
siku	nane	0.003181
sikukuu	ya	0.500000
sikukuu	za	0.055556
sikukuu	na	0.055556
sikukuu	yake	0.055556
simpson	na	0.500000
simu	za	0.202970
simu	ya	0.178218
simu	na	0.069307
simu	kwa	0.044554
simu	yake	0.029703
simu	kutoka	0.024752
simu	hii	0.024752
simu	au	0.019802
simu	katika	0.019802
simu	hizi	0.014851
sinema	ya	0.339450
sinema	hiyo	0.082569
sinema	na	0.082569
sinema	za	0.055046
sinema	yake	0.036697
singida	united	0.312500
singida	na	0.187500
single	ya	0.349462
single	hii	0.107527
single	yake	0.043011
single	za	0.043011
single	kutoka	0.037634
single	zake	0.037634
single	nne	0.021505
single	tatu	0.021505
single	kadhaa	0.021505
single	mbili	0.021505
single	yao	0.016129
single	na	0.016129
sio	tu	0.130952
sio	kwa	0.035714
sio	rahisi	0.035714
sio	ya	0.029762
sio	wa	0.029762
sio	jambo	0.017857
sio	lazima	0.017857
sio	kawaida	0.017857
sio	kama	0.017857
sio	halali	0.017857
sitini	na	0.375000
skauti	wa	0.461538
skauti	ni	0.461538
skrini	ya	0.217391
social	orchestra	0.307692
social	democratic	0.230769
solo	katika	0.184211
solo	ya	0.131579
solo	la	0.131579
solo	na	0.078947
sophia	na	0.300000
south	african	0.237288
south	africa	0.135593
south	bird	0.135593
south	wales	0.101695
south	west	0.084746
south	carolina	0.067797
spika	wa	0.529412
spoti	na	0.500000
ssri	katika	0.187500
stadi	za	0.181818
staili	ya	0.340426
staili	yake	0.234043
staili	za	0.063830
starehe	na	0.228571
starehe	ya	0.085714
stashahada	ya	0.562500
stashahada	yake	0.187500
steroidi	za	0.275000
steroidi	gamba	0.075000
steroidi	ni	0.075000
steroidi	na	0.075000
sudaniki	mashariki	1.000000
suluhisho	la	0.444444
suluhisho	bora	0.166667
sumu	ya	0.204225
sumu	na	0.126761
sumu	kali	0.063380
sumu	kwa	0.056338
sumu	katika	0.049296
sumu	kama	0.035211
sumu	kutoka	0.035211
sumu	hii	0.028169
sumu	yake	0.021127
sumu	yao	0.021127
sumu	ambazo	0.021127
sun	city	0.166667
sun	media	0.083333
sun	na	0.083333
supu	ya	0.384615
suruali	ndefu	0.562500
susan	na	0.333333
swali	la	0.380952
swali	ni	0.107143
swali	hili	0.071429
swali	je	0.071429
swali	kama	0.035714
taa	ya	0.200000
taa	za	0.200000
taa	na	0.094118
taa	pia	0.035294
taabu	za	0.214286
tabia	ya	0.260870
tabia	za	0.197628
tabia	na	0.043478
tabia	yake	0.039526
tabia	zake	0.031621
tabia	hii	0.031621
tabia	zao	0.023715
tabia	tofauti	0.019763
tabia	hizi	0.019763
tabia	nzuri	0.017787
tabia	nyingine	0.017787
tabia	nyingi	0.013834
tabia	zote	0.013834
tabia	hiyo	0.013834
tabia	kama	0.009881
tabia	hizo	0.009881
tabia	ambazo	0.009881
tabia	mbalimbali	0.009881
tabia	muhimu	0.009881
tabia	dhaifu	0.007905
tabia	fulani	0.007905
tabia	katika	0.007905
tabia	ni	0.007905
tabia	thabiti	0.005929
tabia	mbovu	0.005929
tabia	hisia	0.005929
tabu	sana	0.190476
tahadhari	kwa	0.150000
tahajia	ya	0.500000
takadir	alikuwa	0.200000
takriban	asilimia	0.126110
takriban	watu	0.079929
takriban	ya	0.062167
takriban	miaka	0.060391
takriban	milioni	0.037300
takriban	spishi	0.033748
takriban	km	0.023091
takriban	mara	0.021314
takriban	kwa	0.021314
takriban	kilomita	0.017762
takriban	nusu	0.017762
takriban	na	0.015986
takriban	theluthi	0.015986
takriban	saa	0.014210
takriban	nakala	0.012433
takriban	mwaka	0.012433
takriban	siku	0.012433
takriban	dola	0.010657
takriban	kutoka	0.008881
takriban	miezi	0.008881
takriban	katika	0.008881
takriban	robo	0.008881
takriban	wiki	0.008881
takriban	ambao	0.008881
takriban	za	0.008881
takriban	mita	0.007105
takriban	kabisa	0.007105
takriban	kila	0.007105
takriban	vifo	0.007105
takriban	wafungwa	0.005329
takriban	masaa	0.005329
takriban	wote	0.005329
takriban	watoto	0.005329
takriban	nyota	0.005329
takriban	gramu	0.005329
takriban	hadi	0.005329
takriban	futi	0.005329
takriban	nondo	0.005329
takriban	wakazi	0.005329
tamaa	ya	0.207317
tamaa	na	0.195122
tamaa	za	0.060976
tamaa	katika	0.048780
tamaa	kwa	0.048780
tamaa	yake	0.036585
tamathali	za	0.642857
tambuzi	na	0.312500
tambuzi	ya	0.250000
tamko	la	0.419355
tamko	hilo	0.161290
tamko	hili	0.129032
tamthiliya	ya	0.208333
tamthiliya	yake	0.125000
tamthiliya	za	0.083333
tamthiliya	hizi	0.062500
tanga	na	0.155556
tanganyika	na	0.194030
tanganyika	african	0.059701
tanganyika	wakati	0.059701
tanganyika	kupata	0.044776
tangazo	la	0.363636
tangazo	hili	0.090909
tangazo	rasmi	0.068182
taratibu	za	0.267081
taratibu	na	0.068323
taratibu	hizi	0.055901
taratibu	nyingi	0.037267
taratibu	ya	0.031056
taratibu	zote	0.024845
taratibu	kwa	0.018634
taratibu	mbalimbali	0.018634
taratibu	katika	0.018634
taratibu	zinazohusiana	0.018634
taratibu	tofauti	0.018634
tasnia	ya	0.880000
tata	wa	0.128205
tata	ni	0.102564
tata	kwa	0.102564
tata	na	0.076923
tawi	la	0.585859
tawi	mtendaji	0.050505
tawi	hili	0.040404
tawi	na	0.030303
tawi	kuu	0.030303
taya	la	0.160000
taya	za	0.120000
taya	zao	0.120000
tayari	kwa	0.116364
tayari	na	0.047273
tayari	katika	0.029091
tayari	kupokea	0.025455
tayari	walikuwa	0.021818
tayari	kwenye	0.021818
tayari	kufanya	0.018182
tayari	alikuwa	0.018182
tayari	tena	0.014545
tayari	kutoa	0.014545
tayari	wakati	0.014545
tayari	ni	0.014545
tayari	kuingia	0.010909
tayari	lilikuwa	0.010909
tayari	kuanza	0.010909
tayari	kuacha	0.010909
tazama	orodha	0.112903
tazama	hapa	0.048387
tazama	tanzania	0.048387
tb	joshua	0.230769
tembo	wa	0.354430
tembo	na	0.088608
tembo	dume	0.050633
tembo	ni	0.037975
tembo	hao	0.037975
tembo	katika	0.037975
tendo	la	0.363636
tendo	hili	0.170455
tendo	hilo	0.056818
tendo	na	0.056818
tendo	ambalo	0.045455
tendo	fulani	0.045455
tendo	lake	0.034091
tendo	au	0.034091
tetekuwanga	kwa	0.235294
teule	ya	0.363636
th	century	0.266667
thabiti	na	0.213115
thabiti	ya	0.114754
thabiti	wa	0.081967
thabiti	zaidi	0.065574
thabiti	lakini	0.049180
the	new	0.046980
the	world	0.030201
the	company	0.023490
the	wall	0.016779
the	way	0.016779
the	great	0.015101
the	wailers	0.013423
the	dream	0.013423
the	arts	0.011745
the	year	0.011745
the	best	0.011745
the	king	0.011745
the	man	0.011745
the	university	0.010067
the	big	0.010067
the	sun	0.010067
the	star	0.010067
the	last	0.010067
the	daily	0.010067
the	game	0.010067
the	o	0.008389
the	music	0.008389
the	black	0.008389
the	good	0.008389
the	x	0.008389
the	moon	0.008389
the	standard	0.006711
the	girl	0.006711
the	living	0.006711
the	red	0.006711
the	golden	0.006711
the	people	0.006711
the	children	0.006711
the	matrix	0.006711
the	island	0.006711
the	kilimanjaro	0.006711
the	mc	0.006711
the	rock	0.006711
the	night	0.006711
the	beyoncé	0.006711
therapi	ya	0.538462
thrombosi	ya	0.642857
tikiti	ya	0.466667
tikiti	za	0.266667
time	magazine	0.148148
time	na	0.111111
tisa	na	0.144828
tisa	ya	0.068966
tisa	za	0.062069
tisa	kwa	0.055172
tisa	wa	0.041379
tisa	katika	0.034483
tisa	tu	0.027586
tisa	mwaka	0.027586
tisa	sabini	0.020690
tisa	baadaye	0.020690
tisa	hadi	0.020690
tisa	tisini	0.020690
tishu	ya	0.163934
tishu	za	0.147541
tishu	na	0.090164
tishu	zilizo	0.049180
tishu	kwa	0.049180
tishu	ambayo	0.032787
tishu	laini	0.032787
tishu	zenye	0.024590
tishu	au	0.024590
tkuu	katika	0.070175
tkuu	wana	0.070175
tkuu	huendelea	0.052632
tofautitofauti	ya	0.130435
tofautitofauti	za	0.130435
togo	imehesabiwa	0.344828
toka	kwa	0.136986
toka	mwanzo	0.130137
toka	mwaka	0.068493
toka	kwenye	0.068493
toka	hapo	0.041096
toka	zamani	0.041096
toka	huko	0.027397
toka	sehemu	0.027397
toka	nchi	0.020548
toka	katika	0.020548
toleo	la	0.615385
toleo	hili	0.054591
toleo	lake	0.047146
toleo	jipya	0.044665
toleo	halisi	0.029777
toleo	lingine	0.022333
toleo	ambalo	0.014888
toleo	rasmi	0.012407
toleo	ya	0.009926
toleo	maalum	0.009926
toleo	hilo	0.009926
toleo	zingine	0.007444
toleo	jingine	0.007444
tomografia	ya	0.750000
tovuti	ya	0.273743
tovuti	yao	0.067039
tovuti	yake	0.067039
tovuti	hii	0.055866
tovuti	za	0.050279
tovuti	na	0.039106
tovuti	nyingi	0.016760
tovuti	hiyo	0.016760
tovuti	rasmi	0.016760
tovuti	mbalimbali	0.016760
tovuti	zingine	0.016760
toyota	ya	0.178571
tukio	la	0.291139
tukio	hilo	0.202532
tukio	hili	0.151899
tukio	moja	0.046414
tukio	fulani	0.033755
tukio	ambalo	0.029536
tukio	na	0.016878
tukio	lingine	0.016878
tukio	halisi	0.012658
tukio	muhimu	0.012658
tukio	kama	0.012658
tulivu	na	0.190476
tulivu	ya	0.142857
tumaini	na	0.206349
tumaini	la	0.063492
tumaini	kwa	0.047619
tumaini	jema	0.047619
tumbo	na	0.206522
tumbo	la	0.108696
tumbo	ni	0.097826
tumbo	au	0.054348
tumbo	mara	0.032609
tumbo	katika	0.032609
tumbo	jeupe	0.032609
tungo	zake	0.190476
tungo	za	0.166667
tungo	ambayo	0.142857
tusker	fc	0.250000
tusker	project	0.250000
tuzo	ya	0.375918
tuzo	za	0.157122
tuzo	la	0.140969
tuzo	hiyo	0.026432
tuzo	nyingi	0.023495
tuzo	mbili	0.019090
tuzo	kadhaa	0.016153
tuzo	mbalimbali	0.014684
tuzo	hii	0.014684
tuzo	nne	0.011747
tuzo	hizo	0.010279
tuzo	yake	0.010279
tuzo	katika	0.008811
tuzo	nyingine	0.008811
tuzo	kwa	0.007342
tuzo	kutoka	0.007342
tuzo	kwenye	0.005874
tuzo	moja	0.005874
tuzo	hilo	0.005874
tuzo	zingine	0.005874
tuzo	na	0.005874
tuzo	kubwa	0.005874
tuzo	ni	0.004405
tuzo	zote	0.004405
tuzo	maalum	0.004405
tuzo	tatu	0.004405
tuzo	kumi	0.004405
tuzo	hili	0.004405
uadui	na	0.285714
uadui	dhidi	0.214286
uaguzi	wa	0.523810
uaguzi	na	0.142857
uaguzi	haraka	0.142857
uangalizi	wa	0.538462
uangalizi	makini	0.153846
uangalizi	mkubwa	0.115385
uarabuni	na	0.250000
uasi	wa	0.451613
uasi	dhidi	0.129032
uasi	na	0.096774
ubaguzi	wa	0.567010
ubaguzi	na	0.103093
ubaguzi	dhidi	0.051546
ubaguzi	kwa	0.041237
ubelgiji	na	0.200000
ubelgiji	katika	0.125000
ubelgiji	ya	0.100000
ubongo	na	0.165441
ubongo	wa	0.088235
ubongo	au	0.044118
ubongo	kama	0.033088
ubongo	ambayo	0.029412
ubongo	kwa	0.029412
ubongo	unaweza	0.022059
ubongo	ya	0.022059
ubongo	katika	0.018382
ubongo	lakini	0.014706
ubongo	wakati	0.014706
ubongo	zinaweza	0.011029
ubongo	inaweza	0.011029
ubongo	chuo	0.011029
ubongo	kisha	0.011029
ubongo	ni	0.011029
ubora	wa	0.672840
ubora	wake	0.061728
ubora	na	0.055556
ubora	katika	0.024691
ubora	zaidi	0.018519
uchaguzi	wa	0.457364
uchaguzi	mkuu	0.155039
uchaguzi	huo	0.040698
uchaguzi	na	0.023256
uchaguzi	huru	0.019380
uchaguzi	ya	0.017442
uchaguzi	kwa	0.017442
uchaguzi	mpya	0.013566
uchaguzi	wake	0.011628
uchaguzi	ujao	0.009690
uchaguzi	mdogo	0.009690
uchaguzi	ulikuwa	0.009690
uchaguzi	huu	0.009690
uchaguzi	katika	0.007752
uchaguzi	uliofanyika	0.005814
uchaguzi	kama	0.005814
uchaguzi	au	0.005814
uchaguzi	kura	0.005814
uchaguzi	si	0.005814
uchaguzi	la	0.005814
uchaguzi	nchini	0.005814
uchaguzi	uliofuata	0.005814
uchaguzi	ulifanyika	0.005814
uchawi	na	0.363636
ucheshi	wa	0.241379
ucheshi	na	0.172414
uchezaji	wake	0.343750
uchezaji	wa	0.312500
uchimbaji	wa	0.407407
uchimbaji	madini	0.111111
uchongaji	wa	0.437500
uchongaji	sanamu	0.187500
uchumi	wa	0.471519
uchumi	na	0.123418
uchumi	kwa	0.031646
uchumi	ni	0.031646
uchumi	katika	0.015823
uchumi	ya	0.012658
uchumi	kutoka	0.009494
uchumi	utamaduni	0.009494
uchumi	wao	0.009494
uchumi	ilikuwa	0.009494
uchumi	huu	0.009494
udhamini	wa	0.369565
udhamini	kwa	0.086957
udhamini	na	0.065217
udhamini	wao	0.065217
udugu	wa	0.363636
uelewa	wa	0.548387
uenezi	wa	0.660000
uenezi	wake	0.120000
uenezi	na	0.060000
ufa	wa	0.312500
ufalme	wa	0.642857
ufalme	wake	0.077922
ufalme	huu	0.038961
ufalme	na	0.032468
ufalme	mdogo	0.025974
ufalme	huo	0.025974
ufalme	mzima	0.019481
ufaransa	na	0.180412
ufaransa	katika	0.056701
ufaransa	mwaka	0.046392
ufaransa	wa	0.036082
ufaransa	kwa	0.036082
ufaransa	wakati	0.020619
ufaransa	mnamo	0.015464
ufaransa	ya	0.015464
ufaransa	ambapo	0.015464
ufaransa	kwenye	0.015464
ufaransa	ilikuwa	0.015464
ufaransa	kama	0.015464
ufaransa	kusini	0.015464
ufilipino	imehesabiwa	0.357143
ufilipino	na	0.214286
ufisadi	na	0.375000
ufufuo	wa	0.600000
ufugaji	wa	0.571429
ufugaji	nyuki	0.178571
ufugaji	na	0.107143
ufumbuzi	wa	0.368421
ufupi	wa	0.142857
ugomvi	na	0.228571
ugomvi	baina	0.114286
ugomvi	wa	0.114286
ugumu	wa	0.608247
ugumu	katika	0.072165
ugumu	wake	0.061856
ugumu	ni	0.030928
uhai	wake	0.279412
uhai	wa	0.191176
uhai	wetu	0.088235
uhalisia	wa	0.466667
uhamishaji	wa	0.846154
uhamisho	wa	0.486486
uhamishoni	kwa	0.235294
uhamishoni	nchini	0.176471
uhispania	na	0.120000
uigizaji	wake	0.155556
uigizaji	wa	0.111111
uigizaji	na	0.100000
uigizaji	kwa	0.066667
uigizaji	katika	0.055556
uigizaji	tangu	0.033333
uigizaji	ilianza	0.033333
uishe	zinabaki	0.993590
uislamu	na	0.144928
uislamu	wa	0.072464
uislamu	kwa	0.072464
uislamu	ni	0.072464
uislamu	nchini	0.072464
uislamu	katika	0.043478
ujapani	na	0.125000
ujapani	kwa	0.093750
ujuzi	wa	0.402985
ujuzi	wake	0.126866
ujuzi	na	0.097015
ujuzi	huo	0.029851
ujuzi	katika	0.029851
ujuzi	huu	0.022388
ujuzi	wao	0.022388
ukamilifu	wa	0.458333
ukamilifu	wake	0.166667
ukamilifu	na	0.125000
ukanda	wa	0.616667
ukanda	huu	0.100000
ukanda	huo	0.050000
ukarimu	wa	0.277778
ukarimu	wake	0.166667
ukarimu	na	0.166667
ukatili	wa	0.434783
ukatili	na	0.130435
ukavu	wa	0.300000
uko	katika	0.195122
uko	kwenye	0.105691
uko	chini	0.048780
uko	karibu	0.048780
uko	kando	0.048780
uko	ndani	0.040650
uko	upande	0.040650
uko	kaskazini	0.032520
uko	kati	0.024390
uko	takriban	0.024390
ukoo	wa	0.532710
ukoo	wake	0.074766
ukoo	wao	0.046729
ukoo	na	0.037383
ukosefu	wa	0.940476
ukosefu	wake	0.017857
ukristo	wa	0.217949
ukristo	na	0.141026
ukristo	ni	0.051282
ukristo	lakini	0.051282
ukristo	ulikuwa	0.051282
ukristo	katika	0.051282
ukristo	kwa	0.038462
ukurasa	wa	0.505618
ukurasa	huu	0.134831
ukurasa	wake	0.067416
ukurasa	na	0.033708
ukusanyaji	wa	0.636364
ukusanyaji	na	0.181818
ukuzaji	wa	0.826087
ulifanya	vizuri	0.285714
uligundua	kwamba	0.437500
uligundua	kuwa	0.375000
ulikua	haraka	0.111111
ulikua	kutoka	0.111111
ulikuja	kuimbwa	0.157895
ulio	na	0.380000
ulio	chini	0.070000
ulio	katika	0.070000
ulio	karibu	0.040000
ulio	juu	0.040000
ulio	laini	0.030000
uliofanyika	katika	0.148148
uliofanyika	kwa	0.111111
ulionyesha	kuwa	0.500000
ulionyesha	kwamba	0.210526
uliopo	baina	0.088889
uliopo	kati	0.066667
uliopo	kwenye	0.066667
uliopo	katika	0.066667
uliotungwa	na	1.000000
ulitengenezwa	na	0.250000
ulitengenezwa	kwa	0.250000
ulitokana	na	0.941176
umaarufu	wa	0.168033
umaarufu	wake	0.131148
umaarufu	mkubwa	0.098361
umaarufu	na	0.073770
umaarufu	zaidi	0.057377
umaarufu	katika	0.057377
umaarufu	kwa	0.049180
umaarufu	baada	0.045082
umaarufu	sana	0.040984
umaarufu	kama	0.032787
umaarufu	wao	0.028689
umaarufu	kutokana	0.016393
umaarufu	ni	0.016393
umaskini	wa	0.109756
umaskini	uliokithiri	0.085366
umaskini	kwa	0.073171
umaskini	na	0.073171
umaskini	katika	0.060976
umaskini	ni	0.060976
umaskini	ikiwa	0.036585
umbali	wa	0.411168
umbali	mrefu	0.096447
umbali	kati	0.081218
umbali	mkubwa	0.071066
umbali	na	0.060914
umbali	wake	0.050761
umbali	mfupi	0.025381
umbali	mdogo	0.025381
umbali	kutoka	0.025381
umbali	au	0.015228
umetaboli	wa	0.250000
umma	na	0.157534
umma	kwa	0.068493
umma	ya	0.051370
umma	katika	0.044521
umma	kama	0.037671
umma	wa	0.037671
umma	au	0.034247
umma	za	0.023973
umma	kuhusu	0.017123
umma	mnamo	0.017123
umma	ni	0.017123
umma	mwaka	0.013699
umma	ili	0.013699
umma	nchini	0.010274
umma	baada	0.010274
umoja	wa	0.778061
umoja	na	0.056122
umoja	huu	0.017857
umoja	kwa	0.012755
umoja	huo	0.012755
umoja	ni	0.007653
umoja	wao	0.007653
unachukua	eneo	0.724138
unaoendelea	kwa	0.176471
unaohitajika	kwa	0.272727
unaonekana	katika	0.135135
unaonekana	kama	0.108108
unaonekana	kuwa	0.108108
unaonekana	wa	0.081081
unaonyesha	kuwa	0.337209
unaonyesha	kwamba	0.255814
unaonyesha	ya	0.034884
unaoonyesha	kuwa	0.200000
unaosababishwa	na	1.000000
unaotokana	na	0.961538
unapaswa	kuwa	0.214286
unasababishwa	na	0.714286
unatoka	katika	0.384615
unatoka	kwa	0.153846
unatoka	nje	0.115385
unatokana	na	0.960000
unaweza	kuwa	0.132530
unaweza	kusababisha	0.103614
unaweza	kutokea	0.040964
unaweza	kutumika	0.036145
unaweza	pia	0.031325
unaweza	kuonyesha	0.019277
unaweza	kupatikana	0.019277
unaweza	kutumia	0.019277
unaweza	kufanywa	0.019277
unaweza	kusaidia	0.016867
unaweza	kuonekana	0.014458
unaweza	kuchukua	0.014458
unaweza	kupunguza	0.014458
unaweza	kufanya	0.014458
unaweza	kuona	0.012048
unaweza	kuleta	0.012048
unaweza	kuendelea	0.009639
unaweza	kuashiria	0.009639
unaweza	kutambua	0.009639
unaweza	kupunguzwa	0.009639
unaweza	kusababishwa	0.009639
unaweza	kugawanywa	0.009639
unaweza	kuitwa	0.007229
unaweza	kuendelezwa	0.007229
unaweza	kutoa	0.007229
unaweza	kutekelezwa	0.007229
unaweza	kuharibu	0.007229
unaweza	kuzuiwa	0.007229
unaweza	kusema	0.007229
unaweza	kuathiri	0.007229
unaweza	kutokana	0.007229
unaweza	kuzuia	0.007229
unaweza	kufanyika	0.007229
unaweza	kuchangia	0.007229
undani	zaidi	0.279070
undani	wa	0.186047
undani	na	0.069767
undani	kabisa	0.069767
unga	wa	0.595745
unga	na	0.106383
unguja	na	0.352941
university	of	0.529412
university	press	0.117647
university	na	0.058824
university	college	0.058824
unyanyasaji	wa	0.740741
unyanyasaji	dhidi	0.111111
unyonge	wangu	0.333333
uondoaji	wa	0.454545
uovu	na	0.272727
upana	wa	0.530435
upana	na	0.060870
upana	wake	0.060870
upana	mkubwa	0.043478
upana	km	0.026087
upana	ni	0.026087
upanuzi	wa	0.720000
upanuzi	huu	0.066667
upanuzi	mkubwa	0.053333
upenyo	wa	0.333333
upeo	wa	0.647059
upeo	wake	0.058824
upepo	wa	0.270588
upepo	na	0.105882
upepo	mkali	0.082353
upepo	ni	0.070588
upepo	kwa	0.058824
upepo	katika	0.035294
upinzani	wa	0.187500
upinzani	dhidi	0.105769
upinzani	na	0.072115
upinzani	kwa	0.052885
upinzani	mkali	0.043269
upinzani	bila	0.033654
upinzani	katika	0.028846
upinzani	wake	0.024038
upinzani	wao	0.024038
upinzani	mkubwa	0.019231
upinzani	wowote	0.019231
upinzani	huu	0.019231
upinzani	mwingi	0.014423
upinzani	wote	0.014423
upinzani	huo	0.014423
upitishaji	wa	0.611111
upole	na	0.214286
upotevu	wa	0.935484
upungufu	wa	0.779570
upungufu	katika	0.069892
upungufu	huu	0.026882
upungufu	mkubwa	0.021505
upya	na	0.144860
upya	kwa	0.130841
upya	wa	0.116822
upya	katika	0.060748
upya	tena	0.023364
upya	kama	0.018692
upya	mwaka	0.018692
upya	baada	0.018692
upya	mtindo	0.014019
uraia	wa	0.512821
uraibu	wa	0.769231
uropa	ya	0.121212
uropa	katika	0.090909
uropa	kwa	0.090909
usafi	wa	0.541176
usafi	na	0.152941
usafi	kwa	0.047059
usafi	ambavyo	0.035294
usahihi	wa	0.194444
usahihi	zaidi	0.166667
usahihi	kwa	0.111111
usaidizi	wa	0.515152
usaidizi	na	0.090909
usaidizi	kutoka	0.075758
usaidizi	kwa	0.060606
usaidizi	huu	0.045455
usalama	wa	0.396907
usalama	na	0.097938
usalama	kwa	0.061856
usalama	katika	0.041237
usalama	wake	0.036082
usalama	vya	0.020619
usalama	la	0.015464
usalama	zaidi	0.015464
usalama	au	0.015464
usanifu	wa	0.425000
usanifu	na	0.175000
usanifu	majengo	0.150000
usanii	wa	0.411765
ushahidi	wa	0.440741
ushahidi	kuwa	0.059259
ushahidi	kwamba	0.037037
ushahidi	unaonyesha	0.029630
ushahidi	mdogo	0.029630
ushahidi	wowote	0.025926
ushahidi	katika	0.022222
ushahidi	zaidi	0.022222
ushahidi	mwingine	0.018519
ushahidi	kwa	0.014815
ushahidi	unaoonyesha	0.011111
ushahidi	kuhusu	0.011111
ushahidi	thabiti	0.011111
ushahidi	kidogo	0.011111
ushahidi	huo	0.011111
ushahidi	wake	0.011111
ushahidi	uliopo	0.011111
ushahidi	bora	0.011111
ushahidi	pia	0.011111
ushahidi	huu	0.011111
ushauri	wa	0.377778
ushauri	na	0.077778
ushauri	ya	0.066667
ushauri	wake	0.055556
ushauri	kwa	0.055556
ushauri	kutoka	0.044444
ushawishi	mkubwa	0.324675
ushawishi	wa	0.259740
ushawishi	katika	0.064935
ushawishi	wake	0.064935
ushawishi	wao	0.038961
ushindani	wa	0.181818
ushindani	na	0.116883
ushindani	mkubwa	0.116883
ushindani	kwa	0.064935
ushindani	katika	0.051948
ushindani	juu	0.038961
usiku	kwa	0.165289
usiku	na	0.148760
usiku	wa	0.119835
usiku	mmoja	0.057851
usiku	kucha	0.045455
usiku	huo	0.041322
usiku	lakini	0.024793
usiku	ni	0.012397
usiku	katika	0.012397
usiku	ule	0.012397
usiku	au	0.012397
usiku	nchini	0.012397
usimbishaji	kwa	0.250000
uso	wa	0.595652
uso	wake	0.108696
uso	na	0.034783
uso	kwa	0.026087
uso	wao	0.017391
usoni	mwa	0.131579
usoni	na	0.105263
usoni	wa	0.105263
utaifa	wa	0.400000
utakuwa	na	0.296296
utakuwa	ni	0.148148
utamu	wa	0.222222
utamu	wake	0.166667
utamu	na	0.166667
utando	wa	0.603774
utando	na	0.056604
utangazaji	wa	0.212121
utangazaji	na	0.151515
utangazaji	la	0.121212
utaridi	zuhura	0.214286
utawa	iii	0.294118
utawa	wa	0.156863
utawa	i	0.137255
utawa	wake	0.078431
utawa	ii	0.078431
utayarishaji	wa	0.605263
utayarishaji	na	0.131579
utayarishaji	wake	0.105263
ute	wa	0.583333
utegemeaji	wa	0.888889
utemi	wa	0.450000
utukufu	wa	0.275000
utukufu	wake	0.225000
utukufu	na	0.075000
utumbo	mwembamba	0.181818
utumbo	mpana	0.145455
utumbo	na	0.127273
utumbo	wa	0.090909
utumbo	mdogo	0.054545
utumwa	wa	0.236111
utumwa	na	0.125000
utumwa	katika	0.083333
utumwa	au	0.055556
utumwa	kwa	0.055556
utumwa	ulikuwa	0.055556
utumwa	barani	0.055556
uvimbe	wa	0.452830
uvimbe	kwenye	0.047170
uvimbe	na	0.047170
uvimbe	katika	0.047170
uvimbe	au	0.028302
uwasilishaji	wa	0.421053
uwezekano	wa	0.678771
uwezekano	mkubwa	0.106145
uwezekano	kuwa	0.044693
uwezekano	mdogo	0.019553
uwezekano	ya	0.016760
uwezekano	kwamba	0.013966
uwezekano	zaidi	0.013966
uwezekano	mara	0.011173
uwezekano	ni	0.008380
uwezekano	kwa	0.008380
uwezekano	mkuu	0.008380
uwezeshaji	wa	0.666667
uwingi	wa	0.611111
uzamivu	katika	0.222222
uzamivu	ya	0.166667
uzamivu	na	0.166667
uzao	wake	0.307692
uzao	wa	0.230769
uzinduzi	wa	0.514286
uzinduzi	wake	0.142857
uzito	wa	0.497872
uzito	na	0.072340
uzito	wao	0.038298
uzito	wake	0.034043
uzito	kwa	0.029787
uzito	zaidi	0.017021
uzito	mkubwa	0.017021
uzito	ni	0.017021
uzito	kg	0.012766
varisela	ya	0.461538
viashiria	vya	0.388889
viazi	na	0.200000
viazi	vikuu	0.200000
vichache	tu	0.181818
vichache	vya	0.181818
vichache	zaidi	0.136364
video	ya	0.274882
video	za	0.099526
video	na	0.052133
video	hii	0.052133
video	yake	0.052133
video	wa	0.037915
video	hiyo	0.033175
video	zake	0.030806
video	kutoka	0.014218
video	music	0.014218
video	kwenye	0.011848
video	kwa	0.011848
video	pia	0.011848
video	au	0.009479
video	imeongozwa	0.009479
video	fupi	0.007109
video	ambayo	0.007109
video	inaonyesha	0.007109
video	katika	0.007109
video	mbili	0.007109
video	inaishia	0.007109
vidonda	vya	0.337662
vidonda	sugu	0.155844
vidonda	katika	0.051948
vidonda	kwa	0.038961
vidonda	kwenye	0.038961
vidonda	mwilini	0.038961
vidonge	vya	0.465517
vidonge	hivi	0.206897
vidonge	hivyo	0.068966
vifo	vya	0.223810
vifo	vingi	0.095238
vifo	kwa	0.090476
vifo	kutokana	0.061905
vifo	katika	0.061905
vifo	mwaka	0.052381
vifo	milioni	0.052381
vifo	na	0.042857
vifo	hivi	0.038095
vifo	kati	0.023810
vifo	zaidi	0.019048
vifo	cha	0.014286
vifo	vyote	0.014286
vijana	wa	0.190588
vijana	na	0.087059
vijana	ya	0.047059
vijana	wasiozidi	0.040000
vijana	wengi	0.032941
vijana	wenye	0.030588
vijana	kwa	0.025882
vijana	katika	0.023529
vijana	kutoka	0.023529
vijana	jazz	0.018824
vijana	ambao	0.016471
vijana	hawa	0.016471
vijana	wadogo	0.016471
vijana	hao	0.011765
vijana	wengine	0.011765
vijana	cha	0.009412
vijana	huko	0.009412
vijana	mwaka	0.009412
vijana	wawili	0.009412
vijana	chini	0.007059
vijana	walio	0.007059
vijana	walishiriki	0.007059
vijana	wao	0.007059
vijana	wenzie	0.007059
vijana	au	0.007059
vijana	ili	0.007059
vikao	vya	0.500000
vikiwa	na	0.391304
vikiwa	pamoja	0.130435
viko	katika	0.230769
viko	ndani	0.115385
viko	kwenye	0.115385
vikuu	vya	0.423358
vikuu	na	0.109489
vikuu	katika	0.051095
vikuu	nchini	0.036496
vikuu	mbalimbali	0.029197
vikuu	ni	0.029197
vikuu	viwili	0.021898
vikuu	kadhaa	0.021898
vilivyo	na	0.325843
vilivyo	katika	0.157303
vilivyo	karibu	0.044944
vilivyo	ndani	0.044944
vilivyo	hatarini	0.033708
vilivyo	kwenye	0.033708
villa	katika	0.187500
village	voice	0.461538
vinara	wao	0.882353
vinavyoweza	kuwa	0.200000
vingine	vya	0.213592
vingine	kama	0.067961
vingine	vingi	0.033981
vingine	kwa	0.033981
vingine	katika	0.033981
vingine	ni	0.029126
vingine	kadhaa	0.024272
vingine	ambavyo	0.024272
vingine	na	0.024272
vingine	vina	0.019417
vingine	vinaweza	0.019417
vingine	vyote	0.019417
vingine	ambapo	0.019417
vingine	vidogo	0.019417
vingine	viwili	0.014563
vingine	ili	0.014563
vingine	pia	0.014563
vinne	vya	0.321429
vinne	ambavyo	0.142857
vinne	kwa	0.107143
vionjo	vya	0.466667
vipande	vya	0.384615
vipande	vidogo	0.160839
vipande	viwili	0.062937
vipande	vipande	0.048951
vipande	vyote	0.034965
vipande	vitatu	0.027972
vipande	vyake	0.027972
vipande	hivi	0.027972
vipande	vikubwa	0.020979
vipande	vingine	0.020979
vipofu	na	0.190476
virefu	vya	0.347826
virefu	zaidi	0.173913
visa	vya	0.253012
visa	vingi	0.132530
visa	hivi	0.090361
visa	vyote	0.060241
visa	na	0.042169
visa	vingine	0.042169
visa	visivyo	0.042169
visa	vichache	0.036145
visa	kwa	0.018072
visa	milioni	0.018072
visa	katika	0.018072
vita	vya	0.222488
vita	ya	0.185407
vita	na	0.072967
vita	kuu	0.062201
vita	dhidi	0.033493
vita	hii	0.020335
vita	kwa	0.019139
vita	hivyo	0.017943
vita	kati	0.016746
vita	za	0.016746
vita	katika	0.011962
vita	vikuu	0.010766
vita	hiyo	0.009569
vita	au	0.008373
vita	lakini	0.008373
vita	ni	0.007177
vita	icrc	0.007177
vita	ilianza	0.007177
vita	ilikuwa	0.005981
vita	vikali	0.005981
vita	baridi	0.005981
vita	wa	0.004785
vita	nchini	0.004785
vita	kadhaa	0.003589
vita	kama	0.003589
vita	wakati	0.003589
vita	hadi	0.003589
vita	baina	0.003589
vita	vingine	0.003589
vita	yake	0.003589
vitani	na	0.181818
vitatu	vya	0.410714
vitatu	ambavyo	0.107143
vitatu	na	0.071429
vitendo	vya	0.375000
vitendo	na	0.087500
vitendo	mbalimbali	0.050000
vitendo	vyote	0.050000
vitendo	kama	0.037500
vitendo	vyake	0.037500
vitengo	vya	0.585366
vitengo	vitatu	0.073171
vitengo	viwili	0.073171
vitengo	vingine	0.073171
vitisho	vya	0.206897
vitisho	na	0.172414
vitivo	vya	0.266667
vito	vya	0.384615
vizazi	vya	0.257143
vizazi	vyake	0.085714
vizazi	kadhaa	0.085714
vizazi	vingi	0.085714
vuguvugu	la	0.320000
vuguvugu	hili	0.120000
vyama	vya	0.492823
vyama	vingi	0.148325
vyama	vyote	0.062201
vyama	vingine	0.043062
vyama	mbalimbali	0.043062
vyama	hivi	0.019139
vyama	hivyo	0.019139
vyama	husika	0.014354
vyama	vipya	0.014354
vyama	zaidi	0.014354
vyenye	shule	0.152542
vyenye	nguvu	0.042373
vyenye	seli	0.033898
vyenye	asili	0.033898
vyenye	uwezo	0.025424
vyenye	wakazi	0.025424
vyeo	vya	0.269231
vyeo	mbalimbali	0.153846
vyeo	kama	0.076923
vyeo	vingine	0.076923
vyeo	vikuu	0.057692
vyombo	vya	0.744755
vyombo	hivi	0.020979
vyombo	hivyo	0.017483
vyombo	vingine	0.013986
vyombo	na	0.013986
vyombo	vyao	0.010490
vyombo	vipya	0.010490
vyombo	vyake	0.010490
vyombo	vilivyo	0.010490
vyombo	ya	0.010490
w	a	0.115385
w	b	0.076923
w	h	0.057692
wa	lugha	0.073830
wa	idadi	0.070193
wa	sensa	0.044454
wa	kata	0.032232
wa	kwanza	0.016781
wa	mji	0.013304
wa	miaka	0.011442
wa	wa	0.010235
wa	kijijini	0.006936
wa	na	0.005570
wa	pili	0.005464
wa	mwaka	0.005127
wa	kawaida	0.004914
wa	nchi	0.004577
wa	kike	0.004133
wa	vita	0.003672
wa	zamani	0.003566
wa	marekani	0.003424
wa	serikali	0.003246
wa	afrika	0.003228
wa	mwisho	0.003193
wa	kiume	0.003140
wa	watu	0.003140
wa	chama	0.002980
wa	rais	0.002962
wa	habari	0.002927
wa	kimataifa	0.002838
wa	maisha	0.002820
wa	dunia	0.002820
wa	mungu	0.002803
wa	filamu	0.002803
wa	damu	0.002661
wa	juu	0.002608
wa	mataifa	0.002590
wa	muziki	0.002572
wa	tatu	0.002537
wa	shule	0.002430
wa	kale	0.002395
wa	maji	0.002377
wa	aina	0.002306
waajemi	wengi	0.285714
waanzilishi	wa	0.708333
wabelgiji	walitumia	0.333333
wachapishaji	wa	0.714286
wachungaji	wa	0.206897
wachungaji	na	0.103448
wadhamini	wa	0.357143
wadhifa	wa	0.272727
wadhifa	wake	0.272727
wadhifa	huo	0.181818
wadhifa	wowote	0.136364
wadogo	na	0.140845
wadogo	wa	0.061033
wadogo	zake	0.056338
wadogo	kwa	0.046948
wadogo	zaidi	0.032864
wadogo	kuliko	0.032864
wadogo	kabisa	0.028169
wadogo	katika	0.023474
wadogo	ni	0.023474
wadogo	wenye	0.018779
wadogo	wanaweza	0.018779
wadogo	sana	0.018779
wadogo	lakini	0.018779
wadogo	wengi	0.014085
wadogo	wadogo	0.014085
wadogo	waliweza	0.014085
wadogo	wake	0.014085
wafanyakazi	wa	0.357843
wafanyakazi	na	0.078431
wafanyakazi	wake	0.044118
wafanyakazi	katika	0.039216
wafanyakazi	wote	0.039216
wafanyakazi	wengi	0.034314
wafanyakazi	wengine	0.019608
wafanyakazi	ambao	0.019608
wafanyakazi	kwa	0.014706
wafanyakazi	kwenye	0.014706
wafaransa	katika	0.090909
wafiadini	wa	0.687500
wafungwa	wa	0.298507
wafungwa	na	0.104478
wafungwa	katika	0.044776
wafungwa	kutoka	0.044776
wafungwa	ya	0.044776
wafungwa	wengi	0.044776
wageni	na	0.114035
wageni	wa	0.114035
wageni	wengi	0.052632
wageni	kutoka	0.052632
wageni	wake	0.035088
wageni	ni	0.035088
wageni	wengine	0.035088
wageni	hao	0.026316
wageni	katika	0.026316
wageni	kwenye	0.026316
wageni	wanaweza	0.026316
wageni	wote	0.026316
wagiriki	wa	0.346667
wagiriki	na	0.146667
wagiriki	kwa	0.066667
wagiriki	walichukua	0.053333
wagiriki	walipokea	0.040000
wagiriki	kutoka	0.040000
wagonjwa	wa	0.184000
wagonjwa	walio	0.096000
wagonjwa	na	0.076000
wagonjwa	wenye	0.060000
wagonjwa	wengi	0.040000
wagonjwa	wengine	0.032000
wagonjwa	wote	0.028000
wagonjwa	wanaweza	0.024000
wagonjwa	ambao	0.020000
wagonjwa	katika	0.020000
wagonjwa	mahututi	0.020000
wagonjwa	kwa	0.016000
wagonjwa	hawa	0.016000
wagonjwa	wake	0.012000
wagonjwa	sana	0.012000
wahariri	wa	0.352941
waimbaji	wa	0.228070
waimbaji	na	0.087719
waimbaji	wengine	0.052632
waindio	na	0.230769
waingereza	na	0.116071
waingereza	katika	0.044643
waingereza	kwa	0.044643
waingereza	dhidi	0.035714
waingereza	wa	0.035714
waingereza	waliamua	0.026786
waingereza	walianza	0.026786
waingereza	walikuwa	0.026786
waingereza	huko	0.026786
waingereza	walijaribu	0.026786
waislamu	na	0.151515
waislamu	wa	0.078788
waislamu	wengi	0.066667
waislamu	kwa	0.042424
waislamu	nchini	0.042424
waislamu	wote	0.036364
waislamu	katika	0.030303
waislamu	ambao	0.024242
waislamu	ni	0.024242
waislamu	kutoka	0.018182
waislamu	wenye	0.018182
waisraeli	wote	0.090909
waisraeli	na	0.090909
waisraeli	katika	0.090909
wajibu	wa	0.512605
wajibu	wake	0.084034
wajibu	kwa	0.058824
wajibu	wao	0.050420
wajibu	na	0.033613
wakarudi	na	0.312500
wakawa	na	0.203704
wakawa	maarufu	0.055556
wakawa	wanafanya	0.055556
wake	wa	0.239496
wake	na	0.095588
wake	ni	0.052521
wake	katika	0.044818
wake	kwa	0.038165
wake	mkuu	0.026611
wake	kama	0.016807
wake	wote	0.011905
wake	ulikuwa	0.010154
wake	mkubwa	0.008403
wake	mwenyewe	0.008053
wake	alikuwa	0.008053
wake	walikuwa	0.007353
wake	kuwa	0.007003
wake	lakini	0.007003
wake	wengi	0.006653
wake	juu	0.006653
wake	huko	0.005602
wake	kutoka	0.005252
wake	kwenye	0.004552
wake	wawili	0.004552
wake	hasa	0.004202
wake	akiwa	0.004202
wake	ili	0.004202
wake	pamoja	0.003852
wake	ambao	0.003852
wake	hadi	0.003852
wake	mpya	0.003852
wake	ambaye	0.003852
wake	pia	0.003151
wake	huyo	0.003151
wake	baada	0.003151
wake	ilikuwa	0.003151
wake	au	0.003151
wake	mwingi	0.002801
wake	mdogo	0.002801
wake	si	0.002801
wake	unaweza	0.002801
wake	zao	0.002801
wake	imekadiriwa	0.002801
wakfu	wa	0.291667
wakifuata	njia	0.880952
wakoloni	wa	0.142857
wakoloni	na	0.114286
wakoloni	waingereza	0.114286
wakoloni	kama	0.085714
wala	si	0.081356
wala	kwa	0.050847
wala	hana	0.013559
wala	wa	0.013559
wala	sio	0.013559
wala	siyo	0.013559
wala	kufanya	0.013559
wala	mama	0.010169
wala	juu	0.010169
wala	hawana	0.010169
wala	hakuna	0.010169
wala	kusababisha	0.010169
wala	upande	0.010169
wala	majani	0.010169
wala	yeye	0.010169
wala	nyama	0.010169
wala	nyasi	0.010169
walezi	wa	0.357143
waliamini	kuwa	0.333333
waliamini	kwamba	0.148148
waliamini	ya	0.148148
walibaki	katika	0.208333
walibaki	na	0.125000
walidai	kuwa	0.190476
waliendelea	kuwa	0.146341
waliendelea	na	0.060976
waliendelea	kutawala	0.048780
waliendelea	hadi	0.036585
walifanya	kazi	0.209302
walifanya	hivyo	0.069767
walifanya	biashara	0.046512
walifanya	makubaliano	0.034884
walifikia	na	0.333333
walijiunga	na	0.758621
walikutana	na	0.361111
walikutana	kwa	0.111111
walikutana	katika	0.083333
walimu	wa	0.219512
walimu	na	0.121951
walimu	wake	0.065041
walimu	wao	0.040650
walimu	wakuu	0.032520
walimu	wasio	0.024390
walimu	cha	0.024390
walimu	wengi	0.024390
walioambukizwa	walifikia	0.250000
walioambukizwa	na	0.214286
walioambukizwa	wanaweza	0.107143
walioathirika	kwa	0.250000
walioathirika	na	0.250000
waliobaki	kuzungumza	0.200000
waliojeruhiwa	katika	0.375000
waliona	ya	0.102273
waliona	kwamba	0.079545
waliona	nafasi	0.056818
waliona	ni	0.056818
waliona	haja	0.034091
walioweza	kuongea	0.250000
walipiga	kura	0.533333
walirudi	kwa	0.103448
walirudi	nyumbani	0.103448
walisema	kuwa	0.285714
walisema	kwamba	0.171429
walisema	ya	0.142857
walishinda	ligi	0.100000
walishinda	dhidi	0.075000
walishinda	katika	0.075000
walishinda	kwa	0.075000
walishinda	taji	0.075000
walishinda	medali	0.075000
walishinda	na	0.075000
walishinda	kombe	0.075000
walitoa	albamu	0.145455
walitoa	video	0.109091
walitoa	taarifa	0.072727
walitoa	wimbo	0.072727
walitoa	toleo	0.072727
walitoa	maoni	0.072727
waliuawa	na	0.274510
waliuawa	katika	0.137255
waliuawa	kwa	0.078431
waliuawa	au	0.078431
wameanza	kuacha	0.583333
wameanza	kutumia	0.062500
wameanza	kusahau	0.062500
wamebaki	kuongea	0.938776
wamebaki	kuzungumza	0.030612
wamekuwa	na	0.203704
wanaastronomia	wa	0.285714
wanadamu	na	0.109375
wanadamu	wote	0.093750
wanadamu	lakini	0.046875
wanadamu	ni	0.046875
wanafanana	na	0.541667
wanafanana	zaidi	0.166667
wanahistoria	wa	0.291667
wanahistoria	na	0.125000
wanakutana	na	0.470588
wanakutana	tena	0.176471
wanamuziki	wa	0.174603
wanamuziki	wengine	0.142857
wanamuziki	wengi	0.055556
wanamuziki	na	0.055556
wanamuziki	kama	0.039683
wanamuziki	maarufu	0.039683
wanamuziki	kadhaa	0.031746
wanamuziki	waliokuwa	0.023810
wanamuziki	wote	0.023810
wanaoishi	katika	0.907507
wanaoishi	na	0.009383
wanaoishi	mjini	0.009383
wanaoishi	hapa	0.005362
wanaoishi	kwa	0.005362
wanaoishi	karibu	0.005362
wanaoishi	sehemu	0.004021
wanaojulikana	ni	0.166667
wanaojulikana	sana	0.166667
wanaokalia	katika	0.888889
wanaonekana	kuwa	0.157895
wanapatikana	katika	0.375000
wanapenda	kuwa	0.142857
wanasema	kuwa	0.250000
wanasema	kwamba	0.214286
wanasema	ni	0.071429
wanasema	ya	0.071429
wanaweza	kuwa	0.122318
wanaweza	kupata	0.040773
wanaweza	pia	0.038627
wanaweza	kufanya	0.038627
wanaweza	kutumia	0.027897
wanaweza	kuishi	0.019313
wanaweza	kukaa	0.017167
wanaweza	kuogelea	0.012876
wanaweza	kusababisha	0.010730
wanaweza	kuonekana	0.010730
wanaweza	kusikia	0.010730
wanaweza	kucheza	0.010730
wanaweza	kupatikana	0.010730
wanaweza	kuambukizwa	0.010730
wanaweza	kuwasiliana	0.008584
wanaweza	kuathiriwa	0.008584
wanaweza	kuunda	0.008584
wanaweza	kwenda	0.008584
wanaweza	kuona	0.008584
wanaweza	kukosa	0.008584
wanaweza	kutoa	0.008584
wanaweza	kukamatwa	0.008584
wanaweza	kusema	0.008584
wanaweza	kuonyesha	0.008584
wanaweza	kula	0.008584
wanaweza	kuruka	0.008584
wanaweza	kufaidika	0.006438
wanaweza	kufuatilia	0.006438
wanaweza	kupenda	0.006438
wanaweza	kuhitaji	0.006438
wanaweza	kutengeneza	0.006438
wanaweza	kuhisi	0.006438
wanaweza	kutambua	0.006438
wanaweza	kuzuia	0.006438
wanaweza	kutaga	0.006438
wanaweza	kuzaa	0.006438
wanaweza	kung	0.006438
wanaweza	kuanza	0.006438
wanaweza	kuchagua	0.006438
wanaweza	tu	0.006438
wangeweza	kuongea	0.360000
wangu	na	0.126761
wangu	kwa	0.098592
wangu	ni	0.098592
wangu	wa	0.070423
wapare	ni	0.129032
wapare	wa	0.129032
wapare	na	0.096774
wapare	pia	0.096774
wapi	na	0.232558
wapi	pa	0.093023
wapinzani	wa	0.228261
wapinzani	wake	0.195652
wapinzani	wao	0.097826
wapinzani	wakubwa	0.032609
wapinzani	na	0.032609
wapinzani	wote	0.032609
wapinzani	katika	0.032609
wapinzani	wengi	0.032609
waraka	wa	0.250000
wasafwa	wengi	0.214286
washambuliaji	wa	0.342857
washambuliaji	na	0.228571
washirika	wa	0.340000
washirika	wake	0.240000
washirika	na	0.060000
wasichana	na	0.168539
wasichana	ya	0.134831
wasichana	wa	0.089888
wasichana	wawili	0.044944
wasichana	wengi	0.044944
wasichana	kwa	0.033708
wasichana	wengine	0.033708
wasichana	katika	0.033708
wasichana	wadogo	0.033708
wasichana	walikuwa	0.033708
wasio	na	0.576923
wasio	waislamu	0.057692
wasio	wakristo	0.038462
wasio	wa	0.032051
wasio	wazungu	0.025641
wasio	wakazi	0.019231
wasiokuwa	na	0.611111
wasiokuwa	waislamu	0.222222
wasiozidi	umri	0.947368
waswahili	tangu	0.514286
waswahili	wa	0.142857
waswahili	na	0.042857
watafiti	wengine	0.163265
watafiti	wa	0.081633
watafiti	katika	0.061224
watakatifu	wote	0.285714
watakatifu	wa	0.250000
watakatifu	wengine	0.107143
watakatifu	na	0.107143
watatu	wa	0.219512
watatu	na	0.105691
watatu	tu	0.073171
watatu	ambao	0.048780
watatu	kutoka	0.040650
watatu	tofauti	0.024390
watatu	kwa	0.024390
watatu	hao	0.024390
watawala	wa	0.400000
watawala	wadogo	0.072727
watawala	wapya	0.063636
watawala	na	0.063636
watawala	waislamu	0.036364
watawala	wengine	0.036364
watawala	wenyeji	0.036364
watawala	wake	0.036364
watawala	lakini	0.027273
watoto	wa	0.111514
watoto	na	0.070716
watoto	wao	0.055304
watoto	wawili	0.053490
watoto	wake	0.048957
watoto	watatu	0.042611
watoto	wachanga	0.038078
watoto	wenye	0.030825
watoto	walio	0.026292
watoto	wadogo	0.024479
watoto	wanne	0.020852
watoto	ambao	0.018132
watoto	katika	0.015413
watoto	wote	0.015413
watoto	kwa	0.015413
watoto	watano	0.014506
watoto	wengi	0.013599
watoto	sita	0.011786
watoto	wengine	0.011786
watoto	ni	0.009973
watoto	hao	0.009973
watoto	ya	0.008160
watoto	waliozaliwa	0.007253
watoto	chini	0.006346
watoto	wakati	0.006346
watoto	nchini	0.006346
watoto	hawa	0.006346
watoto	wasio	0.005440
watoto	maskini	0.005440
watoto	nane	0.005440
watoto	kumi	0.005440
watoto	saba	0.005440
watoto	milioni	0.005440
watoto	wanaweza	0.005440
watoto	mara	0.004533
watoto	wachache	0.004533
watoto	kutoka	0.004533
watoto	za	0.003626
watoto	wanane	0.003626
watoto	wakubwa	0.003626
wavulana	na	0.169811
wavulana	ya	0.113208
wawakilishi	wa	0.468750
wawakilishi	wake	0.078125
wawakilishi	kutoka	0.062500
wawakilishi	wengi	0.062500
wawakilishi	wawili	0.062500
waweze	kuwa	0.097561
waweze	kuendelea	0.073171
wawindaji	wa	0.210526
wawindaji	na	0.210526
waziwazi	juu	0.230769
we	are	0.500000
wenger	alikuwa	0.085714
wenger	pia	0.085714
wengine	wa	0.098326
wengine	na	0.056485
wengine	wengi	0.043933
wengine	katika	0.028243
wengine	kama	0.026151
wengine	ni	0.025105
wengine	ambao	0.020921
wengine	kwa	0.018828
wengine	walikuwa	0.016736
wengine	kutoka	0.016736
wengine	wote	0.015690
wengine	wanaweza	0.015690
wengine	wana	0.014644
wengine	pia	0.013598
wengine	wanaishi	0.013598
wengine	lakini	0.012552
wengine	wawili	0.011506
wengine	waliona	0.011506
wengine	kadhaa	0.010460
wengine	wanasema	0.009414
wengine	wenye	0.008368
wengine	huwa	0.008368
wengine	huona	0.008368
wengine	kuwa	0.007322
wengine	hasa	0.006276
wengine	walisema	0.006276
wengine	ili	0.006276
wengine	wadogo	0.006276
wengine	wao	0.006276
wengine	waliokuwa	0.006276
wengine	husema	0.006276
wengine	walio	0.006276
wengine	au	0.005230
wengine	waliuawa	0.005230
wengine	nchini	0.005230
wengine	bado	0.004184
wengine	kibao	0.004184
wengine	hawana	0.004184
wengine	walirudi	0.004184
wengine	bila	0.004184
west	ham	0.242857
west	coast	0.157143
west	virginia	0.057143
west	end	0.042857
wewe	ni	0.162500
wewe	mwenyewe	0.100000
wewe	na	0.075000
wewe	baba	0.050000
wewe	tu	0.037500
wewe	mungu	0.037500
when	you	0.333333
wiki	ya	0.134091
wiki	mbili	0.086364
wiki	moja	0.072727
wiki	yake	0.054545
wiki	tatu	0.045455
wiki	sita	0.045455
wiki	kadhaa	0.038636
wiki	za	0.036364
wiki	chache	0.036364
wiki	na	0.031818
wiki	nne	0.031818
wiki	kwa	0.027273
wiki	nyingi	0.025000
wiki	katika	0.013636
wiki	kumi	0.011364
wiki	nane	0.011364
wiki	la	0.011364
wiki	tano	0.011364
wiki	nzima	0.011364
wiki	au	0.011364
wiki	hiyo	0.009091
wiki	kabla	0.009091
wiki	ambayo	0.009091
wiki	ni	0.006818
wiki	kwenye	0.006818
wiki	kama	0.006818
wiki	isipokuwa	0.006818
wiki	hadi	0.006818
wiki	baada	0.006818
wiki	lakini	0.006818
wiki	iliyofuata	0.006818
wing	a	0.333333
wingi	wa	0.327869
wingi	na	0.103825
wingi	katika	0.087432
wingi	kwa	0.049180
wingi	ni	0.021858
wingi	zaidi	0.021858
wingi	wake	0.021858
wingi	ya	0.016393
wingi	wao	0.016393
wingi	mkubwa	0.016393
wingi	sana	0.016393
with	you	0.218750
with	the	0.156250
with	me	0.093750
with	no	0.093750
wodi	saba	0.156250
wodi	ya	0.125000
wodi	sita	0.125000
wodi	nane	0.093750
wodi	zote	0.093750
wodi	nne	0.093750
wuhan	central	0.200000
xvi	xvii	0.400000
yale	ya	0.536082
yale	yote	0.056701
yale	ambayo	0.025773
yale	yenye	0.020619
yale	yaliyokuwa	0.015464
yale	yale	0.015464
yale	yaliyo	0.015464
yalianza	mwaka	0.095238
yalianza	na	0.071429
yalikuwa	na	0.153191
yalikuwa	ya	0.068085
yalikuwa	chini	0.042553
yalikuwa	ni	0.029787
yalikuwa	makubwa	0.025532
yalikuwa	muhimu	0.021277
yalikuwa	kwa	0.021277
yalikuwa	mara	0.021277
yalikuwa	mengi	0.017021
yalikuwa	msingi	0.017021
yalikuwa	sehemu	0.017021
yalikuwa	tayari	0.017021
yalikuwa	katika	0.017021
yalikuwa	magumu	0.017021
yalikuwa	madogo	0.012766
yalikuwa	tofauti	0.012766
yalikuwa	kama	0.012766
yalikuwa	makali	0.012766
yalikuwa	makoloni	0.012766
yalikuwa	kawaida	0.012766
yalikuwa	mabaya	0.012766
yalikuwa	pia	0.012766
yalitokana	na	0.923077
yaliyomo	katika	0.232558
yaliyomo	kwenye	0.139535
yaliyomo	ya	0.139535
yaliyomo	ndani	0.116279
yanaonekana	kuwa	0.181818
yanaonekana	kwenye	0.136364
yanaonekana	na	0.136364
yanapatikana	katika	0.346154
yanapatikana	kwa	0.192308
yanayofanana	na	0.666667
yanayojulikana	kama	0.428571
yanayosababisha	matatizo	0.214286
yesu	kristo	0.171717
yesu	na	0.095960
yesu	mwenyewe	0.040404
yesu	kwa	0.035354
yesu	alisema	0.030303
yesu	ndiye	0.025253
yesu	kama	0.020202
yesu	katika	0.020202
yesu	alijua	0.020202
yesu	ambaye	0.015152
yesu	kuwa	0.015152
yesu	ni	0.015152
yesu	wa	0.015152
yesu	tu	0.015152
yesu	aliahidi	0.015152
yesu	naye	0.015152
yesu	akamwambia	0.015152
yo	yote	0.173913
yorkshire	na	0.384615
you	na	0.136364
you	want	0.060606
you	and	0.060606
you	down	0.045455
you	ni	0.045455
you	re	0.045455
yoyote	ya	0.298611
yoyote	ile	0.083333
yoyote	katika	0.072917
yoyote	kwa	0.062500
yoyote	na	0.048611
yoyote	ambayo	0.024306
yoyote	kuhusu	0.013889
yoyote	kama	0.013889
yoyote	isipokuwa	0.013889
yoyote	ni	0.013889
yoyote	hata	0.013889
yoyote	lakini	0.010417
yoyote	duniani	0.010417
yoyote	mabaya	0.010417
yoyote	yale	0.010417
yoyote	ili	0.010417
yuko	tayari	0.105263
yuko	katika	0.087719
yuko	pamoja	0.052632
yuko	huru	0.052632
yuko	hatarini	0.052632
yungali	na	0.214286
yungali	mdogo	0.214286
yungali	bwana	0.214286
zaidi	ya	0.334440
zaidi	na	0.071869
zaidi	kwa	0.069497
zaidi	katika	0.058349
zaidi	kuliko	0.043169
zaidi	ni	0.023719
zaidi	wa	0.023008
zaidi	za	0.013046
zaidi	kama	0.012571
zaidi	nchini	0.012097
zaidi	duniani	0.009250
zaidi	cha	0.008776
zaidi	kwenye	0.007116
zaidi	vya	0.005930
zaidi	wakati	0.005930
zaidi	kutoka	0.005455
zaidi	kati	0.004744
zaidi	au	0.004507
zaidi	hadi	0.004269
zaidi	juu	0.004269
zaidi	lakini	0.004269
zaidi	kuhusu	0.004032
zaidi	kimalay	0.004032
zaidi	ili	0.003795
zaidi	kutokana	0.003795
zaidi	baada	0.003321
zaidi	la	0.003321
zaidi	hata	0.003083
zaidi	haujulikani	0.003083
zaidi	ulimwenguni	0.002846
zaidi	kimanobo	0.002609
zaidi	kizhuang	0.002609
zaidi	upande	0.002372
zaidi	kwani	0.002372
zaidi	kiagta	0.002372
zaidi	huwa	0.002135
zaidi	ikiwa	0.001898
zaidi	kuwahi	0.001898
zaidi	kuwa	0.001898
zaidi	hasa	0.001898
zambia	na	0.357143
zao	za	0.162455
zao	na	0.106498
zao	kwa	0.054152
zao	la	0.041516
zao	katika	0.030686
zao	ni	0.030686
zao	lakini	0.023466
zao	wenyewe	0.018051
zao	wakati	0.010830
zao	ili	0.010830
zao	pia	0.010830
zao	ambazo	0.009025
zao	kama	0.009025
zao	zilikuwa	0.009025
zao	kuu	0.007220
zao	pamoja	0.007220
zao	kupitia	0.007220
zao	zote	0.007220
zao	kutoka	0.007220
zao	maarufu	0.007220
zao	bila	0.007220
zao	nyingi	0.007220
zao	au	0.007220
zao	nje	0.005415
zao	hili	0.005415
zao	ya	0.005415
zao	wa	0.005415
zao	ambao	0.005415
zao	ila	0.005415
zao	kuhusu	0.005415
zao	huwa	0.005415
zao	kuwa	0.005415
zenu	ni	0.250000
ziada	ya	0.192771
ziada	katika	0.072289
ziada	wa	0.060241
ziada	kama	0.060241
ziada	kwa	0.060241
ziada	tu	0.036145
ziada	kwenye	0.036145
ziada	la	0.036145
ziara	ya	0.274336
ziara	za	0.106195
ziara	yake	0.097345
ziara	yao	0.079646
ziara	hiyo	0.053097
ziara	na	0.053097
ziara	hii	0.044248
ziara	milioni	0.026549
ziliandikwa	na	0.333333
ziliandikwa	kwa	0.250000
zilifanya	kazi	0.461538
zilikuwepo	na	0.250000
zilitumia	hasa	0.187500
zilitumia	mfumo	0.187500
zilizobaki	za	0.272727
zilizoendelea	na	0.142857
zilizoendelea	ni	0.122449
zilizofanywa	na	0.214286
zimeandikwa	na	0.357143
zimo	katika	0.363636
zimo	hatarini	0.363636
zina	rangi	0.068729
zina	uwezo	0.058419
zina	athari	0.027491
zina	tabia	0.020619
zina	mkia	0.020619
zina	ufanisi	0.017182
zina	majina	0.017182
zina	nafasi	0.017182
zina	matatizo	0.013746
zina	hatari	0.013746
zina	kiwango	0.013746
zina	idadi	0.013746
zina	uhusiano	0.013746
zina	asili	0.013746
zina	umbo	0.013746
zina	viwango	0.010309
zina	urefu	0.010309
zina	umbali	0.010309
zina	mwendo	0.010309
zina	msingi	0.010309
zina	seli	0.010309
zina	nyumba	0.010309
zina	nguvu	0.010309
zina	sheria	0.010309
zinaonekana	kuwa	0.222222
zinaonekana	katika	0.148148
zinaonekana	kama	0.111111
zinaonyesha	kuwa	0.188679
zinaonyesha	kwamba	0.094340
zinatokea	pia	0.187500
zinatumika	kwa	0.409091
zinatumika	sana	0.136364
zinazojulikana	kama	0.357143
zinazojulikana	kwa	0.142857
zinazopatikana	katika	0.340000
zinazopatikana	kwa	0.160000
zinazopatikana	kwenye	0.080000
zinazosababisha	uvimbe	0.222222
zinazotolewa	na	0.428571
zinazotolewa	kwa	0.142857
zinazotolewa	katika	0.107143
zindiko	za	0.187500
zindiko	au	0.187500
zindiko	mpya	0.187500
zipo	katika	0.128571
zipo	za	0.071429
zipo	na	0.057143
zipo	aina	0.042857
zipo	hadi	0.042857
zipo	ili	0.042857
zoezi	la	0.409091
zoezi	hili	0.159091
zoezi	hilo	0.090909
