a	súa	0.104069
a	un	0.018582
a	unha	0.016816
a	través	0.013810
a	partir	0.013705
a	primeira	0.012717
a	maioría	0.012381
a	pesar	0.010993
a	ser	0.009375
a	que	0.008954
a	cidade	0.008807
a	illa	0.006621
a	maior	0.006474
a	finais	0.006306
a	miúdo	0.006054
a	poboación	0.005339
a	historia	0.005276
a	cabo	0.005234
a	banda	0.005087
a	vida	0.004982
a	segunda	0.004835
a	guerra	0.004666
a	carreira	0.004456
a	parte	0.004414
a	obra	0.004099
a	igrexa	0.004036
a	máis	0.004015
a	produción	0.003952
a	morte	0.003910
a	tempada	0.003868
a	diferenza	0.003805
a	forma	0.003552
a	de	0.003279
a	mesma	0.003279
a	este	0.003195
a	nova	0.003195
a	construción	0.003111
a	esta	0.003090
a	idea	0.003090
a	auga	0.003069
abaixo	da	0.097826
abaixo	e	0.097826
abaixo	a	0.076087
abaixo	os	0.054348
abaixo	o	0.054348
abaixo	polo	0.043478
abaixo	para	0.043478
abaixo	por	0.043478
abaixo	cara	0.032609
abaixo	en	0.032609
abaixo	ou	0.032609
abandonado	e	0.225806
abandonado	pola	0.096774
abandonar	a	0.364583
abandonar	o	0.312500
abandonar	as	0.072917
abandonar	os	0.072917
aberta	a	0.171429
aberta	e	0.114286
aberta	ao	0.100000
aberta	entre	0.042857
aberta	con	0.042857
aberta	de	0.042857
aberto	para	0.073529
aberto	ao	0.073529
aberto	de	0.073529
aberto	ou	0.058824
aberto	a	0.058824
aberto	en	0.044118
aberto	e	0.044118
aberto	cun	0.044118
aberto	con	0.044118
abondo	para	0.529412
abre	a	0.157895
abre	ao	0.078947
abre	o	0.078947
abren	as	0.214286
abren	en	0.214286
abren	a	0.214286
abril	de	0.692090
abril	e	0.079096
abril	a	0.042373
abril	do	0.022599
abril	que	0.011299
abril	dese	0.011299
abril	as	0.008475
abriu	unha	0.250000
abriu	o	0.218750
abriu	a	0.140625
abriu	as	0.109375
abriu	un	0.062500
absoluta	de	0.142857
absoluta	o	0.102041
absoluta	e	0.081633
absoluta	dos	0.061224
acaban	de	0.263158
accidente	de	0.166667
accidente	e	0.119048
accidente	o	0.055556
accidente	no	0.047619
accidente	en	0.047619
accidente	foi	0.039683
accidente	que	0.039683
accidente	a	0.031746
accidente	aéreo	0.031746
accidente	ocorreu	0.031746
accidente	fatal	0.023810
acento	de	0.307692
aceptan	a	0.250000
achega	do	0.102564
achega	de	0.076923
achega	a	0.076923
achega	á	0.076923
achega	o	0.076923
achega	ao	0.076923
achega	unha	0.076923
acontecemento	é	0.142857
actividades	de	0.138889
actividades	que	0.069444
actividades	e	0.055556
actividades	humanas	0.055556
actividades	do	0.048611
actividades	políticas	0.041667
actividades	no	0.041667
actividades	comerciais	0.041667
actividades	da	0.034722
actividades	como	0.027778
actividades	dos	0.027778
actividades	para	0.027778
actividades	máis	0.020833
actividades	moi	0.020833
actividades	en	0.020833
activo	na	0.123077
activo	e	0.076923
activo	de	0.061538
activo	do	0.061538
activo	no	0.046154
activo	ou	0.046154
activo	da	0.046154
actor	de	0.200000
actor	e	0.100000
actor	no	0.057143
actor	máis	0.042857
actuación	de	0.126437
actuación	no	0.080460
actuación	na	0.080460
actuación	foi	0.068966
actuación	do	0.068966
actuación	e	0.057471
actuación	dos	0.045977
actuación	da	0.045977
actuación	dun	0.034483
actuación	a	0.034483
actuación	en	0.034483
actual	de	0.080000
actual	é	0.056000
actual	do	0.048000
actual	da	0.044000
actual	o	0.024000
actual	igrexa	0.020000
actual	en	0.020000
actual	presidente	0.020000
actual	está	0.016000
actual	a	0.016000
actual	foi	0.016000
actual	e	0.016000
actual	unha	0.012000
actual	territorio	0.012000
actual	nome	0.012000
actual	dos	0.012000
actual	concello	0.012000
acusación	a	0.142857
acusación	que	0.142857
acusación	de	0.142857
acusacións	de	0.266667
acusacións	dicindo	0.200000
acusado	de	0.780488
ademais	de	0.195563
ademais	a	0.070666
ademais	da	0.061627
ademais	o	0.059162
ademais	do	0.043550
ademais	os	0.035333
ademais	das	0.034511
ademais	dos	0.027938
ademais	as	0.027116
ademais	un	0.018077
ademais	foi	0.017256
ademais	hai	0.015612
ademais	unha	0.014790
ademais	é	0.013969
ademais	que	0.013147
ademais	tamén	0.012325
ademais	en	0.010682
ademais	no	0.009039
ademais	dun	0.009039
ademais	dunha	0.009039
ademais	non	0.009039
ademais	como	0.008217
ademais	existen	0.007395
ademais	se	0.005752
ademais	algúns	0.005752
ademais	conta	0.004930
ademais	na	0.004930
ademais	nas	0.004930
ademais	pode	0.004930
ademais	ten	0.004930
ademais	co	0.004108
ademais	destes	0.004108
ademais	diso	0.004108
ademais	cada	0.003287
ademais	entre	0.003287
ademais	esta	0.003287
ademais	estas	0.003287
ademais	existe	0.003287
ademais	moitas	0.003287
ademais	moitos	0.003287
adestramento	de	0.215686
adestramento	para	0.058824
adestramento	como	0.058824
adestramento	militar	0.058824
adestramento	e	0.058824
administración	de	0.234899
administración	da	0.100671
administración	do	0.073826
administración	pública	0.067114
administración	local	0.053691
administración	e	0.053691
administración	para	0.033557
administración	dos	0.020134
administración	xeral	0.020134
administración	colonial	0.020134
administración	das	0.020134
adulto	e	0.159091
adulto	é	0.068182
adulto	en	0.068182
adulto	a	0.068182
adulto	ten	0.068182
aeroporto	de	0.213675
aeroporto	internacional	0.145299
aeroporto	ten	0.051282
aeroporto	e	0.042735
aeroporto	a	0.042735
aeroporto	é	0.034188
aeroporto	foi	0.034188
aeroporto	en	0.025641
aeroporto	non	0.025641
afastado	da	0.166667
afastado	dos	0.125000
afastado	das	0.125000
afganistán	e	0.230769
africanos	e	0.176471
africanos	de	0.176471
agás	o	0.111111
agás	onde	0.111111
agás	a	0.083333
agás	no	0.046296
agás	os	0.046296
agás	que	0.046296
agás	un	0.037037
agás	nas	0.037037
agás	na	0.037037
agás	unha	0.037037
agás	nos	0.037037
agás	en	0.037037
agás	polo	0.027778
agás	por	0.027778
agás	se	0.027778
agás	as	0.027778
agás	cando	0.027778
aire	libre	0.134078
aire	que	0.067039
aire	e	0.067039
aire	quente	0.050279
aire	frío	0.044693
aire	o	0.033520
aire	de	0.033520
aire	ao	0.027933
aire	para	0.027933
aire	ou	0.027933
aire	na	0.022346
aire	do	0.022346
aire	pero	0.022346
aire	a	0.016760
algunha	vez	0.053571
algunha	das	0.044643
algunha	cousa	0.044643
algunha	outra	0.035714
algunha	función	0.035714
algunha	destas	0.026786
algunha	razón	0.026786
algunha	forma	0.026786
algún	tempo	0.179191
algún	dos	0.080925
algún	tipo	0.075145
algún	día	0.063584
algún	deles	0.040462
algún	de	0.023121
algún	outro	0.023121
algún	xeito	0.017341
algún	papel	0.017341
aliado	do	0.150000
aliado	ao	0.150000
aliado	de	0.150000
alimenta	de	0.166667
alimenta	a	0.166667
almacén	de	0.375000
almacén	da	0.187500
alternativa	de	0.111111
alternativa	a	0.111111
alternativa	ao	0.095238
alternativa	é	0.047619
alternativa	para	0.047619
alternativa	máis	0.047619
alternativa	que	0.047619
alternativa	como	0.047619
alto	e	0.080268
alto	nivel	0.080268
alto	da	0.066890
alto	de	0.060201
alto	do	0.060201
alto	que	0.053512
alto	contido	0.046823
alto	o	0.033445
alto	grao	0.030100
alto	é	0.023411
alto	risco	0.023411
alto	número	0.016722
alto	prezo	0.016722
alto	está	0.016722
alto	ao	0.013378
alto	mando	0.013378
alto	por	0.013378
alto	ou	0.013378
alto	das	0.010033
alto	potencial	0.010033
alto	valor	0.010033
alto	rango	0.010033
alto	tribunal	0.010033
alugueiro	de	0.272727
alumnos	e	0.250000
alumnos	en	0.113636
alumnos	de	0.090909
alumnos	que	0.068182
alá	da	0.258065
alá	do	0.225806
alá	de	0.129032
alá	das	0.096774
am	e	0.130435
amante	de	0.230769
amante	e	0.115385
amante	das	0.115385
ameaza	para	0.200000
ameaza	de	0.085714
ameaza	do	0.071429
ameaza	da	0.057143
ameaza	con	0.057143
ameaza	principal	0.042857
ameazas	de	0.333333
ameazas	e	0.111111
americanos	e	0.166667
americanos	que	0.166667
amiga	e	0.136364
amizade	con	0.235294
amizade	e	0.137255
amizade	que	0.098039
amizade	co	0.058824
amizade	de	0.058824
amizade	cos	0.058824
amor	e	0.177966
amor	de	0.127119
amor	por	0.059322
amor	con	0.042373
amor	no	0.033898
amor	como	0.033898
amor	que	0.033898
amor	odio	0.025424
amor	da	0.025424
amor	pola	0.025424
amor	é	0.025424
amosa	a	0.185714
amosa	unha	0.157143
amosa	un	0.114286
amosa	o	0.114286
amosa	que	0.071429
amosa	os	0.057143
amosa	como	0.057143
amosa	as	0.042857
amosar	o	0.230769
ana	maría	0.162162
ana	de	0.135135
ana	e	0.081081
ana	é	0.081081
animal	e	0.096154
animal	que	0.057692
animal	ou	0.057692
animal	é	0.057692
animal	de	0.048077
animal	moi	0.028846
animal	pode	0.028846
animal	non	0.028846
ano	seguinte	0.108884
ano	e	0.072812
ano	o	0.060788
ano	a	0.060120
ano	de	0.046760
ano	despois	0.040748
ano	en	0.031396
ano	no	0.027388
ano	anterior	0.026720
ano	foi	0.026052
ano	da	0.025384
ano	máis	0.022044
ano	na	0.019372
ano	cando	0.016700
ano	do	0.016032
ano	que	0.014696
ano	para	0.014028
ano	os	0.012024
ano	como	0.010688
ano	as	0.009352
ano	por	0.009352
ano	antes	0.008016
ano	tiña	0.008016
ano	é	0.007348
ano	un	0.007348
ano	co	0.006680
ano	ata	0.006012
ano	polo	0.006012
ano	tamén	0.005344
ano	aínda	0.005344
ano	xa	0.005344
ano	tras	0.004676
ano	con	0.004676
ano	sen	0.004676
ano	até	0.004676
ano	nos	0.004008
ano	pasou	0.004008
ano	unha	0.004008
ano	ao	0.004008
ano	pero	0.004008
ante	a	0.297806
ante	o	0.244514
ante	os	0.115987
ante	as	0.053292
ante	un	0.034483
ante	unha	0.034483
ante	el	0.025078
ante	todo	0.021944
ante	esta	0.012539
ante	isto	0.012539
ante	espectadores	0.009404
antigas	de	0.095238
antigas	que	0.079365
antigas	do	0.079365
antigas	da	0.063492
antigas	e	0.063492
anxo	con	0.200000
apareceron	en	0.111111
apareceron	no	0.063492
apareceron	os	0.063492
apareceron	na	0.047619
apareceron	novas	0.047619
aparición	de	0.251701
aparición	da	0.115646
aparición	do	0.102041
aparición	dos	0.061224
aparición	dunha	0.061224
aparición	no	0.040816
aparición	foi	0.034014
aparición	en	0.027211
aparición	na	0.027211
aparición	pública	0.027211
aparición	nas	0.020408
aparición	especial	0.020408
apelido	de	0.333333
apelido	do	0.111111
apelido	tamén	0.111111
apenas	se	0.084906
apenas	dous	0.056604
apenas	anos	0.047170
apenas	a	0.037736
apenas	puido	0.037736
apenas	unha	0.028302
apenas	un	0.028302
apenas	dúas	0.028302
aprender	a	0.354167
aprender	como	0.104167
aprender	e	0.083333
aprender	as	0.062500
aproveitar	a	0.357143
aproveitar	as	0.142857
aproveitar	os	0.107143
apunta	cara	0.200000
apunta	a	0.150000
apunta	que	0.150000
aquilo	que	0.545455
arco	de	0.380952
arco	da	0.190476
arco	e	0.059524
arco	por	0.035714
arma	de	0.153846
arma	branca	0.102564
armada	de	0.150943
armada	dos	0.075472
armada	e	0.075472
armada	real	0.056604
armada	contra	0.056604
armada	española	0.056604
armamento	e	0.285714
armas	de	0.252874
armas	e	0.137931
armas	do	0.063218
armas	da	0.063218
armas	dos	0.057471
armas	en	0.034483
armas	para	0.034483
armas	que	0.028736
armas	na	0.017241
armas	a	0.017241
armas	contra	0.017241
armas	das	0.017241
arquitectura	de	0.121951
arquitectura	da	0.085366
arquitectura	popular	0.060976
arquitectura	e	0.048780
arquitectura	que	0.036585
arquitectura	técnica	0.036585
arquitectura	na	0.036585
arquitectura	dos	0.036585
arquivo	de	0.176471
arquivo	histórico	0.147059
arquivo	da	0.117647
arquivo	do	0.088235
arrestado	por	0.187500
arriscar	a	0.600000
artillería	e	0.176471
artista	en	0.071429
artista	de	0.071429
artista	que	0.059524
artista	a	0.047619
artista	e	0.035714
artista	do	0.035714
artista	no	0.035714
artística	do	0.190476
artística	de	0.166667
artística	e	0.071429
artístico	e	0.217391
artístico	de	0.086957
artístico	a	0.065217
as	súas	0.158935
as	dúas	0.029299
as	células	0.022439
as	primeiras	0.017905
as	mulleres	0.017556
as	forzas	0.016161
as	persoas	0.015463
as	que	0.014417
as	especies	0.013022
as	tropas	0.011278
as	condicións	0.011045
as	obras	0.010813
as	relacións	0.009999
as	illas	0.009650
as	partes	0.008952
as	de	0.008952
as	máis	0.008487
as	tres	0.008139
as	crías	0.007208
as	autoridades	0.006976
as	principais	0.006511
as	eleccións	0.006511
as	cales	0.006395
as	diferenzas	0.006278
as	follas	0.006046
as	aves	0.006046
as	cousas	0.006046
as	cores	0.005930
as	probas	0.005930
as	formas	0.005930
as	liñas	0.005813
as	outras	0.005697
as	plantas	0.005697
as	augas	0.005697
as	patas	0.005581
as	zonas	0.005464
as	áreas	0.005348
as	novas	0.005348
as	imaxes	0.005116
as	mesmas	0.005116
asasinado	por	0.277778
asasinado	en	0.138889
asasinado	pola	0.055556
asasinado	polos	0.055556
asasinado	o	0.055556
asasinado	polo	0.041667
asasinado	e	0.041667
asasinado	durante	0.041667
asasinar	a	0.333333
asasinar	o	0.266667
asasinato	de	0.303571
asasinato	do	0.267857
asasinato	no	0.053571
asasinou	a	0.500000
ascenso	a	0.273973
ascenso	á	0.150685
ascenso	ao	0.068493
ascenso	na	0.068493
ascenso	no	0.054795
ascenso	do	0.054795
ascenso	en	0.054795
ascenso	e	0.041096
asemblea	nacional	0.285714
asemblea	de	0.183673
asemblea	xeral	0.112245
asemblea	da	0.061224
asemblea	e	0.040816
asento	de	0.130435
asistir	a	0.457143
asistir	ás	0.200000
asistir	á	0.171429
aspectos	da	0.261364
aspectos	do	0.159091
aspectos	que	0.068182
aspectos	máis	0.068182
aspectos	de	0.056818
aspectos	a	0.056818
aspectos	técnicos	0.045455
aspectos	como	0.034091
asumir	o	0.484848
asumir	a	0.151515
asumir	que	0.151515
atacaron	a	0.217391
atacaron	o	0.130435
ataques	de	0.122222
ataques	dos	0.100000
ataques	contra	0.100000
ataques	por	0.033333
ataques	foron	0.033333
atender	a	0.210526
atender	á	0.157895
atender	as	0.157895
atender	o	0.157895
atopaba	a	0.095238
atopaba	o	0.095238
atopaba	no	0.071429
atopou	que	0.126316
atopou	un	0.105263
atopou	a	0.094737
atopou	en	0.052632
atopou	unha	0.052632
atopou	o	0.042105
atopou	ningunha	0.031579
atractiva	para	0.333333
atrapados	no	0.300000
atrás	a	0.068493
atrás	do	0.068493
atrás	e	0.068493
atrás	pero	0.054795
atrás	no	0.054795
atrás	o	0.054795
atrás	de	0.054795
atrás	da	0.041096
atrás	na	0.041096
aulas	e	0.307692
aulas	de	0.230769
ausencia	de	0.580645
ausencia	do	0.107527
ausencia	dos	0.043011
ausencia	total	0.043011
ausencia	o	0.032258
ausencia	ou	0.032258
auto	de	0.333333
autorización	para	0.478261
autorización	do	0.130435
avanza	a	0.350000
avanza	o	0.200000
aventuras	de	0.461538
aventuras	con	0.076923
avións	de	0.260870
avións	a	0.057971
avións	inimigos	0.057971
avións	son	0.043478
avións	máis	0.043478
avións	e	0.043478
avións	para	0.043478
avións	en	0.043478
avogado	e	0.255814
avogado	en	0.116279
avogado	de	0.069767
avogado	na	0.069767
avogado	que	0.069767
avogado	do	0.069767
axeitado	para	0.441176
axeitado	do	0.088235
axentes	de	0.193548
axentes	que	0.129032
axentes	do	0.096774
axentes	da	0.096774
axudou	a	0.705882
axudou	ao	0.073529
azul	e	0.209302
azul	escuro	0.085271
azul	do	0.038760
azul	claro	0.031008
azul	ou	0.031008
azul	o	0.023256
azul	brillante	0.023256
azul	de	0.023256
azul	tamén	0.023256
aérea	de	0.264151
aérea	e	0.094340
aérea	do	0.075472
aérea	en	0.075472
aérea	dos	0.056604
aínda	que	0.680087
aínda	non	0.046790
aínda	así	0.032644
aínda	máis	0.030105
aínda	se	0.027566
aínda	hoxe	0.010519
aínda	en	0.009431
aínda	a	0.009068
aínda	era	0.006166
aínda	é	0.005441
aínda	estaba	0.004353
aínda	un	0.003990
aínda	unha	0.003627
aínda	está	0.003627
aínda	na	0.003627
aínda	son	0.003264
aínda	hai	0.002902
aínda	cando	0.002902
aínda	sen	0.002539
aínda	moi	0.002539
aínda	segue	0.002539
aínda	o	0.002539
aínda	están	0.002176
aínda	teñen	0.002176
aínda	conserva	0.002176
aínda	existe	0.002176
aínda	poden	0.002176
aínda	tiña	0.002176
aínda	maior	0.001814
aínda	ten	0.001814
aínda	existen	0.001814
aínda	coa	0.001814
aínda	no	0.001814
aínda	por	0.001814
aínda	eran	0.001814
aínda	lle	0.001451
aínda	nas	0.001451
aínda	quedan	0.001451
aínda	queda	0.001451
aínda	sendo	0.001451
baixa	e	0.085561
baixa	a	0.053476
baixa	de	0.053476
baixa	do	0.037433
baixa	da	0.032086
baixa	para	0.032086
baixa	temperatura	0.026738
baixa	calidade	0.026738
baixa	o	0.026738
baixa	con	0.026738
baixa	presión	0.026738
baixa	concentración	0.021390
baixa	frecuencia	0.021390
baixa	na	0.021390
baixa	en	0.021390
baixa	resolución	0.021390
baixa	potencia	0.016043
baixa	como	0.016043
baixa	ata	0.016043
baixa	altura	0.016043
baixa	unha	0.016043
bancos	de	0.277778
bancos	e	0.166667
bandas	de	0.316456
bandas	e	0.075949
bandas	máis	0.063291
bandas	que	0.050633
bandas	como	0.037975
baratos	e	0.428571
barco	e	0.131313
barco	de	0.121212
barco	que	0.090909
barco	o	0.030303
barco	do	0.030303
barcos	de	0.279412
barcos	que	0.088235
barcos	en	0.044118
barcos	con	0.044118
barcos	a	0.044118
barcos	alemáns	0.044118
barril	de	0.272727
base	de	0.226131
base	da	0.105528
base	do	0.082915
base	para	0.057789
base	e	0.042714
base	en	0.042714
base	a	0.042714
base	dos	0.027638
base	das	0.022613
base	o	0.017588
base	na	0.015075
base	dunha	0.015075
base	é	0.012563
base	aérea	0.012563
base	ás	0.012563
base	militar	0.010050
base	que	0.010050
base	fundamental	0.007538
base	no	0.007538
base	os	0.007538
base	á	0.007538
base	aos	0.007538
base	ou	0.007538
basicamente	na	0.105263
basicamente	en	0.078947
basicamente	de	0.078947
basicamente	é	0.078947
bebe	e	0.375000
ben	a	0.073333
ben	o	0.040000
ben	de	0.037778
ben	que	0.035556
ben	e	0.031111
ben	non	0.031111
ben	os	0.026667
ben	como	0.022222
ben	para	0.022222
ben	en	0.022222
ben	é	0.020000
ben	na	0.017778
ben	por	0.017778
ben	unha	0.017778
ben	recibido	0.015556
ben	ao	0.013333
ben	un	0.013333
ben	coñecido	0.013333
ben	nas	0.011111
ben	aínda	0.011111
ben	xa	0.011111
ben	común	0.011111
ben	polo	0.011111
ben	as	0.011111
ben	con	0.011111
ben	cos	0.011111
ben	se	0.008889
ben	aos	0.008889
ben	sexa	0.008889
ben	esta	0.008889
ben	no	0.006667
ben	coa	0.006667
ben	pero	0.006667
ben	máis	0.006667
ben	algúns	0.006667
ben	do	0.006667
ben	poden	0.006667
ben	son	0.006667
beneficio	de	0.281250
beneficio	do	0.125000
beneficio	da	0.093750
bens	e	0.206897
bens	de	0.103448
bens	da	0.068966
bens	do	0.068966
bens	a	0.051724
bens	en	0.051724
bens	materiais	0.051724
biblia	e	0.250000
biblia	do	0.187500
bico	e	0.137255
bico	é	0.117647
bico	de	0.098039
bico	curto	0.098039
bico	máis	0.058824
bico	negro	0.058824
billete	de	0.500000
bloque	de	0.382353
bloque	en	0.088235
blues	do	0.142857
bolsa	de	0.285714
bolsa	da	0.190476
bolsa	para	0.119048
bolsa	que	0.095238
botar	a	0.192308
brancas	e	0.220339
brancas	ou	0.118644
brancas	que	0.067797
brancas	de	0.050847
brillo	e	0.136364
buscando	unha	0.212121
buscando	un	0.181818
buscando	a	0.151515
cabaleiro	da	0.216216
cabaleiro	escuro	0.108108
cabaleiro	que	0.081081
cabalería	e	0.250000
cabalería	francesa	0.150000
cabalería	que	0.150000
cada	un	0.145752
cada	vez	0.120915
cada	unha	0.115033
cada	ano	0.060784
cada	equipo	0.019608
cada	grupo	0.016340
cada	día	0.014379
cada	mulleres	0.011765
cada	lado	0.011111
cada	dous	0.009804
cada	mes	0.009804
cada	país	0.009150
cada	estado	0.007843
cada	tipo	0.007190
cada	persoa	0.007190
cada	especie	0.007190
cada	catro	0.006536
cada	xogador	0.005882
cada	parte	0.005882
cada	anos	0.005882
cada	cidade	0.005882
cada	tres	0.005229
cada	casa	0.005229
cada	semana	0.004575
cada	tempada	0.004575
cada	episodio	0.004575
cada	sección	0.004575
cada	novo	0.004575
cada	par	0.003922
cada	individuo	0.003922
cada	provincia	0.003922
cada	ou	0.003922
cada	elemento	0.003922
cada	habitantes	0.003268
cada	cinco	0.003268
cada	extremo	0.003268
cada	familia	0.003268
cada	unidade	0.003268
cada	xeración	0.003268
cada	dez	0.003268
cadro	de	0.314815
cadro	do	0.055556
cadro	a	0.055556
cales	se	0.126074
cales	son	0.114613
cales	non	0.045845
cales	están	0.040115
cales	a	0.037249
cales	eran	0.031519
cales	o	0.031519
cales	foron	0.031519
cales	os	0.022923
cales	só	0.020057
cales	está	0.017192
cales	as	0.017192
cales	máis	0.014327
cales	foi	0.014327
cales	teñen	0.014327
cales	poden	0.014327
cales	dous	0.011461
cales	hai	0.011461
cales	cinco	0.008596
cales	é	0.008596
cales	leva	0.008596
cales	deben	0.008596
cales	preto	0.008596
cales	quedan	0.008596
cales	estaban	0.008596
calibre	mm	0.428571
calidade	de	0.173913
calidade	do	0.130435
calidade	da	0.068323
calidade	das	0.062112
calidade	que	0.049689
calidade	e	0.049689
calidade	dos	0.031056
calidade	para	0.024845
calidade	en	0.018634
calidade	con	0.018634
calquera	outro	0.065844
calquera	caso	0.065844
calquera	outra	0.057613
calquera	cousa	0.055556
calquera	tipo	0.045267
calquera	persoa	0.032922
calquera	dos	0.030864
calquera	que	0.028807
calquera	momento	0.026749
calquera	das	0.022634
calquera	parte	0.016461
calquera	forma	0.016461
calquera	lugar	0.014403
calquera	xeito	0.014403
calquera	punto	0.014403
calquera	pode	0.012346
calquera	obxecto	0.010288
calquera	destes	0.008230
calquera	proceso	0.008230
calquera	material	0.008230
calquera	sistema	0.006173
calquera	modo	0.006173
calquera	aspecto	0.006173
calquera	cambio	0.006173
calquera	superficie	0.006173
calquera	obra	0.006173
cambios	de	0.188073
cambios	na	0.165138
cambios	no	0.100917
cambios	que	0.064220
cambios	nos	0.055046
cambios	nas	0.045872
cambios	e	0.032110
cambios	se	0.018349
cambios	para	0.013761
cambios	durante	0.013761
cambios	respecto	0.013761
cambios	do	0.013761
cambios	importantes	0.013761
cambios	con	0.013761
cambiou	o	0.345455
cambiou	a	0.172727
cambiou	de	0.172727
cambiou	ao	0.045455
cambiou	varias	0.027273
camiño	de	0.177165
camiño	cara	0.066929
camiño	para	0.059055
camiño	a	0.059055
camiño	da	0.051181
camiño	que	0.051181
camiño	do	0.051181
camiño	real	0.047244
camiño	á	0.031496
camiño	ao	0.023622
camiño	e	0.019685
camiño	francés	0.015748
camiño	é	0.011811
camiño	entre	0.011811
camión	de	0.307692
campión	do	0.272727
campión	da	0.157025
campión	de	0.157025
campión	mundial	0.049587
campión	galego	0.049587
campión	e	0.033058
campión	na	0.024793
canción	de	0.131313
canción	que	0.106061
canción	foi	0.075758
canción	do	0.040404
canción	e	0.035354
canción	chamada	0.030303
canción	recibiu	0.025253
canción	tamén	0.020202
canción	máis	0.020202
canción	da	0.020202
canción	en	0.020202
canción	popular	0.020202
canción	está	0.015152
canción	é	0.015152
canción	como	0.015152
canción	unha	0.015152
canción	a	0.015152
canle	de	0.437500
canle	do	0.087500
canle	e	0.050000
canle	principal	0.037500
canle	en	0.037500
cantas	veces	0.384615
cantas	máis	0.230769
capaces	de	0.962500
capital	do	0.170732
capital	é	0.108014
capital	da	0.090592
capital	de	0.076655
capital	e	0.045296
capital	municipal	0.041812
capital	en	0.027875
capital	a	0.020906
capital	nacional	0.013937
capital	francesa	0.013937
capital	federal	0.010453
capital	para	0.010453
capital	dos	0.010453
capital	das	0.010453
capital	social	0.010453
capturado	e	0.200000
capturado	polos	0.150000
cara	a	0.247919
cara	ao	0.245143
cara	á	0.124884
cara	o	0.094357
cara	ó	0.030527
cara	aos	0.027752
cara	ás	0.019426
cara	arriba	0.018501
cara	adiante	0.016651
cara	abaixo	0.015726
cara	un	0.013876
cara	atrás	0.012951
cara	os	0.011101
cara	unha	0.006475
cara	ós	0.006475
cara	b	0.005550
cara	interna	0.005550
cara	e	0.005550
cara	do	0.005550
cara	finais	0.004625
cara	de	0.004625
cara	as	0.004625
cara	sur	0.003700
cara	inferior	0.002775
cara	oeste	0.002775
cara	norte	0.002775
cara	máis	0.002775
caras	de	0.161290
caras	e	0.129032
caras	en	0.096774
caras	b	0.096774
carlos	setembro	0.180180
carlos	iii	0.117117
carlos	de	0.072072
carlos	iv	0.072072
carlos	v	0.054054
carlos	e	0.045045
carlos	ii	0.036036
carlos	o	0.036036
carlos	i	0.027027
carlos	vi	0.027027
carlos	x	0.027027
carros	de	0.473684
cartas	de	0.192308
cartas	que	0.102564
cartas	e	0.089744
cartas	para	0.064103
cartas	do	0.051282
cartas	o	0.038462
carácter	de	0.080292
carácter	máis	0.058394
carácter	militar	0.036496
carácter	da	0.036496
carácter	comercial	0.029197
carácter	a	0.029197
carácter	político	0.029197
carácter	xeral	0.021898
carácter	do	0.021898
carón	da	0.327273
carón	do	0.327273
carón	de	0.109091
casa	de	0.179229
casa	do	0.097152
casa	da	0.077052
casa	e	0.077052
casa	dos	0.036851
casa	con	0.036851
casa	en	0.030151
casa	na	0.018425
casa	familiar	0.015075
casa	para	0.013400
casa	o	0.013400
casa	onde	0.013400
casa	real	0.011725
casa	no	0.011725
casa	a	0.011725
casa	que	0.011725
casa	é	0.010050
casa	grande	0.010050
casa	museo	0.010050
casa	ou	0.010050
casa	dun	0.010050
casa	concello	0.008375
casa	foi	0.006700
casa	tiña	0.006700
casa	branca	0.006700
casa	á	0.006700
casa	natal	0.005025
casa	torre	0.005025
casa	rural	0.005025
casa	pero	0.005025
casa	co	0.005025
casa	das	0.005025
casa	porque	0.005025
casa	próxima	0.005025
casada	con	0.320000
casada	e	0.240000
casada	co	0.200000
casos	de	0.212465
casos	a	0.053824
casos	os	0.050992
casos	o	0.048159
casos	nos	0.042493
casos	en	0.031161
casos	non	0.031161
casos	as	0.031161
casos	que	0.022663
casos	é	0.022663
casos	e	0.019830
casos	máis	0.016997
casos	só	0.016997
casos	como	0.016997
casos	se	0.016997
casos	graves	0.016997
casos	pode	0.016997
casos	por	0.014164
casos	especiais	0.014164
casos	son	0.014164
casos	con	0.011331
casos	raros	0.008499
casos	poden	0.008499
casos	unha	0.008499
castigar	aos	0.500000
cativo	e	0.166667
catorce	anos	0.333333
cazador	de	0.454545
caída	do	0.285714
caída	de	0.194805
caída	da	0.077922
caída	e	0.064935
caída	na	0.051948
caída	dos	0.038961
caída	dun	0.038961
cela	e	0.210526
celebrar	o	0.212121
celebrar	a	0.181818
celebrar	un	0.090909
cemiterio	de	0.500000
cemiterio	do	0.085714
cemiterio	da	0.085714
cemiterio	e	0.042857
cen	anos	0.232143
cen	mil	0.071429
cen	metros	0.053571
cen	millóns	0.053571
censura	e	0.250000
central	de	0.139535
central	e	0.127907
central	do	0.107558
central	da	0.069767
central	na	0.026163
central	é	0.026163
central	en	0.026163
central	está	0.023256
central	a	0.023256
central	para	0.020349
central	que	0.020349
central	con	0.020349
central	como	0.020349
central	no	0.017442
central	eléctrica	0.014535
central	o	0.011628
central	das	0.011628
central	dos	0.011628
central	ou	0.011628
central	están	0.008721
central	ten	0.008721
ceo	de	0.089552
ceo	nocturno	0.074627
ceo	para	0.059701
ceo	e	0.059701
ceo	aberto	0.059701
ceo	con	0.044776
ceo	da	0.044776
cerca	de	0.372093
cerca	do	0.317829
cerca	da	0.085271
cerca	dun	0.054264
cerca	por	0.023256
certas	condicións	0.109890
certas	especies	0.098901
certas	áreas	0.076923
certas	ocasións	0.054945
certas	enfermidades	0.043956
certas	zonas	0.043956
certas	partes	0.043956
certeza	que	0.161290
certeza	de	0.129032
certeza	a	0.129032
certos	casos	0.109589
certos	tipos	0.095890
certos	sistemas	0.041096
certos	grupos	0.041096
certos	problemas	0.041096
certos	aspectos	0.041096
chamaba	o	0.235294
chamaba	a	0.176471
chamadas	de	0.230769
chamadas	as	0.076923
chamadas	pola	0.057692
chamados	en	0.117647
chamados	de	0.078431
chamados	polos	0.058824
chamando	a	0.333333
chamar	a	0.414634
chamar	o	0.073171
chamar	á	0.073171
chamar	ao	0.073171
champaña	e	0.500000
chan	e	0.186667
chan	ou	0.086667
chan	do	0.086667
chan	para	0.040000
chan	que	0.033333
chan	en	0.033333
chan	por	0.026667
chan	da	0.026667
chan	no	0.020000
chan	é	0.020000
chan	unha	0.020000
charles	e	0.129032
charles	de	0.129032
chaves	de	0.214286
chaves	que	0.214286
chegada	dos	0.233533
chegada	de	0.161677
chegada	do	0.155689
chegada	da	0.119760
chegada	a	0.071856
chegada	ao	0.041916
chegada	das	0.035928
chegada	aos	0.023952
chegada	á	0.017964
chegada	o	0.017964
chegando	a	0.631148
chegando	ao	0.049180
chegando	ata	0.049180
chegando	ás	0.040984
chegando	incluso	0.040984
chegando	mesmo	0.032787
chegando	á	0.032787
chegando	en	0.024590
chegaron	a	0.496732
chegaron	á	0.091503
chegaron	ata	0.045752
chegaron	ao	0.045752
chegaron	os	0.045752
chegaron	aos	0.026144
chegaron	ás	0.019608
chegaron	en	0.019608
chineses	e	0.166667
chineses	que	0.125000
choque	entre	0.173913
choque	de	0.130435
cidades	e	0.131429
cidades	de	0.131429
cidades	do	0.114286
cidades	máis	0.080000
cidades	da	0.057143
cidades	importantes	0.022857
cidades	foron	0.022857
cidades	dos	0.022857
cidades	que	0.022857
cidades	son	0.017143
cidades	ou	0.017143
cidades	como	0.017143
cidades	para	0.017143
ciencia	ficción	0.178862
ciencia	e	0.170732
ciencia	da	0.048780
ciencia	en	0.032520
ciencia	que	0.024390
ciencia	a	0.024390
ciencia	de	0.024390
ciencia	ou	0.024390
cinco	anos	0.206693
cinco	días	0.037402
cinco	meses	0.035433
cinco	veces	0.027559
cinco	minutos	0.023622
cinco	fillos	0.017717
cinco	ou	0.015748
cinco	estrelas	0.015748
cinco	millóns	0.013780
cinco	e	0.013780
cinco	grandes	0.013780
cinco	semanas	0.013780
cinco	partidos	0.013780
cinco	persoas	0.011811
cinco	da	0.011811
cinco	membros	0.011811
cinco	dos	0.011811
cinco	ocasións	0.009843
cinco	primeiros	0.009843
cinco	a	0.009843
cinco	puntos	0.009843
cinco	mellores	0.009843
cinco	mil	0.007874
cinco	pilotos	0.007874
cinco	libros	0.007874
cinco	irmáns	0.007874
cinco	nacións	0.007874
cinco	illas	0.007874
cinco	temas	0.005906
cinco	linguas	0.005906
cinco	clases	0.005906
cinco	das	0.005906
cinco	en	0.005906
cinco	motores	0.005906
cinco	reis	0.005906
cinco	voltas	0.005906
cinco	metros	0.005906
cinco	segundos	0.005906
cinco	grupos	0.005906
cinco	títulos	0.005906
cine	e	0.139785
cine	de	0.118280
cine	independente	0.043011
cine	español	0.043011
cine	en	0.032258
cinema	de	0.183673
cinema	e	0.153061
cinema	en	0.112245
cinema	como	0.040816
cinema	foi	0.040816
cinema	da	0.030612
cinema	no	0.030612
cinto	de	0.500000
circunstancias	da	0.102041
circunstancias	normais	0.061224
circunstancias	son	0.061224
citas	de	0.312500
clara	e	0.171429
clara	ou	0.057143
clara	a	0.047619
clara	de	0.047619
clara	entre	0.038095
clara	influencia	0.028571
clara	que	0.028571
clara	na	0.028571
claramente	o	0.120000
claramente	a	0.080000
claramente	que	0.080000
claramente	un	0.060000
claras	e	0.454545
claro	que	0.328000
claro	e	0.088000
claro	se	0.088000
claro	o	0.032000
claro	no	0.032000
claro	con	0.024000
claro	liderado	0.024000
claro	ao	0.024000
claro	está	0.024000
clases	de	0.367742
clases	na	0.051613
clases	máis	0.045161
clases	sociais	0.038710
clases	en	0.032258
clases	medias	0.025806
clases	a	0.025806
clases	para	0.025806
clases	no	0.019355
clases	populares	0.019355
clases	e	0.019355
clases	con	0.019355
co	seu	0.141654
co	que	0.067381
co	nome	0.058193
co	fin	0.029479
co	tempo	0.027948
co	título	0.022205
co	obxectivo	0.019142
co	apoio	0.018760
co	mesmo	0.014931
co	equipo	0.013017
co	paso	0.011868
co	cal	0.009188
co	resto	0.008040
co	primeiro	0.007657
co	premio	0.007657
co	mundo	0.007274
co	tema	0.007274
co	uso	0.006891
co	propósito	0.006891
co	obxecto	0.006508
co	goberno	0.006508
co	novo	0.006126
co	desenvolvemento	0.006126
co	club	0.006126
co	rei	0.006126
co	número	0.005743
co	grupo	0.005360
co	partido	0.004977
co	significado	0.004594
co	mar	0.004594
co	sistema	0.004594
co	dos	0.004594
co	aumento	0.004211
co	motor	0.003828
co	dominio	0.003828
co	segundo	0.003828
co	traballo	0.003828
co	neno	0.003446
co	resultado	0.003446
co	concello	0.003446
coa	súa	0.153846
coa	que	0.049483
coa	axuda	0.030589
coa	intención	0.016194
coa	chegada	0.013945
coa	excepción	0.011696
coa	idea	0.010346
coa	morte	0.009447
coa	selección	0.009447
coa	esperanza	0.009447
coa	banda	0.008997
coa	mesma	0.008997
coa	música	0.008097
coa	idade	0.007647
coa	cal	0.007197
coa	colaboración	0.006748
coa	aparición	0.006748
coa	produción	0.006748
coa	canción	0.006748
coa	creación	0.006298
coa	forma	0.006298
coa	vida	0.006298
coa	filla	0.006298
coa	participación	0.006298
coa	presenza	0.005848
coa	fin	0.005848
coa	de	0.005398
coa	obra	0.005398
coa	maioría	0.005398
coa	dirección	0.004948
coa	cabeza	0.004948
coa	maior	0.004498
coa	capacidade	0.004498
coa	tradición	0.004498
coa	lingua	0.004498
coa	compañía	0.004498
coa	princesa	0.004498
coa	boca	0.004049
coa	terra	0.004049
coa	poboación	0.004049
cobra	unha	0.272727
coiro	que	0.150000
colectiva	das	0.230769
colectivo	de	0.208333
colectivo	da	0.125000
colleu	o	0.333333
colleu	a	0.200000
comandante	en	0.171875
comandante	do	0.171875
comandante	de	0.093750
comandante	militar	0.093750
comandante	da	0.078125
comandante	a	0.046875
come	o	0.166667
comen	as	0.176471
comen	principalmente	0.088235
comer	a	0.083333
comer	e	0.062500
comer	o	0.062500
comerciais	e	0.164384
comerciais	do	0.054795
comerciais	de	0.041096
comerciais	que	0.041096
comerciais	co	0.041096
comerciais	son	0.041096
comerciais	ou	0.041096
comezou	a	0.700730
comezou	unha	0.045012
comezou	o	0.040146
comezou	en	0.032847
comezou	un	0.019465
comezou	como	0.012165
comezou	no	0.010949
comezou	os	0.009732
comezou	con	0.008516
comezou	as	0.008516
comezou	co	0.007299
comezou	na	0.006083
comezou	entón	0.006083
comezou	ás	0.004866
comezou	desde	0.004866
comezou	cando	0.004866
comezou	coa	0.004866
comezou	por	0.004866
comezou	xogando	0.004866
comezou	de	0.003650
comezou	así	0.003650
comezou	nos	0.003650
comida	e	0.147727
comida	para	0.090909
comida	do	0.034091
comida	a	0.034091
comida	ou	0.034091
comida	pero	0.034091
comparar	a	0.315789
comparar	os	0.157895
comparar	o	0.157895
compañeiro	de	0.764706
completa	de	0.112150
completa	e	0.084112
completa	do	0.065421
completa	o	0.046729
completa	no	0.028037
completa	que	0.028037
completa	a	0.028037
completa	das	0.028037
completa	da	0.028037
completa	un	0.028037
completamente	a	0.113043
completamente	diferente	0.060870
completamente	o	0.060870
completamente	en	0.043478
completamente	as	0.034783
completamente	negro	0.026087
completamente	nova	0.026087
completamente	branca	0.026087
completamente	polo	0.026087
completamente	por	0.026087
comprender	que	0.131579
comprender	as	0.131579
comprender	o	0.131579
comprender	a	0.131579
comprender	mellor	0.105263
comprender	os	0.078947
comprensión	do	0.216216
comprensión	da	0.189189
comprensión	de	0.135135
comprensión	e	0.108108
comuna	de	0.333333
comunicación	e	0.124183
comunicación	de	0.104575
comunicación	entre	0.098039
comunicación	por	0.039216
comunicación	que	0.032680
comunicación	da	0.032680
comunicación	é	0.026144
comunicación	a	0.019608
comunicación	do	0.019608
comunicación	no	0.019608
comunicación	química	0.019608
comunicación	para	0.019608
comunicación	social	0.019608
común	de	0.073171
común	e	0.073171
común	en	0.067073
común	é	0.064024
común	a	0.054878
común	que	0.048780
común	na	0.048780
común	para	0.045732
común	do	0.027439
común	dos	0.027439
común	da	0.024390
común	o	0.024390
común	entre	0.024390
común	no	0.021341
común	nas	0.021341
común	nos	0.021341
común	como	0.015244
común	por	0.012195
común	unha	0.012195
común	galego	0.009146
común	aínda	0.009146
común	acordo	0.009146
común	con	0.009146
común	co	0.009146
concello	de	0.569620
concello	da	0.041139
concello	e	0.031646
concello	está	0.025316
concello	do	0.025316
concello	é	0.022152
concello	ten	0.015823
concello	independente	0.012658
concello	na	0.009494
concello	están	0.009494
concello	por	0.009494
concello	son	0.009494
concello	con	0.009494
concello	o	0.009494
concello	para	0.009494
concepto	de	0.476190
concepto	do	0.040816
concepto	da	0.034014
concepto	é	0.027211
concepto	que	0.020408
concerto	de	0.150685
concerto	para	0.123288
concerto	en	0.068493
concerto	foi	0.068493
concerto	e	0.054795
concerto	no	0.054795
concerto	coa	0.041096
concertos	e	0.161905
concertos	en	0.133333
concertos	de	0.104762
concertos	que	0.066667
concertos	para	0.047619
concertos	ou	0.028571
concertos	na	0.028571
concertos	a	0.028571
conciencia	de	0.119048
conciencia	e	0.095238
conciencia	sobre	0.095238
conciencia	da	0.095238
conciencia	a	0.071429
conclusión	de	0.384615
conclusión	do	0.057692
conclusión	a	0.057692
conclusión	da	0.057692
concurso	de	0.403509
concurso	para	0.087719
concurso	en	0.052632
condenados	a	0.363636
condenados	á	0.227273
condenados	por	0.136364
conducir	a	0.238095
conduta	de	0.120000
conduta	dos	0.120000
confianza	de	0.166667
confianza	dos	0.111111
confianza	e	0.083333
confianza	do	0.083333
confusión	entre	0.096774
confusión	que	0.096774
congo	e	0.444444
conseguir	a	0.152941
conseguir	o	0.123529
conseguir	unha	0.105882
conseguir	un	0.088235
conseguir	que	0.082353
conseguir	os	0.023529
conseguir	este	0.017647
conservar	o	0.193548
conservar	e	0.161290
conservar	a	0.161290
conservar	as	0.096774
considera	que	0.396040
considera	o	0.099010
considera	a	0.069307
considera	unha	0.049505
construída	en	0.152174
construída	no	0.119565
construída	por	0.086957
construída	sobre	0.076087
construída	con	0.076087
construída	na	0.065217
construída	e	0.032609
construída	polos	0.032609
construída	a	0.032609
consumo	de	0.480769
consumo	humano	0.076923
consumo	e	0.038462
consumo	en	0.028846
contactar	con	0.428571
contacto	con	0.192982
contacto	coa	0.175439
contacto	co	0.122807
contacto	cos	0.081871
contacto	coas	0.058480
contacto	directo	0.058480
contacto	entre	0.035088
contacto	e	0.029240
contacto	físico	0.023392
contacto	por	0.017544
contacto	cun	0.017544
contacto	sexual	0.017544
continente	africano	0.095238
continente	americano	0.095238
continente	europeo	0.095238
continente	por	0.063492
continente	e	0.047619
continente	polo	0.047619
continente	de	0.047619
continente	a	0.047619
contou	con	0.309859
contou	coa	0.154930
contou	co	0.140845
contou	cun	0.112676
contou	coas	0.070423
contou	a	0.042254
contratar	a	0.400000
controlar	a	0.274194
controlar	o	0.209677
controlar	as	0.145161
controlar	os	0.048387
contén	unha	0.171296
contén	a	0.101852
contén	un	0.092593
contén	o	0.064815
contén	as	0.032407
contén	máis	0.032407
contén	os	0.027778
contén	dous	0.027778
contén	moitos	0.018519
contén	moitas	0.013889
contén	de	0.013889
contén	elementos	0.013889
convencer	aos	0.266667
convencer	a	0.266667
convencer	ao	0.200000
convencións	da	0.200000
convencións	de	0.200000
converteuse	nun	0.228992
converteuse	en	0.203782
converteuse	no	0.199580
converteuse	nunha	0.140756
converteuse	na	0.132353
converteuse	tamén	0.010504
converteuse	ao	0.010504
converteuse	así	0.010504
converteuse	á	0.006303
converteuse	rapidamente	0.006303
corenta	anos	0.354167
corenta	e	0.187500
corenta	minutos	0.062500
coro	da	0.204082
coro	e	0.183673
coro	alto	0.061224
coro	de	0.061224
coronel	e	0.266667
corporación	municipal	0.500000
cortar	a	0.212121
cortar	o	0.181818
cortar	e	0.151515
cortar	as	0.121212
cortar	os	0.090909
costas	de	0.137500
costas	e	0.100000
costas	do	0.075000
costas	ao	0.037500
costas	son	0.037500
costas	están	0.037500
costas	mentres	0.037500
costas	da	0.037500
costumes	e	0.206897
costumes	da	0.103448
costumes	son	0.103448
coñecemos	hoxe	0.333333
coñecer	a	0.242424
coñecer	as	0.111111
coñecer	o	0.090909
coñecer	os	0.060606
coñecer	como	0.050505
coñecer	ao	0.030303
cranio	do	0.121212
cranio	e	0.090909
cranio	é	0.090909
crendo	que	0.705882
crenzas	e	0.136364
creou	o	0.230769
creou	un	0.209790
creou	a	0.139860
creou	unha	0.125874
creou	en	0.027972
creou	os	0.027972
crer	que	0.636364
crer	a	0.136364
creu	que	0.416667
crimes	de	0.357143
crimes	e	0.285714
cuarta	posición	0.132075
cuarta	parte	0.122642
cuarta	tempada	0.066038
cuarta	vez	0.066038
cuarta	e	0.037736
cuarta	cidade	0.037736
cuarta	xeración	0.028302
cuarta	volta	0.028302
cuarta	forza	0.028302
cuba	e	0.266667
cuba	en	0.100000
cuberta	de	0.293578
cuberta	por	0.128440
cuberta	a	0.073394
cuberta	con	0.064220
cuberta	do	0.055046
cuberta	está	0.027523
cuberta	principal	0.027523
cuberta	pola	0.027523
cuberta	e	0.027523
culto	de	0.147541
culto	e	0.131148
culto	en	0.065574
culto	a	0.065574
culto	á	0.049180
culto	dos	0.049180
cultura	e	0.129944
cultura	de	0.118644
cultura	popular	0.090395
cultura	do	0.067797
cultura	da	0.033898
cultura	que	0.028249
cultura	occidental	0.028249
cultura	musical	0.028249
cultura	dos	0.022599
cultura	material	0.022599
cultura	é	0.016949
cultura	humana	0.016949
cultura	tradicional	0.016949
cultura	coa	0.016949
cumio	da	0.212121
cumio	do	0.181818
cumio	de	0.090909
cunca	de	0.407407
cunca	do	0.185185
cuxos	membros	0.093750
cuxos	resultados	0.093750
círculo	de	0.345455
círculo	cultural	0.054545
círculo	católico	0.054545
círculos	de	0.200000
círculos	a	0.120000
dabondo	para	0.363636
dabondo	como	0.242424
dada	a	0.626506
dada	pola	0.060241
dada	polo	0.060241
dada	ao	0.036145
dado	que	0.514124
dado	o	0.107345
dado	por	0.056497
dado	a	0.045198
dado	pola	0.033898
dado	á	0.016949
dado	de	0.016949
dado	polo	0.016949
dalgunha	maneira	0.285714
dalgunha	das	0.200000
dalgunha	forma	0.085714
damas	de	0.384615
damas	da	0.307692
daniel	e	0.200000
danos	no	0.197368
danos	que	0.092105
danos	na	0.078947
danos	nas	0.052632
danos	por	0.052632
danos	do	0.052632
daquel	ano	0.266667
daquel	tempo	0.133333
daquel	entón	0.100000
dar	a	0.146718
dar	unha	0.084942
dar	un	0.073359
dar	lugar	0.050193
dar	clases	0.050193
dar	o	0.034749
dar	os	0.027027
dar	forma	0.023166
dar	máis	0.019305
dar	conta	0.019305
dar	paso	0.015444
dar	á	0.015444
dar	ao	0.015444
dar	maior	0.011583
dar	sentido	0.011583
dar	de	0.011583
dar	es	0.011583
das	súas	0.124159
das	illas	0.026224
das	células	0.024136
das	cales	0.018334
das	mulleres	0.017638
das	especies	0.016941
das	forzas	0.016245
das	que	0.016013
das	máis	0.015781
das	primeiras	0.015781
das	persoas	0.015549
das	dúas	0.015549
das	obras	0.013692
das	principais	0.010443
das	terras	0.010443
das	tropas	0.010443
das	cidades	0.010443
das	linguas	0.010211
das	plantas	0.009515
das	augas	0.009283
das	outras	0.008587
das	grandes	0.008355
das	tres	0.008123
das	aves	0.007890
das	zonas	0.007890
das	artes	0.007658
das	maiores	0.007658
das	figuras	0.007426
das	mellores	0.006962
das	eleccións	0.006962
das	ciencias	0.006730
das	provincias	0.006498
das	ás	0.006498
das	árbores	0.006266
das	letras	0.006266
das	cancións	0.006034
das	nacións	0.005570
das	partes	0.005570
das	estrelas	0.005570
das	autoridades	0.005570
debido	a	0.357434
debido	á	0.329939
debido	ao	0.126273
debido	ás	0.081466
debido	aos	0.044807
debido	ó	0.012220
debido	en	0.012220
debido	as	0.008147
debido	ós	0.007128
debido	o	0.003055
debido	principalmente	0.003055
debuxo	de	0.178571
debuxo	da	0.160714
debuxo	e	0.107143
debuxo	na	0.071429
debuxo	no	0.071429
debuxo	que	0.071429
decidiron	que	0.100000
decidiron	continuar	0.060000
decidiron	abandonar	0.060000
decidiu	que	0.112994
decidiu	non	0.084746
decidiu	deixar	0.045198
decidiu	volver	0.039548
decidiu	facer	0.039548
decidiu	abandonar	0.033898
decidiu	marchar	0.028249
decidiu	crear	0.028249
decidiu	entón	0.028249
decidiu	continuar	0.022599
decidiu	a	0.022599
decidiu	seguir	0.022599
decidiu	dar	0.016949
decisións	do	0.121951
decisións	que	0.097561
decisións	e	0.073171
decisións	dos	0.073171
declarar	a	0.285714
defende	a	0.307692
defende	o	0.230769
defende	que	0.230769
definitivamente	a	0.250000
definitivamente	o	0.107143
definitivamente	en	0.089286
definitivamente	coa	0.053571
deixar	a	0.258741
deixar	o	0.202797
deixar	de	0.146853
deixar	os	0.034965
deixar	unha	0.034965
deixar	as	0.027972
deixar	un	0.020979
deixar	á	0.020979
deixar	que	0.020979
deixar	paso	0.020979
deixara	de	0.222222
deixara	a	0.166667
deles	en	0.073059
deles	son	0.063927
deles	foron	0.036530
deles	foi	0.036530
deles	con	0.031963
deles	como	0.031963
deles	teñen	0.027397
deles	de	0.027397
deles	a	0.027397
deles	e	0.022831
deles	o	0.022831
deles	era	0.022831
deles	cun	0.018265
deles	eran	0.018265
deles	na	0.018265
deles	están	0.013699
deles	se	0.013699
deles	só	0.013699
demostrar	que	0.404255
demostrar	a	0.212766
demostrar	o	0.106383
departamento	de	0.775510
departamento	do	0.051020
depende	da	0.348148
depende	do	0.200000
depende	en	0.081481
depende	de	0.074074
depende	tamén	0.037037
depende	a	0.037037
depende	dos	0.029630
depende	das	0.029630
depende	dun	0.022222
depende	dunha	0.022222
depende	directamente	0.022222
depresión	e	0.161290
deron	lugar	0.226667
deron	o	0.120000
deron	un	0.066667
deron	a	0.066667
deron	conta	0.040000
deron	unha	0.040000
deron	orixe	0.040000
deron	nome	0.040000
deron	como	0.040000
desa	época	0.108911
desa	especie	0.049505
desa	forma	0.049505
desa	mesma	0.039604
desa	data	0.029703
desa	cor	0.029703
desa	área	0.029703
desafío	e	0.187500
descobre	que	0.509434
descobre	o	0.169811
descobre	a	0.094340
descobre	unha	0.056604
descobre	un	0.056604
descubrir	a	0.277778
descubrir	que	0.250000
descubrir	o	0.138889
descubrir	unha	0.083333
desenvolver	a	0.189873
desenvolver	unha	0.164557
desenvolver	un	0.139241
desenvolver	o	0.088608
desenvolver	as	0.037975
deserto	de	0.166667
deserto	do	0.100000
deses	anos	0.116279
deses	dous	0.069767
deses	puntos	0.069767
deseño	de	0.227273
deseño	e	0.081818
deseño	do	0.081818
deseño	da	0.054545
deseño	intelixente	0.036364
deseño	dun	0.031818
deseño	para	0.027273
deseño	foi	0.027273
deseño	que	0.022727
deseño	industrial	0.022727
deseño	é	0.018182
deseño	era	0.018182
deseño	non	0.013636
deseño	dos	0.013636
deseño	orixinal	0.013636
despedido	despois	0.176471
despois	de	0.308044
despois	da	0.179159
despois	do	0.104662
despois	o	0.031993
despois	dunha	0.026051
despois	a	0.023309
despois	foi	0.016453
despois	dun	0.015996
despois	en	0.014625
despois	das	0.011883
despois	os	0.009598
despois	dos	0.008227
despois	para	0.006399
despois	diso	0.005941
despois	disto	0.005941
despois	desta	0.005484
despois	e	0.005027
despois	na	0.005027
despois	se	0.005027
despois	como	0.004570
despois	por	0.004570
despois	cando	0.004570
despois	deste	0.004570
despois	as	0.004113
despois	un	0.004113
despois	ao	0.004113
despois	unha	0.003656
despois	pasou	0.003656
despois	no	0.003656
despois	xa	0.003199
despois	que	0.003199
despois	coa	0.003199
despois	comezou	0.003199
despois	dalgúns	0.003199
despois	durante	0.002742
despois	con	0.002742
despois	tras	0.002742
despois	escribiu	0.002742
despois	nun	0.002742
despois	non	0.002285
desprezo	da	0.230769
destes	dous	0.044053
destes	animais	0.039648
destes	últimos	0.035242
destes	elementos	0.030837
destes	sistemas	0.026432
destes	son	0.026432
destes	traballos	0.022026
destes	insectos	0.022026
destes	procesos	0.017621
destes	grupos	0.017621
destes	pobos	0.013216
destes	movementos	0.013216
destes	a	0.013216
destes	casos	0.013216
destes	datos	0.013216
destes	bosques	0.013216
destes	como	0.013216
destes	produtos	0.013216
destes	obxectos	0.013216
destes	tres	0.013216
destes	incidentes	0.013216
destes	tipos	0.013216
destes	países	0.013216
detalle	da	0.166667
detalle	do	0.138889
deter	a	0.200000
deter	o	0.200000
detido	en	0.200000
detido	e	0.183333
detido	pola	0.100000
detido	por	0.083333
dezaoito	anos	0.529412
diana	e	0.107143
diana	de	0.107143
diante	de	0.329609
diante	do	0.156425
diante	dos	0.100559
diante	da	0.094972
diante	dun	0.039106
diante	e	0.039106
diante	das	0.027933
diante	o	0.027933
diante	a	0.027933
diante	dunha	0.016760
diante	del	0.016760
diarios	e	0.230769
diarios	de	0.115385
diarios	en	0.115385
diferentes	tipos	0.069038
diferentes	de	0.033473
diferentes	formas	0.031381
diferentes	para	0.025105
diferentes	e	0.025105
diferentes	especies	0.023013
diferentes	grupos	0.020921
diferentes	partes	0.018828
diferentes	que	0.016736
diferentes	das	0.012552
diferentes	aspectos	0.012552
diferentes	medios	0.012552
diferentes	dos	0.012552
diferentes	do	0.012552
diferentes	en	0.012552
diferentes	lugares	0.010460
diferentes	linguas	0.010460
diferentes	clases	0.010460
diferentes	países	0.010460
diferentes	puntos	0.010460
diferentes	niveis	0.010460
diferentes	estados	0.008368
diferentes	sistemas	0.008368
diferentes	entre	0.008368
diferentes	cores	0.008368
diferentes	zonas	0.008368
diferentes	métodos	0.008368
diferentes	nomes	0.008368
diferentes	pobos	0.008368
diferentes	células	0.008368
diferentes	a	0.008368
diferentes	condicións	0.008368
diferentes	obxectos	0.006276
diferentes	graos	0.006276
diferentes	campos	0.006276
diferentes	un	0.006276
diferentes	proxectos	0.006276
diferentes	momentos	0.006276
diferentes	técnicas	0.006276
diferentes	segundo	0.006276
dificultade	para	0.203704
dificultade	de	0.185185
dificultade	da	0.074074
dificultade	que	0.074074
dificultade	en	0.074074
difícil	de	0.297468
difícil	que	0.082278
difícil	e	0.050633
difícil	acceso	0.044304
difícil	para	0.037975
difícil	situación	0.037975
difícil	a	0.031646
difícil	determinar	0.031646
difícil	xa	0.025316
difícil	chegar	0.018987
difícil	o	0.018987
difícil	con	0.018987
digno	de	0.666667
dirección	de	0.229236
dirección	do	0.156146
dirección	da	0.073090
dirección	a	0.066445
dirección	ao	0.056478
dirección	e	0.043189
dirección	xeral	0.036545
dirección	á	0.029900
dirección	norte	0.023256
dirección	que	0.019934
dirección	sur	0.013289
dirección	na	0.009967
dirección	este	0.009967
direccións	de	0.263158
directa	ou	0.101266
directa	de	0.088608
directa	da	0.088608
directa	e	0.075949
directa	con	0.050633
directa	das	0.050633
directa	do	0.050633
directa	a	0.050633
directa	dun	0.037975
directa	que	0.037975
directamente	a	0.108974
directamente	na	0.064103
directamente	o	0.051282
directamente	do	0.044872
directamente	ao	0.044872
directamente	á	0.044872
directamente	da	0.038462
directamente	no	0.038462
directamente	sobre	0.032051
directamente	coa	0.025641
directamente	por	0.025641
directamente	aos	0.025641
directamente	de	0.025641
directamente	das	0.025641
directamente	co	0.019231
directamente	e	0.019231
directamente	con	0.019231
directamente	ó	0.019231
directamente	ou	0.019231
dirixe	a	0.344828
dirixe	o	0.137931
dirixida	por	0.577320
dirixida	polo	0.113402
dirixida	a	0.082474
dirixida	ao	0.041237
disciplina	e	0.153846
disciplina	de	0.102564
disciplina	na	0.076923
disco	de	0.167286
disco	foi	0.085502
disco	en	0.059480
disco	que	0.040892
disco	con	0.033457
disco	e	0.029740
disco	do	0.026022
disco	non	0.022305
disco	é	0.018587
disco	tivo	0.018587
disco	vendeu	0.014870
disco	tamén	0.014870
disco	está	0.014870
disco	son	0.014870
disco	coa	0.011152
disco	un	0.011152
disco	acadou	0.011152
disco	no	0.011152
disco	ou	0.011152
discriminación	por	0.166667
discurso	de	0.234043
discurso	sobre	0.106383
discusión	entre	0.121212
discusión	sobre	0.090909
discusións	sobre	0.200000
dispara	a	0.375000
disparar	a	0.200000
disparar	e	0.200000
disposta	a	0.416667
disposta	para	0.250000
disque	o	0.454545
distinto	do	0.108696
distinto	a	0.086957
distinto	e	0.086957
distinto	para	0.086957
distinto	da	0.086957
distinto	ao	0.086957
distintos	tipos	0.127517
distintos	países	0.060403
distintos	niveis	0.040268
distintos	lugares	0.033557
distintos	proxectos	0.033557
distintos	métodos	0.033557
distintos	grupos	0.033557
distintos	puntos	0.026846
distintos	de	0.026846
distintos	aspectos	0.026846
distintos	que	0.020134
distintos	produtos	0.020134
distintos	entre	0.020134
distintos	e	0.020134
distintos	nomes	0.020134
distintos	eventos	0.020134
dito	informe	0.057143
dito	que	0.057143
dito	doutra	0.042857
diñeiro	e	0.117647
diñeiro	que	0.117647
diñeiro	para	0.105882
diñeiro	a	0.047059
diñeiro	da	0.047059
diñeiro	en	0.047059
diñeiro	do	0.035294
doces	e	0.200000
dominante	no	0.088889
dominante	e	0.088889
dominante	do	0.088889
dominante	da	0.066667
dominante	en	0.066667
dominio	de	0.234848
dominio	sobre	0.068182
dominio	da	0.053030
dominio	do	0.053030
dominio	que	0.037879
dominio	público	0.037879
dominio	e	0.022727
dominio	español	0.022727
dominio	británico	0.022727
donos	do	0.222222
dor	de	0.121951
dor	e	0.097561
dor	ou	0.097561
dor	é	0.073171
dose	de	0.290323
dose	debe	0.096774
dourada	e	0.222222
doutor	en	0.382353
doutras	especies	0.108911
doutras	partes	0.079208
doutras	plantas	0.049505
doutras	persoas	0.039604
doutras	aves	0.029703
doutras	linguas	0.029703
doutras	cidades	0.029703
doutras	cores	0.029703
dunha	familia	0.046968
dunha	soa	0.027348
dunha	das	0.023187
dunha	nova	0.021403
dunha	gran	0.019025
dunha	persoa	0.016052
dunha	forma	0.016052
dunha	serie	0.015458
dunha	muller	0.014863
dunha	especie	0.014269
dunha	obra	0.010107
dunha	pequena	0.009512
dunha	longa	0.009512
dunha	poboación	0.008918
dunha	parte	0.008323
dunha	lingua	0.008323
dunha	maneira	0.007729
dunha	casa	0.007134
dunha	cor	0.007134
dunha	hora	0.007134
dunha	cidade	0.007134
dunha	sociedade	0.006540
dunha	área	0.005351
dunha	antiga	0.005351
dunha	grande	0.005351
dunha	zona	0.005351
dunha	función	0.005351
dunha	enfermidade	0.005351
dunha	rapaza	0.005351
dunha	carreira	0.005351
dunha	fonte	0.004756
dunha	igrexa	0.004756
dunha	campaña	0.004756
dunha	mesma	0.004756
dunha	estrutura	0.004756
dunha	onda	0.004756
dunha	semana	0.004756
dunha	moeda	0.004756
dunha	árbore	0.004756
dunha	importante	0.004756
duro	golpe	0.175000
duro	para	0.125000
duro	que	0.100000
débil	e	0.193548
díxolle	que	0.375000
díxolle	a	0.208333
dólar	de	0.294118
dólares	en	0.240385
dólares	para	0.067308
dólares	por	0.057692
dólares	estadounidenses	0.048077
dólares	a	0.048077
dólares	e	0.038462
dólares	de	0.038462
dólares	da	0.038462
dólares	sobre	0.038462
dólares	que	0.028846
dólares	un	0.028846
dúas	veces	0.088951
dúas	semanas	0.041199
dúas	partes	0.032772
dúas	ocasións	0.029963
dúas	primeiras	0.029026
dúas	ou	0.026217
dúas	especies	0.026217
dúas	voltas	0.020599
dúas	das	0.019663
dúas	persoas	0.017790
dúas	horas	0.017790
dúas	torres	0.016854
dúas	formas	0.016854
dúas	fillas	0.014981
dúas	mulleres	0.014045
dúas	augas	0.012172
dúas	vías	0.012172
dúas	de	0.012172
dúas	últimas	0.011236
dúas	linguas	0.010300
dúas	zonas	0.010300
dúas	pezas	0.009363
dúas	columnas	0.009363
dúas	seguintes	0.009363
dúas	figuras	0.008427
dúas	cadeas	0.008427
dúas	portas	0.008427
dúas	grandes	0.008427
dúas	cancións	0.008427
dúas	cámaras	0.008427
dúas	liñas	0.008427
dúas	novas	0.007491
dúas	plantas	0.007491
dúas	clases	0.007491
dúas	en	0.007491
dúas	caras	0.006554
dúas	obras	0.006554
dúas	capas	0.006554
dúas	follas	0.006554
dúas	carreiras	0.006554
dúbidas	sobre	0.272727
e	os	0.053040
e	as	0.033588
e	de	0.030948
e	que	0.024665
e	un	0.023595
e	unha	0.021891
e	en	0.021223
e	non	0.017513
e	foi	0.015441
e	da	0.012734
e	do	0.012266
e	na	0.010427
e	no	0.010093
e	por	0.009859
e	outros	0.009391
e	ao	0.008990
e	tamén	0.008957
e	máis	0.008723
e	con	0.008255
e	despois	0.006684
e	outras	0.006250
e	ten	0.006116
e	para	0.005849
e	se	0.005581
e	como	0.005515
e	logo	0.005314
e	polo	0.004712
e	dos	0.004679
e	son	0.004612
e	está	0.004378
e	mesmo	0.004111
e	así	0.003944
e	a	0.003676
e	outra	0.003610
e	nas	0.003476
e	das	0.003409
e	dous	0.003409
e	ás	0.003409
e	nos	0.003409
e	poden	0.003376
educación	e	0.087629
educación	superior	0.082474
educación	primaria	0.077320
educación	de	0.056701
educación	pública	0.041237
educación	en	0.036082
educación	dos	0.030928
educación	musical	0.030928
educación	das	0.030928
educación	para	0.030928
educación	física	0.030928
educación	que	0.020619
educación	formal	0.020619
educación	infantil	0.020619
educación	na	0.020619
educación	a	0.020619
educación	da	0.020619
educación	ata	0.020619
educación	do	0.020619
educación	básica	0.015464
educación	social	0.015464
elemento	de	0.205882
elemento	que	0.132353
elemento	máis	0.073529
elemento	do	0.058824
elemento	esencial	0.044118
elemento	da	0.044118
elevado	de	0.225000
elevado	número	0.125000
embaixada	de	0.272727
embaixada	a	0.136364
empeza	a	0.490196
empeza	o	0.098039
encontro	con	0.082474
encontro	de	0.072165
encontro	entre	0.061856
encontro	co	0.051546
encontro	e	0.041237
encontro	da	0.041237
encontro	do	0.041237
encontro	o	0.030928
encontro	cun	0.030928
encontro	que	0.030928
encontro	cos	0.030928
encontro	rematou	0.030928
enfermos	e	0.200000
enfermos	que	0.120000
enfrontar	a	0.230769
enganado	por	0.600000
entanto	o	0.160494
entanto	a	0.111111
entanto	que	0.074074
entanto	non	0.037037
enterrado	no	0.432432
enterrado	na	0.162162
enterrado	en	0.108108
enterrado	baixo	0.081081
entrar	en	0.342105
entrar	na	0.164474
entrar	no	0.164474
entrar	ao	0.032895
entrar	a	0.026316
entrar	nas	0.026316
entrar	e	0.019737
entrar	nos	0.019737
entrar	de	0.019737
entraron	en	0.388889
entraron	na	0.194444
entraron	no	0.194444
entrou	en	0.344086
entrou	na	0.193548
entrou	no	0.129032
entrou	nun	0.053763
entrou	nunha	0.043011
entrou	a	0.043011
entrou	nos	0.032258
entrou	como	0.021505
entrou	polo	0.016129
entón	a	0.136283
entón	o	0.136283
entón	un	0.035398
entón	os	0.030088
entón	en	0.024779
entón	foi	0.024779
entón	que	0.023009
entón	non	0.023009
entón	cando	0.023009
entón	de	0.015929
entón	unha	0.015929
entón	as	0.015929
entón	é	0.014159
entón	era	0.014159
entón	se	0.012389
entón	e	0.012389
entón	estaba	0.010619
entón	ao	0.008850
entón	só	0.008850
entón	máis	0.007080
entón	como	0.007080
entón	por	0.007080
entón	con	0.007080
entón	no	0.005310
entón	á	0.005310
entón	comezou	0.005310
entón	gañou	0.005310
entón	decidiu	0.005310
entón	tiña	0.005310
enviar	a	0.142857
enviar	unha	0.095238
enviar	os	0.095238
enviar	un	0.095238
enviar	o	0.071429
enxeñeiros	de	0.400000
equipos	de	0.184739
equipos	que	0.148594
equipos	da	0.092369
equipos	e	0.048193
equipos	do	0.040161
equipos	máis	0.032129
equipos	en	0.028112
equipos	cada	0.020080
equipos	na	0.020080
equipos	para	0.016064
equipos	con	0.016064
equipos	os	0.012048
equipos	se	0.012048
equipos	foi	0.012048
equipos	a	0.012048
era	o	0.121735
era	un	0.119629
era	a	0.087616
era	de	0.074558
era	unha	0.072873
era	moi	0.028644
era	máis	0.021483
era	fillo	0.020640
era	que	0.015164
era	coñecido	0.011794
era	demasiado	0.009688
era	capaz	0.008846
era	tamén	0.007161
era	en	0.007161
era	xa	0.006740
era	filla	0.006318
era	necesario	0.006318
era	considerado	0.005897
era	común	0.005897
era	tan	0.005476
era	habitual	0.005476
era	membro	0.005476
era	coñecida	0.005055
era	só	0.004634
era	do	0.004634
era	imposible	0.004212
era	moito	0.003791
era	da	0.003791
era	por	0.003370
era	case	0.003370
era	aínda	0.003370
era	bastante	0.003370
era	entón	0.003370
era	duns	0.002949
era	suficiente	0.002949
era	similar	0.002949
era	preciso	0.002949
era	consciente	0.002949
era	difícil	0.002527
era	menos	0.002527
esa	noite	0.070111
esa	mesma	0.059041
esa	data	0.055351
esa	tempada	0.036900
esa	época	0.029520
esa	altura	0.018450
esa	función	0.018450
esa	razón	0.018450
esa	cantidade	0.014760
esa	especie	0.014760
esa	teoría	0.014760
esa	idea	0.014760
esa	primeira	0.014760
esa	situación	0.011070
esa	foi	0.011070
esa	relación	0.011070
esa	liña	0.011070
esa	propiedade	0.011070
esa	canción	0.011070
esa	vitoria	0.011070
esa	semana	0.011070
escala	de	0.220183
escala	en	0.073394
escala	e	0.064220
escala	da	0.055046
escala	que	0.045872
escala	dos	0.036697
escala	os	0.027523
escala	do	0.027523
escala	global	0.027523
escala	a	0.027523
escala	das	0.027523
escala	mundial	0.027523
escaleiras	de	0.200000
escaleiras	para	0.150000
escaleiras	e	0.150000
escenas	de	0.295775
escenas	da	0.197183
escenas	do	0.042254
escenas	que	0.042254
escenas	con	0.042254
escenas	sobre	0.042254
escola	de	0.396923
escola	superior	0.049231
escola	e	0.040000
escola	primaria	0.033846
escola	da	0.024615
escola	en	0.021538
escola	pública	0.018462
escola	que	0.015385
escola	cunha	0.015385
escola	para	0.015385
escola	do	0.015385
escola	aos	0.009231
escola	dos	0.009231
escola	técnica	0.009231
escola	onde	0.009231
escola	municipal	0.009231
escola	local	0.009231
escolla	do	0.230769
escoller	o	0.200000
escoller	unha	0.200000
escolleu	o	0.307692
escolleu	a	0.115385
escollido	por	0.148148
escollido	para	0.148148
escollido	como	0.111111
escollido	polo	0.111111
escravos	e	0.128205
escravos	que	0.076923
escuras	que	0.181818
escuras	e	0.181818
esencial	para	0.310811
esencial	do	0.094595
esencial	da	0.081081
esencial	e	0.054054
esencial	na	0.054054
esixe	que	0.235294
esixe	unha	0.176471
esixe	a	0.176471
esmagar	a	0.384615
esmagar	o	0.230769
españois	e	0.140625
españois	que	0.093750
españois	en	0.062500
españois	como	0.046875
españois	do	0.046875
españois	o	0.046875
español	de	0.152672
español	e	0.083969
español	que	0.038168
español	a	0.038168
español	en	0.030534
español	como	0.022901
español	foi	0.022901
español	no	0.022901
español	na	0.022901
español	o	0.022901
especial	de	0.111607
especial	a	0.066964
especial	na	0.058036
especial	para	0.053571
especial	no	0.044643
especial	como	0.031250
especial	do	0.031250
especial	e	0.031250
especial	interese	0.026786
especial	en	0.026786
especial	que	0.026786
especial	dos	0.022321
especial	as	0.022321
especial	os	0.022321
especial	importancia	0.017857
especial	das	0.017857
especial	cando	0.017857
especial	o	0.013393
especial	polo	0.013393
especial	da	0.013393
especial	ao	0.013393
espectadores	e	0.234043
espectadores	para	0.085106
esperanza	de	0.671429
esperanza	para	0.042857
esperanzas	de	0.500000
esperar	a	0.260870
esperar	que	0.173913
espiritual	e	0.181818
espiritual	de	0.136364
espiritual	do	0.136364
esposas	e	0.375000
esta	vez	0.029224
esta	especie	0.027630
esta	razón	0.026567
esta	última	0.026036
esta	é	0.025505
esta	foi	0.021785
esta	situación	0.019660
esta	teoría	0.017003
esta	obra	0.015940
esta	rexión	0.015409
esta	técnica	0.012752
esta	época	0.010627
esta	non	0.010627
esta	decisión	0.010627
esta	nova	0.009564
esta	hipótese	0.008502
esta	idea	0.008502
esta	forma	0.008502
esta	parte	0.007970
esta	zona	0.007970
esta	práctica	0.007970
esta	fase	0.007970
esta	a	0.007439
esta	propiedade	0.006908
esta	vitoria	0.006908
esta	versión	0.006908
esta	actividade	0.006376
esta	medida	0.006376
esta	relación	0.005845
esta	definición	0.005845
esta	illa	0.005313
esta	tendencia	0.005313
esta	mesma	0.005313
esta	acción	0.005313
esta	capacidade	0.005313
esta	función	0.005313
esta	parroquia	0.005313
esta	peza	0.005313
esta	primeira	0.004782
esta	área	0.004782
establecer	unha	0.283784
establecer	o	0.162162
establecer	a	0.135135
establecer	un	0.067568
establecer	e	0.040541
estadounidense	de	0.168539
estadounidense	que	0.089888
estadounidense	en	0.078652
estadounidense	o	0.044944
estadounidense	e	0.044944
estadounidense	é	0.033708
estadounidense	da	0.033708
estadounidenses	e	0.132075
estadounidenses	que	0.094340
estadounidenses	para	0.075472
estadounidenses	en	0.056604
estando	a	0.195652
estando	o	0.086957
estando	de	0.065217
estando	ó	0.065217
estes	dous	0.060109
estes	últimos	0.031421
estes	grupos	0.027322
estes	son	0.024590
estes	tres	0.023224
estes	cambios	0.021858
estes	resultados	0.019126
estes	non	0.016393
estes	animais	0.016393
estes	datos	0.015027
estes	elementos	0.013661
estes	foron	0.013661
estes	procesos	0.012295
estes	efectos	0.012295
estes	anos	0.010929
estes	obxectos	0.010929
estes	novos	0.010929
estes	estudos	0.010929
estes	feitos	0.009563
estes	catro	0.009563
estes	sistemas	0.009563
estes	síntomas	0.009563
estes	teñen	0.009563
estes	motivos	0.009563
estes	eran	0.009563
estes	nomes	0.009563
estes	primeiros	0.009563
estes	restos	0.009563
estes	traballos	0.009563
estes	e	0.008197
estes	produtos	0.008197
estes	depósitos	0.008197
estes	poden	0.008197
estes	problemas	0.006831
estes	programas	0.006831
estes	métodos	0.006831
estes	actos	0.006831
estes	están	0.006831
estes	órganos	0.006831
estes	eventos	0.006831
estivo	a	0.125000
estivo	en	0.125000
estivo	na	0.064516
estivo	de	0.044355
estivo	casado	0.044355
estivo	á	0.032258
estivo	no	0.028226
estivo	moi	0.028226
estivo	preso	0.024194
estivo	ata	0.020161
estivo	presente	0.016129
estivo	baixo	0.016129
estivo	traballando	0.016129
estivo	casada	0.012097
estivo	entre	0.012097
estivo	practicamente	0.012097
estivo	dirixido	0.012097
estivo	dúas	0.012097
estivo	activo	0.012097
estrada	de	0.232000
estrada	que	0.128000
estrada	e	0.056000
estrada	nacional	0.032000
estrada	a	0.032000
estrada	n	0.032000
estrada	ou	0.024000
estrada	do	0.024000
estrada	con	0.024000
estrada	local	0.024000
estrada	da	0.024000
estranxeiros	e	0.111111
estranxeiros	que	0.111111
estranxeiros	con	0.088889
estranxeiros	en	0.066667
está	a	0.118457
está	en	0.059229
está	baseado	0.046143
está	o	0.040634
está	no	0.034435
está	na	0.033747
está	moi	0.027548
está	presente	0.024105
está	considerado	0.023416
está	claro	0.019972
está	baseada	0.017906
está	cuberta	0.013774
está	máis	0.013085
está	sendo	0.013085
está	rodeado	0.013085
está	ben	0.011708
está	tamén	0.011708
está	relacionado	0.011019
está	baixo	0.010331
está	de	0.008953
está	entre	0.007576
está	clara	0.007576
está	ocupada	0.006887
está	casado	0.006887
está	cheo	0.006887
está	prohibido	0.006887
está	casada	0.006887
está	feito	0.006887
está	enterrado	0.006198
está	aínda	0.005510
está	ao	0.005510
está	incluído	0.005510
está	nun	0.005510
está	aberto	0.005510
está	construído	0.005510
está	tan	0.005510
está	dentro	0.005510
está	por	0.004821
está	completamente	0.004821
está	xeralmente	0.004821
etc	que	0.128205
etc	no	0.102564
etc	e	0.076923
eu	son	0.095890
eu	non	0.095890
eu	era	0.054795
evitar	que	0.241206
evitar	o	0.216080
evitar	a	0.190955
evitar	os	0.060302
evitar	unha	0.050251
evitar	as	0.045226
evitar	un	0.020101
evitar	ser	0.020101
evitar	así	0.015075
evitar	isto	0.015075
ex	marido	0.089552
ex	xogador	0.059701
ex	xefe	0.059701
ex	membro	0.059701
ex	piloto	0.059701
excepto	a	0.222222
excepto	cando	0.074074
excepto	as	0.074074
excepto	na	0.055556
excepto	o	0.055556
excepto	os	0.055556
excepto	en	0.055556
excepto	no	0.055556
executivo	do	0.186047
executivo	da	0.139535
executivo	de	0.116279
exemplar	de	0.230769
exemplar	do	0.076923
exemplar	adulto	0.076923
exemplo	a	0.101064
exemplo	o	0.093972
exemplo	de	0.081560
exemplo	os	0.047872
exemplo	as	0.044326
exemplo	un	0.042553
exemplo	en	0.037234
exemplo	na	0.033688
exemplo	no	0.028369
exemplo	unha	0.028369
exemplo	se	0.019504
exemplo	do	0.019504
exemplo	nos	0.019504
exemplo	da	0.017730
exemplo	cando	0.015957
exemplo	para	0.012411
exemplo	dunha	0.012411
exemplo	nas	0.010638
exemplo	que	0.010638
exemplo	é	0.010638
exemplo	dun	0.008865
exemplo	anterior	0.008865
exemplo	pódese	0.008865
exemplo	son	0.007092
exemplo	non	0.007092
exemplo	pode	0.007092
exemplo	foi	0.005319
exemplo	deste	0.005319
exemplo	co	0.005319
exemplo	das	0.005319
exemplo	máis	0.005319
exemplo	con	0.005319
exemplo	diso	0.005319
exemplo	e	0.005319
exercicio	da	0.243243
exercicio	de	0.108108
exercicio	das	0.081081
exercicios	de	0.466667
expertos	en	0.181818
expertos	que	0.121212
expertos	na	0.121212
explotación	de	0.186047
explotación	do	0.139535
explotación	dos	0.093023
exposición	a	0.134921
exposición	de	0.071429
exposición	ao	0.055556
exposición	permanente	0.047619
exposición	á	0.047619
exposición	universal	0.047619
exposición	da	0.047619
exposición	do	0.039683
exposición	no	0.023810
exposición	e	0.023810
exposición	internacional	0.023810
expresar	a	0.222222
expresar	o	0.166667
expresión	de	0.215827
expresión	da	0.100719
expresión	do	0.093525
expresión	dos	0.050360
expresión	na	0.028777
expresión	é	0.028777
expresión	ou	0.021583
expresión	en	0.021583
expresión	artística	0.021583
exterior	do	0.129032
exterior	e	0.096774
exterior	da	0.090323
exterior	de	0.070968
exterior	a	0.064516
exterior	dos	0.032258
exterior	que	0.025806
exterior	por	0.025806
exterior	foi	0.025806
exterior	como	0.019355
exterior	para	0.019355
extra	e	0.147059
extra	de	0.117647
extra	do	0.088235
extra	en	0.088235
extremo	norte	0.100000
extremo	da	0.083333
extremo	do	0.083333
extremo	sur	0.075000
extremo	occidental	0.058333
extremo	oeste	0.041667
extremo	oriental	0.041667
extremo	de	0.033333
extremo	dos	0.033333
extremo	a	0.033333
extremo	oriente	0.025000
extremo	que	0.025000
extremo	anterior	0.025000
face	das	0.166667
facenda	e	0.210526
facenda	pública	0.157895
facendo	que	0.240000
facendo	un	0.062857
facendo	o	0.057143
facendo	a	0.045714
facendo	referencia	0.045714
facendo	unha	0.040000
facendo	máis	0.034286
facendo	puntos	0.028571
facendo	os	0.022857
facendo	así	0.022857
facendo	da	0.017143
facendo	difícil	0.017143
facendo	cada	0.017143
facendo	pasar	0.017143
facendo	de	0.017143
falaba	o	0.142857
falando	sobre	0.157895
familia	de	0.184049
familia	e	0.075665
familia	real	0.061350
familia	que	0.032720
familia	dos	0.030675
familia	da	0.026585
familia	das	0.026585
familia	a	0.026585
familia	do	0.024540
familia	é	0.016360
familia	ou	0.016360
familia	humilde	0.016360
familia	imperial	0.016360
familia	en	0.014315
familia	nobre	0.014315
familia	por	0.010225
familia	era	0.010225
familia	son	0.010225
familia	xudía	0.010225
familia	xa	0.010225
familia	está	0.008180
familia	foi	0.008180
familia	se	0.006135
familia	rica	0.006135
familia	tiveron	0.006135
familia	propia	0.006135
familia	moi	0.006135
familia	o	0.006135
familia	na	0.006135
familia	con	0.006135
familia	non	0.006135
familia	burguesa	0.006135
familiares	e	0.203390
familiares	de	0.118644
familiares	que	0.067797
famoso	polos	0.080645
famoso	polo	0.064516
famoso	por	0.048387
famoso	é	0.048387
famoso	pola	0.048387
fan	que	0.152174
fan	os	0.108696
fan	un	0.070652
fan	a	0.059783
fan	as	0.048913
fan	unha	0.048913
fan	máis	0.038043
fan	de	0.038043
fan	o	0.038043
fan	uso	0.032609
fan	do	0.027174
fan	referencia	0.027174
fan	moi	0.016304
fano	en	0.157895
fará	que	0.312500
feira	de	0.121212
feira	do	0.121212
feira	máis	0.090909
fenómeno	que	0.112500
fenómeno	da	0.087500
fenómeno	das	0.037500
fenómeno	natural	0.037500
fenómeno	social	0.037500
fenómeno	a	0.037500
fenómeno	do	0.037500
fenómeno	producido	0.037500
feridos	e	0.230769
feridos	no	0.153846
ferramenta	de	0.294118
ferramenta	para	0.235294
ferro	e	0.183908
ferro	a	0.068966
ferro	da	0.045977
ferro	de	0.045977
ferro	foi	0.034483
ferro	que	0.034483
ferro	é	0.034483
ficción	científica	0.152542
ficción	en	0.067797
ficción	e	0.067797
ficción	de	0.050847
figura	de	0.197605
figura	do	0.113772
figura	da	0.059880
figura	que	0.047904
figura	humana	0.035928
figura	o	0.035928
figura	a	0.035928
figura	no	0.029940
figura	na	0.023952
figura	como	0.023952
figura	entre	0.023952
figura	dun	0.017964
figura	e	0.017964
figura	un	0.017964
filas	de	0.320000
filas	do	0.120000
filme	de	0.114198
filme	foi	0.074074
filme	en	0.046296
filme	está	0.033951
filme	the	0.030864
filme	conta	0.030864
filme	como	0.027778
filme	recibiu	0.027778
filme	tivo	0.024691
filme	a	0.021605
filme	é	0.018519
filme	estadounidense	0.018519
filme	e	0.015432
filme	tamén	0.015432
filme	era	0.012346
filme	dirixido	0.012346
filme	o	0.012346
filme	que	0.012346
filme	ten	0.012346
filme	non	0.009259
filme	polo	0.009259
filme	documental	0.009259
filme	no	0.009259
filme	gañou	0.009259
filme	da	0.009259
filme	do	0.009259
filme	para	0.009259
filme	na	0.009259
filme	segue	0.009259
fins	de	0.470588
fins	do	0.176471
fins	da	0.088235
fins	dos	0.044118
fins	e	0.044118
fiscal	do	0.204545
fiscal	de	0.159091
fixa	e	0.212121
fixa	o	0.121212
fixa	a	0.090909
fixa	en	0.090909
fogo	en	0.102564
fogo	e	0.102564
fogo	contra	0.102564
fogo	de	0.076923
fogo	inimigo	0.076923
foi	o	0.148709
foi	a	0.099140
foi	un	0.092593
foi	nomeado	0.040030
foi	unha	0.037785
foi	elixido	0.024504
foi	tamén	0.016461
foi	de	0.011785
foi	moi	0.011223
foi	membro	0.011223
foi	asasinado	0.008792
foi	presidente	0.008418
foi	construído	0.007669
foi	detido	0.007669
foi	profesor	0.007669
foi	condenado	0.007295
foi	en	0.006921
foi	que	0.006921
foi	director	0.006734
foi	considerado	0.006734
foi	construída	0.006173
foi	incluído	0.005425
foi	coñecido	0.005425
foi	pai	0.005425
foi	no	0.005238
foi	obxecto	0.005051
foi	quen	0.005051
foi	escrito	0.004863
foi	producido	0.004676
foi	secretario	0.004676
foi	finalmente	0.004489
foi	chamado	0.004302
foi	gravado	0.004115
foi	máis	0.004115
foi	durante	0.003928
foi	atopado	0.003928
foi	ata	0.003741
foi	capaz	0.003741
foi	enterrado	0.003741
foi	arrestado	0.003554
folla	de	0.333333
folla	pode	0.090909
for	the	0.250000
for	a	0.194444
for	o	0.138889
formas	de	0.440367
formas	e	0.055046
formas	máis	0.050459
formas	non	0.036697
formas	do	0.027523
formas	diferentes	0.027523
formas	da	0.022936
formas	para	0.022936
formas	que	0.018349
formas	son	0.013761
formas	ou	0.013761
forno	de	0.166667
foron	os	0.122020
foron	as	0.060309
foron	moi	0.040673
foron	o	0.037868
foron	a	0.030856
foron	de	0.029453
foron	capaces	0.025245
foron	asasinados	0.023843
foron	en	0.021038
foron	un	0.019635
foron	tamén	0.018233
foron	tan	0.015428
foron	unha	0.014025
foron	coñecidos	0.012623
foron	executados	0.012623
foron	levados	0.011220
foron	para	0.011220
foron	máis	0.011220
foron	quen	0.011220
foron	condenados	0.009818
foron	finalmente	0.008415
foron	obrigados	0.008415
foron	feitas	0.008415
foron	chamados	0.008415
foron	feitos	0.007013
foron	postas	0.007013
foron	liberados	0.007013
foron	despois	0.007013
foron	con	0.005610
foron	chamadas	0.005610
foron	postos	0.005610
foron	completamente	0.005610
foron	aínda	0.005610
foron	bastante	0.005610
foron	na	0.005610
foron	obxecto	0.005610
foron	e	0.005610
foron	evacuados	0.005610
foron	varios	0.005610
foron	obra	0.004208
fose	o	0.111111
fose	un	0.093567
fose	a	0.081871
fose	máis	0.046784
fose	unha	0.040936
fose	do	0.029240
fose	moi	0.023392
fose	por	0.017544
fotografía	do	0.127273
fotografía	en	0.072727
fotografía	e	0.054545
fotografía	de	0.054545
fracaso	do	0.176471
fracaso	da	0.176471
fracaso	de	0.098039
fracaso	comercial	0.078431
francia	e	0.232323
francia	o	0.040404
francia	a	0.040404
francia	en	0.040404
francia	onde	0.025253
francia	os	0.025253
francia	por	0.020202
francia	con	0.020202
francia	no	0.020202
francia	pero	0.020202
francia	para	0.020202
francia	como	0.015152
francia	do	0.015152
francia	na	0.015152
francia	que	0.015152
francia	durante	0.015152
frase	en	0.085714
frase	de	0.085714
fronte	a	0.186636
fronte	ao	0.138249
fronte	á	0.101382
fronte	aos	0.089862
fronte	do	0.048387
fronte	de	0.046083
fronte	ás	0.043779
fronte	e	0.036866
fronte	da	0.034562
fronte	popular	0.020737
fronte	ó	0.020737
fronte	ós	0.018433
fronte	os	0.016129
fronte	das	0.013825
fronte	oriental	0.011521
fronte	dos	0.009217
fronte	o	0.009217
fronte	como	0.006912
fronte	que	0.006912
fronte	nacional	0.006912
fronte	deles	0.006912
fronte	dunha	0.006912
fronte	as	0.006912
fronteiras	de	0.184211
fronteiras	do	0.157895
fronteiras	e	0.131579
fuga	de	0.318182
funcionar	como	0.235294
funcionar	a	0.117647
funcionar	en	0.117647
funcionar	con	0.088235
funcionar	o	0.088235
funcionario	do	0.214286
funcionarios	públicos	0.129032
funcionarios	do	0.129032
funcionarios	e	0.096774
funcionarios	de	0.096774
funcionou	como	0.277778
funcionou	e	0.166667
función	de	0.202797
función	da	0.139860
función	do	0.087413
función	das	0.059441
función	dos	0.052448
función	é	0.038462
función	era	0.020979
función	na	0.017483
función	e	0.013986
función	no	0.013986
función	como	0.013986
función	que	0.013986
función	en	0.013986
función	social	0.010490
función	destas	0.010490
función	principal	0.010490
función	máis	0.010490
función	orixinal	0.010490
función	sexa	0.010490
función	pode	0.010490
función	lóxica	0.010490
funeral	de	0.312500
física	e	0.186992
física	de	0.073171
física	do	0.056911
física	como	0.048780
física	dos	0.032520
física	ou	0.032520
física	da	0.024390
física	química	0.024390
física	a	0.024390
física	en	0.024390
físico	e	0.140000
físico	da	0.080000
físico	que	0.060000
gas	natural	0.116883
gas	de	0.077922
gas	e	0.064935
gas	é	0.051948
gas	en	0.051948
gas	que	0.038961
gas	para	0.038961
gases	de	0.151515
gases	que	0.121212
gastos	de	0.263158
gastos	da	0.131579
gastos	en	0.105263
gastos	para	0.078947
gañando	o	0.188235
gañando	a	0.070588
gañando	catro	0.047059
gañando	un	0.047059
gañando	por	0.035294
gañando	carreiras	0.035294
gañou	o	0.350000
gañou	a	0.147368
gañou	un	0.047368
gañou	unha	0.044737
gañou	as	0.028947
gañou	en	0.023684
gañou	por	0.021053
gañou	catro	0.021053
gañou	os	0.021053
gañou	seis	0.015789
gañou	máis	0.015789
gañou	varios	0.015789
gañou	dúas	0.013158
gañou	tres	0.013158
gañou	todos	0.007895
gañou	títulos	0.007895
gañou	con	0.007895
gañou	dous	0.007895
gañou	oito	0.007895
gañou	tamén	0.007895
global	do	0.235294
global	de	0.117647
global	e	0.078431
global	da	0.058824
global	con	0.058824
globo	de	0.307692
gobernos	dos	0.181818
gobernos	de	0.181818
goma	de	0.363636
granxa	de	0.160000
granxas	de	0.285714
granxas	que	0.142857
granxas	e	0.142857
grao	de	0.714286
grao	en	0.047619
grao	maior	0.031746
grao	e	0.023810
green	e	0.238095
guerreiros	de	0.166667
guiar	a	0.333333
guía	de	0.285714
guía	e	0.125000
guía	para	0.089286
guía	do	0.071429
guía	a	0.053571
guía	dos	0.053571
habilidades	de	0.129032
habilidades	que	0.096774
habilidades	sociais	0.096774
habilidades	e	0.096774
había	un	0.125000
había	unha	0.099265
había	que	0.047794
había	ningunha	0.025735
había	na	0.025735
había	homes	0.025735
había	tamén	0.018382
había	pouco	0.018382
había	en	0.018382
había	unhas	0.014706
había	tempo	0.014706
había	dous	0.014706
había	tres	0.011029
había	ter	0.011029
había	espazo	0.011029
había	dúas	0.011029
había	entre	0.011029
había	varias	0.011029
había	poucos	0.011029
había	moitos	0.011029
había	datos	0.011029
hai	unha	0.115433
hai	un	0.096612
hai	que	0.077164
hai	uns	0.035132
hai	máis	0.031368
hai	tamén	0.028231
hai	dous	0.026976
hai	varios	0.023212
hai	varias	0.022585
hai	moitos	0.017566
hai	dúas	0.017566
hai	moitas	0.016939
hai	tres	0.015684
hai	anos	0.015056
hai	algunhas	0.013174
hai	probas	0.012547
hai	outros	0.010665
hai	millóns	0.010038
hai	quen	0.010038
hai	ningunha	0.008783
hai	pouco	0.008783
hai	moito	0.008156
hai	ningún	0.008156
hai	unhas	0.007528
hai	catro	0.007528
hai	outras	0.006901
hai	algúns	0.006901
hai	diferentes	0.006274
hai	aproximadamente	0.006274
hai	de	0.005646
hai	só	0.005646
hai	grandes	0.005646
hai	restos	0.005019
hai	polo	0.005019
hai	cinco	0.005019
hai	séculos	0.005019
hai	moita	0.005019
hai	tempo	0.004391
hai	seis	0.004391
hai	poucos	0.004391
harry	e	0.159091
herdanza	de	0.121212
heroes	do	0.150000
heroes	de	0.150000
heroes	e	0.150000
historias	de	0.192308
historias	que	0.102564
historias	e	0.064103
historias	dos	0.051282
historias	do	0.038462
historias	sobre	0.038462
holanda	e	0.300000
hollywood	boulevard	0.173913
homenaxe	a	0.318841
homenaxe	ao	0.130435
homenaxe	na	0.043478
homenaxe	no	0.043478
homenaxe	e	0.043478
homenaxe	á	0.043478
hoxe	en	0.450226
hoxe	é	0.047511
hoxe	a	0.040724
hoxe	o	0.024887
hoxe	se	0.024887
hoxe	como	0.020362
hoxe	na	0.015837
hoxe	está	0.013575
hoxe	día	0.013575
hoxe	non	0.013575
hoxe	os	0.011312
hoxe	forman	0.011312
hoxe	coñecemos	0.011312
hoxe	coñecido	0.009050
hoxe	aínda	0.009050
hoxe	un	0.009050
hoxe	segue	0.009050
hoxe	sabemos	0.009050
hoxe	hai	0.009050
hoxe	perdida	0.006787
hoxe	son	0.006787
hoxe	chamamos	0.006787
humanos	e	0.145833
humanos	en	0.046875
humanos	a	0.041667
humanos	que	0.036458
humanos	para	0.036458
humanos	son	0.036458
humanos	modernos	0.036458
humanos	poden	0.031250
humanos	ou	0.026042
humanos	como	0.026042
humanos	pero	0.020833
humanos	na	0.020833
humanos	das	0.015625
humanos	é	0.015625
humanos	eran	0.015625
humanos	os	0.015625
humanos	no	0.015625
humilde	e	0.230769
idade	de	0.268362
idade	media	0.152542
idade	e	0.076271
idade	da	0.031073
idade	que	0.031073
idade	do	0.022599
idade	moderna	0.019774
idade	o	0.019774
idade	ou	0.014124
idade	máxima	0.011299
idade	en	0.011299
idade	ao	0.011299
idade	moi	0.011299
idade	sexo	0.011299
idade	dos	0.008475
idade	das	0.008475
idade	polo	0.008475
idade	entre	0.008475
idade	escolar	0.008475
idade	tiña	0.008475
idade	con	0.008475
identidade	do	0.188406
identidade	de	0.115942
identidade	e	0.086957
identidade	da	0.072464
identidade	nacional	0.057971
identidade	dos	0.043478
identificar	a	0.156863
identificar	e	0.137255
identificar	o	0.117647
identificar	os	0.078431
ideoloxía	de	0.238095
ideoloxía	do	0.142857
igrexas	de	0.214286
igrexas	e	0.200000
igrexas	en	0.057143
iguais	e	0.181818
iguais	en	0.151515
igual	que	0.463710
igual	a	0.092742
igual	ao	0.052419
igual	de	0.044355
igual	ca	0.032258
igual	xeito	0.024194
igual	á	0.024194
igual	forma	0.020161
igual	para	0.016129
igual	e	0.012097
igual	en	0.012097
igual	modo	0.012097
igual	valor	0.012097
igual	as	0.012097
igual	ou	0.012097
igualmente	a	0.142857
igualmente	o	0.090909
igualmente	en	0.051948
igualmente	na	0.038961
igualmente	os	0.038961
igualmente	as	0.038961
igualmente	unha	0.038961
ii	de	0.105023
ii	e	0.082192
ii	que	0.063927
ii	a	0.063927
ii	foi	0.036530
ii	o	0.031963
ii	república	0.027397
ii	conde	0.018265
ii	congreso	0.018265
ii	non	0.013699
ii	ao	0.013699
ii	en	0.013699
ii	comezou	0.013699
illa	de	0.224163
illa	é	0.050946
illa	e	0.049491
illa	foi	0.042213
illa	está	0.032023
illa	ten	0.029112
illa	do	0.021834
illa	a	0.021834
illa	con	0.020378
illa	en	0.020378
illa	máis	0.018923
illa	era	0.014556
illa	para	0.014556
illa	o	0.013100
illa	principal	0.013100
illa	que	0.013100
illa	no	0.011645
illa	na	0.011645
illa	como	0.010189
illa	atópase	0.010189
illa	da	0.010189
illa	pero	0.010189
illa	estaba	0.008734
illa	son	0.008734
illa	tamén	0.007278
illa	nun	0.007278
illa	os	0.007278
illa	durante	0.007278
illa	chámase	0.005822
illa	non	0.005822
illa	só	0.005822
illa	están	0.005822
illa	dos	0.005822
illa	por	0.005822
illa	polas	0.004367
illa	converteuse	0.004367
illa	das	0.004367
illa	hall	0.004367
illa	foron	0.004367
illa	verde	0.004367
illas	de	0.116505
illas	do	0.097087
illas	e	0.067961
illas	que	0.048544
illas	máis	0.038835
illas	da	0.029126
illas	son	0.029126
illas	como	0.024272
illas	teñen	0.024272
illas	non	0.024272
illas	é	0.019417
illas	foi	0.014563
illas	ou	0.014563
illas	dos	0.014563
illas	principais	0.014563
illas	no	0.014563
illas	das	0.014563
illas	as	0.014563
illas	a	0.014563
illas	con	0.014563
imaxes	de	0.210145
imaxes	da	0.108696
imaxes	que	0.072464
imaxes	e	0.057971
imaxes	en	0.050725
imaxes	dos	0.043478
imaxes	do	0.036232
imaxes	para	0.036232
imaxes	non	0.021739
imaxes	con	0.021739
impedir	o	0.325581
impedir	que	0.302326
impedir	a	0.302326
impide	que	0.515152
impide	a	0.181818
impide	o	0.121212
incapaz	de	0.974359
incendio	de	0.171429
incendio	que	0.114286
incendio	no	0.114286
incendio	en	0.114286
incendio	na	0.114286
inda	que	0.695652
inda	máis	0.173913
indios	e	0.153846
individuais	de	0.100000
individuais	que	0.080000
individuais	do	0.060000
individuais	dos	0.060000
individuais	e	0.060000
individual	e	0.173913
individual	ou	0.086957
individual	de	0.065217
individuos	que	0.090323
individuos	e	0.083871
individuos	de	0.070968
individuos	con	0.070968
individuos	novos	0.051613
individuos	en	0.045161
individuos	pero	0.038710
individuos	máis	0.038710
individuos	da	0.032258
individuos	poden	0.025806
individuos	son	0.025806
individuos	por	0.019355
individuos	adultos	0.019355
industrial	e	0.240506
industrial	de	0.113924
industrial	que	0.101266
industrial	do	0.037975
industrial	da	0.037975
influencia	de	0.130653
influencia	do	0.100503
influencia	na	0.090452
influencia	da	0.075377
influencia	das	0.050251
influencia	que	0.045226
influencia	no	0.045226
influencia	sobre	0.035176
influencia	dos	0.035176
influencia	e	0.025126
influencia	nos	0.025126
influencia	política	0.025126
influencia	o	0.020101
influencia	a	0.015075
influencia	en	0.015075
influencia	importante	0.015075
informar	da	0.157895
inglesa	e	0.113636
inglesa	que	0.068182
ingresos	de	0.152542
ingresos	da	0.084746
ingresos	para	0.067797
ingresos	e	0.067797
ingresos	medios	0.067797
ingresos	desta	0.050847
ingresos	das	0.050847
inmediatamente	despois	0.191489
inmediatamente	a	0.095745
inmediatamente	o	0.053191
inmediatamente	antes	0.042553
inmediatamente	á	0.031915
inmediatamente	ao	0.031915
inmediatamente	trala	0.031915
inocencia	e	0.444444
inspiración	para	0.325581
inspiración	e	0.116279
inspiración	de	0.093023
instrucións	de	0.178571
instrucións	do	0.178571
instrucións	sobre	0.142857
instrucións	para	0.107143
instrumentos	de	0.308642
instrumentos	que	0.074074
instrumentos	e	0.074074
instrumentos	científicos	0.037037
instrumentos	da	0.037037
instrumentos	ou	0.037037
intelixencia	e	0.193548
intelixencia	británica	0.096774
intencións	de	0.250000
intencións	do	0.187500
intentou	a	0.061224
intentou	pasar	0.061224
interiores	de	0.157895
interiores	e	0.105263
interiores	que	0.105263
interiores	como	0.078947
interna	e	0.168675
interna	do	0.132530
interna	das	0.072289
interna	que	0.072289
interna	de	0.060241
interna	da	0.048193
interno	de	0.187500
interno	para	0.093750
interno	da	0.093750
interno	e	0.093750
interpretación	de	0.132075
interpretación	da	0.113208
interpretación	dos	0.056604
interpretación	do	0.047170
interpretación	en	0.037736
interpretación	é	0.037736
interpretación	máis	0.028302
interpretación	non	0.028302
interpretación	que	0.028302
interpretación	no	0.028302
inverno	de	0.125000
inverno	é	0.072368
inverno	a	0.052632
inverno	e	0.052632
inverno	o	0.046053
inverno	as	0.046053
inverno	en	0.039474
inverno	os	0.032895
inverno	para	0.026316
inverno	pero	0.026316
inverno	ao	0.019737
inverno	ou	0.019737
inverno	cando	0.019737
inverno	poden	0.019737
inverno	no	0.019737
inverno	na	0.019737
inverno	forman	0.019737
inverno	que	0.019737
investigacións	sobre	0.186441
investigacións	de	0.135593
investigacións	e	0.067797
investigacións	moi	0.050847
investigacións	para	0.050847
investigacións	que	0.050847
investigar	as	0.161290
investigar	e	0.129032
investigar	a	0.129032
investigar	o	0.096774
inútiles	e	0.500000
irmán	de	0.201005
irmán	maior	0.090452
irmán	do	0.085427
irmán	menor	0.085427
irmán	máis	0.050251
irmán	e	0.045226
irmán	o	0.040201
irmán	john	0.015075
irmán	que	0.015075
irmán	con	0.015075
irmán	a	0.015075
irmán	pequeno	0.015075
irmán	dos	0.015075
isto	é	0.141809
isto	non	0.063570
isto	pode	0.058680
isto	fai	0.040342
isto	foi	0.039120
isto	permite	0.030562
isto	levou	0.026895
isto	a	0.024450
isto	o	0.022005
isto	ocorre	0.020782
isto	fixo	0.019560
isto	significa	0.019560
isto	tamén	0.014670
isto	os	0.013447
isto	só	0.012225
isto	inclúe	0.012225
isto	deu	0.011002
isto	era	0.011002
isto	se	0.009780
isto	causa	0.009780
isto	está	0.008557
isto	provoca	0.008557
isto	podería	0.008557
isto	faise	0.008557
isto	e	0.007335
isto	na	0.007335
isto	en	0.007335
isto	implica	0.007335
isto	ten	0.007335
isto	como	0.006112
isto	quere	0.006112
isto	supón	0.006112
isto	tivo	0.006112
isto	parece	0.004890
isto	deixou	0.004890
isto	fose	0.004890
isto	depende	0.004890
isto	explica	0.004890
isto	leva	0.004890
isto	ocorreu	0.004890
iván	iii	0.500000
jackson	e	0.114286
jackson	foi	0.085714
jane	s	0.230769
johnson	e	0.111111
josé	maría	0.312500
josé	de	0.175000
josé	antonio	0.137500
josé	m	0.037500
josé	carlos	0.037500
ladrón	de	0.500000
lazos	de	0.347826
lazos	con	0.130435
lazos	familiares	0.130435
lazos	entre	0.130435
leal	ao	0.200000
leal	e	0.150000
leccións	de	0.636364
leis	de	0.214286
leis	que	0.119048
leis	e	0.083333
leis	da	0.071429
leis	do	0.035714
leis	para	0.035714
lentamente	e	0.121212
lentamente	a	0.121212
lentamente	que	0.090909
lento	que	0.193548
lento	e	0.161290
lento	de	0.096774
ler	o	0.153846
ler	a	0.138462
ler	e	0.107692
ler	en	0.061538
ler	os	0.046154
leu	un	0.250000
leu	o	0.250000
levaba	a	0.214286
levaba	o	0.132653
levaba	unha	0.091837
levaba	un	0.081633
levaba	no	0.040816
levaba	ben	0.030612
levados	a	0.484848
levados	á	0.121212
levados	por	0.121212
levan	a	0.229167
levan	o	0.187500
levan	unha	0.062500
levan	á	0.041667
levan	os	0.031250
levan	tamén	0.031250
levantar	o	0.263158
levantar	a	0.210526
levar	a	0.393204
levar	o	0.077670
levar	á	0.063107
levar	unha	0.053398
levar	un	0.038835
levar	as	0.038835
levar	ao	0.033981
levar	os	0.019417
levar	máis	0.019417
levar	ata	0.014563
lexión	de	0.650000
limpa	de	0.250000
limón	e	0.375000
linguaxe	de	0.119048
linguaxe	dos	0.047619
linguaxe	ao	0.047619
linguaxe	é	0.035714
linguaxe	a	0.035714
lisboa	e	0.250000
lisboa	o	0.107143
lisboa	a	0.107143
listas	de	0.424242
listas	do	0.106061
listas	para	0.060606
listas	en	0.045455
listas	dos	0.045455
listas	negras	0.045455
listos	para	1.000000
lixeiro	e	0.296296
liña	de	0.414286
liña	e	0.039286
liña	da	0.039286
liña	do	0.035714
liña	a	0.032143
liña	que	0.028571
liña	temporal	0.025000
liña	media	0.025000
liña	dos	0.017857
liña	ou	0.014286
liña	o	0.014286
liña	política	0.010714
liña	vermella	0.010714
liña	branca	0.010714
liña	en	0.010714
liña	na	0.010714
lombo	e	0.166667
londres	e	0.160377
londres	en	0.094340
londres	a	0.084906
londres	o	0.075472
londres	para	0.075472
londres	onde	0.056604
londres	que	0.037736
los	angeles	0.169492
los	ríos	0.118644
los	seus	0.084746
luces	de	0.281250
luces	que	0.093750
lugar	de	0.176375
lugar	a	0.118123
lugar	onde	0.045307
lugar	no	0.044498
lugar	do	0.040453
lugar	da	0.038835
lugar	en	0.032362
lugar	o	0.029126
lugar	na	0.029126
lugar	á	0.024272
lugar	ao	0.022654
lugar	e	0.020227
lugar	que	0.015372
lugar	unha	0.013754
lugar	para	0.013754
lugar	cando	0.012945
lugar	durante	0.008900
lugar	con	0.008091
lugar	entre	0.008091
lugar	os	0.008091
lugar	ás	0.007282
lugar	nos	0.007282
lugar	por	0.006472
lugar	máis	0.006472
lugar	un	0.006472
lugar	nun	0.005663
lugar	é	0.005663
lugar	chamado	0.005663
lugar	dun	0.005663
lugar	diso	0.005663
lugar	seguro	0.004854
lugar	mentres	0.004854
lugar	detrás	0.004854
lugar	dos	0.004854
lugar	nunha	0.004045
lugar	como	0.004045
lugar	nas	0.004045
lugar	sen	0.004045
lugar	pola	0.003236
lugar	das	0.003236
lugares	de	0.290000
lugares	onde	0.090000
lugares	do	0.065000
lugares	máis	0.060000
lugares	e	0.040000
lugares	que	0.035000
lugares	para	0.035000
lugares	da	0.035000
lugares	como	0.030000
lugares	públicos	0.020000
lugares	na	0.020000
lugares	ou	0.015000
lugares	a	0.015000
lugares	ao	0.015000
lugares	o	0.015000
luxo	e	0.142857
luxo	de	0.142857
lévao	a	0.857143
líder	do	0.259259
líder	da	0.192593
líder	dos	0.074074
líder	de	0.051852
líder	e	0.044444
líder	que	0.022222
lóxica	da	0.081081
lóxica	para	0.081081
lóxica	a	0.081081
madrid	e	0.196629
madrid	onde	0.073034
madrid	en	0.067416
madrid	que	0.050562
madrid	a	0.044944
madrid	o	0.028090
madrid	na	0.022472
madrid	para	0.022472
madrid	é	0.016854
madrid	ao	0.016854
madrid	de	0.016854
madrid	unha	0.016854
madrid	por	0.016854
madrid	sendo	0.016854
madrid	páxinas	0.016854
madrid	alianza	0.016854
malia	que	0.331126
malia	a	0.099338
malia	o	0.092715
malia	as	0.069536
malia	ser	0.052980
malia	isto	0.052980
malia	os	0.049669
malia	todo	0.043046
malia	iso	0.036424
malia	non	0.033113
malia	ter	0.019868
malia	lograr	0.009934
malia	esta	0.009934
malia	estas	0.009934
malia	este	0.009934
malia	estar	0.009934
malos	resultados	0.466667
mancha	de	0.125000
mancha	vermella	0.093750
mancha	escura	0.093750
manchas	negras	0.177419
manchas	brancas	0.112903
manchas	escuras	0.080645
manchas	de	0.080645
manchas	máis	0.064516
manchas	do	0.048387
manchas	e	0.048387
manchas	na	0.048387
mandato	de	0.287879
mandato	do	0.136364
mandato	como	0.045455
mandato	británico	0.045455
mandato	dos	0.045455
mandou	construír	0.148148
mandou	un	0.111111
mandou	a	0.111111
maneiras	de	0.210526
manteiga	de	0.300000
marca	de	0.343195
marca	o	0.082840
marca	do	0.047337
marca	un	0.035503
marca	mundial	0.035503
marca	que	0.035503
marca	a	0.029586
marca	persoal	0.029586
marca	da	0.029586
marca	é	0.023669
marca	máis	0.017751
marea	baixa	0.166667
marea	alta	0.125000
mares	do	0.214286
mares	e	0.214286
mariscal	de	0.363636
marxe	de	0.300000
marxe	esquerda	0.133333
marxe	da	0.116667
marxe	do	0.066667
marxe	dereita	0.066667
marxe	sur	0.050000
maría	de	0.306931
maría	del	0.084158
maría	e	0.074257
maría	teresa	0.039604
maría	a	0.029703
maría	do	0.024752
maría	que	0.019802
maría	da	0.019802
maría	como	0.014851
maría	josé	0.014851
matan	a	0.357143
matando	a	0.277778
matando	os	0.222222
material	de	0.134503
material	que	0.087719
material	e	0.058480
material	para	0.052632
material	da	0.040936
material	do	0.040936
material	é	0.029240
material	a	0.023392
material	brando	0.023392
material	no	0.017544
material	como	0.017544
material	máis	0.017544
material	escolar	0.017544
material	en	0.017544
material	novo	0.017544
material	expulsado	0.017544
mecánico	da	0.222222
medalla	de	0.662500
medalla	da	0.087500
medalla	ao	0.037500
medida	que	0.415282
medida	de	0.049834
medida	do	0.049834
medida	en	0.046512
medida	da	0.039867
medida	a	0.036545
medida	o	0.023256
medida	para	0.019934
medida	foi	0.016611
medida	é	0.016611
medida	os	0.013289
medida	das	0.013289
medida	máis	0.009967
medida	por	0.009967
medida	ou	0.009967
medida	dos	0.009967
medida	e	0.009967
medida	polo	0.009967
medida	un	0.009967
medida	non	0.009967
medidas	de	0.277228
medidas	que	0.108911
medidas	do	0.079208
medidas	para	0.039604
medidas	e	0.039604
medidas	son	0.039604
medidas	máis	0.039604
medidas	dos	0.029703
mellores	resultados	0.125000
mellores	equipos	0.055556
mellores	e	0.048611
mellores	condicións	0.048611
mellores	do	0.041667
mellores	marcas	0.027778
mellores	que	0.027778
mellores	pilotos	0.027778
mellores	filmes	0.027778
mellores	obras	0.020833
mellores	cancións	0.020833
mellores	da	0.020833
mensaxe	de	0.120000
mensaxe	a	0.060000
mercadorías	de	0.176471
mercadorías	e	0.176471
mesas	e	0.272727
mesas	de	0.272727
mesma	época	0.039014
mesma	cantidade	0.032854
mesma	forma	0.026694
mesma	cidade	0.022587
mesma	universidade	0.022587
mesma	persoa	0.020534
mesma	cor	0.018480
mesma	especie	0.016427
mesma	noite	0.016427
mesma	liña	0.016427
mesma	e	0.016427
mesma	razón	0.016427
mesma	altura	0.014374
mesma	maneira	0.014374
mesma	que	0.014374
mesma	orixe	0.012320
mesma	como	0.012320
mesma	tempada	0.012320
mesma	idade	0.012320
mesma	dirección	0.012320
mesma	cadea	0.010267
mesma	orde	0.010267
mesma	estrutura	0.010267
mesma	secuencia	0.010267
mesma	data	0.008214
mesma	zona	0.008214
mesma	é	0.008214
mesma	o	0.008214
mesma	foi	0.008214
mesma	raíz	0.008214
mesma	sorte	0.008214
mesma	institución	0.008214
mesma	idea	0.008214
mesma	importancia	0.006160
mesma	política	0.006160
mesma	tarde	0.006160
mesma	compañía	0.006160
mesma	volta	0.006160
mesma	linguaxe	0.006160
mesmo	ano	0.167354
mesmo	tempo	0.085445
mesmo	xeito	0.057749
mesmo	día	0.035357
mesmo	nome	0.028874
mesmo	a	0.027107
mesmo	se	0.018857
mesmo	o	0.018857
mesmo	en	0.018268
mesmo	que	0.013553
mesmo	de	0.012375
mesmo	lugar	0.011786
mesmo	e	0.010607
mesmo	mes	0.008839
mesmo	as	0.008250
mesmo	como	0.007071
mesmo	é	0.007071
mesmo	un	0.007071
mesmo	sexo	0.006482
mesmo	nivel	0.006482
mesmo	tipo	0.006482
mesmo	grupo	0.006482
mesmo	período	0.006482
mesmo	foi	0.006482
mesmo	os	0.006482
mesmo	despois	0.005893
mesmo	número	0.005893
mesmo	sistema	0.005303
mesmo	cando	0.005303
mesmo	tamaño	0.004714
mesmo	chegou	0.004714
mesmo	ao	0.004714
mesmo	así	0.004714
mesmo	sentido	0.004125
mesmo	con	0.004125
mesmo	autor	0.004125
mesmo	non	0.004125
mesmo	no	0.003536
mesmo	para	0.003536
mesmo	sen	0.003536
mestre	de	0.270833
mestre	e	0.135417
mestre	en	0.072917
mestre	da	0.062500
mestre	que	0.041667
mestre	internacional	0.041667
mestre	dos	0.031250
mestre	no	0.031250
mestre	do	0.031250
mestura	de	0.578947
mestura	do	0.052632
mestura	dos	0.042105
mestura	entre	0.042105
mestura	coa	0.031579
metros	de	0.432941
metros	e	0.120000
metros	sobre	0.077647
metros	no	0.032941
metros	da	0.032941
metros	por	0.025882
metros	en	0.021176
metros	máis	0.016471
metros	do	0.014118
metros	na	0.009412
metros	ao	0.009412
metros	con	0.009412
metros	dos	0.007059
metros	a	0.007059
metros	m	0.007059
metros	que	0.007059
metros	aproximadamente	0.007059
milicia	local	0.210526
milicia	e	0.157895
ministro	de	0.478261
ministro	do	0.086957
ministro	da	0.043478
ministro	e	0.043478
ministro	en	0.036232
ministro	no	0.021739
minutos	de	0.135802
minutos	e	0.129630
minutos	despois	0.111111
minutos	por	0.067901
minutos	para	0.055556
minutos	do	0.043210
minutos	a	0.037037
minutos	antes	0.037037
minutos	da	0.030864
minutos	na	0.024691
minutos	que	0.024691
minutos	cada	0.024691
minutos	foi	0.018519
minutos	o	0.018519
minutos	ou	0.018519
mira	a	0.190476
mira	cara	0.142857
misión	de	0.211009
misión	e	0.055046
misión	principal	0.036697
misión	para	0.027523
misión	da	0.027523
misión	do	0.027523
misión	durou	0.027523
misión	foi	0.027523
misión	era	0.027523
misión	na	0.027523
moda	e	0.090909
moda	da	0.090909
moda	que	0.090909
modelo	de	0.293269
modelo	para	0.086538
modelo	da	0.048077
modelo	e	0.038462
modelo	a	0.038462
modelo	que	0.033654
modelo	do	0.028846
modelo	anterior	0.014423
modelo	como	0.014423
modelo	en	0.014423
modelo	económico	0.014423
modelos	de	0.289720
modelos	que	0.084112
modelos	do	0.056075
modelos	e	0.037383
modelos	máis	0.028037
modelos	animais	0.028037
modelos	da	0.028037
modelos	in	0.028037
modo	de	0.299595
modo	que	0.242915
modo	en	0.052632
modo	a	0.036437
modo	máis	0.028340
modo	non	0.020243
modo	o	0.016194
modo	as	0.016194
modo	os	0.016194
modo	dun	0.016194
modo	é	0.012146
modos	de	0.608696
moi	ben	0.032590
moi	importante	0.032590
moi	popular	0.030017
moi	pouco	0.027444
moi	poucos	0.024014
moi	similar	0.022298
moi	común	0.020583
moi	novo	0.019726
moi	preto	0.018868
moi	diferentes	0.018010
moi	grande	0.015437
moi	pouca	0.015437
moi	diferente	0.014580
moi	difícil	0.014580
moi	grandes	0.013722
moi	coñecido	0.012007
moi	pequena	0.011149
moi	baixa	0.010292
moi	boa	0.010292
moi	pequeno	0.010292
moi	próxima	0.010292
moi	importantes	0.009434
moi	lonxe	0.009434
moi	alto	0.009434
moi	pequenas	0.009434
moi	boas	0.008576
moi	mal	0.008576
moi	semellante	0.007719
moi	alta	0.007719
moi	comúns	0.007719
moi	semellantes	0.007719
moi	poucas	0.007719
moi	populares	0.007719
moi	cedo	0.007719
moi	pequenos	0.006861
moi	curta	0.006861
moi	curto	0.006861
moi	bo	0.006861
moi	lentamente	0.006003
moi	longas	0.006003
momentos	de	0.267857
momentos	da	0.178571
momentos	máis	0.125000
momentos	do	0.089286
momentos	finais	0.053571
montaña	e	0.111111
montaña	de	0.083333
montaña	do	0.069444
montaña	onde	0.055556
montaña	que	0.041667
montañas	do	0.188406
montañas	de	0.159420
montañas	e	0.072464
montañas	que	0.072464
montañas	da	0.057971
montañas	a	0.057971
montes	de	0.291667
montes	do	0.166667
montes	da	0.104167
monumento	nacional	0.140625
monumento	a	0.125000
monumento	que	0.062500
monumento	na	0.062500
monumento	ao	0.062500
monumento	aos	0.046875
monumento	e	0.046875
moscova	e	0.151515
moscova	para	0.090909
moscova	en	0.090909
motores	de	0.257426
motores	para	0.069307
motores	a	0.059406
motores	do	0.039604
motores	v	0.039604
motores	máis	0.029703
motores	e	0.029703
motores	da	0.029703
motores	principais	0.029703
mozos	e	0.174603
mozos	que	0.126984
mozos	de	0.095238
mozos	do	0.063492
mozos	da	0.063492
mozos	para	0.047619
mudou	o	0.294118
mudou	de	0.147059
mudou	en	0.088235
mundial	de	0.293651
mundial	da	0.059524
mundial	que	0.051587
mundial	e	0.043651
mundial	en	0.035714
mundial	do	0.031746
mundial	o	0.031746
mundial	a	0.031746
mundial	para	0.027778
mundial	no	0.023810
mundial	das	0.019841
mundial	cando	0.015873
mundial	é	0.011905
mundial	non	0.011905
mundial	pero	0.011905
mundial	onde	0.011905
mundial	foi	0.011905
muros	de	0.400000
muros	da	0.083333
muros	do	0.066667
muros	son	0.050000
museo	de	0.308571
museo	da	0.108571
museo	do	0.108571
museo	nacional	0.102857
museo	e	0.040000
museo	que	0.028571
museo	das	0.017143
museo	del	0.017143
máis	de	0.127360
máis	tarde	0.087200
máis	que	0.029280
máis	importantes	0.025920
máis	grande	0.024480
máis	grandes	0.019200
máis	importante	0.017760
máis	dun	0.013440
máis	alto	0.012640
máis	do	0.012480
máis	adiante	0.011520
máis	ou	0.011360
máis	a	0.010880
máis	pequenos	0.010080
máis	rápido	0.009760
máis	aló	0.009120
máis	ben	0.008160
máis	ao	0.008000
máis	pequenas	0.007680
máis	altas	0.007360
máis	común	0.007200
máis	novo	0.007200
máis	alta	0.007200
máis	antigos	0.007040
máis	o	0.006880
máis	dunha	0.006720
máis	pequeno	0.006720
máis	longo	0.006240
máis	tempo	0.005920
máis	comúns	0.005600
máis	recentemente	0.005280
máis	populares	0.005280
máis	coñecido	0.005280
máis	en	0.005120
máis	probable	0.005120
máis	pequena	0.004960
máis	recente	0.004960
máis	altos	0.004800
máis	antiga	0.004480
máis	próximo	0.004480
médico	de	0.159574
médico	e	0.148936
médico	do	0.095745
médico	en	0.063830
médico	que	0.053191
médico	da	0.042553
médicos	e	0.240000
métodos	de	0.340000
métodos	para	0.140000
métodos	e	0.060000
métodos	que	0.050000
métodos	máis	0.050000
métodos	da	0.030000
méxico	e	0.130435
méxico	para	0.086957
méxico	en	0.072464
méxico	onde	0.043478
músculos	que	0.200000
músculos	do	0.200000
músculos	da	0.200000
nacemento	de	0.200000
nacemento	do	0.133333
nacemento	da	0.066667
nacemento	e	0.058333
nacemento	dunha	0.050000
nacemento	a	0.050000
nacemento	foi	0.041667
nacemento	en	0.033333
nacemento	ata	0.033333
nacemento	das	0.025000
nacido	en	0.260870
nacido	nunha	0.130435
nada	en	0.104396
nada	máis	0.087912
nada	que	0.071429
nada	a	0.054945
nada	de	0.043956
nada	se	0.038462
nada	da	0.038462
nada	do	0.038462
nada	e	0.032967
nada	para	0.032967
nada	sobre	0.027473
nada	na	0.021978
nada	nunha	0.021978
nada	o	0.016484
nadal	do	0.107143
nadal	de	0.107143
nadar	e	0.333333
nais	e	0.230769
nalgunha	ocasión	0.333333
nalgunha	das	0.200000
naquel	momento	0.412698
naquel	entón	0.222222
naquel	tempo	0.174603
nas	súas	0.144051
nas	que	0.079646
nas	eleccións	0.052606
nas	zonas	0.029990
nas	primeiras	0.023599
nas	dúas	0.021632
nas	listas	0.021141
nas	illas	0.020649
nas	últimas	0.020649
nas	células	0.019666
nas	carreiras	0.018191
nas	costas	0.016224
nas	áreas	0.013274
nas	cales	0.011308
nas	augas	0.010816
nas	plantas	0.010324
nas	cidades	0.010324
nas	mans	0.009833
nas	rúas	0.008850
nas	terras	0.008850
nas	casas	0.008850
nas	provincias	0.008358
nas	montañas	0.008358
nas	seguintes	0.007866
nas	escolas	0.007375
nas	condicións	0.007375
nas	relacións	0.006883
nas	beiras	0.006883
nas	cortes	0.006883
nas	misións	0.006883
nas	partes	0.006391
nas	horas	0.006391
nas	instalacións	0.005900
nas	redes	0.005900
nas	árbores	0.005900
nas	paredes	0.005900
nas	obras	0.005408
nas	festas	0.004916
nas	probas	0.004916
nas	especies	0.004916
nativos	americanos	0.227273
nativos	de	0.159091
nativos	e	0.136364
nativos	da	0.068182
natureza	e	0.189873
natureza	da	0.075949
natureza	de	0.056962
natureza	que	0.037975
natureza	do	0.037975
natureza	como	0.031646
natureza	dos	0.031646
natureza	das	0.031646
natureza	son	0.025316
natureza	é	0.025316
natureza	máis	0.018987
natureza	moi	0.018987
natureza	foi	0.018987
natureza	a	0.018987
necesario	para	0.330645
necesario	que	0.153226
necesario	un	0.056452
necesario	e	0.032258
necesario	en	0.024194
necesidade	de	0.733871
necesidade	da	0.056452
necesidade	dun	0.040323
necesidade	dunha	0.032258
necesidade	ou	0.024194
negociacións	para	0.166667
negociacións	de	0.138889
negociacións	con	0.111111
negociacións	entre	0.083333
negociar	un	0.157895
negociar	a	0.157895
negocios	e	0.250000
negocios	de	0.134615
negocios	que	0.057692
negocios	da	0.057692
negra	e	0.183333
negra	da	0.058333
negra	nos	0.033333
negra	con	0.025000
negra	ou	0.025000
negra	que	0.025000
negra	a	0.025000
negra	de	0.025000
nel	un	0.089552
nel	a	0.074627
nel	e	0.059701
neno	e	0.125000
neno	de	0.080357
neno	a	0.044643
neno	en	0.035714
neno	que	0.035714
neno	foi	0.035714
neno	xesús	0.026786
neno	chamado	0.026786
neno	pequeno	0.026786
nervios	da	0.200000
nervios	e	0.200000
neses	casos	0.189189
neses	anos	0.162162
neses	tempos	0.108108
ningún	dos	0.167614
ningún	outro	0.076705
ningún	deles	0.042614
ningún	tipo	0.034091
ningún	destes	0.022727
ningún	momento	0.022727
ningún	punto	0.022727
ningún	xeito	0.022727
ningún	membro	0.014205
ningún	cambio	0.014205
ningún	caso	0.014205
ningún	e	0.014205
ningún	libro	0.011364
ningún	poder	0.008523
ningún	interese	0.008523
ningún	equipo	0.008523
ningún	rexistro	0.008523
ningún	foi	0.008523
ningún	problema	0.008523
ningún	cargo	0.008523
ningún	papel	0.008523
ningún	partido	0.008523
ningún	título	0.008523
nomes	de	0.200000
nomes	dos	0.091892
nomes	e	0.091892
nomes	das	0.075676
nomes	que	0.043243
nomes	do	0.037838
nomes	como	0.032432
nomes	en	0.027027
nomes	con	0.016216
nomes	comúns	0.016216
non	se	0.149383
non	é	0.059557
non	foi	0.032231
non	obstante	0.032231
non	hai	0.031951
non	son	0.026205
non	está	0.024524
non	era	0.022281
non	só	0.018918
non	ten	0.018217
non	o	0.016396
non	pode	0.014994
non	puido	0.012612
non	teñen	0.012612
non	tiña	0.011911
non	están	0.011771
non	estaba	0.011491
non	poden	0.011211
non	foron	0.010650
non	existe	0.009669
non	lle	0.009389
non	tivo	0.008969
non	ser	0.008828
non	había	0.008548
non	a	0.007988
non	podía	0.007988
non	eran	0.007988
non	estaban	0.006306
non	tiñan	0.006166
non	existen	0.005746
non	sempre	0.005746
non	chegou	0.005045
non	debe	0.004905
non	todos	0.004765
non	podían	0.004624
non	ter	0.004204
non	sexa	0.003924
non	fose	0.003924
non	houbo	0.003924
non	conseguiu	0.003643
norma	xeral	0.100000
norma	que	0.100000
norma	e	0.075000
nota	de	0.154930
nota	a	0.070423
nota	que	0.042254
nota	en	0.042254
nota	ou	0.042254
nota	as	0.042254
noutro	lugar	0.177778
noutro	momento	0.088889
noutro	punto	0.066667
novela	de	0.182796
novela	foi	0.048387
novela	the	0.043011
novela	que	0.043011
novela	histórica	0.037634
novela	está	0.037634
novela	e	0.037634
novela	o	0.032258
novela	do	0.026882
novela	en	0.021505
novela	curta	0.021505
novela	el	0.016129
novela	negra	0.016129
novela	é	0.016129
novela	non	0.016129
novembro	de	0.707547
novembro	e	0.044025
novembro	dese	0.031447
novembro	do	0.028302
novembro	o	0.025157
novembro	a	0.022013
novembro	ou	0.012579
novembro	os	0.009434
noventa	minutos	0.120000
nº	de	0.211538
nº	do	0.153846
nº	da	0.076923
nº	en	0.076923
número	de	0.606874
número	da	0.039742
número	na	0.025779
número	un	0.025779
número	e	0.023631
número	total	0.010741
número	que	0.010741
número	en	0.009667
número	nas	0.008593
número	do	0.008593
número	real	0.007519
número	máis	0.007519
número	no	0.007519
número	das	0.006445
número	enteiro	0.006445
número	a	0.006445
número	dous	0.006445
número	exacto	0.006445
número	limitado	0.005371
número	o	0.005371
número	os	0.005371
número	ao	0.004296
número	foi	0.004296
número	é	0.003222
número	dos	0.003222
número	ou	0.003222
número	cada	0.003222
número	co	0.003222
número	negativo	0.003222
números	e	0.145455
números	de	0.145455
números	reais	0.054545
números	entre	0.036364
números	que	0.036364
números	sen	0.036364
números	do	0.027273
números	a	0.027273
números	da	0.027273
obras	de	0.271028
obras	que	0.065421
obras	máis	0.049065
obras	para	0.046729
obras	do	0.039720
obras	e	0.037383
obras	foron	0.030374
obras	en	0.025701
obras	como	0.023364
obras	dos	0.023364
obras	da	0.023364
obras	a	0.021028
obras	públicas	0.021028
obras	nas	0.014019
obras	sobre	0.014019
obras	son	0.011682
obras	súas	0.009346
obras	menores	0.009346
obras	están	0.007009
obras	teñen	0.007009
obras	o	0.007009
obras	se	0.007009
obras	entre	0.007009
obras	na	0.007009
obras	durante	0.007009
obras	feitas	0.007009
obter	o	0.167785
obter	un	0.147651
obter	unha	0.107383
obter	a	0.100671
obter	os	0.046980
obter	información	0.040268
obter	as	0.026846
obxectivo	de	0.289157
obxectivo	do	0.104418
obxectivo	é	0.072289
obxectivo	da	0.064257
obxectivo	era	0.064257
obxectivo	a	0.052209
obxectivo	principal	0.028112
obxectivo	dos	0.028112
obxectivo	e	0.020080
obxectivo	final	0.016064
obxectivo	foi	0.012048
obxectivo	deste	0.012048
obxectivo	fundamental	0.012048
ocasións	o	0.086486
ocasións	os	0.048649
ocasións	e	0.048649
ocasións	en	0.048649
ocasións	durante	0.037838
ocasións	por	0.037838
ocasións	a	0.037838
ocasións	nos	0.032432
ocasións	tamén	0.027027
ocasións	para	0.027027
ocasións	unha	0.021622
ocasións	non	0.021622
ocasións	co	0.021622
ocasións	ao	0.021622
ocasións	nas	0.021622
ocasións	especiais	0.021622
ocasións	con	0.016216
ocasións	é	0.016216
ocasións	moi	0.016216
ocasións	de	0.016216
ocasións	as	0.016216
ocasións	na	0.016216
ocasións	como	0.016216
ocasións	un	0.016216
occidental	da	0.134503
occidental	e	0.128655
occidental	de	0.076023
occidental	do	0.070175
occidental	o	0.035088
occidental	en	0.029240
occidental	mentres	0.029240
occidental	a	0.029240
occidental	que	0.023392
occidental	é	0.017544
occidental	onde	0.017544
occidental	ás	0.017544
occidental	foi	0.017544
occidental	está	0.017544
oco	e	0.135135
oco	entre	0.108108
oco	de	0.081081
oco	no	0.081081
oco	que	0.081081
ocorre	en	0.109489
ocorre	cando	0.080292
ocorre	no	0.058394
ocorre	con	0.043796
ocorre	a	0.043796
ocorre	na	0.043796
ocorre	de	0.036496
ocorre	un	0.036496
ocorre	cos	0.029197
ocorre	entre	0.021898
ocorre	nos	0.021898
ocorre	por	0.021898
ocorre	desde	0.021898
ocorre	o	0.021898
ocorre	que	0.021898
océano	pacífico	0.192982
océano	atlántico	0.140351
océano	e	0.087719
océano	de	0.052632
odio	que	0.214286
oferta	de	0.290323
oferta	e	0.096774
oficina	de	0.483871
oficina	do	0.241935
oficina	da	0.064516
ofrece	unha	0.220779
ofrece	un	0.142857
ofrece	a	0.129870
ofrece	o	0.064935
ofrece	servizos	0.038961
oito	anos	0.193878
oito	millóns	0.045918
oito	días	0.045918
oito	meses	0.035714
oito	veces	0.030612
oito	fillos	0.030612
oito	da	0.025510
oito	e	0.025510
oito	minutos	0.025510
oito	equipos	0.020408
oito	deles	0.020408
oito	homes	0.020408
oito	semanas	0.015306
oito	horas	0.015306
oito	pilotos	0.015306
oito	irmáns	0.015306
once	anos	0.259259
once	e	0.055556
onda	de	0.246914
onda	curta	0.049383
onda	que	0.037037
onda	e	0.037037
onda	o	0.037037
onda	da	0.037037
onda	do	0.037037
onde	se	0.269951
onde	o	0.072172
onde	a	0.060375
onde	os	0.038168
onde	as	0.025677
onde	foi	0.024289
onde	está	0.022207
onde	hai	0.014573
onde	non	0.013185
onde	é	0.010409
onde	estaba	0.010409
onde	tamén	0.010409
onde	morreu	0.008328
onde	un	0.007634
onde	cada	0.007634
onde	estivo	0.007634
onde	traballou	0.006940
onde	hoxe	0.006246
onde	vive	0.006246
onde	fixo	0.006246
onde	naceu	0.005552
onde	coñeceu	0.005552
onde	son	0.005552
onde	unha	0.004858
onde	ten	0.004858
onde	poden	0.004858
onde	foron	0.004858
onde	pasou	0.004858
onde	recibiu	0.004858
onde	só	0.004164
onde	viviu	0.004164
onde	había	0.004164
onde	gañou	0.004164
onde	vai	0.003470
onde	vivían	0.003470
onde	vén	0.003470
onde	comezou	0.003470
onde	antes	0.003470
onde	lle	0.003470
onde	están	0.003470
opción	de	0.209302
opción	que	0.069767
opción	para	0.069767
operación	de	0.305556
operación	que	0.069444
operación	militar	0.069444
operación	non	0.055556
operación	para	0.041667
opinións	sobre	0.200000
opinións	de	0.142857
opinións	e	0.114286
opinións	políticas	0.114286
oportunidade	de	0.516667
oportunidade	para	0.200000
oportunidade	única	0.050000
oposición	ao	0.082353
oposición	dos	0.082353
oposición	do	0.070588
oposición	a	0.070588
oposición	de	0.058824
oposición	á	0.058824
oposición	que	0.047059
oposición	ós	0.047059
oposición	política	0.035294
ordes	de	0.397436
ordes	do	0.192308
ordes	dun	0.038462
ordes	e	0.038462
ordes	en	0.038462
organizados	en	0.321429
organizados	e	0.107143
organizados	nun	0.107143
orixinal	de	0.166667
orixinal	e	0.076923
orixinal	da	0.072650
orixinal	do	0.072650
orixinal	en	0.047009
orixinal	que	0.042735
orixinal	era	0.042735
orixinal	a	0.029915
orixinal	o	0.029915
orixinal	foi	0.021368
orixinal	para	0.017094
orixinal	non	0.017094
orixinal	aínda	0.017094
orixinal	dos	0.017094
orixinal	na	0.017094
orixinal	como	0.012821
orixinal	é	0.012821
os	seus	0.154394
os	dous	0.032221
os	primeiros	0.021204
os	que	0.019879
os	anos	0.018140
os	membros	0.010188
os	homes	0.009194
os	tres	0.008200
os	máis	0.007952
os	restos	0.007786
os	outros	0.007455
os	días	0.007455
os	ovos	0.007372
os	seguintes	0.007123
os	estados	0.007041
os	datos	0.006709
os	efectos	0.006626
os	estudos	0.006544
os	puntos	0.006461
os	habitantes	0.006461
os	e	0.006378
os	equipos	0.006378
os	nomes	0.006378
os	de	0.006378
os	resultados	0.006378
os	últimos	0.006295
os	cales	0.006129
os	nenos	0.006047
os	niveis	0.005964
os	principais	0.005550
os	cambios	0.005550
os	grupos	0.005467
os	dereitos	0.005384
os	problemas	0.005301
os	individuos	0.005218
os	animais	0.005218
os	mesmos	0.004804
os	países	0.004638
os	temas	0.004638
os	pilotos	0.004638
outra	banda	0.157001
outra	vez	0.074965
outra	parte	0.074965
outra	de	0.028289
outra	das	0.021216
outra	que	0.021216
outra	cousa	0.019802
outra	e	0.012730
outra	en	0.012730
outra	forma	0.012730
outra	especie	0.012730
outra	teoría	0.011315
outra	na	0.009901
outra	cidade	0.008487
outra	hipótese	0.008487
outra	a	0.008487
outra	para	0.007072
outra	o	0.007072
outra	máis	0.007072
outra	no	0.007072
outra	filla	0.007072
outra	causa	0.005658
outra	é	0.005658
outra	versión	0.005658
outra	como	0.005658
outra	alternativa	0.005658
outra	era	0.005658
outra	gran	0.005658
outra	función	0.005658
outra	vitoria	0.005658
outra	vía	0.005658
outra	muller	0.005658
outra	persoa	0.005658
outra	lingua	0.005658
outra	consecuencia	0.005658
outra	polo	0.004243
outra	serie	0.004243
outra	metade	0.004243
outra	central	0.004243
outra	grande	0.004243
outubro	de	0.734286
outubro	e	0.045714
outubro	dese	0.042857
outubro	do	0.040000
outubro	a	0.014286
outubro	en	0.011429
outubro	foi	0.011429
outubro	pero	0.008571
outubro	os	0.008571
paisaxes	e	0.428571
pan	e	0.130435
pan	de	0.108696
pan	am	0.065217
pano	de	0.571429
par	de	0.699029
para	a	0.153388
para	o	0.129254
para	os	0.054933
para	que	0.054226
para	as	0.028678
para	unha	0.014743
para	un	0.014541
para	facer	0.013127
para	ser	0.012622
para	poder	0.011916
para	evitar	0.011916
para	formar	0.008987
para	producir	0.007271
para	iso	0.007069
para	crear	0.006766
para	este	0.006665
para	obter	0.006059
para	dar	0.005857
para	se	0.005756
para	manter	0.005251
para	conseguir	0.005251
para	cada	0.005049
para	el	0.005049
para	axudar	0.004847
para	realizar	0.004746
para	espectadores	0.004746
para	levar	0.004645
para	protexer	0.004443
para	determinar	0.004342
para	construír	0.004039
para	tratar	0.004039
para	esta	0.004039
para	mellorar	0.003837
para	gañar	0.003837
para	estudar	0.003433
para	todos	0.003433
para	nenos	0.003433
para	chegar	0.003231
para	permitir	0.003130
para	traballar	0.003130
parecían	estar	0.272727
parecían	ser	0.272727
parede	do	0.169811
parede	de	0.113208
parede	da	0.094340
parede	e	0.075472
parentes	próximos	0.269231
parentes	máis	0.153846
parentes	e	0.115385
parroquia	de	0.416667
parroquia	do	0.037879
parroquia	e	0.030303
parroquia	é	0.030303
parroquia	que	0.022727
parroquia	da	0.022727
parroquia	está	0.022727
parroquia	un	0.022727
participación	de	0.146341
participación	na	0.115854
participación	do	0.109756
participación	no	0.091463
participación	en	0.085366
participación	dos	0.073171
participación	activa	0.042683
participación	da	0.036585
participación	nas	0.030488
participación	nos	0.024390
participación	e	0.024390
participación	que	0.018293
particularmente	na	0.088608
particularmente	no	0.075949
particularmente	en	0.075949
particularmente	o	0.050633
particularmente	as	0.037975
particularmente	nos	0.037975
particularmente	para	0.037975
particularmente	a	0.037975
paréceme	que	0.750000
pasando	a	0.233645
pasando	por	0.102804
pasando	un	0.102804
pasando	de	0.065421
pasando	pola	0.056075
pasando	polo	0.037383
pasando	á	0.028037
pasando	despois	0.028037
pasando	en	0.028037
pasando	ao	0.028037
pasando	os	0.028037
pasando	do	0.028037
patas	son	0.134146
patas	anteriores	0.121951
patas	e	0.097561
patas	están	0.048780
patas	moi	0.048780
patas	dos	0.036585
patas	dun	0.036585
patas	de	0.036585
patrón	de	0.457143
patrón	da	0.085714
patrón	san	0.057143
patrón	na	0.042857
patrón	dos	0.042857
patrón	e	0.042857
patrón	do	0.042857
patróns	de	0.437500
país	e	0.109890
país	de	0.063736
país	a	0.039560
país	que	0.039560
país	en	0.030769
país	para	0.024176
país	como	0.024176
país	do	0.021978
país	con	0.021978
país	no	0.021978
país	é	0.019780
país	o	0.019780
país	na	0.017582
país	natal	0.015385
país	foi	0.015385
país	era	0.015385
país	ou	0.013187
país	non	0.013187
país	dos	0.013187
país	por	0.010989
país	ten	0.010989
país	está	0.010989
país	polo	0.008791
país	á	0.008791
país	tamén	0.008791
país	durante	0.006593
país	desde	0.006593
país	foron	0.006593
país	ata	0.006593
país	se	0.006593
país	senón	0.006593
país	máis	0.006593
país	da	0.006593
país	coa	0.006593
pecha	o	0.312500
pecha	a	0.187500
pechou	a	0.500000
pedro	de	0.225000
pedro	e	0.083333
pedro	i	0.066667
pedro	o	0.066667
pedro	ii	0.050000
pedro	en	0.025000
pedro	que	0.025000
pegadas	de	0.166667
peirao	de	0.411765
peirao	da	0.176471
pel	e	0.154472
pel	de	0.089431
pel	do	0.073171
pel	que	0.056911
pel	é	0.048780
pel	humana	0.032520
pel	da	0.024390
pel	dos	0.024390
pel	con	0.024390
pel	a	0.024390
pena	de	0.534483
pena	por	0.051724
pena	que	0.051724
pena	máxima	0.051724
pena	a	0.051724
penas	de	0.428571
penas	e	0.214286
pensaba	que	0.875000
pensan	que	0.857143
pensar	que	0.455882
pensar	en	0.147059
pensar	e	0.058824
pensar	nunha	0.044118
pensar	na	0.044118
penso	que	0.600000
pequena	e	0.105932
pequena	parte	0.067797
pequena	aldea	0.038136
pequena	de	0.033898
pequena	poboación	0.029661
pequena	illa	0.029661
pequena	cantidade	0.025424
pequena	vila	0.025424
pequena	escala	0.021186
pequena	que	0.021186
pequena	cidade	0.021186
pequena	da	0.016949
pequena	en	0.016949
pequena	escola	0.016949
pequena	xira	0.012712
pequena	ponte	0.012712
pequena	do	0.012712
pequena	das	0.012712
pequena	forza	0.012712
pequena	pantalla	0.012712
pequena	zona	0.012712
pequeno	e	0.085502
pequeno	tamaño	0.074349
pequeno	que	0.055762
pequeno	de	0.040892
pequeno	papel	0.033457
pequeno	número	0.033457
pequeno	grupo	0.029740
pequeno	para	0.026022
pequeno	ou	0.022305
pequeno	a	0.018587
pequeno	do	0.014870
pequeno	porto	0.014870
pequeno	río	0.014870
pequeno	conxunto	0.011152
pequeno	templo	0.011152
pequeno	exército	0.011152
pequeno	o	0.011152
pequeno	monumento	0.011152
pequeno	ten	0.011152
pequeno	museo	0.011152
pequeno	penas	0.011152
perdeu	o	0.280576
perdeu	a	0.208633
perdeu	unha	0.057554
perdeu	os	0.028777
perdeu	un	0.021583
perdeuse	a	0.136364
perdeuse	contacto	0.136364
perdida	e	0.277778
perfectamente	a	0.375000
perigosa	e	0.214286
pesados	que	0.291667
pesados	e	0.166667
pescozo	e	0.314286
peter	e	0.142857
petición	de	0.365079
petición	do	0.142857
petición	da	0.063492
petición	dos	0.063492
petición	foi	0.047619
petróleo	e	0.205128
peza	de	0.240964
peza	musical	0.036145
peza	é	0.036145
peza	máis	0.036145
pinturas	e	0.177778
pinturas	de	0.133333
pinturas	da	0.066667
pinturas	do	0.066667
piques	de	1.000000
piso	superior	0.175000
piso	e	0.100000
piso	inferior	0.075000
pistas	de	0.511628
pistas	que	0.069767
pistas	sen	0.069767
pito	ou	0.600000
plans	de	0.289474
plans	para	0.289474
plans	e	0.092105
plans	do	0.065789
plans	da	0.039474
pluma	de	0.315789
pluma	e	0.157895
pm	do	0.272727
pobo	de	0.226519
pobo	e	0.060773
pobo	que	0.044199
pobo	galego	0.027624
pobo	a	0.027624
pobo	ou	0.027624
pobo	por	0.022099
pobo	do	0.022099
pobo	está	0.016575
pobo	chinés	0.016575
pobo	romano	0.016575
pobo	ruso	0.016575
pobo	en	0.016575
pobo	xudeu	0.016575
pobo	natal	0.016575
pobo	dos	0.016575
pobos	que	0.134146
pobos	de	0.109756
pobos	do	0.085366
pobos	e	0.085366
pobos	da	0.060976
pobos	nativos	0.048780
pobos	máis	0.048780
pobos	bárbaros	0.036585
pobos	veciños	0.036585
pobreza	e	0.148148
pobreza	con	0.111111
poderosa	que	0.160000
podería	ser	0.271889
podería	ter	0.115207
podería	estar	0.050691
podería	haber	0.023041
podería	facer	0.018433
podería	chegar	0.018433
podería	actuar	0.013825
podería	acabar	0.013825
podería	provocar	0.013825
poemas	e	0.141593
poemas	de	0.141593
poemas	que	0.070796
poemas	en	0.070796
poemas	do	0.035398
poemas	máis	0.035398
poemas	a	0.026549
poemas	da	0.026549
poesía	e	0.142857
poesía	de	0.102041
poesía	como	0.071429
poesía	en	0.071429
poetas	de	0.166667
poetas	e	0.166667
poetas	do	0.100000
poetas	en	0.100000
poetas	da	0.100000
pois	a	0.122024
pois	o	0.089286
pois	os	0.068452
pois	non	0.050595
pois	as	0.032738
pois	esta	0.020833
pois	no	0.014881
pois	aínda	0.014881
pois	ao	0.014881
pois	se	0.014881
pois	en	0.014881
pois	foi	0.011905
pois	un	0.011905
pois	unha	0.011905
pois	só	0.011905
pois	son	0.011905
pois	era	0.011905
pois	para	0.008929
pois	é	0.008929
pois	ademais	0.008929
pois	tamén	0.008929
pois	segundo	0.008929
pois	ten	0.008929
pois	el	0.008929
polas	súas	0.283525
polas	que	0.040230
polas	rúas	0.040230
polas	forzas	0.038314
polas	autoridades	0.034483
polas	tropas	0.034483
polas	mulleres	0.019157
polas	células	0.017241
polas	augas	0.013410
polas	diferentes	0.013410
polas	condicións	0.013410
polas	plantas	0.011494
polas	noites	0.011494
polas	persoas	0.011494
polas	dúas	0.009579
polas	normas	0.009579
polas	aves	0.009579
polas	cales	0.009579
polas	aldeas	0.007663
polas	novas	0.007663
polas	empresas	0.007663
polas	grandes	0.007663
polas	principais	0.007663
polas	terras	0.005747
polas	costas	0.005747
polas	mañás	0.005747
polas	mesmas	0.005747
polas	ondas	0.005747
polas	enfermidades	0.005747
polas	accións	0.005747
polas	historias	0.005747
polas	estrelas	0.005747
polas	dificultades	0.005747
polas	cortes	0.005747
policía	de	0.116505
policía	e	0.106796
policía	que	0.067961
policía	en	0.048544
policía	da	0.038835
policía	local	0.038835
policía	o	0.029126
policía	foron	0.029126
polo	que	0.196465
polo	seu	0.104860
polo	menos	0.069514
polo	tanto	0.057437
polo	xeral	0.030928
polo	goberno	0.012666
polo	cal	0.012371
polo	propio	0.009426
polo	de	0.009426
polo	contrario	0.007658
polo	feito	0.007069
polo	sur	0.007069
polo	rei	0.006775
polo	nome	0.006186
polo	mesmo	0.006186
polo	presidente	0.005891
polo	mundo	0.005891
polo	norte	0.005891
polo	río	0.005596
polo	estado	0.005596
polo	título	0.005302
polo	exército	0.005302
polo	consello	0.004713
polo	equipo	0.004713
polo	pobo	0.004418
polo	autor	0.004418
polo	ser	0.004124
polo	concello	0.004124
polo	sistema	0.003829
polo	leste	0.003535
polo	público	0.003535
polo	vento	0.003535
polo	grupo	0.003535
polo	capitán	0.003535
polo	uso	0.003535
polo	distrito	0.003535
polo	momento	0.003240
polo	partido	0.003240
polo	poder	0.003240
polo	camiño	0.003240
ponse	en	0.476190
ponse	de	0.142857
pontes	de	0.351351
pontes	e	0.189189
porque	o	0.124464
porque	a	0.085837
porque	non	0.083691
porque	os	0.068670
porque	se	0.066524
porque	as	0.049356
porque	era	0.023605
porque	é	0.019313
porque	foi	0.019313
porque	son	0.015021
porque	están	0.012876
porque	só	0.010730
porque	en	0.010730
porque	estaba	0.010730
porque	na	0.010730
porque	vai	0.008584
porque	no	0.008584
porque	aínda	0.008584
porque	está	0.008584
porque	ten	0.006438
porque	algúns	0.006438
porque	esta	0.006438
porque	cada	0.006438
porque	unha	0.006438
porque	pode	0.006438
porque	lle	0.006438
porque	hai	0.006438
porque	teñen	0.006438
portas	de	0.188889
portas	da	0.111111
portas	e	0.100000
portas	en	0.088889
portas	das	0.033333
portas	ao	0.033333
portas	do	0.033333
porto	de	0.281609
porto	da	0.074713
porto	rico	0.068966
porto	e	0.068966
porto	do	0.040230
porto	natural	0.034483
porto	que	0.028736
porto	exterior	0.022989
porto	onde	0.022989
porto	alegre	0.017241
porto	comercial	0.017241
porto	para	0.017241
porto	ao	0.017241
porto	principal	0.017241
porto	en	0.017241
posibilidade	de	0.780645
posibilidade	dunha	0.051613
posibilidade	da	0.038710
posibilidade	é	0.019355
posición	de	0.149254
posición	do	0.065672
posición	da	0.062687
posición	na	0.053731
posición	no	0.047761
posición	que	0.032836
posición	dos	0.029851
posición	e	0.026866
posición	das	0.023881
posición	máis	0.023881
posición	por	0.023881
posición	para	0.020896
posición	dun	0.017910
posición	con	0.017910
posición	en	0.014925
posición	central	0.011940
posición	final	0.011940
posición	o	0.011940
posición	social	0.011940
posición	política	0.008955
posición	coñecida	0.008955
posición	orixinal	0.008955
posición	nos	0.008955
posición	como	0.008955
posición	onde	0.008955
posición	nas	0.008955
posición	logo	0.008955
posición	ou	0.008955
posición	dominante	0.008955
postal	de	0.300000
posto	que	0.207792
posto	de	0.158442
posto	na	0.083117
posto	no	0.062338
posto	en	0.057143
posto	da	0.036364
posto	como	0.028571
posto	a	0.025974
posto	do	0.023377
posto	número	0.018182
posto	e	0.018182
posto	nas	0.015584
posto	ao	0.012987
posto	por	0.012987
posto	polo	0.010390
posto	baixo	0.010390
posto	dos	0.007792
posto	con	0.007792
posto	ata	0.007792
posto	nos	0.007792
posto	militar	0.007792
potencia	de	0.136364
potencia	do	0.125000
potencia	e	0.102273
potencia	ao	0.045455
potencia	da	0.045455
potencia	eléctrica	0.034091
potencia	a	0.034091
potencia	dos	0.034091
potencia	que	0.034091
potencias	de	0.200000
pouca	distancia	0.111111
pouca	ou	0.086420
pouca	información	0.061728
pouca	frecuencia	0.049383
pouca	evidencia	0.049383
pouca	capacidade	0.049383
pouca	profundidade	0.037037
pouca	potencia	0.037037
prata	e	0.223881
prata	en	0.074627
prata	nos	0.044776
prata	do	0.044776
prata	que	0.044776
prata	da	0.044776
precisan	unha	0.120000
precisan	de	0.120000
preciso	que	0.128205
preciso	e	0.076923
prefire	as	0.300000
prefire	os	0.200000
premio	de	0.269565
premio	do	0.104348
premio	da	0.052174
premio	ao	0.049275
premio	nacional	0.034783
premio	internacional	0.023188
premio	en	0.023188
premio	é	0.020290
premio	dos	0.020290
premio	a	0.017391
premio	á	0.017391
premio	ó	0.014493
premio	no	0.011594
premio	especial	0.011594
premio	para	0.011594
premio	foi	0.011594
premio	que	0.011594
premio	e	0.011594
premio	co	0.008696
premio	maría	0.008696
prensa	de	0.118280
prensa	e	0.096774
prensa	da	0.043011
prensa	en	0.043011
prensa	local	0.043011
prensa	o	0.032258
prensa	española	0.032258
prensa	que	0.032258
prensa	escrita	0.032258
prensa	no	0.032258
preocupacións	sobre	0.263158
preparados	para	0.384615
preparados	por	0.230769
presenza	de	0.371622
presenza	do	0.084459
presenza	dun	0.070946
presenza	da	0.050676
presenza	humana	0.037162
presenza	no	0.033784
presenza	dos	0.030405
presenza	ou	0.027027
presenza	en	0.027027
presenza	dunha	0.023649
presenza	das	0.023649
presenza	e	0.016892
presenza	nas	0.013514
presión	de	0.132867
presión	sobre	0.083916
presión	do	0.062937
presión	e	0.048951
presión	da	0.041958
presión	a	0.041958
presión	que	0.041958
presión	fiscal	0.034965
presión	dos	0.034965
presión	no	0.027972
presión	ou	0.027972
presión	normal	0.027972
presión	o	0.027972
presión	negativa	0.020979
presión	internacional	0.020979
presión	un	0.020979
presión	popular	0.020979
presión	dun	0.020979
presos	políticos	0.200000
presos	de	0.160000
presos	e	0.120000
previr	a	0.227273
previr	os	0.136364
previr	o	0.136364
principio	de	0.140426
principio	da	0.093617
principio	do	0.068085
principio	o	0.068085
principio	a	0.055319
principio	os	0.034043
principio	non	0.029787
principio	foi	0.025532
principio	como	0.021277
principio	e	0.021277
principio	as	0.021277
principio	activo	0.012766
principio	que	0.012766
principio	para	0.012766
principio	se	0.012766
principio	con	0.012766
principio	pero	0.012766
principio	ou	0.012766
principio	é	0.012766
principios	do	0.308696
principios	de	0.286957
principios	da	0.139130
principios	dos	0.134783
principios	e	0.017391
privilexio	de	0.352941
probablemente	o	0.098684
probablemente	a	0.052632
probablemente	non	0.052632
probablemente	os	0.039474
probablemente	foi	0.039474
probablemente	tamén	0.032895
probablemente	se	0.032895
probablemente	un	0.026316
probablemente	polo	0.026316
probablemente	debido	0.026316
probablemente	por	0.019737
probablemente	de	0.019737
probablemente	en	0.019737
problemas	de	0.296053
problemas	que	0.095395
problemas	co	0.055921
problemas	na	0.046053
problemas	para	0.036184
problemas	da	0.036184
problemas	coa	0.032895
problemas	no	0.023026
problemas	e	0.019737
problemas	cos	0.016447
problemas	sociais	0.016447
problemas	das	0.013158
problemas	técnicos	0.013158
problemas	á	0.013158
problemas	persoais	0.013158
problemas	do	0.013158
problemas	con	0.013158
problemas	dentro	0.009868
problemas	a	0.009868
problemas	dos	0.009868
problemas	como	0.009868
problemas	durante	0.009868
problemas	nas	0.009868
procesos	de	0.377778
procesos	que	0.133333
procesos	poden	0.055556
procesos	son	0.055556
procesos	e	0.033333
procesos	non	0.033333
produtor	e	0.148936
produtor	de	0.085106
produtor	do	0.063830
produtor	musical	0.063830
profesión	de	0.162162
profesión	e	0.135135
profesión	que	0.081081
profesor	de	0.413174
profesor	na	0.101796
profesor	no	0.077844
profesor	da	0.077844
profesor	do	0.029940
profesor	en	0.023952
profesor	asistente	0.017964
profesor	e	0.017964
profesores	de	0.242424
profesores	e	0.181818
profunda	que	0.075000
profunda	e	0.075000
programa	de	0.417431
programa	da	0.045872
programa	e	0.027523
programa	foi	0.018349
programa	a	0.018349
programa	do	0.018349
programa	o	0.013761
programa	especial	0.013761
programa	infantil	0.013761
programa	internacional	0.013761
progreso	do	0.129032
propios	da	0.070000
propios	do	0.040000
propios	intereses	0.030000
propios	e	0.030000
proposta	de	0.258427
proposta	por	0.101124
proposta	polo	0.067416
proposta	da	0.067416
proposta	do	0.067416
proposta	que	0.056180
proposta	para	0.033708
protección	contra	0.122642
protección	de	0.122642
protección	do	0.094340
protección	para	0.056604
protección	dos	0.056604
protección	da	0.056604
protección	das	0.056604
protección	que	0.047170
protección	e	0.047170
protección	legal	0.028302
protección	ao	0.028302
protector	da	0.157895
protexe	a	0.153846
protexe	os	0.115385
protexe	o	0.115385
protexido	por	0.300000
protexido	de	0.133333
provincia	de	0.502347
provincia	do	0.051643
provincia	da	0.046948
provincia	está	0.037559
provincia	e	0.018779
provincia	en	0.018779
provincia	é	0.014085
provincia	son	0.014085
provincia	a	0.014085
prácticas	de	0.204545
prácticas	sexuais	0.090909
prácticas	e	0.068182
prácticas	do	0.068182
publicidade	e	0.270270
publicidade	de	0.135135
publicidade	do	0.108108
puideron	ser	0.253521
puideron	ter	0.070423
puideron	facer	0.042254
puideron	continuar	0.042254
puntos	de	0.242171
puntos	e	0.158664
puntos	por	0.089770
puntos	do	0.062630
puntos	en	0.035491
puntos	no	0.025052
puntos	para	0.018789
puntos	que	0.018789
puntos	na	0.016701
puntos	sobre	0.014614
puntos	fortes	0.014614
puntos	da	0.012526
puntos	máis	0.012526
puntos	ou	0.012526
puntos	vermellos	0.010438
puntos	nos	0.010438
puntos	con	0.008351
puntos	nunha	0.008351
puntos	pero	0.006263
puntos	dos	0.006263
puntos	cada	0.006263
puntos	o	0.006263
puntos	non	0.006263
puntos	a	0.006263
puntos	contra	0.006263
puntos	ao	0.006263
pálida	e	0.461538
público	e	0.119522
público	que	0.063745
público	de	0.051793
público	en	0.047809
público	o	0.035857
público	como	0.031873
público	da	0.027888
público	para	0.027888
público	entre	0.023904
público	máis	0.019920
público	a	0.019920
público	infantil	0.019920
público	na	0.015936
público	sobre	0.015936
público	por	0.015936
público	do	0.015936
público	ao	0.015936
público	xeral	0.011952
público	foi	0.011952
público	pola	0.011952
público	co	0.011952
público	con	0.011952
público	durante	0.011952
público	popular	0.011952
queixo	de	0.187500
quenda	de	0.541667
quentes	e	0.571429
quilómetros	de	0.267516
quilómetros	ao	0.127389
quilómetros	da	0.082803
quilómetros	do	0.076433
quilómetros	para	0.044586
quilómetros	por	0.044586
quilómetros	e	0.038217
quilómetros	cunha	0.025478
quilómetros	en	0.025478
quilómetros	a	0.025478
quilómetros	que	0.019108
quilómetros	son	0.019108
quitar	a	0.375000
radiación	solar	0.102564
radiación	de	0.102564
radiación	e	0.076923
radical	e	0.162791
radical	de	0.093023
radical	do	0.069767
radio	de	0.128440
radio	e	0.119266
radio	nacional	0.045872
radio	das	0.036697
radio	da	0.036697
radio	en	0.036697
radio	a	0.027523
raio	de	0.368421
rapidamente	e	0.113095
rapidamente	a	0.101190
rapidamente	o	0.059524
rapidamente	ao	0.047619
rapidamente	en	0.041667
rapidamente	os	0.035714
rapidamente	se	0.035714
rapidamente	á	0.029762
rapidamente	no	0.029762
rapidamente	as	0.029762
rapidamente	que	0.023810
rapidamente	na	0.023810
rapidamente	cando	0.017857
rapidamente	cara	0.017857
rara	vez	0.305556
rara	a	0.083333
rara	e	0.083333
raras	ocasións	0.238095
raras	veces	0.190476
ratos	que	0.200000
ratos	e	0.100000
ratos	con	0.075000
razóns	de	0.176471
razóns	para	0.117647
razóns	polas	0.102941
razóns	políticas	0.073529
razóns	que	0.058824
razóns	da	0.044118
razóns	do	0.044118
reactor	de	0.312500
realidade	é	0.087912
realidade	o	0.071429
realidade	non	0.071429
realidade	a	0.071429
realidade	e	0.054945
realidade	unha	0.043956
realidade	do	0.032967
realidade	de	0.027473
realidade	un	0.027473
realidade	só	0.021978
realidade	que	0.021978
realidade	da	0.016484
realidade	as	0.016484
realidade	este	0.016484
realidade	se	0.016484
realizar	unha	0.164894
realizar	un	0.117021
realizar	o	0.090426
realizar	a	0.063830
realizar	as	0.042553
realizar	os	0.031915
realizar	máis	0.015957
realizar	experimentos	0.015957
realizar	traballo	0.015957
realizar	en	0.015957
realizar	probas	0.015957
realizar	este	0.015957
realizar	esta	0.015957
rebelde	e	0.230769
recibe	o	0.410891
recibe	a	0.103960
recibe	un	0.054455
recibe	unha	0.039604
recibe	os	0.034653
recibe	as	0.034653
recibe	este	0.024752
recibe	en	0.019802
recibe	ao	0.019802
recibiu	o	0.298201
recibiu	a	0.141388
recibiu	unha	0.120823
recibiu	un	0.069409
recibiu	boas	0.017995
recibiu	clases	0.017995
recibiu	varios	0.017995
recibiu	os	0.015424
recibiu	numerosos	0.015424
recibiu	en	0.012853
recibiu	as	0.012853
recibiu	tamén	0.012853
recibiu	ao	0.010283
recibiu	moitas	0.010283
recibiu	dos	0.007712
recibiu	moi	0.007712
recibiu	ningunha	0.007712
reciclaxe	de	0.333333
reciclaxe	do	0.250000
reclamar	o	0.500000
reclamar	a	0.250000
recoñece	a	0.173913
recoñece	o	0.173913
recoñece	como	0.108696
recoñece	que	0.108696
recoñece	os	0.065217
recoñece	un	0.065217
recoñecemento	de	0.111111
recoñecemento	do	0.103175
recoñecemento	ao	0.055556
recoñecemento	internacional	0.047619
recoñecemento	da	0.047619
recoñecemento	como	0.047619
recoñecemento	e	0.039683
recoñecemento	dos	0.031746
recoñecemento	a	0.031746
recoñecemento	que	0.023810
recoñecemento	á	0.023810
recoñecemento	nacional	0.023810
recuperación	da	0.324324
recuperación	de	0.148649
recuperación	do	0.067568
recuperación	dos	0.040541
recuperar	o	0.351351
recuperar	a	0.162162
recuperar	os	0.081081
recuperar	un	0.054054
recuperar	as	0.040541
refire	a	0.347826
refire	ao	0.130435
refire	á	0.108696
refire	como	0.065217
relación	con	0.125000
relación	coa	0.098958
relación	entre	0.093750
relación	co	0.085938
relación	de	0.080729
relación	á	0.044271
relación	a	0.039062
relación	cos	0.036458
relación	ao	0.031250
relación	que	0.023438
relación	aos	0.020833
relación	da	0.018229
relación	ó	0.015625
relación	non	0.015625
relación	coas	0.015625
relación	dos	0.013021
relación	máis	0.010417
relación	é	0.010417
relación	do	0.007812
relación	directa	0.007812
relación	moi	0.007812
relación	as	0.007812
relación	en	0.007812
relación	ningunha	0.007812
rendición	de	0.222222
representación	da	0.165217
representación	de	0.165217
representación	do	0.130435
representación	dos	0.052174
representación	das	0.052174
representación	dunha	0.052174
representación	dun	0.034783
representación	e	0.026087
representación	artística	0.026087
representar	a	0.287671
representar	o	0.136986
representar	ao	0.054795
representar	os	0.041096
require	a	0.100000
require	unha	0.100000
require	que	0.100000
require	un	0.062500
require	para	0.037500
require	o	0.037500
require	menos	0.037500
reside	na	0.250000
reside	en	0.250000
reside	no	0.178571
reside	o	0.107143
residente	en	0.333333
responde	ao	0.230769
responde	a	0.192308
restos	de	0.252294
restos	do	0.146789
restos	dun	0.068807
restos	da	0.068807
restos	dunha	0.041284
restos	que	0.036697
restos	dos	0.036697
restos	foron	0.036697
restos	no	0.022936
restos	están	0.022936
restos	das	0.022936
restos	e	0.018349
restos	en	0.018349
restos	máis	0.018349
restos	non	0.013761
restos	humanos	0.013761
restos	son	0.013761
resultados	das	0.104046
resultados	de	0.098266
resultados	da	0.092486
resultados	foron	0.069364
resultados	do	0.057803
resultados	non	0.034682
resultados	e	0.034682
resultados	dos	0.028902
resultados	que	0.028902
resultados	nas	0.028902
resultados	na	0.028902
resultados	en	0.023121
resultados	máis	0.017341
resultados	os	0.017341
resultados	a	0.017341
resultados	eran	0.017341
reunión	de	0.128571
reunión	da	0.114286
reunión	do	0.100000
reunión	e	0.071429
reunión	dos	0.071429
reunión	con	0.042857
reunión	anual	0.042857
revistas	e	0.333333
revistas	como	0.142857
revistas	de	0.119048
revolucionaria	e	0.130435
revolucionarios	de	0.214286
revolucionarios	que	0.214286
rexeitamento	á	0.148148
rexeitamento	dos	0.148148
rexeitar	a	0.250000
rico	en	0.263158
rico	e	0.131579
ritual	de	0.214286
rock	and	0.126582
rock	e	0.075949
rock	de	0.063291
rock	con	0.050633
rock	que	0.050633
rock	galego	0.037975
rolda	de	0.271429
rolda	os	0.100000
rolda	do	0.085714
rolda	da	0.057143
rolda	final	0.057143
roma	e	0.176471
roma	en	0.049020
roma	foi	0.049020
roma	o	0.039216
roma	na	0.029412
roma	que	0.029412
roma	para	0.029412
roma	antiga	0.029412
romano	e	0.102564
romano	de	0.089744
romano	a	0.089744
romano	que	0.038462
romano	foi	0.038462
romano	como	0.038462
romano	é	0.038462
rosas	que	0.300000
rusa	e	0.155556
rusa	de	0.155556
rusa	das	0.088889
rusa	o	0.066667
ruína	e	0.230769
sabedoría	popular	0.230769
sabedoría	e	0.230769
saca	o	0.400000
saca	a	0.400000
sacerdote	ou	0.111111
sacerdote	e	0.111111
sacos	de	0.300000
salón	da	0.360000
salón	de	0.300000
salón	do	0.120000
salón	principal	0.060000
saídas	da	0.210526
saídas	do	0.210526
saíu	do	0.125000
saíu	á	0.116071
saíu	da	0.080357
saíu	en	0.071429
saíu	ao	0.071429
saíu	a	0.062500
saíu	o	0.044643
saíu	de	0.035714
saíu	elixido	0.035714
saíu	para	0.026786
saíu	adiante	0.026786
saíu	un	0.026786
saíu	por	0.026786
sebastián	de	0.300000
seca	e	0.275000
seca	de	0.100000
seco	e	0.326923
seco	é	0.057692
seco	durante	0.057692
secreto	e	0.157895
secreto	o	0.157895
sector	de	0.132743
sector	da	0.106195
sector	industrial	0.079646
sector	dos	0.053097
sector	servizos	0.044248
sector	do	0.044248
sector	iii	0.035398
sector	e	0.035398
sector	privado	0.035398
sector	occidental	0.026549
sector	inmobiliario	0.026549
sector	en	0.026549
sector	das	0.026549
sector	máis	0.026549
sector	emprega	0.026549
seguen	a	0.195122
seguen	o	0.134146
seguen	sendo	0.097561
seguen	un	0.085366
seguen	as	0.073171
seguen	unha	0.060976
seguen	en	0.060976
seguen	os	0.048780
seguen	sen	0.036585
seguir	a	0.184397
seguir	o	0.099291
seguir	unha	0.070922
seguir	os	0.056738
seguir	adiante	0.042553
seguir	as	0.042553
seguir	para	0.028369
seguir	no	0.028369
seguir	e	0.021277
seguir	foi	0.021277
seguir	un	0.021277
seguir	sendo	0.021277
seguir	de	0.021277
seguir	con	0.021277
seguiron	a	0.222222
seguiron	en	0.066667
seguiron	sendo	0.066667
seguiron	o	0.066667
seguiu	a	0.273585
seguiu	o	0.132075
seguiu	sendo	0.084906
seguiu	unha	0.075472
seguiu	traballando	0.047170
seguiu	os	0.037736
seguiu	en	0.028302
seguiu	á	0.028302
segundo	o	0.160397
segundo	a	0.158268
segundo	as	0.063165
segundo	os	0.051810
segundo	lugar	0.036906
segundo	e	0.019872
segundo	se	0.016324
segundo	posto	0.015614
segundo	fillo	0.014194
segundo	el	0.014194
segundo	unha	0.013485
segundo	ano	0.012775
segundo	datos	0.010646
segundo	algúns	0.010646
segundo	un	0.009936
segundo	no	0.009226
segundo	este	0.008517
segundo	partido	0.007807
segundo	esta	0.007807
segundo	matrimonio	0.007807
segundo	algunhas	0.007807
segundo	disco	0.006388
segundo	equipo	0.006388
segundo	sinxelo	0.006388
segundo	na	0.006388
segundo	en	0.005678
segundo	grupo	0.004258
segundo	dos	0.004258
segundo	intento	0.004258
segundo	que	0.004258
segundo	mellor	0.004258
segundo	sexa	0.003549
segundo	de	0.003549
segundo	mandato	0.003549
segundo	por	0.002839
segundo	congreso	0.002839
segundo	antonio	0.002839
segundo	domingo	0.002839
segundo	máximo	0.002839
segundo	máis	0.002839
semella	que	0.377778
semella	ter	0.133333
semella	ser	0.111111
semella	estar	0.088889
semella	a	0.066667
semente	de	0.200000
sementes	e	0.094340
sementes	de	0.094340
sementes	en	0.056604
sementes	son	0.056604
sempre	que	0.083151
sempre	se	0.074398
sempre	o	0.059081
sempre	a	0.050328
sempre	foi	0.028446
sempre	é	0.028446
sempre	un	0.026258
sempre	unha	0.026258
sempre	con	0.024070
sempre	na	0.024070
sempre	en	0.021882
sempre	e	0.017505
sempre	está	0.015317
sempre	no	0.013129
sempre	por	0.013129
sempre	os	0.013129
sempre	estivo	0.013129
sempre	tivo	0.013129
sempre	de	0.010941
sempre	como	0.010941
sempre	ao	0.010941
sempre	presente	0.008753
sempre	son	0.008753
sempre	hai	0.008753
sempre	as	0.008753
sempre	foron	0.006565
sempre	coa	0.006565
sempre	da	0.006565
sempre	preto	0.006565
sempre	fora	0.006565
sendo	o	0.201863
sendo	a	0.155280
sendo	un	0.072981
sendo	unha	0.038820
sendo	moi	0.024845
sendo	os	0.021739
sendo	as	0.017081
sendo	esta	0.015528
sendo	máis	0.015528
sendo	aínda	0.010870
sendo	así	0.009317
sendo	elixido	0.009317
sendo	considerado	0.009317
sendo	este	0.007764
sendo	de	0.007764
sendo	en	0.007764
sendo	membro	0.007764
sendo	cada	0.006211
sendo	nomeado	0.006211
sendo	tamén	0.006211
sendo	por	0.006211
sendo	que	0.006211
sendo	capaces	0.004658
sendo	posible	0.004658
sendo	mozo	0.004658
sendo	abandonado	0.004658
sendo	xa	0.004658
sendo	coñecida	0.004658
sendo	estes	0.004658
sendo	sempre	0.004658
senso	da	0.200000
senso	de	0.200000
sentido	de	0.111111
sentido	do	0.090909
sentido	contrario	0.060606
sentido	da	0.055556
sentido	a	0.040404
sentido	que	0.035354
sentido	das	0.030303
sentido	xeral	0.030303
sentido	o	0.025253
sentido	máis	0.025253
sentido	e	0.020202
sentido	positivo	0.020202
sentido	é	0.020202
sentido	negativo	0.020202
sentido	unha	0.015152
sentido	común	0.015152
sentido	non	0.015152
sentido	moderno	0.015152
sentido	dos	0.015152
sentimento	de	0.545455
sentir	que	0.227273
sentir	a	0.181818
sentía	que	0.275862
sentía	como	0.137931
seren	máis	0.166667
seren	os	0.071429
seriamente	a	0.222222
servir	como	0.281690
servir	para	0.169014
servir	de	0.140845
servir	a	0.070423
servir	no	0.056338
servizos	de	0.302632
servizos	a	0.065789
servizos	e	0.065789
servizos	sociais	0.059211
servizos	da	0.052632
servizos	como	0.046053
servizos	públicos	0.046053
servizos	que	0.026316
servizos	en	0.026316
servizos	médicos	0.019737
será	o	0.207692
será	a	0.115385
será	unha	0.061538
será	máis	0.053846
será	un	0.030769
será	necesario	0.023077
será	finalmente	0.023077
será	en	0.023077
sesión	de	0.422535
sesión	do	0.070423
sesión	da	0.070423
sesión	foi	0.042254
setembro	de	0.757812
setembro	do	0.036458
setembro	e	0.031250
setembro	dese	0.026042
setembro	a	0.018229
setembro	o	0.010417
setembro	en	0.007812
setembro	na	0.007812
setembro	foi	0.007812
sexa	a	0.107692
sexa	o	0.089231
sexa	un	0.070769
sexa	máis	0.049231
sexa	unha	0.046154
sexa	posible	0.030769
sexa	por	0.021538
sexa	cal	0.021538
sexa	moi	0.021538
sexa	en	0.021538
sexa	de	0.018462
sexa	que	0.015385
sexa	efectivo	0.012308
sexa	necesario	0.012308
sexa	menos	0.009231
sexa	posíbel	0.009231
sexa	esta	0.009231
sexa	para	0.009231
sexuais	con	0.170732
sexuais	e	0.146341
sexual	entre	0.067568
sexual	ou	0.067568
sexual	é	0.054054
sexual	que	0.054054
sexual	na	0.040541
sexual	pode	0.040541
sexual	a	0.040541
sexual	en	0.040541
sexual	e	0.040541
significaba	que	0.434783
sinal	de	0.358025
sinal	que	0.049383
sinal	do	0.049383
sinal	da	0.037037
sinal	para	0.037037
sinal	é	0.037037
sitios	de	0.493151
sitios	e	0.054795
sitios	onde	0.054795
sitios	que	0.041096
soar	as	0.214286
sobriño	de	0.172414
sobriño	do	0.172414
sobriño	que	0.137931
sociedade	de	0.147783
sociedade	e	0.064039
sociedade	española	0.039409
sociedade	da	0.034483
sociedade	moderna	0.029557
sociedade	para	0.029557
sociedade	a	0.029557
sociedade	do	0.029557
sociedade	civil	0.024631
sociedade	sen	0.019704
sociedade	en	0.019704
sociedade	económica	0.014778
sociedade	rusa	0.014778
sociedade	agraria	0.014778
sociedade	americana	0.014778
sociedade	estadounidense	0.014778
sociedade	occidental	0.014778
sociedade	actual	0.014778
sociedade	cultural	0.014778
solitario	de	0.100000
solitario	e	0.100000
solitario	en	0.080000
solitario	que	0.060000
solo	e	0.140000
solo	en	0.080000
solo	do	0.060000
solucionar	os	0.300000
solucionar	a	0.250000
solucionar	o	0.200000
solución	de	0.137500
solución	a	0.075000
solución	da	0.062500
solución	para	0.050000
solución	é	0.050000
solución	en	0.037500
solución	do	0.037500
solución	ao	0.037500
solución	permanente	0.037500
solución	ou	0.037500
soster	o	0.200000
soster	unha	0.150000
sostén	que	0.655172
sucesión	de	0.528302
sucesión	ao	0.056604
sucesión	do	0.056604
sufriu	unha	0.323944
sufriu	un	0.197183
sufriu	a	0.063380
sufriu	o	0.056338
sufriu	problemas	0.021127
sufriu	varias	0.021127
sufriu	grandes	0.021127
sufriu	varios	0.021127
sufriu	graves	0.021127
suicidio	de	0.157895
sumidoiros	e	0.333333
superficie	de	0.263636
superficie	e	0.100000
superficie	da	0.093182
superficie	total	0.070455
superficie	do	0.059091
superficie	é	0.040909
superficie	que	0.020455
superficie	dos	0.020455
superficie	das	0.018182
superficie	o	0.015909
superficie	ou	0.015909
superficie	por	0.011364
superficie	para	0.011364
superficie	unha	0.011364
superficie	non	0.009091
superficie	está	0.009091
superficie	dunha	0.009091
superficie	duns	0.006818
superficie	pero	0.006818
superficie	interna	0.006818
superficie	superior	0.006818
superficie	os	0.006818
superficie	dura	0.006818
supostamente	o	0.166667
século	xix	0.538690
século	xi	0.047619
século	vi	0.035714
século	ii	0.035714
século	v	0.032738
século	iv	0.029762
século	i	0.026786
século	iii	0.026786
século	e	0.026786
século	x	0.023810
século	a	0.023810
século	despois	0.014881
século	de	0.014881
século	pasado	0.011905
século	da	0.008929
século	máis	0.008929
síntomas	de	0.160000
síntomas	da	0.160000
síntomas	do	0.080000
síntomas	e	0.066667
síntomas	poden	0.066667
síntomas	son	0.053333
síntomas	non	0.040000
síntomas	que	0.040000
só	se	0.104839
só	un	0.052688
só	a	0.045699
só	unha	0.039785
só	o	0.036559
só	os	0.022043
só	é	0.020430
só	en	0.018817
só	as	0.017204
só	para	0.016129
só	uns	0.016129
só	por	0.015591
só	dous	0.015054
só	pode	0.013441
só	no	0.012903
só	tres	0.011828
só	ten	0.011290
só	poden	0.010215
só	de	0.010215
só	cando	0.010215
só	dúas	0.009140
só	hai	0.008602
só	unhas	0.008065
só	foi	0.006989
só	foron	0.006989
só	anos	0.006989
só	na	0.006452
só	puido	0.006452
só	como	0.006452
só	era	0.005914
só	lle	0.005914
só	seis	0.005914
só	ao	0.005376
só	teñen	0.005376
só	non	0.005376
só	son	0.005376
só	nos	0.005376
só	había	0.004839
só	está	0.004839
só	tiña	0.004839
t	e	0.098901
t	de	0.087912
t	a	0.076923
t	é	0.043956
t	para	0.032967
t	pero	0.032967
t	s	0.032967
taller	de	0.400000
taller	que	0.120000
talvez	porque	0.121212
talvez	a	0.121212
talvez	o	0.090909
tampouco	se	0.074074
tampouco	a	0.064815
tampouco	é	0.046296
tampouco	o	0.046296
tampouco	poden	0.037037
tampouco	son	0.037037
tampouco	foi	0.027778
tamén	se	0.138447
tamén	é	0.047455
tamén	a	0.046994
tamén	foi	0.041465
tamén	o	0.040544
tamén	un	0.024649
tamén	en	0.023267
tamén	hai	0.019120
tamén	unha	0.017968
tamén	pode	0.016586
tamén	ten	0.016125
tamén	como	0.014743
tamén	son	0.014513
tamén	poden	0.011979
tamén	os	0.011748
tamén	para	0.011748
tamén	as	0.011288
tamén	coñecido	0.010366
tamén	na	0.010136
tamén	no	0.009445
tamén	está	0.009445
tamén	de	0.009214
tamén	por	0.008754
tamén	que	0.008754
tamén	foron	0.008293
tamén	con	0.007372
tamén	chamado	0.007372
tamén	escribiu	0.007141
tamén	tivo	0.006450
tamén	chamada	0.006450
tamén	coñecida	0.006220
tamén	existen	0.005989
tamén	era	0.005759
tamén	existe	0.005298
tamén	están	0.005068
tamén	aparece	0.004838
tamén	do	0.004607
tamén	gañou	0.004147
tamén	ao	0.003916
tamén	conta	0.003455
tantos	anos	0.166667
tarefa	de	0.340426
tarefa	da	0.085106
tarefa	que	0.063830
tarxeta	de	0.538462
teito	da	0.190476
teito	do	0.142857
teito	de	0.142857
televisión	e	0.187097
televisión	de	0.051613
televisión	en	0.045161
televisión	como	0.038710
televisión	para	0.038710
televisión	con	0.032258
televisión	que	0.025806
televisión	da	0.025806
televisión	na	0.025806
televisión	é	0.019355
televisión	foi	0.019355
televisión	a	0.019355
televisión	o	0.019355
televisión	estadounidense	0.019355
tema	de	0.087963
tema	da	0.078704
tema	do	0.074074
tema	que	0.064815
tema	principal	0.060185
tema	e	0.037037
tema	a	0.037037
tema	en	0.032407
tema	das	0.023148
tema	é	0.018519
tema	o	0.018519
tema	orixinal	0.018519
tema	moi	0.013889
tema	central	0.013889
tema	foi	0.013889
tema	non	0.013889
tema	dunha	0.013889
tema	favorito	0.013889
tema	acadou	0.013889
tempada	de	0.143984
tempada	o	0.082840
tempada	na	0.049310
tempada	e	0.049310
tempada	en	0.041420
tempada	regular	0.039448
tempada	foi	0.035503
tempada	seguinte	0.031558
tempada	con	0.023669
tempada	da	0.023669
tempada	a	0.023669
tempada	que	0.021696
tempada	no	0.021696
tempada	como	0.019724
tempada	do	0.019724
tempada	coma	0.017751
tempada	cun	0.017751
tempada	anterior	0.013807
tempada	os	0.013807
tempada	para	0.013807
tempada	completa	0.009862
tempada	cando	0.009862
tempada	cunha	0.007890
tempada	pero	0.007890
tempada	dende	0.005917
tempada	sendo	0.005917
tempada	aínda	0.005917
tempada	co	0.005917
tempada	consegue	0.005917
tempada	volveu	0.005917
tempada	acadou	0.005917
tempada	polo	0.005917
tempada	durante	0.005917
temporal	de	0.151515
temporal	da	0.075758
temporal	ou	0.075758
temporal	e	0.060606
temporal	para	0.045455
temporal	do	0.045455
temporal	que	0.045455
tendencia	a	0.350649
tendencia	á	0.090909
tendencia	de	0.077922
tendencia	da	0.077922
tendencia	que	0.038961
tendencia	xeral	0.038961
teoría	da	0.194444
teoría	de	0.166667
teoría	do	0.078704
teoría	que	0.055556
teoría	das	0.037037
teoría	máis	0.027778
teoría	os	0.023148
teoría	e	0.023148
teoría	sobre	0.023148
teoría	dos	0.018519
teoría	é	0.018519
teoría	a	0.018519
teoría	alternativa	0.013889
teoría	musical	0.013889
terceira	posición	0.065116
terceira	división	0.065116
terceira	vez	0.055814
terceira	parte	0.051163
terceira	tempada	0.041860
terceira	e	0.041860
terceira	persoa	0.037209
terceira	edición	0.032558
terceira	xeración	0.027907
terceira	esposa	0.023256
terceira	fase	0.023256
terceira	con	0.018605
terceira	praza	0.018605
terceira	muller	0.018605
terceira	viaxe	0.013953
terceira	forza	0.013953
terceira	volta	0.013953
terceira	cidade	0.013953
terceira	filla	0.013953
terminar	a	0.354167
terminar	en	0.104167
terminar	o	0.104167
terminar	co	0.062500
termo	municipal	0.134921
termo	de	0.055556
termo	é	0.031746
termo	foi	0.027778
termo	que	0.027778
termo	non	0.023810
termo	da	0.023810
termo	máis	0.023810
termo	o	0.019841
termo	para	0.019841
termo	medio	0.015873
termo	tamén	0.015873
termo	inglés	0.015873
termo	usado	0.011905
termo	anterior	0.011905
termo	á	0.011905
termo	do	0.011905
termo	en	0.011905
termo	deriva	0.011905
termo	fai	0.011905
termo	pode	0.011905
territorio	de	0.115672
territorio	do	0.085821
territorio	da	0.059701
territorio	que	0.048507
territorio	galego	0.033582
territorio	e	0.033582
territorio	está	0.029851
territorio	é	0.022388
territorio	nacional	0.022388
territorio	a	0.022388
territorio	español	0.022388
territorio	baixo	0.018657
territorio	no	0.014925
territorio	das	0.014925
territorio	o	0.014925
territorio	ou	0.014925
territorio	en	0.014925
territorio	francés	0.011194
testemuñas	de	0.240000
testemuño	do	0.227273
testemuño	de	0.227273
testemuño	da	0.181818
teña	que	0.160000
teña	un	0.120000
teña	o	0.093333
teña	a	0.093333
teña	unha	0.093333
teña	sido	0.040000
tipo	de	0.707937
tipo	a	0.014286
tipo	e	0.014286
tipo	ii	0.014286
tipo	son	0.009524
tipo	é	0.009524
tipo	i	0.007937
tipo	que	0.007937
tipo	para	0.007937
tipo	máis	0.007937
tipo	o	0.007937
tipo	c	0.007937
tipo	especial	0.006349
tipo	b	0.006349
tipo	específico	0.004762
tipo	do	0.004762
tipo	particular	0.004762
tipo	salvaxe	0.004762
tivo	que	0.196657
tivo	un	0.145526
tivo	unha	0.113078
tivo	lugar	0.082596
tivo	o	0.040315
tivo	a	0.033432
tivo	éxito	0.023599
tivo	tres	0.022616
tivo	dous	0.022616
tivo	como	0.019666
tivo	fillos	0.011799
tivo	problemas	0.011799
tivo	moito	0.009833
tivo	dúas	0.009833
tivo	varios	0.008850
tivo	moi	0.007866
tivo	tamén	0.006883
tivo	máis	0.006883
tivo	moitos	0.006883
tivo	catro	0.006883
tivo	cinco	0.005900
tivo	pouco	0.004916
tivo	varias	0.004916
tivo	boa	0.004916
tivo	en	0.004916
tivo	dificultades	0.003933
tivo	moita	0.003933
tivo	por	0.003933
tivo	oito	0.003933
tivo	os	0.003933
tivo	sempre	0.003933
tivo	na	0.002950
tivo	moitas	0.002950
tivo	seis	0.002950
tivo	certo	0.002950
tivo	outros	0.002950
tivo	durante	0.002950
tivo	boas	0.002950
tivo	tempo	0.002950
tivo	ao	0.002950
to	the	0.517241
to	a	0.103448
toca	o	0.166667
toca	a	0.125000
todo	o	0.385100
todo	a	0.066107
todo	os	0.031480
todo	tipo	0.024659
todo	isto	0.021511
todo	un	0.020986
todo	en	0.019937
todo	na	0.018888
todo	non	0.016789
todo	no	0.015215
todo	é	0.013116
todo	iso	0.012592
todo	as	0.011542
todo	se	0.009969
todo	este	0.008919
todo	nos	0.008395
todo	para	0.007870
todo	caso	0.007870
todo	e	0.007345
todo	de	0.006821
todo	unha	0.006821
todo	ao	0.006296
todo	nas	0.005771
todo	aínda	0.005771
todo	foi	0.005771
todo	era	0.005247
todo	por	0.005247
todo	cando	0.004722
todo	como	0.004722
todo	momento	0.004197
todo	pola	0.004197
todo	só	0.004197
todo	el	0.003673
todo	debido	0.003673
todo	ese	0.003673
todo	hai	0.003148
todo	parece	0.003148
todo	aquel	0.002623
todo	da	0.002623
todo	coa	0.002623
toque	de	0.333333
toque	o	0.200000
tormenta	de	0.210526
torres	de	0.226415
torres	da	0.094340
torres	e	0.094340
traballa	como	0.246154
traballa	en	0.107692
traballa	de	0.092308
traballa	na	0.076923
traballa	para	0.076923
traballa	no	0.046154
traballa	coma	0.046154
traballadores	de	0.125000
traballadores	e	0.102273
traballadores	da	0.079545
traballadores	que	0.056818
traballadores	do	0.056818
traballadores	para	0.034091
traballar	como	0.142180
traballar	en	0.113744
traballar	no	0.104265
traballar	con	0.085308
traballar	na	0.085308
traballar	para	0.061611
traballar	nunha	0.061611
traballar	de	0.037915
traballar	a	0.028436
traballar	e	0.023697
traballar	co	0.023697
traballar	ao	0.023697
traballar	nas	0.023697
traballos	de	0.275676
traballos	sobre	0.075676
traballos	que	0.054054
traballos	máis	0.048649
traballos	forzados	0.037838
traballos	en	0.032432
traballos	e	0.032432
traballos	con	0.021622
traballos	do	0.021622
traballos	no	0.021622
traballos	anteriores	0.016216
traballos	para	0.016216
traizón	e	0.259259
transformación	de	0.180000
transformación	da	0.180000
transformación	do	0.100000
transformación	e	0.080000
transformación	das	0.060000
transmisión	de	0.250000
transmisión	do	0.111111
transmisión	e	0.083333
transmisión	da	0.069444
transmisión	en	0.041667
transmisión	por	0.041667
trataba	de	0.343750
trataba	dunha	0.156250
trataba	dun	0.156250
tratamento	da	0.147651
tratamento	de	0.127517
tratamento	do	0.067114
tratamento	das	0.060403
tratamento	para	0.053691
tratamento	con	0.046980
tratamento	en	0.040268
tratamento	médico	0.040268
tratamento	que	0.040268
tratamento	como	0.020134
tratamento	dos	0.020134
tratamento	e	0.020134
tratou	de	0.816327
través	da	0.258359
través	do	0.212766
través	de	0.211246
través	das	0.071429
través	dos	0.069909
través	dunha	0.057751
través	dun	0.051672
través	deste	0.010638
través	dela	0.007599
través	destas	0.006079
través	duns	0.004559
través	desta	0.004559
tribo	dos	0.200000
tribo	de	0.150000
triunfo	da	0.257143
triunfo	do	0.171429
triunfo	de	0.085714
turistas	que	0.219512
turistas	e	0.170732
turistas	durante	0.073171
tv	e	0.166667
técnicas	de	0.441441
técnicas	e	0.117117
técnicas	para	0.072072
técnicas	que	0.054054
técnicas	máis	0.027027
título	de	0.440098
título	da	0.056235
título	do	0.029340
título	en	0.029340
título	que	0.026895
título	a	0.024450
título	ao	0.022005
título	orixinal	0.019560
título	dunha	0.014670
título	e	0.012225
título	mundial	0.012225
título	é	0.012225
título	na	0.009780
título	foi	0.009780
título	o	0.007335
título	el	0.007335
título	completo	0.007335
título	estatal	0.007335
título	para	0.007335
título	con	0.007335
título	dos	0.007335
tódalas	súas	0.126582
tódalas	forzas	0.050633
tódalas	cousas	0.050633
tódalas	linguas	0.050633
tódalas	provincias	0.037975
tódalas	persoas	0.037975
tódalas	direccións	0.037975
ultimamente	a	0.300000
un	dos	0.078711
un	novo	0.020294
un	gran	0.017350
un	grupo	0.014883
un	sistema	0.013689
un	ano	0.013530
un	total	0.012575
un	papel	0.011460
un	conxunto	0.009869
un	pequeno	0.009550
un	tempo	0.009152
un	período	0.008754
un	home	0.008118
un	punto	0.008118
un	importante	0.007799
un	pouco	0.007720
un	proceso	0.007163
un	lugar	0.007163
un	estudo	0.006526
un	bo	0.006287
un	fillo	0.006287
un	número	0.006208
un	de	0.005969
un	día	0.005889
un	éxito	0.005810
un	grande	0.005651
un	cambio	0.005412
un	só	0.005332
un	exemplo	0.005173
un	acordo	0.005173
un	problema	0.004855
un	libro	0.004855
un	deles	0.004775
un	estado	0.004696
un	tipo	0.004536
un	efecto	0.004457
un	equipo	0.004298
un	par	0.004218
un	método	0.004138
un	segundo	0.003900
unidades	de	0.375000
unidades	en	0.058333
unidades	militares	0.041667
unidades	da	0.033333
unidades	con	0.033333
unidades	que	0.033333
unidades	máis	0.025000
unidades	das	0.025000
unidades	para	0.025000
unidades	e	0.025000
unidas	por	0.177419
unidas	a	0.112903
unidas	entre	0.080645
unidas	para	0.080645
unidas	e	0.064516
unidas	en	0.064516
unidas	de	0.048387
unir	a	0.185185
unir	as	0.148148
unir	o	0.111111
uno	dos	0.363636
urss	e	0.500000
usa	a	0.127273
usa	para	0.118182
usa	o	0.118182
usa	un	0.081818
usa	unha	0.081818
usa	de	0.027273
usa	como	0.027273
usando	a	0.198473
usando	o	0.129771
usando	un	0.129771
usando	unha	0.091603
usando	as	0.068702
usando	os	0.030534
usando	distintos	0.022901
usando	varios	0.022901
usando	técnicas	0.022901
uso	de	0.259690
uso	do	0.120155
uso	da	0.112403
uso	en	0.038760
uso	das	0.023256
uso	dos	0.023256
uso	dun	0.021318
uso	dunha	0.021318
uso	como	0.019380
uso	máis	0.017442
uso	na	0.017442
uso	que	0.013566
uso	común	0.013566
uso	e	0.011628
uso	moi	0.009690
uso	para	0.009690
uso	foi	0.009690
uso	nos	0.007752
uso	comercial	0.007752
uso	está	0.007752
uso	era	0.007752
uso	non	0.007752
uso	deste	0.007752
uso	no	0.007752
uso	militar	0.005814
uso	ata	0.005814
uso	industrial	0.005814
uso	ou	0.005814
uso	corrente	0.005814
uso	por	0.005814
utiliza	o	0.164948
utiliza	a	0.154639
utiliza	para	0.144330
utiliza	unha	0.082474
utiliza	como	0.061856
utiliza	un	0.061856
utiliza	os	0.041237
utiliza	de	0.030928
utilizar	a	0.188679
utilizar	o	0.141509
utilizar	para	0.066038
utilizar	un	0.066038
utilizar	as	0.047170
utilizar	unha	0.047170
utilizar	e	0.028302
utilizar	como	0.028302
utilizar	en	0.028302
v	de	0.132812
v	que	0.054688
v	foi	0.046875
v	o	0.039062
v	a	0.039062
v	e	0.031250
v	ao	0.031250
v	ou	0.031250
v	para	0.023438
v	congreso	0.023438
vales	de	0.117647
vales	e	0.088235
van	desde	0.104762
van	de	0.095238
van	a	0.047619
van	ser	0.047619
van	dende	0.038095
van	sendo	0.028571
van	en	0.028571
vapor	de	0.400000
vasos	de	0.200000
vencer	a	0.250000
vencer	os	0.093750
vencer	na	0.093750
vencer	o	0.093750
vender	o	0.133333
vender	máis	0.111111
vender	a	0.088889
vender	copias	0.066667
vender	os	0.066667
vendeu	máis	0.225000
vendeu	o	0.100000
vendeu	a	0.087500
vendeu	copias	0.087500
vendeu	as	0.050000
vendeu	millóns	0.050000
vendeu	ao	0.037500
ventos	que	0.138889
ventos	de	0.111111
ventos	fortes	0.111111
ventos	e	0.111111
ventos	da	0.083333
venus	e	0.142857
verme	da	0.230769
versión	de	0.166667
versión	da	0.081481
versión	en	0.077778
versión	do	0.062963
versión	orixinal	0.051852
versión	máis	0.048148
versión	para	0.044444
versión	final	0.025926
versión	que	0.018519
versión	francesa	0.014815
versión	foi	0.014815
versión	oficial	0.014815
versión	actual	0.011111
versión	é	0.011111
versión	coñecida	0.011111
versión	portuguesa	0.011111
versión	familiar	0.011111
versión	tamén	0.011111
versión	completa	0.011111
versión	curta	0.011111
versión	dunha	0.011111
versión	definitiva	0.011111
versión	sen	0.011111
versión	dun	0.011111
versión	inglesa	0.011111
vese	que	0.088889
vese	na	0.088889
vese	máis	0.088889
vese	a	0.066667
vese	como	0.066667
vese	un	0.066667
vese	claramente	0.066667
vestido	de	0.181818
vestido	polo	0.136364
vestíbulo	do	0.400000
vexa	o	0.500000
vez	que	0.181818
vez	máis	0.135089
vez	en	0.064571
vez	de	0.058624
vez	a	0.040782
vez	primeira	0.034834
vez	na	0.032285
vez	o	0.027188
vez	por	0.024639
vez	no	0.016992
vez	e	0.015293
vez	con	0.014444
vez	ao	0.012744
vez	como	0.012744
vez	un	0.011895
vez	se	0.010195
vez	unha	0.009346
vez	maior	0.008496
vez	foi	0.008496
vez	polo	0.007647
vez	cada	0.006797
vez	para	0.006797
vez	das	0.005947
vez	diso	0.005947
vez	os	0.005947
vez	é	0.005947
vez	dende	0.005947
vez	do	0.005098
vez	pero	0.005098
vez	nos	0.005098
vez	alí	0.005098
vez	nunha	0.004248
vez	están	0.004248
vez	desde	0.004248
vez	á	0.004248
vez	as	0.004248
vez	nun	0.004248
vez	non	0.003398
vez	coa	0.003398
vez	sobre	0.003398
vi	e	0.125000
vi	que	0.093750
vi	de	0.093750
vi	congreso	0.093750
victoria	e	0.230769
vilas	de	0.250000
vilas	e	0.225000
vilas	do	0.075000
vilas	máis	0.075000
vinte	e	0.487310
vinte	anos	0.187817
vinte	minutos	0.030457
vinte	equipos	0.025381
vinte	mil	0.020305
vinte	cinco	0.015228
vira	a	0.192308
visitantes	a	0.103448
visitantes	e	0.103448
visitantes	da	0.103448
vista	da	0.119342
vista	do	0.098765
vista	de	0.074074
vista	como	0.037037
vista	a	0.037037
vista	xeral	0.037037
vista	desde	0.028807
vista	dende	0.028807
vista	das	0.024691
vista	en	0.024691
vista	por	0.020576
vista	ou	0.020576
vista	dos	0.020576
vista	é	0.020576
vista	e	0.020576
vista	sobre	0.016461
vista	con	0.016461
vista	que	0.016461
vista	aérea	0.016461
vista	foron	0.012346
vista	científico	0.012346
vive	en	0.252336
vive	na	0.065421
vive	no	0.065421
vive	a	0.056075
vive	o	0.037383
vive	unha	0.037383
vive	nas	0.037383
vive	co	0.028037
vivindo	en	0.210526
viviu	en	0.180000
viviu	na	0.090000
viviu	no	0.080000
viviu	a	0.060000
viviu	coa	0.060000
viviu	un	0.060000
viviu	ata	0.050000
viviu	unha	0.040000
viviu	anos	0.030000
viviu	nunha	0.030000
viviu	entre	0.030000
vivo	o	0.093333
vivo	e	0.093333
vivo	de	0.066667
vivo	das	0.053333
vivo	en	0.040000
vivo	a	0.040000
vivo	no	0.040000
vivos	e	0.212766
vivos	non	0.063830
vivos	ou	0.063830
voces	e	0.163934
voces	de	0.114754
voces	máis	0.081967
voces	guitarra	0.081967
voces	dos	0.065574
voces	en	0.049180
voces	que	0.049180
vodas	e	0.250000
volta	a	0.156425
volta	de	0.061453
volta	e	0.058659
volta	ao	0.050279
volta	o	0.050279
volta	rápida	0.044693
volta	cando	0.041899
volta	na	0.039106
volta	en	0.030726
volta	á	0.030726
volta	do	0.019553
volta	con	0.016760
volta	da	0.016760
volta	para	0.013966
volta	máis	0.013966
volta	os	0.013966
volta	no	0.013966
volta	antes	0.011173
volta	cun	0.011173
volta	dos	0.011173
volta	coa	0.011173
volta	que	0.011173
volta	seguinte	0.011173
volta	atrás	0.008380
volta	deixando	0.008380
volta	pero	0.008380
voltas	máis	0.153846
voltas	ao	0.144231
voltas	de	0.086538
voltas	da	0.076923
voltas	e	0.057692
voltas	para	0.048077
voltas	antes	0.038462
voltas	do	0.028846
voltas	despois	0.028846
voltas	detrás	0.028846
voluntarios	da	0.133333
voluntarios	que	0.133333
voluntarios	de	0.100000
volvendo	a	0.157895
volvendo	ao	0.157895
volvendo	á	0.157895
volvera	a	0.500000
volvía	a	0.625000
voo	de	0.115108
voo	e	0.115108
voo	en	0.071942
voo	que	0.035971
voo	dos	0.028777
voo	da	0.021583
voo	o	0.021583
voo	era	0.021583
voo	dun	0.021583
voo	pero	0.021583
vén	da	0.153846
vén	do	0.142857
vén	de	0.120879
vén	a	0.087912
vén	o	0.087912
vén	sendo	0.076923
vén	dada	0.054945
vén	ser	0.043956
vén	dado	0.043956
vía	de	0.213675
vía	para	0.068376
vía	do	0.059829
vía	da	0.042735
vía	principal	0.034188
vía	e	0.034188
vía	a	0.034188
vía	aérea	0.025641
vítimas	das	0.133333
vítimas	do	0.133333
vítimas	de	0.088889
w	s	0.100000
washington	e	0.125000
washington	d	0.100000
washington	en	0.075000
washington	para	0.075000
washington	a	0.075000
williams	e	0.204545
williams	de	0.113636
world	of	0.176471
xa	que	0.529661
xa	non	0.076801
xa	se	0.036017
xa	en	0.019597
xa	na	0.015360
xa	no	0.014831
xa	era	0.013771
xa	sexa	0.013242
xa	estaba	0.012712
xa	tiña	0.012182
xa	o	0.011653
xa	a	0.010593
xa	de	0.010064
xa	fora	0.007415
xa	é	0.006886
xa	foron	0.005826
xa	dende	0.005297
xa	existía	0.005297
xa	como	0.005297
xa	con	0.005297
xa	ten	0.004767
xa	desde	0.004237
xa	un	0.003708
xa	estaban	0.003708
xa	unha	0.003708
xa	foi	0.003178
xa	sexan	0.003178
xa	está	0.003178
xa	son	0.003178
xa	eran	0.003178
xa	están	0.003178
xa	máis	0.003178
xa	presentes	0.002648
xa	antes	0.002648
xa	coa	0.002648
xa	só	0.002648
xa	ao	0.002648
xa	nos	0.002648
xa	para	0.002119
xa	tiñan	0.002119
xanela	do	0.272727
xaponeses	que	0.136364
xenio	da	0.166667
xenio	e	0.166667
xente	que	0.132979
xente	de	0.101064
xente	nova	0.053191
xente	do	0.053191
xente	a	0.047872
xente	da	0.037234
xente	non	0.026596
xente	como	0.026596
xente	se	0.021277
xente	na	0.015957
xente	con	0.015957
xente	sen	0.015957
xente	en	0.015957
xeo	e	0.150685
xeo	de	0.095890
xeo	que	0.068493
xeo	en	0.041096
xeracións	de	0.413793
xeracións	e	0.206897
xeral	de	0.141176
xeral	do	0.087395
xeral	da	0.068908
xeral	a	0.058824
xeral	e	0.045378
xeral	non	0.033613
xeral	é	0.031933
xeral	o	0.030252
xeral	as	0.025210
xeral	para	0.023529
xeral	os	0.021849
xeral	que	0.020168
xeral	en	0.020168
xeral	das	0.018487
xeral	un	0.018487
xeral	no	0.016807
xeral	dos	0.015126
xeral	son	0.013445
xeral	na	0.011765
xeral	máis	0.010084
xeral	moi	0.008403
xeral	unha	0.008403
xeral	nas	0.006723
xeral	están	0.005042
xeral	ou	0.005042
xeral	con	0.005042
xeral	dun	0.005042
xeral	como	0.005042
xesús	de	0.123077
xesús	non	0.061538
xesús	é	0.046154
xesús	e	0.046154
xesús	histórico	0.046154
xesús	a	0.046154
xix	e	0.218750
xix	a	0.101562
xix	o	0.070312
xix	os	0.046875
xix	foi	0.039062
xix	cando	0.039062
xix	en	0.031250
xix	como	0.031250
xogando	na	0.111111
xogando	no	0.092593
xogando	para	0.092593
xogando	un	0.074074
xogando	a	0.055556
xornalistas	e	0.166667
xornalistas	que	0.125000
xornalistas	como	0.125000
xudeu	de	0.200000
xudeu	no	0.100000
xulgado	en	0.456140
xulgado	de	0.087719
xulgado	e	0.087719
xulgado	na	0.070175
xulgado	por	0.070175
xullo	de	0.741240
xullo	e	0.037736
xullo	do	0.029650
xullo	dese	0.013477
xullo	a	0.013477
xullo	o	0.010782
xullo	cando	0.010782
xullo	é	0.008086
xullo	en	0.008086
xullo	como	0.008086
xuntos	o	0.084507
xuntos	e	0.084507
xuntos	en	0.070423
xuntos	na	0.070423
xuntos	tiveron	0.070423
xuntos	os	0.056338
xuntos	para	0.056338
xuntos	de	0.042254
xuntos	a	0.042254
xustificar	o	0.416667
xénero	e	0.071856
xénero	de	0.071856
xénero	do	0.041916
xénero	musical	0.041916
xénero	non	0.041916
xénero	en	0.035928
xénero	que	0.035928
xénero	da	0.029940
xénero	máis	0.023952
xénero	como	0.023952
xénero	son	0.023952
xénero	é	0.017964
xénero	para	0.017964
xénero	no	0.017964
xénero	significa	0.017964
xénero	tipo	0.017964
á	súa	0.139024
á	que	0.023333
á	parte	0.018666
á	vez	0.017111
á	dereita	0.014388
á	cidade	0.014000
á	beira	0.012639
á	morte	0.012055
á	esquerda	0.011472
á	idade	0.011083
á	fronte	0.010889
á	hora	0.009916
á	casa	0.008944
á	illa	0.008166
á	familia	0.007972
á	terra	0.007778
á	primeira	0.007583
á	escola	0.007583
á	luz	0.007194
á	banda	0.006805
á	poboación	0.006805
á	vida	0.006611
á	de	0.006222
á	superficie	0.006028
á	venda	0.005833
á	guerra	0.005639
á	do	0.005444
á	costa	0.005055
á	formación	0.004861
á	da	0.004667
á	mesma	0.004667
á	creación	0.004667
á	final	0.004472
á	zona	0.004472
á	historia	0.004472
á	rexión	0.004278
á	cal	0.004278
á	auga	0.004278
á	xente	0.004278
á	capital	0.004083
ánimo	de	0.428571
árbores	e	0.235294
árbores	de	0.098039
árbores	ou	0.088235
árbores	que	0.078431
árbores	en	0.039216
árbores	altas	0.029412
árbores	para	0.029412
época	de	0.135556
época	do	0.046667
época	o	0.046667
época	a	0.044444
época	e	0.042222
época	da	0.042222
época	en	0.040000
época	na	0.037778
época	que	0.026667
época	non	0.026667
época	os	0.022222
época	como	0.020000
época	cando	0.020000
época	era	0.017778
época	dos	0.017778
época	foi	0.015556
época	das	0.013333
época	xa	0.011111
época	son	0.011111
época	pero	0.011111
época	moderna	0.008889
época	unha	0.008889
época	para	0.008889
época	con	0.008889
época	tamén	0.008889
época	as	0.008889
época	soviética	0.006667
época	máis	0.006667
época	se	0.006667
época	eran	0.006667
época	escribiu	0.006667
época	é	0.006667
