آ	اس	0.230769
آخرین	وضعیت	0.177156
آخرین	بازی	0.062937
آخرین	روز	0.044289
آخرین	آمار	0.039627
آخرین	بار	0.037296
آخرین	جلسه	0.027972
آخرین	اطلاعات	0.018648
آخرین	تمرین	0.016317
آخرین	لحظه	0.016317
آخرین	ماه	0.016317
آخرین	اخبار	0.016317
آخرین	قیمت	0.013986
آخرین	لحظات	0.013986
آخرین	نسخه	0.013986
آخرین	مهلت	0.011655
آخرین	باری	0.011655
آخرین	شب	0.011655
آخرین	مورد	0.011655
آخرین	نشست	0.011655
آخرین	شرایط	0.011655
آخرین	گزارش	0.009324
آخرین	و	0.009324
آخرین	جمعه	0.009324
آخرین	برنامه	0.009324
آخرین	اثر	0.006993
آخرین	مسابقه	0.006993
آخرین	فصل	0.006993
آخرین	نفر	0.006993
آخرین	مصاحبه	0.006993
آخرین	تلاش	0.006993
آخرین	فرصت	0.006993
آر	سی	0.200000
آر	پی	0.150000
آرامش	و	0.225000
آرامش	در	0.080000
آرامش	را	0.060000
آرامش	بیشتری	0.040000
آرامش	مردم	0.035000
آرامش	به	0.035000
آرامش	داشته	0.025000
آرامش	برای	0.020000
آرامش	خاطر	0.020000
آرامش	جامعه	0.020000
آرامش	تیم	0.020000
آرامش	خود	0.015000
آرامش	باشد	0.015000
آرامش	روح	0.015000
آرامش	بازار	0.015000
آرامش	شهروندان	0.015000
آرامش	بخشی	0.015000
آرزو	میکنم	0.205882
آرزو	کرد	0.088235
آزاد	و	0.081928
آزاد	شده	0.069880
آزاد	است	0.062651
آزاد	شد	0.055422
آزاد	در	0.045783
آزاد	کند	0.033735
آزاد	شدند	0.031325
آزاد	کرد	0.028916
آزاد	راه	0.026506
آزاد	به	0.021687
آزاد	سازی	0.021687
آزاد	را	0.021687
آزاد	کشور	0.019277
آزاد	کرده	0.016867
آزاد	با	0.014458
آزاد	کنید	0.012048
آزاد	میکنند	0.012048
آزاد	باشد	0.012048
آزاد	خواهد	0.012048
آزاد	شدن	0.012048
آزاد	هستند	0.012048
آزاد	کن	0.012048
آزاد	میکند	0.009639
آزاد	شوند	0.009639
آزاد	خواهند	0.009639
آزاد	برای	0.009639
آزاد	کردند	0.009639
آزاد	کنند	0.009639
آزاد	جهان	0.007229
آزاد	باید	0.007229
آزاد	می	0.007229
آزاد	کردن	0.007229
آزاد	شود	0.007229
آزاد	شدم	0.007229
آزمون	و	0.107784
آزمون	در	0.095808
آزمون	به	0.089820
آزمون	که	0.047904
آزمون	را	0.047904
آزمون	ورودی	0.041916
آزمون	از	0.035928
آزمون	هم	0.017964
آزمون	با	0.017964
آزمون	مجدد	0.017964
آسانسور	در	0.173913
آسیب	دیده	0.153226
آسیب	به	0.133065
آسیب	جدی	0.064516
آسیب	های	0.060484
آسیب	وارد	0.048387
آسیب	دید	0.040323
آسیب	شناسی	0.040323
آسیب	در	0.028226
آسیب	را	0.028226
آسیب	زده	0.024194
آسیب	می	0.024194
آسیب	دیدن	0.024194
آسیب	و	0.024194
آسیب	خواهد	0.016129
آسیب	اجتماعی	0.016129
آسیب	زننده	0.012097
آسیب	بزنند	0.012097
آسیب	جانی	0.012097
آسیب	ندیده	0.012097
آسیب	رسیدن	0.012097
آسیب	زدن	0.012097
آسیبی	به	0.315789
آسیبی	که	0.210526
آسیبی	جدی	0.157895
آسیبی	وارد	0.157895
آشفته	در	0.250000
آشکار	و	0.161616
آشکار	میکند	0.090909
آشکار	کرد	0.070707
آشکار	شد	0.060606
آشکار	است	0.050505
آشکار	شدن	0.050505
آشکار	در	0.040404
آشکار	کند	0.040404
آشکار	شده	0.040404
آشکار	می	0.040404
آغوش	گرفتند	0.153846
آغوش	باز	0.115385
آفتاب	و	0.119048
آفتاب	در	0.095238
آفتاب	قرار	0.071429
آفتاب	سوزان	0.071429
آلمان	و	0.137441
آلمان	در	0.109005
آلمان	به	0.052133
آلمان	را	0.042654
آلمان	با	0.037915
آلمان	از	0.033175
آلمان	اعلام	0.033175
آلمان	که	0.028436
آلمان	است	0.028436
آلمان	غربی	0.018957
آلمان	درباره	0.014218
آلمان	برای	0.014218
آلمان	پس	0.014218
آلمان	امروز	0.014218
آمبولانس	به	0.243243
آمبولانس	و	0.189189
آمبولانس	اورژانس	0.108108
آمبولانس	در	0.081081
آمده	است	0.467456
آمده	بود	0.102071
آمده	و	0.081361
آمده	که	0.057692
آمده	بودند	0.045858
آمده	از	0.025148
آمده	در	0.022189
آمده	اند	0.020710
آمده	به	0.011834
آمده	برای	0.008876
آمده	تا	0.007396
آمده	را	0.007396
آمده	با	0.007396
آمده	باشد	0.005917
آمده	بوده	0.004438
آمده	این	0.004438
آمریکا	در	0.164622
آمریکا	و	0.140593
آمریکا	به	0.074642
آمریکا	از	0.047035
آمریکا	را	0.041411
آمریکا	با	0.039366
آمریکا	برای	0.030675
آمریکا	روز	0.014315
آمریکا	که	0.014315
آمریکا	هم	0.011759
آمریکا	است	0.011247
آمریکا	اعلام	0.009714
آمریکا	درباره	0.008691
آمریکا	قرار	0.008691
آمریکا	گفت	0.008180
آمریکا	این	0.007669
آمریکا	علیه	0.007669
آمریکا	شد	0.006135
آمریکا	امروز	0.006135
آمریکا	بر	0.006135
آمریکا	شده	0.005624
آمریکا	باید	0.005624
آمریکا	همچنین	0.005624
آمریکا	بود	0.005112
آمریکا	تا	0.004090
آمریکا	هستند	0.004090
آمریکا	می	0.003579
آمریکا	منتشر	0.003579
آمریکا	بوده	0.003579
آمریکا	انجام	0.003579
آمریکا	پس	0.003579
آمریکا	قصد	0.003579
آمریکا	همچنان	0.003067
آمریکا	شود	0.003067
آمریکا	چه	0.002556
آمریکا	یا	0.002556
آمریکا	بعد	0.002556
آمریکا	دست	0.002556
آمریکا	گفته	0.002556
آمریکا	فرانسه	0.002045
آمریکایی	در	0.143820
آمریکایی	به	0.087640
آمریکایی	و	0.069663
آمریکایی	که	0.047191
آمریکایی	از	0.047191
آمریکایی	را	0.047191
آمریکایی	با	0.047191
آمریکایی	است	0.042697
آمریکایی	ها	0.042697
آمریکایی	این	0.015730
آمریکایی	گزارش	0.015730
آمریکایی	بود	0.011236
آمریکایی	نوشت	0.011236
آمریکایی	برای	0.011236
آمریکایی	گفت	0.011236
آمریکایی	هستند	0.008989
آمریکایی	همچنین	0.008989
آمریکایی	اش	0.006742
آمریکایی	امروز	0.006742
آمریکایی	تلاش	0.006742
آمریکایی	هم	0.006742
آمریکایی	خواهد	0.006742
آمریکایی	خود	0.006742
آمریکایی	درباره	0.006742
آمریکایی	وال	0.006742
آمریکایی	علیه	0.006742
آمریکایی	اعلام	0.006742
آمریکایی	خبر	0.006742
آن	را	0.163027
آن	در	0.048318
آن	به	0.046310
آن	است	0.036647
آن	زمان	0.030371
آن	هم	0.027610
آن	ها	0.026481
آن	از	0.018072
آن	با	0.016064
آن	برای	0.009287
آن	روز	0.008911
آن	استفاده	0.008660
آن	که	0.008032
آن	بود	0.007656
آن	چیزی	0.007530
آن	و	0.007279
آن	وجود	0.006777
آن	توجه	0.005899
آن	هستند	0.005773
آن	هستیم	0.005648
آن	بر	0.005648
آن	اشاره	0.005146
آن	حضرت	0.005146
آن	صورت	0.004769
آن	یک	0.004644
آن	موقع	0.004644
آن	خود	0.004393
آن	کشور	0.004016
آن	حضور	0.003891
آن	قرار	0.003891
آن	دسته	0.003765
آن	باید	0.003640
آن	وقت	0.003640
آن	بازی	0.003514
آن	طرف	0.003514
آن	این	0.003514
آن	دو	0.003263
آن	انجام	0.003138
آن	نیست	0.003138
آن	سال	0.003138
آنان	را	0.134211
آنان	در	0.115789
آنان	به	0.065789
آنان	از	0.047368
آنان	است	0.044737
آنان	با	0.039474
آنان	و	0.034211
آنان	که	0.031579
آنان	برای	0.021053
آنان	بر	0.010526
آنان	همچنین	0.010526
آنان	وارد	0.010526
آنان	هستیم	0.010526
آنان	باید	0.007895
آنان	هم	0.007895
آنان	نیست	0.007895
آنها	را	0.166380
آنها	به	0.077320
آنها	در	0.075888
آنها	از	0.030928
آنها	با	0.027778
آنها	برای	0.023196
آنها	هم	0.021764
آنها	و	0.018041
آنها	استفاده	0.010309
آنها	باید	0.010309
آنها	که	0.010023
آنها	است	0.008591
آنها	این	0.006873
آنها	بود	0.006300
آنها	حتی	0.006014
آنها	کمک	0.006014
آنها	قرار	0.006014
آنها	می	0.005727
آنها	هستند	0.004868
آنها	بر	0.004582
آنها	وجود	0.004296
آنها	همچنین	0.004009
آنها	ممکن	0.003723
آنها	شد	0.003723
آنها	اجازه	0.003723
آنها	نسبت	0.003436
آنها	اقدام	0.003436
آنها	اشاره	0.003150
آنها	یک	0.003150
آنها	باشد	0.003150
آنها	زیر	0.002864
آنها	انجام	0.002864
آنها	بسیار	0.002864
آنها	هستیم	0.002864
آنها	اعلام	0.002577
آنها	بیشتر	0.002577
آنها	تا	0.002577
آنها	توجه	0.002577
آنها	چه	0.002577
آنها	هنوز	0.002577
آوردن	به	0.153846
آوردن	یک	0.076923
آوری	شده	0.147541
آوری	و	0.147541
آوری	اطلاعات	0.065574
آوری	در	0.049180
آگوست	در	0.142857
آگوست	به	0.107143
آیا	این	0.146209
آیا	در	0.041516
آیا	با	0.039711
آیا	به	0.034296
آیا	از	0.023466
آیا	آنها	0.021661
آیا	واقعا	0.018051
آیا	او	0.016245
آیا	همه	0.016245
آیا	شما	0.014440
آیا	می	0.014440
آیا	نباید	0.014440
آیا	ما	0.012635
آیا	باید	0.010830
آیا	برای	0.010830
آیا	تا	0.010830
آیا	چنین	0.009025
آیا	دولت	0.009025
آیا	مجلس	0.007220
آیا	آن	0.007220
آیا	اگر	0.007220
آیا	امکان	0.007220
آیا	چیزی	0.007220
آیا	شرایط	0.007220
آیا	فکر	0.007220
آیا	کسی	0.007220
آیا	اساسا	0.005415
آیا	برنامه	0.005415
آیا	مردم	0.005415
آیا	همین	0.005415
آیا	هنوز	0.005415
آیا	وی	0.005415
آیا	انجام	0.005415
آیا	استفاده	0.005415
آیا	توافق	0.005415
آیا	هر	0.005415
ا	ال	0.102941
ا	م	0.102941
ا	ت	0.073529
ا	ک	0.058824
ا	و	0.058824
ا	ن	0.044118
اتفاق	افتاد	0.131206
اتفاق	افتاده	0.131206
اتفاق	در	0.063830
اتفاق	رخ	0.037234
اتفاق	می	0.033688
اتفاق	را	0.026596
اتفاق	تلخ	0.023050
اتفاق	خاصی	0.023050
اتفاق	به	0.021277
اتفاق	خوبی	0.021277
اتفاق	برای	0.017730
اتفاق	هم	0.015957
اتفاق	دیگری	0.015957
اتفاق	عجیبی	0.015957
اتفاق	خواهد	0.015957
اتفاق	نظر	0.015957
اتفاق	باعث	0.014184
اتفاق	و	0.012411
اتفاق	جدیدی	0.012411
اتفاق	عجیب	0.010638
اتفاق	بدی	0.007092
اتفاق	ویژه	0.007092
اتفاق	افتادن	0.007092
اتفاق	بزرگی	0.007092
اتفاق	با	0.007092
اتفاق	گفت	0.007092
اتفاق	از	0.007092
اتفاق	زمانی	0.005319
اتفاق	بسیار	0.005319
اتفاق	روز	0.005319
اتفاق	بعد	0.005319
اتفاق	چند	0.005319
اتفاق	کاملا	0.005319
اتفاق	خوب	0.005319
اتفاق	نخواهد	0.005319
اتفاق	قابل	0.005319
اتفاقی	که	0.304348
اتفاقی	برای	0.101449
اتفاقی	رخ	0.086957
اتفاقی	در	0.086957
اتفاقی	افتاد	0.048309
اتفاقی	افتاده	0.038647
اتفاقی	بود	0.024155
اتفاقی	عجیب	0.014493
اتفاقی	مشابه	0.014493
اتفاقی	خواهد	0.014493
اتفاقی	جالب	0.014493
اتمام	رسید	0.166667
اتمام	رسیده	0.104167
اتمام	است	0.083333
اتمام	این	0.052083
اتمام	مهلت	0.052083
اتمام	قرارداد	0.031250
اتمام	خواهد	0.031250
اتمام	عملیات	0.031250
اتمام	دوره	0.031250
اتمام	پروژه	0.031250
اتهامات	علیه	0.166667
اتهامات	را	0.119048
اتهامات	او	0.071429
اتهامات	و	0.071429
اثرات	ضد	0.146341
اثرات	این	0.146341
اجاره	خانه	0.212500
اجاره	یک	0.100000
اجاره	داده	0.062500
اجاره	مسکن	0.050000
اجاره	آپارتمان	0.037500
اجاره	در	0.037500
اجازه	ورود	0.077739
اجازه	داد	0.077739
اجازه	داده	0.056537
اجازه	نداد	0.056537
اجازه	دهند	0.049470
اجازه	را	0.049470
اجازه	می	0.045936
اجازه	دهد	0.042403
اجازه	حضور	0.035336
اجازه	دادن	0.021201
اجازه	میداد	0.017668
اجازه	نمی	0.014134
اجازه	نخواهد	0.014134
اجازه	ازدواج	0.010601
اجازه	چنین	0.010601
اجازه	به	0.010601
اجازه	بده	0.010601
اجازه	استفاده	0.010601
احترام	به	0.363636
احترام	و	0.116883
احترام	قائل	0.064935
احترام	کرد	0.038961
احترام	می	0.032468
احترام	گذاشته	0.025974
احترام	گذاشتن	0.025974
احترام	زیادی	0.025974
احترام	گذاشت	0.025974
احترام	است	0.025974
احترام	هستند	0.019481
احترام	ویژه	0.019481
احتمالا	به	0.114068
احتمالا	در	0.102662
احتمالا	با	0.057034
احتمالا	این	0.053232
احتمالا	از	0.034221
احتمالا	تا	0.030418
احتمالا	برای	0.019011
احتمالا	باید	0.011407
احتمالا	بیشتر	0.011407
احتمالا	منجر	0.011407
احتمالا	مثل	0.011407
احتمالا	بسیاری	0.011407
احتمالا	همین	0.011407
احتیاج	به	0.485714
احتیاج	دارد	0.085714
احتیاج	دارید	0.085714
احساس	میکنم	0.046931
احساس	کردم	0.043321
احساس	امنیت	0.043321
احساس	تنهایی	0.036101
احساس	کنند	0.036101
احساس	شد	0.032491
احساس	آرامش	0.032491
احساس	میکند	0.028881
احساس	میکنید	0.028881
احساس	خوبی	0.028881
احساس	میکنند	0.025271
احساس	ناراحتی	0.021661
احساس	کند	0.018051
احساس	کردند	0.018051
احساس	میشد	0.018051
احساس	خطر	0.018051
احساس	گناه	0.018051
احساس	می	0.018051
احساس	کنید	0.018051
احساس	و	0.018051
احساس	مسئولیت	0.018051
احساس	میکردم	0.014440
احساس	نگرانی	0.014440
احساس	راحتی	0.014440
احساس	ضعف	0.014440
احساس	کرده	0.010830
احساس	قدرت	0.010830
احساس	خود	0.010830
احساس	انرژی	0.010830
احساس	خوب	0.010830
احساس	بهتری	0.010830
احساس	ترس	0.010830
احساس	کرد	0.010830
احساس	را	0.010830
اختراع	کردند	0.129032
اختراع	شد	0.096774
اختراع	شده	0.096774
اخطار	به	0.125000
اخطار	داده	0.125000
اخلاق	و	0.298851
اخلاق	است	0.068966
اخلاق	را	0.045977
اخلاق	مدار	0.034483
اخلاق	پزشکی	0.034483
اخلاق	برای	0.034483
اخلاق	عدالت	0.034483
ادامه	داد	0.444370
ادامه	دارد	0.088540
ادامه	خواهد	0.046442
ادامه	این	0.034414
ادامه	به	0.028734
ادامه	با	0.026729
ادامه	پیدا	0.024390
ادامه	دهد	0.020381
ادامه	گفت	0.019713
ادامه	داشت	0.015035
ادامه	می	0.012362
ادامه	داشته	0.011360
ادامه	روند	0.009021
ادامه	دهند	0.008353
ادامه	از	0.007350
ادامه	بیان	0.007016
ادامه	در	0.005680
ادامه	داده	0.005012
ادامه	خواهیم	0.005012
ادامه	حضور	0.004678
ادامه	جنگ	0.004343
ادامه	خواهند	0.004009
ادامه	و	0.004009
ادامه	همکاری	0.004009
ادامه	مسیر	0.003675
ادامه	دهنده	0.003341
ادامه	دادند	0.003341
ادامه	نوشت	0.003341
ادامه	کار	0.003341
ادامه	مطلب	0.003341
ادامه	فصل	0.003007
ادامه	عنوان	0.003007
ادامه	راه	0.003007
ادامه	درباره	0.003007
ادامه	بازی	0.002673
ادامه	حملات	0.002673
ادامه	سیاست	0.002673
ادامه	آن	0.002673
ادامه	یافته	0.002339
ادامه	دار	0.002339
ادعا	کرد	0.297674
ادعا	میکند	0.097674
ادعا	کرده	0.079070
ادعا	شده	0.079070
ادعا	را	0.055814
ادعا	میکنند	0.051163
ادعا	که	0.041860
ادعا	در	0.023256
ادعا	کند	0.023256
ادعا	می	0.023256
ادعا	دارند	0.013953
ارائه	خدمات	0.135632
ارائه	شده	0.105747
ارائه	کرد	0.064368
ارائه	کرده	0.043678
ارائه	می	0.042529
ارائه	دهد	0.036782
ارائه	شد	0.035632
ارائه	داد	0.033333
ارائه	دهند	0.027586
ارائه	میکند	0.026437
ارائه	شود	0.024138
ارائه	کنند	0.024138
ارائه	کردند	0.020690
ارائه	داده	0.018391
ارائه	کند	0.016092
ارائه	میکنند	0.016092
ارائه	خدمت	0.016092
ارائه	خواهد	0.014943
ارائه	این	0.012644
ارائه	و	0.011494
ارائه	اطلاعات	0.011494
ارائه	به	0.010345
ارائه	کنیم	0.010345
ارائه	نشده	0.010345
ارائه	گزارش	0.009195
ارائه	نکرده	0.009195
ارائه	دادند	0.008046
ارائه	کمک	0.006897
ارائه	محصولات	0.005747
ارائه	دهنده	0.005747
ارائه	یک	0.005747
ارائه	لیست	0.004598
ارائه	در	0.004598
ارائه	آن	0.004598
ارائه	بهترین	0.004598
ارائه	خواهند	0.004598
ارائه	برنامه	0.004598
ارائه	چنین	0.003448
ارائه	کردن	0.003448
ارائه	اسناد	0.003448
ارتباطات	و	0.323944
ارتباطات	با	0.056338
ارتباطات	اجتماعی	0.035211
ارتباطات	در	0.035211
ارتباطات	به	0.028169
ارتباطات	بین	0.021127
ارتباطات	سیاسی	0.021127
ارتباطات	گفت	0.021127
ارتباطات	اعلام	0.021127
اساس	این	0.170354
اساس	اعلام	0.077434
اساس	گزارش	0.059735
اساس	آخرین	0.034292
اساس	آن	0.029867
اساس	قانون	0.023230
اساس	اطلاعات	0.022124
اساس	ماده	0.017699
اساس	و	0.014381
اساس	یک	0.014381
اساس	با	0.013274
اساس	آمار	0.013274
اساس	آنچه	0.012168
اساس	در	0.012168
اساس	برنامه	0.011062
اساس	قیمت	0.011062
اساس	قوانین	0.009956
اساس	بررسی	0.009956
اساس	است	0.008850
اساس	نیاز	0.008850
اساس	تحقیقات	0.007743
اساس	گفته	0.007743
اساس	تجربه	0.006637
اساس	منافع	0.005531
اساس	هم	0.005531
اساس	نوع	0.005531
اساس	تصمیم	0.005531
اساس	هر	0.005531
اساس	بند	0.005531
اساس	توافق	0.005531
اساس	اگر	0.005531
اساس	تیم	0.005531
اساس	گروه	0.005531
اساس	اصل	0.004425
اساس	دستور	0.004425
اساس	یکی	0.004425
اساس	همین	0.004425
اساس	منابع	0.004425
اساس	شرایط	0.004425
اساس	از	0.004425
استاد	دانشگاه	0.289157
استاد	حوزه	0.126506
استاد	و	0.030120
استاد	علوم	0.030120
استاد	به	0.024096
استاد	برجسته	0.024096
استاد	را	0.018072
استاد	در	0.018072
استعفا	داد	0.163265
استعفا	کرد	0.102041
استعفا	داده	0.061224
استعفا	کردند	0.061224
استفاده	از	0.381846
استفاده	کنند	0.057832
استفاده	میکنند	0.046725
استفاده	کرد	0.045576
استفاده	قرار	0.044044
استفاده	کنید	0.042512
استفاده	کند	0.036385
استفاده	کنیم	0.035236
استفاده	می	0.032555
استفاده	شود	0.029108
استفاده	میکند	0.025661
استفاده	کرده	0.019150
استفاده	شده	0.015703
استفاده	کردند	0.015703
استفاده	در	0.011490
استفاده	را	0.008809
استفاده	خواهد	0.008426
استفاده	و	0.007660
استفاده	میکرد	0.006511
استفاده	کنم	0.006128
استفاده	است	0.005745
استفاده	میکنیم	0.005362
استفاده	میشد	0.004979
استفاده	میکنید	0.004979
استفاده	شد	0.004213
استفاده	نمی	0.004213
استفاده	خواهیم	0.003830
استفاده	مجدد	0.003447
استفاده	صحیح	0.003447
استفاده	نشده	0.003447
استفاده	گسترده	0.003064
استفاده	کردیم	0.002681
استفاده	نکنید	0.002681
استفاده	میکنم	0.002681
استفاده	برای	0.002681
استفاده	بیش	0.002298
استفاده	شوند	0.002298
استفاده	این	0.002298
استفاده	نکرده	0.001915
استفاده	کردم	0.001915
استقبال	از	0.171254
استقبال	میکنیم	0.073394
استقبال	کرد	0.048930
استقبال	کردند	0.048930
استقبال	مردم	0.042813
استقبال	و	0.039755
استقبال	گسترده	0.039755
استقبال	کرده	0.033639
استقبال	خوبی	0.033639
استقبال	می	0.030581
استقبال	قرار	0.027523
استقبال	میکند	0.027523
استقبال	میکنند	0.024465
استقبال	بسیار	0.021407
استقبال	رسمی	0.018349
استقبال	خواهند	0.015291
استقبال	را	0.012232
استقبال	کنند	0.012232
استقبال	زیادی	0.012232
استقبال	خوب	0.012232
استقبال	شد	0.012232
استقبال	خواهد	0.009174
استقبال	میکنم	0.009174
استقبال	مقامات	0.009174
اسلحه	و	0.108108
اسلحه	به	0.108108
اسلحه	در	0.081081
اشاره	به	0.657376
اشاره	کرد	0.172384
اشاره	شده	0.020154
اشاره	میکند	0.019726
اشاره	کرده	0.018868
اشاره	و	0.016724
اشاره	شد	0.012007
اشاره	کردند	0.008576
اشاره	دارد	0.006432
اشاره	می	0.005146
اشاره	کردید	0.004717
اشاره	کنیم	0.004717
اشاره	داشت	0.003431
اشاره	کردم	0.003002
اشاره	میکنند	0.003002
اشاره	کردیم	0.002573
اشاره	نشده	0.002144
اشاره	میکنم	0.002144
اشاره	دارند	0.002144
اشاره	نکرده	0.002144
اشاره	ای	0.002144
اشاره	کند	0.001715
اشاره	قرار	0.001715
اشاره	داشتند	0.001286
اشاره	داشته	0.001286
اشاره	کنم	0.001286
اشاره	افزایش	0.001286
اشاره	خواهیم	0.001286
اشتراک	گذاشته	0.294118
اشتراک	گذاشت	0.176471
اشتراک	گذاشتن	0.137255
اشتراک	نظر	0.078431
اشتراک	گذاری	0.058824
اطراف	آن	0.155280
اطراف	شهر	0.068323
اطراف	خود	0.055901
اطراف	این	0.043478
اطراف	را	0.037267
اطراف	جزیره	0.031056
اطراف	و	0.031056
اطراف	بیمارستان	0.018634
اطراف	استفاده	0.018634
اطراف	منطقه	0.018634
اطراف	به	0.018634
اطراف	میدان	0.018634
اطلاع	از	0.194872
اطلاع	داده	0.076923
اطلاع	دهند	0.076923
اطلاع	بعدی	0.071795
اطلاع	داد	0.061538
اطلاع	مردم	0.041026
اطلاع	پیدا	0.041026
اطلاع	قبلی	0.030769
اطلاع	دارم	0.025641
اطلاع	دادند	0.020513
اطلاع	دهد	0.015385
اطلاع	عموم	0.015385
اطلاع	نداشته	0.015385
اطلاع	و	0.015385
اعتراف	کرد	0.385965
اعتراف	کردند	0.131579
اعتراف	کرده	0.096491
اعتراف	و	0.061404
اعتراف	میکنم	0.035088
اعتراف	به	0.026316
اعتراف	کنند	0.026316
اعتقاد	دارند	0.120301
اعتقاد	به	0.105263
اعتقاد	دارد	0.082707
اعتقاد	دارم	0.067669
اعتقاد	من	0.067669
اعتقاد	داریم	0.060150
اعتقاد	او	0.045113
اعتقاد	بر	0.045113
اعتقاد	و	0.037594
اعتقاد	داشت	0.030075
اعتقاد	برخی	0.030075
اعتقاد	این	0.022556
اعتقاد	داشتند	0.022556
اعتقاد	بنده	0.022556
اعتقاد	وی	0.022556
اعتقاد	است	0.022556
اعدام	محکوم	0.117647
اعدام	و	0.078431
اعدام	شدند	0.058824
اعدام	شود	0.058824
اعمال	شده	0.121387
اعمال	کرده	0.080925
اعمال	فشار	0.063584
اعمال	کند	0.057803
اعمال	شود	0.046243
اعمال	کرد	0.046243
اعمال	قانون	0.040462
اعمال	این	0.034682
اعمال	خواهد	0.034682
اعمال	میکند	0.034682
اعمال	ماده	0.028902
اعمال	و	0.023121
اعمال	کردند	0.023121
اعمال	شد	0.023121
اعمال	کنند	0.017341
اعمال	سیاست	0.017341
اعمال	جراحی	0.017341
اعمال	میکنند	0.017341
اعمال	نفوذ	0.017341
افرادی	که	0.723596
افرادی	هستند	0.033708
افرادی	است	0.029213
افرادی	را	0.029213
افرادی	با	0.017978
افرادی	در	0.015730
افرادی	مثل	0.008989
افرادی	به	0.008989
افرادی	هم	0.008989
افرادی	بود	0.006742
افرادی	چون	0.006742
افرادی	از	0.006742
افغانستان	و	0.101744
افغانستان	به	0.087209
افغانستان	در	0.075581
افغانستان	را	0.066860
افغانستان	از	0.037791
افغانستان	است	0.037791
افغانستان	با	0.023256
افغانستان	حضور	0.017442
افغانستان	هستند	0.014535
افغانستان	برای	0.014535
افغانستان	که	0.014535
افغانستان	پاکستان	0.011628
افغانستان	بر	0.011628
افغانستان	بعد	0.008721
افغانستان	متهم	0.008721
افغانستان	عراق	0.008721
افغانستان	باشد	0.008721
افغانستان	گفت	0.008721
افغانستان	هم	0.008721
افغانستان	دارد	0.008721
افغانستان	مبارزه	0.008721
اقتصاد	و	0.169713
اقتصاد	کشور	0.086162
اقتصاد	در	0.044386
اقتصاد	نوشت	0.036554
اقتصاد	جهانی	0.028721
اقتصاد	را	0.026110
اقتصاد	با	0.026110
اقتصاد	این	0.023499
اقتصاد	به	0.023499
اقتصاد	از	0.018277
اقتصاد	دریا	0.018277
اقتصاد	چین	0.013055
اقتصاد	است	0.013055
اقتصاد	ما	0.013055
اقتصاد	دانش	0.013055
اقتصاد	اروپا	0.010444
اقتصاد	جهان	0.010444
اقتصاد	روسیه	0.010444
اقتصاد	برای	0.010444
اقتصاد	مردم	0.010444
اقتصاد	ملی	0.010444
اقتصاد	بزرگ	0.007833
اقتصاد	جامعه	0.007833
اقتصاد	دانشگاه	0.007833
اقتصاد	سیاسی	0.007833
اقتصاد	مسکن	0.007833
اقتصاد	داخلی	0.007833
اقتصاد	بوده	0.007833
اقتصاد	هنر	0.007833
اقتصاد	روستا	0.007833
اقتصاد	جدول	0.007833
اقدامات	لازم	0.086093
اقدامات	انجام	0.057395
اقدامات	و	0.055188
اقدامات	خوبی	0.044150
اقدامات	صورت	0.039735
اقدامات	دولت	0.037528
اقدامات	در	0.030905
اقدامات	را	0.026490
اقدامات	خود	0.026490
اقدامات	اطلاعاتی	0.019868
اقدامات	برای	0.017660
اقدامات	این	0.017660
اقدامات	مهم	0.015453
اقدامات	آمریکا	0.013245
اقدامات	بسیار	0.013245
اقدامات	موثر	0.013245
اقدامات	پیش	0.013245
اقدامات	ضد	0.011038
اقدامات	قانونی	0.011038
اقدامات	جدی	0.011038
اقدامات	نظامی	0.011038
اقدامات	زیادی	0.011038
اقدامات	غیر	0.008830
اقدامات	خشونت	0.008830
اقدامات	پزشکی	0.008830
اقدامات	که	0.008830
اقدامات	اولیه	0.008830
اقدامات	ما	0.008830
اقدامات	آنها	0.008830
اقدامات	ستاد	0.008830
اقدامات	مشترک	0.006623
اقدامات	او	0.006623
اقدامات	قابل	0.006623
اقدامات	است	0.006623
اقدامات	سازمان	0.006623
اقدامات	بانک	0.006623
اقدامات	مثبت	0.006623
اقدامات	کاملا	0.006623
اقدامات	با	0.006623
اقدامات	پلیس	0.006623
الآن	به	0.138889
الآن	هم	0.111111
الله	علیه	0.101266
الله	و	0.101266
الله	در	0.075949
الله	زاده	0.075949
الله	به	0.056962
الله	با	0.050633
الله	دهه	0.037975
الله	علم	0.031646
الله	است	0.031646
الله	را	0.025316
الله	حسن	0.018987
الله	محمد	0.018987
الیزابت	دوم	0.444444
امروز	در	0.139373
امروز	به	0.051269
امروز	با	0.046789
امروز	چهارشنبه	0.040816
امروز	جمعه	0.034345
امروز	پنجشنبه	0.030363
امروز	شنبه	0.028372
امروز	دوشنبه	0.028372
امروز	هم	0.026879
امروز	از	0.023395
امروز	و	0.020906
امروز	این	0.016426
امروز	سه	0.016426
امروز	که	0.014933
امروز	شاهد	0.013937
امروز	تا	0.013937
امروز	ما	0.013937
امروز	برای	0.011946
امروز	است	0.009457
امروز	یک	0.009457
امروز	باید	0.007964
امروز	را	0.007466
امروز	اعلام	0.007466
امروز	بیش	0.007466
امروز	پس	0.006471
امروز	پنج	0.005973
امروز	کشور	0.004978
امروز	برگزار	0.004978
امروز	اگر	0.004480
امروز	صبح	0.004480
امروز	همه	0.004480
امروز	بود	0.004480
امروز	خود	0.004480
امروز	بر	0.004480
امروز	میلیون	0.004480
امروز	یکی	0.003982
امروز	روز	0.003982
امروز	گزارش	0.003484
امروز	بازی	0.003484
امروز	آخرین	0.003484
امضا	شد	0.132530
امضا	کرد	0.126506
امضا	کرده	0.108434
امضا	شده	0.102410
امضا	کردند	0.096386
امضا	رسید	0.060241
امضا	خواهد	0.030120
امضا	رسیده	0.024096
امضا	شود	0.024096
امضا	کند	0.024096
امضا	نشده	0.018072
امضا	کنیم	0.018072
امضا	کنند	0.018072
امضا	میکند	0.018072
املاک	و	0.308511
املاک	کشور	0.085106
املاک	در	0.074468
املاک	را	0.053191
املاک	با	0.031915
امنیتی	و	0.229025
امنیتی	در	0.083900
امنیتی	را	0.038549
امنیتی	این	0.029478
امنیتی	با	0.024943
امنیتی	به	0.022676
امنیتی	که	0.022676
امنیتی	برای	0.020408
امنیتی	کشور	0.018141
امنیتی	عراق	0.013605
امنیتی	پاکستان	0.013605
امنیتی	دو	0.011338
امنیتی	باید	0.011338
امنیتی	آنها	0.011338
امنیتی	است	0.011338
امنیتی	از	0.009070
امنیتی	یا	0.009070
امنیتی	آمریکا	0.009070
امنیتی	خود	0.009070
امنیتی	اطلاعاتی	0.006803
امنیتی	منطقه	0.006803
امنیتی	رابرت	0.006803
امنیتی	سازی	0.006803
امنیتی	سیاسی	0.006803
امنیتی	اعلام	0.006803
امنیتی	دستور	0.006803
امنیتی	خبر	0.006803
امنیتی	دستگیر	0.006803
ان	ان	0.135593
ان	جی	0.084746
ان	را	0.050847
ان	ای	0.050847
انتظار	داریم	0.123116
انتظار	است	0.092965
انتظار	می	0.057789
انتظار	داشت	0.052764
انتظار	دارد	0.052764
انتظار	میرفت	0.045226
انتظار	نیست	0.045226
انتظار	دارند	0.037688
انتظار	برای	0.030151
انتظار	داشتند	0.020101
انتظار	این	0.020101
انتظار	داشته	0.017588
انتظار	داشتیم	0.015075
انتظار	یک	0.015075
انتظار	از	0.015075
انتظار	بود	0.012563
انتظار	مردم	0.012563
انتظار	نخواهد	0.012563
انتظار	در	0.010050
انتظار	و	0.010050
انتظار	تیم	0.010050
انتظار	ما	0.010050
انتظار	رفتار	0.007538
انتظار	افزایش	0.007538
انتظار	را	0.007538
انتظار	دارم	0.007538
انتظار	تو	0.007538
انتظار	دریافت	0.007538
انتظار	آن	0.007538
انتظارش	را	0.800000
انجمن	های	0.057471
انجمن	قلب	0.057471
انجمن	دوستی	0.057471
انجمن	آثار	0.045977
انجمن	موسیقی	0.045977
انجمن	را	0.034483
انجمن	حمایت	0.034483
انجمن	و	0.034483
انجمن	نظارت	0.034483
انجمن	سرطان	0.034483
انجمن	اسب	0.034483
اندازه	کافی	0.171533
اندازه	یک	0.072993
اندازه	و	0.058394
اندازه	گیری	0.047445
اندازه	در	0.036496
اندازه	که	0.029197
اندازه	ای	0.025547
اندازه	این	0.021898
اندازه	به	0.021898
اندازه	از	0.014599
اندازه	خود	0.014599
اندازه	با	0.010949
اندازه	آن	0.010949
اندازه	نیاز	0.010949
انسانی	و	0.172881
انسانی	در	0.111864
انسانی	است	0.077966
انسانی	به	0.054237
انسانی	را	0.050847
انسانی	از	0.027119
انسانی	که	0.023729
انسانی	خود	0.013559
انسانی	با	0.013559
انسانی	برای	0.013559
انسانی	استفاده	0.010169
انسانی	بوده	0.010169
انسانی	این	0.010169
انسانی	دارد	0.010169
انسانی	آمریکا	0.010169
انفجار	در	0.200000
انفجار	و	0.056000
انفجار	بزرگ	0.056000
انفجار	بمب	0.048000
انفجار	به	0.032000
انفجار	این	0.032000
انفجار	گاز	0.032000
انفجار	آن	0.024000
انفجار	یک	0.024000
انفجار	را	0.024000
انفجار	از	0.024000
انگشت	اتهام	0.218750
انگشت	را	0.125000
انگشت	خود	0.093750
اهل	سنت	0.256881
اهل	قلم	0.055046
اهل	شهر	0.036697
اهل	خانه	0.036697
اهل	محل	0.027523
اهمیت	است	0.124424
اهمیت	دارد	0.110599
اهمیت	زیادی	0.066820
اهمیت	این	0.052995
اهمیت	و	0.036866
اهمیت	موضوع	0.034562
اهمیت	بیشتری	0.025346
اهمیت	بسیار	0.025346
اهمیت	ویژه	0.018433
اهمیت	آن	0.016129
اهمیت	پیدا	0.016129
اهمیت	نقش	0.016129
اهمیت	داشت	0.013825
اهمیت	بسیاری	0.013825
اهمیت	حضور	0.011521
اهمیت	بود	0.011521
اهمیت	بالای	0.009217
اهمیت	به	0.009217
اهمیت	سفر	0.009217
اهمیت	دهند	0.006912
اهمیت	توجه	0.006912
اهمیت	قرار	0.006912
اهمیت	فوق	0.006912
اهمیت	باشد	0.006912
اهمیت	در	0.006912
اهمیت	انتخابات	0.006912
اهمیت	مشاوره	0.006912
اهمیت	همکاری	0.006912
اهمیت	جایگاه	0.006912
اهمیت	طرح	0.006912
اولین	بار	0.278832
اولین	بازی	0.033577
اولین	فیلم	0.020438
اولین	دوره	0.017518
اولین	روز	0.016058
اولین	و	0.016058
اولین	گام	0.014599
اولین	باری	0.014599
اولین	پرواز	0.014599
اولین	مرحله	0.014599
اولین	سفر	0.014599
اولین	تجربه	0.013139
اولین	اقدام	0.011679
اولین	کسانی	0.011679
اولین	فرصت	0.011679
اولین	کسی	0.011679
اولین	جلسه	0.011679
اولین	نشست	0.010219
اولین	گل	0.010219
اولین	گروه	0.008759
اولین	حضور	0.008759
اولین	واکنش	0.008759
اولین	کار	0.007299
اولین	کاری	0.007299
اولین	آزمایش	0.007299
اولین	برنامه	0.005839
اولین	انتخابات	0.005839
اولین	پروژه	0.005839
اولین	تصویر	0.005839
اولین	سند	0.005839
اولین	پرتاب	0.004380
اولین	رئیس	0.004380
اولین	سال	0.004380
اولین	عرضه	0.004380
اولین	مورد	0.004380
اولین	شب	0.004380
اولین	محصول	0.004380
اولین	مصاحبه	0.004380
اولین	نکته	0.004380
اولین	نمایش	0.004380
اون	رهبر	0.075000
اون	هم	0.050000
اون	در	0.050000
اون	دنیا	0.050000
اونایی	که	0.750000
اونی	که	1.000000
ایالات	متحده	0.996875
ایالت	تگزاس	0.136364
ایست	و	0.333333
ایستگاه	فضایی	0.336207
ایستگاه	به	0.077586
ایستگاه	مترو	0.043103
ایستگاه	در	0.043103
ایستگاه	های	0.034483
ایستگاه	و	0.034483
ایستگاه	است	0.025862
ایستگاه	راه	0.025862
ایستگاه	شارژ	0.025862
ایستگاه	برای	0.025862
ایم	و	0.300000
ایم	که	0.237500
ایم	تا	0.075000
ایم	در	0.075000
ایم	به	0.062500
ایم	اما	0.037500
اینا	رو	0.250000
اینطور	نیست	0.201835
اینطور	است	0.064220
اینطور	به	0.064220
اینطور	توضیح	0.045872
اینطور	باشد	0.045872
اینطور	که	0.045872
اینطور	ادامه	0.036697
اینطور	نبود	0.027523
اینطور	فکر	0.027523
اینطور	بود	0.027523
اینطور	بیان	0.027523
اینکار	را	0.600000
بابت	این	0.097087
بابت	آن	0.058252
بابت	خرید	0.029126
بابت	فصل	0.029126
بابت	قرارداد	0.029126
بابت	اینکه	0.029126
باخبر	شدیم	0.235294
باران	و	0.283019
باران	در	0.157233
باران	شدید	0.031447
باران	رعد	0.031447
باران	را	0.025157
باران	گاهی	0.025157
باران	است	0.025157
باران	می	0.018868
باران	خواهد	0.018868
بازار	سرمایه	0.053131
بازار	مسکن	0.053131
بازار	آزاد	0.041746
بازار	و	0.035104
بازار	به	0.032258
بازار	در	0.029412
بازار	را	0.024668
بازار	عرضه	0.024668
بازار	است	0.020873
بازار	سهام	0.019924
بازار	کار	0.018975
بازار	جهانی	0.017078
بازار	از	0.015180
بازار	طلا	0.014231
بازار	وجود	0.011385
بازار	اجاره	0.010436
بازار	هم	0.010436
بازار	با	0.009488
بازار	داخلی	0.009488
بازار	این	0.008539
بازار	نقل	0.008539
بازار	امروز	0.007590
بازار	بزرگ	0.007590
بازار	کتاب	0.007590
بازار	شد	0.007590
بازار	مرغ	0.007590
بازار	سیاه	0.006641
بازار	میلیون	0.006641
بازار	مبادله	0.006641
بازار	گوشت	0.006641
بازار	شده	0.006641
بازار	هدف	0.006641
بازار	هزار	0.006641
بازار	خواهد	0.005693
بازار	برنج	0.005693
بازار	قیمت	0.005693
بازار	لوازم	0.005693
بازار	برای	0.005693
بازار	که	0.004744
بازار	خرید	0.004744
باشند	و	0.317328
باشند	که	0.150313
باشند	تا	0.066806
باشند	اما	0.050104
باشند	در	0.025052
باشند	به	0.022965
باشند	یا	0.018789
باشند	با	0.018789
باشند	از	0.016701
باشند	باید	0.016701
باشند	ولی	0.016701
باشند	نه	0.012526
باشند	چون	0.010438
باشند	این	0.008351
باشند	چرا	0.008351
باشند	برای	0.008351
باشند	گفت	0.008351
باشند	قطعا	0.006263
باشند	یعنی	0.006263
باشند	بسیار	0.006263
باشند	بلکه	0.006263
باشند	البته	0.006263
باشگاه	را	0.063910
باشگاه	در	0.050752
باشگاه	به	0.050752
باشگاه	و	0.048872
باشگاه	با	0.037594
باشگاه	از	0.024436
باشگاه	های	0.024436
باشگاه	فوتبال	0.016917
باشگاه	برای	0.016917
باشگاه	است	0.016917
باشگاه	باید	0.016917
باشگاه	هم	0.015038
باشگاه	دیگر	0.013158
باشگاه	ما	0.011278
باشگاه	ها	0.011278
باشگاه	گل	0.009398
باشگاه	صنعت	0.007519
باشگاه	وجود	0.007519
باشگاه	اعلام	0.007519
باشگاه	هایی	0.007519
باشگاه	فیلم	0.007519
باشگاه	این	0.007519
باشگاه	بزرگ	0.007519
باشگاه	که	0.007519
باشگاه	صحبت	0.007519
باشگاه	قرارداد	0.007519
باشگاه	انتخاب	0.005639
باشگاه	خواسته	0.005639
باشگاه	یک	0.005639
باشگاه	فرانسوی	0.005639
باشگاه	مطرح	0.005639
باشگاه	بوده	0.005639
باشگاه	شد	0.005639
باشگاه	بود	0.005639
باشگاه	حضور	0.005639
باشگاه	داده	0.005639
باشگاه	شده	0.005639
باشیم	و	0.303846
باشیم	که	0.203846
باشیم	تا	0.061538
باشیم	در	0.038462
باشیم	اما	0.038462
باشیم	باید	0.026923
باشیم	این	0.023077
باشیم	به	0.023077
باشیم	یا	0.019231
باشیم	چون	0.011538
باشیم	از	0.011538
باشیم	ولی	0.011538
باشیم	با	0.011538
باشیم	چرا	0.011538
باشیم	وقتی	0.011538
باغ	وحش	0.148760
باغ	کتاب	0.082645
باغ	موزه	0.066116
باغ	و	0.057851
باغ	را	0.049587
باغ	در	0.033058
باغ	به	0.033058
باغ	هنر	0.033058
باغ	شاه	0.024793
باغ	یا	0.024793
باقی	مانده	0.560606
باقی	ماند	0.146465
باقی	خواهد	0.075758
باقی	است	0.060606
باقی	نمی	0.020202
باقی	می	0.020202
باقی	نخواهد	0.015152
بالای	سال	0.146965
بالای	سر	0.102236
بالای	درصد	0.060703
بالای	صفر	0.060703
بالای	هزار	0.041534
بالای	این	0.038339
بالای	آن	0.028754
بالای	جدول	0.028754
بالای	دروازه	0.025559
بالای	دلار	0.025559
بالای	یک	0.022364
بالای	میلیون	0.015974
بالای	خود	0.015974
بالای	سرش	0.012780
بالای	متر	0.012780
بالای	شهر	0.009585
بالای	درجه	0.009585
بالای	کشور	0.009585
بالغ	بر	0.851562
بامزه	و	0.333333
باید	به	0.126456
باید	در	0.102003
باید	از	0.086167
باید	با	0.059152
باید	برای	0.031672
باید	این	0.028645
باید	دید	0.015370
باید	یک	0.013507
باید	منتظر	0.012809
باید	توجه	0.011877
باید	گفت	0.010946
باید	انجام	0.009781
باید	مورد	0.009082
باید	آن	0.008151
باید	همه	0.008151
باید	تلاش	0.007918
باید	تا	0.007685
باید	بر	0.006521
باید	هر	0.006055
باید	توسط	0.005356
باید	نسبت	0.004891
باید	باشد	0.004658
باید	ببینیم	0.004658
باید	تمام	0.004425
باید	مراقب	0.004192
باید	دست	0.004192
باید	چه	0.003726
باید	بیش	0.003726
باید	روی	0.003493
باید	بیشتر	0.003493
باید	ابتدا	0.003493
باید	هزینه	0.003260
باید	کرد	0.003260
باید	چند	0.003027
باید	کار	0.002795
باید	وارد	0.002795
باید	حتما	0.002795
باید	کمک	0.002795
باید	نگران	0.002562
باید	قبل	0.002562
بجای	اینکه	0.250000
بخار	قدرت	0.204082
بخار	و	0.204082
بخار	آب	0.204082
بخار	را	0.061224
بخاطر	این	0.152174
بخاطر	اینکه	0.065217
بخصوص	در	0.428571
بدترین	شرایط	0.146341
بدترین	شکل	0.097561
بدترین	وضعیت	0.073171
بدن	شما	0.068376
بدن	را	0.064103
بدن	و	0.061966
بدن	خود	0.055556
بدن	به	0.049145
بدن	است	0.047009
بدن	کمک	0.044872
بدن	انسان	0.044872
بدن	در	0.036325
بدن	ما	0.029915
بدن	برای	0.021368
بدن	از	0.021368
بدن	دارد	0.014957
بدن	او	0.014957
بدن	آنها	0.012821
بدن	شود	0.012821
بدن	این	0.010684
بدن	با	0.010684
بدن	دچار	0.010684
بدن	که	0.010684
بدن	افراد	0.008547
بدن	می	0.008547
بدن	بیمار	0.008547
بدن	ایجاد	0.008547
بدن	فرد	0.008547
بدن	خارج	0.008547
بدن	آسیب	0.006410
بدن	داشته	0.006410
بدن	قادر	0.006410
بدن	ممکن	0.006410
بدن	شده	0.006410
بدن	انجام	0.006410
بدن	وجود	0.006410
بدن	بسیار	0.006410
بدهکار	است	0.266667
بدهکار	بود	0.200000
برابر	با	0.069085
برابر	شده	0.058722
برابر	این	0.041451
برابر	بیشتر	0.032815
برابر	افزایش	0.027634
برابر	قانون	0.024180
برابر	و	0.020725
برابر	آن	0.017271
برابر	روسیه	0.015544
برابر	است	0.013817
برابر	شود	0.012090
برابر	حملات	0.012090
برابر	حداقل	0.010363
برابر	دلار	0.010363
برابر	یک	0.010363
برابر	دشمن	0.010363
برابر	تیم	0.010363
برابر	شد	0.010363
برابر	خورشید	0.008636
برابر	بزرگتر	0.008636
برابر	شدن	0.008636
برابر	قیمت	0.008636
برابر	خواهد	0.008636
برابر	دشمنان	0.008636
برابر	هم	0.008636
برابر	آب	0.008636
برابر	آمریکا	0.008636
برابر	میکند	0.008636
برابر	بیماری	0.008636
برابر	صنعت	0.008636
برابر	سرعت	0.006908
برابر	نیروهای	0.006908
برابر	فشار	0.006908
برابر	چین	0.006908
برابر	مقاومت	0.006908
برابر	او	0.005181
برابر	نسبت	0.005181
برابر	سریعتر	0.005181
برابر	ضربه	0.005181
برابر	هرگونه	0.005181
براساس	این	0.207469
براساس	اعلام	0.078838
براساس	قانون	0.074689
براساس	گزارش	0.070539
براساس	آن	0.037344
براساس	آمار	0.029046
براساس	آخرین	0.024896
براساس	قوانین	0.020747
براساس	یک	0.020747
براساس	اطلاعات	0.020747
براساس	برنامه	0.020747
براساس	تحقیقات	0.016598
براساس	آنچه	0.016598
براساس	تصمیم	0.016598
براساس	همین	0.012448
براساس	زندگی	0.012448
براساس	توافق	0.012448
براساس	ماده	0.012448
برای	این	0.042406
برای	ما	0.016855
برای	حضور	0.015510
برای	اولین	0.014524
برای	آن	0.012731
برای	خرید	0.012641
برای	اینکه	0.012283
برای	مردم	0.012103
برای	انجام	0.011117
برای	حل	0.011117
برای	ایجاد	0.010579
برای	همه	0.010490
برای	رسیدن	0.010400
برای	هر	0.010310
برای	جلوگیری	0.010221
برای	یک	0.010221
برای	من	0.010221
برای	آنها	0.010131
برای	توسعه	0.009414
برای	کاهش	0.009234
برای	رفع	0.009055
برای	افزایش	0.008786
برای	ساخت	0.008786
برای	استفاده	0.008696
برای	همین	0.008607
برای	کمک	0.008427
برای	بررسی	0.008248
برای	خود	0.007979
برای	حفظ	0.007890
برای	مثال	0.007890
برای	او	0.007800
برای	مقابله	0.007262
برای	تولید	0.006993
برای	جذب	0.006545
برای	شما	0.006365
برای	شرکت	0.006186
برای	تیم	0.006186
برای	ورود	0.006007
برای	بازی	0.006007
برای	دریافت	0.005738
برخلاف	قانون	0.077922
برخلاف	همه	0.064935
برخلاف	آنچه	0.051948
برخلاف	گذشته	0.038961
برخلاف	تصور	0.038961
برخلاف	بسیاری	0.038961
بردن	از	0.228571
بردن	به	0.095238
بردن	بوی	0.028571
بردن	این	0.028571
بردن	آن	0.028571
بردن	سطح	0.028571
برده	است	0.278912
برده	و	0.210884
برده	شده	0.068027
برده	بودند	0.068027
برده	بود	0.047619
برده	باشد	0.034014
برده	شد	0.034014
برده	اند	0.027211
برده	شود	0.020408
برده	می	0.020408
برده	که	0.020408
بررسی	قرار	0.116736
بررسی	و	0.100207
بررسی	است	0.036157
بررسی	کردند	0.033058
بررسی	این	0.029959
بررسی	کنید	0.027893
بررسی	کند	0.025826
بررسی	شد	0.023760
بررسی	شود	0.023760
بررسی	موضوع	0.021694
بررسی	کنیم	0.018595
بررسی	کنند	0.016529
بررسی	میکند	0.015496
بررسی	کرده	0.015496
بررسی	شده	0.015496
بررسی	وضعیت	0.013430
بررسی	در	0.013430
بررسی	بیشتر	0.012397
بررسی	کرد	0.011364
بررسی	ها	0.010331
بررسی	دقیق	0.010331
بررسی	های	0.009298
بررسی	میکنند	0.009298
بررسی	آن	0.009298
بررسی	کردیم	0.009298
بررسی	جزئیات	0.008264
بررسی	خواهد	0.008264
بررسی	مشکلات	0.008264
بررسی	قیمت	0.007231
بررسی	جدید	0.007231
بررسی	از	0.007231
بررسی	میکنیم	0.006198
بررسی	آخرین	0.006198
بررسی	می	0.006198
بررسی	خواهیم	0.006198
بررسی	علت	0.006198
بررسی	مجدد	0.006198
بررسی	مدارک	0.006198
بررسی	را	0.005165
بررسی	مسائل	0.005165
برسم	و	1.000000
برکت	و	0.202381
برکت	انقلاب	0.119048
برکت	خون	0.119048
برکت	از	0.035714
برکت	این	0.035714
برکت	گفت	0.035714
برگ	برنده	0.208333
برگ	سبز	0.125000
برگ	های	0.125000
برگ	خوار	0.062500
برگردیم	به	0.333333
برگردیم	و	0.266667
برگشتم	و	0.444444
بزرگترین	و	0.111111
بزرگترین	چالش	0.049383
بزرگترین	مشکل	0.030864
بزرگترین	اقتصاد	0.024691
بزرگترین	بانک	0.024691
بزرگترین	تولید	0.024691
بزرگترین	مانع	0.018519
بزرگترین	منبع	0.018519
بزرگترین	دریاچه	0.018519
بزرگترین	مشکلات	0.018519
بزرگترین	سرمایه	0.018519
بست	و	0.368421
بشقاب	پرنده	0.727273
بطور	کامل	0.160000
بطور	کلی	0.160000
بطور	رسمی	0.120000
بعضی	از	0.705179
بعضی	ها	0.039841
بعضی	وقتها	0.039841
بعضی	افراد	0.031873
بعضی	مواقع	0.019920
بعضی	موارد	0.011952
بعضی	اوقات	0.011952
بعضی	هم	0.011952
بفرما	و	0.600000
بلکه	به	0.110403
بلکه	در	0.104034
بلکه	با	0.057325
بلکه	باید	0.053079
بلکه	برای	0.042463
بلکه	یک	0.031847
بلکه	از	0.031847
بلکه	این	0.025478
بلکه	حتی	0.016985
بلکه	همه	0.010616
بلکه	آن	0.008493
بلکه	تنها	0.006369
بلکه	هر	0.006369
بلکه	آنها	0.006369
بلکه	بر	0.006369
بلکه	بیشتر	0.006369
بلکه	تمام	0.006369
بلکه	طبق	0.006369
بلکه	ما	0.006369
بنا	به	0.358156
بنا	بر	0.273050
بنا	شده	0.053191
بنا	داریم	0.042553
بنا	شد	0.031915
بنا	دارد	0.024823
بنا	نیست	0.021277
بنا	ندارد	0.014184
بنا	کرد	0.014184
بنا	بود	0.014184
بنا	و	0.010638
بنا	را	0.010638
بنظر	می	0.555556
بهار	آزادی	0.162602
بهار	و	0.113821
بهار	سال	0.081301
بهار	امسال	0.073171
بهار	طبیعت	0.056911
بهار	است	0.040650
بهار	را	0.040650
بهار	در	0.040650
بهار	برای	0.024390
بهبود	یافته	0.122172
بهبود	وضعیت	0.099548
بهبود	روابط	0.090498
بهبود	پیدا	0.067873
بهبود	شرایط	0.049774
بهبود	سلامت	0.045249
بهبود	و	0.036199
بهبود	می	0.027149
بهبود	این	0.022624
بهبود	اوضاع	0.022624
بهبود	سیستم	0.018100
بهبود	آن	0.013575
بهبود	است	0.013575
بهبود	دهد	0.013575
بهترین	شکل	0.070732
بهترین	و	0.065854
بهترین	فرصت	0.048780
بهترین	راه	0.046341
بهترین	زمان	0.039024
بهترین	گزینه	0.034146
بهترین	حالت	0.029268
بهترین	فیلم	0.029268
بهترین	انتخاب	0.029268
بهترین	روش	0.021951
بهترین	تیم	0.021951
بهترین	نتیجه	0.021951
بهترین	قیمت	0.019512
بهترین	شرایط	0.014634
بهترین	کار	0.014634
بهترین	مربی	0.012195
بهترین	ها	0.012195
بهترین	وضعیت	0.009756
بهترین	خدمات	0.009756
بهترین	مدل	0.009756
بهترین	استفاده	0.009756
بهترین	است	0.007317
بهترین	نوع	0.007317
بهترین	ابزار	0.007317
بهترین	فرم	0.007317
بهترین	برند	0.007317
بهترین	مدافع	0.007317
بهترین	منابع	0.007317
بهترین	موقعیت	0.007317
بوجود	آمدن	0.235294
بوجود	آورد	0.235294
بوجود	آمده	0.176471
بودند	که	0.263617
بودند	و	0.194989
بودند	به	0.053377
بودند	در	0.047930
بودند	اما	0.046841
بودند	تا	0.039216
بودند	با	0.025054
بودند	را	0.018519
بودند	این	0.015251
بودند	ولی	0.013072
بودند	از	0.010893
بودند	من	0.006536
بودند	خیلی	0.005447
بودند	همه	0.005447
بودند	ما	0.005447
بودند	هم	0.005447
بودند	گفت	0.005447
بودند	چون	0.004357
بودند	تیم	0.004357
بودند	خبر	0.003268
بودند	چه	0.003268
بودند	پس	0.003268
بودند	نه	0.003268
بودند	بررسی	0.003268
بودند	شروع	0.003268
بودند	یا	0.003268
بودند	برای	0.003268
بودند	یک	0.003268
بودی	و	0.300000
بودید	و	0.233333
بودید	که	0.100000
بوی	بد	0.300000
بوی	خوش	0.060000
بکنیم	و	0.300000
بی	سابقه	0.072000
بی	شک	0.058667
بی	گناه	0.053333
بی	بی	0.048000
بی	سی	0.037333
بی	دفاع	0.029333
بی	نتیجه	0.026667
بی	تفاوت	0.026667
بی	بند	0.016000
بی	وقفه	0.016000
بی	فایده	0.013333
بی	تاثیر	0.013333
بی	ادب	0.013333
بی	ارزش	0.013333
بی	نهایت	0.013333
بی	خیال	0.013333
بی	اساس	0.013333
بی	سر	0.010667
بی	ام	0.010667
بی	اثر	0.010667
بی	خبر	0.010667
بی	مورد	0.010667
بی	سیم	0.010667
بی	در	0.008000
بی	حالی	0.008000
بی	آی	0.008000
بی	طرف	0.008000
بی	قانونی	0.008000
بی	اطلاع	0.008000
بی	رنگ	0.008000
بی	نقص	0.008000
بی	پایان	0.008000
بی	نیاز	0.008000
بی	هدف	0.008000
بی	واسطه	0.008000
بی	خطر	0.008000
بی	توجه	0.008000
بی	جی	0.008000
بی	ربط	0.008000
بی	بهره	0.008000
بیان	اینکه	0.458960
بیان	کرد	0.354104
بیان	داشت	0.047271
بیان	این	0.020627
بیان	میکند	0.012462
بیان	شده	0.008165
بیان	و	0.006876
بیان	شد	0.006016
بیان	کردند	0.005587
بیان	کنند	0.004727
بیان	کرده	0.003868
بیان	می	0.003868
بیان	میکنند	0.003868
بیان	کنم	0.003438
بیان	دیگر	0.003438
بیان	شود	0.003008
بیان	کنید	0.002578
بیان	کنیم	0.002578
بیان	کند	0.002578
بیان	است	0.002149
بیان	برخی	0.001719
بیان	در	0.001719
بیان	میشد	0.001719
بیان	اقدامات	0.001289
بیان	یک	0.001289
بیان	کردیم	0.001289
بیان	جزئیات	0.001289
بیان	آنها	0.001289
بیایید	و	0.230769
بیشتر	از	0.205674
بیشتر	در	0.071567
بیشتر	به	0.061896
بیشتر	است	0.049645
بیشتر	و	0.038685
بیشتر	شود	0.018698
بیشتر	با	0.018053
بیشتر	برای	0.017408
بیشتر	این	0.016763
بیشتر	آنها	0.013540
بیشتر	باشد	0.012895
بیشتر	خواهد	0.012250
بیشتر	شده	0.010961
بیشتر	شد	0.010316
بیشتر	مردم	0.009671
بیشتر	را	0.008382
بیشتر	بود	0.008382
بیشتر	روی	0.007737
بیشتر	بوده	0.007092
بیشتر	بر	0.007092
بیشتر	مواقع	0.006447
بیشتر	هم	0.006447
بیشتر	آشنا	0.006447
بیشتر	آن	0.005803
بیشتر	می	0.005158
بیشتر	طول	0.005158
بیشتر	مورد	0.005158
بیشتر	میکند	0.005158
بیشتر	استفاده	0.005158
بیشتر	درباره	0.005158
بیشتر	مناطق	0.005158
بیشتر	کند	0.005158
بیشتر	افراد	0.004513
بیشتر	احتمال	0.003868
بیشتر	موارد	0.003868
بیشتر	میشد	0.003868
بیشتر	شبیه	0.003868
بیشتر	کرده	0.003868
بیشتر	کنند	0.003224
بیشتر	مصرف	0.003224
بیمارستان	منتقل	0.110714
بیمارستان	به	0.053571
بیمارستان	و	0.050000
بیمارستان	در	0.046429
بیمارستان	های	0.042857
بیمارستان	از	0.035714
بیمارستان	را	0.032143
بیمارستان	شفا	0.032143
بیمارستان	ها	0.032143
بیمارستان	انتقال	0.021429
بیمارستان	تحت	0.021429
بیمارستان	جان	0.021429
بیمارستان	است	0.017857
بیمارستان	مرخص	0.014286
بیمارستان	مادر	0.014286
بیمارستان	با	0.010714
بیمارستان	کودکان	0.010714
بیمارستان	اعزام	0.010714
بیمارستان	قلب	0.010714
بیمارستان	حضرت	0.010714
بیمارستان	برای	0.010714
بیماری	را	0.059524
بیماری	های	0.059524
بیماری	به	0.047619
بیماری	کبد	0.047619
بیماری	در	0.047619
بیماری	و	0.044643
بیماری	است	0.035714
بیماری	از	0.026786
بیماری	که	0.023810
بیماری	سرطان	0.020833
بیماری	ها	0.020833
بیماری	خود	0.014881
بیماری	هایی	0.011905
بیماری	برای	0.011905
بیماری	تب	0.011905
بیماری	با	0.011905
بیماری	تا	0.011905
بیماری	شدید	0.011905
بیماری	وجود	0.008929
بیماری	بود	0.008929
بیماری	زمینه	0.008929
بیماری	شد	0.008929
بیماری	هستند	0.008929
بیماری	شده	0.008929
بیماری	روانی	0.008929
بیماری	افزایش	0.008929
بیماری	کمک	0.008929
بیماری	دارند	0.008929
بیماری	مبتلا	0.008929
بیماری	جدی	0.008929
بیماری	باید	0.008929
بیماری	می	0.008929
تا	به	0.067985
تا	پایان	0.049582
تا	در	0.044411
تا	این	0.033156
تا	از	0.032852
تا	با	0.032243
تا	سال	0.028593
تا	درصد	0.019772
تا	اینکه	0.013992
تا	روز	0.013688
تا	زمانی	0.013384
تا	هزار	0.013080
تا	یک	0.011407
تا	حد	0.010646
تا	امروز	0.010494
تا	ساعت	0.010342
تا	جایی	0.010342
تا	چه	0.009278
تا	زمان	0.008821
تا	میلیون	0.008821
تا	پیش	0.008213
تا	برای	0.008061
تا	دو	0.006996
تا	قبل	0.006996
تا	سه	0.005779
تا	او	0.005627
تا	مردم	0.005475
تا	ماه	0.004867
تا	الان	0.004867
تا	درجه	0.004867
تا	آن	0.004867
تا	چند	0.004867
تا	وقتی	0.004715
تا	آخر	0.004411
تا	سقف	0.004411
تا	همین	0.004259
تا	آنها	0.004259
تا	آخرین	0.004259
تا	شاهد	0.004259
تا	صبح	0.003802
تاج	رئیس	0.144444
تاج	و	0.111111
تاج	در	0.077778
تاج	گل	0.055556
تاج	متر	0.033333
تاج	با	0.033333
تاج	به	0.033333
تاج	برای	0.033333
تاریخ	و	0.075893
تاریخ	است	0.044643
تاریخ	فوتبال	0.035714
تاریخ	در	0.029018
تاریخ	تا	0.029018
تاریخ	به	0.026786
تاریخ	را	0.024554
تاریخ	این	0.022321
تاریخ	انقلاب	0.017857
تاریخ	مصرف	0.015625
تاریخ	خود	0.015625
تاریخ	تولد	0.015625
تاریخ	کشور	0.015625
تاریخ	باشگاه	0.013393
تاریخ	از	0.011161
تاریخ	بشر	0.011161
تاریخ	توسط	0.008929
تاریخ	آن	0.008929
تاریخ	مهر	0.008929
تاریخ	پر	0.008929
تاریخ	آمریکا	0.008929
تاریخ	برای	0.008929
تاریخ	دقیق	0.006696
تاریخ	خواهد	0.006696
تاریخ	با	0.006696
تاریخ	روابط	0.006696
تاریخ	که	0.006696
تاریخ	ثبت	0.006696
تاریخ	یکم	0.006696
تاریخ	سوم	0.006696
تاریخ	اعزام	0.006696
تاریخ	سازی	0.006696
تاریخ	جمهوری	0.006696
تاریخ	فرهنگ	0.006696
تاریخ	تولید	0.006696
تاریخ	اکتبر	0.006696
تاریخ	نوشته	0.006696
تاریخ	سراغ	0.006696
تاسف	و	0.160000
تاسف	از	0.160000
تاسف	کرد	0.120000
تاسف	بار	0.120000
تالار	شهر	0.142857
تالار	مرکزی	0.142857
تالار	هنر	0.107143
تانک	و	0.153846
تانک	های	0.134615
تانک	را	0.076923
تانک	به	0.076923
تانک	ارتش	0.076923
تانک	در	0.057692
تبریک	گفت	0.337209
تبریک	دهه	0.069767
تبریک	عرض	0.058140
تبریک	می	0.058140
تبریک	و	0.058140
تبریک	سال	0.058140
تبریک	هفته	0.058140
تبریک	گفتند	0.046512
تجاوز	به	0.292308
تجاوز	و	0.107692
تجاوز	جنسی	0.092308
تجاوز	علیه	0.046154
تخم	مرغ	0.835443
تخم	گذار	0.037975
تر	از	0.163701
تر	است	0.110320
تر	و	0.106762
تر	می	0.067616
تر	به	0.039146
تر	شدن	0.039146
تر	باشد	0.024911
تر	هم	0.021352
تر	در	0.021352
تر	خواهد	0.017794
تر	هستند	0.017794
تر	شده	0.017794
تر	با	0.014235
تر	این	0.014235
تر	شد	0.014235
تر	را	0.010676
تر	بر	0.010676
تر	شود	0.010676
تر	کرد	0.010676
تر	بود	0.010676
ترتیب	با	0.082609
ترتیب	و	0.073913
ترتیب	در	0.052174
ترتیب	به	0.052174
ترتیب	که	0.039130
ترتیب	از	0.030435
ترتیب	این	0.026087
ترتیب	دادند	0.021739
ترتیب	داده	0.021739
ترتیب	داد	0.017391
ترتیب	است	0.017391
ترتیب	خواهد	0.013043
ترتیب	او	0.013043
ترتیب	سال	0.013043
ترتیب	هزار	0.013043
ترجمه	و	0.114754
ترجمه	شده	0.081967
ترجمه	شد	0.049180
ترجمه	آثار	0.049180
ترسناک	است	0.242424
تره	بار	1.000000
تری	را	0.155556
تری	به	0.111111
تری	دارند	0.088889
تری	در	0.088889
تری	دارد	0.066667
تری	نسبت	0.066667
تشکیل	شده	0.162978
تشکیل	پرونده	0.110664
تشکیل	شد	0.098592
تشکیل	می	0.050302
تشکیل	شود	0.050302
تشکیل	داده	0.042254
تشکیل	یک	0.042254
تشکیل	و	0.042254
تشکیل	دولت	0.034205
تشکیل	جلسه	0.030181
تشکیل	حکومت	0.018109
تشکیل	خواهد	0.018109
تشکیل	این	0.016097
تشکیل	وزارت	0.016097
تشکیل	داد	0.014085
تشکیل	سازمان	0.014085
تشکیل	دادند	0.014085
تشکیل	دهند	0.014085
تشکیل	دهد	0.010060
تشکیل	دهنده	0.010060
تشکیل	تیم	0.010060
تشکیل	کشور	0.010060
تشکیل	خانواده	0.010060
تشکیل	دادیم	0.010060
تشکیل	سرمایه	0.008048
تشکیل	آن	0.006036
تشکیل	دو	0.006036
تشکیل	میشد	0.006036
تشکیل	میداد	0.006036
تشکیل	نشده	0.006036
تشکیل	جلسات	0.006036
تغییر	در	0.055794
تغییر	کرده	0.055794
تغییر	کند	0.047210
تغییر	دهد	0.045780
تغییر	میکند	0.040057
تغییر	کرد	0.038627
تغییر	داد	0.034335
تغییر	و	0.028612
تغییر	رنگ	0.025751
تغییر	شکل	0.025751
تغییر	داده	0.024320
تغییر	پیدا	0.022890
تغییر	ساعت	0.021459
تغییر	قیمت	0.021459
تغییر	نام	0.018598
تغییر	دهند	0.017167
تغییر	مسیر	0.015737
تغییر	خواهد	0.014306
تغییر	است	0.014306
تغییر	نکرده	0.014306
تغییر	می	0.011445
تغییر	باقی	0.010014
تغییر	نخواهد	0.008584
تغییر	این	0.008584
تغییر	یافته	0.007153
تغییر	سبک	0.007153
تغییر	قانون	0.007153
تغییر	نسل	0.007153
تغییر	دادند	0.007153
تغییر	ایجاد	0.007153
تغییر	زیادی	0.005722
تغییر	سیاست	0.005722
تغییر	شرایط	0.005722
تغییر	سن	0.005722
تغییر	روش	0.005722
تغییر	وزیر	0.005722
تغییر	میداد	0.004292
تغییر	جهان	0.004292
تغییر	وزن	0.004292
تغییر	جهت	0.004292
تفاوت	در	0.112583
تفاوت	دارد	0.099338
تفاوت	بین	0.072848
تفاوت	که	0.066225
تفاوت	این	0.046358
تفاوت	قیمت	0.039735
تفاوت	زیادی	0.033113
تفاوت	وجود	0.026490
تفاوت	دارند	0.026490
تفاوت	باشد	0.019868
تفاوت	باشیم	0.019868
تفاوت	های	0.019868
تفاوت	ها	0.019868
تفاوت	را	0.019868
تفاوت	بسیاری	0.019868
تقاضا	برای	0.207547
تقاضا	در	0.132075
تقاضا	را	0.066038
تقاضا	داریم	0.056604
تقاضا	و	0.056604
تقاضا	به	0.056604
تقاضا	از	0.037736
تقاضا	میکنم	0.028302
تقاضا	است	0.028302
تقاضا	می	0.028302
تقاطع	غیر	0.416667
تقلب	و	0.181818
تقلب	در	0.136364
تلاشم	را	0.600000
تلاشم	این	0.266667
تمدن	و	0.183333
تمدن	سازی	0.116667
تمدن	غرب	0.066667
تمدن	در	0.050000
تنش	آبی	0.154412
تنش	در	0.147059
تنش	و	0.102941
تنش	بین	0.088235
تنش	ها	0.058824
تنش	با	0.036765
تنش	را	0.036765
تنش	میان	0.036765
تنش	های	0.029412
تنش	به	0.022059
تنش	شدید	0.022059
تنفس	و	0.102564
تنفس	در	0.076923
توجه	به	0.611083
توجه	قرار	0.050424
توجه	داشته	0.028457
توجه	ویژه	0.021468
توجه	است	0.018472
توجه	و	0.017973
توجه	داشت	0.015477
توجه	کنند	0.011982
توجه	شود	0.011483
توجه	کنیم	0.010984
توجه	کنید	0.010984
توجه	در	0.009985
توجه	کرد	0.009486
توجه	کند	0.006490
توجه	بیشتری	0.005991
توجه	این	0.005991
توجه	جدی	0.005492
توجه	بود	0.004493
توجه	بیشتر	0.004493
توجه	شده	0.004493
توجه	بوده	0.003994
توجه	باشد	0.003994
توجه	خاصی	0.003495
توجه	دارند	0.002996
توجه	هستند	0.002996
توجه	میکند	0.002496
توجه	دولت	0.002496
توجه	کرده	0.002496
توجه	دیگر	0.002496
توجه	بسیاری	0.002496
توجه	ما	0.002496
توجه	دارد	0.001997
توجه	زیادی	0.001997
توجه	خاص	0.001997
توجه	می	0.001997
توجه	اینجاست	0.001997
توجه	شما	0.001498
توجه	نکنیم	0.001498
توجه	ندارند	0.001498
توجه	را	0.001498
تور	خود	0.111111
تور	را	0.083333
توصیه	کرد	0.144231
توصیه	می	0.115385
توصیه	شده	0.086538
توصیه	میکنیم	0.086538
توصیه	به	0.062500
توصیه	میکند	0.057692
توصیه	میکنند	0.052885
توصیه	میکنم	0.033654
توصیه	های	0.033654
توصیه	کرده	0.028846
توصیه	و	0.024038
توصیه	کند	0.019231
توصیه	ما	0.019231
توصیه	کردند	0.019231
توصیه	کنیم	0.014423
توضیح	داد	0.582043
توضیح	داده	0.043344
توضیح	این	0.037152
توضیح	دهند	0.027864
توضیح	دهد	0.027864
توضیح	می	0.021672
توضیح	آن	0.015480
توضیح	بیشتر	0.015480
توضیح	دادم	0.015480
توضیح	دادند	0.009288
توضیح	اینکه	0.009288
توقف	در	0.097902
توقف	جنگ	0.083916
توقف	این	0.069930
توقف	تولید	0.041958
توقف	حملات	0.041958
توقف	طرح	0.034965
توقف	کرد	0.034965
توقف	برنامه	0.027972
توقف	اقدامات	0.027972
توقف	و	0.027972
توقف	عملیات	0.020979
تک	تک	0.254545
تک	گل	0.127273
تک	به	0.090909
تک	آنها	0.036364
تک	این	0.027273
تک	آهنگ	0.027273
تک	و	0.027273
تک	عکس	0.027273
تک	بعدی	0.027273
تگزاس	در	0.214286
جاذبه	های	0.473684
جالب	است	0.236735
جالب	توجه	0.114286
جالب	اینکه	0.114286
جالب	و	0.085714
جالب	اینجاست	0.081633
جالب	باشد	0.048980
جالب	این	0.044898
جالب	بود	0.032653
جالب	در	0.032653
جالب	از	0.020408
جالب	یک	0.016327
جالب	برای	0.012245
جالب	نیست	0.012245
جالب	درباره	0.012245
جانسون	ناسا	0.107143
جانی	نداشت	0.192308
جانی	و	0.153846
جانی	نداشته	0.115385
جدید	در	0.087470
جدید	و	0.061466
جدید	را	0.051221
جدید	به	0.048069
جدید	از	0.035461
جدید	با	0.030733
جدید	نشان	0.027581
جدید	برای	0.026793
جدید	این	0.022853
جدید	خود	0.022065
جدید	است	0.020489
جدید	تیم	0.016548
جدید	که	0.014972
جدید	هم	0.011032
جدید	استفاده	0.007092
جدید	مبتلا	0.007092
جدید	بر	0.007092
جدید	قرار	0.006304
جدید	انتخابات	0.006304
جدید	علیه	0.005516
جدید	هستند	0.004728
جدید	باید	0.004728
جدید	وزارت	0.004728
جدید	آن	0.004728
جدید	امروز	0.004728
جدید	معرفی	0.003940
جدید	درباره	0.003940
جدید	نیست	0.003940
جدید	دانشگاه	0.003940
جدید	یا	0.003940
جدید	ستاد	0.003940
جدید	هر	0.003152
جدید	پیش	0.003152
جدید	بود	0.003152
جدید	بازار	0.003152
جدید	بانک	0.003152
جدید	باشگاه	0.003152
جدید	چک	0.003152
جدید	نقل	0.003152
جدید	آماده	0.003152
جرات	می	0.157895
جرم	و	0.107784
جرم	خود	0.053892
جرم	قتل	0.047904
جرم	را	0.041916
جرم	با	0.035928
جرم	در	0.035928
جرم	محسوب	0.029940
جرم	به	0.029940
جرم	کرد	0.023952
جرم	توسط	0.023952
جرم	است	0.023952
جرم	شناسی	0.017964
جرم	گیری	0.017964
جرم	ما	0.017964
جرم	علیه	0.017964
جریان	این	0.108392
جریان	است	0.057692
جریان	بازی	0.057692
جریان	خون	0.040210
جریان	دارد	0.033217
جریان	آن	0.029720
جریان	سفر	0.029720
جریان	مقاومت	0.026224
جریان	یک	0.024476
جریان	جنگ	0.024476
جریان	سیاسی	0.017483
جریان	داشته	0.013986
جریان	برق	0.013986
جریان	بررسی	0.013986
جریان	های	0.012238
جریان	قرار	0.012238
جریان	بود	0.010490
جریان	عملیات	0.010490
جریان	تحقیقات	0.010490
جریان	از	0.010490
جریان	حمله	0.010490
جریان	آخرین	0.008741
جریان	و	0.008741
جریان	سخنرانی	0.008741
جریان	در	0.008741
جریان	سازی	0.008741
جریان	مقابل	0.006993
جریان	هوا	0.006993
جریان	داشت	0.006993
جریان	ساز	0.006993
جریان	بوده	0.006993
جریان	نشست	0.006993
جریان	آب	0.006993
جریان	خاص	0.005245
جریان	انتخابات	0.005245
جریان	ضد	0.005245
جریان	هستید	0.005245
جریان	شورش	0.005245
جریان	تیراندازی	0.005245
جریان	انقلاب	0.005245
جز	این	0.082251
جز	با	0.043290
جز	در	0.034632
جز	یک	0.034632
جز	اینکه	0.034632
جز	از	0.030303
جز	پیروزی	0.021645
جز	به	0.017316
جز	خدا	0.017316
جز	شکست	0.017316
جز	چند	0.017316
جز	پاکستان	0.012987
جز	شهر	0.012987
جز	خداوند	0.012987
جزء	بند	0.222222
جشن	بزرگ	0.070866
جشن	گرفت	0.055118
جشن	تولد	0.047244
جشن	ازدواج	0.039370
جشن	پیروزی	0.039370
جشن	در	0.039370
جشن	گرفتند	0.031496
جشن	مهر	0.031496
جشن	می	0.031496
جشن	کریسمس	0.023622
جشن	بگیریم	0.023622
جشن	باشکوه	0.023622
جشن	و	0.023622
جشن	طلاق	0.023622
جشن	به	0.023622
جشن	گرفته	0.023622
جشن	روز	0.023622
جشن	خانوادگی	0.023622
جلوتر	از	0.478261
جلوتر	است	0.217391
جمع	آوری	0.176991
جمع	بندی	0.067847
جمع	شده	0.056047
جمع	و	0.047198
جمع	شدند	0.044248
جمع	کرده	0.029499
جمع	می	0.026549
جمع	شوند	0.023599
جمع	کنید	0.023599
جمع	کند	0.023599
جمع	مردم	0.023599
جمع	کردن	0.023599
جمع	شدن	0.020649
جمع	زیادی	0.017699
جمع	آبی	0.017699
جمع	کنیم	0.014749
جمع	کرد	0.014749
جمع	این	0.014749
جمع	شود	0.011799
جمع	تیم	0.011799
جمع	کنند	0.008850
جمع	خانواده	0.008850
جمع	است	0.008850
جمعیت	و	0.080128
جمعیت	در	0.060897
جمعیت	را	0.057692
جمعیت	جهان	0.035256
جمعیت	از	0.028846
جمعیت	است	0.028846
جمعیت	دارد	0.025641
جمعیت	بالای	0.022436
جمعیت	کشور	0.022436
جمعیت	به	0.022436
جمعیت	با	0.022436
جمعیت	این	0.019231
جمعیت	برای	0.016026
جمعیت	یک	0.016026
جمعیت	تحت	0.016026
جمعیت	دارند	0.012821
جمعیت	میلیون	0.009615
جمعیت	داریم	0.009615
جمعیت	هزار	0.009615
جمعیت	عمومی	0.009615
جمعیت	زیادی	0.009615
جمعیت	بیش	0.009615
جمهور	در	0.115385
جمهور	آمریکا	0.092949
جمهور	روسیه	0.089744
جمهور	و	0.080128
جمهور	به	0.073718
جمهور	سابق	0.048077
جمهور	با	0.043269
جمهور	گفت	0.041667
جمهور	این	0.038462
جمهور	چین	0.024038
جمهور	فرانسه	0.019231
جمهور	دو	0.017628
جمهور	وقت	0.014423
جمهور	را	0.012821
جمهور	عراق	0.009615
جمهور	ادامه	0.009615
جمهور	برگزار	0.008013
جمهور	هم	0.008013
جمهور	مصر	0.006410
جمهور	که	0.006410
جمهور	قانون	0.006410
جمهور	ضمن	0.006410
جمهور	کره	0.006410
جمهور	برای	0.004808
جمهور	امروز	0.004808
جمهور	کوبا	0.004808
جمهور	شدن	0.004808
جمهور	است	0.004808
جمهور	کشور	0.004808
جمهور	از	0.004808
جمهور	ایالات	0.004808
جمهور	پس	0.004808
جمهور	جدید	0.004808
جمهور	شی	0.004808
جمهوری	روسیه	0.089744
جمهوری	در	0.080128
جمهوری	چک	0.073718
جمهوری	خلق	0.060897
جمهوری	آمریکا	0.057692
جمهوری	و	0.054487
جمهوری	خواه	0.035256
جمهوری	به	0.035256
جمهوری	این	0.032051
جمهوری	را	0.028846
جمهوری	مصر	0.022436
جمهوری	سابق	0.019231
جمهوری	سال	0.019231
جمهوری	از	0.019231
جمهوری	که	0.016026
جمهوری	گفت	0.012821
جمهوری	است	0.012821
جمهوری	خود	0.009615
جمهوری	کره	0.009615
جمهوری	با	0.009615
جمهوری	انجام	0.009615
جمهوری	عراق	0.009615
جمهوری	اعلام	0.009615
جنازه	را	0.333333
جنس	مردم	0.057971
جنس	را	0.057971
جنس	مواد	0.043478
جنس	این	0.043478
جنس	و	0.043478
جنس	کار	0.043478
جنسی	در	0.129032
جنسی	و	0.096774
جنسی	است	0.080645
جنسی	از	0.064516
جنسی	را	0.064516
جواب	داد	0.162791
جواب	مثبت	0.058140
جواب	به	0.046512
جواب	رد	0.034884
جواهرات	به	0.250000
حادثه	در	0.090909
حادثه	به	0.062201
حادثه	اعزام	0.052632
حادثه	را	0.033493
حادثه	رانندگی	0.031100
حادثه	نفر	0.026316
حادثه	و	0.023923
حادثه	دیده	0.021531
حادثه	تلخ	0.021531
حادثه	که	0.021531
حادثه	ساز	0.019139
حادثه	یک	0.016746
حادثه	هستند	0.014354
حادثه	انفجار	0.014354
حادثه	از	0.011962
حادثه	حاضر	0.011962
حادثه	شد	0.011962
حادثه	گفت	0.011962
حادثه	شدند	0.011962
حادثه	شده	0.009569
حادثه	توسط	0.009569
حادثه	برخورد	0.009569
حادثه	است	0.009569
حادثه	ساعت	0.009569
حادثه	آتش	0.007177
حادثه	چهار	0.007177
حادثه	سه	0.007177
حادثه	گزارش	0.007177
حادثه	تصادف	0.007177
حادثه	تیراندازی	0.007177
حادثه	بود	0.007177
حادثه	متاسفانه	0.007177
حادثه	هم	0.007177
حال	حاضر	0.261056
حال	انجام	0.050236
حال	و	0.031344
حال	بررسی	0.030915
حال	این	0.024903
حال	افزایش	0.016316
حال	در	0.016316
حال	با	0.014169
حال	از	0.013310
حال	ساخت	0.012022
حال	حرکت	0.011593
حال	به	0.011164
حال	اجرا	0.009875
حال	توسعه	0.009446
حال	عمومی	0.009017
حال	گسترش	0.008587
حال	اگر	0.008587
حال	کار	0.008158
حال	آماده	0.006441
حال	که	0.006011
حال	باید	0.006011
حال	مذاکره	0.005582
حال	خود	0.005152
حال	رشد	0.005152
حال	پیشرفت	0.005152
حال	برخی	0.005152
حال	یکی	0.004723
حال	وقوع	0.004723
حال	برای	0.004723
حال	پخش	0.004294
حال	کاهش	0.004294
حال	هر	0.004294
حال	یک	0.004294
حال	تبدیل	0.003864
حال	او	0.003864
حال	عبور	0.003864
حال	رسیدگی	0.003864
حال	تغییر	0.003864
حال	آن	0.003864
حال	خدمت	0.003435
حالا	در	0.069355
حالا	با	0.058065
حالا	این	0.053226
حالا	باید	0.051613
حالا	که	0.051613
حالا	به	0.050000
حالا	هم	0.041935
حالا	از	0.020968
حالا	اگر	0.019355
حالا	دیگر	0.019355
حالا	پس	0.019355
حالا	یک	0.017742
حالا	اما	0.016129
حالا	و	0.014516
حالا	نوبت	0.011290
حالا	ما	0.011290
حالا	سال	0.009677
حالا	اینکه	0.009677
حالا	شما	0.009677
حالا	چرا	0.008065
حالا	بعد	0.008065
حالا	چه	0.008065
حالا	می	0.006452
حالا	او	0.006452
حالا	من	0.006452
حالا	وقت	0.006452
حالا	هر	0.006452
حالا	امروز	0.004839
حالا	یکی	0.004839
حالا	نه	0.004839
حالا	معلوم	0.004839
حالا	برای	0.004839
حالا	ممکن	0.004839
حالا	آنها	0.004839
حالا	اگه	0.004839
حالا	حدود	0.004839
حالا	سوال	0.004839
حالا	شاید	0.004839
حالا	فرض	0.004839
حالا	برو	0.004839
حبس	ابد	0.202899
حبس	محکوم	0.130435
حبس	و	0.101449
حبس	در	0.072464
حبس	بیش	0.043478
حبس	را	0.043478
حبس	به	0.043478
حبس	دارد	0.043478
حد	زیادی	0.117089
حد	و	0.063291
حد	امکان	0.063291
حد	ممکن	0.044304
حد	به	0.034810
حد	از	0.034810
حد	معمول	0.028481
حد	یک	0.028481
حد	در	0.022152
حد	انتظار	0.022152
حد	توان	0.018987
حد	پیشنهاد	0.015823
حد	لازم	0.015823
حد	خود	0.015823
حد	مجاز	0.015823
حد	است	0.009494
حد	درصد	0.009494
حد	متوسط	0.009494
حد	بسیار	0.009494
حداقل	یک	0.089021
حداقل	دستمزد	0.065282
حداقل	در	0.056380
حداقل	به	0.050445
حداقل	تا	0.050445
حداقل	میلیون	0.035608
حداقل	نفر	0.032641
حداقل	حقوق	0.029674
حداقل	درصد	0.029674
حداقل	هزار	0.026706
حداقل	برای	0.026706
حداقل	باید	0.026706
حداقل	دو	0.020772
حداقل	این	0.020772
حداقل	سه	0.020772
حداقل	سال	0.017804
حداقل	با	0.014837
حداقل	برابر	0.014837
حداقل	ماه	0.014837
حداقل	یکی	0.011869
حداقل	زمان	0.011869
حداقل	پنج	0.008902
حداقل	امتیاز	0.008902
حداقل	دستگاه	0.008902
حداقل	ده	0.008902
حداقل	یا	0.008902
حداقل	چهار	0.008902
حداقل	سن	0.008902
حراست	از	0.344828
حراست	و	0.206897
حراست	دانشگاه	0.103448
حساب	و	0.088496
حساب	می	0.048673
حساب	خود	0.044248
حساب	شده	0.039823
حساب	آنها	0.039823
حساب	کنید	0.030973
حساب	های	0.030973
حساب	باز	0.022124
حساب	کنیم	0.022124
حساب	باشگاه	0.017699
حساب	کرد	0.017699
حساب	به	0.017699
حساب	در	0.017699
حساب	این	0.017699
حساب	بیاید	0.013274
حساب	پس	0.013274
حساب	شخصی	0.013274
حساب	برای	0.013274
حساب	آنان	0.013274
حساب	رسمی	0.013274
حسادت	و	0.444444
حفظ	و	0.100823
حفظ	کند	0.078189
حفظ	سلامت	0.067901
حفظ	شود	0.067901
حفظ	کرده	0.053498
حفظ	کرد	0.041152
حفظ	امنیت	0.039095
حفظ	کنند	0.030864
حفظ	شده	0.030864
حفظ	کنیم	0.028807
حفظ	آثار	0.028807
حفظ	این	0.020576
حفظ	کنید	0.016461
حفظ	تعادل	0.016461
حفظ	توپ	0.014403
حفظ	ارزش	0.014403
حفظ	سلامتی	0.014403
حفظ	نظام	0.012346
حفظ	می	0.012346
حفظ	حقوق	0.012346
حفظ	سمت	0.012346
حفظ	صلح	0.010288
حفظ	منافع	0.010288
حفظ	آن	0.010288
حفظ	میکند	0.008230
حفظ	جان	0.008230
حفظ	آرامش	0.006173
حفظ	منابع	0.006173
حفظ	خواهد	0.006173
حفظ	خواهند	0.006173
حفظ	میکنند	0.006173
حقش	است	0.375000
حمله	به	0.189769
حمله	کرد	0.049505
حمله	قرار	0.049505
حمله	کردند	0.044554
حمله	زمینی	0.042904
حمله	نظامی	0.034653
حمله	کرده	0.034653
حمله	و	0.028053
حمله	را	0.024752
حمله	هوایی	0.021452
حمله	کند	0.021452
حمله	در	0.021452
حمله	این	0.016502
حمله	کنند	0.016502
حمله	خود	0.014851
حمله	روسیه	0.013201
حمله	ارتش	0.011551
حمله	نیروهای	0.011551
حمله	میکنند	0.011551
حمله	یک	0.009901
حمله	می	0.009901
حمله	از	0.008251
حمله	است	0.008251
حمله	کنیم	0.008251
حمله	تلفات	0.008251
حمله	ور	0.006601
حمله	پلیس	0.004950
حمله	کردن	0.004950
حمله	افراد	0.004950
حمله	روز	0.004950
حمله	با	0.004950
حمله	گسترده	0.004950
حمله	میکرد	0.004950
حوادث	و	0.181818
حوادث	دانشگاه	0.107438
حوادث	را	0.057851
حوادث	مختلف	0.049587
حوادث	سال	0.041322
حوادث	طبیعی	0.041322
حوادث	رانندگی	0.041322
حوادث	است	0.024793
حوادث	شب	0.024793
حین	انجام	0.092593
حین	کنترل	0.046296
حین	سفر	0.037037
حین	عبور	0.037037
حین	گشت	0.037037
حین	رانندگی	0.037037
حین	تولید	0.027778
حین	پرواز	0.027778
حین	کار	0.027778
حین	خدمت	0.027778
خارج	از	0.414191
خارج	شده	0.084158
خارج	شد	0.067657
خارج	شود	0.052805
خارج	شوند	0.039604
خارج	و	0.037954
خارج	کردن	0.026403
خارج	شدند	0.019802
خارج	کرده	0.019802
خارج	شدن	0.019802
خارج	کند	0.019802
خارج	کرد	0.018152
خارج	کشور	0.016502
خارج	است	0.013201
خارج	کنند	0.009901
خارج	می	0.009901
خارج	کنید	0.009901
خارج	خواهد	0.008251
خارج	شوم	0.008251
خارج	نشده	0.006601
خارج	کردند	0.006601
خارج	میکند	0.006601
خارج	کنیم	0.004950
خارج	وارد	0.004950
خارج	شدم	0.004950
خاطر	نشان	0.274892
خاطر	همین	0.054113
خاطر	این	0.034632
خاطر	اینکه	0.028139
خاطر	به	0.017316
خاطر	است	0.015152
خاطر	داشتن	0.012987
خاطر	آن	0.010823
خاطر	برخی	0.010823
خاطر	بود	0.010823
خاطر	وجود	0.010823
خاطر	که	0.010823
خاطر	با	0.008658
خاطر	داشته	0.008658
خاطر	حضور	0.008658
خاطر	از	0.008658
خاطر	دارم	0.008658
خاطر	تصمیم	0.008658
خاطر	در	0.008658
خاطر	من	0.006494
خاطر	ندارم	0.006494
خاطر	ما	0.006494
خاطر	وقتی	0.006494
خاطر	اختلاف	0.006494
خاطر	نبود	0.006494
خاطر	بیشتری	0.006494
خاطر	نیاز	0.006494
خاطر	دارید	0.006494
خالی	از	0.148571
خالی	است	0.062857
خالی	و	0.051429
خالی	در	0.045714
خالی	بودن	0.045714
خالی	بود	0.040000
خالی	کنند	0.040000
خالی	شدن	0.028571
خالی	دارد	0.022857
خالی	کردن	0.022857
خالی	کرد	0.017143
خالی	کرده	0.017143
خالی	شناسایی	0.017143
خالی	شده	0.017143
خالی	را	0.017143
خالی	بندی	0.017143
خام	و	0.157895
خام	را	0.087719
خام	روسیه	0.070175
خام	آمریکا	0.052632
خام	فروشی	0.052632
خام	است	0.052632
خانه	را	0.063114
خانه	و	0.058906
خانه	در	0.047686
خانه	خود	0.029453
خانه	های	0.029453
خانه	به	0.026648
خانه	ما	0.022440
خانه	ای	0.021038
خانه	آنها	0.019635
خانه	با	0.018233
خانه	خدا	0.016830
خانه	است	0.014025
خانه	یک	0.014025
خانه	بیرون	0.014025
خانه	شما	0.012623
خانه	او	0.012623
خانه	اش	0.011220
خانه	کتاب	0.009818
خانه	که	0.009818
خانه	هم	0.009818
خانه	خارج	0.008415
خانه	دار	0.008415
خانه	موزه	0.008415
خانه	یکی	0.008415
خانه	ها	0.008415
خانه	من	0.008415
خانه	موسیقی	0.008415
خانه	برای	0.007013
خانه	ملت	0.007013
خانه	تئاتر	0.005610
خانه	یا	0.005610
خانه	تا	0.005610
خانه	خالی	0.005610
خانه	عنکبوت	0.005610
خانه	باید	0.005610
خانه	دوست	0.005610
خانه	از	0.005610
خانه	مطبوعات	0.005610
خانه	این	0.005610
خانه	آقای	0.004208
خانواده	و	0.096115
خانواده	را	0.053170
خانواده	در	0.051125
خانواده	های	0.042945
خانواده	است	0.032720
خانواده	ها	0.032720
خانواده	خود	0.030675
خانواده	به	0.028630
خانواده	محترم	0.020450
خانواده	او	0.018405
خانواده	این	0.018405
خانواده	با	0.018405
خانواده	اش	0.014315
خانواده	از	0.014315
خانواده	بزرگ	0.014315
خانواده	هم	0.012270
خانواده	آنها	0.012270
خانواده	برای	0.010225
خانواده	گفت	0.008180
خانواده	وی	0.008180
خانواده	رئیس	0.008180
خانواده	بودند	0.006135
خانواده	مقتول	0.006135
خانواده	هایی	0.006135
خانواده	دارند	0.006135
خانواده	دوستان	0.006135
خانواده	نفره	0.006135
خانواده	که	0.006135
خانواده	بیمار	0.006135
خانواده	باید	0.006135
خانواده	ما	0.006135
خانواده	هستند	0.006135
خبردار	شدیم	0.555556
خبرنگار	مهر	0.070175
خبرنگار	در	0.070175
خبرنگار	روزنامه	0.052632
خبرنگار	و	0.052632
خبرنگار	با	0.052632
خبرنگار	ما	0.052632
خبرنگار	شبکه	0.052632
خبرنگار	را	0.035088
خبرنگار	به	0.035088
خبرنگار	گفت	0.026316
خبرنگار	اظهار	0.026316
خبرنگار	مشهور	0.026316
خبرنگار	که	0.026316
خداست	و	0.333333
خداست	که	0.333333
خدای	نکرده	0.352941
خدای	بزرگ	0.176471
خدای	خود	0.176471
خدمت	به	0.182759
خدمت	در	0.058621
خدمت	و	0.031034
خدمت	گرفتن	0.027586
خدمت	هستند	0.024138
خدمت	کرده	0.024138
خدمت	میکنند	0.020690
خدمت	شما	0.020690
خدمت	از	0.020690
خدمت	نظامی	0.020690
خدمت	را	0.020690
خدمت	کند	0.017241
خدمت	گذاری	0.013793
خدمت	کردند	0.013793
خدمت	کنند	0.013793
خدمت	توسط	0.013793
خدمت	تیم	0.013793
خدمت	مردم	0.013793
خدمت	میکند	0.010345
خدمت	خود	0.010345
خدمت	گرفت	0.010345
خدمت	است	0.010345
خدمت	آقای	0.010345
خدمت	کنیم	0.010345
خدمت	وظیفه	0.010345
خدمت	برای	0.010345
خدمت	نظام	0.010345
خدمه	کشتی	0.166667
خدمه	آن	0.100000
خسته	و	0.188679
خسته	شده	0.169811
خسته	کننده	0.132075
خسته	از	0.056604
خشک	و	0.137931
خشک	شدن	0.120690
خشک	در	0.068966
خشک	را	0.051724
خشک	شود	0.051724
خشک	کن	0.043103
خشک	شده	0.043103
خشک	کردن	0.034483
خشک	یا	0.034483
خشک	است	0.034483
خشک	کنید	0.025862
خطاب	به	0.852941
خطاب	قرار	0.036765
خطاب	کردن	0.022059
خطاب	کرد	0.022059
خلوت	و	0.230769
خلوت	آمریکا	0.153846
خو	و	0.285714
خوابیده	است	0.300000
خواسته	است	0.131250
خواسته	بود	0.118750
خواسته	شده	0.075000
خواسته	تا	0.062500
خواسته	بودند	0.037500
خواسته	که	0.037500
خواسته	های	0.037500
خواسته	شد	0.037500
خواسته	خود	0.037500
خواسته	مردم	0.031250
خواسته	و	0.025000
خواسته	ما	0.025000
خواسته	ایم	0.018750
خواسته	در	0.018750
خواسته	به	0.018750
خواسته	اش	0.018750
خواسته	اند	0.018750
خواهد	شد	0.357338
خواهد	بود	0.225356
خواهد	کرد	0.132530
خواهد	داشت	0.093100
خواهد	داد	0.046824
خواهد	گرفت	0.033680
خواهد	رسید	0.023823
خواهد	رفت	0.017525
خواهد	ماند	0.008762
خواهد	آمد	0.007941
خواهد	گذاشت	0.007393
خواهد	زد	0.005476
خواهد	برد	0.005203
خواهد	افتاد	0.004929
خواهد	خورد	0.004655
خواهد	آورد	0.002191
خواهد	که	0.001917
خواهد	پرداخت	0.001643
خواهد	از	0.001369
خواهد	ساخت	0.001369
خواهد	کشید	0.001369
خواهد	دید	0.001095
خواهد	نشست	0.000821
خواهد	و	0.000821
خواهد	گشت	0.000821
خواهد	گفت	0.000821
خواهش	میکنم	0.263158
خواهش	را	0.157895
خواهش	می	0.157895
خواهم	کرد	0.283019
خواهم	داد	0.132075
خواهم	داشت	0.113208
خواهم	از	0.056604
خواهید	شد	0.191919
خواهید	کرد	0.191919
خواهید	دید	0.171717
خواهید	داشت	0.141414
خواهید	بود	0.080808
خواهید	داد	0.040404
خواهید	گرفت	0.030303
خواهیم	کرد	0.269151
خواهیم	بود	0.225673
خواهیم	داشت	0.155280
خواهیم	داد	0.101449
خواهیم	دید	0.035197
خواهیم	شد	0.033126
خواهیم	پرداخت	0.028986
خواهیم	رسید	0.018634
خواهیم	که	0.012422
خواهیم	گرفت	0.012422
خواهیم	برد	0.012422
خواهیم	رفت	0.010352
خواهیم	به	0.008282
خواهیم	از	0.006211
خواهیم	خورد	0.006211
خواهیم	گفت	0.006211
خودمون	رو	0.250000
خوش	و	0.170455
خوش	کرده	0.090909
خوش	شانس	0.068182
خوش	آب	0.056818
خوش	برای	0.045455
خوش	آن	0.045455
خوش	به	0.034091
خوشمزه	و	0.272727
خون	بالا	0.111111
خون	و	0.102981
خون	در	0.089431
خون	را	0.081301
خون	به	0.043360
خون	است	0.027100
خون	کمک	0.024390
خون	خود	0.021680
خون	شما	0.018970
خون	پاک	0.018970
خون	می	0.013550
خون	بیمار	0.010840
خون	بود	0.010840
خون	از	0.010840
خون	یا	0.010840
خون	اهدا	0.010840
خون	ضعیف	0.008130
خون	که	0.008130
خون	آنها	0.008130
خون	هزار	0.008130
خون	ما	0.008130
خون	نیاز	0.008130
خیره	کننده	0.500000
خیره	میکند	0.150000
داخلی	و	0.255859
داخلی	در	0.060547
داخلی	است	0.044922
داخلی	به	0.039062
داخلی	را	0.035156
داخلی	این	0.023438
داخلی	آن	0.021484
داخلی	هم	0.019531
داخلی	از	0.015625
داخلی	کشور	0.015625
داخلی	مجلس	0.013672
داخلی	ساختمان	0.011719
داخلی	با	0.011719
داخلی	که	0.009766
داخلی	خود	0.009766
داخلی	برای	0.009766
داخلی	استفاده	0.009766
داخلی	وزارت	0.007812
داخلی	ما	0.007812
داخلی	انجام	0.007812
داخلی	آمریکا	0.007812
داخلی	سازی	0.005859
داخلی	یا	0.005859
داخلی	بر	0.005859
داخلی	بزرگ	0.005859
داد	و	0.225215
داد	که	0.172465
داد	در	0.073700
داد	این	0.035915
داد	تا	0.031051
داد	با	0.023569
داد	از	0.022073
داد	به	0.020950
داد	اما	0.017583
داد	ما	0.013468
داد	اگر	0.011223
داد	همچنین	0.010101
داد	من	0.009727
داد	برای	0.008605
داد	یکی	0.008230
داد	امروز	0.006734
داد	باید	0.006734
داد	یک	0.005612
داد	پس	0.005612
داد	وقتی	0.004863
داد	البته	0.004489
داد	بر	0.003741
داد	همه	0.003741
داد	هزار	0.003367
داد	سال	0.003367
داد	برخی	0.002993
داد	طی	0.002993
داد	افرادی	0.002619
داد	متأسفانه	0.002619
داد	آنچه	0.002245
داد	بعد	0.002245
داد	هم	0.002245
داد	شما	0.002245
داد	طرح	0.002245
داد	دولت	0.002245
داد	دشمن	0.002245
داد	موضوع	0.002245
داد	امسال	0.002245
داد	حتی	0.002245
داد	یعنی	0.001871
دادگاه	انقلاب	0.085714
دادگاه	عالی	0.080000
دادگاه	به	0.068571
دادگاه	در	0.051429
دادگاه	را	0.034286
دادگاه	رسیدگی	0.034286
دادگاه	نظامی	0.022857
دادگاه	خانواده	0.022857
دادگاه	برای	0.017143
دادگاه	با	0.017143
دادگاه	و	0.017143
دادگاه	های	0.017143
داری	و	0.136986
داری	که	0.082192
داری	آمریکا	0.082192
داری	در	0.068493
دارید	که	0.114286
دارید	و	0.102857
دارید	در	0.080000
دارید	با	0.040000
دارید	تا	0.040000
دارید	یا	0.034286
دارید	به	0.034286
دارید	باید	0.028571
دارید	ممکن	0.028571
دارید	بهتر	0.028571
دارید	از	0.028571
دارید	این	0.022857
دارید	یک	0.017143
دارید	را	0.017143
دارید	می	0.017143
داریم	که	0.261429
داریم	و	0.198571
داریم	تا	0.050000
داریم	به	0.040000
داریم	در	0.040000
داریم	با	0.034286
داریم	اما	0.034286
داریم	از	0.020000
داریم	این	0.020000
داریم	برای	0.014286
داریم	گفت	0.014286
داریم	ولی	0.012857
داریم	را	0.007143
داریم	باید	0.007143
داریم	اگر	0.005714
داریم	یا	0.005714
داریم	اظهار	0.005714
داریم	یعنی	0.004286
داریم	چون	0.004286
داریم	هر	0.004286
داریم	بر	0.004286
داریم	ما	0.004286
داشته	باشد	0.298884
داشته	باشند	0.176089
داشته	است	0.159165
داشته	باشیم	0.110911
داشته	و	0.086784
داشته	باشید	0.067339
داشته	باشم	0.015484
داشته	که	0.014764
داشته	اند	0.009363
داشته	اما	0.006122
داشته	تا	0.003961
داشته	باشه	0.003241
داشته	ایم	0.002521
داشته	یا	0.002521
داشته	باشی	0.002161
داشته	این	0.001440
داشته	را	0.001440
داشته	بود	0.001440
داشته	در	0.001440
داشته	ولی	0.001440
داشته	شود	0.001440
داشته	باش	0.001080
داشته	به	0.001080
داشته	باشن	0.001080
داشته	یکی	0.001080
داشته	شد	0.001080
داشته	از	0.001080
دانا	و	0.500000
دانشمندان	در	0.078947
دانشمندان	و	0.059211
دانشمندان	را	0.059211
دانشمندان	به	0.059211
دانشمندان	از	0.052632
دانشمندان	برای	0.039474
دانشمندان	علوم	0.032895
دانشمندان	نشان	0.032895
دانشمندان	کمک	0.032895
دانشمندان	با	0.032895
دانشمندان	دانشگاه	0.026316
دانشمندان	هنوز	0.019737
دانشمندان	قرار	0.019737
دانشمندان	این	0.019737
دانشکده	پزشکی	0.157895
دانشکده	علوم	0.078947
دانشکده	نظامی	0.078947
دانشکده	و	0.078947
دانشکده	حقوق	0.078947
دانشگاه	علوم	0.316964
دانشگاه	آزاد	0.078869
دانشگاه	در	0.043155
دانشگاه	و	0.035714
دانشگاه	را	0.031250
دانشگاه	به	0.029762
دانشگاه	ها	0.025298
دانشگاه	با	0.025298
دانشگاه	پیام	0.020833
دانشگاه	از	0.017857
دانشگاه	های	0.016369
دانشگاه	هاروارد	0.013393
دانشگاه	است	0.011905
دانشگاه	گفت	0.010417
دانشگاه	برای	0.007440
دانشگاه	هنر	0.007440
دانشگاه	هم	0.005952
دانشگاه	علم	0.005952
دانشگاه	نیویورک	0.005952
دانشگاه	درخواست	0.004464
دانشگاه	قرار	0.004464
دانشگاه	جورج	0.004464
دانشگاه	شود	0.004464
دانشگاه	که	0.004464
دانشگاه	شده	0.004464
دانشگاه	شاهد	0.004464
دانشگاه	جان	0.004464
دانشگاه	سرمایه	0.004464
دانلود	قسمت	0.250000
دانلود	فیلم	0.113636
دانلود	و	0.090909
دانلود	سریال	0.068182
دانلود	است	0.068182
دخترش	در	0.148148
دخترش	تاب	0.148148
دخترش	را	0.111111
دراز	مدت	0.205882
دراز	کشیده	0.147059
دراز	میکند	0.088235
درست	است	0.174229
درست	و	0.079855
درست	نیست	0.052632
درست	در	0.043557
درست	کردن	0.032668
درست	باشد	0.027223
درست	از	0.021779
درست	می	0.019964
درست	کنید	0.018149
درست	بود	0.016334
درست	کند	0.014519
درست	انجام	0.014519
درست	مانند	0.014519
درست	را	0.012704
درست	کرد	0.012704
درست	کرده	0.012704
درست	مثل	0.012704
درست	کردند	0.010889
درست	شده	0.010889
درست	زمانی	0.010889
درست	کنیم	0.010889
درست	نبود	0.009074
درست	کنند	0.009074
درست	میکند	0.009074
درست	شود	0.009074
درست	میکنند	0.009074
درست	شد	0.009074
درست	بوده	0.007260
درست	همان	0.007260
درست	عمل	0.007260
درست	یا	0.007260
درست	میکنیم	0.007260
درست	پیش	0.007260
درست	یک	0.007260
درست	خود	0.005445
درست	کردیم	0.005445
درست	کنم	0.005445
درست	استفاده	0.005445
درست	برای	0.005445
درست	به	0.005445
درود	بر	0.434783
درود	خدا	0.260870
دریا	و	0.140187
دریا	در	0.084112
دریا	به	0.074766
دریا	را	0.056075
دریا	برای	0.046729
دریا	واقع	0.028037
دریاچه	نمک	0.112903
دریاچه	سد	0.080645
دریاچه	در	0.064516
دریاچه	و	0.064516
دست	به	0.118955
دست	داد	0.055031
دست	و	0.046137
دست	داده	0.041690
دست	پیدا	0.040022
دست	آورد	0.034464
دست	دادن	0.031684
دست	دادند	0.029461
دست	آمده	0.025014
دست	کم	0.024458
دست	از	0.023902
دست	آورده	0.022235
دست	دوم	0.015564
دست	داشتن	0.015008
دست	ما	0.013897
دست	بررسی	0.011673
دست	یافته	0.010561
دست	رفته	0.009450
دست	رفتن	0.009450
دست	اقدام	0.008894
دست	آوردن	0.008894
دست	خود	0.008338
دست	آمد	0.007782
دست	هم	0.007782
دست	خالی	0.007226
دست	دادیم	0.007226
دست	مردم	0.007226
دست	داشتند	0.007226
دست	می	0.007226
دست	دارند	0.007226
دست	خواهد	0.007226
دست	گرفته	0.006670
دست	پر	0.006115
دست	رفت	0.006115
دست	در	0.005559
دست	ساخت	0.005559
دست	این	0.005559
دست	دارد	0.005559
دست	نیست	0.005003
دست	گرفتند	0.005003
دسترس	قرار	0.156863
دسترس	است	0.156863
دسترس	عموم	0.088235
دسترس	نیست	0.088235
دسترس	باشد	0.068627
دسترس	هستند	0.058824
دسترس	خارج	0.058824
دسترس	بودن	0.049020
دسترس	شما	0.029412
دسترس	آنها	0.029412
دسترسی	به	0.392694
دسترسی	پیدا	0.095890
دسترسی	داشته	0.068493
دسترسی	و	0.036530
دسترسی	دارند	0.027397
دسترسی	مردم	0.022831
دسترسی	آزاد	0.018265
دسترسی	ندارد	0.018265
دسترسی	ندارند	0.013699
دسترسی	نداشته	0.013699
دستگیر	و	0.232639
دستگیر	شد	0.208333
دستگیر	شده	0.145833
دستگیر	شدند	0.125000
دستگیر	کردند	0.121528
دستگیر	کرد	0.038194
دستگیر	کرده	0.017361
دستگیر	کنند	0.013889
دستگیر	خواهند	0.013889
دستگیر	شدم	0.010417
دستگیر	می	0.010417
دستگیر	که	0.010417
دشمنان	و	0.066265
دشمنان	را	0.066265
دشمنان	از	0.054217
دشمنان	ما	0.054217
دشمنان	است	0.048193
دشمنان	انقلاب	0.048193
دشمنان	این	0.048193
دشمنان	در	0.042169
دشمنان	با	0.042169
دشمنان	تلاش	0.036145
دشمنان	به	0.036145
دشمنان	برای	0.036145
دشمنان	ملت	0.024096
دشمنان	قسم	0.024096
دشمنان	خارجی	0.018072
دشمنان	خدا	0.018072
دشمنان	خود	0.018072
دشمنان	جمهوری	0.018072
دفتر	سیاسی	0.164948
دفتر	امور	0.103093
دفتر	نخست	0.051546
دفتر	مقام	0.036082
دفتر	رئیس	0.030928
دفتر	پخش	0.020619
دفتر	خدمات	0.020619
دفتر	آموزش	0.020619
دفتر	اطلاع	0.020619
دفتر	در	0.020619
دفتر	حفظ	0.020619
دفتر	شبکه	0.015464
دفتر	توسعه	0.015464
دفتر	اسناد	0.015464
دفتر	اقتصاد	0.015464
دفتر	رهبری	0.015464
دفتر	خود	0.015464
دفتر	موسیقی	0.015464
دقیقا	چه	0.134454
دقیقا	همان	0.109244
دقیقا	در	0.092437
دقیقا	به	0.075630
دقیقا	همین	0.067227
دقیقا	از	0.042017
دقیقا	بر	0.033613
دقیقا	نقطه	0.025210
دقیقا	مثل	0.025210
دقیقه	به	0.080645
دقیقه	در	0.069124
دقیقه	و	0.046083
دقیقه	با	0.041475
دقیقه	بعد	0.039171
دقیقه	از	0.039171
دقیقه	امروز	0.036866
دقیقه	بازی	0.034562
دقیقه	روی	0.025346
دقیقه	گل	0.020737
دقیقه	صبح	0.020737
دقیقه	برای	0.018433
دقیقه	یک	0.018433
دقیقه	ورزش	0.013825
دقیقه	این	0.013825
دقیقه	وقت	0.013825
دقیقه	است	0.013825
دقیقه	توسط	0.013825
دقیقه	ضربه	0.013825
دقیقه	طول	0.011521
دقیقه	پس	0.011521
دقیقه	ای	0.011521
دقیقه	موفق	0.009217
دقیقه	کار	0.009217
دقیقه	را	0.009217
دقیقه	فرصت	0.009217
دقیقه	بود	0.009217
دقیقه	هم	0.006912
دقیقه	دیگر	0.006912
دقیقه	زمان	0.006912
دقیقه	روز	0.006912
دقیقه	آخر	0.006912
دقیقه	پاس	0.006912
دلیلش	هم	0.333333
دلیلش	عدم	0.222222
دنبال	این	0.081556
دنبال	آن	0.057716
دنبال	میکند	0.042660
دنبال	خواهد	0.027604
دنبال	کند	0.026349
دنبال	داشته	0.023839
دنبال	میکنند	0.022585
دنبال	شود	0.020075
دنبال	می	0.018821
دنبال	یک	0.018821
دنبال	کنند	0.018821
دنبال	داشت	0.018821
دنبال	دارد	0.018821
دنبال	افزایش	0.017566
دنبال	ایجاد	0.017566
دنبال	جذب	0.015056
دنبال	کردن	0.013802
دنبال	راه	0.011292
دنبال	میکنیم	0.011292
دنبال	کرده	0.010038
دنبال	توسعه	0.008783
دنبال	رفع	0.008783
دنبال	کردند	0.008783
دنبال	خرید	0.007528
دنبال	حل	0.007528
دنبال	کشف	0.007528
دنبال	شد	0.006274
دنبال	کرد	0.006274
دنبال	میکنم	0.006274
دنبال	چه	0.006274
دنبال	کسب	0.006274
دنبال	انتقام	0.006274
دنبال	راهی	0.005019
دنبال	اعلام	0.005019
دنبال	حذف	0.005019
دنبال	گسترش	0.005019
دنبال	کننده	0.005019
دنبال	میکنید	0.003764
دنبال	خواهیم	0.003764
دنبال	کاهش	0.003764
دهم	و	0.133929
دهم	در	0.089286
دهم	پلیس	0.080357
دهم	که	0.053571
دهم	درصد	0.044643
دهم	است	0.035714
دهم	تا	0.035714
دهم	اما	0.026786
دهم	به	0.026786
دهم	را	0.026786
دهم	تیر	0.026786
دهنده	این	0.133929
دهنده	خدمات	0.044643
دهنده	راه	0.035714
دهنده	از	0.035714
دهنده	تغییر	0.035714
دهنده	عصبی	0.026786
دهنده	آن	0.026786
دهنده	یک	0.026786
دهنده	در	0.026786
دوباره	به	0.236842
دوباره	در	0.055921
دوباره	این	0.046053
دوباره	با	0.036184
دوباره	از	0.032895
دوباره	برای	0.019737
دوباره	تکرار	0.016447
دوباره	آن	0.016447
دوباره	آغاز	0.013158
دوباره	زنده	0.013158
دوباره	فعال	0.013158
دوباره	سر	0.009868
دوباره	آنها	0.009868
دوباره	یک	0.009868
دوباره	افزایش	0.009868
دوباره	بر	0.009868
دوباره	همان	0.009868
دور	از	0.171512
دور	دوم	0.094477
دور	اول	0.046512
دور	و	0.045058
دور	نخست	0.034884
دور	هم	0.030523
دور	جدید	0.021802
دور	زدن	0.021802
دور	بعد	0.018895
دور	برگشت	0.017442
دور	است	0.014535
دور	شدن	0.014535
دور	نگه	0.014535
دور	رفت	0.014535
دور	کردن	0.013081
دور	تا	0.013081
دور	به	0.011628
دور	میکند	0.010174
دور	زمین	0.008721
دور	یک	0.008721
دور	بعدی	0.008721
دور	خواهد	0.007267
دور	خورشید	0.007267
دور	شود	0.007267
دور	کند	0.007267
دور	جدیدی	0.007267
دور	ریخته	0.007267
دور	زده	0.005814
دور	نیست	0.005814
دور	گردنش	0.005814
دور	شد	0.005814
دور	کامل	0.004360
دور	کره	0.004360
دور	می	0.004360
دور	برای	0.004360
دور	هسته	0.004360
دور	رقابت	0.004360
دور	بودن	0.004360
دور	زدند	0.004360
دور	کردند	0.004360
دوران	دفاع	0.166667
دوران	جنگ	0.055556
دوران	قبل	0.030303
دوران	و	0.030303
دوران	در	0.025253
دوران	باستان	0.025253
دوران	جدید	0.025253
دوران	انقلاب	0.020202
دوران	پس	0.020202
دوران	گذار	0.015152
دوران	حضور	0.015152
دوران	است	0.015152
دوران	زندگی	0.015152
دوران	آقای	0.015152
دوران	مبارزه	0.015152
دوربین	های	0.130081
دوربین	را	0.081301
دوربین	به	0.065041
دوربین	اصلی	0.048780
دوربین	در	0.048780
دوربین	مدار	0.040650
دوربین	مخفی	0.032520
دوربین	با	0.032520
دوربین	و	0.024390
دوربین	که	0.024390
دوستانه	با	0.151515
دوستانه	خود	0.075758
دوستانه	به	0.060606
دوستانه	و	0.060606
دوستانه	تیم	0.045455
دوستانه	برابر	0.045455
دوستش	داشتند	0.136364
دوستش	دارند	0.136364
دوش	گرفتن	0.072727
دوش	مردم	0.054545
دوش	حمام	0.054545
دوش	آب	0.054545
دوش	در	0.054545
دولت	در	0.103179
دولت	و	0.097780
دولت	به	0.056389
دولت	آمریکا	0.036593
دولت	است	0.031794
دولت	برای	0.027594
دولت	از	0.027594
دولت	با	0.026395
دولت	را	0.025795
دولت	باید	0.019196
دولت	قبل	0.017996
دولت	عراق	0.016197
دولت	این	0.013797
دولت	هم	0.012597
دولت	جو	0.010798
دولت	گفت	0.010798
دولت	ها	0.010198
دولت	آقای	0.010198
دولت	چین	0.010198
دولت	های	0.008998
دولت	جمهوری	0.007798
دولت	انجام	0.006599
دولت	روسیه	0.006599
دولت	قرار	0.005999
دولت	نجات	0.005999
دولت	بر	0.005399
دولت	جدید	0.004799
دولت	موقت	0.004799
دولت	پاکستان	0.004799
دولت	آلمان	0.004799
دولت	فرانسه	0.004799
دولت	حسن	0.004199
دولت	وقت	0.004199
دولت	می	0.004199
دولت	مستقر	0.004199
دولت	فدرال	0.004199
دولت	مجلس	0.003599
دولت	سابق	0.003599
دولت	محترم	0.003599
دولت	نسبت	0.003599
دی	ماه	0.452555
دی	در	0.080292
دی	و	0.051095
دی	با	0.043796
دی	به	0.021898
دی	ان	0.021898
دی	سی	0.021898
دید	که	0.195833
دید	و	0.158333
دید	در	0.079167
دید	آیا	0.025000
دید	به	0.025000
دید	را	0.012500
دید	با	0.012500
دید	این	0.012500
دید	یک	0.012500
دید	قرار	0.012500
دید	گفت	0.012500
دیگران	را	0.146739
دیگران	و	0.054348
دیگران	به	0.048913
دیگران	است	0.043478
دیگران	هم	0.043478
دیگران	در	0.027174
دیگران	کمک	0.021739
دیگران	از	0.021739
دیگران	که	0.016304
دیگران	احساس	0.016304
دیگران	قرار	0.016304
دیگران	خود	0.016304
دیگران	آنها	0.016304
ذخیره	سازی	0.183486
ذخیره	و	0.082569
ذخیره	شده	0.073394
ذخیره	آب	0.064220
ذخیره	کنید	0.036697
ذخیره	ارتش	0.027523
ر	م	0.112360
ر	و	0.101124
ر	ک	0.089888
ر	است	0.044944
ر	در	0.044944
ر	ب	0.044944
ر	ون	0.033708
ر	از	0.033708
راست	و	0.142857
راست	می	0.047619
راست	دروازه	0.047619
راست	است	0.035714
راستی	و	0.129032
راه	و	0.157732
راه	حل	0.082474
راه	آهن	0.045361
راه	است	0.041237
راه	را	0.037113
راه	برای	0.036082
راه	رفتن	0.026804
راه	دور	0.025773
راه	پیدا	0.025773
راه	به	0.022680
راه	های	0.017526
راه	خود	0.014433
راه	خدا	0.013402
راه	یافته	0.013402
راه	انداخت	0.012371
راه	انداخته	0.012371
راه	در	0.012371
راه	ارتباطی	0.009278
راه	رسیدن	0.008247
راه	افتاده	0.008247
راه	افتاد	0.007216
راه	این	0.007216
راه	بازگشت	0.007216
راه	پیش	0.006186
راه	کشور	0.006186
راه	انداختن	0.005155
راه	نجات	0.005155
راه	حق	0.005155
راه	باشد	0.005155
راه	یک	0.005155
راه	مقابله	0.005155
راه	اصلی	0.004124
راه	توسعه	0.004124
راه	دیگری	0.004124
راه	درست	0.004124
راه	چاره	0.004124
راه	رسید	0.004124
راه	مانده	0.004124
راه	پیشرفت	0.004124
راه	آن	0.004124
راهش	را	0.454545
راهی	برای	0.160000
راهی	بازار	0.080000
راهی	بیمارستان	0.053333
راهی	جز	0.048889
راهی	که	0.044444
راهی	مرحله	0.044444
راهی	محل	0.040000
راهی	تیم	0.031111
راهی	این	0.031111
راهی	در	0.022222
راهی	کشور	0.017778
راهی	سفر	0.017778
راهی	است	0.013333
راهی	بود	0.013333
راهی	به	0.013333
راهی	فوتبال	0.013333
راهی	خانه	0.013333
رتبه	بندی	0.184874
رتبه	اول	0.096639
رتبه	دوم	0.079832
رتبه	سوم	0.063025
رتبه	نخست	0.050420
رتبه	برتر	0.033613
رتبه	پنجم	0.033613
رتبه	چهارم	0.029412
رتبه	را	0.025210
رتبه	قرار	0.021008
رتبه	در	0.021008
رتبه	و	0.021008
رتبه	ششم	0.021008
رتبه	های	0.016807
رتبه	تا	0.016807
رتبه	هفتم	0.012605
رتبه	یک	0.012605
رتبه	جهانی	0.012605
رتبه	زیر	0.012605
ردیف	اول	0.189189
ردیف	بودجه	0.135135
ردیف	شماره	0.081081
رسما	به	0.174603
رسما	اعلام	0.158730
رسما	از	0.158730
رسما	آغاز	0.111111
رسما	با	0.047619
رسیدیم	که	0.277778
رسیدیم	و	0.222222
رفتن	به	0.250000
رفتن	از	0.066667
رفتن	و	0.038889
رفتن	او	0.027778
رفتن	قیمت	0.022222
رفتن	این	0.022222
رفتن	را	0.022222
رفتن	سن	0.016667
رفتن	است	0.016667
رمز	عبور	0.307692
رمز	موفقیت	0.128205
رمز	و	0.128205
رو	به	0.290168
رو	در	0.047962
رو	با	0.023981
رو	هم	0.020384
رو	از	0.019185
رو	برداشت	0.016787
رو	باید	0.015588
رو	این	0.013189
رو	داریم	0.010791
رو	برای	0.009592
رو	دارد	0.009592
رو	است	0.008393
رو	شد	0.008393
رو	و	0.008393
رو	که	0.008393
رو	می	0.007194
رو	ادامه	0.005995
رو	شده	0.005995
رو	هستیم	0.005995
رو	خواهد	0.005995
رو	لازم	0.004796
رو	دست	0.004796
رو	داره	0.004796
رو	کرده	0.004796
رو	دارند	0.004796
رو	هستند	0.004796
رو	خدا	0.003597
رو	کنند	0.003597
رو	دارید	0.003597
رو	برداشته	0.003597
رو	هر	0.003597
رو	را	0.003597
رو	تا	0.003597
رو	باز	0.003597
رو	جمع	0.003597
رو	باشد	0.003597
رو	قرار	0.003597
رو	چی	0.003597
رو	گفته	0.003597
رو	کرد	0.003597
روبرو	شد	0.286822
روبرو	شده	0.124031
روبرو	هستیم	0.077519
روبرو	هستند	0.054264
روبرو	است	0.054264
روبرو	شود	0.054264
روبرو	شدند	0.046512
روبرو	خواهد	0.046512
روبرو	خواهند	0.031008
روبرو	بوده	0.031008
روبرو	شوند	0.023256
روبرو	بود	0.023256
روبرو	می	0.023256
روبه	رو	0.760000
روح	و	0.246377
روح	الله	0.217391
روح	انسان	0.057971
روح	بلند	0.057971
روزانه	به	0.064815
روزانه	خود	0.060185
روزانه	در	0.050926
روزانه	تا	0.046296
روزانه	از	0.046296
روزانه	یک	0.041667
روزانه	میلیون	0.041667
روزانه	هزار	0.041667
روزانه	بیش	0.027778
روزانه	و	0.027778
روزانه	را	0.023148
روزانه	ما	0.018519
روزانه	تن	0.018519
روزانه	نفر	0.018519
روزانه	نزدیک	0.013889
روزانه	صدها	0.013889
روزانه	حدود	0.013889
روزانه	این	0.013889
روزنامه	اطلاعات	0.096447
روزنامه	آمریکایی	0.086294
روزنامه	اعتماد	0.076142
روزنامه	جوان	0.071066
روزنامه	جمهوری	0.050761
روزنامه	فرانسوی	0.035533
روزنامه	انگلیسی	0.035533
روزنامه	هم	0.035533
روزنامه	دنیای	0.035533
روزنامه	های	0.030457
روزنامه	سان	0.030457
روزنامه	شرق	0.030457
روزنامه	نیویورک	0.025381
روزنامه	به	0.020305
روزنامه	در	0.020305
روزنامه	واشنگتن	0.020305
روزنامه	اصلاح	0.020305
روزنامه	دولت	0.015228
روزنامه	وال	0.015228
روزنامه	و	0.015228
روزه	به	0.161290
روزه	در	0.088710
روزه	و	0.072581
روزه	از	0.056452
روزه	خود	0.048387
روزه	دار	0.048387
روزه	با	0.032258
روزه	را	0.024194
روزه	گرفتن	0.024194
روزه	برای	0.024194
روزه	وارد	0.024194
روزی	که	0.240196
روزی	است	0.112745
روزی	در	0.044118
روزی	به	0.039216
روزی	و	0.034314
روزی	از	0.024510
روزی	یک	0.024510
روزی	را	0.024510
روزی	این	0.019608
روزی	برای	0.019608
روزی	خود	0.014706
روزی	شد	0.014706
روزی	با	0.014706
روزی	دو	0.014706
روشن	است	0.180328
روشن	و	0.098361
روشن	شدن	0.061475
روشن	کرده	0.045082
روشن	نیست	0.040984
روشن	شد	0.036885
روشن	کردن	0.036885
روشن	شود	0.032787
روشن	شده	0.024590
روشن	کنید	0.024590
روشن	یا	0.020492
روشن	میکند	0.020492
روشن	کرد	0.020492
روشن	در	0.016393
روشن	خواهد	0.016393
روشن	بود	0.012295
روشن	کنند	0.012295
روشن	باشد	0.012295
روشن	هم	0.012295
روشن	میکنند	0.012295
روشن	به	0.012295
روشن	کند	0.012295
روشن	می	0.012295
روشن	با	0.012295
روی	زمین	0.060211
روی	آن	0.051521
روی	صحنه	0.048417
روی	یک	0.036623
روی	این	0.035382
روی	آنتن	0.034140
روی	میز	0.029174
روی	کار	0.024209
روی	پرده	0.021105
روی	آنها	0.014898
روی	هم	0.013656
روی	سطح	0.012415
روی	پوست	0.010552
روی	کره	0.009932
روی	دروازه	0.009932
روی	کاغذ	0.009311
روی	عدد	0.009311
روی	آورد	0.008690
روی	او	0.008690
روی	داد	0.008070
روی	داده	0.008070
روی	نقطه	0.007449
روی	در	0.007449
روی	صندلی	0.006828
روی	آورده	0.006207
روی	ماه	0.006207
روی	من	0.006207
روی	دوش	0.006207
روی	بدن	0.005587
روی	صفحه	0.005587
روی	خود	0.005587
روی	گل	0.005587
روی	باند	0.005587
روی	نقشه	0.004966
روی	تیم	0.004966
روی	سر	0.004966
روی	پل	0.004966
روی	و	0.004345
روی	صورت	0.004345
روی	آب	0.004345
ری	در	0.097561
ری	از	0.073171
ری	با	0.073171
ری	و	0.073171
زبان	و	0.122677
زبان	انگلیسی	0.115242
زبان	در	0.033457
زبان	دین	0.026022
زبان	اعلام	0.026022
زبان	ساده	0.022305
زبان	به	0.022305
زبان	هنر	0.018587
زبان	فرهنگ	0.014870
زبان	خود	0.014870
زبان	آورد	0.014870
زبان	طبیعی	0.011152
زبان	رسمی	0.011152
زبان	می	0.011152
زبان	بدن	0.011152
زبان	اشاره	0.011152
زبان	با	0.011152
زبان	منتشر	0.011152
زبان	یک	0.011152
زبان	چینی	0.011152
زبان	از	0.011152
زخمی	شدند	0.345679
زخمی	شدن	0.191358
زخمی	شده	0.117284
زخمی	و	0.055556
زخمی	شد	0.049383
زخمی	کردند	0.024691
زخمی	کرده	0.024691
زخمی	به	0.018519
زدم	و	0.281250
زدم	که	0.125000
زدم	اما	0.093750
زدم	تا	0.093750
زده	است	0.219931
زده	و	0.134021
زده	شد	0.089347
زده	شده	0.079038
زده	بود	0.061856
زده	می	0.034364
زده	در	0.034364
زده	شود	0.027491
زده	بودند	0.024055
زده	اند	0.024055
زده	که	0.020619
زده	از	0.013746
زده	باشد	0.010309
زده	کرده	0.010309
زده	شدم	0.010309
زدیم	و	0.625000
زر	و	1.000000
زمزمه	هایی	0.200000
زنانه	و	0.222222
زنانه	را	0.083333
زنانه	است	0.083333
زود	است	0.201923
زود	به	0.134615
زود	از	0.057692
زود	هنگام	0.048077
زود	در	0.028846
زود	تمام	0.028846
زیبا	و	0.383178
زیبا	در	0.065421
زیبا	که	0.037383
زیبا	است	0.037383
زیبا	با	0.037383
زیبا	به	0.037383
زیبا	هستند	0.028037
زیبا	بود	0.028037
س	و	0.149351
س	در	0.071429
س	ر	0.058442
س	را	0.058442
س	ن	0.045455
س	به	0.045455
س	برگزار	0.038961
س	است	0.032468
س	با	0.032468
س	هم	0.025974
س	که	0.019481
س	م	0.019481
س	از	0.019481
سابق	آمریکا	0.113793
سابق	تیم	0.072414
سابق	این	0.058621
سابق	و	0.055172
سابق	را	0.041379
سابق	خود	0.037931
سابق	در	0.031034
سابق	شرکت	0.024138
سابق	سازمان	0.017241
سابق	ارتش	0.017241
سابق	به	0.017241
سابق	از	0.017241
سابق	نوشت	0.017241
سابق	وزیر	0.013793
سابق	فوتبال	0.013793
سابق	ورزش	0.013793
سابق	عراق	0.013793
سابق	مجلس	0.013793
سابق	است	0.010345
سابق	کشور	0.010345
سابق	فرانسه	0.010345
سابق	انجمن	0.010345
سابق	ایالات	0.010345
سابق	حزب	0.010345
سابق	شبکه	0.010345
سابق	باشگاه	0.010345
سابق	وزارت	0.010345
ساختن	یک	0.128205
ساختن	این	0.102564
سازمان	ملل	0.271676
سازمان	همکاری	0.046965
سازمان	برنامه	0.039740
سازمان	امور	0.033960
سازمان	نظام	0.030347
سازمان	غذا	0.029624
سازمان	حفاظت	0.028902
سازمان	انرژی	0.028179
سازمان	ملی	0.026734
سازمان	در	0.020954
سازمان	بیمه	0.020231
سازمان	جهانی	0.018786
سازمان	اطلاعات	0.018786
سازمان	ثبت	0.015896
سازمان	های	0.015896
سازمان	آتش	0.014451
سازمان	به	0.013006
سازمان	توسعه	0.012283
سازمان	و	0.011561
سازمان	حمایت	0.010838
سازمان	صدا	0.010116
سازمان	منطقه	0.010116
سازمان	یافته	0.009393
سازمان	با	0.008671
سازمان	برای	0.008671
سازمان	ها	0.007948
سازمان	را	0.007948
سازمان	از	0.007225
سازمان	است	0.006503
سازمان	خصوصی	0.006503
سازمان	آموزش	0.006503
سازمان	منابع	0.005780
سازمان	مرکزی	0.005058
سازمان	فضایی	0.005058
سازمان	انتقال	0.005058
سازمان	تحقیقات	0.004335
سازمان	صنعت	0.004335
سازمان	استاندارد	0.004335
سازمان	تنظیم	0.004335
سازمان	فرهنگ	0.004335
سالها	در	0.097015
سالها	قبل	0.074627
سالها	پیش	0.067164
سالها	به	0.063433
سالها	بعد	0.029851
سالها	بود	0.029851
سالها	است	0.029851
سالها	با	0.029851
سالها	از	0.018657
سالها	تلاش	0.014925
سالها	طول	0.014925
سالها	که	0.014925
سالها	تجربه	0.011194
سالها	برای	0.011194
سالها	و	0.011194
سالها	را	0.011194
سالها	زمان	0.011194
سالها	زحمت	0.011194
سالگرد	شهادت	0.314815
سالگرد	پیروزی	0.203704
سالگرد	تولد	0.074074
سالگرد	آغاز	0.055556
سالگرد	پایان	0.055556
ساکن	در	0.322581
ساکن	این	0.048387
ساکن	هستند	0.048387
سایه	خورشید	0.043956
سایه	این	0.043956
سایه	و	0.043956
سایه	طوفان	0.043956
سایه	سکوت	0.032967
سایه	در	0.032967
سایه	زمین	0.032967
سخت	است	0.223464
سخت	و	0.167598
سخت	بود	0.047486
سخت	در	0.041899
سخت	تر	0.027933
سخت	کرده	0.022346
سخت	شد	0.022346
سخت	میکند	0.022346
سخت	باشد	0.016760
سخت	شود	0.016760
سخت	خواهد	0.016760
سخت	به	0.016760
سخت	را	0.013966
سخت	شدن	0.013966
سخت	شده	0.013966
سخت	با	0.013966
سخت	نیست	0.011173
سخت	ترین	0.011173
سخت	تلاش	0.011173
سخت	برای	0.008380
سخت	کند	0.008380
سخت	گیری	0.008380
سخن	گفت	0.250000
سخن	گفتن	0.083333
سخن	از	0.083333
سخن	گفته	0.083333
سخن	به	0.075000
سخن	می	0.075000
سخن	میگفت	0.050000
سخن	گفتند	0.033333
سخن	را	0.025000
سخن	رئیس	0.025000
سراغ	این	0.099174
سراغ	دارید	0.033058
سراغ	یک	0.033058
سراغ	پرونده	0.024793
سراغ	آنها	0.024793
سراغ	او	0.024793
سراغ	فیلم	0.024793
سراغش	را	0.500000
سرتاسر	جهان	0.352941
سرتاسر	دنیا	0.176471
سرتاسر	کشور	0.176471
سرعت	و	0.078049
سرعت	در	0.063415
سرعت	بالا	0.048780
سرعت	اینترنت	0.046341
سرعت	کیلومتر	0.046341
سرعت	به	0.043902
سرعت	از	0.034146
سرعت	بیشتری	0.029268
سرعت	رشد	0.029268
سرعت	باد	0.021951
سرعت	گرفته	0.019512
سرعت	این	0.017073
سرعت	عمل	0.017073
سرعت	گرفتن	0.014634
سرعت	افزایش	0.012195
سرعت	انجام	0.012195
سرعت	بالای	0.012195
سرعت	بیشتر	0.012195
سرعت	زیاد	0.012195
سرعت	آن	0.009756
سرعت	با	0.009756
سرعت	بخشی	0.009756
سرعت	هر	0.007317
سرعت	است	0.007317
سرعت	خروج	0.007317
سرعت	برای	0.007317
سرعت	کاهش	0.007317
سرعت	زیادی	0.007317
سرعت	گرفت	0.007317
سرعت	بسیار	0.007317
سرعت	مناسب	0.007317
سرعت	را	0.007317
سرعت	کم	0.007317
سرعت	توسط	0.007317
سرعت	حرکت	0.007317
سرعت	پیش	0.007317
سطح	شهر	0.086420
سطح	کشور	0.050926
سطح	ملی	0.037037
سطح	زمین	0.035494
سطح	جهانی	0.027778
سطح	جهان	0.026235
سطح	زیر	0.023148
سطح	منطقه	0.020062
سطح	از	0.020062
سطح	آب	0.020062
سطح	زرد	0.018519
سطح	بالا	0.018519
سطح	دریا	0.016975
سطح	این	0.016975
سطح	خود	0.016975
سطح	هزار	0.015432
سطح	ماه	0.015432
سطح	جامعه	0.013889
سطح	بالای	0.012346
سطح	در	0.010802
سطح	و	0.009259
سطح	انرژی	0.009259
سطح	اول	0.009259
سطح	بین	0.009259
سطح	دنیا	0.009259
سطح	عالی	0.009259
سطح	بازار	0.009259
سطح	روابط	0.009259
سطح	جاده	0.007716
سطح	خدمات	0.007716
سطح	بسیار	0.007716
سطح	آن	0.007716
سطح	پوست	0.007716
سطح	خورشید	0.007716
سطح	حوزه	0.007716
سطح	تولید	0.006173
سطح	داخلی	0.006173
سطح	بالاتر	0.006173
سطح	به	0.006173
سطح	سیاره	0.006173
سقوط	کرد	0.152941
سقوط	از	0.070588
سقوط	به	0.064706
سقوط	کرده	0.058824
سقوط	یک	0.052941
سقوط	میکند	0.041176
سقوط	در	0.029412
سقوط	و	0.029412
سقوط	این	0.023529
سقوط	است	0.023529
سقوط	خواهد	0.023529
سقوط	قرار	0.023529
سقوط	کند	0.017647
سقوط	دولت	0.017647
سقوط	سنگ	0.017647
سقوط	آزاد	0.017647
سقوط	کردند	0.017647
سقوط	می	0.017647
سن	و	0.189320
سن	دارد	0.038835
سن	در	0.033981
سن	دارند	0.033981
سن	به	0.033981
سن	سال	0.033981
سن	ازدواج	0.024272
سن	قانونی	0.024272
سن	است	0.019417
سن	تا	0.019417
سن	که	0.014563
سن	بالا	0.014563
سن	داشتند	0.014563
سناتور	آمریکایی	0.357143
سناتور	جمهوری	0.214286
سهم	خود	0.072848
سهم	هر	0.046358
سهم	دولت	0.039735
سهم	و	0.039735
سهم	بازار	0.033113
سهم	در	0.033113
سهم	زیادی	0.033113
سهم	بخش	0.033113
سهم	مهمی	0.026490
سهم	را	0.026490
سهم	از	0.019868
سهم	مصرف	0.019868
سهم	بزرگی	0.019868
سهم	بیشتری	0.019868
سهم	بیمه	0.019868
سهم	خواهی	0.019868
سوء	استفاده	0.613636
سوء	قصد	0.204545
سوابق	و	0.153846
سوابق	وی	0.115385
سواری	و	0.142857
سواری	در	0.142857
سواری	با	0.071429
سوال	که	0.230530
سوال	را	0.056075
سوال	این	0.040498
سوال	اینجاست	0.034268
سوال	مهم	0.028037
سوال	مطرح	0.021807
سوال	پیش	0.018692
سوال	است	0.018692
سوال	می	0.018692
سوال	خبرنگار	0.018692
سوال	از	0.015576
سوال	برده	0.015576
سوال	دیگری	0.015576
سوال	پاسخ	0.015576
سوال	به	0.012461
سوال	برد	0.012461
سوال	کرده	0.012461
سوال	و	0.012461
سوال	بردن	0.009346
سوال	بزرگی	0.009346
سوال	قرار	0.009346
سوال	بزرگ	0.009346
سوال	مهمی	0.009346
سوال	اصلی	0.009346
سوال	برای	0.009346
سوال	کنند	0.009346
سوال	کرد	0.009346
سوال	شود	0.009346
سوال	من	0.009346
سپرده	شد	0.283582
سپرده	شده	0.164179
سپرده	شود	0.119403
سپرده	گذاری	0.059701
سپرده	نفت	0.059701
سیاسی	و	0.214943
سیاسی	در	0.063218
سیاسی	امنیتی	0.048276
سیاسی	است	0.036782
سیاسی	را	0.032184
سیاسی	جنبش	0.027586
سیاسی	با	0.022989
سیاسی	از	0.021839
سیاسی	اجتماعی	0.020690
سیاسی	خود	0.017241
سیاسی	کشور	0.016092
سیاسی	این	0.016092
سیاسی	به	0.013793
سیاسی	وزارت	0.011494
سیاسی	که	0.010345
سیاسی	وزیر	0.010345
سیاسی	آن	0.008046
سیاسی	برای	0.008046
سیاسی	آمریکا	0.008046
سیاسی	بر	0.008046
سیاسی	تبدیل	0.006897
سیاسی	نیست	0.006897
سیاسی	هم	0.006897
سیاسی	دفتر	0.006897
سیاسی	دارد	0.006897
سیاسی	یا	0.005747
سیاسی	نشان	0.004598
سیاسی	حزب	0.004598
سیاسی	برگزار	0.004598
سیاسی	اش	0.004598
سیاسی	نزدیک	0.004598
سیاسی	روز	0.004598
سیاسی	اصلاح	0.004598
سیاسی	قرار	0.003448
سیاسی	مردم	0.003448
سیاسی	چه	0.003448
سیاسی	بود	0.003448
سیاسی	میان	0.003448
سیاسی	گفت	0.003448
سیاسی	شده	0.003448
سیاه	و	0.207143
سیاه	را	0.078571
سیاه	به	0.035714
سیاه	که	0.035714
سیاه	در	0.035714
سیاه	با	0.028571
سیاه	پوش	0.028571
سیاه	از	0.021429
سیاه	می	0.021429
سیاه	برای	0.021429
سیب	زمینی	0.376623
سیب	و	0.142857
سیب	به	0.051948
سیب	برای	0.038961
سیب	همچنین	0.038961
سیم	کارت	0.371429
شاد	و	0.269231
شاد	کردن	0.057692
شاد	باشد	0.057692
شاد	اظهار	0.057692
شارژ	است	0.062500
شارژ	کنید	0.062500
شاعر	و	0.219512
شاعر	بزرگ	0.073171
شامل	حال	0.036254
شامل	یک	0.033233
شامل	می	0.024169
شامل	بیش	0.021148
شامل	همه	0.021148
شامل	حدود	0.018127
شامل	هزار	0.015106
شامل	سه	0.015106
شامل	دو	0.012085
شامل	کشور	0.012085
شامل	نام	0.012085
شامل	استفاده	0.012085
شامل	ساخت	0.012085
شامل	برخی	0.012085
شامل	توسعه	0.009063
شامل	قطعه	0.009063
شامل	درصد	0.009063
شامل	چهار	0.009063
شامل	مجموعه	0.009063
شامل	مورد	0.009063
شامل	امنیت	0.009063
شبانه	روز	0.385542
شبانه	روزی	0.325301
شبانه	در	0.042169
شبانه	و	0.024096
شبانه	با	0.024096
شبانه	وارد	0.018072
شباهت	زیادی	0.230769
شباهت	دارد	0.128205
شباهت	هایی	0.076923
شتاب	بیشتری	0.140000
شتاب	و	0.080000
شتاب	دهنده	0.080000
شتاب	رشد	0.060000
شتاب	صفر	0.060000
شخص	در	0.080357
شخص	به	0.053571
شخص	دیگری	0.053571
شخص	مورد	0.035714
شخص	با	0.035714
شخص	برای	0.026786
شخص	رئیس	0.026786
شخص	وزیر	0.026786
شخص	را	0.026786
شخصا	با	0.176471
شخصا	معتقدم	0.088235
شخصا	به	0.088235
شخصی	خود	0.142857
شخصی	و	0.120301
شخصی	که	0.086466
شخصی	در	0.063910
شخصی	را	0.037594
شخصی	است	0.033835
شخصی	یا	0.022556
شخصی	برای	0.022556
شخصی	به	0.022556
شخصی	من	0.018797
شخصی	با	0.018797
شخصی	افراد	0.015038
شخصی	وی	0.011278
شخصی	بوده	0.011278
شخصی	شما	0.011278
شخصی	از	0.011278
شخصی	استفاده	0.011278
شخصی	اش	0.011278
شخصی	مردم	0.011278
شخصی	هم	0.011278
شخصی	بود	0.011278
شعله	ور	0.318182
شعله	های	0.227273
شغل	و	0.086420
شغل	ایجاد	0.074074
شغل	در	0.061728
شغل	ها	0.049383
شغل	دیگری	0.037037
شغل	خود	0.037037
شفا	را	0.250000
شماره	یک	0.129032
شماره	تلفن	0.096774
شماره	تماس	0.092166
شماره	در	0.036866
شماره	و	0.036866
شماره	از	0.027650
شماره	را	0.027650
شماره	خود	0.027650
شماره	حساب	0.023041
شماره	های	0.023041
شماره	دو	0.018433
شماره	پلاک	0.018433
شماره	یکی	0.013825
شماره	سه	0.013825
شماره	کارت	0.013825
شماره	گذاری	0.013825
شماست	و	0.294118
شماست	که	0.294118
شمشیر	دو	0.200000
شمشیر	را	0.200000
شمشیر	و	0.200000
شناس	و	0.187500
شنیده	شدن	0.148649
شنیده	شده	0.148649
شنیده	می	0.094595
شنیده	شود	0.081081
شنیده	شد	0.067568
شنیده	بود	0.054054
شنیده	است	0.054054
شنیده	و	0.040541
شنیده	ایم	0.040541
شنیده	میشد	0.040541
شنیده	ها	0.040541
شهر	و	0.087675
شهر	در	0.067344
شهر	را	0.062262
شهر	به	0.060991
شهر	است	0.026684
شهر	جدید	0.020330
شهر	با	0.020330
شهر	از	0.019060
شهر	کشور	0.015248
شهر	مقدس	0.013977
شهر	بزرگ	0.012706
شهر	برگزار	0.012706
شهر	خبر	0.012706
شهر	که	0.012706
شهر	ری	0.012706
شهر	نیویورک	0.011436
شهر	هستند	0.010165
شهر	برای	0.008895
شهر	بود	0.008895
شهر	قرار	0.008895
شهر	شد	0.007624
شهر	اظهار	0.007624
شهر	آفتاب	0.007624
شهر	یکی	0.007624
شهر	مسکو	0.007624
شهر	پاریس	0.007624
شهر	های	0.007624
شهر	وجود	0.006353
شهر	سوخته	0.006353
شهر	کابل	0.006353
شهر	لندن	0.006353
شهر	یا	0.005083
شهر	سن	0.005083
شهر	جهان	0.005083
شهر	بوده	0.005083
شهر	چین	0.003812
شهر	می	0.003812
شهر	کوچک	0.003812
شهر	اجرا	0.003812
شهر	بیرون	0.003812
شهرت	دارد	0.145161
شهرت	رسید	0.145161
شهرت	و	0.145161
شهرت	داشت	0.080645
شهرت	جهانی	0.048387
شهره	است	0.500000
شوخی	به	0.116279
شوخی	و	0.093023
شوخی	نیست	0.069767
شکاف	بین	0.250000
شکاف	در	0.111111
شکستن	رکورد	0.222222
شکل	گرفته	0.143133
شکل	گرفت	0.071567
شکل	گیری	0.048356
شکل	و	0.040619
شکل	ممکن	0.034816
شکل	است	0.030948
شکل	دیگری	0.021277
شکل	از	0.015474
شکل	عجیبی	0.013540
شکل	خواهد	0.011605
شکل	یک	0.011605
شکل	داده	0.009671
شکل	نگرفته	0.009671
شکل	بود	0.009671
شکل	در	0.009671
شکل	مستقیم	0.009671
شکل	جدی	0.009671
شکل	به	0.009671
شکل	داد	0.009671
شکل	دهد	0.007737
شکل	گسترده	0.007737
شکل	رسمی	0.007737
شکل	می	0.007737
شکل	های	0.005803
شکل	کامل	0.005803
شکل	قابل	0.005803
شکل	کلی	0.005803
شکل	دادن	0.005803
شکل	نیست	0.005803
شکل	که	0.005803
شکل	خود	0.005803
شکل	گرفتن	0.005803
شکل	کاملا	0.005803
شکل	ویژه	0.005803
شکل	بسیار	0.005803
شکنجه	ها	0.150000
صاف	تا	0.442623
صاف	و	0.180328
صاف	کننده	0.049180
صدا	و	0.526627
صدا	در	0.082840
صدا	را	0.035503
صدا	به	0.035503
صدا	است	0.029586
صدا	میکنند	0.017751
صدا	از	0.017751
صدا	که	0.017751
صداقت	و	0.208333
صدای	بلند	0.085526
صدای	اعتراض	0.052632
صدای	خود	0.032895
صدای	مردم	0.032895
صدای	او	0.026316
صدای	مخالف	0.019737
صدای	آن	0.019737
صدای	آمریکا	0.019737
صدای	این	0.019737
صدای	گرم	0.019737
صدای	انفجار	0.019737
صدای	ضبط	0.019737
صدای	یکی	0.019737
صدها	نفر	0.200000
صدها	تن	0.094118
صدها	هزار	0.082353
صدها	سال	0.058824
صدها	میلیون	0.047059
صدها	زن	0.047059
صدها	شرکت	0.035294
صندوق	توسعه	0.119760
صندوق	عقب	0.065868
صندوق	ذخیره	0.053892
صندوق	های	0.047904
صندوق	بیمه	0.047904
صندوق	در	0.047904
صندوق	را	0.041916
صندوق	رای	0.041916
صندوق	ملی	0.029940
صندوق	دار	0.029940
صندوق	بین	0.023952
صندوق	درآمد	0.023952
صندوق	به	0.023952
صندوق	کودکان	0.023952
صندوق	قرض	0.017964
صندوق	و	0.017964
صندوق	که	0.017964
صندوق	ضمانت	0.017964
ضرب	و	0.456140
ضرب	گلوله	0.333333
ضربان	قلب	0.857143
ضمن	اینکه	0.264957
ضمن	اشاره	0.094017
ضمن	بیان	0.051282
ضمن	ابراز	0.044872
ضمن	اعلام	0.042735
ضمن	تشکر	0.042735
ضمن	تبریک	0.036325
ضمن	محکوم	0.025641
ضمن	این	0.023504
ضمن	استقبال	0.012821
ضمن	عذرخواهی	0.012821
ضمن	ارائه	0.012821
ضمن	رد	0.012821
ضمن	حضور	0.012821
ضمن	بررسی	0.010684
ضمن	تایید	0.010684
ضمن	عرض	0.008547
ضمن	درخواست	0.008547
ضمن	حفظ	0.008547
ضمن	هشدار	0.008547
ضمن	دعوت	0.008547
ضمن	تلاش	0.006410
ضمن	توصیه	0.006410
ضمن	شرکت	0.006410
ضمن	به	0.006410
ضمن	کاهش	0.006410
ضمن	حمایت	0.006410
ضمن	شناسایی	0.006410
طراحی	شده	0.220386
طراحی	و	0.168044
طراحی	این	0.049587
طراحی	کرده	0.046832
طراحی	داخلی	0.024793
طراحی	لباس	0.022039
طراحی	شد	0.019284
طراحی	یک	0.016529
طراحی	کنیم	0.016529
طراحی	صحنه	0.016529
طراحی	در	0.013774
طراحی	شود	0.013774
طراحی	کردند	0.011019
طراحی	سایت	0.011019
طراحی	کرد	0.011019
طراحی	وب	0.008264
طراحی	کردیم	0.008264
طراحی	جذاب	0.008264
طراحی	نشده	0.008264
طرف	دیگر	0.167315
طرف	مقابل	0.089494
طرف	و	0.031128
طرف	در	0.031128
طرف	به	0.029183
طرف	قرارداد	0.021401
طرف	را	0.019455
طرف	ما	0.011673
طرف	هم	0.011673
طرف	است	0.011673
طرف	بر	0.011673
طرف	وزارت	0.009728
طرف	غربی	0.009728
طرف	های	0.009728
طرف	برای	0.009728
طرف	چینی	0.009728
طرف	با	0.007782
طرف	دولت	0.007782
طرف	مردم	0.007782
طرف	آن	0.007782
طرف	آمریکایی	0.007782
طرف	درباره	0.007782
طرف	از	0.007782
طرف	ها	0.007782
طرف	برخی	0.007782
طرف	مرز	0.007782
طرف	باید	0.005837
طرف	او	0.005837
طرف	شده	0.005837
طرف	یک	0.005837
طرف	عرضه	0.005837
طرف	می	0.005837
طرف	هستیم	0.005837
طرف	دیگه	0.005837
طرف	حساب	0.005837
طرف	خداوند	0.005837
طرف	نیستیم	0.005837
طرف	خود	0.005837
طرفدار	این	0.102564
طرفدار	تیم	0.076923
طرفدار	نظام	0.076923
طریق	این	0.069930
طریق	آن	0.037296
طریق	فرودگاه	0.027972
طریق	به	0.018648
طریق	تماس	0.018648
طریق	یک	0.018648
طریق	یکی	0.013986
طریق	همین	0.013986
طریق	سایت	0.013986
طریق	مرز	0.013986
طریق	شماره	0.011655
طریق	سازمان	0.011655
طریق	مذاکره	0.009324
طریق	ایجاد	0.009324
طریق	بانک	0.009324
طریق	از	0.009324
طریق	دریا	0.009324
طریق	وزارت	0.009324
طریق	کانال	0.009324
طریق	برنامه	0.009324
طریق	عرضه	0.006993
طریق	افزایش	0.006993
طریق	شرکت	0.006993
طریق	پخش	0.006993
طریق	دستگاه	0.006993
طریق	انتخابات	0.006993
طریق	کاهش	0.006993
طریق	سیستم	0.006993
طریق	دو	0.006993
طریق	گفتگو	0.006993
طریق	تولید	0.006993
طریق	راه	0.006993
طریق	خط	0.006993
طریق	ستاد	0.006993
طلاق	و	0.106383
طلاق	در	0.063830
طلوع	آفتاب	0.230769
عادلانه	و	0.319149
عادلانه	به	0.106383
عادلانه	در	0.085106
عاشقش	هستم	0.500000
عالی	انقلاب	0.105911
عالی	امنیت	0.066502
عالی	کار	0.064039
عالی	کشور	0.046798
عالی	و	0.039409
عالی	است	0.039409
عالی	برای	0.034483
عالی	رتبه	0.032020
عالی	نظارت	0.029557
عالی	دولت	0.029557
عالی	بود	0.027094
عالی	در	0.024631
عالی	دفاع	0.017241
عالی	آموزش	0.017241
عالی	سیاسی	0.017241
عالی	ورزش	0.014778
عالی	به	0.014778
عالی	از	0.012315
عالی	فرمانده	0.009852
عالی	این	0.009852
عالی	آمریکا	0.009852
عالی	خود	0.009852
عالی	مسکن	0.009852
عالی	حوزه	0.007389
عالی	را	0.007389
عالی	ترین	0.007389
عالی	داشت	0.007389
عالی	انتخابات	0.007389
عالی	استاندارد	0.007389
عالی	نظام	0.007389
عالی	بیمه	0.007389
عجیب	و	0.266160
عجیب	نیست	0.053232
عجیب	یک	0.053232
عجیب	است	0.053232
عجیب	در	0.049430
عجیب	از	0.045627
عجیب	به	0.034221
عجیب	بود	0.030418
عجیب	که	0.022814
عجیب	این	0.022814
عجیب	باشد	0.015209
عجیب	درباره	0.015209
عجیب	غریب	0.011407
عجیب	اینکه	0.011407
عجیب	اما	0.011407
عرض	کردم	0.137097
عرض	چند	0.096774
عرض	میکنم	0.096774
عرض	کنم	0.088710
عرض	و	0.056452
عرض	یک	0.040323
عرض	دارد	0.032258
عرض	متر	0.032258
عرض	می	0.024194
عرض	ادب	0.024194
عرض	کیلومتر	0.024194
عرضه	و	0.083990
عرضه	شود	0.062992
عرضه	شده	0.062992
عرضه	شد	0.047244
عرضه	خواهد	0.039370
عرضه	در	0.039370
عرضه	میکند	0.036745
عرضه	به	0.034121
عرضه	محصولات	0.028871
عرضه	این	0.028871
عرضه	کند	0.028871
عرضه	می	0.023622
عرضه	گوشت	0.018373
عرضه	میکنند	0.015748
عرضه	آن	0.015748
عرضه	سوخت	0.015748
عرضه	یک	0.013123
عرضه	میکنیم	0.010499
عرضه	مرغ	0.010499
عرضه	کرد	0.010499
عرضه	کنند	0.010499
عرضه	سکه	0.010499
عرضه	دلار	0.007874
عرضه	کننده	0.007874
عرضه	از	0.007874
عرضه	محدود	0.007874
عرضه	با	0.007874
عرضه	بیش	0.007874
عرضه	شوند	0.007874
عرضه	دام	0.007874
عرضه	اولیه	0.007874
عرضه	آنها	0.007874
عرضه	خواهند	0.007874
عرق	بدن	0.157895
عروسی	خود	0.130435
عروسی	مردم	0.130435
عزیز	و	0.188889
عزیز	از	0.066667
عزیز	ما	0.066667
عزیز	را	0.044444
عزیز	به	0.044444
عزیز	در	0.044444
عزیز	است	0.044444
عصبی	و	0.186441
عصبی	در	0.050847
عصبی	مانند	0.050847
عصبی	را	0.050847
عصر	امروز	0.322835
عصر	روز	0.106299
عصر	دوشنبه	0.059055
عصر	پنجشنبه	0.059055
عصر	چهارشنبه	0.043307
عصر	جمعه	0.043307
عصر	و	0.031496
عصر	شنبه	0.027559
عصر	جدید	0.023622
عصر	دیروز	0.019685
عصر	حاضر	0.019685
عصر	فردا	0.019685
عصر	سه	0.019685
عصر	برای	0.011811
عقاب	قدرتمند	0.157895
عمرش	را	0.384615
عمق	و	0.080645
عمق	فاجعه	0.064516
عمق	زمین	0.064516
عمق	هفت	0.048387
عمق	دارد	0.048387
عمق	متر	0.048387
عمق	روابط	0.048387
عمق	آن	0.048387
عمق	این	0.048387
عمل	کند	0.071429
عمل	جراحی	0.066770
عمل	کرده	0.062112
عمل	کنند	0.055901
عمل	به	0.054348
عمل	میکند	0.051242
عمل	میکنند	0.038820
عمل	می	0.035714
عمل	آمد	0.035714
عمل	کرد	0.027950
عمل	کنیم	0.026398
عمل	و	0.023292
عمل	شدند	0.020186
عمل	آمده	0.018634
عمل	خواهد	0.018634
عمل	شود	0.017081
عمل	آورد	0.017081
عمل	را	0.015528
عمل	کردند	0.013975
عمل	شده	0.013975
عمل	کردن	0.012422
عمل	در	0.010870
عمل	میکرد	0.010870
عمل	است	0.010870
عمل	قرار	0.009317
عمل	کنید	0.009317
عمل	شوند	0.007764
عمل	کردیم	0.007764
عمل	میکنیم	0.007764
عمل	نکرد	0.007764
عمل	خود	0.007764
عمل	نکرده	0.006211
عمل	این	0.006211
عمل	آورده	0.006211
عمل	با	0.006211
عمل	از	0.004658
عمل	بیشتری	0.004658
عمل	ثابت	0.004658
عمل	خواهیم	0.004658
عمل	هم	0.004658
عهد	و	0.294118
عیسی	آل	0.275000
عیسی	مسیح	0.100000
عیسی	از	0.075000
غذا	و	0.344569
غذا	خوردن	0.078652
غذا	در	0.071161
غذا	را	0.063670
غذا	به	0.037453
غذا	برای	0.026217
غذا	استفاده	0.018727
غذا	دارو	0.014981
غذا	می	0.014981
غذا	آب	0.014981
غذا	هم	0.011236
غذا	از	0.011236
غذا	درست	0.011236
غذا	یا	0.011236
غذا	کمک	0.011236
غرب	و	0.127315
غرب	به	0.094907
غرب	در	0.085648
غرب	کشور	0.083333
غرب	از	0.053241
غرب	را	0.046296
غرب	است	0.037037
غرب	برای	0.025463
غرب	علیه	0.023148
غرب	این	0.020833
غرب	که	0.016204
غرب	اروپا	0.016204
غرب	شمال	0.013889
غرب	شهر	0.011574
غرب	با	0.011574
غرب	جنوب	0.011574
غرب	مطرح	0.009259
غرب	هستند	0.006944
غرب	خواهد	0.006944
غرب	گفت	0.006944
غربی	و	0.149100
غربی	در	0.064267
غربی	گفت	0.048843
غربی	از	0.043702
غربی	به	0.043702
غربی	را	0.033419
غربی	با	0.033419
غربی	برای	0.028278
غربی	کشور	0.025707
غربی	است	0.025707
غربی	این	0.023136
غربی	که	0.015424
غربی	ها	0.012853
غربی	وجود	0.010283
غربی	تا	0.010283
غربی	مردم	0.007712
غربی	تلاش	0.007712
غربی	ادعا	0.007712
غربی	نسبت	0.007712
غربی	هم	0.007712
غربی	مسکو	0.007712
غربی	مانند	0.007712
غربی	ادامه	0.007712
غریبه	و	0.250000
غول	بزرگ	0.272727
فراری	از	0.102564
فراری	و	0.102564
فراری	در	0.076923
فراهم	شود	0.128834
فراهم	میکند	0.104294
فراهم	کند	0.089980
فراهم	کرده	0.077710
فراهم	کنند	0.075665
فراهم	شده	0.061350
فراهم	کردن	0.053170
فراهم	کنیم	0.051125
فراهم	می	0.040900
فراهم	میکنند	0.030675
فراهم	خواهد	0.030675
فراهم	است	0.030675
فراهم	شد	0.026585
فراهم	باشد	0.024540
فراهم	شدن	0.022495
فراهم	کرد	0.016360
فراهم	آورده	0.010225
فراهم	میکرد	0.010225
فراهم	کنم	0.008180
فراهم	نشد	0.008180
فراهم	نشده	0.008180
فراهم	نیست	0.008180
فراهم	آورد	0.008180
فراهم	و	0.008180
فراهم	ساختن	0.006135
فردا	در	0.069106
فردا	دوشنبه	0.065041
فردا	و	0.060976
فردا	به	0.052846
فردا	با	0.048780
فردا	شنبه	0.044715
فردا	چهارشنبه	0.040650
فردا	پنجشنبه	0.032520
فردا	از	0.028455
فردا	صبح	0.024390
فردا	تا	0.020325
فردا	جمعه	0.016260
فردا	باید	0.016260
فردا	شب	0.016260
فردا	پرداخت	0.016260
فردا	برگزار	0.016260
فردا	آغاز	0.016260
فردا	برای	0.016260
فردا	پنج	0.012195
فردا	یک	0.012195
فردا	سه	0.012195
فرش	و	0.190476
فرش	های	0.071429
فرض	کنید	0.278689
فرض	کنیم	0.081967
فرض	اینکه	0.081967
فرض	را	0.065574
فرق	دارد	0.220000
فرق	میکند	0.140000
فرق	کرده	0.120000
فرق	می	0.120000
فرق	میکرد	0.100000
فرقی	ندارد	0.172414
فرقی	نمی	0.137931
فرقی	میکند	0.103448
فرماندهی	و	0.090909
فرماندهی	کل	0.079545
فرماندهی	ارتش	0.079545
فرماندهی	مرکزی	0.068182
فرماندهی	سپاه	0.056818
فرماندهی	عملیات	0.056818
فرماندهی	نیروهای	0.034091
فرماندهی	نیروی	0.034091
فرو	رفته	0.155556
فرو	برده	0.133333
فرو	ریخته	0.111111
فرو	برد	0.111111
فرو	رفت	0.088889
فروخته	شد	0.240000
فروخته	شده	0.200000
فروخته	است	0.140000
فروخته	و	0.100000
فروخته	شود	0.080000
فروخته	میشد	0.080000
فرودگاه	بین	0.127660
فرودگاه	در	0.085106
فرودگاه	به	0.063830
فرودگاه	های	0.053191
فرودگاه	بن	0.042553
فرودگاه	با	0.031915
فروش	و	0.075426
فروش	نفت	0.068127
فروش	در	0.053528
فروش	این	0.038929
فروش	محصولات	0.034063
فروش	آن	0.031630
فروش	اموال	0.019465
فروش	را	0.019465
فروش	می	0.019465
فروش	است	0.017032
فروش	میلیون	0.014599
فروش	سلاح	0.014599
فروش	خانه	0.014599
فروش	گذاشته	0.014599
فروش	رفت	0.014599
فروش	محصول	0.012165
فروش	انواع	0.012165
فروش	به	0.012165
فروش	رسید	0.012165
فروش	مواد	0.012165
فروش	رفته	0.009732
فروش	بلیط	0.009732
فروش	خوبی	0.009732
فروش	ملک	0.009732
فروش	وجود	0.009732
فروش	طلا	0.009732
فروش	گسترده	0.007299
فروش	قرار	0.007299
فروش	برای	0.007299
فروش	بیشتر	0.007299
فروش	از	0.007299
فروش	هم	0.007299
فروش	لوازم	0.007299
فروشی	در	0.239130
فصل	گذشته	0.085947
فصل	جدید	0.059233
فصل	دوم	0.058072
فصل	آینده	0.052265
فصل	قبل	0.048780
فصل	اول	0.048780
فصل	و	0.025552
فصل	بهار	0.024390
فصل	سوم	0.023229
فصل	به	0.023229
فصل	در	0.020906
فصل	تابستان	0.019744
فصل	بعد	0.019744
فصل	نقل	0.019744
فصل	زمستان	0.018583
فصل	از	0.017422
فصل	دیگر	0.016260
فصل	را	0.013937
فصل	پیش	0.012776
فصل	نخست	0.012776
فصل	گرما	0.011614
فصل	سرما	0.010453
فصل	است	0.009292
فصل	مسائل	0.009292
فصل	خود	0.008130
فصل	برای	0.008130
فصل	پوست	0.008130
فصل	حضور	0.008130
فصل	با	0.006969
فصل	هم	0.006969
فصل	قسمت	0.006969
فصل	مشکلات	0.005807
فصل	سرد	0.005807
فصل	شود	0.005807
فصل	بود	0.004646
فصل	که	0.004646
فصل	مساله	0.004646
فصل	یک	0.004646
فصل	سیاسی	0.004646
فصل	کنیم	0.004646
فضایی	را	0.092308
فضایی	در	0.056410
فضایی	به	0.056410
فضایی	جیمز	0.051282
فضایی	و	0.046154
فضایی	اروپا	0.041026
فضایی	ایالات	0.030769
فضایی	چین	0.030769
فضایی	بین	0.025641
فضایی	که	0.025641
فضایی	برای	0.025641
فضایی	کشور	0.020513
فضایی	روسیه	0.015385
فضایی	با	0.015385
فضایی	است	0.015385
فضایی	جانسون	0.015385
فضایی	بود	0.015385
فضایی	از	0.015385
فلسفه	و	0.133333
فلسفه	هنر	0.088889
فلسفه	برای	0.066667
فلسفه	در	0.066667
فهمید	که	0.437500
فوتبال	در	0.064011
فوتبال	ما	0.056899
فوتبال	را	0.044097
فوتبال	و	0.036984
فوتبال	به	0.027027
فوتبال	کشور	0.027027
فوتبال	است	0.027027
فوتبال	این	0.027027
فوتبال	برتر	0.025605
فوتبال	بازی	0.025605
فوتبال	با	0.025605
فوتبال	امید	0.018492
فوتبال	جهان	0.017070
فوتبال	زنان	0.017070
فوتبال	اروپا	0.015647
فوتبال	از	0.014225
فوتبال	برای	0.014225
فوتبال	درباره	0.011380
فوتبال	دنیا	0.009957
فوتبال	گفت	0.009957
فوتبال	درون	0.009957
فوتبال	خوبی	0.008535
فوتبال	نیست	0.008535
فوتبال	که	0.007112
فوتبال	زیر	0.007112
فوتبال	برگزار	0.007112
فوتبال	کمک	0.005690
فوتبال	صنعت	0.005690
فوتبال	یک	0.005690
فوتبال	اعلام	0.005690
فوتبال	خود	0.005690
فوتبال	جام	0.005690
فوتبال	هم	0.005690
فوتبال	قصد	0.005690
فوتبال	امروز	0.005690
فوتبال	عراق	0.004267
فوتبال	آلمان	0.004267
فوتبال	پس	0.004267
فوتبال	قرار	0.004267
فوتبال	حرفه	0.004267
فکر	میکنم	0.178423
فکر	می	0.073306
فکر	میکنند	0.052559
فکر	میکنید	0.051176
فکر	و	0.038728
فکر	کنم	0.035961
فکر	میکند	0.033195
فکر	کردن	0.030429
فکر	کنید	0.029046
فکر	میکنیم	0.026279
فکر	نمیکنم	0.026279
فکر	میکردم	0.023513
فکر	کنیم	0.023513
فکر	کند	0.023513
فکر	میکرد	0.022130
فکر	کنند	0.020747
فکر	کرد	0.019364
فکر	نمیکردم	0.016598
فکر	کردم	0.015214
فکر	میکردیم	0.012448
فکر	کرده	0.012448
فکر	نمی	0.009682
فکر	کردند	0.008299
فکر	میکنی	0.008299
فکر	کردیم	0.008299
فکر	مردم	0.006916
فکر	تولید	0.005533
فکر	این	0.005533
فکر	برای	0.004149
فکر	به	0.004149
فکر	یک	0.004149
فکر	آن	0.004149
فکری	کودکان	0.178082
فکری	و	0.150685
فکری	به	0.095890
فکری	در	0.041096
فکری	برای	0.034247
فکری	که	0.027397
فکری	را	0.027397
فکری	این	0.020548
فکری	کند	0.020548
فیلم	و	0.067738
فیلم	در	0.060850
فیلم	را	0.045924
فیلم	کوتاه	0.043628
فیلم	به	0.029851
فیلم	با	0.025258
فیلم	از	0.024110
فیلم	های	0.020666
فیلم	هم	0.020666
فیلم	بلند	0.016073
فیلم	که	0.014925
فیلم	است	0.011481
فیلم	نت	0.011481
فیلم	کودک	0.010333
فیلم	برای	0.009185
فیلم	هستند	0.009185
فیلم	مقاومت	0.009185
فیلم	سرهنگ	0.008037
فیلم	ما	0.008037
فیلم	غریب	0.008037
فیلم	نقش	0.006889
فیلم	بازی	0.006889
فیلم	مشاهده	0.006889
فیلم	درباره	0.006889
فیلم	اول	0.006889
فیلم	ها	0.006889
فیلم	این	0.006889
فیلم	دیگری	0.006889
فیلم	جدید	0.005741
فیلم	من	0.005741
فیلم	ساعت	0.005741
فیلم	مربوط	0.004592
فیلم	یکی	0.004592
فیلم	روی	0.004592
فیلم	آقای	0.004592
فیلم	باید	0.004592
فیلم	آنها	0.003444
فیلم	ترسناک	0.003444
فیلم	استاد	0.003444
فیلم	بود	0.003444
قابل	توجه	0.225045
قابل	قبول	0.128857
قابل	مشاهده	0.088929
قابل	استفاده	0.047187
قابل	اعتماد	0.041742
قابل	حمل	0.025408
قابل	درک	0.021779
قابل	اجرا	0.021779
قابل	دفاع	0.019964
قابل	پیش	0.019964
قابل	حل	0.018149
قابل	تنظیم	0.018149
قابل	تشخیص	0.016334
قابل	احترام	0.014519
قابل	معامله	0.010889
قابل	دسترسی	0.010889
قابل	انجام	0.010889
قابل	ملاحظه	0.009074
قابل	دسترس	0.009074
قابل	برداشت	0.007260
قابل	بیان	0.007260
قابل	بررسی	0.007260
قابل	انکار	0.007260
قابل	دریافت	0.007260
قابل	سفارش	0.005445
قابل	لمس	0.005445
قابل	اطمینان	0.005445
قابل	فروش	0.005445
قابل	جبران	0.005445
قابل	تحمل	0.005445
قابل	اصلاح	0.005445
قابل	شناسایی	0.005445
قابل	بحث	0.005445
قابل	تصور	0.005445
قابل	کنترل	0.005445
قابل	انتقال	0.005445
قابل	درمان	0.005445
قابل	پرداخت	0.005445
قابل	ارائه	0.005445
قاشق	و	0.294118
قانونی	است	0.082262
قانونی	و	0.079692
قانونی	در	0.077121
قانونی	به	0.071979
قانونی	خود	0.046272
قانونی	برای	0.046272
قانونی	تحویل	0.030848
قانونی	را	0.028278
قانونی	که	0.025707
قانونی	از	0.025707
قانونی	این	0.025707
قانونی	با	0.023136
قانونی	منتقل	0.020566
قانونی	ندارد	0.017995
قانونی	قرار	0.010283
قانونی	بوده	0.010283
قانونی	هستند	0.010283
قانونی	صورت	0.010283
قانونی	لازم	0.010283
قانونی	فیلم	0.010283
قانونی	توسط	0.007712
قانونی	هم	0.007712
قانونی	معرفی	0.007712
قانونی	دارد	0.007712
قانونی	خواهد	0.007712
قانونی	وجود	0.007712
قانونی	علیه	0.007712
قبل	از	0.550628
قبل	در	0.043515
قبل	و	0.024268
قبل	به	0.022594
قبل	با	0.020084
قبل	را	0.014226
قبل	هم	0.011715
قبل	که	0.010042
قبل	است	0.010042
قبل	درصد	0.007531
قبل	این	0.006695
قبل	آغاز	0.005858
قبل	بود	0.005858
قبل	داشته	0.005021
قبل	برای	0.005021
قبل	یعنی	0.004184
قبل	یا	0.003347
قبل	نیست	0.003347
قبل	بوده	0.003347
قبل	خود	0.003347
قبل	افزایش	0.002510
قبل	تغییر	0.002510
قبل	کمتر	0.002510
قبل	تر	0.002510
قبل	سه	0.002510
قبل	یکی	0.002510
قبل	وارد	0.002510
قبل	صورت	0.002510
قبل	بیش	0.002510
قبل	بازی	0.002510
قبل	یک	0.002510
قبل	گزارش	0.002510
قبل	عمل	0.002510
قبل	بر	0.002510
قتل	عام	0.090452
قتل	و	0.065327
قتل	در	0.060302
قتل	رسیده	0.055276
قتل	را	0.045226
قتل	او	0.035176
قتل	رسید	0.030151
قتل	به	0.025126
قتل	یکی	0.025126
قتل	با	0.020101
قتل	دخترش	0.020101
قتل	زن	0.020101
قتل	های	0.015075
قتل	است	0.015075
قتل	یک	0.015075
قتل	همسرش	0.015075
قتل	می	0.015075
قتل	دستگیر	0.015075
قتل	این	0.015075
قتل	دو	0.015075
قدرتمند	و	0.168831
قدرتمند	در	0.116883
قدرتمند	خود	0.051948
قدرتمند	را	0.038961
قدرتمند	از	0.038961
قرص	دستی	0.120000
قرمز	و	0.129808
قرمز	در	0.110577
قرمز	را	0.048077
قرمز	رنگ	0.028846
قرمز	به	0.024038
قرمز	یا	0.024038
قرمز	قرار	0.024038
قرمز	از	0.024038
قرمز	ما	0.019231
قرمز	است	0.019231
قرمز	آن	0.019231
قرمز	شهر	0.019231
قرمز	که	0.014423
قرمز	بود	0.014423
قرمز	دیده	0.014423
قرمز	نیست	0.014423
قرمز	با	0.014423
قسمت	از	0.125461
قسمت	به	0.033210
قسمت	اول	0.029520
قسمت	ششم	0.029520
قسمت	دوم	0.025830
قسمت	کی	0.025830
قسمت	فصل	0.025830
قسمت	های	0.022140
قسمت	هفتم	0.022140
قسمت	سریال	0.022140
قسمت	دیگری	0.022140
قسمت	پایین	0.018450
قسمت	یکی	0.018450
قسمت	این	0.018450
قسمت	چهل	0.018450
قسمت	بیست	0.018450
قسمت	آخر	0.018450
قسمت	تقسیم	0.014760
قسمت	آن	0.014760
قسمت	جدید	0.014760
قسمت	را	0.014760
قسمت	پنجاه	0.014760
قسمت	هشتم	0.011070
قسمت	عقب	0.011070
قسمت	پنجم	0.011070
قسمت	دیگر	0.011070
قسمت	جلوی	0.011070
قسمت	هایی	0.011070
قصر	شیرین	0.272727
قطعات	و	0.121622
قطعات	را	0.094595
قطعات	کوچک	0.054054
قطعات	سکه	0.054054
قطعات	اصلی	0.040541
قطعات	مختلف	0.040541
قفس	در	0.187500
قلب	و	0.162651
قلب	را	0.048193
قلب	آمریکا	0.036145
قلب	در	0.036145
قلب	به	0.030120
قلب	است	0.030120
قلب	خط	0.024096
قلب	او	0.024096
قلب	شما	0.018072
قلب	سریع	0.018072
قلب	خود	0.018072
قلب	ما	0.018072
قلعه	نوعی	0.200000
قلعه	ای	0.075000
قلعه	و	0.075000
قلم	و	0.121212
قلم	دارو	0.075758
قلم	زدن	0.060606
قلم	انواع	0.045455
قلم	به	0.045455
قهرمان	جام	0.094444
قهرمان	جهان	0.077778
قهرمان	شود	0.061111
قهرمان	شد	0.061111
قهرمان	و	0.055556
قهرمان	این	0.050000
قهرمان	شده	0.033333
قهرمان	فصل	0.027778
قهرمان	شدند	0.027778
قهرمان	ملی	0.022222
قهرمان	را	0.022222
قهرمان	سابق	0.022222
قهرمان	در	0.022222
قهرمان	می	0.022222
قهرمان	واقعی	0.016667
قهرمان	شدیم	0.016667
قهرمان	به	0.016667
قهرمان	شهر	0.016667
قهرمان	مسابقات	0.016667
قهوه	ای	0.087719
قهوه	و	0.087719
قهوه	در	0.070175
قهوه	را	0.070175
قهوه	به	0.070175
قوانین	و	0.217778
قوانین	بین	0.093333
قوانین	جدید	0.048889
قوانین	موجود	0.031111
قوانین	در	0.031111
قوانین	را	0.026667
قوانین	مربوط	0.026667
قوانین	جمهوری	0.017778
قوانین	به	0.017778
قوانین	جهانی	0.017778
قوانین	باید	0.017778
قوانین	آن	0.017778
قوانین	جدیدی	0.017778
قوانین	این	0.013333
قوانین	مربوطه	0.013333
قوانین	کشور	0.013333
قوی	است	0.115789
قوی	و	0.110526
قوی	در	0.078947
قوی	برای	0.036842
قوی	تر	0.031579
قوی	با	0.031579
قوی	را	0.031579
قوی	باشد	0.026316
قوی	دارد	0.021053
قوی	بود	0.021053
قوی	ترین	0.021053
قوی	هستند	0.015789
قوی	این	0.015789
قوی	شود	0.015789
قوی	از	0.015789
قوی	به	0.015789
لا	ت	0.333333
لخته	شدن	0.600000
لخته	خون	0.300000
لطف	و	0.166667
لطف	خدا	0.106061
لطف	نیست	0.075758
لطف	داشتند	0.060606
لطف	خداوند	0.045455
لطف	میکنند	0.045455
لطف	دارند	0.045455
لمس	کردن	0.227273
مأمور	پلیس	0.176471
ماجرا	را	0.124224
ماجرا	به	0.099379
ماجرا	از	0.099379
ماجرا	این	0.031056
ماجرا	با	0.031056
ماجرا	هم	0.031056
ماجرا	بود	0.024845
ماجرا	نبود	0.024845
ماجرا	گفت	0.024845
ماجرا	شود	0.018634
ماجرا	در	0.018634
ماجرا	چه	0.018634
ماجرا	و	0.018634
ماجرا	نگاه	0.018634
ماده	قانون	0.294776
ماده	به	0.063433
ماده	غذایی	0.055970
ماده	و	0.041045
ماده	این	0.041045
ماده	در	0.029851
ماده	که	0.014925
ماده	است	0.014925
ماده	اولیه	0.014925
ماده	را	0.014925
ماده	تاریک	0.014925
ماده	برای	0.014925
ماده	ای	0.014925
ماده	مخدر	0.011194
ماده	از	0.011194
ماده	قانونی	0.011194
ماده	آن	0.011194
ماشین	را	0.061350
ماشین	های	0.055215
ماشین	در	0.036810
ماشین	جنگی	0.030675
ماشین	خود	0.024540
ماشین	ها	0.024540
ماشین	به	0.024540
ماشین	با	0.018405
ماشین	پلیس	0.018405
ماشین	کار	0.018405
ماشین	و	0.018405
ماشین	از	0.018405
ماشین	اسباب	0.018405
مامور	پلیس	0.142857
ماموریت	های	0.075949
ماموریت	آن	0.063291
ماموریت	به	0.050633
ماموریت	ها	0.037975
ماموریت	خود	0.037975
ماند	و	0.557895
ماند	تا	0.105263
ماند	که	0.042105
ماند	اما	0.042105
مانند	یک	0.052252
مانند	گذشته	0.025225
مانند	بسیاری	0.021622
مانند	این	0.014414
مانند	سال	0.014414
مانند	سرطان	0.012613
مانند	هر	0.012613
مانند	دیگر	0.012613
مانند	چین	0.010811
مانند	آن	0.010811
مانند	آب	0.010811
مانند	شرکت	0.009009
مانند	روسیه	0.007207
مانند	سازمان	0.007207
مانند	اینکه	0.007207
مانند	کمبود	0.007207
مانند	بی	0.007207
مانند	کاهش	0.007207
مانند	و	0.007207
مانند	ساخت	0.007207
مانند	استفاده	0.005405
مانند	از	0.005405
مانند	آقای	0.005405
مانند	بیمه	0.005405
مانند	انتخابات	0.005405
مانند	آنچه	0.005405
مانند	مواد	0.005405
مانند	چای	0.005405
مانند	آثار	0.005405
مانند	سنگ	0.005405
مانند	گوشت	0.005405
مانند	من	0.005405
مانند	همه	0.005405
ماهه	نخست	0.187050
ماهه	سال	0.115108
ماهه	امسال	0.107914
ماهه	اول	0.100719
ماهه	گذشته	0.043165
ماهه	دوم	0.043165
ماهه	در	0.021583
ماهه	به	0.021583
ماهه	را	0.021583
ماهه	از	0.021583
ماهه	چهارم	0.021583
ماهه	است	0.021583
ماهه	مدت	0.021583
ماهه	سوم	0.021583
ماهی	و	0.082278
ماهی	در	0.069620
ماهی	از	0.069620
ماهی	را	0.063291
ماهی	است	0.044304
ماهی	سفید	0.037975
ماهی	که	0.037975
ماهی	تن	0.025316
ماهی	میلیون	0.018987
ماهی	باید	0.018987
مایل	به	0.233333
مایل	در	0.100000
مایل	است	0.100000
مبارزه	با	0.684211
مبارزه	و	0.023684
مبارزه	کند	0.018421
مبارزه	کرد	0.015789
مبارزه	را	0.013158
مبارزه	در	0.013158
مبارزه	می	0.010526
مبارزه	بر	0.010526
مبارزه	علیه	0.010526
مبارزه	میکنند	0.007895
مبارزه	کنند	0.007895
مبارزه	سیاسی	0.007895
مبارزه	به	0.007895
مبارزه	است	0.007895
مبارزه	جدی	0.007895
مبارزه	برای	0.007895
مترجم	در	0.148148
مترجم	و	0.111111
مترجم	با	0.111111
مترو	و	0.133333
مترو	به	0.066667
مترو	در	0.066667
مترو	با	0.066667
متفاوت	است	0.309942
متفاوت	از	0.090643
متفاوت	و	0.055556
متفاوت	باشد	0.052632
متفاوت	خواهد	0.040936
متفاوت	با	0.032164
متفاوت	بود	0.032164
متفاوت	به	0.029240
متفاوت	در	0.029240
متفاوت	را	0.023392
متفاوت	هستند	0.020468
متفاوت	برای	0.014620
متفاوت	بوده	0.011696
متفاوت	باشند	0.011696
متفاوت	میکند	0.008772
متفاوت	استفاده	0.008772
متفاوت	دقیقا	0.008772
متفاوت	انجام	0.008772
متفاوت	داشته	0.008772
متفاوت	دیده	0.008772
متقاعد	کند	0.200000
متقاعد	کردن	0.160000
متمرکز	شده	0.130952
متمرکز	است	0.107143
متمرکز	بر	0.107143
متمرکز	بود	0.059524
متمرکز	در	0.035714
متمرکز	کند	0.035714
متمرکز	و	0.035714
متمرکز	بوده	0.035714
متن	و	0.100840
متن	این	0.092437
متن	کامل	0.050420
متن	را	0.042017
متن	پیام	0.033613
متن	زندگی	0.025210
متن	شهر	0.025210
متن	به	0.025210
متهم	به	0.135647
متهم	کرد	0.088328
متهم	در	0.072555
متهم	دستگیر	0.056782
متهم	را	0.050473
متهم	پس	0.041009
متهم	شده	0.034700
متهم	ردیف	0.028391
متهم	شد	0.025237
متهم	کرده	0.025237
متهم	با	0.025237
متهم	از	0.022082
متهم	کردن	0.022082
متهم	اصلی	0.022082
متهم	و	0.018927
متهم	میکنند	0.015773
متهم	کردند	0.015773
متهم	که	0.015773
متهم	می	0.012618
متهم	هستند	0.009464
متهم	پرونده	0.009464
متهم	برای	0.009464
متهم	تحت	0.009464
متهم	شدند	0.009464
متهم	این	0.009464
متهم	فراری	0.009464
متوجه	شدم	0.128405
متوجه	شدیم	0.093385
متوجه	شد	0.073930
متوجه	شدند	0.066148
متوجه	شده	0.054475
متوجه	می	0.054475
متوجه	این	0.042802
متوجه	شوند	0.027237
متوجه	آن	0.019455
متوجه	شدید	0.019455
متوجه	شود	0.019455
متوجه	حضور	0.019455
متوجه	وجود	0.015564
متوجه	نشدم	0.015564
متوجه	چند	0.011673
متوجه	نشده	0.011673
متوسط	قیمت	0.093168
متوسط	و	0.093168
متوسط	در	0.049689
متوسط	تا	0.043478
متوسط	به	0.037267
متوسط	است	0.037267
متوسط	این	0.031056
متوسط	رشد	0.024845
متوسط	که	0.024845
متوسط	محدوده	0.018634
متوسط	درآمد	0.018634
مثال	در	0.174157
مثال	اگر	0.089888
مثال	برای	0.039326
مثال	یک	0.033708
مثال	آنها	0.033708
مثال	با	0.022472
مثال	ما	0.022472
مثال	وقتی	0.016854
مثال	دیگر	0.016854
مثل	یک	0.055556
مثل	اینکه	0.053030
مثل	این	0.045455
مثل	همیشه	0.037879
مثل	من	0.027778
مثل	ما	0.017677
مثل	بقیه	0.017677
مثل	بازی	0.015152
مثل	بسیاری	0.012626
مثل	او	0.010101
مثل	همه	0.010101
مثل	آب	0.010101
مثل	آنها	0.007576
مثل	برخی	0.007576
مثل	قبل	0.007576
مثل	سال	0.007576
مثل	دیگر	0.007576
مثل	آمریکا	0.007576
مثل	گذشته	0.007576
مثل	شما	0.007576
مثل	ژاپن	0.007576
مثل	آن	0.007576
مثل	هم	0.007576
مثل	طرح	0.007576
مثلا	در	0.173684
مثلا	یک	0.052632
مثلا	اگر	0.047368
مثلا	اینکه	0.036842
مثلا	برای	0.031579
مثلا	به	0.026316
مثلا	سال	0.021053
مثلا	این	0.021053
مثلا	یکی	0.021053
مثلا	با	0.021053
مثلا	چند	0.015789
مثلا	می	0.015789
مثلا	وقتی	0.015789
مجاز	به	0.225000
مجاز	در	0.125000
مجاز	و	0.112500
مجاز	است	0.100000
مجوز	از	0.067227
مجوز	و	0.063025
مجوز	برای	0.042017
مجوز	را	0.037815
مجوز	در	0.033613
مجوز	به	0.025210
مجوز	حمل	0.016807
مجوز	ورود	0.016807
مجوز	حضور	0.016807
مجوز	امنیتی	0.012605
مجوز	پرداخت	0.012605
مجوز	خود	0.012605
مجوز	رسمی	0.012605
مجوز	ساخت	0.012605
مجوز	تولید	0.012605
مجوز	وزارت	0.012605
مجوز	برداشت	0.012605
مجوز	حرفه	0.012605
مجوز	خروج	0.012605
مجوز	صادر	0.012605
مجوز	داشته	0.012605
مجوز	دریافت	0.012605
مجوز	حزب	0.012605
محاسبه	و	0.109589
محاسبه	شده	0.095890
محاسبه	کنیم	0.054795
محاسبه	حقوق	0.054795
محاسبه	کرده	0.041096
محاسبه	می	0.041096
محاسبه	کنند	0.041096
محدوده	خیابان	0.038462
محدوده	شهر	0.038462
محدوده	این	0.038462
محدوده	شهری	0.038462
محدوده	است	0.030769
محدوده	بازار	0.030769
محدوده	پل	0.030769
محدوده	میلیون	0.023077
محدوده	به	0.023077
محدوده	هزار	0.023077
محدوده	تا	0.023077
محدوده	طرح	0.023077
محدوده	قیمت	0.023077
محدوده	منطقه	0.023077
محدوده	خارج	0.023077
محل	حادثه	0.109344
محل	اعزام	0.051690
محل	کار	0.043738
محل	زندگی	0.041750
محل	اقامت	0.027833
محل	منابع	0.025845
محل	وقوع	0.023857
محل	حضور	0.017893
محل	وزارت	0.017893
محل	و	0.017893
محل	تمرین	0.017893
محل	این	0.015905
محل	حاضر	0.015905
محل	قرار	0.013917
محل	سالن	0.009940
محل	بحث	0.009940
محل	به	0.007952
محل	انجام	0.007952
محل	آن	0.007952
محل	فروش	0.007952
محل	مورد	0.007952
محل	کسب	0.005964
محل	درآمد	0.005964
محل	در	0.005964
محل	پروژه	0.005964
محل	کارش	0.005964
محل	برای	0.005964
محل	انفجار	0.005964
محل	سفارت	0.005964
محل	تالار	0.005964
محل	دفن	0.005964
محل	کاخ	0.005964
محل	ثبت	0.005964
محل	متوجه	0.005964
محل	استراحت	0.005964
محل	را	0.005964
مخابره	شده	0.250000
مخابره	شد	0.250000
مخابره	میکند	0.166667
مخصوصا	در	0.288889
مخصوصا	اگر	0.111111
مخلوط	کنید	0.285714
مخلوط	کردن	0.085714
مد	نظر	0.597561
مد	و	0.121951
مد	شده	0.073171
مدام	در	0.196721
مدام	به	0.081967
مدام	از	0.065574
مدرسه	و	0.087805
مدرسه	در	0.078049
مدرسه	را	0.073171
مدرسه	به	0.043902
مدرسه	با	0.043902
مدرسه	رمان	0.039024
مدرسه	هم	0.024390
مدرسه	از	0.019512
مدرسه	است	0.019512
مدرسه	ای	0.019512
مدرسه	باید	0.019512
مدرسه	هستند	0.014634
مدرسه	نمونه	0.014634
مدرسه	ساز	0.014634
مدرسه	بود	0.014634
مدرسه	خود	0.014634
مدرسه	برای	0.014634
مذهب	و	0.294118
مراقب	باشند	0.160000
مراقب	باشید	0.120000
مراقب	بود	0.080000
مراقب	سلامت	0.080000
مراقب	خود	0.080000
مربوط	به	0.935484
مربوط	است	0.013825
مربوط	نیست	0.006144
مربوط	می	0.004608
مربوط	باشد	0.004608
مربوط	در	0.004608
مرتب	و	0.150000
مرتب	کردن	0.075000
مرز	با	0.113300
مرز	مشترک	0.064039
مرز	و	0.054187
مرز	بین	0.044335
مرز	هزار	0.039409
مرز	به	0.024631
مرز	را	0.024631
مرز	زمینی	0.024631
مرز	این	0.024631
مرز	است	0.019704
مرز	عراق	0.019704
مرز	ما	0.014778
مرز	وجود	0.014778
مرز	یک	0.014778
مرز	از	0.014778
مرز	آبی	0.014778
مرز	جمهوری	0.014778
مرکز	ملی	0.074523
مرکز	آمار	0.050260
مرکز	شهر	0.039861
مرکز	اطلاع	0.036395
مرکز	تحقیقات	0.034662
مرکز	مبادله	0.032929
مرکز	کنترل	0.025997
مرکز	پیش	0.025997
مرکز	اورژانس	0.025997
مرکز	فرماندهی	0.024263
مرکز	این	0.022530
مرکز	اطلاعات	0.020797
مرکز	پزشکی	0.017331
مرکز	آموزش	0.017331
مرکز	اسناد	0.017331
مرکز	و	0.015598
مرکز	در	0.015598
مرکز	خرید	0.013865
مرکز	توسعه	0.013865
مرکز	تولید	0.010399
مرکز	فضایی	0.010399
مرکز	ارتباطات	0.010399
مرکز	به	0.008666
مرکز	گسترش	0.008666
مرکز	حقوق	0.008666
مرکز	رسانه	0.008666
مرکز	درمان	0.008666
مرکز	خدمات	0.008666
مرکز	نوار	0.008666
مرکز	اعلام	0.006932
مرکز	نفس	0.006932
مرکز	با	0.006932
مرکز	کهکشان	0.006932
مرکز	امور	0.006932
مرکز	آن	0.005199
مرکز	موسیقی	0.005199
مرکز	علوم	0.005199
مرکز	بخش	0.005199
مرکز	حفاظت	0.005199
مرکز	نظارت	0.005199
مرگ	و	0.199324
مرگ	بر	0.057432
مرگ	را	0.047297
مرگ	است	0.040541
مرگ	در	0.037162
مرگ	او	0.033784
مرگ	یک	0.030405
مرگ	این	0.027027
مرگ	به	0.020270
مرگ	هم	0.013514
مرگ	نجات	0.013514
مرگ	زن	0.013514
مرگ	آنها	0.013514
مرگ	وی	0.013514
مرگ	مشکوک	0.013514
مرگ	نفر	0.010135
مرگ	مرد	0.010135
مرگ	یا	0.010135
مرگ	خود	0.010135
مسئله	را	0.055394
مسئله	در	0.055394
مسئله	باعث	0.037901
مسئله	مهم	0.032070
مسئله	و	0.029155
مسئله	به	0.029155
مسئله	اصلی	0.029155
مسئله	دیگر	0.020408
مسئله	ای	0.017493
مسئله	توجه	0.017493
مسئله	کاملا	0.017493
مسئله	هم	0.014577
مسئله	از	0.014577
مسئله	با	0.014577
مسئله	است	0.011662
مسئله	این	0.011662
مسئله	بعدی	0.011662
مسئله	مهمی	0.008746
مسئله	موجب	0.008746
مسئله	باید	0.008746
مسئله	اول	0.008746
مسئله	آب	0.008746
مسئله	مربوط	0.008746
مسئله	بود	0.008746
مسئله	بی	0.008746
مسئولیت	اجتماعی	0.101266
مسئولیت	این	0.094937
مسئولیت	خود	0.069620
مسئولیت	را	0.063291
مسئولیت	در	0.031646
مسئولیت	از	0.031646
مسئولیت	آن	0.018987
مسئولیت	حمله	0.018987
مسئولیت	های	0.018987
مسابقات	جهانی	0.126722
مسابقات	به	0.057851
مسابقات	جام	0.057851
مسابقات	را	0.055096
مسابقات	در	0.038567
مسابقات	حضور	0.030303
مسابقات	بین	0.027548
مسابقات	با	0.024793
مسابقات	شرکت	0.024793
مسابقات	و	0.022039
مسابقات	کشتی	0.019284
مسابقات	این	0.019284
مسابقات	مختلف	0.016529
مسابقات	فوتبال	0.016529
مسابقات	پیش	0.013774
مسابقات	از	0.011019
مسابقات	راه	0.011019
مسابقات	هم	0.008264
مسابقات	کره	0.008264
مسابقات	کنار	0.008264
مسابقات	زیر	0.008264
مسابقات	برای	0.008264
مسابقات	تیم	0.008264
مسابقات	مشخص	0.008264
مسابقات	سازمان	0.008264
مسافر	از	0.144928
مسافر	در	0.130435
مسافر	را	0.101449
مسافر	و	0.072464
مسافر	به	0.057971
مسافرت	با	0.250000
مسدود	شده	0.227273
مسدود	شدن	0.109091
مسدود	کردن	0.090909
مسدود	کرده	0.081818
مسدود	است	0.063636
مسدود	شد	0.054545
مسدود	و	0.036364
مسدود	کردند	0.036364
مسدود	کند	0.027273
مسدود	هستند	0.027273
مسواک	زدن	0.428571
مسواک	بزنید	0.142857
مسکن	در	0.207581
مسکن	و	0.088448
مسکن	را	0.043321
مسکن	به	0.043321
مسکن	انقلاب	0.037906
مسکن	از	0.032491
مسکن	مهر	0.032491
مسکن	ملی	0.023466
مسکن	با	0.023466
مسکن	برای	0.018051
مسکن	گفت	0.016245
مسکن	هزار	0.009025
مسکن	انجام	0.009025
مسکن	این	0.009025
مسکن	است	0.009025
مسکن	هستند	0.009025
مسکن	باید	0.007220
مسکن	هم	0.007220
مسکن	عمل	0.007220
مسکن	اشاره	0.007220
مسکن	ورود	0.005415
مسکن	بوده	0.005415
مسکن	ایجاد	0.005415
مسکن	دولت	0.005415
مسکن	وجود	0.005415
مسکن	که	0.005415
مسکن	تا	0.005415
مسکن	ثبت	0.005415
مسکن	عنوان	0.005415
مشاهده	میکنید	0.104615
مشاهده	کنید	0.086154
مشاهده	است	0.070769
مشاهده	می	0.064615
مشاهده	و	0.052308
مشاهده	کرد	0.049231
مشاهده	شده	0.036923
مشاهده	این	0.030769
مشاهده	میکنیم	0.030769
مشاهده	کرده	0.027692
مشاهده	کنند	0.027692
مشاهده	شد	0.027692
مشاهده	کردند	0.024615
مشاهده	هرگونه	0.021538
مشاهده	خواهید	0.018462
مشاهده	کردیم	0.018462
مشاهده	نشده	0.018462
مشاهده	هستند	0.015385
مشاهده	شود	0.012308
مشاهده	اطلاعات	0.012308
مشاهده	کنیم	0.012308
مشاهده	هر	0.012308
مشاهده	موارد	0.012308
مشاهده	کردم	0.009231
مشاهده	میکند	0.009231
مشاهده	نشد	0.009231
مشاهده	یک	0.009231
مشاهده	میکنند	0.009231
مشتاق	به	0.166667
مشترک	با	0.120000
مشترک	در	0.102857
مشترک	بین	0.054286
مشترک	از	0.045714
مشترک	ارتش	0.040000
مشترک	و	0.034286
مشترک	به	0.031429
مشترک	برای	0.031429
مشترک	است	0.025714
مشترک	را	0.020000
مشترک	دو	0.020000
مشترک	دارند	0.017143
مشترک	آمریکا	0.017143
مشترک	میان	0.011429
مشترک	ما	0.011429
مشترک	این	0.011429
مشترک	اعلام	0.008571
مشترک	دارد	0.008571
مشترک	یک	0.008571
مشترک	جهت	0.008571
مشتری	را	0.100000
مشتری	در	0.071429
مشتری	دارد	0.057143
مشتری	این	0.042857
مشتری	است	0.042857
مشتری	که	0.042857
مشتری	به	0.042857
مشغول	به	0.299020
مشغول	کار	0.107843
مشغول	خدمت	0.034314
مشغول	بازی	0.029412
مشغول	شده	0.029412
مشغول	هستند	0.029412
مشغول	شد	0.019608
مشغول	تمرین	0.019608
مشغول	چه	0.014706
مشغول	صحبت	0.014706
مشغول	خوردن	0.014706
مشغول	بررسی	0.014706
مشغول	بوده	0.014706
مشغول	کرده	0.014706
مشکلات	و	0.093379
مشکلات	را	0.056027
مشکلات	مالی	0.047538
مشکلات	مردم	0.035654
مشکلات	زیادی	0.030560
مشکلات	در	0.028862
مشکلات	کشور	0.023769
مشکلات	این	0.023769
مشکلات	به	0.023769
مشکلات	مربوط	0.020374
مشکلات	جدی	0.016978
مشکلات	ما	0.016978
مشکلات	موجود	0.015280
مشکلات	بسیاری	0.015280
مشکلات	از	0.013582
مشکلات	دیگر	0.013582
مشکلات	با	0.013582
مشکلات	است	0.011885
مشکلات	حوزه	0.011885
مشکلات	خود	0.011885
مشکلات	سلامتی	0.010187
مشکلات	اجتماعی	0.010187
مشکلات	جامعه	0.010187
مشکلات	بسیار	0.010187
مشکلات	پیش	0.008489
مشکلات	داخلی	0.008489
مشکلات	مهم	0.006791
مشکلات	تیم	0.006791
مشکلات	سلامت	0.006791
مشکلات	خانوادگی	0.006791
مشکلات	زندگی	0.006791
مشکلات	وجود	0.005093
مشکلات	آنان	0.005093
مشکلات	آنها	0.005093
مشکلات	باید	0.005093
مشکلات	خاص	0.005093
مشکلات	زیر	0.005093
مشکلات	باشد	0.005093
مشکلات	امنیتی	0.005093
مشکلات	هستند	0.005093
مشکلی	در	0.147929
مشکلی	برای	0.112426
مشکلی	که	0.065089
مشکلی	وجود	0.059172
مشکلی	ندارد	0.059172
مشکلی	نداریم	0.047337
مشکلی	با	0.047337
مشکلی	از	0.035503
مشکلی	هم	0.035503
مشکلی	مواجه	0.029586
مشکلی	است	0.029586
مشکلی	را	0.029586
مشکلی	پیش	0.023669
مشکلی	به	0.023669
مشکلی	نداشت	0.023669
مشکلی	ایجاد	0.023669
مشکوک	به	0.216216
مشکوک	و	0.189189
مشکوک	است	0.067568
مشکوک	در	0.054054
مشکوک	شدند	0.040541
مصاحبه	با	0.256944
مصاحبه	و	0.062500
مصاحبه	خود	0.062500
مصاحبه	به	0.048611
مصاحبه	ای	0.041667
مصاحبه	کرد	0.027778
مصاحبه	های	0.027778
مصاحبه	کرده	0.027778
مصاحبه	گزارش	0.020833
مصاحبه	چند	0.020833
مصاحبه	در	0.020833
مصرف	آب	0.056769
مصرف	انرژی	0.049491
مصرف	برق	0.049491
مصرف	کننده	0.036390
مصرف	آن	0.032023
مصرف	مواد	0.029112
مصرف	این	0.027656
مصرف	میکنند	0.027656
مصرف	کنید	0.023290
مصرف	و	0.023290
مصرف	کنند	0.020378
مصرف	می	0.018923
مصرف	سوخت	0.018923
مصرف	گاز	0.017467
مصرف	بیش	0.017467
مصرف	میکند	0.016012
مصرف	روزانه	0.016012
مصرف	دارو	0.014556
مصرف	را	0.014556
مصرف	آنها	0.014556
مصرف	زیاد	0.014556
مصرف	الکل	0.013100
مصرف	در	0.013100
مصرف	شود	0.013100
مصرف	کرده	0.011645
مصرف	شوند	0.011645
مصرف	خود	0.011645
مصرف	از	0.010189
مصرف	کرد	0.010189
مصرف	منظم	0.010189
مصرف	قهوه	0.008734
مصرف	سیگار	0.008734
مصرف	شده	0.007278
مصرف	به	0.007278
مصرف	کردند	0.007278
مصرف	کند	0.007278
مصرف	شیر	0.007278
مصرف	گوشت	0.007278
مصرف	یک	0.007278
مصرف	کنیم	0.005822
مطالعه	جدید	0.104790
مطالعه	نشان	0.101796
مطالعه	و	0.080838
مطالعه	در	0.047904
مطالعه	قرار	0.029940
مطالعه	گفت	0.023952
مطالعه	از	0.023952
مطالعه	به	0.020958
مطالعه	همچنین	0.020958
مطالعه	که	0.017964
مطالعه	ما	0.017964
مطالعه	شامل	0.017964
مطالعه	کرده	0.014970
مطالعه	این	0.014970
مطالعه	دکتر	0.011976
مطالعه	بر	0.011976
مطالعه	کنید	0.011976
مطالعه	برای	0.008982
مطالعه	خود	0.008982
مطالعه	کرد	0.008982
مطالعه	ای	0.008982
مطالعه	بیشتر	0.008982
مطالعه	قبلی	0.008982
مطالعه	دیگری	0.008982
مطالعه	انجام	0.008982
مطالعه	حاضر	0.008982
مطالعه	میکند	0.008982
مطلب	را	0.162791
مطلب	به	0.131783
مطلب	که	0.108527
مطلب	با	0.054264
مطلب	از	0.031008
مطلب	در	0.023256
مطلب	همراه	0.023256
مطلب	آمده	0.023256
مطلب	قصد	0.023256
مطلب	و	0.023256
مطلب	است	0.023256
مطمئن	باشید	0.191919
مطمئن	هستم	0.070707
مطمئن	شد	0.050505
مطمئن	هستیم	0.050505
مطمئن	باشند	0.050505
مطمئن	برای	0.050505
مطمئن	است	0.040404
مطمئن	نیستم	0.040404
مطمئن	شوند	0.030303
مطمئن	ترین	0.030303
مطمئن	باشیم	0.030303
معروف	و	0.215768
معروف	است	0.161826
معروف	به	0.145228
معروف	بود	0.041494
معروف	در	0.041494
معروف	شده	0.033195
معروف	هستند	0.024896
معروف	ترین	0.020747
معروف	را	0.012448
معروف	یک	0.012448
معروف	آمریکایی	0.012448
معروف	از	0.012448
معروف	برای	0.012448
معلوم	نیست	0.323529
معلوم	شد	0.186275
معلوم	است	0.147059
معلوم	شود	0.088235
معلوم	شده	0.029412
معلوم	هست	0.029412
معلوم	بود	0.029412
معمول	و	0.074074
معمول	برای	0.074074
معمول	در	0.061728
معمول	خود	0.061728
معمول	را	0.049383
معمول	بوده	0.037037
معمول	است	0.037037
معمول	از	0.037037
معمولی	و	0.098901
معمولی	است	0.054945
معمولی	از	0.054945
معمولی	که	0.043956
معمولی	هستند	0.032967
معمولی	به	0.032967
معمولی	را	0.032967
مفهوم	را	0.063492
مقاله	به	0.178218
مقاله	ای	0.049505
مقاله	قصد	0.049505
مقاله	خود	0.039604
مقاله	با	0.039604
مقاله	و	0.029703
مقاله	از	0.029703
مقاله	را	0.029703
مقاله	توضیح	0.029703
مقام	ارشد	0.143791
مقام	مسئول	0.094771
مقام	آمریکایی	0.062092
مقام	دوم	0.055556
مقام	و	0.049020
مقام	اول	0.042484
مقام	سوم	0.039216
مقام	وزیر	0.035948
مقام	زن	0.022876
مقام	معلم	0.022876
مقام	های	0.019608
مقام	عالی	0.019608
مقام	خود	0.019608
مقام	نظامی	0.019608
مقام	رهبری	0.016340
مقام	دولت	0.013072
مقام	سابق	0.013072
مقام	امنیتی	0.013072
مقام	اطلاعاتی	0.013072
مقام	نخست	0.013072
مقام	وزارت	0.009804
مقام	شهادت	0.009804
مقام	باشگاه	0.009804
ملت	و	0.124481
ملت	های	0.074689
ملت	ما	0.062241
ملت	است	0.053942
ملت	به	0.053942
ملت	را	0.045643
ملت	در	0.045643
ملت	ها	0.037344
ملت	با	0.033195
ملت	بزرگ	0.024896
ملت	رو	0.020747
ملت	این	0.016598
ملت	خود	0.016598
ملت	می	0.012448
ملت	بود	0.012448
ملت	از	0.012448
ملحق	شده	0.250000
ملحق	شد	0.187500
ملحق	شود	0.187500
ملحق	شوند	0.093750
ملل	متحد	0.334278
ملل	در	0.133144
ملل	و	0.082153
ملل	به	0.039660
ملل	را	0.031161
ملل	گفت	0.022663
ملل	اعلام	0.022663
ملل	روز	0.019830
ملل	از	0.019830
ملل	برای	0.016997
ملل	درباره	0.014164
ملل	با	0.014164
ملل	همچنین	0.014164
ملل	که	0.008499
ملل	درخواست	0.008499
ملل	اضافه	0.008499
ممنوع	است	0.409722
ممنوع	کرده	0.104167
ممنوع	شد	0.062500
ممنوع	اعلام	0.055556
ممنوع	میکند	0.041667
ممنوع	شده	0.041667
ممنوع	و	0.034722
ممنوع	بوده	0.034722
ممنوع	کرد	0.020833
ممنوع	می	0.020833
من	در	0.064645
من	به	0.056265
من	هم	0.051875
من	را	0.038308
من	و	0.037909
من	از	0.037510
من	این	0.034318
من	با	0.027933
من	فکر	0.019154
من	است	0.015563
من	برای	0.013966
من	یک	0.013567
من	گفت	0.010774
من	خودم	0.009577
من	که	0.009577
من	خیلی	0.007981
من	معتقدم	0.007183
من	باید	0.007183
من	بود	0.006385
من	تا	0.005986
من	همیشه	0.005587
من	گفتم	0.005188
من	اگر	0.005188
من	می	0.005188
من	آن	0.005188
من	فقط	0.005188
من	هر	0.004789
من	اصلا	0.004389
من	داد	0.003990
من	حتی	0.003990
من	نیست	0.003990
من	هستند	0.003990
من	قصد	0.003990
من	دو	0.003990
من	دوست	0.003990
من	کمک	0.003591
من	گفتند	0.003591
من	سال	0.003591
من	تماس	0.003591
من	پیشنهاد	0.003591
منتقل	شدند	0.175824
منتقل	شد	0.135531
منتقل	شده	0.117216
منتقل	شود	0.062271
منتقل	میکند	0.047619
منتقل	کنیم	0.043956
منتقل	می	0.040293
منتقل	کرد	0.040293
منتقل	خواهد	0.036630
منتقل	کردند	0.032967
منتقل	کنند	0.029304
منتقل	کند	0.029304
منتقل	کرده	0.029304
منتقل	و	0.025641
منتقل	میکنند	0.025641
منتقل	کنید	0.018315
منتقل	شوند	0.018315
منتقل	کردم	0.014652
منتقل	میکرد	0.010989
منحرف	و	0.142857
منصفانه	و	0.142857
منصفانه	است	0.107143
منصفانه	نیست	0.107143
منع	قانونی	0.147059
منع	گسترش	0.117647
منع	کرد	0.088235
منفجر	شد	0.205882
منفجر	کرد	0.176471
منفجر	کردن	0.088235
مهاجرت	معکوس	0.131579
مهاجرت	و	0.122807
مهاجرت	به	0.078947
مهاجرت	از	0.052632
مهاجرت	میکند	0.035088
مهاجرت	کردند	0.035088
مهاجرت	است	0.026316
مهاجرت	گسترده	0.026316
مهاجرت	کرده	0.026316
مهاجرت	را	0.026316
مهر	نوشت	0.156352
مهر	ماه	0.123779
مهر	و	0.078176
مهر	به	0.065147
مهر	در	0.061889
مهر	تا	0.032573
مهر	از	0.022801
مهر	با	0.019544
مهر	گفت	0.019544
مهر	است	0.016287
مهر	امسال	0.016287
مهر	آغاز	0.013029
مهر	مطرح	0.013029
مهر	خبر	0.009772
مهر	حوزه	0.009772
مهر	اعلام	0.009772
مهر	برگزار	0.009772
مهر	ساعت	0.009772
مهر	سال	0.009772
مهمات	و	0.125000
مهمات	به	0.104167
مهمات	در	0.083333
مهمات	برای	0.083333
مهمی	در	0.280749
مهمی	است	0.106952
مهمی	از	0.098930
مهمی	را	0.085561
مهمی	که	0.080214
مهمی	برای	0.064171
مهمی	دارد	0.026738
مهمی	بود	0.021390
مهمی	مثل	0.016043
مهمی	به	0.013369
مهمی	دارند	0.013369
مهمی	با	0.010695
مهمی	هم	0.010695
مهمی	بر	0.008021
مهمی	دست	0.008021
مهمی	هستند	0.008021
مهمی	داشته	0.008021
مهمی	داشت	0.008021
مهمی	اشاره	0.008021
مهندس	در	0.157895
موافقت	کرد	0.228346
موافقت	کردند	0.149606
موافقت	کرده	0.070866
موافقت	شد	0.047244
موافقت	با	0.039370
موافقت	کند	0.039370
موافقت	خود	0.039370
موافقت	رهبر	0.031496
موافقت	کنند	0.031496
موافقت	نکرده	0.023622
موافقت	دولت	0.023622
موافقت	وزارت	0.023622
موافقت	و	0.023622
مواقع	به	0.108696
مواقع	با	0.065217
موزه	ملی	0.150000
موزه	دفاع	0.075000
موزه	را	0.062500
موزه	در	0.062500
موزه	و	0.050000
موزه	زنده	0.037500
موسیقی	و	0.128655
موسیقی	را	0.081871
موسیقی	پاپ	0.052632
موسیقی	در	0.046784
موسیقی	این	0.035088
موسیقی	با	0.029240
موسیقی	به	0.029240
موسیقی	متن	0.029240
موسیقی	است	0.023392
موسیقی	محلی	0.017544
موسیقی	کشور	0.017544
موفق	به	0.328125
موفق	شد	0.140625
موفق	شدند	0.064453
موفق	و	0.044922
موفق	شده	0.041016
موفق	باشد	0.023438
موفق	در	0.021484
موفق	بوده	0.019531
موفق	بود	0.017578
موفق	عمل	0.017578
موفق	شود	0.015625
موفق	شدیم	0.015625
موفق	باشیم	0.013672
موفق	تر	0.011719
موفق	شدم	0.011719
موفق	است	0.009766
موفق	شوند	0.009766
موفق	باشند	0.007812
موفق	ظاهر	0.007812
موفق	از	0.007812
موفق	را	0.007812
موفق	خواهد	0.005859
موفق	نبوده	0.005859
موفق	نشد	0.005859
موفق	نشده	0.005859
موفق	خواهیم	0.005859
موفق	باشی	0.005859
موفق	با	0.005859
موفق	نخواهد	0.005859
موفق	این	0.005859
موفق	نبود	0.005859
مچ	پا	0.263158
مچ	دست	0.263158
مکان	های	0.064000
مکان	برای	0.048000
مکان	را	0.048000
مکان	در	0.040000
مکان	و	0.040000
مکان	به	0.040000
مکان	هایی	0.040000
مکان	کنند	0.024000
مکان	عمومی	0.024000
میدان	جنگ	0.069307
میدان	رفت	0.066007
میدان	نبرد	0.049505
میدان	رفته	0.036304
میدان	انقلاب	0.033003
میدان	های	0.026403
میدان	شد	0.026403
میدان	آزادی	0.023102
میدان	دید	0.019802
میدان	را	0.019802
میدان	در	0.019802
میدان	خواهد	0.019802
میدان	و	0.019802
میدان	عمل	0.016502
میدان	نقش	0.016502
میدان	است	0.013201
میدان	به	0.013201
میدان	مبارزه	0.013201
میدان	شوند	0.013201
میدان	رفتند	0.013201
میدان	آمده	0.013201
میدان	دادن	0.009901
میدان	شدند	0.009901
میدان	فرستاد	0.009901
میدان	بود	0.009901
میدان	قرار	0.009901
میزد	و	0.363636
میشد	و	0.261905
میشد	که	0.102041
میشد	اما	0.074830
میشد	به	0.054422
میشد	تا	0.051020
میشد	در	0.040816
میشد	با	0.023810
میشد	ولی	0.023810
میشد	یا	0.013605
میشد	از	0.013605
میشد	این	0.010204
میشد	چرا	0.010204
میشد	او	0.010204
میشد	چه	0.010204
میشد	اکنون	0.010204
میشناسم	و	0.333333
میکردم	و	0.193548
میکردم	که	0.177419
میکردم	این	0.064516
میکنم	که	0.200000
میکنم	و	0.127586
میکنم	در	0.055172
میکنم	تا	0.041379
میکنم	این	0.037931
میکنم	اگر	0.027586
میکنم	از	0.024138
میکنم	به	0.020690
میکنم	ما	0.020690
میکنم	ولی	0.017241
میکنم	با	0.013793
میکنم	چون	0.013793
میکنم	باید	0.013793
میکنم	اما	0.013793
میکنم	آنچه	0.010345
میکنم	هنوز	0.010345
میکنم	آن	0.010345
میکنم	یک	0.010345
میکنم	امروز	0.010345
میکنید	و	0.123188
میکنید	که	0.115942
میکنید	این	0.057971
میکنید	در	0.057971
میکنید	یا	0.043478
میکنید	به	0.028986
میکنید	باید	0.028986
میکنید	با	0.021739
میکنید	بهتر	0.021739
میکنید	چرا	0.021739
میکنید	از	0.021739
نادیده	گرفتن	0.338235
نادیده	گرفت	0.294118
نادیده	گرفته	0.220588
نادیده	بگیریم	0.088235
ناراحت	است	0.115942
ناراحت	و	0.101449
ناراحت	شدم	0.086957
ناراحت	هستند	0.057971
ناراحت	بودند	0.057971
ناراحت	باشد	0.043478
ناراحت	کننده	0.043478
ناراحت	شده	0.043478
ناوگان	حمل	0.327869
ناوگان	پنجم	0.081967
ناوگان	هوایی	0.065574
ناوگان	دریایی	0.049180
ناوگان	جنوب	0.049180
ناوگان	عمومی	0.049180
ناپدید	شده	0.314286
ناپدید	شدن	0.285714
ناپدید	شدند	0.142857
ناپدید	شد	0.114286
نبودم	و	0.461538
نجات	در	0.061135
نجات	دهد	0.056769
نجات	جان	0.056769
نجات	و	0.052402
نجات	ملی	0.048035
نجات	دهند	0.043668
نجات	پیدا	0.039301
نجات	داد	0.039301
نجات	از	0.034934
نجات	این	0.030568
نجات	را	0.026201
نجات	به	0.026201
نجات	کسانی	0.017467
نجات	دادند	0.017467
نجات	بده	0.017467
نجات	برای	0.013100
نجات	اقتصاد	0.013100
نجات	یافته	0.013100
نجات	دهم	0.013100
نجات	داده	0.013100
نجات	یک	0.013100
نجات	افراد	0.013100
نجات	او	0.013100
نجات	جمعیت	0.013100
نخ	سیگار	0.444444
نخ	دندان	0.166667
نخواهند	داشت	0.328767
نخواهند	بود	0.178082
نخواهند	شد	0.150685
نخواهند	کرد	0.123288
نخواهند	رفت	0.068493
نداریم	و	0.402985
نداریم	که	0.111940
نداریم	اما	0.067164
نداریم	چون	0.044776
نداریم	یا	0.037313
نداریم	به	0.029851
نداریم	ولی	0.029851
نداریم	گفت	0.022388
نداشتم	و	0.352941
نداشتم	اما	0.117647
نداشتم	که	0.088235
ندیده	بودم	0.200000
ندیده	است	0.133333
ندیده	بود	0.111111
ندیده	بودند	0.088889
ندیده	بودیم	0.066667
ندیده	و	0.066667
نرفته	است	0.475000
نرفته	بود	0.175000
نرفته	و	0.125000
نرم	افزار	0.214876
نرم	و	0.148760
نرم	میکند	0.082645
نرم	میکنند	0.082645
نرم	است	0.033058
نرم	کردن	0.024793
نرم	در	0.024793
نرم	شود	0.024793
نزد	او	0.105263
نزد	افکار	0.070175
نزد	من	0.070175
نزد	پزشک	0.052632
نزد	سازمان	0.052632
نزد	ما	0.052632
نزد	و	0.052632
نزد	خود	0.052632
نزدم	و	0.750000
نشان	داد	0.260652
نشان	داده	0.120301
نشان	می	0.097744
نشان	کرد	0.097744
نشان	دهنده	0.068505
نشان	از	0.066834
نشان	دهد	0.051796
نشان	دادند	0.043442
نشان	دادن	0.041771
نشان	میداد	0.034252
نشان	دهند	0.032581
نشان	خواهد	0.009190
نشان	نداد	0.008354
نشان	نداده	0.007519
نشان	دادیم	0.004177
نشان	نمی	0.003342
نشان	استاندارد	0.002506
نشان	طلا	0.002506
نشان	عالی	0.002506
نشان	ساخت	0.002506
نشان	بده	0.002506
نشد	و	0.362903
نشد	که	0.080645
نشد	اما	0.072581
نشد	بلکه	0.056452
نشد	تا	0.048387
نشد	در	0.040323
نشد	ولی	0.032258
نشد	با	0.024194
نشده	است	0.554235
نشده	و	0.141159
نشده	بود	0.074294
نشده	اما	0.029718
نشده	که	0.019316
نشده	بلکه	0.016345
نشده	باشد	0.016345
نشده	اند	0.013373
نشده	به	0.008915
نشده	از	0.008915
نشده	در	0.007429
نشده	را	0.005944
نشده	باشند	0.005944
نشده	بودند	0.004458
نشده	یا	0.004458
نشستن	و	0.281250
نشستن	روی	0.125000
نشستن	در	0.125000
نشستن	طولانی	0.093750
نشسته	و	0.205128
نشسته	بود	0.128205
نشسته	است	0.128205
نشسته	بودند	0.064103
نشسته	روی	0.038462
نشسته	که	0.038462
نشسته	به	0.038462
نشسته	ایم	0.038462
نشسته	در	0.038462
نشون	بده	0.214286
نشون	دادن	0.214286
نصب	شده	0.238994
نصب	و	0.125786
نصب	کرد	0.056604
نصب	کرده	0.056604
نصب	کنید	0.031447
نصب	یک	0.031447
نصب	شود	0.018868
نصب	روی	0.018868
نصب	است	0.018868
نصب	صحیح	0.018868
نصب	در	0.018868
نصب	آن	0.018868
نصب	خواهد	0.018868
نصب	پرچم	0.018868
نصف	شده	0.113636
نصف	کاهش	0.068182
نصف	جهان	0.068182
نصف	و	0.068182
نظام	و	0.113490
نظام	جمهوری	0.089936
نظام	پزشکی	0.057816
نظام	مقدس	0.049251
نظام	سیاسی	0.042827
نظام	را	0.042827
نظام	است	0.032120
نظام	سلامت	0.029979
نظام	آموزش	0.021413
نظام	به	0.019272
نظام	با	0.014989
نظام	رتبه	0.012848
نظام	در	0.010707
نظام	مالی	0.010707
نظام	هستند	0.008565
نظام	وظیفه	0.008565
نظام	ما	0.008565
نظام	بین	0.008565
نظام	مند	0.008565
نظام	جهانی	0.008565
نظام	بوده	0.008565
نظام	گفت	0.008565
نظام	برای	0.006424
نظام	های	0.006424
نظام	هم	0.006424
نظام	خانواده	0.006424
نظام	هماهنگ	0.006424
نظام	بود	0.006424
نظام	این	0.006424
نظام	مسائل	0.006424
نظام	برنامه	0.006424
نظام	شبکه	0.006424
نظر	گرفته	0.138665
نظر	من	0.061629
نظر	می	0.060161
نظر	شما	0.044754
نظر	گرفتن	0.041086
نظر	قرار	0.027880
نظر	گرفت	0.022010
نظر	خود	0.022010
نظر	بگیرید	0.019809
نظر	بگیریم	0.016875
نظر	به	0.016141
نظر	در	0.016141
نظر	دارد	0.016141
نظر	دارند	0.013940
نظر	و	0.013940
نظر	داشت	0.012472
نظر	کردند	0.011739
نظر	داشته	0.011739
نظر	از	0.011005
نظر	مالی	0.008804
نظر	پزشک	0.008070
نظر	او	0.007337
نظر	است	0.007337
نظر	داریم	0.007337
نظر	را	0.007337
نظر	تعداد	0.005869
نظر	کرد	0.005869
نظر	ما	0.005869
نظر	آنها	0.005136
نظر	گرفتیم	0.005136
نظر	برخی	0.005136
نظر	وجود	0.005136
نظر	کند	0.005136
نظر	هستند	0.005136
نظر	داشتند	0.004402
نظر	سیاسی	0.004402
نظر	هم	0.004402
نظر	این	0.004402
نظر	یک	0.004402
نظر	ارزش	0.004402
نظرش	را	0.250000
نظم	و	0.411765
نظم	جهانی	0.088235
نظم	جدید	0.058824
نظم	در	0.049020
نظم	بخشی	0.029412
نظم	است	0.029412
نفت	و	0.223502
نفت	در	0.108295
نفت	خام	0.078341
نفت	را	0.059908
نفت	به	0.050691
نفت	روسیه	0.025346
نفت	خود	0.025346
نفت	از	0.020737
نفت	است	0.018433
نفت	گاز	0.018433
نفت	با	0.016129
نفت	جهان	0.013825
نفت	آمریکا	0.011521
نفت	کوره	0.009217
نفت	این	0.009217
نفت	که	0.009217
نفت	گفت	0.009217
نفت	هم	0.009217
نفت	کشور	0.009217
نفت	برای	0.006912
نفت	بر	0.006912
نفت	خواهد	0.006912
نفت	تحت	0.006912
نفرت	و	0.217391
نفرت	از	0.173913
نفرت	انگیز	0.130435
نقاشی	و	0.058824
نقاشی	روی	0.058824
نقاشی	با	0.058824
نقاشی	را	0.058824
نقد	و	0.247525
نقد	از	0.059406
نقد	به	0.029703
نقد	میکنند	0.029703
نقد	منصفانه	0.029703
نقد	دارم	0.029703
نقد	کنند	0.029703
نقد	این	0.029703
نماد	و	0.102041
نماد	این	0.081633
نماد	از	0.061224
نماد	مقاومت	0.061224
نمیکنیم	و	0.444444
نه	تنها	0.235023
نه	به	0.064516
نه	در	0.050691
نه	اینکه	0.049539
نه	فقط	0.039171
نه	چندان	0.028802
نه	از	0.025346
نه	یک	0.018433
نه	با	0.016129
نه	برای	0.014977
نه	و	0.012673
نه	هیچ	0.010369
نه	من	0.010369
نه	این	0.009217
نه	خیلی	0.006912
نه	حتی	0.006912
نه	گفتن	0.006912
نه	گفت	0.006912
نه	اصلا	0.006912
نه	ما	0.004608
نه	راه	0.004608
نه	همه	0.004608
نه	بر	0.004608
نه	دولت	0.004608
نه	چیزی	0.004608
نه	کسی	0.004608
نه	پول	0.003456
نه	زبان	0.003456
نه	مردم	0.003456
نه	انگار	0.003456
نه	می	0.003456
نه	شرقی	0.003456
نه	غربی	0.003456
نه	هر	0.003456
نه	نگاه	0.003456
نه	اما	0.003456
نوار	مغز	0.096774
نوار	شمالی	0.096774
نوبت	به	0.188525
نوبت	صبح	0.065574
نوبت	عصر	0.057377
نوبت	اول	0.057377
نوبت	دوم	0.049180
نوبت	رسیدگی	0.040984
نوبت	در	0.040984
نوبت	دریافت	0.032787
نوبت	و	0.024590
نوش	جان	0.800000
نوشتن	و	0.104167
نوشتن	یک	0.062500
نوشتن	کتاب	0.062500
نوک	خط	0.312500
نوک	کوه	0.187500
نژاد	در	0.157303
نژاد	با	0.089888
نژاد	و	0.067416
نژاد	را	0.056180
نژاد	گفت	0.056180
نژاد	رئیس	0.056180
نژاد	روز	0.044944
نژاد	اظهار	0.033708
نژاد	بیان	0.033708
نکرد	و	0.439394
نکرد	اما	0.151515
نکرد	تا	0.060606
نکرد	که	0.045455
نکرد	از	0.045455
نکرده	است	0.443223
نکرده	و	0.201465
نکرده	بودند	0.054945
نکرده	بود	0.047619
نکرده	اند	0.032967
نکرده	بودم	0.021978
نکرده	اما	0.021978
نکرده	بلکه	0.018315
نکرده	که	0.014652
نکرده	بودیم	0.010989
نکرده	از	0.010989
نکرده	باشند	0.010989
نکردیم	و	0.315789
نکردیم	که	0.157895
نگاه	کنیم	0.065000
نگاه	به	0.065000
نگاه	کنید	0.042500
نگاه	میکنند	0.040000
نگاه	و	0.037500
نگاه	ویژه	0.027500
نگاه	میکنیم	0.027500
نگاه	کرد	0.025000
نگاه	میکند	0.025000
نگاه	می	0.025000
نگاه	کند	0.022500
نگاه	اول	0.020000
نگاه	کردن	0.017500
نگاه	ما	0.017500
نگاه	دولت	0.017500
نگاه	ملی	0.015000
نگاه	شود	0.012500
نگاه	میکنید	0.012500
نگاه	مردم	0.012500
نگاه	کنند	0.010000
نگاه	های	0.010000
نگاه	میکنم	0.010000
نگاه	سیاسی	0.010000
نگاه	او	0.010000
نگاه	را	0.010000
نگاه	در	0.010000
نگاه	آنها	0.007500
نگاه	شما	0.007500
نگاه	من	0.007500
نگاه	نو	0.007500
نگاه	همه	0.007500
نگاه	دارد	0.007500
نگاه	کردم	0.007500
نگاه	غرب	0.007500
نگاه	نکنید	0.007500
نگاه	ها	0.007500
نگاه	این	0.007500
نگرانی	از	0.148649
نگرانی	و	0.067568
نگرانی	در	0.060811
نگرانی	خود	0.054054
نگرانی	وجود	0.054054
نگرانی	های	0.047297
نگرانی	نیست	0.040541
نگرانی	کرده	0.033784
نگرانی	این	0.027027
نگرانی	ها	0.027027
نگرانی	است	0.020270
نگرانی	کرد	0.020270
نگرانی	برای	0.020270
نگرانی	برخی	0.020270
نگفته	است	0.384615
نگهبان	در	0.113924
نگهبان	اظهار	0.056962
نگهبان	و	0.044304
نگهبان	به	0.044304
نگهبان	را	0.031646
نگهبان	است	0.025316
نگهبان	هم	0.025316
نگهبان	شب	0.025316
نگهبان	این	0.018987
نگهبان	گفت	0.018987
نگهبان	یا	0.018987
نگهبان	مورد	0.018987
نگهبان	خبر	0.018987
نگهبان	رد	0.018987
نیروی	دریایی	0.280702
نیروی	هوایی	0.210526
نیروی	انسانی	0.146199
نیروی	زمینی	0.101365
نیروی	کار	0.042885
نیروی	برق	0.033138
نیروی	نظامی	0.023392
نیروی	فضایی	0.013645
نیروی	پلیس	0.011696
نیروی	متخصص	0.009747
نیروی	ذخیره	0.005848
نیروی	مسلح	0.005848
نیروی	ویژه	0.005848
نیستم	و	0.250000
نیستم	که	0.208333
نیستم	اما	0.125000
نیستم	به	0.062500
نیستم	ولی	0.062500
نیم	فصل	0.257895
نیم	ساعت	0.131579
نیم	میلیون	0.105263
نیم	قرن	0.042105
نیم	درصد	0.031579
نیم	نگاهی	0.026316
نیم	گذشته	0.026316
نیم	از	0.026316
نیم	سکه	0.026316
نیم	برابر	0.015789
نیم	بعد	0.015789
نیم	سال	0.015789
نیم	در	0.015789
نیمه	دوم	0.332268
نیمه	اول	0.194888
نیمه	شمالی	0.057508
نیمه	نخست	0.057508
نیمه	تمام	0.054313
نیمه	کاره	0.035144
نیمه	شب	0.022364
نیمه	شرقی	0.019169
نیمه	جنوبی	0.019169
نیمه	غربی	0.012780
نیمه	های	0.009585
نیمه	بلند	0.009585
نیمه	راه	0.009585
های	مختلف	0.046106
های	خود	0.029096
های	این	0.025067
های	زیادی	0.017905
های	اجتماعی	0.016115
های	بزرگ	0.013429
های	بین	0.013429
های	جدید	0.012981
های	سیاسی	0.010295
های	ما	0.008953
های	دیگر	0.008953
های	آن	0.008505
های	گذشته	0.008505
های	بی	0.007610
های	انجام	0.007610
های	لازم	0.007610
های	تولید	0.007162
های	کشور	0.007162
های	امنیتی	0.007162
های	آنها	0.007162
های	قبلی	0.006714
های	بسیار	0.006714
های	خارجی	0.006714
های	عمومی	0.006714
های	با	0.006267
های	آمریکا	0.006267
های	اصلی	0.006267
های	موجود	0.006267
های	مالی	0.006267
های	خوبی	0.006267
های	مهم	0.006267
های	منطقه	0.005819
های	دولت	0.005819
های	ملی	0.005819
های	خاص	0.005819
های	کوچک	0.005372
های	جهان	0.005372
های	دو	0.005372
های	صورت	0.004924
های	نظامی	0.004924
هدایت	تیم	0.145729
هدایت	این	0.095477
هدایت	و	0.075377
هدایت	کند	0.060302
هدایت	میکند	0.045226
هدایت	کنند	0.035176
هدایت	میکنند	0.035176
هدایت	شود	0.035176
هدایت	کنیم	0.020101
هدایت	می	0.015075
هدایت	افکار	0.015075
هدایت	با	0.015075
هدایت	میکرد	0.015075
هدایت	کرد	0.015075
هرچند	که	0.233871
هرچند	این	0.088710
هرچند	در	0.056452
هرچند	هنوز	0.032258
هرچند	از	0.032258
هرچند	تا	0.024194
هرچند	با	0.024194
هرکسی	که	0.392857
هرکسی	به	0.107143
هزار	و	0.405251
هزار	نفر	0.151790
هزار	تن	0.057279
هزار	دلار	0.047255
هزار	واحد	0.036277
هزار	سال	0.015274
هزار	متر	0.012888
هزار	بشکه	0.012888
هزار	نفری	0.012888
هزار	کیلومتر	0.010979
هزار	دستگاه	0.010501
هزار	قطعه	0.008115
هزار	مورد	0.008115
هزار	تا	0.007160
هزار	نیروی	0.006205
هزار	ساله	0.005728
هزار	کودک	0.005251
هزار	زن	0.004296
هزار	بسته	0.004296
هزار	بار	0.003819
هزار	دانش	0.003819
هزار	رای	0.003341
هزار	فرصت	0.003341
هزار	نسخه	0.003341
هزار	مسافر	0.003341
هزار	معلم	0.003341
هزار	شغل	0.002864
هزار	شرکت	0.002864
هزار	تخت	0.002864
هزار	عضو	0.002387
هزار	پوند	0.002387
هزار	پرونده	0.002387
هزار	مشترک	0.002387
هزار	داوطلب	0.002387
هزار	مسکن	0.002387
هزار	گلوله	0.002387
هزار	معامله	0.002387
هزار	عنوان	0.001909
هزار	کشته	0.001909
هزار	مدرسه	0.001909
هستند	که	0.305013
هستند	و	0.294987
هستند	اما	0.044855
هستند	در	0.031135
هستند	تا	0.022691
هستند	به	0.019525
هستند	از	0.017942
هستند	یا	0.010554
هستند	گفت	0.010026
هستند	با	0.009499
هستند	این	0.008443
هستند	باید	0.007388
هستند	را	0.006860
هستند	یعنی	0.004749
هستند	اگر	0.003694
هستند	چون	0.003694
هستند	ولی	0.003694
هستند	بنابراین	0.003166
هستند	بسیار	0.003166
هستند	پس	0.003166
هستند	اظهار	0.003166
هستند	توصیه	0.003166
هستند	ادامه	0.002639
هستند	آنها	0.002639
هستند	کمک	0.002639
هستند	برای	0.002639
هستند	بلکه	0.002639
هستند	بر	0.002639
هستند	چرا	0.002111
هستند	حالا	0.002111
هستند	درصد	0.001583
هستند	بین	0.001583
هستند	هم	0.001583
هستند	افرادی	0.001583
هستند	حتی	0.001583
هستند	البته	0.001583
هستند	ضمن	0.001583
هستند	نه	0.001583
هستند	مثل	0.001583
هستند	می	0.001583
هستید	و	0.248062
هستید	که	0.178295
هستید	یا	0.069767
هستید	به	0.038760
هستید	باید	0.038760
هستید	از	0.031008
هستید	این	0.023256
هستید	ممکن	0.023256
هستید	حتما	0.023256
هفت	سال	0.129032
هفت	هزار	0.056452
هفت	نفر	0.044355
هفت	ماه	0.040323
هفت	میلیون	0.036290
هفت	و	0.032258
هفت	روز	0.020161
هفت	نفره	0.020161
هفت	تپه	0.020161
هفت	صبح	0.020161
هفت	دهم	0.016129
هفت	هشت	0.016129
هفت	در	0.016129
هفت	کشور	0.016129
هفت	ساله	0.016129
هفت	بار	0.016129
هفت	دهه	0.012097
هفت	به	0.012097
هفت	اکتبر	0.012097
هفت	هفته	0.012097
هفت	توپ	0.012097
هفت	از	0.012097
هفت	عضو	0.012097
همسرش	در	0.102273
همسرش	را	0.102273
همسرش	به	0.056818
همسرش	که	0.056818
همسرش	از	0.045455
همسرش	با	0.045455
همسرش	دستگیر	0.034091
همه	چیز	0.094891
همه	این	0.071168
همه	ما	0.046837
همه	اینها	0.038929
همه	را	0.031022
همه	در	0.027372
همه	آنها	0.025547
همه	مردم	0.021898
همه	افراد	0.021290
همه	از	0.020073
همه	جا	0.019465
همه	باید	0.018856
همه	به	0.018248
همه	کسانی	0.017640
همه	جای	0.012165
همه	با	0.012165
همه	مهمتر	0.010341
همه	مسائل	0.009124
همه	ساله	0.009124
همه	است	0.008516
همه	دنیا	0.007908
همه	تلاش	0.007908
همه	آن	0.007299
همه	سال	0.007299
همه	شما	0.007299
همه	شرایط	0.006691
همه	دستگاه	0.006083
همه	اقدامات	0.005474
همه	می	0.005474
همه	توان	0.005474
همه	موارد	0.005474
همه	و	0.004866
همه	افرادی	0.004866
همه	اعضای	0.004866
همه	امور	0.004258
همه	روزه	0.004258
همه	برای	0.004258
همه	پول	0.003650
همه	جهان	0.003650
همه	جوره	0.003650
همچون	گذشته	0.075000
همچون	دیگر	0.033333
همچون	سال	0.025000
همکاری	با	0.151026
همکاری	و	0.112903
همکاری	در	0.057185
همکاری	های	0.048387
همکاری	داشته	0.021994
همکاری	وزارت	0.020528
همکاری	مشترک	0.020528
همکاری	را	0.017595
همکاری	نظامی	0.014663
همکاری	لازم	0.014663
همکاری	کنند	0.014663
همکاری	بین	0.014663
همکاری	به	0.013196
همکاری	مردم	0.013196
همکاری	همه	0.013196
همکاری	این	0.011730
همکاری	سازمان	0.011730
همکاری	خوبی	0.010264
همکاری	برای	0.010264
همکاری	دو	0.010264
همکاری	کرده	0.010264
همکاری	ها	0.010264
همکاری	کردند	0.008798
همکاری	نزدیک	0.008798
همکاری	میان	0.008798
همکاری	خود	0.008798
همکاری	ساله	0.008798
همکاری	میکند	0.008798
همکاری	امضا	0.008798
همکاری	کند	0.007331
همکاری	کرد	0.007331
همکاری	می	0.007331
همکاری	شرکت	0.007331
همکاری	بیشتر	0.005865
همکاری	میکنند	0.005865
همکاری	داشت	0.005865
همکاری	بسیار	0.005865
همکاری	است	0.005865
همکاری	دارند	0.005865
همکاری	دستگاه	0.005865
همگی	در	0.132530
همگی	از	0.120482
همگی	به	0.060241
همگی	با	0.048193
همگی	بخشی	0.036145
همگی	برای	0.036145
همینطور	است	0.134615
همینطور	که	0.057692
هنرمند	در	0.093333
هنرمند	نقاش	0.080000
هنرمند	و	0.066667
هنرمند	به	0.053333
هنرمند	باید	0.053333
هنرمند	با	0.040000
هنرمند	که	0.040000
هنرمند	از	0.040000
هنرمند	است	0.040000
هنری	و	0.148472
هنری	در	0.100437
هنری	با	0.052402
هنری	است	0.052402
هنری	از	0.043668
هنری	به	0.034934
هنری	کشور	0.030568
هنری	را	0.030568
هنری	انقلاب	0.021834
هنری	این	0.021834
هنری	برگزار	0.017467
هنری	که	0.017467
هنری	هم	0.013100
هنری	سازمان	0.013100
هنری	شهر	0.013100
هنری	وزارت	0.013100
هنری	ستاد	0.013100
هواپیما	در	0.127168
هواپیما	را	0.127168
هواپیما	به	0.075145
هواپیما	و	0.057803
هواپیما	که	0.046243
هواپیما	از	0.040462
هواپیما	با	0.034682
هواپیما	وارد	0.023121
هواپیما	سفر	0.017341
هوشمندانه	و	0.392857
هوشمندانه	با	0.107143
وارث	و	0.272727
واقعیت	این	0.227273
واقعیت	است	0.086364
واقعیت	را	0.059091
واقعیت	دارد	0.045455
واقعیت	و	0.040909
واقعیت	که	0.040909
واقعیت	آن	0.031818
واقعیت	نیست	0.022727
واقعیت	وجود	0.022727
واقعیت	امر	0.022727
واقعیت	در	0.018182
واقعیت	تبدیل	0.013636
واقعیت	های	0.013636
واقعیت	نزدیک	0.013636
وانت	در	0.176471
ورود	به	0.399602
ورود	و	0.045726
ورود	پیدا	0.043738
ورود	کند	0.039761
ورود	کرده	0.027833
ورود	این	0.017893
ورود	آنها	0.013917
ورود	آن	0.013917
ورود	از	0.011928
ورود	یک	0.011928
ورود	کنند	0.009940
ورود	مجدد	0.009940
ورود	افراد	0.009940
ورود	جدی	0.009940
ورود	سوخت	0.009940
ورود	کرد	0.007952
ورود	کردیم	0.007952
ورود	در	0.005964
ورود	زمینی	0.005964
ورود	داشته	0.005964
ورود	اتوبوس	0.005964
ورود	دلار	0.005964
ورود	با	0.005964
ورود	حضرت	0.005964
ورود	پلیس	0.005964
ورود	میکند	0.005964
ورود	او	0.005964
ورودی	و	0.128788
ورودی	به	0.128788
ورودی	شهر	0.053030
ورودی	آب	0.045455
ورودی	را	0.037879
ورودی	این	0.037879
ورودی	در	0.030303
ورودی	آن	0.022727
ورودی	برای	0.022727
ورودی	اطلاعات	0.022727
وزن	و	0.097826
وزن	را	0.039855
وزن	آن	0.039855
وزن	کم	0.039855
وزن	به	0.032609
وزن	خود	0.028986
وزن	شود	0.025362
وزن	است	0.025362
وزن	در	0.021739
وزن	دارد	0.021739
وزن	آنها	0.018116
وزن	هستند	0.018116
وزن	کمک	0.018116
وزن	بدن	0.018116
وزن	خواهد	0.014493
وزن	این	0.014493
وزن	دارند	0.014493
وزن	سریع	0.014493
وزن	یا	0.010870
وزن	کشی	0.010870
وزن	کمتر	0.010870
وزن	با	0.010870
وزن	دوم	0.010870
وزن	گرم	0.010870
وزن	حدود	0.010870
وزن	سبک	0.010870
وسایل	و	0.117647
وسایل	خانه	0.058824
وسایل	حمل	0.058824
وسایل	شخصی	0.047059
وسایل	بازی	0.035294
وضع	موجود	0.156250
وضع	شده	0.062500
وضع	قانون	0.041667
وضع	قوانین	0.041667
وضع	کرد	0.041667
وضع	بد	0.031250
وضع	شود	0.031250
وضع	هوا	0.031250
وعده	غذایی	0.154930
وعده	داده	0.077465
وعده	های	0.056338
وعده	داد	0.049296
وعده	صبحانه	0.042254
وعده	و	0.028169
وعده	ساخت	0.028169
وعده	خدا	0.021127
وعده	خود	0.021127
وقت	محلی	0.101781
وقت	به	0.045802
وقت	و	0.040712
وقت	در	0.035623
وقت	اضافه	0.025445
وقت	از	0.025445
وقت	پیش	0.022901
وقت	است	0.020356
وقت	آن	0.020356
وقت	دیگر	0.015267
وقت	آمریکا	0.012723
وقت	خود	0.012723
وقت	بود	0.012723
وقت	یک	0.012723
وقت	که	0.012723
وقت	نسبت	0.012723
وقت	سازمان	0.010178
وقت	زیادی	0.010178
وقت	یکبار	0.010178
وقت	کافی	0.010178
وقت	این	0.010178
وقت	بیشتری	0.010178
وقت	برای	0.010178
وقت	قبل	0.010178
وقت	هم	0.007634
وقت	فکر	0.007634
وقت	دارید	0.007634
وقت	سحر	0.007634
وقت	با	0.007634
وقت	می	0.007634
وقت	دوشنبه	0.007634
وقت	قانونی	0.007634
وقت	تلف	0.007634
وقتها	به	0.166667
وقف	در	0.187500
ولز	در	0.333333
ون	ب	0.120000
ون	در	0.120000
وگرنه	این	0.136364
وگرنه	در	0.090909
پاریس	در	0.072727
پاریس	با	0.063636
پاریس	برای	0.054545
پاریس	به	0.054545
پاریس	و	0.045455
پاریس	را	0.045455
پاریس	بود	0.036364
پاریس	از	0.027273
پاریس	که	0.027273
پاریس	است	0.027273
پاس	گل	0.419753
پاس	در	0.074074
پاس	های	0.037037
پاسخ	به	0.573506
پاسخ	داد	0.085622
پاسخ	داده	0.033926
پاسخ	این	0.030695
پاسخ	دهد	0.025848
پاسخ	دهند	0.021002
پاسخ	گفت	0.016155
پاسخ	می	0.011309
پاسخ	مثبت	0.011309
پاسخ	دادن	0.009693
پاسخ	آن	0.009693
پاسخ	دادند	0.008078
پاسخ	خود	0.006462
پاسخ	تند	0.006462
پاسخ	خواهد	0.006462
پاسخ	در	0.006462
پاسخ	روشن	0.004847
پاسخ	باید	0.004847
پخته	شده	0.269231
پخته	و	0.153846
پخته	در	0.115385
پخته	شود	0.115385
پخش	شد	0.109375
پخش	خواهد	0.082031
پخش	شده	0.062500
پخش	می	0.046875
پخش	در	0.042969
پخش	زنده	0.035156
پخش	سریال	0.035156
پخش	شود	0.035156
پخش	فیلم	0.027344
پخش	این	0.027344
پخش	شدن	0.023438
پخش	و	0.023438
پخش	است	0.023438
پخش	از	0.019531
پخش	میکند	0.019531
پخش	کرد	0.019531
پخش	نشد	0.015625
پخش	میشد	0.015625
پخش	مستقیم	0.015625
پخش	هم	0.011719
پخش	آن	0.011719
پخش	کرده	0.011719
پخش	موسیقی	0.011719
پخش	برنامه	0.011719
پخش	آنها	0.011719
پخش	میکرد	0.011719
پخش	کنید	0.011719
پرتاب	شد	0.105882
پرتاب	موشک	0.082353
پرتاب	ماهواره	0.070588
پرتاب	شده	0.064706
پرتاب	کرد	0.058824
پرتاب	فضایی	0.041176
پرتاب	بطری	0.041176
پرتاب	خواهد	0.023529
پرتاب	این	0.023529
پرتاب	آن	0.023529
پرتاب	کرده	0.023529
پرتاب	و	0.023529
پرتاب	خود	0.017647
پرتاب	یک	0.017647
پرتاب	می	0.017647
پرتاب	نارنجک	0.017647
پرستار	در	0.166667
پرستار	و	0.138889
پرستار	به	0.083333
پرچم	عراق	0.153846
پرچم	و	0.096154
پرچم	را	0.057692
پزشک	متخصص	0.119497
پزشک	خانواده	0.088050
پزشک	و	0.050314
پزشک	در	0.050314
پزشک	به	0.050314
پزشک	عمومی	0.044025
پزشک	یا	0.037736
پزشک	خود	0.037736
پزشک	است	0.025157
پزشک	از	0.025157
پزشک	با	0.018868
پزشکی	قانونی	0.121212
پزشکی	و	0.112948
پزشکی	در	0.093664
پزشکی	از	0.041322
پزشکی	را	0.038567
پزشکی	به	0.033058
پزشکی	با	0.030303
پزشکی	کشور	0.027548
پزشکی	است	0.024793
پزشکی	خانواده	0.016529
پزشکی	دانشگاه	0.016529
پزشکی	این	0.013774
پزشکی	که	0.013774
پزشکی	برای	0.011019
پزشکی	بر	0.008264
پزشکی	آن	0.008264
پزشکی	باید	0.008264
پزشکی	گفت	0.008264
پست	و	0.093220
پست	در	0.067797
پست	به	0.050847
پست	دفاع	0.042373
پست	جدیدی	0.042373
پست	های	0.033898
پست	را	0.025424
پست	جدید	0.025424
پست	این	0.025424
پست	خود	0.025424
پست	برق	0.025424
پسر	و	0.104000
پسر	جوان	0.096000
پسر	بچه	0.080000
پسر	در	0.072000
پسر	ساله	0.064000
پسر	به	0.048000
پسر	داشت	0.024000
پسر	بزرگ	0.024000
پسران	و	0.258065
پسران	زیر	0.096774
پله	سقوط	0.157895
پله	های	0.078947
پله	به	0.078947
پلیس	راه	0.131579
پلیس	در	0.100329
پلیس	امنیت	0.050987
پلیس	با	0.044408
پلیس	و	0.041118
پلیس	را	0.041118
پلیس	به	0.036184
پلیس	قرار	0.032895
پلیس	برای	0.032895
پلیس	راهنمایی	0.026316
پلیس	مبارزه	0.024671
پلیس	این	0.021382
پلیس	از	0.018092
پلیس	گفت	0.013158
پلیس	اعلام	0.011513
پلیس	آمریکا	0.011513
پلیس	شهر	0.009868
پلیس	تماس	0.009868
پلیس	فرانسه	0.009868
پلیس	سرهنگ	0.009868
پلیس	اطلاع	0.008224
پلیس	است	0.008224
پلیس	وارد	0.006579
پلیس	اطلاعات	0.006579
پلیس	مهاجرت	0.006579
پلیس	خبر	0.006579
پلیس	آلمان	0.004934
پلیس	تا	0.004934
پلیس	یا	0.004934
پلیس	کمک	0.004934
پلیس	دستگیر	0.004934
پلیس	که	0.004934
پنج	شنبه	0.113122
پنج	سال	0.110860
پنج	روز	0.056561
پنج	نفر	0.045249
پنج	هزار	0.040724
پنج	درصد	0.031674
پنج	میلیون	0.027149
پنج	ساله	0.027149
پنج	ماه	0.022624
پنج	تا	0.022624
پنج	دقیقه	0.020362
پنج	عضو	0.018100
پنج	شش	0.018100
پنج	کشور	0.015837
پنج	یا	0.015837
پنج	برابر	0.013575
پنج	و	0.013575
پنج	بار	0.011312
پنج	تن	0.011312
پنج	ماهه	0.009050
پنج	ستاره	0.009050
پنج	امتیاز	0.009050
پنج	هفته	0.006787
پنج	طبقه	0.006787
پنج	شهر	0.006787
پنج	بر	0.006787
پنج	زن	0.006787
پنج	فصل	0.006787
پنج	دستگاه	0.006787
پنج	نوع	0.006787
پنج	روزه	0.006787
پنج	دسته	0.006787
پنج	متهم	0.006787
پنج	دور	0.006787
پنج	پخش	0.006787
پنجشنبه	در	0.282759
پنجشنبه	با	0.062069
پنجشنبه	شب	0.062069
پنجشنبه	و	0.051724
پنجشنبه	هفته	0.041379
پنجشنبه	از	0.037931
پنجشنبه	به	0.034483
پنجشنبه	گزارش	0.027586
پنجشنبه	تا	0.027586
پنجشنبه	دی	0.024138
پنجشنبه	تیر	0.020690
پنجشنبه	ساعت	0.017241
پنجشنبه	گفت	0.017241
پنجشنبه	اعلام	0.013793
پنجشنبه	خبر	0.013793
پنجشنبه	مهر	0.013793
پنجشنبه	درباره	0.010345
پنجشنبه	گذشته	0.010345
پودر	کلر	0.200000
پوست	و	0.150538
پوست	شیر	0.146953
پوست	سر	0.053763
پوست	خود	0.043011
پوست	را	0.039427
پوست	شما	0.039427
پوست	است	0.028674
پوست	به	0.021505
پوست	در	0.017921
پوست	از	0.014337
پوست	کمک	0.014337
پوست	کنده	0.014337
پوست	مو	0.014337
پوست	هستند	0.010753
پوست	آنها	0.010753
پوست	دست	0.010753
پوست	با	0.010753
پوست	سیب	0.010753
پوست	صورت	0.010753
پوست	آن	0.010753
پوست	ایجاد	0.010753
پولش	را	0.818182
پی	این	0.071782
پی	وقوع	0.051980
پی	در	0.042079
پی	اس	0.034653
پی	داشت	0.032178
پی	خواهد	0.029703
پی	آن	0.029703
پی	برده	0.027228
پی	اعلام	0.027228
پی	برد	0.022277
پی	دارد	0.022277
پی	داشته	0.022277
پی	عملیات	0.022277
پی	تی	0.017327
پی	حمله	0.017327
پی	بارش	0.017327
پی	گزارش	0.014851
پی	و	0.009901
پی	شکایت	0.009901
پی	می	0.009901
پی	بردن	0.009901
پی	جی	0.009901
پی	گسترش	0.007426
پی	انفجار	0.007426
پی	دریافت	0.007426
پی	هشدار	0.007426
پی	نداشت	0.007426
پی	عدم	0.007426
پی	اقدام	0.007426
پی	دستور	0.007426
پی	گیری	0.007426
پی	سفر	0.007426
پی	تغییر	0.007426
پی	گرفته	0.007426
پی	آتش	0.007426
پی	برخورد	0.007426
پی	تماس	0.007426
پیروز	شود	0.177966
پیروز	شد	0.144068
پیروز	شدند	0.067797
پیروز	خواهد	0.042373
پیروز	میدان	0.042373
پیروز	از	0.042373
پیروز	شدیم	0.033898
پیروز	شوند	0.033898
پیروز	شده	0.025424
پیروزی	انقلاب	0.146199
پیروزی	در	0.128655
پیروزی	رسید	0.078947
پیروزی	و	0.052632
پیروزی	بر	0.043860
پیروزی	مقابل	0.035088
پیروزی	برابر	0.035088
پیروزی	است	0.023392
پیروزی	یک	0.020468
پیروزی	برای	0.017544
پیروزی	بزرگ	0.017544
پیروزی	به	0.014620
پیروزی	از	0.014620
پیروزی	دست	0.014620
پیروزی	را	0.014620
پیروزی	تیم	0.011696
پیروزی	سه	0.011696
پیروزی	های	0.008772
پیروزی	برسیم	0.008772
پیروزی	خود	0.008772
پیروزی	کامل	0.008772
پیروزی	ملت	0.008772
پیروزی	نتیجه	0.008772
پیش	از	0.328323
پیش	بینی	0.119775
پیش	رو	0.063880
پیش	روی	0.036637
پیش	در	0.031470
پیش	آمده	0.018788
پیش	به	0.016909
پیش	آمد	0.015031
پیش	گرفته	0.013621
پیش	ثبت	0.013152
پیش	رفت	0.012682
پیش	می	0.012212
پیش	با	0.008924
پیش	و	0.008455
پیش	تر	0.007985
پیش	بیاید	0.007515
پیش	است	0.007046
پیش	داریم	0.007046
پیش	فصل	0.006106
پیش	رفته	0.005636
پیش	تعیین	0.005636
پیش	بودن	0.005636
پیش	بود	0.005636
پیش	خواهد	0.005167
پیش	که	0.004697
پیش	فروش	0.004697
پیش	رود	0.004697
پیش	ببریم	0.004697
پیش	یک	0.004227
پیش	میرفت	0.004227
پیش	وارد	0.004227
پیش	برای	0.003758
پیش	بر	0.003288
پیش	برد	0.003288
پیش	این	0.003288
پیش	نرفته	0.002818
پیش	پرداخت	0.002818
پیش	توسط	0.002818
پیش	افتاد	0.002818
پیش	هم	0.002818
چاره	ای	0.375000
چاره	کار	0.187500
چرت	زدن	0.600000
چرت	و	0.200000
چقدر	است	0.165957
چقدر	به	0.059574
چقدر	از	0.046809
چقدر	این	0.034043
چقدر	هم	0.029787
چقدر	برای	0.025532
چقدر	باید	0.025532
چقدر	بود	0.021277
چقدر	هزینه	0.021277
چقدر	آب	0.017021
چقدر	خوب	0.017021
چقدر	جدی	0.017021
چقدر	پول	0.017021
چقدر	طول	0.017021
چقدر	شد	0.017021
چقدر	در	0.017021
چقدر	می	0.012766
چقدر	با	0.012766
چقدر	ما	0.012766
چقدر	ارزش	0.012766
چقدر	خواهد	0.012766
چمن	آزادی	0.093023
چمن	است	0.069767
چمن	طبیعی	0.069767
چنان	که	0.236842
چنان	در	0.131579
چهارم	و	0.087500
چهارم	قرار	0.037500
چهارم	را	0.037500
چهارم	در	0.037500
چهارم	تا	0.031250
چهارم	این	0.031250
چهارم	سال	0.031250
چهارم	هم	0.025000
چهارم	است	0.025000
چهارم	پلیس	0.025000
چهارم	مهر	0.018750
چهارم	نوامبر	0.018750
چهارم	نیروی	0.018750
چهارم	اینکه	0.018750
چهارم	از	0.018750
چهره	های	0.101695
چهره	به	0.084746
چهره	و	0.076271
چهره	واقعی	0.059322
چهره	مطرح	0.042373
چهره	با	0.042373
چهره	این	0.033898
چهره	از	0.025424
چهره	مشهور	0.025424
چهره	ها	0.025424
چهره	یک	0.025424
چهره	سیاسی	0.025424
چهره	نزدیک	0.025424
چهره	در	0.025424
چون	در	0.068858
چون	از	0.042254
چون	به	0.037559
چون	اگر	0.029734
چون	این	0.028169
چون	ما	0.028169
چون	با	0.026604
چون	یک	0.012520
چون	هر	0.012520
چون	هم	0.012520
چون	او	0.010955
چون	اصلا	0.010955
چون	و	0.010955
چون	آنها	0.010955
چون	باید	0.009390
چون	شما	0.009390
چون	برای	0.009390
چون	می	0.007825
چون	ممکن	0.007825
چون	همه	0.007825
چون	نه	0.006260
چون	هیچ	0.006260
چون	بعضی	0.006260
چون	آن	0.006260
چون	اغلب	0.006260
چون	مجلس	0.006260
چون	من	0.006260
چون	خیلی	0.006260
چون	تا	0.004695
چون	شرایط	0.004695
چون	تمام	0.004695
چون	کار	0.004695
چون	قرار	0.004695
چون	بعد	0.004695
چون	اینها	0.004695
چون	تیم	0.004695
چون	درست	0.004695
چون	گل	0.004695
چون	که	0.004695
چون	هنوز	0.004695
چیزهای	زیادی	0.241379
چیزهای	دیگری	0.172414
چیزهای	دیگر	0.137931
چین	در	0.136591
چین	و	0.136591
چین	به	0.060150
چین	را	0.042607
چین	از	0.040100
چین	با	0.035088
چین	برای	0.031328
چین	است	0.026316
چین	هم	0.021303
چین	سفر	0.011278
چین	بر	0.010025
چین	باید	0.008772
چین	روز	0.008772
چین	گفت	0.008772
چین	برگزار	0.008772
چین	این	0.008772
چین	روسیه	0.007519
چین	همیشه	0.007519
چین	دارد	0.006266
چین	شد	0.006266
چین	اعلام	0.006266
چین	که	0.006266
چین	امروز	0.006266
چین	حتی	0.005013
چین	بود	0.005013
چین	یکی	0.005013
چین	هند	0.005013
چین	روابط	0.005013
چین	قرار	0.005013
چین	جنوبی	0.003759
چین	واحد	0.003759
چین	پس	0.003759
چین	باعث	0.003759
چین	فقط	0.003759
چین	بوده	0.003759
چین	بسیار	0.003759
چین	باشد	0.003759
چین	همچنین	0.003759
چین	کشف	0.003759
چین	روی	0.003759
چینی	در	0.145570
چینی	ها	0.101266
چینی	که	0.075949
چینی	را	0.063291
چینی	به	0.056962
چینی	با	0.050633
چینی	و	0.044304
چینی	از	0.044304
چینی	خود	0.037975
چینی	است	0.031646
چینی	برای	0.025316
ک	ک	0.116071
ک	م	0.116071
ک	رد	0.098214
ک	ند	0.071429
ک	و	0.062500
ک	ر	0.044643
ک	ن	0.044643
ک	رو	0.035714
ک	ت	0.026786
ک	ون	0.026786
ک	ان	0.026786
کابل	برق	0.133333
کابل	در	0.133333
کارلوس	کی	0.600000
کارمند	در	0.085714
کارگاه	تولید	0.125000
کارگاه	های	0.104167
کارگاه	نمایش	0.083333
کارگاه	نقاشی	0.083333
کارگر	و	0.123596
کارگر	در	0.123596
کارگر	با	0.056180
کارگر	را	0.056180
کارگر	است	0.033708
کافی	است	0.199336
کافی	برای	0.139535
کافی	نیست	0.083056
کافی	در	0.069767
کافی	و	0.059801
کافی	از	0.053156
کافی	را	0.036545
کافی	به	0.026578
کافی	بود	0.019934
کافی	داشته	0.016611
کافی	نبود	0.013289
کافی	باشد	0.013289
کافی	وجود	0.009967
کافی	ندارند	0.009967
کافی	دریافت	0.009967
کافی	آب	0.009967
کامل	به	0.069767
کامل	از	0.057082
کامل	و	0.057082
کامل	در	0.048626
کامل	با	0.046512
کامل	این	0.038055
کامل	را	0.027484
کامل	است	0.019027
کامل	داشته	0.016913
کامل	برای	0.016913
کامل	انجام	0.014799
کامل	آن	0.014799
کامل	شود	0.014799
کامل	پرداخت	0.014799
کامل	خود	0.014799
کامل	دارد	0.010571
کامل	قرار	0.010571
کامل	نیست	0.010571
کامل	هستند	0.010571
کامل	شد	0.010571
کامل	بر	0.008457
کامل	کند	0.008457
کامل	بود	0.008457
کامل	دارند	0.008457
کامل	شده	0.006342
کامل	نوار	0.006342
کامل	درباره	0.006342
کامل	شدن	0.006342
کامل	برطرف	0.006342
کامل	داشت	0.006342
کامل	داریم	0.006342
کاملا	به	0.048110
کاملا	از	0.044674
کاملا	در	0.041237
کاملا	قابل	0.037801
کاملا	متفاوت	0.034364
کاملا	روشن	0.027491
کاملا	طبیعی	0.024055
کاملا	جدید	0.024055
کاملا	مشخص	0.024055
کاملا	درست	0.024055
کاملا	واضح	0.024055
کاملا	آماده	0.020619
کاملا	با	0.020619
کاملا	شفاف	0.017182
کاملا	بر	0.013746
کاملا	صحیح	0.013746
کاملا	مستقل	0.010309
کاملا	سالم	0.010309
کاملا	غلط	0.010309
کاملا	دست	0.010309
کانال	هزار	0.234043
کانال	میلیون	0.053191
کانال	به	0.053191
کانال	ارتباطی	0.042553
کانال	های	0.031915
کانال	رسمی	0.031915
کانال	خبری	0.031915
کانال	ها	0.031915
کاپیتان	تیم	0.388060
کاپیتان	سابق	0.194030
کاپیتان	و	0.059701
کاپیتان	در	0.044776
کاپیتان	دوم	0.044776
کاپیتان	به	0.044776
کجا	رسید	0.126437
کجا	می	0.045977
کجا	آمده	0.040230
کجا	باید	0.034483
کجا	به	0.028736
کجا	خواهد	0.022989
کجا	بوده	0.022989
کجا	این	0.022989
کجا	رسیده	0.022989
کجا	بود	0.022989
کجا	رفته	0.022989
کجا	هستند	0.017241
کجا	زندگی	0.017241
کجا	قرار	0.017241
کجا	با	0.017241
کجا	پیدا	0.017241
کجا	ادامه	0.017241
کجا	شروع	0.017241
کردند	که	0.333940
کردند	و	0.288444
کردند	تا	0.058235
کردند	اما	0.043676
کردند	به	0.020928
کردند	در	0.018198
کردند	با	0.015469
کردند	از	0.009099
کردند	این	0.006369
کردند	تشکر	0.006369
کردند	را	0.006369
کردند	گفت	0.006369
کردند	ولی	0.005460
کردند	چون	0.004550
کردند	آن	0.003640
کردند	ما	0.003640
کردند	چرا	0.003640
کردند	برای	0.003640
کردند	من	0.003640
کردند	گفتند	0.003640
کردند	حتی	0.002730
کردند	آنها	0.002730
کردند	نباید	0.002730
کردند	یک	0.002730
کردند	ممکن	0.002730
کردند	خبر	0.002730
کردند	اظهار	0.002730
کردیم	و	0.349741
کردیم	که	0.220207
کردیم	تا	0.088083
کردیم	در	0.033679
کردیم	اما	0.033679
کردیم	به	0.025907
کردیم	از	0.020725
کردیم	این	0.015544
کردیم	ولی	0.010363
کردیم	با	0.007772
کردیم	اگر	0.007772
کره	جنوبی	0.321321
کره	شمالی	0.315315
کره	زمین	0.132132
کره	و	0.039039
کره	را	0.021021
کره	در	0.018018
کره	ماه	0.015015
کره	ای	0.012012
کره	به	0.009009
کره	می	0.009009
کروز	و	0.153846
کروز	به	0.115385
کسانی	که	0.658747
کسانی	هستند	0.064795
کسانی	را	0.028078
کسانی	است	0.023758
کسانی	در	0.019438
کسانی	بود	0.015119
کسانی	از	0.010799
کسانی	بودند	0.010799
کسانی	چون	0.008639
کسانی	باشند	0.008639
کسانی	هم	0.008639
کسانی	این	0.006479
کسانی	با	0.006479
کشته	و	0.265152
کشته	شدند	0.208333
کشته	شدن	0.174242
کشته	شده	0.125000
کشته	شد	0.060606
کشته	است	0.018939
کشته	بود	0.015152
کشته	در	0.011364
کشته	بر	0.011364
کشته	به	0.011364
کشنده	را	0.176471
کف	دست	0.175000
کف	خیابان	0.075000
کف	پا	0.075000
کف	و	0.062500
کف	روی	0.062500
کف	قیمت	0.050000
کف	میدان	0.037500
کلی	از	0.069231
کلی	و	0.046154
کلی	این	0.042308
کلی	در	0.038462
کلی	به	0.034615
کلی	است	0.030769
کلی	نظام	0.026923
کلی	برای	0.026923
کلی	آن	0.023077
کلی	اقتصاد	0.015385
کلی	اصل	0.011538
کلی	تغییر	0.011538
کلی	ما	0.011538
کلی	هزینه	0.011538
کلی	بدن	0.011538
کلیسا	در	0.238095
کمتر	از	0.501718
کمتر	است	0.049828
کمتر	به	0.041237
کمتر	در	0.039519
کمتر	کسی	0.025773
کمتر	و	0.018900
کمتر	شناخته	0.018900
کمتر	شده	0.015464
کمتر	دیده	0.013746
کمتر	خواهد	0.010309
کمتر	مورد	0.010309
کمتر	باشد	0.010309
کمتر	بود	0.008591
کمتر	نسبت	0.008591
کمتر	برای	0.006873
کمتر	شود	0.006873
کمتر	پیش	0.006873
کمتر	شد	0.006873
کمتر	یا	0.006873
کمتر	بوده	0.005155
کمتر	استفاده	0.005155
کمتر	مصرف	0.005155
کمتر	توسعه	0.005155
کمتر	دچار	0.005155
کمر	و	0.236842
کمر	درد	0.105263
کمر	به	0.078947
کنار	هم	0.081724
کنار	این	0.072808
کنار	گذاشته	0.065379
کنار	آن	0.050520
کنار	گذاشت	0.019316
کنار	مردم	0.019316
کنار	گذاشتن	0.019316
کنار	زمین	0.016345
کنار	ما	0.016345
کنار	خیابان	0.014859
کنار	رفت	0.014859
کنار	دروازه	0.014859
کنار	او	0.013373
کنار	دیگر	0.013373
کنار	تیم	0.013373
کنار	دو	0.010401
کنار	رفته	0.008915
کنار	آنها	0.008915
کنار	رفتن	0.007429
کنار	زدن	0.007429
کنار	خود	0.007429
کنار	نیروهای	0.007429
کنار	گذاشتم	0.005944
کنار	دریا	0.005944
کنار	جاده	0.005944
کنار	همه	0.005944
کنار	چند	0.005944
کنار	آثار	0.005944
کنار	تولید	0.005944
کنار	یک	0.005944
کنار	در	0.005944
کنار	شما	0.005944
کنار	نام	0.005944
کنار	روسیه	0.005944
کنار	دست	0.004458
کنار	تمام	0.004458
کنار	ساختمان	0.004458
کنار	افزایش	0.004458
کنار	ساخت	0.004458
کنار	رودخانه	0.004458
کناره	گیری	0.833333
کنده	شد	0.166667
کننده	و	0.081425
کننده	در	0.071247
کننده	است	0.061069
کننده	از	0.038168
کننده	باشد	0.038168
کننده	به	0.030534
کننده	ارتباطات	0.017812
کننده	سپاه	0.017812
کننده	این	0.012723
کننده	با	0.012723
کننده	نور	0.010178
کننده	مواد	0.010178
کننده	سازمان	0.010178
کننده	آن	0.007634
کننده	جنگ	0.007634
کننده	بود	0.007634
کننده	خود	0.007634
کننده	های	0.007634
کننده	خون	0.007634
کننده	ویژه	0.007634
کننده	قرار	0.007634
کننده	برگزار	0.007634
کننده	ها	0.007634
کنه	و	0.121212
کنی	و	0.200000
کنی	در	0.054545
کنی	تا	0.054545
کهکشان	راه	0.421053
کهکشان	در	0.078947
کی	روش	0.238532
کی	میاد	0.128440
کی	و	0.055046
کی	این	0.045872
کی	ام	0.027523
کی	بود	0.027523
کی	قرار	0.027523
کی	به	0.027523
کیلومتر	در	0.166667
کیلومتر	بر	0.093333
کیلومتر	از	0.080000
کیلومتر	و	0.076667
کیلومتر	است	0.076667
کیلومتر	راه	0.043333
کیلومتر	مرز	0.040000
کیلومتر	با	0.026667
کیلومتر	طول	0.026667
کیلومتر	آن	0.020000
کیلومتر	به	0.020000
کیلومتر	شبکه	0.020000
کیلومتر	را	0.016667
کیلومتر	تا	0.016667
کیلومتر	خط	0.016667
کیلومتر	فاصله	0.013333
کیلومتر	که	0.010000
کیلومتر	مایل	0.010000
کیک	را	0.266667
گذاری	در	0.165254
گذاری	شده	0.076271
گذاری	و	0.059322
گذاری	شد	0.033898
گذاری	است	0.029661
گذاری	را	0.029661
گذاری	خارجی	0.025424
گذاری	برای	0.021186
گذاری	از	0.021186
گذاری	کنند	0.021186
گذاری	به	0.021186
گذاری	این	0.021186
گذاری	کرده	0.016949
گذاری	مرکزی	0.016949
گذاری	کند	0.016949
گذاری	های	0.016949
گذاری	مالی	0.016949
گذاری	ها	0.016949
گذاری	بخش	0.012712
گذاری	مناسب	0.012712
گذاری	خود	0.012712
گذاری	با	0.012712
گذاشتیم	و	0.500000
گذشته	در	0.110161
گذشته	به	0.072175
گذشته	با	0.045584
گذشته	و	0.036562
گذشته	است	0.034188
گذشته	از	0.028965
گذشته	را	0.019468
گذشته	درصد	0.016619
گذشته	این	0.016144
گذشته	هم	0.016144
گذشته	بود	0.014720
گذشته	بیش	0.013770
گذشته	برای	0.013770
گذشته	هزار	0.013295
گذشته	که	0.012821
گذشته	خبر	0.011396
گذشته	تا	0.010921
گذشته	حدود	0.009972
گذشته	میلیون	0.009972
گذشته	اعلام	0.009022
گذشته	نفر	0.008547
گذشته	شاهد	0.008072
گذشته	یک	0.007123
گذشته	بوده	0.005698
گذشته	توسط	0.005698
گذشته	ثابت	0.005698
گذشته	افزایش	0.005223
گذشته	دو	0.005223
گذشته	بیمار	0.005223
گذشته	گزارش	0.004748
گذشته	خود	0.004748
گذشته	کاهش	0.004748
گذشته	رشد	0.004274
گذشته	نشان	0.004274
گذشته	سه	0.004274
گذشته	تغییر	0.004274
گذشته	پس	0.004274
گذشته	یکی	0.004274
گذشته	گفت	0.003799
گذشته	آغاز	0.003324
گر	در	0.166667
گر	چه	0.166667
گراهام	در	0.250000
گرد	و	0.726619
گرد	هم	0.093525
گردش	خون	0.200000
گردش	مالی	0.169231
گردش	و	0.107692
گردش	در	0.061538
گردش	است	0.046154
گرسنه	از	0.294118
گرسنه	هستید	0.176471
گرفتم	و	0.313433
گرفتم	که	0.119403
گرفتم	اما	0.044776
گرفتم	به	0.044776
گرفتم	از	0.044776
گرفتم	تا	0.044776
گرفته	است	0.303416
گرفته	و	0.147076
گرفته	شده	0.097858
گرفته	تا	0.061957
گرفته	شود	0.053851
گرفته	بود	0.052693
گرفته	شد	0.036479
گرفته	اند	0.023741
گرفته	که	0.021424
گرفته	در	0.019687
گرفته	بودند	0.013897
گرفته	از	0.013897
گرفته	باشد	0.010423
گرفته	با	0.009844
گرفته	به	0.008686
گرفته	اما	0.006369
گرفته	برای	0.005790
گرفته	را	0.005211
گرفته	خواهد	0.004053
گرفته	بودم	0.004053
گرفته	توسط	0.003474
گرفته	شدند	0.003474
گرفته	نشده	0.003474
گرفته	باشند	0.002895
گرفته	بودیم	0.002895
گرفته	مشخص	0.002316
گرفته	این	0.002316
گرفته	می	0.002316
گرفته	میشد	0.002316
گرفته	یک	0.001737
گرفته	طی	0.001737
گرفته	نشد	0.001737
گرفته	یا	0.001737
گرفته	ایم	0.001737
گرفته	ولی	0.001737
گرفته	نشان	0.001737
گره	خورده	0.333333
گره	ای	0.055556
گره	های	0.055556
گره	زدن	0.055556
گره	خورد	0.055556
گره	از	0.055556
گسترده	در	0.129630
گسترده	و	0.111111
گسترده	ای	0.077778
گسترده	به	0.051852
گسترده	است	0.048148
گسترده	از	0.037037
گسترده	شده	0.025926
گسترده	تر	0.025926
گسترده	مردم	0.025926
گسترده	این	0.018519
گسترده	علیه	0.018519
گسترده	را	0.014815
گسترده	برای	0.014815
گسترده	انجام	0.014815
گسترده	نیروهای	0.014815
گسترده	ارتش	0.014815
گسترده	بر	0.011111
گسترده	شدن	0.011111
گسترده	تری	0.011111
گسترده	شد	0.011111
گسترش	روابط	0.092511
گسترش	و	0.066079
گسترش	یافته	0.061674
گسترش	پیدا	0.039648
گسترش	آن	0.039648
گسترش	است	0.039648
گسترش	جنگ	0.035242
گسترش	دهد	0.030837
گسترش	این	0.030837
گسترش	دهند	0.026432
گسترش	داد	0.026432
گسترش	همکاری	0.022026
گسترش	داده	0.017621
گسترش	خواهد	0.017621
گسترش	فرهنگ	0.017621
گسترش	نفوذ	0.013216
گسترش	هستند	0.013216
گسترش	زبان	0.013216
گسترش	هرچه	0.013216
گشت	و	0.333333
گشت	زنی	0.222222
گشت	مشترک	0.092593
گفت	در	0.099430
گفت	که	0.096757
گفت	این	0.060228
گفت	با	0.035816
گفت	از	0.029223
گفت	به	0.027619
گفت	ما	0.026550
گفت	و	0.023877
گفت	من	0.018710
گفت	اگر	0.014255
گفت	برای	0.013721
گفت	باید	0.011226
گفت	امروز	0.009800
گفت	یکی	0.009088
گفت	بر	0.008553
گفت	تا	0.006949
گفت	هر	0.006415
گفت	دولت	0.006237
گفت	امسال	0.006058
گفت	همه	0.005524
گفت	برخی	0.005346
گفت	پس	0.005167
گفت	مردم	0.004989
گفت	یک	0.004633
گفت	هزار	0.004633
گفت	همچنین	0.004455
گفت	طی	0.004455
گفت	دشمن	0.004277
گفت	سال	0.004277
گفت	بیش	0.004277
گفت	حدود	0.003920
گفت	طبق	0.003742
گفت	آمریکا	0.003564
گفت	وقتی	0.003564
گفت	تعداد	0.003564
گفت	جمهوری	0.003386
گفت	طرح	0.003386
گفت	بعد	0.003207
گفت	هیچ	0.003029
گفت	تمام	0.003029
گفتم	که	0.207865
گفتم	این	0.050562
گفتم	اگر	0.044944
گفتم	به	0.039326
گفتم	من	0.033708
گفتم	چرا	0.033708
گفتم	شما	0.022472
گفتم	یک	0.016854
گفتم	تا	0.016854
گفتم	با	0.016854
گفتم	خدا	0.016854
گفتم	یعنی	0.016854
گفتم	از	0.016854
گفتم	وقتی	0.016854
گفتم	نه	0.016854
گفتند	که	0.320225
گفتند	ما	0.044944
گفتند	و	0.039326
گفتند	این	0.028090
گفتند	برای	0.028090
گفتند	باید	0.022472
گفتند	با	0.022472
گفتند	در	0.016854
گفتند	یک	0.016854
گفتند	پس	0.016854
گفته	بود	0.160269
گفته	است	0.129559
گفته	وی	0.087332
گفته	این	0.064299
گفته	شده	0.060461
گفته	شد	0.053743
گفته	که	0.045106
گفته	او	0.029750
گفته	می	0.023992
گفته	بودند	0.017274
گفته	مقامات	0.013436
گفته	و	0.012476
گفته	رئیس	0.011516
گفته	میشد	0.011516
گفته	شود	0.010557
گفته	اند	0.009597
گفته	معاون	0.009597
گفته	منابع	0.009597
گفته	خودش	0.009597
گفته	وزیر	0.008637
گفته	یکی	0.008637
گفته	برخی	0.006718
گفته	ایم	0.005758
گفته	بودم	0.005758
گفته	های	0.004798
گفته	یک	0.004798
گفته	مدیر	0.004798
گفته	وزارت	0.004798
گفته	آنها	0.003839
گفته	دانشمندان	0.003839
گفته	شما	0.003839
گفته	ما	0.003839
گفته	فرمانده	0.003839
گفته	نشده	0.003839
گفته	خود	0.002879
گفته	من	0.002879
گفته	از	0.002879
گفته	به	0.002879
گفته	مرکز	0.002879
گفته	پلیس	0.002879
گم	شدن	0.264706
گم	شده	0.147059
گم	شد	0.088235
گم	کرده	0.088235
گمان	میکنند	0.204545
گمان	من	0.113636
گمان	میکند	0.090909
گمان	میکنم	0.068182
گمراه	کننده	0.363636
گوشت	قرمز	0.220588
گوشت	و	0.112745
گوشت	مرغ	0.098039
گوشت	گرم	0.039216
گوشت	را	0.039216
گوشت	آن	0.019608
گوشت	قربانی	0.019608
گوشت	در	0.019608
گوشت	سفید	0.019608
گوشت	هم	0.014706
گوشت	یا	0.014706
گوشت	از	0.014706
گوشت	گاو	0.014706
گوشت	است	0.014706
گوشت	چرخ	0.014706
گوشت	ماهی	0.014706
گونه	ای	0.124464
گونه	که	0.085837
گونه	های	0.051502
گونه	از	0.042918
گونه	است	0.030043
گونه	جدید	0.025751
گونه	به	0.021459
گونه	نیست	0.021459
گونه	در	0.017167
گونه	ماهی	0.017167
گونه	بیماری	0.012876
گونه	تغییر	0.012876
گونه	ارزشمند	0.012876
گونه	اخبار	0.012876
گونه	مداخله	0.012876
گیر	کرده	0.102564
گیر	در	0.089744
گیر	کرد	0.064103
گیر	کشور	0.038462
گیر	افتاد	0.038462
گیر	افتاده	0.038462
