a	lot	0.1000
a	time	0.0800
a	day	0.0760
a	week	0.0720
a	month	0.0680
a	year	0.0640
a	good	0.0600
a	way	0.0600
a	place	0.0560
a	thing	0.0520
a	little	0.0500
a	few	0.0500
a	person	0.0480
a	team	0.0440
a	bit	0.0400
a	great	0.0400
a	company	0.0400
a	project	0.0360
a	meeting	0.0320
a	nice	0.0300
a	long	0.0300
a	new	0.0300
a	email	0.0280
a	message	0.0240
a	short	0.0200
a	big	0.0200
a	small	0.0200
a	quick	0.0200
a	fast	0.0200
a	slow	0.0200
a	better	0.0200
a	worse	0.0200
a	different	0.0200
a	similar	0.0200
a	possible	0.0200
a	question	0.0200
a	problem	0.0200
a	solution	0.0200
a	chance	0.0200
a	moment	0.0200
about	the	0.2500
about	a	0.2250
about	my	0.2000
about	your	0.1750
about	our	0.1500
about	their	0.1250
about	it	0.1200
about	that	0.1000
about	this	0.1000
about	you	0.0500
about	me	0.0400
about	us	0.0300
about	to	0.0300
about	what	0.0300
about	how	0.0200
about	when	0.0200
about	where	0.0200
about	why	0.0200
about	time	0.0200
about	half	0.0200
about	them	0.0200
about	work	0.0200
about	school	0.0200
about	money	0.0200
about	food	0.0200
about	travel	0.0200
about	health	0.0200
about	family	0.0200
after	the	0.2500
after	a	0.2250
after	my	0.2000
after	your	0.1750
after	our	0.1500
after	their	0.1250
after	this	0.1000
after	that	0.0750
afternoon	morning	0.0800
afternoon	afternoon	0.0600
afternoon	evening	0.0600
afternoon	night	0.0600
afternoon	is	0.0500
afternoon	was	0.0400
afternoon	will	0.0400
afternoon	at	0.0400
afternoon	in	0.0300
afternoon	on	0.0300
afternoon	for	0.0200
afternoon	i	0.0200
afternoon	we	0.0200
afternoon	you	0.0200
afternoon	they	0.0200
airport	flight	0.1500
airport	car	0.1500
airport	hotel	0.1420
airport	bus	0.1420
airport	trip	0.1340
airport	train	0.1340
airport	vacation	0.1260
airport	beach	0.1180
airport	drive	0.1180
airport	airport	0.1100
airport	ride	0.1100
airport	booking	0.1020
airport	traffic	0.1020
airport	passport	0.0940
airport	parking	0.0940
airport	luggage	0.0860
airport	gas	0.0860
airport	destination	0.0780
airport	fuel	0.0780
airport	ticket	0.0700
airport	resort	0.0620
airport	station	0.0620
album	movie	0.1500
album	music	0.1420
album	game	0.1340
album	show	0.1260
album	concert	0.1180
album	book	0.1100
album	video	0.1020
album	stream	0.0940
album	watch	0.0860
album	listen	0.0780
album	play	0.0700
album	episode	0.0620
an	hour	0.0800
an	idea	0.0600
an	option	0.0500
an	email	0.0400
an	update	0.0400
an	issue	0.0400
an	error	0.0300
an	appointment	0.0300
an	answer	0.0300
an	example	0.0300
an	opportunity	0.0200
an	invitation	0.0200
an	agreement	0.0200
an	announcement	0.0200
an	important	0.0200
an	interesting	0.0200
an	amazing	0.0200
an	excellent	0.0200
an	easy	0.0200
an	old	0.0200
any	time	0.0800
any	day	0.0760
any	week	0.0720
any	month	0.0680
any	year	0.0640
any	way	0.0600
any	place	0.0560
any	thing	0.0520
any	person	0.0480
any	team	0.0440
any	company	0.0400
any	project	0.0360
any	meeting	0.0320
any	email	0.0280
any	message	0.0240
apartment	house	0.1500
apartment	apartment	0.1420
apartment	room	0.1340
apartment	kitchen	0.1260
apartment	bedroom	0.1180
apartment	bathroom	0.1100
apartment	clean	0.1020
apartment	repair	0.0940
apartment	furniture	0.0860
apartment	rent	0.0780
apartment	move	0.0700
apartment	pack	0.0620
app	code	0.1500
app	app	0.1420
app	phone	0.1340
app	laptop	0.1260
app	software	0.1180
app	update	0.1100
app	bug	0.1020
app	server	0.0940
app	data	0.0860
app	internet	0.0780
app	download	0.0700
app	install	0.0620
appointment	doctor	0.1500
appointment	hospital	0.1420
appointment	medicine	0.1340
appointment	pain	0.1260
appointment	sick	0.1180
appointment	fever	0.1100
appointment	headache	0.1020
appointment	exercise	0.0940
appointment	sleep	0.0860
appointment	diet	0.0780
appointment	stress	0.0700
appointment	therapy	0.0620
are	you	0.4500
are	we	0.0600
are	they	0.0600
are	the	0.0500
are	there	0.0400
are	going	0.0400
are	not	0.0400
are	so	0.0300
are	still	0.0300
are	all	0.0200
are	ready	0.0200
are	here	0.0200
are	sure	0.0200
are	okay	0.0200
are	fine	0.0200
are	busy	0.0200
are	free	0.0200
are	available	0.0200
are	coming	0.0200
are	leaving	0.0200
are	staying	0.0200
are	working	0.0200
are	sleeping	0.0200
are	eating	0.0200
arent	you	0.2000
arent	we	0.1200
arent	they	0.1000
arent	there	0.0800
arent	going	0.0600
arent	ready	0.0500
arent	sure	0.0400
arent	coming	0.0400
arent	leaving	0.0300
arent	staying	0.0300
arent	working	0.0200
arent	available	0.0200
arent	busy	0.0200
arent	free	0.0200
arent	happy	0.0200
arent	sad	0.0200
arent	tired	0.0200
arent	excited	0.0200
arent	worried	0.0200
arent	concerned	0.0200
arent	interested	0.0200
arent	involved	0.0200
arent	included	0.0200
arent	allowed	0.0200
arent	permitted	0.0200
artist	movie	0.1500
artist	music	0.1420
artist	game	0.1340
artist	show	0.1260
artist	concert	0.1180
artist	book	0.1100
artist	video	0.1020
artist	stream	0.0940
artist	watch	0.0860
artist	listen	0.0780
artist	play	0.0700
artist	episode	0.0620
ask	you	0.1500
ask	me	0.1200
ask	for	0.1000
ask	about	0.0800
ask	if	0.0600
ask	when	0.0400
ask	where	0.0400
ask	why	0.0300
ask	how	0.0300
ask	what	0.0300
ask	him	0.0200
ask	her	0.0200
ask	them	0.0200
ask	later	0.0200
ask	again	0.0200
assignment	school	0.1500
assignment	class	0.1420
assignment	homework	0.1340
assignment	exam	0.1260
assignment	study	0.1180
assignment	teacher	0.1100
assignment	student	0.1020
assignment	course	0.0940
assignment	lecture	0.0860
assignment	assignment	0.0780
assignment	grade	0.0700
assignment	university	0.0620
at	the	0.2500
at	a	0.2250
at	my	0.2000
at	your	0.1750
at	our	0.1500
at	their	0.1250
at	this	0.1000
at	that	0.0750
at	home	0.0400
at	work	0.0400
at	least	0.0400
at	first	0.0300
at	last	0.0300
at	all	0.0300
at	once	0.0200
at	night	0.0200
at	noon	0.0200
at	school	0.0200
at	office	0.0200
at	lunch	0.0200
at	dinner	0.0200
at	breakfast	0.0200
at	airport	0.0200
at	station	0.0200
at	store	0.0200
at	restaurant	0.0200
at	hotel	0.0200
baby	mom	0.1500
baby	dad	0.1420
baby	sister	0.1340
baby	brother	0.1260
baby	son	0.1180
baby	daughter	0.1100
baby	family	0.1020
baby	kids	0.0940
baby	parents	0.0860
baby	baby	0.0780
baby	home	0.0700
baby	wife	0.0620
bank	money	0.1500
bank	bank	0.1420
bank	payment	0.1340
bank	budget	0.1260
bank	cost	0.1180
bank	price	0.1100
bank	bill	0.1020
bank	invoice	0.0940
bank	salary	0.0860
bank	tax	0.0780
bank	invest	0.0700
bank	savings	0.0620
basketball	game	0.1500
basketball	team	0.1420
basketball	score	0.1340
basketball	match	0.1260
basketball	player	0.1180
basketball	win	0.1100
basketball	lose	0.1020
basketball	goal	0.0940
basketball	ball	0.0860
basketball	football	0.0780
basketball	soccer	0.0700
basketball	basketball	0.0620
beach	flight	0.1500
beach	hotel	0.1420
beach	trip	0.1340
beach	vacation	0.1260
beach	beach	0.1180
beach	airport	0.1100
beach	booking	0.1020
beach	passport	0.0940
beach	luggage	0.0860
beach	destination	0.0780
beach	ticket	0.0700
beach	resort	0.0620
because	i	0.1200
because	of	0.1000
because	it	0.0600
because	you	0.0500
because	we	0.0400
because	they	0.0300
because	he	0.0300
because	she	0.0300
because	the	0.0300
because	this	0.0200
because	that	0.0200
because	my	0.0200
because	your	0.0200
because	its	0.0200
because	there	0.0200
because	theyre	0.0200
because	youre	0.0200
because	im	0.0200
because	was	0.0200
because	were	0.0200
bedroom	house	0.1500
bedroom	apartment	0.1420
bedroom	room	0.1340
bedroom	kitchen	0.1260
bedroom	bedroom	0.1180
bedroom	bathroom	0.1100
bedroom	clean	0.1020
bedroom	repair	0.0940
bedroom	furniture	0.0860
bedroom	rent	0.0780
bedroom	move	0.0700
bedroom	pack	0.0620
before	the	0.2500
before	a	0.2250
before	my	0.2000
before	your	0.1750
before	our	0.1500
before	their	0.1250
before	this	0.1000
before	that	0.0750
between	the	0.2500
between	a	0.2250
between	my	0.2000
between	your	0.1750
between	our	0.1500
between	their	0.1250
between	this	0.1000
between	that	0.0750
bill	money	0.1500
bill	bank	0.1420
bill	payment	0.1340
bill	budget	0.1260
bill	cost	0.1180
bill	price	0.1100
bill	bill	0.1020
bill	invoice	0.0940
bill	salary	0.0860
bill	tax	0.0780
bill	invest	0.0700
bill	savings	0.0620
book	movie	0.1500
book	music	0.1420
book	game	0.1340
book	show	0.1260
book	concert	0.1180
book	book	0.1100
book	video	0.1020
book	stream	0.0940
book	watch	0.0860
book	listen	0.0780
book	play	0.0700
book	episode	0.0620
booking	flight	0.1500
booking	hotel	0.1420
booking	trip	0.1340
booking	vacation	0.1260
booking	beach	0.1180
booking	airport	0.1100
booking	booking	0.1020
booking	passport	0.0940
booking	luggage	0.0860
booking	destination	0.0780
booking	ticket	0.0700
booking	resort	0.0620
breakfast	eat	0.1500
breakfast	cook	0.1420
breakfast	order	0.1340
breakfast	restaurant	0.1260
breakfast	lunch	0.1180
breakfast	dinner	0.1100
breakfast	breakfast	0.1020
breakfast	coffee	0.0940
breakfast	pizza	0.0860
breakfast	hungry	0.0780
breakfast	delicious	0.0700
breakfast	menu	0.0620
brother	mom	0.1500
brother	dad	0.1420
brother	sister	0.1340
brother	brother	0.1260
brother	son	0.1180
brother	daughter	0.1100
brother	family	0.1020
brother	kids	0.0940
brother	parents	0.0860
brother	baby	0.0780
brother	home	0.0700
brother	wife	0.0620
budget	meeting	0.1500
budget	money	0.1500
budget	project	0.1420
budget	bank	0.1420
budget	deadline	0.1340
budget	payment	0.1340
budget	report	0.1260
budget	budget	0.1260
budget	client	0.1180
budget	cost	0.1180
budget	email	0.1100
budget	price	0.1100
budget	office	0.1020
budget	bill	0.1020
budget	manager	0.0940
budget	invoice	0.0940
budget	task	0.0860
budget	salary	0.0860
budget	schedule	0.0780
budget	tax	0.0780
budget	presentation	0.0700
budget	invest	0.0700
budget	team	0.0620
budget	savings	0.0620
bug	code	0.1500
bug	app	0.1420
bug	phone	0.1340
bug	laptop	0.1260
bug	software	0.1180
bug	update	0.1100
bug	bug	0.1020
bug	server	0.0940
bug	data	0.0860
bug	internet	0.0780
bug	download	0.0700
bug	install	0.0620
bus	car	0.1500
bus	bus	0.1420
bus	train	0.1340
bus	flight	0.1260
bus	drive	0.1180
bus	ride	0.1100
bus	traffic	0.1020
bus	parking	0.0940
bus	gas	0.0860
bus	fuel	0.0780
bus	ticket	0.0700
bus	station	0.0620
buy	buy	0.1500
buy	it	0.1500
buy	store	0.1420
buy	order	0.1340
buy	delivery	0.1260
buy	some	0.1200
buy	price	0.1180
buy	sale	0.1100
buy	discount	0.1020
buy	a	0.1000
buy	cart	0.0940
buy	checkout	0.0860
buy	the	0.0800
buy	payment	0.0780
buy	shipping	0.0700
buy	return	0.0620
buy	food	0.0400
buy	coffee	0.0400
buy	lunch	0.0300
buy	dinner	0.0300
buy	groceries	0.0300
buy	tickets	0.0200
buy	online	0.0200
buy	now	0.0200
buy	later	0.0200
buy	today	0.0200
buy	tomorrow	0.0200
by	the	0.2500
by	a	0.2250
by	my	0.2000
by	your	0.1750
by	our	0.1500
by	their	0.1250
by	this	0.1000
by	that	0.0750
call	me	0.2000
call	you	0.1200
call	back	0.0800
call	us	0.0600
call	the	0.0400
call	when	0.0300
call	if	0.0300
call	later	0.0300
call	tomorrow	0.0200
call	today	0.0200
call	soon	0.0200
call	now	0.0200
call	please	0.0200
call	again	0.0200
call	ahead	0.0200
call	it	0.0200
call	him	0.0200
call	her	0.0200
call	them	0.0200
call	home	0.0200
call	office	0.0200
call	doctor	0.0200
call	support	0.0200
call	help	0.0200
call	service	0.0200
can	you	0.3000
can	i	0.1500
can	we	0.1200
can	it	0.0600
can	he	0.0400
can	she	0.0400
can	they	0.0400
can	not	0.0400
can	do	0.0300
can	get	0.0300
can	see	0.0300
can	help	0.0200
can	call	0.0200
can	send	0.0200
can	check	0.0200
can	come	0.0200
can	go	0.0200
can	make	0.0200
can	take	0.0200
can	try	0.0200
can	wait	0.0200
can	tell	0.0200
can	show	0.0200
can	find	0.0200
cant	wait	0.2000
cant	believe	0.1200
cant	make	0.0800
cant	find	0.0600
cant	see	0.0600
cant	help	0.0500
cant	get	0.0500
cant	come	0.0400
cant	go	0.0400
cant	do	0.0300
cant	tell	0.0300
cant	remember	0.0200
cant	forget	0.0200
cant	sleep	0.0200
cant	eat	0.0200
cant	work	0.0200
cant	stop	0.0200
cant	start	0.0200
cant	decide	0.0200
cant	choose	0.0200
cant	afford	0.0200
cant	handle	0.0200
cant	manage	0.0200
cant	cope	0.0200
cant	deal	0.0200
car	car	0.1500
car	bus	0.1420
car	train	0.1340
car	flight	0.1260
car	drive	0.1180
car	ride	0.1100
car	traffic	0.1020
car	parking	0.0940
car	gas	0.0860
car	fuel	0.0780
car	ticket	0.0700
car	station	0.0620
cart	buy	0.1500
cart	store	0.1420
cart	order	0.1340
cart	delivery	0.1260
cart	price	0.1180
cart	sale	0.1100
cart	discount	0.1020
cart	cart	0.0940
cart	checkout	0.0860
cart	payment	0.0780
cart	shipping	0.0700
cart	return	0.0620
change	it	0.1200
change	the	0.1000
change	my	0.0600
change	your	0.0600
change	plans	0.0400
change	mind	0.0400
change	subject	0.0300
change	later	0.0300
change	now	0.0200
change	soon	0.0200
change	quickly	0.0200
change	slowly	0.0200
change	back	0.0200
change	over	0.0200
change	completely	0.0200
chat	friend	0.1500
chat	party	0.1420
chat	event	0.1340
chat	invite	0.1260
chat	message	0.1180
chat	chat	0.1100
chat	post	0.1020
chat	share	0.0940
chat	like	0.0860
chat	comment	0.0780
chat	follow	0.0700
chat	group	0.0620
check	it	0.1200
check	out	0.1000
check	the	0.0800
check	this	0.0600
check	your	0.0500
check	my	0.0400
check	if	0.0400
check	back	0.0300
check	in	0.0300
check	on	0.0300
check	with	0.0200
check	for	0.0200
check	again	0.0200
check	later	0.0200
check	now	0.0200
check	email	0.0200
check	messages	0.0200
check	calendar	0.0200
check	schedule	0.0200
check	status	0.0200
check	weather	0.0200
check	traffic	0.0200
check	news	0.0200
check	updates	0.0200
check	notifications	0.0200
checkout	buy	0.1500
checkout	store	0.1420
checkout	order	0.1340
checkout	delivery	0.1260
checkout	price	0.1180
checkout	sale	0.1100
checkout	discount	0.1020
checkout	cart	0.0940
checkout	checkout	0.0860
checkout	payment	0.0780
checkout	shipping	0.0700
checkout	return	0.0620
class	school	0.1500
class	class	0.1420
class	homework	0.1340
class	exam	0.1260
class	study	0.1180
class	teacher	0.1100
class	student	0.1020
class	course	0.0940
class	lecture	0.0860
class	assignment	0.0780
class	grade	0.0700
class	university	0.0620
clean	house	0.1500
clean	apartment	0.1420
clean	room	0.1340
clean	kitchen	0.1260
clean	bedroom	0.1180
clean	bathroom	0.1100
clean	clean	0.1020
clean	repair	0.0940
clean	furniture	0.0860
clean	rent	0.0780
clean	move	0.0700
clean	pack	0.0620
client	meeting	0.1500
client	project	0.1420
client	deadline	0.1340
client	report	0.1260
client	client	0.1180
client	email	0.1100
client	office	0.1020
client	manager	0.0940
client	task	0.0860
client	schedule	0.0780
client	presentation	0.0700
client	team	0.0620
close	it	0.1500
close	the	0.1200
close	up	0.0800
close	down	0.0600
close	early	0.0400
close	late	0.0300
close	now	0.0300
close	soon	0.0200
close	carefully	0.0200
close	slowly	0.0200
close	quickly	0.0200
close	behind	0.0200
close	me	0.0200
close	us	0.0200
close	together	0.0200
cloudy	rain	0.1500
cloudy	sunny	0.1420
cloudy	cold	0.1340
cloudy	hot	0.1260
cloudy	snow	0.1180
cloudy	storm	0.1100
cloudy	wind	0.1020
cloudy	cloudy	0.0940
cloudy	temperature	0.0860
cloudy	forecast	0.0780
cloudy	umbrella	0.0700
cloudy	freezing	0.0620
coach	game	0.1500
coach	team	0.1420
coach	score	0.1340
coach	match	0.1260
coach	player	0.1180
coach	win	0.1100
coach	lose	0.1020
coach	goal	0.0940
coach	ball	0.0860
coach	football	0.0780
coach	soccer	0.0700
coach	basketball	0.0620
code	code	0.1500
code	app	0.1420
code	phone	0.1340
code	laptop	0.1260
code	software	0.1180
code	update	0.1100
code	bug	0.1020
code	server	0.0940
code	data	0.0860
code	internet	0.0780
code	download	0.0700
code	install	0.0620
coffee	eat	0.1500
coffee	cook	0.1420
coffee	order	0.1340
coffee	restaurant	0.1260
coffee	lunch	0.1180
coffee	dinner	0.1100
coffee	breakfast	0.1020
coffee	coffee	0.0940
coffee	pizza	0.0860
coffee	hungry	0.0780
coffee	delicious	0.0700
coffee	menu	0.0620
cold	rain	0.1500
cold	sunny	0.1420
cold	cold	0.1340
cold	hot	0.1260
cold	snow	0.1180
cold	storm	0.1100
cold	wind	0.1020
cold	cloudy	0.0940
cold	temperature	0.0860
cold	forecast	0.0780
cold	umbrella	0.0700
cold	freezing	0.0620
college	school	0.1500
college	class	0.1420
college	homework	0.1340
college	exam	0.1260
college	study	0.1180
college	teacher	0.1100
college	student	0.1020
college	course	0.0940
college	lecture	0.0860
college	assignment	0.0780
college	grade	0.0700
college	university	0.0620
come	over	0.1200
come	back	0.1000
come	to	0.0800
come	with	0.0600
come	on	0.0500
come	in	0.0500
come	out	0.0400
come	by	0.0400
come	home	0.0300
come	here	0.0300
come	early	0.0200
come	later	0.0200
come	soon	0.0200
come	now	0.0200
come	along	0.0200
come	up	0.0200
come	down	0.0200
come	inside	0.0200
come	outside	0.0200
come	through	0.0200
come	first	0.0200
come	last	0.0200
come	alone	0.0200
come	together	0.0200
come	prepared	0.0200
comment	friend	0.1500
comment	party	0.1420
comment	event	0.1340
comment	invite	0.1260
comment	message	0.1180
comment	chat	0.1100
comment	post	0.1020
comment	share	0.0940
comment	like	0.0860
comment	comment	0.0780
comment	follow	0.0700
comment	group	0.0620
community	friend	0.1500
community	party	0.1420
community	event	0.1340
community	invite	0.1260
community	message	0.1180
community	chat	0.1100
community	post	0.1020
community	share	0.0940
community	like	0.0860
community	comment	0.0780
community	follow	0.0700
community	group	0.0620
commute	car	0.1500
commute	bus	0.1420
commute	train	0.1340
commute	flight	0.1260
commute	drive	0.1180
commute	ride	0.1100
commute	traffic	0.1020
commute	parking	0.0940
commute	gas	0.0860
commute	fuel	0.0780
commute	ticket	0.0700
commute	station	0.0620
concert	movie	0.1500
concert	music	0.1420
concert	game	0.1340
concert	show	0.1260
concert	concert	0.1180
concert	book	0.1100
concert	video	0.1020
concert	stream	0.0940
concert	watch	0.0860
concert	listen	0.0780
concert	play	0.0700
concert	episode	0.0620
confirm	it	0.1500
confirm	the	0.1200
confirm	your	0.0800
confirm	my	0.0600
confirm	with	0.0600
confirm	by	0.0400
confirm	now	0.0300
confirm	later	0.0200
confirm	soon	0.0200
confirm	please	0.0200
confirm	again	0.0200
confirm	via	0.0200
confirm	email	0.0200
confirm	text	0.0200
confirm	call	0.0200
connect	friend	0.1500
connect	party	0.1420
connect	event	0.1340
connect	invite	0.1260
connect	message	0.1180
connect	chat	0.1100
connect	post	0.1020
connect	share	0.0940
connect	like	0.0860
connect	comment	0.0780
connect	follow	0.0700
connect	group	0.0620
cook	eat	0.1500
cook	cook	0.1420
cook	order	0.1340
cook	restaurant	0.1260
cook	lunch	0.1180
cook	dinner	0.1100
cook	breakfast	0.1020
cook	coffee	0.0940
cook	pizza	0.0860
cook	hungry	0.0780
cook	delicious	0.0700
cook	menu	0.0620
cost	money	0.1500
cost	bank	0.1420
cost	payment	0.1340
cost	budget	0.1260
cost	cost	0.1180
cost	price	0.1100
cost	bill	0.1020
cost	invoice	0.0940
cost	salary	0.0860
cost	tax	0.0780
cost	invest	0.0700
cost	savings	0.0620
could	you	0.2000
could	be	0.1200
could	not	0.0600
could	have	0.0600
could	we	0.0500
could	i	0.0500
could	he	0.0300
could	she	0.0300
could	they	0.0300
could	do	0.0300
could	get	0.0200
could	see	0.0200
could	help	0.0200
could	try	0.0200
could	make	0.0200
could	go	0.0200
could	come	0.0200
could	use	0.0200
could	find	0.0200
could	tell	0.0200
could	show	0.0200
could	explain	0.0200
could	check	0.0200
could	send	0.0200
couldnt	sleep	0.1500
couldnt	find	0.1200
couldnt	make	0.0800
couldnt	help	0.0600
couldnt	believe	0.0600
couldnt	see	0.0500
couldnt	get	0.0500
couldnt	come	0.0400
couldnt	go	0.0400
couldnt	do	0.0300
couldnt	tell	0.0300
couldnt	remember	0.0200
couldnt	forget	0.0200
couldnt	decide	0.0200
couldnt	choose	0.0200
couldnt	stop	0.0200
couldnt	start	0.0200
couldnt	work	0.0200
couldnt	finish	0.0200
couldnt	continue	0.0200
couldnt	afford	0.0200
couldnt	handle	0.0200
couldnt	manage	0.0200
couldnt	cope	0.0200
couldnt	deal	0.0200
course	school	0.1500
course	class	0.1420
course	homework	0.1340
course	exam	0.1260
course	study	0.1180
course	teacher	0.1100
course	student	0.1020
course	course	0.0940
course	lecture	0.0860
course	assignment	0.0780
course	grade	0.0700
course	university	0.0620
credit	money	0.1500
credit	bank	0.1420
credit	payment	0.1340
credit	budget	0.1260
credit	cost	0.1180
credit	price	0.1100
credit	bill	0.1020
credit	invoice	0.0940
credit	salary	0.0860
credit	tax	0.0780
credit	invest	0.0700
credit	savings	0.0620
dad	mom	0.1500
dad	dad	0.1420
dad	sister	0.1340
dad	brother	0.1260
dad	son	0.1180
dad	daughter	0.1100
dad	family	0.1020
dad	kids	0.0940
dad	parents	0.0860
dad	baby	0.0780
dad	home	0.0700
dad	wife	0.0620
data	code	0.1500
data	app	0.1420
data	phone	0.1340
data	laptop	0.1260
data	software	0.1180
data	update	0.1100
data	bug	0.1020
data	server	0.0940
data	data	0.0860
data	internet	0.0780
data	download	0.0700
data	install	0.0620
daughter	mom	0.1500
daughter	dad	0.1420
daughter	sister	0.1340
daughter	brother	0.1260
daughter	son	0.1180
daughter	daughter	0.1100
daughter	family	0.1020
daughter	kids	0.0940
daughter	parents	0.0860
daughter	baby	0.0780
daughter	home	0.0700
daughter	wife	0.0620
deadline	meeting	0.1500
deadline	project	0.1420
deadline	deadline	0.1340
deadline	report	0.1260
deadline	client	0.1180
deadline	email	0.1100
deadline	office	0.1020
deadline	manager	0.0940
deadline	task	0.0860
deadline	schedule	0.0780
deadline	presentation	0.0700
deadline	team	0.0620
delicious	eat	0.1500
delicious	cook	0.1420
delicious	order	0.1340
delicious	restaurant	0.1260
delicious	lunch	0.1180
delicious	dinner	0.1100
delicious	breakfast	0.1020
delicious	coffee	0.0940
delicious	pizza	0.0860
delicious	hungry	0.0780
delicious	delicious	0.0700
delicious	menu	0.0620
delivery	buy	0.1500
delivery	store	0.1420
delivery	order	0.1340
delivery	delivery	0.1260
delivery	price	0.1180
delivery	sale	0.1100
delivery	discount	0.1020
delivery	cart	0.0940
delivery	checkout	0.0860
delivery	payment	0.0780
delivery	shipping	0.0700
delivery	return	0.0620
destination	flight	0.1500
destination	hotel	0.1420
destination	trip	0.1340
destination	vacation	0.1260
destination	beach	0.1180
destination	airport	0.1100
destination	booking	0.1020
destination	passport	0.0940
destination	luggage	0.0860
destination	destination	0.0780
destination	ticket	0.0700
destination	resort	0.0620
did	you	0.3500
did	not	0.0800
did	we	0.0600
did	they	0.0600
did	he	0.0400
did	she	0.0400
did	it	0.0400
did	i	0.0300
did	the	0.0200
did	that	0.0200
did	this	0.0200
did	get	0.0200
did	see	0.0200
did	know	0.0200
did	have	0.0200
did	hear	0.0200
did	find	0.0200
did	make	0.0200
did	take	0.0200
did	go	0.0200
did	call	0.0200
did	send	0.0200
did	check	0.0200
did	ask	0.0200
didnt	know	0.1500
didnt	think	0.1200
didnt	want	0.1000
didnt	mean	0.0800
didnt	see	0.0600
didnt	hear	0.0600
didnt	get	0.0500
didnt	say	0.0500
didnt	tell	0.0400
didnt	ask	0.0400
didnt	expect	0.0300
didnt	realize	0.0300
didnt	notice	0.0200
didnt	remember	0.0200
didnt	forget	0.0200
didnt	work	0.0200
didnt	help	0.0200
didnt	matter	0.0200
didnt	care	0.0200
didnt	mind	0.0200
didnt	receive	0.0200
didnt	send	0.0200
didnt	call	0.0200
didnt	text	0.0200
didnt	email	0.0200
diet	doctor	0.1500
diet	hospital	0.1420
diet	medicine	0.1340
diet	pain	0.1260
diet	sick	0.1180
diet	fever	0.1100
diet	headache	0.1020
diet	exercise	0.0940
diet	sleep	0.0860
diet	diet	0.0780
diet	stress	0.0700
diet	therapy	0.0620
dinner	eat	0.1500
dinner	cook	0.1420
dinner	order	0.1340
dinner	restaurant	0.1260
dinner	lunch	0.1180
dinner	dinner	0.1100
dinner	breakfast	0.1020
dinner	coffee	0.0940
dinner	pizza	0.0860
dinner	hungry	0.0780
dinner	delicious	0.0700
dinner	menu	0.0620
discount	buy	0.1500
discount	store	0.1420
discount	order	0.1340
discount	delivery	0.1260
discount	price	0.1180
discount	sale	0.1100
discount	discount	0.1020
discount	cart	0.0940
discount	checkout	0.0860
discount	payment	0.0780
discount	shipping	0.0700
discount	return	0.0620
do	you	0.4000
do	not	0.1000
do	we	0.0700
do	they	0.0600
do	i	0.0500
do	it	0.0400
do	the	0.0300
do	this	0.0300
do	that	0.0300
do	a	0.0200
do	some	0.0200
do	any	0.0200
do	what	0.0200
do	how	0.0200
do	need	0.0200
do	want	0.0200
do	have	0.0200
do	know	0.0200
do	think	0.0200
do	feel	0.0200
do	mind	0.0200
do	care	0.0200
do	remember	0.0200
do	forget	0.0200
doctor	doctor	0.1500
doctor	hospital	0.1420
doctor	medicine	0.1340
doctor	pain	0.1260
doctor	sick	0.1180
doctor	fever	0.1100
doctor	headache	0.1020
doctor	exercise	0.0940
doctor	sleep	0.0860
doctor	diet	0.0780
doctor	stress	0.0700
doctor	therapy	0.0620
doesnt	matter	0.1500
doesnt	work	0.1200
doesnt	make	0.0800
doesnt	look	0.0600
doesnt	seem	0.0600
doesnt	feel	0.0500
doesnt	sound	0.0500
doesnt	help	0.0400
doesnt	change	0.0300
doesnt	fit	0.0300
doesnt	last	0.0200
doesnt	stop	0.0200
doesnt	start	0.0200
doesnt	go	0.0200
doesnt	come	0.0200
doesnt	need	0.0200
doesnt	want	0.0200
doesnt	care	0.0200
doesnt	mind	0.0200
doesnt	count	0.0200
doesnt	apply	0.0200
doesnt	exist	0.0200
doesnt	happen	0.0200
doesnt	cost	0.0200
doesnt	take	0.0200
dont	know	0.2000
dont	think	0.1200
dont	want	0.1000
dont	need	0.0800
dont	worry	0.0600
dont	care	0.0500
dont	mind	0.0400
dont	forget	0.0400
dont	remember	0.0300
dont	like	0.0300
dont	have	0.0300
dont	see	0.0200
dont	feel	0.0200
dont	believe	0.0200
dont	understand	0.0200
dont	expect	0.0200
dont	mean	0.0200
dont	say	0.0200
dont	tell	0.0200
dont	ask	0.0200
dont	stress	0.0200
dont	panic	0.0200
dont	rush	0.0200
dont	wait	0.0200
download	code	0.1500
download	app	0.1420
download	phone	0.1340
download	laptop	0.1260
download	software	0.1180
download	update	0.1100
download	bug	0.1020
download	server	0.0940
download	data	0.0860
download	internet	0.0780
download	download	0.0700
download	install	0.0620
drink	water	0.1500
drink	coffee	0.1200
drink	tea	0.0800
drink	something	0.0600
drink	more	0.0400
drink	a	0.0400
drink	some	0.0300
drink	enough	0.0200
drink	later	0.0200
drink	now	0.0200
drink	together	0.0200
drink	alone	0.0200
drink	at	0.0200
drink	in	0.0200
drink	here	0.0200
drive	car	0.1500
drive	to	0.1500
drive	bus	0.1420
drive	train	0.1340
drive	flight	0.1260
drive	drive	0.1180
drive	ride	0.1100
drive	traffic	0.1020
drive	home	0.1000
drive	parking	0.0940
drive	gas	0.0860
drive	there	0.0800
drive	fuel	0.0780
drive	ticket	0.0700
drive	station	0.0620
drive	here	0.0600
drive	carefully	0.0400
drive	slow	0.0300
drive	fast	0.0300
drive	safe	0.0200
drive	now	0.0200
drive	later	0.0200
drive	together	0.0200
drive	alone	0.0200
drive	back	0.0200
drive	over	0.0200
drive	through	0.0200
each	time	0.0800
each	day	0.0760
each	week	0.0720
each	month	0.0680
each	year	0.0640
each	way	0.0600
each	place	0.0560
each	thing	0.0520
each	person	0.0480
each	team	0.0440
each	company	0.0400
each	project	0.0360
each	meeting	0.0320
each	email	0.0280
each	message	0.0240
early	morning	0.0800
early	afternoon	0.0600
early	evening	0.0600
early	night	0.0600
early	is	0.0500
early	was	0.0400
early	will	0.0400
early	at	0.0400
early	in	0.0300
early	on	0.0300
early	for	0.0200
early	i	0.0200
early	we	0.0200
early	you	0.0200
early	they	0.0200
eat	eat	0.1500
eat	cook	0.1420
eat	order	0.1340
eat	restaurant	0.1260
eat	out	0.1200
eat	lunch	0.1180
eat	dinner	0.1100
eat	breakfast	0.1020
eat	coffee	0.0940
eat	pizza	0.0860
eat	hungry	0.0780
eat	delicious	0.0700
eat	menu	0.0620
eat	something	0.0600
eat	healthy	0.0400
eat	fast	0.0300
eat	well	0.0300
eat	now	0.0200
eat	later	0.0200
eat	together	0.0200
eat	alone	0.0200
eat	at	0.0200
eat	in	0.0200
eat	here	0.0200
email	code	0.1500
email	meeting	0.1500
email	app	0.1420
email	project	0.1420
email	phone	0.1340
email	deadline	0.1340
email	laptop	0.1260
email	report	0.1260
email	software	0.1180
email	client	0.1180
email	update	0.1100
email	email	0.1100
email	bug	0.1020
email	office	0.1020
email	server	0.0940
email	manager	0.0940
email	data	0.0860
email	task	0.0860
email	internet	0.0780
email	schedule	0.0780
email	download	0.0700
email	presentation	0.0700
email	install	0.0620
email	team	0.0620
episode	movie	0.1500
episode	music	0.1420
episode	game	0.1340
episode	show	0.1260
episode	concert	0.1180
episode	book	0.1100
episode	video	0.1020
episode	stream	0.0940
episode	watch	0.0860
episode	listen	0.0780
episode	play	0.0700
episode	episode	0.0620
evening	morning	0.0800
evening	afternoon	0.0600
evening	evening	0.0600
evening	night	0.0600
evening	is	0.0500
evening	was	0.0400
evening	will	0.0400
evening	at	0.0400
evening	in	0.0300
evening	on	0.0300
evening	for	0.0200
evening	i	0.0200
evening	we	0.0200
evening	you	0.0200
evening	they	0.0200
event	friend	0.1500
event	party	0.1420
event	event	0.1340
event	invite	0.1260
event	message	0.1180
event	chat	0.1100
event	post	0.1020
event	share	0.0940
event	like	0.0860
event	comment	0.0780
event	follow	0.0700
event	group	0.0620
every	time	0.0800
every	day	0.0760
every	week	0.0720
every	month	0.0680
every	year	0.0640
every	way	0.0600
every	place	0.0560
every	thing	0.0520
every	person	0.0480
every	team	0.0440
every	company	0.0400
every	project	0.0360
every	meeting	0.0320
every	email	0.0280
every	message	0.0240
exam	school	0.1500
exam	class	0.1420
exam	homework	0.1340
exam	exam	0.1260
exam	study	0.1180
exam	teacher	0.1100
exam	student	0.1020
exam	course	0.0940
exam	lecture	0.0860
exam	assignment	0.0780
exam	grade	0.0700
exam	university	0.0620
exercise	doctor	0.1500
exercise	hospital	0.1420
exercise	medicine	0.1340
exercise	pain	0.1260
exercise	sick	0.1180
exercise	fever	0.1100
exercise	headache	0.1020
exercise	exercise	0.0940
exercise	sleep	0.0860
exercise	diet	0.0780
exercise	stress	0.0700
exercise	therapy	0.0620
family	mom	0.1500
family	dad	0.1420
family	sister	0.1340
family	brother	0.1260
family	son	0.1180
family	daughter	0.1100
family	family	0.1020
family	kids	0.0940
family	parents	0.0860
family	baby	0.0780
family	home	0.0700
family	wife	0.0620
fee	money	0.1500
fee	bank	0.1420
fee	payment	0.1340
fee	budget	0.1260
fee	cost	0.1180
fee	price	0.1100
fee	bill	0.1020
fee	invoice	0.0940
fee	salary	0.0860
fee	tax	0.0780
fee	invest	0.0700
fee	savings	0.0620
feel	like	0.2000
feel	good	0.1200
feel	bad	0.0800
feel	better	0.0600
feel	worse	0.0400
feel	sick	0.0400
feel	tired	0.0400
feel	great	0.0300
feel	fine	0.0300
feel	okay	0.0200
feel	sorry	0.0200
feel	happy	0.0200
feel	sad	0.0200
feel	free	0.0200
feel	stuck	0.0200
fever	doctor	0.1500
fever	hospital	0.1420
fever	medicine	0.1340
fever	pain	0.1260
fever	sick	0.1180
fever	fever	0.1100
fever	headache	0.1020
fever	exercise	0.0940
fever	sleep	0.0860
fever	diet	0.0780
fever	stress	0.0700
fever	therapy	0.0620
find	out	0.2000
find	a	0.1200
find	the	0.1000
find	it	0.0600
find	some	0.0400
find	more	0.0400
find	time	0.0300
find	way	0.0300
find	help	0.0200
find	food	0.0200
find	place	0.0200
find	answer	0.0200
find	solution	0.0200
find	info	0.0200
find	details	0.0200
finish	the	0.1500
finish	it	0.1200
finish	my	0.0800
finish	your	0.0600
finish	work	0.0600
finish	up	0.0400
finish	early	0.0300
finish	late	0.0300
finish	today	0.0300
finish	tomorrow	0.0200
finish	soon	0.0200
finish	later	0.0200
finish	now	0.0200
finish	first	0.0200
finish	last	0.0200
flight	flight	0.1500
flight	hotel	0.1420
flight	trip	0.1340
flight	vacation	0.1260
flight	beach	0.1180
flight	airport	0.1100
flight	booking	0.1020
flight	passport	0.0940
flight	luggage	0.0860
flight	destination	0.0780
flight	ticket	0.0700
flight	resort	0.0620
follow	friend	0.1500
follow	party	0.1420
follow	event	0.1340
follow	invite	0.1260
follow	message	0.1180
follow	chat	0.1100
follow	post	0.1020
follow	share	0.0940
follow	like	0.0860
follow	comment	0.0780
follow	follow	0.0700
follow	group	0.0620
food	eat	0.1500
food	cook	0.1420
food	order	0.1340
food	restaurant	0.1260
food	lunch	0.1180
food	dinner	0.1100
food	breakfast	0.1020
food	coffee	0.0940
food	pizza	0.0860
food	hungry	0.0780
food	delicious	0.0700
food	menu	0.0620
football	game	0.1500
football	team	0.1420
football	score	0.1340
football	match	0.1260
football	player	0.1180
football	win	0.1100
football	lose	0.1020
football	goal	0.0940
football	ball	0.0860
football	football	0.0780
football	soccer	0.0700
football	basketball	0.0620
for	the	0.2500
for	a	0.2250
for	my	0.2000
for	your	0.1750
for	our	0.1500
for	their	0.1250
for	this	0.1000
for	you	0.0800
for	that	0.0750
for	me	0.0500
for	us	0.0400
for	now	0.0400
for	today	0.0300
for	tomorrow	0.0300
for	example	0.0300
for	sure	0.0200
for	real	0.0200
for	free	0.0200
for	more	0.0200
for	less	0.0200
for	help	0.0200
for	lunch	0.0200
for	dinner	0.0200
for	breakfast	0.0200
for	work	0.0200
for	fun	0.0200
for	later	0.0200
for	tonight	0.0200
for	weekend	0.0200
for	monday	0.0200
forecast	rain	0.1500
forecast	sunny	0.1420
forecast	cold	0.1340
forecast	hot	0.1260
forecast	snow	0.1180
forecast	storm	0.1100
forecast	wind	0.1020
forecast	cloudy	0.0940
forecast	temperature	0.0860
forecast	forecast	0.0780
forecast	umbrella	0.0700
forecast	freezing	0.0620
forward	to	0.8500
forward	it	0.0400
forward	the	0.0300
forward	slash	0.0200
forward	thinking	0.0200
forward	planning	0.0200
forward	motion	0.0200
forward	me	0.0200
forward	you	0.0200
forward	us	0.0200
forward	them	0.0200
forward	now	0.0200
forward	later	0.0200
forward	please	0.0200
forward	via	0.0200
forward	email	0.0200
forward	message	0.0200
forward	link	0.0200
forward	file	0.0200
freezing	rain	0.1500
freezing	sunny	0.1420
freezing	cold	0.1340
freezing	hot	0.1260
freezing	snow	0.1180
freezing	storm	0.1100
freezing	wind	0.1020
freezing	cloudy	0.0940
freezing	temperature	0.0860
freezing	forecast	0.0780
freezing	umbrella	0.0700
freezing	freezing	0.0620
friday	morning	0.0800
friday	afternoon	0.0600
friday	evening	0.0600
friday	night	0.0600
friday	is	0.0500
friday	was	0.0400
friday	will	0.0400
friday	at	0.0400
friday	in	0.0300
friday	on	0.0300
friday	for	0.0200
friday	i	0.0200
friday	we	0.0200
friday	you	0.0200
friday	they	0.0200
friend	friend	0.1500
friend	party	0.1420
friend	event	0.1340
friend	invite	0.1260
friend	message	0.1180
friend	chat	0.1100
friend	post	0.1020
friend	share	0.0940
friend	like	0.0860
friend	comment	0.0780
friend	follow	0.0700
friend	group	0.0620
from	the	0.2500
from	a	0.2250
from	my	0.2000
from	your	0.1750
from	our	0.1500
from	their	0.1250
from	this	0.1000
from	that	0.0750
from	home	0.0400
from	work	0.0400
from	here	0.0300
from	there	0.0300
from	now	0.0300
from	today	0.0200
from	tomorrow	0.0200
from	yesterday	0.0200
from	time	0.0200
from	scratch	0.0200
from	experience	0.0200
from	school	0.0200
from	office	0.0200
from	store	0.0200
from	airport	0.0200
from	station	0.0200
from	hotel	0.0200
from	restaurant	0.0200
from	hospital	0.0200
from	doctor	0.0200
from	meeting	0.0200
fuel	car	0.1500
fuel	bus	0.1420
fuel	train	0.1340
fuel	flight	0.1260
fuel	drive	0.1180
fuel	ride	0.1100
fuel	traffic	0.1020
fuel	parking	0.0940
fuel	gas	0.0860
fuel	fuel	0.0780
fuel	ticket	0.0700
fuel	station	0.0620
furniture	house	0.1500
furniture	apartment	0.1420
furniture	room	0.1340
furniture	kitchen	0.1260
furniture	bedroom	0.1180
furniture	bathroom	0.1100
furniture	clean	0.1020
furniture	repair	0.0940
furniture	furniture	0.0860
furniture	rent	0.0780
furniture	move	0.0700
furniture	pack	0.0620
game	game	0.1500
game	movie	0.1500
game	team	0.1420
game	music	0.1420
game	score	0.1340
game	match	0.1260
game	show	0.1260
game	player	0.1180
game	concert	0.1180
game	win	0.1100
game	book	0.1100
game	lose	0.1020
game	video	0.1020
game	goal	0.0940
game	stream	0.0940
game	ball	0.0860
game	watch	0.0860
game	football	0.0780
game	listen	0.0780
game	soccer	0.0700
game	play	0.0700
game	basketball	0.0620
game	episode	0.0620
garden	house	0.1500
garden	apartment	0.1420
garden	room	0.1340
garden	kitchen	0.1260
garden	bedroom	0.1180
garden	bathroom	0.1100
garden	clean	0.1020
garden	repair	0.0940
garden	furniture	0.0860
garden	rent	0.0780
garden	move	0.0700
garden	pack	0.0620
gas	car	0.1500
gas	bus	0.1420
gas	train	0.1340
gas	flight	0.1260
gas	drive	0.1180
gas	ride	0.1100
gas	traffic	0.1020
gas	parking	0.0940
gas	gas	0.0860
gas	fuel	0.0780
gas	ticket	0.0700
gas	station	0.0620
get	back	0.0800
get	to	0.0800
get	a	0.0600
get	the	0.0600
get	it	0.0500
get	some	0.0400
get	more	0.0300
get	ready	0.0300
get	started	0.0300
get	going	0.0200
get	home	0.0200
get	help	0.0200
get	food	0.0200
get	coffee	0.0200
get	sleep	0.0200
get	rest	0.0200
get	work	0.0200
get	there	0.0200
get	here	0.0200
get	lost	0.0200
get	better	0.0200
get	worse	0.0200
get	older	0.0200
get	younger	0.0200
get	bigger	0.0200
give	me	0.2000
give	you	0.1500
give	us	0.0800
give	him	0.0600
give	her	0.0600
give	them	0.0400
give	a	0.0400
give	the	0.0300
give	it	0.0300
give	some	0.0200
give	more	0.0200
give	time	0.0200
give	call	0.0200
give	update	0.0200
give	feedback	0.0200
going	to	0.5500
going	on	0.0800
going	out	0.0600
going	home	0.0500
going	back	0.0400
going	for	0.0300
going	with	0.0300
going	through	0.0200
going	over	0.0200
going	well	0.0200
going	great	0.0200
going	good	0.0200
going	bad	0.0200
going	crazy	0.0200
going	somewhere	0.0200
going	there	0.0200
going	here	0.0200
going	upstairs	0.0200
going	downstairs	0.0200
going	shopping	0.0200
going	running	0.0200
going	walking	0.0200
going	driving	0.0200
going	traveling	0.0200
going	nowhere	0.0100
good	morning	0.2000
good	night	0.1800
good	luck	0.1200
good	to	0.1000
good	job	0.0800
good	idea	0.0600
good	point	0.0400
good	news	0.0400
good	question	0.0300
good	time	0.0300
good	day	0.0300
good	work	0.0200
good	food	0.0200
good	weather	0.0200
good	call	0.0200
good	one	0.0200
good	bye	0.0200
good	deal	0.0200
good	vibes	0.0200
good	energy	0.0200
good	afternoon	0.0200
good	evening	0.0200
good	weekend	0.0200
good	trip	0.0200
good	rest	0.0200
grade	school	0.1500
grade	class	0.1420
grade	homework	0.1340
grade	exam	0.1260
grade	study	0.1180
grade	teacher	0.1100
grade	student	0.1020
grade	course	0.0940
grade	lecture	0.0860
grade	assignment	0.0780
grade	grade	0.0700
grade	university	0.0620
grandma	mom	0.1500
grandma	dad	0.1420
grandma	sister	0.1340
grandma	brother	0.1260
grandma	son	0.1180
grandma	daughter	0.1100
grandma	family	0.1020
grandma	kids	0.0940
grandma	parents	0.0860
grandma	baby	0.0780
grandma	home	0.0700
grandma	wife	0.0620
grandpa	mom	0.1500
grandpa	dad	0.1420
grandpa	sister	0.1340
grandpa	brother	0.1260
grandpa	son	0.1180
grandpa	daughter	0.1100
grandpa	family	0.1020
grandpa	kids	0.0940
grandpa	parents	0.0860
grandpa	baby	0.0780
grandpa	home	0.0700
grandpa	wife	0.0620
great	job	0.1500
great	idea	0.1200
great	news	0.1000
great	work	0.0600
great	day	0.0600
great	time	0.0500
great	food	0.0400
great	game	0.0400
great	movie	0.0300
great	book	0.0300
great	place	0.0300
great	view	0.0200
great	help	0.0200
great	effort	0.0200
great	progress	0.0200
great	team	0.0200
great	meeting	0.0200
great	conversation	0.0200
great	question	0.0200
great	answer	0.0200
great	solution	0.0200
great	plan	0.0200
great	strategy	0.0200
great	approach	0.0200
group	friend	0.1500
group	party	0.1420
group	event	0.1340
group	invite	0.1260
group	message	0.1180
group	chat	0.1100
group	post	0.1020
group	share	0.0940
group	like	0.0860
group	comment	0.0780
group	follow	0.0700
group	group	0.0620
gym	game	0.1500
gym	team	0.1420
gym	score	0.1340
gym	match	0.1260
gym	player	0.1180
gym	win	0.1100
gym	lose	0.1020
gym	goal	0.0940
gym	ball	0.0860
gym	football	0.0780
gym	soccer	0.0700
gym	basketball	0.0620
had	a	0.1800
had	to	0.1200
had	been	0.1000
had	the	0.0600
had	not	0.0500
had	fun	0.0300
had	time	0.0300
had	dinner	0.0200
had	lunch	0.0200
had	breakfast	0.0200
had	great	0.0200
had	good	0.0200
had	some	0.0200
had	enough	0.0200
had	issues	0.0200
had	problems	0.0200
had	questions	0.0200
had	doubts	0.0200
had	plans	0.0200
had	ideas	0.0200
had	meeting	0.0200
had	call	0.0200
had	email	0.0200
had	message	0.0200
had	conversation	0.0200
hadnt	seen	0.1500
hadnt	heard	0.1200
hadnt	thought	0.0800
hadnt	expected	0.0600
hadnt	planned	0.0600
hadnt	realized	0.0500
hadnt	noticed	0.0400
hadnt	known	0.0400
hadnt	met	0.0300
hadnt	tried	0.0300
hadnt	finished	0.0200
hadnt	started	0.0200
hadnt	called	0.0200
hadnt	texted	0.0200
hadnt	emailed	0.0200
hadnt	asked	0.0200
hadnt	told	0.0200
hadnt	forgotten	0.0200
hadnt	remembered	0.0200
hadnt	felt	0.0200
hadnt	received	0.0200
hadnt	sent	0.0200
hadnt	paid	0.0200
hadnt	ordered	0.0200
hadnt	booked	0.0200
happy	birthday	0.4000
happy	to	0.1500
happy	for	0.0800
happy	you	0.0600
happy	with	0.0400
happy	about	0.0400
happy	that	0.0300
happy	this	0.0300
happy	hour	0.0200
happy	day	0.0200
happy	weekend	0.0200
happy	holidays	0.0200
happy	new	0.0200
happy	hearing	0.0200
happy	helping	0.0200
happy	anniversary	0.0200
happy	friday	0.0200
happy	monday	0.0200
happy	halloween	0.0200
happy	thanksgiving	0.0200
happy	christmas	0.0200
happy	easter	0.0200
happy	valentines	0.0200
happy	mothers	0.0200
happy	fathers	0.0200
has	been	0.2500
has	a	0.1200
has	the	0.1000
has	not	0.0600
has	to	0.0500
has	changed	0.0300
has	happened	0.0300
has	arrived	0.0200
has	left	0.0200
has	started	0.0200
has	finished	0.0200
has	updated	0.0200
has	improved	0.0200
has	grown	0.0200
has	worked	0.0200
has	failed	0.0200
has	succeeded	0.0200
has	helped	0.0200
has	hurt	0.0200
has	cost	0.0200
has	taken	0.0200
has	gone	0.0200
has	come	0.0200
has	returned	0.0200
has	responded	0.0200
hasnt	been	0.2000
hasnt	changed	0.1200
hasnt	happened	0.0800
hasnt	arrived	0.0600
hasnt	started	0.0600
hasnt	finished	0.0500
hasnt	worked	0.0400
hasnt	helped	0.0300
hasnt	improved	0.0300
hasnt	gotten	0.0200
hasnt	come	0.0200
hasnt	gone	0.0200
hasnt	left	0.0200
hasnt	returned	0.0200
hasnt	responded	0.0200
hasnt	updated	0.0200
hasnt	replied	0.0200
hasnt	called	0.0200
hasnt	texted	0.0200
hasnt	emailed	0.0200
hasnt	loaded	0.0200
hasnt	saved	0.0200
hasnt	opened	0.0200
hasnt	closed	0.0200
hasnt	launched	0.0200
have	to	0.1600
have	a	0.1400
have	you	0.1200
have	been	0.1000
have	not	0.0600
have	any	0.0400
have	some	0.0400
have	the	0.0400
have	fun	0.0200
have	time	0.0200
have	dinner	0.0200
have	lunch	0.0200
have	breakfast	0.0200
have	questions	0.0200
have	plans	0.0200
have	money	0.0200
have	work	0.0200
have	class	0.0200
have	meeting	0.0200
have	appointment	0.0200
have	idea	0.0200
have	problem	0.0200
have	answer	0.0200
have	solution	0.0200
have	chance	0.0200
havent	seen	0.1500
havent	heard	0.1200
havent	tried	0.0800
havent	decided	0.0600
havent	finished	0.0600
havent	started	0.0500
havent	gotten	0.0500
havent	been	0.0400
havent	done	0.0400
havent	met	0.0300
havent	called	0.0300
havent	texted	0.0200
havent	emailed	0.0200
havent	checked	0.0200
havent	asked	0.0200
havent	told	0.0200
havent	forgotten	0.0200
havent	remembered	0.0200
havent	thought	0.0200
havent	felt	0.0200
havent	received	0.0200
havent	sent	0.0200
havent	paid	0.0200
havent	ordered	0.0200
havent	booked	0.0200
he	is	0.2200
he	was	0.1500
he	has	0.1000
he	will	0.0800
he	can	0.0600
he	said	0.0600
he	had	0.0500
he	would	0.0400
he	could	0.0400
he	does	0.0400
he	might	0.0300
he	should	0.0300
he	needs	0.0200
he	wants	0.0200
he	looks	0.0200
he	seems	0.0200
he	feels	0.0200
he	knows	0.0200
he	thinks	0.0200
he	works	0.0200
he	called	0.0200
he	left	0.0200
he	arrived	0.0200
he	forgot	0.0200
headache	doctor	0.1500
headache	hospital	0.1420
headache	medicine	0.1340
headache	pain	0.1260
headache	sick	0.1180
headache	fever	0.1100
headache	headache	0.1020
headache	exercise	0.0940
headache	sleep	0.0860
headache	diet	0.0780
headache	stress	0.0700
headache	therapy	0.0620
hello	there	0.2000
hello	everyone	0.1500
hello	how	0.1000
hello	all	0.0800
hello	again	0.0500
hello	team	0.0500
hello	world	0.0300
hello	friend	0.0300
hello	sir	0.0200
hello	maam	0.0200
hello	good	0.0200
hello	hope	0.0200
hello	just	0.0200
hello	everybody	0.0200
help	me	0.2000
help	you	0.1500
help	us	0.0800
help	with	0.0800
help	out	0.0600
help	the	0.0400
help	a	0.0400
help	this	0.0300
help	that	0.0300
help	find	0.0200
help	get	0.0200
help	make	0.0200
help	fix	0.0200
help	understand	0.0200
help	decide	0.0200
hey	there	0.2000
hey	how	0.1200
hey	what	0.0800
hey	guys	0.0600
hey	everyone	0.0600
hey	are	0.0500
hey	you	0.0500
hey	just	0.0400
hey	sorry	0.0300
hey	quick	0.0300
hey	team	0.0200
hey	all	0.0200
hey	friend	0.0200
hey	hope	0.0200
hey	thanks	0.0200
hi	there	0.2500
hi	everyone	0.1500
hi	how	0.1000
hi	all	0.0800
hi	guys	0.0600
hi	team	0.0500
hi	again	0.0400
hi	friend	0.0300
hi	mom	0.0200
hi	dad	0.0200
hi	just	0.0200
hi	hope	0.0200
hi	good	0.0200
hi	sorry	0.0200
hi	quick	0.0200
home	mom	0.1500
home	dad	0.1420
home	sister	0.1340
home	brother	0.1260
home	son	0.1180
home	daughter	0.1100
home	family	0.1020
home	kids	0.0940
home	parents	0.0860
home	baby	0.0780
home	home	0.0700
home	wife	0.0620
homework	school	0.1500
homework	class	0.1420
homework	homework	0.1340
homework	exam	0.1260
homework	study	0.1180
homework	teacher	0.1100
homework	student	0.1020
homework	course	0.0940
homework	lecture	0.0860
homework	assignment	0.0780
homework	grade	0.0700
homework	university	0.0620
hope	you	0.1800
hope	to	0.1000
hope	so	0.0600
hope	this	0.0500
hope	it	0.0400
hope	everything	0.0400
hope	all	0.0300
hope	we	0.0300
hope	they	0.0200
hope	he	0.0200
hope	she	0.0200
hope	things	0.0200
hope	everyone	0.0200
hope	your	0.0200
hope	the	0.0200
hope	youre	0.0200
hope	its	0.0200
hope	that	0.0200
hope	works	0.0200
hope	helps	0.0200
hope	matters	0.0200
hope	feels	0.0200
hope	goes	0.0200
hope	well	0.0200
hope	better	0.0200
hospital	doctor	0.1500
hospital	hospital	0.1420
hospital	medicine	0.1340
hospital	pain	0.1260
hospital	sick	0.1180
hospital	fever	0.1100
hospital	headache	0.1020
hospital	exercise	0.0940
hospital	sleep	0.0860
hospital	diet	0.0780
hospital	stress	0.0700
hospital	therapy	0.0620
hot	rain	0.1500
hot	sunny	0.1420
hot	cold	0.1340
hot	hot	0.1260
hot	snow	0.1180
hot	storm	0.1100
hot	wind	0.1020
hot	cloudy	0.0940
hot	temperature	0.0860
hot	forecast	0.0780
hot	umbrella	0.0700
hot	freezing	0.0620
hotel	flight	0.1500
hotel	hotel	0.1420
hotel	trip	0.1340
hotel	vacation	0.1260
hotel	beach	0.1180
hotel	airport	0.1100
hotel	booking	0.1020
hotel	passport	0.0940
hotel	luggage	0.0860
hotel	destination	0.0780
hotel	ticket	0.0700
hotel	resort	0.0620
hour	morning	0.0800
hour	afternoon	0.0600
hour	evening	0.0600
hour	night	0.0600
hour	is	0.0500
hour	was	0.0400
hour	will	0.0400
hour	at	0.0400
hour	in	0.0300
hour	on	0.0300
hour	for	0.0200
hour	i	0.0200
hour	we	0.0200
hour	you	0.0200
hour	they	0.0200
house	house	0.1500
house	apartment	0.1420
house	room	0.1340
house	kitchen	0.1260
house	bedroom	0.1180
house	bathroom	0.1100
house	clean	0.1020
house	repair	0.0940
house	furniture	0.0860
house	rent	0.0780
house	move	0.0700
house	pack	0.0620
how	are	0.3000
how	do	0.1200
how	is	0.1000
how	about	0.0800
how	can	0.0600
how	much	0.0600
how	many	0.0500
how	was	0.0400
how	did	0.0400
how	will	0.0300
how	long	0.0300
how	often	0.0200
how	far	0.0200
how	to	0.0200
how	you	0.0200
how	we	0.0200
how	they	0.0200
how	he	0.0200
how	she	0.0200
how	it	0.0200
how	goes	0.0200
how	works	0.0200
how	feels	0.0200
how	looks	0.0200
how	sounds	0.0200
humid	rain	0.1500
humid	sunny	0.1420
humid	cold	0.1340
humid	hot	0.1260
humid	snow	0.1180
humid	storm	0.1100
humid	wind	0.1020
humid	cloudy	0.0940
humid	temperature	0.0860
humid	forecast	0.0780
humid	umbrella	0.0700
humid	freezing	0.0620
hungry	eat	0.1500
hungry	cook	0.1420
hungry	order	0.1340
hungry	restaurant	0.1260
hungry	lunch	0.1180
hungry	dinner	0.1100
hungry	breakfast	0.1020
hungry	coffee	0.0940
hungry	pizza	0.0860
hungry	hungry	0.0780
hungry	delicious	0.0700
hungry	menu	0.0620
husband	mom	0.1500
husband	dad	0.1420
husband	sister	0.1340
husband	brother	0.1260
husband	son	0.1180
husband	daughter	0.1100
husband	family	0.1020
husband	kids	0.0940
husband	parents	0.0860
husband	baby	0.0780
husband	home	0.0700
husband	wife	0.0620
i	am	0.1800
i	have	0.1200
i	will	0.1000
i	was	0.0800
i	think	0.0600
i	know	0.0600
i	want	0.0600
i	dont	0.0500
i	love	0.0500
i	can	0.0500
i	just	0.0500
i	need	0.0400
i	would	0.0400
i	hope	0.0400
i	feel	0.0400
i	got	0.0400
i	had	0.0400
i	like	0.0400
i	see	0.0300
i	mean	0.0300
i	guess	0.0300
i	wish	0.0300
i	understand	0.0200
i	agree	0.0200
i	believe	0.0200
i	remember	0.0200
i	forgot	0.0200
i	heard	0.0200
i	saw	0.0200
i	called	0.0200
ill	be	0.2500
ill	see	0.1200
ill	call	0.0800
ill	send	0.0600
ill	let	0.0600
ill	check	0.0500
ill	try	0.0400
ill	get	0.0400
ill	do	0.0300
ill	make	0.0300
ill	take	0.0300
ill	come	0.0300
ill	go	0.0300
ill	talk	0.0200
ill	text	0.0200
ill	email	0.0200
ill	update	0.0200
ill	confirm	0.0200
ill	wait	0.0200
ill	think	0.0200
ill	ask	0.0200
ill	tell	0.0200
ill	show	0.0200
ill	find	0.0200
ill	help	0.0200
im	going	0.1200
im	not	0.1000
im	so	0.0700
im	sorry	0.0600
im	good	0.0500
im	here	0.0400
im	fine	0.0400
im	happy	0.0400
im	glad	0.0300
im	sure	0.0300
im	ready	0.0300
im	working	0.0300
im	busy	0.0300
im	on	0.0300
im	at	0.0300
im	in	0.0300
im	my	0.0300
im	way	0.0300
im	tired	0.0200
im	excited	0.0200
im	late	0.0200
im	stuck	0.0200
im	lost	0.0200
im	free	0.0200
in	the	0.3000
in	a	0.2250
in	my	0.2000
in	your	0.1750
in	our	0.1500
in	their	0.1250
in	this	0.1000
in	that	0.0750
in	case	0.0300
in	fact	0.0300
in	general	0.0200
in	order	0.0200
in	advance	0.0200
in	person	0.0200
in	addition	0.0200
in	conclusion	0.0200
in	summary	0.0200
in	progress	0.0200
in	touch	0.0200
in	common	0.0200
in	short	0.0200
in	total	0.0200
in	charge	0.0200
in	stock	0.0200
in	store	0.0200
in	office	0.0200
install	code	0.1500
install	app	0.1420
install	phone	0.1340
install	laptop	0.1260
install	software	0.1180
install	update	0.1100
install	bug	0.1020
install	server	0.0940
install	data	0.0860
install	internet	0.0780
install	download	0.0700
install	install	0.0620
internet	code	0.1500
internet	app	0.1420
internet	phone	0.1340
internet	laptop	0.1260
internet	software	0.1180
internet	update	0.1100
internet	bug	0.1020
internet	server	0.0940
internet	data	0.0860
internet	internet	0.0780
internet	download	0.0700
internet	install	0.0620
invest	money	0.1500
invest	bank	0.1420
invest	payment	0.1340
invest	budget	0.1260
invest	cost	0.1180
invest	price	0.1100
invest	bill	0.1020
invest	invoice	0.0940
invest	salary	0.0860
invest	tax	0.0780
invest	invest	0.0700
invest	savings	0.0620
invite	friend	0.1500
invite	party	0.1420
invite	event	0.1340
invite	invite	0.1260
invite	message	0.1180
invite	chat	0.1100
invite	post	0.1020
invite	share	0.0940
invite	like	0.0860
invite	comment	0.0780
invite	follow	0.0700
invite	group	0.0620
invoice	money	0.1500
invoice	bank	0.1420
invoice	payment	0.1340
invoice	budget	0.1260
invoice	cost	0.1180
invoice	price	0.1100
invoice	bill	0.1020
invoice	invoice	0.0940
invoice	salary	0.0860
invoice	tax	0.0780
invoice	invest	0.0700
invoice	savings	0.0620
is	it	0.1500
is	this	0.1200
is	there	0.1000
is	the	0.0800
is	a	0.0600
is	not	0.0600
is	that	0.0500
is	he	0.0400
is	she	0.0400
is	very	0.0300
is	so	0.0300
is	going	0.0300
is	time	0.0200
is	good	0.0200
is	okay	0.0200
is	fine	0.0200
is	great	0.0200
is	bad	0.0200
is	true	0.0200
is	false	0.0200
is	possible	0.0200
is	ready	0.0200
is	available	0.0200
is	working	0.0200
isnt	it	0.1500
isnt	that	0.1200
isnt	this	0.1000
isnt	working	0.0800
isnt	possible	0.0600
isnt	true	0.0600
isnt	fair	0.0500
isnt	bad	0.0400
isnt	good	0.0400
isnt	right	0.0300
isnt	wrong	0.0300
isnt	easy	0.0200
isnt	hard	0.0200
isnt	fun	0.0200
isnt	funny	0.0200
isnt	clear	0.0200
isnt	obvious	0.0200
isnt	enough	0.0200
isnt	ready	0.0200
isnt	available	0.0200
isnt	necessary	0.0200
isnt	important	0.0200
isnt	relevant	0.0200
isnt	accurate	0.0200
isnt	correct	0.0200
it	is	0.2500
it	was	0.1800
it	will	0.0800
it	has	0.0800
it	would	0.0500
it	could	0.0500
it	should	0.0400
it	might	0.0400
it	looks	0.0400
it	seems	0.0400
it	makes	0.0400
it	feels	0.0300
it	sounds	0.0300
it	takes	0.0300
it	works	0.0300
it	depends	0.0200
it	means	0.0200
it	helps	0.0200
it	hurts	0.0200
it	matters	0.0200
it	costs	0.0200
it	lasts	0.0200
it	starts	0.0200
it	ends	0.0200
journey	flight	0.1500
journey	hotel	0.1420
journey	trip	0.1340
journey	vacation	0.1260
journey	beach	0.1180
journey	airport	0.1100
journey	booking	0.1020
journey	passport	0.0940
journey	luggage	0.0860
journey	destination	0.0780
journey	ticket	0.0700
journey	resort	0.0620
just	a	0.1200
just	the	0.0800
just	to	0.0600
just	got	0.0500
just	wanted	0.0400
just	need	0.0300
just	like	0.0300
just	saw	0.0300
just	heard	0.0200
just	finished	0.0200
just	started	0.0200
just	left	0.0200
just	arrived	0.0200
just	called	0.0200
just	sent	0.0200
just	checked	0.0200
just	asked	0.0200
just	tried	0.0200
just	realized	0.0200
just	remembered	0.0200
just	forgot	0.0200
just	found	0.0200
just	lost	0.0200
just	made	0.0200
just	took	0.0200
keep	me	0.1500
keep	you	0.1200
keep	it	0.0800
keep	the	0.0600
keep	in	0.0600
keep	on	0.0400
keep	up	0.0400
keep	going	0.0300
keep	trying	0.0300
keep	working	0.0200
keep	posted	0.0200
keep	updated	0.0200
keep	informed	0.0200
keep	safe	0.0200
keep	quiet	0.0200
kids	mom	0.1500
kids	dad	0.1420
kids	sister	0.1340
kids	brother	0.1260
kids	son	0.1180
kids	daughter	0.1100
kids	family	0.1020
kids	kids	0.0940
kids	parents	0.0860
kids	baby	0.0780
kids	home	0.0700
kids	wife	0.0620
kitchen	house	0.1500
kitchen	apartment	0.1420
kitchen	room	0.1340
kitchen	kitchen	0.1260
kitchen	bedroom	0.1180
kitchen	bathroom	0.1100
kitchen	clean	0.1020
kitchen	repair	0.0940
kitchen	furniture	0.0860
kitchen	rent	0.0780
kitchen	move	0.0700
kitchen	pack	0.0620
know	what	0.1200
know	if	0.1000
know	that	0.1000
know	you	0.0800
know	how	0.0600
know	when	0.0500
know	where	0.0400
know	why	0.0400
know	who	0.0300
know	the	0.0300
know	it	0.0200
know	this	0.0200
know	about	0.0200
know	for	0.0200
know	sure	0.0200
laptop	code	0.1500
laptop	app	0.1420
laptop	phone	0.1340
laptop	laptop	0.1260
laptop	software	0.1180
laptop	update	0.1100
laptop	bug	0.1020
laptop	server	0.0940
laptop	data	0.0860
laptop	internet	0.0780
laptop	download	0.0700
laptop	install	0.0620
late	morning	0.0800
late	afternoon	0.0600
late	evening	0.0600
late	night	0.0600
late	is	0.0500
late	was	0.0400
late	will	0.0400
late	at	0.0400
late	in	0.0300
late	on	0.0300
late	for	0.0200
late	i	0.0200
late	we	0.0200
late	you	0.0200
late	they	0.0200
later	morning	0.0800
later	afternoon	0.0600
later	evening	0.0600
later	night	0.0600
later	is	0.0500
later	was	0.0400
later	will	0.0400
later	at	0.0400
later	in	0.0300
later	on	0.0300
later	for	0.0200
later	i	0.0200
later	we	0.0200
later	you	0.0200
later	they	0.0200
league	game	0.1500
league	team	0.1420
league	score	0.1340
league	match	0.1260
league	player	0.1180
league	win	0.1100
league	lose	0.1020
league	goal	0.0940
league	ball	0.0860
league	football	0.0780
league	soccer	0.0700
league	basketball	0.0620
learn	school	0.1500
learn	class	0.1420
learn	homework	0.1340
learn	exam	0.1260
learn	study	0.1180
learn	teacher	0.1100
learn	student	0.1020
learn	course	0.0940
learn	lecture	0.0860
learn	assignment	0.0780
learn	grade	0.0700
learn	university	0.0620
lease	house	0.1500
lease	apartment	0.1420
lease	room	0.1340
lease	kitchen	0.1260
lease	bedroom	0.1180
lease	bathroom	0.1100
lease	clean	0.1020
lease	repair	0.0940
lease	furniture	0.0860
lease	rent	0.0780
lease	move	0.0700
lease	pack	0.0620
leave	me	0.1200
leave	now	0.1000
leave	the	0.0800
leave	for	0.0800
leave	at	0.0600
leave	a	0.0400
leave	it	0.0400
leave	home	0.0300
leave	work	0.0300
leave	early	0.0200
leave	late	0.0200
leave	soon	0.0200
leave	tomorrow	0.0200
leave	today	0.0200
leave	alone	0.0200
lecture	school	0.1500
lecture	class	0.1420
lecture	homework	0.1340
lecture	exam	0.1260
lecture	study	0.1180
lecture	teacher	0.1100
lecture	student	0.1020
lecture	course	0.0940
lecture	lecture	0.0860
lecture	assignment	0.0780
lecture	grade	0.0700
lecture	university	0.0620
let	me	0.4000
let	us	0.1000
let	you	0.0800
let	go	0.0600
let	know	0.0500
let	see	0.0400
let	try	0.0300
let	check	0.0300
let	talk	0.0200
let	start	0.0200
let	finish	0.0200
let	do	0.0200
let	make	0.0200
let	take	0.0200
let	get	0.0200
let	think	0.0200
let	ask	0.0200
let	explain	0.0200
let	help	0.0200
let	find	0.0200
let	wait	0.0200
let	call	0.0200
let	send	0.0200
let	update	0.0200
let	confirm	0.0200
like	friend	0.1500
like	party	0.1420
like	event	0.1340
like	invite	0.1260
like	message	0.1180
like	chat	0.1100
like	post	0.1020
like	share	0.0940
like	like	0.0860
like	comment	0.0780
like	follow	0.0700
like	group	0.0620
listen	to	0.2500
listen	movie	0.1500
listen	music	0.1420
listen	game	0.1340
listen	show	0.1260
listen	concert	0.1180
listen	book	0.1100
listen	video	0.1020
listen	stream	0.0940
listen	watch	0.0860
listen	listen	0.0780
listen	play	0.0700
listen	episode	0.0620
listen	carefully	0.0600
listen	up	0.0400
listen	in	0.0400
listen	for	0.0400
listen	here	0.0300
listen	now	0.0200
listen	again	0.0200
listen	closely	0.0200
listen	hard	0.0200
listen	well	0.0200
listen	more	0.0200
listen	please	0.0200
listen	first	0.0200
listen	later	0.0200
loan	money	0.1500
loan	bank	0.1420
loan	payment	0.1340
loan	budget	0.1260
loan	cost	0.1180
loan	price	0.1100
loan	bill	0.1020
loan	invoice	0.0940
loan	salary	0.0860
loan	tax	0.0780
loan	invest	0.0700
loan	savings	0.0620
login	code	0.1500
login	app	0.1420
login	phone	0.1340
login	laptop	0.1260
login	software	0.1180
login	update	0.1100
login	bug	0.1020
login	server	0.0940
login	data	0.0860
login	internet	0.0780
login	download	0.0700
login	install	0.0620
look	at	0.2000
look	for	0.1500
look	like	0.1000
look	good	0.0600
look	great	0.0400
look	nice	0.0400
look	bad	0.0300
look	forward	0.0300
look	into	0.0200
look	up	0.0200
look	out	0.0200
look	back	0.0200
look	around	0.0200
look	through	0.0200
look	over	0.0200
looking	for	0.3000
looking	forward	0.3000
looking	at	0.0800
looking	to	0.0600
looking	good	0.0400
looking	great	0.0300
looking	nice	0.0300
looking	better	0.0200
looking	well	0.0200
looking	around	0.0200
looking	into	0.0200
looking	back	0.0200
looking	up	0.0200
looking	out	0.0200
looking	sharp	0.0200
looking	fresh	0.0200
looking	young	0.0200
looking	old	0.0200
looking	new	0.0200
looking	different	0.0200
looking	similar	0.0200
looking	ahead	0.0200
love	you	0.2500
love	it	0.0800
love	this	0.0600
love	that	0.0500
love	to	0.0500
love	the	0.0400
love	how	0.0300
love	your	0.0300
love	my	0.0200
love	food	0.0200
love	music	0.0200
love	movies	0.0200
love	sports	0.0200
love	travel	0.0200
love	work	0.0200
love	them	0.0200
love	him	0.0200
love	her	0.0200
love	us	0.0200
love	everything	0.0200
love	everyone	0.0200
love	all	0.0200
love	both	0.0200
love	each	0.0200
love	every	0.0200
luggage	flight	0.1500
luggage	hotel	0.1420
luggage	trip	0.1340
luggage	vacation	0.1260
luggage	beach	0.1180
luggage	airport	0.1100
luggage	booking	0.1020
luggage	passport	0.0940
luggage	luggage	0.0860
luggage	destination	0.0780
luggage	ticket	0.0700
luggage	resort	0.0620
lunch	eat	0.1500
lunch	cook	0.1420
lunch	order	0.1340
lunch	restaurant	0.1260
lunch	lunch	0.1180
lunch	dinner	0.1100
lunch	breakfast	0.1020
lunch	coffee	0.0940
lunch	pizza	0.0860
lunch	hungry	0.0780
lunch	delicious	0.0700
lunch	menu	0.0620
make	sure	0.1500
make	a	0.0800
make	it	0.0600
make	the	0.0500
make	sense	0.0400
make	time	0.0300
make	money	0.0300
make	progress	0.0300
make	changes	0.0200
make	plans	0.0200
make	dinner	0.0200
make	lunch	0.0200
make	breakfast	0.0200
make	coffee	0.0200
make	reservations	0.0200
make	appointment	0.0200
make	call	0.0200
make	payment	0.0200
make	decision	0.0200
make	effort	0.0200
make	mistake	0.0200
make	point	0.0200
make	note	0.0200
make	list	0.0200
make	copy	0.0200
manager	meeting	0.1500
manager	project	0.1420
manager	deadline	0.1340
manager	report	0.1260
manager	client	0.1180
manager	email	0.1100
manager	office	0.1020
manager	manager	0.0940
manager	task	0.0860
manager	schedule	0.0780
manager	presentation	0.0700
manager	team	0.0620
match	game	0.1500
match	team	0.1420
match	score	0.1340
match	match	0.1260
match	player	0.1180
match	win	0.1100
match	lose	0.1020
match	goal	0.0940
match	ball	0.0860
match	football	0.0780
match	soccer	0.0700
match	basketball	0.0620
meal	eat	0.1500
meal	cook	0.1420
meal	order	0.1340
meal	restaurant	0.1260
meal	lunch	0.1180
meal	dinner	0.1100
meal	breakfast	0.1020
meal	coffee	0.0940
meal	pizza	0.0860
meal	hungry	0.0780
meal	delicious	0.0700
meal	menu	0.0620
medicine	doctor	0.1500
medicine	hospital	0.1420
medicine	medicine	0.1340
medicine	pain	0.1260
medicine	sick	0.1180
medicine	fever	0.1100
medicine	headache	0.1020
medicine	exercise	0.0940
medicine	sleep	0.0860
medicine	diet	0.0780
medicine	stress	0.0700
medicine	therapy	0.0620
meet	you	0.2000
meet	me	0.1000
meet	at	0.0800
meet	the	0.0600
meet	up	0.0500
meet	with	0.0500
meet	there	0.0400
meet	soon	0.0300
meet	later	0.0300
meet	tomorrow	0.0200
meet	today	0.0200
meet	again	0.0200
meet	halfway	0.0200
meet	outside	0.0200
meet	inside	0.0200
meet	for	0.0200
meet	after	0.0200
meet	before	0.0200
meet	us	0.0200
meet	them	0.0200
meet	here	0.0200
meet	home	0.0200
meet	work	0.0200
meet	school	0.0200
meeting	meeting	0.1500
meeting	project	0.1420
meeting	deadline	0.1340
meeting	report	0.1260
meeting	client	0.1180
meeting	email	0.1100
meeting	office	0.1020
meeting	manager	0.0940
meeting	task	0.0860
meeting	schedule	0.0780
meeting	presentation	0.0700
meeting	team	0.0620
message	friend	0.1500
message	party	0.1420
message	event	0.1340
message	invite	0.1260
message	message	0.1180
message	chat	0.1100
message	post	0.1020
message	share	0.0940
message	like	0.0860
message	comment	0.0780
message	follow	0.0700
message	group	0.0620
minute	morning	0.0800
minute	afternoon	0.0600
minute	evening	0.0600
minute	night	0.0600
minute	is	0.0500
minute	was	0.0400
minute	will	0.0400
minute	at	0.0400
minute	in	0.0300
minute	on	0.0300
minute	for	0.0200
minute	i	0.0200
minute	we	0.0200
minute	you	0.0200
minute	they	0.0200
miss	you	0.3000
miss	it	0.0800
miss	the	0.0600
miss	my	0.0400
miss	our	0.0300
miss	that	0.0300
miss	this	0.0200
miss	home	0.0200
miss	work	0.0200
miss	school	0.0200
miss	old	0.0200
miss	days	0.0200
miss	chance	0.0200
miss	opportunity	0.0200
miss	deadline	0.0200
miss	bus	0.0200
miss	train	0.0200
miss	flight	0.0200
miss	call	0.0200
miss	meeting	0.0200
miss	appointment	0.0200
miss	event	0.0200
miss	party	0.0200
miss	game	0.0200
miss	match	0.0200
mom	mom	0.1500
mom	dad	0.1420
mom	sister	0.1340
mom	brother	0.1260
mom	son	0.1180
mom	daughter	0.1100
mom	family	0.1020
mom	kids	0.0940
mom	parents	0.0860
mom	baby	0.0780
mom	home	0.0700
mom	wife	0.0620
monday	morning	0.0800
monday	afternoon	0.0600
monday	evening	0.0600
monday	night	0.0600
monday	is	0.0500
monday	was	0.0400
monday	will	0.0400
monday	at	0.0400
monday	in	0.0300
monday	on	0.0300
monday	for	0.0200
monday	i	0.0200
monday	we	0.0200
monday	you	0.0200
monday	they	0.0200
money	money	0.1500
money	bank	0.1420
money	payment	0.1340
money	budget	0.1260
money	cost	0.1180
money	price	0.1100
money	bill	0.1020
money	invoice	0.0940
money	salary	0.0860
money	tax	0.0780
money	invest	0.0700
money	savings	0.0620
month	morning	0.0800
month	afternoon	0.0600
month	evening	0.0600
month	night	0.0600
month	is	0.0500
month	was	0.0400
month	will	0.0400
month	at	0.0400
month	in	0.0300
month	on	0.0300
month	for	0.0200
month	i	0.0200
month	we	0.0200
month	you	0.0200
month	they	0.0200
morning	morning	0.0800
morning	afternoon	0.0600
morning	evening	0.0600
morning	night	0.0600
morning	is	0.0500
morning	was	0.0400
morning	will	0.0400
morning	at	0.0400
morning	in	0.0300
morning	on	0.0300
morning	for	0.0200
morning	i	0.0200
morning	we	0.0200
morning	you	0.0200
morning	they	0.0200
move	house	0.1500
move	to	0.1500
move	apartment	0.1420
move	room	0.1340
move	kitchen	0.1260
move	on	0.1200
move	bedroom	0.1180
move	bathroom	0.1100
move	clean	0.1020
move	repair	0.0940
move	furniture	0.0860
move	the	0.0800
move	rent	0.0780
move	move	0.0700
move	pack	0.0620
move	in	0.0600
move	out	0.0600
move	forward	0.0400
move	back	0.0400
move	it	0.0300
move	here	0.0300
move	there	0.0200
move	fast	0.0200
move	slow	0.0200
move	quickly	0.0200
move	slowly	0.0200
move	together	0.0200
movie	movie	0.1500
movie	music	0.1420
movie	game	0.1340
movie	show	0.1260
movie	concert	0.1180
movie	book	0.1100
movie	video	0.1020
movie	stream	0.0940
movie	watch	0.0860
movie	listen	0.0780
movie	play	0.0700
movie	episode	0.0620
music	movie	0.1500
music	music	0.1420
music	game	0.1340
music	show	0.1260
music	concert	0.1180
music	book	0.1100
music	video	0.1020
music	stream	0.0940
music	watch	0.0860
music	listen	0.0780
music	play	0.0700
music	episode	0.0620
my	name	0.1000
my	time	0.0800
my	day	0.0760
my	week	0.0720
my	month	0.0680
my	year	0.0640
my	phone	0.0600
my	email	0.0600
my	way	0.0600
my	place	0.0560
my	thing	0.0520
my	person	0.0480
my	team	0.0440
my	address	0.0400
my	opinion	0.0400
my	company	0.0400
my	project	0.0360
my	meeting	0.0320
my	bad	0.0300
my	fault	0.0300
my	pleasure	0.0300
my	message	0.0240
my	honor	0.0200
my	goal	0.0200
my	plan	0.0200
my	idea	0.0200
my	question	0.0200
my	answer	0.0200
my	boss	0.0200
my	friend	0.0200
my	family	0.0200
my	dog	0.0200
my	cat	0.0200
my	car	0.0200
my	house	0.0200
my	apartment	0.0200
my	office	0.0200
my	schedule	0.0200
need	to	0.4200
need	a	0.0800
need	the	0.0600
need	help	0.0500
need	you	0.0400
need	more	0.0300
need	some	0.0300
need	it	0.0200
need	this	0.0200
need	that	0.0200
need	time	0.0200
need	food	0.0200
need	rest	0.0200
need	sleep	0.0200
need	money	0.0200
need	break	0.0200
need	answer	0.0200
need	favor	0.0200
need	ride	0.0200
need	info	0.0200
need	update	0.0200
need	confirmation	0.0200
need	approval	0.0200
need	permission	0.0200
need	support	0.0200
neighbor	house	0.1500
neighbor	apartment	0.1420
neighbor	room	0.1340
neighbor	kitchen	0.1260
neighbor	bedroom	0.1180
neighbor	bathroom	0.1100
neighbor	clean	0.1020
neighbor	repair	0.0940
neighbor	furniture	0.0860
neighbor	rent	0.0780
neighbor	move	0.0700
neighbor	pack	0.0620
network	friend	0.1500
network	party	0.1420
network	event	0.1340
network	invite	0.1260
network	message	0.1180
network	chat	0.1100
network	post	0.1020
network	share	0.0940
network	like	0.0860
network	comment	0.0780
network	follow	0.0700
network	group	0.0620
nice	to	0.2000
nice	day	0.0800
nice	one	0.0500
nice	job	0.0500
nice	work	0.0400
nice	weather	0.0400
nice	meeting	0.0300
nice	place	0.0300
nice	food	0.0300
nice	view	0.0200
nice	touch	0.0200
nice	chat	0.0200
nice	talk	0.0200
nice	idea	0.0200
nice	surprise	0.0200
nice	gesture	0.0200
nice	offer	0.0200
nice	compliment	0.0200
nice	evening	0.0200
nice	weekend	0.0200
nice	trip	0.0200
nice	vacation	0.0200
nice	holiday	0.0200
nice	break	0.0200
nice	rest	0.0200
night	morning	0.0800
night	afternoon	0.0600
night	evening	0.0600
night	night	0.0600
night	is	0.0500
night	was	0.0400
night	will	0.0400
night	at	0.0400
night	in	0.0300
night	on	0.0300
night	for	0.0200
night	i	0.0200
night	we	0.0200
night	you	0.0200
night	they	0.0200
no	time	0.0800
no	day	0.0760
no	week	0.0720
no	month	0.0680
no	year	0.0640
no	way	0.0600
no	place	0.0560
no	thing	0.0520
no	person	0.0480
no	team	0.0440
no	company	0.0400
no	project	0.0360
no	meeting	0.0320
no	email	0.0280
no	message	0.0240
not	sure	0.1200
not	yet	0.0800
not	now	0.0600
not	a	0.0500
not	the	0.0400
not	too	0.0400
not	bad	0.0300
not	ready	0.0300
not	working	0.0200
not	available	0.0200
not	possible	0.0200
not	necessary	0.0200
not	fair	0.0200
not	exactly	0.0200
not	really	0.0200
not	feeling	0.0200
not	going	0.0200
not	coming	0.0200
not	leaving	0.0200
not	staying	0.0200
not	sleeping	0.0200
not	eating	0.0200
not	drinking	0.0200
not	driving	0.0200
not	walking	0.0200
now	morning	0.0800
now	afternoon	0.0600
now	evening	0.0600
now	night	0.0600
now	is	0.0500
now	was	0.0400
now	will	0.0400
now	at	0.0400
now	in	0.0300
now	on	0.0300
now	for	0.0200
now	i	0.0200
now	we	0.0200
now	you	0.0200
now	they	0.0200
of	the	0.3000
of	a	0.1000
of	my	0.0500
of	your	0.0400
of	course	0.0400
of	all	0.0300
of	any	0.0200
of	some	0.0200
of	many	0.0200
of	most	0.0200
of	few	0.0200
of	one	0.0200
of	two	0.0200
of	three	0.0200
of	them	0.0200
of	us	0.0200
of	it	0.0200
of	this	0.0200
of	that	0.0200
of	time	0.0200
of	day	0.0200
of	week	0.0200
of	month	0.0200
of	year	0.0200
office	meeting	0.1500
office	project	0.1420
office	deadline	0.1340
office	report	0.1260
office	client	0.1180
office	email	0.1100
office	office	0.1020
office	manager	0.0940
office	task	0.0860
office	schedule	0.0780
office	presentation	0.0700
office	team	0.0620
on	the	0.2800
on	a	0.2250
on	my	0.2000
on	your	0.1750
on	our	0.1500
on	their	0.1250
on	this	0.1000
on	that	0.0750
on	time	0.0300
on	top	0.0300
on	way	0.0300
on	board	0.0200
on	call	0.0200
on	site	0.0200
on	page	0.0200
on	line	0.0200
on	track	0.0200
on	hold	0.0200
on	it	0.0200
on	monday	0.0200
on	friday	0.0200
on	weekend	0.0200
on	vacation	0.0200
on	holiday	0.0200
on	break	0.0200
on	leave	0.0200
open	it	0.1500
open	the	0.1200
open	up	0.1000
open	a	0.0600
open	my	0.0400
open	your	0.0400
open	now	0.0300
open	later	0.0200
open	carefully	0.0200
open	slowly	0.0200
open	quickly	0.0200
open	wide	0.0200
open	first	0.0200
open	again	0.0200
open	here	0.0200
order	eat	0.1500
order	buy	0.1500
order	cook	0.1420
order	store	0.1420
order	order	0.1340
order	restaurant	0.1260
order	delivery	0.1260
order	lunch	0.1180
order	price	0.1180
order	dinner	0.1100
order	sale	0.1100
order	breakfast	0.1020
order	discount	0.1020
order	coffee	0.0940
order	cart	0.0940
order	pizza	0.0860
order	checkout	0.0860
order	hungry	0.0780
order	payment	0.0780
order	delicious	0.0700
order	shipping	0.0700
order	menu	0.0620
order	return	0.0620
our	time	0.0800
our	day	0.0760
our	week	0.0720
our	month	0.0680
our	year	0.0640
our	way	0.0600
our	place	0.0560
our	thing	0.0520
our	person	0.0480
our	team	0.0440
our	company	0.0400
our	project	0.0360
our	meeting	0.0320
our	email	0.0280
our	message	0.0240
over	the	0.2500
over	a	0.2250
over	my	0.2000
over	your	0.1750
over	our	0.1500
over	their	0.1250
over	this	0.1000
over	that	0.0750
pack	house	0.1500
pack	apartment	0.1420
pack	room	0.1340
pack	kitchen	0.1260
pack	bedroom	0.1180
pack	bathroom	0.1100
pack	clean	0.1020
pack	repair	0.0940
pack	furniture	0.0860
pack	rent	0.0780
pack	move	0.0700
pack	pack	0.0620
package	buy	0.1500
package	store	0.1420
package	order	0.1340
package	delivery	0.1260
package	price	0.1180
package	sale	0.1100
package	discount	0.1020
package	cart	0.0940
package	checkout	0.0860
package	payment	0.0780
package	shipping	0.0700
package	return	0.0620
pain	doctor	0.1500
pain	hospital	0.1420
pain	medicine	0.1340
pain	pain	0.1260
pain	sick	0.1180
pain	fever	0.1100
pain	headache	0.1020
pain	exercise	0.0940
pain	sleep	0.0860
pain	diet	0.0780
pain	stress	0.0700
pain	therapy	0.0620
parents	mom	0.1500
parents	dad	0.1420
parents	sister	0.1340
parents	brother	0.1260
parents	son	0.1180
parents	daughter	0.1100
parents	family	0.1020
parents	kids	0.0940
parents	parents	0.0860
parents	baby	0.0780
parents	home	0.0700
parents	wife	0.0620
parking	car	0.1500
parking	bus	0.1420
parking	train	0.1340
parking	flight	0.1260
parking	drive	0.1180
parking	ride	0.1100
parking	traffic	0.1020
parking	parking	0.0940
parking	gas	0.0860
parking	fuel	0.0780
parking	ticket	0.0700
parking	station	0.0620
party	friend	0.1500
party	party	0.1420
party	event	0.1340
party	invite	0.1260
party	message	0.1180
party	chat	0.1100
party	post	0.1020
party	share	0.0940
party	like	0.0860
party	comment	0.0780
party	follow	0.0700
party	group	0.0620
passport	flight	0.1500
passport	hotel	0.1420
passport	trip	0.1340
passport	vacation	0.1260
passport	beach	0.1180
passport	airport	0.1100
passport	booking	0.1020
passport	passport	0.0940
passport	luggage	0.0860
passport	destination	0.0780
passport	ticket	0.0700
passport	resort	0.0620
password	code	0.1500
password	app	0.1420
password	phone	0.1340
password	laptop	0.1260
password	software	0.1180
password	update	0.1100
password	bug	0.1020
password	server	0.0940
password	data	0.0860
password	internet	0.0780
password	download	0.0700
password	install	0.0620
pay	for	0.2000
pay	the	0.1200
pay	me	0.0800
pay	you	0.0600
pay	it	0.0600
pay	back	0.0400
pay	now	0.0300
pay	later	0.0300
pay	online	0.0200
pay	cash	0.0200
pay	card	0.0200
pay	attention	0.0200
pay	visit	0.0200
pay	respect	0.0200
pay	forward	0.0200
payment	buy	0.1500
payment	money	0.1500
payment	store	0.1420
payment	bank	0.1420
payment	order	0.1340
payment	payment	0.1340
payment	delivery	0.1260
payment	budget	0.1260
payment	price	0.1180
payment	cost	0.1180
payment	sale	0.1100
payment	discount	0.1020
payment	bill	0.1020
payment	cart	0.0940
payment	invoice	0.0940
payment	checkout	0.0860
payment	salary	0.0860
payment	tax	0.0780
payment	shipping	0.0700
payment	invest	0.0700
payment	return	0.0620
payment	savings	0.0620
phone	code	0.1500
phone	app	0.1420
phone	phone	0.1340
phone	laptop	0.1260
phone	software	0.1180
phone	update	0.1100
phone	bug	0.1020
phone	server	0.0940
phone	data	0.0860
phone	internet	0.0780
phone	download	0.0700
phone	install	0.0620
pick	up	0.2500
pick	me	0.1200
pick	you	0.0800
pick	a	0.0600
pick	the	0.0500
pick	one	0.0400
pick	some	0.0300
pick	it	0.0300
pick	them	0.0200
pick	out	0.0200
pick	from	0.0200
pick	at	0.0200
pick	on	0.0200
pick	later	0.0200
pick	tomorrow	0.0200
pick	today	0.0200
pick	soon	0.0200
pick	now	0.0200
pick	here	0.0200
pick	there	0.0200
pick	groceries	0.0200
pick	food	0.0200
pick	coffee	0.0200
pick	lunch	0.0200
pick	dinner	0.0200
pizza	eat	0.1500
pizza	cook	0.1420
pizza	order	0.1340
pizza	restaurant	0.1260
pizza	lunch	0.1180
pizza	dinner	0.1100
pizza	breakfast	0.1020
pizza	coffee	0.0940
pizza	pizza	0.0860
pizza	hungry	0.0780
pizza	delicious	0.0700
pizza	menu	0.0620
play	movie	0.1500
play	music	0.1420
play	game	0.1340
play	show	0.1260
play	with	0.1200
play	concert	0.1180
play	book	0.1100
play	video	0.1020
play	the	0.1000
play	stream	0.0940
play	watch	0.0860
play	a	0.0800
play	listen	0.0780
play	play	0.0700
play	episode	0.0620
play	it	0.0600
play	games	0.0400
play	outside	0.0300
play	together	0.0300
play	hard	0.0200
play	well	0.0200
play	now	0.0200
play	later	0.0200
play	again	0.0200
play	safe	0.0200
play	fair	0.0200
player	game	0.1500
player	team	0.1420
player	score	0.1340
player	match	0.1260
player	player	0.1180
player	win	0.1100
player	lose	0.1020
player	goal	0.0940
player	ball	0.0860
player	football	0.0780
player	soccer	0.0700
player	basketball	0.0620
please	let	0.1200
please	send	0.0800
please	call	0.0600
please	check	0.0600
please	confirm	0.0500
please	reply	0.0500
please	help	0.0400
please	review	0.0400
please	share	0.0300
please	update	0.0300
please	advise	0.0200
please	note	0.0200
please	find	0.0200
please	bring	0.0200
please	wait	0.0200
please	come	0.0200
please	go	0.0200
please	try	0.0200
please	look	0.0200
please	tell	0.0200
please	forward	0.0200
please	follow	0.0200
please	complete	0.0200
please	submit	0.0200
please	approve	0.0200
post	friend	0.1500
post	party	0.1420
post	event	0.1340
post	invite	0.1260
post	message	0.1180
post	chat	0.1100
post	post	0.1020
post	share	0.0940
post	like	0.0860
post	comment	0.0780
post	follow	0.0700
post	group	0.0620
presentation	meeting	0.1500
presentation	project	0.1420
presentation	deadline	0.1340
presentation	report	0.1260
presentation	client	0.1180
presentation	email	0.1100
presentation	office	0.1020
presentation	manager	0.0940
presentation	task	0.0860
presentation	schedule	0.0780
presentation	presentation	0.0700
presentation	team	0.0620
price	buy	0.1500
price	money	0.1500
price	store	0.1420
price	bank	0.1420
price	order	0.1340
price	payment	0.1340
price	delivery	0.1260
price	budget	0.1260
price	price	0.1180
price	cost	0.1180
price	sale	0.1100
price	discount	0.1020
price	bill	0.1020
price	cart	0.0940
price	invoice	0.0940
price	checkout	0.0860
price	salary	0.0860
price	tax	0.0780
price	shipping	0.0700
price	invest	0.0700
price	return	0.0620
price	savings	0.0620
product	buy	0.1500
product	store	0.1420
product	order	0.1340
product	delivery	0.1260
product	price	0.1180
product	sale	0.1100
product	discount	0.1020
product	cart	0.0940
product	checkout	0.0860
product	payment	0.0780
product	shipping	0.0700
product	return	0.0620
project	meeting	0.1500
project	project	0.1420
project	deadline	0.1340
project	report	0.1260
project	client	0.1180
project	email	0.1100
project	office	0.1020
project	manager	0.0940
project	task	0.0860
project	schedule	0.0780
project	presentation	0.0700
project	team	0.0620
proposal	meeting	0.1500
proposal	project	0.1420
proposal	deadline	0.1340
proposal	report	0.1260
proposal	client	0.1180
proposal	email	0.1100
proposal	office	0.1020
proposal	manager	0.0940
proposal	task	0.0860
proposal	schedule	0.0780
proposal	presentation	0.0700
proposal	team	0.0620
rain	rain	0.1500
rain	sunny	0.1420
rain	cold	0.1340
rain	hot	0.1260
rain	snow	0.1180
rain	storm	0.1100
rain	wind	0.1020
rain	cloudy	0.0940
rain	temperature	0.0860
rain	forecast	0.0780
rain	umbrella	0.0700
rain	freezing	0.0620
read	it	0.1500
read	the	0.1200
read	this	0.1000
read	your	0.0600
read	my	0.0400
read	about	0.0400
read	more	0.0300
read	later	0.0300
read	now	0.0200
read	again	0.0200
read	carefully	0.0200
read	quickly	0.0200
read	aloud	0.0200
read	through	0.0200
read	up	0.0200
recipe	eat	0.1500
recipe	cook	0.1420
recipe	order	0.1340
recipe	restaurant	0.1260
recipe	lunch	0.1180
recipe	dinner	0.1100
recipe	breakfast	0.1020
recipe	coffee	0.0940
recipe	pizza	0.0860
recipe	hungry	0.0780
recipe	delicious	0.0700
recipe	menu	0.0620
rent	house	0.1500
rent	apartment	0.1420
rent	room	0.1340
rent	kitchen	0.1260
rent	bedroom	0.1180
rent	bathroom	0.1100
rent	clean	0.1020
rent	repair	0.0940
rent	furniture	0.0860
rent	rent	0.0780
rent	move	0.0700
rent	pack	0.0620
repair	house	0.1500
repair	apartment	0.1420
repair	room	0.1340
repair	kitchen	0.1260
repair	bedroom	0.1180
repair	bathroom	0.1100
repair	clean	0.1020
repair	repair	0.0940
repair	furniture	0.0860
repair	rent	0.0780
repair	move	0.0700
repair	pack	0.0620
reply	to	0.2000
reply	back	0.1200
reply	soon	0.0800
reply	later	0.0600
reply	now	0.0400
reply	please	0.0300
reply	when	0.0200
reply	if	0.0200
reply	asap	0.0200
reply	today	0.0200
reply	tomorrow	0.0200
reply	again	0.0200
reply	here	0.0200
reply	via	0.0200
reply	email	0.0200
report	meeting	0.1500
report	project	0.1420
report	deadline	0.1340
report	report	0.1260
report	client	0.1180
report	email	0.1100
report	office	0.1020
report	manager	0.0940
report	task	0.0860
report	schedule	0.0780
report	presentation	0.0700
report	team	0.0620
resort	flight	0.1500
resort	hotel	0.1420
resort	trip	0.1340
resort	vacation	0.1260
resort	beach	0.1180
resort	airport	0.1100
resort	booking	0.1020
resort	passport	0.0940
resort	luggage	0.0860
resort	destination	0.0780
resort	ticket	0.0700
resort	resort	0.0620
restaurant	eat	0.1500
restaurant	cook	0.1420
restaurant	order	0.1340
restaurant	restaurant	0.1260
restaurant	lunch	0.1180
restaurant	dinner	0.1100
restaurant	breakfast	0.1020
restaurant	coffee	0.0940
restaurant	pizza	0.0860
restaurant	hungry	0.0780
restaurant	delicious	0.0700
restaurant	menu	0.0620
return	buy	0.1500
return	store	0.1420
return	order	0.1340
return	delivery	0.1260
return	price	0.1180
return	sale	0.1100
return	discount	0.1020
return	cart	0.0940
return	checkout	0.0860
return	payment	0.0780
return	shipping	0.0700
return	return	0.0620
ride	car	0.1500
ride	bus	0.1420
ride	train	0.1340
ride	flight	0.1260
ride	drive	0.1180
ride	ride	0.1100
ride	traffic	0.1020
ride	parking	0.0940
ride	gas	0.0860
ride	fuel	0.0780
ride	ticket	0.0700
ride	station	0.0620
room	house	0.1500
room	apartment	0.1420
room	room	0.1340
room	kitchen	0.1260
room	bedroom	0.1180
room	bathroom	0.1100
room	clean	0.1020
room	repair	0.0940
room	furniture	0.0860
room	rent	0.0780
room	move	0.0700
room	pack	0.0620
run	game	0.1500
run	team	0.1420
run	score	0.1340
run	match	0.1260
run	to	0.1200
run	player	0.1180
run	win	0.1100
run	lose	0.1020
run	out	0.1000
run	goal	0.0940
run	ball	0.0860
run	football	0.0780
run	soccer	0.0700
run	basketball	0.0620
run	away	0.0600
run	home	0.0600
run	late	0.0600
run	fast	0.0400
run	quick	0.0300
run	back	0.0300
run	through	0.0200
run	around	0.0200
run	now	0.0200
run	later	0.0200
run	together	0.0200
run	alone	0.0200
run	early	0.0200
running	late	0.2000
running	out	0.1000
running	to	0.0800
running	a	0.0500
running	the	0.0400
running	on	0.0300
running	low	0.0300
running	behind	0.0300
running	around	0.0200
running	into	0.0200
running	through	0.0200
running	back	0.0200
running	home	0.0200
running	errands	0.0200
running	fast	0.0200
salary	money	0.1500
salary	bank	0.1420
salary	payment	0.1340
salary	budget	0.1260
salary	cost	0.1180
salary	price	0.1100
salary	bill	0.1020
salary	invoice	0.0940
salary	salary	0.0860
salary	tax	0.0780
salary	invest	0.0700
salary	savings	0.0620
sale	buy	0.1500
sale	store	0.1420
sale	order	0.1340
sale	delivery	0.1260
sale	price	0.1180
sale	sale	0.1100
sale	discount	0.1020
sale	cart	0.0940
sale	checkout	0.0860
sale	payment	0.0780
sale	shipping	0.0700
sale	return	0.0620
saturday	morning	0.0800
saturday	afternoon	0.0600
saturday	evening	0.0600
saturday	night	0.0600
saturday	is	0.0500
saturday	was	0.0400
saturday	will	0.0400
saturday	at	0.0400
saturday	in	0.0300
saturday	on	0.0300
saturday	for	0.0200
saturday	i	0.0200
saturday	we	0.0200
saturday	you	0.0200
saturday	they	0.0200
savings	money	0.1500
savings	bank	0.1420
savings	payment	0.1340
savings	budget	0.1260
savings	cost	0.1180
savings	price	0.1100
savings	bill	0.1020
savings	invoice	0.0940
savings	salary	0.0860
savings	tax	0.0780
savings	invest	0.0700
savings	savings	0.0620
schedule	meeting	0.1500
schedule	project	0.1420
schedule	deadline	0.1340
schedule	report	0.1260
schedule	client	0.1180
schedule	email	0.1100
schedule	office	0.1020
schedule	manager	0.0940
schedule	task	0.0860
schedule	schedule	0.0780
schedule	presentation	0.0700
schedule	team	0.0620
school	school	0.1500
school	class	0.1420
school	homework	0.1340
school	exam	0.1260
school	study	0.1180
school	teacher	0.1100
school	student	0.1020
school	course	0.0940
school	lecture	0.0860
school	assignment	0.0780
school	grade	0.0700
school	university	0.0620
score	game	0.1500
score	team	0.1420
score	score	0.1340
score	match	0.1260
score	player	0.1180
score	win	0.1100
score	lose	0.1020
score	goal	0.0940
score	ball	0.0860
score	football	0.0780
score	soccer	0.0700
score	basketball	0.0620
season	movie	0.1500
season	music	0.1420
season	game	0.1340
season	show	0.1260
season	concert	0.1180
season	book	0.1100
season	video	0.1020
season	stream	0.0940
season	watch	0.0860
season	listen	0.0780
season	play	0.0700
season	episode	0.0620
second	morning	0.0800
second	afternoon	0.0600
second	evening	0.0600
second	night	0.0600
second	is	0.0500
second	was	0.0400
second	will	0.0400
second	at	0.0400
second	in	0.0300
second	on	0.0300
second	for	0.0200
second	i	0.0200
second	we	0.0200
second	you	0.0200
second	they	0.0200
see	you	0.2500
see	if	0.0800
see	what	0.0600
see	the	0.0500
see	how	0.0400
see	a	0.0400
see	that	0.0300
see	this	0.0300
see	it	0.0300
see	them	0.0200
see	her	0.0200
see	him	0.0200
see	us	0.0200
see	my	0.0200
see	your	0.0200
see	later	0.0200
see	soon	0.0200
see	tomorrow	0.0200
see	there	0.0200
see	when	0.0200
see	why	0.0200
see	who	0.0200
see	where	0.0200
sell	it	0.1500
sell	the	0.1200
sell	my	0.0800
sell	your	0.0600
sell	some	0.0400
sell	online	0.0400
sell	fast	0.0300
sell	quick	0.0200
sell	cheap	0.0200
sell	high	0.0200
sell	low	0.0200
sell	out	0.0200
sell	off	0.0200
sell	today	0.0200
sell	soon	0.0200
send	me	0.1800
send	you	0.1000
send	it	0.0800
send	the	0.0600
send	a	0.0600
send	an	0.0400
send	over	0.0300
send	back	0.0300
send	soon	0.0200
send	now	0.0200
send	later	0.0200
send	again	0.0200
send	photos	0.0200
send	details	0.0200
send	info	0.0200
send	link	0.0200
send	file	0.0200
send	address	0.0200
send	location	0.0200
send	update	0.0200
send	confirmation	0.0200
send	receipt	0.0200
send	invoice	0.0200
send	report	0.0200
send	summary	0.0200
server	code	0.1500
server	app	0.1420
server	phone	0.1340
server	laptop	0.1260
server	software	0.1180
server	update	0.1100
server	bug	0.1020
server	server	0.0940
server	data	0.0860
server	internet	0.0780
server	download	0.0700
server	install	0.0620
share	friend	0.1500
share	party	0.1420
share	event	0.1340
share	invite	0.1260
share	message	0.1180
share	chat	0.1100
share	post	0.1020
share	share	0.0940
share	like	0.0860
share	comment	0.0780
share	follow	0.0700
share	group	0.0620
she	is	0.2200
she	was	0.1500
she	has	0.1000
she	will	0.0800
she	can	0.0600
she	said	0.0600
she	had	0.0500
she	would	0.0400
she	could	0.0400
she	does	0.0400
she	might	0.0300
she	should	0.0300
she	needs	0.0200
she	wants	0.0200
she	looks	0.0200
she	seems	0.0200
she	feels	0.0200
she	knows	0.0200
she	thinks	0.0200
she	works	0.0200
she	called	0.0200
she	left	0.0200
she	arrived	0.0200
she	forgot	0.0200
shipping	buy	0.1500
shipping	store	0.1420
shipping	order	0.1340
shipping	delivery	0.1260
shipping	price	0.1180
shipping	sale	0.1100
shipping	discount	0.1020
shipping	cart	0.0940
shipping	checkout	0.0860
shipping	payment	0.0780
shipping	shipping	0.0700
shipping	return	0.0620
should	be	0.1500
should	you	0.1200
should	we	0.0800
should	not	0.0600
should	have	0.0600
should	do	0.0500
should	get	0.0400
should	go	0.0400
should	try	0.0300
should	check	0.0300
should	call	0.0200
should	send	0.0200
should	make	0.0200
should	take	0.0200
should	know	0.0200
should	see	0.0200
should	help	0.0200
should	work	0.0200
should	rest	0.0200
should	wait	0.0200
should	ask	0.0200
should	tell	0.0200
should	update	0.0200
should	confirm	0.0200
shouldnt	be	0.1500
shouldnt	have	0.1200
shouldnt	do	0.0800
shouldnt	worry	0.0600
shouldnt	care	0.0600
shouldnt	mind	0.0500
shouldnt	say	0.0400
shouldnt	tell	0.0400
shouldnt	ask	0.0300
shouldnt	expect	0.0300
shouldnt	assume	0.0200
shouldnt	forget	0.0200
shouldnt	remember	0.0200
shouldnt	stop	0.0200
shouldnt	start	0.0200
shouldnt	go	0.0200
shouldnt	come	0.0200
shouldnt	let	0.0200
shouldnt	allow	0.0200
shouldnt	accept	0.0200
shouldnt	take	0.0200
shouldnt	give	0.0200
shouldnt	share	0.0200
shouldnt	post	0.0200
shouldnt	publish	0.0200
show	movie	0.1500
show	music	0.1420
show	game	0.1340
show	show	0.1260
show	concert	0.1180
show	book	0.1100
show	video	0.1020
show	stream	0.0940
show	watch	0.0860
show	listen	0.0780
show	play	0.0700
show	episode	0.0620
sick	doctor	0.1500
sick	hospital	0.1420
sick	medicine	0.1340
sick	pain	0.1260
sick	sick	0.1180
sick	fever	0.1100
sick	headache	0.1020
sick	exercise	0.0940
sick	sleep	0.0860
sick	diet	0.0780
sick	stress	0.0700
sick	therapy	0.0620
sister	mom	0.1500
sister	dad	0.1420
sister	sister	0.1340
sister	brother	0.1260
sister	son	0.1180
sister	daughter	0.1100
sister	family	0.1020
sister	kids	0.0940
sister	parents	0.0860
sister	baby	0.0780
sister	home	0.0700
sister	wife	0.0620
sleep	doctor	0.1500
sleep	hospital	0.1420
sleep	medicine	0.1340
sleep	pain	0.1260
sleep	well	0.1200
sleep	sick	0.1180
sleep	fever	0.1100
sleep	headache	0.1020
sleep	exercise	0.0940
sleep	sleep	0.0860
sleep	in	0.0800
sleep	diet	0.0780
sleep	stress	0.0700
sleep	therapy	0.0620
sleep	on	0.0600
sleep	at	0.0600
sleep	over	0.0400
sleep	early	0.0400
sleep	late	0.0400
sleep	now	0.0300
sleep	tonight	0.0300
sleep	here	0.0200
sleep	there	0.0200
sleep	tight	0.0200
sleep	long	0.0200
sleep	enough	0.0200
sleep	better	0.0200
snack	eat	0.1500
snack	cook	0.1420
snack	order	0.1340
snack	restaurant	0.1260
snack	lunch	0.1180
snack	dinner	0.1100
snack	breakfast	0.1020
snack	coffee	0.0940
snack	pizza	0.0860
snack	hungry	0.0780
snack	delicious	0.0700
snack	menu	0.0620
snow	rain	0.1500
snow	sunny	0.1420
snow	cold	0.1340
snow	hot	0.1260
snow	snow	0.1180
snow	storm	0.1100
snow	wind	0.1020
snow	cloudy	0.0940
snow	temperature	0.0860
snow	forecast	0.0780
snow	umbrella	0.0700
snow	freezing	0.0620
so	much	0.1200
so	i	0.0800
so	that	0.0600
so	many	0.0600
so	good	0.0500
so	far	0.0400
so	long	0.0400
so	happy	0.0300
so	excited	0.0300
so	tired	0.0200
so	sorry	0.0200
so	glad	0.0200
so	nice	0.0200
so	cool	0.0200
so	fun	0.0200
so	fast	0.0200
so	slow	0.0200
so	hot	0.0200
so	cold	0.0200
so	late	0.0200
so	early	0.0200
so	busy	0.0200
so	free	0.0200
so	ready	0.0200
soccer	game	0.1500
soccer	team	0.1420
soccer	score	0.1340
soccer	match	0.1260
soccer	player	0.1180
soccer	win	0.1100
soccer	lose	0.1020
soccer	goal	0.0940
soccer	ball	0.0860
soccer	football	0.0780
soccer	soccer	0.0700
soccer	basketball	0.0620
software	code	0.1500
software	app	0.1420
software	phone	0.1340
software	laptop	0.1260
software	software	0.1180
software	update	0.1100
software	bug	0.1020
software	server	0.0940
software	data	0.0860
software	internet	0.0780
software	download	0.0700
software	install	0.0620
some	time	0.0800
some	day	0.0760
some	week	0.0720
some	month	0.0680
some	year	0.0640
some	way	0.0600
some	place	0.0560
some	thing	0.0520
some	person	0.0480
some	team	0.0440
some	company	0.0400
some	project	0.0360
some	meeting	0.0320
some	email	0.0280
some	message	0.0240
son	mom	0.1500
son	dad	0.1420
son	sister	0.1340
son	brother	0.1260
son	son	0.1180
son	daughter	0.1100
son	family	0.1020
son	kids	0.0940
son	parents	0.0860
son	baby	0.0780
son	home	0.0700
son	wife	0.0620
soon	morning	0.0800
soon	afternoon	0.0600
soon	evening	0.0600
soon	night	0.0600
soon	is	0.0500
soon	was	0.0400
soon	will	0.0400
soon	at	0.0400
soon	in	0.0300
soon	on	0.0300
soon	for	0.0200
soon	i	0.0200
soon	we	0.0200
soon	you	0.0200
soon	they	0.0200
sorry	for	0.2000
sorry	about	0.1200
sorry	to	0.1000
sorry	i	0.0600
sorry	im	0.0500
sorry	but	0.0400
sorry	if	0.0400
sorry	that	0.0300
sorry	this	0.0300
sorry	again	0.0200
sorry	you	0.0200
sorry	we	0.0200
sorry	he	0.0200
sorry	she	0.0200
sorry	they	0.0200
sorry	delay	0.0200
sorry	inconvenience	0.0200
sorry	confusion	0.0200
sorry	misunderstanding	0.0200
sorry	mistake	0.0200
sorry	error	0.0200
sorry	issue	0.0200
sorry	problem	0.0200
sorry	trouble	0.0200
sorry	bother	0.0200
start	with	0.1500
start	to	0.1200
start	the	0.1000
start	a	0.0800
start	working	0.0600
start	from	0.0400
start	at	0.0400
start	on	0.0400
start	now	0.0300
start	today	0.0300
start	tomorrow	0.0200
start	early	0.0200
start	late	0.0200
start	over	0.0200
start	fresh	0.0200
station	car	0.1500
station	bus	0.1420
station	train	0.1340
station	flight	0.1260
station	drive	0.1180
station	ride	0.1100
station	traffic	0.1020
station	parking	0.0940
station	gas	0.0860
station	fuel	0.0780
station	ticket	0.0700
station	station	0.0620
stay	home	0.1500
stay	here	0.1200
stay	there	0.0800
stay	at	0.0800
stay	in	0.0600
stay	with	0.0600
stay	safe	0.0400
stay	warm	0.0300
stay	cool	0.0200
stay	quiet	0.0200
stay	late	0.0200
stay	longer	0.0200
stay	forever	0.0200
stay	positive	0.0200
stay	strong	0.0200
stop	by	0.1500
stop	at	0.1200
stop	the	0.0800
stop	for	0.0600
stop	working	0.0400
stop	going	0.0400
stop	it	0.0300
stop	that	0.0300
stop	this	0.0200
stop	now	0.0200
stop	here	0.0200
stop	there	0.0200
stop	over	0.0200
stop	in	0.0200
stop	on	0.0200
store	buy	0.1500
store	store	0.1420
store	order	0.1340
store	delivery	0.1260
store	price	0.1180
store	sale	0.1100
store	discount	0.1020
store	cart	0.0940
store	checkout	0.0860
store	payment	0.0780
store	shipping	0.0700
store	return	0.0620
storm	rain	0.1500
storm	sunny	0.1420
storm	cold	0.1340
storm	hot	0.1260
storm	snow	0.1180
storm	storm	0.1100
storm	wind	0.1020
storm	cloudy	0.0940
storm	temperature	0.0860
storm	forecast	0.0780
storm	umbrella	0.0700
storm	freezing	0.0620
stream	movie	0.1500
stream	music	0.1420
stream	game	0.1340
stream	show	0.1260
stream	concert	0.1180
stream	book	0.1100
stream	video	0.1020
stream	stream	0.0940
stream	watch	0.0860
stream	listen	0.0780
stream	play	0.0700
stream	episode	0.0620
stress	doctor	0.1500
stress	hospital	0.1420
stress	medicine	0.1340
stress	pain	0.1260
stress	sick	0.1180
stress	fever	0.1100
stress	headache	0.1020
stress	exercise	0.0940
stress	sleep	0.0860
stress	diet	0.0780
stress	stress	0.0700
stress	therapy	0.0620
student	school	0.1500
student	class	0.1420
student	homework	0.1340
student	exam	0.1260
student	study	0.1180
student	teacher	0.1100
student	student	0.1020
student	course	0.0940
student	lecture	0.0860
student	assignment	0.0780
student	grade	0.0700
student	university	0.0620
study	school	0.1500
study	class	0.1420
study	homework	0.1340
study	exam	0.1260
study	study	0.1180
study	teacher	0.1100
study	student	0.1020
study	course	0.0940
study	lecture	0.0860
study	assignment	0.0780
study	grade	0.0700
study	university	0.0620
sunday	morning	0.0800
sunday	afternoon	0.0600
sunday	evening	0.0600
sunday	night	0.0600
sunday	is	0.0500
sunday	was	0.0400
sunday	will	0.0400
sunday	at	0.0400
sunday	in	0.0300
sunday	on	0.0300
sunday	for	0.0200
sunday	i	0.0200
sunday	we	0.0200
sunday	you	0.0200
sunday	they	0.0200
sunny	rain	0.1500
sunny	sunny	0.1420
sunny	cold	0.1340
sunny	hot	0.1260
sunny	snow	0.1180
sunny	storm	0.1100
sunny	wind	0.1020
sunny	cloudy	0.0940
sunny	temperature	0.0860
sunny	forecast	0.0780
sunny	umbrella	0.0700
sunny	freezing	0.0620
symptoms	doctor	0.1500
symptoms	hospital	0.1420
symptoms	medicine	0.1340
symptoms	pain	0.1260
symptoms	sick	0.1180
symptoms	fever	0.1100
symptoms	headache	0.1020
symptoms	exercise	0.0940
symptoms	sleep	0.0860
symptoms	diet	0.0780
symptoms	stress	0.0700
symptoms	therapy	0.0620
take	care	0.3000
take	a	0.1200
take	the	0.0800
take	it	0.0600
take	some	0.0500
take	time	0.0400
take	my	0.0300
take	your	0.0300
take	this	0.0300
take	that	0.0200
take	one	0.0200
take	two	0.0200
take	five	0.0200
take	ten	0.0200
take	photos	0.0200
take	notes	0.0200
take	break	0.0200
take	look	0.0200
take	seat	0.0200
take	off	0.0200
take	over	0.0200
take	out	0.0200
take	away	0.0200
take	back	0.0200
take	home	0.0200
talk	to	0.1800
talk	soon	0.1000
talk	about	0.0800
talk	with	0.0600
talk	later	0.0500
talk	more	0.0400
talk	now	0.0300
talk	tomorrow	0.0300
talk	when	0.0200
talk	if	0.0200
talk	again	0.0200
talk	sometime	0.0200
talk	over	0.0200
talk	through	0.0200
talk	after	0.0200
talk	before	0.0200
talk	during	0.0200
talk	while	0.0200
talk	until	0.0200
talk	since	0.0200
talk	today	0.0200
task	meeting	0.1500
task	project	0.1420
task	deadline	0.1340
task	report	0.1260
task	client	0.1180
task	email	0.1100
task	office	0.1020
task	manager	0.0940
task	task	0.0860
task	schedule	0.0780
task	presentation	0.0700
task	team	0.0620
tax	money	0.1500
tax	bank	0.1420
tax	payment	0.1340
tax	budget	0.1260
tax	cost	0.1180
tax	price	0.1100
tax	bill	0.1020
tax	invoice	0.0940
tax	salary	0.0860
tax	tax	0.0780
tax	invest	0.0700
tax	savings	0.0620
taxi	car	0.1500
taxi	bus	0.1420
taxi	train	0.1340
taxi	flight	0.1260
taxi	drive	0.1180
taxi	ride	0.1100
taxi	traffic	0.1020
taxi	parking	0.0940
taxi	gas	0.0860
taxi	fuel	0.0780
taxi	ticket	0.0700
taxi	station	0.0620
teacher	school	0.1500
teacher	class	0.1420
teacher	homework	0.1340
teacher	exam	0.1260
teacher	study	0.1180
teacher	teacher	0.1100
teacher	student	0.1020
teacher	course	0.0940
teacher	lecture	0.0860
teacher	assignment	0.0780
teacher	grade	0.0700
teacher	university	0.0620
team	game	0.1500
team	meeting	0.1500
team	team	0.1420
team	project	0.1420
team	score	0.1340
team	deadline	0.1340
team	match	0.1260
team	report	0.1260
team	player	0.1180
team	client	0.1180
team	win	0.1100
team	email	0.1100
team	lose	0.1020
team	office	0.1020
team	goal	0.0940
team	manager	0.0940
team	ball	0.0860
team	task	0.0860
team	football	0.0780
team	schedule	0.0780
team	soccer	0.0700
team	presentation	0.0700
team	basketball	0.0620
tell	me	0.2000
tell	you	0.1500
tell	us	0.0800
tell	him	0.0600
tell	her	0.0600
tell	them	0.0400
tell	the	0.0300
tell	about	0.0300
tell	when	0.0200
tell	where	0.0200
tell	why	0.0200
tell	how	0.0200
tell	what	0.0200
tell	if	0.0200
tell	later	0.0200
temperature	rain	0.1500
temperature	sunny	0.1420
temperature	cold	0.1340
temperature	hot	0.1260
temperature	snow	0.1180
temperature	storm	0.1100
temperature	wind	0.1020
temperature	cloudy	0.0940
temperature	temperature	0.0860
temperature	forecast	0.0780
temperature	umbrella	0.0700
temperature	freezing	0.0620
thank	you	0.7000
thank	god	0.0500
thank	goodness	0.0300
thank	them	0.0200
thank	her	0.0200
thank	him	0.0200
thank	everyone	0.0200
thank	so	0.0200
thank	again	0.0200
thank	very	0.0200
thanks	for	0.3000
thanks	so	0.1500
thanks	again	0.1000
thanks	a	0.0800
thanks	you	0.0600
thanks	lot	0.0500
thanks	anyway	0.0300
thanks	everyone	0.0200
thanks	all	0.0200
thanks	in	0.0200
that	is	0.2200
that	was	0.1200
that	time	0.0800
that	day	0.0760
that	week	0.0720
that	month	0.0680
that	year	0.0640
that	will	0.0600
that	way	0.0600
that	place	0.0560
that	thing	0.0520
that	would	0.0500
that	could	0.0500
that	person	0.0480
that	team	0.0440
that	should	0.0400
that	has	0.0400
that	company	0.0400
that	project	0.0360
that	meeting	0.0320
that	sounds	0.0300
that	means	0.0300
that	looks	0.0300
that	makes	0.0300
that	email	0.0280
that	message	0.0240
that	one	0.0200
that	guy	0.0200
that	girl	0.0200
that	idea	0.0200
that	works	0.0200
that	helps	0.0200
that	hurts	0.0200
that	matters	0.0200
the	time	0.0800
the	day	0.0760
the	week	0.0720
the	month	0.0680
the	year	0.0640
the	way	0.0600
the	place	0.0560
the	thing	0.0520
the	best	0.0500
the	person	0.0480
the	team	0.0440
the	same	0.0400
the	first	0.0400
the	other	0.0400
the	next	0.0400
the	last	0.0400
the	company	0.0400
the	project	0.0360
the	meeting	0.0320
the	only	0.0300
the	main	0.0300
the	right	0.0300
the	email	0.0280
the	message	0.0240
the	whole	0.0200
the	left	0.0200
the	top	0.0200
the	bottom	0.0200
the	end	0.0200
the	start	0.0200
the	world	0.0200
the	country	0.0200
the	city	0.0200
their	time	0.0800
their	day	0.0760
their	week	0.0720
their	month	0.0680
their	year	0.0640
their	way	0.0600
their	place	0.0560
their	thing	0.0520
their	person	0.0480
their	team	0.0440
their	company	0.0400
their	project	0.0360
their	meeting	0.0320
their	email	0.0280
their	message	0.0240
therapy	doctor	0.1500
therapy	hospital	0.1420
therapy	medicine	0.1340
therapy	pain	0.1260
therapy	sick	0.1180
therapy	fever	0.1100
therapy	headache	0.1020
therapy	exercise	0.0940
therapy	sleep	0.0860
therapy	diet	0.0780
therapy	stress	0.0700
therapy	therapy	0.0620
there	is	0.3000
there	are	0.2500
there	was	0.1200
there	were	0.1000
there	will	0.0500
there	might	0.0300
there	could	0.0300
there	has	0.0300
there	should	0.0200
there	may	0.0200
there	must	0.0200
there	would	0.0200
there	isnt	0.0200
there	arent	0.0200
there	wasnt	0.0200
there	werent	0.0200
there	hasnt	0.0200
there	havent	0.0200
there	couldnt	0.0200
there	wouldnt	0.0200
there	shouldnt	0.0200
they	are	0.2000
they	will	0.1000
they	have	0.1000
they	were	0.0800
they	can	0.0600
they	should	0.0500
they	might	0.0400
they	could	0.0400
they	dont	0.0400
they	said	0.0400
they	need	0.0300
they	want	0.0300
they	also	0.0300
they	just	0.0300
they	all	0.0200
they	got	0.0200
they	made	0.0200
they	left	0.0200
they	arrived	0.0200
they	called	0.0200
they	sent	0.0200
they	told	0.0200
they	asked	0.0200
they	offered	0.0200
think	about	0.1500
think	so	0.1000
think	it	0.0800
think	that	0.0800
think	this	0.0600
think	you	0.0500
think	we	0.0400
think	they	0.0300
think	he	0.0200
think	she	0.0200
think	i	0.0200
think	the	0.0200
think	of	0.0200
think	to	0.0200
think	for	0.0200
this	is	0.3000
this	was	0.0800
this	time	0.0800
this	day	0.0760
this	week	0.0720
this	month	0.0680
this	year	0.0640
this	will	0.0600
this	way	0.0600
this	place	0.0560
this	thing	0.0520
this	has	0.0500
this	person	0.0480
this	team	0.0440
this	looks	0.0400
this	sounds	0.0400
this	could	0.0400
this	company	0.0400
this	project	0.0360
this	meeting	0.0320
this	means	0.0300
this	should	0.0300
this	might	0.0300
this	email	0.0280
this	message	0.0240
this	morning	0.0200
this	one	0.0200
this	guy	0.0200
this	girl	0.0200
this	file	0.0200
through	the	0.2500
through	a	0.2250
through	my	0.2000
through	your	0.1750
through	our	0.1500
through	their	0.1250
through	this	0.1000
through	that	0.0750
thursday	morning	0.0800
thursday	afternoon	0.0600
thursday	evening	0.0600
thursday	night	0.0600
thursday	is	0.0500
thursday	was	0.0400
thursday	will	0.0400
thursday	at	0.0400
thursday	in	0.0300
thursday	on	0.0300
thursday	for	0.0200
thursday	i	0.0200
thursday	we	0.0200
thursday	you	0.0200
thursday	they	0.0200
ticket	flight	0.1500
ticket	car	0.1500
ticket	hotel	0.1420
ticket	bus	0.1420
ticket	trip	0.1340
ticket	train	0.1340
ticket	vacation	0.1260
ticket	beach	0.1180
ticket	drive	0.1180
ticket	airport	0.1100
ticket	ride	0.1100
ticket	booking	0.1020
ticket	traffic	0.1020
ticket	passport	0.0940
ticket	parking	0.0940
ticket	luggage	0.0860
ticket	gas	0.0860
ticket	destination	0.0780
ticket	fuel	0.0780
ticket	ticket	0.0700
ticket	resort	0.0620
ticket	station	0.0620
to	the	0.2500
to	a	0.2250
to	my	0.2000
to	your	0.1750
to	our	0.1500
to	their	0.1250
to	this	0.1000
to	be	0.0800
to	that	0.0750
to	do	0.0600
to	get	0.0500
to	make	0.0400
to	see	0.0400
to	go	0.0400
to	have	0.0400
to	know	0.0300
to	help	0.0300
to	find	0.0300
to	take	0.0300
to	give	0.0200
to	keep	0.0200
to	start	0.0200
to	finish	0.0200
to	check	0.0200
to	send	0.0200
to	call	0.0200
to	work	0.0200
to	sleep	0.0200
to	eat	0.0200
to	drink	0.0200
to	buy	0.0200
today	morning	0.0800
today	afternoon	0.0600
today	evening	0.0600
today	night	0.0600
today	is	0.0500
today	was	0.0400
today	will	0.0400
today	at	0.0400
today	in	0.0300
today	on	0.0300
today	for	0.0200
today	i	0.0200
today	we	0.0200
today	you	0.0200
today	they	0.0200
tomorrow	morning	0.0800
tomorrow	afternoon	0.0600
tomorrow	evening	0.0600
tomorrow	night	0.0600
tomorrow	is	0.0500
tomorrow	was	0.0400
tomorrow	will	0.0400
tomorrow	at	0.0400
tomorrow	in	0.0300
tomorrow	on	0.0300
tomorrow	for	0.0200
tomorrow	i	0.0200
tomorrow	we	0.0200
tomorrow	you	0.0200
tomorrow	they	0.0200
tonight	morning	0.0800
tonight	afternoon	0.0600
tonight	evening	0.0600
tonight	night	0.0600
tonight	is	0.0500
tonight	was	0.0400
tonight	will	0.0400
tonight	at	0.0400
tonight	in	0.0300
tonight	on	0.0300
tonight	for	0.0200
tonight	i	0.0200
tonight	we	0.0200
tonight	you	0.0200
tonight	they	0.0200
traffic	car	0.1500
traffic	bus	0.1420
traffic	train	0.1340
traffic	flight	0.1260
traffic	drive	0.1180
traffic	ride	0.1100
traffic	traffic	0.1020
traffic	parking	0.0940
traffic	gas	0.0860
traffic	fuel	0.0780
traffic	ticket	0.0700
traffic	station	0.0620
train	car	0.1500
train	bus	0.1420
train	train	0.1340
train	flight	0.1260
train	drive	0.1180
train	ride	0.1100
train	traffic	0.1020
train	parking	0.0940
train	gas	0.0860
train	fuel	0.0780
train	ticket	0.0700
train	station	0.0620
training	game	0.1500
training	team	0.1420
training	score	0.1340
training	match	0.1260
training	player	0.1180
training	win	0.1100
training	lose	0.1020
training	goal	0.0940
training	ball	0.0860
training	football	0.0780
training	soccer	0.0700
training	basketball	0.0620
trip	flight	0.1500
trip	hotel	0.1420
trip	trip	0.1340
trip	vacation	0.1260
trip	beach	0.1180
trip	airport	0.1100
trip	booking	0.1020
trip	passport	0.0940
trip	luggage	0.0860
trip	destination	0.0780
trip	ticket	0.0700
trip	resort	0.0620
trying	to	0.4000
trying	not	0.0800
trying	my	0.0400
trying	a	0.0300
trying	the	0.0300
trying	figure	0.0300
trying	find	0.0300
trying	get	0.0300
trying	make	0.0200
trying	decide	0.0200
trying	sleep	0.0200
trying	work	0.0200
trying	help	0.0200
trying	understand	0.0200
trying	finish	0.0200
trying	start	0.0200
trying	call	0.0200
trying	reach	0.0200
trying	contact	0.0200
trying	book	0.0200
trying	save	0.0200
trying	fix	0.0200
trying	solve	0.0200
trying	remember	0.0200
trying	forget	0.0200
tuesday	morning	0.0800
tuesday	afternoon	0.0600
tuesday	evening	0.0600
tuesday	night	0.0600
tuesday	is	0.0500
tuesday	was	0.0400
tuesday	will	0.0400
tuesday	at	0.0400
tuesday	in	0.0300
tuesday	on	0.0300
tuesday	for	0.0200
tuesday	i	0.0200
tuesday	we	0.0200
tuesday	you	0.0200
tuesday	they	0.0200
turn	on	0.1200
turn	off	0.1200
turn	around	0.0800
turn	left	0.0600
turn	right	0.0600
turn	up	0.0400
turn	down	0.0400
turn	back	0.0300
turn	it	0.0300
turn	the	0.0200
turn	here	0.0200
turn	there	0.0200
turn	in	0.0200
turn	out	0.0200
turn	over	0.0200
uber	car	0.1500
uber	bus	0.1420
uber	train	0.1340
uber	flight	0.1260
uber	drive	0.1180
uber	ride	0.1100
uber	traffic	0.1020
uber	parking	0.0940
uber	gas	0.0860
uber	fuel	0.0780
uber	ticket	0.0700
uber	station	0.0620
umbrella	rain	0.1500
umbrella	sunny	0.1420
umbrella	cold	0.1340
umbrella	hot	0.1260
umbrella	snow	0.1180
umbrella	storm	0.1100
umbrella	wind	0.1020
umbrella	cloudy	0.0940
umbrella	temperature	0.0860
umbrella	forecast	0.0780
umbrella	umbrella	0.0700
umbrella	freezing	0.0620
under	the	0.2500
under	a	0.2250
under	my	0.2000
under	your	0.1750
under	our	0.1500
under	their	0.1250
under	this	0.1000
under	that	0.0750
university	school	0.1500
university	class	0.1420
university	homework	0.1340
university	exam	0.1260
university	study	0.1180
university	teacher	0.1100
university	student	0.1020
university	course	0.0940
university	lecture	0.0860
university	assignment	0.0780
university	grade	0.0700
university	university	0.0620
update	code	0.1500
update	me	0.1500
update	app	0.1420
update	phone	0.1340
update	laptop	0.1260
update	you	0.1200
update	software	0.1180
update	update	0.1100
update	bug	0.1020
update	server	0.0940
update	data	0.0860
update	us	0.0800
update	internet	0.0780
update	download	0.0700
update	install	0.0620
update	the	0.0600
update	it	0.0600
update	on	0.0400
update	about	0.0400
update	soon	0.0300
update	later	0.0200
update	now	0.0200
update	again	0.0200
update	regularly	0.0200
update	daily	0.0200
update	weekly	0.0200
update	monthly	0.0200
vacation	flight	0.1500
vacation	hotel	0.1420
vacation	trip	0.1340
vacation	vacation	0.1260
vacation	beach	0.1180
vacation	airport	0.1100
vacation	booking	0.1020
vacation	passport	0.0940
vacation	luggage	0.0860
vacation	destination	0.0780
vacation	ticket	0.0700
vacation	resort	0.0620
very	much	0.0800
very	good	0.0600
very	well	0.0500
very	nice	0.0400
very	happy	0.0300
very	sorry	0.0300
very	tired	0.0200
very	excited	0.0200
very	important	0.0200
very	helpful	0.0200
very	busy	0.0200
very	late	0.0200
very	early	0.0200
very	fast	0.0200
very	slow	0.0200
very	kind	0.0200
very	sweet	0.0200
very	cool	0.0200
very	funny	0.0200
very	pretty	0.0200
very	long	0.0200
very	short	0.0200
very	big	0.0200
very	small	0.0200
very	hot	0.0200
video	movie	0.1500
video	music	0.1420
video	game	0.1340
video	show	0.1260
video	concert	0.1180
video	book	0.1100
video	video	0.1020
video	stream	0.0940
video	watch	0.0860
video	listen	0.0780
video	play	0.0700
video	episode	0.0620
visa	flight	0.1500
visa	hotel	0.1420
visa	trip	0.1340
visa	vacation	0.1260
visa	beach	0.1180
visa	airport	0.1100
visa	booking	0.1020
visa	passport	0.0940
visa	luggage	0.0860
visa	destination	0.0780
visa	ticket	0.0700
visa	resort	0.0620
wait	for	0.2000
wait	a	0.1000
wait	me	0.0800
wait	until	0.0600
wait	till	0.0400
wait	here	0.0400
wait	there	0.0300
wait	what	0.0200
wait	and	0.0200
wait	please	0.0200
wait	just	0.0200
wait	one	0.0200
wait	two	0.0200
wait	five	0.0200
wait	ten	0.0200
wait	minute	0.0200
wait	second	0.0200
wait	hour	0.0200
wait	day	0.0200
wait	week	0.0200
wait	longer	0.0200
wait	forever	0.0200
wait	patiently	0.0200
wait	quietly	0.0200
wait	outside	0.0200
walk	to	0.1500
walk	home	0.1000
walk	there	0.0800
walk	here	0.0600
walk	with	0.0400
walk	away	0.0400
walk	back	0.0300
walk	slowly	0.0200
walk	fast	0.0200
walk	together	0.0200
walk	alone	0.0200
walk	now	0.0200
walk	later	0.0200
walk	outside	0.0200
walk	inside	0.0200
want	to	0.4500
want	you	0.0800
want	a	0.0500
want	the	0.0400
want	this	0.0300
want	that	0.0300
want	more	0.0300
want	some	0.0200
want	it	0.0200
want	him	0.0200
want	her	0.0200
want	them	0.0200
want	us	0.0200
want	me	0.0200
want	help	0.0200
want	food	0.0200
want	coffee	0.0200
want	sleep	0.0200
want	rest	0.0200
want	break	0.0200
want	out	0.0200
want	in	0.0200
want	home	0.0200
want	back	0.0200
warm	rain	0.1500
warm	sunny	0.1420
warm	cold	0.1340
warm	hot	0.1260
warm	snow	0.1180
warm	storm	0.1100
warm	wind	0.1020
warm	cloudy	0.0940
warm	temperature	0.0860
warm	forecast	0.0780
warm	umbrella	0.0700
warm	freezing	0.0620
was	the	0.1500
was	a	0.1200
was	not	0.0800
was	so	0.0500
was	very	0.0400
was	just	0.0400
was	going	0.0300
was	wondering	0.0300
was	thinking	0.0300
was	hoping	0.0200
was	looking	0.0200
was	trying	0.0200
was	working	0.0200
was	great	0.0200
was	nice	0.0200
was	fun	0.0200
was	hard	0.0200
was	easy	0.0200
was	long	0.0200
was	short	0.0200
was	late	0.0200
was	early	0.0200
was	busy	0.0200
was	free	0.0200
wasnt	sure	0.1500
wasnt	expecting	0.1200
wasnt	ready	0.0800
wasnt	aware	0.0600
wasnt	planning	0.0600
wasnt	going	0.0500
wasnt	trying	0.0400
wasnt	working	0.0400
wasnt	feeling	0.0300
wasnt	thinking	0.0300
wasnt	looking	0.0200
wasnt	hoping	0.0200
wasnt	waiting	0.0200
wasnt	sleeping	0.0200
wasnt	eating	0.0200
wasnt	there	0.0200
wasnt	bad	0.0200
wasnt	good	0.0200
wasnt	fair	0.0200
wasnt	easy	0.0200
wasnt	necessary	0.0200
wasnt	important	0.0200
wasnt	possible	0.0200
wasnt	available	0.0200
wasnt	included	0.0200
watch	movie	0.1500
watch	it	0.1500
watch	music	0.1420
watch	game	0.1340
watch	show	0.1260
watch	the	0.1200
watch	concert	0.1180
watch	book	0.1100
watch	video	0.1020
watch	stream	0.0940
watch	watch	0.0860
watch	this	0.0800
watch	out	0.0800
watch	listen	0.0780
watch	play	0.0700
watch	episode	0.0620
watch	for	0.0600
watch	a	0.0400
watch	my	0.0300
watch	your	0.0300
watch	together	0.0200
watch	later	0.0200
watch	now	0.0200
watch	online	0.0200
watch	live	0.0200
watch	carefully	0.0200
watch	closely	0.0200
we	are	0.1800
we	will	0.1200
we	can	0.1200
we	have	0.1000
we	should	0.0800
we	need	0.0600
we	could	0.0500
we	were	0.0500
we	want	0.0400
we	got	0.0400
we	just	0.0300
we	all	0.0300
we	also	0.0300
we	still	0.0300
we	may	0.0200
we	must	0.0200
we	might	0.0200
we	would	0.0200
we	shall	0.0200
weather	rain	0.1500
weather	sunny	0.1420
weather	cold	0.1340
weather	hot	0.1260
weather	snow	0.1180
weather	storm	0.1100
weather	wind	0.1020
weather	cloudy	0.0940
weather	temperature	0.0860
weather	forecast	0.0780
weather	umbrella	0.0700
weather	freezing	0.0620
wednesday	morning	0.0800
wednesday	afternoon	0.0600
wednesday	evening	0.0600
wednesday	night	0.0600
wednesday	is	0.0500
wednesday	was	0.0400
wednesday	will	0.0400
wednesday	at	0.0400
wednesday	in	0.0300
wednesday	on	0.0300
wednesday	for	0.0200
wednesday	i	0.0200
wednesday	we	0.0200
wednesday	you	0.0200
wednesday	they	0.0200
week	morning	0.0800
week	afternoon	0.0600
week	evening	0.0600
week	night	0.0600
week	is	0.0500
week	was	0.0400
week	will	0.0400
week	at	0.0400
week	in	0.0300
week	on	0.0300
week	for	0.0200
week	i	0.0200
week	we	0.0200
week	you	0.0200
week	they	0.0200
well	be	0.2000
well	see	0.1500
well	let	0.1000
well	i	0.0800
well	you	0.0600
well	do	0.0500
well	get	0.0400
well	try	0.0400
well	talk	0.0300
well	check	0.0300
well	wait	0.0200
well	think	0.0200
well	find	0.0200
well	look	0.0200
well	go	0.0200
well	come	0.0200
well	call	0.0200
well	send	0.0200
well	update	0.0200
well	figure	0.0200
well	ask	0.0200
well	tell	0.0200
well	show	0.0200
well	help	0.0200
well	work	0.0200
werent	you	0.1500
werent	we	0.1200
werent	they	0.1000
werent	there	0.0800
werent	sure	0.0600
werent	ready	0.0500
werent	expecting	0.0400
werent	planning	0.0400
werent	going	0.0300
werent	trying	0.0300
werent	working	0.0200
werent	available	0.0200
werent	busy	0.0200
werent	happy	0.0200
werent	tired	0.0200
werent	excited	0.0200
werent	worried	0.0200
werent	concerned	0.0200
werent	aware	0.0200
werent	prepared	0.0200
werent	invited	0.0200
werent	included	0.0200
werent	allowed	0.0200
werent	permitted	0.0200
werent	supposed	0.0200
what	is	0.2000
what	are	0.1500
what	do	0.1200
what	about	0.0800
what	time	0.0600
what	if	0.0500
what	was	0.0500
what	did	0.0500
what	would	0.0400
what	can	0.0400
what	should	0.0300
what	happened	0.0300
what	else	0.0300
what	you	0.0300
what	we	0.0200
what	they	0.0200
what	he	0.0200
what	she	0.0200
what	it	0.0200
what	kind	0.0200
what	does	0.0200
what	will	0.0200
when	are	0.1000
when	you	0.1000
when	will	0.0800
when	is	0.0800
when	do	0.0600
when	can	0.0500
when	did	0.0500
when	was	0.0400
when	should	0.0300
when	we	0.0300
when	they	0.0300
when	he	0.0200
when	she	0.0200
when	it	0.0200
when	to	0.0200
when	would	0.0200
when	could	0.0200
when	might	0.0200
when	must	0.0200
when	may	0.0200
where	are	0.1800
where	is	0.1600
where	do	0.1000
where	can	0.0600
where	was	0.0500
where	did	0.0400
where	should	0.0300
where	will	0.0300
where	you	0.0300
where	we	0.0200
where	they	0.0200
where	he	0.0200
where	she	0.0200
where	to	0.0200
where	it	0.0200
where	were	0.0200
where	would	0.0200
who	is	0.2000
who	are	0.1500
who	was	0.1000
who	will	0.0600
who	can	0.0500
who	should	0.0400
who	could	0.0400
who	would	0.0300
who	do	0.0300
who	did	0.0300
who	knows	0.0200
who	wants	0.0200
who	needs	0.0200
who	has	0.0200
who	else	0.0200
who	cares	0.0200
who	said	0.0200
who	called	0.0200
who	won	0.0200
who	lost	0.0200
why	are	0.1200
why	is	0.1200
why	do	0.1000
why	did	0.0800
why	would	0.0500
why	should	0.0400
why	can	0.0400
why	not	0.0400
why	you	0.0300
why	we	0.0300
why	they	0.0200
why	he	0.0200
why	she	0.0200
why	it	0.0200
why	dont	0.0200
why	isnt	0.0200
why	wasnt	0.0200
why	cant	0.0200
why	wont	0.0200
why	didnt	0.0200
why	doesnt	0.0200
why	arent	0.0200
why	werent	0.0200
why	havent	0.0200
wife	mom	0.1500
wife	dad	0.1420
wife	sister	0.1340
wife	brother	0.1260
wife	son	0.1180
wife	daughter	0.1100
wife	family	0.1020
wife	kids	0.0940
wife	parents	0.0860
wife	baby	0.0780
wife	home	0.0700
wife	wife	0.0620
will	be	0.1800
will	you	0.1000
will	not	0.0800
will	do	0.0600
will	get	0.0500
will	have	0.0500
will	see	0.0400
will	let	0.0400
will	send	0.0300
will	call	0.0300
will	check	0.0300
will	take	0.0200
will	make	0.0200
will	try	0.0200
will	need	0.0200
will	want	0.0200
will	go	0.0200
will	come	0.0200
will	help	0.0200
will	work	0.0200
will	update	0.0200
will	confirm	0.0200
will	reply	0.0200
will	follow	0.0200
win	game	0.1500
win	team	0.1420
win	score	0.1340
win	match	0.1260
win	player	0.1180
win	win	0.1100
win	lose	0.1020
win	goal	0.0940
win	ball	0.0860
win	football	0.0780
win	soccer	0.0700
win	basketball	0.0620
wind	rain	0.1500
wind	sunny	0.1420
wind	cold	0.1340
wind	hot	0.1260
wind	snow	0.1180
wind	storm	0.1100
wind	wind	0.1020
wind	cloudy	0.0940
wind	temperature	0.0860
wind	forecast	0.0780
wind	umbrella	0.0700
wind	freezing	0.0620
with	the	0.2500
with	a	0.2250
with	my	0.2000
with	your	0.1750
with	our	0.1500
with	their	0.1250
with	this	0.1000
with	that	0.0750
with	you	0.0600
with	me	0.0400
with	us	0.0300
with	love	0.0200
with	regards	0.0200
with	respect	0.0200
with	pleasure	0.0200
with	confidence	0.0200
with	care	0.0200
with	luck	0.0200
with	joy	0.0200
with	hope	0.0200
with	thanks	0.0200
with	questions	0.0200
with	help	0.0200
with	support	0.0200
with	patience	0.0200
with	understanding	0.0200
with	sympathy	0.0200
wont	be	0.2000
wont	work	0.1200
wont	happen	0.0800
wont	take	0.0600
wont	last	0.0500
wont	fit	0.0400
wont	change	0.0400
wont	help	0.0300
wont	matter	0.0300
wont	stop	0.0200
wont	start	0.0200
wont	go	0.0200
wont	come	0.0200
wont	let	0.0200
wont	allow	0.0200
wont	accept	0.0200
wont	approve	0.0200
wont	pass	0.0200
wont	fail	0.0200
wont	break	0.0200
wont	open	0.0200
wont	close	0.0200
wont	load	0.0200
wont	save	0.0200
wont	update	0.0200
work	on	0.2000
work	with	0.1200
work	for	0.1000
work	at	0.0800
work	out	0.0600
work	hard	0.0400
work	well	0.0400
work	together	0.0300
work	from	0.0300
work	home	0.0300
work	late	0.0200
work	early	0.0200
work	today	0.0200
work	tomorrow	0.0200
work	now	0.0200
workout	game	0.1500
workout	team	0.1420
workout	score	0.1340
workout	match	0.1260
workout	player	0.1180
workout	win	0.1100
workout	lose	0.1020
workout	goal	0.0940
workout	ball	0.0860
workout	football	0.0780
workout	soccer	0.0700
workout	basketball	0.0620
would	you	0.1800
would	be	0.1600
would	like	0.1000
would	love	0.0500
would	not	0.0500
would	have	0.0400
would	appreciate	0.0400
would	prefer	0.0300
would	recommend	0.0200
would	suggest	0.0200
would	think	0.0200
would	say	0.0200
would	know	0.0200
would	want	0.0200
would	need	0.0200
would	mind	0.0200
would	consider	0.0200
would	expect	0.0200
would	hope	0.0200
would	guess	0.0200
would	rather	0.0200
would	probably	0.0200
would	definitely	0.0200
would	certainly	0.0200
wouldnt	be	0.1500
wouldnt	work	0.1200
wouldnt	know	0.0800
wouldnt	say	0.0600
wouldnt	tell	0.0600
wouldnt	want	0.0500
wouldnt	mind	0.0400
wouldnt	care	0.0400
wouldnt	help	0.0300
wouldnt	change	0.0300
wouldnt	stop	0.0200
wouldnt	start	0.0200
wouldnt	go	0.0200
wouldnt	come	0.0200
wouldnt	let	0.0200
wouldnt	allow	0.0200
wouldnt	accept	0.0200
wouldnt	approve	0.0200
wouldnt	pass	0.0200
wouldnt	fail	0.0200
wouldnt	recommend	0.0200
wouldnt	suggest	0.0200
wouldnt	advise	0.0200
wouldnt	expect	0.0200
wouldnt	assume	0.0200
write	me	0.1200
write	it	0.1000
write	a	0.1000
write	the	0.0800
write	back	0.0600
write	down	0.0600
write	about	0.0400
write	to	0.0400
write	you	0.0300
write	soon	0.0200
write	later	0.0200
write	now	0.0200
write	again	0.0200
write	more	0.0200
write	here	0.0200
yard	house	0.1500
yard	apartment	0.1420
yard	room	0.1340
yard	kitchen	0.1260
yard	bedroom	0.1180
yard	bathroom	0.1100
yard	clean	0.1020
yard	repair	0.0940
yard	furniture	0.0860
yard	rent	0.0780
yard	move	0.0700
yard	pack	0.0620
year	morning	0.0800
year	afternoon	0.0600
year	evening	0.0600
year	night	0.0600
year	is	0.0500
year	was	0.0400
year	will	0.0400
year	at	0.0400
year	in	0.0300
year	on	0.0300
year	for	0.0200
year	i	0.0200
year	we	0.0200
year	you	0.0200
year	they	0.0200
yesterday	morning	0.0800
yesterday	afternoon	0.0600
yesterday	evening	0.0600
yesterday	night	0.0600
yesterday	is	0.0500
yesterday	was	0.0400
yesterday	will	0.0400
yesterday	at	0.0400
yesterday	in	0.0300
yesterday	on	0.0300
yesterday	for	0.0200
yesterday	i	0.0200
yesterday	we	0.0200
yesterday	you	0.0200
yesterday	they	0.0200
you	are	0.2000
you	can	0.1400
you	will	0.1000
you	know	0.0800
you	have	0.0800
you	should	0.0600
you	need	0.0500
you	want	0.0500
you	too	0.0400
you	might	0.0400
you	could	0.0400
you	were	0.0400
you	dont	0.0400
you	look	0.0300
you	see	0.0300
you	there	0.0300
you	guys	0.0200
you	all	0.0200
you	ready	0.0200
you	free	0.0200
you	sure	0.0200
you	welcome	0.0200
you	rock	0.0200
you	bet	0.0200
your	name	0.0800
your	time	0.0800
your	day	0.0760
your	week	0.0720
your	month	0.0680
your	year	0.0640
your	email	0.0600
your	phone	0.0600
your	way	0.0600
your	place	0.0560
your	thing	0.0520
your	person	0.0480
your	team	0.0440
your	address	0.0400
your	help	0.0400
your	company	0.0400
your	project	0.0360
your	meeting	0.0320
your	call	0.0300
your	message	0.0300
your	order	0.0200
your	request	0.0200
your	feedback	0.0200
your	thoughts	0.0200
your	opinion	0.0200
your	support	0.0200
your	attention	0.0200
your	turn	0.0200
your	choice	0.0200
your	schedule	0.0200
your	availability	0.0200
your	confirmation	0.0200
your	approval	0.0200
your	permission	0.0200
your	consent	0.0200
your	signature	0.0200
