adam	price	0.500000
adfærd	i	0.111111
adfærd	der	0.066667
adfærd	fra	0.066667
adfærd	er	0.066667
adgang	til	0.919598
adgang	for	0.020101
adgang	forbudt	0.020101
afdeling	i	0.211538
afdeling	på	0.125000
afdeling	og	0.076923
afdeling	for	0.076923
afdeling	af	0.067308
afdeling	som	0.048077
afdeling	der	0.048077
afdeling	hvor	0.038462
afdeling	ved	0.038462
afdeling	hvis	0.028846
afdelingen	for	0.219512
afdelingen	har	0.097561
affald	og	0.125000
affald	på	0.100000
affald	til	0.100000
affald	fra	0.075000
afgørelse	om	0.130435
afgørelse	fra	0.086957
afgørelse	der	0.086957
afgørelse	i	0.072464
afgørelse	og	0.057971
afgørelse	er	0.043478
afhængig	af	0.973684
afleveret	en	0.208333
afleveret	et	0.166667
aflyst	på	0.181818
aflyst	og	0.121212
aflyst	af	0.075758
aflyst	i	0.060606
aflyst	eller	0.060606
aflyst	mellem	0.045455
aflyst	en	0.045455
afsked	med	0.789474
afsluttet	i	0.192308
afsluttet	med	0.076923
afsluttet	og	0.057692
afsluttet	men	0.057692
afslører	at	0.272727
aftale	om	0.288000
aftale	med	0.224000
aftale	der	0.096000
aftale	i	0.036000
aftale	mellem	0.036000
aftale	som	0.032000
aftale	på	0.028000
aftale	at	0.016000
aftale	for	0.016000
aftale	siger	0.012000
aftalen	er	0.145000
aftalen	om	0.085000
aftalen	med	0.065000
aftalen	har	0.040000
aftalen	blev	0.035000
aftalen	vil	0.035000
aftalen	og	0.030000
aftalen	indebærer	0.030000
aftalen	var	0.030000
aftalen	der	0.025000
aftalen	i	0.025000
aftalen	betyder	0.020000
aftalen	som	0.020000
aftalen	at	0.020000
aftalen	men	0.020000
aftalen	bliver	0.015000
aftalen	skal	0.015000
aftalen	mellem	0.015000
aftaler	med	0.153846
aftaler	der	0.138462
aftaler	som	0.092308
aftaler	om	0.092308
aftaler	og	0.092308
aftaler	kan	0.046154
aftaler	er	0.046154
aften	og	0.079365
aften	i	0.063492
aften	klokken	0.039683
aften	var	0.036508
aften	er	0.033333
aften	blev	0.025397
aften	hvor	0.023810
aften	med	0.022222
aften	dansk	0.022222
aften	på	0.017460
aften	at	0.017460
aften	da	0.017460
aften	til	0.017460
aften	har	0.015873
aften	en	0.012698
aften	kan	0.012698
aften	havde	0.011111
aften	gik	0.011111
aften	skal	0.011111
aften	men	0.009524
aften	efter	0.009524
aften	der	0.009524
aften	omkring	0.009524
aften	spiller	0.009524
aften	vil	0.009524
aften	den	0.007937
aften	spillede	0.007937
aften	mod	0.007937
aften	kl	0.007937
aften	fik	0.007937
aften	tog	0.007937
aften	ramt	0.006349
aften	når	0.006349
aften	over	0.006349
aften	blevet	0.006349
aften	løb	0.006349
aften	modtog	0.006349
aften	møder	0.006349
aften	tabte	0.006349
aften	vandt	0.006349
afvise	at	0.500000
aktivitet	i	0.205128
aktivitet	på	0.128205
aktivitet	og	0.076923
aktiviteter	i	0.240000
aktiviteter	på	0.106667
aktiviteter	og	0.093333
aktiviteter	som	0.080000
aktiviteter	for	0.040000
alle	de	0.101327
alle	andre	0.049457
alle	der	0.039807
alle	sammen	0.031966
alle	er	0.028951
alle	i	0.025332
alle	tre	0.022316
alle	har	0.022316
alle	kan	0.016285
alle	dem	0.013269
alle	sine	0.013269
alle	mulige	0.013269
alle	steder	0.012063
alle	børn	0.011460
alle	fire	0.010253
alle	og	0.009650
alle	landets	0.009047
alle	omstændigheder	0.009047
alle	til	0.008444
alle	var	0.008444
alle	deres	0.008444
alle	på	0.007841
alle	som	0.007238
alle	at	0.006634
alle	med	0.006031
alle	vores	0.006031
alle	danske	0.005428
alle	borgere	0.005428
alle	os	0.004825
alle	disse	0.004825
alle	pengene	0.004825
alle	ved	0.004825
alle	spillere	0.004222
alle	fem	0.004222
alle	former	0.004222
alle	lande	0.004222
alle	mennesker	0.004222
alle	over	0.004222
alle	skal	0.004222
alle	vil	0.004222
alles	øjne	0.230769
alles	interesse	0.230769
alligevel	er	0.141509
alligevel	ikke	0.075472
alligevel	at	0.037736
alligevel	har	0.028302
alligevel	var	0.025943
alligevel	kan	0.023585
alligevel	med	0.023585
alligevel	mener	0.018868
alligevel	blev	0.016509
alligevel	en	0.016509
alligevel	bliver	0.014151
alligevel	vil	0.014151
alligevel	på	0.014151
alligevel	kunne	0.011792
alligevel	godt	0.011792
alligevel	et	0.011792
alligevel	siger	0.011792
alligevel	får	0.009434
alligevel	kommer	0.009434
alligevel	ser	0.009434
alligevel	til	0.009434
alligevel	i	0.009434
alligevel	lidt	0.009434
alligevel	den	0.009434
alligevel	og	0.009434
alligevel	kørte	0.007075
alligevel	skulle	0.007075
alligevel	være	0.007075
alligevel	noget	0.007075
alligevel	få	0.007075
alligevel	lige	0.007075
alligevel	for	0.007075
alligevel	fundet	0.007075
almindelig	af	0.138889
alvorlige	skader	0.191176
alvorlige	konsekvenser	0.161765
alvorlige	at	0.044118
ambassaden	i	0.260870
ambassadør	i	0.395833
ambassadør	for	0.145833
ambassadør	linda	0.062500
ambassadør	og	0.062500
amerikaner	der	0.176471
amerikaner	hans	0.176471
an	på	0.250000
an	mod	0.187500
an	til	0.125000
an	og	0.104167
an	i	0.062500
an	af	0.062500
anbefaler	at	0.440678
anbefaler	et	0.067797
anbefaler	vi	0.067797
andy	murray	0.857143
anelse	om	0.166667
anelse	mere	0.166667
aner	ikke	0.263158
angreb	på	0.272388
angreb	i	0.104478
angreb	mod	0.097015
angreb	fra	0.048507
angreb	og	0.037313
angreb	har	0.037313
angreb	som	0.033582
angreb	med	0.029851
angreb	er	0.018657
angreb	en	0.018657
angreb	der	0.018657
angreb	flere	0.014925
angreb	for	0.011194
angreb	op	0.011194
angst	og	0.576923
angst	for	0.153846
anholdt	og	0.238462
anholdt	i	0.184615
anholdt	en	0.073077
anholdt	for	0.061538
anholdt	efter	0.050000
anholdt	på	0.050000
anholdt	af	0.042308
anholdt	personer	0.019231
anholdt	lørdag	0.015385
anholdt	den	0.015385
anholdt	to	0.011538
anholdt	kort	0.011538
anholdt	under	0.011538
anholdt	flere	0.011538
anholdt	siden	0.011538
anklaget	for	0.794872
ankommer	til	0.571429
anmoder	om	1.000000
ansigt	til	0.283582
ansigt	med	0.179104
ansigt	i	0.074627
ansigt	og	0.059701
ansigt	der	0.044776
ansigt	på	0.044776
ansvar	for	0.491018
ansvar	i	0.083832
ansvar	at	0.083832
ansvar	og	0.041916
ansvar	siger	0.035928
ansvar	er	0.023952
ansvar	når	0.023952
ansvar	skriver	0.017964
antallet	af	0.956164
antallet	er	0.010959
anthony	joshua	0.400000
antonio	i	0.600000
arbejde	med	0.146084
arbejde	i	0.103916
arbejde	og	0.088855
arbejde	for	0.082831
arbejde	på	0.064759
arbejde	som	0.046687
arbejde	er	0.028614
arbejde	der	0.025602
arbejde	siger	0.022590
arbejde	sammen	0.021084
arbejde	eller	0.016566
arbejde	videre	0.016566
arbejde	at	0.015060
arbejde	mere	0.015060
arbejde	hos	0.012048
arbejde	ved	0.012048
arbejde	har	0.012048
arbejde	hårdt	0.009036
arbejde	hjemmefra	0.009036
arbejde	til	0.009036
arbejde	men	0.009036
arbejde	så	0.009036
arbejde	hver	0.007530
arbejde	efter	0.006024
arbejde	får	0.006024
arbejde	vi	0.006024
arbejde	under	0.006024
arbejde	hen	0.006024
arbejde	hvis	0.006024
arbejde	hjemme	0.006024
arbejde	består	0.004518
arbejde	uden	0.004518
arbejde	det	0.004518
arbejde	timer	0.004518
arbejde	tæt	0.004518
arbejde	da	0.004518
arbejde	fortæller	0.004518
arbejdede	som	0.133333
arbejdede	på	0.133333
arbejdede	hun	0.100000
arbejdede	for	0.083333
arbejdede	i	0.066667
arbejdede	han	0.066667
arbejdede	sammen	0.050000
arbejdet	med	0.240283
arbejdet	på	0.148410
arbejdet	i	0.109541
arbejdet	som	0.063604
arbejdet	er	0.049470
arbejdet	for	0.049470
arbejdet	og	0.031802
arbejdet	sammen	0.024735
arbejdet	under	0.017668
arbejdet	hårdt	0.014134
arbejdet	kan	0.010601
arbejdet	siden	0.010601
arbejdet	tæt	0.010601
arbejdet	meget	0.010601
arbejdsgiver	til	0.130435
arbejdsgiver	og	0.130435
arrangere	et	0.400000
arrangeret	af	0.400000
arrangeret	et	0.133333
arving	til	0.750000
assistance	fra	0.444444
baggrund	af	0.601036
baggrund	og	0.062176
baggrund	i	0.056995
baggrund	som	0.051813
baggrund	er	0.025907
baggrund	at	0.015544
baggrund	end	0.015544
baggrunden	for	0.432432
baggrunden	er	0.189189
baggrunden	og	0.108108
bagud	i	0.184211
bagud	med	0.131579
bagud	og	0.105263
bagud	var	0.078947
bakker	op	0.448718
bakker	og	0.038462
bakker	om	0.038462
bar	i	0.162162
bar	bund	0.081081
barnet	og	0.127273
barnet	som	0.072727
barnet	har	0.072727
bede	om	0.384615
bede	ham	0.076923
bede	dem	0.076923
bedt	om	0.686047
begyndelse	i	0.161290
begyndelse	har	0.096774
begynder	at	0.287671
begynder	i	0.089041
begynder	den	0.037671
begynder	klokken	0.034247
begynder	på	0.030822
begynder	med	0.027397
begynder	det	0.027397
begynder	de	0.020548
begynder	en	0.020548
begynder	der	0.017123
begynder	vi	0.017123
begynder	torsdag	0.017123
begynder	først	0.013699
begynder	tirsdag	0.013699
begynder	nu	0.010274
begynder	hun	0.010274
begynder	arbejdet	0.010274
begynder	fredag	0.010274
begynder	han	0.010274
begynder	for	0.010274
begynder	man	0.010274
begynder	ved	0.010274
begynder	lørdag	0.010274
begynder	februar	0.010274
begå	sig	0.285714
begå	et	0.178571
begå	ny	0.107143
behandle	en	0.156250
behandle	sagen	0.093750
beklager	de	0.185185
beklager	at	0.111111
bemærkede	at	0.333333
beordret	til	0.400000
berlin	og	0.156250
berlin	i	0.093750
besat	af	0.666667
beskidt	og	0.333333
beskrive	hvor	0.125000
beskrive	den	0.125000
beskriver	som	0.126761
beskriver	hvordan	0.098592
beskriver	det	0.098592
beskriver	i	0.084507
beskriver	at	0.070423
beskriver	en	0.056338
beskriver	den	0.042254
beskytte	sig	0.202899
beskytte	de	0.115942
beskytte	den	0.057971
beskytte	vores	0.057971
beskytte	landets	0.043478
beskytte	dem	0.043478
beskyttelse	af	0.314286
beskyttelse	mod	0.171429
beskyttelse	i	0.114286
beskytter	mod	0.142857
bestyrelsen	i	0.175676
bestyrelsen	for	0.162162
bestyrelsen	har	0.081081
bestyrelsen	hos	0.054054
bestyrelsen	og	0.054054
bestyrelsen	består	0.040541
bestyrelsen	er	0.040541
betjente	der	0.150943
betjente	fra	0.113208
betjente	er	0.075472
betjente	som	0.075472
betjente	i	0.056604
betjente	og	0.056604
betragter	som	0.181818
betragter	det	0.136364
betragter	sig	0.136364
betyde	at	0.650794
betyde	for	0.071429
betyde	noget	0.039683
betyde	en	0.031746
betyde	flere	0.023810
betyde	et	0.023810
betød	at	0.606061
betød	dog	0.050505
betød	noget	0.040404
betød	det	0.040404
betød	den	0.040404
betød	en	0.030303
betød	også	0.030303
bevæbnede	mænd	0.500000
bevæger	sig	0.762500
bevæger	os	0.075000
bevæger	dig	0.062500
bil	i	0.101961
bil	og	0.094118
bil	med	0.062745
bil	der	0.050980
bil	som	0.047059
bil	på	0.043137
bil	er	0.031373
bil	men	0.027451
bil	ved	0.027451
bil	eller	0.023529
bil	det	0.019608
bil	var	0.015686
bil	så	0.015686
bil	til	0.015686
bil	siger	0.015686
bil	hun	0.015686
bil	har	0.011765
bil	ind	0.011765
bil	hvis	0.011765
bil	hvor	0.011765
bil	da	0.011765
bil	blev	0.011765
bil	kørte	0.011765
bil	tilbage	0.011765
bil	ud	0.011765
bil	efter	0.011765
bil	han	0.011765
biler	og	0.116564
biler	i	0.092025
biler	på	0.067485
biler	der	0.061350
biler	med	0.055215
biler	er	0.042945
biler	fra	0.030675
biler	som	0.030675
biler	til	0.024540
biler	men	0.024540
biler	var	0.024540
biler	blev	0.018405
biler	en	0.018405
biler	har	0.018405
billigt	at	0.222222
biografen	i	0.272727
blevet	en	0.038506
blevet	til	0.031609
blevet	anholdt	0.025862
blevet	ramt	0.024713
blevet	dræbt	0.020690
blevet	enige	0.019540
blevet	et	0.017816
blevet	mere	0.017241
blevet	brugt	0.016667
blevet	taget	0.015517
blevet	fundet	0.013793
blevet	sigtet	0.013218
blevet	kaldt	0.013218
blevet	udsat	0.012644
blevet	dømt	0.012644
blevet	solgt	0.012069
blevet	sat	0.011494
blevet	i	0.010920
blevet	for	0.010345
blevet	fjernet	0.009770
blevet	testet	0.009195
blevet	valgt	0.009195
blevet	kendt	0.008621
blevet	skudt	0.008046
blevet	meget	0.008046
blevet	smittet	0.008046
blevet	behandlet	0.007471
blevet	sendt	0.007471
blevet	mindre	0.007471
blevet	så	0.007471
blevet	lukket	0.006897
blevet	bedre	0.006897
blevet	aflyst	0.006322
blevet	stukket	0.006322
blevet	slået	0.006322
blevet	set	0.006322
blevet	fyret	0.005747
blevet	stillet	0.005747
blevet	stjålet	0.005747
blevet	endnu	0.005747
blik	på	0.368421
blik	for	0.105263
bliv	klogere	0.500000
blive	en	0.081777
blive	til	0.034771
blive	ved	0.031552
blive	i	0.030908
blive	den	0.018674
blive	et	0.018030
blive	bedre	0.017386
blive	klogere	0.017386
blive	ramt	0.014166
blive	mere	0.013522
blive	sat	0.012878
blive	taget	0.012234
blive	sendt	0.011590
blive	enige	0.011590
blive	det	0.010947
blive	klar	0.010303
blive	endnu	0.010303
blive	brugt	0.009659
blive	lidt	0.009659
blive	valgt	0.009015
blive	svært	0.009015
blive	testet	0.009015
blive	hjemme	0.008371
blive	nødvendigt	0.008371
blive	smittet	0.007727
blive	set	0.007727
blive	meget	0.007727
blive	på	0.007083
blive	optaget	0.007083
blive	straffet	0.006439
blive	presset	0.006439
blive	påvirket	0.005795
blive	nødt	0.005795
blive	for	0.005151
blive	behandlet	0.004507
blive	mødt	0.004507
blive	undersøgt	0.004507
blive	helt	0.004507
blive	gjort	0.004507
blive	medlem	0.004507
bliver	det	0.077458
bliver	en	0.044356
bliver	der	0.035088
bliver	ikke	0.023171
bliver	i	0.020192
bliver	den	0.019199
bliver	til	0.018868
bliver	de	0.018537
bliver	nødt	0.017213
bliver	et	0.014234
bliver	brugt	0.013572
bliver	ved	0.011917
bliver	mere	0.011917
bliver	taget	0.010593
bliver	ramt	0.010262
bliver	også	0.009599
bliver	man	0.009599
bliver	vi	0.008275
bliver	dog	0.007613
bliver	han	0.007613
bliver	sendt	0.007613
bliver	nu	0.007282
bliver	endnu	0.007282
bliver	nemlig	0.006951
bliver	med	0.006951
bliver	bedre	0.006951
bliver	spillet	0.006951
bliver	sat	0.006289
bliver	så	0.006289
bliver	på	0.005627
bliver	gjort	0.004965
bliver	at	0.004965
bliver	muligt	0.004965
bliver	nødvendigt	0.004634
bliver	meget	0.004634
bliver	for	0.004634
bliver	jeg	0.004303
bliver	flere	0.004303
bliver	slået	0.004303
bliver	kaldt	0.004303
blod	og	0.250000
blod	på	0.214286
blue	fox	0.555556
bo	i	0.317073
bo	på	0.109756
bo	og	0.073171
bo	jensen	0.073171
bo	der	0.060976
bo	hos	0.036585
bo	siger	0.036585
boede	i	0.360000
boede	på	0.100000
boede	hos	0.080000
boede	han	0.060000
boet	i	0.481481
boet	på	0.135802
boet	og	0.086420
boet	der	0.037037
bogen	er	0.095890
bogen	bliver	0.041096
bogstaveligt	talt	0.777778
bold	i	0.176471
bolden	i	0.314815
bolden	ind	0.098765
bolden	over	0.055556
bolden	op	0.049383
bolden	væk	0.024691
bolden	og	0.024691
bolden	mest	0.018519
bolden	blev	0.018519
bolden	forbi	0.018519
bolden	ikke	0.018519
bolden	på	0.018519
bombe	i	0.150000
bomber	og	0.235294
bomber	fra	0.176471
bomber	i	0.147059
bordet	og	0.166667
bordet	når	0.104167
bordet	der	0.062500
bordet	siger	0.062500
bordet	med	0.062500
borger	i	0.163636
borger	og	0.127273
borger	har	0.090909
borger	der	0.072727
borger	kan	0.054545
borgmester	i	0.337017
borgmester	peter	0.071823
borgmester	jacob	0.033149
borgmester	kenneth	0.033149
borgmester	er	0.033149
borgmester	og	0.033149
borgmester	thomas	0.022099
borgmester	til	0.022099
borgmester	henrik	0.022099
borgmester	på	0.016575
borgmester	hans	0.016575
borgmester	erik	0.016575
borgmester	anders	0.016575
borgmesteren	i	0.135135
borgmesteren	og	0.067568
borgmesteren	har	0.067568
borgmesteren	at	0.054054
borgmesteren	er	0.040541
bragte	sig	0.327869
bragte	danmark	0.065574
bragte	en	0.065574
bragte	gæsterne	0.049180
bragte	han	0.049180
bragte	historien	0.049180
branche	er	0.176471
branchen	er	0.100000
branchen	og	0.100000
brand	i	0.345912
brand	og	0.138365
brand	på	0.094340
brand	der	0.050314
brand	er	0.031447
brand	redning	0.025157
brand	ved	0.025157
brand	som	0.025157
brand	det	0.018868
brand	siger	0.018868
bringer	vi	0.108108
bringer	os	0.081081
broen	er	0.120690
broen	gratis	0.051724
broen	og	0.051724
broen	på	0.051724
bror	og	0.193548
bror	var	0.096774
brud	på	0.728814
brud	der	0.050847
brugte	den	0.067568
brugte	i	0.054054
brugte	han	0.054054
brugte	man	0.040541
brugte	en	0.040541
bryder	sig	0.142857
bryder	sammen	0.122449
bryder	med	0.122449
bryder	mig	0.102041
bryder	reglerne	0.061224
bryder	i	0.061224
brændstof	til	0.125000
brændstof	og	0.125000
brødre	og	0.250000
brødre	som	0.150000
brødrene	som	0.272727
bund	og	0.500000
bund	i	0.166667
bus	med	0.138889
bus	fra	0.111111
bus	til	0.083333
bus	og	0.083333
byder	på	0.465909
byder	sig	0.045455
byder	også	0.045455
byder	nemlig	0.034091
byder	den	0.034091
byens	borgmester	0.193182
byens	borgere	0.090909
byens	centrum	0.079545
byens	børn	0.056818
byens	millioner	0.034091
bygger	på	0.452830
bygger	et	0.056604
båd	i	0.200000
båd	og	0.100000
bål	og	0.285714
bånd	til	0.285714
bærer	en	0.116279
bærer	rundt	0.093023
bærer	det	0.093023
bærer	et	0.093023
bærer	ansvaret	0.069767
bøde	på	0.397849
bøde	for	0.139785
bøde	og	0.107527
bøde	hvis	0.053763
bøde	eller	0.053763
bølge	af	0.482759
bølge	i	0.103448
børn	og	0.256348
børn	i	0.101572
børn	der	0.076179
børn	som	0.033857
børn	med	0.033857
børn	er	0.026602
børn	på	0.025393
børn	fra	0.022975
børn	til	0.021765
børn	under	0.020556
børn	kan	0.015719
børn	at	0.013301
børn	har	0.012092
børn	af	0.009674
børn	skal	0.009674
børn	blev	0.008464
børn	får	0.008464
børn	bliver	0.008464
børn	så	0.008464
børn	ikke	0.008464
børn	unge	0.008464
børn	mellem	0.007255
børn	siger	0.007255
børn	om	0.007255
børn	for	0.006046
børn	vil	0.004837
børn	ud	0.004837
børn	de	0.004837
børn	fortæller	0.003628
børn	ældre	0.003628
børn	skulle	0.003628
børn	men	0.003628
børn	begynder	0.003628
børn	efter	0.003628
børn	uanset	0.003628
børn	igen	0.003628
børn	var	0.003628
café	i	0.272727
caroline	graham	0.428571
celle	i	0.428571
center	for	0.652632
center	i	0.084211
center	på	0.042105
center	er	0.031579
center	hvor	0.031579
center	som	0.031579
centimeter	høj	0.170213
centimeter	i	0.106383
centimeter	og	0.106383
centimeter	lang	0.063830
centrum	af	0.280702
centrum	for	0.192982
centrum	i	0.105263
centrum	og	0.052632
chancer	for	0.361446
chancer	i	0.180723
chancer	men	0.096386
chancer	mod	0.048193
chancer	og	0.036145
check	på	0.291667
check	i	0.125000
chef	for	0.471429
chef	i	0.128571
chef	lars	0.057143
chef	hos	0.028571
chef	og	0.028571
chef	er	0.021429
chef	der	0.021429
chef	christine	0.021429
chefen	for	0.538462
chefen	til	0.076923
chokeret	over	0.333333
chokolade	og	0.500000
chris	rock	0.166667
chris	og	0.100000
cirka	kroner	0.087079
cirka	procent	0.081461
cirka	millioner	0.067416
cirka	en	0.044944
cirka	tre	0.042135
cirka	to	0.042135
cirka	kilometer	0.042135
cirka	et	0.036517
cirka	år	0.025281
cirka	milliarder	0.025281
cirka	fire	0.025281
cirka	meter	0.016854
cirka	fem	0.016854
cirka	ti	0.014045
cirka	seks	0.014045
cirka	hver	0.014045
cirka	personer	0.014045
cirka	halvdelen	0.014045
cirka	til	0.014045
cirka	gæster	0.011236
cirka	klokken	0.011236
cirka	medarbejdere	0.011236
cirka	kilo	0.011236
cirka	minutter	0.011236
cirka	soldater	0.011236
cirka	medlemmer	0.008427
cirka	gange	0.008427
cirka	borgere	0.008427
cirka	mennesker	0.008427
cirka	det	0.008427
cirka	otte	0.008427
cirka	én	0.008427
cirka	samme	0.008427
cirka	børn	0.008427
cirka	grader	0.008427
city	i	0.169811
city	fører	0.056604
city	og	0.056604
club	i	0.600000
college	i	0.461538
connie	og	0.625000
cv	et	0.476190
d	c	0.163636
d	i	0.054545
d	november	0.054545
da	han	0.155556
da	de	0.088172
da	hun	0.070251
da	det	0.068459
da	også	0.054122
da	den	0.046595
da	der	0.042294
da	jeg	0.034767
da	en	0.034050
da	vi	0.019355
da	politiet	0.012903
da	heller	0.011470
da	man	0.010394
da	et	0.010036
da	har	0.008602
da	tv	0.008244
da	holdet	0.007885
da	er	0.006093
da	hans	0.005735
da	danmark	0.005735
da	godt	0.005376
da	ikke	0.005018
da	flere	0.004659
da	rusland	0.004659
da	være	0.004659
da	hendes	0.003584
da	kvinden	0.002867
da	sagen	0.002509
da	ulykken	0.002509
da	mange	0.002509
da	du	0.002509
da	alle	0.002151
da	branden	0.002151
da	familien	0.002151
da	at	0.002151
da	regeringen	0.002151
da	krigen	0.002151
da	både	0.002151
da	skal	0.002151
da	betjentene	0.001792
dages	fængsel	0.178571
dages	varsel	0.107143
daglige	antal	0.103448
danner	ramme	0.166667
danny	skytte	0.500000
dans	og	0.363636
dans	på	0.181818
dansk	tid	0.120163
dansk	politik	0.079430
dansk	økonomi	0.050916
dansk	og	0.046843
dansk	tyske	0.044807
dansk	jord	0.044807
dansk	side	0.030550
dansk	metal	0.026477
dansk	fodbold	0.024440
dansk	grund	0.018330
dansk	sejr	0.018330
dansk	mand	0.018330
dansk	film	0.016293
dansk	selskab	0.014257
dansk	politi	0.012220
dansk	rekord	0.010183
dansk	lov	0.008147
dansk	succes	0.008147
dansk	kultur	0.008147
dansk	pas	0.008147
dansk	it	0.008147
dansk	musik	0.006110
dansk	af	0.006110
dansk	ekspert	0.006110
dansk	design	0.006110
dansk	psykiatrisk	0.006110
dansk	center	0.006110
dansk	undersøgelse	0.006110
dansk	studie	0.006110
danske	bank	0.061159
danske	kroner	0.036481
danske	og	0.031116
danske	soldater	0.025751
danske	forsvar	0.024678
danske	mestre	0.023605
danske	spillere	0.023605
danske	myndigheder	0.022532
danske	stat	0.022532
danske	spil	0.020386
danske	hold	0.019313
danske	børn	0.017167
danske	film	0.016094
danske	hjem	0.013948
danske	fans	0.012876
danske	politikere	0.011803
danske	it	0.011803
danske	samfund	0.011803
danske	veje	0.010730
danske	banks	0.010730
danske	ambassade	0.010730
danske	marked	0.009657
danske	regering	0.009657
danske	navne	0.008584
danske	skoler	0.007511
danske	kvinder	0.007511
danske	natur	0.007511
danske	rekord	0.007511
danske	model	0.007511
danske	sejr	0.006438
danske	i	0.006438
danske	angriber	0.006438
danske	del	0.006438
danske	bidrag	0.006438
danske	jonas	0.006438
danske	regler	0.005365
danske	grand	0.005365
danske	selskab	0.005365
danske	rødder	0.005365
danske	afdeling	0.005365
data	fra	0.188679
data	der	0.084906
data	til	0.066038
data	om	0.066038
data	og	0.066038
data	i	0.047170
data	som	0.047170
data	på	0.028302
data	kan	0.028302
data	for	0.028302
data	de	0.028302
dem	der	0.221537
dem	er	0.068424
dem	til	0.044307
dem	i	0.039260
dem	som	0.038699
dem	og	0.037016
dem	med	0.026360
dem	at	0.025799
dem	på	0.025238
dem	har	0.023556
dem	siger	0.019630
dem	om	0.015143
dem	alle	0.014582
dem	så	0.011778
dem	for	0.011217
dem	var	0.009534
dem	selv	0.009534
dem	en	0.009534
dem	vi	0.008974
dem	kan	0.008974
dem	ud	0.008974
dem	hvis	0.008413
dem	men	0.007291
dem	havde	0.006169
dem	skal	0.006169
dem	ikke	0.006169
dem	et	0.005609
dem	de	0.005609
dem	op	0.005048
dem	bliver	0.005048
dem	fortæller	0.005048
dem	også	0.004487
dem	vil	0.004487
dem	blev	0.004487
dem	fra	0.004487
dem	det	0.003926
dem	man	0.003926
dem	eller	0.003926
dem	fordi	0.003926
dem	mere	0.003365
demokrati	og	0.275862
demokrati	er	0.103448
demonstration	i	0.269231
demonstration	mod	0.153846
demonstration	af	0.115385
der	er	0.228967
der	har	0.061846
der	skal	0.038681
der	var	0.038110
der	ikke	0.037319
der	i	0.029275
der	kan	0.026901
der	bliver	0.018989
der	blev	0.018681
der	også	0.016967
der	kommer	0.013275
der	vil	0.011341
der	står	0.008615
der	nu	0.008352
der	skulle	0.007604
der	ligger	0.006374
der	en	0.006198
der	havde	0.005670
der	ifølge	0.005495
der	på	0.005187
der	gør	0.005099
der	blandt	0.005099
der	for	0.004923
der	sker	0.004835
der	stadig	0.004703
der	med	0.004571
der	lige	0.004440
der	går	0.004396
der	kunne	0.004308
der	været	0.004220
der	dog	0.004088
der	kun	0.004044
der	bor	0.003824
der	være	0.003824
der	findes	0.003692
der	ingen	0.003385
der	får	0.003209
der	fik	0.003165
der	kom	0.002901
der	giver	0.002813
derek	beach	1.000000
deres	egen	0.026942
deres	børn	0.026316
deres	egne	0.020677
deres	hjem	0.020677
deres	arbejde	0.018797
deres	liv	0.018170
deres	eget	0.016917
deres	forældre	0.015038
deres	første	0.011905
deres	nye	0.010025
deres	familier	0.009398
deres	hjemmeside	0.009398
deres	fælles	0.008772
deres	kryds	0.008772
deres	bedste	0.007519
deres	historie	0.006892
deres	biler	0.006892
deres	far	0.006892
deres	sag	0.006266
deres	bolig	0.006266
deres	to	0.005639
deres	medarbejdere	0.005639
deres	hus	0.005639
deres	land	0.005013
deres	job	0.005013
deres	varer	0.004386
deres	mål	0.004386
deres	bil	0.004386
deres	tur	0.004386
deres	mor	0.004386
deres	bud	0.004386
deres	danske	0.004386
deres	mødre	0.004386
deres	private	0.004386
deres	penge	0.004386
deres	tidligere	0.004386
deres	oplevelser	0.004386
deres	støtte	0.004386
deres	løn	0.004386
deres	militære	0.003759
derhjemme	og	0.225806
derinde	siger	0.375000
dertil	kommer	0.294872
dertil	er	0.076923
dertil	skal	0.064103
dertil	at	0.064103
dertil	var	0.038462
dertil	vil	0.038462
dertil	hvor	0.038462
desto	mindre	0.783333
desto	mere	0.050000
desuden	at	0.154728
desuden	er	0.085960
desuden	har	0.080229
desuden	skal	0.057307
desuden	en	0.031519
desuden	var	0.020057
desuden	vil	0.020057
desuden	i	0.017192
desuden	på	0.014327
desuden	blev	0.014327
desuden	blevet	0.011461
desuden	tiltalt	0.011461
desuden	været	0.011461
desuden	kan	0.011461
desuden	med	0.011461
desuden	af	0.008596
desuden	for	0.008596
desuden	kunne	0.008596
desuden	et	0.008596
desuden	får	0.008596
desuden	havde	0.008596
desuden	også	0.008596
desværre	ikke	0.226415
desværre	er	0.113208
desværre	for	0.056604
desværre	har	0.050314
desværre	at	0.037736
desværre	også	0.031447
desværre	på	0.018868
desværre	nok	0.018868
desværre	uden	0.018868
desværre	været	0.018868
desværre	endnu	0.018868
desværre	gået	0.018868
din	egen	0.050279
din	telefon	0.039106
din	bil	0.033520
din	nye	0.022346
din	stemme	0.022346
din	viden	0.022346
din	mor	0.022346
din	lejlighed	0.016760
din	rolle	0.016760
din	mening	0.016760
din	bolig	0.016760
din	kandidat	0.016760
din	sag	0.016760
din	familie	0.016760
diskuterer	hvordan	0.250000
dit	barn	0.086420
dit	kryds	0.074074
dit	liv	0.074074
dit	hjem	0.061728
dit	spørgsmål	0.049383
dit	lån	0.037037
dokumenter	om	0.114286
dokumenter	fra	0.114286
dokumenter	som	0.114286
dokumenter	og	0.114286
dokumenter	til	0.085714
dreng	der	0.185185
dreng	er	0.123457
dreng	fra	0.098765
dreng	blev	0.074074
dreng	kom	0.049383
dreng	har	0.037037
dreng	og	0.037037
drenge	og	0.267857
drenge	der	0.089286
drenge	i	0.071429
drenge	med	0.053571
drenge	på	0.053571
drengen	er	0.193548
drengen	var	0.129032
dronning	elizabeth	0.594595
drømmen	om	0.576923
drømte	om	0.636364
du	kan	0.108061
du	har	0.055773
du	er	0.050109
du	skal	0.044880
du	ikke	0.040959
du	se	0.034423
du	vil	0.024401
du	også	0.017429
du	en	0.014815
du	i	0.013943
du	gerne	0.010458
du	læse	0.010022
du	selv	0.009586
du	får	0.009150
du	så	0.009150
du	må	0.008715
du	få	0.008715
du	måske	0.008279
du	bliver	0.008279
du	det	0.007843
du	et	0.007407
du	have	0.007407
du	at	0.007407
du	til	0.006972
du	for	0.006536
du	som	0.006536
du	på	0.006100
du	komme	0.006100
du	være	0.006100
du	ser	0.005664
du	høre	0.005229
du	ved	0.005229
du	nu	0.005229
du	gør	0.004357
du	spørger	0.004357
du	bør	0.004357
du	siger	0.004357
du	egentlig	0.004357
du	set	0.004357
du	da	0.003922
dybere	og	0.235294
dygtige	nok	0.151515
dygtige	til	0.121212
dyrt	at	0.264151
dyrt	og	0.188679
dyrt	siger	0.094340
dyrt	for	0.056604
dyrt	i	0.056604
dårlig	idé	0.061538
dårlig	samvittighed	0.061538
dårlig	start	0.046154
dårligt	at	0.074074
dårligt	vejr	0.074074
dårligt	nyt	0.074074
dårligt	og	0.074074
dårligt	mentalt	0.037037
dårligt	siger	0.037037
dårligt	lys	0.037037
dårligt	men	0.037037
dårligt	hvis	0.037037
dække	de	0.138889
dække	af	0.138889
dække	over	0.111111
dække	det	0.111111
dækker	over	0.363636
dækker	både	0.038961
dækker	det	0.038961
dér	hvor	0.108108
dér	er	0.108108
dér	i	0.081081
døden	til	0.333333
døden	som	0.128205
døden	i	0.102564
døden	og	0.076923
dødsfald	i	0.290323
døre	og	0.344828
døre	hvorfor	0.103448
effekt	på	0.333333
effekt	af	0.100000
effektiv	måde	0.222222
efter	at	0.173314
efter	en	0.103644
efter	et	0.066470
efter	den	0.040128
efter	de	0.022157
efter	det	0.020187
efter	planen	0.016987
efter	to	0.015756
efter	han	0.013786
efter	flere	0.013540
efter	minutter	0.011571
efter	tre	0.011324
efter	sin	0.010586
efter	valget	0.010586
efter	år	0.010340
efter	kampen	0.008370
efter	hun	0.008124
efter	mange	0.006647
efter	i	0.006401
efter	blev	0.006155
efter	alt	0.005908
efter	klokken	0.005662
efter	var	0.005416
efter	længere	0.005416
efter	fire	0.005170
efter	seks	0.005170
efter	sejren	0.004924
efter	minutters	0.004677
efter	nogle	0.004431
efter	og	0.004431
efter	fem	0.004185
efter	hvor	0.004185
efter	mere	0.004185
efter	dagens	0.004185
efter	krigen	0.003939
efter	nytår	0.003939
efter	ulykken	0.003939
efter	angrebet	0.003939
efter	hans	0.003939
efter	sit	0.003939
eftermiddag	og	0.056604
eftermiddag	i	0.049057
eftermiddag	har	0.049057
eftermiddag	er	0.049057
eftermiddag	var	0.041509
eftermiddag	at	0.037736
eftermiddag	blev	0.030189
eftermiddag	hvor	0.030189
eftermiddag	på	0.022642
eftermiddag	klokken	0.022642
eftermiddag	med	0.022642
eftermiddag	vil	0.018868
eftermiddag	blevet	0.018868
eftermiddag	en	0.018868
eftermiddag	for	0.015094
eftermiddag	måtte	0.015094
eftermiddag	fundet	0.011321
eftermiddag	ramt	0.011321
eftermiddag	den	0.011321
eftermiddag	til	0.011321
egentlig	er	0.106195
egentlig	ikke	0.048673
egentlig	var	0.048673
egentlig	bare	0.039823
egentlig	har	0.030973
egentlig	at	0.030973
egentlig	på	0.026549
egentlig	være	0.022124
egentlig	skulle	0.022124
egentlig	om	0.017699
egentlig	en	0.013274
egentlig	også	0.013274
egentlig	have	0.013274
egentlig	ret	0.013274
egentlig	hvis	0.013274
egentlig	havde	0.013274
egne	ord	0.088435
egne	børn	0.040816
egne	hænder	0.040816
egne	øjne	0.040816
egne	rækker	0.034014
egne	tal	0.034014
egne	og	0.027211
egne	produkter	0.027211
egne	sange	0.027211
egne	af	0.027211
egne	ben	0.027211
egne	borgere	0.020408
ejer	af	0.215827
ejer	og	0.071942
ejer	en	0.043165
ejer	den	0.035971
ejer	er	0.028777
ejer	blandt	0.021583
ejer	procent	0.021583
ejer	har	0.021583
ejeren	af	0.333333
ejeren	har	0.111111
ejeren	er	0.083333
eksplodere	i	0.600000
elektricitet	og	0.428571
elever	i	0.122549
elever	og	0.117647
elever	fra	0.112745
elever	på	0.107843
elever	der	0.107843
elever	skal	0.034314
elever	kan	0.034314
elever	som	0.034314
elever	til	0.029412
elever	har	0.014706
elever	forældre	0.014706
elever	er	0.014706
ellers	er	0.095455
ellers	har	0.050000
ellers	at	0.047727
ellers	var	0.038636
ellers	kan	0.036364
ellers	ikke	0.027273
ellers	skal	0.022727
ellers	i	0.020455
ellers	været	0.020455
ellers	havde	0.020455
ellers	vil	0.020455
ellers	ville	0.018182
ellers	med	0.015909
ellers	så	0.015909
ellers	bliver	0.011364
ellers	tidligere	0.011364
ellers	længe	0.009091
ellers	må	0.009091
ellers	en	0.009091
ellers	skulle	0.006818
ellers	godt	0.006818
ellers	planlagt	0.006818
ellers	fået	0.006818
ellers	går	0.006818
ellers	ret	0.006818
ellers	ser	0.006818
ellers	gået	0.006818
ellers	planen	0.006818
ellers	kommer	0.006818
ellers	kunne	0.006818
ellers	står	0.006818
ellers	et	0.006818
ellers	frem	0.006818
ellers	på	0.006818
elskede	at	0.250000
em	i	0.313559
em	guld	0.076271
em	finalen	0.076271
em	kamp	0.042373
em	mod	0.042373
em	s	0.033898
em	og	0.033898
em	sølv	0.025424
en	af	0.056918
en	del	0.047318
en	ny	0.036715
en	række	0.026850
en	stor	0.025057
en	anden	0.021786
en	god	0.016300
en	lang	0.010550
en	lille	0.009864
en	helt	0.009706
en	mand	0.009390
en	meget	0.008651
en	sejr	0.007965
en	uge	0.007121
en	masse	0.007069
en	større	0.006910
en	aftale	0.006594
en	kvinde	0.006436
en	gang	0.006014
en	smule	0.005803
en	tur	0.005644
en	plads	0.005275
en	person	0.005170
en	halv	0.005064
en	kamp	0.005011
en	gruppe	0.004906
en	dag	0.004906
en	mere	0.004853
en	enkelt	0.004800
en	vigtig	0.004748
en	kæmpe	0.004642
en	hel	0.004537
en	måned	0.004431
en	sag	0.004273
en	dansk	0.004220
en	bil	0.004167
en	kommentar	0.004009
en	undersøgelse	0.003956
en	bøde	0.003798
en	periode	0.003745
enden	af	0.631579
endte	med	0.502128
endte	i	0.093617
endte	det	0.046809
endte	som	0.034043
endte	på	0.034043
endte	dog	0.017021
endte	også	0.017021
endte	en	0.012766
endte	kampen	0.012766
endte	og	0.012766
endte	til	0.012766
energien	og	0.136364
energien	er	0.136364
eneste	der	0.171821
eneste	gang	0.058419
eneste	dag	0.054983
eneste	af	0.034364
eneste	danske	0.027491
eneste	parti	0.027491
eneste	mulighed	0.024055
eneste	som	0.024055
eneste	i	0.020619
eneste	måde	0.020619
eneste	år	0.020619
eneste	sted	0.017182
eneste	mål	0.017182
eneste	rigtige	0.017182
eneste	land	0.013746
eneste	undtagelse	0.013746
eneste	man	0.013746
eneste	medlem	0.010309
eneste	han	0.010309
eneste	vi	0.010309
eneste	vej	0.010309
engelsk	og	0.230769
engelsk	i	0.102564
engelsk	siger	0.076923
enheder	og	0.205882
enheder	der	0.088235
enheder	som	0.088235
enige	om	0.774194
enige	i	0.102151
enige	med	0.075269
er	det	0.070892
er	en	0.054886
er	der	0.049727
er	blevet	0.041739
er	ikke	0.038202
er	i	0.029919
er	et	0.024996
er	at	0.020221
er	den	0.018747
er	på	0.014503
er	også	0.012704
er	dog	0.010847
er	de	0.010759
er	meget	0.009550
er	så	0.008784
er	nu	0.008283
er	kommet	0.008195
er	for	0.008136
er	jo	0.008077
er	noget	0.007074
er	nemlig	0.006662
er	tale	0.006632
er	gået	0.006249
er	med	0.006190
er	han	0.006043
er	vi	0.005571
er	helt	0.005483
er	sket	0.005394
er	blandt	0.005306
er	klar	0.005129
er	ved	0.005070
er	mere	0.004775
er	stadig	0.004510
er	jeg	0.004363
er	lige	0.004304
er	til	0.004274
er	ifølge	0.003950
er	godt	0.003832
er	mange	0.003744
er	nogle	0.003714
ere	og	0.130435
evig	tid	0.375000
evne	til	0.900000
evnen	til	0.928571
faldet	med	0.164474
faldet	i	0.151316
faldet	på	0.085526
faldet	fra	0.065789
faldet	til	0.065789
faldet	en	0.046053
faldet	er	0.032895
faldet	og	0.032895
faldet	over	0.026316
faldet	siden	0.019737
faldet	de	0.019737
faldet	procent	0.019737
faldet	ses	0.019737
faldet	skyldes	0.019737
falske	nyheder	0.153846
falske	historier	0.115385
falske	og	0.115385
fanget	i	0.469697
fanget	af	0.121212
fanget	på	0.121212
fantastisk	at	0.175824
fantastisk	siger	0.098901
fantastisk	og	0.032967
fantastisk	oplevelse	0.032967
fantastisk	menneske	0.032967
fantastisk	dygtige	0.032967
fantastiske	skabninger	0.307692
far	og	0.134969
far	er	0.092025
far	i	0.061350
far	der	0.061350
far	til	0.049080
far	som	0.036810
far	for	0.030675
far	var	0.030675
far	har	0.024540
far	blev	0.024540
far	men	0.018405
far	kan	0.018405
far	døde	0.018405
far	en	0.018405
far	datter	0.018405
far	så	0.018405
far	ikke	0.018405
far	på	0.018405
fare	for	0.557143
fare	i	0.085714
fare	på	0.071429
fare	efter	0.042857
faren	for	0.285714
faren	er	0.142857
farvel	til	0.796875
farvel	og	0.085938
februar	og	0.094595
februar	i	0.094595
februar	har	0.072072
februar	klokken	0.058559
februar	blev	0.049550
februar	men	0.040541
februar	at	0.036036
februar	til	0.031532
februar	vil	0.022523
februar	kl	0.022523
februar	sidste	0.018018
februar	er	0.018018
februar	hvor	0.018018
februar	næste	0.013514
februar	for	0.013514
februar	var	0.013514
februar	sendte	0.013514
februar	som	0.013514
februar	måned	0.013514
februar	på	0.013514
fedt	at	0.442308
fedt	siger	0.115385
fedt	og	0.076923
fem	år	0.187017
fem	dage	0.057187
fem	minutter	0.047913
fem	procent	0.037094
fem	af	0.035549
fem	måneder	0.030912
fem	og	0.029366
fem	gange	0.026275
fem	kampe	0.020093
fem	point	0.020093
fem	mænd	0.018547
fem	til	0.018547
fem	personer	0.018547
fem	millioner	0.018547
fem	års	0.013910
fem	uger	0.013910
fem	i	0.012365
fem	tilfælde	0.012365
fem	seks	0.010819
fem	andre	0.010819
fem	om	0.009274
fem	mennesker	0.009274
fem	kroner	0.009274
fem	kilo	0.009274
fem	timer	0.007728
fem	grader	0.007728
fem	danske	0.007728
fem	største	0.007728
fem	nye	0.007728
fem	milliarder	0.007728
fem	kilometer	0.007728
fem	meter	0.007728
fem	forskellige	0.007728
fem	slag	0.006182
fem	minutters	0.006182
fem	ud	0.006182
fem	mål	0.006182
fem	gode	0.004637
fem	ti	0.004637
fem	kvinder	0.004637
film	og	0.139394
film	i	0.084848
film	der	0.078788
film	om	0.060606
film	som	0.054545
film	er	0.048485
film	på	0.042424
film	fra	0.036364
film	med	0.030303
film	hvor	0.024242
film	har	0.024242
film	tv	0.018182
film	flugt	0.018182
film	vi	0.018182
fin	start	0.210526
fin	lille	0.157895
finalen	i	0.206897
finalen	ved	0.124138
finalen	hvor	0.048276
finalen	var	0.041379
finalen	på	0.041379
finalen	mellem	0.034483
finalen	skal	0.034483
finalen	mod	0.034483
finalen	og	0.027586
finalen	som	0.020690
finalen	til	0.020690
finalen	blev	0.020690
finde	en	0.154830
finde	ud	0.142045
finde	på	0.099432
finde	et	0.041193
finde	frem	0.036932
finde	i	0.034091
finde	sted	0.032670
finde	den	0.031250
finde	de	0.018466
finde	sig	0.017045
finde	noget	0.015625
finde	nye	0.015625
finde	nogle	0.014205
finde	og	0.012784
finde	det	0.011364
finde	vej	0.011364
finde	plads	0.009943
finde	rundt	0.009943
finde	svar	0.008523
finde	ham	0.008523
finde	pengene	0.008523
finde	dem	0.007102
finde	andre	0.007102
finde	flere	0.005682
finde	arbejde	0.005682
finde	ro	0.005682
finde	nogen	0.004261
finde	deres	0.004261
finde	fælles	0.004261
finde	kroner	0.004261
finde	hinanden	0.004261
finde	føde	0.004261
finde	kærligheden	0.004261
finde	inspiration	0.004261
finde	yderligere	0.004261
finde	ord	0.004261
finde	mig	0.004261
finde	vores	0.004261
finder	sted	0.318182
finder	man	0.094406
finder	det	0.048951
finder	vi	0.045455
finder	en	0.041958
finder	du	0.031469
finder	i	0.027972
finder	ud	0.024476
finder	de	0.020979
finder	hun	0.020979
finder	vej	0.017483
finder	også	0.013986
finder	frem	0.013986
finder	at	0.013986
finder	ikke	0.010490
finder	sammen	0.010490
finder	den	0.010490
finder	sig	0.010490
finder	et	0.010490
finder	noget	0.010490
finder	ham	0.010490
finder	jeg	0.010490
fingre	i	0.296296
fingre	for	0.148148
finn	jensen	0.600000
firmaet	har	0.128205
firmaet	er	0.102564
flag	og	0.208955
flag	på	0.104478
flag	i	0.074627
flag	fra	0.044776
flag	som	0.044776
flere	af	0.092623
flere	gange	0.075000
flere	steder	0.049180
flere	end	0.046311
flere	år	0.027459
flere	penge	0.025000
flere	og	0.020902
flere	andre	0.020902
flere	hundrede	0.016803
flere	til	0.014344
flere	måneder	0.013115
flere	tilfælde	0.011885
flere	i	0.011066
flere	dage	0.010246
flere	forskellige	0.010246
flere	tusinde	0.009836
flere	danske	0.009016
flere	der	0.009016
flere	lande	0.008607
flere	har	0.008607
flere	børn	0.008197
flere	eksperter	0.008197
flere	unge	0.007787
flere	ting	0.007377
flere	timer	0.007377
flere	kvinder	0.007377
flere	er	0.006967
flere	års	0.006557
flere	uger	0.005738
flere	mennesker	0.005738
flere	personer	0.005328
flere	store	0.005328
flere	gode	0.005328
flere	muligheder	0.005328
flere	på	0.005328
flere	borgere	0.004918
flere	lokale	0.004918
flere	vil	0.004918
flere	måder	0.004508
flere	lejligheder	0.004508
flest	stemmer	0.100000
flest	af	0.083333
flest	point	0.050000
flest	tilfælde	0.050000
flest	mulige	0.050000
flugt	fra	0.240000
flugt	i	0.140000
flugt	har	0.100000
flugt	og	0.080000
flyde	over	0.444444
flygtet	fra	0.595745
flygtet	til	0.106383
flygtet	ud	0.085106
flytte	til	0.154545
flytte	ind	0.100000
flytte	sig	0.054545
flytte	tilbage	0.036364
flytte	os	0.027273
flytte	fra	0.027273
flytte	ud	0.027273
flyttede	til	0.203704
flyttede	han	0.111111
flyttede	ind	0.092593
flyttede	fra	0.055556
flyttede	hjemmefra	0.055556
flyve	til	0.134328
flyve	med	0.134328
flyve	en	0.089552
flyve	på	0.074627
flyve	rundt	0.044776
flyve	i	0.044776
flyve	over	0.044776
flyve	og	0.044776
fokuseret	på	0.692308
forandret	sig	0.375000
forberedt	på	0.461538
forberedt	sig	0.179487
forberedt	til	0.076923
forbindelse	med	0.858144
forbindelse	til	0.033275
forbindelse	er	0.012259
forbindelse	mellem	0.008757
forbindelse	at	0.007005
forbindelse	over	0.007005
forbindelse	har	0.007005
forbindelse	sagde	0.005254
forbindelse	også	0.005254
forbinder	med	0.384615
forbliver	på	0.136364
forbliver	den	0.136364
fordi	de	0.157313
fordi	det	0.147109
fordi	han	0.086735
fordi	der	0.073980
fordi	man	0.067177
fordi	jeg	0.063776
fordi	vi	0.062075
fordi	den	0.058673
fordi	hun	0.041667
fordi	en	0.016156
fordi	at	0.007653
fordi	folk	0.006803
fordi	du	0.005952
fordi	deres	0.005952
fordi	flere	0.005952
fordi	i	0.005952
fordi	mange	0.005102
fordi	hendes	0.005102
fordi	politiet	0.004252
fordi	hans	0.004252
fordi	nogle	0.003401
fordi	min	0.003401
fordi	alle	0.003401
fordi	noget	0.003401
fordi	store	0.003401
fordi	vores	0.003401
fordi	et	0.003401
fordi	din	0.003401
fordi	arbejdet	0.002551
fordi	så	0.002551
fordi	rusland	0.002551
fordi	hvis	0.002551
fordi	selskabet	0.002551
foregår	i	0.288591
foregår	på	0.181208
foregår	det	0.040268
foregår	der	0.026846
foregår	med	0.020134
foregår	ved	0.020134
foregår	omkring	0.020134
foregår	bag	0.020134
foregår	en	0.020134
foreslå	at	0.750000
forestille	sig	0.709091
forestille	mig	0.181818
forestille	os	0.054545
forestiller	sig	0.500000
forestiller	mig	0.187500
foretaget	en	0.241071
foretaget	af	0.205357
foretaget	på	0.062500
foretaget	for	0.062500
foretaget	flere	0.044643
foretaget	blandt	0.044643
foretaget	et	0.026786
foretaget	ca	0.026786
forfatter	og	0.235955
forfatter	til	0.134831
forfatter	der	0.067416
forfatter	af	0.056180
forfatter	i	0.044944
forgæves	forsøgt	0.166667
forgæves	at	0.100000
forhandle	om	0.333333
forhandle	med	0.208333
forhold	til	0.744574
forhold	der	0.021703
forhold	og	0.020033
forhold	som	0.018364
forhold	i	0.018364
forhold	for	0.016694
forhold	på	0.015025
forhold	er	0.011686
forhold	mellem	0.010017
forhold	end	0.010017
forhold	med	0.008347
forhold	skal	0.008347
forhold	om	0.006678
forhold	men	0.006678
forhold	at	0.006678
forhold	siger	0.005008
forhold	har	0.005008
forhold	af	0.005008
forkert	at	0.160000
forkert	og	0.080000
forkert	siger	0.080000
forkert	retning	0.040000
forkert	i	0.040000
forkert	signal	0.040000
forkert	af	0.040000
forkert	på	0.040000
forklarede	den	0.129630
forklarede	han	0.129630
forklarede	at	0.129630
forklarede	sig	0.055556
forklarede	i	0.055556
forklarede	hun	0.055556
forklarede	michael	0.055556
forklaring	på	0.310345
forklaring	i	0.103448
forklaring	til	0.045977
forklaring	og	0.034483
forklaring	kan	0.034483
forklaring	har	0.034483
forlade	landet	0.181818
forlade	deres	0.100000
forlade	rusland	0.054545
forlade	den	0.045455
forlade	stedet	0.045455
forlade	det	0.036364
forlade	sin	0.036364
forlade	posten	0.036364
forlade	partiet	0.036364
forlade	retten	0.027273
forlade	byen	0.027273
forlade	sit	0.027273
forlader	landet	0.111111
forlader	han	0.055556
forlader	sin	0.055556
forlader	dansk	0.055556
forlod	partiet	0.100000
forlod	sin	0.060000
formand	for	0.605469
formand	i	0.080078
formand	søren	0.042969
formand	og	0.021484
formand	er	0.015625
formand	henrik	0.015625
formand	hans	0.011719
formand	har	0.009766
formand	på	0.007812
formand	alex	0.007812
formand	mener	0.005859
formand	klaus	0.005859
formål	at	0.430769
formål	med	0.092308
formål	er	0.046154
formål	for	0.046154
formål	og	0.046154
fornuftig	pris	0.300000
forrest	i	0.410256
forrest	og	0.307692
forretning	i	0.205128
forretning	og	0.179487
forretning	med	0.128205
forretning	for	0.102564
forretningen	i	0.078947
forsinket	og	0.200000
forsinket	på	0.160000
forskel	på	0.450617
forskel	for	0.154321
forskel	i	0.067901
forskel	fra	0.055556
forskel	at	0.043210
forskel	er	0.024691
forskel	mellem	0.024691
forskel	siger	0.018519
forskel	når	0.018519
forstand	på	0.277778
forstand	at	0.222222
forstand	er	0.166667
forstår	godt	0.160714
forstår	ikke	0.142857
forstår	at	0.098214
forstår	jeg	0.062500
forstår	det	0.053571
forstår	hvad	0.035714
forstår	og	0.035714
forstår	hvor	0.026786
forstår	du	0.026786
forstår	hvorfor	0.026786
forstår	den	0.026786
forsvarer	og	0.120000
forsøgte	at	0.625000
forsøgte	han	0.039062
forsøgte	i	0.039062
forsøgte	man	0.023438
forsøgte	en	0.023438
fortalte	at	0.175758
fortalte	om	0.121212
fortalte	han	0.109091
fortalte	hun	0.060606
fortalte	i	0.048485
fortalte	en	0.030303
fortalte	den	0.030303
fortalte	også	0.024242
fortalte	til	0.018182
fortalte	dem	0.018182
fortalte	mig	0.018182
fortælle	om	0.304124
fortælle	at	0.201031
fortælle	hvor	0.036082
fortælle	det	0.030928
fortælle	dem	0.025773
fortælle	i	0.025773
fortælle	os	0.025773
fortælle	hvad	0.025773
fortælle	deres	0.020619
fortælle	de	0.020619
fortælle	ham	0.020619
fortælle	dig	0.015464
fortælle	den	0.015464
fortælle	sin	0.015464
fortælle	historier	0.015464
foråret	og	0.087912
foråret	er	0.076923
foråret	at	0.043956
foråret	som	0.043956
foråret	kommer	0.043956
foråret	fik	0.043956
foråret	i	0.032967
foråret	hvor	0.032967
foråret	blev	0.032967
fransk	politi	0.264706
fransk	og	0.147059
fredag	aften	0.152488
fredag	morgen	0.081862
fredag	eftermiddag	0.072231
fredag	den	0.067416
fredag	og	0.043339
fredag	i	0.032103
fredag	blev	0.032103
fredag	er	0.027287
fredag	klokken	0.025682
fredag	har	0.022472
fredag	at	0.016051
fredag	var	0.016051
fredag	på	0.011236
fredag	til	0.011236
fredag	kan	0.011236
fredag	efter	0.009631
fredag	blevet	0.009631
fredag	hvor	0.009631
fredag	skal	0.009631
fredag	for	0.009631
fredag	fik	0.009631
fredag	bliver	0.008026
fredag	ved	0.006421
fredag	meldte	0.006421
fredag	mødes	0.006421
fredag	dansk	0.006421
fredag	april	0.006421
fredag	lokal	0.006421
fredag	vil	0.006421
fredag	som	0.004815
fredag	kørte	0.004815
fredag	kommer	0.004815
fredag	middag	0.004815
frem	til	0.456503
frem	mod	0.095607
frem	at	0.069767
frem	for	0.062877
frem	og	0.058570
frem	i	0.057709
frem	på	0.027562
frem	som	0.010336
frem	med	0.009475
frem	under	0.008613
frem	siger	0.007752
frem	efter	0.006891
frem	fra	0.006891
frem	igen	0.006029
frem	så	0.006029
frem	når	0.006029
frem	er	0.005168
frem	imod	0.003445
frem	kunne	0.003445
frem	af	0.003445
frem	mener	0.003445
frem	over	0.002584
frem	nu	0.002584
frem	ved	0.002584
frem	der	0.002584
frem	foran	0.002584
frem	har	0.002584
frem	men	0.002584
frem	skriver	0.002584
frem	bliver	0.002584
fremad	og	0.235294
fremad	i	0.176471
fremad	for	0.117647
fremad	med	0.088235
fremmest	er	0.120000
fremmest	en	0.060000
fremmest	blive	0.060000
fremtid	i	0.230769
fremtid	er	0.076923
fremtid	siger	0.051282
fremtid	men	0.038462
fremtid	hvis	0.038462
fremtid	og	0.038462
fremtiden	for	0.094444
fremtiden	skal	0.094444
fremtiden	vil	0.083333
fremtiden	kan	0.083333
fremtiden	og	0.055556
fremtiden	siger	0.050000
fremtiden	bringer	0.033333
fremtiden	er	0.033333
fremtiden	i	0.027778
fremtiden	lyder	0.027778
fremtiden	at	0.022222
fremtiden	skriver	0.022222
fremtiden	ikke	0.022222
fremtiden	bliver	0.022222
fremtiden	sagde	0.016667
fremtiden	hvis	0.016667
frie	grønne	0.490566
frie	verden	0.094340
frie	valg	0.075472
frie	presse	0.056604
frit	valg	0.089552
frit	fald	0.089552
frit	i	0.089552
frit	løb	0.059701
frit	kan	0.059701
frit	spil	0.059701
frit	på	0.044776
frit	for	0.044776
frit	og	0.044776
frivillige	der	0.115385
frivillige	og	0.076923
frivillige	til	0.053846
frivillige	på	0.053846
frivillige	som	0.053846
frivillige	har	0.046154
frivillige	fra	0.046154
frivillige	er	0.038462
frivillige	kræfter	0.023077
frivillige	i	0.023077
frivillige	arbejde	0.023077
frivillige	aftaler	0.023077
frivilligt	arbejde	0.090909
frø	og	0.375000
fuldstændig	enig	0.035294
fuldstændig	som	0.035294
fuldstændig	på	0.035294
fyldte	i	0.133333
fyr	og	0.411765
fyr	som	0.176471
fyre	fyrværkeri	0.176471
fysik	og	0.500000
fysiske	og	0.115385
fysiske	symptomer	0.076923
fysiske	rammer	0.057692
fysiske	problemer	0.057692
fysiske	skader	0.057692
færd	med	0.682927
færd	på	0.073171
færre	end	0.165644
færre	penge	0.085890
færre	og	0.079755
færre	børn	0.042945
færre	vil	0.024540
færre	af	0.024540
færre	studerende	0.024540
færre	passagerer	0.018405
færre	unge	0.018405
færre	varer	0.018405
færre	besøgende	0.018405
fødselsdag	i	0.108108
fødselsdag	den	0.081081
fødselsdag	på	0.081081
fødselsdag	så	0.081081
fødselsdag	er	0.081081
født	i	0.437500
født	og	0.177083
født	med	0.062500
født	på	0.041667
følelsen	af	0.863636
føles	som	0.301887
føles	det	0.132075
føles	at	0.056604
føles	lidt	0.056604
følger	med	0.211864
følger	den	0.059322
følger	de	0.059322
følger	en	0.050847
følger	i	0.050847
følger	situationen	0.033898
følger	af	0.033898
følger	der	0.033898
følger	man	0.033898
følger	også	0.025424
følger	vi	0.025424
føreren	af	0.500000
g	på	0.111111
g	erne	0.097222
g	ere	0.083333
g	er	0.041667
gader	og	0.351351
gader	i	0.108108
gal	med	0.444444
gal	igen	0.444444
galt	i	0.142857
galt	med	0.130952
galt	for	0.119048
galt	siger	0.059524
galt	da	0.059524
galt	afsted	0.059524
galt	på	0.047619
galt	og	0.035714
galt	men	0.035714
galt	er	0.035714
gav	ham	0.052632
gav	det	0.052632
gav	den	0.047368
gav	mig	0.042105
gav	de	0.036842
gav	ikke	0.036842
gav	et	0.031579
gav	sig	0.031579
gav	hende	0.026316
gav	han	0.021053
gav	mening	0.021053
gav	en	0.021053
gav	udtryk	0.021053
gav	hun	0.015789
gav	os	0.015789
gav	i	0.015789
gav	ordre	0.015789
gav	dem	0.015789
gave	til	0.375000
gave	fra	0.125000
gemme	sig	0.363636
gemt	i	0.393939
gemt	væk	0.151515
gemt	under	0.090909
gemt	sig	0.090909
gemte	sig	0.428571
gider	at	0.305556
gider	ikke	0.194444
gider	jeg	0.111111
gift	med	0.380952
gift	ved	0.142857
gift	i	0.119048
gift	og	0.119048
gifte	sig	0.800000
gjort	det	0.206967
gjort	sig	0.067623
gjort	noget	0.065574
gjort	i	0.047131
gjort	en	0.038934
gjort	at	0.022541
gjort	og	0.020492
gjort	klar	0.018443
gjort	for	0.018443
gjort	opmærksom	0.018443
gjort	til	0.016393
gjort	et	0.014344
gjort	os	0.014344
gjort	brug	0.012295
gjort	siden	0.012295
gjort	alt	0.012295
gjort	op	0.012295
gjort	meget	0.012295
gjort	klart	0.012295
gjort	med	0.012295
gjort	så	0.012295
gjort	mere	0.012295
gjort	sit	0.010246
gjort	rent	0.010246
gjort	ham	0.010246
gjort	siger	0.010246
gjort	den	0.008197
gjort	ondt	0.008197
gjort	på	0.008197
gjort	ved	0.008197
gjort	hende	0.008197
gjort	mange	0.008197
gjort	indtryk	0.006148
gjort	af	0.006148
gjort	hvad	0.006148
gjort	mig	0.006148
gjort	de	0.006148
gjort	bekendt	0.006148
gjort	anderledes	0.006148
glas	vin	0.192308
glas	i	0.115385
glas	og	0.115385
glas	champagne	0.115385
glip	af	1.000000
glæder	sig	0.430108
glæder	mig	0.166667
glæder	os	0.086022
glæder	jeg	0.048387
glæder	han	0.037634
glæder	det	0.037634
glæder	vi	0.032258
glæder	de	0.021505
glæder	både	0.016129
glæder	hun	0.016129
gps	en	0.258065
gps	er	0.161290
gps	udstyr	0.129032
gps	og	0.096774
gram	hash	0.181818
gram	kokain	0.151515
gram	og	0.090909
gram	i	0.090909
gratis	at	0.148936
gratis	og	0.095745
gratis	adgang	0.074468
gratis	i	0.053191
gratis	for	0.042553
gratis	med	0.031915
gratis	mad	0.031915
gratis	øl	0.031915
gravet	op	0.235294
grebet	af	0.280000
grebet	om	0.120000
grebet	ind	0.120000
grimt	om	0.333333
grov	vold	0.714286
grove	træk	0.214286
grunde	til	0.471698
grunde	og	0.056604
grundlæggende	problemer	0.063830
grundlæggende	behov	0.063830
grundlæggende	om	0.063830
grøn	energi	0.193182
grøn	strøm	0.159091
grøn	alliance	0.102273
grøn	og	0.068182
grøn	koncert	0.056818
grøn	fremtid	0.034091
guvernør	i	0.555556
gæld	til	0.200000
gæld	på	0.120000
gæld	i	0.120000
gæld	for	0.120000
gælder	for	0.138138
gælder	det	0.126126
gælder	også	0.117117
gælder	blandt	0.072072
gælder	i	0.054054
gælder	både	0.048048
gælder	om	0.042042
gælder	de	0.036036
gælder	ikke	0.024024
gælder	den	0.018018
gælder	dog	0.015015
gælder	på	0.015015
gælder	fra	0.015015
gælder	især	0.015015
gælder	uanset	0.012012
gælder	kun	0.012012
gælder	til	0.012012
gælder	frem	0.009009
gælder	alle	0.009009
gælder	særligt	0.009009
gæster	til	0.093168
gæster	og	0.080745
gæster	på	0.068323
gæster	der	0.062112
gæster	er	0.049689
gæster	har	0.043478
gæster	i	0.037267
gæster	som	0.031056
gæster	fra	0.024845
gæster	vil	0.018634
gæster	om	0.018634
gæster	end	0.018634
gæster	ind	0.018634
gæster	skal	0.018634
gæt	er	0.666667
gør	det	0.221786
gør	at	0.098135
gør	man	0.036310
gør	de	0.033366
gør	vi	0.032385
gør	sig	0.031403
gør	en	0.028459
gør	i	0.025515
gør	jeg	0.022571
gør	noget	0.022571
gør	den	0.016683
gør	han	0.016683
gør	alt	0.015702
gør	ondt	0.014720
gør	ikke	0.013739
gør	siger	0.012758
gør	mig	0.011776
gør	klar	0.010795
gør	ham	0.009814
gør	opmærksom	0.008832
gør	også	0.008832
gør	dem	0.007851
gør	når	0.007851
gør	hun	0.007851
gør	os	0.007851
gør	meget	0.006869
gør	hende	0.006869
gør	for	0.006869
gør	nu	0.005888
gør	så	0.005888
gør	som	0.005888
gør	du	0.005888
gør	med	0.004907
gør	hvad	0.004907
gør	og	0.004907
gør	på	0.004907
gør	til	0.004907
gør	vores	0.004907
gør	et	0.004907
gør	op	0.003925
gøres	noget	0.232877
gøres	for	0.095890
gøres	til	0.054795
gøres	mere	0.054795
gøres	klar	0.041096
gøres	bedre	0.041096
gøres	permanent	0.041096
had	til	0.285714
had	og	0.285714
halsen	og	0.258065
halsen	på	0.161290
halvvejs	gennem	0.176471
ham	og	0.071429
ham	at	0.067288
ham	til	0.065217
ham	i	0.064182
ham	på	0.035197
ham	er	0.032091
ham	selv	0.030021
ham	med	0.028986
ham	som	0.027950
ham	der	0.024845
ham	for	0.023810
ham	en	0.021739
ham	men	0.020704
ham	om	0.018634
ham	fra	0.015528
ham	siger	0.014493
ham	ud	0.013458
ham	har	0.012422
ham	ikke	0.012422
ham	så	0.012422
ham	da	0.008282
ham	var	0.008282
ham	også	0.007246
ham	ned	0.007246
ham	fortæller	0.006211
ham	tilbage	0.006211
ham	lyder	0.006211
ham	op	0.006211
ham	ved	0.005176
ham	væk	0.005176
ham	et	0.005176
ham	hjem	0.005176
ham	hvor	0.005176
ham	ret	0.004141
ham	dog	0.004141
ham	nu	0.004141
ham	efter	0.004141
ham	hvis	0.004141
ham	den	0.004141
ham	lidt	0.004141
hammer	bakker	0.333333
hammer	og	0.142857
handlede	om	0.641975
handlede	det	0.111111
handlede	i	0.037037
handling	siger	0.109091
handling	bag	0.109091
handling	der	0.109091
handling	som	0.090909
handling	og	0.072727
handling	i	0.054545
handling	fra	0.054545
handling	hvis	0.054545
hang	sammen	0.130435
hang	til	0.130435
hansen	der	0.123418
hansen	og	0.091772
hansen	fra	0.075949
hansen	er	0.069620
hansen	har	0.053797
hansen	i	0.044304
hansen	som	0.037975
hansen	at	0.028481
hansen	til	0.025316
hansen	s	0.018987
hansen	på	0.015823
hansen	mener	0.012658
hansen	vil	0.012658
hansen	havde	0.009494
hansen	fik	0.009494
haven	på	0.103448
havn	i	0.117647
havn	og	0.094118
havn	har	0.070588
havn	til	0.058824
havn	hvor	0.058824
havn	for	0.047059
havn	er	0.047059
havnede	i	0.375000
havnen	i	0.471429
havnen	og	0.057143
havnen	hvor	0.042857
havnen	har	0.042857
heldige	at	0.214286
heldigt	at	0.500000
helikopter	til	0.200000
helikopter	i	0.150000
helikopter	og	0.150000
helst	ikke	0.137255
helst	at	0.058824
helst	vil	0.049020
helst	ville	0.029412
helst	skal	0.029412
hen	over	0.389892
hen	til	0.115523
hen	og	0.093863
hen	ad	0.075812
hen	i	0.046931
hen	mod	0.046931
hen	imod	0.021661
hen	på	0.021661
hen	siger	0.014440
hen	for	0.010830
hen	hvor	0.010830
hende	og	0.094253
hende	til	0.075862
hende	at	0.059770
hende	i	0.057471
hende	på	0.048276
hende	for	0.041379
hende	med	0.027586
hende	en	0.027586
hende	der	0.025287
hende	er	0.020690
hende	om	0.018391
hende	ikke	0.016092
hende	selv	0.016092
hende	ud	0.013793
hende	som	0.013793
hende	har	0.013793
hende	op	0.011494
hende	ned	0.009195
hende	fra	0.009195
hende	står	0.009195
hende	men	0.006897
hende	blive	0.006897
hende	et	0.006897
hende	ihjel	0.006897
hende	derfor	0.006897
hende	under	0.006897
hende	siden	0.006897
hende	ind	0.006897
hende	siger	0.006897
hende	var	0.006897
hende	stadig	0.006897
hende	da	0.006897
hensyn	til	0.811321
hensyn	at	0.037736
hensyn	der	0.037736
himlen	over	0.146341
himlen	men	0.121951
himlen	og	0.121951
himlen	i	0.097561
hinanden	og	0.154982
hinanden	i	0.143911
hinanden	for	0.081181
hinanden	på	0.066421
hinanden	siger	0.051661
hinanden	med	0.029520
hinanden	men	0.025830
hinanden	om	0.022140
hinanden	som	0.022140
hinanden	til	0.018450
hinanden	at	0.014760
hinanden	så	0.014760
hinanden	siden	0.014760
hinanden	var	0.011070
hinanden	da	0.011070
hinanden	igen	0.011070
hinanden	er	0.011070
hive	en	0.096774
hjerte	og	0.195122
hjerte	er	0.073171
hjælper	med	0.131148
hjælper	til	0.073770
hjælper	de	0.049180
hjælper	os	0.040984
hjælper	det	0.040984
hjælper	ikke	0.032787
hjælper	en	0.032787
hjælper	også	0.032787
hjælper	i	0.032787
hjælper	dem	0.032787
hjælper	børn	0.024590
hjælper	jo	0.024590
hjælper	når	0.024590
hjælper	ham	0.024590
hjørne	af	0.322581
hjørne	til	0.161290
hjørne	på	0.096774
hjørne	og	0.096774
hold	i	0.149333
hold	der	0.074667
hold	og	0.069333
hold	som	0.045333
hold	af	0.045333
hold	har	0.037333
hold	med	0.029333
hold	fra	0.029333
hold	at	0.024000
hold	er	0.021333
hold	var	0.018667
hold	på	0.018667
hold	ved	0.016000
hold	til	0.016000
hold	nu	0.013333
hold	havde	0.010667
hold	da	0.010667
hold	op	0.010667
hold	går	0.010667
hold	kæft	0.010667
hold	når	0.008000
hold	siger	0.008000
hold	for	0.008000
hold	hvor	0.008000
hold	spiller	0.008000
holde	sig	0.090147
holde	øje	0.081761
holde	fast	0.056604
holde	en	0.041929
holde	til	0.031447
holde	et	0.029350
holde	styr	0.027254
holde	åbent	0.020964
holde	op	0.018868
holde	på	0.018868
holde	igen	0.018868
holde	den	0.016771
holde	liv	0.014675
holde	ferie	0.014675
holde	lukket	0.014675
holde	fri	0.014675
holde	varmen	0.014675
holde	hånden	0.012579
holde	jul	0.010482
holde	afstand	0.010482
holde	sin	0.010482
holde	stik	0.010482
holde	ud	0.010482
holde	os	0.010482
holde	folk	0.008386
holde	tilbage	0.008386
holde	tale	0.008386
holde	med	0.008386
holde	ham	0.008386
holde	gang	0.008386
holde	dem	0.008386
holde	af	0.008386
holde	sine	0.008386
holde	for	0.008386
holde	de	0.008386
holde	i	0.008386
holde	mig	0.008386
holde	prisen	0.006289
holde	så	0.006289
holde	rusland	0.006289
holdning	til	0.387097
holdning	er	0.080645
holdning	som	0.080645
holdning	deler	0.048387
hop	på	0.333333
hospitaler	og	0.306122
hospitaler	i	0.163265
hospitaler	til	0.081633
hospitaler	er	0.061224
hospitaler	der	0.061224
hotel	i	0.304348
hotel	og	0.217391
hotellet	hvor	0.103448
hovedet	på	0.196581
hovedet	og	0.162393
hovedet	med	0.059829
hovedet	koldt	0.051282
hovedet	er	0.034188
hovedet	i	0.025641
hovedet	af	0.025641
hovedet	når	0.025641
hovedet	siger	0.025641
hovedet	som	0.025641
hovedet	over	0.025641
hovedet	da	0.025641
hovedet	ind	0.025641
hovedpine	og	0.315789
hovedpine	for	0.210526
hullet	i	0.214286
hullet	blev	0.214286
hundrede	år	0.205882
hundrede	tusinde	0.088235
hundrede	kroner	0.073529
hundrede	millioner	0.058824
hundrede	procent	0.058824
hundrede	meter	0.044118
hus	i	0.203620
hus	og	0.113122
hus	på	0.067873
hus	med	0.036199
hus	som	0.036199
hus	for	0.031674
hus	der	0.031674
hus	til	0.027149
hus	er	0.027149
hus	hvor	0.022624
hus	eller	0.018100
hus	siger	0.018100
hus	nancy	0.018100
hus	så	0.013575
hus	efter	0.013575
hus	har	0.013575
huse	og	0.150538
huse	i	0.096774
huse	med	0.064516
huse	til	0.053763
huse	de	0.032258
huse	op	0.032258
huse	en	0.032258
huse	der	0.032258
huse	flygtninge	0.032258
huse	som	0.032258
huslejen	op	0.500000
hustru	og	0.130435
hvem	der	0.435013
hvem	han	0.055703
hvem	er	0.045093
hvem	de	0.045093
hvem	skal	0.031830
hvem	har	0.029178
hvem	hun	0.023873
hvem	ved	0.023873
hvem	det	0.021220
hvem	vil	0.018568
hvem	man	0.015915
hvem	af	0.015915
hvem	kan	0.015915
hvem	vi	0.015915
hvem	i	0.013263
hvem	som	0.013263
hvem	jeg	0.013263
hvem	du	0.010610
hvem	bliver	0.010610
hvem	skulle	0.007958
hverken	er	0.042105
hverken	har	0.036842
hverken	i	0.036842
hverken	kan	0.026316
hverken	eller	0.026316
hverken	en	0.021053
hverken	de	0.021053
hverken	at	0.015789
hverken	havde	0.015789
hverken	den	0.015789
hverken	be	0.015789
hvid	jul	0.097561
hvid	i	0.073171
hvorfra	han	0.285714
hvorfra	der	0.214286
hygger	sig	0.875000
håndtere	det	0.174603
håndtere	de	0.095238
håndtere	en	0.095238
håndtere	den	0.079365
håndtere	deres	0.063492
håndtere	og	0.047619
håndterer	dine	0.200000
håndterer	det	0.200000
hårdere	end	0.193548
hårdere	og	0.161290
hårdere	ramt	0.129032
hælene	på	0.363636
hæve	det	0.090909
hæve	prisen	0.090909
hæve	for	0.090909
hæve	stemmen	0.068182
højest	på	0.210526
hør	hvad	0.121212
hør	i	0.090909
hør	her	0.090909
i	en	0.059101
i	den	0.046472
i	dag	0.037168
i	det	0.031386
i	et	0.025357
i	danmark	0.023372
i	de	0.021685
i	år	0.019824
i	stedet	0.015606
i	gang	0.014788
i	løbet	0.013224
i	at	0.012406
i	forbindelse	0.012158
i	alt	0.010495
i	københavn	0.010421
i	sidste	0.010272
i	forhold	0.010049
i	denne	0.009949
i	sin	0.009205
i	og	0.008237
i	hvert	0.006898
i	landet	0.006550
i	sagen	0.006377
i	første	0.006352
i	går	0.006178
i	øjeblikket	0.005955
i	byen	0.005855
i	deres	0.005657
i	flere	0.005583
i	europa	0.005384
i	dansk	0.005161
i	området	0.004962
i	usa	0.004813
i	verden	0.004640
i	mange	0.004640
i	hele	0.004540
i	vores	0.004416
i	forvejen	0.004367
i	fremtiden	0.004268
i	rusland	0.004144
ida	marie	0.466667
idé	at	0.386364
idé	om	0.193182
idé	til	0.090909
idé	som	0.045455
idé	hvis	0.034091
idé	i	0.034091
ifølge	politiet	0.070698
ifølge	den	0.057922
ifølge	det	0.051959
ifølge	ham	0.047700
ifølge	en	0.040886
ifølge	de	0.028109
ifølge	tv	0.022998
ifølge	hende	0.022998
ifølge	avisen	0.022998
ifølge	flere	0.019591
ifølge	dr	0.015332
ifølge	politiets	0.014480
ifølge	lars	0.013629
ifølge	the	0.011925
ifølge	rapporten	0.011925
ifølge	ekstra	0.010221
ifølge	dem	0.010221
ifølge	henrik	0.010221
ifølge	dansk	0.009370
ifølge	søren	0.009370
ifølge	undersøgelsen	0.008518
ifølge	fn	0.008518
ifølge	tal	0.008518
ifølge	new	0.008518
ifølge	christian	0.007666
ifølge	peter	0.007666
ifølge	thomas	0.007666
ifølge	direktør	0.007666
ifølge	jens	0.006814
ifølge	anklageren	0.006814
ifølge	selskabet	0.006814
ifølge	per	0.006814
ifølge	danske	0.005963
ifølge	s	0.005963
ifølge	anklagerne	0.005963
ifølge	hans	0.005963
ifølge	direktøren	0.005963
ifølge	anders	0.005963
ifølge	præsident	0.005111
ifølge	et	0.005111
ihjel	og	0.148148
ihjel	med	0.111111
ihjel	i	0.111111
imponerende	og	0.157895
in	the	0.206897
in	mente	0.172414
in	i	0.103448
indbyggere	og	0.148148
indbyggere	i	0.148148
inde	i	0.552743
inde	på	0.097046
inde	for	0.063291
inde	med	0.050633
inde	til	0.042194
inde	og	0.033755
inde	over	0.025316
inde	under	0.016878
inde	bag	0.016878
inde	fra	0.016878
indeholder	en	0.132353
indeholder	et	0.088235
indeholder	også	0.073529
indeholder	de	0.044118
indeholder	det	0.044118
inden	for	0.307229
inden	han	0.084337
inden	de	0.074297
inden	den	0.042169
inden	det	0.040161
inden	længe	0.033133
inden	hun	0.023092
inden	da	0.019076
inden	man	0.019076
inden	der	0.018072
inden	vi	0.016064
inden	du	0.012048
inden	kampen	0.011044
inden	valget	0.009036
inden	en	0.009036
inden	årets	0.008032
inden	næste	0.008032
inden	at	0.008032
inden	et	0.007028
inden	finalen	0.006024
inden	jul	0.006024
inden	dagens	0.005020
inden	deres	0.005020
inden	nytår	0.005020
inden	turen	0.005020
inden	krigen	0.004016
inden	første	0.004016
inden	sin	0.004016
inden	klokken	0.004016
inden	i	0.004016
inden	mødet	0.004016
inden	afgang	0.003012
inden	arbejdet	0.003012
inden	året	0.003012
inden	sengetid	0.003012
inden	deadline	0.003012
inden	em	0.003012
inden	politiet	0.003012
inden	jeg	0.003012
inden	aftenens	0.003012
indgå	i	0.481481
indgå	en	0.296296
indgår	i	0.387755
indgår	som	0.102041
indien	og	0.147059
indien	er	0.117647
indien	men	0.088235
indien	har	0.088235
indsat	i	0.190476
indsat	som	0.190476
indse	at	0.909091
indtryk	på	0.439024
indtryk	af	0.292683
indtryk	er	0.097561
informationen	om	0.750000
ingenting	og	0.136364
insisterede	på	0.600000
inspireret	af	0.657895
inspireret	til	0.078947
instruktør	og	0.218750
instruktør	på	0.093750
intelligens	og	0.200000
internationale	samfund	0.109890
internationale	og	0.076923
internationale	film	0.065934
internationale	scene	0.043956
internationale	gennembrud	0.032967
internationale	kommentar	0.032967
internationale	navne	0.032967
iran	og	0.164384
iran	er	0.109589
iran	efter	0.068493
israel	for	0.185185
israel	og	0.185185
jagten	på	0.823529
jamen	det	0.352941
jan	e	0.250000
jan	og	0.150000
jan	hansen	0.150000
japanske	og	0.150000
jobbet	som	0.444444
jobbet	i	0.111111
jobbet	og	0.066667
jomfru	maria	1.000000
jord	hos	0.183099
jord	og	0.112676
jord	til	0.070423
jord	i	0.070423
jord	fra	0.042254
jord	skal	0.042254
jord	som	0.042254
juni	og	0.077922
juni	i	0.064935
juni	til	0.056277
juni	sidste	0.051948
juni	blev	0.043290
juni	hvor	0.030303
juni	næste	0.030303
juni	måned	0.030303
juni	kl	0.025974
juni	har	0.021645
juni	klokken	0.021645
juni	skal	0.021645
juni	efter	0.021645
juni	for	0.021645
juni	er	0.021645
juni	var	0.017316
juni	kan	0.017316
juni	om	0.017316
juni	men	0.017316
juni	på	0.017316
juni	vil	0.012987
juni	siger	0.012987
juni	som	0.012987
juni	åbnede	0.012987
juni	fra	0.012987
juni	at	0.012987
jødisk	magt	1.000000
jødiske	samfund	0.750000
k	er	0.108434
k	formand	0.060241
k	at	0.060241
k	og	0.036145
k	med	0.036145
k	h	0.036145
k	der	0.036145
k	har	0.036145
kamp	mod	0.216769
kamp	i	0.134969
kamp	for	0.077710
kamp	om	0.047035
kamp	ved	0.034765
kamp	mellem	0.032720
kamp	som	0.028630
kamp	med	0.028630
kamp	og	0.026585
kamp	der	0.026585
kamp	på	0.022495
kamp	men	0.014315
kamp	siger	0.014315
kamp	er	0.012270
kamp	nummer	0.010225
kamp	mere	0.010225
kamp	blev	0.010225
kamp	hvor	0.008180
kamp	kan	0.008180
kamp	at	0.008180
kamp	fra	0.008180
kamp	siden	0.008180
kamp	var	0.006135
kamp	de	0.006135
kamp	til	0.006135
kamp	vi	0.006135
kamp	færre	0.006135
kampagne	mod	0.166667
kampagne	for	0.166667
kampagne	i	0.125000
kan	være	0.074074
kan	man	0.055435
kan	ikke	0.041486
kan	du	0.040284
kan	blive	0.037398
kan	få	0.034873
kan	det	0.032708
kan	se	0.030664
kan	komme	0.025613
kan	vi	0.020563
kan	også	0.017316
kan	gøre	0.015753
kan	godt	0.015633
kan	de	0.014430
kan	der	0.013107
kan	give	0.011905
kan	have	0.011304
kan	gå	0.009500
kan	finde	0.009259
kan	ses	0.009139
kan	jeg	0.008899
kan	tage	0.008778
kan	i	0.007576
kan	jo	0.007576
kan	for	0.007456
kan	dog	0.007215
kan	bruge	0.006975
kan	han	0.006975
kan	den	0.006494
kan	hjælpe	0.006494
kan	bruges	0.006373
kan	nå	0.005772
kan	lade	0.005652
kan	følge	0.005411
kan	holde	0.004690
kan	hun	0.004570
kan	nu	0.004449
kan	ske	0.004209
kan	ende	0.004089
kan	lide	0.003968
kaster	sig	0.189189
kaster	med	0.081081
kastet	sig	0.204082
kastet	med	0.163265
kastet	ud	0.081633
ked	af	1.000000
keder	sig	0.800000
kendte	til	0.141026
kendte	hinanden	0.076923
kendte	og	0.051282
kendte	sange	0.038462
kig	på	0.272727
kig	ud	0.136364
kilden	til	0.500000
kim	bo	0.200000
kina	og	0.165049
kina	har	0.087379
kina	i	0.053398
kina	der	0.048544
kina	er	0.043689
kina	som	0.038835
kina	for	0.033981
kina	vil	0.029126
kina	rusland	0.019417
kina	at	0.019417
kina	lige	0.014563
kina	men	0.014563
kina	philip	0.014563
kina	kan	0.014563
kina	skal	0.014563
klage	over	0.357143
klage	til	0.142857
klager	over	0.375000
klager	fra	0.166667
klar	til	0.608011
klar	over	0.100143
klar	med	0.051502
klar	i	0.025751
klar	og	0.022890
klar	på	0.017167
klar	for	0.011445
klar	hvis	0.010014
klar	ved	0.010014
klar	plan	0.007153
klar	siger	0.007153
klar	besked	0.005722
klar	om	0.004292
klar	men	0.004292
klar	som	0.004292
klar	holdning	0.004292
klar	sejr	0.004292
klasse	på	0.144928
klasse	og	0.086957
klasse	der	0.057971
klasse	med	0.057971
klasse	er	0.043478
klasse	men	0.043478
klub	i	0.086207
klub	der	0.077586
klub	og	0.068966
klub	på	0.060345
klub	som	0.051724
klub	har	0.043103
klub	hvor	0.034483
klub	var	0.025862
klub	så	0.025862
kok	og	0.333333
kold	og	0.156250
kold	luft	0.156250
kold	vinter	0.156250
kold	krig	0.093750
kollega	og	0.138889
kollega	på	0.083333
kollega	der	0.083333
komme	til	0.124488
komme	i	0.121212
komme	med	0.093366
komme	ind	0.063882
komme	ud	0.060606
komme	på	0.060606
komme	tilbage	0.034398
komme	op	0.027027
komme	videre	0.026208
komme	fra	0.018837
komme	frem	0.017199
komme	igennem	0.016380
komme	hjem	0.016380
komme	af	0.014742
komme	og	0.013104
komme	en	0.012285
komme	efter	0.012285
komme	over	0.010647
komme	væk	0.010647
komme	sig	0.010647
komme	helt	0.009828
komme	ned	0.007371
komme	forbi	0.006552
komme	flere	0.006552
komme	tættere	0.006552
komme	så	0.005733
komme	rundt	0.005733
komme	for	0.004914
komme	direkte	0.004914
komme	lidt	0.004914
komme	et	0.004914
komme	nærmere	0.004095
komme	igen	0.004095
komme	under	0.004095
komme	hen	0.003276
komme	afsted	0.003276
komme	siger	0.003276
komme	uden	0.003276
komme	hurtigt	0.003276
komme	endnu	0.003276
kommissær	for	0.833333
kommunikation	og	0.225806
kommunikation	med	0.129032
kommunikation	på	0.096774
kone	og	0.344262
kone	der	0.065574
kone	havde	0.049180
konflikt	med	0.240000
konflikt	mellem	0.180000
konflikt	i	0.120000
konflikt	der	0.060000
konflikt	som	0.060000
konflikt	så	0.060000
kongen	af	0.437500
kongressen	i	0.125000
kongressen	den	0.125000
konkurrence	og	0.171053
konkurrence	i	0.157895
konkurrence	med	0.105263
konkurrence	om	0.065789
konkurrence	på	0.065789
konkurrence	fra	0.065789
konkurrence	som	0.052632
konkurrence	sagde	0.039474
konstant	og	0.075000
konstant	er	0.075000
konstant	at	0.075000
kontaktet	af	0.562500
kontanter	som	0.130435
kontrollere	at	0.166667
korrekt	men	0.235294
kortet	og	0.142857
kost	og	0.647059
kostet	mindst	0.238095
kostet	en	0.071429
kraftig	vind	0.292683
kraftig	regn	0.243902
kraftig	af	0.073171
kreditkort	og	0.333333
krig	i	0.309735
krig	og	0.128319
krig	mod	0.115044
krig	med	0.035398
krig	der	0.030973
krig	har	0.026549
krig	på	0.026549
krig	mellem	0.017699
krig	men	0.017699
krig	er	0.017699
krig	som	0.017699
krig	siger	0.013274
krig	så	0.013274
krig	må	0.013274
krigen	i	0.472603
krigen	og	0.036530
krigen	har	0.034247
krigen	er	0.034247
krigen	mod	0.031963
krigen	brød	0.029680
krigen	så	0.011416
krigen	startede	0.011416
krigen	på	0.011416
krigen	begyndte	0.011416
krigen	kan	0.011416
krigen	til	0.009132
krigen	men	0.009132
krigen	mellem	0.009132
krigen	der	0.009132
krigen	vil	0.009132
krigen	var	0.006849
krigen	fra	0.006849
krigen	været	0.006849
krigen	siger	0.006849
krigen	at	0.006849
krigen	skulle	0.006849
kriminel	handling	0.333333
kriminelle	miljø	0.147059
kriminelle	aktiviteter	0.088235
kriminelle	bander	0.088235
kroppen	og	0.151899
kroppen	siger	0.075949
kroppen	på	0.063291
kroppen	er	0.037975
kroppen	kan	0.037975
krudt	og	0.333333
krudt	på	0.166667
krudt	i	0.166667
krydser	grænsen	0.142857
krydser	fingre	0.142857
kul	og	0.315789
kul	olie	0.157895
kun	er	0.070059
kun	i	0.047935
kun	en	0.042035
kun	har	0.032448
kun	at	0.029499
kun	et	0.027286
kun	for	0.022124
kun	på	0.021386
kun	én	0.019912
kun	to	0.019912
kun	de	0.018437
kun	få	0.016962
kun	til	0.015487
kun	fem	0.014012
kun	procent	0.014012
kun	var	0.014012
kun	kan	0.013274
kun	tre	0.012537
kun	den	0.010324
kun	lige	0.009587
kun	godt	0.008850
kun	ét	0.008850
kun	være	0.008850
kun	blevet	0.008112
kun	om	0.008112
kun	med	0.007375
kun	år	0.006637
kun	skal	0.006637
kun	vil	0.005900
kun	været	0.005900
kun	findes	0.005900
kun	kunne	0.005162
kun	gå	0.005162
kun	må	0.005162
kun	havde	0.005162
kun	blive	0.005162
kun	bliver	0.005162
kun	blev	0.004425
kun	ganske	0.004425
kun	bruger	0.004425
kunde	i	0.166667
kunde	med	0.125000
kunder	der	0.123377
kunder	i	0.110390
kunder	som	0.077922
kunder	og	0.077922
kunder	kan	0.045455
kunder	har	0.045455
kunder	hos	0.032468
kunder	til	0.025974
kunder	for	0.025974
kunder	med	0.025974
kunder	ikke	0.025974
kunder	at	0.019481
kunder	om	0.019481
kunder	er	0.019481
kunne	være	0.055037
kunne	få	0.044310
kunne	ikke	0.034515
kunne	have	0.031716
kunne	komme	0.029384
kunne	man	0.028451
kunne	blive	0.023321
kunne	se	0.022854
kunne	de	0.018657
kunne	gøre	0.017724
kunne	tage	0.014925
kunne	gå	0.014925
kunne	finde	0.013993
kunne	bruge	0.013526
kunne	vi	0.013060
kunne	det	0.013060
kunne	han	0.012593
kunne	jeg	0.012127
kunne	godt	0.008862
kunne	køre	0.008862
kunne	fortælle	0.008862
kunne	i	0.007929
kunne	hjælpe	0.007463
kunne	følge	0.007463
kunne	lade	0.007463
kunne	dog	0.006996
kunne	fortsætte	0.006996
kunne	give	0.006996
kunne	mærke	0.006530
kunne	bruges	0.006063
kunne	nå	0.006063
kunne	den	0.005597
kunne	holde	0.005131
kunne	derfor	0.005131
kunne	klare	0.005131
kunne	sige	0.004664
kunne	jo	0.004664
kunne	levere	0.004664
kunne	sætte	0.004664
kunne	ses	0.004664
kup	i	0.375000
kvalificeret	sig	0.444444
kvalificeret	til	0.259259
kvarter	senere	0.214286
kvarter	og	0.178571
kvarter	før	0.142857
kvinden	er	0.086420
kvinden	var	0.080247
kvinden	blev	0.080247
kvinden	der	0.055556
kvinden	med	0.049383
kvinden	og	0.043210
kvinden	havde	0.043210
kvinden	i	0.030864
kvinden	har	0.024691
kvinden	som	0.024691
kvinden	på	0.018519
kvinden	bag	0.018519
kvit	og	0.857143
kæreste	og	0.188406
kæreste	med	0.072464
kæreste	i	0.072464
kæreste	eller	0.043478
kæreste	er	0.043478
kø	i	0.186813
kø	for	0.175824
kø	ved	0.120879
kø	på	0.098901
kø	til	0.043956
kø	og	0.043956
kø	foran	0.032967
køb	af	0.585366
københavn	og	0.183333
københavn	i	0.072917
københavn	er	0.062500
københavn	har	0.052083
københavn	til	0.039583
københavn	hvor	0.037500
københavn	for	0.031250
københavn	med	0.029167
københavn	der	0.016667
københavn	på	0.016667
københavn	blev	0.014583
københavn	kan	0.014583
københavn	som	0.014583
københavn	men	0.014583
københavn	da	0.012500
københavn	skal	0.012500
københavn	den	0.010417
københavn	var	0.010417
københavn	så	0.008333
københavn	fredag	0.008333
københavn	tog	0.008333
københavn	fra	0.008333
københavn	et	0.006250
københavn	vil	0.006250
københavn	får	0.006250
københavn	tirsdag	0.006250
københavn	skulle	0.006250
københavn	at	0.006250
københavn	mens	0.006250
københavn	bliver	0.006250
københavn	efter	0.006250
københavn	ville	0.006250
køber	en	0.112500
køber	ind	0.075000
køber	i	0.062500
køber	jeg	0.050000
køber	og	0.037500
køber	er	0.037500
køber	ikke	0.037500
købt	en	0.117021
købt	i	0.106383
købt	og	0.074468
købt	et	0.063830
købt	af	0.053191
købt	billet	0.042553
købt	eller	0.031915
købt	på	0.031915
købt	den	0.031915
købt	millioner	0.031915
køkken	og	0.250000
køkkenet	i	0.173913
kørende	i	0.258065
kørende	på	0.129032
kørende	med	0.096774
kører	på	0.088328
kører	for	0.056782
kører	i	0.056782
kører	med	0.047319
kører	rundt	0.037855
kører	som	0.025237
kører	de	0.022082
kører	den	0.022082
kører	en	0.022082
kører	der	0.018927
kører	over	0.015773
kører	videre	0.015773
kører	uden	0.015773
kører	forbi	0.015773
kører	ind	0.015773
kører	kilometer	0.012618
kører	gennem	0.012618
kører	efter	0.012618
kører	til	0.012618
kører	ikke	0.012618
kører	mellem	0.012618
kører	også	0.009464
kører	op	0.009464
kører	fra	0.009464
kører	er	0.009464
kører	det	0.009464
kører	vi	0.009464
kører	man	0.009464
kører	gerne	0.009464
kører	fortsat	0.009464
kørt	til	0.208122
kørt	på	0.086294
kørt	i	0.081218
kørt	ind	0.050761
kørt	med	0.040609
kørt	for	0.035533
kørt	over	0.025381
kørt	en	0.025381
kørt	af	0.020305
kørt	et	0.020305
kørt	bil	0.015228
kørt	kilometer	0.015228
kørt	siden	0.015228
kørt	ned	0.015228
lad	os	0.632184
lad	være	0.103448
lad	mig	0.057471
lad	dem	0.045977
lad	det	0.034483
lade	sig	0.498155
lade	være	0.110701
lade	som	0.033210
lade	dem	0.029520
lade	deres	0.025830
lade	det	0.018450
lade	den	0.014760
lade	de	0.011070
lade	en	0.011070
lade	livet	0.011070
lader	sig	0.175258
lader	det	0.092784
lader	til	0.072165
lader	den	0.061856
lader	os	0.041237
lader	en	0.030928
lader	han	0.030928
lader	vente	0.030928
lader	man	0.030928
ladet	sig	0.263158
lande	som	0.096579
lande	i	0.092555
lande	der	0.088531
lande	har	0.082495
lande	og	0.062374
lande	er	0.048290
lande	til	0.042254
lande	på	0.030181
lande	at	0.022133
lande	siger	0.020121
lande	en	0.018109
lande	kan	0.016097
lande	hvor	0.014085
lande	med	0.014085
lande	vil	0.012072
lande	skal	0.012072
lande	ikke	0.010060
lande	men	0.010060
lande	fra	0.008048
lande	om	0.008048
lande	for	0.008048
lande	uden	0.006036
lande	bør	0.006036
lande	ved	0.006036
lande	bliver	0.006036
lande	går	0.006036
lande	end	0.006036
lande	efter	0.006036
lande	verden	0.006036
lande	så	0.006036
landede	i	0.473684
landede	den	0.078947
lander	i	0.280000
lander	på	0.160000
lander	man	0.120000
landsby	i	0.210526
lave	en	0.273775
lave	et	0.066282
lave	om	0.046110
lave	noget	0.031700
lave	nogle	0.031700
lave	det	0.025937
lave	mad	0.023055
lave	den	0.023055
lave	fejl	0.014409
lave	de	0.014409
lave	nye	0.014409
lave	ende	0.014409
lave	flere	0.011527
lave	mere	0.011527
lave	priser	0.011527
lave	deres	0.008646
lave	af	0.008646
lave	film	0.008646
lave	på	0.008646
lave	vand	0.008646
lavere	end	0.492308
lavere	i	0.092308
lavere	priser	0.046154
lavere	sammenlignet	0.046154
lavere	pris	0.046154
lavere	temperatur	0.046154
laves	en	0.360000
laves	om	0.140000
laves	på	0.060000
let	at	0.250000
let	til	0.160000
let	på	0.040000
let	for	0.040000
let	og	0.030000
lettere	at	0.349398
lettere	for	0.265060
lettere	til	0.072289
lettere	skader	0.048193
lettere	kan	0.036145
levere	en	0.090909
levere	de	0.064935
levere	mad	0.051948
levere	på	0.051948
levere	gas	0.051948
levere	et	0.051948
levere	mere	0.038961
levere	den	0.038961
leveret	af	0.090909
leveret	på	0.072727
leveret	en	0.072727
leveret	og	0.054545
leveret	fra	0.054545
leveret	så	0.054545
lewis	hamilton	0.833333
lider	af	0.509434
lider	under	0.169811
lidt	af	0.097909
lidt	mere	0.083650
lidt	over	0.065589
lidt	for	0.038973
lidt	på	0.021863
lidt	længere	0.021863
lidt	i	0.020913
lidt	ekstra	0.020913
lidt	uden	0.015209
lidt	og	0.015209
lidt	svært	0.015209
lidt	som	0.014259
lidt	en	0.013308
lidt	flere	0.012357
lidt	til	0.012357
lidt	efter	0.012357
lidt	under	0.011407
lidt	at	0.010456
lidt	anderledes	0.010456
lidt	bedre	0.009506
lidt	tid	0.009506
lidt	højere	0.008555
lidt	senere	0.008555
lidt	mindre	0.008555
lidt	eller	0.008555
lidt	større	0.008555
lidt	om	0.008555
lidt	ligesom	0.008555
lidt	med	0.007605
lidt	endnu	0.007605
lidt	mærkeligt	0.005703
lidt	ned	0.005703
lidt	sol	0.004753
lidt	regn	0.004753
lidt	fra	0.004753
lidt	ud	0.004753
lidt	anden	0.004753
lidt	træt	0.004753
lidt	væk	0.004753
lidt	klogere	0.003802
lig	med	0.320000
lig	i	0.200000
lig	blev	0.100000
lig	er	0.080000
ligefrem	at	0.122449
ligefrem	er	0.122449
ligefrem	kan	0.102041
ligefrem	en	0.061224
ligeglade	med	0.916667
liget	af	0.444444
ligne	en	0.428571
lignede	en	0.256410
lignede	det	0.153846
lignede	længe	0.102564
lignende	i	0.065217
lignende	sager	0.043478
lignende	er	0.032609
lignende	forslag	0.032609
lignende	projekt	0.032609
lignende	oplevelser	0.032609
lignende	angreb	0.032609
lignende	siger	0.032609
line	der	0.272727
liste	over	0.421053
liste	med	0.131579
liste	som	0.052632
liste	er	0.052632
liste	til	0.039474
liste	i	0.039474
liste	af	0.039474
livet	i	0.166667
livet	på	0.102837
livet	og	0.092199
livet	som	0.042553
livet	af	0.042553
livet	efter	0.035461
livet	er	0.035461
livet	siger	0.021277
livet	mens	0.017730
livet	for	0.017730
livet	under	0.017730
livet	med	0.017730
livet	ved	0.014184
livet	har	0.014184
livet	vil	0.010638
livet	da	0.010638
livet	lyder	0.010638
livet	går	0.010638
livet	løs	0.010638
livs	største	0.150000
logisk	at	0.300000
lokal	tid	0.493151
lokal	frost	0.041096
lokal	facebook	0.041096
lokal	virksomhed	0.041096
lovede	at	0.260870
lovede	i	0.130435
loven	om	0.205128
loven	er	0.089744
loven	blev	0.076923
loven	og	0.064103
loven	siger	0.064103
loven	til	0.038462
loven	så	0.038462
loven	skal	0.038462
lovet	at	0.440000
lukker	for	0.132353
lukker	i	0.058824
lukker	og	0.058824
lukker	ned	0.044118
lykkedes	det	0.230769
lykkedes	at	0.174825
lykkedes	med	0.090909
lykkedes	for	0.069930
lykkedes	ikke	0.048951
lykkedes	ham	0.038462
lykkedes	de	0.027972
lykkedes	dem	0.027972
lykkedes	dog	0.024476
lykkedes	i	0.020979
lykkedes	den	0.017483
lykkedes	hende	0.013986
lykkedes	politiet	0.013986
lykkedes	da	0.010490
lykkedes	heller	0.010490
lykkelige	omstændigheder	0.300000
lyse	op	0.333333
lyt	til	0.600000
låner	penge	0.375000
lånt	af	0.214286
læg	mærke	0.454545
læg	dertil	0.363636
læge	og	0.115385
læge	i	0.102564
læge	der	0.102564
læge	som	0.089744
læge	eller	0.064103
læge	er	0.051282
læge	for	0.038462
læge	på	0.038462
lægger	op	0.120419
lægger	ikke	0.078534
lægger	sig	0.052356
lægger	vejen	0.036649
lægger	vægt	0.031414
lægger	vi	0.031414
lægger	en	0.031414
lægger	mærke	0.031414
lægger	i	0.026178
lægger	pres	0.026178
lægger	de	0.026178
lægger	regeringen	0.026178
lægger	ud	0.026178
lægger	blomster	0.020942
lægger	jeg	0.015707
lægger	et	0.015707
lægger	dog	0.015707
lægger	man	0.015707
lægger	os	0.015707
længere	tid	0.117450
længere	er	0.067114
længere	end	0.033557
længere	kan	0.031879
længere	sigt	0.030201
længere	nede	0.028523
længere	at	0.026846
længere	periode	0.026846
længere	og	0.023490
længere	mod	0.021812
længere	vil	0.020134
længere	væk	0.018456
længere	skal	0.018456
længere	ned	0.016779
længere	en	0.015101
længere	være	0.013423
længere	var	0.013423
længere	i	0.013423
længere	må	0.011745
længere	ud	0.011745
længere	siger	0.010067
længere	på	0.010067
længere	men	0.010067
længere	frem	0.010067
længere	have	0.008389
længere	kunne	0.008389
længere	tilbage	0.008389
længere	har	0.008389
længere	ind	0.006711
længere	bane	0.006711
længere	bliver	0.006711
længere	tilladt	0.006711
længere	fra	0.006711
længere	inde	0.006711
længere	som	0.006711
længere	stå	0.005034
længere	nogen	0.005034
længere	kun	0.005034
længere	det	0.005034
længere	til	0.005034
lært	at	0.460000
lært	noget	0.120000
lært	af	0.100000
lært	mig	0.060000
lært	meget	0.060000
læst	op	0.162162
læst	højt	0.081081
læst	eller	0.081081
løb	i	0.113300
løb	med	0.108374
løb	på	0.039409
løb	og	0.034483
løb	fra	0.034483
løb	af	0.029557
løb	der	0.029557
løb	siger	0.024631
løb	har	0.024631
løb	rundt	0.024631
løb	ind	0.019704
løb	blev	0.019704
løb	mellem	0.019704
løb	han	0.019704
løb	op	0.019704
løb	er	0.019704
løb	efter	0.014778
løb	også	0.014778
løb	for	0.014778
løb	de	0.014778
løb	den	0.014778
løber	af	0.117978
løber	op	0.061798
løber	fra	0.056180
løber	med	0.056180
løber	i	0.044944
løber	ud	0.039326
løber	frem	0.033708
løber	på	0.033708
løber	gennem	0.028090
løber	rundt	0.028090
løber	til	0.022472
løber	en	0.022472
løber	tør	0.022472
løber	et	0.022472
løber	mellem	0.016854
løber	var	0.016854
løber	de	0.016854
løber	over	0.016854
lød	det	0.657143
lød	på	0.065306
lød	der	0.024490
lød	den	0.020408
lød	i	0.020408
lød	at	0.016327
lød	svaret	0.016327
lød	ordene	0.016327
lød	som	0.012245
løft	af	0.277778
løft	i	0.166667
løfte	den	0.150000
løfte	om	0.112500
løfte	sig	0.087500
løfte	sløret	0.062500
løfte	det	0.050000
løfte	hele	0.037500
løfte	opgaven	0.037500
løftet	om	0.185185
løn	og	0.231481
løn	til	0.101852
løn	under	0.064815
løn	for	0.064815
løn	i	0.037037
løn	de	0.027778
løn	er	0.027778
løs	i	0.261905
løs	på	0.119048
løse	det	0.189873
løse	de	0.126582
løse	problemet	0.113924
løse	den	0.063291
løse	opgaven	0.063291
løse	en	0.037975
løse	problemer	0.037975
løse	alle	0.037975
løst	og	0.106383
løst	ved	0.063830
løst	de	0.063830
løst	problemet	0.063830
mads	emil	0.222222
mads	skov	0.166667
magt	og	0.184615
magt	til	0.107692
magt	i	0.092308
magt	for	0.061538
magt	over	0.046154
magt	som	0.046154
mail	til	0.418182
mail	hvor	0.072727
mail	fra	0.054545
mail	at	0.054545
malet	af	0.285714
malet	med	0.142857
mandag	aften	0.152174
mandag	morgen	0.095318
mandag	den	0.051839
mandag	eftermiddag	0.051839
mandag	i	0.036789
mandag	at	0.031773
mandag	og	0.030100
mandag	blev	0.028428
mandag	har	0.028428
mandag	er	0.026756
mandag	klokken	0.018395
mandag	på	0.016722
mandag	var	0.016722
mandag	hvor	0.016722
mandag	blevet	0.015050
mandag	fik	0.013378
mandag	til	0.013378
mandag	bliver	0.011706
mandag	med	0.010033
mandag	vil	0.010033
mandag	da	0.008361
mandag	en	0.008361
mandag	for	0.008361
mandag	efter	0.008361
mandag	middag	0.006689
mandag	begynder	0.006689
mandag	gik	0.005017
mandag	kan	0.005017
mandag	men	0.005017
mandag	været	0.005017
mandag	kom	0.005017
mandag	lød	0.005017
mandag	skal	0.005017
mandens	tilstand	0.193548
mandens	død	0.096774
mandskab	til	0.142857
mandskab	fra	0.114286
mandskab	som	0.114286
mange	år	0.102050
mange	af	0.092692
mange	andre	0.049465
mange	der	0.044118
mange	penge	0.031194
mange	mennesker	0.026292
mange	steder	0.024955
mange	forskellige	0.020053
mange	flere	0.018271
mange	gange	0.016934
mange	har	0.015597
mange	års	0.015152
mange	som	0.014706
mange	ting	0.013815
mange	måder	0.012478
mange	er	0.011586
mange	i	0.010695
mange	unge	0.010250
mange	gode	0.008913
mange	danske	0.008021
mange	og	0.007576
mange	vil	0.007576
mange	måneder	0.007576
mange	børn	0.007130
mange	tilfælde	0.006684
mange	lande	0.006239
mange	tusinde	0.005793
mange	nye	0.005793
mange	kan	0.005793
mange	millioner	0.005348
mange	gæster	0.004902
mange	muligheder	0.004902
mange	timer	0.004456
mange	dage	0.004456
mange	kvinder	0.004011
mange	at	0.004011
mange	kunder	0.004011
mange	fra	0.003565
mange	turister	0.003565
mange	ældre	0.003565
marilyn	monroe	1.000000
marts	og	0.114286
marts	i	0.097959
marts	har	0.065306
marts	blev	0.044898
marts	måned	0.040816
marts	men	0.032653
marts	var	0.032653
marts	er	0.032653
marts	til	0.028571
marts	kl	0.024490
marts	hvor	0.024490
marts	da	0.020408
marts	bliver	0.016327
marts	på	0.012245
marts	udviklede	0.012245
marts	skal	0.012245
marts	efter	0.012245
marts	sidste	0.012245
maskine	der	0.444444
max	jensen	0.142857
medalje	for	0.150000
medalje	ved	0.150000
medarbejdere	i	0.172414
medarbejdere	og	0.103448
medarbejdere	er	0.068966
medarbejdere	der	0.068966
medarbejdere	til	0.049808
medarbejdere	på	0.042146
medarbejdere	som	0.042146
medarbejdere	har	0.038314
medarbejdere	fra	0.034483
medarbejdere	at	0.019157
medarbejdere	skal	0.015326
medarbejdere	hos	0.015326
medarbejdere	bliver	0.011494
medarbejdere	vil	0.011494
medarbejdere	med	0.011494
medarbejdere	kan	0.011494
medarbejdere	så	0.011494
meddele	at	0.600000
meddelelse	fra	0.269231
meddelelse	på	0.230769
meddelelse	til	0.153846
meddelelse	om	0.115385
medmindre	man	0.150000
meldte	sig	0.348485
meldte	ud	0.136364
meldte	han	0.075758
meldte	sin	0.045455
meldte	mig	0.045455
mellem	og	0.219289
mellem	de	0.109645
mellem	to	0.038579
mellem	klokken	0.038579
mellem	den	0.032487
mellem	danmark	0.027411
mellem	rusland	0.024365
mellem	en	0.017259
mellem	usa	0.014213
mellem	fem	0.013198
mellem	et	0.011168
mellem	det	0.011168
mellem	at	0.009137
mellem	tre	0.009137
mellem	kl	0.008122
mellem	jul	0.008122
mellem	mænd	0.008122
mellem	ham	0.008122
mellem	dem	0.008122
mellem	seks	0.007107
mellem	hænderne	0.007107
mellem	england	0.007107
mellem	til	0.007107
mellem	år	0.006091
mellem	mennesker	0.006091
mellem	hans	0.005076
mellem	lørdag	0.005076
mellem	fire	0.005076
mellem	københavn	0.005076
mellem	personer	0.005076
mellem	forskellige	0.004061
mellem	rød	0.004061
mellem	frankrig	0.004061
mellem	ledelse	0.004061
mellem	benene	0.004061
mellem	rig	0.004061
mellem	iran	0.003046
mellem	regeringen	0.003046
mellem	danske	0.003046
mellem	spanien	0.003046
mellemøsten	og	0.454545
mene	at	0.590909
mens	de	0.104493
mens	han	0.079415
mens	den	0.074190
mens	det	0.066876
mens	der	0.059561
mens	hun	0.050157
mens	andre	0.042842
mens	en	0.037618
mens	man	0.035528
mens	vi	0.028213
mens	du	0.014629
mens	jeg	0.014629
mens	hans	0.012539
mens	flere	0.009404
mens	nogle	0.008359
mens	politiet	0.007315
mens	mange	0.007315
mens	procent	0.007315
mens	resten	0.007315
mens	antallet	0.006270
mens	også	0.006270
mens	to	0.006270
mens	hendes	0.006270
mens	danmark	0.005225
mens	deres	0.005225
mens	vesten	0.005225
mens	har	0.004180
mens	sagen	0.004180
mens	omkring	0.004180
mens	i	0.004180
mens	et	0.004180
mens	russerne	0.004180
mens	børnene	0.003135
mens	kun	0.003135
mens	både	0.003135
mens	alle	0.003135
mens	frankrig	0.003135
mens	er	0.003135
mens	over	0.003135
mens	yderligere	0.003135
mercedes	og	0.130435
midler	til	0.325301
midler	i	0.108434
midler	og	0.084337
midler	fra	0.060241
midler	der	0.048193
midler	som	0.036145
midnat	og	0.161290
midnat	natten	0.096774
mig	at	0.115875
mig	selv	0.084589
mig	til	0.075319
mig	og	0.063731
mig	er	0.031286
mig	i	0.030127
mig	om	0.026651
mig	for	0.023175
mig	siger	0.022016
mig	som	0.022016
mig	på	0.020857
mig	ikke	0.018540
mig	så	0.017381
mig	men	0.015064
mig	over	0.015064
mig	med	0.013905
mig	der	0.013905
mig	en	0.012746
mig	det	0.010429
mig	ind	0.010429
mig	da	0.010429
mig	ud	0.010429
mig	ved	0.009270
mig	fortæller	0.009270
mig	var	0.006952
mig	meget	0.006952
mig	hvis	0.006952
mig	har	0.006952
mig	hvad	0.005794
mig	når	0.005794
mig	et	0.005794
mig	af	0.005794
mig	bare	0.005794
mig	sagde	0.004635
mig	lyder	0.004635
mig	eller	0.004635
mig	bekendt	0.004635
mig	den	0.004635
mig	helt	0.004635
mig	mere	0.003476
milde	symptomer	0.444444
militær	har	0.139535
militær	og	0.058140
militær	magt	0.046512
militær	i	0.034884
militær	støtte	0.034884
militær	er	0.034884
militære	operationer	0.089744
militære	operation	0.089744
militære	mål	0.076923
militære	styrker	0.076923
militære	formål	0.051282
militære	og	0.051282
militære	hjælp	0.038462
million	kroner	0.494845
million	mennesker	0.092784
million	i	0.030928
million	dollar	0.030928
mindste	børn	0.071429
minister	for	0.223881
minister	i	0.164179
minister	og	0.119403
minister	har	0.044776
minister	vil	0.044776
minutter	og	0.131367
minutter	senere	0.069705
minutter	efter	0.064343
minutter	før	0.061662
minutter	i	0.058981
minutter	på	0.048257
minutter	da	0.042895
minutter	af	0.032172
minutter	igen	0.032172
minutter	inde	0.032172
minutter	var	0.029491
minutter	tilbage	0.026810
minutter	fra	0.024129
minutter	men	0.021448
minutter	til	0.016086
minutter	kom	0.013405
minutter	med	0.013405
minutter	mens	0.013405
minutter	bragte	0.010724
minutter	uden	0.010724
minutter	hvor	0.010724
minutter	lange	0.010724
minutter	for	0.008043
minutter	om	0.008043
minutter	hvilket	0.008043
minutter	hurtigere	0.008043
minutter	fik	0.008043
minutter	er	0.008043
minutter	hver	0.008043
minutter	tidligere	0.008043
mio	kr	0.804878
mio	kroner	0.146341
missiler	og	0.145833
missiler	som	0.145833
missiler	der	0.125000
missiler	til	0.104167
mistænker	at	0.454545
mistænkt	for	0.825000
mistænkt	i	0.075000
mobil	og	0.250000
modsatte	retning	0.155556
modsatte	ende	0.111111
modsatte	vej	0.088889
modsatte	sig	0.088889
modsatte	side	0.066667
modstå	den	0.333333
modtaget	en	0.155405
modtaget	af	0.074324
modtaget	et	0.060811
modtaget	flere	0.047297
modtaget	med	0.047297
modtaget	de	0.040541
modtaget	i	0.027027
modtaget	omkring	0.027027
modtaget	og	0.027027
modtaget	fra	0.020270
modtaget	trusler	0.020270
mord	og	0.454545
mord	på	0.272727
morgenen	og	0.301887
morgenen	efter	0.075472
morgenen	på	0.056604
morgenen	til	0.056604
morges	og	0.179487
morges	blev	0.102564
mors	har	0.125000
mors	dag	0.093750
moskva	og	0.155556
moskva	i	0.111111
moskva	på	0.066667
moskva	er	0.066667
motor	på	0.285714
motorvejen	og	0.113636
motorvejen	ved	0.113636
motorvejen	i	0.090909
motorvejen	men	0.068182
motorvejen	omkring	0.068182
mulighed	for	0.876740
mulighed	at	0.017893
mulighed	er	0.011928
mulighed	hvis	0.011928
mulighed	siger	0.009940
mulighed	har	0.005964
muligt	at	0.472946
muligt	for	0.152305
muligt	og	0.042084
muligt	siger	0.026052
muligt	i	0.022044
muligt	andet	0.018036
muligt	på	0.014028
muligt	vil	0.012024
muligt	lyder	0.010020
muligt	kan	0.010020
muligt	skal	0.010020
muligt	men	0.010020
muligt	så	0.008016
muligt	med	0.008016
muligt	når	0.008016
muligt	drab	0.006012
muligt	da	0.006012
muligt	til	0.006012
mur	i	0.307692
mur	af	0.230769
museet	har	0.096154
museet	i	0.076923
museet	er	0.057692
museet	havde	0.057692
museum	i	0.205479
museum	og	0.082192
museum	der	0.054795
museum	for	0.054795
museum	har	0.041096
musik	og	0.185714
musik	i	0.085714
musik	der	0.071429
musik	på	0.064286
musik	til	0.057143
musik	fra	0.042857
musik	med	0.042857
musik	af	0.035714
musik	er	0.028571
musik	siden	0.021429
musik	som	0.021429
musikken	har	0.102564
musikken	til	0.076923
musikken	spiller	0.076923
musikken	kan	0.076923
musikken	og	0.076923
musikken	er	0.076923
må	vi	0.080366
må	man	0.075280
må	ikke	0.046796
må	være	0.041709
må	de	0.030519
må	jeg	0.029502
må	have	0.027467
må	vente	0.024415
må	det	0.020346
må	du	0.017294
må	tage	0.017294
må	gå	0.014242
må	han	0.014242
må	også	0.013225
må	se	0.012208
må	blive	0.012208
må	køre	0.011190
må	kun	0.011190
må	dog	0.010173
må	give	0.010173
må	og	0.009156
må	bare	0.009156
må	den	0.009156
må	komme	0.007121
må	nøjes	0.007121
må	sige	0.007121
må	gøre	0.007121
må	derfor	0.006104
må	indrømme	0.006104
må	så	0.006104
må	lukke	0.005086
må	undvære	0.005086
må	godt	0.005086
må	arbejde	0.005086
må	forlade	0.005086
må	gerne	0.005086
må	nu	0.005086
må	der	0.005086
må	finde	0.005086
må	bruge	0.005086
mål	i	0.161850
mål	og	0.105973
mål	for	0.102119
mål	med	0.053950
mål	på	0.050096
mål	om	0.046243
mål	er	0.042389
mål	at	0.030829
mål	til	0.030829
mål	blev	0.025048
mål	var	0.023121
mål	som	0.019268
mål	efter	0.017341
mål	af	0.015414
mål	så	0.013487
mål	ved	0.011561
mål	men	0.009634
mål	fra	0.009634
mål	da	0.009634
mål	ind	0.009634
mål	hvor	0.007707
mål	end	0.007707
mål	mod	0.007707
mål	siger	0.007707
mål	har	0.005780
mål	der	0.005780
mål	imod	0.005780
mål	inden	0.005780
måneden	i	0.138889
måneden	til	0.083333
måneden	og	0.055556
måneden	for	0.041667
måneders	fængsel	0.690476
måtte	have	0.041558
måtte	nøjes	0.038961
måtte	være	0.036364
måtte	han	0.036364
måtte	tage	0.036364
måtte	vente	0.028571
måtte	gå	0.028571
måtte	en	0.025974
måtte	hun	0.023377
måtte	i	0.020779
måtte	forlade	0.020779
måtte	lukke	0.018182
måtte	flygte	0.018182
måtte	også	0.018182
måtte	lade	0.015584
måtte	ikke	0.015584
måtte	jeg	0.015584
måtte	det	0.012987
måtte	trække	0.012987
måtte	komme	0.012987
måtte	derfor	0.012987
måtte	kæmpe	0.012987
måtte	køre	0.010390
måtte	den	0.010390
måtte	de	0.010390
måtte	se	0.010390
måtte	give	0.010390
måtte	opgive	0.010390
måtte	sætte	0.010390
måtte	selv	0.010390
måtte	dog	0.010390
måtte	stå	0.007792
måtte	blive	0.007792
måtte	sande	0.007792
måtte	holde	0.007792
måtte	rejse	0.007792
måtte	søge	0.007792
måtte	sige	0.007792
måtte	træde	0.007792
måtte	til	0.007792
mændene	er	0.166667
mændene	blev	0.060606
mændene	har	0.045455
mændene	med	0.045455
mærke	til	0.211340
mærke	at	0.211340
mærke	i	0.077320
mærke	det	0.046392
mærke	en	0.030928
mærke	efter	0.020619
mærke	på	0.020619
mærke	når	0.020619
mærke	hos	0.015464
mærke	er	0.015464
mærke	den	0.015464
mærke	også	0.015464
mærke	hvordan	0.015464
mærkede	det	0.333333
mærket	på	0.200000
mødte	op	0.099010
mødte	hinanden	0.089109
mødte	hun	0.059406
mødte	de	0.039604
mødte	ind	0.039604
mødte	den	0.039604
mødte	ham	0.039604
mødte	i	0.039604
mødte	han	0.039604
mødte	jeg	0.029703
mødte	pressen	0.029703
mødte	en	0.029703
mødte	hende	0.029703
mødtes	i	0.228571
mødtes	med	0.171429
mødtes	til	0.057143
mødtes	og	0.042857
mørke	og	0.097561
mørke	hår	0.097561
mørke	timer	0.073171
nabo	til	0.360000
nakken	og	0.333333
nakken	på	0.222222
narkotika	i	0.250000
nat	er	0.100840
nat	og	0.092437
nat	i	0.075630
nat	blev	0.042017
nat	en	0.033613
nat	var	0.025210
nat	dansk	0.025210
nat	på	0.025210
nat	ikke	0.025210
nation	som	0.137931
nation	og	0.103448
nation	der	0.103448
nattens	løb	0.200000
naturen	og	0.189873
naturen	er	0.063291
naturen	i	0.063291
naturen	med	0.037975
naturen	på	0.037975
naturen	siger	0.037975
naturen	hvor	0.037975
nej	til	0.404145
nej	det	0.134715
nej	tak	0.098446
nej	fra	0.031088
nej	ikke	0.020725
nej	de	0.015544
nej	lyder	0.015544
nej	nej	0.015544
nej	vi	0.015544
nemmere	at	0.472973
nemmere	for	0.216216
nemt	at	0.320388
nemt	for	0.126214
nemt	kan	0.067961
nemt	og	0.058252
nemt	blive	0.029126
nettet	og	0.196721
nettet	til	0.065574
nettet	med	0.065574
nettet	hvor	0.049180
nettet	for	0.049180
nettet	på	0.049180
nordlige	del	0.448276
nordlige	og	0.120690
nordlige	norge	0.068966
nordlige	frankrig	0.051724
normalt	er	0.083721
normalt	ikke	0.065116
normalt	at	0.032558
normalt	har	0.032558
normalt	og	0.027907
normalt	ville	0.027907
normalt	siger	0.027907
normalt	for	0.027907
normalt	kan	0.023256
normalt	skal	0.018605
normalt	bruger	0.018605
normalt	koster	0.018605
normalt	ser	0.018605
normalt	ligger	0.018605
normalt	en	0.018605
normalt	igen	0.018605
normalt	efter	0.013953
normalt	kører	0.013953
normalt	vil	0.013953
normalt	liv	0.013953
normalt	niveau	0.013953
normalt	men	0.013953
normalt	i	0.013953
normalt	bliver	0.013953
normalt	falder	0.013953
normalt	tager	0.013953
nummer	to	0.224199
nummer	i	0.081851
nummer	fire	0.071174
nummer	tre	0.067616
nummer	på	0.049822
nummer	og	0.049822
nummer	fem	0.042705
nummer	syv	0.035587
nummer	et	0.032028
nummer	ud	0.028470
nummer	otte	0.024911
nummer	ni	0.021352
nummer	seks	0.021352
nummer	men	0.017794
nummer	ti	0.017794
nummer	ét	0.017794
nummer	som	0.014235
nummer	der	0.014235
nummer	er	0.014235
nummer	med	0.010676
ny	formand	0.056231
ny	rapport	0.048632
ny	regering	0.045593
ny	og	0.039514
ny	undersøgelse	0.028875
ny	bog	0.021277
ny	lov	0.018237
ny	aftale	0.016717
ny	i	0.015198
ny	dansk	0.015198
ny	måde	0.013678
ny	træner	0.013678
ny	leder	0.013678
ny	rekord	0.013678
ny	direktør	0.012158
ny	forskning	0.010638
ny	teknologi	0.010638
ny	viden	0.009119
ny	generation	0.009119
ny	analyse	0.009119
ny	politisk	0.009119
ny	tid	0.007599
ny	musik	0.007599
ny	præsident	0.007599
ny	arbejdsgiver	0.007599
ny	ejer	0.007599
ny	serie	0.007599
ny	type	0.007599
ny	uddannelse	0.007599
ny	sæson	0.007599
ny	stor	0.007599
ny	strategi	0.007599
ny	rolle	0.006079
ny	film	0.006079
ny	på	0.006079
ny	borgmester	0.006079
ny	med	0.006079
ny	kampagne	0.006079
ny	dato	0.006079
ny	version	0.006079
nyder	godt	0.210526
nyder	at	0.157895
nyder	en	0.078947
nyligt	har	0.142857
nå	at	0.186441
nå	det	0.084746
nå	til	0.076271
nå	op	0.067797
nå	frem	0.055085
nå	ud	0.038136
nå	målet	0.033898
nå	helt	0.029661
nå	en	0.025424
nå	de	0.021186
nå	den	0.021186
nå	deres	0.021186
nå	dertil	0.016949
nå	grader	0.016949
nå	tilbage	0.016949
nå	vores	0.012712
nå	rundt	0.012712
nå	et	0.012712
nå	men	0.012712
nå	endnu	0.012712
nået	til	0.196581
nået	frem	0.162393
nået	at	0.102564
nået	i	0.042735
nået	et	0.042735
nået	toppen	0.034188
nået	en	0.034188
nået	målet	0.025641
nået	op	0.025641
nået	hertil	0.025641
nået	dertil	0.025641
når	man	0.152563
når	de	0.135876
når	det	0.127135
når	vi	0.077473
når	der	0.066746
når	han	0.054827
når	jeg	0.036154
når	den	0.033373
når	du	0.028605
når	hun	0.025824
når	en	0.015892
når	et	0.007549
når	frem	0.007151
når	at	0.005562
når	folk	0.005562
når	danmark	0.004768
når	så	0.004370
når	først	0.003973
når	nu	0.003973
når	i	0.003973
når	ikke	0.003576
når	til	0.003576
når	alt	0.003178
når	børnene	0.003178
når	politiet	0.002781
når	op	0.002781
når	alle	0.002384
når	hans	0.002384
når	klokken	0.002384
når	børn	0.001986
når	nogen	0.001986
når	som	0.001986
når	holdet	0.001986
når	målet	0.001986
når	strømmen	0.001986
når	sådan	0.001986
når	hendes	0.001986
når	vinden	0.001986
når	vejret	0.001986
når	retten	0.001986
nægte	at	0.636364
nægtede	at	0.272727
nægtede	sig	0.227273
nægtede	den	0.136364
nægtet	sig	0.459459
nægtet	at	0.405405
nægtet	adgang	0.081081
nærmest	ikke	0.077586
nærmest	er	0.060345
nærmest	umuligt	0.043103
nærmest	i	0.034483
nærmest	som	0.034483
nærmest	en	0.025862
nærmest	et	0.025862
nærmest	blevet	0.025862
nærmest	tværtimod	0.025862
næste	år	0.206327
næste	uge	0.112792
næste	års	0.042641
næste	valg	0.041265
næste	gang	0.035763
næste	skridt	0.034388
næste	to	0.027510
næste	sæson	0.027510
næste	tre	0.024759
næste	dage	0.022008
næste	kamp	0.020633
næste	par	0.020633
næste	fem	0.019257
næste	måneder	0.015131
næste	sommer	0.013755
næste	store	0.012380
næste	fire	0.012380
næste	dag	0.011004
næste	runde	0.011004
næste	lørdag	0.009629
næste	uger	0.009629
næste	generation	0.008253
næste	mange	0.008253
næste	vinter	0.008253
næste	weekend	0.006878
næste	uges	0.006878
næste	stykke	0.006878
næste	morgen	0.006878
næste	søndag	0.006878
næste	møde	0.006878
næste	måned	0.005502
næste	opgave	0.005502
næste	seks	0.005502
næste	regering	0.005502
næste	kapitel	0.005502
næste	fase	0.004127
næste	der	0.004127
næste	tid	0.004127
næste	niveau	0.004127
næste	i	0.004127
nødvendig	for	0.250000
nøjes	med	0.886792
of	the	0.458333
offentlig	transport	0.363636
offentlig	ret	0.068182
offentlig	støtte	0.068182
offentlig	begivenhed	0.068182
offeret	blev	0.235294
offeret	havde	0.176471
officielle	tal	0.069767
officielle	danmark	0.069767
oftere	end	0.350000
oftere	men	0.150000
ok	at	0.250000
ole	vind	0.160000
omdømme	som	0.750000
omfattende	brand	0.092593
omfattende	sag	0.074074
omfattende	angreb	0.074074
områder	hvor	0.169591
områder	i	0.116959
områder	som	0.070175
områder	der	0.058480
områder	med	0.052632
områder	på	0.052632
områder	og	0.046784
områder	af	0.040936
områder	er	0.035088
områder	vil	0.017544
områder	for	0.017544
opdage	at	0.454545
operation	i	0.357143
operation	x	0.095238
operation	og	0.095238
opererer	med	0.500000
opfører	sig	0.764706
opførsel	i	0.153846
opgaver	som	0.136364
opgaver	i	0.079545
opgaver	og	0.068182
opgaver	der	0.068182
opgaver	for	0.056818
opgaver	på	0.045455
opgaver	er	0.034091
opgaver	siger	0.034091
opgaver	så	0.034091
ophold	i	0.647059
ophold	på	0.078431
ophold	for	0.058824
ophold	og	0.058824
opkald	fra	0.256410
opkald	til	0.179487
opkald	om	0.128205
opkald	som	0.076923
opkaldt	efter	1.000000
opleve	at	0.152000
opleve	en	0.096000
opleve	det	0.088000
opleve	et	0.048000
opleve	den	0.040000
opleve	hvordan	0.032000
opleve	de	0.024000
opleve	problemer	0.024000
opleve	noget	0.024000
oplevet	at	0.222222
oplevet	en	0.130719
oplevet	et	0.058824
oplevet	det	0.058824
oplevet	noget	0.058824
oplevet	i	0.045752
oplevet	så	0.026144
oplevet	den	0.026144
oplevet	på	0.019608
oplevet	problemer	0.019608
oplevet	hvordan	0.019608
oplysninger	om	0.295833
oplysninger	fra	0.075000
oplysninger	i	0.066667
oplysninger	som	0.054167
oplysninger	til	0.045833
oplysninger	er	0.045833
oplysninger	der	0.041667
oplysninger	var	0.025000
oplysninger	har	0.025000
oplysninger	og	0.016667
oplysninger	kan	0.012500
oplysninger	de	0.012500
oplysninger	vi	0.012500
oplysninger	ud	0.012500
oplysninger	for	0.012500
oplysningerne	om	0.285714
oplysningerne	fra	0.214286
oplysningerne	i	0.107143
oplysningerne	er	0.107143
opnå	det	0.117647
opnå	noget	0.088235
oppe	på	0.366667
oppe	i	0.191667
oppe	at	0.091667
oppe	imod	0.041667
oppe	omkring	0.041667
oppe	og	0.033333
oppe	som	0.033333
oppe	til	0.025000
oprindelige	folk	0.171429
optagelser	fra	0.291667
optagelser	af	0.166667
optagelser	og	0.125000
optræder	i	0.161290
optræder	på	0.129032
optræder	som	0.096774
ord	på	0.125984
ord	som	0.074803
ord	der	0.066929
ord	er	0.051181
ord	og	0.047244
ord	for	0.039370
ord	om	0.039370
ord	med	0.035433
ord	at	0.027559
ord	siger	0.027559
ord	ikke	0.023622
ord	fra	0.023622
ord	men	0.023622
ord	det	0.019685
ord	i	0.015748
ord	til	0.015748
ord	bliver	0.011811
ord	de	0.011811
ordre	til	0.476190
organiseret	og	0.176471
over	for	0.120064
over	at	0.109554
over	de	0.051592
over	en	0.046497
over	den	0.034395
over	hele	0.030892
over	det	0.029299
over	år	0.022611
over	i	0.018790
over	et	0.017197
over	midten	0.014331
over	to	0.012739
over	hvad	0.012420
over	hvor	0.010828
over	og	0.009236
over	på	0.009236
over	til	0.008917
over	hovedet	0.008599
over	danmark	0.007643
over	tre	0.007643
over	hvordan	0.007643
over	procent	0.007325
over	grader	0.007325
over	millioner	0.007006
over	grænsen	0.006369
over	kroner	0.005732
over	personer	0.005732
over	stregen	0.005732
over	sin	0.005414
over	landet	0.005096
over	sommeren	0.005096
over	tid	0.004777
over	halvdelen	0.004777
over	vinteren	0.004459
over	milliarder	0.004459
over	deres	0.004459
over	kilometer	0.004459
over	store	0.004140
over	os	0.004140
over	dem	0.004140
overbevisende	sejr	0.208333
overbevisende	med	0.125000
overbeviste	om	0.571429
overfald	på	0.428571
overfald	og	0.238095
overfald	i	0.142857
overgive	sig	0.666667
overleve	i	0.121212
overrasker	det	0.333333
overrasker	mig	0.250000
overskud	på	0.230769
overskud	i	0.128205
overskud	og	0.115385
overskud	til	0.102564
overskud	hos	0.038462
overskud	af	0.038462
overskud	fra	0.038462
overstået	og	0.151515
overstået	kapitel	0.090909
overstået	så	0.090909
overtager	posten	0.142857
overtager	sagen	0.107143
pakken	som	0.160000
pakken	på	0.120000
parat	til	0.818182
parti	der	0.119816
parti	og	0.096774
parti	i	0.064516
parti	har	0.050691
parti	med	0.041475
parti	på	0.036866
parti	hvor	0.032258
parti	som	0.027650
parti	for	0.023041
parti	at	0.023041
parti	er	0.023041
parti	så	0.023041
parti	siger	0.018433
parti	skal	0.013825
parti	kan	0.013825
parti	de	0.013825
parti	ikke	0.013825
partiet	har	0.065868
partiet	i	0.062874
partiet	ikke	0.041916
partiet	og	0.035928
partiet	er	0.035928
partiet	til	0.035928
partiet	vil	0.029940
partiet	der	0.023952
partiet	skal	0.023952
partiet	nu	0.017964
partiet	med	0.017964
partiet	at	0.017964
partiet	mener	0.014970
partiet	kan	0.014970
partiet	siger	0.011976
partiet	et	0.011976
partiet	de	0.011976
partiet	for	0.011976
partiet	havde	0.008982
partiet	skriver	0.008982
partiet	på	0.008982
partiet	kunne	0.008982
partiet	efter	0.008982
partiet	står	0.008982
partiet	blev	0.008982
partiet	siden	0.008982
partiet	venstre	0.008982
partiet	ud	0.008982
partiet	eller	0.008982
partiet	ligesom	0.008982
partiet	igen	0.008982
partner	i	0.270270
partner	og	0.135135
partner	som	0.081081
partner	på	0.081081
partner	der	0.081081
pas	og	0.148936
pas	på	0.148936
pas	eller	0.085106
pas	med	0.063830
pas	til	0.063830
patienter	der	0.174194
patienter	med	0.122581
patienter	i	0.083871
patienter	og	0.064516
patienter	som	0.051613
patienter	på	0.038710
patienter	til	0.032258
patienter	skal	0.025806
patienter	om	0.019355
patienter	siger	0.019355
patienter	fra	0.019355
patienter	har	0.019355
patienter	er	0.019355
personlige	stemmer	0.439024
personlige	oplysninger	0.085366
personlige	plan	0.060976
personlige	data	0.036585
personlige	træner	0.036585
personligt	at	0.106383
personligt	har	0.085106
personligt	mener	0.063830
piger	i	0.125000
piger	og	0.114583
piger	på	0.093750
piger	der	0.072917
piger	til	0.052083
piger	skal	0.041667
piger	bliver	0.031250
piger	han	0.031250
piger	havde	0.031250
pink	floyd	0.750000
pirater	i	0.250000
pistol	i	0.210526
pistol	og	0.157895
placere	et	0.181818
placere	ansvaret	0.136364
placere	sig	0.136364
pladser	i	0.246575
pladser	på	0.109589
pladser	til	0.082192
pladser	og	0.054795
pladser	er	0.054795
pladser	frem	0.041096
pladser	så	0.041096
planen	at	0.193370
planen	er	0.160221
planen	skal	0.077348
planen	var	0.060773
planen	i	0.044199
planen	om	0.038674
planen	for	0.027624
planen	vil	0.027624
planen	har	0.022099
planen	til	0.016575
planen	med	0.016575
planen	bliver	0.016575
planen	og	0.016575
planerne	om	0.347826
planerne	for	0.130435
planerne	er	0.108696
planerne	og	0.086957
planlægge	et	0.150000
plejede	at	0.875000
pointen	er	0.750000
politisk	leder	0.064865
politisk	side	0.059459
politisk	aftale	0.048649
politisk	handling	0.037838
politisk	og	0.037838
politisk	krise	0.027027
politisk	direktør	0.027027
politisk	pres	0.021622
politisk	beslutning	0.021622
politisk	vold	0.016216
politisk	chef	0.016216
politisk	parti	0.016216
politisk	spil	0.016216
politisk	niveau	0.016216
politisk	aktiv	0.016216
politisk	indflydelse	0.016216
politisk	redaktør	0.016216
porten	til	0.250000
positiv	for	0.238636
positiv	og	0.068182
positiv	effekt	0.068182
positiv	test	0.056818
positiv	i	0.056818
positiv	over	0.045455
positiv	udvikling	0.034091
positiv	når	0.034091
positivt	at	0.145161
positivt	på	0.096774
positivt	ud	0.080645
positivt	med	0.048387
positivt	om	0.048387
positivt	modtaget	0.048387
potentiale	for	0.195122
potentiale	i	0.195122
potentiale	til	0.170732
power	to	0.588235
pr	og	0.090909
pr	liter	0.090909
pres	på	0.383117
pres	fra	0.110390
pres	og	0.103896
pres	i	0.045455
pres	for	0.038961
pres	som	0.038961
pres	mod	0.025974
pres	de	0.019481
pres	der	0.019481
presse	og	0.155556
presse	på	0.133333
presse	dem	0.066667
prinsesse	marie	0.333333
prinsesse	diana	0.250000
pris	på	0.252101
pris	for	0.159664
pris	som	0.058824
pris	i	0.042017
pris	og	0.033613
pris	siger	0.033613
pris	end	0.033613
pris	er	0.025210
privat	og	0.137931
privat	ferie	0.051724
privat	g	0.051724
problem	for	0.143836
problem	med	0.102740
problem	at	0.102740
problem	i	0.068493
problem	siger	0.061644
problem	er	0.047945
problem	når	0.041096
problem	hvis	0.034247
problem	der	0.027397
problem	på	0.027397
problem	men	0.027397
problem	som	0.027397
problem	mener	0.020548
problem	så	0.020548
prøve	at	0.341176
prøve	kræfter	0.082353
prøve	noget	0.070588
prøve	på	0.058824
prøve	det	0.047059
prøve	af	0.035294
prøve	en	0.035294
prøve	de	0.035294
prøve	den	0.035294
prøvede	at	0.550000
prøvet	at	0.375000
prøvet	det	0.111111
prøvet	i	0.097222
prøvet	før	0.097222
prøvet	den	0.041667
psykolog	hos	0.166667
psykolog	og	0.125000
psykolog	ved	0.125000
publikum	til	0.088235
publikum	i	0.088235
publikum	og	0.068627
publikum	som	0.068627
publikum	er	0.049020
publikum	der	0.039216
publikum	på	0.039216
publikum	kan	0.029412
påstå	at	0.857143
påvirket	af	0.666667
rabat	på	0.588235
race	og	0.285714
radio	og	0.204082
radio	information	0.183673
radio	syv	0.061224
radio	tv	0.061224
ramme	om	0.134021
ramme	danmark	0.082474
ramme	de	0.061856
ramme	den	0.041237
ramme	et	0.041237
ramme	for	0.030928
ramme	mål	0.030928
ramme	en	0.030928
ramte	en	0.080808
ramte	i	0.060606
ramte	den	0.060606
ramte	danmark	0.040404
ramte	dem	0.040404
ramte	et	0.040404
rart	at	0.620690
rart	for	0.103448
rattet	i	0.478261
rattet	og	0.173913
reagerede	på	0.428571
redaktør	på	0.444444
redde	liv	0.063492
redde	de	0.063492
redde	sig	0.047619
redde	den	0.047619
regel	der	0.090909
regel	er	0.090909
regel	i	0.068182
regler	for	0.180233
regler	der	0.127907
regler	om	0.093023
regler	og	0.075581
regler	som	0.063953
regler	er	0.046512
regler	i	0.034884
regler	på	0.029070
regler	gælder	0.023256
regler	siger	0.017442
regler	betyder	0.017442
regler	træder	0.017442
regler	fra	0.017442
regler	bliver	0.017442
regler	ikke	0.017442
regler	skal	0.017442
regne	med	0.596154
regne	ud	0.192308
regne	på	0.076923
regner	med	0.658537
regner	ned	0.048780
regner	de	0.036585
regning	på	0.344828
regnskab	for	0.400000
rejse	til	0.132653
rejse	ind	0.061224
rejse	en	0.056122
rejse	med	0.056122
rejse	og	0.051020
rejse	hjem	0.045918
rejse	sig	0.045918
rejse	tilbage	0.035714
rejse	i	0.035714
rejse	fra	0.030612
rejse	ud	0.030612
rejse	på	0.025510
rejse	så	0.025510
rejse	videre	0.020408
rejse	tiltale	0.020408
rejse	som	0.015306
rejst	til	0.152174
rejst	tiltale	0.119565
rejst	ind	0.043478
rejst	rundt	0.043478
rejst	tre	0.043478
rejst	sig	0.032609
rejst	med	0.032609
rejst	for	0.032609
rejst	ud	0.032609
rejst	mod	0.032609
rejst	en	0.032609
rejste	sig	0.125000
rejste	til	0.100000
rekord	i	0.197368
rekord	på	0.144737
rekord	for	0.078947
rekord	der	0.052632
rekord	og	0.052632
rekord	var	0.039474
religiøse	leder	0.272727
repræsenterer	de	0.129032
repræsenterer	en	0.096774
repræsenterer	den	0.096774
respekt	for	0.687500
respekt	og	0.093750
restaurant	i	0.205128
restaurant	og	0.128205
restaurant	på	0.076923
restaurant	som	0.076923
restaurant	med	0.076923
restauranter	og	0.243902
restauranter	i	0.170732
restauranter	kan	0.073171
rester	af	0.714286
resultaterne	af	0.277778
resultaterne	fra	0.111111
resultaterne	ikke	0.083333
resultaterne	i	0.083333
retssagen	mod	0.352941
retssagen	mellem	0.044118
retssagen	er	0.044118
retter	sig	0.200000
retter	en	0.133333
retter	skarp	0.100000
rigtig	mange	0.200401
rigtig	meget	0.122244
rigtig	godt	0.098196
rigtig	god	0.084168
rigtig	gerne	0.030060
rigtig	rigtig	0.024048
rigtig	stor	0.016032
rigtig	svært	0.016032
rigtig	glade	0.014028
rigtig	glad	0.014028
rigtig	vigtigt	0.014028
rigtig	fint	0.010020
rigtig	skidt	0.010020
rigtig	sjovt	0.010020
rigtig	hårdt	0.010020
rigtig	gode	0.010020
rigtig	dårlig	0.008016
rigtig	flot	0.008016
rigtig	dårligt	0.008016
rigtig	fedt	0.008016
rigtig	og	0.008016
rigtig	at	0.008016
rigtig	noget	0.008016
rigtig	ked	0.008016
rigtig	spændende	0.006012
rigtig	dejligt	0.006012
rigtig	positivt	0.006012
rigtig	lang	0.006012
rigtig	ærgerligt	0.006012
rigtig	stærkt	0.006012
rigtig	høj	0.006012
rigtig	langt	0.006012
rigtige	retning	0.076389
rigtige	at	0.069444
rigtige	vej	0.048611
rigtige	sted	0.041667
rigtige	måde	0.041667
rigtige	side	0.041667
rigtige	beslutning	0.041667
rigtige	navn	0.027778
rigtige	for	0.027778
rigtige	svar	0.027778
rigtige	løsning	0.020833
rigtige	valg	0.020833
ringe	til	0.333333
ringe	på	0.066667
ringe	og	0.066667
ringe	hvis	0.040000
robert	skov	0.333333
rolle	i	0.505682
rolle	som	0.136364
rolle	for	0.073864
rolle	og	0.039773
rolle	er	0.028409
rolle	på	0.017045
rolle	siger	0.017045
roman	om	0.200000
roman	er	0.100000
russisk	gas	0.255507
russisk	olie	0.088106
russisk	side	0.088106
russisk	angreb	0.048458
russisk	energi	0.048458
russisk	kontrol	0.044053
russisk	og	0.026432
russisk	militær	0.022026
russisk	tv	0.022026
russisk	mand	0.017621
russisk	spion	0.013216
russisk	støttede	0.013216
russisk	eller	0.013216
russisk	territorium	0.013216
russisk	missil	0.013216
rute	på	0.088235
rute	mellem	0.088235
rute	i	0.088235
rydde	op	0.812500
ryge	ud	0.222222
ryge	og	0.111111
rygter	om	0.666667
ryste	på	0.187500
ryster	på	0.300000
rystet	over	0.416667
rystet	af	0.125000
råde	over	0.600000
rådgiver	for	0.156250
rådgiver	i	0.156250
rådgiver	regeringen	0.093750
rådgiver	og	0.093750
rådhuset	i	0.392857
rådhuset	og	0.107143
røde	kors	0.416000
røde	løber	0.112000
røde	og	0.032000
røde	plads	0.032000
røde	felt	0.024000
røde	hav	0.024000
røg	ud	0.185185
røg	i	0.123457
røg	og	0.098765
røg	fra	0.086420
røg	han	0.049383
røg	de	0.037037
røg	der	0.037037
rør	ned	0.272727
sagen	om	0.104668
sagen	og	0.069307
sagen	er	0.062235
sagen	mod	0.046676
sagen	i	0.045262
sagen	har	0.033946
sagen	til	0.031117
sagen	som	0.028289
sagen	skal	0.026874
sagen	for	0.022631
sagen	fra	0.021216
sagen	blev	0.018388
sagen	hvor	0.018388
sagen	med	0.018388
sagen	men	0.018388
sagen	der	0.014144
sagen	siger	0.012730
sagen	op	0.011315
sagen	kan	0.009901
sagen	ikke	0.008487
sagen	var	0.008487
sagen	at	0.007072
sagen	nærmere	0.007072
sagen	på	0.007072
sagen	skulle	0.007072
sagen	en	0.007072
sagen	skriver	0.007072
sagen	nu	0.007072
sagen	handler	0.007072
sagen	nægtet	0.005658
sagen	igen	0.005658
sagen	bliver	0.005658
sagen	før	0.005658
sagen	fortæller	0.005658
sagen	ved	0.005658
sagen	fortsætter	0.005658
sagen	hvis	0.005658
sagen	mellem	0.005658
sagen	så	0.005658
sagen	drejer	0.005658
sagerne	i	0.157895
sagerne	er	0.078947
sagt	at	0.307210
sagt	farvel	0.056426
sagt	ja	0.053292
sagt	til	0.043887
sagt	i	0.037618
sagt	nej	0.034483
sagt	så	0.031348
sagt	op	0.025078
sagt	på	0.025078
sagt	er	0.018809
sagt	noget	0.018809
sagt	det	0.018809
sagt	med	0.015674
sagt	eller	0.012539
sagt	fra	0.012539
sagt	om	0.012539
sagt	sit	0.012539
sagt	ikke	0.009404
sagt	jeg	0.009404
sagt	hvis	0.009404
samfund	og	0.120370
samfund	som	0.101852
samfund	i	0.064815
samfund	siger	0.046296
samfund	men	0.046296
samfund	skal	0.037037
samfund	at	0.037037
samfund	med	0.027778
samfund	så	0.027778
samfund	er	0.027778
samfund	hvor	0.027778
samfund	på	0.027778
samling	af	0.272727
samling	i	0.090909
sammenlignet	med	0.955882
samtlige	af	0.264151
samtlige	danske	0.056604
sande	at	0.333333
sande	og	0.133333
sande	efter	0.100000
sankt	hans	0.800000
satte	sig	0.184971
satte	en	0.057803
satte	gang	0.040462
satte	i	0.040462
satte	den	0.040462
satte	ind	0.034682
satte	et	0.034682
satte	de	0.028902
satte	hun	0.028902
satte	mig	0.028902
satte	det	0.028902
satte	ild	0.023121
satte	kursen	0.023121
satte	han	0.023121
satte	deres	0.017341
satte	fokus	0.017341
satte	alle	0.017341
satte	ham	0.017341
sejr	i	0.223975
sejr	på	0.220820
sejr	over	0.148265
sejr	for	0.053628
sejr	til	0.041009
sejr	mod	0.034700
sejr	og	0.022082
sejr	ved	0.015773
sejr	hjem	0.015773
sejr	der	0.015773
sejr	da	0.012618
sejr	er	0.009464
sejr	ude	0.009464
sejr	her	0.009464
sejre	i	0.396552
sejre	og	0.155172
sejre	for	0.068966
sejre	er	0.051724
sejre	på	0.051724
seksuelt	forhold	0.571429
sekunder	efter	0.122807
sekunder	og	0.096491
sekunder	hurtigere	0.061404
sekunder	før	0.052632
sekunder	langsommere	0.043860
sekunder	til	0.043860
sekunder	af	0.035088
sekunder	tilbage	0.035088
sekunder	på	0.035088
sekunder	foran	0.035088
sekunder	fra	0.026316
sekunder	igen	0.026316
sekunder	men	0.026316
sekunder	hvilket	0.026316
sekunder	op	0.026316
send	dit	0.666667
september	og	0.095238
september	i	0.071429
september	sidste	0.053571
september	hvor	0.041667
september	at	0.035714
september	var	0.035714
september	for	0.029762
september	klokken	0.029762
september	kom	0.023810
september	til	0.023810
september	eller	0.023810
september	har	0.023810
september	vandt	0.023810
september	skal	0.023810
september	er	0.023810
september	blev	0.023810
september	kl	0.017857
september	bliver	0.017857
september	måned	0.017857
september	men	0.017857
september	kunne	0.017857
september	på	0.017857
september	mens	0.017857
sex	med	0.436364
sex	og	0.109091
sex	i	0.072727
sex	samfund	0.054545
side	af	0.262712
side	om	0.064972
side	og	0.064972
side	er	0.053672
side	med	0.036723
side	har	0.031073
side	i	0.028249
side	siger	0.019774
side	kan	0.019774
side	så	0.019774
side	på	0.016949
side	at	0.016949
side	skal	0.014124
side	hvor	0.011299
side	kommer	0.011299
side	men	0.011299
side	vil	0.011299
side	står	0.011299
side	til	0.008475
side	mod	0.008475
side	eller	0.008475
side	som	0.008475
side	et	0.008475
side	skriver	0.008475
sigtet	for	0.797710
sigtet	i	0.076336
sigtet	efter	0.034351
sigtet	og	0.022901
sigtet	dem	0.011450
sikker	på	0.664516
sikker	og	0.032258
sikker	trafik	0.032258
sikker	måde	0.025806
sikker	sejr	0.019355
sikker	stil	0.019355
sikkerheden	i	0.297872
sikkerheden	på	0.170213
sikkerheden	og	0.085106
sikkerheden	selv	0.063830
sikret	sig	0.478261
sikret	en	0.144928
sikret	med	0.057971
simpelthen	ikke	0.326667
simpelthen	for	0.053333
simpelthen	så	0.046667
simpelthen	en	0.040000
simpelthen	fordi	0.040000
simpelthen	bare	0.033333
simpelthen	er	0.033333
simpelthen	nødt	0.033333
simpelthen	at	0.026667
simpelthen	være	0.020000
simpelthen	bedre	0.020000
sinde	at	0.700000
sindssygt	meget	0.150000
situation	hvor	0.141026
situation	i	0.111111
situation	som	0.098291
situation	for	0.068376
situation	er	0.055556
situation	og	0.042735
situation	siger	0.038462
situation	der	0.034188
situation	vi	0.034188
situation	har	0.021368
situation	med	0.021368
situation	at	0.021368
situation	vil	0.017094
situation	men	0.017094
situation	mellem	0.012821
situation	på	0.012821
sjette	gang	0.100000
sjette	ende	0.100000
sjette	og	0.100000
sjette	år	0.100000
sjov	med	0.190476
sjov	og	0.142857
sjove	og	0.333333
sjovere	at	0.555556
sjovt	at	0.364865
sjovt	siger	0.121622
sjovt	og	0.121622
sjovt	men	0.067568
sjovt	med	0.067568
sjovt	nok	0.054054
sjældent	at	0.174757
sjældent	i	0.058252
sjældent	syn	0.048544
sjældent	været	0.029126
sjældent	som	0.029126
sjældent	og	0.029126
sjældent	er	0.029126
sjældent	de	0.029126
sjældent	på	0.029126
skaber	en	0.142857
skaber	stor	0.091837
skaber	det	0.061224
skaber	den	0.051020
skaber	et	0.051020
skaber	de	0.030612
skaber	opmærksomhed	0.030612
skabt	en	0.143750
skabt	af	0.100000
skabt	et	0.093750
skabt	til	0.062500
skabt	i	0.031250
skabt	ved	0.025000
skabt	det	0.025000
skabt	på	0.018750
skabt	frygt	0.018750
skabt	de	0.018750
skabt	for	0.018750
skabt	den	0.018750
skabt	stor	0.018750
skabt	røre	0.018750
skader	på	0.307087
skader	i	0.102362
skader	og	0.055118
skader	som	0.055118
skader	efter	0.039370
skader	men	0.031496
skader	ved	0.023622
skaderne	på	0.350000
skaderne	er	0.250000
skaderne	og	0.150000
skadet	i	0.200000
skam	at	0.157895
skam	og	0.157895
skammer	sig	0.428571
skat	i	0.118644
skat	på	0.118644
skat	og	0.084746
skat	er	0.067797
skat	der	0.067797
skat	til	0.067797
skib	med	0.129032
skib	i	0.096774
skibet	er	0.070175
skibet	i	0.052632
skibet	var	0.052632
skibet	der	0.052632
skibet	har	0.052632
skidt	start	0.125000
skidt	ud	0.125000
skidt	for	0.107143
skidt	at	0.089286
skidt	til	0.071429
skidt	siger	0.053571
skiftet	ud	0.222222
skiftet	ind	0.155556
skiftet	fra	0.144444
skiftet	til	0.111111
skiftet	mellem	0.033333
skiltet	med	0.187500
skinner	og	0.200000
skipper	og	0.300000
skjorte	og	0.428571
skjul	på	0.875000
sko	og	0.280000
skolen	i	0.110497
skolen	og	0.099448
skolen	har	0.082873
skolen	er	0.071823
skolen	som	0.033149
skolen	ikke	0.027624
skolen	fordi	0.027624
skolen	siger	0.027624
skolen	skal	0.022099
skolen	men	0.022099
skolen	eller	0.016575
skolen	var	0.016575
skolens	elever	0.178571
skolens	lærere	0.142857
skræk	og	0.428571
skudt	i	0.355140
skudt	og	0.140187
skudt	ned	0.046729
skudt	under	0.028037
skudt	sig	0.028037
skudt	af	0.028037
skudt	et	0.028037
skuffelse	over	0.222222
skuffelse	i	0.111111
skyder	med	0.142857
skyld	i	0.379747
skyld	at	0.088608
skyld	og	0.075949
skyld	men	0.037975
skyldes	at	0.388693
skyldes	det	0.081272
skyldes	blandt	0.074205
skyldes	en	0.067138
skyldes	ifølge	0.049470
skyldes	især	0.031802
skyldes	ikke	0.028269
skyldes	de	0.024735
skyldes	den	0.024735
skyldes	flere	0.017668
skyldes	både	0.010601
skyldes	formentlig	0.010601
skyldes	i	0.010601
skyldes	et	0.010601
skyldes	to	0.010601
skævt	og	0.230769
skævt	smil	0.230769
slapper	af	0.750000
slet	ikke	0.937743
slet	ingen	0.027237
slet	og	0.011673
slip	på	0.857143
slippe	for	0.222222
slippe	af	0.148148
slippe	sit	0.055556
slog	fast	0.050633
slog	de	0.050633
slog	til	0.050633
slog	den	0.044304
slog	sig	0.037975
slog	igennem	0.031646
slog	alarm	0.031646
slog	i	0.031646
slog	ned	0.031646
slog	på	0.031646
slog	en	0.025316
slog	han	0.025316
slog	og	0.025316
slog	ud	0.018987
slog	nemlig	0.018987
slog	ham	0.018987
slog	dørene	0.018987
slottet	i	0.350000
slut	med	0.446281
slut	og	0.074380
slut	for	0.074380
slut	endnu	0.049587
slut	nu	0.041322
slut	i	0.033058
slut	siger	0.024793
slut	er	0.024793
slutter	med	0.091954
slutter	på	0.068966
slutter	den	0.057471
slutter	søndag	0.057471
slutter	i	0.045977
slutter	sig	0.045977
slutter	de	0.034483
slutter	han	0.034483
slutter	hun	0.034483
slår	fast	0.132075
slår	han	0.084906
slår	til	0.066038
slår	dog	0.056604
slår	sig	0.047170
slår	samtidig	0.037736
slår	dørene	0.028302
slår	hun	0.028302
slår	også	0.028302
smertefuldt	at	0.750000
smider	han	0.375000
smukt	og	0.173913
småt	er	0.281250
småt	begyndt	0.125000
småt	ved	0.093750
snarere	en	0.142857
snarere	at	0.142857
snarere	tværtimod	0.107143
snor	i	0.300000
snuppe	en	0.307692
snuppe	sejren	0.230769
snyd	med	0.500000
social	og	0.589744
social	kontrol	0.179487
sociale	og	0.093750
sociale	i	0.062500
sociale	myndigheder	0.046875
sociale	liv	0.046875
sodavand	og	0.666667
sofaen	og	0.333333
solgt	til	0.180000
solgt	for	0.146667
solgt	i	0.046667
solgt	sin	0.040000
solgt	på	0.040000
solgt	over	0.033333
solgt	mere	0.026667
solgt	billetter	0.026667
solgt	som	0.020000
solgt	via	0.020000
solgt	en	0.020000
solgt	og	0.020000
solgt	af	0.020000
solgte	biler	0.108108
som	er	0.064542
som	en	0.062766
som	har	0.040305
som	de	0.029563
som	det	0.027077
som	et	0.025302
som	den	0.025124
som	i	0.025036
som	vi	0.018821
som	han	0.017578
som	ikke	0.015181
som	følge	0.015004
som	kan	0.013583
som	blev	0.013317
som	skal	0.012429
som	man	0.012429
som	var	0.011985
som	om	0.010742
som	hun	0.010298
som	jeg	0.009322
som	muligt	0.008967
som	også	0.008878
som	for	0.007812
som	nu	0.007013
som	vil	0.006126
som	nummer	0.005682
som	helst	0.005593
som	blandt	0.005238
som	alle	0.005149
som	der	0.005149
som	formand	0.004794
som	på	0.004616
som	ny	0.004616
som	at	0.004261
som	bliver	0.004173
som	havde	0.004173
som	tidligere	0.003995
som	står	0.003995
som	noget	0.003906
som	tv	0.003906
sorte	tal	0.090909
sorte	marked	0.054545
sorte	og	0.054545
sorte	sko	0.054545
spanske	avis	0.100000
spanske	stjerne	0.075000
spanske	og	0.075000
spild	af	0.461538
spild	lokalt	0.307692
spille	en	0.102113
spille	på	0.095070
spille	med	0.091549
spille	i	0.077465
spille	sig	0.059859
spille	for	0.059859
spille	fodbold	0.042254
spille	mod	0.038732
spille	ind	0.021127
spille	om	0.021127
spille	sammen	0.021127
spille	kampe	0.017606
spille	og	0.017606
spille	fire	0.014085
spille	tennis	0.014085
spille	et	0.014085
spille	igen	0.010563
spille	den	0.010563
spille	bold	0.010563
spille	op	0.010563
spille	kamp	0.010563
spille	sin	0.010563
spillede	en	0.139535
spillede	sig	0.098837
spillede	i	0.093023
spillede	for	0.046512
spillede	mod	0.034884
spillede	han	0.034884
spillede	på	0.034884
spillede	med	0.029070
spillede	kampe	0.029070
spillede	hele	0.023256
spillede	sin	0.023256
spillede	søndag	0.017442
spillede	op	0.017442
spillede	de	0.017442
spillede	godt	0.017442
spillere	i	0.101695
spillere	der	0.097458
spillere	og	0.063559
spillere	som	0.055085
spillere	på	0.038136
spillere	har	0.033898
spillere	er	0.033898
spillere	med	0.029661
spillere	fra	0.029661
spillere	til	0.025424
spillere	efter	0.021186
spillere	så	0.016949
spillere	for	0.016949
spillere	siger	0.012712
spillere	at	0.012712
spillere	ikke	0.012712
spillere	var	0.012712
spillere	blev	0.012712
spise	frokost	0.075472
spise	en	0.075472
spise	i	0.056604
spise	og	0.056604
spiser	i	0.076923
spiser	de	0.076923
spiser	det	0.076923
spiser	og	0.076923
spændende	at	0.181818
spændende	og	0.136364
spændende	ud	0.034091
spændende	fordi	0.034091
spørger	man	0.285714
spørger	hvorfor	0.079365
spørger	om	0.071429
spørger	ham	0.031746
spørger	du	0.031746
spørger	os	0.023810
spørger	han	0.023810
spørger	efter	0.023810
spørger	hvordan	0.023810
spørgsmålet	om	0.392157
spørgsmålet	er	0.326797
spørgsmålet	til	0.032680
spørgsmålet	hvor	0.026144
spørgsmålet	og	0.019608
spørgsmålet	i	0.019608
stadig	er	0.099581
stadig	ikke	0.069182
stadig	i	0.047170
stadig	en	0.040881
stadig	at	0.035639
stadig	et	0.030398
stadig	på	0.026205
stadig	være	0.025157
stadig	har	0.020964
stadig	kan	0.017820
stadig	flere	0.012579
stadig	var	0.012579
stadig	til	0.010482
stadig	med	0.010482
stadig	mange	0.009434
stadig	meget	0.009434
stadig	mere	0.009434
stadig	for	0.008386
stadig	den	0.007338
stadig	større	0.007338
stadig	masser	0.007338
stadig	vil	0.007338
stadig	kunne	0.006289
stadig	gerne	0.006289
stadig	bliver	0.006289
stadig	og	0.006289
stadig	skal	0.006289
stadig	muligt	0.006289
stadig	som	0.005241
stadig	havde	0.005241
stadig	godt	0.005241
stadig	nå	0.005241
stadig	brug	0.005241
stadig	de	0.005241
stadig	lang	0.005241
stadig	om	0.004193
stadig	stor	0.004193
stadig	svært	0.004193
stadig	komme	0.004193
stadig	står	0.004193
stemte	for	0.228571
stemte	på	0.142857
stemte	imod	0.128571
stemte	nej	0.042857
stemte	ja	0.042857
stemte	procent	0.042857
stemte	som	0.042857
stikke	af	0.371429
stikke	en	0.171429
stikker	af	0.181818
stillet	op	0.116279
stillet	til	0.104651
stillet	af	0.104651
stillet	en	0.093023
stillet	for	0.081395
stillet	i	0.058140
stillet	sig	0.034884
stillet	et	0.034884
stole	på	0.566667
stole	og	0.133333
stoppes	og	0.375000
stoppet	af	0.179104
stoppet	i	0.104478
stoppet	med	0.074627
stoppet	på	0.059701
stoppet	ved	0.059701
stoppet	den	0.044776
stoppet	de	0.044776
store	dele	0.093645
store	mængder	0.070234
store	problemer	0.041249
store	og	0.026756
store	konsekvenser	0.024526
store	spørgsmål	0.021182
store	byer	0.018952
store	chancer	0.018952
store	forskel	0.014493
store	danske	0.013378
store	internationale	0.012263
store	forventninger	0.011148
store	at	0.010033
store	ord	0.008919
store	ambitioner	0.008919
store	økonomiske	0.008919
store	scene	0.007804
store	skader	0.007804
store	overraskelse	0.007804
store	stjerner	0.007804
store	træk	0.006689
store	betydning	0.006689
store	helt	0.006689
store	områder	0.006689
store	nord	0.006689
store	interesse	0.005574
store	navne	0.005574
store	ændringer	0.005574
store	som	0.005574
store	summer	0.005574
store	pres	0.005574
store	sten	0.005574
store	succes	0.005574
store	muligheder	0.005574
store	men	0.004459
store	beløb	0.004459
store	skærm	0.004459
store	fest	0.004459
store	træer	0.004459
store	huller	0.004459
stormen	på	0.222222
stormen	nora	0.111111
stormen	har	0.083333
straffet	med	0.388889
straffet	for	0.222222
stram	kurs	0.562500
stranden	i	0.177778
stranden	og	0.088889
stranden	er	0.088889
stranden	så	0.066667
strøm	og	0.137931
strøm	i	0.094828
strøm	til	0.094828
strøm	af	0.068966
strøm	der	0.051724
strøm	som	0.043103
strøm	fra	0.043103
strøm	end	0.034483
strøm	er	0.025862
strøm	efter	0.025862
strøm	på	0.025862
strømmen	er	0.166667
strømmen	i	0.116667
strømmen	fra	0.100000
strømmen	tilbage	0.100000
studerende	og	0.090909
studerende	på	0.069930
studerende	fra	0.062937
studerende	i	0.055944
studerende	til	0.055944
studerende	har	0.034965
studerende	at	0.034965
studerende	der	0.020979
studerende	som	0.020979
studerende	kan	0.020979
stukket	med	0.222222
stukket	i	0.206349
stukket	ned	0.142857
stukket	en	0.079365
stukket	af	0.079365
stukket	flere	0.047619
stund	har	0.148936
stund	er	0.127660
stund	ikke	0.085106
stund	at	0.063830
stykke	tid	0.307692
stykke	af	0.062937
stykke	op	0.055944
stykke	vej	0.048951
stykke	over	0.041958
stykke	under	0.034965
stykke	arbejde	0.034965
stykke	papir	0.027972
stykke	stof	0.020979
stykke	dansk	0.020979
stykke	fra	0.020979
stykke	ind	0.020979
styrer	det	0.333333
stående	i	0.250000
stående	på	0.178571
stærk	og	0.128571
stærk	som	0.042857
stærk	vind	0.042857
stærk	storm	0.042857
stærk	stemme	0.042857
stærkeste	kort	0.250000
største	og	0.052469
største	i	0.046296
største	af	0.043210
største	byer	0.040123
største	danske	0.033951
største	by	0.033951
største	parti	0.033951
største	scene	0.021605
største	problem	0.021605
største	fald	0.018519
største	banker	0.018519
største	udfordring	0.018519
største	del	0.015432
største	chance	0.015432
største	stjerner	0.015432
største	kamp	0.012346
største	navne	0.012346
største	it	0.012346
største	chancer	0.009259
største	på	0.009259
største	bekymring	0.009259
største	favorit	0.009259
største	investering	0.009259
største	interesse	0.009259
største	ønske	0.009259
største	nogensinde	0.009259
største	virksomhed	0.009259
største	med	0.009259
største	titel	0.009259
største	tv	0.009259
succes	i	0.198276
succes	med	0.163793
succes	er	0.051724
succes	og	0.034483
succes	ved	0.034483
succes	for	0.034483
succes	siger	0.034483
succes	på	0.025862
succes	ikke	0.025862
succes	at	0.025862
succes	som	0.025862
succes	har	0.025862
sult	og	0.363636
sundt	og	0.312500
sundt	for	0.250000
super	g	0.142857
super	ærgerligt	0.107143
suspenderet	fra	0.333333
svar	på	0.423645
svar	fra	0.123153
svar	til	0.113300
svar	er	0.024631
svar	i	0.019704
svar	at	0.014778
svar	men	0.014778
svar	om	0.014778
svar	ved	0.014778
svar	som	0.014778
svar	og	0.014778
sverige	og	0.263158
sverige	i	0.066986
sverige	er	0.062201
sverige	har	0.047847
sverige	hvor	0.043062
sverige	med	0.023923
sverige	for	0.019139
sverige	men	0.019139
sverige	skal	0.019139
sverige	der	0.019139
sverige	at	0.014354
sverige	på	0.014354
sverige	som	0.014354
sverige	kommer	0.014354
sygdommen	i	0.105263
sygdommen	og	0.105263
sygdommen	kan	0.105263
sygdommen	har	0.078947
syge	og	0.196970
syge	med	0.106061
syge	siger	0.075758
syge	mennesker	0.045455
syge	eller	0.045455
syge	patienter	0.045455
syge	i	0.045455
sympati	for	0.333333
sympati	med	0.333333
syn	på	0.568627
syn	der	0.098039
syn	for	0.078431
synes	at	0.202840
synes	det	0.184584
synes	jeg	0.178499
synes	ikke	0.048682
synes	vi	0.038540
synes	du	0.026369
synes	er	0.024341
synes	hun	0.018256
synes	han	0.016227
synes	der	0.016227
synes	de	0.014199
synes	også	0.014199
synes	den	0.012170
synes	jo	0.012170
synes	faktisk	0.010142
synes	man	0.008114
synes	om	0.008114
synes	i	0.008114
synes	nu	0.008114
synes	selv	0.006085
synes	dog	0.006085
synes	som	0.006085
synes	virkelig	0.006085
synes	bare	0.006085
synet	af	0.545455
synger	med	0.173913
synger	på	0.130435
så	er	0.090047
så	det	0.053794
så	meget	0.042749
så	mange	0.033394
så	kan	0.031705
så	har	0.028326
så	vi	0.027417
så	de	0.024428
så	skal	0.021310
så	jeg	0.020140
så	der	0.018061
så	var	0.014943
så	vil	0.014163
så	godt	0.012344
så	længe	0.012344
så	man	0.011435
så	bliver	0.011175
så	den	0.010785
så	må	0.010785
så	stor	0.008186
så	han	0.008186
så	ikke	0.007536
så	langt	0.007277
så	at	0.007147
så	i	0.007017
så	hurtigt	0.007017
så	kunne	0.006237
så	vidt	0.005847
så	kommer	0.005847
så	en	0.005198
så	hvis	0.005198
så	ud	0.005068
så	får	0.005068
så	blev	0.004938
så	ville	0.004808
så	snart	0.004548
så	også	0.004418
så	nu	0.004418
så	hun	0.004418
så	du	0.004158
sælge	sine	0.062500
sælge	deres	0.062500
sælge	ud	0.046875
sælger	til	0.051724
sælger	i	0.051724
sænke	temperaturen	0.263158
sænke	skatten	0.210526
særlig	meget	0.051724
særlig	grad	0.045977
særlig	grov	0.045977
særlig	godt	0.045977
særlig	kriminalitet	0.040230
særlig	plads	0.034483
særlig	grund	0.028736
særlig	dag	0.022989
særlig	risiko	0.022989
særlig	høj	0.017241
særlig	betydning	0.017241
særlig	interesse	0.017241
særlig	type	0.017241
særlig	mange	0.017241
særlig	årsag	0.017241
sø	og	0.275862
sø	i	0.137931
sø	syd	0.103448
søde	sager	0.217391
søde	og	0.217391
søger	om	0.107843
søger	ind	0.078431
søger	mod	0.058824
søger	at	0.049020
søger	en	0.049020
søger	efter	0.049020
søger	hjælp	0.039216
søger	vi	0.029412
søger	vidner	0.029412
søren	gade	0.762712
sørge	for	0.962963
sørgede	for	0.805556
tab	af	0.216667
tab	og	0.150000
tab	på	0.133333
tab	i	0.083333
tab	for	0.083333
tab	til	0.050000
taber	penge	0.081081
taber	til	0.081081
taber	vi	0.081081
tag	over	0.120690
tag	i	0.086207
tag	den	0.051724
tag	ikke	0.051724
tag	som	0.051724
tag	med	0.051724
tages	i	0.152941
tages	fra	0.082353
tages	med	0.082353
tages	alvorligt	0.070588
tages	hensyn	0.058824
tages	en	0.058824
tages	stilling	0.047059
tages	på	0.035294
tages	hånd	0.035294
tak	til	0.436893
tak	for	0.349515
tak	fordi	0.048544
takker	for	0.210526
takker	af	0.157895
tale	om	0.675505
tale	med	0.071970
tale	til	0.031566
tale	i	0.025253
tale	og	0.017677
tale	på	0.015152
tale	for	0.012626
tale	at	0.012626
tale	ved	0.011364
tale	hvor	0.008838
tale	er	0.007576
tale	sammen	0.006313
tale	mere	0.005051
tale	som	0.005051
tale	der	0.003788
tale	de	0.003788
tale	blev	0.003788
tale	åbent	0.003788
tale	fra	0.003788
taler	om	0.233051
taler	med	0.135593
taler	for	0.059322
taler	og	0.050847
taler	sammen	0.025424
taler	i	0.025424
taler	deres	0.021186
taler	han	0.021186
taler	man	0.021186
taler	vi	0.021186
taler	ikke	0.021186
taler	til	0.016949
taler	fra	0.016949
taler	imod	0.012712
tales	om	0.272727
talte	om	0.196262
talte	med	0.168224
talte	i	0.074766
talte	til	0.065421
talte	han	0.037383
talte	vi	0.028037
talte	også	0.028037
teater	i	0.135135
teater	og	0.108108
tegner	til	0.283019
tegner	sig	0.226415
tegner	det	0.075472
tegner	et	0.075472
tegner	der	0.056604
tegninger	og	0.272727
teknik	og	0.688525
teknik	miljø	0.065574
teksten	til	0.187500
telefoner	og	0.333333
tennis	er	0.142857
texas	hvor	0.176471
texas	er	0.176471
thomas	frank	0.229508
thomas	bjørn	0.114754
thomas	jensen	0.098361
thomas	og	0.065574
thomas	anderson	0.049180
ti	år	0.250804
ti	minutter	0.122186
ti	procent	0.051447
ti	gange	0.045016
ti	personer	0.032154
ti	kampe	0.025723
ti	point	0.022508
ti	meter	0.019293
ti	millioner	0.019293
ti	af	0.019293
ti	dage	0.016077
ti	minutters	0.012862
ti	sekunder	0.012862
ti	kilometer	0.012862
ti	er	0.009646
ti	mennesker	0.009646
ti	mest	0.009646
ti	andre	0.009646
ti	mål	0.009646
ti	i	0.009646
ti	milliarder	0.009646
tid	til	0.118740
tid	på	0.073506
tid	og	0.064620
tid	i	0.044426
tid	efter	0.040388
tid	hvor	0.039580
tid	før	0.037157
tid	har	0.035541
tid	at	0.034733
tid	som	0.032310
tid	siden	0.026656
tid	med	0.025040
tid	er	0.025040
tid	siger	0.021809
tid	for	0.014540
tid	vil	0.014540
tid	men	0.010501
tid	end	0.010501
tid	da	0.009693
tid	inden	0.009693
tid	blev	0.008885
tid	fra	0.008078
tid	det	0.008078
tid	der	0.007270
tid	været	0.006462
tid	var	0.006462
tid	af	0.006462
tid	skal	0.006462
tid	de	0.006462
tid	eller	0.005654
tid	hvis	0.005654
tid	endnu	0.005654
tid	sammen	0.005654
tid	hos	0.004847
tid	om	0.004039
tid	senere	0.004039
tid	mens	0.004039
tid	sagde	0.004039
tid	sidste	0.004039
tid	kunne	0.004039
tie	om	0.333333
tie	stille	0.333333
til	at	0.327950
til	en	0.048268
til	den	0.032301
til	det	0.025896
til	de	0.023425
til	et	0.021046
til	tv	0.014549
til	i	0.011163
til	gengæld	0.010203
til	danmark	0.009516
til	og	0.009471
til	stede	0.007183
til	dem	0.005261
til	for	0.004987
til	sin	0.004895
til	skade	0.004850
til	sidst	0.004850
til	deres	0.004484
til	politiet	0.004209
til	alle	0.004163
til	flere	0.003523
til	procent	0.003294
til	salg	0.003248
til	næste	0.003157
til	søndag	0.003111
til	rusland	0.003111
til	to	0.002974
til	kroner	0.002928
til	med	0.002837
til	vores	0.002791
til	rådighed	0.002654
til	hvordan	0.002654
til	andre	0.002608
til	noget	0.002608
til	sit	0.002425
til	lørdag	0.002425
til	os	0.002425
til	mere	0.002333
til	morgen	0.002333
til	på	0.002288
tillade	sig	0.321429
tillade	at	0.214286
tillade	os	0.107143
tilpasse	sig	0.473684
tiltale	mod	0.470588
tiltale	for	0.117647
tiltale	og	0.088235
tiltrækker	mange	0.266667
times	spil	0.152174
times	tid	0.130435
times	er	0.086957
times	har	0.065217
timing	og	0.600000
tingene	på	0.091743
tingene	i	0.082569
tingene	er	0.055046
tingene	siger	0.045872
tingene	som	0.036697
tingene	til	0.036697
tingene	skal	0.036697
tingene	anderledes	0.027523
tingene	og	0.027523
tisse	i	0.600000
tjenester	som	0.166667
tjenester	og	0.166667
tjenester	der	0.125000
tomme	og	0.181818
tommy	hansen	0.300000
tradition	for	0.216216
tradition	at	0.162162
tradition	der	0.135135
tradition	i	0.081081
tragisk	ulykke	0.318182
tragisk	vis	0.136364
tredje	gang	0.154150
tredje	runde	0.071146
tredje	periode	0.067194
tredje	stik	0.047431
tredje	og	0.047431
tredje	år	0.027668
tredje	verdenskrig	0.027668
tredje	sæt	0.023715
tredje	sæson	0.019763
tredje	dag	0.019763
tredje	klasse	0.015810
tredje	person	0.015810
tredje	af	0.015810
tredje	har	0.015810
tredje	mål	0.015810
tredje	i	0.011858
tredje	uge	0.011858
tredje	mand	0.011858
tredje	barn	0.011858
tredje	generation	0.011858
troede	at	0.222222
troede	på	0.111111
troede	jeg	0.100000
troede	de	0.066667
troede	var	0.066667
troede	ikke	0.066667
troede	det	0.055556
troede	vi	0.033333
troede	han	0.033333
troet	på	0.500000
troet	at	0.444444
truslen	om	0.428571
truslen	fra	0.238095
trussel	mod	0.413043
trussel	om	0.108696
trussel	for	0.086957
trykker	på	0.625000
trykket	i	0.250000
træffe	en	0.204545
træffe	beslutninger	0.113636
træffe	den	0.090909
træffe	beslutningen	0.068182
trængte	familier	0.227273
trængte	ind	0.227273
trængte	til	0.136364
træningen	i	0.260870
tunge	våben	0.142857
turen	til	0.190083
turen	fra	0.123967
turen	går	0.049587
turen	i	0.041322
turen	er	0.033058
turen	rundt	0.033058
turen	over	0.024793
turen	mod	0.024793
turen	nu	0.024793
turen	med	0.024793
turister	og	0.142857
turister	i	0.111111
turister	der	0.111111
turister	til	0.079365
turister	som	0.047619
turister	er	0.047619
tusind	mennesker	0.181818
tusind	tak	0.136364
tusinde	kroner	0.333333
tusinde	mennesker	0.128205
tvang	hende	0.218750
tvang	og	0.125000
tvivler	på	0.500000
tvunget	til	0.753623
tydeligt	at	0.330000
tydeligt	mærke	0.050000
tydeligt	i	0.040000
tydeligt	se	0.030000
tydeligvis	ikke	0.176471
tyder	på	0.690476
tyder	det	0.095238
tyder	også	0.031746
tyder	dog	0.023810
tyder	altså	0.023810
tyder	alt	0.023810
type	af	0.118644
type	som	0.067797
type	der	0.067797
typisk	er	0.086957
typisk	vil	0.065217
typisk	en	0.043478
typisk	i	0.032609
typisk	ikke	0.032609
tælle	til	0.444444
tælle	med	0.333333
tøj	og	0.274510
tøj	på	0.068627
tøj	der	0.049020
tøj	i	0.049020
tøj	til	0.049020
tøj	som	0.029412
tøj	med	0.029412
tøj	ind	0.029412
uanset	om	0.246753
uanset	hvad	0.220779
uanset	hvor	0.136364
uanset	hvordan	0.045455
uanset	hvilken	0.045455
uanset	hvem	0.045455
uanset	hvilket	0.019481
uanset	resultatet	0.019481
udenom	at	0.263158
udfordring	for	0.222222
udfordring	i	0.125000
udfordring	at	0.097222
udfordring	er	0.069444
udfordring	og	0.055556
udfordring	men	0.041667
udgifter	til	0.477612
udgifter	i	0.089552
udgifter	for	0.044776
udgifter	er	0.044776
udgivet	en	0.169492
udgivet	i	0.118644
udgivet	sig	0.084746
udgivet	af	0.050847
udgivet	ny	0.050847
udgivet	et	0.050847
udkig	efter	0.857143
udmattet	af	0.500000
udover	at	0.369748
udover	de	0.092437
udover	det	0.075630
udover	den	0.058824
udover	en	0.042017
udover	deres	0.025210
udover	sine	0.025210
udseende	og	0.222222
udsigt	til	0.740000
udsigt	over	0.080000
udsigt	fra	0.030000
udvikler	sig	0.685185
uenige	om	0.500000
uenige	i	0.200000
uge	siden	0.059006
uge	er	0.052795
uge	i	0.041925
uge	har	0.038820
uge	og	0.037267
uge	blev	0.034161
uge	hvor	0.029503
uge	efter	0.027950
uge	med	0.021739
uge	var	0.021739
uge	kan	0.020186
uge	at	0.020186
uge	af	0.018634
uge	til	0.017081
uge	en	0.015528
uge	men	0.013975
uge	for	0.013975
uge	vil	0.013975
uge	skal	0.010870
uge	før	0.010870
uge	på	0.010870
uge	havde	0.010870
uge	kunne	0.009317
uge	kom	0.009317
uge	da	0.009317
uge	senere	0.009317
uge	gik	0.007764
uge	bliver	0.007764
uge	der	0.007764
uge	valgte	0.006211
uge	fik	0.006211
uge	om	0.006211
uge	den	0.006211
uge	end	0.004658
uge	starter	0.004658
uge	lyder	0.004658
uge	viser	0.004658
uge	som	0.004658
uge	lød	0.004658
uge	så	0.004658
ugen	og	0.059603
ugen	i	0.059603
ugen	er	0.052980
ugen	for	0.039735
ugen	efter	0.039735
ugen	op	0.033113
ugen	med	0.033113
ugen	blev	0.033113
ugen	på	0.026490
ugen	til	0.026490
ugen	så	0.026490
ugen	før	0.019868
ugen	fra	0.019868
ugen	hvor	0.019868
ugen	kunne	0.019868
ugen	vil	0.019868
ukendt	antal	0.207547
ukendt	person	0.094340
ukendt	mand	0.075472
ukendt	men	0.056604
ukendt	beløb	0.056604
ukendt	sted	0.056604
ulovligt	at	0.296875
ulovligt	for	0.093750
ulovligt	fyrværkeri	0.093750
ulovligt	har	0.046875
ulovligt	og	0.046875
ulovligt	i	0.046875
ultimative	krav	0.466667
umulige	at	0.444444
underrettet	om	0.800000
undersøgelsen	er	0.142857
undersøgelsen	at	0.057143
undersøgelsen	skal	0.042857
undersøgelsen	på	0.042857
undersøgelsen	der	0.042857
undersøgelsen	viser	0.042857
undersøgt	for	0.114286
undersøgt	af	0.100000
undersøgt	hvad	0.057143
undersøgt	nærmere	0.057143
undersøgt	hvor	0.057143
undersøgt	og	0.057143
undersøgt	om	0.042857
undersøgt	det	0.042857
undervise	i	0.272727
underviser	i	0.305556
underviser	på	0.194444
undrede	det	0.400000
undskyld	til	0.375000
undskyld	for	0.187500
universitet	og	0.198675
universitet	i	0.112583
universitet	er	0.086093
universitet	har	0.052980
universitet	mener	0.046358
universitet	skal	0.019868
universitet	som	0.019868
universitetet	i	0.185185
uretfærdigt	behandlet	0.300000
usikker	på	0.173913
usikker	verden	0.130435
utrolig	meget	0.193548
utrolig	vigtigt	0.096774
utrolig	vigtig	0.096774
uvidende	om	0.600000
valg	på	0.122530
valg	i	0.106719
valg	og	0.063241
valg	til	0.055336
valg	for	0.039526
valg	af	0.035573
valg	siger	0.035573
valg	som	0.031621
valg	men	0.027668
valg	inden	0.023715
valg	at	0.023715
valg	er	0.023715
valg	end	0.019763
valg	har	0.019763
valg	bliver	0.015810
valg	hvor	0.015810
valg	mellem	0.015810
valg	der	0.015810
valg	var	0.015810
valg	om	0.015810
valg	med	0.011858
valg	når	0.011858
valg	det	0.011858
valg	fik	0.011858
valget	i	0.206897
valget	af	0.078818
valget	er	0.064039
valget	faldt	0.044335
valget	blev	0.039409
valget	på	0.039409
valget	for	0.029557
valget	har	0.029557
valget	og	0.024631
valget	bliver	0.019704
valget	men	0.019704
valget	skal	0.019704
valget	til	0.019704
valget	om	0.019704
valget	var	0.014778
valget	november	0.014778
valget	at	0.014778
valget	vil	0.014778
valget	siger	0.014778
vanskeligt	at	0.525000
vanskeligt	for	0.150000
var	det	0.069996
var	der	0.058944
var	en	0.056215
var	i	0.045027
var	ikke	0.031792
var	på	0.026061
var	den	0.021558
var	blevet	0.021422
var	et	0.020194
var	også	0.018556
var	med	0.017738
var	han	0.013781
var	at	0.013099
var	de	0.010370
var	for	0.010097
var	til	0.009824
var	så	0.009824
var	dog	0.008732
var	ved	0.007914
var	meget	0.007641
var	tale	0.006549
var	blandt	0.006276
var	hun	0.006004
var	jeg	0.006004
var	nemlig	0.005321
var	klar	0.005321
var	kommet	0.005185
var	år	0.005048
var	gået	0.004639
var	da	0.004639
var	noget	0.004639
var	helt	0.004503
var	mødt	0.004366
var	ifølge	0.003820
var	derfor	0.003820
var	tæt	0.003820
var	mere	0.003548
var	her	0.003548
var	nok	0.003548
var	ellers	0.003548
varmen	i	0.178571
varmen	og	0.160714
varmen	til	0.053571
varmen	fra	0.053571
varmen	men	0.053571
vejene	i	0.193548
vejene	og	0.161290
vender	tilbage	0.434783
vender	hjem	0.065217
vender	og	0.065217
vender	vi	0.065217
vender	han	0.065217
vender	den	0.054348
vender	det	0.032609
venner	og	0.287500
venner	med	0.068750
venner	i	0.043750
venner	som	0.037500
venner	der	0.037500
venner	på	0.031250
venner	til	0.025000
venner	har	0.025000
venner	eller	0.025000
venner	havde	0.025000
venner	fra	0.018750
venner	om	0.018750
venter	på	0.217172
venter	en	0.080808
venter	i	0.065657
venter	et	0.065657
venter	der	0.050505
venter	nu	0.030303
venter	også	0.025253
venter	endnu	0.025253
venter	at	0.020202
venter	dem	0.020202
venter	med	0.020202
venter	man	0.015152
venter	stadig	0.015152
venter	vi	0.015152
venter	og	0.015152
venter	to	0.015152
venter	de	0.015152
venter	forude	0.015152
ventet	på	0.230769
ventet	i	0.138462
ventet	at	0.123077
ventet	med	0.061538
ventet	en	0.046154
ventet	rapport	0.046154
vigtigste	er	0.153846
vigtigste	i	0.065934
vigtigste	for	0.065934
vigtigste	at	0.043956
vigtigste	opgave	0.032967
vigtigste	råd	0.032967
vigtigste	steder	0.032967
vigtigste	historier	0.032967
vigtigt	at	0.510638
vigtigt	for	0.191489
vigtigt	med	0.024316
vigtigt	det	0.021277
vigtigt	i	0.015198
vigtigt	skridt	0.015198
vigtigt	vi	0.012158
vigtigt	siger	0.012158
vigtigt	og	0.012158
vigtigt	men	0.009119
vigtigt	som	0.009119
vigtigt	om	0.009119
vigtigt	punkt	0.009119
vigtigt	fordi	0.009119
vigtigt	ikke	0.009119
vigtigt	når	0.009119
vil	være	0.079673
vil	have	0.044529
vil	blive	0.041334
vil	det	0.038139
vil	ikke	0.035543
vil	der	0.026158
vil	gerne	0.025559
vil	vi	0.021166
vil	sige	0.019968
vil	de	0.018570
vil	jeg	0.017372
vil	gøre	0.016374
vil	også	0.015775
vil	kunne	0.015375
vil	man	0.015176
vil	få	0.015176
vil	i	0.013379
vil	tage	0.011981
vil	komme	0.011781
vil	give	0.011382
vil	han	0.010982
vil	du	0.010982
vil	dog	0.010783
vil	gå	0.009984
vil	den	0.009185
vil	fortsætte	0.008387
vil	betyde	0.007188
vil	se	0.006789
vil	bruge	0.006589
vil	nu	0.005791
vil	sætte	0.005192
vil	stige	0.005192
vil	derfor	0.004992
vil	fortsat	0.004992
vil	forsøge	0.004992
vil	ske	0.004992
vil	hun	0.004992
vil	stå	0.004792
vil	en	0.004792
vil	koste	0.004193
vilde	med	0.240000
vilde	natur	0.100000
vilde	fugle	0.080000
vinduerne	på	0.384615
vinter	med	0.160714
vinter	og	0.089286
vinter	er	0.071429
vinter	der	0.053571
vinter	i	0.053571
virkede	det	0.097561
virkede	som	0.097561
virkede	ikke	0.073171
virkede	en	0.073171
virkeligheden	er	0.202128
virkeligheden	ikke	0.063830
virkeligheden	var	0.053191
virkeligheden	i	0.042553
virkeligheden	bare	0.031915
virkeligheden	skulle	0.031915
vis	har	0.060000
vis	i	0.060000
vis	grad	0.050000
vis	form	0.050000
vis	er	0.040000
vis	at	0.030000
vis	men	0.030000
vis	alle	0.030000
vist	sig	0.239496
vist	at	0.197479
vist	ikke	0.046218
vist	på	0.037815
vist	i	0.029412
vist	interesse	0.021008
vist	en	0.016807
vist	frem	0.016807
vist	er	0.016807
vist	for	0.012605
vist	var	0.012605
vist	har	0.012605
vist	tegn	0.012605
vokse	op	0.285714
voksen	og	0.150000
vokser	op	0.159091
vokser	og	0.113636
vokser	i	0.090909
vokset	op	0.313433
vokset	med	0.164179
vokset	til	0.089552
vokset	sig	0.074627
vokset	i	0.059701
vokset	så	0.044776
voldelige	og	0.333333
vor	frue	0.500000
vores	samfund	0.038366
vores	børn	0.022277
vores	egen	0.022277
vores	fælles	0.021040
vores	egne	0.017327
vores	land	0.017327
vores	kunder	0.017327
vores	medarbejdere	0.014851
vores	bedste	0.013614
vores	liv	0.012376
vores	folk	0.011139
vores	it	0.009901
vores	eget	0.009901
vores	opfattelse	0.009901
vores	nye	0.008663
vores	historie	0.008663
vores	arbejde	0.008663
vores	opgave	0.007426
vores	tid	0.007426
vores	forhold	0.006188
vores	venner	0.006188
vores	hold	0.006188
vores	område	0.006188
vores	første	0.006188
vores	del	0.006188
vores	fokus	0.006188
vores	mål	0.004950
vores	side	0.004950
vores	hus	0.004950
vores	unge	0.004950
vores	viden	0.004950
vores	medlemmer	0.004950
vores	økonomi	0.004950
vores	fremtid	0.004950
vores	forældre	0.004950
vores	hjemmeside	0.004950
vores	gæster	0.004950
vores	militære	0.004950
vores	og	0.004950
vores	hjem	0.004950
vrede	og	0.142857
vrede	over	0.102041
vrede	på	0.081633
vrede	i	0.081633
vrede	mod	0.061224
vrede	efter	0.061224
våben	og	0.194969
våben	i	0.157233
våben	til	0.125786
våben	som	0.069182
våben	er	0.050314
våben	der	0.044025
våben	mod	0.037736
våben	fra	0.037736
våben	på	0.018868
våben	så	0.018868
våben	kan	0.018868
våben	for	0.018868
vågnet	op	0.600000
væggen	i	0.173913
væggen	på	0.130435
væggen	ved	0.130435
vælge	at	0.207921
vælge	en	0.089109
vælge	mellem	0.059406
vælge	det	0.059406
vælge	ny	0.039604
vælge	deres	0.039604
vælge	de	0.039604
vælge	imellem	0.039604
vælge	hvor	0.029703
vælge	et	0.029703
vælge	om	0.029703
vælge	den	0.029703
vælge	ham	0.029703
vælger	at	0.528926
vælger	man	0.049587
vælger	det	0.033058
vælger	derfor	0.024793
vælger	nu	0.024793
vælger	flere	0.024793
væltede	træer	0.416667
værdighed	er	0.428571
værre	end	0.250000
værre	og	0.104167
værre	for	0.083333
værre	ud	0.062500
værste	fald	0.324324
værste	tilfælde	0.081081
værste	mareridt	0.054054
værste	konsekvenser	0.040541
værste	er	0.040541
york	times	0.371795
york	city	0.076923
york	har	0.051282
york	var	0.038462
york	og	0.038462
york	i	0.038462
york	post	0.038462
åbenlyst	at	0.266667
åbent	brev	0.133333
åbent	om	0.122222
åbent	for	0.100000
åbent	hus	0.077778
åbent	i	0.066667
åbent	til	0.044444
åbent	hver	0.033333
åbent	hav	0.033333
åbent	at	0.033333
åbnes	for	0.187500
årevis	har	0.270833
årevis	er	0.083333
årevis	været	0.062500
årevis	at	0.062500
årevis	og	0.062500
årsager	til	0.272727
årsager	end	0.090909
årsager	siger	0.072727
årsager	er	0.054545
ældste	børn	0.100000
ældste	og	0.100000
ældste	søn	0.075000
ændrer	sig	0.328767
ændrer	ikke	0.205479
ændrer	dog	0.068493
ændrer	det	0.041096
ændrer	på	0.041096
ændringer	i	0.442857
ændringer	på	0.142857
ændringer	der	0.042857
ændringer	som	0.042857
én	af	0.226457
én	gang	0.096413
én	ting	0.078475
én	dag	0.038117
én	der	0.022422
én	og	0.022422
én	enkelt	0.020179
én	million	0.020179
én	eneste	0.017937
én	procent	0.015695
én	ud	0.013453
én	i	0.013453
én	person	0.013453
én	eller	0.011211
én	vej	0.011211
én	stor	0.008969
én	efter	0.008969
én	for	0.008969
én	milliard	0.008969
én	har	0.008969
én	til	0.008969
én	måned	0.006726
én	time	0.006726
én	mere	0.006726
én	årsag	0.006726
én	pose	0.006726
én	kamp	0.006726
én	som	0.006726
én	på	0.006726
én	lang	0.006726
ødelægge	det	0.192308
ødelægge	den	0.153846
ødelægge	vores	0.115385
ødelægger	det	0.333333
øge	antallet	0.147059
øge	sin	0.117647
øge	vores	0.088235
øge	sikkerheden	0.088235
øge	den	0.088235
øge	risikoen	0.088235
øger	risikoen	0.272727
øje	med	0.542484
øje	på	0.261438
øje	til	0.058824
øje	for	0.039216
øjet	på	0.250000
økonomisk	støtte	0.125000
økonomisk	og	0.066176
økonomisk	kriminalitet	0.058824
økonomisk	krise	0.058824
økonomisk	hjælp	0.051471
økonomisk	trængte	0.029412
økonomisk	gevinst	0.029412
økonomisk	frihed	0.022059
økonomisk	situation	0.022059
økonomiske	politik	0.116071
økonomiske	situation	0.062500
økonomiske	krise	0.062500
økonomiske	konsekvenser	0.053571
økonomiske	og	0.044643
økonomiske	midler	0.044643
økonomiske	problemer	0.044643
økonomiske	plan	0.035714
økonomiske	hjælp	0.035714
økonomiske	i	0.026786
øve	sig	0.538462
øvelse	i	0.291667
øvelse	at	0.125000
