a	partir	0.020653
a	gente	0.014977
a	polícia	0.013817
a	ser	0.012533
a	sua	0.011849
a	primeira	0.010959
a	equipe	0.008991
a	empresa	0.008949
a	um	0.008887
a	uma	0.008286
a	de	0.007582
a	decisão	0.007209
a	vítima	0.007188
a	importância	0.006712
a	situação	0.006670
a	cidade	0.005966
a	população	0.005800
a	vida	0.005780
a	ação	0.005531
a	possibilidade	0.005096
a	proposta	0.004765
a	presença	0.004661
a	nova	0.004640
a	lei	0.004620
a	história	0.004599
a	mulher	0.004537
a	família	0.004495
a	ideia	0.004392
a	todos	0.004371
a	maior	0.004205
a	cada	0.004164
a	maioria	0.003998
a	operação	0.003977
a	defesa	0.003936
a	mais	0.003874
a	segunda	0.003853
a	necessidade	0.003832
a	nossa	0.003812
a	medida	0.003812
a	região	0.003646
abaixo	do	0.215247
abaixo	da	0.161435
abaixo	de	0.107623
abaixo	e	0.085202
abaixo	dos	0.062780
abaixo	o	0.049327
abaixo	os	0.035874
abaixo	das	0.026906
abaixo	assinado	0.022422
abaixo	você	0.017937
abaixo	a	0.017937
abaixo	alguns	0.013453
abaixo	para	0.013453
abandonado	na	0.230769
abandonar	a	0.333333
abandonar	o	0.238095
abandonar	as	0.190476
aberta	a	0.132231
aberta	ao	0.123967
aberta	e	0.090909
aberta	para	0.066116
aberta	com	0.049587
aberta	à	0.049587
aberta	uma	0.049587
aberta	pelo	0.041322
aberta	até	0.033058
aberta	na	0.033058
aberta	em	0.033058
aberta	por	0.024793
aberta	que	0.024793
aberta	vai	0.024793
aberto	ao	0.114583
aberto	a	0.104167
aberto	para	0.078125
aberto	e	0.057292
aberto	em	0.046875
aberto	com	0.036458
aberto	por	0.031250
aberto	contra	0.026042
aberto	um	0.026042
aberto	da	0.026042
aberto	pela	0.026042
aberto	pelo	0.020833
aberto	no	0.020833
aberto	o	0.020833
aberto	à	0.020833
aberto	até	0.020833
aberto	que	0.015625
aberto	de	0.015625
abertura	do	0.237903
abertura	de	0.205645
abertura	da	0.137097
abertura	dos	0.076613
abertura	para	0.036290
abertura	das	0.032258
abertura	e	0.032258
abertura	oficial	0.024194
abertura	será	0.024194
abertura	o	0.012097
abordagem	policial	0.089109
abordagem	de	0.079208
abordagem	e	0.069307
abordagem	mais	0.059406
abordagem	foi	0.049505
abordagem	da	0.049505
abordagem	para	0.039604
abordagem	os	0.039604
abordagem	o	0.039604
abordagem	que	0.039604
abordagem	na	0.029703
abordagem	a	0.029703
abre	a	0.156627
abre	mão	0.120482
abre	o	0.096386
abre	as	0.060241
abre	espaço	0.060241
abre	em	0.048193
abre	um	0.048193
abre	caminho	0.048193
abril	de	0.284314
abril	e	0.084967
abril	a	0.052288
abril	o	0.049020
abril	deste	0.049020
abril	com	0.032680
abril	em	0.029412
abril	às	0.029412
abril	do	0.026144
abril	para	0.026144
abril	que	0.022876
abril	quando	0.016340
abril	no	0.016340
abril	foi	0.016340
abril	como	0.013072
abril	por	0.013072
abril	mas	0.013072
abril	após	0.013072
abril	pelo	0.009804
abril	os	0.009804
abril	na	0.009804
abril	até	0.009804
abril	as	0.009804
abril	uma	0.009804
abriu	o	0.382166
abriu	a	0.127389
abriu	um	0.089172
abriu	uma	0.044586
abriu	mão	0.038217
abriu	nesta	0.031847
abriu	espaço	0.025478
abriu	as	0.025478
abriu	processo	0.019108
abriu	novas	0.019108
absoluta	do	0.193548
absoluta	de	0.129032
abuso	sexual	0.323077
abuso	e	0.184615
abuso	de	0.184615
abuso	no	0.046154
acabam	por	0.173913
acabam	se	0.173913
acabam	de	0.108696
acabam	sendo	0.086957
acabam	tendo	0.086957
acalmar	os	0.444444
acampamento	de	0.157895
acaso	a	0.142857
acaso	que	0.142857
aceitar	o	0.259259
aceitar	a	0.185185
aceitar	que	0.092593
aceitar	uma	0.092593
aceitar	as	0.055556
acelerar	o	0.300000
acelerar	a	0.266667
acelerar	os	0.133333
acelerar	e	0.133333
acelerar	essa	0.100000
acidentes	de	0.210526
acidentes	e	0.118421
acidentes	em	0.105263
acidentes	com	0.065789
acidentes	nas	0.039474
acidentes	na	0.039474
acidentes	no	0.039474
acima	de	0.356250
acima	da	0.190625
acima	do	0.184375
acima	dos	0.093750
acima	das	0.025000
acima	é	0.018750
acima	disso	0.012500
acima	e	0.012500
acima	a	0.012500
acima	até	0.009375
acompanhante	durante	0.428571
aconteceram	na	0.166667
aconteceram	no	0.166667
aconteceram	em	0.142857
aconteceram	nos	0.095238
acontecido	na	0.185185
acontecido	com	0.148148
acontecido	em	0.111111
acreditei	que	0.600000
actividades	que	0.428571
acusado	de	0.545455
acusado	foi	0.075758
acusado	que	0.030303
acusado	por	0.022727
acusado	em	0.022727
acusado	e	0.022727
acusado	pelo	0.022727
acusações	de	0.258621
acusações	contra	0.137931
acusações	e	0.086207
adolescente	de	0.252252
adolescente	foi	0.063063
adolescente	no	0.054054
adolescente	que	0.054054
adolescente	não	0.045045
adolescente	e	0.045045
adolescente	negro	0.036036
adulto	e	0.173913
advogada	e	0.200000
advogada	de	0.114286
advogada	que	0.085714
aeroporto	de	0.313725
aeroporto	internacional	0.274510
aeroporto	do	0.058824
aeroporto	da	0.058824
aeroporto	para	0.029412
aeroporto	e	0.029412
afastado	do	0.305556
afastado	por	0.138889
afastado	da	0.111111
afastar	de	0.166667
afastar	a	0.166667
afastar	do	0.133333
afastar	o	0.100000
afastar	da	0.100000
age	de	0.272727
agentes	da	0.211454
agentes	de	0.176211
agentes	do	0.123348
agentes	públicos	0.039648
agentes	também	0.030837
agentes	que	0.026432
agentes	encontraram	0.022026
agentes	foram	0.022026
agentes	dos	0.013216
agentes	para	0.013216
agentes	das	0.013216
agentes	no	0.013216
agentes	e	0.013216
agentes	policiais	0.013216
aguardar	o	0.244444
aguardar	a	0.200000
aguardar	com	0.066667
agência	de	0.285088
agência	nacional	0.206140
agência	brasil	0.061404
agência	do	0.052632
agência	espacial	0.043860
agência	da	0.035088
agência	internacional	0.021930
agência	também	0.021930
agência	estadual	0.017544
agência	das	0.017544
agência	para	0.017544
agência	dos	0.017544
agência	municipal	0.013158
agência	norte	0.013158
agência	o	0.013158
agência	que	0.013158
agências	de	0.355556
agências	do	0.111111
agências	da	0.111111
agências	no	0.088889
ai	que	0.263158
ai	não	0.157895
ajuda	a	0.213873
ajuda	de	0.150289
ajuda	para	0.057803
ajuda	do	0.049133
ajuda	da	0.046243
ajuda	na	0.031792
ajuda	em	0.023121
ajuda	as	0.020231
ajuda	dos	0.020231
ajuda	ao	0.020231
ajuda	militar	0.020231
ajuda	os	0.020231
ajuda	e	0.017341
ajuda	muito	0.014451
ajuda	o	0.014451
ajuda	você	0.011561
ajuda	profissional	0.011561
ajuda	financeira	0.011561
ajuda	com	0.008671
ajuda	aos	0.008671
ajuda	médica	0.008671
ajuda	que	0.008671
ajuda	não	0.008671
ajuda	por	0.008671
ajuda	é	0.008671
ajudou	a	0.542857
ajudou	na	0.114286
ajudou	muito	0.071429
ajudou	o	0.057143
ajustar	os	0.222222
ajustar	o	0.166667
ala	do	0.217391
ala	de	0.130435
alarme	de	0.333333
alcançar	o	0.154639
alcançar	a	0.154639
alcançar	os	0.082474
alcançar	um	0.082474
alcançar	esse	0.051546
alcançar	essa	0.030928
alcançar	uma	0.030928
algum	tempo	0.199219
algum	tipo	0.144531
algum	momento	0.074219
algum	problema	0.054688
algum	lugar	0.042969
algum	motivo	0.023438
algum	dia	0.019531
algum	projeto	0.019531
algum	modo	0.019531
algum	dos	0.015625
algum	produto	0.015625
algum	nível	0.011719
algum	crime	0.011719
algum	outro	0.011719
algum	desses	0.011719
algum	procedimento	0.011719
alguns	dos	0.111290
alguns	anos	0.051613
alguns	casos	0.051613
alguns	dias	0.046774
alguns	pontos	0.040323
alguns	meses	0.040323
alguns	deles	0.027419
alguns	momentos	0.020968
alguns	de	0.020968
alguns	minutos	0.019355
alguns	estados	0.016129
alguns	especialistas	0.014516
alguns	segundos	0.012903
alguns	desses	0.012903
alguns	cuidados	0.011290
alguns	detalhes	0.011290
alguns	elementos	0.009677
alguns	erros	0.009677
alguns	países	0.009677
alguns	amigos	0.009677
alguns	modelos	0.009677
alguns	grupos	0.008065
alguns	locais	0.008065
alguns	jogadores	0.008065
alguns	produtos	0.008065
alguns	alimentos	0.008065
alguns	problemas	0.008065
alguns	destes	0.008065
alguns	fãs	0.006452
alguns	nomes	0.006452
alguns	que	0.006452
alguns	serviços	0.006452
alguns	jogos	0.006452
alguns	dados	0.006452
alguns	contratos	0.004839
alguns	habitantes	0.004839
alguns	outros	0.004839
alguns	tipos	0.004839
alguns	personagens	0.004839
alguns	estavam	0.004839
alguém	que	0.250000
alguém	com	0.045000
alguém	para	0.035000
alguém	pode	0.030000
alguém	como	0.025000
alguém	de	0.025000
alguém	me	0.025000
alguém	tem	0.025000
alguém	da	0.020000
alguém	em	0.020000
alguém	do	0.020000
alguém	se	0.015000
alguém	ou	0.015000
alguém	por	0.015000
alguém	tenha	0.015000
alguém	a	0.015000
alguém	está	0.015000
ali	que	0.066176
ali	o	0.066176
ali	para	0.058824
ali	e	0.051471
ali	na	0.029412
ali	no	0.029412
ali	em	0.022059
ali	se	0.022059
ali	é	0.022059
ali	sem	0.022059
ali	a	0.022059
ali	mesmo	0.022059
ali	como	0.022059
aliança	de	0.166667
aliança	com	0.095238
aliança	militar	0.071429
aliviar	a	0.444444
aliviar	o	0.296296
aliviar	os	0.148148
almoço	de	0.125000
almoço	com	0.107143
almoço	especial	0.107143
almoço	ou	0.089286
almoço	que	0.053571
alternativa	para	0.323529
alternativa	de	0.102941
alternativa	é	0.088235
alternativa	que	0.044118
alternativa	à	0.044118
alternativa	o	0.044118
altitude	de	0.428571
alto	do	0.095238
alto	e	0.087302
alto	nível	0.083333
alto	risco	0.067460
alto	mar	0.051587
alto	padrão	0.047619
alto	de	0.047619
alto	valor	0.039683
alto	que	0.031746
alto	desempenho	0.031746
alto	da	0.027778
alto	volume	0.019841
alto	número	0.019841
alto	funcionário	0.015873
alto	em	0.015873
alto	desde	0.015873
alto	a	0.011905
alto	com	0.011905
alto	grau	0.011905
alto	mas	0.011905
alto	custo	0.011905
aluno	de	0.163636
aluno	que	0.072727
alô	alô	0.333333
amado	e	0.333333
amanda	e	0.250000
amante	de	0.187500
amante	do	0.187500
ambição	de	0.375000
ambulância	do	0.222222
ambulância	de	0.185185
ambulância	e	0.111111
ameaçar	o	0.277778
americanos	de	0.111111
americanos	e	0.111111
americanos	têm	0.063492
americanos	em	0.063492
americanos	com	0.063492
americanos	o	0.063492
americanos	na	0.047619
americanos	que	0.047619
amiga	de	0.187500
amiga	que	0.125000
amiga	da	0.104167
amiga	do	0.062500
amizade	e	0.188679
amizade	de	0.113208
amizade	com	0.113208
amizade	que	0.056604
amizade	ou	0.056604
amizade	em	0.056604
amor	e	0.175573
amor	de	0.095420
amor	que	0.064885
amor	a	0.030534
amor	perfeito	0.030534
amor	à	0.030534
amor	ao	0.022901
amor	em	0.022901
amor	próprio	0.022901
amor	para	0.019084
amor	por	0.019084
amor	da	0.015267
amor	com	0.015267
amor	não	0.011450
amor	dos	0.011450
amor	um	0.011450
amor	disse	0.011450
amor	pela	0.011450
amor	pelos	0.011450
amor	é	0.011450
amor	tem	0.011450
amostras	de	0.588235
ana	paula	0.204082
ana	maria	0.163265
ana	clara	0.071429
ana	sophia	0.071429
ana	carolina	0.061224
ana	cristina	0.040816
ana	caroline	0.040816
anda	a	0.230769
anda	o	0.115385
angeles	times	0.178571
angeles	o	0.107143
animal	de	0.105263
animal	e	0.078947
animal	em	0.052632
animal	da	0.043860
animal	estava	0.043860
animal	que	0.035088
animal	se	0.035088
animal	foi	0.035088
animal	a	0.035088
animal	para	0.026316
animal	ou	0.026316
ano	passado	0.221114
ano	de	0.095594
ano	e	0.049460
ano	que	0.044888
ano	o	0.041978
ano	a	0.035744
ano	anterior	0.033250
ano	em	0.028263
ano	com	0.024522
ano	do	0.018288
ano	para	0.016209
ano	no	0.014547
ano	seguinte	0.014547
ano	novo	0.014131
ano	foi	0.012469
ano	na	0.011638
ano	é	0.009144
ano	após	0.008728
ano	mas	0.008313
ano	da	0.007481
ano	já	0.006650
ano	depois	0.006234
ano	os	0.006234
ano	inteiro	0.005819
ano	até	0.005819
ano	base	0.005819
ano	foram	0.005819
ano	um	0.005403
ano	por	0.005403
ano	não	0.004988
ano	antes	0.004988
ano	mais	0.004988
ano	quando	0.004572
ano	ou	0.004572
ano	todo	0.004572
ano	sem	0.004156
ano	segundo	0.004156
ano	como	0.003741
ano	também	0.003741
ano	tem	0.003325
antigas	e	0.346154
antigas	do	0.153846
antigas	de	0.115385
anúncio	do	0.206897
anúncio	da	0.163793
anúncio	foi	0.137931
anúncio	de	0.112069
anúncio	dos	0.051724
anúncio	oficial	0.051724
anúncio	sobre	0.025862
apaga	a	0.750000
apaixonada	por	0.666667
apanhar	um	0.375000
aparecem	na	0.135135
aparecem	com	0.135135
aparecem	as	0.108108
aparecem	em	0.108108
aparecem	no	0.081081
apelido	de	0.266667
apelido	que	0.200000
apenas	uma	0.075362
apenas	um	0.072464
apenas	para	0.054348
apenas	a	0.050000
apenas	o	0.044928
apenas	no	0.037681
apenas	em	0.031884
apenas	de	0.030435
apenas	com	0.022464
apenas	anos	0.021739
apenas	três	0.021014
apenas	na	0.021014
apenas	os	0.018841
apenas	como	0.018841
apenas	por	0.018116
apenas	dos	0.018116
apenas	dois	0.017391
apenas	duas	0.015942
apenas	alguns	0.011594
apenas	cinco	0.011594
apenas	do	0.010870
apenas	as	0.010870
apenas	quatro	0.010870
apenas	r	0.009420
apenas	pelo	0.008696
apenas	da	0.007971
apenas	minutos	0.007971
apenas	das	0.007246
apenas	se	0.007246
apenas	pontos	0.006522
apenas	nos	0.006522
apenas	seis	0.005797
apenas	dias	0.005797
apenas	ao	0.005072
apenas	algumas	0.005072
apenas	pela	0.005072
apenas	à	0.005072
apenas	pelos	0.005072
apenas	sobre	0.005072
apenas	são	0.004348
apertar	o	0.555556
apesar	de	0.481818
apesar	da	0.165455
apesar	do	0.130909
apesar	dos	0.072727
apesar	das	0.065455
apesar	disso	0.061818
apesar	desses	0.005455
aplicação	de	0.274648
aplicação	da	0.190141
aplicação	das	0.126761
aplicação	do	0.091549
aplicação	dos	0.084507
aplicação	e	0.042254
aplicação	em	0.035211
aponta	que	0.381944
aponta	para	0.125000
aponta	o	0.090278
aponta	a	0.090278
aponta	ainda	0.069444
aponta	como	0.027778
aponta	um	0.027778
apontar	o	0.266667
apontar	para	0.166667
apontar	que	0.133333
apontar	a	0.100000
aprender	a	0.314607
aprender	com	0.191011
aprender	e	0.101124
aprender	mais	0.056180
aprender	sobre	0.033708
apresenta	uma	0.116883
apresenta	um	0.103896
apresenta	o	0.064935
apresenta	no	0.032468
apresenta	a	0.032468
apresenta	hoje	0.025974
apresenta	na	0.025974
apresenta	os	0.025974
apresenta	como	0.025974
apresenta	neste	0.019481
apresenta	sua	0.019481
apresenta	em	0.019481
apresenta	se	0.019481
apresentar	uma	0.112195
apresentar	o	0.107317
apresentar	um	0.102439
apresentar	os	0.053659
apresentar	a	0.048780
apresentar	documento	0.029268
apresentar	as	0.024390
apresentar	à	0.019512
apresentar	defesa	0.014634
apresentar	aumento	0.014634
apresentar	seus	0.014634
apresentar	no	0.014634
apresentar	documentos	0.014634
apresentar	sintomas	0.014634
apresentar	seu	0.014634
aprovação	da	0.297468
aprovação	do	0.240506
aprovação	de	0.126582
aprovação	em	0.037975
aprovação	no	0.031646
aprovação	dos	0.031646
aprovação	o	0.025316
aproveita	para	0.357143
aproveita	a	0.214286
aproveitar	a	0.192308
aproveitar	o	0.173077
aproveitar	as	0.125000
aproveitar	os	0.086538
aproveitar	ao	0.048077
aproveitar	essa	0.048077
aproveitar	cada	0.028846
aproveitar	um	0.028846
aproveitar	seus	0.028846
aproveitar	mais	0.028846
aproxima	o	0.171429
aproxima	de	0.114286
aproxima	a	0.085714
aproxima	e	0.085714
aproxima	se	0.085714
aproximar	da	0.148148
aproximar	do	0.129630
aproximar	de	0.129630
aproximar	o	0.129630
aproximar	dos	0.055556
aquele	que	0.259843
aquele	momento	0.062992
aquele	a	0.023622
aquele	dinheiro	0.023622
aquele	determinado	0.023622
aquele	bem	0.023622
aquele	toque	0.023622
aquilo	que	0.756522
aquilo	era	0.034783
aquilo	é	0.026087
aquilo	de	0.026087
arco	da	0.272727
arena	da	0.141304
arena	fonte	0.130435
arena	em	0.119565
arena	do	0.076087
arena	e	0.054348
arena	independência	0.054348
arena	para	0.043478
arena	a	0.032609
arena	o	0.032609
ares	de	0.444444
arma	de	0.522727
arma	e	0.073864
arma	branca	0.051136
arma	para	0.034091
arma	na	0.028409
arma	do	0.022727
arma	usada	0.017045
armados	com	0.153846
armados	que	0.153846
armados	e	0.115385
armas	de	0.288732
armas	e	0.176056
armas	nucleares	0.070423
armas	para	0.049296
armas	à	0.028169
armas	que	0.021127
armas	da	0.021127
armas	em	0.021127
arquivo	em	0.200000
artificial	e	0.125000
artificial	ia	0.079545
artificial	em	0.056818
artificial	que	0.045455
artificial	pode	0.045455
artificial	também	0.045455
artificial	para	0.045455
artificial	é	0.045455
artificial	do	0.034091
artificial	no	0.034091
artista	que	0.096386
artista	e	0.042169
artista	plástico	0.042169
artista	foi	0.036145
artista	da	0.036145
artista	também	0.030120
artista	se	0.024096
artista	é	0.024096
artista	com	0.024096
artista	de	0.024096
artista	ainda	0.018072
artista	não	0.018072
artista	no	0.018072
artista	como	0.018072
as	pessoas	0.075113
as	empresas	0.026190
as	mulheres	0.024063
as	informações	0.023265
as	autoridades	0.023132
as	duas	0.022866
as	crianças	0.021138
as	suas	0.020739
as	ações	0.020473
as	obras	0.014624
as	vítimas	0.013959
as	coisas	0.013826
as	condições	0.013693
as	investigações	0.013028
as	famílias	0.012231
as	redes	0.011167
as	forças	0.010635
as	h	0.010503
as	medidas	0.010237
as	regras	0.010104
as	principais	0.009306
as	primeiras	0.009040
as	novas	0.008774
as	imagens	0.008641
as	mudanças	0.008375
as	partes	0.008242
as	eleições	0.007977
as	áreas	0.007711
as	cidades	0.007445
as	unidades	0.007312
as	nossas	0.007046
as	escolas	0.007046
as	negociações	0.006780
as	aulas	0.006780
as	demais	0.006780
as	provas	0.006647
as	vendas	0.006647
as	contas	0.006381
as	mais	0.006381
as	portas	0.006248
asa	e	0.272727
asa	branca	0.272727
assim	como	0.263838
assim	que	0.120849
assim	o	0.091328
assim	a	0.073801
assim	é	0.023063
assim	os	0.016605
assim	ele	0.014760
assim	se	0.014760
assim	não	0.013838
assim	para	0.011993
assim	as	0.011993
assim	sendo	0.011993
assim	por	0.010148
assim	de	0.009225
assim	uma	0.009225
assim	com	0.008303
assim	na	0.007380
assim	você	0.006458
assim	sem	0.005535
assim	tem	0.005535
assim	mesmo	0.005535
assim	porque	0.004613
assim	ela	0.004613
assim	quando	0.004613
assim	foi	0.004613
assim	há	0.003690
assim	em	0.003690
assim	essas	0.003690
assim	são	0.003690
assim	será	0.003690
assim	teremos	0.003690
assim	diz	0.003690
assim	tão	0.003690
assim	essa	0.002768
assim	esses	0.002768
assim	e	0.002768
assim	ao	0.002768
assim	poder	0.002768
assim	do	0.002768
assim	eu	0.002768
assistente	de	0.386364
assistente	social	0.272727
assistente	para	0.068182
assistente	técnico	0.068182
associação	de	0.227488
associação	nacional	0.109005
associação	dos	0.094787
associação	criminosa	0.090047
associação	comercial	0.071090
associação	para	0.052133
associação	das	0.028436
associação	do	0.028436
associação	com	0.023697
associação	ao	0.023697
associação	que	0.018957
associação	da	0.014218
atacado	com	0.227273
atacado	por	0.181818
atacado	a	0.181818
ataques	de	0.136986
ataques	contra	0.095890
ataques	a	0.075342
ataques	em	0.047945
ataques	do	0.041096
ataques	e	0.041096
ataques	com	0.041096
ataques	russos	0.034247
ataques	à	0.034247
ataques	ao	0.034247
ataques	terroristas	0.034247
ataques	o	0.020548
ataques	no	0.020548
ataques	que	0.020548
ataques	das	0.020548
ataques	às	0.020548
atende	a	0.250000
atende	o	0.065789
atende	as	0.052632
atende	pelo	0.039474
atende	de	0.039474
atende	às	0.039474
atende	alunos	0.039474
atende	ao	0.039474
atender	a	0.240642
atender	às	0.101604
atender	as	0.096257
atender	os	0.069519
atender	o	0.069519
atender	aos	0.042781
atender	à	0.042781
atender	ao	0.042781
atender	uma	0.042781
atender	também	0.016043
atender	em	0.016043
atento	às	0.214286
atento	ao	0.171429
atento	a	0.128571
atento	à	0.114286
atento	aos	0.071429
atento	para	0.057143
atento	e	0.057143
atento	quanto	0.042857
atirador	que	0.176471
atleta	de	0.131387
atleta	que	0.102190
atleta	e	0.058394
atleta	do	0.036496
atleta	da	0.029197
atleta	foi	0.029197
atleta	chegou	0.029197
atleta	o	0.021898
atleta	como	0.021898
atleta	profissional	0.021898
atraente	para	0.214286
atrás	de	0.216590
atrás	do	0.161290
atrás	da	0.064516
atrás	e	0.059908
atrás	dos	0.059908
atrás	apenas	0.041475
atrás	no	0.036866
atrás	o	0.032258
atrás	das	0.027650
atrás	na	0.018433
atrás	dele	0.018433
atrás	era	0.013825
atrás	se	0.013825
aulas	de	0.266667
aulas	e	0.066667
aulas	do	0.047619
aulas	serão	0.038095
aulas	são	0.038095
aulas	no	0.038095
aulas	na	0.028571
aulas	da	0.028571
aulas	é	0.028571
auto	de	0.583333
auto	da	0.125000
avaliação	de	0.214286
avaliação	do	0.172619
avaliação	da	0.119048
avaliação	dos	0.059524
avaliação	é	0.029762
avaliação	médica	0.029762
avaliação	no	0.023810
avaliação	para	0.023810
avaliação	e	0.023810
avaliação	das	0.017857
avançado	do	0.195122
avançado	de	0.121951
avançado	para	0.097561
aventuras	de	0.304348
azul	e	0.173913
azul	no	0.043478
azul	da	0.043478
aérea	de	0.159091
aérea	do	0.090909
aérea	da	0.090909
aérea	que	0.068182
baixa	renda	0.248322
baixa	de	0.107383
baixa	da	0.060403
baixa	e	0.046980
baixa	a	0.040268
baixa	no	0.033557
baixa	em	0.026846
baixa	para	0.026846
baixa	pressão	0.026846
baixa	do	0.020134
baixa	na	0.020134
bala	perdida	0.333333
bala	e	0.166667
balão	de	0.200000
balão	na	0.150000
balão	chinês	0.150000
bancos	e	0.158416
bancos	de	0.128713
bancos	públicos	0.049505
bancos	para	0.039604
bancos	que	0.029703
bancos	digitais	0.029703
bancos	o	0.029703
bancos	não	0.029703
bandas	de	0.360000
bandas	mais	0.160000
bandas	e	0.120000
barco	que	0.107143
barco	de	0.107143
barcos	em	0.230769
bares	e	0.538462
bares	restaurantes	0.115385
barulho	e	0.166667
barão	de	0.500000
base	de	0.213675
base	do	0.091880
base	em	0.083333
base	no	0.072650
base	na	0.068376
base	para	0.055556
base	nas	0.044872
base	nos	0.040598
base	da	0.036325
base	e	0.023504
base	que	0.019231
base	aérea	0.014957
base	a	0.014957
base	o	0.012821
base	dos	0.010684
base	militar	0.010684
base	das	0.010684
base	onde	0.008547
base	com	0.008547
base	até	0.006410
base	nacional	0.006410
base	nesse	0.006410
base	política	0.006410
basicamente	o	0.133333
basicamente	um	0.100000
bate	volta	0.222222
bate	e	0.222222
bater	o	0.229167
bater	a	0.125000
bater	de	0.125000
bater	no	0.083333
bater	na	0.062500
baía	de	0.705882
bebidas	e	0.171429
bela	vista	0.264151
bela	jogada	0.075472
bela	da	0.075472
bela	assistência	0.056604
bem	como	0.177958
bem	estar	0.098464
bem	e	0.041554
bem	mais	0.033424
bem	o	0.026197
bem	com	0.023487
bem	a	0.018970
bem	no	0.017164
bem	para	0.014453
bem	em	0.013550
bem	que	0.012647
bem	vindo	0.011743
bem	da	0.010840
bem	os	0.010840
bem	na	0.010840
bem	mas	0.009033
bem	simples	0.009033
bem	abaixo	0.009033
bem	diferente	0.008130
bem	claro	0.008130
bem	de	0.008130
bem	as	0.008130
bem	do	0.008130
bem	assim	0.007227
bem	maior	0.007227
bem	porque	0.007227
bem	ao	0.007227
bem	ou	0.006323
bem	recebido	0.006323
bem	vindos	0.006323
bem	não	0.006323
bem	vinda	0.006323
bem	acima	0.005420
bem	longe	0.005420
bem	feito	0.005420
bem	melhor	0.005420
bem	possível	0.005420
bem	é	0.005420
bem	sucedido	0.005420
bem	se	0.004517
bens	e	0.276786
bens	de	0.151786
bens	que	0.053571
bens	serviços	0.053571
bens	públicos	0.044643
bens	da	0.044643
bens	ou	0.044643
bens	para	0.035714
bens	do	0.026786
bens	são	0.026786
bicicleta	e	0.266667
bicicleta	que	0.100000
bloqueio	de	0.292308
bloqueio	do	0.076923
bloqueio	na	0.076923
bloqueio	da	0.046154
bola	e	0.109005
bola	de	0.075829
bola	para	0.075829
bola	na	0.071090
bola	no	0.061611
bola	mas	0.047393
bola	com	0.033175
bola	vai	0.028436
bola	bateu	0.023697
bola	sobrou	0.023697
bola	parada	0.023697
bola	pelo	0.018957
bola	que	0.018957
bola	em	0.018957
bola	passar	0.014218
bola	fora	0.014218
bola	o	0.014218
bola	até	0.014218
bola	do	0.014218
bolas	de	0.409091
bolas	na	0.227273
bolsa	família	0.578475
bolsa	de	0.197309
bolsa	atleta	0.031390
bolsa	no	0.013453
bolsa	para	0.013453
bolsa	e	0.013453
bonito	e	0.162791
bonito	mas	0.069767
bonito	de	0.069767
botão	de	0.266667
botão	do	0.100000
botões	de	0.600000
braço	de	0.177419
braço	e	0.177419
braço	direito	0.145161
braço	do	0.064516
braço	esquerdo	0.064516
braço	armado	0.048387
braço	social	0.048387
braços	e	0.322581
braços	abertos	0.193548
braços	de	0.096774
brenda	lee	0.600000
brilhar	no	0.300000
bruto	do	0.200000
bruto	de	0.200000
buraco	negro	0.148148
buraco	de	0.111111
buraco	no	0.111111
cabe	ao	0.210526
cabe	a	0.192982
cabe	à	0.122807
cabe	agora	0.070175
cabe	recurso	0.070175
cabe	às	0.052632
cada	vez	0.241990
cada	um	0.140809
cada	uma	0.061551
cada	ano	0.027825
cada	dia	0.027825
cada	mês	0.016863
cada	pessoa	0.015177
cada	dois	0.009275
cada	caso	0.008432
cada	tipo	0.007589
cada	cinco	0.007589
cada	cliente	0.007589
cada	três	0.007589
cada	momento	0.007589
cada	dez	0.007589
cada	grupo	0.006745
cada	categoria	0.006745
cada	país	0.006745
cada	estado	0.006745
cada	quatro	0.005902
cada	família	0.005902
cada	r	0.005059
cada	local	0.005059
cada	unidade	0.005059
cada	cidade	0.005059
cada	jogo	0.005059
cada	minutos	0.005059
cada	região	0.004216
cada	semana	0.004216
cada	criança	0.004216
cada	chave	0.004216
cada	membro	0.004216
cada	produto	0.004216
cada	detalhe	0.004216
cada	passo	0.004216
cada	anos	0.004216
cada	dias	0.004216
cada	cidadão	0.003373
cada	indivíduo	0.003373
cada	nova	0.003373
cadeia	de	0.322581
cadeia	pública	0.112903
cadeia	e	0.080645
cadeia	o	0.048387
cadeia	do	0.048387
cair	em	0.216867
cair	no	0.192771
cair	na	0.060241
cair	para	0.048193
cair	nas	0.048193
cair	o	0.036145
cair	a	0.036145
cair	e	0.036145
cais	do	0.272727
caiu	em	0.156250
caiu	no	0.119792
caiu	de	0.109375
caiu	na	0.104167
caiu	para	0.093750
caiu	e	0.046875
caiu	a	0.041667
caiu	logo	0.020833
caiu	diante	0.020833
caiu	cerca	0.015625
caiu	da	0.015625
caiu	pontos	0.015625
calibre	mm	0.280000
calibre	e	0.240000
caminhada	de	0.135135
caminhada	do	0.081081
caminhada	pela	0.081081
caminhada	na	0.081081
caminho	para	0.171315
caminho	da	0.091633
caminho	de	0.087649
caminho	certo	0.063745
caminho	do	0.055777
caminho	a	0.051793
caminho	que	0.043825
caminho	das	0.031873
caminho	em	0.019920
caminho	até	0.019920
caminho	dos	0.019920
caminho	não	0.015936
caminho	o	0.015936
caminho	e	0.015936
caminho	à	0.011952
caminho	é	0.011952
caminho	mas	0.011952
campeão	da	0.254545
campeão	do	0.154545
campeão	nacional	0.045455
campeão	em	0.045455
campeão	o	0.036364
campeão	com	0.036364
campeão	mundial	0.036364
campeão	foi	0.027273
campeão	francês	0.027273
canal	de	0.254098
canal	no	0.106557
canal	do	0.106557
canal	da	0.090164
canal	oficial	0.049180
canal	financeiro	0.049180
canal	e	0.024590
canal	para	0.024590
canal	aberto	0.024590
canal	que	0.024590
canal	a	0.024590
canal	vai	0.024590
canal	em	0.024590
canções	que	0.150000
canções	de	0.150000
canções	são	0.075000
canções	como	0.075000
capacidades	de	0.214286
capital	do	0.136778
capital	e	0.103343
capital	da	0.082067
capital	de	0.066869
capital	federal	0.042553
capital	para	0.027356
capital	com	0.024316
capital	o	0.021277
capital	a	0.021277
capital	inicial	0.018237
capital	que	0.018237
capital	social	0.018237
capital	no	0.015198
capital	francesa	0.015198
capital	em	0.015198
capital	próprio	0.015198
capital	humano	0.012158
capital	como	0.009119
capital	é	0.009119
capital	um	0.009119
capital	após	0.009119
capital	são	0.009119
capturado	em	0.130435
capturado	por	0.130435
cara	de	0.272727
cara	que	0.084848
cara	do	0.072727
cara	da	0.048485
cara	com	0.048485
cara	a	0.030303
cara	e	0.030303
cara	ele	0.018182
cara	quando	0.018182
cara	nova	0.018182
caras	do	0.160000
caras	que	0.160000
caravana	do	0.300000
carinho	e	0.235294
carinho	por	0.088235
carinho	do	0.058824
carinho	que	0.058824
carinho	dos	0.058824
carinho	para	0.058824
carinho	de	0.044118
carlos	eduardo	0.123596
carlos	massa	0.112360
carlos	moedas	0.067416
carlos	e	0.067416
carlos	foi	0.033708
carlos	gil	0.033708
carlos	césar	0.033708
carlos	henrique	0.033708
carlos	do	0.033708
caros	e	0.250000
caros	do	0.250000
carros	de	0.153226
carros	e	0.129032
carros	em	0.056452
carros	que	0.048387
carros	no	0.040323
carros	com	0.032258
carros	antigos	0.032258
carros	na	0.032258
carros	novos	0.032258
carros	usados	0.024194
carros	mais	0.024194
carros	a	0.024194
cartas	de	0.192308
cartas	para	0.153846
cartas	no	0.115385
cartas	que	0.115385
cartaz	na	0.108108
cartaz	da	0.108108
cartaz	e	0.081081
casa	de	0.138733
casa	do	0.065758
casa	e	0.064956
casa	da	0.054531
casa	civil	0.033681
casa	o	0.030473
casa	em	0.029671
casa	para	0.026464
casa	na	0.026464
casa	dos	0.025662
casa	branca	0.025662
casa	no	0.024860
casa	com	0.023256
casa	minha	0.022454
casa	que	0.020048
casa	por	0.016038
casa	a	0.014435
casa	mas	0.013633
casa	ou	0.013633
casa	onde	0.012831
casa	própria	0.009623
casa	dela	0.008821
casa	é	0.008019
casa	mais	0.008019
casa	foi	0.007217
casa	quando	0.007217
casa	os	0.006415
casa	das	0.005613
casa	tem	0.004812
casa	após	0.004812
casa	sem	0.004812
casa	já	0.004812
casa	também	0.004010
casa	como	0.004010
casa	verde	0.004010
casa	depois	0.004010
casa	abandonada	0.003208
casa	nova	0.003208
casa	comum	0.003208
casa	num	0.003208
casada	com	0.500000
casos	de	0.348889
casos	em	0.066667
casos	a	0.046667
casos	o	0.037778
casos	como	0.035556
casos	mais	0.033333
casos	da	0.028889
casos	é	0.020000
casos	que	0.020000
casos	e	0.015556
casos	foram	0.013333
casos	graves	0.013333
casos	pode	0.011111
casos	não	0.011111
casos	com	0.011111
casos	já	0.011111
casos	suspeitos	0.008889
casos	os	0.008889
casos	no	0.008889
casos	são	0.008889
casos	as	0.008889
casos	por	0.008889
casos	recentes	0.006667
casos	entre	0.006667
casos	até	0.006667
casos	se	0.006667
casos	para	0.006667
casos	estão	0.006667
categoria	de	0.205298
categoria	e	0.066225
categoria	feminina	0.039735
categoria	a	0.026490
categoria	do	0.026490
categoria	até	0.026490
categoria	os	0.026490
categoria	dos	0.019868
categoria	na	0.019868
categoria	da	0.019868
categoria	em	0.019868
categoria	meio	0.019868
cavalo	de	0.312500
cavalo	e	0.187500
caído	em	0.160000
caído	no	0.160000
caído	na	0.160000
caído	de	0.120000
caíram	no	0.148936
caíram	na	0.148936
caíram	em	0.148936
caíram	de	0.127660
caíram	para	0.063830
caíram	a	0.063830
celebrar	o	0.350877
celebrar	a	0.157895
celebrar	os	0.140351
celular	e	0.087500
celular	de	0.087500
celular	do	0.062500
celular	no	0.043750
celular	é	0.043750
celular	que	0.037500
celular	com	0.031250
celular	da	0.031250
celular	ou	0.025000
celular	para	0.025000
celular	seguro	0.025000
celular	por	0.025000
celular	durante	0.018750
celular	mas	0.018750
celular	não	0.018750
celular	ao	0.018750
cem	pessoas	0.133333
cem	anos	0.100000
cem	dias	0.100000
cemitério	municipal	0.162791
cemitério	de	0.162791
cemitério	são	0.139535
cemitério	da	0.069767
cenas	de	0.227273
cenas	que	0.136364
cenas	da	0.068182
central	de	0.283489
central	do	0.112150
central	da	0.093458
central	e	0.049844
central	na	0.028037
central	dos	0.024922
central	com	0.021807
central	para	0.018692
central	a	0.015576
central	norte	0.015576
central	americano	0.012461
central	no	0.012461
central	única	0.012461
central	é	0.012461
central	o	0.012461
central	que	0.012461
central	em	0.009346
central	ainda	0.009346
central	nesta	0.009346
cerca	de	0.984391
cerca	das	0.005203
certas	pessoas	0.130435
certas	para	0.130435
certeza	que	0.297872
certeza	de	0.241135
certeza	o	0.049645
certeza	é	0.035461
certeza	vai	0.028369
certeza	do	0.028369
certeza	será	0.028369
certeza	você	0.021277
certeza	sobre	0.021277
chamadas	de	0.310345
chamadas	e	0.137931
chamadas	para	0.137931
chamados	de	0.187500
chamados	a	0.125000
chamados	para	0.125000
chamados	os	0.093750
chamar	a	0.342105
chamar	de	0.144737
chamar	atenção	0.078947
charme	e	0.272727
chaves	de	0.200000
chaves	para	0.100000
chefes	de	0.702703
chefes	das	0.108108
chegada	do	0.236486
chegada	de	0.222973
chegada	da	0.141892
chegada	dos	0.094595
chegada	ao	0.067568
chegada	a	0.027027
chegada	em	0.020270
chegando	a	0.347368
chegando	ao	0.221053
chegando	no	0.063158
chegando	em	0.031579
chegando	e	0.031579
chegarem	ao	0.250000
chegarem	no	0.214286
chegarem	a	0.107143
chegarmos	a	0.500000
chegámos	a	0.666667
cheio	de	0.631579
cheio	a	0.070175
cheio	e	0.052632
cheio	para	0.052632
cheios	de	0.909091
chinesa	e	0.133333
chinesa	de	0.133333
chinesa	que	0.100000
choque	da	0.172414
choque	de	0.103448
chá	de	0.384615
cidades	de	0.193548
cidades	do	0.143369
cidades	da	0.078853
cidades	que	0.071685
cidades	e	0.064516
cidades	com	0.043011
cidades	como	0.028674
cidades	inteligentes	0.028674
cidades	mais	0.021505
cidades	é	0.017921
cidades	a	0.010753
cidades	para	0.010753
cidades	ao	0.010753
cidades	no	0.010753
cinco	anos	0.200389
cinco	dias	0.062257
cinco	pessoas	0.050584
cinco	meses	0.042802
cinco	jogos	0.036965
cinco	minutos	0.031128
cinco	mil	0.023346
cinco	horas	0.021401
cinco	pontos	0.021401
cinco	vezes	0.019455
cinco	dos	0.013619
cinco	para	0.009728
cinco	mulheres	0.009728
cinco	décadas	0.009728
cinco	ou	0.009728
cinco	países	0.009728
cinco	estrelas	0.009728
cinco	filhos	0.009728
cinco	milhões	0.007782
cinco	feridos	0.007782
cinco	do	0.007782
cinco	partidas	0.007782
cinco	dezenas	0.007782
cinco	a	0.007782
cinco	em	0.007782
cinco	membros	0.007782
cinco	unidades	0.005837
cinco	de	0.005837
cinco	novas	0.005837
cinco	vítimas	0.005837
cinco	amigos	0.005837
cinco	da	0.005837
cinco	e	0.005837
cinco	deles	0.005837
cinco	jovens	0.005837
cinco	toneladas	0.005837
cinco	grandes	0.005837
cinco	estados	0.005837
cinema	de	0.132075
cinema	e	0.094340
cinema	com	0.047170
cinema	em	0.037736
cinema	na	0.037736
cinema	que	0.037736
cinema	do	0.037736
cinema	da	0.028302
cinema	como	0.028302
cinema	no	0.028302
cinema	foi	0.028302
cinto	de	0.583333
circunstâncias	do	0.190476
circunstâncias	da	0.166667
circunstâncias	que	0.119048
circunstâncias	e	0.095238
cirurgião	plástico	0.307692
cirurgião	dentista	0.230769
city	e	0.177419
city	na	0.064516
city	em	0.048387
ciência	e	0.255102
ciência	tecnologia	0.132653
ciência	da	0.112245
ciência	de	0.061224
ciência	política	0.061224
ciência	dos	0.030612
ciências	da	0.238095
ciências	sociais	0.214286
ciências	humanas	0.119048
ciências	e	0.119048
clara	e	0.150000
clara	de	0.087500
clara	a	0.062500
clara	do	0.050000
clara	o	0.037500
clara	que	0.037500
clara	em	0.037500
claro	que	0.372611
claro	o	0.047771
claro	a	0.041401
claro	e	0.028662
claro	se	0.025478
claro	para	0.022293
claro	mas	0.019108
claro	com	0.019108
claro	por	0.012739
claro	em	0.012739
claro	de	0.012739
claro	na	0.012739
claro	também	0.012739
claro	as	0.012739
claro	como	0.012739
claro	quem	0.012739
claro	quando	0.012739
claro	do	0.009554
claro	foi	0.009554
cm	de	0.193548
cm	para	0.161290
cm	e	0.096774
cobra	r	0.136364
coca	cola	0.750000
colete	e	0.428571
colheita	de	0.210526
colheita	da	0.157895
com	a	0.198405
com	o	0.194232
com	os	0.046337
com	um	0.041201
com	uma	0.037081
com	as	0.035154
com	mais	0.015089
com	que	0.013109
com	isso	0.012360
com	base	0.007866
com	ele	0.007545
com	sua	0.006474
com	essa	0.005725
com	pontos	0.005137
com	quem	0.004602
com	três	0.004441
com	esse	0.004388
com	seu	0.004334
com	outros	0.004013
com	seus	0.004013
com	muita	0.003906
com	ela	0.003799
com	informações	0.003639
com	anos	0.003585
com	maior	0.003424
com	dois	0.003103
com	apenas	0.003103
com	muito	0.003103
com	todos	0.003103
com	apoio	0.002836
com	cerca	0.002836
com	suas	0.002782
com	outras	0.002782
com	certeza	0.002729
com	pessoas	0.002675
com	grande	0.002675
com	quatro	0.002622
com	relação	0.002515
com	duas	0.002301
com	cinco	0.002194
comandante	do	0.347222
comandante	da	0.208333
comandante	geral	0.083333
comandante	dos	0.055556
comandante	das	0.055556
comandante	de	0.041667
combustível	para	0.117647
combustível	e	0.102941
combustível	a	0.044118
comemorar	os	0.250000
comemorar	o	0.192308
comemorar	com	0.096154
comemorar	a	0.096154
comemorar	um	0.057692
comemorar	seus	0.057692
comentários	de	0.173913
comentários	e	0.072464
comentários	sobre	0.072464
comer	um	0.071429
comer	e	0.071429
comer	carne	0.053571
comer	uma	0.053571
cometido	por	0.194444
cometido	pelo	0.138889
cometido	um	0.111111
cometido	o	0.111111
começa	a	0.387833
começa	com	0.079848
começa	às	0.076046
começa	em	0.068441
começa	no	0.060837
começa	nesta	0.053232
começa	na	0.041825
começa	o	0.038023
começa	hoje	0.022814
começa	pela	0.011407
começa	de	0.011407
começa	um	0.011407
começarem	a	0.714286
comida	e	0.125000
comida	de	0.071429
comida	na	0.053571
comida	não	0.053571
comida	para	0.053571
comida	nem	0.053571
comigo	e	0.132075
comigo	porque	0.113208
comigo	na	0.056604
comigo	mesmo	0.056604
comigo	não	0.056604
companheira	de	0.227273
companheira	do	0.181818
companheiros	de	0.333333
companheiros	e	0.133333
comparar	as	0.214286
competição	de	0.064171
competição	e	0.058824
competição	que	0.053476
competição	nacional	0.048128
competição	com	0.037433
competição	na	0.037433
competição	em	0.032086
competição	a	0.026738
competição	é	0.026738
competição	foi	0.026738
competição	o	0.026738
competição	da	0.021390
competição	após	0.016043
competição	terá	0.016043
competição	por	0.016043
competição	internacional	0.016043
competição	pelo	0.016043
competição	do	0.016043
competição	estadual	0.016043
completa	anos	0.136691
completa	de	0.100719
completa	do	0.071942
completa	e	0.064748
completa	o	0.064748
completa	a	0.050360
completa	da	0.043165
completa	para	0.043165
completa	no	0.043165
completa	em	0.035971
completa	não	0.028777
completa	que	0.028777
completamente	diferente	0.155844
completamente	o	0.090909
completamente	a	0.077922
completamente	nua	0.051948
completamente	de	0.051948
completamente	novo	0.038961
completamente	destruído	0.038961
completar	anos	0.270270
completar	o	0.135135
completar	a	0.135135
computadores	e	0.357143
computadores	para	0.107143
conceito	de	0.450980
concentrar	na	0.217391
concentrar	em	0.130435
concerto	de	0.222222
concerto	da	0.092593
concerto	em	0.092593
concerto	no	0.092593
concerto	do	0.055556
concerto	dos	0.055556
concurso	público	0.149321
concurso	da	0.144796
concurso	de	0.117647
concurso	para	0.058824
concurso	do	0.031674
concurso	e	0.027149
concurso	que	0.027149
concurso	nacional	0.022624
concurso	é	0.022624
concurso	será	0.018100
concurso	estão	0.013575
concurso	a	0.013575
concurso	com	0.013575
concurso	especial	0.013575
concurso	na	0.013575
concurso	terá	0.013575
condenados	a	0.176471
condição	de	0.468468
condição	para	0.072072
condição	que	0.036036
condição	a	0.027027
condição	financeira	0.027027
condição	humana	0.027027
conduta	do	0.189189
conduta	criminosa	0.108108
conduta	de	0.081081
conduta	da	0.081081
conduz	a	0.285714
conduz	as	0.214286
conduz	o	0.214286
conferência	de	0.262626
conferência	das	0.080808
conferência	nacional	0.070707
conferência	oeste	0.060606
conferência	é	0.050505
conferência	da	0.050505
conferência	sobre	0.050505
conferência	os	0.030303
confessou	que	0.391304
confessou	ter	0.173913
confessou	o	0.173913
confessou	a	0.086957
confia	no	0.307692
confiante	e	0.142857
confiante	de	0.142857
confiança	no	0.135714
confiança	de	0.128571
confiança	e	0.114286
confiança	do	0.100000
confiança	na	0.071429
confiança	da	0.057143
confiança	em	0.042857
confiança	para	0.042857
confiança	das	0.035714
confiança	dos	0.028571
confiança	que	0.021429
confiança	nos	0.021429
confirma	que	0.312500
confirma	a	0.281250
confirmou	que	0.285714
confirmou	a	0.214286
confirmou	o	0.107143
confirmou	um	0.047619
confirmou	nesta	0.035714
confirmou	à	0.035714
confirmou	sua	0.029762
confirmou	as	0.023810
confirmou	esta	0.017857
confirmou	ter	0.017857
confirmou	em	0.017857
conhecia	a	0.187500
conhecidos	como	0.232558
conhecidos	por	0.139535
conhecidos	no	0.069767
conhecidos	da	0.069767
conjunto	de	0.375000
conjunto	com	0.221154
conjunto	para	0.024038
conjunto	da	0.024038
conjunto	e	0.024038
conjunto	dos	0.024038
conjunto	a	0.019231
conjunto	os	0.014423
conjunto	completo	0.014423
consciência	de	0.203125
consciência	negra	0.171875
consciência	dos	0.078125
consciência	e	0.078125
consciência	do	0.078125
consciência	que	0.046875
conseguir	uma	0.082051
conseguir	um	0.061538
conseguir	o	0.061538
conseguir	fazer	0.051282
conseguir	a	0.051282
conseguir	se	0.030769
conseguir	os	0.020513
conseguir	pagar	0.020513
conseguir	chegar	0.020513
conseguir	recursos	0.020513
conseguir	entrar	0.020513
conseguir	mais	0.015385
conselho	de	0.364583
conselho	nacional	0.159722
conselho	da	0.065972
conselho	federal	0.065972
conselho	municipal	0.059028
conselho	do	0.038194
conselho	estadual	0.024306
conselho	que	0.017361
conselho	para	0.017361
conselho	é	0.017361
conselho	foi	0.010417
conselho	dos	0.010417
conselho	das	0.010417
conselho	e	0.010417
conselhos	de	0.259259
conselhos	e	0.148148
consequências	do	0.145455
consequências	da	0.145455
consequências	para	0.090909
consequências	de	0.072727
consequências	no	0.072727
consequências	dos	0.054545
considera	que	0.305785
considera	o	0.115702
considera	a	0.090909
considera	se	0.049587
considera	um	0.041322
considera	como	0.041322
considera	ser	0.041322
considera	os	0.033058
considera	as	0.033058
considera	uma	0.033058
considera	ainda	0.024793
considero	que	0.500000
constituição	e	0.272727
constituição	federal	0.121212
constituição	da	0.101010
constituição	que	0.090909
constituição	de	0.060606
constituição	justiça	0.060606
constituição	do	0.040404
construiu	uma	0.260870
construiu	um	0.130435
contactar	os	0.428571
contacto	com	0.470588
contato	com	0.656140
contato	pelo	0.035088
contato	direto	0.031579
contato	e	0.024561
contato	da	0.021053
contato	por	0.017544
contato	de	0.014035
contato	através	0.010526
contato	comigo	0.010526
contato	do	0.010526
contato	a	0.010526
continuam	a	0.370787
continuam	sendo	0.078652
continuam	em	0.078652
continuam	na	0.067416
continuam	com	0.044944
contou	com	0.404762
contou	que	0.247024
contou	a	0.050595
contou	ainda	0.041667
contou	ao	0.029762
contou	sobre	0.026786
contou	o	0.023810
contou	aos	0.017857
contou	à	0.017857
contou	também	0.014881
contou	ter	0.014881
contou	para	0.014881
contou	um	0.008929
contou	uma	0.008929
contou	em	0.008929
contratar	um	0.096154
contratar	o	0.076923
contratar	uma	0.076923
contratar	os	0.076923
controlar	a	0.377358
controlar	o	0.188679
controlar	as	0.075472
controlar	os	0.056604
controle	de	0.213389
controle	da	0.179916
controle	do	0.129707
controle	e	0.071130
controle	sobre	0.041841
controle	das	0.041841
controle	dos	0.033473
controle	remoto	0.016736
controle	é	0.012552
controle	em	0.012552
convencer	o	0.343750
convencer	os	0.218750
convencer	a	0.156250
convenção	do	0.266667
convidou	o	0.238095
convidou	os	0.190476
convidou	a	0.190476
coreia	do	0.911765
coro	de	0.307692
coronel	do	0.115385
corri	para	0.444444
cortar	a	0.176471
cortar	os	0.147059
cortar	o	0.088235
costas	e	0.239130
costas	para	0.086957
costas	de	0.065217
costas	do	0.065217
costumo	dizer	0.375000
cozinhar	até	0.333333
cozinhar	o	0.250000
creme	de	0.500000
crer	que	0.300000
crescimento	de	0.222552
crescimento	da	0.118694
crescimento	do	0.106825
crescimento	e	0.053412
crescimento	das	0.047478
crescimento	no	0.041543
crescimento	em	0.032641
crescimento	na	0.026706
crescimento	foi	0.026706
crescimento	que	0.023739
crescimento	dos	0.020772
crescimento	para	0.020772
crescimento	real	0.020772
crescimento	anual	0.017804
crescimento	mais	0.014837
crescimento	nos	0.011869
crescimento	pessoal	0.011869
crescimento	é	0.011869
crescimento	nas	0.008902
crescimento	médio	0.008902
crescimento	com	0.008902
criador	da	0.258065
criador	de	0.225806
criador	do	0.096774
crias	da	0.500000
crimes	de	0.384211
crimes	contra	0.100000
crimes	como	0.052632
crimes	e	0.031579
crimes	que	0.031579
crimes	sexuais	0.031579
crimes	em	0.021053
crimes	na	0.021053
crimes	mais	0.015789
crimes	foram	0.015789
criminoso	que	0.096154
criminoso	e	0.096154
cruel	e	0.307692
cuba	e	0.312500
cuide	da	0.307692
cuja	identidade	0.054545
cultura	e	0.258621
cultura	de	0.100000
cultura	do	0.065517
cultura	da	0.062069
cultura	que	0.044828
cultura	a	0.020690
cultura	o	0.017241
cultura	pop	0.017241
cultura	como	0.013793
cultura	foi	0.013793
cultura	para	0.013793
cultura	em	0.013793
cultura	popular	0.013793
cultura	pelo	0.010345
cultura	com	0.010345
curioso	é	0.363636
curioso	para	0.181818
custa	r	0.339286
custa	cerca	0.125000
custa	em	0.053571
custa	us	0.053571
custa	de	0.053571
custa	lembrar	0.053571
custos	de	0.212389
custos	com	0.115044
custos	e	0.115044
custos	da	0.070796
custos	para	0.070796
custos	mais	0.044248
custos	do	0.044248
custos	dos	0.026549
custos	como	0.026549
custou	cerca	0.214286
custódia	de	0.166667
custódia	no	0.111111
câmara	municipal	0.268519
câmara	dos	0.207407
câmara	de	0.162963
câmara	arthur	0.033333
câmara	e	0.033333
câmara	do	0.025926
câmara	da	0.024074
câmara	federal	0.018519
câmara	em	0.011111
câmara	o	0.011111
câmara	que	0.009259
câmara	criminal	0.007407
câmara	é	0.007407
câmara	mas	0.007407
câmara	disse	0.005556
câmara	um	0.005556
câmara	a	0.005556
câmara	ainda	0.005556
cérebro	e	0.228571
cérebro	do	0.085714
cérebro	de	0.085714
círculo	de	0.272727
círculos	de	0.500000
dada	a	0.324324
dada	pelo	0.081081
dada	como	0.081081
dada	por	0.081081
dada	pela	0.067568
dada	pelos	0.040541
dadas	as	0.137931
dadas	a	0.103448
dadas	com	0.103448
dadas	por	0.103448
dado	que	0.107914
dado	o	0.086331
dado	um	0.064748
dado	como	0.064748
dado	a	0.050360
dado	de	0.035971
dado	momento	0.028777
dado	voz	0.028777
dado	em	0.021583
dado	pela	0.021583
dado	à	0.021583
dado	resultados	0.021583
dado	aos	0.021583
dado	na	0.021583
dado	por	0.021583
dado	pelo	0.021583
dado	às	0.021583
daniel	e	0.157895
daniel	de	0.052632
danos	materiais	0.122222
danos	e	0.111111
danos	ao	0.088889
danos	à	0.066667
danos	no	0.055556
danos	em	0.055556
danos	que	0.044444
danos	a	0.033333
danos	na	0.033333
danos	para	0.033333
danos	de	0.033333
danos	aos	0.033333
daquele	ano	0.238095
daquele	que	0.095238
daquele	dia	0.063492
daquele	país	0.047619
daquele	momento	0.047619
daquele	mês	0.047619
daquele	jeito	0.047619
dar	um	0.116466
dar	uma	0.086345
dar	a	0.076305
dar	o	0.058233
dar	mais	0.040161
dar	conta	0.034137
dar	certo	0.026104
dar	início	0.022088
dar	ao	0.018072
dar	vida	0.014056
dar	as	0.014056
dar	voz	0.014056
dar	espaço	0.012048
dar	lugar	0.012048
dar	resposta	0.010040
dar	os	0.010040
dar	à	0.010040
dar	lhes	0.010040
dar	entrada	0.008032
dar	muito	0.008032
dar	aulas	0.008032
dar	às	0.008032
dar	tudo	0.008032
dar	bem	0.008032
dar	suporte	0.008032
dar	apoio	0.008032
dar	fim	0.006024
dar	aos	0.006024
dar	prioridade	0.006024
dar	esse	0.006024
dar	luz	0.006024
dar	passos	0.006024
dar	adeus	0.006024
dar	tempo	0.006024
dar	de	0.006024
dar	segurança	0.006024
dar	detalhes	0.006024
dar	em	0.006024
das	h	0.138430
das	pessoas	0.052929
das	nações	0.021715
das	empresas	0.021715
das	vítimas	0.020131
das	mulheres	0.019679
das	crianças	0.019453
das	principais	0.016060
das	ações	0.014476
das	redes	0.014250
das	horas	0.014250
das	famílias	0.013798
das	relações	0.013798
das	obras	0.013572
das	escolas	0.013345
das	forças	0.012893
das	duas	0.012667
das	mais	0.012214
das	maiores	0.011988
das	suas	0.011988
das	eleições	0.011310
das	contas	0.009274
das	autoridades	0.009274
das	cidades	0.009274
das	áreas	0.008369
das	condições	0.008369
das	unidades	0.007691
das	às	0.007464
das	águas	0.007464
das	melhores	0.007238
das	finanças	0.007012
das	medidas	0.007012
das	casas	0.006560
das	mudanças	0.006560
das	grandes	0.006107
das	coisas	0.005881
das	políticas	0.005655
das	informações	0.005429
das	quais	0.005202
das	primeiras	0.005202
daí	a	0.139241
daí	o	0.101266
daí	que	0.063291
decidiu	que	0.120805
decidiu	se	0.100671
decidiu	pela	0.040268
decidiu	fazer	0.033557
decidiu	abrir	0.033557
decidiu	por	0.026846
decidiu	não	0.026846
decidiu	em	0.020134
decidiu	seguir	0.020134
decidiu	sair	0.020134
decidiu	ir	0.020134
declarar	que	0.210526
dedos	da	0.272727
definitivamente	não	0.096774
deitado	no	0.666667
deixar	o	0.243827
deixar	a	0.172840
deixar	de	0.172840
deixar	claro	0.037037
deixar	os	0.030864
deixar	as	0.027778
deixar	um	0.021605
deixar	sua	0.021605
deixar	que	0.015432
deixar	para	0.015432
deixar	levar	0.012346
deixar	tudo	0.012346
deixar	mais	0.009259
deixar	seu	0.009259
deixar	passar	0.009259
deles	é	0.064257
deles	e	0.048193
deles	também	0.036145
deles	com	0.036145
deles	foi	0.032129
deles	o	0.032129
deles	já	0.028112
deles	tem	0.016064
deles	não	0.016064
deles	no	0.016064
deles	nos	0.016064
deles	a	0.016064
deles	foram	0.016064
deles	em	0.016064
deles	que	0.016064
deles	na	0.016064
deles	estão	0.012048
deles	ainda	0.012048
deles	para	0.012048
deles	estava	0.012048
deles	são	0.012048
deles	do	0.012048
deles	disse	0.012048
deles	desde	0.012048
demissão	do	0.411765
demissão	de	0.176471
demissão	sem	0.098039
demonstração	de	0.437500
departamento	de	0.719745
departamento	estadual	0.038217
departamento	médico	0.031847
departamento	pessoal	0.025478
departamento	do	0.025478
departamento	nacional	0.019108
depende	de	0.305882
depende	do	0.200000
depende	da	0.129412
depende	muito	0.058824
depende	dos	0.047059
depende	das	0.047059
depende	apenas	0.035294
depende	mais	0.035294
deram	um	0.115385
deram	o	0.089744
deram	voz	0.064103
deram	início	0.051282
deram	mais	0.038462
deram	entrada	0.038462
derrotado	por	0.258065
derrotado	pelo	0.258065
derrotado	em	0.096774
derrotar	o	0.363636
derrotar	a	0.272727
desastre	de	0.214286
descansar	e	0.187500
descobre	que	0.606061
descobre	o	0.090909
desconto	de	0.238095
desconto	no	0.095238
desconto	em	0.095238
desconto	do	0.063492
desconto	para	0.047619
desconto	nos	0.047619
desconto	que	0.047619
desconto	e	0.047619
descubra	a	0.187500
descubra	como	0.187500
descubra	o	0.187500
desejo	de	0.416667
desejo	do	0.135417
desejo	que	0.083333
desejo	a	0.041667
desejos	de	0.294118
desejos	mais	0.176471
desenho	de	0.111111
desenho	da	0.066667
desenho	animado	0.066667
desenho	para	0.066667
desenvolver	uma	0.099010
desenvolver	a	0.099010
desenvolver	um	0.099010
desenvolver	o	0.069307
desenvolver	e	0.049505
desenvolver	os	0.029703
desenvolver	habilidades	0.029703
desenvolver	ações	0.029703
desenvolver	novas	0.029703
deserto	e	0.230769
desespero	dos	0.176471
dessa	forma	0.192140
dessa	vez	0.080786
dessa	maneira	0.043668
dessa	segunda	0.021834
dessa	população	0.017467
dessa	quinta	0.017467
dessa	quarta	0.017467
dessa	semana	0.015284
dessa	terça	0.015284
dessa	pessoa	0.013100
dessa	nova	0.013100
dessa	situação	0.010917
dessa	proposta	0.010917
dessa	sexta	0.010917
dessa	ideia	0.008734
dessa	natureza	0.008734
dessa	lista	0.008734
dessa	obra	0.008734
dessa	fonte	0.008734
dessa	ajuda	0.006550
dessa	política	0.006550
dessa	área	0.006550
dessa	iniciativa	0.006550
dessa	ação	0.006550
dessa	categoria	0.006550
dessa	cultura	0.006550
dessa	fase	0.006550
dessa	região	0.006550
dessa	doença	0.006550
dessa	relação	0.006550
dessa	produção	0.006550
dessas	pessoas	0.136000
dessas	áreas	0.040000
dessas	mulheres	0.040000
dessas	duas	0.032000
dessas	ações	0.032000
dessas	alterações	0.024000
dessas	empresas	0.024000
dessas	doenças	0.024000
dessas	apostas	0.024000
dessas	peças	0.024000
destes	são	0.047619
destruir	a	0.321429
destruir	os	0.178571
destruir	o	0.107143
destruição	de	0.302326
destruição	da	0.186047
destruição	do	0.069767
detalhes	sobre	0.282297
detalhes	do	0.114833
detalhes	de	0.090909
detalhes	da	0.090909
detalhes	e	0.071770
detalhes	que	0.052632
detalhes	em	0.023923
detalhes	no	0.019139
detalhes	serão	0.014354
detalhes	das	0.014354
detalhes	para	0.014354
detenção	de	0.333333
deter	o	0.300000
detido	em	0.152941
detido	e	0.129412
detido	na	0.105882
detido	no	0.082353
detido	por	0.070588
detido	pela	0.070588
detido	foi	0.035294
deveríamos	ter	0.571429
dezenas	de	0.804688
dezenas	do	0.085938
dezenas	e	0.054688
diante	do	0.309140
diante	de	0.198925
diante	da	0.188172
diante	dos	0.115591
diante	das	0.053763
diante	disso	0.040323
diante	desse	0.037634
diante	dessa	0.021505
diante	desses	0.008065
diferentes	e	0.076271
diferentes	áreas	0.050847
diferentes	de	0.038136
diferentes	para	0.038136
diferentes	em	0.033898
diferentes	países	0.025424
diferentes	do	0.025424
diferentes	tipos	0.025424
diferentes	níveis	0.025424
diferentes	partes	0.025424
diferentes	pontos	0.025424
diferentes	formas	0.021186
diferentes	gerações	0.021186
diferentes	que	0.021186
diferentes	momentos	0.016949
diferentes	estados	0.016949
diferentes	entre	0.016949
diferentes	funções	0.012712
diferentes	por	0.012712
diferentes	como	0.012712
diferentes	da	0.012712
diferentes	no	0.012712
diferentes	grupos	0.012712
diferentes	com	0.012712
diferentes	a	0.012712
diferentes	ao	0.012712
dificuldades	para	0.192593
dificuldades	de	0.148148
dificuldades	que	0.118519
dificuldades	em	0.096296
dificuldades	e	0.066667
dificuldades	no	0.051852
dificuldades	na	0.051852
dificuldades	da	0.029630
dificuldades	do	0.029630
dificuldades	com	0.022222
difícil	de	0.123506
difícil	para	0.075697
difícil	acesso	0.063745
difícil	e	0.043825
difícil	mas	0.039841
difícil	que	0.035857
difícil	a	0.019920
difícil	com	0.019920
difícil	do	0.015936
difícil	porque	0.015936
difícil	não	0.011952
difícil	fazer	0.011952
difícil	ter	0.011952
difícil	no	0.011952
difícil	dizer	0.011952
difícil	encontrar	0.011952
difícil	uma	0.011952
difícil	você	0.011952
digno	de	0.357143
digno	e	0.214286
direto	para	0.177570
direto	com	0.140187
direto	na	0.140187
direto	e	0.074766
direto	do	0.046729
direto	ao	0.046729
direto	em	0.028037
direto	por	0.028037
direto	contra	0.028037
direto	de	0.028037
direto	à	0.028037
disciplina	de	0.222222
disciplina	e	0.111111
disco	de	0.128205
disco	que	0.102564
disco	do	0.076923
discurso	de	0.263158
discurso	do	0.105263
discurso	o	0.097744
discurso	na	0.067669
discurso	da	0.052632
discurso	no	0.030075
discurso	em	0.030075
discurso	a	0.022556
discurso	que	0.022556
discussões	sobre	0.323529
discussões	e	0.088235
discussões	da	0.058824
discussões	em	0.058824
dispara	a	0.444444
disparou	contra	0.269231
disponíveis	para	0.247475
disponíveis	no	0.181818
disponíveis	em	0.111111
disponíveis	na	0.075758
disponíveis	nas	0.040404
disponíveis	a	0.035354
disponíveis	são	0.025253
disponíveis	e	0.025253
disponíveis	por	0.020202
disponíveis	que	0.015152
disponíveis	os	0.015152
disponíveis	até	0.015152
disponível	para	0.300000
disponível	no	0.147826
disponível	na	0.117391
disponível	em	0.095652
disponível	apenas	0.030435
disponível	a	0.030435
disponível	e	0.026087
disponível	o	0.021739
disponível	nas	0.021739
disponível	por	0.017391
disponível	pela	0.013043
disponível	de	0.013043
disponível	tanto	0.013043
disposta	a	0.555556
disse	que	0.373514
disse	o	0.154054
disse	a	0.061081
disse	à	0.029730
disse	ele	0.029189
disse	ainda	0.023243
disse	em	0.022162
disse	ela	0.017297
disse	na	0.016216
disse	ao	0.016216
disse	não	0.014054
disse	nesta	0.014054
disse	ter	0.012973
disse	estar	0.009189
disse	também	0.008649
disse	um	0.008108
disse	uma	0.007568
disse	hoje	0.007027
disse	ser	0.006486
disse	no	0.006486
disse	acreditar	0.004865
disse	esta	0.004324
disse	para	0.004324
disse	me	0.003243
disse	durante	0.003243
disse	mais	0.002162
disse	joão	0.002162
disse	ontem	0.002162
disse	nada	0.002162
disse	e	0.002162
disse	isso	0.002162
disse	outra	0.002162
disse	maria	0.002162
disse	se	0.002162
disse	numa	0.001622
disse	nas	0.001622
disse	pedro	0.001622
disse	por	0.001622
disse	eu	0.001622
disse	aos	0.001622
disser	que	0.428571
disso	a	0.147232
disso	o	0.144876
disso	os	0.057715
disso	é	0.051826
disso	as	0.024735
disso	ele	0.024735
disso	foi	0.017668
disso	também	0.017668
disso	para	0.016490
disso	há	0.012956
disso	que	0.012956
disso	você	0.012956
disso	eles	0.011779
disso	em	0.011779
disso	com	0.010601
disso	ela	0.009423
disso	um	0.009423
disso	tudo	0.008245
disso	não	0.008245
disso	no	0.008245
disso	são	0.008245
disso	segundo	0.008245
disso	dos	0.007067
disso	até	0.007067
disso	de	0.007067
disso	e	0.007067
disso	por	0.007067
disso	alguns	0.005889
disso	conta	0.005889
disso	disse	0.005889
disso	está	0.005889
disso	foram	0.005889
disso	houve	0.005889
disso	já	0.005889
disso	tem	0.005889
disso	ao	0.004711
disso	diz	0.004711
disso	temos	0.004711
disso	todos	0.004711
disso	mas	0.004711
distância	de	0.235294
distância	do	0.129412
distância	entre	0.070588
distância	para	0.070588
distância	da	0.047059
distância	no	0.035294
distância	e	0.035294
distância	é	0.035294
dito	que	0.284091
dito	a	0.068182
dito	isso	0.056818
dito	ao	0.045455
dito	este	0.034091
dito	o	0.034091
dito	anteriormente	0.034091
dito	para	0.034091
divertido	e	0.312500
divórcio	e	0.148148
divórcio	em	0.111111
dizia	que	0.333333
dizia	a	0.066667
dizia	ser	0.066667
diziam	que	0.363636
diário	oficial	0.617886
diário	de	0.081301
diário	da	0.048780
diário	do	0.032520
diário	para	0.032520
dobro	do	0.500000
dobro	de	0.117647
dobro	dos	0.088235
dobro	da	0.088235
doces	e	0.210526
domingos	e	0.142857
domingos	das	0.095238
domingos	de	0.095238
domingos	à	0.071429
donos	da	0.416667
donos	de	0.166667
donos	do	0.125000
donos	das	0.062500
dor	de	0.260000
dor	e	0.160000
dor	da	0.050000
dor	do	0.040000
dor	na	0.030000
dor	que	0.030000
dor	no	0.030000
dose	de	0.333333
dose	e	0.087719
dose	única	0.070175
dose	em	0.052632
doutor	em	0.533333
duas	vezes	0.115543
duas	pessoas	0.072902
duas	semanas	0.050894
duas	horas	0.035763
duas	décadas	0.026135
duas	mulheres	0.026135
duas	empresas	0.017882
duas	cidades	0.017882
duas	das	0.015131
duas	coisas	0.015131
duas	casas	0.013755
duas	crianças	0.013755
duas	opções	0.013755
duas	mil	0.012380
duas	partidas	0.012380
duas	últimas	0.012380
duas	a	0.012380
duas	irmãs	0.012380
duas	ou	0.011004
duas	unidades	0.011004
duas	situações	0.011004
duas	linhas	0.009629
duas	no	0.009629
duas	áreas	0.009629
duas	vítimas	0.009629
duas	maneiras	0.008253
duas	da	0.008253
duas	grandes	0.008253
duas	armas	0.008253
duas	maiores	0.008253
duas	ações	0.006878
duas	mãos	0.006878
duas	jovens	0.006878
duas	delas	0.006878
duas	partes	0.006878
duas	dezenas	0.006878
duas	filhas	0.006878
duas	corridas	0.006878
duas	novas	0.005502
duas	escolas	0.005502
duro	com	0.111111
duro	e	0.111111
década	de	0.617647
década	passada	0.044118
década	a	0.036765
década	do	0.022059
década	depois	0.022059
década	com	0.022059
década	seguinte	0.022059
dê	certo	0.121951
dê	uma	0.121951
dê	a	0.073171
dólar	e	0.172414
dólar	em	0.172414
dólares	em	0.120000
dólares	para	0.053333
dólares	com	0.053333
dólares	o	0.053333
dólares	por	0.053333
dólares	r	0.053333
dólares	e	0.040000
dólares	de	0.040000
dólares	do	0.040000
dúvidas	sobre	0.318966
dúvidas	e	0.103448
dúvidas	de	0.103448
dúvidas	que	0.060345
dúvidas	o	0.043103
dúvidas	quanto	0.025862
dúzia	de	1.000000
e	de	0.035302
e	que	0.027321
e	os	0.020913
e	não	0.019661
e	do	0.018059
e	da	0.017972
e	as	0.016748
e	com	0.014039
e	em	0.014010
e	no	0.013923
e	um	0.013661
e	se	0.012437
e	uma	0.011971
e	também	0.011797
e	na	0.011214
e	foi	0.010340
e	para	0.009991
e	por	0.008563
e	até	0.007049
e	mais	0.006991
e	outros	0.006758
e	ao	0.006612
e	dos	0.005068
e	depois	0.005039
e	tem	0.004923
e	isso	0.004923
e	ainda	0.004806
e	agora	0.004398
e	outras	0.004340
e	como	0.004311
e	o	0.004136
e	está	0.003990
e	serviços	0.003961
e	a	0.003961
e	das	0.003932
e	já	0.003903
e	são	0.003903
e	nos	0.003757
e	eu	0.003379
e	anos	0.003321
editora	do	0.266667
edição	do	0.367681
edição	da	0.140515
edição	de	0.107728
edição	deste	0.056206
edição	dos	0.021077
edição	que	0.016393
edição	especial	0.016393
edição	extra	0.014052
edição	com	0.014052
edição	mais	0.014052
edição	o	0.011710
edição	não	0.009368
edição	e	0.009368
edição	foi	0.009368
edição	internacional	0.009368
edição	passada	0.009368
edição	em	0.009368
edição	os	0.009368
edição	a	0.007026
edição	anterior	0.007026
edição	estão	0.007026
edição	no	0.007026
educação	e	0.173709
educação	de	0.093897
educação	do	0.061033
educação	física	0.042254
educação	infantil	0.037559
educação	no	0.028169
educação	que	0.028169
educação	da	0.023474
educação	para	0.023474
educação	é	0.023474
educação	financeira	0.021127
educação	cultura	0.018779
educação	saúde	0.018779
educação	a	0.016432
educação	com	0.016432
educação	pública	0.014085
educação	superior	0.014085
educação	profissional	0.014085
educação	segurança	0.014085
educação	o	0.011737
educação	especial	0.011737
educação	na	0.011737
educação	sobre	0.009390
educação	em	0.009390
educação	não	0.009390
educação	ainda	0.007042
educação	abriu	0.007042
educação	vai	0.007042
educação	disse	0.007042
educação	como	0.007042
efeitos	da	0.202020
efeitos	do	0.181818
efeitos	de	0.141414
efeitos	das	0.090909
efeitos	a	0.040404
efeitos	no	0.040404
efeitos	que	0.030303
efeitos	e	0.030303
elemento	de	0.344828
elemento	que	0.103448
elevado	de	0.095238
elevado	do	0.071429
embaixada	do	0.217391
embaixada	de	0.173913
emoção	de	0.163265
emoção	e	0.163265
emoção	ao	0.081633
emoção	com	0.061224
emoção	que	0.061224
empresário	que	0.125000
empresário	de	0.105769
empresário	e	0.105769
empresário	foi	0.057692
empresário	do	0.048077
empresário	é	0.038462
encerrar	o	0.367347
encerrar	a	0.224490
encerrar	seu	0.061224
encerrar	as	0.061224
encontra	se	0.239669
encontra	em	0.115702
encontra	a	0.057851
encontra	no	0.057851
encontra	o	0.041322
encontra	na	0.041322
encontra	com	0.033058
encontra	à	0.024793
encontra	uma	0.024793
encontra	um	0.024793
encontrados	em	0.116883
encontrados	no	0.090909
encontrados	mortos	0.077922
encontrados	e	0.038961
encontrados	na	0.038961
encontrados	um	0.038961
encontrados	com	0.038961
encontrados	nas	0.038961
encontro	com	0.165680
encontro	de	0.100592
encontro	entre	0.062130
encontro	da	0.038462
encontro	foi	0.038462
encontro	e	0.032544
encontro	é	0.029586
encontro	para	0.026627
encontro	dos	0.023669
encontro	que	0.023669
encontro	aconteceu	0.020710
encontro	na	0.017751
encontro	do	0.017751
encontro	será	0.017751
encontro	a	0.014793
encontro	marcado	0.014793
encontro	em	0.014793
encontro	mundial	0.011834
encontro	no	0.011834
encontro	o	0.011834
encontro	das	0.008876
encontro	à	0.008876
encontro	os	0.008876
encontro	mas	0.008876
encontro	nacional	0.008876
encontro	mais	0.008876
encontro	anual	0.008876
encontro	um	0.008876
encontro	como	0.008876
encontro	ocorreu	0.008876
endereço	e	0.150943
endereço	de	0.150943
endereço	do	0.094340
endereço	da	0.075472
endereço	para	0.075472
endereço	próprio	0.056604
entanto	o	0.147465
entanto	a	0.109063
entanto	é	0.067588
entanto	não	0.046083
entanto	que	0.027650
entanto	os	0.026114
entanto	essa	0.018433
entanto	ela	0.016897
entanto	em	0.016897
entanto	ele	0.015361
entanto	há	0.013825
entanto	um	0.012289
entanto	se	0.012289
entanto	segundo	0.012289
entanto	as	0.012289
entanto	com	0.012289
entanto	só	0.010753
entanto	foi	0.010753
entanto	para	0.010753
entanto	ainda	0.010753
entanto	como	0.010753
entanto	de	0.010753
entanto	uma	0.010753
entanto	tem	0.009217
entanto	após	0.007680
entanto	eles	0.007680
entanto	nem	0.007680
entanto	era	0.006144
entanto	esse	0.006144
entanto	isso	0.006144
entanto	está	0.004608
entanto	disse	0.004608
entanto	já	0.004608
entanto	estão	0.004608
entanto	são	0.004608
entanto	quem	0.004608
entanto	dois	0.004608
entanto	nada	0.004608
entanto	pode	0.004608
entanto	agora	0.004608
enterrado	no	0.384615
enterrado	em	0.307692
entramos	em	0.571429
entrar	em	0.358974
entrar	no	0.198718
entrar	na	0.163462
entrar	com	0.070513
entrar	para	0.041667
entrar	e	0.022436
entrar	de	0.012821
entrar	nos	0.012821
entrar	nas	0.012821
entrar	porque	0.009615
entrar	numa	0.009615
entraram	em	0.306452
entraram	no	0.274194
entraram	na	0.209677
entregas	de	0.300000
entregou	a	0.116667
entregou	nesta	0.100000
entregou	à	0.083333
entregou	o	0.066667
entregou	na	0.066667
entregou	se	0.050000
entregou	ao	0.050000
entretanto	o	0.142857
entretanto	é	0.065934
entretanto	a	0.060440
entretanto	as	0.032967
entretanto	não	0.032967
entretanto	foi	0.027473
entretanto	uma	0.027473
entretanto	no	0.021978
entretanto	um	0.021978
entretanto	após	0.016484
entretanto	com	0.016484
entretanto	como	0.016484
entretanto	em	0.016484
entretanto	existem	0.016484
entretanto	já	0.016484
entretanto	na	0.016484
entretanto	para	0.016484
entretanto	se	0.016484
entrou	em	0.442708
entrou	na	0.145833
entrou	no	0.125000
entrou	com	0.088542
entrou	para	0.041667
entusiasmado	com	0.750000
enviar	uma	0.106667
enviar	um	0.066667
enviar	os	0.066667
enviar	o	0.066667
enviar	a	0.053333
enviar	à	0.040000
enviar	ao	0.040000
enviar	as	0.040000
enviar	mensagens	0.040000
enviar	informações	0.040000
envie	o	0.428571
envolve	a	0.234043
envolve	o	0.106383
envolve	em	0.053191
envolve	os	0.031915
envolve	um	0.031915
envolvida	no	0.294118
envolvida	em	0.294118
envolvido	no	0.162162
envolvido	na	0.162162
envolvido	em	0.162162
envolvido	com	0.135135
envolvidos	no	0.159292
envolvidos	na	0.141593
envolvidos	em	0.097345
envolvidos	e	0.061947
envolvidos	com	0.061947
envolvidos	nas	0.053097
envolvidos	nos	0.053097
envolvidos	foram	0.044248
envolvidos	que	0.035398
envolvidos	não	0.026549
envolvidos	foi	0.026549
equipa	de	0.213483
equipa	da	0.112360
equipa	do	0.056180
equipa	médica	0.056180
equipa	que	0.056180
equipa	técnica	0.056180
equipa	principal	0.033708
era	um	0.105569
era	de	0.091438
era	o	0.079800
era	uma	0.070657
era	a	0.045719
era	muito	0.025769
era	mais	0.014963
era	para	0.014963
era	em	0.012469
era	conhecido	0.012469
era	tão	0.011638
era	apenas	0.011638
era	que	0.010806
era	possível	0.009975
era	da	0.009144
era	preciso	0.009144
era	do	0.008313
era	por	0.008313
era	só	0.006650
era	necessário	0.005819
era	criança	0.004988
era	digital	0.004988
era	comum	0.004988
era	responsável	0.004988
era	conhecida	0.004988
era	esperado	0.004988
era	ele	0.004988
era	com	0.004156
era	algo	0.004156
era	feito	0.004156
era	impossível	0.004156
era	visto	0.004156
era	estudante	0.004156
era	também	0.004156
era	como	0.004156
era	hora	0.003325
era	necessária	0.003325
era	criar	0.003325
era	considerado	0.003325
era	no	0.003325
ervas	e	1.000000
escala	de	0.306452
escala	dos	0.048387
escala	maior	0.048387
escala	e	0.048387
escala	para	0.048387
escala	da	0.048387
escala	global	0.048387
escola	de	0.140000
escola	municipal	0.085714
escola	estadual	0.057143
escola	e	0.045714
escola	que	0.042857
escola	em	0.034286
escola	para	0.025714
escola	do	0.025714
escola	pública	0.025714
escola	é	0.022857
escola	superior	0.022857
escola	secundária	0.020000
escola	não	0.014286
escola	técnica	0.014286
escola	ou	0.011429
escola	foi	0.011429
escola	da	0.011429
escola	a	0.011429
escola	tem	0.011429
escola	no	0.011429
escola	com	0.011429
escola	onde	0.008571
escola	na	0.008571
escola	está	0.008571
escola	particular	0.008571
escola	por	0.008571
escola	disse	0.008571
escolher	o	0.196970
escolher	um	0.159091
escolher	a	0.128788
escolher	entre	0.068182
escolher	uma	0.053030
escolher	os	0.053030
escolher	até	0.022727
escolher	alguém	0.022727
escolher	e	0.022727
escolhido	para	0.275862
escolhido	pelo	0.137931
escolhido	por	0.103448
escolhido	como	0.068966
escolhido	no	0.051724
escondeu	que	0.285714
escondeu	o	0.142857
escondeu	em	0.142857
escondidas	no	0.375000
escritório	de	0.267606
escritório	da	0.140845
escritório	do	0.084507
escritório	central	0.042254
escutar	a	0.300000
escândalo	de	0.500000
esforços	para	0.272727
esforços	de	0.170455
esforços	do	0.113636
esforços	e	0.034091
esgoto	e	0.162791
esgoto	de	0.093023
especial	de	0.226866
especial	para	0.116418
especial	do	0.059701
especial	e	0.047761
especial	em	0.035821
especial	com	0.032836
especial	da	0.032836
especial	no	0.032836
especial	que	0.032836
especial	a	0.029851
especial	na	0.020896
especial	por	0.014925
especial	as	0.014925
especial	é	0.014925
especial	das	0.011940
especial	atenção	0.011940
especial	pelo	0.011940
especial	o	0.008955
especial	aos	0.008955
especial	como	0.008955
especial	à	0.008955
especial	os	0.008955
esperam	que	0.307692
esperam	por	0.076923
esperança	de	0.227723
esperança	e	0.108911
esperança	para	0.069307
esperança	que	0.059406
esperança	em	0.049505
esperança	do	0.039604
esperança	na	0.039604
esperar	que	0.131313
esperar	para	0.131313
esperar	o	0.101010
esperar	até	0.060606
esperar	por	0.060606
esperar	pelo	0.050505
esperar	um	0.050505
esperar	e	0.040404
esperar	os	0.030303
esperar	grandes	0.030303
espiritual	e	0.238095
espiritual	do	0.142857
esposas	de	1.000000
espécies	de	0.500000
espécies	que	0.166667
esquema	de	0.500000
esquema	especial	0.064516
esse	tipo	0.063830
esse	é	0.046353
esse	trabalho	0.023556
esse	período	0.023556
esse	valor	0.021277
esse	ano	0.020517
esse	projeto	0.019757
esse	número	0.018237
esse	processo	0.017477
esse	momento	0.016717
esse	motivo	0.015198
esse	foi	0.015198
esse	cenário	0.014438
esse	recurso	0.012918
esse	novo	0.012918
esse	problema	0.011398
esse	movimento	0.011398
esse	sistema	0.010638
esse	assunto	0.010638
esse	evento	0.010638
esse	resultado	0.009878
esse	papel	0.009119
esse	dinheiro	0.009119
esse	que	0.009119
esse	modelo	0.009119
esse	grupo	0.009119
esse	tempo	0.009119
esse	espaço	0.008359
esse	objetivo	0.007599
esse	prazo	0.007599
esse	serviço	0.007599
esse	programa	0.007599
esse	nome	0.006839
esse	aumento	0.006839
esse	benefício	0.006839
esse	direito	0.006079
esse	desejo	0.006079
esse	plano	0.006079
esse	público	0.006079
esse	o	0.006079
esses	dados	0.043360
esses	recursos	0.037940
esses	números	0.035230
esses	dois	0.032520
esses	profissionais	0.032520
esses	valores	0.029810
esses	jovens	0.027100
esses	novos	0.024390
esses	dias	0.024390
esses	produtos	0.021680
esses	problemas	0.021680
esses	eventos	0.021680
esses	são	0.018970
esses	benefícios	0.016260
esses	sinais	0.016260
esses	fatos	0.013550
esses	procedimentos	0.010840
esses	veículos	0.010840
esses	lugares	0.010840
esses	locais	0.010840
esses	três	0.010840
esses	animais	0.010840
esses	casos	0.010840
esses	encontros	0.010840
esses	jogos	0.010840
esses	mesmos	0.010840
esses	tipos	0.010840
esses	os	0.008130
esses	processos	0.008130
esses	detalhes	0.008130
esses	modelos	0.008130
esses	resultados	0.008130
esses	crimes	0.008130
esses	trabalhadores	0.008130
esses	pagamentos	0.008130
esses	níveis	0.008130
esses	momentos	0.008130
esses	meses	0.008130
esses	efeitos	0.008130
esses	sentimentos	0.008130
esta	semana	0.085038
esta	quinta	0.071044
esta	segunda	0.054898
esta	terça	0.052745
esta	quarta	0.049516
esta	sexta	0.048439
esta	é	0.038751
esta	manhã	0.018299
esta	nova	0.013994
esta	foi	0.013994
esta	situação	0.012917
esta	noite	0.012917
esta	tarde	0.010764
esta	será	0.010764
esta	medida	0.009688
esta	última	0.008611
esta	proposta	0.008611
esta	decisão	0.007535
esta	questão	0.007535
esta	cidade	0.007535
esta	ação	0.007535
esta	iniciativa	0.007535
esta	que	0.006459
esta	realidade	0.006459
esta	condição	0.006459
esta	prática	0.006459
esta	opção	0.005382
esta	matéria	0.005382
esta	a	0.005382
esta	solução	0.005382
esta	lei	0.005382
esta	não	0.005382
esta	pode	0.005382
esta	exposição	0.005382
esta	operação	0.005382
esta	época	0.004306
esta	casa	0.004306
esta	versão	0.004306
esta	pergunta	0.004306
esta	mudança	0.004306
estabelecer	uma	0.189655
estabelecer	um	0.120690
estabelecer	o	0.086207
estabelecer	as	0.068966
estabelecer	a	0.068966
estabelecer	limites	0.051724
estabelecer	no	0.051724
estando	a	0.111111
estando	no	0.111111
estando	em	0.083333
estarem	com	0.096774
estariam	em	0.161290
estariam	na	0.096774
estarão	disponíveis	0.183908
estarão	presentes	0.160920
estarão	no	0.103448
estarão	abertas	0.057471
estarão	em	0.057471
estarão	à	0.057471
estarão	na	0.045977
estes	dois	0.082090
estes	dias	0.067164
estes	são	0.052239
estes	anos	0.044776
estes	números	0.037313
estes	jovens	0.029851
estes	casos	0.029851
estes	não	0.022388
estes	crimes	0.022388
estes	dados	0.022388
estive	lá	0.200000
estiverem	em	0.333333
estiverem	na	0.142857
estrada	do	0.133333
estrada	de	0.120000
estrada	nacional	0.093333
estrada	que	0.053333
estrada	e	0.053333
estrada	da	0.040000
estragos	em	0.333333
estragos	na	0.166667
estrangeiros	que	0.128205
estrangeiros	e	0.089744
estrangeiros	da	0.076923
estrangeiros	de	0.076923
estranhos	e	0.375000
está	em	0.116223
está	a	0.083708
está	sendo	0.066759
está	no	0.042200
está	na	0.041854
está	com	0.040816
está	disponível	0.031477
está	de	0.020754
está	se	0.019370
está	muito	0.019025
está	acontecendo	0.015566
está	o	0.015566
está	fazendo	0.014874
está	previsto	0.014874
está	mais	0.013490
está	à	0.012107
está	marcado	0.010723
está	sempre	0.010377
está	bem	0.009685
está	marcada	0.008993
está	entre	0.008993
está	tudo	0.008648
está	longe	0.008302
está	sob	0.007956
está	presente	0.006572
está	preso	0.006572
está	prestes	0.006226
está	fora	0.006226
está	trabalhando	0.006226
está	chegando	0.005534
está	pronta	0.005534
está	aberto	0.005189
está	por	0.005189
está	também	0.004843
está	dando	0.004843
está	pronto	0.004843
está	cada	0.004843
está	claro	0.004843
está	dentro	0.004497
está	passando	0.004497
eu	não	0.133407
eu	tenho	0.035019
eu	sou	0.032796
eu	vou	0.030017
eu	acho	0.029461
eu	estava	0.026681
eu	me	0.024458
eu	já	0.023346
eu	quero	0.018899
eu	estou	0.018899
eu	sei	0.016676
eu	tinha	0.015008
eu	queria	0.013897
eu	fui	0.013897
eu	disse	0.013897
eu	só	0.013341
eu	sempre	0.012785
eu	amo	0.012229
eu	vi	0.012229
eu	gosto	0.012229
eu	também	0.011117
eu	nunca	0.010006
eu	tive	0.009450
eu	faço	0.009450
eu	era	0.009450
eu	falei	0.009450
eu	te	0.008894
eu	e	0.008338
eu	que	0.007782
eu	fiz	0.007782
eu	fiquei	0.007226
eu	posso	0.007226
eu	vim	0.007226
eu	realmente	0.006670
eu	consegui	0.006115
eu	vejo	0.006115
eu	diria	0.006115
eu	teria	0.005559
eu	espero	0.005559
eu	fosse	0.005003
evento	que	0.087719
evento	de	0.055821
evento	é	0.055821
evento	e	0.035088
evento	será	0.033493
evento	do	0.033493
evento	foi	0.030303
evento	com	0.027113
evento	o	0.027113
evento	em	0.025518
evento	acontece	0.023923
evento	terá	0.022329
evento	contou	0.022329
evento	não	0.020734
evento	da	0.019139
evento	para	0.019139
evento	também	0.017544
evento	a	0.017544
evento	no	0.017544
evento	vai	0.015949
evento	na	0.014354
evento	teve	0.014354
evento	acontecerá	0.011164
evento	os	0.009569
evento	já	0.009569
evento	como	0.009569
evento	está	0.009569
evento	aberto	0.009569
evento	disse	0.007974
evento	tem	0.007974
evento	aconteceu	0.007974
evento	além	0.006380
evento	ocorre	0.006380
evento	faz	0.006380
evento	ocorreu	0.004785
evento	ainda	0.004785
evento	foram	0.004785
evento	religioso	0.004785
evento	uma	0.004785
evento	especial	0.004785
evitar	que	0.184300
evitar	a	0.174061
evitar	o	0.156997
evitar	uma	0.037543
evitar	possíveis	0.027304
evitar	um	0.023891
evitar	qualquer	0.023891
evitar	os	0.020478
evitar	surpresas	0.020478
evitar	danos	0.017065
evitar	problemas	0.017065
evitar	novos	0.010239
evitar	ter	0.010239
evitar	as	0.010239
evitar	cair	0.010239
evitar	desperdício	0.010239
evitar	essa	0.010239
ex	presidente	0.347084
ex	ministro	0.076814
ex	marido	0.045519
ex	jogador	0.041252
ex	secretário	0.031294
ex	governador	0.025605
ex	companheiro	0.019915
ex	primeira	0.019915
ex	mulher	0.019915
ex	diretor	0.018492
ex	chefe	0.017070
ex	namorada	0.014225
ex	atleta	0.012802
ex	ajudante	0.012802
ex	companheira	0.012802
ex	esposa	0.011380
ex	juiz	0.009957
ex	namorado	0.009957
ex	agente	0.008535
ex	casal	0.008535
ex	de	0.008535
ex	senador	0.008535
ex	comandante	0.008535
ex	funcionário	0.007112
ex	advogado	0.007112
ex	técnico	0.005690
ex	treinador	0.005690
ex	policial	0.005690
ex	camisa	0.005690
ex	número	0.005690
ex	procurador	0.005690
ex	que	0.005690
ex	campeão	0.005690
ex	alunos	0.005690
ex	secretária	0.004267
ex	embaixador	0.004267
ex	fazenda	0.004267
ex	aluna	0.004267
ex	membro	0.004267
exames	de	0.375000
exames	e	0.135417
exames	para	0.072917
exames	médicos	0.072917
exames	do	0.041667
exames	que	0.041667
excesso	de	0.732143
excesso	e	0.053571
executivo	da	0.157895
executivo	do	0.096491
executivo	de	0.083333
executivo	e	0.083333
executivo	municipal	0.052632
executivo	estadual	0.043860
executivo	não	0.030702
executivo	no	0.026316
executivo	o	0.026316
executivo	a	0.026316
executivo	federal	0.021930
executivo	para	0.021930
executivo	é	0.021930
executivo	foi	0.017544
executivo	que	0.017544
executivo	em	0.017544
executivo	disse	0.013158
executivo	mas	0.013158
executivo	tem	0.013158
exemplo	de	0.108830
exemplo	a	0.088296
exemplo	o	0.071869
exemplo	que	0.043121
exemplo	para	0.041068
exemplo	é	0.032854
exemplo	da	0.028747
exemplo	do	0.026694
exemplo	em	0.022587
exemplo	um	0.022587
exemplo	disso	0.018480
exemplo	e	0.018480
exemplo	se	0.018480
exemplo	na	0.016427
exemplo	uma	0.016427
exemplo	com	0.014374
exemplo	dos	0.014374
exemplo	não	0.014374
exemplo	nos	0.010267
exemplo	por	0.010267
exemplo	são	0.008214
exemplo	quando	0.008214
exemplo	no	0.008214
exemplo	das	0.008214
exemplo	os	0.008214
exemplo	porque	0.008214
exemplo	as	0.008214
exemplo	pode	0.008214
exemplo	tem	0.008214
exemplo	foi	0.006160
exemplo	já	0.006160
exemplo	foram	0.006160
exemplo	r	0.006160
exemplo	há	0.006160
exemplo	ao	0.006160
exercícios	de	0.193548
exercícios	e	0.096774
exigir	o	0.153846
exigir	que	0.115385
experimentar	e	0.166667
experimentar	o	0.166667
experiência	de	0.190625
experiência	na	0.084375
experiência	em	0.056250
experiência	do	0.056250
experiência	única	0.046875
experiência	no	0.040625
experiência	com	0.034375
experiência	e	0.034375
experiência	que	0.031250
experiência	da	0.028125
experiência	para	0.025000
experiência	mais	0.018750
experiência	muito	0.015625
experiência	profissional	0.015625
experiência	incrível	0.015625
experiência	é	0.012500
experiência	completa	0.012500
experiência	anterior	0.012500
experiência	como	0.012500
experiência	tem	0.009375
experiência	prática	0.009375
experiência	ter	0.009375
experiência	dos	0.009375
experiência	própria	0.009375
experiências	e	0.184783
experiências	de	0.141304
experiências	com	0.086957
experiências	que	0.065217
experiências	em	0.054348
experiências	entre	0.043478
experiências	únicas	0.032609
experiências	como	0.032609
experiências	para	0.032609
expressar	suas	0.178571
expressar	sua	0.178571
expressão	de	0.219512
expressão	e	0.073171
exterior	do	0.102564
exterior	e	0.076923
exterior	para	0.051282
exterior	o	0.051282
exterior	com	0.038462
exterior	não	0.038462
exterior	em	0.038462
exterior	de	0.038462
extra	de	0.174603
extra	para	0.126984
extra	do	0.079365
extra	em	0.047619
extraordinária	que	0.148148
extremo	sul	0.333333
extremo	norte	0.100000
face	ao	0.310680
face	a	0.213592
face	à	0.174757
face	aos	0.087379
face	às	0.038835
face	de	0.029126
faculdade	de	0.500000
faculdade	e	0.073529
falando	sobre	0.186567
falando	de	0.141791
falando	que	0.111940
falando	em	0.097015
falando	da	0.044776
falando	com	0.037313
falando	do	0.037313
falando	a	0.022388
falando	no	0.022388
fale	com	0.266667
falecido	em	0.473684
familiares	e	0.226316
familiares	de	0.063158
familiares	que	0.063158
familiares	para	0.052632
familiares	da	0.047368
familiares	dos	0.036842
familiares	amigos	0.036842
familiares	das	0.036842
familiares	com	0.031579
familiares	do	0.031579
familiares	não	0.026316
familiares	na	0.021053
familiares	disseram	0.015789
familiares	ou	0.015789
familiares	estão	0.015789
familiares	a	0.015789
famoso	por	0.136364
famoso	do	0.068182
famílias	que	0.201465
famílias	e	0.109890
famílias	com	0.095238
famílias	de	0.084249
famílias	em	0.043956
famílias	a	0.025641
famílias	das	0.021978
famílias	do	0.021978
famílias	se	0.018315
famílias	dos	0.018315
famílias	já	0.018315
famílias	mais	0.014652
famílias	da	0.014652
famílias	serão	0.014652
famílias	foram	0.014652
famílias	para	0.014652
famílias	recebem	0.010989
famílias	possam	0.010989
famílias	é	0.010989
famílias	não	0.010989
famílias	estão	0.010989
famílias	por	0.010989
farei	o	0.500000
fará	a	0.200000
fará	o	0.111111
fará	uma	0.100000
fará	um	0.055556
fará	sua	0.055556
fará	com	0.055556
fará	parte	0.044444
fascinante	e	0.375000
fatia	do	0.307692
fatia	de	0.230769
fazenda	do	0.082090
fazenda	e	0.074627
fazenda	de	0.059701
fazenda	o	0.052239
fazenda	em	0.052239
fazenda	da	0.044776
fazenda	pública	0.037313
fazenda	que	0.037313
fazenda	com	0.037313
fazenda	a	0.029851
fazenda	no	0.029851
fazenda	na	0.029851
fazenda	para	0.022388
fazia	a	0.125000
fazia	o	0.079545
fazia	uma	0.079545
fazia	parte	0.079545
fazia	sentido	0.045455
fazia	com	0.045455
fazia	uso	0.045455
fazia	um	0.045455
faziam	parte	0.217391
faziam	as	0.130435
façam	o	0.184211
façam	a	0.157895
fechados	com	0.156250
fechados	e	0.156250
fechou	o	0.287879
fechou	a	0.151515
fechou	em	0.106061
fechou	os	0.060606
fechou	no	0.060606
fechou	as	0.045455
fechou	sua	0.045455
fechou	com	0.045455
feira	a	0.101483
feira	o	0.090280
feira	de	0.086985
feira	no	0.053048
feira	em	0.051071
feira	que	0.046787
feira	e	0.043822
feira	dia	0.041186
feira	na	0.037232
feira	às	0.028007
feira	com	0.025041
feira	para	0.020428
feira	um	0.018451
feira	das	0.016804
feira	uma	0.016474
feira	os	0.014498
feira	após	0.013839
feira	por	0.013509
feira	pelo	0.012521
feira	pela	0.011203
feira	à	0.010544
feira	as	0.009885
feira	durante	0.008567
feira	quando	0.008237
feira	do	0.007249
feira	ao	0.006919
feira	foi	0.006260
feira	é	0.005931
feira	da	0.005931
feira	aos	0.005601
feira	mas	0.005601
feira	será	0.005601
feira	mais	0.004613
feira	não	0.004283
feira	contra	0.003954
feira	foram	0.003954
feira	também	0.003624
feira	depois	0.003295
feira	segundo	0.002636
feira	como	0.002636
feridos	e	0.112903
feridos	no	0.112903
feridos	foram	0.080645
feridos	após	0.080645
feridos	a	0.048387
feridos	dos	0.048387
feridos	ou	0.048387
ferramenta	de	0.277778
ferramenta	que	0.111111
ferramenta	para	0.077778
ferramenta	a	0.044444
ferramenta	essencial	0.033333
ferramenta	permite	0.033333
ferro	de	0.166667
ferro	e	0.125000
festejar	o	0.500000
ficam	mais	0.085106
ficam	os	0.063830
ficam	em	0.053191
ficam	por	0.053191
ficam	sem	0.053191
ficam	a	0.042553
ficam	na	0.042553
ficam	com	0.042553
ficam	de	0.031915
ficam	no	0.031915
ficarão	disponíveis	0.111111
ficava	com	0.090909
ficava	a	0.090909
ficha	criminal	0.407407
ficha	de	0.259259
figura	do	0.191781
figura	de	0.191781
figura	central	0.054795
figura	da	0.054795
figura	entre	0.054795
figura	pública	0.041096
figura	mais	0.041096
figura	que	0.041096
filme	de	0.119122
filme	da	0.059561
filme	que	0.059561
filme	e	0.040752
filme	o	0.028213
filme	em	0.028213
filme	é	0.028213
filme	não	0.025078
filme	foi	0.021944
filme	mais	0.021944
filme	a	0.021944
filme	do	0.021944
filme	tem	0.015674
filme	ainda	0.015674
filme	está	0.012539
filme	no	0.012539
filme	se	0.012539
filme	para	0.012539
filme	original	0.012539
filme	na	0.012539
filme	os	0.009404
filme	um	0.009404
filme	sobre	0.009404
filme	como	0.009404
filme	também	0.009404
filosofia	e	0.260870
financeira	e	0.121622
financeira	da	0.101351
financeira	para	0.067568
financeira	do	0.054054
financeira	de	0.040541
financeira	a	0.033784
financeira	que	0.027027
financeira	das	0.027027
financeira	o	0.027027
financeira	no	0.020270
financeira	é	0.020270
financeira	global	0.020270
financeira	com	0.020270
financeiro	e	0.089041
financeiro	da	0.089041
financeiro	de	0.061644
financeiro	para	0.054795
financeiro	do	0.047945
financeiro	apresentou	0.041096
financeiro	que	0.034247
financeiro	global	0.034247
financeiro	é	0.027397
financeiro	com	0.027397
financeiro	no	0.027397
financeiro	a	0.020548
financeiro	nacional	0.020548
financeiro	dos	0.020548
financeiro	na	0.020548
financeiro	o	0.020548
fingir	que	0.625000
fins	de	0.656250
fins	da	0.093750
fizemos	um	0.174419
fizemos	o	0.127907
fizemos	uma	0.093023
fizemos	a	0.058140
fizemos	isso	0.034884
fizemos	com	0.034884
fizeram	uma	0.095238
fizeram	a	0.083333
fizeram	um	0.083333
fizeram	o	0.077381
fizeram	parte	0.059524
fizeram	com	0.035714
fizeram	os	0.029762
fizeram	história	0.017857
fizeram	no	0.017857
fizeram	questão	0.017857
fizesse	um	0.545455
fogo	e	0.116071
fogo	na	0.084821
fogo	no	0.066964
fogo	em	0.062500
fogo	de	0.053571
fogo	médio	0.053571
fogo	foi	0.022321
fogo	contra	0.022321
fogo	que	0.022321
fogo	para	0.017857
fogo	é	0.017857
fogo	entre	0.017857
fogo	ao	0.017857
fogo	a	0.013393
fogo	espere	0.013393
fogo	foram	0.013393
fogo	se	0.013393
fogo	começou	0.013393
fogo	após	0.013393
foi	o	0.081438
foi	a	0.071688
foi	um	0.052571
foi	de	0.038425
foi	uma	0.036895
foi	preso	0.035366
foi	encontrado	0.019690
foi	muito	0.017014
foi	feito	0.016823
foi	feita	0.014529
foi	para	0.012808
foi	levado	0.012426
foi	encontrada	0.011661
foi	detido	0.010705
foi	atingido	0.010514
foi	alvo	0.009176
foi	possível	0.009176
foi	em	0.008603
foi	criado	0.008411
foi	ao	0.008220
foi	morto	0.008029
foi	eleito	0.007647
foi	tomada	0.007264
foi	condenado	0.007264
foi	no	0.006691
foi	levada	0.006309
foi	bem	0.006117
foi	entregue	0.005735
foi	identificado	0.005735
foi	mais	0.005735
foi	marcado	0.005544
foi	presa	0.005353
foi	com	0.005162
foi	responsável	0.005162
foi	criada	0.004970
foi	informado	0.004970
foi	dado	0.004970
foi	baleado	0.004779
foi	quando	0.004779
foi	assim	0.004779
fome	e	0.184615
fome	no	0.107692
fome	de	0.092308
fome	por	0.046154
fome	em	0.046154
for	o	0.077295
for	possível	0.057971
for	necessário	0.053140
for	preciso	0.043478
for	uma	0.038647
for	a	0.033816
for	para	0.033816
for	por	0.024155
for	bem	0.019324
for	até	0.019324
for	feito	0.019324
for	maior	0.019324
for	de	0.019324
for	menor	0.019324
for	eleito	0.014493
for	fazer	0.014493
for	um	0.014493
for	mais	0.014493
for	na	0.014493
formas	de	0.647619
formas	diferentes	0.057143
formas	e	0.047619
formas	mais	0.047619
formas	como	0.038095
fosse	a	0.093960
fosse	uma	0.093960
fosse	um	0.080537
fosse	o	0.060403
fosse	de	0.040268
fosse	para	0.033557
fosse	possível	0.026846
fosse	preso	0.020134
fosse	por	0.020134
frase	que	0.195122
frase	de	0.097561
frase	foi	0.073171
frase	a	0.073171
fraude	e	0.127660
fraude	contra	0.085106
fraude	à	0.085106
fraude	em	0.063830
fraude	ao	0.063830
fraude	que	0.063830
fred	e	0.150000
fred	em	0.150000
fronteiras	da	0.125000
fronteiras	com	0.125000
fuga	de	0.130435
fuga	da	0.086957
fuga	e	0.086957
fuga	das	0.086957
fuga	do	0.065217
fuga	em	0.065217
fugiram	e	0.192308
fugiram	em	0.153846
fugiram	do	0.115385
fumar	ou	0.272727
fumar	e	0.272727
funcionar	em	0.125000
funcionar	no	0.112500
funcionar	como	0.087500
funcionar	a	0.087500
funcionar	normalmente	0.062500
funcionar	de	0.037500
funcionar	com	0.037500
funcionar	o	0.037500
funcionar	na	0.037500
funcionar	até	0.037500
fundação	de	0.135922
fundação	municipal	0.058252
fundação	do	0.058252
fundação	da	0.048544
fundação	nacional	0.048544
fundação	que	0.029126
fundação	para	0.029126
funeral	de	0.400000
funeral	do	0.300000
função	de	0.311377
função	da	0.131737
função	do	0.089820
função	social	0.059880
função	dos	0.053892
função	que	0.029940
função	é	0.029940
função	das	0.023952
função	e	0.023952
função	o	0.017964
funções	de	0.160494
funções	que	0.135802
funções	do	0.123457
funções	no	0.049383
funções	na	0.037037
fusão	das	0.157895
fusão	de	0.157895
futebol	feminino	0.091772
futebol	e	0.072785
futebol	de	0.066456
futebol	do	0.050633
futebol	que	0.044304
futebol	da	0.031646
futebol	ao	0.031646
futebol	americano	0.028481
futebol	clube	0.025316
futebol	no	0.025316
futebol	em	0.022152
futebol	mundial	0.022152
futebol	amador	0.018987
futebol	na	0.018987
futebol	foi	0.018987
futebol	para	0.015823
futebol	o	0.015823
futebol	é	0.015823
futebol	profissional	0.012658
futebol	também	0.012658
futebol	masculino	0.012658
futebol	não	0.012658
futebol	com	0.012658
futebol	a	0.009494
futebol	vai	0.009494
futebol	espanhol	0.009494
futebol	mais	0.009494
futebol	sul	0.009494
futebol	júnior	0.009494
futebol	como	0.009494
futebol	tem	0.009494
futebol	morreu	0.009494
futebol	mas	0.009494
física	e	0.266187
física	do	0.050360
física	com	0.050360
física	ou	0.050360
física	da	0.035971
física	a	0.035971
física	para	0.035971
física	o	0.035971
física	em	0.028777
física	quanto	0.021583
física	que	0.021583
físico	e	0.222222
físico	ou	0.069444
físico	de	0.055556
físico	é	0.055556
físico	em	0.041667
físico	do	0.041667
fôlego	e	0.217391
g	e	0.084615
g	que	0.076923
g	de	0.069231
g	para	0.053846
g	em	0.046154
g	da	0.046154
g	do	0.046154
g	o	0.046154
g	na	0.038462
g	a	0.038462
g	dias	0.030769
g	no	0.023077
g	é	0.023077
gabinete	do	0.282609
gabinete	de	0.260870
gabinete	da	0.108696
gabinete	e	0.076087
gabinete	na	0.032609
ganhamos	a	0.272727
ganhou	a	0.106918
ganhou	o	0.100629
ganhou	um	0.100629
ganhou	uma	0.081761
ganhou	força	0.069182
ganhou	mais	0.050314
ganhou	do	0.031447
ganhou	na	0.025157
ganhou	ainda	0.025157
ganhou	da	0.018868
ganhou	reconhecimento	0.018868
ganhou	em	0.018868
garoto	que	0.172414
gentileza	e	0.444444
gigante	de	0.166667
gigante	e	0.125000
gigante	do	0.125000
gigante	da	0.104167
girar	a	0.571429
global	de	0.211538
global	e	0.083333
global	da	0.076923
global	do	0.057692
global	a	0.038462
global	por	0.032051
global	na	0.025641
global	para	0.025641
global	em	0.019231
global	no	0.019231
global	como	0.019231
golfe	e	0.375000
golo	do	0.200000
golo	no	0.200000
gordura	e	0.266667
gosta	de	0.619048
gosta	muito	0.083333
gosta	da	0.035714
gosto	de	0.367816
gosto	muito	0.149425
gosto	da	0.080460
gosto	do	0.057471
gosto	e	0.057471
gosto	assim	0.034483
gostou	de	0.235294
gostou	da	0.235294
gostou	e	0.176471
governador	do	0.218182
governador	de	0.145455
governador	wilson	0.054545
governador	carlos	0.054545
governador	e	0.045455
governador	eduardo	0.040909
governador	da	0.040909
governador	em	0.036364
governador	na	0.018182
governador	local	0.018182
governador	está	0.013636
governador	foi	0.013636
governador	antonio	0.013636
governador	o	0.013636
governador	não	0.013636
governo	federal	0.153425
governo	do	0.149315
governo	de	0.114384
governo	e	0.039041
governo	para	0.026027
governo	da	0.025342
governo	que	0.024658
governo	não	0.021233
governo	estadual	0.019863
governo	em	0.015753
governo	está	0.013014
governo	a	0.012329
governo	é	0.012329
governo	no	0.011644
governo	na	0.010274
governo	anterior	0.010274
governo	com	0.008219
governo	como	0.008219
governo	o	0.008219
governo	tem	0.006849
governo	local	0.006164
governo	vai	0.006164
governo	dos	0.006164
governo	foi	0.005479
governo	já	0.005479
governo	ou	0.004795
governo	por	0.004795
governo	também	0.004795
governo	quer	0.004110
governo	ao	0.004110
governo	mas	0.004110
governo	municipal	0.004110
governo	espanhol	0.004110
governo	sobre	0.004110
governo	ainda	0.004110
governo	português	0.003425
governo	trabalha	0.003425
governo	pretende	0.003425
governo	italiano	0.003425
governo	francês	0.003425
grau	de	0.553846
grau	e	0.061538
grau	em	0.046154
grau	da	0.046154
gravações	de	0.130435
gravações	da	0.130435
graça	de	0.116667
graça	e	0.100000
graça	mas	0.066667
graça	sem	0.066667
graça	em	0.066667
graça	no	0.050000
graça	com	0.050000
graça	para	0.050000
graça	que	0.050000
graças	a	0.401515
graças	à	0.212121
graças	ao	0.189394
graças	aos	0.045455
graças	às	0.030303
habilidades	e	0.230769
habilidades	de	0.200000
habilidades	em	0.061538
habilidades	técnicas	0.061538
habilidades	para	0.061538
haja	uma	0.158333
haja	vista	0.133333
haja	a	0.066667
haja	um	0.058333
haja	mais	0.033333
haja	o	0.025000
harry	potter	0.382353
harry	e	0.117647
harry	kane	0.088235
haviam	sido	0.507692
haviam	se	0.061538
henrique	e	0.140000
henrique	de	0.120000
heróis	e	0.193548
heróis	que	0.129032
histórias	de	0.294872
histórias	e	0.102564
histórias	que	0.076923
histórias	da	0.051282
histórias	na	0.038462
histórias	para	0.038462
homicídio	e	0.134328
homicídio	de	0.089552
homicídio	no	0.074627
homicídio	contra	0.059701
homicídio	foi	0.059701
homicídio	do	0.059701
homicídio	tráfico	0.044776
hong	kong	1.000000
humanos	e	0.209302
humanos	em	0.062016
humanos	da	0.054264
humanos	que	0.054264
humanos	a	0.038760
humanos	no	0.031008
humanos	para	0.031008
humanos	com	0.023256
humanos	não	0.023256
humilde	e	0.375000
hábitos	e	0.206897
hábitos	que	0.206897
hábitos	de	0.206897
hábitos	para	0.103448
idade	e	0.103448
idade	entre	0.068966
idade	de	0.056034
idade	ou	0.047414
idade	que	0.038793
idade	foi	0.034483
idade	da	0.030172
idade	avançada	0.030172
idade	média	0.025862
idade	mínima	0.025862
idade	a	0.021552
idade	é	0.017241
idade	do	0.017241
idade	também	0.017241
idade	para	0.017241
idade	em	0.017241
idade	igual	0.012931
idade	na	0.012931
idade	se	0.012931
idade	o	0.012931
idade	no	0.012931
idade	quando	0.012931
idade	não	0.012931
identidade	do	0.122449
identidade	e	0.122449
identidade	dos	0.071429
identidade	nacional	0.071429
identidade	da	0.071429
identidade	de	0.061224
identidade	visual	0.040816
identidade	falsa	0.040816
identidade	não	0.040816
identidade	o	0.030612
identificar	o	0.145985
identificar	os	0.102190
identificar	a	0.094891
identificar	as	0.080292
identificar	e	0.043796
identificar	se	0.029197
identificar	uma	0.021898
identificar	um	0.021898
ido	à	0.187500
ido	até	0.093750
ido	para	0.093750
ido	a	0.093750
iguais	para	0.187500
iguais	a	0.187500
igual	ou	0.158537
igual	período	0.158537
igual	ao	0.097561
igual	para	0.085366
igual	com	0.060976
igual	a	0.060976
igualmente	que	0.111111
igualmente	a	0.088889
ii	liga	0.117647
ii	e	0.117647
ii	no	0.073529
ii	em	0.073529
ii	que	0.058824
ii	do	0.058824
ii	guerra	0.044118
ilusão	de	0.500000
imaginava	que	0.214286
imagine	se	0.363636
imaginei	que	0.600000
imediatamente	a	0.086957
imediatamente	após	0.086957
imediatamente	se	0.072464
imediatamente	e	0.057971
imediatamente	para	0.057971
imediatamente	aos	0.057971
imediatamente	em	0.043478
imediatamente	com	0.043478
impedir	que	0.421875
impedir	a	0.218750
impedir	o	0.203125
impressão	de	0.461538
impressão	do	0.115385
improvável	que	0.611111
império	da	0.181818
incapaz	de	0.888889
indiana	jones	0.444444
indivíduos	com	0.142857
indivíduos	que	0.085714
indivíduos	em	0.071429
indivíduos	armados	0.057143
indivíduos	e	0.042857
industrial	de	0.200000
industrial	e	0.133333
industrial	da	0.120000
industrial	do	0.080000
industrial	em	0.040000
indústria	de	0.265306
indústria	e	0.108844
indústria	comércio	0.074830
indústria	da	0.054422
indústria	do	0.040816
indústria	em	0.027211
indústria	com	0.027211
indústria	que	0.027211
indústria	musical	0.020408
indústria	como	0.020408
indústria	nacional	0.020408
indústria	para	0.020408
infelizmente	não	0.172727
infelizmente	o	0.072727
infelizmente	a	0.054545
infelizmente	é	0.045455
infelizmente	essa	0.036364
infelizmente	existem	0.027273
infelizmente	os	0.027273
infelizmente	as	0.027273
infelizmente	muitos	0.027273
informar	o	0.215385
informar	a	0.153846
informar	que	0.123077
informar	os	0.061538
informar	sobre	0.046154
inglês	e	0.145833
inglês	que	0.052083
inglês	o	0.041667
inglês	em	0.041667
inglês	no	0.031250
inglês	francês	0.031250
inglês	português	0.031250
inglês	para	0.031250
inocente	e	0.307692
instante	em	0.157895
instrumentos	de	0.419355
instrumentos	e	0.096774
instrumentos	como	0.096774
instrumentos	para	0.096774
integridade	física	0.266667
integridade	do	0.166667
integridade	da	0.166667
integridade	de	0.100000
integridade	dos	0.100000
inteligente	e	0.305556
inteligente	da	0.083333
inteligência	artificial	0.582418
inteligência	da	0.065934
inteligência	do	0.060440
inteligência	e	0.054945
inteligência	emocional	0.043956
inteligência	de	0.032967
intenções	de	0.347826
intenções	e	0.130435
interessada	em	0.500000
interessada	na	0.300000
interessante	é	0.151515
interessante	e	0.090909
interessante	para	0.075758
interessante	a	0.060606
interna	e	0.193548
interna	do	0.145161
interna	que	0.064516
interna	no	0.048387
interna	para	0.048387
interna	a	0.048387
interno	bruto	0.400000
interno	de	0.117647
interno	do	0.094118
interno	e	0.070588
interno	que	0.047059
interno	da	0.035294
intervalo	de	0.287879
intervalo	entre	0.090909
intervalo	com	0.060606
intervalo	e	0.045455
intervalo	das	0.045455
inverno	de	0.175000
inverno	do	0.125000
inverno	e	0.100000
inverno	a	0.075000
investigar	o	0.259259
investigar	a	0.240741
investigar	as	0.074074
investigar	se	0.055556
investigação	e	0.118182
investigação	da	0.086364
investigação	que	0.063636
investigação	criminal	0.063636
investigação	do	0.054545
investigação	sobre	0.054545
investigação	de	0.045455
investigação	em	0.031818
investigação	a	0.031818
investigação	para	0.027273
investigação	está	0.022727
investigação	foi	0.018182
investigação	é	0.018182
investigação	dos	0.018182
investigação	o	0.018182
investigação	como	0.013636
investigação	científica	0.013636
investigação	os	0.013636
investigação	interna	0.013636
investigação	contra	0.013636
investigação	por	0.013636
irem	ao	0.363636
iria	se	0.044118
iria	para	0.044118
irmã	de	0.250000
irmã	da	0.111111
irmã	do	0.097222
irmã	e	0.083333
irmã	mais	0.083333
irão	receber	0.062500
irão	se	0.053571
irão	para	0.053571
irão	ajudar	0.035714
irão	responder	0.026786
irão	ter	0.026786
irão	trabalhar	0.026786
irão	acontecer	0.026786
isaac	sidney	0.600000
israel	e	0.173913
israel	a	0.065217
israel	que	0.059783
israel	na	0.032609
israel	no	0.032609
israel	não	0.027174
israel	com	0.021739
israel	mas	0.021739
israel	estava	0.021739
israel	é	0.016304
israel	também	0.016304
israel	de	0.016304
israel	foram	0.016304
israel	são	0.016304
israel	se	0.016304
israel	está	0.016304
israel	considera	0.016304
israel	para	0.016304
isto	é	0.341969
isto	não	0.062176
isto	porque	0.062176
isto	que	0.036269
isto	significa	0.036269
isto	foi	0.025907
isto	pode	0.025907
isto	com	0.020725
isto	o	0.020725
isto	e	0.015544
isto	deve	0.015544
isto	inclui	0.015544
itália	e	0.245283
itália	que	0.056604
itália	frança	0.037736
itália	é	0.037736
itália	em	0.037736
itália	para	0.028302
itália	onde	0.028302
itália	com	0.028302
itália	na	0.028302
jackson	e	0.384615
jamie	lee	0.600000
janela	de	0.535714
janela	do	0.107143
janela	e	0.071429
janela	da	0.053571
jogada	de	0.279070
jogada	pela	0.116279
jogada	e	0.069767
jogos	de	0.193925
jogos	e	0.119159
jogos	da	0.072430
jogos	do	0.056075
jogos	sem	0.042056
jogos	com	0.037383
jogos	em	0.035047
jogos	para	0.023364
jogos	na	0.023364
jogos	que	0.023364
jogos	no	0.016355
jogos	pelo	0.016355
jogos	seguidos	0.014019
jogos	contra	0.011682
jogos	das	0.011682
jogos	dos	0.011682
jogos	online	0.011682
jogos	a	0.009346
jogos	o	0.009346
jogos	desde	0.007009
jogos	como	0.007009
jogos	é	0.007009
jogos	pela	0.007009
jogos	mais	0.007009
jogos	restantes	0.007009
jogos	foram	0.007009
jogos	por	0.007009
jogos	são	0.007009
johnson	e	0.187500
josé	de	0.124352
josé	do	0.124352
josé	dos	0.098446
josé	carlos	0.056995
josé	maria	0.056995
josé	eduardo	0.041451
josé	miguel	0.036269
josé	e	0.031088
josé	da	0.025907
josé	em	0.025907
josé	manuel	0.025907
josé	antonio	0.020725
josé	das	0.015544
josé	rainha	0.015544
josé	neto	0.015544
jovem	de	0.159159
jovem	que	0.093093
jovem	foi	0.039039
jovem	e	0.036036
jovem	não	0.024024
jovem	atleta	0.024024
jovem	do	0.024024
jovem	com	0.018018
jovem	em	0.015015
jovem	se	0.012012
jovem	estava	0.012012
jovem	chegou	0.012012
jovem	é	0.012012
jovem	morto	0.009009
jovem	para	0.009009
jovem	mas	0.009009
jovem	teria	0.009009
jovem	desaparecido	0.009009
jovem	jornalista	0.009009
jovem	no	0.009009
jovem	da	0.009009
jovem	artista	0.009009
jovem	guarda	0.009009
jovem	identificado	0.009009
jovem	também	0.009009
jovem	ficou	0.009009
jovem	já	0.009009
judicial	de	0.104762
judicial	para	0.076190
judicial	e	0.066667
judicial	da	0.066667
judicial	que	0.057143
judicial	em	0.057143
judicial	a	0.057143
judicial	do	0.047619
judicial	mas	0.038095
judicial	no	0.028571
judicial	foi	0.028571
judicial	com	0.028571
judicial	não	0.028571
junior	da	0.256410
junior	e	0.076923
junior	em	0.076923
junta	de	0.250000
junta	militar	0.115385
junta	a	0.115385
junta	se	0.096154
junta	comercial	0.096154
junta	médica	0.057692
justa	causa	0.450000
justa	e	0.300000
júnior	no	0.057971
júnior	e	0.043478
júnior	foi	0.043478
júnior	é	0.043478
júnior	a	0.043478
kansas	city	0.833333
lançar	um	0.164835
lançar	uma	0.142857
lançar	o	0.076923
lançar	a	0.065934
lançar	no	0.054945
lançar	luz	0.043956
lançar	seu	0.032967
latas	de	0.625000
leal	e	0.318182
legendas	em	0.214286
leilão	do	0.146341
leilão	com	0.097561
leilão	de	0.073171
leis	de	0.181818
leis	e	0.121212
leis	que	0.090909
leis	do	0.090909
leis	da	0.045455
leis	dos	0.045455
ler	o	0.166667
ler	se	0.104167
ler	e	0.083333
ler	a	0.062500
ler	os	0.062500
levada	para	0.446154
levada	a	0.138462
levada	ao	0.076923
levada	por	0.061538
levada	pela	0.046154
levados	para	0.488372
levados	em	0.139535
levados	ao	0.139535
levados	à	0.069767
levantar	a	0.282609
levantar	o	0.152174
levantar	fundos	0.065217
levantar	e	0.065217
levar	a	0.238235
levar	o	0.102941
levar	para	0.064706
levar	à	0.055882
levar	em	0.044118
levar	os	0.035294
levar	ao	0.035294
levar	uma	0.035294
levar	um	0.029412
levar	as	0.023529
levar	de	0.014706
levar	até	0.011765
levar	seu	0.011765
levar	adiante	0.011765
levar	este	0.008824
levar	essa	0.008824
levar	tempo	0.008824
levar	mais	0.008824
levar	documento	0.008824
levava	o	0.250000
li	o	0.187500
licença	de	0.222222
licença	para	0.222222
liderar	a	0.250000
liderar	os	0.178571
liderar	o	0.142857
ligações	com	0.200000
ligações	de	0.160000
ligações	para	0.120000
ligou	para	0.500000
liguei	para	0.857143
limite	de	0.440299
limite	para	0.067164
limite	do	0.067164
limite	máximo	0.052239
limite	da	0.044776
limite	o	0.022388
limite	que	0.022388
limpa	e	0.200000
linda	e	0.102564
linda	jogada	0.102564
linda	thomas	0.076923
linda	disse	0.076923
lisa	marie	0.384615
lição	para	0.200000
lição	de	0.200000
lloyd	austin	0.600000
londres	e	0.195122
los	angeles	0.250000
los	para	0.067073
los	e	0.067073
los	de	0.067073
los	a	0.067073
los	em	0.054878
los	ao	0.030488
los	à	0.024390
los	por	0.018293
los	na	0.018293
los	da	0.018293
los	o	0.018293
los	famosos	0.018293
los	no	0.018293
lua	e	0.109375
lua	de	0.078125
lua	cheia	0.062500
lua	no	0.062500
lua	que	0.062500
lua	das	0.062500
lugar	no	0.079365
lugar	de	0.077381
lugar	na	0.067460
lugar	com	0.065476
lugar	a	0.051587
lugar	e	0.041667
lugar	do	0.039683
lugar	para	0.037698
lugar	que	0.035714
lugar	da	0.033730
lugar	onde	0.031746
lugar	em	0.029762
lugar	ao	0.021825
lugar	foi	0.017857
lugar	mais	0.017857
lugar	certo	0.017857
lugar	o	0.015873
lugar	é	0.013889
lugar	nenhum	0.011905
lugar	ficou	0.011905
lugar	nos	0.007937
lugar	à	0.007937
lugar	nas	0.007937
lugar	seguro	0.007937
lugar	não	0.007937
lugar	entre	0.005952
lugar	especial	0.005952
lugar	muito	0.005952
lugar	só	0.005952
lugar	das	0.005952
lugar	por	0.005952
lugar	atrás	0.005952
lugar	eu	0.005952
lugar	melhor	0.005952
lugar	ideal	0.005952
lugar	comum	0.005952
lugares	e	0.114286
lugares	para	0.104762
lugares	de	0.085714
lugares	que	0.076190
lugares	do	0.047619
lugares	mais	0.038095
lugares	como	0.028571
lugares	onde	0.028571
lugares	o	0.028571
lugares	nos	0.028571
luis	henrique	0.363636
lutador	de	0.272727
lutou	contra	0.285714
luxo	e	0.186047
luxo	de	0.116279
luxo	em	0.069767
lágrimas	e	0.285714
líder	do	0.397004
líder	da	0.183521
líder	de	0.056180
líder	global	0.018727
líder	em	0.018727
líder	no	0.018727
líder	na	0.014981
líder	religioso	0.011236
líder	ao	0.011236
líder	pela	0.011236
líder	das	0.011236
líder	russo	0.011236
líder	espiritual	0.011236
líder	que	0.011236
líder	social	0.011236
líquido	de	0.333333
líquido	da	0.151515
machado	de	0.155556
machado	com	0.066667
machado	que	0.066667
machado	e	0.066667
machado	em	0.066667
mancha	verde	0.200000
mandato	de	0.223022
mandato	do	0.129496
mandato	em	0.057554
mandato	e	0.050360
mandato	como	0.050360
mandato	na	0.050360
mandato	que	0.035971
mandato	é	0.028777
mandato	com	0.028777
mandato	o	0.028777
mandato	por	0.021583
mandato	no	0.021583
mandato	ele	0.021583
mandato	para	0.021583
mandou	um	0.160714
mandou	para	0.142857
mandou	uma	0.071429
mandou	a	0.071429
mandou	matar	0.071429
maneiras	de	0.575000
maneiras	e	0.075000
manobra	para	0.166667
mansão	de	0.285714
mansão	e	0.142857
mansão	em	0.142857
manteve	a	0.232323
manteve	o	0.121212
manteve	se	0.111111
manteve	uma	0.050505
manteve	na	0.050505
manteve	sua	0.040404
manteve	os	0.040404
manteve	em	0.040404
manteve	um	0.030303
manteve	estável	0.030303
marca	de	0.212245
marca	o	0.089796
marca	a	0.085714
marca	e	0.048980
marca	do	0.036735
marca	que	0.032653
marca	no	0.028571
marca	na	0.024490
marca	dos	0.024490
marca	uma	0.020408
marca	da	0.020408
marca	com	0.016327
marca	um	0.016327
marca	os	0.012245
marca	presença	0.012245
marca	própria	0.012245
marca	em	0.012245
marcada	para	0.452381
marcada	por	0.174603
marcada	pela	0.095238
marcada	pelo	0.071429
marcada	e	0.031746
marcada	uma	0.023810
marcado	para	0.360544
marcado	por	0.244898
marcado	pela	0.108844
marcado	pelo	0.081633
marcado	no	0.027211
marcado	a	0.020408
marcado	com	0.020408
marcado	na	0.020408
marcação	de	0.304348
marcação	e	0.217391
marcou	o	0.189189
marcou	um	0.114865
marcou	a	0.094595
marcou	presença	0.087838
marcou	uma	0.033784
marcou	dois	0.033784
marcou	pontos	0.033784
marcou	para	0.027027
marcou	três	0.027027
marcou	na	0.027027
marcou	sua	0.020270
marcou	mais	0.020270
marcou	em	0.020270
marcou	seu	0.020270
marcou	quatro	0.020270
marcou	com	0.020270
marie	claire	0.272727
material	de	0.154412
material	foi	0.095588
material	para	0.066176
material	e	0.058824
material	escolar	0.058824
material	que	0.036765
material	será	0.029412
material	é	0.029412
matrícula	de	0.115385
matrícula	e	0.115385
matrícula	para	0.115385
matéria	prima	0.184466
matéria	de	0.174757
matéria	e	0.067961
matéria	que	0.038835
matéria	do	0.038835
matéria	foi	0.029126
matéria	não	0.029126
matéria	da	0.029126
medicamentos	e	0.200000
medicamentos	que	0.100000
medicamentos	para	0.100000
medicamentos	o	0.050000
medicamentos	de	0.050000
medida	que	0.215743
medida	em	0.081633
medida	de	0.069971
medida	é	0.049563
medida	foi	0.049563
medida	para	0.046647
medida	do	0.026239
medida	tem	0.023324
medida	e	0.014577
medida	se	0.014577
medida	como	0.014577
medida	da	0.011662
medida	vai	0.011662
medida	faz	0.011662
medida	será	0.011662
medida	os	0.011662
medida	certa	0.011662
medida	só	0.011662
medida	está	0.008746
medida	no	0.008746
medida	por	0.008746
medida	o	0.008746
medida	não	0.008746
medida	já	0.008746
medida	com	0.008746
medidas	de	0.307339
medidas	para	0.169725
medidas	que	0.091743
medidas	do	0.064220
medidas	como	0.036697
medidas	legais	0.022936
medidas	mais	0.022936
medidas	em	0.022936
medidas	e	0.018349
medidas	no	0.013761
medidas	a	0.013761
meios	de	0.500000
meios	para	0.108696
meios	e	0.076087
meios	digitais	0.054348
melhor	do	0.054987
melhor	para	0.038363
melhor	forma	0.029412
melhor	maneira	0.028133
melhor	que	0.028133
melhor	de	0.024297
melhor	desempenho	0.023018
melhor	o	0.023018
melhor	e	0.023018
melhor	qualidade	0.023018
melhor	a	0.021739
melhor	filme	0.020460
melhor	tempo	0.017903
melhor	os	0.015345
melhor	é	0.015345
melhor	com	0.014066
melhor	idade	0.012788
melhor	campanha	0.011509
melhor	opção	0.010230
melhor	em	0.010230
melhor	amiga	0.010230
melhor	no	0.010230
melhor	momento	0.008951
melhor	na	0.008951
melhor	não	0.008951
melhor	as	0.007673
melhor	coisa	0.007673
melhor	da	0.007673
melhor	disse	0.007673
melhor	caminho	0.006394
melhor	jogo	0.006394
melhor	experiência	0.006394
melhor	mas	0.006394
melhor	jogador	0.006394
melhor	essa	0.005115
melhor	posição	0.005115
melhor	abordagem	0.005115
melhor	preço	0.005115
melhor	atender	0.005115
melhor	chance	0.005115
melhorar	a	0.409524
melhorar	o	0.214286
melhorar	os	0.066667
melhorar	e	0.052381
melhorar	as	0.052381
melhorar	sua	0.028571
melhorar	ainda	0.023810
melhorar	de	0.014286
melhorar	mas	0.014286
melhorar	cada	0.014286
memória	de	0.209302
memória	e	0.162791
memória	do	0.139535
memória	das	0.069767
memória	a	0.046512
memória	dos	0.034884
memória	para	0.034884
memórias	de	0.214286
memórias	do	0.178571
memórias	e	0.142857
mensagens	de	0.307692
mensagens	que	0.094017
mensagens	com	0.051282
mensagens	do	0.051282
mensagens	pelo	0.034188
mensagens	para	0.034188
mensagens	são	0.025641
mensagens	no	0.025641
menu	de	0.296296
menu	é	0.111111
mesas	de	0.363636
mesas	e	0.227273
mesma	forma	0.116992
mesma	coisa	0.038997
mesma	maneira	0.030641
mesma	região	0.025070
mesma	fonte	0.025070
mesma	situação	0.025070
mesma	data	0.022284
mesma	família	0.022284
mesma	base	0.016713
mesma	função	0.016713
mesma	noite	0.013928
mesma	linha	0.013928
mesma	entrevista	0.011142
mesma	rua	0.011142
mesma	empresa	0.011142
mesma	semana	0.011142
mesma	medida	0.011142
mesma	posição	0.011142
mesma	equipe	0.008357
mesma	casa	0.008357
mesma	para	0.008357
mesma	mulher	0.008357
mesma	pessoa	0.008357
mesma	categoria	0.008357
mesma	hora	0.008357
mesma	taxa	0.008357
mesma	opinião	0.008357
mesma	que	0.008357
mesma	quantidade	0.008357
mesma	droga	0.008357
mesma	língua	0.008357
mesma	decisão	0.008357
mesma	nota	0.008357
mesmo	tempo	0.095677
mesmo	que	0.062824
mesmo	com	0.061095
mesmo	período	0.058790
mesmo	assim	0.046686
mesmo	dia	0.031700
mesmo	em	0.028818
mesmo	mês	0.019020
mesmo	ano	0.018444
mesmo	a	0.017867
mesmo	sem	0.017291
mesmo	de	0.015562
mesmo	quando	0.014986
mesmo	o	0.014986
mesmo	para	0.013256
mesmo	após	0.012680
mesmo	se	0.011527
mesmo	na	0.010951
mesmo	local	0.010375
mesmo	no	0.009222
mesmo	horário	0.009222
mesmo	não	0.008646
mesmo	número	0.006916
mesmo	os	0.006916
mesmo	depois	0.006916
mesmo	nome	0.006916
mesmo	sentido	0.006340
mesmo	um	0.005764
mesmo	tendo	0.005764
mesmo	uma	0.005187
mesmo	do	0.005187
mesmo	diante	0.005187
mesmo	as	0.005187
mesmo	por	0.004611
mesmo	sendo	0.004611
mesmo	nível	0.004611
mesmo	valor	0.004035
mesmo	da	0.004035
mesmo	durante	0.004035
mesmo	aconteceu	0.004035
mestre	em	0.538462
mestre	de	0.102564
metros	de	0.467153
metros	e	0.080292
metros	da	0.051095
metros	do	0.051095
metros	em	0.043796
metros	para	0.029197
metros	acima	0.021898
metros	abaixo	0.021898
meus	filhos	0.127820
meus	amigos	0.082707
meus	pais	0.067669
meus	irmãos	0.045113
meus	colegas	0.037594
meus	sonhos	0.037594
meus	fãs	0.030075
meus	anos	0.030075
meus	sentimentos	0.030075
meus	advogados	0.022556
meus	dois	0.022556
meus	jogadores	0.022556
meus	vídeos	0.022556
meus	companheiros	0.022556
meus	personagens	0.022556
miami	tem	0.121212
miami	não	0.090909
miguel	que	0.093750
miguel	e	0.078125
miguel	do	0.046875
miguel	de	0.046875
milho	e	0.216216
milho	de	0.108108
ministro	da	0.336554
ministro	do	0.115942
ministro	das	0.070853
ministro	de	0.067633
ministro	dos	0.028986
ministro	que	0.022544
ministro	disse	0.020934
ministro	a	0.017713
ministro	o	0.017713
ministro	e	0.014493
ministro	também	0.014493
ministro	foi	0.009662
ministro	russo	0.009662
ministro	joão	0.008052
ministro	britânico	0.008052
ministro	grego	0.006441
ministro	chefe	0.006441
ministro	está	0.006441
ministro	diz	0.006441
ministro	em	0.006441
ministro	sobre	0.004831
ministro	não	0.004831
ministro	antonio	0.004831
ministro	no	0.004831
ministro	benjamin	0.004831
ministro	é	0.004831
ministro	dias	0.004831
ministro	ainda	0.004831
ministro	mas	0.004831
minutos	do	0.154047
minutos	de	0.104439
minutos	depois	0.075718
minutos	e	0.065274
minutos	em	0.052219
minutos	o	0.046997
minutos	da	0.041775
minutos	para	0.036554
minutos	a	0.033943
minutos	quando	0.031332
minutos	com	0.028721
minutos	por	0.023499
minutos	finais	0.023499
minutos	antes	0.020888
minutos	após	0.020888
minutos	no	0.015666
minutos	sem	0.013055
minutos	ou	0.013055
minutos	na	0.010444
minutos	teve	0.007833
minutos	que	0.007833
mira	da	0.176471
mira	do	0.176471
misericórdia	de	0.363636
mistério	e	0.130435
mistério	da	0.130435
mistério	sobre	0.130435
moda	e	0.157895
moda	antiga	0.070175
moda	mais	0.052632
modelo	de	0.341667
modelo	que	0.050000
modelo	do	0.025000
modelo	para	0.025000
modelo	a	0.020833
modelo	anterior	0.020833
modelo	e	0.020833
modelo	é	0.020833
modelo	da	0.020833
modelo	não	0.016667
modelo	em	0.016667
modelo	com	0.016667
modelo	ainda	0.012500
modelo	na	0.012500
modelo	tem	0.012500
modelos	de	0.428571
modelos	da	0.065934
modelos	mais	0.065934
modelos	e	0.054945
modelos	que	0.054945
modelos	a	0.032967
modo	a	0.135135
modo	de	0.129730
modo	geral	0.124324
modo	que	0.091892
modo	é	0.054054
modo	o	0.043243
modo	os	0.037838
modo	como	0.032432
modo	no	0.021622
modo	mais	0.016216
modos	de	0.666667
momentos	de	0.344498
momentos	mais	0.057416
momentos	da	0.052632
momentos	em	0.038278
momentos	antes	0.033493
momentos	que	0.033493
momentos	do	0.033493
momentos	difíceis	0.028708
momentos	após	0.023923
momentos	depois	0.023923
momentos	muito	0.019139
momentos	o	0.014354
momentos	e	0.014354
momentos	nos	0.014354
momentos	como	0.014354
momentos	chave	0.014354
momentos	especiais	0.014354
montanhas	e	0.300000
morava	em	0.323529
morava	no	0.264706
morava	na	0.088235
morrido	em	0.375000
morrido	e	0.375000
morro	do	0.275000
morro	de	0.250000
morro	da	0.175000
motores	de	0.375000
motores	v	0.187500
mudado	para	0.157895
mudou	para	0.137931
mudou	a	0.129310
mudou	de	0.094828
mudou	o	0.086207
mudou	se	0.060345
mudou	e	0.043103
mudou	na	0.034483
mudou	com	0.025862
mudou	as	0.025862
mudou	completamente	0.025862
mudou	no	0.025862
mudou	depois	0.025862
mudou	em	0.025862
mudou	muito	0.025862
muita	gente	0.196721
muita	coisa	0.081967
muita	alegria	0.049180
muita	atenção	0.032787
muita	música	0.032787
muita	diversão	0.026230
muita	água	0.019672
muita	felicidade	0.019672
muita	força	0.019672
muita	dificuldade	0.016393
muita	tristeza	0.016393
muita	fé	0.016393
muita	vontade	0.016393
muita	pressão	0.013115
muita	história	0.013115
muita	responsabilidade	0.013115
muita	festa	0.013115
muita	diferença	0.013115
muita	raiva	0.013115
muita	energia	0.013115
muita	chuva	0.009836
muita	luta	0.009836
muita	dor	0.009836
muita	falta	0.009836
muita	honra	0.009836
muita	sabedoria	0.009836
mulher	de	0.137184
mulher	que	0.093863
mulher	e	0.084838
mulher	foi	0.039711
mulher	é	0.037906
mulher	a	0.028881
mulher	do	0.028881
mulher	no	0.023466
mulher	com	0.023466
mulher	em	0.021661
mulher	negra	0.021661
mulher	da	0.018051
mulher	tem	0.018051
mulher	na	0.018051
mulher	também	0.014440
mulher	para	0.012635
mulher	o	0.010830
mulher	como	0.010830
mulher	estava	0.010830
mulher	ficou	0.010830
mulher	teria	0.009025
mulher	não	0.009025
mulher	por	0.007220
mulher	diz	0.007220
mulher	mais	0.005415
mulher	ainda	0.005415
mulher	deu	0.005415
mulher	disse	0.005415
mulher	então	0.005415
mulher	suspeita	0.005415
mulher	já	0.005415
mulher	quando	0.005415
mulher	morreu	0.005415
mulher	pode	0.005415
mulher	era	0.005415
mundial	de	0.255319
mundial	da	0.212766
mundial	do	0.082447
mundial	e	0.045213
mundial	em	0.034574
mundial	que	0.021277
mundial	no	0.018617
mundial	dos	0.018617
mundial	a	0.018617
mundial	o	0.015957
mundial	é	0.013298
mundial	como	0.013298
mundial	feminino	0.013298
mundial	na	0.010638
mundial	para	0.010638
mundial	será	0.007979
mundial	foi	0.007979
mundial	com	0.007979
mundial	não	0.007979
museu	de	0.273973
museu	do	0.178082
museu	da	0.136986
museu	nacional	0.082192
museu	municipal	0.041096
mãos	e	0.116438
mãos	de	0.109589
mãos	do	0.102740
mãos	o	0.054795
mãos	a	0.041096
mãos	dadas	0.034247
mãos	com	0.034247
mãos	dos	0.027397
mãos	para	0.027397
mãos	da	0.027397
mãos	em	0.020548
mãos	na	0.020548
mãos	no	0.020548
mãos	ao	0.020548
média	de	0.305556
média	do	0.045139
média	nacional	0.045139
média	e	0.034722
média	da	0.031250
média	das	0.031250
média	em	0.024306
média	r	0.024306
média	é	0.024306
média	anual	0.020833
média	por	0.020833
média	dos	0.020833
média	para	0.017361
média	global	0.013889
média	no	0.010417
média	na	0.010417
média	alta	0.010417
média	brasil	0.010417
média	o	0.010417
média	com	0.010417
médico	legal	0.225225
médico	e	0.090090
médico	de	0.045045
médico	da	0.031532
médico	no	0.031532
médico	que	0.027027
médico	na	0.022523
médico	antes	0.022523
médico	para	0.018018
médico	o	0.018018
médico	do	0.013514
médico	imediatamente	0.013514
médico	mas	0.013514
médico	cirurgião	0.013514
médico	com	0.013514
médico	a	0.013514
médico	foi	0.013514
médicos	e	0.161765
médicos	que	0.102941
médicos	a	0.044118
médicos	em	0.036765
médicos	de	0.036765
médicos	especialistas	0.029412
médicos	para	0.029412
médicos	na	0.022059
médicos	do	0.022059
médicos	já	0.022059
médicos	dos	0.022059
médicos	estão	0.022059
médicos	não	0.022059
métodos	de	0.444444
métodos	e	0.138889
métodos	que	0.083333
méxico	e	0.200000
méxico	que	0.075000
músculos	e	0.375000
músicas	do	0.152542
músicas	de	0.135593
músicas	e	0.084746
músicas	da	0.084746
músicas	mais	0.067797
músicas	que	0.067797
músicas	para	0.050847
nada	de	0.099010
nada	mais	0.089109
nada	a	0.066832
nada	que	0.054455
nada	menos	0.032178
nada	para	0.024752
nada	disso	0.024752
nada	se	0.024752
nada	é	0.022277
nada	sobre	0.019802
nada	melhor	0.017327
nada	e	0.017327
nada	na	0.012376
nada	porque	0.012376
nada	contra	0.012376
nada	além	0.012376
nada	mas	0.012376
nada	o	0.009901
nada	for	0.009901
nada	fora	0.009901
nada	da	0.009901
nada	em	0.009901
nada	grave	0.007426
nada	demais	0.007426
nada	foi	0.007426
nada	têm	0.007426
nada	do	0.007426
nada	como	0.007426
nada	nem	0.007426
nada	indica	0.007426
nada	pois	0.007426
nada	por	0.007426
nada	sem	0.007426
nada	assim	0.007426
naquilo	que	0.714286
nas	redes	0.196121
nas	últimas	0.053341
nas	ruas	0.035560
nas	escolas	0.028556
nas	eleições	0.028017
nas	áreas	0.026401
nas	unidades	0.023168
nas	próximas	0.022091
nas	duas	0.019935
nas	cidades	0.018858
nas	suas	0.018858
nas	mãos	0.017780
nas	costas	0.017241
nas	ações	0.014547
nas	imagens	0.014009
nas	primeiras	0.012931
nas	contas	0.011853
nas	vendas	0.011315
nas	casas	0.010776
nas	negociações	0.010237
nas	quais	0.009698
nas	principais	0.009159
nas	nossas	0.009159
nas	demais	0.009159
nas	relações	0.008621
nas	lojas	0.008082
nas	discussões	0.007543
nas	três	0.007004
nas	estradas	0.007004
nas	pessoas	0.006466
nas	informações	0.006466
nas	zonas	0.005927
nas	pernas	0.005927
nas	salas	0.005927
nas	decisões	0.005927
nas	outras	0.005388
nas	ilhas	0.005388
nas	agências	0.005388
nas	empresas	0.005388
nas	mais	0.005388
nascimento	e	0.177778
nascimento	de	0.177778
nascimento	do	0.100000
nascimento	da	0.088889
nascimento	ou	0.033333
nascimento	que	0.033333
natureza	e	0.171429
natureza	do	0.076190
natureza	humana	0.028571
natureza	mais	0.028571
natureza	no	0.028571
natureza	com	0.028571
natureza	de	0.028571
natureza	como	0.028571
natureza	das	0.028571
navegar	pelo	0.250000
navios	de	0.291667
navios	e	0.125000
necessariamente	a	0.093750
necessita	de	0.629630
negociar	com	0.222222
negociar	a	0.088889
negociar	os	0.066667
negociar	um	0.066667
negra	e	0.117647
negra	em	0.078431
negra	no	0.078431
negra	como	0.058824
negra	para	0.058824
negra	é	0.058824
negócios	e	0.155689
negócios	estrangeiros	0.125749
negócios	em	0.065868
negócios	com	0.065868
negócios	da	0.047904
negócios	de	0.041916
negócios	para	0.035928
negócios	que	0.035928
negócios	na	0.029940
negócios	no	0.029940
negócios	do	0.017964
negócios	a	0.017964
negócios	b	0.017964
nessa	época	0.060498
nessa	segunda	0.056940
nessa	terça	0.056940
nessa	quinta	0.039146
nessa	situação	0.039146
nessa	sexta	0.035587
nessa	quarta	0.035587
nessa	área	0.032028
nessa	faixa	0.024911
nessa	fase	0.024911
nessa	condição	0.021352
nessa	questão	0.017794
nessa	discussão	0.017794
nessa	mesma	0.017794
nessa	altura	0.017794
nessa	edição	0.014235
nessa	semana	0.014235
nessa	jornada	0.014235
nessa	data	0.014235
nessa	região	0.014235
nessa	reunião	0.014235
nessa	direção	0.014235
nessa	lista	0.014235
nessa	nova	0.010676
nessa	operação	0.010676
nessa	parte	0.010676
nessa	cidade	0.010676
nessa	linha	0.010676
nessa	ordem	0.010676
nessa	conversa	0.010676
ninguém	foi	0.035019
ninguém	está	0.035019
ninguém	que	0.035019
ninguém	ficou	0.031128
ninguém	sabe	0.031128
ninguém	se	0.027237
ninguém	nunca	0.023346
ninguém	o	0.023346
ninguém	menos	0.019455
ninguém	pode	0.019455
ninguém	acertou	0.019455
ninguém	e	0.019455
ninguém	mais	0.019455
ninguém	quer	0.019455
ninguém	tem	0.015564
ninguém	tinha	0.015564
ninguém	a	0.015564
ninguém	vai	0.015564
ninguém	nos	0.015564
ninguém	é	0.015564
ninguém	da	0.011673
ninguém	na	0.011673
ninguém	faz	0.011673
ninguém	deve	0.011673
ninguém	sabia	0.011673
ninguém	soube	0.011673
nomes	como	0.180233
nomes	de	0.151163
nomes	do	0.104651
nomes	da	0.098837
nomes	que	0.093023
nomes	dos	0.063953
nomes	para	0.040698
nomes	mais	0.029070
nomes	e	0.023256
nomes	das	0.017442
nomes	são	0.017442
nomes	foram	0.017442
norma	que	0.193548
norma	de	0.129032
norma	é	0.129032
nota	a	0.206897
nota	de	0.110345
nota	o	0.089655
nota	que	0.068966
nota	da	0.058621
nota	do	0.048276
nota	oficial	0.037931
nota	enviada	0.031034
nota	para	0.031034
nota	técnica	0.024138
nota	no	0.017241
nota	sobre	0.013793
nota	nesta	0.013793
nota	é	0.013793
nota	se	0.013793
nota	na	0.010345
nota	mil	0.010345
novembro	de	0.303571
novembro	o	0.059524
novembro	e	0.059524
novembro	do	0.059524
novembro	a	0.056548
novembro	em	0.029762
novembro	na	0.023810
novembro	quando	0.020833
novembro	com	0.017857
novembro	no	0.014881
novembro	para	0.014881
novembro	deste	0.014881
novembro	os	0.014881
novembro	às	0.011905
novembro	ficou	0.011905
novembro	passado	0.011905
novembro	azul	0.011905
novembro	que	0.011905
novembro	após	0.008929
novembro	das	0.008929
novembro	já	0.008929
novembro	é	0.008929
novidades	do	0.144928
novidades	que	0.115942
novidades	da	0.086957
novidades	em	0.057971
novidades	para	0.057971
novidades	sobre	0.057971
novidades	e	0.043478
noção	de	0.361111
noção	do	0.166667
noção	que	0.111111
número	de	0.633531
número	do	0.045994
número	que	0.025223
número	da	0.025223
número	maior	0.014837
número	total	0.013353
número	dois	0.011869
número	é	0.011869
número	um	0.007418
número	muito	0.007418
número	para	0.007418
número	representa	0.005935
número	em	0.005935
número	máximo	0.004451
número	foi	0.004451
número	está	0.004451
número	chegou	0.004451
número	no	0.004451
números	de	0.163551
números	são	0.084112
números	da	0.074766
números	do	0.070093
números	e	0.065421
números	que	0.046729
números	finais	0.028037
números	mais	0.023364
números	também	0.023364
números	ou	0.023364
números	oficiais	0.018692
números	mostram	0.018692
números	o	0.018692
números	não	0.018692
números	indicam	0.018692
números	com	0.018692
números	a	0.014019
números	é	0.014019
objectivos	de	0.416667
obras	de	0.301242
obras	e	0.102484
obras	do	0.093168
obras	que	0.077640
obras	em	0.040373
obras	da	0.040373
obras	públicas	0.031056
obras	para	0.027950
obras	no	0.021739
obras	na	0.015528
obras	com	0.012422
obras	mais	0.012422
obras	não	0.009317
obras	das	0.009317
obras	estão	0.009317
obras	devem	0.009317
obras	são	0.009317
obras	nas	0.009317
obrigação	de	0.605263
obrigação	e	0.078947
obter	o	0.145038
obter	a	0.114504
obter	uma	0.106870
obter	mais	0.083969
obter	um	0.053435
obter	os	0.045802
obter	informações	0.045802
obter	as	0.022901
ocorre	em	0.129630
ocorre	no	0.097222
ocorre	quando	0.078704
ocorre	de	0.050926
ocorre	a	0.046296
ocorre	que	0.037037
ocorre	um	0.032407
ocorre	após	0.032407
ocorre	com	0.032407
ocorre	porque	0.032407
ocorre	o	0.032407
ocorre	uma	0.023148
ocorre	nesta	0.018519
ocorre	devido	0.018519
ocorre	na	0.018519
ocorre	até	0.013889
ocorre	dois	0.013889
ocorre	dentro	0.013889
ocorre	pelo	0.013889
ocorre	pela	0.013889
oferta	de	0.427536
oferta	e	0.086957
oferta	pública	0.050725
oferta	da	0.043478
oferta	do	0.036232
oferta	das	0.021739
oficina	de	0.340909
oficina	e	0.068182
oficina	é	0.068182
oficina	no	0.068182
oito	anos	0.187500
oito	meses	0.111607
oito	dias	0.035714
oito	pessoas	0.031250
oito	horas	0.031250
oito	jogos	0.026786
oito	partidas	0.022321
oito	pontos	0.022321
oito	de	0.022321
oito	mil	0.022321
oito	dos	0.017857
oito	primeiros	0.013393
oito	cada	0.013393
oito	quilómetros	0.013393
oito	semanas	0.013393
oito	unidades	0.013393
olhava	para	0.500000
onda	de	0.704225
onda	do	0.056338
onda	e	0.042254
onda	da	0.042254
onde	o	0.082090
onde	a	0.070149
onde	os	0.053731
onde	foi	0.040299
onde	se	0.040299
onde	as	0.028358
onde	há	0.020896
onde	ele	0.020149
onde	é	0.017910
onde	assistir	0.017910
onde	está	0.017164
onde	foram	0.017164
onde	estão	0.016418
onde	você	0.015672
onde	vai	0.014925
onde	tem	0.011194
onde	fica	0.011194
onde	estava	0.011194
onde	são	0.010448
onde	serão	0.010448
onde	também	0.009701
onde	não	0.008955
onde	ela	0.008209
onde	quer	0.008209
onde	eu	0.008209
onde	será	0.007463
onde	ficou	0.007463
onde	ficará	0.006716
onde	recebeu	0.006716
onde	uma	0.006716
onde	um	0.006716
onde	eles	0.006716
onde	mora	0.005970
onde	estamos	0.005970
onde	estavam	0.005970
onde	ocorreu	0.005224
onde	morava	0.005224
onde	todos	0.005224
onde	anda	0.005224
onde	havia	0.004478
opinião	pública	0.128205
opinião	de	0.089744
opinião	e	0.076923
opinião	sobre	0.076923
opinião	dos	0.076923
opinião	é	0.051282
opinião	que	0.051282
opinião	do	0.051282
oportunidade	de	0.536517
oportunidade	para	0.162921
oportunidade	única	0.044944
oportunidade	que	0.025281
oportunidade	e	0.019663
oportunidade	o	0.014045
oportunidade	a	0.011236
oportunidade	é	0.011236
oportunidade	foi	0.011236
opções	de	0.426136
opções	para	0.159091
opções	que	0.034091
opções	e	0.034091
opções	disponíveis	0.028409
opções	são	0.022727
opções	na	0.017045
opções	no	0.017045
ordem	de	0.358491
ordem	dos	0.113208
ordem	pública	0.084906
ordem	do	0.056604
ordem	judicial	0.051887
ordem	e	0.051887
ordem	para	0.033019
ordem	da	0.018868
ordem	mundial	0.018868
ordem	é	0.018868
ordem	a	0.014151
orgulhoso	de	0.400000
origem	do	0.116505
origem	da	0.077670
origem	dos	0.067961
origem	à	0.067961
origem	e	0.058252
origem	em	0.058252
origem	animal	0.048544
origem	de	0.048544
origem	a	0.038835
origem	ao	0.029126
origem	é	0.029126
origem	ou	0.029126
original	da	0.134146
original	do	0.109756
original	e	0.109756
original	de	0.097561
original	com	0.060976
original	o	0.048780
original	em	0.036585
original	foi	0.036585
os	dois	0.036633
os	dias	0.023251
os	dados	0.022492
os	seus	0.020309
os	policiais	0.017178
os	anos	0.014615
os	estados	0.013571
os	números	0.012148
os	serviços	0.012053
os	primeiros	0.011388
os	resultados	0.011388
os	valores	0.011104
os	agentes	0.011009
os	preços	0.010534
os	mais	0.010155
os	outros	0.009965
os	jogadores	0.009680
os	três	0.009395
os	que	0.009301
os	recursos	0.008826
os	alunos	0.008636
os	pais	0.008636
os	fãs	0.008541
os	interessados	0.008541
os	trabalhos	0.008446
os	jogos	0.008446
os	jovens	0.008162
os	países	0.008067
os	demais	0.007972
os	principais	0.007877
os	novos	0.007877
os	profissionais	0.007687
os	casos	0.007497
os	trabalhadores	0.007402
os	clientes	0.007023
os	candidatos	0.007023
os	próximos	0.006928
os	nossos	0.006928
os	direitos	0.006833
os	problemas	0.006643
outra	pessoa	0.072614
outra	forma	0.043568
outra	coisa	0.039419
outra	vez	0.037344
outra	opção	0.029046
outra	mulher	0.022822
outra	e	0.016598
outra	para	0.012448
outra	empresa	0.012448
outra	que	0.012448
outra	equipe	0.012448
outra	novidade	0.012448
outra	ponta	0.012448
outra	dica	0.012448
outra	questão	0.010373
outra	em	0.010373
outra	metade	0.010373
outra	alternativa	0.010373
outra	mudança	0.010373
outra	ação	0.008299
outra	área	0.008299
outra	das	0.008299
outra	de	0.008299
outra	partida	0.008299
outra	é	0.008299
outra	cidade	0.008299
outra	parte	0.008299
outra	situação	0.008299
outra	a	0.008299
outra	informação	0.008299
outra	vítima	0.006224
outra	obra	0.006224
outra	o	0.006224
outra	dimensão	0.006224
outra	unidade	0.006224
outra	instituição	0.006224
outra	oportunidade	0.006224
outra	com	0.006224
outra	na	0.006224
outra	fonte	0.006224
outubro	de	0.257218
outubro	o	0.052493
outubro	e	0.047244
outubro	do	0.047244
outubro	a	0.041995
outubro	no	0.039370
outubro	com	0.031496
outubro	deste	0.031496
outubro	em	0.028871
outubro	rosa	0.023622
outubro	na	0.020997
outubro	quando	0.018373
outubro	um	0.018373
outubro	foi	0.015748
outubro	para	0.015748
outubro	das	0.013123
outubro	contra	0.010499
outubro	foram	0.010499
outubro	será	0.007874
outubro	mas	0.007874
outubro	também	0.007874
outubro	ficou	0.007874
outubro	está	0.007874
outubro	passado	0.007874
outubro	pelo	0.007874
p	p	0.177778
p	d	0.077778
p	morgan	0.066667
p	o	0.066667
p	global	0.044444
p	para	0.033333
p	em	0.033333
p	a	0.033333
p	da	0.033333
p	e	0.033333
padrões	de	0.307692
padrões	e	0.153846
padrões	da	0.128205
pagamentos	do	0.123810
pagamentos	de	0.114286
pagamentos	e	0.076190
pagamentos	em	0.057143
pagamentos	dos	0.057143
pagamentos	por	0.047619
pagamentos	que	0.047619
pagamentos	online	0.028571
palavra	de	0.171053
palavra	para	0.092105
palavra	que	0.065789
palavra	é	0.052632
palavra	final	0.039474
palavra	sobre	0.039474
palco	do	0.194118
palco	de	0.141176
palco	da	0.094118
palco	para	0.064706
palco	o	0.035294
palco	e	0.035294
palco	a	0.035294
palco	principal	0.023529
palco	em	0.023529
palco	dos	0.017647
palco	no	0.017647
palco	com	0.017647
palácio	do	0.568966
palácio	da	0.189655
palácio	de	0.129310
palácio	dos	0.043103
par	de	0.305556
par	romântico	0.111111
par	com	0.111111
par	do	0.083333
para	o	0.151851
para	a	0.142630
para	os	0.045529
para	que	0.042882
para	as	0.030088
para	uma	0.014294
para	um	0.013544
para	se	0.013456
para	quem	0.011515
para	fazer	0.010588
para	ser	0.009529
para	garantir	0.008647
para	todos	0.008559
para	evitar	0.007544
para	não	0.006176
para	isso	0.006044
para	dar	0.005515
para	tentar	0.005073
para	atender	0.005029
para	ter	0.004853
para	mim	0.004765
para	ele	0.004632
para	ajudar	0.004544
para	cada	0.004103
para	receber	0.003926
para	pessoas	0.003882
para	mais	0.003397
para	realizar	0.003353
para	casa	0.003309
para	r	0.003309
para	participar	0.003309
para	além	0.003309
para	manter	0.003265
para	saber	0.003044
para	este	0.003044
para	ver	0.003000
para	conseguir	0.003000
para	melhorar	0.002956
para	aqueles	0.002912
para	nós	0.002868
param	de	0.400000
param	por	0.300000
paraíso	para	0.115385
paraíso	e	0.115385
parceiro	de	0.225806
parede	e	0.160000
parede	de	0.120000
parede	para	0.120000
parem	de	0.625000
parentes	de	0.179487
parentes	e	0.102564
parentes	dos	0.102564
parou	de	0.230769
parou	em	0.115385
parou	no	0.096154
parou	o	0.096154
parou	para	0.096154
parou	por	0.057692
particularmente	o	0.093750
particularmente	em	0.093750
particularmente	importante	0.093750
passes	e	0.222222
passes	para	0.166667
passo	para	0.169492
passo	a	0.141243
passo	que	0.118644
passo	é	0.073446
passo	importante	0.050847
passo	em	0.039548
passo	de	0.028249
passo	da	0.028249
passo	na	0.022599
passo	à	0.016949
passo	o	0.016949
passo	por	0.016949
passo	será	0.016949
pastor	da	0.111111
pastor	em	0.083333
patrulha	escolar	0.210526
patrulha	maria	0.210526
pausa	e	0.176471
pausa	para	0.147059
pausa	na	0.147059
pausa	de	0.088235
país	e	0.095398
país	que	0.053872
país	em	0.046016
país	a	0.044893
país	de	0.039282
país	com	0.039282
país	o	0.025814
país	não	0.024691
país	para	0.022447
país	é	0.022447
país	está	0.021324
país	vizinho	0.021324
país	no	0.020202
país	como	0.015713
país	por	0.013468
país	na	0.013468
país	do	0.013468
país	tem	0.013468
país	onde	0.012346
país	mais	0.011223
país	mas	0.010101
país	da	0.010101
país	ao	0.008979
país	se	0.008979
país	até	0.008979
país	já	0.007856
país	ou	0.007856
país	foi	0.006734
país	incluindo	0.006734
país	nos	0.006734
país	disse	0.005612
país	tinha	0.005612
país	além	0.005612
país	pode	0.005612
país	enquanto	0.005612
país	também	0.005612
país	precisa	0.005612
país	neste	0.004489
país	desde	0.004489
país	possui	0.004489
pedem	para	0.148148
pedem	que	0.148148
pedem	o	0.111111
pedro	e	0.117188
pedro	ii	0.062500
pedro	henrique	0.054688
pedro	de	0.046875
pedro	da	0.039062
pedro	i	0.031250
pedro	passos	0.031250
pedro	a	0.023438
pedro	que	0.023438
pedro	é	0.023438
pedro	miguel	0.023438
pega	o	0.233333
pega	de	0.133333
pega	no	0.100000
pegar	o	0.181818
pegar	um	0.155844
pegar	a	0.077922
pegar	uma	0.051948
pegar	as	0.051948
pegar	os	0.051948
pegar	na	0.038961
pela	primeira	0.074514
pela	polícia	0.056156
pela	justiça	0.023038
pela	empresa	0.019798
pela	internet	0.016919
pela	equipe	0.016559
pela	frente	0.016559
pela	câmara	0.014759
pela	sua	0.014399
pela	lei	0.012959
pela	manhã	0.012599
pela	agência	0.012239
pela	universidade	0.011879
pela	organização	0.011159
pela	associação	0.010079
pela	defesa	0.008999
pela	qual	0.008999
pela	própria	0.008639
pela	comissão	0.008639
pela	terceira	0.008279
pela	população	0.007919
pela	união	0.007919
pela	direita	0.007559
pela	rua	0.007199
pela	fundação	0.007199
pela	cidade	0.006839
pela	rússia	0.006479
pela	plataforma	0.006479
pela	segunda	0.006479
pela	morte	0.006120
pela	família	0.005760
pela	comunidade	0.005760
pela	gestão	0.005760
pela	caixa	0.005760
pela	falta	0.005760
pela	esquerda	0.005760
pela	qualidade	0.005760
pela	quarta	0.005400
pela	rede	0.005040
pela	vida	0.005040
pelotão	de	0.800000
pena	de	0.267974
pena	em	0.039216
pena	que	0.039216
pena	e	0.032680
pena	é	0.032680
pena	ser	0.026144
pena	para	0.026144
pena	investir	0.026144
pena	no	0.019608
pena	o	0.019608
pena	pelo	0.019608
pena	do	0.019608
pena	ter	0.019608
penas	de	0.161290
penas	que	0.129032
penas	podem	0.096774
penas	e	0.096774
pensar	em	0.182540
pensar	que	0.166667
pensar	no	0.103175
pensar	e	0.047619
pensar	na	0.047619
pensar	sobre	0.039683
pensar	nas	0.031746
pensar	o	0.031746
pensar	nos	0.023810
pensar	a	0.023810
pensar	para	0.023810
penso	que	0.666667
pequena	cidade	0.120370
pequena	área	0.083333
pequena	quantidade	0.064815
pequena	ilha	0.046296
pequena	mas	0.037037
pequena	aldeia	0.027778
pequena	empresa	0.027778
pequena	de	0.027778
pequena	maria	0.027778
pequena	e	0.027778
pequeno	e	0.071429
pequeno	número	0.040816
pequeno	grupo	0.040816
pequeno	almoço	0.040816
pequeno	a	0.030612
pequeno	médio	0.030612
pequeno	o	0.030612
percebe	que	0.419355
percebe	se	0.225806
percebe	o	0.096774
percebeu	que	0.520833
percebeu	a	0.125000
percebeu	o	0.125000
perdeu	o	0.206731
perdeu	a	0.163462
perdeu	para	0.081731
perdeu	por	0.057692
perdeu	um	0.038462
perdeu	sua	0.028846
perdeu	uma	0.028846
perdeu	de	0.019231
perdeu	apenas	0.014423
perdeu	as	0.014423
perdeu	dois	0.014423
perdeu	na	0.014423
perdeu	em	0.014423
perdi	meu	0.214286
perdi	tudo	0.214286
perdida	no	0.187500
perdido	o	0.142857
perdido	a	0.095238
perfil	de	0.212121
perfil	do	0.106061
perfil	oficial	0.098485
perfil	no	0.068182
perfil	da	0.068182
perfil	e	0.045455
perfil	com	0.030303
perfil	das	0.030303
perfil	na	0.030303
perfil	falso	0.030303
perfil	mais	0.022727
perguntar	se	0.238095
perguntas	que	0.200000
perguntas	e	0.100000
perguntas	sobre	0.080000
perguntas	de	0.060000
perguntou	se	0.193548
perguntou	a	0.129032
perigosa	e	0.333333
permanece	na	0.116667
permanece	em	0.100000
permanece	como	0.100000
permanece	no	0.083333
permanece	com	0.083333
permanece	sob	0.050000
permissão	para	0.619048
permissão	de	0.190476
peru	e	0.142857
peru	a	0.114286
peru	para	0.085714
peru	em	0.085714
pessoal	e	0.169591
pessoal	de	0.146199
pessoal	do	0.076023
pessoal	da	0.070175
pessoal	que	0.064327
pessoal	com	0.040936
pessoal	para	0.035088
pessoal	o	0.023392
pessoal	mas	0.023392
pessoal	os	0.017544
pessoal	em	0.017544
pessoal	está	0.017544
pessoal	não	0.017544
pessoal	no	0.017544
pessoalmente	na	0.153846
petróleo	e	0.144444
petróleo	em	0.077778
petróleo	gás	0.077778
petróleo	da	0.066667
petróleo	nos	0.055556
petróleo	na	0.055556
petróleo	do	0.033333
petróleo	que	0.033333
pilha	de	1.000000
pior	do	0.111111
pior	momento	0.055556
pior	que	0.055556
pior	e	0.046296
pior	desempenho	0.046296
pior	cenário	0.037037
pior	dos	0.037037
pior	de	0.027778
pior	das	0.027778
pior	é	0.027778
piso	nacional	0.150000
piso	do	0.133333
piso	da	0.133333
piso	l	0.066667
piso	é	0.050000
piso	de	0.050000
pistas	sobre	0.250000
pistas	de	0.107143
pobreza	ou	0.194444
pobreza	e	0.166667
pobreza	são	0.083333
poderia	ser	0.248227
poderia	ter	0.187943
poderia	estar	0.039007
poderia	fazer	0.031915
poderia	acontecer	0.024823
poderia	imaginar	0.014184
poderia	ajudar	0.014184
poderia	dar	0.014184
poderia	causar	0.014184
poderia	faltar	0.010638
poderia	funcionar	0.010638
poderia	haver	0.010638
poderia	deixar	0.010638
poderia	sair	0.010638
poderia	se	0.010638
poderia	levar	0.010638
poderosa	para	0.235294
poderíamos	ter	0.210526
podia	ser	0.147059
podia	ter	0.088235
podia	fazer	0.073529
podia	ver	0.058824
podia	dar	0.058824
podia	estar	0.044118
pois	o	0.101562
pois	a	0.082031
pois	não	0.056641
pois	é	0.046875
pois	os	0.035156
pois	isso	0.023438
pois	as	0.021484
pois	há	0.015625
pois	eu	0.015625
pois	ele	0.015625
pois	ela	0.013672
pois	já	0.013672
pois	foi	0.013672
pois	assim	0.013672
pois	se	0.013672
pois	são	0.013672
pois	para	0.009766
pois	com	0.009766
pois	ainda	0.009766
pois	eles	0.009766
pois	muitas	0.009766
pois	em	0.009766
pois	bem	0.009766
pois	vai	0.007812
pois	pode	0.007812
pois	havia	0.007812
pois	sem	0.007812
pois	essa	0.007812
pois	de	0.007812
pois	por	0.005859
pois	será	0.005859
pois	está	0.005859
pois	seu	0.005859
pois	estamos	0.005859
pois	precisam	0.005859
pois	estava	0.005859
pois	sei	0.005859
pois	quando	0.005859
pois	caso	0.005859
pois	tem	0.005859
polícia	militar	0.277129
polícia	civil	0.272120
polícia	federal	0.106845
polícia	de	0.031720
polícia	o	0.020033
polícia	e	0.016694
polícia	que	0.015860
polícia	científica	0.013356
polícia	para	0.013356
polícia	do	0.013356
polícia	a	0.010017
polícia	foi	0.009182
polícia	no	0.007513
polícia	na	0.007513
polícia	por	0.006678
polícia	os	0.005843
polícia	nacional	0.005843
polícia	da	0.005843
polícia	encontrou	0.005843
polícia	já	0.005843
polícia	as	0.005008
polícia	está	0.005008
polícia	ainda	0.005008
polícia	ele	0.005008
polícia	em	0.005008
polícia	é	0.004174
polícia	técnica	0.004174
polícia	não	0.004174
polícia	após	0.003339
polícia	local	0.003339
polícia	teve	0.002504
polícia	alemã	0.002504
polícia	disse	0.002504
polícia	onde	0.002504
polícias	civil	0.243902
polícias	militar	0.097561
polícias	do	0.097561
polícias	de	0.073171
polícias	e	0.073171
polícias	que	0.073171
porque	a	0.108817
porque	o	0.091342
porque	não	0.077840
porque	é	0.049245
porque	ela	0.032566
porque	eu	0.026211
porque	os	0.025417
porque	ele	0.023828
porque	foi	0.019063
porque	se	0.017474
porque	as	0.015886
porque	isso	0.011914
porque	está	0.011120
porque	tem	0.011120
porque	no	0.010326
porque	há	0.009531
porque	já	0.008737
porque	eles	0.008737
porque	na	0.008737
porque	são	0.008737
porque	pode	0.007943
porque	quando	0.007943
porque	segundo	0.007149
porque	estamos	0.007149
porque	todos	0.006354
porque	elas	0.006354
porque	era	0.005560
porque	nós	0.005560
porque	um	0.004766
porque	com	0.004766
porque	sempre	0.004766
porque	você	0.004766
porque	em	0.004766
porque	temos	0.004766
porque	ainda	0.003971
porque	ao	0.003971
porque	só	0.003971
porque	nos	0.003971
porque	muitas	0.003971
porque	quer	0.003971
portas	e	0.132653
portas	de	0.122449
portas	abertas	0.091837
portas	para	0.091837
portas	da	0.061224
portas	do	0.061224
portas	em	0.051020
portas	a	0.030612
portas	fechadas	0.030612
porto	alegre	0.177606
porto	de	0.142857
porto	e	0.065637
porto	velho	0.065637
porto	seguro	0.042471
porto	rico	0.034749
porto	em	0.034749
porto	do	0.023166
porto	a	0.019305
porto	com	0.015444
porto	da	0.015444
porto	das	0.011583
porto	na	0.011583
porto	não	0.011583
possam	ser	0.143713
possam	se	0.101796
possam	ter	0.095808
possam	ajudar	0.035928
possam	vir	0.029940
possam	surgir	0.029940
possam	fazer	0.029940
possam	auxiliar	0.023952
possam	nos	0.017964
possam	chegar	0.017964
posto	de	0.545455
posto	da	0.066116
posto	e	0.049587
posto	que	0.041322
posto	na	0.024793
posto	em	0.024793
posto	digital	0.024793
prata	e	0.222222
prata	no	0.088889
prata	da	0.066667
prata	na	0.066667
praça	de	0.201342
praça	da	0.187919
praça	do	0.147651
praça	dos	0.114094
praça	são	0.026846
praça	é	0.026846
praça	santos	0.020134
precisamos	de	0.240000
precisamos	ter	0.060000
precisamos	estar	0.040000
precisamos	fazer	0.033333
precisamos	nos	0.033333
precisamos	entender	0.026667
precisamos	que	0.026667
precisamos	dar	0.020000
precisamos	do	0.020000
preciso	ter	0.101227
preciso	que	0.088957
preciso	fazer	0.042945
preciso	de	0.030675
preciso	saber	0.021472
preciso	entender	0.021472
preciso	dizer	0.018405
preciso	estar	0.015337
preciso	ser	0.015337
preciso	considerar	0.015337
preciso	pensar	0.015337
preciso	mais	0.012270
preciso	reconhecer	0.012270
preciso	para	0.012270
preciso	e	0.012270
preciso	da	0.012270
preciso	pagar	0.012270
preciso	lembrar	0.012270
preciso	conhecer	0.012270
preciso	ir	0.012270
preciso	compreender	0.009202
preciso	acrescentar	0.009202
preciso	trabalhar	0.009202
preciso	levar	0.009202
preciso	manter	0.009202
preciso	uma	0.009202
preciso	apresentar	0.009202
preciso	aproveitar	0.009202
preciso	contar	0.009202
preciso	criar	0.009202
preciso	seguir	0.009202
preocupa	com	0.210526
preocupa	os	0.157895
preocupar	com	0.476190
preparados	para	0.656250
preparados	com	0.093750
presos	em	0.153846
presos	na	0.094017
presos	por	0.085470
presos	e	0.076923
presos	no	0.042735
presos	que	0.034188
presos	pela	0.034188
presos	pelos	0.025641
presos	do	0.025641
presos	pelo	0.025641
presos	foram	0.025641
presos	estão	0.025641
presos	nesta	0.025641
presos	políticos	0.025641
pressionar	o	0.304348
pressionar	a	0.173913
prestar	atenção	0.125000
prestar	depoimento	0.111111
prestar	socorro	0.083333
prestar	serviços	0.069444
prestar	contas	0.069444
prestar	a	0.055556
prestar	uma	0.041667
prestar	o	0.041667
prestar	os	0.041667
preta	gil	0.219178
preta	e	0.123288
preta	com	0.068493
preta	que	0.054795
preta	em	0.054795
pretos	e	0.666667
princípio	de	0.135802
princípio	da	0.135802
princípio	a	0.098765
princípio	não	0.061728
princípio	do	0.037037
prisões	em	0.151515
prisões	foram	0.121212
prisões	de	0.090909
prisões	e	0.090909
prisões	são	0.090909
privacidade	e	0.177778
privacidade	da	0.088889
privacidade	dos	0.088889
privacidade	de	0.066667
privacidade	das	0.066667
privacidade	para	0.066667
problemas	de	0.210526
problemas	com	0.087719
problemas	que	0.080702
problemas	na	0.056140
problemas	e	0.056140
problemas	para	0.042105
problemas	como	0.035088
problemas	do	0.028070
problemas	da	0.024561
problemas	no	0.024561
problemas	em	0.024561
problemas	o	0.021053
problemas	mas	0.017544
problemas	sociais	0.017544
problemas	ou	0.014035
problemas	são	0.014035
problemas	pessoais	0.014035
problemas	nas	0.010526
problemas	mais	0.010526
problemas	estão	0.010526
problemas	familiares	0.010526
problemas	dos	0.010526
procedimento	de	0.225490
procedimento	para	0.098039
procedimento	é	0.068627
procedimento	que	0.039216
procedimento	foi	0.039216
procedimento	no	0.029412
produtor	de	0.190476
produtor	e	0.166667
produção	de	0.357647
produção	e	0.080000
produção	da	0.040000
produção	do	0.040000
produção	industrial	0.032941
produção	em	0.028235
produção	das	0.023529
produção	é	0.021176
produção	dos	0.018824
produção	nacional	0.018824
produção	para	0.016471
produção	que	0.016471
produção	com	0.014118
produção	no	0.014118
produção	a	0.011765
produção	foi	0.009412
produção	na	0.009412
produção	não	0.007059
produção	local	0.007059
produção	mais	0.007059
produção	dessa	0.007059
professores	e	0.181159
professores	que	0.101449
professores	de	0.086957
professores	da	0.050725
professores	para	0.043478
professores	em	0.036232
professores	com	0.028986
professores	são	0.028986
professores	mas	0.021739
professores	estão	0.021739
profunda	tristeza	0.142857
profunda	que	0.107143
programa	de	0.242091
programa	que	0.048143
programa	do	0.030261
programa	nacional	0.030261
programa	e	0.028886
programa	é	0.023384
programa	bolsa	0.022008
programa	da	0.020633
programa	para	0.019257
programa	em	0.017882
programa	social	0.016506
programa	mais	0.015131
programa	tem	0.012380
programa	foi	0.012380
programa	a	0.011004
programa	minha	0.011004
programa	na	0.009629
programa	também	0.009629
programa	no	0.009629
programa	está	0.009629
programa	com	0.008253
programa	municipal	0.008253
programa	ao	0.008253
programa	universidade	0.006878
programa	jovem	0.006878
programa	o	0.006878
programa	será	0.006878
programa	the	0.005502
programa	das	0.005502
programa	por	0.005502
programa	oferece	0.005502
programa	vai	0.005502
programa	não	0.005502
programa	mulheres	0.004127
programa	faz	0.004127
programa	especial	0.004127
programa	irá	0.004127
programa	uma	0.004127
programa	já	0.004127
programa	se	0.004127
progresso	e	0.148148
progresso	da	0.148148
progresso	em	0.111111
promessa	de	0.555556
promessa	é	0.066667
promessa	do	0.066667
proposta	de	0.249344
proposta	do	0.110236
proposta	é	0.062992
proposta	que	0.041995
proposta	da	0.041995
proposta	pelo	0.034121
proposta	para	0.034121
proposta	não	0.023622
proposta	a	0.020997
proposta	e	0.020997
proposta	em	0.018373
proposta	foi	0.018373
proposta	pela	0.015748
proposta	por	0.015748
proposta	busca	0.013123
proposta	se	0.010499
proposta	ainda	0.010499
proposta	no	0.010499
proposta	está	0.007874
proposta	já	0.007874
proposta	segue	0.007874
proposta	também	0.007874
proposta	tem	0.007874
proposta	oficial	0.007874
propriedades	que	0.157895
proprietário	da	0.263158
proprietário	do	0.228070
proprietário	de	0.087719
proprietário	que	0.052632
protegido	pela	0.272727
proteção	de	0.116592
proteção	da	0.089686
proteção	civil	0.085202
proteção	e	0.080717
proteção	dos	0.080717
proteção	à	0.076233
proteção	do	0.067265
proteção	das	0.053812
proteção	contra	0.053812
proteção	social	0.035874
proteção	aos	0.035874
proteção	ao	0.031390
proteção	que	0.017937
proteção	para	0.017937
proteção	às	0.017937
proteção	na	0.013453
protocolo	de	0.351351
protocolo	e	0.081081
protocolo	da	0.081081
provas	de	0.150376
provas	do	0.082707
provas	e	0.060150
provas	dos	0.045113
provas	da	0.045113
provas	que	0.045113
provas	no	0.037594
provas	para	0.030075
provas	a	0.030075
provas	sobre	0.022556
provas	em	0.022556
provas	o	0.022556
provas	serão	0.022556
prática	de	0.238754
prática	do	0.065744
prática	a	0.055363
prática	e	0.051903
prática	o	0.048443
prática	que	0.031142
prática	é	0.027682
prática	em	0.027682
prática	os	0.027682
prática	da	0.020761
prática	com	0.020761
prática	dos	0.017301
prática	criminosa	0.017301
prática	ou	0.013841
prática	não	0.013841
prática	as	0.013841
prática	como	0.013841
prática	uma	0.013841
prática	no	0.010381
prática	um	0.010381
prática	isso	0.010381
publicidade	e	0.222222
publicidade	de	0.111111
pudessem	fazer	0.200000
pudessem	ser	0.200000
pó	branco	0.120000
pó	e	0.120000
público	e	0.092857
público	do	0.066667
público	de	0.063095
público	que	0.054762
público	para	0.048810
público	com	0.039286
público	em	0.035714
público	federal	0.033333
público	a	0.032143
público	da	0.026190
público	alvo	0.022619
público	no	0.020238
público	o	0.020238
público	se	0.016667
público	não	0.015476
público	é	0.014286
público	na	0.013095
público	poderá	0.010714
público	pode	0.009524
público	por	0.009524
público	municipal	0.008333
público	presente	0.008333
público	ou	0.008333
público	estadual	0.008333
público	vai	0.008333
público	pela	0.007143
público	privada	0.007143
público	até	0.005952
público	também	0.005952
público	infantil	0.005952
público	foi	0.005952
público	mais	0.005952
público	uma	0.004762
público	ao	0.004762
público	nos	0.004762
público	mas	0.004762
público	muito	0.004762
público	junto	0.004762
público	feminino	0.004762
público	já	0.004762
qualquer	tipo	0.081633
qualquer	pessoa	0.058085
qualquer	outro	0.045526
qualquer	um	0.042386
qualquer	momento	0.040816
qualquer	forma	0.039246
qualquer	coisa	0.039246
qualquer	outra	0.031397
qualquer	lugar	0.021978
qualquer	hora	0.012559
qualquer	informação	0.010989
qualquer	situação	0.009419
qualquer	empresa	0.009419
qualquer	maneira	0.007849
qualquer	cidadão	0.007849
qualquer	modo	0.007849
qualquer	ação	0.007849
qualquer	chance	0.007849
qualquer	que	0.007849
qualquer	relação	0.006279
qualquer	custo	0.006279
qualquer	valor	0.006279
qualquer	dos	0.006279
qualquer	medida	0.006279
qualquer	decisão	0.006279
qualquer	movimento	0.006279
qualquer	espaço	0.006279
qualquer	efeito	0.004710
qualquer	dispositivo	0.004710
qualquer	área	0.004710
qualquer	possibilidade	0.004710
qualquer	idade	0.004710
qualquer	envolvimento	0.004710
qualquer	negócio	0.004710
qualquer	tentativa	0.004710
qualquer	procedimento	0.004710
qualquer	acordo	0.004710
qualquer	dúvida	0.004710
qualquer	produto	0.004710
qualquer	uma	0.004710
quantas	vezes	0.458333
quantas	pessoas	0.250000
quantidade	de	0.737374
quantidade	e	0.030303
quantidade	suficiente	0.020202
quantidade	maior	0.020202
quantidade	que	0.015152
quartel	general	0.366667
quartel	do	0.166667
quartel	da	0.100000
quartos	de	0.258065
quartos	e	0.193548
quase	r	0.060194
quase	mil	0.056311
quase	todos	0.054369
quase	um	0.044660
quase	metade	0.040777
quase	anos	0.038835
quase	milhões	0.033010
quase	três	0.031068
quase	dois	0.029126
quase	todo	0.029126
quase	que	0.025243
quase	o	0.025243
quase	sempre	0.023301
quase	não	0.019417
quase	do	0.017476
quase	todas	0.017476
quase	em	0.015534
quase	toda	0.015534
quase	na	0.013592
quase	cinco	0.013592
quase	uma	0.013592
quase	nada	0.013592
quase	foi	0.011650
quase	seis	0.011650
quase	dez	0.009709
quase	duas	0.009709
quase	horas	0.009709
quase	das	0.009709
quase	da	0.009709
quase	sete	0.007767
quase	marcou	0.007767
quase	nunca	0.007767
quase	no	0.007767
quase	a	0.007767
quase	milhão	0.005825
quase	us	0.005825
quase	de	0.005825
quase	tudo	0.005825
quatro	anos	0.169415
quatro	meses	0.062969
quatro	dias	0.055472
quatro	pessoas	0.035982
quatro	pontos	0.026987
quatro	vezes	0.026987
quatro	jogos	0.023988
quatro	horas	0.017991
quatro	partidas	0.017991
quatro	homens	0.016492
quatro	crianças	0.014993
quatro	a	0.014993
quatro	décadas	0.014993
quatro	semanas	0.014993
quatro	filhos	0.011994
quatro	minutos	0.011994
quatro	melhores	0.011994
quatro	de	0.011994
quatro	linhas	0.010495
quatro	primeiros	0.010495
quatro	mil	0.010495
quatro	milhões	0.008996
quatro	dezenas	0.008996
quatro	das	0.008996
quatro	mulheres	0.007496
quatro	estrelas	0.007496
quatro	jogadores	0.007496
quatro	estados	0.007496
quatro	ou	0.007496
quatro	e	0.005997
quatro	suspeitos	0.005997
quatro	dos	0.005997
quatro	novas	0.005997
quatro	cinco	0.005997
quatro	rodas	0.005997
quatro	do	0.005997
quatro	unidades	0.004498
quatro	grupos	0.004498
quatro	da	0.004498
quatro	armas	0.004498
quebrar	o	0.310345
quebrar	a	0.206897
quebrar	as	0.103448
queijo	e	0.250000
quentes	e	0.156250
quentes	do	0.125000
quentes	de	0.125000
quentes	da	0.093750
querer	se	0.065574
querer	me	0.049180
questionar	a	0.218750
questionar	se	0.218750
questionar	o	0.093750
questões	de	0.270073
questões	que	0.145985
questões	sobre	0.109489
questões	da	0.043796
questões	como	0.036496
questões	sociais	0.029197
questões	do	0.021898
questões	das	0.021898
questões	políticas	0.021898
questões	técnicas	0.021898
questões	e	0.021898
questões	pessoais	0.021898
quilómetros	de	0.333333
quilómetros	da	0.156863
quilómetros	e	0.058824
quilómetros	do	0.058824
quilómetros	a	0.058824
químicos	e	0.285714
r	milhões	0.292370
r	mil	0.248107
r	para	0.049505
r	por	0.047758
r	e	0.040186
r	milhão	0.036692
r	em	0.032615
r	a	0.032615
r	no	0.019802
r	o	0.013395
r	com	0.008154
r	de	0.008154
r	na	0.007571
r	que	0.006407
r	meia	0.005824
r	cada	0.005824
r	reais	0.005824
r	inteira	0.004659
r	ou	0.004077
r	r	0.004077
r	é	0.004077
r	ao	0.003494
r	além	0.003494
r	mas	0.002912
r	segundo	0.002912
r	até	0.002912
r	mais	0.002330
r	como	0.002330
r	pelo	0.002330
r	um	0.002330
r	enquanto	0.002330
r	aos	0.001747
r	nos	0.001747
r	do	0.001747
r	uma	0.001747
r	também	0.001747
r	b	0.001747
r	após	0.001747
r	via	0.001747
r	serão	0.001747
raio	x	0.500000
raio	de	0.222222
raiva	e	0.129032
raiva	é	0.096774
rapidamente	e	0.148936
rapidamente	possível	0.074468
rapidamente	a	0.063830
rapidamente	para	0.053191
rapidamente	o	0.053191
rapidamente	ao	0.042553
rapidamente	em	0.031915
rapidamente	os	0.031915
rapidamente	com	0.031915
razoável	e	0.142857
razoável	que	0.142857
razoável	para	0.142857
realidade	que	0.087500
realidade	de	0.087500
realidade	e	0.081250
realidade	do	0.068750
realidade	é	0.056250
realidade	da	0.037500
realidade	não	0.037500
realidade	a	0.031250
realidade	no	0.031250
realidade	o	0.031250
realidade	social	0.031250
realidade	das	0.025000
realidade	dos	0.025000
realidade	porém	0.018750
realidade	em	0.018750
realizar	o	0.194357
realizar	a	0.156740
realizar	uma	0.090909
realizar	um	0.084639
realizar	as	0.028213
realizar	os	0.021944
realizar	se	0.018809
realizar	suas	0.015674
realizar	seus	0.015674
realizar	exames	0.015674
realizar	mais	0.012539
realizar	alguns	0.012539
realizar	pesquisas	0.012539
realizar	em	0.009404
realizar	obras	0.009404
realizar	esse	0.009404
realizar	visitas	0.009404
realizar	novas	0.009404
realizar	e	0.009404
realizar	esta	0.009404
realizar	ações	0.009404
realizar	eventos	0.009404
realizar	seu	0.009404
realizar	tarefas	0.009404
reação	do	0.148148
reação	de	0.129630
reação	da	0.111111
reação	mas	0.074074
reação	dos	0.074074
reação	foi	0.055556
reação	e	0.055556
receberam	o	0.169811
receberam	a	0.141509
receberam	um	0.047170
receberam	os	0.037736
receberam	informações	0.037736
receberam	alta	0.037736
receberam	r	0.028302
receberam	mais	0.028302
receberam	bem	0.028302
receio	de	0.411765
reclamar	a	0.250000
recompensa	de	0.333333
recompensa	pelo	0.250000
recuperar	o	0.126437
recuperar	a	0.126437
recuperar	as	0.057471
recuperar	e	0.057471
recuperar	os	0.045977
recuperar	em	0.045977
recuperar	áreas	0.034483
recuperar	se	0.034483
recuperar	seus	0.034483
recurso	que	0.079365
recurso	para	0.063492
recurso	de	0.052910
recurso	a	0.042328
recurso	da	0.042328
recurso	do	0.037037
recurso	é	0.026455
recurso	será	0.026455
recurso	em	0.026455
recurso	e	0.026455
recurso	no	0.026455
recurso	especial	0.021164
recurso	foi	0.015873
recurso	contra	0.015873
recurso	também	0.015873
recurso	valioso	0.015873
recurso	extraordinário	0.015873
recurso	à	0.015873
recurso	ao	0.015873
recurso	os	0.015873
recurso	pode	0.015873
recurso	público	0.015873
recurso	já	0.015873
recusa	a	0.217391
recusa	do	0.130435
recusar	a	0.571429
recusou	a	0.552632
recusou	o	0.078947
reduzir	o	0.300000
reduzir	a	0.284211
reduzir	as	0.100000
reduzir	os	0.100000
reduzir	em	0.026316
reduzir	custos	0.021053
reduzir	riscos	0.021053
reduzir	esse	0.015789
reduzir	para	0.015789
reduzir	e	0.015789
refere	a	0.158416
refere	se	0.148515
refere	que	0.128713
refere	à	0.108911
refere	ao	0.108911
refere	o	0.099010
refere	às	0.059406
refere	aos	0.039604
refere	ainda	0.029703
referência	para	0.107955
referência	em	0.102273
referência	no	0.073864
referência	a	0.068182
referência	na	0.068182
referência	ao	0.062500
referência	de	0.062500
referência	à	0.056818
referência	da	0.045455
referência	e	0.039773
referência	nacional	0.039773
referência	aos	0.039773
referência	o	0.017045
referência	do	0.017045
referência	r	0.017045
referência	que	0.017045
refugiados	de	0.181818
refugiados	e	0.181818
refugiados	da	0.121212
refúgio	em	0.285714
regresso	ao	0.206897
regresso	do	0.137931
regresso	de	0.137931
regresso	da	0.103448
regresso	a	0.103448
relatórios	de	0.400000
relatórios	do	0.120000
relaxar	e	0.375000
remoto	para	0.230769
representar	a	0.245902
representar	o	0.180328
representar	uma	0.098361
representar	um	0.049180
representar	do	0.049180
repórter	da	0.194444
repórter	que	0.138889
repórter	do	0.111111
repórter	e	0.083333
resistência	e	0.135593
resistência	à	0.101695
resistência	do	0.101695
resistência	de	0.084746
resistência	dos	0.050847
resistência	no	0.050847
resolve	os	0.166667
respirar	e	0.375000
respirar	fundo	0.375000
responde	por	0.148148
responde	que	0.129630
responde	a	0.111111
responde	ao	0.055556
responsáveis	pela	0.263473
responsáveis	por	0.209581
responsáveis	pelo	0.113772
responsáveis	pelas	0.071856
responsáveis	e	0.053892
responsáveis	pelos	0.041916
responsáveis	devem	0.029940
responsáveis	para	0.017964
responsáveis	sejam	0.017964
responsáveis	da	0.017964
restos	mortais	0.380952
restos	de	0.333333
restos	do	0.142857
resultados	de	0.093264
resultados	da	0.088083
resultados	do	0.077720
resultados	e	0.056995
resultados	no	0.046632
resultados	que	0.041451
resultados	das	0.036269
resultados	a	0.031088
resultados	o	0.025907
resultados	finais	0.020725
resultados	para	0.020725
resultados	vão	0.015544
resultados	oficiais	0.015544
resultados	com	0.015544
resultados	deste	0.015544
resultados	dos	0.015544
resultados	são	0.015544
resíduos	de	0.125000
resíduos	que	0.125000
resíduos	e	0.093750
resíduos	no	0.093750
revistas	e	0.285714
rico	e	0.171429
rico	que	0.114286
rico	em	0.114286
rico	do	0.085714
rim	e	0.500000
ritual	de	0.500000
rock	in	0.206897
rock	e	0.189655
rock	do	0.068966
rock	n	0.051724
roma	e	0.097561
roma	na	0.097561
rosto	de	0.151515
rosto	do	0.121212
rosto	e	0.106061
rosto	da	0.060606
rotina	de	0.340659
rotina	e	0.087912
rotina	da	0.054945
rotina	na	0.054945
rotina	no	0.043956
rotina	do	0.043956
rotina	dos	0.043956
rotina	quando	0.032967
rotina	escolar	0.032967
rouba	a	0.571429
sabedoria	e	0.416667
sabido	que	0.500000
saco	de	0.384615
saco	plástico	0.230769
sacos	de	1.000000
saia	de	0.240000
saia	do	0.120000
saia	com	0.120000
saibam	que	0.363636
sair	do	0.215909
sair	da	0.155303
sair	de	0.151515
sair	com	0.041667
sair	para	0.034091
sair	na	0.030303
sair	em	0.026515
sair	das	0.018939
sair	e	0.018939
sair	dos	0.015152
sair	daqui	0.015152
sair	à	0.015152
sair	no	0.011364
sair	dessa	0.011364
sair	por	0.011364
sair	correndo	0.011364
sair	bem	0.011364
saiu	de	0.141304
saiu	do	0.130435
saiu	da	0.114130
saiu	em	0.081522
saiu	na	0.059783
saiu	com	0.043478
saiu	aos	0.043478
saiu	para	0.043478
saiu	o	0.038043
saiu	no	0.027174
saiu	um	0.016304
saiu	a	0.016304
saiu	correndo	0.016304
saiu	mais	0.016304
saiu	sem	0.016304
salva	vidas	0.388889
santuário	de	0.300000
santuário	nacional	0.100000
santuário	nossa	0.100000
saudades	do	0.312500
saudades	de	0.312500
saudades	da	0.187500
saídas	de	0.333333
saídas	da	0.125000
saído	do	0.266667
saído	da	0.266667
saído	de	0.133333
seca	que	0.137255
seca	e	0.117647
seca	no	0.078431
seca	na	0.058824
seca	do	0.058824
seco	e	0.208333
secreto	de	0.260870
secreto	que	0.173913
secreto	para	0.130435
secreto	do	0.130435
sector	da	0.214286
sector	do	0.107143
sector	privado	0.107143
seguem	com	0.095745
seguem	em	0.095745
seguem	para	0.085106
seguem	até	0.074468
seguem	na	0.063830
seguem	a	0.063830
seguem	no	0.053191
seguem	o	0.031915
seguem	abertas	0.031915
seguem	disponíveis	0.031915
seguem	sem	0.031915
seguidos	de	0.214286
seguidos	sem	0.107143
seguir	a	0.090090
seguir	as	0.085586
seguir	em	0.085586
seguir	o	0.081081
seguir	para	0.076577
seguir	com	0.058559
seguir	um	0.045045
seguir	os	0.040541
seguir	e	0.027027
seguir	na	0.022523
seguir	continue	0.022523
seguir	trabalhando	0.018018
seguir	uma	0.018018
seguir	viagem	0.013514
seguir	essas	0.013514
seguir	ao	0.013514
seguir	conheça	0.013514
seguir	adiante	0.013514
seguir	no	0.013514
seguir	se	0.013514
seguir	rumo	0.013514
seguir	como	0.013514
seguiu	para	0.155844
seguiu	o	0.077922
seguiu	a	0.064935
seguiu	em	0.064935
seguiu	se	0.051948
seguiu	até	0.051948
seguiu	com	0.051948
seguiu	na	0.038961
segundo	a	0.248236
segundo	o	0.242009
segundo	ele	0.055625
segundo	tempo	0.042341
segundo	informações	0.034869
segundo	os	0.034039
segundo	dados	0.025322
segundo	ela	0.023661
segundo	as	0.022416
segundo	semestre	0.017435
segundo	lugar	0.017020
segundo	turno	0.015774
segundo	dia	0.010793
segundo	uma	0.009548
segundo	e	0.008717
segundo	mandato	0.007472
segundo	um	0.006227
segundo	ano	0.006227
segundo	maior	0.004566
segundo	especialistas	0.004566
segundo	colocado	0.004151
segundo	fontes	0.004151
segundo	plano	0.003736
segundo	pesquisa	0.003321
segundo	eles	0.002906
segundo	jogo	0.002491
segundo	distrito	0.002491
segundo	andar	0.002491
segundo	é	0.002491
segundo	filme	0.002076
segundo	mais	0.002076
segundo	familiares	0.002076
segundo	mês	0.001660
segundo	estado	0.001660
segundo	momento	0.001660
segundo	seu	0.001660
segundo	do	0.001660
segundo	cartão	0.001245
segundo	título	0.001245
segundo	filho	0.001245
segurança	pública	0.262069
segurança	e	0.097701
segurança	de	0.059770
segurança	do	0.056322
segurança	para	0.054023
segurança	da	0.054023
segurança	dos	0.029885
segurança	no	0.022989
segurança	alimentar	0.020690
segurança	que	0.017241
segurança	nacional	0.016092
segurança	na	0.016092
segurança	em	0.016092
segurança	das	0.016092
segurança	é	0.014943
segurança	aos	0.013793
segurança	social	0.013793
segurança	a	0.012644
segurança	nas	0.010345
segurança	não	0.008046
segurança	o	0.008046
segurança	ao	0.006897
segurança	privada	0.006897
segurança	como	0.005747
segurança	presente	0.005747
segurança	digital	0.004598
segurança	as	0.004598
segurança	dentro	0.003448
segurança	bem	0.003448
segurança	nos	0.003448
segurança	foram	0.003448
segurança	também	0.003448
segurança	mas	0.003448
segurança	saúde	0.003448
segurança	com	0.003448
sejam	mais	0.077670
sejam	eles	0.067961
sejam	as	0.067961
sejam	feitas	0.048544
sejam	os	0.048544
sejam	feitos	0.038835
sejam	de	0.038835
sejam	bem	0.029126
sejam	elas	0.029126
sem	a	0.054319
sem	o	0.035995
sem	que	0.028141
sem	dúvida	0.022906
sem	ter	0.020288
sem	qualquer	0.018325
sem	se	0.015052
sem	sucesso	0.011780
sem	precisar	0.011780
sem	vida	0.011780
sem	fins	0.011126
sem	autorização	0.009817
sem	ser	0.009817
sem	saber	0.009817
sem	contar	0.009162
sem	necessidade	0.009162
sem	falar	0.009162
sem	os	0.008508
sem	medo	0.008508
sem	nenhum	0.008508
sem	água	0.007853
sem	justa	0.007853
sem	querer	0.007199
sem	perder	0.007199
sem	deixar	0.007199
sem	fio	0.007199
sem	vencer	0.006545
sem	energia	0.006545
sem	pagar	0.006545
sem	dar	0.005890
sem	data	0.005890
sem	resposta	0.005890
sem	problemas	0.005890
sem	fazer	0.005890
sem	conseguir	0.005890
sem	abrigo	0.005236
sem	um	0.005236
sem	nenhuma	0.005236
sem	muito	0.005236
sem	as	0.005236
sementes	de	0.470588
sempre	foi	0.087948
sempre	que	0.062975
sempre	a	0.035831
sempre	o	0.030402
sempre	com	0.028230
sempre	é	0.027144
sempre	uma	0.022801
sempre	em	0.022801
sempre	me	0.019544
sempre	um	0.018458
sempre	no	0.017372
sempre	se	0.017372
sempre	muito	0.013029
sempre	teve	0.013029
sempre	fui	0.011944
sempre	às	0.010858
sempre	de	0.010858
sempre	os	0.010858
sempre	as	0.009772
sempre	por	0.008686
sempre	tem	0.008686
sempre	há	0.008686
sempre	na	0.008686
sempre	nos	0.008686
sempre	para	0.006515
sempre	são	0.006515
sempre	e	0.006515
sempre	gostei	0.006515
sempre	fez	0.005429
sempre	das	0.005429
sempre	da	0.005429
sempre	ao	0.005429
sempre	esteve	0.005429
sempre	vai	0.005429
sempre	importante	0.005429
sempre	acontece	0.005429
sempre	digo	0.005429
sempre	presente	0.004343
sempre	fiz	0.004343
sempre	foram	0.004343
sendo	que	0.136671
sendo	o	0.058187
sendo	um	0.054127
sendo	assim	0.051421
sendo	a	0.050068
sendo	uma	0.048714
sendo	de	0.017591
sendo	feito	0.014885
sendo	mais	0.013532
sendo	muito	0.013532
sendo	r	0.012179
sendo	os	0.010825
sendo	possível	0.010825
sendo	feitos	0.010825
sendo	duas	0.010825
sendo	em	0.010825
sendo	atingido	0.010825
sendo	necessário	0.009472
sendo	feita	0.008119
sendo	do	0.006766
sendo	feitas	0.006766
sendo	este	0.006766
sendo	dois	0.006766
sendo	três	0.006766
sendo	preparada	0.005413
sendo	tratado	0.005413
sendo	usados	0.005413
sendo	apenas	0.005413
sendo	por	0.005413
sendo	vítima	0.005413
sendo	delas	0.005413
sendo	eles	0.005413
sendo	então	0.005413
sendo	preso	0.005413
sendo	usada	0.004060
sendo	deles	0.004060
sendo	novamente	0.004060
sendo	esta	0.004060
sendo	acusado	0.004060
sendo	vítimas	0.004060
sensação	de	0.633803
sensação	é	0.056338
sensação	do	0.042254
sensação	que	0.042254
senso	de	0.470588
senso	comum	0.117647
senso	e	0.117647
sentença	que	0.177778
sentença	de	0.111111
sentença	em	0.088889
sentença	do	0.088889
sentença	o	0.066667
sentido	de	0.214545
sentido	da	0.054545
sentido	o	0.047273
sentido	contrário	0.036364
sentido	a	0.036364
sentido	para	0.032727
sentido	e	0.021818
sentido	que	0.021818
sentido	em	0.021818
sentido	é	0.018182
sentido	são	0.018182
sentido	centro	0.014545
sentido	com	0.014545
sentido	capital	0.014545
sentido	não	0.014545
sentido	os	0.014545
sentido	zona	0.010909
sentido	na	0.010909
sentido	histórico	0.010909
sentido	das	0.010909
sentido	à	0.010909
sentido	no	0.010909
sentido	as	0.010909
sentido	norte	0.010909
sentimento	de	0.566667
sentimento	é	0.100000
sentindo	se	0.148148
sentir	o	0.134021
sentir	se	0.072165
sentir	a	0.061856
sentir	como	0.041237
sentir	mais	0.041237
sentir	no	0.030928
sentir	que	0.030928
sentir	parte	0.030928
sentir	os	0.030928
sentir	muito	0.030928
separação	de	0.153846
separação	do	0.128205
separação	entre	0.102564
separação	e	0.102564
sequer	foi	0.068966
sequer	ter	0.051724
sequer	é	0.051724
sequer	um	0.051724
sequência	de	0.297143
sequência	da	0.062857
sequência	o	0.045714
sequência	do	0.028571
sequência	a	0.028571
sequência	dos	0.022857
sequência	foi	0.022857
sequência	das	0.022857
sequência	na	0.017143
sequência	em	0.017143
sequência	com	0.017143
sequência	aos	0.017143
seria	o	0.101176
seria	a	0.087059
seria	uma	0.084706
seria	um	0.072941
seria	de	0.054118
seria	possível	0.042353
seria	mais	0.032941
seria	muito	0.023529
seria	diferente	0.016471
seria	apenas	0.014118
seria	melhor	0.014118
seria	necessário	0.014118
seria	interessante	0.011765
seria	no	0.009412
seria	da	0.009412
seria	ótimo	0.009412
seria	tão	0.007059
seria	bom	0.007059
seria	legal	0.007059
seria	importante	0.007059
seria	com	0.007059
seria	usado	0.007059
seria	bem	0.007059
seria	ainda	0.007059
seria	por	0.007059
servidor	público	0.326923
servidor	do	0.134615
servidor	de	0.096154
servidor	da	0.076923
servidor	e	0.057692
servidor	a	0.057692
servir	de	0.322034
servir	como	0.169492
servir	o	0.084746
servir	para	0.050847
será	o	0.111821
será	a	0.087859
será	que	0.053514
será	um	0.051118
será	uma	0.043930
será	de	0.043131
será	possível	0.038339
será	feita	0.033546
será	no	0.032748
será	na	0.025559
será	necessário	0.019968
será	feito	0.019968
será	mais	0.018371
será	em	0.011981
será	pago	0.008786
será	aberta	0.007987
será	para	0.007987
será	preciso	0.007987
será	entregue	0.007188
será	muito	0.007188
será	às	0.006390
será	palco	0.006390
será	aberto	0.006390
será	contra	0.006390
será	capaz	0.005591
será	ainda	0.005591
será	neste	0.005591
será	com	0.005591
será	por	0.005591
será	importante	0.004792
será	levado	0.004792
será	usado	0.004792
será	enviado	0.004792
será	usada	0.004792
será	transferido	0.004792
será	nesta	0.004792
será	diferente	0.004792
será	sempre	0.004792
será	destinado	0.004792
será	bem	0.003994
sessão	de	0.212121
sessão	da	0.103030
sessão	desta	0.078788
sessão	do	0.072727
sessão	extraordinária	0.042424
sessão	foi	0.036364
sessão	no	0.036364
sessão	em	0.030303
sessão	o	0.030303
sessão	especial	0.024242
sessão	para	0.024242
sessão	com	0.024242
sessão	pública	0.018182
sessão	anterior	0.018182
sessão	mas	0.018182
setembro	de	0.256267
setembro	e	0.091922
setembro	a	0.055710
setembro	o	0.047354
setembro	do	0.038997
setembro	em	0.033426
setembro	deste	0.030641
setembro	com	0.027855
setembro	no	0.025070
setembro	para	0.022284
setembro	na	0.022284
setembro	amarelo	0.016713
setembro	às	0.016713
setembro	que	0.013928
setembro	quando	0.013928
setembro	foi	0.013928
setembro	um	0.011142
setembro	é	0.011142
setembro	os	0.011142
setembro	foram	0.011142
setembro	passado	0.008357
setembro	próximo	0.008357
setembro	pelo	0.008357
sexto	lugar	0.200000
sexto	ano	0.085714
sexto	filme	0.085714
sexto	mês	0.085714
sexuais	com	0.333333
sexual	e	0.149123
sexual	infantil	0.105263
sexual	de	0.096491
sexual	contra	0.070175
sexual	em	0.052632
sexual	que	0.043860
sexual	com	0.035088
sexual	ou	0.026316
sexual	não	0.026316
sexual	como	0.026316
siga	as	0.250000
siga	a	0.125000
siga	o	0.093750
siga	em	0.093750
sinais	de	0.547826
sinais	vitais	0.060870
sinais	e	0.034783
sinais	dos	0.034783
sinais	do	0.034783
sinais	libras	0.026087
sinais	que	0.026087
sinais	podem	0.026087
sinal	de	0.471545
sinal	para	0.056911
sinal	positivo	0.032520
sinal	do	0.032520
sinal	da	0.032520
sinal	verde	0.032520
sinal	g	0.024390
sinal	claro	0.024390
sinal	que	0.024390
situações	de	0.330935
situações	que	0.129496
situações	como	0.057554
situações	em	0.050360
situações	e	0.043165
situações	do	0.035971
situações	muito	0.028777
situações	a	0.028777
situações	mais	0.021583
situações	para	0.021583
situações	é	0.021583
sms	ou	0.142857
sob	a	0.242188
sob	o	0.213542
sob	pressão	0.036458
sob	pena	0.036458
sob	efeito	0.036458
sob	os	0.033854
sob	uma	0.026042
sob	investigação	0.026042
sob	controle	0.020833
sob	medida	0.018229
sob	responsabilidade	0.015625
sob	gestão	0.013021
sob	as	0.013021
sob	ameaça	0.010417
sob	comando	0.010417
sob	forte	0.010417
sob	risco	0.010417
sob	influência	0.010417
sob	cuidados	0.007812
sob	um	0.007812
sob	suspeita	0.007812
sob	custódia	0.007812
sob	sua	0.007812
sob	aviso	0.007812
sob	seu	0.007812
sobreviventes	do	0.190476
sobreviventes	de	0.142857
sobreviventes	da	0.142857
sobrou	para	0.285714
sobrou	até	0.214286
sociedade	civil	0.200873
sociedade	e	0.082969
sociedade	em	0.061135
sociedade	que	0.056769
sociedade	de	0.056769
sociedade	para	0.030568
sociedade	sobre	0.026201
sociedade	mais	0.021834
sociedade	como	0.021834
sociedade	da	0.021834
sociedade	com	0.021834
sociedade	internacional	0.017467
sociedade	não	0.017467
sociedade	a	0.017467
sociedade	por	0.013100
sociedade	está	0.013100
sociedade	tem	0.013100
sofrer	um	0.203390
sofrer	uma	0.135593
sofrer	alterações	0.101695
sofrer	com	0.101695
sofrer	de	0.050847
solo	e	0.146067
solo	para	0.067416
solo	em	0.044944
solo	que	0.044944
solo	de	0.033708
solo	é	0.033708
solo	com	0.033708
solto	em	0.263158
som	de	0.292308
som	da	0.107692
som	e	0.092308
som	do	0.061538
som	que	0.046154
somente	em	0.088435
somente	na	0.074830
somente	para	0.057823
somente	a	0.054422
somente	no	0.051020
somente	o	0.037415
somente	nos	0.030612
somente	com	0.027211
somente	os	0.027211
somente	um	0.023810
somente	se	0.020408
somente	de	0.017007
somente	do	0.017007
somente	por	0.017007
somente	uma	0.017007
somente	até	0.017007
somente	nesta	0.017007
somente	quando	0.013605
somente	aos	0.013605
somente	as	0.013605
somente	após	0.013605
somente	neste	0.013605
somente	das	0.010204
somente	hoje	0.010204
somente	pessoas	0.010204
somente	depois	0.010204
somente	será	0.010204
somente	à	0.010204
somente	pelo	0.010204
sonhei	com	0.600000
sophie	charlotte	0.750000
stephen	king	0.600000
suficientes	para	0.645161
sujeito	a	0.500000
superfície	do	0.153846
superfície	da	0.115385
superfície	de	0.115385
supostamente	por	0.120000
surpresa	e	0.104651
surpresa	que	0.081395
surpresa	com	0.058140
surpresa	da	0.058140
surpresa	em	0.046512
surpresa	foi	0.046512
surpresa	no	0.046512
surpresa	de	0.046512
surpresa	na	0.034884
surpresa	mas	0.034884
surpresas	e	0.150000
suspenso	por	0.250000
suspenso	durante	0.107143
suspenso	desde	0.107143
suíça	e	0.150000
são	os	0.095410
são	as	0.059406
são	de	0.035554
são	mais	0.035554
são	josé	0.034203
são	joão	0.032853
são	francisco	0.027903
são	uma	0.020702
são	muito	0.020252
são	pedro	0.019802
são	do	0.015302
são	a	0.013501
são	apenas	0.013501
são	para	0.012151
são	da	0.011701
são	um	0.011701
são	alguns	0.011251
são	o	0.009901
são	miguel	0.009001
são	feitos	0.008101
são	necessários	0.008101
são	feitas	0.007651
são	pessoas	0.007201
são	duas	0.006751
são	dois	0.006751
são	responsáveis	0.006751
são	tão	0.006301
são	eles	0.006301
são	bem	0.005851
são	importantes	0.005851
são	quase	0.005851
são	elas	0.004950
são	lucas	0.004500
são	sempre	0.004500
são	capazes	0.004500
são	três	0.004500
são	aqueles	0.004500
são	muitas	0.004050
são	mulheres	0.004050
são	cerca	0.004050
século	passado	0.120000
século	e	0.100000
século	quando	0.080000
séria	e	0.388889
sério	e	0.137931
sério	o	0.103448
sítios	e	0.600000
só	que	0.038247
só	para	0.035060
só	a	0.031873
só	no	0.029482
só	de	0.029482
só	não	0.027888
só	o	0.026295
só	foi	0.024701
só	em	0.022311
só	é	0.020717
só	tem	0.017530
só	pode	0.016733
só	se	0.015936
só	com	0.015139
só	um	0.013546
só	uma	0.012749
só	podem	0.012749
só	será	0.011952
só	poderá	0.011155
só	os	0.010359
só	na	0.010359
só	assim	0.010359
só	tenho	0.010359
só	agora	0.008765
só	depois	0.007171
só	está	0.007171
só	do	0.007171
só	quero	0.007171
só	quem	0.007171
só	vai	0.006375
só	mais	0.006375
só	nos	0.005578
só	temos	0.005578
só	as	0.005578
só	existe	0.005578
só	queria	0.005578
só	por	0.005578
só	da	0.005578
só	faz	0.005578
só	este	0.004781
t	e	0.157895
tais	como	0.269841
talentos	para	0.129032
talentos	do	0.129032
talentos	da	0.096774
talvez	seja	0.128205
talvez	não	0.096154
talvez	a	0.070513
talvez	o	0.070513
talvez	tenha	0.057692
talvez	por	0.038462
talvez	nem	0.025641
talvez	em	0.025641
talvez	você	0.025641
talvez	esteja	0.019231
talvez	um	0.019231
talvez	eu	0.019231
talvez	mais	0.019231
talvez	também	0.019231
tantos	outros	0.264706
tantos	anos	0.088235
tantos	de	0.088235
tapete	vermelho	0.500000
tarefa	de	0.233333
tarefa	que	0.100000
taça	de	0.166667
taça	da	0.145833
taça	do	0.104167
taça	e	0.062500
telemóveis	e	0.750000
televisão	e	0.126984
televisão	no	0.063492
televisão	aberta	0.063492
televisão	que	0.047619
tema	de	0.101626
tema	da	0.077236
tema	do	0.065041
tema	que	0.065041
tema	para	0.036585
tema	foi	0.028455
tema	e	0.028455
tema	central	0.024390
tema	o	0.024390
tema	é	0.024390
tema	em	0.020325
tema	a	0.020325
tema	no	0.020325
tema	desta	0.016260
tema	muito	0.016260
tema	mas	0.016260
tema	será	0.012195
tema	complexo	0.012195
tema	com	0.012195
tema	não	0.012195
tema	está	0.012195
tema	escolhido	0.012195
tema	deste	0.012195
tempestade	perfeita	0.150000
temporal	que	0.148148
tendência	de	0.302521
tendência	é	0.226891
tendência	que	0.067227
tendência	a	0.058824
tendência	para	0.050420
tendência	do	0.025210
tensão	no	0.137931
tensão	com	0.103448
tensão	entre	0.103448
tentava	atravessar	0.173913
teoria	da	0.176471
teoria	do	0.117647
teoria	de	0.117647
teoria	e	0.088235
teoria	das	0.088235
terapia	e	0.133333
terapia	de	0.133333
terapia	do	0.100000
terceira	fase	0.109290
terceira	rodada	0.098361
terceira	vez	0.071038
terceira	posição	0.065574
terceira	idade	0.049180
terceira	edição	0.049180
terceira	divisão	0.038251
terceira	e	0.032787
terceira	semana	0.027322
terceira	geração	0.027322
terceira	temporada	0.027322
terceira	dose	0.021858
terceira	via	0.021858
terceira	para	0.016393
terceira	parte	0.016393
terceira	vítima	0.016393
teriam	sido	0.316456
teriam	que	0.050633
teriam	dito	0.037975
terminar	o	0.250000
terminar	a	0.205882
terminar	de	0.058824
termo	de	0.622951
terreno	de	0.125000
terreno	que	0.071429
terreno	e	0.071429
terreno	da	0.053571
terreno	para	0.053571
terreno	na	0.053571
teste	de	0.357143
teste	do	0.142857
teste	foi	0.047619
teste	que	0.047619
teste	é	0.035714
teste	em	0.035714
testemunhar	a	0.272727
testemunho	de	0.187500
ti	o	0.120000
ti	a	0.120000
times	que	0.168539
times	de	0.134831
times	do	0.067416
times	na	0.056180
times	o	0.056180
times	da	0.044944
times	voltam	0.033708
tinha	sido	0.084770
tinha	um	0.054598
tinha	uma	0.051724
tinha	anos	0.043103
tinha	como	0.035920
tinha	que	0.030172
tinha	o	0.027299
tinha	a	0.027299
tinha	feito	0.022989
tinha	visto	0.017241
tinha	de	0.014368
tinha	mais	0.012931
tinha	em	0.011494
tinha	conhecimento	0.010057
tinha	apenas	0.010057
tinha	na	0.008621
tinha	tido	0.008621
tinha	até	0.008621
tinha	medo	0.008621
tinha	se	0.007184
tinha	os	0.007184
tinha	saído	0.007184
tinha	dito	0.007184
tinha	passado	0.007184
tinha	mil	0.005747
tinha	três	0.005747
tinha	interesse	0.005747
tinha	perdido	0.005747
tinha	muito	0.005747
tinha	muita	0.005747
tinha	nada	0.005747
tinha	ido	0.005747
tinha	acabado	0.005747
tinha	cinco	0.004310
tinha	era	0.004310
tinha	dois	0.004310
tinha	acontecido	0.004310
tinha	chegado	0.004310
tinha	e	0.004310
tinha	caído	0.004310
tinham	sido	0.088608
tinham	o	0.044304
tinham	que	0.037975
tinham	entre	0.031646
tinham	a	0.031646
tinham	conhecimento	0.025316
tinham	de	0.025316
tinham	uma	0.018987
tinham	um	0.018987
tinham	mais	0.018987
tinham	se	0.018987
tinta	da	0.272727
tipo	de	0.816017
tipo	que	0.015152
tipo	no	0.008658
tipo	o	0.006494
tipo	b	0.006494
tipo	em	0.006494
tiroteio	em	0.200000
tiveram	a	0.094421
tiveram	um	0.081545
tiveram	de	0.072961
tiveram	que	0.072961
tiveram	uma	0.068670
tiveram	início	0.055794
tiveram	como	0.034335
tiveram	o	0.034335
tiveram	os	0.030043
tiveram	suas	0.025751
tiveram	seus	0.021459
tiveram	acesso	0.021459
tiveram	contato	0.017167
tiveram	as	0.017167
tiveram	alta	0.017167
tiveram	ferimentos	0.012876
tiveram	crescimento	0.012876
tiveram	mais	0.012876
tivesse	um	0.122449
tivesse	sido	0.102041
tivesse	que	0.061224
tivesse	mais	0.061224
toca	à	0.190476
toca	do	0.142857
todo	o	0.579698
todo	mundo	0.089765
todo	foram	0.019295
todo	esse	0.014262
todo	serão	0.010906
todo	dia	0.010906
todo	e	0.010067
todo	a	0.010067
todo	são	0.010067
todo	tipo	0.010067
todo	um	0.008389
todo	estado	0.008389
todo	ano	0.007550
todo	lugar	0.007550
todo	momento	0.005872
todo	país	0.005034
todo	vapor	0.005034
todo	em	0.004195
todo	apoio	0.004195
todo	cerca	0.004195
todo	amor	0.004195
todo	modo	0.004195
todo	caso	0.004195
todo	mês	0.003356
todo	pessoas	0.003356
todo	com	0.003356
todo	custo	0.003356
todo	por	0.003356
todo	este	0.003356
todo	mais	0.002517
todo	ser	0.002517
todo	no	0.002517
todo	território	0.002517
todo	para	0.002517
todo	não	0.002517
todo	seu	0.002517
tom	de	0.292308
tom	do	0.076923
tom	brady	0.046154
tom	mais	0.046154
tom	para	0.046154
tomada	de	0.376238
tomada	após	0.079208
tomada	pelo	0.069307
tomada	em	0.049505
tomada	por	0.049505
tomada	pela	0.029703
tomada	nesta	0.029703
tomada	para	0.029703
tomamos	a	0.300000
tomem	medidas	0.230769
top	do	0.142857
toque	de	0.288136
toque	em	0.135593
toque	no	0.084746
toque	e	0.067797
tornar	o	0.178771
tornar	a	0.145251
tornar	um	0.117318
tornar	uma	0.089385
tornar	se	0.078212
tornar	mais	0.050279
tornar	as	0.033520
tornar	essa	0.027933
tornar	os	0.022346
tornar	possível	0.016760
tornar	ainda	0.016760
tornou	se	0.236607
tornou	um	0.138393
tornou	uma	0.107143
tornou	o	0.107143
tornou	a	0.062500
tornou	realidade	0.026786
tornou	mais	0.026786
tornou	popular	0.017857
tornou	algo	0.013393
torres	e	0.104167
torres	é	0.083333
torres	que	0.062500
torres	de	0.062500
torres	novas	0.062500
trabalhado	em	0.157895
trabalhado	por	0.105263
trabalhado	pela	0.078947
trabalhado	na	0.078947
trabalhado	com	0.078947
trabalhador	que	0.075269
trabalhador	de	0.053763
trabalhador	no	0.053763
trabalhador	e	0.053763
trabalhador	não	0.053763
trabalhador	tem	0.053763
trabalhador	pode	0.053763
trabalhador	deve	0.032258
trabalhador	em	0.032258
trabalhador	também	0.032258
trabalhador	já	0.032258
trabalhador	pat	0.032258
tradição	de	0.116667
tradição	da	0.083333
tradição	na	0.066667
tradição	do	0.066667
tradição	e	0.066667
tradição	que	0.066667
tradição	no	0.050000
tradição	em	0.050000
tradição	das	0.050000
traição	de	0.185185
traição	não	0.111111
transferido	para	0.731707
transferido	de	0.073171
transferência	de	0.474359
transferência	para	0.076923
transferência	da	0.076923
transferência	do	0.064103
transformar	o	0.272727
transformar	a	0.215909
transformar	em	0.068182
transformar	se	0.034091
transformar	e	0.034091
transmissão	de	0.148936
transmissão	da	0.120567
transmissão	ao	0.120567
transmissão	do	0.106383
transmissão	em	0.056738
transmissão	e	0.049645
transmissão	para	0.042553
transmissão	é	0.042553
transmissão	na	0.035461
transmissão	online	0.021277
transmissão	dos	0.021277
tratamento	de	0.237668
tratamento	da	0.062780
tratamento	contra	0.058296
tratamento	e	0.058296
tratamento	do	0.049327
tratamento	com	0.044843
tratamento	dos	0.035874
tratamento	para	0.035874
tratamento	que	0.031390
tratamento	adequado	0.026906
tratamento	é	0.026906
tratamento	médico	0.026906
tratamento	em	0.022422
tratamento	será	0.017937
tratamento	das	0.013453
tratamento	após	0.013453
tratamento	no	0.013453
tratava	de	0.533333
tratava	se	0.200000
trate	de	0.750000
tratou	de	0.388889
tratou	se	0.166667
trauma	e	0.285714
trauma	na	0.214286
trazer	mais	0.098039
trazer	o	0.078431
trazer	uma	0.065359
trazer	a	0.065359
trazer	um	0.058824
trazer	para	0.045752
trazer	de	0.039216
trazer	benefícios	0.026144
trazer	ao	0.026144
trazer	as	0.026144
trazer	novos	0.026144
trazer	à	0.019608
trazer	novidades	0.019608
treinar	e	0.147059
treinar	o	0.147059
treinar	com	0.147059
treinar	em	0.088235
treinar	a	0.088235
triste	e	0.090909
triste	com	0.072727
triste	para	0.072727
triste	porque	0.054545
triste	o	0.054545
truques	para	0.600000
tua	irmã	0.166667
turistas	que	0.190476
turistas	e	0.126984
turistas	de	0.111111
turistas	em	0.047619
turno	das	0.128205
turno	da	0.115385
turno	e	0.102564
turno	único	0.102564
turno	em	0.051282
turno	na	0.038462
tv	e	0.150538
tv	aberta	0.107527
tv	paga	0.048387
tv	por	0.037634
tv	fechada	0.037634
tv	a	0.032258
tv	de	0.032258
tv	cultura	0.026882
tv	no	0.026882
tv	ao	0.026882
tv	ou	0.021505
tv	em	0.021505
tv	na	0.021505
tv	brasil	0.016129
técnicas	de	0.289157
técnicas	e	0.168675
técnicas	para	0.060241
técnicas	do	0.048193
técnicas	da	0.048193
técnicas	aos	0.036145
título	de	0.259574
título	da	0.123404
título	do	0.080851
título	em	0.029787
título	e	0.029787
título	no	0.029787
título	com	0.029787
título	é	0.025532
título	não	0.021277
título	a	0.017021
título	nacional	0.017021
título	dos	0.012766
título	o	0.012766
título	foi	0.012766
título	mundial	0.012766
unidades	de	0.401869
unidades	da	0.121495
unidades	do	0.079439
unidades	em	0.042056
unidades	e	0.037383
unidades	com	0.023364
unidades	a	0.018692
unidades	no	0.018692
unidades	já	0.018692
unidades	que	0.014019
unidas	para	0.272727
unidas	sobre	0.204545
unidas	no	0.068182
unidas	em	0.068182
unir	forças	0.187500
unir	para	0.156250
urgência	e	0.210526
urgência	para	0.105263
urgência	de	0.105263
urgência	a	0.052632
urgência	da	0.039474
usa	o	0.158730
usa	a	0.095238
usa	um	0.079365
usa	para	0.063492
usa	as	0.047619
usa	como	0.047619
usando	o	0.219178
usando	um	0.095890
usando	uma	0.082192
usando	a	0.068493
usando	os	0.041096
use	o	0.222222
use	a	0.185185
use	um	0.111111
uso	de	0.453659
uso	do	0.124390
uso	da	0.112195
uso	dos	0.026829
uso	e	0.026829
uso	das	0.021951
uso	pessoal	0.014634
uso	no	0.009756
uso	permitido	0.009756
uso	o	0.009756
uso	desse	0.007317
uso	é	0.007317
uso	a	0.007317
uso	em	0.007317
uso	diário	0.007317
uso	por	0.007317
uso	desses	0.007317
uso	privado	0.007317
utilizar	o	0.370370
utilizar	os	0.111111
utilizar	a	0.111111
utilizar	um	0.049383
v	que	0.136364
vale	lembrar	0.222561
vale	do	0.204268
vale	a	0.161585
vale	para	0.030488
vale	transporte	0.027439
vale	gás	0.027439
vale	dizer	0.024390
vale	muito	0.021341
vale	refeição	0.018293
vale	mais	0.015244
vale	de	0.015244
vale	da	0.015244
vale	por	0.015244
vale	e	0.015244
vale	verde	0.012195
vale	o	0.012195
vale	uma	0.009146
vale	tanto	0.009146
vale	um	0.009146
valia	para	0.384615
van	der	0.214286
vantagens	para	0.180000
vantagens	de	0.140000
vantagens	que	0.080000
vantagens	e	0.080000
vantagens	do	0.080000
vantagens	em	0.060000
vantagens	da	0.060000
vazias	e	0.333333
vejo	que	0.128571
vejo	uma	0.071429
vejo	a	0.071429
vejo	nenhum	0.057143
vejo	como	0.057143
vejo	o	0.042857
vejo	ainda	0.042857
vem	sendo	0.128272
vem	de	0.083770
vem	a	0.060209
vem	com	0.044503
vem	se	0.041885
vem	fazendo	0.034031
vem	da	0.034031
vem	para	0.031414
vem	do	0.028796
vem	trabalhando	0.026178
vem	em	0.026178
vem	o	0.018325
vem	acontecendo	0.018325
vem	aí	0.015707
vem	e	0.013089
vem	à	0.013089
vem	como	0.013089
vem	na	0.010471
vem	dando	0.010471
vem	tendo	0.010471
vem	por	0.010471
vem	nos	0.007853
vem	no	0.007853
vem	que	0.007853
vem	pra	0.007853
vem	pela	0.007853
vem	não	0.007853
vem	desde	0.007853
vem	os	0.007853
vem	mas	0.007853
vem	depois	0.007853
vem	também	0.007853
vem	das	0.007853
vencer	o	0.277457
vencer	a	0.173410
vencer	por	0.069364
vencer	na	0.063584
vencer	e	0.040462
vencer	no	0.034682
vencer	as	0.028902
vencer	um	0.028902
vencer	os	0.023121
vencer	em	0.017341
vender	os	0.157143
vender	o	0.142857
vender	a	0.100000
vender	mais	0.042857
vender	uma	0.042857
vender	produtos	0.042857
vendeu	mais	0.333333
ventos	fortes	0.218750
ventos	de	0.125000
ventos	que	0.093750
verifique	se	0.318182
verifique	a	0.227273
verifique	as	0.181818
vermelha	e	0.131579
vermelha	quando	0.078947
verão	e	0.085106
verão	de	0.074468
verão	do	0.053191
verão	em	0.053191
verão	para	0.042553
verão	a	0.042553
verão	o	0.042553
verão	mas	0.031915
verão	maior	0.031915
verão	que	0.031915
verão	com	0.031915
verão	é	0.031915
vestido	branco	0.250000
vestido	que	0.187500
vez	que	0.198150
vez	mais	0.185813
vez	de	0.063223
vez	em	0.044719
vez	a	0.042406
vez	o	0.039322
vez	na	0.033153
vez	por	0.026985
vez	no	0.021588
vez	para	0.015420
vez	do	0.014649
vez	foi	0.012336
vez	disso	0.011565
vez	e	0.010794
vez	é	0.010794
vez	ao	0.010023
vez	com	0.010023
vez	desde	0.009252
vez	não	0.007710
vez	os	0.007710
vez	menos	0.006939
vez	maior	0.006168
vez	da	0.006168
vez	um	0.006168
vez	se	0.005397
vez	sobre	0.004626
vez	após	0.004626
vez	dos	0.004626
vez	uma	0.004626
vez	maiores	0.003855
vez	aos	0.003084
vez	mas	0.003084
vez	já	0.003084
vez	tem	0.003084
vez	ele	0.003084
vez	foram	0.003084
vez	será	0.003084
vez	das	0.003084
vez	ela	0.003084
vez	pelo	0.003084
veículo	e	0.097720
veículo	foi	0.065147
veículo	de	0.058632
veículo	com	0.052117
veículo	que	0.048860
veículo	na	0.032573
veículo	no	0.032573
veículo	em	0.029316
veículo	para	0.022801
veículo	não	0.019544
veículo	do	0.016287
veículo	os	0.016287
veículo	foram	0.016287
veículo	o	0.013029
veículo	roubado	0.013029
veículo	até	0.013029
veículo	a	0.013029
veículo	estava	0.013029
veículo	é	0.009772
veículo	modelo	0.009772
veículo	sem	0.009772
veículo	ficou	0.009772
veículo	dela	0.009772
veículo	ao	0.009772
veículo	sofreu	0.009772
veículo	mas	0.009772
veículo	teria	0.009772
vi	que	0.134021
vi	o	0.092784
vi	a	0.072165
vi	na	0.051546
vi	ele	0.051546
vi	um	0.051546
vi	uma	0.041237
vi	do	0.030928
viagem	para	0.071823
viagem	de	0.066298
viagem	a	0.060773
viagem	que	0.055249
viagem	à	0.049724
viagem	e	0.038674
viagem	ao	0.038674
viagem	com	0.033149
viagem	oficial	0.033149
viagem	da	0.027624
viagem	internacional	0.027624
viagem	até	0.022099
viagem	no	0.022099
viagem	é	0.022099
viagem	na	0.022099
viagem	dos	0.016575
viagem	pelo	0.016575
viagem	foi	0.016575
viaja	para	0.300000
viaja	com	0.100000
viaja	a	0.100000
viajar	para	0.288462
viajar	e	0.115385
viajar	até	0.076923
viajar	no	0.057692
viajar	com	0.057692
vias	públicas	0.191489
vias	de	0.191489
vias	e	0.085106
vias	com	0.063830
vias	do	0.063830
vias	mais	0.063830
vimos	em	0.069767
vimos	isso	0.069767
vingança	contra	0.214286
vingar	de	0.250000
vinte	e	0.282051
vinte	anos	0.205128
vinte	trinta	0.076923
violar	as	0.428571
violenta	e	0.357143
vira	um	0.160000
vira	lata	0.120000
viram	a	0.196429
viram	os	0.107143
viram	que	0.071429
viram	uma	0.071429
viram	o	0.071429
virou	um	0.137931
virou	uma	0.103448
virou	para	0.051724
virou	a	0.051724
virou	o	0.051724
visitantes	que	0.096386
visitantes	e	0.084337
visitantes	de	0.084337
visitantes	poderão	0.060241
visitantes	do	0.036145
vista	que	0.114068
vista	como	0.083650
vista	da	0.068441
vista	a	0.064639
vista	do	0.049430
vista	em	0.041825
vista	o	0.041825
vista	de	0.038023
vista	para	0.038023
vista	e	0.030418
vista	alegre	0.030418
vista	no	0.022814
vista	com	0.022814
vista	na	0.019011
vista	por	0.019011
vista	mas	0.015209
vista	ou	0.015209
vista	à	0.015209
vista	nos	0.011407
vista	é	0.011407
vista	técnico	0.011407
vista	mais	0.011407
vive	em	0.165468
vive	um	0.100719
vive	uma	0.079137
vive	com	0.071942
vive	na	0.050360
vive	a	0.043165
vive	no	0.035971
vive	o	0.035971
vive	e	0.035971
vive	de	0.028777
vive	situação	0.021583
vive	se	0.021583
viver	em	0.114865
viver	a	0.081081
viver	com	0.067568
viver	uma	0.060811
viver	da	0.047297
viver	o	0.040541
viver	do	0.040541
viver	no	0.033784
viver	e	0.033784
viver	de	0.027027
viver	esse	0.020270
viver	um	0.020270
viver	por	0.020270
viver	bem	0.020270
viver	sem	0.020270
viver	essa	0.020270
vivo	na	0.128049
vivo	e	0.115854
vivo	pelo	0.054878
vivo	no	0.054878
vivo	de	0.048780
vivo	para	0.042683
vivo	pela	0.036585
vivo	a	0.030488
vivo	do	0.030488
vivo	em	0.030488
vivo	com	0.024390
vivo	que	0.024390
vivo	o	0.024390
vivo	já	0.018293
vivos	e	0.142857
vocês	são	0.067164
vocês	não	0.052239
vocês	que	0.044776
vocês	sabem	0.044776
vocês	viram	0.037313
vocês	e	0.037313
vocês	vão	0.029851
vocês	estão	0.029851
vocês	já	0.022388
vocês	querem	0.022388
vocês	por	0.022388
volta	das	0.307566
volta	a	0.126645
volta	de	0.088816
volta	para	0.055921
volta	ao	0.050987
volta	à	0.047697
volta	da	0.044408
volta	do	0.032895
volta	aos	0.019737
volta	às	0.018092
volta	no	0.018092
volta	e	0.018092
volta	o	0.011513
volta	com	0.009868
volta	dos	0.008224
volta	os	0.008224
volta	por	0.008224
volta	na	0.008224
volta	em	0.004934
volta	será	0.004934
volta	mais	0.004934
volta	mas	0.004934
volta	que	0.004934
voltaram	a	0.565217
voltaram	para	0.086957
voltaram	ao	0.086957
voltaram	à	0.065217
voltará	a	0.575000
voltará	ao	0.125000
voltará	à	0.100000
voltará	para	0.075000
voltei	a	0.266667
voltei	para	0.266667
volto	para	0.333333
voltou	a	0.565737
voltou	para	0.099602
voltou	ao	0.071713
voltou	aos	0.039841
voltou	à	0.031873
voltou	com	0.027888
voltou	às	0.015936
voltou	do	0.015936
voltou	atrás	0.015936
voltou	mais	0.011952
voo	de	0.160714
voo	para	0.107143
voo	que	0.071429
voo	da	0.071429
votação	da	0.105634
votação	do	0.084507
votação	na	0.084507
votação	em	0.063380
votação	de	0.056338
votação	no	0.049296
votação	foi	0.049296
votação	popular	0.035211
votação	a	0.028169
votação	por	0.021127
votação	não	0.021127
votação	para	0.021127
votação	desta	0.021127
votação	o	0.021127
vou	fazer	0.070175
vou	ter	0.039474
vou	dar	0.035088
vou	ser	0.030702
vou	me	0.030702
vou	te	0.026316
vou	deixar	0.026316
vou	estar	0.026316
vou	levar	0.021930
vou	dizer	0.021930
vou	até	0.017544
vou	ficar	0.017544
vou	colocar	0.017544
vou	tirar	0.017544
vou	acabar	0.013158
vou	conseguir	0.013158
vou	continuar	0.013158
vou	falar	0.013158
vou	para	0.013158
vou	poder	0.013158
vou	mandar	0.013158
vulnerável	e	0.312500
vão	ser	0.091085
vão	receber	0.046512
vão	se	0.044574
vão	ter	0.031008
vão	para	0.027132
vão	até	0.027132
vão	de	0.025194
vão	poder	0.023256
vão	funcionar	0.021318
vão	ao	0.021318
vão	fazer	0.019380
vão	continuar	0.015504
vão	desde	0.015504
vão	estar	0.015504
vão	além	0.013566
vão	sair	0.013566
vão	dar	0.011628
vão	às	0.011628
vão	a	0.011628
vão	acontecer	0.011628
vão	ajudar	0.011628
vão	ficar	0.011628
vão	passar	0.011628
vão	aparecer	0.009690
vão	sendo	0.009690
vão	juntar	0.009690
vão	atender	0.009690
vão	do	0.009690
vão	parar	0.009690
vão	querer	0.007752
vão	precisar	0.007752
vão	aumentar	0.007752
vão	gostar	0.007752
vão	participar	0.007752
vão	perder	0.007752
vão	levar	0.007752
vão	ganhar	0.005814
vão	deixar	0.005814
vão	começar	0.005814
vão	falar	0.005814
vítimas	de	0.203883
vítimas	do	0.077670
vítimas	foram	0.067961
vítimas	e	0.061489
vítimas	da	0.045307
vítimas	que	0.029126
vítimas	das	0.022654
vítimas	em	0.022654
vítimas	com	0.022654
vítimas	estavam	0.019417
vítimas	na	0.019417
vítimas	a	0.019417
vítimas	o	0.016181
vítimas	são	0.016181
vítimas	mortais	0.012945
vítimas	desse	0.012945
vítimas	não	0.012945
vítimas	ainda	0.009709
vítimas	duas	0.009709
vítimas	há	0.009709
vítimas	ou	0.009709
washington	com	0.068182
washington	e	0.068182
às	h	0.510607
às	horas	0.063641
às	vezes	0.047854
às	suas	0.022200
às	pessoas	0.021214
às	necessidades	0.015294
às	famílias	0.014800
às	autoridades	0.013814
às	vítimas	0.012333
às	empresas	0.009867
às	ações	0.009373
às	mulheres	0.008880
às	crianças	0.007893
às	mudanças	0.006413
às	novas	0.005920
às	redes	0.005427
às	ruas	0.005427
às	eleições	0.005427
às	aulas	0.004933
às	perguntas	0.004933
às	forças	0.004440
às	condições	0.004440
às	políticas	0.004440
às	compras	0.003947
às	informações	0.003947
às	obras	0.003947
às	chamas	0.003453
às	operações	0.003453
às	medidas	0.003453
às	mãos	0.003453
às	exigências	0.003453
às	minhas	0.002960
às	regras	0.002960
às	quais	0.002960
às	questões	0.002960
às	contas	0.002467
às	do	0.002467
às	drogas	0.002467
às	escolas	0.002467
às	investigações	0.002467
época	do	0.121528
época	a	0.086806
época	em	0.086806
época	de	0.083333
época	o	0.069444
época	que	0.048611
época	da	0.045139
época	foi	0.031250
época	não	0.024306
época	ele	0.020833
época	era	0.020833
época	e	0.020833
época	dos	0.020833
época	para	0.020833
época	ela	0.017361
época	os	0.017361
época	com	0.010417
época	foram	0.010417
época	no	0.010417
época	mas	0.010417
época	é	0.010417
época	por	0.010417
óculos	de	0.500000
óculos	inteligentes	0.107143
