abandonat	în	0.137931
abandonat	o	0.103448
abandonat	pe	0.103448
acasa	la	0.156250
acasa	in	0.125000
acasa	si	0.125000
acasă	la	0.115523
acasă	și	0.115523
acasă	în	0.097473
acasă	cu	0.093863
acasă	de	0.043321
acasă	pentru	0.036101
acasă	a	0.028881
acasă	şi	0.021661
acasă	pe	0.021661
acasă	după	0.018051
acasă	să	0.018051
acasă	din	0.018051
acasă	este	0.014440
acasă	am	0.014440
acasă	nu	0.014440
acasă	un	0.010830
acasă	dacă	0.010830
acasă	mai	0.010830
accent	pe	0.807692
acces	la	0.440789
acces	în	0.098684
acces	direct	0.052632
acces	pentru	0.039474
acces	și	0.026316
acces	liber	0.026316
acces	şi	0.019737
acces	doar	0.019737
acces	gratuit	0.019737
acces	pe	0.019737
accidente	în	0.130435
accidente	grave	0.130435
accidente	pe	0.130435
ace	de	0.600000
acea	vreme	0.338028
acea	perioadă	0.098592
acea	dată	0.070423
acea	zi	0.049296
acea	zonă	0.049296
acea	persoană	0.021127
acea	noapte	0.021127
această	perioadă	0.090021
această	dată	0.069086
această	săptămână	0.043964
această	dimineață	0.041870
această	zi	0.034194
această	seară	0.026518
această	vară	0.023726
această	decizie	0.021633
această	oră	0.021633
această	ocazie	0.021633
această	problemă	0.020935
această	iarnă	0.020935
această	zonă	0.016748
această	măsură	0.015352
această	lună	0.015352
această	situaţie	0.014655
această	sumă	0.012561
această	ţară	0.011863
această	nouă	0.010468
această	cale	0.009072
această	după	0.009072
această	criză	0.009072
această	sărbătoare	0.007676
această	cauză	0.007676
această	idee	0.006978
această	dimineaţă	0.006978
această	boală	0.006281
această	formă	0.006281
această	întrebare	0.006281
această	listă	0.006281
această	parte	0.006281
această	chestiune	0.005583
această	echipă	0.005583
această	întâlnire	0.005583
această	politică	0.005583
această	posibilitate	0.005583
această	lume	0.005583
această	fază	0.005583
această	activitate	0.004885
această	cerere	0.004885
aceeasi	situatie	0.192308
aceeasi	zi	0.153846
aceeași	perioadă	0.158537
aceeași	zi	0.121951
aceeași	sursă	0.042683
aceeași	cu	0.036585
aceeași	măsură	0.030488
aceeași	dată	0.024390
aceeași	masă	0.024390
aceeași	greutate	0.018293
aceeași	oră	0.018293
aceeași	zonă	0.018293
aceeași	emisiune	0.018293
aceeași	lună	0.018293
aceeași	ocazie	0.018293
aceeași	cale	0.018293
aceeași	ca	0.018293
acela	de	0.380435
acela	că	0.163043
acela	a	0.054348
acela	era	0.032609
acela	care	0.032609
acelaşi	timp	0.457143
acelaşi	lucru	0.047619
acelaşi	an	0.047619
acelaşi	nume	0.038095
acelaşi	dosar	0.028571
același	timp	0.406360
același	lucru	0.141343
același	nivel	0.038869
același	nume	0.038869
același	an	0.035336
același	loc	0.031802
același	tip	0.014134
același	mod	0.014134
același	număr	0.010601
același	sex	0.010601
același	fel	0.010601
același	scop	0.010601
același	dosar	0.010601
acele	momente	0.092308
acele	zile	0.076923
acele	tari	0.046154
acele	vremuri	0.046154
aceste	zile	0.096408
aceste	momente	0.052930
aceste	lucruri	0.049149
aceste	măsuri	0.039698
aceste	două	0.028355
aceste	cazuri	0.022684
aceste	condiţii	0.022684
aceste	informații	0.020794
aceste	atacuri	0.017013
aceste	produse	0.017013
aceste	persoane	0.015123
aceste	zone	0.015123
aceste	vremuri	0.013233
aceste	date	0.013233
aceste	noi	0.013233
aceste	probleme	0.013233
aceste	cuvinte	0.011342
aceste	imagini	0.011342
aceste	trei	0.011342
aceste	arme	0.009452
aceste	ţări	0.009452
aceste	decizii	0.009452
aceste	documente	0.009452
aceste	fapte	0.009452
aceste	fonduri	0.009452
aceste	servicii	0.009452
aceste	întrebări	0.009452
aceste	cifre	0.007561
aceste	luni	0.007561
aceste	medicamente	0.007561
aceste	nave	0.007561
aceste	tipuri	0.007561
aceste	valori	0.007561
aceste	discuţii	0.007561
aceste	acţiuni	0.007561
aceste	materiale	0.007561
aceste	locuri	0.007561
aceste	schimbări	0.007561
aceste	companii	0.007561
aceste	alegeri	0.007561
acestor	servicii	0.042017
acestor	zile	0.033613
acestor	oameni	0.033613
acestor	ani	0.033613
acestor	produse	0.033613
acestor	date	0.025210
acestor	arme	0.025210
acestor	atacuri	0.025210
acestor	companii	0.025210
acestor	persoane	0.025210
acestor	fonduri	0.025210
acestor	copii	0.025210
acestor	documente	0.025210
acestor	evenimente	0.025210
acopere	toate	0.148148
acoperi	cheltuielile	0.206897
acte	de	0.407407
acte	materiale	0.111111
acte	la	0.074074
acte	în	0.055556
actele	de	0.485714
actele	si	0.085714
actul	de	0.714286
acuzat	de	0.322404
acuzat	că	0.224044
acuzat	pe	0.092896
acuzat	rusia	0.043716
acuzat	în	0.032787
acuzat	moscova	0.021858
acuzat	o	0.016393
acuzat	dureri	0.016393
acuzat	sâmbătă	0.016393
acuzat	guvernul	0.016393
acţiune	a	0.200000
acţiune	în	0.166667
acţiune	de	0.133333
adaptare	la	0.200000
adaptare	a	0.200000
adevarul	e	0.153846
adevărat	că	0.093168
adevărat	în	0.049689
adevărat	și	0.043478
adevărat	a	0.037267
adevărat	o	0.037267
adevărat	să	0.031056
adevărat	un	0.024845
adevărat	la	0.024845
adevărat	de	0.024845
adevărat	importante	0.024845
adevărat	pe	0.018634
adevărat	iar	0.018634
adevărul	este	0.211268
adevărul	despre	0.126761
adevărul	din	0.056338
adevărul	e	0.056338
adevărul	și	0.056338
adevărul	a	0.042254
adevărul	istoric	0.042254
aduc	aminte	0.360000
aduc	un	0.080000
aduc	din	0.060000
aduc	pe	0.060000
aducem	aminte	0.166667
aducă	o	0.107692
aducă	un	0.107692
aducă	pe	0.061538
aducă	în	0.061538
aducă	acasă	0.046154
adulţi	şi	0.272727
adună	în	0.187500
adăpost	de	0.333333
adăpost	pentru	0.142857
adăugat	că	0.345679
adăugat	el	0.213992
adăugat	ea	0.061728
adăugat	acesta	0.049383
adăugat	ministrul	0.032922
adăugat	și	0.020576
adăugat	preşedintele	0.020576
adăugat	aceasta	0.012346
adăugat	liderul	0.012346
adăugat	şeful	0.012346
adăugat	o	0.012346
aerian	al	0.206349
aerian	de	0.095238
aerian	din	0.063492
aerian	asupra	0.063492
aerian	în	0.063492
aerian	pentru	0.047619
afectat	de	0.267606
afectat	foarte	0.070423
afectat	o	0.056338
afectat	şi	0.042254
afectat	pe	0.042254
afectat	în	0.042254
afganistan	și	0.148148
afganistan	pentru	0.148148
afganistan	irak	0.111111
aflam	in	0.363636
afle	de	0.089286
afle	ce	0.071429
afle	adevărul	0.053571
afle	dacă	0.053571
afle	și	0.053571
afle	în	0.053571
află	în	0.343525
află	pe	0.089928
află	la	0.086331
află	și	0.059353
află	sub	0.034173
află	acum	0.034173
află	un	0.021583
află	încă	0.019784
află	de	0.019784
află	o	0.019784
află	şi	0.010791
află	din	0.010791
află	că	0.008993
află	mai	0.008993
află	deja	0.008993
află	ce	0.007194
află	cum	0.007194
află	lângă	0.007194
află	printre	0.007194
află	internat	0.007194
află	care	0.005396
află	despre	0.005396
află	temporar	0.005396
află	doar	0.005396
află	cea	0.005396
ajung	la	0.247619
ajung	să	0.133333
ajung	în	0.114286
ajung	până	0.047619
ajung	pe	0.038095
ajung	cu	0.028571
ajung	și	0.028571
ajung	in	0.028571
ajung	sa	0.028571
ajutat	să	0.145631
ajutat	o	0.135922
ajutat	de	0.106796
ajutat	cu	0.077670
ajutat	pe	0.077670
ajutat	la	0.038835
ajutat	și	0.029126
ajutat	în	0.029126
ajutat	mult	0.029126
ajutorul	unei	0.125828
ajutorul	unui	0.099338
ajutorul	unor	0.072848
ajutorul	lui	0.052980
ajutorul	de	0.052980
ajutorul	financiar	0.046358
ajutorul	lor	0.039735
ajutorul	cărora	0.033113
ajutorul	a	0.026490
ajutorul	pentru	0.026490
ajutorul	oferit	0.026490
ajutorul	militar	0.019868
ajutorul	nostru	0.019868
ajutorul	acestei	0.019868
ajutorul	echipei	0.019868
ajutorul	celor	0.019868
ajutorul	acordat	0.019868
alb	negru	0.096774
alb	și	0.080645
alb	albastru	0.064516
alb	cu	0.048387
alb	albastră	0.048387
ale	lui	0.081602
ale	unor	0.059347
ale	anului	0.056380
ale	lumii	0.044510
ale	americii	0.043027
ale	unui	0.043027
ale	celor	0.041543
ale	acestui	0.031157
ale	sale	0.031157
ale	statului	0.029674
ale	războiului	0.029674
ale	unei	0.026706
ale	zilei	0.017804
ale	armatei	0.017804
ale	ţării	0.017804
ale	oamenilor	0.016320
ale	statelor	0.014837
ale	corpului	0.013353
ale	companiei	0.013353
ale	lor	0.011869
ale	familiei	0.011869
ale	sistemului	0.011869
ale	guvernului	0.010386
ale	noastre	0.008902
ale	cărui	0.008902
ale	copiilor	0.008902
ale	sua	0.008902
ale	poliţiei	0.007418
ale	tale	0.007418
ale	acestei	0.007418
ale	altor	0.007418
ale	omului	0.007418
ale	reginei	0.007418
ale	mele	0.007418
ale	acestor	0.007418
ale	naturii	0.007418
ale	lunii	0.005935
ale	tuturor	0.005935
ale	voastre	0.005935
ale	creierului	0.005935
alegeri	în	0.169492
alegeri	pentru	0.084746
alegeri	locale	0.067797
alegerile	din	0.219178
alegerile	locale	0.150685
alegerile	de	0.082192
alegerile	generale	0.054795
alegerile	pentru	0.054795
alegerile	au	0.041096
alertă	în	0.112903
alertă	cu	0.048387
alertă	a	0.048387
alertă	și	0.048387
alertă	după	0.048387
alertă	care	0.048387
alertă	maximă	0.048387
alertă	pe	0.048387
alertă	nu	0.048387
alimentare	cu	0.204082
alimentare	și	0.142857
alimentare	de	0.091837
alimentare	a	0.071429
alimentare	sunt	0.040816
alimentare	în	0.040816
alimentare	şi	0.030612
alimentare	care	0.030612
alimentare	din	0.030612
alimentare	s	0.030612
altele	mai	0.067797
altele	au	0.059322
altele	în	0.059322
altele	nu	0.059322
altele	și	0.050847
altele	sunt	0.050847
altele	de	0.050847
altele	a	0.033898
altele	decât	0.033898
altele	la	0.025424
altele	pe	0.025424
altele	le	0.025424
altele	erau	0.025424
altele	se	0.025424
altele	dar	0.025424
altele	asemenea	0.025424
altii	ca	0.076923
altii	care	0.076923
altii	nu	0.057692
altii	au	0.057692
altor	state	0.151515
altor	persoane	0.136364
altor	ţări	0.060606
altor	tari	0.045455
alţi	de	0.137931
alţi	doi	0.137931
alţi	trei	0.103448
ambasador	al	0.428571
ambele	cazuri	0.122449
ambele	echipe	0.102041
ambele	au	0.061224
ambele	părţi	0.061224
ambele	cu	0.051020
ambele	probe	0.030612
ambele	sunt	0.030612
ambele	fiind	0.030612
ambele	state	0.030612
ameninţare	la	0.230769
americane	din	0.094737
americane	de	0.084211
americane	au	0.073684
americane	în	0.073684
americane	pe	0.042105
americane	şi	0.042105
americane	a	0.042105
americane	și	0.031579
americane	care	0.031579
americane	sunt	0.031579
americii	și	0.133333
aminteşte	de	0.400000
amintire	a	0.300000
an	de	0.141176
an	în	0.077124
an	la	0.074510
an	a	0.052288
an	și	0.049673
an	este	0.024837
an	şi	0.023529
an	mai	0.022222
an	din	0.020915
an	cu	0.020915
an	iar	0.019608
an	după	0.018301
an	pentru	0.013072
an	un	0.013072
an	au	0.013072
an	o	0.013072
an	pe	0.011765
an	nu	0.011765
an	s	0.010458
an	si	0.010458
an	al	0.010458
an	se	0.007843
an	potrivit	0.007843
an	sau	0.007843
an	întreg	0.006536
an	că	0.006536
an	când	0.006536
an	am	0.006536
an	dar	0.006536
an	însă	0.006536
an	să	0.006536
an	ca	0.005229
an	va	0.005229
an	prin	0.005229
an	in	0.005229
an	e	0.005229
an	vor	0.003922
an	începând	0.003922
an	anterior	0.003922
an	cel	0.003922
analize	de	0.210526
analize	pe	0.105263
analize	a	0.105263
analize	pentru	0.078947
andy	murray	0.750000
angajat	să	0.153153
angajat	în	0.135135
angajat	al	0.108108
angajat	de	0.090090
angajat	la	0.072072
angajat	ca	0.054054
angajat	o	0.054054
angajat	a	0.036036
ani	de	0.158443
ani	a	0.117683
ani	din	0.078149
ani	și	0.069261
ani	în	0.049341
ani	care	0.032485
ani	la	0.026969
ani	şi	0.025130
ani	au	0.024824
ani	pentru	0.017469
ani	mai	0.016243
ani	iar	0.015017
ani	cu	0.014097
ani	nu	0.014097
ani	după	0.011646
ani	s	0.011033
ani	este	0.010726
ani	pe	0.010726
ani	se	0.009807
ani	dar	0.008275
ani	buni	0.007662
ani	când	0.006742
ani	in	0.006129
ani	am	0.005516
ani	o	0.005210
ani	sunt	0.004903
ani	si	0.004903
ani	sau	0.004903
ani	să	0.004903
ani	un	0.004597
ani	înainte	0.004291
ani	va	0.004291
ani	ca	0.003984
ani	tot	0.003065
ani	ar	0.003065
ani	potrivit	0.002758
ani	însă	0.002758
ani	ai	0.002758
ani	ne	0.002758
ani	vor	0.002452
animal	de	0.263158
aniversare	a	0.600000
anterioare	ale	0.128205
anterioare	dar	0.102564
anterioare	de	0.076923
anterioare	au	0.076923
anterioare	cu	0.076923
anterior	că	0.129310
anterior	în	0.068966
anterior	de	0.068966
anterior	și	0.051724
anterior	a	0.043103
anterior	la	0.043103
anterior	acesta	0.025862
anterior	pentru	0.025862
anterior	cu	0.025862
antrenat	de	0.217391
anului	trecut	0.245383
anului	în	0.071240
anului	viitor	0.042216
anului	și	0.042216
anului	a	0.031662
anului	pentru	0.026385
anului	curent	0.023747
anului	de	0.023747
anului	au	0.021108
anului	din	0.018470
anului	pe	0.015831
anului	iar	0.015831
anului	nou	0.015831
anului	s	0.015831
anului	dar	0.013193
anului	cu	0.013193
anului	am	0.013193
anului	la	0.013193
anului	şi	0.010554
anului	următor	0.010554
anului	este	0.010554
anului	când	0.010554
anului	care	0.010554
anului	anterior	0.007916
anului	va	0.007916
anului	nu	0.007916
anului	vor	0.007916
anului	față	0.007916
anului	un	0.007916
anului	o	0.007916
anului	potrivit	0.007916
apei	din	0.156250
apei	pe	0.093750
apei	în	0.093750
apei	și	0.093750
apreciez	foarte	0.250000
apropiat	de	0.294737
apropiat	al	0.231579
apropiat	la	0.115789
apropiat	în	0.031579
apropiat	și	0.031579
apropie	de	0.633803
apropie	cu	0.084507
apropie	mai	0.042254
apropie	și	0.042254
apropiem	de	0.538462
aproximativ	de	0.480712
aproximativ	milioane	0.075668
aproximativ	din	0.051929
aproximativ	o	0.035608
aproximativ	km	0.029674
aproximativ	două	0.022255
aproximativ	dintre	0.017804
aproximativ	miliarde	0.017804
aproximativ	jumătate	0.017804
aproximativ	un	0.017804
aproximativ	la	0.013353
aproximativ	în	0.011869
aproximativ	ani	0.011869
aproximativ	cinci	0.010386
aproximativ	minute	0.010386
aproximativ	m	0.010386
aproximativ	metri	0.008902
aproximativ	trei	0.008902
aproximativ	euro	0.007418
aproximativ	patru	0.007418
aproximativ	mai	0.005935
aproximativ	doi	0.005935
aproximativ	zile	0.005935
aproximativ	grade	0.005935
aproximativ	kilograme	0.004451
aproximativ	au	0.004451
aproximativ	opt	0.004451
aproximativ	sunt	0.004451
aproximativ	a	0.004451
aproximativ	şase	0.004451
aproximativ	tone	0.004451
aproximativ	kilometri	0.004451
apă	și	0.214724
apă	de	0.073620
apă	şi	0.070552
apă	caldă	0.070552
apă	a	0.036810
apă	pentru	0.033742
apă	pe	0.033742
apă	la	0.024540
apă	din	0.024540
apă	în	0.024540
apă	vor	0.021472
apă	sau	0.018405
apă	canal	0.018405
apă	se	0.015337
apă	cu	0.015337
apă	rece	0.015337
apă	să	0.012270
apă	au	0.012270
apă	dar	0.012270
apă	care	0.009202
apă	prin	0.009202
apă	mâncare	0.009202
apă	dulce	0.009202
apă	plată	0.009202
apă	până	0.009202
apărut	în	0.220264
apărut	pe	0.092511
apărut	și	0.061674
apărut	imagini	0.061674
apărut	o	0.048458
apărut	un	0.030837
apărut	mai	0.030837
apărut	la	0.030837
apărut	după	0.026432
apărut	şi	0.026432
apărut	informații	0.026432
apărut	primele	0.026432
apărut	din	0.022026
apărut	prima	0.022026
apărut	de	0.013216
aratat	ca	0.300000
arma	cu	0.153846
arma	în	0.128205
armată	și	0.156863
armată	de	0.098039
armată	a	0.078431
armată	pentru	0.078431
armată	va	0.058824
ars	în	0.150000
ars	casa	0.075000
ars	de	0.075000
articol	din	0.129412
articol	si	0.058824
articol	sunt	0.058824
articol	despre	0.047059
articol	cu	0.047059
articol	în	0.035294
articol	de	0.035294
articol	este	0.035294
artă	din	0.147059
artă	și	0.147059
artă	al	0.073529
artă	este	0.058824
artă	de	0.058824
aruncă	în	0.166667
aruncă	o	0.133333
aruncă	de	0.133333
arătat	că	0.460396
arătat	o	0.064356
arătat	de	0.029703
arătat	în	0.029703
arătat	și	0.029703
arătat	cu	0.014851
arătat	clar	0.014851
asculta	de	0.210526
aseară	în	0.166667
aseară	de	0.100000
asemănător	cu	0.500000
asemănător	unui	0.214286
asigur	că	0.647059
asiguri	că	0.666667
astazi	la	0.117647
astia	de	0.122642
astia	care	0.113208
astia	sunt	0.113208
astia	nu	0.103774
astia	si	0.037736
astia	au	0.037736
astia	la	0.037736
astia	din	0.028302
astia	se	0.028302
astia	ca	0.028302
astăzi	de	0.083947
astăzi	în	0.070692
astăzi	la	0.055965
astăzi	este	0.041237
astăzi	a	0.038292
astăzi	și	0.026510
astăzi	cu	0.026510
astăzi	am	0.025037
astăzi	nu	0.020619
astăzi	un	0.020619
astăzi	pe	0.016200
astăzi	că	0.016200
astăzi	o	0.014728
astăzi	din	0.014728
astăzi	se	0.013255
astăzi	după	0.013255
astăzi	sunt	0.013255
astăzi	pentru	0.011782
astăzi	martie	0.010309
astăzi	persoane	0.010309
astăzi	vom	0.008837
astăzi	s	0.008837
astăzi	va	0.008837
astăzi	prin	0.008837
astăzi	mai	0.007364
astăzi	avem	0.007364
astăzi	ianuarie	0.007364
astăzi	au	0.007364
astăzi	ca	0.007364
astăzi	august	0.005891
astăzi	aprilie	0.005891
astăzi	septembrie	0.005891
astăzi	ar	0.005891
astăzi	te	0.005891
astăzi	vei	0.005891
astăzi	vremea	0.005891
astăzi	dimineață	0.005891
astăzi	şi	0.005891
astăzi	n	0.004418
astăzi	iunie	0.004418
atata	timp	0.458333
atentie	la	0.235294
atentie	si	0.176471
atentă	a	0.157895
aterizat	pe	0.428571
aterizat	în	0.214286
atras	atenţia	0.333333
atras	pe	0.088889
atras	de	0.088889
atras	atentia	0.088889
atras	în	0.066667
atunci	când	0.484429
atunci	cand	0.032007
atunci	a	0.027682
atunci	nu	0.022491
atunci	se	0.016436
atunci	de	0.014706
atunci	trebuie	0.012976
atunci	am	0.012111
atunci	și	0.011246
atunci	în	0.010381
atunci	la	0.010381
atunci	că	0.009516
atunci	au	0.008651
atunci	s	0.008651
atunci	un	0.008651
atunci	să	0.008651
atunci	cu	0.006920
atunci	sa	0.006920
atunci	cînd	0.006055
atunci	dar	0.006055
atunci	este	0.006055
atunci	vom	0.006055
atunci	pentru	0.005190
atunci	ca	0.005190
atunci	pe	0.005190
atunci	ar	0.005190
atunci	o	0.004325
atunci	cum	0.004325
atunci	e	0.004325
atunci	însă	0.004325
atunci	va	0.004325
atunci	i	0.003460
atunci	l	0.003460
atunci	era	0.003460
atunci	vor	0.003460
atunci	probabil	0.003460
atunci	poate	0.003460
atunci	cei	0.003460
atunci	își	0.002595
atunci	si	0.002595
autoritatea	de	0.360000
autoritatea	locală	0.120000
autoritatea	naţională	0.100000
autoritatea	pentru	0.080000
autoritatea	a	0.060000
autorităţile	au	0.172414
autorităţile	din	0.149425
autorităţile	locale	0.126437
autorităţile	de	0.114943
autorităţile	nu	0.068966
autorităţile	vor	0.057471
autorităţile	că	0.034483
autorităţile	americane	0.034483
autostrada	a	0.606557
autostrada	soarelui	0.098361
avans	de	0.294118
avans	pentru	0.088235
avans	în	0.088235
avantaj	pe	0.178571
avantaj	al	0.142857
avantaj	în	0.107143
avantajul	că	0.125000
aveam	o	0.060976
aveam	în	0.048780
aveam	de	0.048780
aveam	nevoie	0.048780
aveam	un	0.048780
aveam	timp	0.036585
aveam	și	0.036585
aveam	deja	0.036585
aveau	să	0.075188
aveau	o	0.052632
aveau	un	0.045113
aveau	nevoie	0.045113
aveau	în	0.037594
aveau	de	0.030075
aveau	unde	0.030075
aveau	la	0.022556
aveau	dreptul	0.022556
aveau	nici	0.022556
aveau	ca	0.022556
aveau	cum	0.022556
avertizat	că	0.438776
avertizat	asupra	0.061224
avertizat	pe	0.051020
avertizat	el	0.040816
avertizat	cu	0.040816
avertizat	vineri	0.030612
avertizat	o	0.030612
avertizat	miercuri	0.030612
avertizat	în	0.030612
aveţi	nevoie	0.238095
avioane	de	0.357895
avioane	și	0.084211
avioane	f	0.063158
avioane	din	0.052632
avioane	care	0.031579
avioane	militare	0.031579
avioane	a	0.031579
avioanele	de	0.185185
aşteptare	pentru	0.222222
aşteptare	la	0.222222
aşteptat	să	0.200000
aşteptat	cu	0.160000
aşteptat	de	0.120000
aşteptăm	cu	0.285714
aşteptăm	ca	0.190476
aşteptăm	la	0.142857
aţi	văzut	0.157895
ați	fost	0.070513
ați	făcut	0.070513
ați	văzut	0.051282
ați	putea	0.051282
ați	avut	0.038462
ați	ajuns	0.038462
ați	primit	0.032051
ați	mai	0.032051
ați	fi	0.032051
ați	înțeles	0.025641
ați	ales	0.025641
ați	vrut	0.019231
ați	spus	0.019231
ați	dat	0.019231
ați	uitat	0.019231
ați	pus	0.019231
ați	venit	0.019231
baga	in	0.300000
baie	în	0.125000
baie	de	0.083333
baie	din	0.062500
banda	de	0.576923
banda	a	0.115385
bandă	de	0.357143
bandă	pe	0.142857
bandă	şi	0.107143
bani	pentru	0.108997
bani	de	0.091696
bani	pe	0.079585
bani	în	0.062284
bani	din	0.046713
bani	și	0.041522
bani	la	0.039792
bani	iar	0.024221
bani	si	0.020761
bani	să	0.020761
bani	care	0.020761
bani	a	0.020761
bani	mai	0.019031
bani	dar	0.015571
bani	cu	0.013841
bani	şi	0.013841
bani	ca	0.013841
bani	nu	0.010381
bani	se	0.010381
bani	sa	0.010381
bani	s	0.010381
bani	vor	0.008651
bani	sunt	0.008651
bani	sau	0.008651
bani	multi	0.006920
bani	au	0.006920
bani	către	0.005190
bani	luati	0.005190
bani	o	0.005190
bani	astăzi	0.005190
bani	al	0.005190
bani	ce	0.005190
bani	in	0.005190
banii	pe	0.096886
banii	de	0.076125
banii	din	0.069204
banii	vor	0.038062
banii	au	0.034602
banii	la	0.031142
banii	sunt	0.031142
banii	în	0.031142
banii	pentru	0.027682
banii	înapoi	0.027682
banii	in	0.024221
banii	lor	0.024221
banii	și	0.020761
banii	care	0.017301
banii	nu	0.017301
banii	dumneavoastră	0.013841
banii	se	0.013841
banii	aia	0.013841
banii	s	0.013841
banii	vin	0.013841
banii	sau	0.013841
banii	statului	0.013841
banii	tăi	0.010381
banii	lui	0.010381
banii	să	0.010381
banii	dar	0.010381
banii	şi	0.010381
banii	oamenilor	0.010381
banii	astfel	0.010381
banii	mei	0.010381
banii	cu	0.010381
banii	erau	0.010381
bar	din	0.222222
bar	şi	0.166667
bată	cu	0.166667
bată	pe	0.125000
bază	de	0.321429
bază	pentru	0.053571
bază	în	0.047619
bază	și	0.047619
bază	militară	0.041667
bază	ai	0.035714
bază	o	0.023810
bază	cu	0.023810
bază	au	0.023810
bază	legală	0.017857
bază	al	0.017857
bază	ale	0.017857
bază	va	0.017857
bază	un	0.017857
bea	o	0.105263
bea	un	0.078947
bei	și	0.250000
benny	hill	1.000000
berlin	în	0.105263
berlin	de	0.105263
berlin	și	0.078947
bicicletă	pe	0.312500
bicicletă	de	0.187500
big	bang	0.428571
bijuterii	din	0.275862
bijuterii	în	0.137931
bijuterii	de	0.103448
bijuterii	şi	0.103448
bilet	de	0.260870
binele	din	0.136364
biserica	din	0.163265
biserica	a	0.102041
biserica	sf	0.102041
biserica	sfântul	0.102041
biserica	nu	0.081633
bisericii	din	0.131579
bisericii	în	0.131579
bisericii	a	0.078947
bisericii	sf	0.078947
biserică	din	0.130435
biserică	a	0.108696
biserică	și	0.086957
biserică	şi	0.065217
biserică	la	0.065217
blue	air	0.902439
boala	a	0.085106
boala	se	0.085106
boala	este	0.063830
boala	secolului	0.063830
boala	nu	0.063830
boala	în	0.063830
bogaţi	oameni	0.428571
bolnav	de	0.416667
bolnavi	de	0.291667
bombe	cu	0.142857
bombe	nucleare	0.142857
britanic	al	0.185567
britanic	a	0.154639
britanic	de	0.103093
britanic	boris	0.061856
britanic	care	0.041237
britanic	în	0.030928
britanic	pentru	0.030928
buni	prieteni	0.065934
buni	din	0.065934
buni	în	0.065934
buni	de	0.054945
buni	să	0.043956
buni	și	0.043956
buni	dar	0.032967
buni	nu	0.032967
buni	a	0.032967
bunica	mea	0.200000
bunica	ei	0.150000
băiatul	a	0.164384
băiatul	de	0.109589
băiatul	care	0.054795
băiatul	se	0.041096
băiatul	cu	0.041096
bărbat	de	0.290828
bărbat	în	0.134228
bărbat	din	0.120805
bărbat	a	0.098434
bărbat	care	0.073826
bărbat	cu	0.035794
bărbat	și	0.022371
bărbat	pe	0.013423
bărbat	nu	0.008949
bărbat	fără	0.006711
bărbat	găsit	0.006711
bărbat	şi	0.006711
bărbat	mai	0.006711
bărbat	s	0.006711
bărbat	posibil	0.006711
bărbat	înarmat	0.006711
cablu	şi	0.250000
cad	în	0.227273
cad	pe	0.181818
cadavrul	a	0.200000
cadavrul	lui	0.200000
cadouri	pentru	0.303030
cadouri	de	0.242424
cadă	de	0.222222
cald	și	0.137931
cald	sau	0.103448
calitate	de	0.492228
calitate	și	0.062176
calitate	a	0.046632
calitate	pentru	0.036269
calitate	nu	0.025907
calitate	superioară	0.020725
calitate	care	0.020725
calitate	în	0.020725
calitate	pe	0.015544
calm	și	0.187500
candidat	la	0.296875
candidat	pentru	0.156250
candidat	a	0.062500
candidat	cu	0.046875
cap	de	0.244131
cap	și	0.046948
cap	la	0.042254
cap	cu	0.037559
cap	si	0.032864
cap	în	0.032864
cap	sa	0.028169
cap	a	0.028169
cap	să	0.028169
cap	nu	0.023474
cap	până	0.023474
cap	o	0.018779
cap	şi	0.018779
cap	coada	0.014085
cap	din	0.014085
cap	ca	0.014085
cap	in	0.014085
cap	sau	0.014085
cap	dureri	0.014085
cap	pentru	0.014085
capabili	să	0.421053
capabili	de	0.210526
capabili	sa	0.157895
capacitatea	de	0.633663
capacitatea	sa	0.069307
capacitatea	maximă	0.029703
capacitatea	noastră	0.029703
carbon	a	0.111111
care	a	0.121291
care	au	0.084956
care	se	0.067860
care	nu	0.051460
care	le	0.035060
care	să	0.031351
care	s	0.027527
care	este	0.027063
care	sunt	0.023934
care	o	0.021732
care	ar	0.019066
care	vor	0.018197
care	va	0.017791
care	l	0.017327
care	i	0.015763
care	îl	0.012981
care	ne	0.011358
care	are	0.010895
care	și	0.010199
care	îi	0.009504
care	pot	0.008809
care	trebuie	0.008287
care	în	0.008113
care	am	0.006780
care	poate	0.006606
care	își	0.006375
care	te	0.006317
care	de	0.005331
care	era	0.004636
care	sa	0.004115
care	e	0.003999
care	fac	0.003999
care	şi	0.003941
care	mai	0.003825
care	lucrează	0.003709
care	doresc	0.003593
care	la	0.003419
care	erau	0.003245
care	vin	0.003129
care	un	0.003129
carla	s	0.333333
carol	i	0.400000
carol	al	0.285714
cartier	din	0.205128
cartier	de	0.076923
cartier	a	0.076923
cartier	în	0.076923
case	de	0.153061
case	din	0.081633
case	și	0.071429
case	în	0.051020
case	au	0.040816
case	cu	0.040816
case	vechi	0.030612
case	şi	0.030612
case	pentru	0.030612
case	pe	0.030612
casei	albe	0.210000
casei	de	0.160000
casei	sale	0.070000
casei	şi	0.040000
casei	tale	0.040000
casei	în	0.040000
casei	a	0.040000
casei	cu	0.030000
casei	mele	0.030000
casele	de	0.240000
casele	lor	0.160000
casele	din	0.100000
casele	și	0.080000
casele	pentru	0.060000
categoric	că	0.136364
caut	o	0.300000
cauta	in	0.214286
cauta	cu	0.142857
cauta	sa	0.107143
caută	să	0.210526
caută	un	0.144737
caută	în	0.105263
caută	o	0.065789
caută	și	0.039474
caută	acum	0.039474
cauzat	de	0.500000
cavaler	al	0.833333
cazul	în	0.284987
cazul	unui	0.096692
cazul	unei	0.073791
cazul	de	0.058524
cazul	a	0.058524
cazul	lui	0.040712
cazul	unor	0.038168
cazul	celor	0.035623
cazul	să	0.025445
cazul	copiilor	0.022901
cazul	in	0.015267
cazul	lor	0.010178
cazul	acesta	0.010178
cazul	cu	0.007634
cazul	din	0.007634
cazul	împotriva	0.007634
cazul	la	0.007634
cazul	dat	0.007634
cazul	sa	0.007634
cazul	meu	0.007634
cazurile	de	0.409836
cazurile	nou	0.131148
cazurile	noi	0.114754
cazurile	au	0.049180
ceartă	cu	0.200000
ceas	de	0.166667
cedat	pe	0.172414
cedat	după	0.103448
cedat	cu	0.103448
centrala	nucleară	0.492958
centrala	de	0.098592
centrala	să	0.056338
centrala	a	0.042254
cer	să	0.104167
cer	ca	0.083333
cer	scuze	0.083333
cer	lui	0.052083
cer	de	0.041667
cer	sa	0.031250
cer	guvernului	0.031250
cerc	de	0.666667
cercetări	pentru	0.205128
cercetări	în	0.179487
cercetări	sub	0.153846
cercetări	a	0.102564
cercetări	s	0.064103
cercetări	care	0.051282
cercetări	au	0.038462
cereale	din	0.206349
cereale	și	0.095238
cereale	a	0.063492
cereale	şi	0.063492
cereale	sunt	0.063492
cereale	în	0.047619
cereale	pentru	0.047619
cereale	pe	0.047619
cereale	care	0.047619
cereale	prin	0.047619
cerut	să	0.146939
cerut	de	0.057143
cerut	ajutorul	0.057143
cerut	o	0.053061
cerut	ca	0.053061
cerut	în	0.048980
cerut	scuze	0.044898
cerut	un	0.036735
cerut	la	0.020408
cerut	ajutor	0.020408
cerut	vineri	0.020408
cerut	lui	0.020408
cerut	şi	0.016327
cerut	din	0.016327
cerut	și	0.016327
cerut	joi	0.016327
cerut	azil	0.012245
cerut	duminică	0.012245
cerut	guvernului	0.012245
cerut	doar	0.012245
chef	de	0.611111
chef	să	0.166667
cheltuielile	de	0.293103
cheltuielile	cu	0.155172
cheltuielile	la	0.068966
cheltuielile	au	0.051724
chestiune	de	0.350000
chestiune	care	0.150000
chestiune	a	0.075000
chris	rock	0.666667
cinci	ani	0.218462
cinci	zile	0.073846
cinci	ori	0.061538
cinci	minute	0.052308
cinci	persoane	0.052308
cinci	luni	0.049231
cinci	copii	0.043077
cinci	dintre	0.027692
cinci	stele	0.027692
cinci	au	0.021538
cinci	milioane	0.018462
cinci	oameni	0.015385
cinci	cazuri	0.015385
cinci	victime	0.012308
cinci	metri	0.009231
cinci	ore	0.009231
cinci	și	0.009231
cinci	din	0.009231
cinci	noi	0.009231
cinci	locuri	0.009231
cine	a	0.109402
cine	este	0.092308
cine	sunt	0.051282
cine	nu	0.047863
cine	e	0.046154
cine	va	0.035897
cine	se	0.032479
cine	să	0.030769
cine	mai	0.023932
cine	ar	0.022222
cine	știe	0.022222
cine	sa	0.020513
cine	i	0.018803
cine	are	0.017094
cine	era	0.015385
cine	o	0.015385
cine	l	0.013675
cine	poate	0.013675
cine	stie	0.013675
cine	trebuie	0.013675
cine	ne	0.013675
cine	vrea	0.013675
cine	s	0.011966
cine	își	0.011966
cine	te	0.011966
cine	crede	0.010256
cine	le	0.010256
cine	și	0.010256
cine	îl	0.008547
cine	ești	0.008547
cine	dracu	0.006838
cine	si	0.006838
cine	îi	0.006838
cine	au	0.006838
cine	conduce	0.005128
cine	face	0.005128
cine	intră	0.005128
cine	iti	0.005128
cine	mă	0.005128
cine	vor	0.005128
cinstea	celor	0.333333
citească	și	0.272727
city	a	0.145833
city	și	0.125000
city	este	0.062500
clasic	de	0.272727
club	de	0.200000
club	din	0.105882
club	și	0.058824
club	sau	0.035294
club	în	0.035294
coleg	de	0.500000
coleg	și	0.115385
colegii	săi	0.173228
colegii	de	0.141732
colegii	mei	0.102362
colegii	din	0.102362
colegii	lor	0.078740
colegii	noștri	0.078740
colegii	lui	0.062992
colegii	cu	0.031496
colegii	să	0.031496
colegii	ei	0.023622
colegii	și	0.023622
colegii	tăi	0.023622
colegiul	naţional	0.517241
colegiul	tehnic	0.172414
colegiul	militar	0.137931
coloana	de	0.500000
colţ	de	0.500000
comandă	și	0.105263
comandă	de	0.078947
comentarii	de	0.125000
comentarii	care	0.100000
comentarii	la	0.100000
comentarii	și	0.100000
comentarii	pe	0.075000
comisia	de	0.443182
comisia	a	0.136364
comisia	pentru	0.102273
comisia	va	0.056818
companii	de	0.147059
companii	din	0.132353
companii	care	0.073529
companii	au	0.073529
companii	și	0.066176
companii	aeriene	0.036765
companii	în	0.029412
companii	să	0.029412
companii	pe	0.022059
companii	cu	0.022059
completă	a	0.473684
completă	de	0.087719
complice	la	0.500000
comportă	ca	0.266667
comportă	la	0.200000
concentrat	pe	0.235294
concentrat	în	0.176471
concluzia	că	0.463415
concluzie	a	0.181818
condiţii	de	0.304348
condiţii	mai	0.065217
condiţiile	în	0.522388
condiţiile	de	0.223881
condiţiile	pe	0.044776
condiţiile	pentru	0.044776
conduc	la	0.178571
conflict	cu	0.105769
conflict	în	0.067308
conflict	între	0.048077
conflict	din	0.048077
conflict	major	0.038462
conflict	să	0.038462
conflict	de	0.038462
conflict	iar	0.038462
conflict	deschis	0.038462
conflict	au	0.038462
conflict	care	0.028846
conflict	direct	0.028846
conflict	militar	0.028846
consecinţe	grave	0.285714
consider	că	0.558140
consider	un	0.069767
consider	ca	0.069767
considerat	că	0.150538
considerat	un	0.086022
considerat	de	0.075269
considerat	a	0.075269
considerat	o	0.064516
considerat	unul	0.064516
considerat	ca	0.043011
constant	și	0.116667
constant	în	0.116667
constant	la	0.083333
constant	de	0.083333
constant	cu	0.050000
conteaza	si	0.151515
continua	să	0.475983
continua	cu	0.056769
continua	în	0.034934
continua	și	0.034934
continua	la	0.030568
continua	pe	0.026201
continua	sa	0.021834
continua	activitatea	0.021834
continua	şi	0.017467
continua	până	0.017467
continua	această	0.013100
continua	sau	0.013100
continua	eforturile	0.013100
continue	să	0.240741
continue	activitatea	0.074074
continue	viața	0.055556
contract	cu	0.196262
contract	de	0.196262
contract	pe	0.065421
contract	în	0.056075
contract	a	0.046729
contract	valabil	0.046729
contract	până	0.037383
contract	care	0.037383
contract	semnat	0.037383
contract	la	0.028037
contract	și	0.028037
conving	pe	0.800000
convins	că	0.558140
convins	ca	0.127907
convins	pe	0.046512
convins	o	0.046512
convins	să	0.046512
copac	de	0.166667
copii	și	0.108365
copii	au	0.089354
copii	din	0.077947
copii	cu	0.057034
copii	şi	0.045627
copii	de	0.038023
copii	care	0.038023
copii	în	0.030418
copii	la	0.028517
copii	a	0.026616
copii	ai	0.026616
copii	nu	0.020913
copii	se	0.019011
copii	sunt	0.019011
copii	mici	0.017110
copii	pe	0.015209
copii	iar	0.013308
copii	să	0.013308
copii	pentru	0.011407
copii	este	0.011407
copii	o	0.009506
copii	si	0.009506
copii	dar	0.009506
copii	mai	0.007605
copii	vor	0.005703
copii	decât	0.005703
copii	prin	0.005703
copii	ale	0.005703
copii	sau	0.005703
copii	sfânta	0.005703
copiii	cu	0.086957
copiii	au	0.080745
copiii	de	0.055901
copiii	și	0.055901
copiii	din	0.049689
copiii	la	0.049689
copiii	sunt	0.043478
copiii	să	0.037267
copiii	care	0.037267
copiii	vor	0.031056
copiii	lor	0.031056
copiii	în	0.027950
copiii	mei	0.024845
copiii	nu	0.021739
copiii	pe	0.018634
copiii	si	0.018634
copiii	trebuie	0.018634
copiii	săi	0.015528
copiii	noștri	0.012422
copiii	ei	0.012422
copiii	se	0.012422
copiii	pentru	0.009317
copiii	cât	0.009317
copiii	s	0.009317
copiii	lui	0.009317
copiii	şi	0.009317
copiii	își	0.009317
copiii	mici	0.009317
copiii	pot	0.009317
copiii	tăi	0.009317
copilul	a	0.118056
copilul	de	0.062500
copilul	meu	0.055556
copilul	lor	0.041667
copilul	în	0.041667
copilul	să	0.034722
copilul	tău	0.027778
copilul	este	0.027778
copilul	ei	0.027778
copilul	la	0.027778
copilul	din	0.027778
copilul	nu	0.027778
copilul	pe	0.027778
copilul	și	0.020833
copilul	se	0.020833
copilul	lui	0.020833
copilul	poate	0.020833
copilul	cu	0.020833
copilului	tău	0.088235
copilului	în	0.073529
copilului	și	0.058824
copilului	nu	0.044118
copilului	meu	0.044118
copilului	ei	0.044118
copilărie	și	0.200000
corecte	și	0.150000
corectă	a	0.153846
corectă	cu	0.076923
corectă	în	0.076923
corectă	este	0.076923
corectă	și	0.076923
corp	de	0.163265
corp	a	0.081633
corp	și	0.081633
corp	pe	0.061224
corp	la	0.061224
corpul	de	0.105263
corpul	tău	0.105263
corpul	meu	0.087719
corpul	în	0.070175
corpul	lor	0.070175
corpul	să	0.052632
corpul	nostru	0.052632
corpul	său	0.052632
costum	de	0.774194
costume	de	0.600000
creadă	că	0.518519
creadă	în	0.148148
creadă	ce	0.111111
credeai	că	1.000000
crescut	cu	0.329377
crescut	de	0.112760
crescut	la	0.083086
crescut	în	0.077151
crescut	și	0.023739
crescut	numărul	0.020772
crescut	foarte	0.017804
crescut	constant	0.014837
crescut	şi	0.011869
crescut	pentru	0.011869
crescut	până	0.008902
crescut	mult	0.008902
crescut	iar	0.008902
crescut	si	0.008902
crescut	enorm	0.008902
crescut	ca	0.008902
crescut	pe	0.008902
crescut	marţi	0.008902
creste	si	0.111111
crezi	că	0.352113
crezi	ca	0.323944
crezi	în	0.056338
crezut	că	0.521277
crezut	ca	0.095745
crezut	niciodată	0.063830
crezut	în	0.053191
crezut	și	0.031915
crezut	dar	0.031915
crima	a	0.285714
crima	de	0.190476
crimei	şi	0.250000
cultura	în	0.147059
cultura	de	0.117647
cultura	noastră	0.088235
cultura	și	0.088235
cumpara	un	0.142857
cumpărat	de	0.125000
cumpărat	în	0.100000
cumpărat	un	0.075000
cumpărat	bilete	0.062500
cumpărat	o	0.050000
cumpărat	și	0.037500
cumpărat	la	0.037500
cunoscute	sub	0.134615
cunoscute	în	0.076923
cunoscute	din	0.076923
cunoscute	precum	0.057692
cunoscute	și	0.057692
cuplu	de	0.111111
cuplu	să	0.055556
cuplu	este	0.055556
cuplu	din	0.055556
cuplu	au	0.055556
cuplu	cu	0.055556
curajul	să	0.272727
curajul	de	0.151515
curajul	și	0.121212
curajul	sa	0.090909
curate	și	0.230769
curs	de	0.620155
curs	a	0.046512
curs	va	0.023256
curs	în	0.023256
curs	o	0.023256
cursă	de	0.233333
cursă	cu	0.100000
cutii	de	0.300000
cuvinte	de	0.133333
cuvinte	nu	0.044444
cuvinte	cu	0.044444
cuvinte	dacă	0.044444
cuvinte	și	0.033333
cuvinte	dure	0.033333
câini	și	0.166667
cântat	la	0.192308
cât	și	0.256263
cât	mai	0.195419
cât	de	0.157480
cât	şi	0.083751
cât	se	0.028633
cât	timp	0.023622
cât	a	0.022190
cât	va	0.015032
cât	costă	0.013601
cât	să	0.010737
cât	despre	0.008590
cât	este	0.008590
cât	sunt	0.007158
cât	ar	0.006442
cât	au	0.006442
cât	o	0.006442
cât	s	0.006442
cât	pot	0.005727
cât	un	0.005727
cât	e	0.005727
cât	posibil	0.005011
cât	ai	0.004295
cât	te	0.004295
cât	putem	0.004295
cât	am	0.003579
cât	vor	0.003579
cât	în	0.003579
cât	i	0.002147
cât	era	0.002147
cât	la	0.002147
cât	durează	0.002147
cât	rusia	0.002147
cât	are	0.002147
cât	ne	0.002147
cât	pentru	0.002147
câștiga	războiul	0.066667
câștiga	în	0.066667
cînd	a	0.162162
cînd	se	0.135135
cînd	s	0.081081
cînd	au	0.081081
cînd	nu	0.081081
căile	de	0.700000
călcat	în	0.500000
călcat	pe	0.250000
căldura	și	0.214286
căreia	a	0.097826
căreia	i	0.097826
căreia	îi	0.065217
căreia	s	0.054348
căreia	este	0.032609
căreia	ar	0.032609
căreia	se	0.032609
căruia	i	0.127451
căruia	îi	0.127451
căruia	se	0.088235
căruia	a	0.049020
căruia	nu	0.039216
căruia	s	0.039216
căruia	să	0.029412
căruia	au	0.029412
căsătorească	cu	0.600000
căsătorită	cu	0.444444
căuta	să	0.256410
căuta	în	0.128205
căuta	o	0.128205
căuta	un	0.076923
căutarea	unui	0.310345
căutarea	unei	0.172414
căutarea	unor	0.137931
căutând	să	0.272727
căzut	de	0.196970
căzut	în	0.159091
căzut	pe	0.136364
căzut	peste	0.068182
căzut	la	0.053030
căzut	și	0.037879
căzut	din	0.030303
căzut	victime	0.022727
căzut	cu	0.022727
d	le	0.065789
d	a	0.052632
d	lui	0.046053
d	na	0.046053
d	în	0.046053
d	aia	0.032895
d	i	0.032895
d	s	0.026316
d	italia	0.026316
d	or	0.026316
d	din	0.019737
d	asta	0.019737
d	nu	0.019737
d	este	0.019737
d	ul	0.019737
d	astea	0.019737
d	ale	0.019737
d	cu	0.019737
d	zeu	0.019737
da	în	0.032680
da	cu	0.028322
da	de	0.028322
da	un	0.026144
da	mai	0.023965
da	la	0.023965
da	seama	0.019608
da	pe	0.019608
da	e	0.019608
da	o	0.019608
da	este	0.017429
da	vina	0.015251
da	dar	0.015251
da	și	0.013072
da	a	0.013072
da	si	0.013072
da	se	0.013072
da	sau	0.013072
da	chiar	0.010893
da	am	0.010893
da	da	0.010893
da	peste	0.010893
da	nu	0.010893
da	bine	0.008715
da	lovitura	0.008715
da	i	0.008715
da	ca	0.008715
da	drumul	0.008715
da	te	0.008715
da	niciodată	0.006536
da	acum	0.006536
da	cum	0.006536
da	ce	0.006536
da	dacă	0.006536
da	demisia	0.006536
da	tot	0.006536
da	voi	0.006536
da	bani	0.006536
da	gaz	0.006536
danielle	collins	0.600000
dans	pe	0.160000
dans	și	0.120000
data	de	0.733533
data	aceasta	0.067365
data	asta	0.041916
data	limită	0.014970
data	la	0.011976
data	viitoare	0.011976
data	si	0.008982
data	cu	0.008982
data	din	0.005988
data	pe	0.005988
data	cand	0.005988
data	și	0.004491
data	in	0.004491
data	nu	0.004491
datele	de	0.186275
datele	pe	0.107843
datele	din	0.098039
datele	necesare	0.039216
datele	pentru	0.039216
datele	arată	0.039216
datele	sunt	0.039216
datele	privind	0.029412
datele	a	0.029412
dati	i	0.115385
dati	cu	0.115385
dati	seama	0.115385
datorită	unui	0.152174
datorită	faptului	0.130435
datorită	unor	0.108696
datorită	lui	0.086957
dea	demisia	0.058537
dea	o	0.053659
dea	un	0.048780
dea	de	0.043902
dea	cu	0.043902
dea	seama	0.039024
dea	în	0.034146
dea	dovadă	0.029268
dea	dumnezeu	0.024390
dea	jos	0.024390
dea	afară	0.024390
dea	banii	0.019512
dea	vina	0.019512
dea	la	0.014634
dea	peste	0.014634
dea	in	0.014634
dea	pe	0.014634
dea	înapoi	0.014634
dea	inapoi	0.014634
dea	rezultate	0.014634
dea	foc	0.014634
dea	mâna	0.014634
dea	din	0.014634
decizia	de	0.245833
decizia	a	0.116667
decizia	luată	0.037500
decizia	finală	0.033333
decizia	pe	0.029167
decizia	nu	0.029167
decizia	consiliului	0.025000
decizia	privind	0.025000
decizia	să	0.020833
decizia	în	0.020833
decizia	din	0.020833
decizia	lui	0.016667
decizia	fiind	0.016667
decizia	vine	0.016667
decizia	prin	0.012500
decizia	ar	0.012500
decizia	este	0.012500
decizia	unui	0.012500
decizia	guvernului	0.012500
declaraţia	de	0.375000
deja	în	0.089314
deja	de	0.066986
deja	la	0.054226
deja	o	0.038278
deja	un	0.031898
deja	au	0.027113
deja	pe	0.027113
deja	a	0.027113
deja	că	0.025518
deja	să	0.022329
deja	cu	0.020734
deja	peste	0.019139
deja	se	0.019139
deja	in	0.014354
deja	sunt	0.012759
deja	două	0.011164
deja	și	0.011164
deja	este	0.011164
deja	pentru	0.011164
deja	am	0.009569
deja	ca	0.009569
deja	din	0.009569
deja	mai	0.007974
deja	unele	0.007974
deja	e	0.007974
deja	avem	0.006380
deja	acest	0.006380
deja	are	0.006380
deja	erau	0.004785
deja	prin	0.004785
deja	despre	0.004785
deja	cred	0.004785
deja	le	0.004785
deja	suntem	0.004785
deja	trei	0.004785
deja	si	0.004785
deja	pregătită	0.004785
demisia	lui	0.137931
demisia	din	0.137931
demisia	de	0.120690
demisia	în	0.086207
deoarece	nu	0.092949
deoarece	este	0.073718
deoarece	în	0.032051
deoarece	au	0.025641
deoarece	a	0.025641
deoarece	se	0.025641
deoarece	acestea	0.025641
deoarece	ar	0.019231
deoarece	sunt	0.012821
deoarece	va	0.012821
deoarece	acesta	0.012821
deoarece	are	0.012821
deoarece	poate	0.012821
deoarece	unele	0.009615
deoarece	s	0.009615
deoarece	ea	0.009615
deoarece	ei	0.009615
deoarece	am	0.009615
deoarece	o	0.009615
deoarece	acest	0.009615
deoarece	aceasta	0.009615
deoarece	toate	0.009615
deoarece	încă	0.009615
deoparte	și	0.250000
deosebită	în	0.142857
deosebită	a	0.114286
deosebită	și	0.085714
deosebită	pentru	0.085714
dependent	de	0.888889
depune	la	0.107143
deschidere	a	0.260870
deschidere	va	0.086957
deschidere	de	0.065217
deschidă	un	0.142857
deschidă	o	0.142857
deschis	un	0.172996
deschis	o	0.097046
deschis	în	0.080169
deschis	focul	0.054852
deschis	de	0.054852
deschis	la	0.037975
deschis	despre	0.037975
deschis	dosar	0.033755
deschis	cu	0.025316
deschis	că	0.021097
deschis	și	0.021097
deschis	calea	0.016878
deschis	pe	0.012658
deschis	casele	0.012658
deschis	sezonul	0.012658
deschis	pentru	0.012658
deschis	către	0.012658
determinat	pe	0.269231
determinat	să	0.153846
determinat	o	0.134615
determinat	de	0.134615
devine	din	0.096774
devine	tot	0.096774
devine	un	0.064516
devine	mai	0.064516
devine	astfel	0.056452
devine	o	0.056452
devine	foarte	0.040323
devine	cu	0.032258
devine	ora	0.032258
devine	în	0.032258
devine	și	0.024194
devine	unul	0.024194
devină	un	0.168831
devină	o	0.090909
devină	mai	0.077922
devină	mamă	0.038961
devină	tată	0.038961
devină	realitate	0.038961
dezamăgit	de	0.444444
dezastru	pe	0.115385
dezastru	pentru	0.115385
diana	și	0.176471
diferenţa	dintre	0.230769
diferit	de	0.321429
diferit	în	0.089286
diferit	față	0.053571
dimineata	si	0.142857
dimineață	la	0.186567
dimineață	în	0.126866
dimineață	pe	0.074627
dimineață	de	0.037313
dimineață	după	0.037313
dimineață	cu	0.037313
dimineață	că	0.037313
dimineață	până	0.029851
dimineață	și	0.029851
dimineață	din	0.022388
dimineață	iar	0.022388
din	cauza	0.058509
din	partea	0.032811
din	cadrul	0.032505
din	nou	0.028910
din	acest	0.018432
din	care	0.018432
din	rusia	0.017132
din	ce	0.015908
din	păcate	0.015449
din	punct	0.014532
din	lume	0.013843
din	urmă	0.012620
din	europa	0.012390
din	această	0.012084
din	zona	0.011778
din	alba	0.011090
din	cele	0.009178
din	marea	0.008107
din	toate	0.007419
din	întreaga	0.007113
din	sua	0.006272
din	anul	0.006195
din	germania	0.006119
din	primele	0.006119
din	jurul	0.005736
din	mediul	0.005507
din	de	0.005430
din	ţară	0.005201
din	oraș	0.005124
din	luna	0.004971
din	domeniul	0.004971
din	mai	0.004971
din	viața	0.004895
din	cei	0.004818
din	a	0.004818
din	zonă	0.004589
din	jur	0.004436
din	istoria	0.004283
din	alte	0.004283
din	prima	0.004207
dincolo	de	0.955752
dinspre	mare	0.125000
directorului	general	0.444444
discuţie	în	0.250000
discuţie	cu	0.156250
discuţii	cu	0.371429
disponibil	în	0.175000
disponibil	pentru	0.150000
disponibil	pe	0.150000
disponibil	cu	0.100000
disponibil	și	0.100000
dispozitiv	de	0.250000
dispoziţie	de	0.272727
dispoziţie	şi	0.136364
dispărea	din	0.230769
dispărea	ca	0.230769
distanţă	de	0.571429
distractiv	și	0.428571
distrus	o	0.128713
distrus	de	0.108911
distrus	în	0.079208
distrus	două	0.069307
distrus	un	0.059406
distrus	totul	0.029703
divizia	a	0.333333
divizia	de	0.333333
do	it	0.600000
doare	capul	0.161290
doare	la	0.129032
doi	ani	0.279799
doi	copii	0.092848
doi	au	0.085320
doi	tineri	0.040151
doi	s	0.035132
doi	dintre	0.025094
doi	în	0.020075
doi	bani	0.018821
doi	se	0.018821
doi	și	0.015056
doi	oameni	0.013802
doi	sunt	0.013802
doi	bărbaţi	0.013802
doi	nu	0.013802
doi	din	0.011292
doi	membri	0.011292
doi	băieți	0.010038
doi	trei	0.008783
doi	cu	0.008783
doi	de	0.008783
doi	mari	0.008783
doi	al	0.008783
doi	metri	0.007528
doi	la	0.007528
doi	jucători	0.006274
doi	fii	0.006274
doi	elevi	0.006274
doi	să	0.006274
doi	sau	0.005019
doi	dar	0.005019
doi	ar	0.005019
doi	câini	0.005019
doi	parteneri	0.005019
doi	este	0.005019
doi	bătrâni	0.005019
doi	băieţi	0.005019
doi	muncitori	0.005019
doi	a	0.005019
doi	colegi	0.003764
doi	agenţi	0.003764
domiciliu	iar	0.109091
domiciliu	în	0.109091
domiciliu	sau	0.109091
domiciliu	a	0.072727
domiciliu	şi	0.054545
domiciliu	pentru	0.054545
domiciliu	cu	0.054545
doresti	sa	0.625000
doreşte	să	0.411765
doreşte	ca	0.117647
dorit	să	0.460432
dorit	ca	0.093525
dorit	o	0.071942
dorit	de	0.035971
dorit	cu	0.021583
dorit	sa	0.021583
dorit	în	0.021583
dosarul	de	0.170732
dosarul	a	0.158537
dosarul	în	0.097561
dosarul	cu	0.048780
dosarul	va	0.036585
dosarul	privind	0.036585
dosarul	nr	0.036585
dovezi	că	0.157895
dovezi	ale	0.131579
dovezi	care	0.105263
dovezi	clare	0.078947
dragostea	de	0.125000
dragostea	lor	0.075000
dragostea	adevărată	0.075000
dragostea	şi	0.075000
dramatic	în	0.260870
drum	spre	0.161290
drum	de	0.080645
drum	din	0.053763
drum	cu	0.053763
drum	bun	0.037634
drum	și	0.032258
drum	în	0.032258
drum	lung	0.032258
drum	a	0.026882
drum	fără	0.026882
drum	lin	0.026882
drum	care	0.021505
drum	drept	0.021505
drum	iar	0.016129
drum	să	0.016129
drum	se	0.016129
drum	sau	0.016129
drum	nu	0.016129
drum	unde	0.016129
drumul	spre	0.122699
drumul	la	0.104294
drumul	de	0.055215
drumul	lor	0.036810
drumul	către	0.036810
drumul	pentru	0.030675
drumul	cel	0.030675
drumul	și	0.030675
drumul	pe	0.030675
drumul	care	0.030675
drumul	naţional	0.024540
drumul	său	0.024540
drumul	lui	0.024540
drumul	în	0.018405
drumul	era	0.018405
drumul	e	0.018405
du	te	0.809524
dublă	greșeală	0.138889
dublă	iar	0.111111
dublă	față	0.083333
dublă	în	0.083333
duci	la	0.370370
dulciuri	și	0.545455
duminica	a	0.142857
duminica	tuturor	0.107143
durata	de	0.433962
durata	celor	0.056604
durează	mai	0.142857
durează	de	0.142857
durează	în	0.122449
durează	până	0.081633
durează	ore	0.061224
durerea	de	0.120000
durerea	și	0.120000
dureze	mai	0.363636
dură	în	0.166667
dură	a	0.125000
dus	la	0.522184
dus	în	0.051195
dus	o	0.044369
dus	de	0.030717
dus	pe	0.027304
dus	cu	0.023891
dus	întors	0.020478
dus	să	0.020478
dus	acolo	0.013652
dus	mai	0.013652
dus	acasă	0.010239
dus	și	0.010239
dvs	de	0.170213
dvs	pe	0.063830
dvs	are	0.063830
dvs	este	0.063830
echipaj	de	0.458333
echipaj	medical	0.194444
echipaj	al	0.138889
echipaj	uman	0.069444
echipei	de	0.204545
echipei	sale	0.159091
echipei	din	0.102273
echipei	și	0.034091
echipei	noastre	0.034091
echipele	de	0.446429
echipele	din	0.107143
echipele	au	0.071429
echipele	care	0.053571
efort	de	0.181818
efort	și	0.090909
efort	pentru	0.054545
efort	în	0.054545
efort	dar	0.054545
egal	cu	0.326087
egal	la	0.217391
electrică	și	0.145695
electrică	a	0.125828
electrică	de	0.086093
electrică	în	0.086093
electrică	din	0.072848
electrică	şi	0.059603
electrică	pentru	0.033113
electrică	cu	0.033113
electrică	s	0.026490
electrică	pe	0.019868
electrică	iar	0.019868
electrică	nu	0.019868
electrică	au	0.019868
energia	electrică	0.280000
energia	nucleară	0.080000
energia	și	0.080000
energia	verde	0.056000
energia	de	0.032000
energia	inteligentă	0.032000
energia	este	0.024000
energia	cu	0.024000
energia	în	0.024000
energia	necesară	0.024000
energia	ca	0.024000
energia	pentru	0.024000
energia	pe	0.024000
erau	în	0.079872
erau	de	0.076677
erau	deja	0.063898
erau	foarte	0.047923
erau	la	0.035144
erau	cu	0.035144
erau	pe	0.028754
erau	copii	0.019169
erau	mai	0.019169
erau	oameni	0.015974
erau	in	0.015974
erau	suficiente	0.015974
erau	și	0.015974
erau	încă	0.012780
erau	si	0.012780
erau	o	0.012780
erau	membri	0.012780
erau	doi	0.009585
erau	folosite	0.009585
erau	cazuri	0.009585
erau	persoane	0.009585
erau	femei	0.009585
erau	aceste	0.009585
erau	acolo	0.009585
erau	cele	0.009585
etajul	al	0.347826
etajul	patru	0.130435
etajul	doi	0.065217
evenimente	de	0.153846
evenimente	care	0.076923
evenimente	la	0.054945
evenimente	din	0.043956
evenimente	în	0.043956
evenimente	sunt	0.032967
evenimente	cu	0.032967
evenimente	și	0.032967
eventual	să	0.090909
eventual	cu	0.090909
eventual	la	0.068182
evitat	să	0.375000
evrei	la	0.230769
exactă	a	0.545455
examenul	de	0.571429
exemplu	în	0.082707
exemplu	de	0.060150
exemplu	la	0.052632
exemplu	pe	0.041353
exemplu	un	0.037594
exemplu	dacă	0.037594
exemplu	o	0.037594
exemplu	pentru	0.030075
exemplu	a	0.030075
exemplu	este	0.026316
exemplu	sau	0.018797
exemplu	cu	0.018797
exemplu	nu	0.015038
exemplu	au	0.015038
exemplu	care	0.015038
exemplu	din	0.015038
exemplu	am	0.011278
exemplu	ar	0.011278
exemplu	mai	0.011278
există	o	0.186761
există	un	0.087470
există	și	0.081560
există	nicio	0.040189
există	în	0.030733
există	şi	0.027187
există	mai	0.022459
există	multe	0.022459
există	niciun	0.021277
există	de	0.018913
există	însă	0.017730
există	riscul	0.014184
există	două	0.014184
există	posibilitatea	0.013002
există	deja	0.010638
există	doar	0.008274
există	informații	0.008274
există	această	0.008274
există	încă	0.008274
există	câteva	0.007092
există	la	0.005910
există	motive	0.005910
există	pe	0.005910
există	semne	0.005910
există	nimic	0.005910
există	trei	0.005910
există	loc	0.005910
există	indicii	0.005910
există	probleme	0.004728
există	anumite	0.004728
există	persoane	0.004728
există	ceva	0.004728
există	astfel	0.004728
există	cerere	0.004728
există	totuși	0.004728
există	diverse	0.004728
există	resurse	0.003546
există	suficiente	0.003546
există	dovezi	0.003546
există	legi	0.003546
explozia	de	0.400000
explozia	a	0.150000
explozie	a	0.238095
explozie	de	0.238095
explozie	puternică	0.095238
explozie	care	0.071429
extraordinară	a	0.450000
extraordinară	de	0.150000
eşti	în	0.166667
fabrică	de	0.571429
faceti	voi	0.121212
faceti	ceva	0.090909
factura	la	0.405405
factura	de	0.108108
factura	a	0.081081
factura	pentru	0.081081
falsă	a	0.307692
fani	în	0.107143
fani	care	0.107143
fani	ai	0.107143
fata	de	0.346369
fata	a	0.100559
fata	locului	0.039106
fata	care	0.033520
fata	unei	0.033520
fata	din	0.016760
fata	se	0.016760
fata	ar	0.016760
fata	cu	0.016760
fata	era	0.016760
favoarea	lui	0.187500
favoarea	lor	0.093750
favoarea	sa	0.093750
fața	locului	0.533528
fața	unei	0.046647
fața	lui	0.043732
fața	celor	0.040816
fața	unui	0.029155
fața	publicului	0.023324
fața	casei	0.017493
fața	noastră	0.014577
fața	legii	0.014577
fața	unor	0.011662
fața	camerei	0.011662
fața	sa	0.008746
fața	în	0.008746
fața	ei	0.008746
fața	spre	0.008746
fața	a	0.008746
fața	ta	0.008746
fața	copiilor	0.008746
februarie	a	0.103226
februarie	în	0.077419
februarie	și	0.048387
februarie	de	0.035484
februarie	ora	0.032258
februarie	la	0.029032
februarie	şi	0.025806
februarie	pe	0.019355
februarie	curent	0.019355
februarie	când	0.019355
februarie	după	0.019355
februarie	este	0.019355
februarie	au	0.019355
februarie	am	0.019355
februarie	potrivit	0.019355
februarie	anul	0.019355
februarie	s	0.019355
februarie	cu	0.016129
februarie	nu	0.016129
februarie	până	0.016129
februarie	se	0.016129
februarie	o	0.012903
februarie	martie	0.012903
februarie	dar	0.009677
februarie	că	0.009677
februarie	perioadă	0.009677
februarie	iar	0.009677
februarie	si	0.009677
februarie	pentru	0.009677
federal	de	0.217391
fel	de	0.422517
fel	ca	0.197351
fel	și	0.058278
fel	cum	0.039735
fel	încât	0.034437
fel	se	0.019868
fel	a	0.017219
fel	cu	0.011921
fel	şi	0.011921
fel	si	0.010596
fel	sunt	0.007947
fel	sau	0.007947
fel	va	0.005298
fel	nu	0.005298
fel	este	0.005298
fel	in	0.003974
fel	au	0.003974
fel	pentru	0.003974
fel	iar	0.003974
fel	să	0.003974
fel	e	0.003974
fel	trebuie	0.003974
fel	am	0.003974
fel	în	0.003974
femeia	a	0.321782
femeia	care	0.069307
femeia	de	0.059406
femeia	este	0.054455
femeia	nu	0.054455
femeia	cu	0.029703
femeia	se	0.029703
femeia	era	0.029703
femeia	în	0.029703
femeia	din	0.029703
femeia	pe	0.024752
femeia	s	0.014851
femeia	are	0.014851
femeia	ar	0.014851
femeia	spune	0.014851
femeile	din	0.127273
femeile	care	0.109091
femeile	au	0.063636
femeile	sunt	0.054545
femeile	să	0.054545
femeile	cu	0.045455
femeile	ar	0.045455
femeile	se	0.045455
femeile	pe	0.036364
femeile	şi	0.036364
femeile	copiii	0.036364
femeile	și	0.036364
fie	că	0.046423
fie	mai	0.040335
fie	în	0.036530
fie	de	0.033486
fie	un	0.031202
fie	la	0.026636
fie	o	0.025875
fie	ca	0.022070
fie	cu	0.015982
fie	și	0.015221
fie	foarte	0.014460
fie	gata	0.012938
fie	din	0.011416
fie	pe	0.010654
fie	cât	0.008371
fie	una	0.008371
fie	mult	0.008371
fie	prin	0.007610
fie	pentru	0.007610
fie	el	0.007610
fie	cel	0.006849
fie	cea	0.006849
fie	au	0.006849
fie	bine	0.006088
fie	nevoie	0.006088
fie	unul	0.006088
fie	nu	0.005327
fie	si	0.005327
fie	greu	0.005327
fie	făcută	0.004566
fie	prezentat	0.004566
fie	judecat	0.004566
fie	luate	0.004566
fie	ea	0.004566
fie	şi	0.004566
fie	vorba	0.004566
fie	frică	0.004566
fie	făcut	0.003805
fie	testat	0.003805
fie	tot	0.003805
film	de	0.186047
film	cu	0.081395
film	în	0.069767
film	care	0.058140
film	pe	0.058140
film	din	0.058140
film	a	0.034884
film	și	0.034884
filmul	a	0.122807
filmul	lui	0.070175
filmul	care	0.070175
filmul	este	0.070175
filmul	the	0.052632
filmul	se	0.052632
financiare	în	0.103896
financiare	de	0.064935
financiare	și	0.064935
financiare	din	0.051948
financiare	ci	0.038961
financiare	şi	0.038961
financiare	pentru	0.038961
financiare	dar	0.038961
financiare	nu	0.038961
firmei	care	0.225806
firmei	de	0.129032
firmă	de	0.391304
firmă	care	0.108696
firmă	în	0.065217
fiu	al	0.090909
fiu	în	0.040404
fiu	mai	0.040404
fiu	cât	0.030303
fiu	prezent	0.030303
fiu	și	0.030303
fiu	un	0.030303
fiul	său	0.253846
fiul	lui	0.200000
fiul	ei	0.146154
fiul	meu	0.053846
fiul	lor	0.053846
fiul	unui	0.046154
fiul	cel	0.046154
fiul	de	0.030769
fiului	său	0.307692
fiului	ei	0.269231
fiului	lor	0.115385
fiului	lui	0.115385
fix	în	0.129032
fix	la	0.112903
fix	pe	0.080645
fix	in	0.064516
fix	pentru	0.048387
fix	de	0.048387
fizic	și	0.121212
fizic	de	0.090909
fizic	pe	0.075758
fizic	în	0.075758
fizic	cât	0.060606
fizic	la	0.060606
fizic	după	0.045455
fizice	și	0.240506
fizice	sau	0.063291
fizice	care	0.063291
fizice	şi	0.063291
fizice	în	0.037975
fizice	pot	0.037975
fizice	au	0.037975
flăcări	în	0.227273
foame	si	0.166667
foame	la	0.125000
foc	de	0.104167
foc	și	0.090278
foc	la	0.090278
foc	în	0.062500
foc	mic	0.041667
foc	pentru	0.034722
foc	automat	0.027778
foc	pe	0.027778
foc	a	0.020833
foc	iar	0.020833
foc	cu	0.020833
foc	continuu	0.020833
foc	nu	0.020833
foc	o	0.020833
foc	mediu	0.020833
folosească	pentru	0.133333
folosească	în	0.083333
folosească	arme	0.066667
folosească	apa	0.066667
folosească	pe	0.050000
folosească	o	0.050000
fond	de	0.181818
fond	pentru	0.072727
fond	special	0.072727
fond	a	0.072727
fond	care	0.054545
fond	în	0.054545
format	din	0.392523
format	în	0.084112
format	o	0.084112
format	fizic	0.065421
format	un	0.046729
format	de	0.028037
format	pentru	0.028037
forme	de	0.311111
forme	grave	0.111111
forţă	ca	0.187500
forţă	de	0.187500
fostul	ministru	0.193396
fostul	primar	0.089623
fostul	preşedinte	0.056604
fostul	lider	0.051887
fostul	ei	0.042453
fostul	jucător	0.033019
fostul	director	0.033019
fostul	mare	0.033019
fostul	secretar	0.028302
fostul	iubit	0.028302
fostul	antrenor	0.023585
fostul	prim	0.023585
fostul	şef	0.023585
fostul	număr	0.018868
fostul	procuror	0.018868
fostul	său	0.014151
fostul	senator	0.014151
fostul	căpitan	0.014151
fostul	consilier	0.014151
fostul	comandant	0.014151
fratele	său	0.196078
fratele	lui	0.137255
fratele	meu	0.117647
fratele	ei	0.098039
fratele	mai	0.078431
frumoasă	poveste	0.157303
frumoasă	și	0.101124
frumoasă	pe	0.056180
frumoasă	a	0.056180
frumoasă	în	0.033708
fuge	de	0.500000
fugi	de	0.230769
fugă	din	0.282051
fugă	de	0.179487
fugă	în	0.128205
fugă	și	0.076923
functioneaza	ca	0.272727
funcţiona	în	0.157895
furtul	din	0.230769
furtul	a	0.230769
fusese	internat	0.060976
fusese	deja	0.048780
fusese	condamnat	0.048780
fusese	la	0.036585
fusese	luat	0.036585
fusese	încă	0.036585
fă	o	0.181818
făcând	parte	0.175000
făcând	apel	0.100000
g	media	0.141732
g	de	0.086614
g	a	0.047244
g	care	0.047244
g	au	0.047244
g	după	0.039370
g	nr	0.031496
g	să	0.031496
g	și	0.031496
g	pentru	0.023622
g	la	0.023622
g	km	0.023622
g	din	0.023622
gabriel	din	0.300000
galben	de	0.600000
galben	și	0.077778
galben	şi	0.044444
galben	este	0.033333
garanta	că	0.307692
garanta	securitatea	0.307692
general	al	0.388060
general	de	0.066098
general	pentru	0.044776
general	adjunct	0.040512
general	și	0.029851
general	în	0.027719
general	la	0.025586
general	a	0.023454
general	între	0.017058
general	din	0.012793
general	s	0.010661
general	şi	0.010661
general	să	0.010661
general	cu	0.008529
general	nu	0.008529
general	slabe	0.008529
general	sau	0.008529
general	au	0.006397
general	este	0.006397
general	tot	0.006397
general	o	0.006397
general	sunt	0.006397
general	rus	0.006397
generalul	r	0.172414
generalul	rus	0.137931
generalul	maior	0.137931
generalul	de	0.103448
generală	a	0.302326
generală	de	0.151163
generală	pentru	0.046512
generală	la	0.034884
generală	și	0.034884
generală	în	0.034884
generală	şi	0.034884
germană	a	0.281250
ghinion	în	0.272727
goală	în	0.272727
gratis	la	0.157895
grea	și	0.087719
grea	încercare	0.070175
grea	va	0.070175
grea	care	0.070175
grea	pentru	0.070175
grea	iar	0.052632
grea	să	0.052632
grea	în	0.052632
grijă	de	0.373984
grijă	să	0.138211
grijă	la	0.065041
grijă	și	0.048780
grijă	ca	0.040650
grijă	în	0.032520
grijă	pentru	0.032520
grijă	că	0.032520
grijă	cu	0.024390
groapa	de	0.500000
groapa	comună	0.222222
groapa	cu	0.166667
groază	la	0.266667
groază	de	0.200000
grozav	să	0.214286
grozavă	pentru	0.300000
grupul	de	0.443396
grupul	a	0.094340
grupul	rus	0.066038
grupul	celor	0.037736
grupul	francez	0.028302
gura	si	0.075472
gura	pe	0.075472
gura	mare	0.075472
gura	de	0.075472
gura	bate	0.056604
gura	sa	0.056604
gura	până	0.056604
gura	lui	0.056604
gândească	la	0.304348
gândul	la	0.411765
gândul	că	0.205882
gândul	de	0.088235
gât	și	0.238095
găsirea	unui	0.363636
găsit	în	0.117089
găsit	o	0.110759
găsit	un	0.079114
găsit	mort	0.066456
găsit	pe	0.050633
găsit	de	0.041139
găsit	la	0.034810
găsit	fără	0.018987
găsit	vinovat	0.015823
găsit	și	0.015823
găsit	cadavrul	0.012658
găsit	nicio	0.012658
găsit	dovezi	0.012658
găsit	două	0.009494
găsit	mai	0.009494
găsit	nimic	0.009494
găsit	sfârşitul	0.009494
găsit	şi	0.009494
găsită	în	0.222222
găsită	de	0.158730
găsită	o	0.111111
găsită	la	0.079365
găsită	vinovată	0.079365
găsită	fără	0.063492
găsită	moartă	0.047619
gătit	în	0.178571
gătit	la	0.142857
ha	ha	0.240000
ha	de	0.120000
hotel	din	0.328125
hotel	de	0.296875
hotel	în	0.062500
hotelul	de	0.307692
hrana	pentru	0.166667
i	a	0.329758
i	au	0.098962
i	se	0.054325
i	s	0.051211
i	am	0.045675
i	ar	0.033564
i	mai	0.008651
i	o	0.008651
i	pe	0.008304
i	de	0.007612
i	dea	0.006920
i	în	0.006574
i	ajuta	0.006574
i	l	0.005882
i	un	0.005882
i	și	0.005882
i	ajute	0.005190
i	c	0.005190
i	le	0.004844
i	p	0.004498
i	ai	0.004498
i	v	0.004498
i	n	0.004152
i	place	0.004152
i	că	0.003806
i	la	0.003806
i	să	0.003460
i	i	0.003460
i	este	0.003460
i	va	0.003460
i	al	0.003114
i	așa	0.003114
i	spună	0.003114
i	dau	0.003114
i	fie	0.003114
i	cu	0.003114
i	drept	0.003114
i	vor	0.002768
i	face	0.002768
i	asa	0.002768
ia	în	0.162371
ia	măsuri	0.056701
ia	o	0.051546
ia	de	0.043814
ia	la	0.030928
ia	pe	0.025773
ia	un	0.025773
ia	cu	0.023196
ia	din	0.020619
ia	parte	0.018041
ia	sa	0.015464
ia	legătura	0.012887
ia	decizii	0.012887
ia	mai	0.012887
ia	locul	0.010309
ia	decizia	0.010309
ia	rămas	0.010309
ia	atitudine	0.010309
ia	și	0.010309
ia	in	0.010309
ia	copiii	0.010309
ia	i	0.010309
ia	nicio	0.007732
ia	si	0.007732
ia	deciziile	0.007732
ia	uite	0.007732
ia	foc	0.007732
ia	cele	0.007732
ia	drumul	0.007732
iarba	de	0.300000
ideal	pentru	0.465116
ideal	ar	0.139535
ideal	este	0.069767
ieri	în	0.078534
ieri	a	0.068063
ieri	la	0.068063
ieri	de	0.036649
ieri	au	0.036649
ieri	cu	0.031414
ieri	s	0.031414
ieri	din	0.026178
ieri	un	0.026178
ieri	pe	0.020942
ieri	am	0.020942
ieri	și	0.020942
ieri	nu	0.015707
ieri	că	0.015707
ieri	după	0.015707
ieri	septembrie	0.015707
ieri	februarie	0.015707
ieri	bărbatul	0.015707
ieri	i	0.015707
ieri	când	0.015707
ieşire	din	0.500000
ieşire	la	0.187500
ieşirea	din	0.615385
ieșit	din	0.226950
ieșit	în	0.198582
ieșit	la	0.099291
ieșit	pe	0.063830
ieșit	să	0.035461
ieșit	și	0.035461
ieșit	bine	0.028369
ieșit	de	0.028369
ieșit	cu	0.021277
ieșit	pozitiv	0.021277
ieșit	acum	0.021277
iisus	hristos	0.533333
iisus	a	0.100000
imaginat	că	0.312500
imensă	de	0.187500
imperiul	roman	0.230769
implica	în	0.250000
implică	o	0.137255
implică	și	0.098039
implică	în	0.098039
implică	un	0.078431
importanta	pentru	0.272727
imposibil	să	0.433962
imposibil	de	0.283019
imposibil	ca	0.113208
impresionant	de	0.157895
in	care	0.045484
in	urma	0.022092
in	acest	0.018194
in	timp	0.016569
in	fata	0.016244
in	mod	0.013645
in	rusia	0.012346
in	loc	0.012021
in	plus	0.011046
in	afara	0.010721
in	cazul	0.010396
in	tara	0.010071
in	zona	0.009422
in	cap	0.009422
in	ce	0.008772
in	continuare	0.007797
in	aceasta	0.007472
in	jurul	0.007147
in	europa	0.007147
in	ultimii	0.006823
in	a	0.006498
in	vedere	0.006498
in	alte	0.006498
in	casa	0.006498
in	primul	0.006498
in	sua	0.006173
in	mai	0.006173
in	cadrul	0.005848
in	schimb	0.005848
in	de	0.005848
in	caz	0.005523
in	perioada	0.005198
in	locul	0.005198
in	toate	0.005198
in	prezent	0.005198
in	timpul	0.005198
in	lumea	0.004873
in	frunte	0.004873
in	stare	0.004873
in	fiecare	0.004873
inca	o	0.154412
inca	de	0.110294
inca	nu	0.095588
inca	in	0.073529
inca	un	0.066176
inca	din	0.058824
inca	ceva	0.044118
inca	mai	0.036765
inca	n	0.036765
inca	se	0.022059
incepe	sa	0.307692
incepe	si	0.115385
inclusiv	în	0.136020
inclusiv	la	0.065491
inclusiv	de	0.060453
inclusiv	cu	0.055416
inclusiv	pe	0.050378
inclusiv	cele	0.040302
inclusiv	pentru	0.040302
inclusiv	un	0.037783
inclusiv	o	0.037783
inclusiv	din	0.030227
inclusiv	a	0.030227
inclusiv	copii	0.017632
inclusiv	prin	0.017632
inclusiv	cel	0.015113
inclusiv	cei	0.012594
inclusiv	rusia	0.010076
inclusiv	unele	0.007557
inclusiv	al	0.007557
inclusiv	trei	0.007557
inclusiv	să	0.007557
inclusiv	sua	0.007557
india	a	0.184211
india	și	0.157895
india	si	0.078947
india	china	0.078947
indian	wells	0.600000
individul	a	0.166667
individul	este	0.125000
informat	că	0.145161
informat	marţi	0.064516
informat	luni	0.064516
informat	sâmbătă	0.064516
informat	de	0.064516
informat	despre	0.064516
informat	pe	0.048387
informat	și	0.048387
informaţiile	despre	0.266667
informații	despre	0.162055
informații	și	0.083004
informații	de	0.067194
informații	din	0.039526
informații	care	0.035573
informații	false	0.031621
informații	în	0.027668
informații	sunt	0.027668
informații	se	0.027668
informații	privind	0.023715
informații	pe	0.023715
informații	cu	0.023715
informații	un	0.023715
informații	că	0.019763
informații	militare	0.015810
informații	al	0.015810
informații	americane	0.011858
informații	conform	0.011858
informații	au	0.011858
informații	suplimentare	0.011858
informații	a	0.011858
inimile	noastre	0.346154
inimile	lor	0.115385
intampla	in	0.161290
intampla	acum	0.129032
intampla	cu	0.129032
intampla	si	0.096774
interes	pentru	0.181818
interes	public	0.077922
interes	în	0.077922
interes	să	0.077922
interes	de	0.064935
interes	deosebit	0.038961
interes	local	0.038961
interes	și	0.038961
interesat	de	0.400000
interesat	să	0.200000
interesată	de	0.666667
interesul	pentru	0.170213
interesul	lor	0.063830
interesul	de	0.063830
intraţi	în	0.750000
intrebare	pentru	0.333333
invitat	la	0.242857
invitat	în	0.142857
invitat	de	0.085714
invitat	special	0.071429
invitat	pe	0.071429
invitat	să	0.057143
iris	t	0.750000
istoria	se	0.092784
istoria	sa	0.061856
istoria	nu	0.061856
istoria	de	0.041237
istoria	și	0.041237
istoria	a	0.041237
istoria	lumii	0.030928
istoria	noastră	0.030928
istoria	clubului	0.030928
istoria	lor	0.030928
iti	place	0.089888
iti	este	0.044944
iti	spun	0.044944
iti	doresti	0.044944
iti	dai	0.044944
iti	faci	0.033708
iti	face	0.033708
iubit	al	0.200000
iubit	de	0.142857
iubita	lui	0.571429
iubita	sa	0.142857
iveală	că	0.200000
j	c	0.300000
japonia	a	0.166667
japonia	și	0.116667
japonia	şi	0.066667
joacă	în	0.157143
joacă	pe	0.078571
joacă	un	0.064286
joacă	la	0.057143
joacă	rolul	0.050000
joacă	cu	0.050000
joacă	de	0.042857
joacă	din	0.035714
joacă	și	0.028571
joacă	pentru	0.028571
joc	de	0.198157
joc	la	0.073733
joc	un	0.069124
joc	cu	0.041475
joc	din	0.036866
joc	și	0.036866
joc	a	0.032258
joc	care	0.032258
joc	în	0.032258
joc	mai	0.032258
joc	dar	0.018433
joc	pentru	0.018433
joc	ca	0.018433
joc	o	0.013825
joc	nu	0.013825
joc	pe	0.013825
joc	sunt	0.013825
joc	sau	0.013825
jocuri	de	0.323810
jocuri	video	0.085714
jocuri	din	0.057143
jocuri	și	0.057143
jocuri	în	0.047619
jocuri	ale	0.038095
jocuri	la	0.028571
jos	și	0.078534
jos	în	0.068063
jos	de	0.068063
jos	a	0.057592
jos	pe	0.052356
jos	cu	0.041885
jos	pentru	0.020942
jos	din	0.020942
jos	la	0.020942
jos	şi	0.015707
jos	au	0.015707
jos	vă	0.015707
juca	în	0.184211
juca	la	0.131579
juca	un	0.078947
juca	împotriva	0.070175
juca	de	0.043860
juca	pe	0.043860
juca	cu	0.043860
juca	in	0.026316
juca	și	0.026316
judecat	pentru	0.250000
judecat	în	0.100000
judecat	la	0.075000
judecata	si	0.363636
jurnalul	oficial	0.230769
k	la	0.103448
kim	a	0.333333
laboratorul	de	0.846154
lansare	a	0.212766
lansare	de	0.127660
lansare	cu	0.085106
lansare	și	0.063830
lansare	pentru	0.063830
laptele	și	0.307692
larg	în	0.095238
larg	după	0.071429
larg	al	0.071429
larg	de	0.071429
lasat	sa	0.333333
lasat	o	0.277778
leagă	rusia	0.103448
legi	care	0.164179
legi	a	0.104478
legi	ale	0.104478
legi	de	0.059701
legi	privind	0.044776
legi	au	0.044776
legii	au	0.206897
legii	nr	0.149425
legii	l	0.057471
legii	și	0.051724
legii	a	0.034483
legii	din	0.034483
legii	de	0.028736
legii	privind	0.028736
legii	i	0.028736
legii	în	0.022989
legii	pentru	0.017241
legile	nu	0.103448
legături	cu	0.611111
lemne	de	0.350000
lewis	hamilton	0.500000
li	se	0.601156
li	s	0.375723
lider	al	0.284314
lider	de	0.156863
lider	mondial	0.088235
lider	în	0.058824
lider	politic	0.049020
lider	la	0.029412
lider	pe	0.029412
lider	rus	0.029412
liderul	de	0.523810
liderul	aur	0.122449
liderul	rus	0.081633
liderul	grupului	0.034014
liderul	social	0.034014
liderul	din	0.027211
liderul	nord	0.020408
limitele	de	0.190476
limpede	că	0.444444
linia	de	0.435897
linia	întâi	0.064103
linia	verde	0.038462
linia	sa	0.038462
linia	a	0.038462
lipsit	de	0.574468
lipsit	nici	0.106383
locuiesc	în	0.477273
locuiesc	pe	0.113636
locuiesc	in	0.068182
locurile	de	0.400000
locurile	sunt	0.085714
locurile	în	0.071429
locurile	din	0.071429
locurile	unde	0.057143
logodnicul	ei	1.000000
lovit	de	0.193694
lovit	o	0.112613
lovit	un	0.094595
lovit	cu	0.081081
lovit	în	0.067568
lovit	și	0.031532
lovit	la	0.027027
lovit	pe	0.027027
lovit	mortal	0.018018
lovit	vineri	0.018018
lovit	mai	0.018018
lovit	bara	0.013514
lovit	violent	0.013514
lovit	mașina	0.013514
lovit	luni	0.013514
lovitura	de	0.475000
lovitura	a	0.100000
lovitura	în	0.075000
lovituri	cu	0.297872
lovituri	de	0.297872
lovituri	aeriene	0.106383
lovitură	de	0.397260
lovitură	pentru	0.136986
lovitură	liberă	0.082192
lovitură	a	0.054795
lovitură	dură	0.054795
lovitură	după	0.041096
luam	de	0.200000
luaţi	de	0.250000
luaţi	în	0.187500
lucrez	cu	0.263158
lucrez	la	0.263158
lucreze	cu	0.179487
lucreze	în	0.153846
lucreze	pentru	0.128205
lucreze	la	0.102564
lucreze	pe	0.064103
lucreze	împreună	0.038462
lucreze	ca	0.038462
lucreze	iar	0.038462
lucrul	acesta	0.324324
lucrul	cel	0.189189
lucrul	ăsta	0.135135
lui	putin	0.178082
lui	de	0.048306
lui	dumnezeu	0.046864
lui	a	0.038212
lui	și	0.018025
lui	nu	0.015862
lui	este	0.015862
lui	george	0.014420
lui	au	0.013699
lui	adrian	0.012978
lui	dan	0.012257
lui	în	0.011536
lui	din	0.011536
lui	cu	0.008652
lui	i	0.007931
lui	donald	0.007931
lui	să	0.007931
lui	hristos	0.007210
lui	la	0.007210
lui	david	0.007210
lui	klaus	0.007210
lui	s	0.006489
lui	pentru	0.005768
lui	hitler	0.005768
lui	se	0.005768
lui	e	0.005768
lui	o	0.005768
lui	şi	0.005047
lui	iisus	0.005047
lui	sunt	0.005047
lui	si	0.005047
lui	daniel	0.005047
lui	un	0.004326
lui	robert	0.004326
lui	johnson	0.004326
lui	februarie	0.003605
lui	in	0.003605
lui	însă	0.003605
lui	că	0.003605
lui	pe	0.003605
lumi	de	0.250000
lumii	în	0.072072
lumii	nu	0.054054
lumii	se	0.054054
lumii	dar	0.054054
lumii	de	0.045045
lumii	din	0.045045
lumii	întregi	0.036036
lumii	că	0.036036
lumii	a	0.036036
lumii	care	0.027027
lumii	să	0.027027
lumii	precum	0.027027
lumii	și	0.027027
luminii	naturale	0.428571
luna	mai	0.103279
luna	trecută	0.081967
luna	martie	0.075410
luna	iulie	0.067213
luna	ianuarie	0.062295
luna	iunie	0.059016
luna	aprilie	0.055738
luna	august	0.054098
luna	februarie	0.054098
luna	septembrie	0.047541
luna	octombrie	0.045902
luna	aceasta	0.042623
luna	noiembrie	0.040984
luna	decembrie	0.034426
luna	plină	0.021311
luna	viitoare	0.019672
luna	nouă	0.013115
luna	a	0.013115
luna	de	0.011475
luna	în	0.008197
luna	este	0.004918
luna	ca	0.004918
luna	următoare	0.004918
luni	de	0.160901
luni	în	0.062751
luni	la	0.049879
luni	din	0.041030
luni	ale	0.033789
luni	că	0.026549
luni	seară	0.026549
luni	după	0.025744
luni	a	0.025744
luni	și	0.022526
luni	pentru	0.020917
luni	mai	0.018504
luni	pe	0.017699
luni	până	0.014481
luni	cu	0.014481
luni	o	0.013677
luni	şi	0.012068
luni	seara	0.012068
luni	ianuarie	0.011263
luni	iar	0.009654
luni	înainte	0.008850
luni	un	0.008850
luni	dimineață	0.008045
luni	au	0.008045
luni	este	0.007241
luni	august	0.007241
luni	noiembrie	0.007241
luni	octombrie	0.007241
luni	iunie	0.007241
luni	spre	0.006436
luni	decembrie	0.006436
luni	folosit	0.006436
luni	si	0.005632
luni	dimineaţă	0.005632
luni	septembrie	0.005632
luni	martie	0.005632
luni	sau	0.005632
luni	februarie	0.005632
luni	s	0.005632
luni	am	0.005632
lupt	pentru	0.833333
luptat	în	0.183673
luptat	pentru	0.163265
luptat	cu	0.122449
luptat	mai	0.061224
luptat	la	0.061224
luptă	pentru	0.163090
luptă	cu	0.072961
luptă	în	0.068670
luptă	de	0.060086
luptă	și	0.055794
luptă	împotriva	0.047210
luptă	din	0.038627
luptă	al	0.021459
luptă	f	0.021459
luptă	ale	0.021459
luptă	pe	0.017167
luptă	nu	0.017167
luptă	să	0.017167
luptă	este	0.017167
luptă	va	0.012876
luptă	după	0.012876
luptă	iar	0.012876
luptă	şi	0.012876
luptă	a	0.012876
luptă	la	0.012876
luând	în	0.350000
luăm	în	0.153846
luăm	și	0.061538
luăm	de	0.061538
luăm	măsuri	0.061538
luăm	decizii	0.046154
lângă	faptul	0.055556
lângă	o	0.033333
lângă	cele	0.033333
lângă	ea	0.029630
lângă	un	0.029630
lângă	noi	0.025926
lângă	mine	0.025926
lângă	el	0.022222
lângă	tine	0.022222
lângă	cei	0.014815
lângă	acestea	0.014815
lângă	cel	0.011111
lângă	aceste	0.011111
lângă	aceasta	0.011111
lângă	această	0.011111
lăsa	să	0.129032
lăsa	în	0.096774
magică	a	0.500000
mainile	in	0.333333
majestatea	sa	1.000000
majoritatea	oamenilor	0.090909
majoritatea	în	0.070707
majoritatea	celor	0.070707
majoritatea	sunt	0.060606
majoritatea	dintre	0.060606
majoritatea	nu	0.040404
majoritatea	au	0.040404
majoritatea	acestor	0.040404
majoritatea	fiind	0.030303
majoritatea	de	0.030303
majoritatea	victimelor	0.030303
mal	de	0.230769
mana	pe	0.200000
mana	de	0.157143
mana	si	0.071429
mana	pentru	0.057143
mana	in	0.042857
mana	lor	0.042857
mana	sa	0.042857
mana	a	0.042857
mana	cu	0.042857
mare	de	0.115049
mare	parte	0.092388
mare	decât	0.047066
mare	în	0.035445
mare	a	0.034863
mare	și	0.033701
mare	din	0.023242
mare	pentru	0.021499
mare	cu	0.019175
mare	şi	0.013364
mare	succes	0.012202
mare	pe	0.012202
mare	la	0.012202
mare	nevoie	0.011040
mare	este	0.011040
mare	iar	0.009297
mare	si	0.009297
mare	nu	0.008716
mare	lucru	0.008716
mare	au	0.008716
mare	grijă	0.008135
mare	care	0.008135
mare	ca	0.008135
mare	număr	0.007554
mare	măsură	0.007554
mare	dar	0.006973
mare	companie	0.006392
mare	problemă	0.006392
mare	valoare	0.005811
mare	putere	0.005811
mare	risc	0.005811
mare	va	0.005811
mare	al	0.005811
mare	centrală	0.005230
mare	viteză	0.004648
mare	sau	0.004648
mare	se	0.004648
mare	să	0.004648
mare	decat	0.004067
mare	bucurie	0.004067
marfă	şi	0.125000
marte	în	0.285714
material	de	0.170732
material	și	0.097561
material	pentru	0.097561
max	și	0.200000
maşini	de	0.181818
maşini	şi	0.136364
maşini	electrice	0.090909
medic	de	0.147727
medic	primar	0.113636
medic	specialist	0.113636
medic	din	0.090909
medic	nu	0.045455
medic	şi	0.045455
medic	în	0.045455
medic	a	0.034091
medical	și	0.128571
medical	al	0.071429
medical	de	0.071429
medical	care	0.050000
medical	pentru	0.042857
medical	a	0.042857
medical	în	0.035714
medical	din	0.028571
medical	şi	0.028571
medical	cu	0.021429
medical	să	0.021429
medical	este	0.021429
medical	sosit	0.021429
medical	si	0.021429
medicamentele	de	0.400000
medicii	de	0.293578
medicii	au	0.238532
medicii	spun	0.082569
medicii	nu	0.036697
medicii	i	0.036697
medicii	şi	0.036697
medicii	care	0.027523
medicii	din	0.027523
medicii	ne	0.027523
mediu	de	0.169697
mediu	a	0.066667
mediu	în	0.066667
mediu	și	0.066667
mediu	au	0.042424
mediu	al	0.042424
mediu	pentru	0.036364
mediu	este	0.036364
mediu	şi	0.030303
mediu	din	0.024242
mediu	pe	0.018182
mediu	cu	0.018182
mediu	se	0.018182
membru	al	0.600000
membru	în	0.085714
membru	de	0.071429
membru	la	0.021429
membru	din	0.021429
merge	la	0.223140
merge	în	0.099174
merge	cu	0.066116
merge	mai	0.057851
merge	pe	0.057851
merge	bine	0.049587
merge	înainte	0.033058
merge	spre	0.020661
merge	și	0.016529
merge	si	0.016529
merge	de	0.016529
merge	așa	0.016529
merge	acolo	0.016529
merge	până	0.016529
merge	şi	0.016529
merge	prost	0.012397
merge	către	0.012397
merge	din	0.012397
merit	de	0.157895
mersi	ca	0.428571
mersul	pe	0.312500
mersul	cu	0.187500
mesaj	pe	0.129808
mesaj	de	0.129808
mesaj	în	0.081731
mesaj	video	0.081731
mesaj	pentru	0.052885
mesaj	cu	0.043269
mesaj	din	0.033654
mesaj	transmis	0.033654
mesaj	prin	0.028846
mesaj	care	0.028846
mesaj	al	0.024038
mesaj	către	0.014423
mesaj	puternic	0.014423
mesaj	oficial	0.014423
metri	de	0.213483
metri	liber	0.089888
metri	și	0.084270
metri	în	0.067416
metri	pe	0.033708
metri	şi	0.028090
metri	a	0.028090
metri	din	0.022472
metri	înălţime	0.022472
metri	pentru	0.022472
metri	la	0.022472
metri	care	0.022472
metri	peste	0.016854
metri	dar	0.016854
metri	spate	0.016854
metri	mingea	0.016854
metri	izolat	0.016854
metri	cu	0.016854
meu	de	0.170507
meu	a	0.096774
meu	și	0.055300
meu	este	0.050691
meu	şi	0.032258
meu	nu	0.027650
meu	e	0.023041
meu	la	0.018433
meu	în	0.018433
meu	pentru	0.018433
meu	cu	0.018433
meu	ca	0.013825
meu	din	0.013825
meu	mi	0.013825
meu	sunt	0.013825
meu	am	0.013825
mic	de	0.094527
mic	dejun	0.059701
mic	decât	0.054726
mic	cu	0.044776
mic	în	0.039801
mic	dar	0.034826
mic	și	0.029851
mic	pentru	0.024876
mic	al	0.024876
mic	si	0.024876
mic	la	0.024876
mic	care	0.014925
mic	pe	0.014925
mic	este	0.014925
mic	din	0.014925
mic	detaliu	0.014925
mic	a	0.014925
mic	copil	0.014925
mic	ca	0.014925
mic	decat	0.014925
mie	de	0.290598
mie	mi	0.136752
mie	nu	0.102564
mie	îmi	0.094017
mie	în	0.051282
mie	să	0.034188
mie	ce	0.025641
miercuri	la	0.076923
miercuri	de	0.058608
miercuri	că	0.054945
miercuri	seară	0.049451
miercuri	în	0.043956
miercuri	pe	0.031136
miercuri	seara	0.031136
miercuri	după	0.029304
miercuri	o	0.027473
miercuri	spre	0.025641
miercuri	martie	0.021978
miercuri	mai	0.021978
miercuri	noiembrie	0.021978
miercuri	a	0.021978
miercuri	august	0.021978
miercuri	iunie	0.018315
miercuri	octombrie	0.018315
miercuri	iulie	0.016484
miercuri	și	0.016484
miercuri	un	0.016484
miercuri	dimineața	0.014652
miercuri	ianuarie	0.014652
miercuri	septembrie	0.012821
miercuri	aprilie	0.012821
miercuri	au	0.010989
miercuri	dimineață	0.010989
miercuri	când	0.010989
miercuri	iar	0.009158
miercuri	decembrie	0.009158
miercuri	vor	0.009158
miercuri	dimineaţă	0.009158
miercuri	guvernul	0.009158
miercuri	pentru	0.009158
miercuri	şi	0.007326
miercuri	dimineaţa	0.007326
miercuri	din	0.007326
miercuri	februarie	0.007326
miercuri	ale	0.005495
miercuri	să	0.005495
miercuri	preşedintele	0.005495
miere	și	0.200000
miliarde	de	0.859189
miliarde	euro	0.057279
miliarde	dolari	0.023866
miliarde	si	0.007160
miliarde	în	0.007160
militare	în	0.096070
militare	ale	0.087336
militare	a	0.078603
militare	din	0.074236
militare	de	0.074236
militare	speciale	0.069869
militare	care	0.052402
militare	și	0.048035
militare	pe	0.034934
militare	şi	0.026201
militare	la	0.026201
militare	americane	0.026201
militare	au	0.017467
militare	cu	0.013100
minciuni	si	0.227273
mintea	ta	0.135593
mintea	la	0.118644
mintea	lui	0.101695
mintea	și	0.084746
mintea	lor	0.067797
mintea	de	0.050847
mintea	mea	0.050847
minute	de	0.173729
minute	mai	0.059322
minute	în	0.059322
minute	pentru	0.055085
minute	până	0.042373
minute	cu	0.042373
minute	pe	0.033898
minute	la	0.033898
minute	a	0.029661
minute	și	0.025424
minute	iar	0.025424
minute	şi	0.025424
minute	se	0.021186
minute	după	0.021186
minute	dar	0.016949
minute	înainte	0.016949
minute	să	0.012712
minute	ceea	0.012712
minute	din	0.012712
minute	apoi	0.012712
mireasa	sezon	0.292929
mireasa	sezonul	0.222222
mireasa	și	0.070707
mireasa	de	0.070707
mireasa	a	0.060606
mireasa	au	0.060606
mireasa	se	0.030303
misiune	de	0.283019
misiune	pentru	0.075472
misiune	ar	0.056604
misiune	cu	0.056604
moara	de	0.227273
moare	de	0.148148
moare	pe	0.148148
mobil	de	0.117647
modă	a	0.136364
mort	în	0.309524
mort	de	0.095238
mort	la	0.095238
mort	duminică	0.071429
moscova	a	0.201987
moscova	în	0.062914
moscova	și	0.059603
moscova	nu	0.039735
moscova	pentru	0.036424
moscova	şi	0.033113
moscova	că	0.026490
moscova	va	0.023179
moscova	se	0.023179
moscova	să	0.023179
moscova	au	0.019868
moscova	le	0.019868
moscova	ar	0.019868
moscova	de	0.016556
moscova	este	0.016556
moscova	la	0.016556
moscova	o	0.013245
moscova	după	0.013245
moscova	unde	0.009934
moscova	din	0.009934
moscova	consideră	0.009934
moscova	spune	0.009934
motivul	pentru	0.538462
motivul	este	0.054945
motivul	principal	0.043956
motor	de	0.148148
motor	cu	0.111111
motor	al	0.111111
multiple	de	0.192308
multor	persoane	0.100000
multor	ani	0.080000
multor	oameni	0.080000
multor	altora	0.060000
mulți	ani	0.213836
mulți	dintre	0.178197
mulți	oameni	0.119497
mulți	bani	0.081761
mulți	au	0.039832
mulți	jucători	0.033543
mulți	copii	0.031447
mulți	tineri	0.018868
mulți	sunt	0.016771
mulți	de	0.010482
mulți	și	0.010482
mulți	civili	0.010482
mulți	spun	0.008386
mulți	din	0.008386
mulți	kilometri	0.008386
mulți	s	0.008386
mulți	se	0.008386
mulți	pentru	0.006289
mulți	a	0.006289
mulți	prieteni	0.006289
mulți	în	0.006289
mulți	vor	0.006289
mulți	față	0.006289
mulți	elevi	0.006289
mulți	care	0.006289
mulți	cred	0.006289
mulțumesc	tuturor	0.133333
mulțumesc	pentru	0.116667
mulțumesc	că	0.100000
mulțumesc	din	0.100000
mulțumesc	lui	0.083333
mulțumesc	și	0.066667
mulțumesc	foarte	0.050000
mulțumesc	celor	0.050000
mulțumesc	în	0.050000
muncii	și	0.168317
muncii	a	0.118812
muncii	şi	0.079208
muncii	sale	0.049505
muncii	la	0.039604
muncii	în	0.029703
muncii	tale	0.029703
muncii	din	0.029703
muncii	se	0.029703
muncii	de	0.029703
muniţie	sunt	0.272727
muzeu	din	0.200000
mâine	va	0.072289
mâine	la	0.060241
mâine	și	0.048193
mâine	a	0.036145
mâine	seară	0.036145
mâine	pe	0.036145
mâine	nu	0.036145
mâine	dimineață	0.036145
mâine	în	0.036145
mâine	să	0.036145
mâini	și	0.173913
mărturisesc	că	0.600000
măsura	a	0.161765
măsura	în	0.132353
măsura	de	0.117647
măsura	este	0.073529
măsura	ar	0.044118
măsura	va	0.044118
măsura	se	0.044118
măsuri	de	0.252174
măsuri	pentru	0.186957
măsuri	care	0.069565
măsuri	în	0.039130
măsuri	vor	0.034783
măsuri	la	0.021739
măsuri	și	0.021739
măsuri	suplimentare	0.021739
măsuri	mai	0.017391
măsuri	se	0.013043
măsuri	este	0.013043
măsuri	nu	0.013043
măsuri	noi	0.013043
măsuri	ce	0.013043
măsuri	privind	0.013043
măsuri	ca	0.013043
n	a	0.207921
n	r	0.139851
n	au	0.132426
n	am	0.101485
n	ar	0.060644
n	ai	0.058168
n	are	0.051980
n	o	0.042079
n	red	0.016089
n	avem	0.009901
n	aș	0.008663
n	filme	0.008663
n	avea	0.008663
n	aveam	0.006188
n	n	0.006188
n	t	0.003713
n	d	0.003713
n	as	0.003713
n	aveau	0.003713
n	piept	0.003713
n	frunte	0.003713
naturală	a	0.187500
naturală	în	0.093750
natură	a	0.179487
natură	să	0.128205
natură	și	0.076923
nave	de	0.333333
neapărat	să	0.222222
neapărat	o	0.095238
neapărat	că	0.063492
necesar	pentru	0.235294
necesar	să	0.205882
necesar	ca	0.080882
necesar	a	0.066176
necesar	un	0.051471
necesar	și	0.051471
necesar	în	0.044118
necesar	de	0.044118
necesar	sa	0.029412
negru	și	0.104478
negru	a	0.089552
negru	sau	0.044776
negru	cu	0.044776
negru	sunt	0.044776
nerăbdare	să	0.500000
nevoit	să	0.977273
niciodata	in	0.088235
niciodata	nu	0.088235
niciodată	nu	0.130597
niciodată	în	0.097015
niciodată	cu	0.052239
niciodată	la	0.048507
niciodată	că	0.041045
niciodată	un	0.041045
niciodată	o	0.037313
niciodată	să	0.033582
niciodată	de	0.029851
niciodată	a	0.026119
niciodată	pentru	0.018657
niciodată	ce	0.014925
niciodată	prea	0.014925
niciodată	prin	0.014925
niciodată	nimic	0.011194
niciodată	mai	0.011194
niciodată	și	0.011194
niciodată	acest	0.011194
niciodată	din	0.011194
niciodată	pe	0.011194
nimic	nu	0.142857
nimic	de	0.101695
nimic	din	0.067797
nimic	în	0.053269
nimic	pentru	0.046005
nimic	despre	0.043584
nimic	altceva	0.033898
nimic	mai	0.031477
nimic	cu	0.024213
nimic	a	0.021792
nimic	in	0.019370
nimic	bun	0.019370
nimic	si	0.014528
nimic	dar	0.012107
nimic	ca	0.012107
nimic	pe	0.012107
nimic	și	0.012107
nimic	nici	0.012107
nimic	doar	0.012107
nimic	nou	0.009685
nimic	la	0.009685
nimic	şi	0.009685
nimic	dacă	0.009685
nimic	o	0.007264
nimic	sa	0.007264
nimic	special	0.007264
nimic	decât	0.007264
nimic	rău	0.007264
nivel	de	0.318436
nivel	mondial	0.134078
nivel	naţional	0.100559
nivel	înalt	0.047486
nivel	local	0.044693
nivel	din	0.041899
nivel	ridicat	0.025140
nivel	al	0.022346
nivel	cu	0.019553
nivel	record	0.016760
nivel	superior	0.016760
nivel	mai	0.013966
nivel	central	0.011173
nivel	foarte	0.008380
nivel	normal	0.008380
nivel	maxim	0.008380
nivelul	de	0.344660
nivelul	întregii	0.072816
nivelul	anului	0.043689
nivelul	tuturor	0.029126
nivelul	spitalului	0.029126
nivelul	guvernului	0.024272
nivelul	maxim	0.019417
nivelul	lui	0.019417
nivelul	la	0.019417
nivelul	lor	0.019417
nivelul	ochilor	0.014563
nivelul	din	0.014563
nivelul	a	0.014563
noaptea	de	0.520930
noaptea	în	0.065116
noaptea	dintre	0.051163
noaptea	trecută	0.041860
noaptea	târziu	0.037209
noaptea	la	0.027907
noaptea	când	0.023256
noaptea	pe	0.018605
noaptea	nu	0.013953
noaptea	trecuta	0.013953
noastre	în	0.075697
noastre	de	0.071713
noastre	a	0.067729
noastre	sunt	0.047809
noastre	la	0.043825
noastre	și	0.043825
noastre	au	0.039841
noastre	pentru	0.031873
noastre	şi	0.027888
noastre	se	0.023904
noastre	nu	0.023904
noastre	să	0.019920
noastre	este	0.019920
noastre	care	0.015936
noastre	sau	0.015936
noastre	s	0.015936
noastre	ci	0.015936
noastre	din	0.011952
noastre	vor	0.011952
noastre	cele	0.011952
noastre	o	0.011952
noastre	cu	0.011952
noi	de	0.064315
noi	am	0.057400
noi	nu	0.055325
noi	în	0.044260
noi	și	0.040111
noi	suntem	0.029046
noi	avem	0.023513
noi	ne	0.019364
noi	a	0.018672
noi	la	0.017289
noi	cu	0.016598
noi	să	0.016598
noi	din	0.015906
noi	trebuie	0.015906
noi	ca	0.013140
noi	cazuri	0.013140
noi	pentru	0.013140
noi	este	0.013140
noi	au	0.012448
noi	care	0.011065
noi	toți	0.011065
noi	pe	0.011065
noi	in	0.010373
noi	mai	0.009682
noi	vom	0.008990
noi	o	0.008990
noi	se	0.008299
noi	şi	0.008299
noi	cei	0.008299
noi	le	0.007607
noi	dar	0.007607
noi	măsuri	0.007607
noi	vrem	0.006916
noi	imagini	0.006916
noi	detalii	0.006224
noi	sa	0.006224
noi	locuri	0.005533
noi	ce	0.005533
noi	sunt	0.005533
noi	doar	0.005533
normal	ca	0.142857
normal	să	0.107143
normal	că	0.059524
normal	sa	0.053571
normal	în	0.047619
normal	pentru	0.041667
normal	și	0.041667
normal	de	0.029762
normal	din	0.023810
normal	ar	0.023810
normal	pe	0.023810
normal	la	0.017857
normal	al	0.017857
normal	se	0.017857
notat	că	0.533333
notele	de	0.285714
noul	an	0.146341
noul	sezon	0.048780
noul	său	0.043902
noul	sistem	0.039024
noul	proiect	0.024390
noul	spital	0.024390
noul	director	0.024390
noul	guvern	0.024390
noul	antrenor	0.019512
noul	pachet	0.019512
noul	studiu	0.019512
noul	pod	0.014634
noul	ministru	0.014634
noul	model	0.014634
noul	rege	0.014634
noul	lider	0.014634
noul	stat	0.014634
noul	document	0.014634
noul	testament	0.014634
noul	proprietar	0.014634
numar	de	0.555556
nunta	lui	0.228571
nunta	cu	0.085714
născut	în	0.392157
născut	la	0.189542
născut	pe	0.091503
născut	cu	0.032680
născut	pentru	0.026144
născut	o	0.019608
născut	și	0.019608
născut	din	0.019608
oamenilor	de	0.138122
oamenilor	care	0.104972
oamenilor	legii	0.082873
oamenilor	din	0.060773
oamenilor	în	0.049724
oamenilor	să	0.049724
oamenilor	a	0.044199
oamenilor	cu	0.027624
oamenilor	și	0.027624
oamenilor	că	0.022099
oamenilor	mai	0.016575
oamenilor	şi	0.016575
oamenilor	pe	0.016575
oamenilor	pentru	0.016575
oamenilor	prin	0.016575
oare	nu	0.113636
oare	de	0.079545
oare	ce	0.068182
oare	cine	0.056818
oare	să	0.034091
oare	cum	0.034091
oare	cat	0.034091
oare	chiar	0.034091
oase	și	0.500000
obicei	în	0.090909
obicei	o	0.057851
obicei	la	0.041322
obicei	de	0.033058
obicei	mai	0.033058
obicei	este	0.033058
obicei	se	0.024793
obicei	pe	0.024793
obicei	pentru	0.024793
obicei	prin	0.024793
obiecte	de	0.352941
obiecte	din	0.156863
obiecte	cu	0.078431
obiecte	care	0.058824
obiecte	vechi	0.058824
obiectul	unor	0.225806
obiectul	unui	0.129032
obiectul	unei	0.096774
observat	că	0.297619
observat	în	0.119048
observat	o	0.095238
observat	pe	0.059524
observat	un	0.047619
observat	de	0.035714
observat	la	0.035714
ocazia	să	0.409091
ocazia	zilei	0.200000
ocazia	de	0.109091
ocazia	asta	0.036364
ocazia	sa	0.027273
ocazia	și	0.027273
ochelari	de	0.625000
ochi	buni	0.166667
ochi	de	0.083333
ochi	și	0.062500
ochi	si	0.062500
octombrie	a	0.093333
octombrie	la	0.086667
octombrie	în	0.060000
octombrie	de	0.046667
octombrie	şi	0.040000
octombrie	că	0.036667
octombrie	când	0.033333
octombrie	și	0.026667
octombrie	pentru	0.026667
octombrie	noiembrie	0.023333
octombrie	ora	0.023333
octombrie	este	0.023333
octombrie	au	0.023333
octombrie	cu	0.020000
octombrie	iar	0.020000
octombrie	un	0.016667
octombrie	s	0.013333
octombrie	să	0.013333
octombrie	anul	0.013333
octombrie	va	0.013333
octombrie	dar	0.010000
octombrie	până	0.010000
octombrie	doar	0.010000
octombrie	vor	0.010000
octombrie	pe	0.010000
octombrie	se	0.010000
octombrie	spre	0.010000
ocupa	de	0.363636
ocupa	cu	0.075758
ocupa	o	0.045455
ocupa	și	0.045455
ocupa	un	0.045455
ocupat	de	0.400000
ocupat	în	0.077778
ocupat	locul	0.055556
ocupat	o	0.044444
ocupat	doar	0.033333
ocupată	de	0.607143
ocupată	cu	0.107143
of	the	0.533333
ofertă	de	0.243243
ofertă	din	0.081081
ofertă	în	0.081081
oferă	o	0.212389
oferă	un	0.084071
oferă	de	0.044248
oferă	servicii	0.039823
oferă	sprijin	0.035398
oferă	posibilitatea	0.035398
oferă	și	0.030973
oferă	mai	0.026549
oferă	acces	0.026549
oferă	în	0.022124
oferă	siguranță	0.017699
oferă	să	0.013274
oferă	informații	0.013274
oferă	şi	0.013274
oferă	astfel	0.013274
oficială	a	0.381579
oficială	de	0.250000
oficială	în	0.092105
oficială	pentru	0.039474
ok	dar	0.083333
ok	cu	0.083333
omenirea	nu	0.250000
omorât	în	0.133333
omorât	pe	0.100000
omorât	un	0.100000
omului	de	0.136986
omului	în	0.095890
omului	a	0.082192
omului	care	0.068493
omului	pe	0.054795
omului	din	0.054795
omului	şi	0.041096
omului	și	0.041096
omului	au	0.041096
onorat	să	0.428571
ora	la	0.136116
ora	în	0.117967
ora	pe	0.054446
ora	de	0.043557
ora	și	0.039927
ora	locală	0.036298
ora	va	0.036298
ora	a	0.030853
ora	până	0.023593
ora	proba	0.023593
ora	iar	0.019964
ora	se	0.019964
ora	cu	0.014519
ora	dimineața	0.014519
ora	şi	0.012704
ora	vor	0.012704
ora	un	0.012704
ora	am	0.012704
ora	ora	0.010889
ora	sau	0.010889
ora	când	0.009074
ora	pentru	0.009074
ora	din	0.009074
ora	sunt	0.007260
ora	prin	0.007260
ora	nu	0.007260
ora	unde	0.005445
ora	spectacolul	0.005445
ora	seara	0.005445
ora	au	0.005445
ora	in	0.005445
ora	poliția	0.005445
ora	o	0.005445
ora	să	0.005445
ora	rusia	0.005445
oraş	din	0.107143
oraş	în	0.089286
oraş	ca	0.071429
oraşe	din	0.352941
ordin	de	0.457143
ordin	al	0.114286
ordin	să	0.071429
ordin	a	0.042857
ordin	care	0.042857
oricând	iar	0.076923
oricând	în	0.076923
oricând	se	0.076923
oricât	de	0.794118
oră	și	0.142077
oră	de	0.087432
oră	în	0.076503
oră	şi	0.054645
oră	pe	0.049180
oră	la	0.043716
oră	mai	0.038251
oră	a	0.038251
oră	înainte	0.032787
oră	pentru	0.021858
oră	se	0.021858
oră	este	0.016393
oră	din	0.016393
oră	va	0.016393
otravă	pentru	0.750000
ouăle	de	0.187500
oxigen	pentru	0.200000
pace	a	0.090909
pace	în	0.076923
pace	și	0.069930
pace	cu	0.069930
pace	de	0.062937
pace	nu	0.062937
pace	între	0.048951
pace	să	0.027972
pace	şi	0.020979
pace	care	0.020979
pace	din	0.020979
pace	la	0.020979
pace	si	0.020979
pace	este	0.020979
pace	in	0.020979
pachet	de	0.589041
pachet	cu	0.191781
pană	de	0.461538
pană	în	0.230769
parcat	în	0.333333
parcat	mașina	0.250000
pare	că	0.398305
pare	să	0.142373
pare	ca	0.077966
pare	rău	0.045763
pare	a	0.042373
pare	o	0.035593
pare	de	0.020339
pare	rau	0.013559
pare	mai	0.011864
pare	foarte	0.011864
pare	sa	0.011864
pare	un	0.011864
pare	din	0.010169
pare	însă	0.008475
pare	normal	0.008475
pare	ciudat	0.008475
pare	cel	0.006780
pare	în	0.006780
pare	prea	0.005085
partenera	sa	0.476190
partenera	lui	0.142857
partenerul	ei	0.209302
partenerul	de	0.162791
partenerul	său	0.093023
partenerul	tău	0.069767
partidă	de	0.277778
partidă	din	0.222222
pas	de	0.134615
pas	cu	0.120192
pas	în	0.072115
pas	important	0.062500
pas	spre	0.048077
pas	pentru	0.038462
pas	înainte	0.033654
pas	înapoi	0.033654
pas	este	0.033654
pas	și	0.028846
pas	să	0.024038
pas	mai	0.024038
pas	pe	0.024038
pas	a	0.024038
pas	va	0.019231
pas	mare	0.019231
pas	prin	0.019231
pastile	de	0.294118
patra	doză	0.212121
patra	victimă	0.121212
patra	în	0.090909
patru	ani	0.162471
patru	zile	0.080092
patru	ori	0.066362
patru	persoane	0.059497
patru	luni	0.059497
patru	ore	0.036613
patru	dintre	0.032037
patru	săptămâni	0.027460
patru	copii	0.027460
patru	au	0.027460
patru	puncte	0.025172
patru	de	0.020595
patru	din	0.016018
patru	cinci	0.013730
patru	stele	0.011442
patru	la	0.011442
patru	milioane	0.009153
patru	în	0.009153
patru	sunt	0.009153
patru	membri	0.009153
patru	tineri	0.009153
patru	rachete	0.009153
patru	metri	0.006865
patru	bărbaţi	0.006865
patru	se	0.006865
patru	echipe	0.006865
patru	până	0.006865
patru	cazuri	0.006865
patru	al	0.006865
patru	elevi	0.006865
patru	nave	0.006865
patru	benzi	0.006865
patul	de	0.428571
pedeapsă	de	0.325000
pedeapsă	cu	0.200000
pedeapsă	a	0.075000
permisiunea	să	0.555556
permisul	de	0.588235
permisul	suspendat	0.235294
persoanele	care	0.468599
persoanele	cu	0.164251
persoanele	fizice	0.077295
persoanele	în	0.043478
persoanele	de	0.043478
persoanele	din	0.028986
persoanele	singure	0.014493
personajul	principal	0.222222
personal	de	0.071429
personal	în	0.055556
personal	sau	0.047619
personal	al	0.047619
personal	și	0.047619
personal	din	0.047619
personal	care	0.039683
personal	cu	0.039683
personal	pentru	0.031746
personal	nu	0.023810
personal	la	0.023810
personal	pe	0.023810
petreacă	timpul	0.142857
petreacă	ore	0.107143
petreacă	noaptea	0.107143
petrecere	de	0.142857
petrecere	în	0.114286
petrecere	a	0.114286
petrecere	cu	0.085714
petrecut	în	0.225806
petrecut	pe	0.096774
petrecut	la	0.056452
petrecut	o	0.048387
petrecut	cu	0.032258
petrecut	luni	0.032258
petrecut	de	0.024194
petrecut	ultimele	0.024194
petrecut	și	0.024194
petrecut	incidentul	0.024194
petrecut	noaptea	0.024194
petrecut	împreună	0.024194
petrecut	alături	0.024194
piata	de	0.208333
piata	si	0.125000
piaţă	a	0.131579
piaţă	în	0.078947
piaţă	de	0.078947
piaţă	pentru	0.078947
piaţă	din	0.078947
pic	mai	0.282353
pic	de	0.247059
pic	pe	0.035294
picior	de	0.192308
picior	şi	0.115385
pietre	de	0.200000
pietre	şi	0.150000
pietre	la	0.150000
pistol	a	0.232558
pistol	cu	0.186047
pistol	și	0.139535
place	să	0.323741
place	sa	0.086331
place	foarte	0.043165
place	și	0.035971
place	sau	0.028777
place	ceea	0.021583
place	la	0.021583
place	de	0.021583
place	acest	0.021583
place	că	0.021583
place	în	0.021583
place	nu	0.021583
plajă	din	0.157895
plajă	și	0.122807
plajă	de	0.070175
plajă	cu	0.070175
plajă	în	0.070175
plajă	o	0.052632
plajă	sau	0.052632
planuri	de	0.491803
planuri	pentru	0.065574
planuri	mari	0.065574
plată	pentru	0.115942
plată	în	0.101449
plată	de	0.086957
plată	a	0.086957
plată	şi	0.057971
plată	la	0.057971
plată	și	0.057971
plată	va	0.043478
pleaca	de	0.307692
pleaca	in	0.307692
pleacă	din	0.205479
pleacă	de	0.136986
pleacă	în	0.123288
pleacă	la	0.109589
pleacă	și	0.041096
plec	în	0.166667
plec	cu	0.166667
plecare	din	0.190476
plecarea	lui	0.205128
plecarea	în	0.128205
plecarea	din	0.102564
plecarea	de	0.076923
plecarea	la	0.076923
plimbare	cu	0.360000
plimbare	în	0.120000
plimbare	pe	0.120000
pline	de	0.697674
pline	cu	0.116279
plină	de	0.514286
plină	din	0.085714
plină	criză	0.066667
plină	cu	0.057143
plină	stradă	0.047619
plină	zi	0.047619
plină	în	0.028571
ploaie	de	0.166667
ploaie	iar	0.138889
ploaie	în	0.083333
ploaie	cu	0.083333
plăcea	să	0.580645
plătiţi	cu	0.500000
poarta	de	0.212121
poarta	masca	0.090909
poate	fi	0.262649
poate	să	0.061638
poate	face	0.039098
poate	că	0.030819
poate	avea	0.018859
poate	de	0.017019
poate	spune	0.015179
poate	ajuta	0.012420
poate	ca	0.012420
poate	duce	0.012420
poate	ajunge	0.012420
poate	și	0.011040
poate	chiar	0.010120
poate	nu	0.009660
poate	sa	0.009200
poate	deveni	0.007820
poate	observa	0.007360
poate	merge	0.007360
poate	întâmpla	0.007360
poate	aduce	0.006900
poate	intra	0.006440
poate	vedea	0.006440
poate	da	0.005980
poate	afecta	0.005980
poate	oferi	0.005980
poate	ar	0.005980
poate	vorbi	0.005520
poate	pentru	0.005520
poate	ne	0.005520
poate	provoca	0.005060
poate	schimba	0.004600
poate	părea	0.004140
poate	pune	0.004140
poate	dura	0.004140
poate	e	0.004140
poate	crea	0.004140
poate	obține	0.004140
poate	mai	0.004140
poate	o	0.004140
poate	exista	0.003680
pod	care	0.095238
pod	pe	0.095238
pod	peste	0.095238
pod	de	0.071429
poftă	de	0.625000
politic	și	0.072000
politic	al	0.064000
politic	care	0.056000
politic	de	0.056000
politic	în	0.056000
politic	şi	0.048000
politic	a	0.040000
politic	pentru	0.032000
politic	la	0.024000
politic	financiar	0.024000
politic	sunt	0.024000
politice	și	0.104000
politice	din	0.088000
politice	a	0.056000
politice	şi	0.056000
politice	au	0.048000
politice	ale	0.048000
politice	care	0.040000
politice	pe	0.032000
politice	să	0.024000
politice	în	0.024000
politice	nu	0.024000
politice	mai	0.024000
poliţie	a	0.146341
poliţie	din	0.121951
poliţie	şi	0.121951
poliţie	au	0.073171
poliţie	al	0.073171
poliţiei	de	0.342857
poliţiei	locale	0.200000
poliţiei	oraşului	0.085714
poliţişti	şi	0.184211
poliţişti	din	0.131579
poliţişti	de	0.078947
poliţişti	pentru	0.078947
poliţişti	după	0.078947
pomenit	în	0.300000
pop	a	0.159091
pop	și	0.068182
pop	s	0.068182
pop	este	0.068182
pornesc	de	0.500000
pornit	de	0.250000
pornit	în	0.113636
pornit	pe	0.068182
pornit	după	0.068182
pornit	la	0.056818
pornit	o	0.056818
pornit	un	0.045455
posibilul	să	0.384615
posibilul	pentru	0.269231
posibilul	ca	0.153846
potrivită	pentru	0.525000
potrivită	și	0.075000
poveste	de	0.410256
poveste	a	0.102564
poveste	despre	0.064103
poveste	din	0.051282
poză	cu	0.318182
poză	și	0.136364
practica	in	0.166667
practică	în	0.175439
practică	a	0.105263
practică	și	0.087719
practică	pentru	0.052632
precis	de	0.125000
prefer	să	0.555556
prefera	sa	0.500000
preferat	să	0.393443
preferat	de	0.131148
preferat	sa	0.065574
preferă	să	0.545455
pregăti	pentru	0.290323
pregăti	de	0.129032
pregăti	o	0.096774
pregăti	să	0.096774
pregătim	pentru	0.210526
pregătim	de	0.157895
pregătite	să	0.288462
pregătite	pentru	0.173077
pregătite	de	0.153846
pregătite	cu	0.057692
pregătite	în	0.057692
pregătiţi	să	0.333333
pregătiţi	de	0.266667
premiu	de	0.173913
presiune	pe	0.294118
presiune	pentru	0.078431
presiune	să	0.058824
presiune	și	0.058824
presiune	asupra	0.058824
presiune	a	0.058824
presus	de	0.826087
prezentare	a	0.363636
prezentare	de	0.181818
prezentat	la	0.138462
prezentat	în	0.092308
prezentat	o	0.076923
prezentat	de	0.071795
prezentat	un	0.071795
prezentat	pe	0.030769
prezentat	ca	0.030769
prezentat	şi	0.025641
prezentat	pentru	0.025641
prezentat	cu	0.025641
prezentat	și	0.025641
prezentat	astăzi	0.020513
prezentat	miercuri	0.020513
prezentat	luni	0.020513
prezentat	vineri	0.015385
prezentat	ieri	0.015385
prezenţa	în	0.222222
prezenţa	unui	0.083333
prezenţa	a	0.083333
prezenţa	unor	0.083333
prezintă	un	0.101852
prezintă	o	0.092593
prezintă	la	0.046296
prezintă	semne	0.037037
prezintă	pe	0.037037
prezintă	ca	0.037037
prezintă	în	0.027778
prezintă	pericol	0.027778
prezintă	și	0.027778
preţ	de	0.236842
preţ	pentru	0.078947
preţ	mai	0.078947
pricep	de	0.333333
pricep	la	0.266667
prietena	mea	0.307692
prietenos	cu	0.571429
prietenul	meu	0.176471
primar	al	0.220183
primar	din	0.073394
primar	general	0.073394
primar	de	0.045872
primar	care	0.036697
primar	a	0.036697
primar	și	0.027523
primar	ales	0.027523
primele	două	0.102564
primele	luni	0.102564
primele	zile	0.082621
primele	informații	0.065527
primele	ore	0.059829
primele	imagini	0.059829
primele	nouă	0.039886
primele	trei	0.034188
primele	cinci	0.028490
primele	șase	0.025641
primele	patru	0.025641
primele	informaţii	0.025641
primele	cercetări	0.022792
primele	de	0.019943
primele	date	0.014245
primele	minute	0.014245
primele	măsuri	0.011396
primele	opt	0.011396
primele	rezultate	0.011396
primele	zece	0.011396
primele	cazuri	0.011396
primele	săptămâni	0.011396
primele	semne	0.011396
primele	sale	0.008547
primele	locuri	0.008547
primele	valuri	0.008547
primele	gaze	0.008547
primit	o	0.131991
primit	de	0.100671
primit	un	0.082774
primit	și	0.046980
primit	în	0.044743
primit	deja	0.020134
primit	două	0.015660
primit	mai	0.015660
primit	pe	0.015660
primit	prima	0.015660
primit	din	0.013423
primit	premiul	0.013423
primit	niciun	0.013423
primit	numele	0.011186
primit	nici	0.011186
primit	încă	0.011186
primit	la	0.011186
primit	peste	0.011186
primit	până	0.008949
primit	asigurări	0.008949
primit	prin	0.008949
primit	cadou	0.008949
primit	si	0.008949
primit	răspunsul	0.006711
primit	răspuns	0.006711
primit	acces	0.006711
primit	voturi	0.006711
primit	cea	0.006711
primit	nota	0.006711
primit	nicio	0.006711
primit	ajutor	0.006711
primit	ani	0.006711
primit	cu	0.006711
prinsă	în	0.333333
prinsă	sub	0.222222
privat	de	0.097222
privat	care	0.083333
privat	și	0.083333
privat	al	0.069444
privat	în	0.041667
privat	la	0.041667
privat	din	0.041667
privat	sau	0.041667
privat	a	0.041667
privată	a	0.178571
privată	din	0.142857
privit	cu	0.214286
proasta	calitate	0.307692
proaste	pentru	0.277778
proaste	de	0.166667
probabil	că	0.137255
probabil	ca	0.115196
probabil	să	0.058824
probabil	de	0.034314
probabil	nu	0.034314
probabil	în	0.031863
probabil	va	0.029412
probabil	la	0.029412
probabil	si	0.026961
probabil	din	0.019608
probabil	a	0.019608
probabil	pentru	0.017157
probabil	un	0.014706
probabil	ar	0.012255
probabil	și	0.012255
probabil	vor	0.012255
probabil	mai	0.012255
probabil	cel	0.012255
probabil	te	0.009804
probabil	o	0.009804
probabil	acest	0.009804
probabil	cu	0.007353
probabil	cea	0.007353
probabil	dupa	0.007353
problemă	de	0.091429
problemă	cu	0.085714
problemă	pentru	0.062857
problemă	a	0.062857
problemă	care	0.051429
problemă	în	0.051429
problemă	este	0.045714
problemă	pe	0.028571
problemă	e	0.022857
problemă	dacă	0.022857
problemă	la	0.022857
problemă	serioasă	0.022857
problemă	să	0.017143
problemă	şi	0.017143
problemă	ce	0.017143
procesului	de	0.650000
produs	în	0.181507
produs	de	0.126712
produs	pe	0.092466
produs	la	0.068493
produs	accidentul	0.041096
produs	o	0.037671
produs	între	0.034247
produs	vineri	0.030822
produs	din	0.030822
produs	un	0.030822
produs	miercuri	0.017123
produs	luni	0.013699
produs	şi	0.013699
produs	sâmbătă	0.013699
produs	este	0.010274
produs	incidentul	0.010274
produs	duminică	0.010274
produs	al	0.010274
produs	pentru	0.010274
produs	joi	0.010274
profit	de	0.169811
profit	tv	0.056604
profit	la	0.056604
profit	iar	0.056604
profund	îngrijorat	0.150000
proiectul	de	0.319066
proiectul	a	0.093385
proiectul	este	0.054475
proiectul	tehnic	0.042802
proiectul	se	0.031128
proiectul	va	0.027237
proiectul	în	0.019455
proiectul	are	0.019455
proiectul	nostru	0.019455
proiectul	nu	0.015564
proiectul	cu	0.015564
proiectul	să	0.011673
proiectul	propus	0.011673
proiectul	prin	0.011673
proiectul	s	0.011673
proiectul	său	0.011673
proiectul	privind	0.011673
promisiune	de	0.363636
proprie	a	0.166667
proprie	în	0.125000
proprie	de	0.125000
proprietarul	unei	0.125000
proprietarul	unui	0.125000
proprietarul	a	0.093750
propriu	cu	0.168675
propriu	zis	0.132530
propriu	de	0.084337
propriu	în	0.072289
propriu	și	0.048193
propriu	la	0.048193
propriu	a	0.036145
propriul	său	0.134615
protecţia	animalelor	0.375000
protecţia	copilului	0.375000
proteja	de	0.159091
proteja	și	0.068182
proteja	împotriva	0.068182
provin	din	0.702703
provin	de	0.135135
provine	din	0.586207
provine	de	0.310345
provoacă	o	0.103448
provocare	pentru	0.146341
provocare	și	0.097561
publice	și	0.105058
publice	din	0.101167
publice	în	0.070039
publice	de	0.050584
publice	a	0.046693
publice	locale	0.042802
publice	şi	0.038911
publice	la	0.035019
publice	pentru	0.031128
publice	o	0.023346
publice	care	0.023346
publice	iar	0.023346
publice	pe	0.019455
publice	despre	0.015564
publice	ale	0.015564
publice	fără	0.015564
publice	sau	0.011673
publice	prin	0.011673
publicitate	a	0.200000
pui	de	0.135417
pui	în	0.093750
pui	cu	0.062500
pui	la	0.041667
pui	şi	0.031250
pui	pe	0.031250
pui	ca	0.031250
pui	și	0.031250
pui	un	0.031250
punct	de	0.762040
punct	al	0.019830
punct	în	0.016997
punct	important	0.011331
punct	cu	0.011331
punct	pe	0.008499
punct	și	0.008499
puncte	de	0.355856
puncte	în	0.112613
puncte	din	0.094595
puncte	și	0.054054
puncte	iar	0.027027
puncte	la	0.027027
puncte	a	0.022523
puncte	după	0.022523
puncte	pentru	0.018018
puncte	ale	0.018018
puncte	importante	0.018018
puncte	contra	0.013514
puncte	in	0.013514
puncte	cu	0.013514
puncte	faţă	0.013514
punctul	de	0.579618
punctul	meu	0.146497
punctul	său	0.031847
punctul	acesta	0.019108
punctul	lor	0.019108
pungă	de	0.428571
pur	și	0.448454
pur	în	0.211340
pur	şi	0.164948
pur	si	0.118557
pur	in	0.015464
pusă	în	0.355263
pusă	la	0.210526
pusă	pe	0.105263
pusă	sub	0.065789
pusă	de	0.052632
pusă	și	0.039474
putea	fi	0.253722
putea	să	0.166343
putea	avea	0.032362
putea	face	0.028479
putea	sa	0.022654
putea	ajunge	0.014239
putea	spune	0.011650
putea	primi	0.011650
putea	duce	0.011003
putea	folosi	0.011003
putea	intra	0.009061
putea	bucura	0.009061
putea	deveni	0.008414
putea	lua	0.008414
putea	oferi	0.007767
putea	ca	0.007120
putea	afecta	0.007120
putea	ajuta	0.006472
putea	cumpăra	0.006472
putea	aduce	0.006472
putea	dura	0.006472
putea	vedea	0.006472
putea	continua	0.005825
putea	da	0.005825
putea	trece	0.005825
putea	crea	0.005825
putea	veni	0.005825
putea	exista	0.005825
putea	întâmpla	0.005825
putea	afla	0.005825
putea	câștiga	0.005178
putea	pune	0.005178
putea	provoca	0.005178
putea	întoarce	0.004531
putea	schimba	0.004531
putea	rămâne	0.004531
putea	încheia	0.004531
putea	simți	0.003883
putea	însemna	0.003883
putea	merge	0.003883
putere	de	0.182390
putere	în	0.113208
putere	și	0.044025
putere	si	0.044025
putere	a	0.044025
putere	pe	0.044025
putere	să	0.031447
putere	şi	0.025157
putere	din	0.018868
putere	politică	0.018868
putere	la	0.018868
putere	nu	0.018868
putere	este	0.018868
putere	in	0.018868
putere	până	0.018868
puteti	sa	0.166667
putin	a	0.174952
putin	nu	0.051625
putin	și	0.045889
putin	de	0.039197
putin	în	0.038241
putin	să	0.037285
putin	se	0.028681
putin	si	0.027725
putin	ar	0.026769
putin	este	0.025813
putin	la	0.022945
putin	şi	0.019120
putin	pe	0.017208
putin	pentru	0.016252
putin	va	0.015296
putin	care	0.014340
putin	i	0.014340
putin	s	0.013384
putin	o	0.011472
putin	cu	0.011472
putin	dar	0.009560
putin	că	0.009560
putin	e	0.009560
putin	are	0.009560
putin	l	0.009560
putin	sa	0.008604
putin	au	0.008604
putin	mai	0.006692
putin	vrea	0.006692
putin	încearcă	0.005736
putin	continuă	0.005736
putin	despre	0.005736
putin	potrivit	0.004780
putin	din	0.004780
putin	își	0.004780
putin	ca	0.004780
putin	le	0.004780
putin	sau	0.004780
putin	in	0.004780
putin	trebuie	0.004780
puţine	faţă	0.250000
puţine	decât	0.166667
puţine	ori	0.125000
puțin	de	0.236508
puțin	timp	0.053968
puțin	peste	0.044444
puțin	mai	0.038095
puțin	în	0.030159
puțin	decât	0.030159
puțin	o	0.028571
puțin	probabil	0.025397
puțin	un	0.023810
puțin	la	0.020635
puțin	din	0.019048
puțin	două	0.015873
puțin	până	0.014286
puțin	trei	0.012698
puțin	a	0.011111
puțin	șase	0.011111
puțin	față	0.011111
puțin	pentru	0.011111
puțin	pe	0.009524
puțin	despre	0.009524
puțin	și	0.007937
puțin	înainte	0.006349
puțin	bune	0.006349
puțin	ore	0.006349
puțin	doi	0.006349
puțin	cu	0.006349
puțin	e	0.006349
puțin	persoane	0.006349
puțin	așa	0.006349
puțin	dar	0.006349
puțin	sau	0.004762
puțin	dintre	0.004762
puțin	cinci	0.004762
puțin	zile	0.004762
puțin	să	0.004762
puțin	efort	0.004762
puțin	asta	0.004762
puțin	opt	0.004762
puțin	nouă	0.004762
puțin	ulei	0.004762
pâine	și	0.205882
pâine	sau	0.088235
pînă	la	0.444444
pînă	acum	0.148148
păcate	nu	0.124294
păcate	în	0.073446
păcate	însă	0.028249
păcate	pentru	0.028249
păcate	a	0.022599
păcate	ne	0.022599
păcate	pe	0.022599
păcate	la	0.022599
păcate	sunt	0.022599
păcate	astăzi	0.016949
păcate	și	0.016949
păcate	au	0.016949
păcate	e	0.016949
păcate	vorbim	0.016949
păcii	și	0.227273
păcii	în	0.136364
pădurea	din	0.333333
pădurea	de	0.333333
părea	să	0.337838
părea	că	0.202703
părea	a	0.081081
părea	o	0.040541
părut	că	0.114286
părut	mai	0.085714
părut	să	0.085714
racheta	a	0.181818
racheta	de	0.151515
racheta	în	0.121212
racheta	care	0.090909
rachetă	a	0.281250
rachetă	de	0.156250
rachetă	cu	0.093750
rachetă	sau	0.093750
radio	europa	0.166667
radio	și	0.119048
radio	şi	0.119048
radio	a	0.095238
radio	sau	0.071429
ramane	cu	0.145455
ramane	in	0.145455
ramane	fara	0.145455
ramane	din	0.054545
ramane	o	0.054545
ramas	fara	0.075000
ramas	in	0.075000
ramas	doar	0.075000
ramas	la	0.075000
ramas	cu	0.075000
ramas	nimic	0.075000
rapidă	a	0.328571
rapidă	și	0.171429
rapidă	în	0.057143
rapidă	care	0.057143
rapidă	pentru	0.057143
rapidă	şi	0.042857
rapidă	la	0.042857
raportat	că	0.256637
raportat	la	0.212389
raportat	de	0.088496
raportat	un	0.053097
raportat	peste	0.026549
raportat	joi	0.026549
raportat	o	0.026549
raportat	anterior	0.026549
raportat	în	0.026549
raspunde	la	0.272727
rau	ca	0.150943
rau	de	0.113208
rau	in	0.075472
rau	si	0.056604
razboi	mondial	0.113043
razboi	si	0.113043
razboi	cu	0.086957
razboi	in	0.060870
razboi	nuclear	0.052174
razboi	de	0.043478
razboi	pentru	0.034783
razboi	intre	0.026087
razboi	nu	0.026087
razboi	din	0.026087
razboi	ca	0.026087
real	al	0.112500
real	de	0.087500
real	pentru	0.062500
real	și	0.062500
real	a	0.062500
real	succes	0.062500
real	sau	0.037500
real	pericol	0.037500
real	este	0.037500
realitate	a	0.088608
realitate	și	0.063291
realitate	din	0.063291
realitate	nu	0.063291
realitate	pentru	0.037975
realitate	si	0.037975
realitate	de	0.037975
recente	date	0.205882
recente	a	0.117647
recente	ale	0.088235
recente	care	0.088235
recomand	să	0.384615
recompensă	pentru	0.600000
recunoaştere	a	0.714286
recunoscătoare	pentru	0.375000
reducere	a	0.520000
reducere	de	0.180000
reducere	pentru	0.060000
reducere	la	0.060000
referi	la	0.666667
refuzat	să	0.658537
refuzat	transportul	0.032520
refuzat	de	0.024390
refuzat	din	0.024390
regret	că	0.125000
regula	de	0.107143
regulat	pentru	0.115385
regulat	și	0.115385
relaţia	cu	0.526316
relaţia	dintre	0.157895
relaţie	de	0.235294
relaţie	cu	0.235294
relaţie	care	0.176471
renunţă	la	0.500000
repetat	de	0.194444
repetat	că	0.166667
respect	pentru	0.155172
respect	și	0.137931
respect	pe	0.051724
respect	şi	0.051724
respect	față	0.051724
respecta	și	0.111111
respecta	legea	0.111111
responsabili	de	0.264706
responsabili	pentru	0.176471
responsabili	și	0.088235
responsabili	ai	0.088235
responsabilitate	socială	0.107143
responsabilitate	în	0.107143
responsabilitate	a	0.107143
restaurant	din	0.117647
restaurant	în	0.088235
restul	de	0.138889
restul	lumii	0.092593
restul	sunt	0.074074
restul	timpului	0.046296
restul	nu	0.046296
restul	este	0.046296
restul	au	0.037037
restul	corpului	0.027778
restul	ţării	0.027778
restul	vietii	0.027778
restul	anului	0.027778
retragerea	din	0.384615
retragerea	de	0.102564
retras	din	0.263889
retras	în	0.097222
retras	de	0.069444
retras	la	0.055556
retras	trupele	0.041667
retras	dreptul	0.041667
reuşit	să	0.728972
reuşit	şi	0.028037
reuşit	de	0.028037
reuşit	până	0.028037
revenim	la	0.545455
revenit	la	0.235714
revenit	în	0.178571
revenit	pe	0.085714
revenit	după	0.085714
revenit	cu	0.064286
revenit	din	0.042857
revenit	și	0.035714
revenit	acasă	0.021429
revenit	de	0.021429
revin	la	0.391304
revine	în	0.277778
revine	la	0.203704
revine	pe	0.111111
revine	cu	0.055556
revine	pentru	0.055556
revine	după	0.055556
rezerva	de	0.687500
rezervat	un	0.300000
rezolve	problema	0.228571
rezolve	problemele	0.200000
rezolve	cât	0.085714
rezolvă	problemele	0.157895
rezolvă	problema	0.157895
reţeaua	de	0.750000
reţinut	de	0.333333
reţinut	pentru	0.138889
reţinut	că	0.111111
reţinut	în	0.083333
ridică	la	0.428571
ridică	semne	0.064935
ridică	un	0.051948
ridică	din	0.038961
rinichi	și	0.250000
risc	de	0.232000
risc	ridicat	0.072000
risc	în	0.056000
risc	crescut	0.048000
risc	pentru	0.048000
risc	mai	0.048000
risc	la	0.048000
risc	și	0.040000
risc	şi	0.032000
risc	major	0.032000
risc	cu	0.032000
risc	scăzut	0.024000
risc	este	0.024000
ritual	de	0.428571
robert	a	0.400000
rog	să	0.317073
rog	sa	0.085366
rog	pe	0.060976
rog	nu	0.048780
rog	pentru	0.048780
rog	frumos	0.036585
rog	din	0.036585
rol	important	0.210000
rol	de	0.150000
rol	principal	0.080000
rol	cheie	0.050000
rol	în	0.050000
rol	foarte	0.040000
rol	major	0.030000
roma	a	0.153846
roma	în	0.076923
roma	și	0.076923
roman	de	0.077586
roman	și	0.051724
roman	este	0.051724
roman	nu	0.043103
roman	a	0.043103
roman	în	0.034483
roman	care	0.034483
roman	dar	0.025862
roman	la	0.025862
roman	pe	0.025862
roman	din	0.025862
roman	cu	0.025862
roman	se	0.025862
roman	sa	0.025862
roman	al	0.025862
roman	ii	0.025862
roşu	şi	0.222222
roşu	de	0.166667
râs	cu	0.148148
râs	și	0.111111
râs	în	0.111111
răbdare	și	0.304348
rămâne	în	0.169811
rămâne	de	0.059748
rămâne	un	0.056604
rămâne	la	0.056604
rămâne	fără	0.056604
rămâne	o	0.044025
rămâne	pe	0.040881
rămâne	cu	0.025157
rămâne	doar	0.022013
rămâne	aceeași	0.018868
rămâne	una	0.015723
rămâne	decât	0.012579
rămâne	să	0.012579
rămâne	totuși	0.012579
rămâne	cel	0.009434
rămâne	cea	0.009434
rămâne	deschisă	0.009434
rămâne	încă	0.009434
rămâne	acasă	0.009434
rămâne	până	0.009434
rămâne	mereu	0.009434
rămâne	unul	0.009434
rămâne	ridicat	0.009434
răspuns	la	0.338776
răspuns	că	0.077551
răspuns	de	0.040816
răspuns	pe	0.032653
răspuns	imediat	0.024490
răspuns	cu	0.020408
răspuns	a	0.020408
răspuns	pozitiv	0.016327
răspuns	al	0.016327
răspuns	nu	0.016327
rătăcit	pe	0.454545
războiul	din	0.446328
războiul	de	0.039548
războiul	cu	0.033898
războiul	se	0.033898
războiul	în	0.025424
războiul	nu	0.022599
războiul	a	0.022599
războiul	dintre	0.022599
războiul	lui	0.016949
războiul	va	0.016949
războiul	său	0.014124
războiul	și	0.014124
războiul	s	0.014124
războiul	rece	0.014124
războiul	pe	0.014124
războiul	împotriva	0.011299
războiul	pornit	0.011299
războiul	ar	0.011299
războiul	este	0.011299
războiul	ăsta	0.008475
războiul	pentru	0.008475
războiul	contra	0.008475
salva	viața	0.187500
salva	pe	0.125000
salva	viaţa	0.093750
salveze	de	0.160000
salveze	pe	0.160000
sală	de	0.449275
sală	pentru	0.072464
sală	a	0.043478
sală	s	0.043478
satul	vecin	0.103448
satul	de	0.103448
scade	cu	0.162162
scade	numărul	0.108108
scade	în	0.081081
scade	de	0.081081
scap	de	0.600000
scape	de	0.660000
scape	din	0.100000
scape	cu	0.080000
scară	mare	0.357143
scară	de	0.214286
scaune	de	0.200000
scaunul	din	0.315789
scaunul	lui	0.157895
schimb	de	0.188119
schimb	pentru	0.039604
schimb	în	0.034653
schimb	a	0.034653
schimb	la	0.029703
schimb	nu	0.019802
schimb	cu	0.019802
schimb	se	0.019802
schimb	să	0.014851
schimb	un	0.014851
schimb	al	0.014851
schimb	au	0.014851
schimb	dacă	0.014851
schimb	din	0.014851
schimb	pe	0.014851
scoate	din	0.185714
scoate	la	0.171429
scoate	în	0.128571
scoate	mă	0.057143
scoate	de	0.042857
scopul	de	0.380165
scopul	este	0.099174
scopul	nostru	0.090909
scopul	pentru	0.041322
scopul	principal	0.041322
scopul	său	0.033058
scopul	acestui	0.033058
scopul	acestei	0.024793
scufundat	în	0.272727
scumpe	decât	0.210526
scurgere	de	0.375000
scurtă	de	0.149254
scurtă	perioadă	0.104478
scurtă	și	0.074627
scurtă	vreme	0.074627
scurtă	în	0.059701
scurtă	dar	0.044776
scurtă	călătorie	0.044776
scurtă	la	0.044776
scurtă	sau	0.044776
scăpat	de	0.338710
scăpat	cu	0.161290
scăpat	singur	0.112903
scăpat	în	0.048387
seamă	că	0.111111
seamă	de	0.111111
seară	la	0.127273
seară	în	0.122727
seară	de	0.090909
seară	pe	0.072727
seară	că	0.040909
seară	cu	0.027273
seară	când	0.027273
seară	a	0.022727
seară	mai	0.018182
seară	nu	0.018182
seară	și	0.018182
seară	din	0.018182
seară	am	0.013636
seară	ministerul	0.013636
seară	înainte	0.013636
seară	se	0.013636
seară	septembrie	0.013636
sec	şi	0.136364
sec	de	0.136364
sec	în	0.136364
secolul	al	0.714286
secretar	de	0.555556
secretar	general	0.333333
sectorul	de	0.177215
sectorul	al	0.151899
sectorul	public	0.075949
sectorul	a	0.075949
sectorul	privat	0.037975
sectorul	dintre	0.037975
securitate	al	0.150000
securitate	și	0.087500
securitate	din	0.075000
securitate	în	0.062500
securitate	a	0.054167
securitate	pentru	0.050000
securitate	de	0.050000
securitate	la	0.037500
securitate	şi	0.029167
securitate	nu	0.029167
securitate	ale	0.029167
securitate	au	0.016667
securitate	pe	0.016667
securitate	internă	0.012500
securitate	dar	0.012500
secţie	şi	0.214286
semn	de	0.467532
semn	că	0.194805
semn	al	0.129870
semnat	de	0.164103
semnat	un	0.153846
semnat	contractul	0.107692
semnat	în	0.097436
semnat	o	0.051282
semnat	cu	0.051282
semnat	astăzi	0.025641
semnat	joi	0.020513
semnat	și	0.020513
semnat	pe	0.020513
semnat	vineri	0.020513
semnat	la	0.015385
semnat	miercuri	0.015385
semnul	de	0.235294
semnul	că	0.176471
sentimente	de	0.333333
sentimentul	de	0.538462
sentimentul	că	0.269231
serena	williams	0.647059
sergent	major	0.777778
servi	o	0.200000
servi	pentru	0.200000
servi	drept	0.200000
servicii	de	0.310559
servicii	medicale	0.080745
servicii	și	0.062112
servicii	publice	0.062112
servicii	sociale	0.024845
servicii	mai	0.024845
servicii	au	0.018634
servicii	pentru	0.018634
servicii	în	0.018634
servicii	din	0.018634
serviciile	de	0.452055
serviciile	secrete	0.109589
serviciile	medicale	0.034247
serviciile	speciale	0.034247
serviciile	în	0.027397
serviciile	vor	0.020548
serviciile	sociale	0.020548
serviciile	pe	0.020548
serviciile	noastre	0.020548
sex	si	0.130435
sfarsitul	lunii	0.375000
sfârșitul	lunii	0.355932
sfârșitul	anului	0.192090
sfârșitul	săptămânii	0.101695
sfârșitul	acestui	0.050847
sfârșitul	lui	0.045198
sfârșitul	acestei	0.039548
sfârșitul	anilor	0.039548
sfârșitul	secolului	0.028249
sfârșitul	celui	0.022599
sfârșitul	verii	0.022599
sfârșitul	zilei	0.016949
siguranţă	o	0.100000
siguranţă	în	0.075000
siguranţă	mai	0.075000
siguranţă	iar	0.075000
sistemului	de	0.565789
sistemului	nervos	0.052632
sistemului	a	0.039474
slujba	de	0.571429
social	media	0.370690
social	de	0.060345
social	pentru	0.051724
social	al	0.051724
social	şi	0.051724
social	și	0.034483
social	sau	0.034483
social	din	0.025862
sociale	și	0.097561
sociale	de	0.085366
sociale	care	0.073171
sociale	a	0.073171
sociale	din	0.054878
sociale	în	0.048780
sociale	pentru	0.042683
sociale	că	0.036585
sociale	au	0.036585
sociale	şi	0.030488
sociale	cu	0.024390
sociale	ale	0.024390
sociale	se	0.024390
sociale	pe	0.024390
sociale	iar	0.018293
sociale	să	0.018293
socială	a	0.205882
socială	și	0.191176
socială	şi	0.102941
socială	din	0.073529
socială	pentru	0.058824
soldat	cu	0.439394
soldat	rus	0.196970
somn	de	0.069767
somn	pe	0.069767
somn	ușor	0.069767
soţia	sa	0.250000
soţia	lui	0.166667
soţie	şi	0.444444
soţul	ei	0.444444
soţul	său	0.166667
spania	și	0.132075
spania	a	0.122642
spania	şi	0.084906
spania	italia	0.084906
spania	cu	0.056604
spania	în	0.037736
spania	pe	0.028302
spania	au	0.028302
spania	sau	0.028302
spania	va	0.028302
spania	sunt	0.028302
spate	și	0.098901
spate	a	0.087912
spate	de	0.076923
spate	cu	0.065934
spate	o	0.043956
spate	pentru	0.032967
special	în	0.211180
special	pentru	0.118012
special	de	0.068323
special	a	0.055901
special	la	0.055901
special	al	0.034161
special	pe	0.027950
special	cu	0.027950
special	care	0.021739
special	din	0.018634
special	despre	0.015528
special	după	0.012422
special	ca	0.012422
special	este	0.012422
special	cei	0.009317
spera	ca	0.333333
speram	ca	0.315789
speram	sa	0.210526
sperat	ca	0.500000
spună	că	0.121622
spună	dacă	0.054054
spună	nu	0.054054
spună	cine	0.040541
spună	nimic	0.040541
spună	o	0.040541
spus	că	0.457550
spus	el	0.055087
spus	ea	0.022035
spus	în	0.022035
spus	ministrul	0.018795
spus	de	0.016202
spus	un	0.014258
spus	să	0.012962
spus	acesta	0.011666
spus	o	0.011666
spus	ca	0.011017
spus	la	0.010369
spus	și	0.008425
spus	despre	0.007129
spus	lui	0.007129
spus	liderul	0.005833
spus	primarul	0.005833
spus	medicul	0.005833
spus	ce	0.005185
spus	directorul	0.005185
spus	pentru	0.005185
spus	foarte	0.004537
spus	da	0.004537
spus	nu	0.004537
spus	bărbatul	0.004537
spus	putin	0.003889
spus	din	0.003889
spus	preşedintele	0.003889
spus	luni	0.003240
spus	mai	0.003240
spus	totul	0.003240
spus	adrian	0.003240
spus	când	0.003240
spus	klaus	0.003240
spus	dr	0.003240
spus	clar	0.003240
spus	acum	0.003240
spus	unul	0.002592
spus	eu	0.002592
spus	tot	0.002592
spuse	de	0.333333
sta	la	0.176471
sta	in	0.107843
sta	în	0.088235
sta	cu	0.078431
sta	pe	0.068627
sta	treaba	0.039216
sta	după	0.029412
sta	mai	0.029412
standard	de	0.173913
standard	este	0.130435
standard	pentru	0.108696
standard	se	0.065217
standard	a	0.065217
stare	de	0.488688
stare	gravă	0.144796
stare	să	0.095023
stare	critică	0.054299
stare	sa	0.040724
stare	foarte	0.022624
stare	generală	0.022624
stare	bună	0.022624
stare	extrem	0.013575
starea	de	0.579618
starea	lui	0.108280
starea	sa	0.038217
starea	lor	0.031847
starea	ta	0.025478
starea	asta	0.019108
starea	în	0.019108
starea	armatei	0.019108
start	up	0.177778
start	și	0.133333
start	a	0.066667
start	că	0.066667
start	ca	0.066667
start	de	0.066667
statele	unite	0.808118
statele	care	0.047970
statele	din	0.033210
statele	lor	0.011070
statele	de	0.011070
statelor	unite	0.763158
stau	la	0.146552
stau	cu	0.137931
stau	în	0.068966
stau	lucrurile	0.051724
stau	mai	0.051724
stau	in	0.043103
stau	pe	0.043103
stau	de	0.034483
stau	să	0.025862
staţia	de	0.500000
staţia	spaţială	0.375000
stia	de	0.272727
stia	ca	0.272727
sticla	cu	0.416667
sticla	de	0.333333
stii	ca	0.361111
stii	sa	0.083333
stii	cum	0.083333
stilul	de	0.418605
stilul	său	0.116279
stilul	lui	0.093023
stilul	și	0.069767
stim	ca	0.290323
stim	si	0.129032
stim	cu	0.129032
stim	ce	0.096774
stim	de	0.096774
strada	pe	0.060606
strada	a	0.060606
strada	valea	0.045455
strada	george	0.045455
strada	este	0.045455
strada	din	0.045455
strict	de	0.136364
strict	pe	0.113636
strict	la	0.090909
strict	în	0.068182
strict	pentru	0.068182
străinătate	și	0.120690
străinătate	a	0.086207
străinătate	în	0.086207
străinătate	dar	0.068966
străinătate	pentru	0.051724
studii	de	0.178082
studii	care	0.082192
studii	în	0.068493
studii	pentru	0.054795
studii	din	0.041096
studii	au	0.041096
studii	și	0.041096
stând	în	0.333333
stând	pe	0.266667
stânga	și	0.093023
stânga	în	0.069767
suc	de	0.666667
succes	în	0.191489
succes	a	0.074468
succes	și	0.074468
succes	la	0.053191
succes	pe	0.053191
succes	de	0.042553
succes	din	0.037234
succes	in	0.031915
succes	al	0.026596
succes	cu	0.021277
succes	contra	0.015957
succesul	în	0.093750
succesul	pe	0.093750
suferit	o	0.184932
suferit	un	0.130137
suferit	din	0.054795
suferit	răni	0.054795
suferit	de	0.047945
suferit	în	0.047945
suferit	mai	0.041096
suferit	pierderi	0.041096
suferit	cel	0.027397
suferit	și	0.020548
suferit	a	0.020548
sugerează	că	0.674419
sugerează	o	0.093023
sugerează	să	0.069767
sunteți	în	0.159420
sunteți	la	0.072464
sunteți	un	0.072464
sunteți	de	0.072464
sunteți	pe	0.043478
sunteți	cu	0.043478
sunteți	o	0.043478
super	noroc	0.333333
superior	al	0.282051
superior	de	0.128205
supă	de	0.333333
supă	cremă	0.333333
surprins	pe	0.166667
surprins	de	0.144444
surprins	în	0.077778
surprins	o	0.055556
surprins	la	0.044444
surprins	momentul	0.044444
surprins	când	0.044444
surprins	cu	0.033333
surpriză	a	0.128205
surpriză	în	0.102564
surpriză	de	0.076923
surpriză	la	0.076923
surpriză	din	0.076923
sursă	de	0.457831
sursă	a	0.108434
sursă	apropiată	0.060241
sursă	din	0.060241
sursă	foto	0.048193
sursă	bună	0.048193
suspectul	a	0.235294
suspectul	în	0.176471
suspendat	pe	0.090909
suspendat	activitatea	0.090909
suspendat	din	0.068182
suspendat	după	0.068182
suspendat	permisul	0.068182
suta	de	0.500000
suta	din	0.250000
sănătatea	și	0.098592
sănătatea	publică	0.084507
sănătatea	ta	0.084507
sănătatea	noastră	0.084507
sănătatea	dumneavoastră	0.056338
sănătatea	inimii	0.056338
sănătatea	lor	0.042254
sănătos	și	0.176471
sănătos	pentru	0.088235
săptămâna	trecută	0.393617
săptămâna	viitoare	0.241135
săptămâna	aceasta	0.156028
săptămâna	mare	0.024823
săptămâna	ianuarie	0.017730
săptămâna	de	0.017730
săptămâna	care	0.014184
săptămâna	august	0.014184
săptămâna	mai	0.010638
săptămâna	a	0.010638
săptămâna	cu	0.010638
săptămâna	următoare	0.010638
săptămâni	de	0.139442
săptămâni	în	0.091633
săptămâni	după	0.059761
săptămâni	a	0.043825
săptămâni	și	0.039841
săptămâni	au	0.031873
săptămâni	înainte	0.027888
săptămâni	iar	0.023904
săptămâni	la	0.019920
săptămâni	să	0.019920
săptămâni	pentru	0.019920
săptămâni	sau	0.015936
săptămâni	că	0.015936
săptămâni	dar	0.015936
săptămâni	se	0.015936
săptămâni	mai	0.015936
săptămâni	o	0.015936
săptămâni	din	0.011952
săptămâni	s	0.011952
săptămâni	întregi	0.011952
săptămâni	pe	0.011952
săptămâni	ale	0.011952
săptămâni	fără	0.011952
săptămâni	vor	0.011952
săptămână	în	0.110048
săptămână	de	0.110048
săptămână	a	0.052632
săptămână	după	0.043062
săptămână	la	0.043062
săptămână	cu	0.038278
săptămână	pe	0.038278
săptămână	din	0.033493
săptămână	și	0.033493
săptămână	au	0.023923
săptămână	iar	0.023923
săptămână	pentru	0.023923
săptămână	un	0.019139
săptămână	până	0.019139
săptămână	sunt	0.019139
săptămână	se	0.014354
săptămână	este	0.014354
tabăra	de	0.428571
tale	și	0.072165
tale	de	0.072165
tale	să	0.072165
tale	nu	0.061856
tale	în	0.061856
tale	sunt	0.051546
tale	cu	0.030928
tale	un	0.030928
tale	se	0.030928
tale	din	0.030928
tale	pentru	0.030928
tale	personale	0.030928
teama	de	0.307692
teama	că	0.269231
tehnică	a	0.157895
tehnică	de	0.122807
tehnică	din	0.122807
tehnică	militară	0.087719
tehnică	și	0.052632
telefon	cu	0.166667
telefon	și	0.166667
telefon	mobil	0.088889
telefon	la	0.055556
telefon	sau	0.044444
telefon	pe	0.044444
televiziune	și	0.089552
televiziune	de	0.089552
televiziune	în	0.074627
televiziune	pe	0.059701
televiziune	şi	0.059701
televiziune	din	0.059701
televiziune	cu	0.044776
televizor	și	0.181818
temele	pe	0.200000
temele	de	0.200000
tenis	de	0.184211
tenis	a	0.105263
tenis	și	0.078947
tenis	din	0.065789
tenis	pe	0.065789
tenis	care	0.039474
tenis	la	0.039474
tensiune	în	0.166667
terenul	de	0.215909
terenul	lui	0.090909
terenul	pe	0.079545
terenul	din	0.068182
terenul	pentru	0.068182
terenul	celor	0.068182
terenul	la	0.034091
teritoriul	său	0.163043
teritoriul	lor	0.086957
teritoriul	nostru	0.086957
teritoriul	rus	0.076087
teritoriul	ţării	0.054348
teritoriul	ocupat	0.054348
teritoriul	unui	0.043478
teritoriul	controlat	0.043478
teritoriul	american	0.032609
teritoriul	acestei	0.032609
termen	lung	0.350877
termen	de	0.270175
termen	scurt	0.115789
termen	mediu	0.063158
termen	limită	0.021053
termen	în	0.021053
termen	mai	0.014035
termen	până	0.010526
termen	nu	0.010526
termenul	de	0.500000
termenul	pentru	0.115385
termenul	limită	0.076923
termenul	a	0.051282
termenul	legal	0.038462
ti	se	0.145455
ti	e	0.072727
ti	a	0.054545
ti	ai	0.054545
ti	am	0.045455
ti	o	0.036364
ti	mai	0.036364
ti	dai	0.027273
ti	fie	0.027273
ti	de	0.027273
ti	au	0.027273
times	a	0.150000
tipul	de	0.460000
tipul	asta	0.080000
tipuri	de	0.941860
tipuri	diferite	0.034884
toata	lumea	0.408696
toata	europa	0.078261
toata	ziua	0.060870
toata	tara	0.043478
toata	familia	0.043478
toata	aceasta	0.043478
toate	acestea	0.261553
toate	aceste	0.079482
toate	cele	0.065619
toate	că	0.043438
toate	astea	0.028651
toate	lucrurile	0.020333
toate	statele	0.019409
toate	au	0.016636
toate	celelalte	0.016636
toate	eforturile	0.014787
toate	punctele	0.013863
toate	timpurile	0.013863
toate	sunt	0.012015
toate	cazurile	0.010166
toate	detaliile	0.009242
toate	datele	0.009242
toate	ca	0.008318
toate	femeile	0.007394
toate	în	0.007394
toate	motivele	0.007394
toate	acele	0.007394
toate	resursele	0.007394
toate	probele	0.007394
toate	persoanele	0.007394
toate	cu	0.006470
toate	documentele	0.006470
toate	la	0.005545
toate	armele	0.005545
toate	planurile	0.005545
toate	bunurile	0.005545
toate	problemele	0.005545
toate	momentele	0.004621
toate	căile	0.004621
toate	conturile	0.004621
toate	părţile	0.004621
toate	şansele	0.004621
toate	facturile	0.004621
toate	trei	0.004621
toate	și	0.004621
toate	drumurile	0.004621
ton	cu	0.333333
totalitate	de	0.263158
totalitate	a	0.105263
totalitate	din	0.078947
totalitate	în	0.078947
totul	a	0.098624
totul	este	0.098624
totul	s	0.071101
totul	e	0.068807
totul	pentru	0.045872
totul	în	0.043578
totul	se	0.038991
totul	va	0.034404
totul	altceva	0.032110
totul	să	0.025229
totul	și	0.022936
totul	la	0.020642
totul	pe	0.020642
totul	cu	0.018349
totul	special	0.013761
totul	despre	0.011468
totul	depinde	0.011468
totul	si	0.009174
totul	din	0.009174
totul	bine	0.009174
totul	nu	0.009174
totul	altă	0.009174
totul	merge	0.009174
totul	alt	0.009174
totul	şi	0.006881
totul	aşa	0.006881
totul	părea	0.006881
totul	ar	0.006881
totul	altfel	0.006881
totul	de	0.006881
totul	o	0.006881
totul	ține	0.006881
totul	ca	0.006881
totul	alta	0.006881
totul	era	0.006881
traficul	de	0.168831
traficul	în	0.103896
traficul	se	0.077922
traficul	pe	0.077922
traficul	auto	0.051948
traficul	este	0.051948
traficul	greu	0.038961
traficul	pentru	0.038961
traficul	s	0.038961
tragedie	în	0.208333
tragedie	pe	0.125000
tragă	în	0.222222
tragă	cu	0.166667
trai	decent	0.097561
trai	in	0.097561
trai	al	0.073171
transfer	al	0.259259
transfer	de	0.185185
transfer	la	0.111111
transferul	de	0.266667
transferul	lui	0.166667
transporta	conform	0.129032
transporta	material	0.096774
transporta	cu	0.096774
transportul	public	0.218391
transportul	de	0.149425
transportul	în	0.149425
transportul	la	0.114943
transportul	este	0.057471
transportul	in	0.034483
transportul	pe	0.034483
treabă	cu	0.145833
treabă	în	0.125000
treabă	bună	0.104167
treabă	și	0.104167
trebuiau	să	0.615385
trebuiau	sa	0.205128
trebuiau	făcute	0.102564
trebuit	să	0.801282
trebuit	sa	0.070513
trebuit	niciodată	0.019231
trecute	în	0.186916
trecute	de	0.074766
trecute	pe	0.074766
trecute	la	0.065421
trecute	că	0.056075
trecute	a	0.056075
trecute	o	0.028037
trecute	un	0.028037
trecute	am	0.028037
tren	de	0.181818
tren	a	0.090909
tren	în	0.090909
tren	cu	0.068182
trimită	arme	0.085106
trimită	trupe	0.063830
trupe	în	0.164384
trupe	americane	0.082192
trupe	și	0.068493
trupe	de	0.068493
trupe	şi	0.054795
trupe	militare	0.054795
trupe	in	0.041096
trupe	pentru	0.041096
trupe	la	0.041096
trupe	din	0.041096
trupul	său	0.173913
trupă	de	0.363636
trăiască	în	0.266667
trăiască	și	0.100000
trăieşte	în	0.375000
turul	al	0.300000
turul	doi	0.185714
turul	trei	0.071429
turul	ii	0.057143
turul	cu	0.057143
turul	la	0.042857
turul	următor	0.042857
turul	şi	0.042857
tuturor	celor	0.372881
tuturor	pentru	0.050847
tuturor	femeilor	0.033898
tuturor	a	0.033898
tuturor	cu	0.033898
tuturor	în	0.025424
tuturor	statelor	0.025424
tuturor	care	0.025424
tuturor	oamenilor	0.025424
tuturor	acestor	0.025424
tânărul	a	0.304688
tânărul	de	0.187500
tânărul	în	0.046875
tânărul	din	0.039062
tânărul	care	0.031250
tânărul	era	0.023438
tânărul	şi	0.023438
tânărul	se	0.023438
tânără	de	0.233333
tânără	în	0.116667
tânără	care	0.083333
tânără	a	0.066667
tânără	din	0.050000
tânără	și	0.050000
tânără	cu	0.050000
târg	de	0.407407
târziu	a	0.118343
târziu	în	0.100592
târziu	la	0.076923
târziu	de	0.053254
târziu	pentru	0.035503
târziu	decât	0.023669
târziu	o	0.023669
târziu	au	0.023669
târziu	să	0.023669
târziu	i	0.017751
târziu	până	0.017751
târziu	pe	0.017751
târziu	cu	0.017751
târziu	și	0.017751
târziu	că	0.017751
târziu	când	0.017751
târziu	ea	0.017751
tău	de	0.082645
tău	este	0.057851
tău	pentru	0.041322
tău	nu	0.041322
tău	cu	0.033058
tău	să	0.033058
tău	a	0.033058
tău	și	0.024793
tău	preferat	0.024793
ucide	pe	0.125000
ucişi	în	0.272727
ucişi	şi	0.136364
ucişi	de	0.136364
uit	la	0.380952
uitati	va	0.333333
uite	că	0.112500
uite	asa	0.100000
uite	de	0.087500
uite	așa	0.075000
uite	la	0.062500
uite	ca	0.050000
uite	cum	0.050000
uite	ce	0.037500
uite	aici	0.037500
uite	l	0.037500
uităm	că	0.274510
uităm	la	0.254902
uităm	de	0.078431
ultimă	oră	0.473684
ultimă	generaţie	0.157895
umane	în	0.120690
umane	și	0.120690
umane	din	0.086207
umane	şi	0.068966
umane	pentru	0.051724
umane	care	0.051724
umane	pe	0.051724
umană	şi	0.111111
umană	în	0.111111
umărul	la	0.444444
una	dintre	0.491275
una	din	0.069799
una	de	0.063087
una	cu	0.025503
una	care	0.025503
una	peste	0.021477
una	pe	0.016107
una	bună	0.012081
una	foarte	0.012081
una	alta	0.010738
una	sau	0.009396
una	în	0.009396
una	a	0.008054
una	și	0.008054
una	pentru	0.008054
una	cât	0.008054
una	este	0.006711
una	destul	0.005369
una	mai	0.005369
una	e	0.005369
una	o	0.004027
una	ce	0.004027
una	mult	0.004027
una	câte	0.004027
una	si	0.004027
una	după	0.004027
unde	a	0.097678
unde	se	0.092213
unde	au	0.062842
unde	s	0.036885
unde	sunt	0.035519
unde	este	0.032787
unde	să	0.030055
unde	va	0.026639
unde	nu	0.023907
unde	vor	0.019126
unde	e	0.015027
unde	am	0.015027
unde	i	0.014344
unde	o	0.013661
unde	și	0.012978
unde	în	0.012295
unde	are	0.010246
unde	își	0.010246
unde	ar	0.009563
unde	era	0.009563
unde	erau	0.008197
unde	pot	0.007514
unde	ai	0.007514
unde	mai	0.007514
unde	un	0.006831
unde	sa	0.006148
unde	le	0.006148
unde	oamenii	0.005464
unde	de	0.005464
unde	te	0.005464
unde	mii	0.004781
unde	poți	0.004098
unde	pe	0.004098
unde	ne	0.004098
unde	vin	0.003415
unde	in	0.003415
unde	locuiesc	0.003415
unde	trebuie	0.003415
unde	fac	0.003415
unde	lucrează	0.003415
unităţile	de	0.625000
universitatea	din	0.438202
universitatea	de	0.258427
universitatea	alba	0.044944
universitatea	tehnică	0.044944
universitatea	decembrie	0.044944
universitatea	noastră	0.033708
unor	oameni	0.054441
unor	astfel	0.045845
unor	persoane	0.034384
unor	noi	0.034384
unor	produse	0.031519
unor	măsuri	0.031519
unor	probleme	0.028653
unor	asemenea	0.022923
unor	zone	0.020057
unor	evenimente	0.020057
unor	informații	0.017192
unor	date	0.017192
unor	companii	0.014327
unor	atacuri	0.014327
unor	daune	0.014327
unor	drepturi	0.014327
unor	servicii	0.014327
unor	tineri	0.014327
unor	informaţii	0.014327
unor	mari	0.011461
unor	lupte	0.011461
unor	elemente	0.011461
unor	documente	0.011461
unor	grupuri	0.011461
unor	alegeri	0.008596
unor	bombe	0.008596
unor	civili	0.008596
unor	taxe	0.008596
unor	elevi	0.008596
unor	mici	0.008596
unor	fonduri	0.008596
unu	din	0.212121
unu	mondial	0.090909
unul	dintre	0.561644
unul	din	0.091977
unul	de	0.032290
unul	care	0.024462
unul	în	0.019569
unul	cu	0.017613
unul	mai	0.014677
unul	a	0.012720
unul	la	0.011742
unul	pentru	0.009785
unul	foarte	0.009785
unul	singur	0.009785
unul	nu	0.009785
unul	pe	0.008806
unul	sau	0.008806
unul	pozitiv	0.003914
unul	plin	0.003914
unul	este	0.003914
unul	destul	0.003914
unul	ca	0.003914
unul	și	0.003914
unul	al	0.002935
unul	alături	0.002935
unul	am	0.002935
unul	nou	0.002935
unul	ar	0.002935
unul	va	0.002935
urme	de	0.750000
urmează	să	0.646688
urmează	a	0.100946
urmează	o	0.050473
urmează	ca	0.018927
urmează	în	0.015773
urmează	un	0.012618
urmează	pentru	0.009464
urmăresc	să	0.285714
urmărit	de	0.159091
urmărit	pe	0.068182
urmărit	un	0.068182
următoarea	perioadă	0.333333
următoarea	sa	0.104167
uşor	de	0.140000
uşor	şi	0.120000
uşor	în	0.100000
uşor	să	0.100000
uşor	mai	0.080000
uşor	dar	0.060000
vai	de	0.533333
vai	mama	0.100000
vai	ce	0.100000
val	de	0.823529
valabil	pentru	0.136364
valabil	până	0.136364
valabil	și	0.113636
valabil	si	0.090909
valabil	în	0.068182
valabil	pe	0.068182
valea	mare	0.416667
valea	lungă	0.250000
valoarea	totală	0.309524
valoarea	de	0.190476
valoarea	medie	0.079365
valoarea	maximă	0.039683
valoarea	lor	0.031746
valoarea	ei	0.023810
valori	de	0.200000
valori	mai	0.090909
valori	în	0.090909
valori	apropiate	0.054545
valori	din	0.054545
vara	anului	0.248000
vara	trecută	0.072000
vara	lui	0.064000
vara	acestui	0.056000
vara	aceasta	0.056000
vara	și	0.040000
vara	asta	0.032000
vara	viitoare	0.032000
vara	la	0.024000
vara	este	0.024000
vară	a	0.153846
vară	în	0.076923
vară	din	0.057692
vară	de	0.057692
vară	este	0.048077
vară	pe	0.048077
vară	pentru	0.038462
vară	dar	0.038462
vară	și	0.038462
vară	cu	0.028846
vară	la	0.028846
vară	că	0.028846
vechi	de	0.141935
vechi	și	0.135484
vechi	din	0.083871
vechi	si	0.038710
vechi	cu	0.032258
vechi	nu	0.032258
vechi	care	0.025806
vechi	în	0.019355
vechi	dar	0.019355
vechi	pe	0.019355
vechi	sau	0.019355
vechi	şi	0.019355
vechi	prieten	0.019355
vechi	a	0.019355
vedea	că	0.093458
vedea	pe	0.070093
vedea	dacă	0.051402
vedea	în	0.046729
vedea	ce	0.046729
vedea	de	0.032710
vedea	cu	0.032710
vedea	care	0.032710
vedea	cum	0.028037
vedea	la	0.023364
vedea	mai	0.023364
vedea	din	0.018692
vedea	un	0.014019
vedea	ca	0.014019
vedea	doar	0.014019
vedea	și	0.014019
vedea	o	0.014019
vedeti	ca	0.250000
vedeti	ce	0.142857
vedeti	de	0.107143
vedetă	a	0.200000
vedetă	în	0.150000
vedetă	pe	0.150000
venea	din	0.218750
venea	cu	0.125000
venea	să	0.125000
venind	din	0.333333
versiune	a	0.428571
versiune	mai	0.142857
vezi	ce	0.103261
vezi	că	0.092391
vezi	ca	0.092391
vezi	cum	0.054348
vezi	și	0.038043
vezi	tu	0.032609
vezi	pe	0.032609
vezi	cu	0.027174
vezi	un	0.021739
vezi	în	0.021739
vezi	dacă	0.016304
vezi	doamne	0.016304
vezi	cand	0.016304
vezi	lumea	0.016304
vezi	de	0.016304
veţi	avea	0.153846
veţi	fi	0.153846
veţi	simţi	0.115385
veţi	vedea	0.115385
veți	putea	0.150685
veți	vedea	0.082192
veți	găsi	0.082192
veți	avea	0.082192
veți	fi	0.068493
veți	face	0.068493
veți	primi	0.054795
veți	descoperi	0.041096
veți	afla	0.041096
viata	de	0.070423
viata	in	0.070423
viata	ca	0.056338
viata	lui	0.042254
viata	noastra	0.042254
viata	si	0.042254
viata	unui	0.042254
viata	e	0.042254
viata	a	0.042254
victoria	cu	0.129032
victoria	în	0.096774
victoria	la	0.075269
victoria	a	0.075269
victoria	lui	0.064516
victoria	din	0.064516
victoria	de	0.043011
victoria	nu	0.032258
victoria	și	0.032258
victoria	asupra	0.032258
victoria	este	0.032258
victorie	în	0.161290
victorie	a	0.107527
victorie	din	0.064516
victorie	pentru	0.064516
victorie	la	0.043011
victorie	de	0.043011
victorie	și	0.043011
victorie	şi	0.032258
victorie	mare	0.032258
victorie	cu	0.032258
vieţi	de	0.250000
vii	cu	0.125000
vii	a	0.125000
vii	și	0.100000
vii	în	0.100000
vii	acum	0.075000
viitoare	va	0.107438
viitoare	vor	0.066116
viitoare	în	0.049587
viitoare	pentru	0.033058
viitoare	se	0.033058
viitoare	de	0.033058
viitoare	și	0.033058
viitoare	vom	0.024793
viitoare	din	0.024793
viitoare	iar	0.024793
viitoare	a	0.024793
viitoare	dar	0.024793
viitorul	apropiat	0.231481
viitorul	său	0.037037
viitorul	meu	0.037037
viitorul	pe	0.037037
viitorul	nostru	0.027778
viitorul	lor	0.027778
vis	în	0.185714
vis	de	0.114286
vis	a	0.100000
vis	la	0.085714
vis	și	0.057143
vis	al	0.057143
viteza	de	0.382979
viteza	cu	0.085106
viteza	maximă	0.085106
viteza	la	0.063830
vizita	în	0.144578
vizita	lui	0.144578
vizita	la	0.120482
vizita	o	0.048193
vizita	de	0.048193
vizita	a	0.048193
viziteze	pe	0.214286
viziunea	sa	0.200000
viziunea	lor	0.200000
viziunea	asupra	0.160000
viziunea	mea	0.120000
voci	care	0.263158
voiau	să	0.764706
vom	avea	0.149153
vom	face	0.076271
vom	vedea	0.059322
vom	continua	0.050847
vom	fi	0.042373
vom	mai	0.037288
vom	putea	0.035593
vom	reveni	0.020339
vom	găsi	0.018644
vom	merge	0.015254
vom	lua	0.015254
vom	plăti	0.013559
vom	vorbi	0.013559
vom	intra	0.011864
vom	încerca	0.011864
vom	da	0.011864
vom	discuta	0.011864
vom	afla	0.010169
vom	oferi	0.010169
vom	asigura	0.010169
vom	trimite	0.008475
vom	câștiga	0.008475
vom	ajunge	0.008475
vom	veni	0.008475
vom	aduce	0.006780
vom	trece	0.006780
vom	construi	0.006780
vom	primi	0.006780
vom	pierde	0.006780
vom	prezenta	0.006780
vom	uita	0.006780
vom	analiza	0.006780
vom	purta	0.005085
vom	porni	0.005085
vom	pune	0.005085
vom	sta	0.005085
vom	începe	0.005085
vom	reuşi	0.005085
vom	acorda	0.005085
vom	rămâne	0.005085
vor	fi	0.324957
vor	avea	0.069103
vor	putea	0.052541
vor	să	0.049971
vor	mai	0.031696
vor	face	0.021416
vor	primi	0.021131
vor	continua	0.016562
vor	trebui	0.013992
vor	sa	0.013706
vor	veni	0.012279
vor	ajunge	0.009994
vor	intra	0.008852
vor	rămâne	0.008852
vor	plăti	0.008281
vor	participa	0.008281
vor	lua	0.007995
vor	începe	0.007710
vor	deveni	0.006282
vor	afla	0.005997
vor	duce	0.005997
vor	trece	0.005997
vor	ajuta	0.005711
vor	exista	0.005425
vor	urma	0.005425
vor	da	0.005140
vor	merge	0.004569
vor	apărea	0.004569
vor	pleca	0.004283
vor	găsi	0.003998
vor	permite	0.003712
vor	aduce	0.003712
vor	dori	0.003712
vor	juca	0.003712
vor	vedea	0.003712
vor	întâlni	0.003427
vor	asigura	0.003427
vor	schimba	0.003141
vor	bucura	0.003141
vor	reveni	0.003141
vorbea	despre	0.218750
vorbea	de	0.125000
vorbea	cu	0.125000
vorbea	la	0.093750
vorbească	despre	0.386364
vorbească	cu	0.113636
vorbească	în	0.090909
vostru	de	0.136364
vot	în	0.128205
vot	de	0.115385
vot	a	0.064103
vot	pentru	0.051282
vot	si	0.051282
vot	negativ	0.038462
vot	al	0.038462
vremuri	grele	0.150943
vremuri	de	0.150943
vremuri	a	0.056604
vremuri	bune	0.056604
vremuri	se	0.056604
vreţi	să	0.555556
vrut	să	0.732719
vrut	sa	0.069124
vrut	ca	0.032258
vândă	în	0.166667
vânzări	de	0.250000
vânzări	în	0.166667
vârsta	de	0.721154
vârsta	între	0.043269
vârsta	medie	0.028846
vârsta	sub	0.024038
vârsta	sa	0.014423
vârsta	a	0.014423
vârsta	mai	0.014423
vârsta	la	0.014423
vârsta	peste	0.014423
vârsta	lor	0.014423
vârsta	și	0.014423
york	times	0.268293
york	în	0.097561
york	și	0.060976
york	city	0.060976
york	iar	0.048780
york	a	0.036585
york	unde	0.036585
york	şi	0.036585
zahăr	în	0.102564
zahăr	și	0.076923
zahăr	sau	0.076923
zburat	de	0.148148
zece	ani	0.344262
zece	zile	0.090164
zece	ori	0.073770
zece	persoane	0.057377
zece	minute	0.040984
zece	mii	0.032787
zece	luni	0.032787
zece	dintre	0.024590
ziarul	de	0.318182
ziarul	financiar	0.068182
ziarul	britanic	0.068182
zic	că	0.180952
zic	ca	0.152381
zic	sa	0.095238
zic	de	0.057143
zic	așa	0.038095
zic	să	0.038095
zic	eu	0.028571
zic	nimic	0.028571
zice	că	0.303797
zice	ca	0.126582
zice	el	0.063291
zice	de	0.037975
zice	nimic	0.037975
zilele	trecute	0.285024
zilele	de	0.231884
zilele	următoare	0.125604
zilele	noastre	0.101449
zilele	acestea	0.077295
zilele	libere	0.019324
zilele	astea	0.019324
zilele	în	0.019324
zona	de	0.308869
zona	euro	0.100917
zona	centrală	0.051988
zona	din	0.039755
zona	în	0.036697
zona	a	0.021407
zona	cu	0.015291
zona	era	0.015291
zona	este	0.012232
zona	unde	0.012232
zona	care	0.012232
zona	aceasta	0.012232
zona	roşie	0.012232
zona	înaltă	0.012232
zona	sa	0.009174
zona	și	0.009174
zona	mării	0.009174
zona	gâtului	0.009174
zona	capului	0.009174
zona	asta	0.009174
zona	se	0.009174
zona	va	0.009174
zona	unei	0.009174
zone	din	0.232143
zone	ale	0.130952
zone	de	0.119048
zone	cu	0.059524
zone	în	0.047619
zone	verzi	0.029762
zone	sunt	0.023810
zone	mai	0.017857
zone	unde	0.017857
zone	speciale	0.017857
zone	se	0.017857
împreună	cu	0.587302
împreună	în	0.034014
împreună	o	0.029478
împreună	și	0.027211
împreună	de	0.024943
împreună	la	0.024943
împreună	pentru	0.020408
împreună	un	0.015873
împreună	au	0.015873
împreună	putem	0.011338
împreună	să	0.011338
împreună	ca	0.009070
împreună	din	0.006803
împreună	doi	0.006803
împreună	şi	0.006803
împreună	suntem	0.006803
împreună	iar	0.006803
împrumut	de	0.268293
împrumut	în	0.146341
împrumut	pentru	0.097561
împușcat	în	0.363636
împușcat	de	0.136364
împăcat	cu	0.600000
începutul	lunii	0.246684
începutul	anului	0.175066
începutul	războiului	0.124668
începutul	acestei	0.095491
începutul	acestui	0.071618
începutul	anilor	0.063660
începutul	lui	0.053050
începutul	săptămânii	0.045093
începutul	secolului	0.026525
începutul	și	0.015915
începutul	unui	0.013263
începutul	de	0.010610
începutul	zilei	0.010610
începutul	verii	0.010610
începutul	unei	0.007958
încerc	să	0.781250
încerca	să	0.826531
încerca	o	0.030612
încercare	de	0.484848
încercare	a	0.121212
înceta	să	0.833333
încetat	din	0.600000
încetat	să	0.233333
încetează	să	0.600000
înceteze	să	0.450000
înceteze	imediat	0.200000
încheia	în	0.203390
încheia	cu	0.101695
încheia	un	0.067797
încheia	la	0.050847
încheiat	cu	0.238806
încheiat	un	0.082090
încheiat	la	0.082090
încheiat	în	0.052239
încheiat	o	0.044776
încheiat	pe	0.029851
încheiat	după	0.029851
încheiat	a	0.022388
încheiat	perioada	0.022388
încheiat	de	0.022388
închis	în	0.068966
închis	pentru	0.057471
închis	la	0.057471
închis	iar	0.045977
închis	de	0.045977
închis	pe	0.045977
închis	din	0.034483
închis	după	0.034483
închis	și	0.034483
închis	cu	0.034483
închise	pentru	0.311475
închise	sau	0.081967
închise	și	0.065574
închise	în	0.065574
închise	şi	0.049180
închise	a	0.049180
închisă	în	0.258065
închisă	de	0.096774
încântat	de	0.461538
încântată	de	0.666667
îndoiesc	că	0.666667
îndreaptă	spre	0.500000
îndreaptă	către	0.176471
îndreptat	spre	0.250000
îndreptat	către	0.187500
îngrijire	a	0.296296
îngrijire	medicală	0.148148
înjunghiat	de	0.235294
înregistrarea	video	0.181818
înregistrarea	cu	0.136364
înregistrarea	a	0.136364
înscrie	în	0.276596
înscrie	la	0.212766
înscrie	cu	0.106383
înscrie	până	0.085106
întotdeauna	o	0.062500
întotdeauna	să	0.046875
întotdeauna	cu	0.039062
întotdeauna	un	0.039062
întotdeauna	la	0.039062
întotdeauna	de	0.031250
întotdeauna	în	0.023438
întotdeauna	a	0.023438
întotdeauna	trebuie	0.023438
întotdeauna	se	0.023438
întotdeauna	și	0.023438
întreabă	dacă	0.257143
întreabă	ce	0.085714
întreb	dacă	0.269231
întrebare	care	0.090909
întrebare	este	0.068182
întrebare	și	0.068182
întrebare	pe	0.068182
întrebarea	este	0.185185
întrebarea	de	0.129630
întrebările	din	0.187500
întâi	de	0.080000
întâi	în	0.080000
întâi	să	0.066667
întâi	la	0.066667
întâi	a	0.066667
întâi	cu	0.053333
întâmpla	cu	0.148148
întâmpla	în	0.138889
întâmpla	dar	0.037037
întâmpla	pe	0.037037
întâmpla	aşa	0.037037
întâmpla	asta	0.037037
întâmpla	mai	0.027778
întâmpla	peste	0.027778
întâmpla	și	0.027778
întâmpla	să	0.027778
întâmplat	în	0.203297
întâmplat	cu	0.076923
întâmplat	și	0.076923
întâmplat	la	0.060440
întâmplat	pe	0.043956
întâmplat	după	0.027473
întâmplat	şi	0.027473
întâmplat	a	0.021978
întâmplat	între	0.021978
întâmplat	nimic	0.021978
întâmplat	din	0.021978
întâmplat	de	0.016484
întâmplat	atunci	0.016484
întâmplat	ca	0.016484
întâmplat	niciodată	0.016484
întâmplat	acum	0.016484
întâmple	cu	0.103448
întâmple	așa	0.103448
întârziat	să	0.333333
întârziat	de	0.142857
învăţat	să	0.277778
învăţat	că	0.166667
învăţat	în	0.166667
învățat	să	0.250000
învățat	de	0.071429
învățat	foarte	0.053571
învățat	că	0.053571
învățat	ceva	0.053571
înțeleg	că	0.314815
înțeleg	de	0.148148
înțeleg	ce	0.074074
înțeleg	foarte	0.055556
înțeleg	cum	0.055556
înțeleg	și	0.055556
ăia	care	0.258065
ăia	de	0.161290
şansa	de	0.533333
şansa	să	0.266667
şcoala	de	0.125000
şcoala	nr	0.125000
şeful	statului	0.380952
şeful	guvernului	0.119048
şeful	de	0.119048
şeful	poliţiei	0.071429
şi	a	0.096335
şi	de	0.057927
şi	în	0.042816
şi	să	0.030349
şi	au	0.025941
şi	la	0.025815
şi	nu	0.023171
şi	cu	0.023045
şi	o	0.020149
şi	un	0.019267
şi	pe	0.016371
şi	mai	0.015111
şi	se	0.013978
şi	că	0.012089
şi	pentru	0.012089
şi	va	0.008563
şi	care	0.008059
şi	din	0.007934
şi	este	0.007556
şi	alte	0.007304
şi	am	0.006674
şi	al	0.006045
şi	nici	0.005793
şi	s	0.005667
şi	ar	0.005289
şi	le	0.005289
şi	despre	0.004156
şi	l	0.004030
şi	cele	0.004030
şi	simplu	0.004030
şi	chiar	0.004030
şi	după	0.004030
şi	apoi	0.003778
şi	i	0.003526
şi	vor	0.003400
şi	cum	0.003400
şi	el	0.003400
şi	sunt	0.003148
şi	rusia	0.003022
şi	ne	0.003022
ştia	că	0.272727
ştie	că	0.220000
ştie	să	0.100000
ştie	ce	0.060000
ştie	când	0.060000
ştie	cât	0.060000
ştiind	că	0.750000
ţara	noastră	0.352273
ţara	sa	0.113636
ţara	lor	0.056818
ţara	a	0.045455
ţara	ta	0.034091
ţara	pentru	0.034091
ţara	mea	0.034091
ţin	de	0.444444
ţine	de	0.212121
ţine	la	0.121212
ţine	cont	0.090909
școală	din	0.189474
școală	și	0.115789
școală	de	0.052632
școală	în	0.052632
școală	cu	0.052632
școală	pentru	0.042105
școală	sau	0.042105
școală	nu	0.031579
și	a	0.097190
și	de	0.053206
și	în	0.041950
și	să	0.035110
și	au	0.029309
și	nu	0.023334
și	o	0.022425
și	la	0.021819
și	cu	0.020520
și	un	0.018269
și	pentru	0.017057
și	mai	0.016538
și	pe	0.016148
și	că	0.012814
și	se	0.012208
și	alte	0.008788
și	din	0.008312
și	care	0.008269
și	este	0.007836
și	s	0.007706
și	va	0.007316
și	al	0.006797
și	am	0.006754
și	ar	0.006104
și	cum	0.005801
și	despre	0.004546
și	i	0.004459
și	le	0.004286
și	nici	0.004199
și	chiar	0.004026
și	l	0.003853
și	ce	0.003810
și	sunt	0.003810
și	prin	0.003766
și	simplu	0.003723
și	vor	0.003637
și	dacă	0.003637
și	ne	0.003593
și	apoi	0.003550
și	el	0.003420
știm	că	0.183486
știm	cu	0.137615
știm	ce	0.073394
știm	și	0.036697
știm	bine	0.036697
știm	care	0.036697
știm	să	0.036697
știm	clar	0.027523
știm	dacă	0.027523
știm	doar	0.027523
știut	că	0.319149
știut	cum	0.127660
știut	să	0.127660
știut	de	0.063830
