abort	och	0.285714
absolut	inte	0.217949
absolut	bästa	0.076923
absolut	största	0.076923
absolut	det	0.038462
accepterar	att	0.272727
advokaten	och	0.190476
agerar	som	0.107143
agerar	i	0.107143
aldrig	varit	0.050661
aldrig	att	0.050661
aldrig	tidigare	0.044053
aldrig	sett	0.035242
aldrig	har	0.026432
aldrig	förr	0.024229
aldrig	mer	0.024229
aldrig	känt	0.019824
aldrig	kommer	0.019824
aldrig	hade	0.017621
aldrig	riktigt	0.017621
aldrig	veta	0.015419
aldrig	någon	0.013216
aldrig	ha	0.013216
aldrig	något	0.013216
aldrig	skulle	0.013216
aldrig	i	0.011013
aldrig	upplevt	0.011013
aldrig	för	0.011013
aldrig	kan	0.011013
aldrig	hänt	0.011013
aldrig	med	0.011013
aldrig	får	0.011013
aldrig	få	0.011013
aldrig	är	0.008811
aldrig	haft	0.008811
aldrig	någonsin	0.008811
aldrig	om	0.008811
aldrig	var	0.006608
aldrig	hört	0.006608
aldrig	en	0.006608
aldrig	lyckats	0.006608
aldrig	åka	0.006608
aldrig	kunnat	0.006608
aldrig	funnits	0.006608
aldrig	vunnit	0.006608
aldrig	tagit	0.006608
aldrig	upp	0.006608
aldrig	säga	0.006608
aldrig	och	0.006608
alkohol	och	0.328947
alkohol	i	0.157895
alkohol	som	0.065789
alkohol	eller	0.039474
alldeles	för	0.446429
alldeles	intill	0.053571
alldeles	extra	0.044643
alldeles	i	0.035714
alldeles	utmärkt	0.026786
alldeles	egen	0.026786
allting	som	0.093750
alltså	inte	0.123506
alltså	att	0.067729
alltså	en	0.059761
alltså	det	0.031873
alltså	ett	0.031873
alltså	för	0.019920
alltså	till	0.019920
alltså	om	0.019920
alltså	bara	0.015936
alltså	kan	0.015936
alltså	i	0.015936
alltså	på	0.015936
alltså	mer	0.015936
alltså	som	0.011952
alltså	dags	0.011952
alltså	varit	0.011952
allvarlig	sjukdom	0.193548
allvarlig	olycka	0.096774
allvarlig	och	0.096774
allvarliga	skador	0.306818
allvarliga	konsekvenser	0.136364
allvarliga	brott	0.056818
allvarliga	hot	0.045455
allvarliga	men	0.034091
allvarliga	och	0.034091
allvarliga	händelser	0.034091
allvarliga	problem	0.034091
allvarliga	brister	0.034091
allvarligt	skadad	0.159292
allvarligt	och	0.079646
allvarligt	att	0.070796
allvarligt	i	0.070796
allvarligt	läge	0.061947
allvarligt	på	0.053097
allvarligt	hot	0.044248
allvarligt	skadade	0.044248
allvarligt	brott	0.035398
allvarligt	sjuk	0.026549
allvarligt	men	0.026549
allvarligt	säger	0.026549
ambassadör	i	0.391304
ambassadör	för	0.130435
amerikanska	soldater	0.088235
amerikanska	delstaten	0.068627
amerikanska	tv	0.058824
amerikanska	flottan	0.049020
amerikanska	kongressen	0.039216
amerikanska	och	0.039216
amerikanska	f	0.029412
amerikanska	medborgare	0.029412
andel	av	0.450000
andel	i	0.075000
anders	och	0.230769
andre	vice	0.266667
anklagad	för	0.916667
anledningar	till	0.363636
anmälde	sig	0.428571
ann	marie	0.333333
ann	louise	0.190476
ann	charlotte	0.142857
anna	maria	0.184615
anna	lena	0.107692
anna	lisa	0.046154
anna	och	0.046154
anna	eva	0.046154
annorlunda	ut	0.191489
annorlunda	för	0.127660
annorlunda	nu	0.085106
annorlunda	och	0.085106
annorlunda	att	0.063830
annorlunda	sätt	0.063830
anpassa	sig	0.473684
anpassa	oss	0.105263
anpassa	sin	0.105263
anses	vara	0.309524
anses	ha	0.166667
anses	inte	0.059524
anses	ligga	0.059524
anses	som	0.035714
ansikte	som	0.142857
ansikte	i	0.142857
ansikte	och	0.142857
ansikte	på	0.107143
anställda	på	0.136842
anställda	i	0.131579
anställda	som	0.052632
anställda	och	0.052632
anställda	vid	0.047368
anställda	inom	0.042105
anställda	har	0.036842
anställda	att	0.031579
anställda	ska	0.026316
anställda	är	0.021053
anställda	men	0.015789
anställda	från	0.015789
anställda	med	0.015789
anställda	fick	0.015789
anställda	till	0.015789
anställda	skriver	0.015789
ansvarar	för	0.866667
ansvaret	för	0.615385
ansvaret	ligger	0.057692
ansökan	om	0.516129
ansökan	till	0.096774
ansökan	i	0.080645
använda	sig	0.100719
använda	den	0.057554
använda	sin	0.057554
använda	det	0.050360
använda	sitt	0.035971
använda	en	0.035971
använda	så	0.021583
använda	min	0.021583
använda	som	0.021583
använda	dem	0.021583
använda	alla	0.021583
använda	i	0.021583
använda	sina	0.021583
använda	och	0.021583
använda	de	0.021583
använda	kärnvapen	0.021583
användes	för	0.166667
användes	i	0.166667
användes	av	0.125000
använt	sig	0.303030
använt	en	0.090909
arbetsgivare	och	0.150000
arbetsgivare	som	0.075000
arbetsgivare	i	0.075000
arga	och	0.500000
arm	och	0.384615
attack	mot	0.506849
attack	med	0.068493
attack	i	0.068493
attack	som	0.054795
attack	och	0.041096
attack	på	0.041096
attack	från	0.041096
attacken	mot	0.272727
attacken	på	0.090909
attacken	i	0.090909
attacken	ska	0.068182
attacken	skedde	0.068182
attacken	som	0.068182
attityd	till	0.375000
av	de	0.081068
av	en	0.069543
av	den	0.046493
av	att	0.032309
av	dem	0.028566
av	det	0.026891
av	ett	0.026202
av	sina	0.013790
av	alla	0.010835
av	sin	0.010638
av	talet	0.009358
av	sig	0.009062
av	flera	0.007486
av	med	0.007388
av	dessa	0.007388
av	polisen	0.006403
av	hans	0.006304
av	världens	0.006009
av	våra	0.006009
av	och	0.005910
av	två	0.005713
av	oss	0.005319
av	landet	0.005319
av	huset	0.005319
av	tre	0.005221
av	olika	0.005122
av	sitt	0.005024
av	i	0.005024
av	många	0.004728
av	hur	0.004630
av	tio	0.004630
av	polis	0.004630
av	landets	0.004334
av	nya	0.004137
av	bland	0.003940
av	vad	0.003940
av	detta	0.003546
av	vägen	0.003546
av	förra	0.003349
av	juni	0.003349
avdelning	på	0.300000
avdelning	som	0.150000
avsikt	att	0.923077
avslutat	sitt	0.217391
avslutat	sin	0.173913
avslöja	att	0.342857
avslöja	en	0.114286
avslöjar	att	0.236842
avslöjar	han	0.105263
avslöjar	nu	0.078947
avstängd	i	0.301887
avstängd	och	0.094340
avstängd	under	0.094340
avstängd	från	0.075472
avstängd	för	0.075472
avstängd	mot	0.056604
avståndet	till	0.285714
bak	i	0.400000
bakgrunden	är	0.320755
bakgrunden	till	0.320755
bakgrunden	syns	0.075472
baksidan	av	0.909091
banden	till	0.454545
banken	har	0.105263
banken	för	0.105263
banken	att	0.078947
banken	i	0.078947
banker	och	0.131579
banker	i	0.105263
banker	som	0.078947
banker	har	0.078947
banker	ska	0.078947
banker	för	0.078947
barnets	pappa	0.157895
baserad	på	0.809524
baserad	i	0.142857
beach	i	0.625000
befolkningen	i	0.181818
befolkningen	och	0.068182
befälhavare	för	0.428571
begränsad	till	0.166667
begränsad	tid	0.125000
begäran	om	0.440000
begäran	av	0.240000
begäran	att	0.120000
begärt	att	0.227273
begärt	en	0.181818
begärt	ut	0.136364
beklagar	att	0.222222
beklagar	sig	0.166667
benen	och	0.307692
bensin	och	0.633333
beredd	att	0.750000
beredd	på	0.218750
berlin	och	0.117647
berlin	med	0.088235
berlin	har	0.088235
beror	på	0.582418
beror	till	0.054945
beror	det	0.043956
beror	främst	0.032967
beror	bland	0.032967
beror	lite	0.032967
berättade	om	0.242424
berättade	att	0.227273
berättade	för	0.060606
berättade	då	0.045455
berättade	han	0.045455
berättade	på	0.022727
berättar	att	0.322330
berättar	om	0.182524
berättar	hon	0.081553
berättar	han	0.079612
berättar	hur	0.029126
berättar	också	0.023301
berättar	för	0.023301
berättar	en	0.013592
berättar	mer	0.013592
berättar	de	0.007767
berättar	i	0.007767
berättar	med	0.005825
berättar	johan	0.005825
berättar	hans	0.005825
berättar	även	0.005825
berättar	nu	0.005825
besatt	av	1.000000
beskriva	det	0.291667
beskriva	hur	0.208333
beskrivning	av	0.562500
beskrivning	som	0.187500
besökte	platsen	0.128205
besökte	nyligen	0.076923
betydelse	för	0.508772
betydelse	i	0.105263
betyg	på	0.210526
betyg	och	0.157895
betyg	i	0.105263
betyg	till	0.078947
bevisa	att	0.526316
bevisar	att	0.428571
bevisar	det	0.428571
bibeln	och	0.187500
biblioteket	i	0.478261
biblioteket	och	0.130435
bilar	och	0.150000
bilar	i	0.121429
bilar	som	0.100000
bilar	på	0.057143
bilar	har	0.042857
bilar	är	0.035714
bilar	var	0.021429
bilar	för	0.021429
bilar	ska	0.021429
bilar	eller	0.021429
bilar	från	0.021429
bilar	med	0.021429
bilarna	och	0.133333
biter	sig	0.272727
bjuda	på	0.404762
bjuda	in	0.333333
bjuda	publiken	0.071429
bland	annat	0.734628
bland	de	0.069903
bland	andra	0.037540
bland	dem	0.021359
bland	unga	0.014887
bland	det	0.008414
bland	barn	0.007120
bland	alla	0.005825
bland	ungdomar	0.005178
bland	oss	0.003236
bland	flera	0.003236
bland	svenska	0.003236
bland	personalen	0.003236
bland	en	0.002589
bland	landets	0.002589
bland	både	0.002589
bland	personer	0.001942
bland	världens	0.001942
bland	mycket	0.001942
bland	offren	0.001942
bland	invånarna	0.001942
bli	en	0.130125
bli	ett	0.055258
bli	bättre	0.030303
bli	så	0.029412
bli	mer	0.024064
bli	av	0.023173
bli	ännu	0.019608
bli	verklighet	0.016934
bli	att	0.016043
bli	den	0.016043
bli	det	0.014260
bli	lite	0.014260
bli	något	0.014260
bli	mycket	0.013369
bli	medlem	0.009804
bli	riktigt	0.009804
bli	värre	0.008913
bli	borta	0.007130
bli	väldigt	0.007130
bli	pappa	0.007130
bli	ny	0.006239
bli	kvar	0.006239
bli	någon	0.006239
bli	fler	0.006239
bli	svårt	0.006239
bli	större	0.006239
bli	lättare	0.005348
bli	bäst	0.005348
bli	klar	0.005348
bli	svårare	0.005348
bli	som	0.005348
bli	klart	0.005348
bli	för	0.005348
bli	billigare	0.004456
bli	utan	0.004456
bli	gravid	0.004456
bli	allt	0.004456
bli	mindre	0.004456
bli	på	0.004456
bli	avgörande	0.004456
blivit	en	0.119128
blivit	dags	0.073826
blivit	ett	0.041946
blivit	mer	0.033557
blivit	allt	0.033557
blivit	påkörd	0.031879
blivit	bättre	0.026846
blivit	så	0.023490
blivit	av	0.023490
blivit	utsatt	0.018456
blivit	nya	0.015101
blivit	ny	0.015101
blivit	hotad	0.010067
blivit	större	0.010067
blivit	som	0.010067
blivit	för	0.008389
blivit	lite	0.008389
blivit	två	0.008389
blivit	lurad	0.008389
blivit	rånad	0.008389
blivit	sjuk	0.008389
blivit	djupt	0.006711
blivit	äldre	0.006711
blivit	biten	0.006711
blivit	mamma	0.006711
blivit	svårare	0.006711
blivit	fler	0.006711
blivit	slagen	0.006711
blivit	till	0.006711
blivit	ännu	0.006711
blivit	över	0.006711
blivit	det	0.006711
blivit	den	0.006711
blivit	skjuten	0.006711
blivit	kvar	0.006711
blivit	känd	0.006711
blivit	mycket	0.005034
blivit	lurade	0.005034
blivit	kraftigt	0.005034
blivit	klart	0.005034
blommor	och	0.586207
blåsa	nytt	0.181818
blåsa	faran	0.136364
bo	i	0.316327
bo	kvar	0.132653
bo	på	0.112245
bo	och	0.051020
bo	där	0.051020
bo	anders	0.030612
bok	om	0.245098
bok	som	0.098039
bok	och	0.058824
bok	i	0.039216
bok	jag	0.039216
bok	med	0.029412
bok	den	0.029412
bok	på	0.029412
boken	är	0.100000
boken	handlar	0.057143
boken	har	0.057143
boken	och	0.042857
boken	om	0.042857
boken	i	0.042857
bolaget	har	0.094017
bolaget	som	0.059829
bolaget	i	0.047009
bolaget	och	0.029915
bolaget	bakom	0.025641
bolaget	en	0.025641
bolaget	för	0.025641
bolaget	är	0.021368
bolaget	att	0.021368
bolaget	inte	0.021368
bolaget	ska	0.021368
bolaget	enligt	0.017094
bolaget	kommer	0.017094
bolaget	nu	0.017094
bolaget	efter	0.017094
bolaget	fått	0.012821
bolaget	med	0.012821
bolaget	till	0.012821
bolaget	på	0.012821
boll	och	0.187500
boll	i	0.187500
bor	i	0.370370
bor	på	0.090535
bor	och	0.032922
bor	med	0.028807
bor	där	0.028807
bor	här	0.028807
bor	han	0.028807
bor	hemma	0.024691
bor	kvar	0.020576
bor	tillsammans	0.016461
bor	utanför	0.016461
bor	det	0.016461
bor	sedan	0.012346
bor	en	0.012346
bor	granne	0.012346
borde	ha	0.120846
borde	vara	0.069486
borde	inte	0.045317
borde	vi	0.042296
borde	det	0.039275
borde	få	0.033233
borde	göra	0.024169
borde	man	0.024169
borde	de	0.021148
borde	kunna	0.021148
borde	bli	0.018127
borde	gå	0.018127
borde	också	0.012085
borde	skämmas	0.012085
borde	finnas	0.012085
borde	veta	0.012085
borde	kanske	0.012085
borde	se	0.009063
borde	i	0.009063
borde	han	0.009063
borde	ta	0.009063
borde	börja	0.009063
borde	även	0.009063
borde	aldrig	0.009063
borde	gjort	0.009063
borde	fungera	0.009063
borde	väl	0.009063
bordet	och	0.148148
bort	från	0.100000
bort	i	0.066667
bort	det	0.038889
bort	en	0.038889
bort	och	0.038889
bort	den	0.033333
bort	sig	0.027778
bort	på	0.027778
bort	de	0.022222
bort	men	0.022222
bort	för	0.022222
bort	av	0.022222
bort	till	0.019444
bort	dem	0.016667
bort	sin	0.016667
bort	med	0.013889
bort	efter	0.013889
bort	oss	0.011111
bort	att	0.011111
bort	alla	0.011111
bort	vid	0.011111
bort	honom	0.011111
bort	mig	0.008333
bort	mot	0.008333
bort	säger	0.008333
bort	då	0.008333
bort	eller	0.008333
bort	år	0.008333
bort	ligger	0.008333
bort	henne	0.008333
bort	dessa	0.008333
borta	mot	0.479675
borta	från	0.101626
borta	i	0.085366
borta	med	0.044715
borta	och	0.028455
borta	säger	0.024390
borta	på	0.024390
borta	en	0.020325
borta	ett	0.016260
borta	för	0.016260
borta	sedan	0.012195
bott	i	0.400000
bott	på	0.155556
bott	sedan	0.111111
bott	här	0.088889
bott	där	0.066667
bra	att	0.095876
bra	för	0.073196
bra	och	0.059794
bra	på	0.044330
bra	i	0.042268
bra	med	0.032990
bra	men	0.028866
bra	säger	0.027835
bra	som	0.023711
bra	start	0.019588
bra	sätt	0.014433
bra	bit	0.013402
bra	till	0.012371
bra	jobb	0.012371
bra	ut	0.010309
bra	är	0.010309
bra	läge	0.009278
bra	tag	0.009278
bra	form	0.008247
bra	insats	0.008247
bra	spelare	0.008247
bra	koll	0.008247
bra	om	0.007216
bra	idé	0.007216
bra	resultat	0.007216
bra	match	0.006186
bra	ifrån	0.006186
bra	lag	0.006186
bra	lösning	0.006186
bra	år	0.005155
bra	just	0.005155
bra	så	0.005155
bra	det	0.005155
bra	in	0.004124
bra	ändå	0.004124
bra	alls	0.004124
bra	här	0.004124
bra	vi	0.004124
bra	de	0.004124
bra	säsong	0.004124
brann	det	0.184211
brann	i	0.131579
brann	ner	0.105263
brann	med	0.078947
bredvid	den	0.119048
bredvid	honom	0.071429
bredvid	sig	0.071429
brittiska	tv	0.090909
brittiska	the	0.090909
brittiska	tidningen	0.090909
bro	och	0.227273
bro	i	0.136364
brottsplatsen	i	0.222222
brottsplatsen	är	0.222222
brutit	mot	0.466667
brutit	ut	0.222222
brutit	sig	0.133333
brydde	sig	1.000000
bråk	med	0.130435
bråk	i	0.130435
bråk	mellan	0.130435
bråk	som	0.108696
bråk	på	0.086957
bråk	om	0.065217
bråk	vid	0.065217
bråk	och	0.065217
bråkade	med	0.500000
bunden	till	0.600000
butik	i	0.351852
butik	på	0.111111
butik	som	0.074074
butik	och	0.074074
by	i	0.225806
by	för	0.096774
byte	av	0.357143
bägge	är	0.142857
bägge	två	0.142857
bäst	i	0.225434
bäst	på	0.086705
bäst	före	0.063584
bäst	att	0.052023
bäst	för	0.046243
bäst	av	0.034682
bäst	och	0.034682
bäst	genom	0.017341
bäst	är	0.017341
bäst	lyckades	0.017341
bäst	när	0.017341
bäst	om	0.017341
bäst	så	0.017341
bäst	kan	0.017341
bäst	med	0.017341
bästa	för	0.051948
bästa	sätt	0.048701
bästa	spelare	0.048701
bästa	fall	0.045455
bästa	i	0.038961
bästa	tips	0.035714
bästa	sättet	0.029221
bästa	som	0.022727
bästa	och	0.022727
bästa	på	0.022727
bästa	möjliga	0.022727
bästa	jag	0.022727
bästa	svenska	0.019481
bästa	kvinnliga	0.016234
bästa	tid	0.016234
bästa	manliga	0.016234
bästa	av	0.016234
bästa	lag	0.012987
bästa	sida	0.012987
bästa	resultat	0.012987
bästa	är	0.012987
bästa	match	0.012987
bästa	laget	0.012987
bästa	alternativet	0.009740
bästa	du	0.009740
bästa	med	0.009740
bästa	dagen	0.009740
bästa	år	0.009740
bästa	vän	0.009740
bättre	än	0.173810
bättre	och	0.064286
bättre	på	0.061905
bättre	att	0.052381
bättre	för	0.035714
bättre	i	0.033333
bättre	säger	0.021429
bättre	med	0.016667
bättre	resultat	0.016667
bättre	ut	0.016667
bättre	när	0.014286
bättre	villkor	0.011905
bättre	men	0.011905
bättre	plats	0.011905
bättre	jobb	0.009524
bättre	laget	0.009524
bättre	start	0.009524
bättre	sätt	0.009524
bättre	av	0.009524
bättre	nu	0.009524
bättre	om	0.009524
bättre	förr	0.007143
bättre	stöd	0.007143
bättre	möjligheter	0.007143
bättre	enligt	0.007143
bättre	kunna	0.007143
bättre	till	0.007143
bättre	kan	0.007143
börjar	bli	0.088803
börjar	med	0.065637
börjar	det	0.046332
börjar	närma	0.027027
börjar	i	0.027027
börjar	på	0.027027
börjar	klockan	0.023166
börjar	man	0.019305
börjar	de	0.019305
börjar	ett	0.015444
börjar	gå	0.015444
börjar	han	0.015444
börjar	se	0.015444
börjar	dra	0.015444
börjar	den	0.015444
börjar	en	0.011583
börjar	jag	0.011583
börjar	nu	0.011583
börjar	att	0.011583
börjar	om	0.011583
börjar	kanske	0.011583
börjar	ta	0.011583
börjar	köra	0.011583
börjar	vi	0.011583
börjat	brinna	0.063063
börjat	i	0.045045
börjat	med	0.027027
börjat	rulla	0.027027
börjat	ta	0.027027
börjat	prata	0.027027
börjat	använda	0.027027
börjat	bra	0.027027
börjat	gå	0.027027
c	och	0.112150
c	i	0.065421
c	ledaren	0.037383
c	är	0.037383
c	har	0.037383
c	s	0.037383
c	ordförande	0.028037
c	som	0.028037
c	eller	0.028037
cancer	och	0.280000
cancer	i	0.200000
center	i	0.166667
center	för	0.138889
center	och	0.083333
central	roll	0.357143
central	del	0.214286
central	och	0.107143
chefen	för	0.270833
chefen	christine	0.104167
coach	och	0.500000
cykel	och	0.307692
cykel	i	0.115385
d	or	0.322581
d	i	0.096774
d	aktier	0.096774
da	r	0.800000
dagens	nyheter	0.118881
dagens	ljus	0.076923
dagens	avsnitt	0.048951
dagens	samhälle	0.041958
dagens	träning	0.041958
dagens	problem	0.020979
dagens	och	0.020979
dagens	system	0.020979
dagens	första	0.020979
dagens	lag	0.020979
dagens	värld	0.020979
dalen	i	0.333333
danmark	och	0.172727
danmark	i	0.118182
danmark	som	0.063636
danmark	är	0.063636
danmark	har	0.036364
danmark	ser	0.027273
delade	ut	0.339286
delade	med	0.071429
delade	på	0.053571
delarna	av	0.750000
delarna	i	0.057692
deltog	i	0.526316
deltog	vid	0.039474
delvis	på	0.093750
delvis	kan	0.062500
delvis	ny	0.046875
delvis	till	0.046875
delvis	nytt	0.046875
delvis	i	0.046875
dem	som	0.184655
dem	är	0.062419
dem	och	0.055917
dem	i	0.050715
dem	att	0.040312
dem	med	0.028609
dem	har	0.027308
dem	till	0.027308
dem	säger	0.026008
dem	var	0.023407
dem	på	0.022107
dem	en	0.019506
dem	för	0.015605
dem	från	0.013004
dem	men	0.011704
dem	så	0.010403
dem	finns	0.009103
dem	hur	0.007802
dem	under	0.007802
dem	skulle	0.007802
dem	om	0.007802
dem	själva	0.006502
dem	jag	0.006502
dem	ett	0.006502
dem	barn	0.005202
dem	samman	0.005202
dem	vi	0.005202
dem	ska	0.005202
dem	tillsammans	0.005202
dem	vad	0.003901
dem	enligt	0.003901
dem	vilket	0.003901
dem	emellan	0.003901
dem	eller	0.003901
dem	tillbaka	0.003901
dem	mer	0.003901
dem	när	0.003901
dem	ser	0.003901
dem	fick	0.003901
dem	innan	0.003901
den	här	0.073854
den	nya	0.037806
den	svenska	0.034399
den	som	0.033520
den	första	0.031322
den	senaste	0.022200
den	andra	0.020222
den	tidigare	0.016375
den	stora	0.014727
den	är	0.013958
den	amerikanska	0.013078
den	oktober	0.012859
den	januari	0.012749
den	februari	0.011979
den	ryska	0.011869
den	mars	0.011320
den	juli	0.011320
den	maj	0.010661
den	september	0.010441
den	sista	0.010111
den	e	0.010111
den	största	0.009671
den	december	0.009561
den	juni	0.009561
den	november	0.009342
den	augusti	0.008682
den	tredje	0.008682
den	i	0.007363
den	april	0.007254
den	enda	0.007034
den	gamla	0.007034
den	så	0.006594
den	har	0.006264
den	kommande	0.006045
den	spanska	0.005715
den	ena	0.005275
den	lilla	0.005275
den	tyska	0.005275
den	politiska	0.005165
den	brittiska	0.005056
dessutom	har	0.109620
dessutom	är	0.060403
dessutom	ska	0.040268
dessutom	att	0.040268
dessutom	en	0.038031
dessutom	på	0.017897
dessutom	får	0.017897
dessutom	ett	0.015660
dessutom	kommer	0.015660
dessutom	finns	0.015660
dessutom	kan	0.015660
dessutom	hade	0.013423
dessutom	blir	0.013423
dessutom	med	0.013423
dessutom	vill	0.013423
dessutom	blev	0.011186
dessutom	står	0.011186
dessutom	den	0.008949
dessutom	i	0.008949
dessutom	för	0.008949
dessutom	till	0.008949
dessutom	sitt	0.006711
dessutom	fick	0.006711
dessutom	om	0.006711
dessutom	så	0.006711
dessutom	haft	0.006711
detaljer	i	0.170732
detaljer	kring	0.146341
detaljer	som	0.146341
detaljer	om	0.146341
detaljerna	kring	0.214286
di	s	0.400000
di	har	0.080000
di	tv	0.080000
di	att	0.060000
djuren	och	0.214286
dog	i	0.250000
dog	av	0.071429
dog	och	0.053571
dog	efter	0.053571
dog	under	0.044643
dog	när	0.044643
dog	en	0.035714
dog	senare	0.035714
dog	år	0.026786
dog	nästan	0.026786
dog	på	0.026786
dokument	som	0.175000
dokument	från	0.125000
dokument	med	0.075000
dokument	i	0.075000
dokument	genom	0.075000
dokument	och	0.075000
dollar	i	0.178947
dollar	per	0.115789
dollar	för	0.063158
dollar	vilket	0.052632
dollar	från	0.042105
dollar	och	0.042105
dollar	enligt	0.031579
dollar	under	0.031579
dollar	cirka	0.031579
dollar	om	0.031579
dollar	men	0.031579
dollar	på	0.031579
domen	mot	0.157143
domen	i	0.142857
domen	till	0.085714
domen	har	0.071429
domen	kommer	0.057143
domen	ska	0.042857
domen	från	0.042857
domen	och	0.042857
domstol	i	0.313725
domstol	och	0.117647
domstol	som	0.078431
domstol	har	0.058824
drev	runt	0.120000
driva	igenom	0.104478
driva	en	0.104478
driva	på	0.089552
driva	den	0.059701
driva	företag	0.044776
driva	verksamheten	0.044776
driva	vidare	0.044776
drömmen	om	0.421053
drömmen	att	0.131579
drömmen	är	0.078947
duktig	på	0.600000
dygn	efter	0.111111
dygn	i	0.074074
dygn	senare	0.074074
dygn	innan	0.055556
dygn	sedan	0.055556
dygn	med	0.055556
dyrt	för	0.285714
dyrt	att	0.190476
därmed	är	0.078358
därmed	inte	0.052239
därmed	kan	0.044776
därmed	också	0.033582
därmed	har	0.029851
därmed	en	0.026119
därmed	blir	0.022388
därmed	den	0.022388
därmed	blev	0.018657
därmed	i	0.018657
därmed	ut	0.018657
därmed	över	0.011194
därmed	finns	0.011194
därmed	gick	0.011194
därmed	kommer	0.011194
därmed	skulle	0.011194
därmed	står	0.011194
därmed	till	0.011194
därmed	att	0.011194
därmed	var	0.011194
därmed	upp	0.011194
dålig	på	0.055556
dålig	stämning	0.055556
dålig	idé	0.055556
dödade	i	0.129032
dödas	i	0.307692
dödas	och	0.230769
dödsfall	i	0.212121
dödsfall	på	0.121212
dödsfall	är	0.090909
dödsfall	av	0.090909
dömd	för	0.628571
dömd	till	0.285714
eden	park	0.600000
effekten	är	0.238095
effekten	av	0.238095
effektiv	och	0.266667
egentligen	är	0.099502
egentligen	inte	0.099502
egentligen	hände	0.034826
egentligen	heter	0.034826
egentligen	bara	0.034826
egentligen	var	0.029851
egentligen	en	0.029851
egentligen	har	0.024876
egentligen	säger	0.019900
egentligen	aldrig	0.019900
egentligen	hade	0.019900
egentligen	som	0.019900
egentligen	för	0.019900
egentligen	ingen	0.014925
egentligen	skulle	0.014925
egentligen	kommer	0.014925
egentligen	något	0.014925
egentligen	det	0.014925
egentligen	att	0.014925
egypten	och	0.250000
elvis	och	0.300000
ena	sidan	0.150000
ena	av	0.050000
ena	eller	0.050000
ena	handen	0.040000
ena	dagen	0.040000
ena	är	0.040000
endast	en	0.137056
endast	procent	0.071066
endast	ett	0.055838
endast	två	0.045685
endast	tre	0.035533
endast	år	0.025381
endast	är	0.020305
endast	några	0.020305
endast	var	0.020305
endast	sju	0.020305
endast	de	0.015228
endast	till	0.015228
endast	ha	0.015228
endast	av	0.015228
endast	att	0.015228
enkelt	inte	0.169014
enkelt	att	0.084507
enkelt	sätt	0.077465
enkelt	för	0.063380
enkelt	och	0.063380
enkelt	säger	0.028169
enkelt	kan	0.028169
enkelt	som	0.028169
enkelt	ta	0.021127
enkelt	var	0.021127
enklare	att	0.222222
enklare	för	0.166667
enklare	och	0.111111
enklare	med	0.083333
enligt	polisen	0.080894
enligt	en	0.073190
enligt	uppgifter	0.072419
enligt	den	0.050077
enligt	ett	0.049307
enligt	de	0.028505
enligt	tidningen	0.026965
enligt	åklagaren	0.022342
enligt	honom	0.022342
enligt	uppgift	0.019260
enligt	det	0.018490
enligt	åtalet	0.014638
enligt	källor	0.013097
enligt	regeringen	0.011556
enligt	lex	0.011556
enligt	polisens	0.011556
enligt	rapporten	0.011556
enligt	henne	0.010786
enligt	flera	0.009245
enligt	fn	0.009245
enligt	siffror	0.008475
enligt	plan	0.007704
enligt	landets	0.007704
enligt	the	0.007704
enligt	nya	0.006934
enligt	experter	0.006163
enligt	vittnen	0.006163
enligt	svensk	0.005393
enligt	brittiska	0.005393
enligt	svenska	0.005393
enligt	lag	0.005393
enligt	myndigheterna	0.005393
enligt	anmälan	0.005393
enligt	tv	0.005393
enligt	facket	0.004622
enligt	lagen	0.004622
enligt	anders	0.004622
enligt	vd	0.004622
enligt	förslaget	0.004622
enligt	domen	0.004622
ett	år	0.046020
ett	av	0.042565
ett	nytt	0.040354
ett	par	0.039386
ett	stort	0.035102
ett	annat	0.018242
ett	tal	0.015202
ett	antal	0.015064
ett	uttalande	0.014925
ett	sätt	0.013543
ett	bra	0.012576
ett	helt	0.010641
ett	möte	0.010088
ett	hus	0.009121
ett	mål	0.007877
ett	tag	0.007877
ett	larm	0.007739
ett	barn	0.007048
ett	litet	0.007048
ett	område	0.006910
ett	större	0.006772
ett	sådant	0.006633
ett	beslut	0.006357
ett	mejl	0.006219
ett	hot	0.005666
ett	halvt	0.005666
ett	förslag	0.005666
ett	halvår	0.005666
ett	avtal	0.005528
ett	mycket	0.005528
ett	land	0.005390
ett	besök	0.005390
ett	problem	0.005252
ett	steg	0.005252
ett	eget	0.005113
ett	lag	0.005113
ett	så	0.004699
ett	viktigt	0.004699
ett	försök	0.004561
ett	företag	0.004561
europa	och	0.160494
europa	som	0.080247
europa	har	0.055556
europa	är	0.055556
europa	i	0.043210
europa	där	0.037037
europa	ska	0.024691
europa	säger	0.018519
europa	under	0.018519
europa	från	0.018519
europa	till	0.018519
europa	med	0.018519
ex	presidenten	0.128205
ex	presidentens	0.076923
ex	flickvän	0.076923
exakt	hur	0.172414
exakt	vad	0.155172
exakt	samma	0.103448
exakt	var	0.060345
exakt	vilka	0.043103
exakt	år	0.034483
exakt	varför	0.025862
exakt	lika	0.025862
exakt	likadana	0.025862
exakt	vilken	0.025862
exempel	på	0.214545
exempel	är	0.047273
exempel	att	0.040000
exempel	i	0.036364
exempel	en	0.025455
exempel	och	0.021818
exempel	där	0.021818
exempel	som	0.021818
exempel	om	0.021818
exempel	har	0.018182
exempel	kan	0.018182
exempel	inom	0.014545
exempel	från	0.014545
exempel	handla	0.014545
exempel	kunna	0.014545
exempel	för	0.014545
exempel	genom	0.014545
exempel	när	0.010909
exempel	med	0.010909
exempel	så	0.010909
exempel	vara	0.010909
experiment	och	0.300000
expert	på	0.446809
extra	mycket	0.064706
extra	på	0.047059
extra	för	0.035294
extra	viktigt	0.029412
extra	pengar	0.029412
extra	tufft	0.023529
extra	resurser	0.023529
extra	stöd	0.023529
extra	tid	0.017647
extra	möte	0.017647
extra	hårt	0.017647
extra	om	0.017647
extra	allt	0.017647
extra	svårt	0.017647
extra	säger	0.017647
extra	dag	0.017647
extra	när	0.017647
fabrik	i	0.615385
falla	på	0.147059
falla	i	0.117647
falla	tillbaka	0.088235
fallen	har	0.171429
fallen	av	0.085714
fallet	med	0.151515
fallet	i	0.101010
fallet	har	0.040404
fallet	och	0.040404
fallet	på	0.040404
fallet	ska	0.030303
fallet	kommer	0.030303
fallet	till	0.030303
fallet	är	0.030303
falsk	information	0.500000
fantastiskt	att	0.175439
fantastiskt	säger	0.087719
fantastiskt	bra	0.087719
fantastiskt	kul	0.070175
fantastiskt	och	0.052632
faran	är	0.300000
faran	över	0.300000
fattat	beslut	0.370370
fattat	eld	0.111111
fattat	ett	0.111111
fattiga	länder	0.235294
favorit	till	0.166667
feber	och	0.454545
februari	och	0.136986
februari	i	0.136986
februari	förra	0.041096
februari	är	0.041096
februari	som	0.036530
februari	på	0.031963
februari	för	0.031963
februari	till	0.031963
februari	nästa	0.027397
februari	har	0.027397
februari	då	0.022831
februari	var	0.022831
februari	blir	0.018265
februari	att	0.013699
februari	enligt	0.013699
februari	kommer	0.013699
februari	månad	0.013699
februari	med	0.013699
februari	kan	0.013699
februari	men	0.013699
februari	fick	0.013699
februari	stod	0.013699
fiende	som	0.300000
film	och	0.155340
film	om	0.135922
film	som	0.116505
film	på	0.058252
film	i	0.048544
film	det	0.029126
film	av	0.029126
filt	över	0.750000
fin	form	0.054545
fin	start	0.054545
finger	i	0.187500
finger	med	0.187500
finna	en	0.241379
finna	sin	0.137931
finna	kärleken	0.103448
finna	sig	0.103448
fjärde	plats	0.085714
fjärde	raka	0.076190
fjärde	år	0.047619
fjärde	mål	0.047619
fjärde	matchen	0.028571
fjärde	gången	0.028571
fjärde	och	0.028571
fjärde	våningen	0.028571
fjärde	säsong	0.028571
fjärde	i	0.028571
flaskor	och	0.428571
flera	av	0.085383
flera	år	0.075137
flera	gånger	0.056694
flera	personer	0.055328
flera	andra	0.036202
flera	håll	0.033470
flera	olika	0.024590
flera	månader	0.018443
flera	tillfällen	0.017760
flera	dagar	0.015710
flera	platser	0.015710
flera	hundra	0.015710
flera	timmar	0.015027
flera	länder	0.015027
flera	fall	0.015027
flera	stora	0.012295
flera	spelare	0.012295
flera	tusen	0.010246
flera	nya	0.010246
flera	ställen	0.009563
flera	brott	0.009563
flera	områden	0.008880
flera	skott	0.008880
flera	års	0.008197
flera	svenska	0.007514
flera	veckor	0.007514
flera	bilar	0.007514
flera	miljoner	0.006831
flera	har	0.006148
flera	frågor	0.005464
flera	viktiga	0.005464
flera	delar	0.005464
flera	allvarliga	0.005464
flera	enheter	0.004781
flera	dygn	0.004781
flera	som	0.004781
flera	källor	0.004781
flera	sätt	0.004781
flera	tunga	0.004781
flera	saker	0.004098
flickor	och	0.266667
flickor	som	0.200000
flickor	i	0.133333
florida	i	0.238095
flytta	till	0.171053
flytta	in	0.131579
flytta	hem	0.065789
flytta	från	0.065789
flytta	en	0.032895
flytta	på	0.032895
flytta	och	0.026316
flytta	upp	0.026316
flytta	ut	0.026316
flytta	sin	0.019737
flytta	hemifrån	0.019737
flytta	om	0.019737
flytta	fram	0.019737
flytta	delar	0.019737
flytta	över	0.019737
flyttas	till	0.242424
flyttas	upp	0.090909
flyttas	ner	0.090909
flyttas	från	0.090909
fokuserad	på	0.714286
fokuserar	på	0.687500
fokuserar	mer	0.093750
folkets	park	0.403509
folkets	hus	0.368421
for	the	0.210526
for	vi	0.157895
forskare	i	0.200000
forskare	vid	0.141176
forskare	som	0.094118
forskare	och	0.082353
forskare	från	0.058824
forskare	att	0.047059
forskare	hade	0.035294
fortsätter	att	0.382682
fortsätter	han	0.061453
fortsätter	i	0.053073
fortsätter	som	0.027933
fortsätter	med	0.025140
fortsätter	hon	0.025140
fortsätter	på	0.022346
fortsätter	och	0.016760
fortsätter	man	0.016760
fortsätter	för	0.011173
fortsätter	även	0.011173
fortsätter	det	0.011173
fortsätter	vi	0.011173
fortsätter	öka	0.008380
fortsätter	stiga	0.008380
fortsätter	sitt	0.008380
fortsätter	de	0.008380
fortsätter	till	0.008380
fortsätter	under	0.008380
fortsätter	efter	0.008380
fortsätter	arbetet	0.008380
foten	i	0.250000
foten	och	0.150000
foten	mot	0.150000
fotot	är	0.363636
fotot	togs	0.272727
fram	till	0.321739
fram	emot	0.094686
fram	och	0.059903
fram	i	0.055072
fram	en	0.051208
fram	ett	0.035749
fram	med	0.028019
fram	på	0.026087
fram	att	0.021256
fram	som	0.021256
fram	av	0.016425
fram	tills	0.014493
fram	för	0.013527
fram	det	0.009662
fram	de	0.007729
fram	förslag	0.006763
fram	sin	0.006763
fram	är	0.005797
fram	under	0.004831
fram	genom	0.004831
fram	över	0.004831
fram	sina	0.004831
fram	mellan	0.003865
fram	ur	0.003865
fram	hur	0.003865
fram	tre	0.003865
fram	var	0.002899
fram	när	0.002899
fram	efter	0.002899
fram	dem	0.002899
fram	om	0.002899
fram	säger	0.002899
fram	igen	0.002899
fram	mot	0.002899
fram	tillsammans	0.002899
fram	olika	0.002899
fram	nya	0.002899
framgångsrik	och	0.214286
framtiden	för	0.132743
framtiden	säger	0.079646
framtiden	och	0.070796
framtiden	ska	0.061947
framtiden	med	0.044248
framtiden	kan	0.044248
framtiden	är	0.044248
framtiden	kanske	0.026549
framtiden	ser	0.026549
framåt	och	0.130435
framåt	säger	0.097826
framåt	men	0.086957
framåt	i	0.086957
framåt	med	0.054348
framåt	mot	0.054348
framåt	för	0.043478
framåt	skriver	0.032609
frankrike	och	0.200000
frankrike	har	0.080000
frankrike	är	0.060000
frankrike	som	0.030000
frankrike	i	0.030000
frankrike	på	0.030000
frankrike	för	0.030000
frankrike	där	0.030000
frankrike	tyskland	0.030000
frankrike	efter	0.030000
franska	öppna	0.155556
franska	regeringen	0.088889
frivilligt	att	0.187500
frukost	och	0.277778
frukost	i	0.222222
frukt	och	0.346154
fråga	om	0.275132
fråga	som	0.121693
fråga	sig	0.052910
fråga	för	0.047619
fråga	är	0.047619
fråga	till	0.042328
fråga	i	0.031746
fråga	och	0.031746
fråga	att	0.015873
fråga	det	0.015873
fråga	oss	0.015873
fråga	vad	0.015873
frågor	om	0.311111
frågor	som	0.191111
frågor	till	0.075556
frågor	och	0.062222
frågor	i	0.035556
frågor	kring	0.026667
frågor	från	0.022222
frågor	än	0.022222
frågor	inför	0.017778
frågor	under	0.013333
frågor	att	0.013333
fulla	av	0.208333
fulla	potential	0.208333
fulla	stöd	0.166667
funderade	jag	0.444444
funderade	på	0.333333
fungerade	som	0.266667
fungerade	inte	0.200000
fungerar	som	0.257732
fungerar	och	0.082474
fungerar	i	0.072165
fungerar	inte	0.051546
fungerar	lika	0.030928
fungerar	dåligt	0.030928
fungerar	det	0.030928
fungerar	så	0.030928
funkar	det	0.160000
funkar	inte	0.120000
funkar	på	0.120000
fylla	på	0.162162
fylla	år	0.135135
fylla	i	0.081081
fylld	med	0.541667
fylld	av	0.458333
fyllt	år	0.476190
fyllt	med	0.119048
fyllt	av	0.071429
fängelset	i	0.250000
färg	och	0.281250
färg	på	0.125000
färjan	marco	0.538462
fånga	upp	0.363636
fånga	in	0.136364
fånga	och	0.136364
fångar	som	0.285714
följa	med	0.133333
följa	efter	0.095238
följa	upp	0.085714
följa	en	0.047619
följa	den	0.047619
följa	och	0.038095
följa	sin	0.038095
följa	samma	0.028571
följer	med	0.089888
följer	en	0.078652
följer	på	0.067416
följer	vi	0.044944
följer	lagen	0.044944
följer	den	0.033708
följer	alla	0.033708
följer	de	0.033708
följer	ett	0.033708
följer	i	0.033708
följt	av	0.434783
följt	med	0.173913
följt	upp	0.065217
föll	i	0.096774
föll	med	0.077419
föll	procent	0.051613
föll	på	0.051613
föll	till	0.045161
föll	mot	0.045161
föll	från	0.038710
föll	över	0.032258
föll	under	0.032258
föll	för	0.025806
föll	efter	0.025806
föll	valet	0.025806
föll	ihop	0.025806
föll	det	0.025806
föll	offer	0.019355
föll	tungt	0.019355
föll	oväntat	0.019355
föll	domen	0.019355
föll	inte	0.019355
fönstren	i	0.333333
förbereda	sig	0.451613
förbereda	oss	0.129032
förbereda	en	0.096774
förbereda	för	0.096774
fördelar	med	0.314286
fördelar	i	0.114286
fördelar	och	0.085714
föreslå	att	0.307692
föreställning	om	0.250000
föreställning	som	0.200000
förhandla	om	0.357143
förhandla	med	0.214286
förhållande	till	0.686275
förhållande	med	0.176471
förhållandet	mellan	0.214286
förhör	med	0.289474
förhör	och	0.105263
förhör	har	0.078947
förklarade	att	0.416667
förlorade	mot	0.174603
förlorade	med	0.126984
förlorade	sin	0.071429
förlorade	mötet	0.063492
förlorade	i	0.047619
förlorade	den	0.039683
förlorade	på	0.039683
förlorade	till	0.023810
förlorar	på	0.093750
förlorar	i	0.093750
förlusten	mot	0.287879
förlusten	i	0.106061
förlusten	var	0.090909
förlusten	av	0.075758
förlusten	för	0.045455
förlusten	är	0.045455
förlusten	men	0.045455
förmåga	att	0.759259
förmåga	och	0.055556
förrän	i	0.169811
förrän	nu	0.150943
förrän	han	0.075472
förrän	de	0.075472
förrän	en	0.056604
första	gången	0.254022
första	hand	0.038103
första	mål	0.026249
första	i	0.017782
första	matchen	0.017782
första	match	0.016935
första	seger	0.015241
första	och	0.013548
första	som	0.013548
första	dagen	0.011854
första	året	0.011008
första	mötet	0.011008
första	av	0.010161
första	på	0.010161
första	steg	0.010161
första	delen	0.009314
första	maj	0.008467
första	åren	0.008467
första	steget	0.006774
första	två	0.006774
första	målet	0.006774
första	att	0.006774
första	hjälpen	0.005927
första	kvinnliga	0.005927
första	egna	0.005080
första	säsong	0.005080
första	är	0.005080
första	halvan	0.005080
första	dag	0.005080
första	år	0.005080
första	larmet	0.005080
första	säsongen	0.005080
första	månader	0.005080
första	plats	0.004234
första	sex	0.004234
första	tre	0.004234
första	dejten	0.004234
första	period	0.003387
första	möte	0.003387
första	major	0.003387
förste	vice	0.333333
förstå	att	0.179688
förstå	vad	0.156250
förstå	varför	0.101562
förstå	hur	0.078125
förstå	det	0.078125
förstå	och	0.046875
förstå	är	0.023438
förstå	vilka	0.023438
förstå	den	0.023438
förståelse	för	0.741935
försvar	av	0.161290
försvar	och	0.129032
försvar	har	0.129032
försvar	i	0.096774
försvaret	har	0.193548
försvaret	och	0.096774
försvinner	på	0.088889
försvinner	och	0.088889
försvinner	från	0.066667
försvinner	i	0.066667
försäkring	och	0.750000
fört	över	0.136364
förtjänar	att	0.153846
förtjänar	en	0.115385
förväntas	bli	0.113636
förväntas	vara	0.068182
förväntningar	på	0.386364
förväntningar	och	0.113636
förväntningar	som	0.090909
förväntningar	inför	0.068182
förväntningar	i	0.068182
föräldrar	och	0.152866
föräldrar	som	0.101911
föräldrar	i	0.044586
föräldrar	att	0.044586
föräldrar	är	0.038217
föräldrar	till	0.038217
föräldrar	kan	0.025478
föräldrar	eller	0.025478
föräldrar	med	0.019108
föräldrar	på	0.019108
föräldrar	efter	0.019108
föräldrar	har	0.019108
föräldrar	var	0.019108
föräldrar	för	0.019108
förälskad	i	0.750000
förändra	den	0.075000
förändrade	allt	0.285714
förändrades	allt	0.416667
fötter	och	0.363636
galet	säger	0.375000
garden	party	0.416667
gata	i	0.352941
gatorna	i	0.320000
gatorna	och	0.160000
gemensamt	uttalande	0.072727
gemensamt	av	0.072727
gemensamt	att	0.054545
gemensamt	är	0.054545
gemensamt	för	0.054545
generation	som	0.150000
genom	att	0.431646
genom	åren	0.079747
genom	tiderna	0.053165
genom	en	0.051899
genom	ett	0.050633
genom	hela	0.018987
genom	sina	0.015190
genom	sitt	0.011392
genom	den	0.011392
genom	sin	0.010127
genom	alla	0.010127
genom	de	0.010127
genom	historien	0.007595
genom	staden	0.006329
genom	centrala	0.006329
genom	fönstret	0.005063
genom	inbrott	0.005063
genom	olika	0.005063
genom	samhället	0.005063
genom	stan	0.005063
genom	dörren	0.005063
genom	isen	0.003797
genom	det	0.003797
genom	samarbete	0.003797
genom	europa	0.003797
genom	livet	0.003797
gifta	sig	0.428571
gifte	sig	0.863636
gjorts	för	0.094595
gjorts	av	0.081081
gjorts	på	0.081081
gjorts	med	0.067568
gjorts	om	0.067568
gjorts	i	0.067568
gjorts	en	0.054054
gjorts	under	0.040541
gjorts	till	0.040541
glasögon	och	0.300000
glädje	och	0.263158
glädje	i	0.122807
glädje	för	0.087719
glädje	över	0.070175
glömma	bort	0.185185
glömma	att	0.185185
glömma	en	0.111111
gott	om	0.266272
gott	som	0.142012
gott	och	0.053254
gott	att	0.029586
gott	i	0.029586
gott	samarbete	0.017751
gott	betyg	0.017751
gott	för	0.017751
gott	humör	0.017751
gott	hopp	0.017751
gott	det	0.017751
gps	en	0.500000
gram	och	0.250000
gratis	för	0.121951
gratis	och	0.097561
gratis	att	0.097561
gratis	mat	0.073171
gratis	frukost	0.073171
gratis	till	0.073171
grejer	och	0.214286
grekland	har	0.166667
grekland	där	0.125000
grepp	om	0.538462
grepp	och	0.230769
grepp	som	0.115385
greps	i	0.194118
greps	på	0.100000
greps	en	0.070588
greps	av	0.064706
greps	och	0.052941
greps	efter	0.052941
greps	han	0.047059
greps	misstänkt	0.047059
greps	under	0.041176
greps	två	0.041176
greps	senare	0.029412
greps	kort	0.017647
greps	tre	0.017647
greps	misstänkta	0.017647
gripa	en	0.350000
gripa	in	0.200000
grupp	som	0.145038
grupp	med	0.083969
grupp	och	0.061069
grupp	av	0.053435
grupp	a	0.045802
grupp	i	0.038168
grupp	för	0.030534
grupp	har	0.030534
grupp	kan	0.022901
grupp	kvinnor	0.022901
grupp	c	0.022901
grupp	där	0.022901
gräva	fram	0.250000
gråter	när	0.250000
guds	kärlek	0.107143
guide	till	0.294118
gymmet	i	0.400000
gymmet	och	0.200000
gällde	det	0.121212
gällde	som	0.121212
gällde	att	0.090909
gällde	ett	0.090909
gärna	vill	0.058824
gärna	om	0.047059
gärna	att	0.047059
gärna	vara	0.047059
gärna	med	0.041176
gärna	hade	0.035294
gärna	en	0.029412
gärna	till	0.023529
gärna	ett	0.023529
gärna	och	0.023529
gärna	skulle	0.023529
gärna	ut	0.017647
gärna	i	0.017647
gärna	kunnat	0.017647
gärna	ha	0.017647
gärna	sett	0.017647
gärna	på	0.017647
gå	till	0.132999
gå	in	0.082811
gå	i	0.066499
gå	vidare	0.066499
gå	på	0.062735
gå	ut	0.056462
gå	med	0.048934
gå	upp	0.030113
gå	och	0.021330
gå	igenom	0.017566
gå	tillbaka	0.017566
gå	från	0.016311
gå	under	0.016311
gå	att	0.016311
gå	bra	0.015056
gå	runt	0.015056
gå	en	0.012547
gå	ihop	0.012547
gå	ner	0.011292
gå	mot	0.011292
gå	för	0.011292
gå	om	0.011292
gå	så	0.007528
gå	hem	0.007528
gå	över	0.007528
gå	fram	0.006274
gå	via	0.006274
gå	åt	0.005019
gå	sönder	0.005019
gå	ur	0.005019
gå	som	0.005019
gå	emot	0.005019
gå	förbi	0.005019
gå	dit	0.005019
gå	hungriga	0.003764
gå	hela	0.003764
gå	fel	0.003764
gå	snabbare	0.003764
gå	ned	0.003764
gå	vägen	0.003764
gård	i	0.261905
gård	utanför	0.119048
gården	innehåller	0.238806
gården	i	0.134328
gården	finns	0.134328
gården	har	0.044776
gården	är	0.044776
gården	med	0.044776
gått	ut	0.075820
gått	från	0.065574
gått	till	0.051230
gått	i	0.049180
gått	på	0.047131
gått	upp	0.043033
gått	igenom	0.036885
gått	in	0.036885
gått	sedan	0.036885
gått	med	0.030738
gått	bort	0.026639
gått	att	0.022541
gått	för	0.022541
gått	en	0.022541
gått	ner	0.022541
gått	år	0.018443
gått	åt	0.018443
gått	över	0.018443
gått	bra	0.014344
gått	och	0.014344
gått	så	0.012295
gått	genom	0.010246
gått	ett	0.010246
gått	vidare	0.010246
gått	runt	0.008197
gått	väldigt	0.008197
gått	ihop	0.008197
gått	snett	0.008197
gått	fem	0.008197
gått	fel	0.008197
gått	ur	0.006148
gått	hem	0.006148
gått	drygt	0.006148
gått	enligt	0.006148
gått	nästan	0.006148
gått	som	0.006148
gått	fram	0.006148
gått	förbi	0.006148
gått	under	0.006148
gått	miste	0.006148
gåva	av	0.500000
gåva	till	0.088235
gömde	sig	0.500000
gömde	mig	0.375000
göran	andersson	0.222222
haft	en	0.243792
haft	ett	0.074492
haft	svårt	0.040632
haft	det	0.038375
haft	samma	0.022573
haft	problem	0.022573
haft	med	0.020316
haft	i	0.020316
haft	kontakt	0.020316
haft	sin	0.018059
haft	den	0.015801
haft	flera	0.013544
haft	lite	0.013544
haft	stora	0.013544
haft	och	0.013544
haft	några	0.011287
haft	någon	0.011287
haft	sitt	0.011287
haft	något	0.009029
haft	sex	0.009029
haft	många	0.009029
haft	på	0.006772
haft	sedan	0.006772
haft	tillgång	0.006772
haft	rätt	0.006772
haft	två	0.006772
haft	så	0.006772
haft	tid	0.006772
hallen	och	0.217391
hallå	där	0.428571
halsen	och	0.277778
halsen	på	0.166667
halvt	år	0.641026
halvt	års	0.128205
halvt	kilo	0.076923
halvtimme	senare	0.310345
halvtimme	innan	0.103448
halvår	sedan	0.146341
halvår	senare	0.121951
halvår	efter	0.097561
halvår	innan	0.073171
halvår	har	0.073171
hamna	i	0.573529
hamna	på	0.161765
hamnade	i	0.391304
hamnade	på	0.217391
hamnade	han	0.032609
han	har	0.058223
han	är	0.050732
han	inte	0.034048
han	var	0.030133
han	i	0.026728
han	hade	0.022302
han	till	0.020089
han	att	0.017365
han	ska	0.015492
han	skulle	0.014981
han	på	0.013960
han	fick	0.013619
han	och	0.012598
han	blev	0.010895
han	en	0.010555
han	för	0.009874
han	säger	0.009874
han	med	0.009023
han	kommer	0.008853
han	själv	0.008512
han	som	0.008512
han	vill	0.008172
han	nu	0.008001
han	sig	0.007831
han	varit	0.006469
han	också	0.006469
han	berättar	0.006299
han	kan	0.006129
han	gjorde	0.005958
han	tror	0.005788
han	kom	0.005788
han	får	0.005618
han	menar	0.005618
han	tog	0.005448
han	gick	0.005448
han	om	0.005448
han	fått	0.004937
han	av	0.004767
han	gjort	0.004426
han	kunde	0.004086
handla	om	0.666667
handla	mat	0.050505
handla	i	0.040404
handla	för	0.030303
handlingar	som	0.323529
handlingar	från	0.088235
handskas	med	1.000000
hantera	det	0.138889
hantera	den	0.125000
hantera	en	0.083333
hantera	och	0.041667
hantera	flera	0.041667
har	en	0.055931
har	varit	0.046881
har	fått	0.035235
har	det	0.031081
har	inte	0.030562
har	blivit	0.021363
har	vi	0.017729
har	gjort	0.017506
har	tagit	0.016839
har	han	0.016839
har	ett	0.015132
har	de	0.014836
har	nu	0.014762
har	gått	0.014020
har	också	0.013871
har	haft	0.012981
har	i	0.012685
har	tidigare	0.012610
har	man	0.012017
har	jag	0.010756
har	även	0.010088
har	hon	0.009569
har	den	0.009421
har	under	0.008753
har	redan	0.008605
har	sedan	0.007937
har	du	0.007715
har	kommit	0.006973
har	flera	0.006602
har	ökat	0.005934
har	köpt	0.005860
har	skrivit	0.005860
har	sett	0.005415
har	dock	0.004970
har	bara	0.004970
har	ju	0.004896
har	aldrig	0.004673
har	lett	0.004673
har	hänt	0.004599
har	alltid	0.004525
hatar	mig	0.250000
havet	och	0.206897
havet	utanför	0.068966
havet	i	0.068966
havet	har	0.068966
havet	är	0.051724
havet	för	0.051724
havet	efter	0.051724
hej	då	0.166667
hej	jag	0.166667
hej	främling	0.125000
hela	tiden	0.143293
hela	landet	0.076220
hela	världen	0.060976
hela	vägen	0.058943
hela	sverige	0.039634
hela	procent	0.027439
hela	sitt	0.018293
hela	familjen	0.017276
hela	säsongen	0.017276
hela	sin	0.016260
hela	livet	0.014228
hela	europa	0.014228
hela	kronor	0.014228
hela	den	0.012195
hela	vår	0.011179
hela	i	0.011179
hela	året	0.010163
hela	veckan	0.009146
hela	samhället	0.008130
hela	matchen	0.008130
hela	eller	0.007114
hela	det	0.007114
hela	dagen	0.007114
hela	processen	0.006098
hela	mitt	0.006098
hela	helgen	0.006098
hela	hennes	0.006098
hela	natten	0.006098
hela	tävlingen	0.005081
hela	programmet	0.005081
hela	usa	0.005081
hela	förra	0.005081
hela	började	0.005081
hela	miljoner	0.005081
hela	hans	0.005081
hela	vårt	0.005081
hela	resan	0.005081
hela	fem	0.004065
hela	på	0.004065
hela	mot	0.004065
helg	i	0.131579
helg	för	0.078947
helst	inte	0.058333
helst	kan	0.050000
helst	att	0.050000
helst	av	0.033333
helst	vill	0.033333
helst	en	0.033333
hemliga	dokument	0.272727
hemliga	uppgifter	0.181818
himlen	och	0.238095
hinner	inte	0.230769
hinner	med	0.102564
hittade	man	0.102041
hittade	polisen	0.091837
hittade	en	0.091837
hittade	honom	0.051020
hittade	den	0.051020
hittade	då	0.040816
hittade	ett	0.040816
hittade	tillbaka	0.040816
hittade	på	0.030612
hittade	jag	0.030612
hittar	du	0.216867
hittar	man	0.108434
hittar	vi	0.096386
hittar	en	0.084337
hittar	i	0.048193
hittar	sin	0.048193
hittar	jag	0.036145
hittar	på	0.036145
hittas	i	0.210526
hittills	har	0.302885
hittills	i	0.163462
hittills	inte	0.043269
hittills	är	0.043269
hittills	under	0.043269
hittills	varit	0.033654
hittills	största	0.024038
hittills	och	0.014423
hjälp	av	0.435435
hjälp	med	0.105105
hjälp	till	0.048048
hjälp	att	0.045045
hjälp	i	0.036036
hjälp	för	0.036036
hjälp	och	0.030030
hjälp	från	0.024024
hjälp	vid	0.015015
hjälp	har	0.015015
hjälp	som	0.012012
hjälp	säger	0.009009
hjälp	på	0.009009
hjälp	de	0.009009
hjälp	när	0.009009
hjälpen	är	0.142857
hjältar	och	0.300000
hjälte	för	0.200000
hjärtans	dag	0.941176
hjärtat	och	0.200000
hjärtat	av	0.200000
hjärtat	när	0.114286
hjärtat	i	0.085714
honom	i	0.087894
honom	och	0.081260
honom	att	0.067993
honom	för	0.053068
honom	på	0.051410
honom	till	0.049751
honom	som	0.043118
honom	men	0.024876
honom	med	0.024876
honom	har	0.019900
honom	från	0.019900
honom	om	0.018242
honom	är	0.018242
honom	en	0.016584
honom	säger	0.016584
honom	själv	0.009950
honom	ett	0.009950
honom	sedan	0.009950
honom	när	0.008292
honom	efter	0.008292
honom	så	0.008292
honom	under	0.008292
honom	lite	0.006633
honom	ska	0.006633
honom	inte	0.006633
honom	lycka	0.006633
honom	där	0.004975
honom	nära	0.004975
honom	vara	0.004975
honom	mot	0.004975
honom	bara	0.004975
honom	än	0.004975
honom	ur	0.004975
honom	tillbaka	0.004975
honom	inför	0.004975
hoppades	på	0.357143
hoppat	från	0.300000
hundar	och	0.269231
hundar	som	0.173077
hundar	kan	0.057692
hundar	i	0.057692
hundra	år	0.196078
hundra	meter	0.186275
hundra	procent	0.166667
hundra	miljoner	0.049020
hundra	kilo	0.029412
hundra	personer	0.029412
hämtat	från	0.312500
händelse	som	0.227273
händelse	i	0.136364
händelse	av	0.121212
händelse	på	0.075758
händelse	vid	0.060606
händelse	är	0.045455
händelse	med	0.045455
händelser	som	0.181818
händelser	vid	0.151515
händelser	i	0.121212
händelser	där	0.060606
händelser	på	0.060606
händer	i	0.142857
händer	med	0.109890
händer	det	0.076923
händer	om	0.054945
händer	på	0.049451
händer	nu	0.043956
händer	och	0.043956
händer	när	0.038462
händer	något	0.027473
händer	är	0.027473
händer	inte	0.021978
händer	så	0.016484
händer	där	0.016484
händer	att	0.016484
händer	igen	0.016484
hästar	och	0.190476
hävdar	att	0.663366
hålla	sig	0.122112
hålla	i	0.072607
hålla	koll	0.049505
hålla	en	0.036304
hålla	mig	0.033003
hålla	ihop	0.029703
hålla	på	0.029703
hålla	med	0.026403
hålla	fast	0.026403
hålla	undan	0.023102
hålla	det	0.023102
hålla	stängt	0.019802
hålla	öppet	0.019802
hålla	igen	0.016502
hålla	nere	0.016502
hålla	sina	0.016502
hålla	igång	0.013201
hålla	ut	0.013201
hålla	tillbaka	0.013201
hålla	den	0.013201
hålla	till	0.013201
hålla	dem	0.013201
hålla	samman	0.009901
hålla	reda	0.009901
hålla	kontakten	0.009901
håller	på	0.204918
håller	med	0.090164
håller	i	0.071038
håller	sig	0.051913
håller	inte	0.043716
håller	en	0.030055
håller	till	0.024590
håller	jag	0.021858
håller	upp	0.019126
håller	öppet	0.016393
håller	vi	0.016393
håller	sitt	0.016393
håller	nu	0.016393
håller	stängt	0.016393
håller	man	0.013661
håller	han	0.010929
håller	ihop	0.010929
håller	helt	0.010929
håller	de	0.008197
håller	oss	0.008197
håller	hög	0.008197
håller	fortfarande	0.008197
håller	fast	0.008197
håller	kvar	0.008197
håller	tal	0.008197
håller	ett	0.008197
håller	sina	0.008197
hår	och	0.444444
högkvarter	i	0.600000
högkvarteret	i	0.750000
högst	upp	0.279412
högst	i	0.102941
högst	på	0.088235
högst	sex	0.044118
högst	och	0.044118
högt	upp	0.149425
högt	och	0.103448
högt	i	0.091954
högt	på	0.068966
högt	pris	0.068966
högt	tryck	0.068966
högt	antal	0.045977
högt	att	0.034483
högt	uppe	0.034483
höja	sina	0.157895
höja	skatten	0.131579
höll	på	0.134831
höll	i	0.078652
höll	en	0.056180
höll	sig	0.050562
höll	inte	0.044944
höll	ett	0.033708
höll	den	0.033708
höll	med	0.028090
höll	undan	0.028090
höll	upp	0.022472
höll	stängt	0.022472
höll	nerverna	0.022472
höll	sin	0.022472
höll	dem	0.022472
höll	till	0.022472
höll	fast	0.016854
höll	tätt	0.016854
höll	tal	0.016854
höll	andan	0.016854
höll	för	0.016854
hörn	av	0.307692
hörs	i	0.160000
icke	desto	0.142857
idén	om	0.281250
idén	att	0.156250
idén	med	0.093750
idén	till	0.093750
ifall	man	0.178571
ifall	det	0.178571
igen	och	0.108333
igen	efter	0.063889
igen	i	0.063889
igen	säger	0.058333
igen	på	0.047222
igen	för	0.044444
igen	så	0.025000
igen	men	0.025000
igen	sig	0.019444
igen	den	0.019444
igen	med	0.019444
igen	har	0.016667
igen	är	0.016667
igen	var	0.016667
igen	det	0.016667
igen	när	0.016667
igen	under	0.016667
igen	till	0.013889
igen	då	0.013889
igen	från	0.013889
igen	vi	0.011111
igen	vilket	0.011111
igen	skriver	0.011111
igen	som	0.011111
igen	nu	0.011111
igen	av	0.008333
igen	vid	0.008333
igen	sedan	0.008333
igen	förrän	0.008333
igen	om	0.008333
igen	sin	0.008333
igår	och	0.096774
igår	kväll	0.096774
ii	i	0.214286
ikapp	och	0.214286
ikapp	med	0.214286
illa	ute	0.077922
illa	att	0.064935
illa	vid	0.051948
illa	till	0.051948
illa	och	0.051948
illa	på	0.051948
illa	som	0.051948
illa	om	0.038961
illa	under	0.038961
illa	säger	0.038961
illa	i	0.038961
illa	mot	0.038961
in	i	0.289453
in	på	0.101507
in	till	0.068993
in	en	0.047978
in	och	0.038065
in	sig	0.023791
in	som	0.018636
in	för	0.018636
in	med	0.018239
in	ett	0.017843
in	över	0.017446
in	den	0.009913
in	under	0.008723
in	bollen	0.008327
in	det	0.007930
in	från	0.007534
in	sin	0.007534
in	efter	0.006741
in	pengar	0.006741
in	av	0.005948
in	mål	0.005948
in	två	0.005155
in	mer	0.005155
in	vid	0.005155
in	sitt	0.005155
in	flera	0.005155
in	mot	0.005155
in	så	0.004758
in	alla	0.003965
in	några	0.003965
in	de	0.003569
in	genom	0.003172
in	att	0.003172
in	miljoner	0.003172
in	nya	0.003172
in	sina	0.003172
in	uppgifter	0.003172
in	fler	0.002776
in	sverige	0.002776
in	om	0.002379
inbjudan	till	0.312500
inblandade	i	0.500000
inblandade	och	0.071429
inblandade	är	0.071429
inblandade	har	0.057143
inblandade	personerna	0.042857
inflytande	över	0.272727
inflytande	på	0.121212
inflytande	i	0.090909
inflytande	och	0.090909
inflytande	från	0.090909
ingen	person	0.053929
ingen	som	0.049307
ingen	av	0.044684
ingen	roll	0.036980
ingen	har	0.035439
ingen	annan	0.030817
ingen	tvekan	0.024653
ingen	anledning	0.023112
ingen	aning	0.020031
ingen	är	0.018490
ingen	vet	0.015408
ingen	ska	0.015408
ingen	misstänkt	0.013867
ingen	kan	0.013867
ingen	koppling	0.010786
ingen	bra	0.010786
ingen	hade	0.009245
ingen	större	0.009245
ingen	var	0.009245
ingen	riktig	0.007704
ingen	direkt	0.007704
ingen	rolig	0.007704
ingen	möjlighet	0.007704
ingen	skadades	0.007704
ingen	demokrati	0.007704
ingen	risk	0.006163
ingen	i	0.006163
ingen	behöver	0.006163
ingen	skadad	0.006163
ingen	ny	0.006163
ingen	hemlighet	0.006163
ingen	idé	0.006163
ingen	plan	0.006163
ingen	skillnad	0.006163
ingen	skulle	0.006163
ingen	människa	0.006163
ingen	kommer	0.006163
ingen	verkar	0.004622
ingen	tar	0.004622
ingen	plats	0.004622
ingick	i	0.333333
ingången	till	1.000000
innan	det	0.111288
innan	han	0.098569
innan	de	0.084261
innan	den	0.068362
innan	hon	0.050874
innan	man	0.049285
innan	dess	0.038156
innan	vi	0.028617
innan	klockan	0.028617
innan	jag	0.023847
innan	en	0.020668
innan	ett	0.014308
innan	du	0.012719
innan	säsongen	0.011129
innan	valet	0.009539
innan	midnatt	0.009539
innan	nästa	0.007949
innan	matchen	0.007949
innan	jul	0.007949
innan	något	0.006359
innan	julafton	0.006359
innan	säger	0.006359
innan	alla	0.006359
innan	dagens	0.006359
innan	allt	0.006359
innan	årets	0.004769
innan	regeringen	0.004769
innan	polisen	0.004769
innan	hans	0.004769
innan	då	0.004769
innan	första	0.004769
inre	marknaden	0.187500
inre	hamnen	0.125000
inre	och	0.093750
insats	i	0.141176
insats	när	0.094118
insats	på	0.094118
insats	mot	0.082353
insats	för	0.070588
insats	som	0.058824
insats	och	0.058824
insats	med	0.035294
inser	att	0.433333
inser	jag	0.100000
insett	att	0.785714
inspiration	från	0.200000
inspiration	till	0.200000
inspiration	för	0.150000
instämmer	i	0.500000
integritet	och	0.600000
internationell	rätt	0.259259
intet	nytt	0.500000
intet	ont	0.375000
intresserade	av	0.636364
intrång	och	0.375000
irene	och	0.750000
itu	med	0.800000
iväg	och	0.123077
iväg	till	0.092308
iväg	med	0.076923
iväg	på	0.076923
iväg	i	0.061538
iväg	för	0.061538
iväg	bollen	0.046154
iväg	en	0.046154
j	södra	0.474576
j	lag	0.067797
j	i	0.050847
jack	smith	0.187500
jag	har	0.094343
jag	är	0.075177
jag	inte	0.040007
jag	vill	0.029773
jag	kan	0.028843
jag	tror	0.026051
jag	tycker	0.023446
jag	hade	0.022144
jag	att	0.021585
jag	var	0.021213
jag	vet	0.020283
jag	skulle	0.015631
jag	fick	0.014886
jag	känner	0.013770
jag	ska	0.012654
jag	kommer	0.012281
jag	hoppas	0.011723
jag	ser	0.010607
jag	får	0.010421
jag	och	0.009490
jag	måste	0.007629
jag	förstår	0.007071
jag	blev	0.007071
jag	älskar	0.006885
jag	tänker	0.006885
jag	en	0.006699
jag	som	0.006327
jag	kom	0.006141
jag	bara	0.006141
jag	i	0.005955
jag	på	0.005955
jag	ville	0.005769
jag	gör	0.005769
jag	kände	0.005582
jag	mig	0.005396
jag	trodde	0.005024
jag	kunde	0.005024
jag	säger	0.004652
jag	såg	0.004652
jag	det	0.004466
jagat	en	0.375000
jobbade	med	0.120690
jobbade	som	0.103448
jobbade	han	0.068966
jobbade	i	0.068966
jobbade	sig	0.068966
jobbade	på	0.051724
johnson	i	0.102564
johnson	har	0.076923
jones	och	0.173913
jorden	och	0.157895
jorden	i	0.105263
jorden	är	0.078947
jorden	har	0.078947
journalist	och	0.318182
journalister	som	0.242424
journalister	har	0.090909
journalister	från	0.090909
judar	och	0.217391
judar	som	0.173913
judiska	mål	0.230769
julen	är	0.166667
julen	på	0.125000
julen	och	0.125000
juli	och	0.197183
juli	i	0.084507
juli	på	0.037559
juli	till	0.032864
juli	var	0.032864
juli	är	0.028169
juli	för	0.028169
juli	har	0.023474
juli	månad	0.023474
juli	då	0.014085
juli	jämfört	0.014085
juli	att	0.014085
juli	kommer	0.014085
juli	med	0.014085
juli	förra	0.014085
juli	augusti	0.014085
julklapp	och	0.230769
julklapp	till	0.230769
juni	och	0.213992
juni	i	0.061728
juni	är	0.041152
juni	juli	0.032922
juni	för	0.032922
juni	månad	0.028807
juni	som	0.028807
juni	till	0.024691
juni	med	0.020576
juni	jämfört	0.020576
juni	när	0.016461
juni	då	0.016461
juni	men	0.012346
juni	så	0.012346
juni	förra	0.012346
juni	beslutade	0.012346
juni	har	0.012346
jury	i	0.250000
kaffe	och	0.304348
kaffe	med	0.130435
kaffe	i	0.108696
kalifornien	i	0.192308
kallades	till	0.285714
kallades	polis	0.142857
kallades	polisen	0.142857
kallades	in	0.107143
kallas	för	0.278481
kallas	in	0.063291
kallas	det	0.037975
kallas	till	0.037975
kallas	den	0.037975
kallas	i	0.037975
kallt	vatten	0.142857
kallt	och	0.142857
kallt	i	0.107143
kallt	väder	0.107143
kameror	som	0.285714
kamp	för	0.218750
kamp	mot	0.187500
kamp	mellan	0.109375
kamp	med	0.109375
kamp	om	0.046875
kamp	och	0.046875
kamp	i	0.046875
kan	vara	0.066907
kan	inte	0.061613
kan	det	0.052948
kan	man	0.047894
kan	bli	0.045728
kan	få	0.031288
kan	ha	0.030325
kan	vi	0.025271
kan	göra	0.023345
kan	komma	0.022383
kan	du	0.021420
kan	ta	0.017088
kan	jag	0.016847
kan	leda	0.013718
kan	ge	0.013718
kan	också	0.012756
kan	de	0.011312
kan	gå	0.009868
kan	se	0.009627
kan	den	0.007702
kan	även	0.007220
kan	en	0.006258
kan	för	0.006258
kan	ju	0.006017
kan	spela	0.006017
kan	behöva	0.005776
kan	handla	0.005776
kan	han	0.005295
kan	nu	0.005295
kan	hjälpa	0.005295
kan	fortsätta	0.005054
kan	bara	0.005054
kan	användas	0.004813
kan	i	0.004813
kan	finnas	0.004332
kan	påverka	0.004332
kan	bidra	0.004332
kan	hända	0.004332
kan	säga	0.004091
kan	skapa	0.004091
kastat	en	0.230769
kennedy	och	0.600000
kevin	de	0.500000
killar	som	0.258065
killar	och	0.161290
killar	i	0.096774
killarna	är	0.125000
killarna	i	0.125000
killen	som	0.714286
kinesiska	företaget	0.085714
klarade	sig	0.521739
klarade	av	0.108696
klart	i	0.294118
klart	att	0.251710
klart	vem	0.088919
klart	med	0.041040
klart	för	0.039672
klart	efter	0.017784
klart	är	0.016416
klart	det	0.013680
klart	och	0.010944
klart	vilka	0.009576
klart	bättre	0.008208
klart	under	0.008208
klart	man	0.008208
klart	en	0.006840
klart	sedan	0.006840
klart	på	0.006840
klart	men	0.005472
klart	när	0.005472
klart	ännu	0.004104
klart	som	0.004104
klart	till	0.004104
klart	största	0.004104
klart	var	0.004104
klart	hur	0.004104
klart	högre	0.004104
klart	säger	0.004104
klart	jag	0.004104
klass	och	0.116279
klass	för	0.093023
klass	men	0.069767
klass	i	0.069767
klass	har	0.069767
kliv	framåt	0.157895
kliv	uppåt	0.157895
kliver	in	0.340909
kliver	ut	0.113636
kliver	upp	0.068182
kliver	fram	0.068182
klättrar	nu	0.214286
klättrar	till	0.214286
km	h	0.433333
km	i	0.100000
knacka	på	0.800000
knackade	på	0.800000
knappt	två	0.080537
knappt	en	0.080537
knappt	procent	0.073826
knappt	ett	0.060403
knappt	har	0.040268
knappt	någon	0.040268
knappt	kunde	0.020134
knappt	miljoner	0.020134
knappt	några	0.020134
knappt	att	0.020134
knappt	tre	0.020134
knappt	kunnat	0.020134
knappt	hälften	0.020134
kolla	på	0.363636
kolla	in	0.121212
kolla	med	0.090909
kolla	upp	0.090909
kompis	som	0.250000
kompis	och	0.250000
kompisar	som	0.227273
kompisar	och	0.227273
konst	och	0.188679
konst	på	0.113208
konst	i	0.113208
konst	som	0.094340
konsten	att	0.307692
kontoret	och	0.210526
kontoret	för	0.157895
kontraktet	med	0.448980
kontraktet	är	0.102041
kontraktet	värt	0.061224
kontrollera	att	0.135135
kontrollera	de	0.081081
kontrollera	ett	0.081081
kopplade	till	0.837838
koppling	till	0.871795
koppling	mellan	0.076923
kraft	i	0.148649
kraft	den	0.094595
kraft	och	0.081081
kraft	för	0.067568
kraft	säger	0.054054
kraft	som	0.040541
kraft	mot	0.040541
kraft	på	0.040541
kraftig	explosion	0.266667
kraftig	brand	0.233333
kraftig	smäll	0.133333
krav	på	0.586420
krav	som	0.098765
krav	från	0.037037
krav	för	0.037037
krav	och	0.030864
krav	att	0.024691
krav	i	0.018519
krav	är	0.018519
krav	om	0.018519
kriget	i	0.340541
kriget	mellan	0.075676
kriget	mot	0.054054
kriget	är	0.048649
kriget	bröt	0.043243
kriget	och	0.032432
kriget	har	0.027027
kriget	enligt	0.021622
kriget	men	0.021622
kriget	kom	0.016216
kriget	som	0.016216
kriget	kan	0.016216
kriminella	gäng	0.186667
kriminella	nätverk	0.133333
kriminella	som	0.080000
kriminella	att	0.066667
kriminella	och	0.053333
kriminella	personer	0.040000
kriminella	använder	0.040000
kris	i	0.128205
kris	på	0.076923
kris	som	0.076923
kris	är	0.076923
kris	eller	0.076923
kris	och	0.076923
krossat	glas	0.750000
kräva	att	0.294118
kräva	en	0.147059
kräver	att	0.225610
kräver	en	0.115854
kräver	nu	0.048780
kräver	ett	0.042683
kräver	mer	0.024390
kräver	de	0.024390
kräver	åtgärder	0.018293
kräver	också	0.018293
kräver	det	0.018293
kräver	svar	0.018293
kräver	vi	0.018293
kräver	flera	0.018293
kräver	något	0.018293
kräver	därför	0.018293
kräver	högre	0.018293
kunde	inte	0.085000
kunde	ha	0.045000
kunde	man	0.031667
kunde	ta	0.026667
kunde	vara	0.021667
kunde	han	0.021667
kunde	de	0.021667
kunde	bli	0.020000
kunde	gå	0.018333
kunde	dock	0.018333
kunde	göra	0.018333
kunde	jag	0.018333
kunde	se	0.016667
kunde	sedan	0.015000
kunde	få	0.013333
kunde	det	0.013333
kunde	vi	0.011667
kunde	polisen	0.011667
kunde	lämna	0.010000
kunde	en	0.010000
kunde	hitta	0.010000
kunde	senare	0.010000
kunde	börja	0.008333
kunde	den	0.008333
kunde	vända	0.008333
kunde	åka	0.008333
kunde	tänka	0.008333
kunde	knappast	0.008333
kunde	komma	0.008333
kunde	vinna	0.008333
kunde	stå	0.008333
kunde	i	0.006667
kunde	varit	0.006667
kunde	avslöja	0.006667
kunde	ju	0.006667
kunde	ge	0.006667
kunde	även	0.006667
kunde	för	0.005000
kunde	ringa	0.005000
kunde	snabbt	0.005000
kungliga	tekniska	0.250000
kusten	och	0.416667
kvinnor	och	0.193798
kvinnor	som	0.151163
kvinnor	i	0.112403
kvinnor	är	0.027132
kvinnor	med	0.027132
kvinnor	från	0.027132
kvinnor	att	0.023256
kvinnor	på	0.019380
kvinnor	ska	0.019380
kvinnor	väljer	0.015504
kvinnor	vet	0.015504
kvinnor	kan	0.015504
kvinnor	har	0.011628
kvällens	match	0.305556
kvällens	andra	0.083333
kvällens	stora	0.083333
kylan	och	0.235294
källan	till	0.500000
källor	till	0.312500
källor	inom	0.104167
källor	för	0.083333
källor	i	0.062500
känna	sig	0.218750
känna	igen	0.100000
känna	att	0.087500
känna	varandra	0.050000
känna	på	0.043750
känna	av	0.037500
känna	till	0.037500
känna	en	0.031250
känna	något	0.018750
känt	att	0.183673
känt	för	0.091837
känt	sig	0.071429
känt	som	0.071429
känt	mig	0.061224
känt	till	0.051020
känt	en	0.040816
känt	sedan	0.030612
känt	på	0.030612
känt	och	0.030612
kärlek	och	0.273973
kärlek	till	0.164384
kärlek	i	0.082192
kärlek	som	0.068493
kärlek	från	0.041096
kärlek	för	0.041096
köket	och	0.225806
köket	på	0.096774
kön	och	0.125000
kön	på	0.125000
köp	av	0.333333
köp	och	0.116667
köp	från	0.066667
köp	på	0.066667
köper	in	0.121622
köper	en	0.094595
köper	mindre	0.040541
köper	det	0.040541
köper	de	0.040541
köper	upp	0.040541
köper	även	0.040541
köper	och	0.040541
köpt	huset	0.552147
köpt	aktier	0.042945
köpt	för	0.036810
köpt	en	0.036810
köpt	den	0.024540
köpt	ett	0.024540
köpt	in	0.024540
köpt	det	0.018405
köra	på	0.069565
köra	över	0.069565
köra	i	0.069565
köra	in	0.052174
köra	a	0.043478
köra	bil	0.034783
köra	om	0.034783
köra	en	0.034783
köra	med	0.026087
köra	tåg	0.026087
köra	för	0.026087
köra	och	0.026087
kött	och	0.285714
kött	som	0.114286
kött	från	0.085714
l	och	0.094595
l	är	0.067568
l	som	0.054054
l	om	0.054054
l	att	0.054054
l	vill	0.040541
l	med	0.040541
l	säger	0.040541
la	ut	0.114286
la	victoria	0.085714
lagen	om	0.129707
lagen	som	0.071130
lagen	möttes	0.041841
lagen	är	0.037657
lagen	i	0.037657
lagen	har	0.037657
lagen	möts	0.029289
lagen	inte	0.020921
lagen	och	0.020921
lagen	på	0.020921
lagen	var	0.016736
lagen	mot	0.016736
lagen	ovanför	0.016736
lagen	gjorde	0.016736
lagen	åt	0.016736
lagen	från	0.016736
lagen	att	0.016736
lagen	kan	0.016736
lagen	med	0.016736
lagen	kommer	0.012552
lagen	står	0.012552
lagen	lyckades	0.012552
lagen	emellan	0.012552
lagen	skulle	0.012552
lagen	för	0.012552
lagen	gör	0.012552
lagen	säger	0.012552
lager	i	0.266667
lager	av	0.100000
lager	på	0.100000
lager	och	0.100000
lagt	ut	0.088889
lagt	fram	0.088889
lagt	sig	0.088889
lagt	ner	0.088889
lagt	till	0.077778
lagt	ett	0.066667
lagt	en	0.044444
lagt	in	0.044444
lagt	upp	0.044444
lagt	ned	0.033333
lagt	mycket	0.033333
lagt	i	0.033333
landade	på	0.597015
landade	priset	0.119403
landade	i	0.089552
last	of	0.636364
lastbil	och	0.135593
lastbil	i	0.118644
lastbil	som	0.101695
lastbil	har	0.084746
lastbil	med	0.084746
lastbil	körde	0.050847
lastbil	av	0.050847
leda	till	0.717647
leda	ett	0.023529
leda	bort	0.023529
leda	om	0.017647
leda	en	0.017647
ledig	dag	0.166667
ledning	av	0.174419
ledning	i	0.151163
ledning	och	0.069767
ledning	efter	0.069767
ledning	med	0.058140
ledning	som	0.046512
ledning	för	0.034884
lena	andersson	0.166667
lena	fick	0.125000
lena	och	0.125000
letar	efter	0.384615
letar	nu	0.128205
leva	i	0.162791
leva	med	0.131783
leva	på	0.100775
leva	ett	0.077519
leva	och	0.046512
leva	upp	0.046512
leva	vidare	0.038760
leva	som	0.031008
leva	sina	0.023256
leva	sitt	0.023256
leva	kvar	0.023256
lewis	hamilton	0.666667
liksom	en	0.064220
liksom	inte	0.055046
liksom	i	0.055046
liksom	många	0.055046
liksom	den	0.045872
liksom	det	0.036697
liksom	att	0.036697
liksom	tidigare	0.027523
liksom	de	0.027523
liksom	förra	0.027523
liksom	alla	0.027523
lille	son	0.600000
lisa	marie	0.285714
lisa	dos	0.214286
litar	på	0.562500
litar	inte	0.187500
litet	barn	0.115385
litet	i	0.076923
litet	land	0.057692
litet	hus	0.057692
litet	samhälle	0.057692
liv	och	0.145299
liv	i	0.133903
liv	som	0.059829
liv	med	0.042735
liv	på	0.034188
liv	är	0.025641
liv	säger	0.025641
liv	till	0.022792
liv	för	0.017094
liv	men	0.017094
liv	har	0.017094
liv	gick	0.014245
liv	så	0.014245
liv	inte	0.014245
liv	när	0.014245
liv	skriver	0.011396
liv	om	0.011396
liv	utan	0.011396
liv	då	0.011396
liv	efter	0.008547
liv	något	0.008547
liv	igen	0.008547
liv	det	0.008547
liv	ska	0.008547
liv	var	0.008547
livet	och	0.114428
livet	i	0.104478
livet	som	0.069652
livet	på	0.064677
livet	är	0.049751
livet	ut	0.039801
livet	för	0.034826
livet	med	0.029851
livet	har	0.029851
livet	leker	0.024876
livet	när	0.024876
livet	kan	0.014925
livet	ur	0.014925
livet	säger	0.014925
livet	det	0.014925
livs	kärlek	0.272727
ljuset	av	0.410256
ljuset	på	0.128205
ljuset	i	0.128205
ljuset	från	0.076923
lloyd	austin	0.800000
loss	i	0.178571
loss	honom	0.142857
loss	och	0.107143
loss	från	0.107143
loss	på	0.107143
love	is	0.238095
love	island	0.238095
luften	och	0.245283
luften	i	0.075472
luften	eller	0.075472
luften	som	0.056604
luften	efter	0.056604
luke	shaw	0.333333
lyckats	med	0.122222
lyckats	få	0.088889
lyckats	ta	0.066667
lyckats	hålla	0.044444
lyckats	i	0.044444
lyckats	nå	0.033333
lyckats	hitta	0.033333
lyfte	procent	0.097561
lyfte	till	0.073171
lyfte	fram	0.073171
lyser	med	0.222222
lyser	upp	0.185185
lyser	solen	0.111111
lägenhet	i	0.476190
lägenhet	på	0.190476
lägenhet	och	0.066667
lägenhet	där	0.047619
lägenhet	eller	0.028571
lägg	till	0.250000
lägg	på	0.125000
lägga	ner	0.142045
lägga	sig	0.073864
lägga	till	0.062500
lägga	upp	0.062500
lägga	ned	0.056818
lägga	en	0.039773
lägga	fram	0.039773
lägga	ett	0.039773
lägga	ut	0.039773
lägga	på	0.034091
lägga	av	0.034091
lägga	fokus	0.022727
lägga	om	0.022727
lägga	i	0.022727
lägga	oss	0.017045
lägga	in	0.017045
läkare	och	0.179487
läkare	som	0.166667
läkare	i	0.089744
läkare	på	0.076923
lämnade	in	0.070866
lämnade	över	0.062992
lämnade	han	0.047244
lämnade	i	0.047244
lämnade	platsen	0.039370
lämnade	oss	0.031496
lämnade	sin	0.031496
lämnade	de	0.031496
lämnade	den	0.031496
lämnade	klubben	0.031496
lämnade	partiet	0.023622
lämnar	sin	0.068493
lämnar	klubben	0.054795
lämnar	sina	0.041096
lämnar	ett	0.034247
lämnar	efter	0.034247
lämnar	han	0.034247
lämnar	sitt	0.027397
lämnar	över	0.027397
lämnar	nu	0.020548
lämnar	sverige	0.020548
lämnar	det	0.020548
lämnar	de	0.020548
lämnar	en	0.020548
lämnar	den	0.020548
lämnar	därmed	0.020548
lämnas	ut	0.151515
lämnas	in	0.151515
lämnas	till	0.121212
lämnas	i	0.121212
lämnas	utan	0.090909
längs	med	0.247423
längs	vägen	0.144330
längs	e	0.113402
längs	den	0.072165
längs	kusten	0.041237
längs	vägarna	0.030928
längst	till	0.173913
längst	fram	0.159420
längst	ner	0.072464
längst	bak	0.072464
längst	i	0.057971
längst	upp	0.057971
längst	in	0.043478
längst	ned	0.043478
längtar	efter	0.631579
lärare	och	0.196850
lärare	i	0.181102
lärare	som	0.086614
lärare	på	0.086614
lärare	ska	0.047244
lärare	har	0.039370
lärde	sig	0.222222
lärde	känna	0.166667
läs	mer	0.313725
läs	hela	0.078431
läs	om	0.058824
läs	vår	0.058824
läsa	om	0.141414
läsa	och	0.080808
läsa	i	0.080808
läsa	på	0.060606
läsa	vidare	0.040404
läsa	mer	0.040404
läsa	in	0.030303
läsa	skriva	0.030303
läsa	att	0.030303
lådor	och	0.375000
låga	priser	0.263158
låna	ut	0.210526
låna	en	0.157895
låna	pengar	0.157895
lånar	ut	0.428571
lång	tid	0.367965
lång	och	0.116883
lång	rad	0.086580
lång	väg	0.030303
lång	period	0.025974
lång	erfarenhet	0.021645
lång	process	0.017316
lång	väntan	0.017316
lång	paus	0.017316
lång	resa	0.017316
lång	karriär	0.017316
lång	kö	0.012987
lång	tids	0.012987
lång	utanför	0.012987
låta	bli	0.115789
låta	honom	0.073684
låta	sig	0.073684
låta	en	0.042105
låta	den	0.031579
låta	dem	0.031579
låta	de	0.031579
låta	som	0.031579
låta	och	0.031579
lögner	och	0.333333
löser	inte	0.166667
löser	vi	0.166667
löser	det	0.125000
mamma	och	0.172414
mamma	till	0.068966
mamma	som	0.040230
mamma	pappa	0.034483
mamma	i	0.022989
mamma	har	0.017241
mamma	för	0.017241
mamma	är	0.017241
mamma	säger	0.017241
mamma	ska	0.017241
mamma	var	0.017241
mamman	till	0.137255
mamman	och	0.137255
mamman	som	0.058824
man	i	0.076338
man	inte	0.055459
man	kan	0.048934
man	har	0.043280
man	ska	0.037408
man	som	0.028491
man	får	0.024358
man	är	0.024141
man	vill	0.020226
man	att	0.016746
man	måste	0.014572
man	på	0.011744
man	nu	0.010004
man	kommer	0.009787
man	och	0.009134
man	blir	0.008482
man	med	0.008482
man	ser	0.008264
man	från	0.008047
man	till	0.007395
man	en	0.007395
man	bara	0.007177
man	vet	0.007177
man	ju	0.006960
man	också	0.006525
man	skulle	0.006307
man	hade	0.006090
man	för	0.006090
man	gör	0.005220
man	fått	0.005002
man	behöver	0.004785
man	sig	0.004785
man	går	0.004132
man	tänker	0.004132
man	in	0.004132
man	göra	0.004132
man	vara	0.003915
man	tar	0.003915
man	fick	0.003697
man	känner	0.003697
manhattan	i	0.600000
marcus	berg	0.185185
maria	och	0.232558
maria	anmälan	0.116279
maria	andersson	0.069767
marken	och	0.347222
marken	är	0.069444
marken	utanför	0.041667
marken	i	0.041667
marken	som	0.041667
marsch	mot	0.600000
martin	och	0.200000
massa	saker	0.125000
massor	av	0.769231
massor	med	0.153846
mat	och	0.298429
mat	i	0.068063
mat	på	0.057592
mat	som	0.057592
mat	till	0.041885
mat	från	0.036649
mat	med	0.031414
mat	för	0.026178
mat	så	0.026178
mat	eller	0.020942
mat	är	0.020942
mat	det	0.015707
mat	ska	0.015707
medan	de	0.112613
medan	andra	0.099099
medan	det	0.049550
medan	den	0.045045
medan	vi	0.036036
medan	jag	0.031532
medan	han	0.031532
medan	en	0.031532
medan	hon	0.027027
medan	man	0.018018
medan	anna	0.013514
medan	några	0.013514
medan	hennes	0.013514
medan	sverige	0.013514
medan	hans	0.013514
medarbetare	som	0.200000
medarbetare	i	0.138462
medarbetare	och	0.076923
medarbetare	på	0.061538
medarbetare	ska	0.061538
medarbetare	inom	0.061538
medarbetare	har	0.046154
meddela	att	0.375000
meddelande	till	0.318182
meddelande	från	0.136364
medvetande	när	0.461538
medvetande	och	0.307692
medveten	om	0.652174
medveten	strategi	0.130435
medvetet	ha	0.214286
mellan	och	0.179747
mellan	de	0.054430
mellan	två	0.041772
mellan	den	0.036709
mellan	en	0.030380
mellan	israel	0.030380
mellan	olika	0.024051
mellan	sverige	0.022785
mellan	klockan	0.021519
mellan	stockholm	0.018987
mellan	usa	0.012658
mellan	år	0.011392
mellan	fem	0.011392
mellan	åren	0.011392
mellan	ryssland	0.010127
mellan	dem	0.010127
mellan	tre	0.008861
mellan	maj	0.008861
mellan	människor	0.008861
mellan	att	0.008861
mellan	juni	0.005063
mellan	kina	0.005063
mellan	söndag	0.005063
mellan	till	0.005063
mellan	regeringen	0.005063
mellan	december	0.005063
mellan	april	0.005063
mellan	hopp	0.005063
mellan	juli	0.005063
mellan	lagen	0.005063
mellan	oss	0.005063
mellan	barn	0.005063
mellan	landets	0.003797
mellan	spanien	0.003797
mellan	fyra	0.003797
mellan	alla	0.003797
mellan	träden	0.003797
mellan	polisen	0.003797
mellan	iran	0.003797
mellan	fredag	0.003797
menade	att	0.535714
menar	att	0.605128
menar	han	0.056410
menar	hon	0.020513
menar	dock	0.017949
menar	man	0.015385
menar	på	0.012821
menar	också	0.012821
menar	de	0.010256
menar	jag	0.010256
menar	är	0.007692
menar	både	0.007692
menar	med	0.007692
meters	djup	0.473684
meters	höjd	0.421053
metoder	för	0.516129
metoder	som	0.129032
metoder	och	0.096774
mike	johnson	0.375000
militär	och	0.230769
miljoner	kronor	0.567204
miljoner	euro	0.084677
miljoner	dollar	0.049731
miljoner	i	0.025538
miljoner	människor	0.024194
miljoner	på	0.013441
miljoner	invånare	0.012097
miljoner	till	0.012097
miljoner	ton	0.010753
miljoner	svenska	0.009409
miljoner	pund	0.009409
miljoner	och	0.009409
miljoner	aktier	0.006720
miljoner	besökare	0.006720
miljoner	för	0.006720
miljoner	av	0.005376
miljoner	per	0.005376
miljoner	liter	0.005376
miljoner	mindre	0.004032
miljoner	gånger	0.004032
miljoner	back	0.004032
miljoner	som	0.004032
miljontals	människor	0.260870
miljontals	kronor	0.217391
miljön	och	0.178571
miljön	är	0.178571
miljön	i	0.142857
minnen	från	0.250000
minnen	och	0.187500
minnen	i	0.093750
misstänkta	för	0.548780
misstänkta	i	0.048780
misstänkta	mordet	0.048780
misstänkta	kvinnorna	0.030488
misstänkta	är	0.024390
misstänkta	brottet	0.024390
misstänkta	kinesiska	0.024390
misstänkta	som	0.018293
miste	om	0.520000
miste	livet	0.360000
mobil	och	0.400000
modell	för	0.270270
modell	som	0.216216
modell	av	0.108108
modell	och	0.081081
morden	i	0.375000
morse	och	0.200000
moskva	och	0.179487
moskva	i	0.102564
moskva	har	0.076923
motsatsen	till	0.454545
musiker	och	0.400000
myndigheterna	har	0.115385
myndigheterna	i	0.102564
myndigheterna	om	0.051282
myndigheterna	att	0.051282
myndigheterna	inte	0.038462
myndigheterna	för	0.038462
myndigheterna	ska	0.038462
myndigheterna	och	0.038462
männen	som	0.200000
männen	är	0.080000
männen	i	0.050000
männen	ska	0.040000
männen	och	0.040000
männen	inte	0.030000
männen	har	0.030000
människan	i	0.147059
människan	och	0.117647
människan	som	0.088235
människan	är	0.088235
människan	har	0.088235
märker	att	0.320000
märker	av	0.200000
märkligt	att	0.206897
märkligt	om	0.103448
märkt	av	0.631579
märkt	att	0.157895
märkte	av	0.190476
märkte	att	0.190476
märkte	jag	0.142857
målar	en	0.187500
målet	är	0.141079
målet	att	0.091286
målet	i	0.087137
målet	för	0.053942
målet	var	0.053942
målet	med	0.041494
målet	och	0.041494
målet	mot	0.037344
målet	om	0.033195
målet	har	0.029046
målet	som	0.024896
målet	på	0.024896
målet	till	0.020747
målet	men	0.020747
målet	kom	0.020747
målet	kan	0.016598
målet	efter	0.012448
månaden	i	0.105263
månaden	har	0.087719
månaden	och	0.070175
månaden	innan	0.070175
månaden	för	0.070175
månaden	till	0.052632
månaden	som	0.052632
möjligt	att	0.375000
möjligt	för	0.136364
möjligt	och	0.073864
möjligt	säger	0.034091
möjligt	med	0.028409
möjligt	i	0.017045
mörkt	och	0.210526
mörkt	år	0.157895
mötet	med	0.357955
mötet	i	0.130682
mötet	mellan	0.090909
mötet	som	0.045455
mötet	och	0.034091
mötet	på	0.028409
mötet	mot	0.022727
mötet	är	0.017045
mötet	kunde	0.017045
mötet	men	0.017045
mötte	laget	0.065217
nacken	och	0.454545
naturligtvis	är	0.109091
naturligtvis	inte	0.090909
naturligtvis	ett	0.054545
negativ	utveckling	0.200000
negativa	konsekvenser	0.304348
negativa	inställning	0.130435
nere	på	0.400000
nere	i	0.257143
nere	vid	0.157143
nere	under	0.042857
nere	och	0.042857
netflix	och	0.142857
netflix	serien	0.142857
netflix	film	0.107143
ni	inte	0.067251
ni	har	0.049708
ni	är	0.046784
ni	att	0.035088
ni	som	0.035088
ni	vill	0.032164
ni	kan	0.029240
ni	på	0.026316
ni	kommer	0.020468
ni	ser	0.020468
ni	får	0.017544
ni	vet	0.014620
ni	för	0.014620
ni	någon	0.014620
ni	några	0.011696
ni	ska	0.011696
ni	gjort	0.011696
ni	gör	0.011696
ni	haft	0.011696
ni	det	0.011696
ni	politiker	0.008772
ni	i	0.008772
ni	skriver	0.008772
ni	och	0.008772
ni	måste	0.008772
nivå	som	0.258065
nivå	med	0.064516
nivå	i	0.056452
nivå	på	0.048387
nivå	och	0.048387
nivå	för	0.040323
nivå	av	0.040323
nivå	att	0.024194
nivå	än	0.024194
nivå	jämfört	0.024194
nivå	är	0.024194
njuter	av	0.826087
norr	om	0.755102
norr	och	0.040816
norr	herr	0.034014
norr	där	0.034014
norr	till	0.020408
north	bolaget	0.230769
nyckeln	till	0.600000
nyfikenhet	och	0.500000
nyheten	om	0.348837
nyheten	att	0.209302
nyheten	är	0.069767
nyligen	blivit	0.109890
nyligen	att	0.065934
nyligen	till	0.060440
nyligen	har	0.038462
nyligen	fick	0.032967
nyligen	en	0.027473
nyligen	för	0.027473
nyligen	i	0.027473
nyligen	presenterade	0.027473
nyligen	med	0.021978
nyligen	gick	0.021978
nyligen	blev	0.021978
nyligen	släppt	0.016484
nyligen	ett	0.016484
nyligen	gav	0.016484
nyligen	avslutade	0.016484
nyligen	på	0.016484
närma	sig	0.800000
närmare	bestämt	0.102703
närmare	på	0.064865
närmare	personer	0.059459
närmare	en	0.054054
närmare	miljoner	0.054054
närmare	år	0.048649
närmare	procent	0.032432
närmare	än	0.027027
närmare	kronor	0.027027
närmare	miljarder	0.021622
närmare	för	0.021622
närmare	två	0.021622
närmare	och	0.016216
närmare	människor	0.016216
närmare	att	0.016216
närmare	men	0.016216
närmare	det	0.016216
närmare	tio	0.016216
närmast	från	0.103448
närmast	att	0.068966
närmast	av	0.068966
närmast	är	0.051724
närmast	kommer	0.051724
närmast	en	0.051724
närmsta	dagarna	0.166667
näst	största	0.241379
näst	sista	0.126437
näst	högsta	0.091954
näst	intill	0.080460
näst	sist	0.080460
näst	bästa	0.068966
näst	på	0.068966
näst	mest	0.045977
näst	bäste	0.034483
nå	en	0.146154
nå	ut	0.107692
nå	fram	0.061538
nå	de	0.046154
nå	framgång	0.046154
nå	upp	0.038462
nå	sin	0.038462
nå	den	0.030769
nå	grader	0.030769
nå	samma	0.030769
nå	sina	0.023077
nå	nya	0.023077
nådde	inte	0.104167
nådde	den	0.083333
nådde	en	0.062500
nådde	fram	0.062500
någonting	som	0.134328
någonting	annat	0.074627
någonting	att	0.059701
någonting	om	0.044776
någonting	säger	0.044776
något	som	0.261137
något	annat	0.040707
något	av	0.035330
något	sätt	0.034562
något	att	0.026114
något	nytt	0.017665
något	för	0.017665
något	i	0.017665
något	helt	0.015361
något	om	0.015361
något	vi	0.014593
något	mer	0.013825
något	liknande	0.013825
något	större	0.012289
något	och	0.011521
något	jag	0.011521
något	sådant	0.011521
något	med	0.009985
något	han	0.009985
något	hon	0.009217
något	på	0.007680
något	brott	0.006912
något	åt	0.006912
något	man	0.006912
något	fel	0.006912
något	så	0.006144
något	slags	0.006144
något	extra	0.006144
något	år	0.006144
något	svar	0.006144
något	har	0.006144
något	de	0.005376
något	under	0.005376
något	särskilt	0.005376
något	speciellt	0.005376
något	till	0.005376
något	stort	0.004608
något	mindre	0.004608
något	lägre	0.004608
något	är	0.004608
nått	en	0.326087
nått	sin	0.065217
nöd	och	0.300000
nöjer	sig	0.600000
oacceptabelt	och	0.285714
oacceptabelt	säger	0.214286
oberoende	av	0.266667
och	det	0.039306
och	en	0.029609
och	att	0.024427
och	har	0.024242
och	med	0.017913
och	i	0.016433
och	den	0.014360
och	de	0.014323
och	är	0.010215
och	ett	0.009845
och	på	0.008105
och	jag	0.008068
och	nu	0.008068
och	som	0.007735
och	vi	0.007513
och	andra	0.007439
och	för	0.007328
och	hans	0.007291
och	inte	0.007291
och	priset	0.007254
och	då	0.007217
och	sedan	0.006070
och	så	0.005737
och	hur	0.005626
och	även	0.005404
och	var	0.005182
och	när	0.004959
och	han	0.004441
och	flera	0.004256
och	fick	0.004219
och	år	0.004219
och	om	0.003997
och	därmed	0.003923
och	till	0.003849
och	vann	0.003701
och	kan	0.003701
och	tog	0.003627
och	vad	0.003627
och	två	0.003590
och	får	0.003368
offentligt	anställda	0.277778
offentligt	och	0.166667
officiella	siffror	0.272727
ok	att	0.312500
okej	att	0.218750
okej	men	0.125000
okej	säger	0.093750
okej	med	0.093750
okänt	antal	0.333333
omar	al	0.857143
omedelbart	att	0.121212
omedelbart	och	0.090909
omgiven	av	0.909091
området	och	0.063636
området	är	0.059091
området	som	0.059091
området	i	0.054545
området	runt	0.045455
området	har	0.040909
området	kring	0.040909
området	säger	0.036364
området	där	0.036364
området	för	0.031818
området	med	0.027273
området	under	0.022727
området	till	0.022727
området	men	0.018182
området	att	0.018182
området	ligger	0.018182
området	också	0.013636
området	skriver	0.013636
området	vid	0.013636
området	efter	0.013636
området	vilket	0.013636
området	ska	0.013636
omständigheterna	kring	0.388889
online	och	0.250000
operation	och	0.120000
operation	i	0.120000
opereras	och	0.375000
organ	och	0.214286
orkar	inte	0.217391
oroade	sig	0.214286
orsakar	stora	0.166667
orsaker	till	0.384615
otroligt	bra	0.075472
otroligt	glad	0.066038
otroligt	mycket	0.047170
otroligt	skönt	0.047170
otroligt	viktiga	0.028302
otroligt	tacksam	0.028302
otroligt	häftigt	0.028302
otroligt	nog	0.028302
otroligt	många	0.028302
otroligt	tufft	0.028302
out	west	0.727273
out	of	0.272727
p	och	0.096774
p	guld	0.053763
p	lag	0.053763
p	där	0.032258
p	e	0.032258
p	global	0.032258
p	var	0.032258
p	väst	0.032258
p	s	0.032258
p	plats	0.032258
p	o	0.032258
pang	i	1.000000
pappa	och	0.123188
pappa	var	0.079710
pappa	som	0.057971
pappa	i	0.036232
pappa	för	0.036232
pappa	till	0.028986
pappa	är	0.028986
pappa	inte	0.021739
paret	har	0.101449
paret	att	0.072464
paret	som	0.072464
paret	hade	0.043478
passa	på	0.387097
passade	på	0.437500
passera	gränsen	0.230769
passerat	sedan	0.227273
passerat	och	0.136364
passion	för	0.555556
paul	att	0.176471
peka	på	0.500000
peka	ut	0.285714
pengarna	ska	0.083333
pengarna	till	0.074074
pengarna	är	0.055556
pengarna	tillbaka	0.046296
pengarna	skulle	0.046296
pengarna	går	0.046296
pengarna	kommer	0.046296
pengarna	i	0.037037
pengarna	inte	0.027778
pengarna	och	0.027778
pengarna	som	0.027778
pengarna	behövs	0.027778
pengarna	på	0.027778
pengarna	räcker	0.027778
pengarna	kan	0.027778
per	år	0.258865
per	månad	0.070922
per	dag	0.063830
per	invånare	0.053191
per	liter	0.053191
per	person	0.039007
per	erik	0.031915
per	anders	0.024823
per	match	0.021277
per	dygn	0.021277
per	vecka	0.021277
per	kilo	0.014184
per	den	0.014184
per	andersson	0.010638
per	timme	0.010638
per	berg	0.010638
perfekta	förhållanden	0.300000
personal	på	0.125628
personal	och	0.120603
personal	som	0.105528
personal	från	0.085427
personal	i	0.060302
personal	inom	0.040201
personal	har	0.035176
personal	med	0.035176
personal	till	0.030151
personal	inte	0.020101
personal	vid	0.020101
personal	för	0.020101
personal	att	0.015075
personal	är	0.015075
personal	säger	0.015075
personalen	på	0.175439
personalen	har	0.087719
personalen	i	0.078947
personalen	med	0.043860
personalen	att	0.043860
personalen	inom	0.035088
personalen	inte	0.035088
personalen	om	0.035088
personalen	är	0.026316
personalen	vid	0.026316
personalen	som	0.026316
personalen	och	0.026316
personen	är	0.121212
personen	som	0.111111
personen	i	0.090909
personen	har	0.050505
personen	ska	0.050505
personliga	rekord	0.157895
personliga	skäl	0.157895
personligt	rekord	0.533333
placerade	sig	0.240000
placerade	in	0.160000
planen	är	0.122137
planen	och	0.114504
planen	var	0.068702
planen	i	0.068702
planen	som	0.061069
planen	för	0.053435
planen	på	0.038168
planen	ska	0.030534
planen	efter	0.030534
planen	att	0.030534
planen	under	0.022901
planen	hade	0.022901
planen	skulle	0.022901
platt	och	0.363636
platt	fall	0.363636
plockade	upp	0.187500
plötsligt	en	0.045113
plötsligt	att	0.030075
plötsligt	är	0.030075
plötsligt	fick	0.030075
plötsligt	började	0.030075
plötsligt	ska	0.022556
plötsligt	får	0.022556
plötsligt	hade	0.022556
plötsligt	har	0.022556
plötsligt	i	0.022556
pojke	i	0.275000
pojke	som	0.212500
pojke	har	0.075000
pojke	är	0.037500
politiska	beslut	0.114035
politiska	ledningen	0.070175
politiska	motståndare	0.061404
politiska	uppdrag	0.043860
politiska	engagemang	0.026316
politiska	åtgärder	0.026316
politiska	skäl	0.026316
politiska	frågor	0.026316
politiska	krafter	0.026316
politiska	spelet	0.026316
politiskt	och	0.142857
politiskt	beslut	0.095238
politiskt	spel	0.071429
politiskt	håll	0.071429
positiva	till	0.134615
positiva	och	0.057692
positiva	men	0.057692
positiva	signaler	0.057692
prat	om	0.750000
pratar	om	0.357143
pratar	med	0.183673
pratar	inte	0.030612
presenterade	en	0.094340
presenterade	sin	0.094340
presenterade	den	0.094340
presenterade	ett	0.075472
presenterade	på	0.056604
presenterade	även	0.056604
presidenten	som	0.070175
presidenten	donald	0.070175
presidenten	har	0.070175
presidenten	vid	0.052632
presidenten	joe	0.052632
presidenten	i	0.052632
presidenten	och	0.052632
principer	för	0.272727
prins	daniel	0.363636
prins	william	0.181818
prins	harry	0.136364
problem	med	0.316568
problem	i	0.088757
problem	som	0.076923
problem	att	0.071006
problem	för	0.056213
problem	och	0.050296
problem	är	0.029586
problem	men	0.023669
problem	säger	0.020710
problem	på	0.020710
problem	även	0.017751
problem	har	0.011834
problem	när	0.011834
problem	utan	0.011834
problem	inom	0.011834
problem	efter	0.008876
problem	eftersom	0.008876
problem	än	0.008876
problemet	är	0.312500
problemet	med	0.142857
problemet	och	0.053571
problemet	var	0.044643
problemet	på	0.035714
problemet	som	0.035714
problemet	för	0.035714
problemet	finns	0.026786
program	som	0.197183
program	för	0.084507
program	och	0.070423
program	med	0.070423
program	på	0.056338
program	där	0.056338
program	i	0.042254
på	en	0.071177
på	att	0.061495
på	ett	0.035677
på	plats	0.028459
på	grund	0.028283
på	den	0.027227
på	väg	0.021242
på	det	0.020420
på	sin	0.017545
på	adressen	0.016019
på	de	0.012675
på	sig	0.009975
på	flera	0.009447
på	procent	0.008684
på	hur	0.008274
på	samma	0.007687
på	andra	0.006865
på	kronor	0.006807
på	lördag	0.006631
på	sina	0.006455
på	e	0.006279
på	miljoner	0.006220
på	och	0.005985
på	sociala	0.005985
på	talet	0.005985
på	sitt	0.005222
på	något	0.005164
på	söndag	0.005046
på	många	0.004929
på	allvar	0.004870
på	gång	0.004753
på	olika	0.004753
på	vad	0.004636
på	två	0.004518
på	platsen	0.004225
på	så	0.004107
på	svenska	0.004107
på	i	0.004049
på	planen	0.004049
på	alla	0.003814
pågick	under	0.186047
pågick	en	0.139535
pågick	mellan	0.093023
pågick	i	0.093023
pågående	kriget	0.145833
pågående	utredning	0.062500
pågående	utredningen	0.062500
pågående	projekt	0.062500
påminna	om	0.500000
påminna	mig	0.187500
påminner	om	0.564103
påminner	oss	0.076923
raka	förluster	0.226415
raka	matcher	0.132075
raka	seger	0.094340
raka	segern	0.066038
raka	mål	0.047170
raka	förlusten	0.047170
raka	och	0.037736
raka	motsatsen	0.037736
raka	vägen	0.037736
ramlade	ner	0.214286
rasande	över	0.200000
rasande	och	0.200000
reagera	på	0.250000
reaktion	på	0.347826
recept	och	0.333333
religiösa	grupper	0.600000
representerar	en	0.176471
resa	till	0.232558
resa	i	0.063953
resa	på	0.063953
resa	som	0.058140
resa	med	0.052326
resa	och	0.046512
resa	genom	0.040698
resa	mot	0.034884
resa	sig	0.034884
resa	från	0.029070
resa	men	0.023256
resa	hem	0.017442
resa	för	0.017442
resa	runt	0.017442
resa	ut	0.017442
resa	in	0.017442
resor	till	0.224138
resor	och	0.155172
resor	med	0.120690
resor	i	0.051724
respekt	för	0.567568
respekt	till	0.081081
respekt	och	0.081081
restaurang	i	0.363636
restaurang	och	0.127273
restaurang	på	0.109091
resultat	av	0.172131
resultat	och	0.090164
resultat	som	0.073770
resultat	på	0.065574
resultat	i	0.057377
resultat	från	0.049180
resultat	för	0.040984
resultat	säger	0.040984
resultat	med	0.040984
resultat	per	0.032787
resultat	under	0.024590
resultat	att	0.024590
resultat	än	0.024590
rikta	in	0.312500
rikta	ett	0.250000
riktning	mot	0.283019
riktning	och	0.132075
riktning	för	0.075472
riktning	som	0.056604
riktning	på	0.056604
riktning	i	0.056604
rimligt	att	0.365854
rimligt	tvivel	0.121951
ris	och	0.300000
risken	för	0.543210
risken	att	0.141975
risken	är	0.111111
risken	stor	0.043210
risken	finns	0.043210
riskera	att	0.357143
riskerna	med	0.370370
riskerna	för	0.148148
river	upp	0.363636
robin	hood	0.176471
rock	n	0.318182
rock	och	0.181818
roll	i	0.345622
roll	som	0.175115
roll	för	0.082949
roll	att	0.046083
roll	om	0.032258
roll	är	0.027650
roll	inom	0.023041
roll	och	0.023041
roll	på	0.023041
roll	hur	0.018433
roll	där	0.013825
roll	har	0.013825
roll	under	0.013825
roll	han	0.013825
roman	som	0.166667
rulla	in	0.160000
runda	på	0.307692
räcker	inte	0.242718
räcker	till	0.174757
räcker	med	0.145631
räcker	det	0.106796
räcker	för	0.077670
räcker	att	0.048544
räcker	nu	0.029126
räddade	sverige	0.083333
räddade	livet	0.083333
räddade	en	0.083333
rätten	att	0.303030
rätten	till	0.181818
rätten	i	0.121212
rättigheter	och	0.250000
rättigheter	i	0.216667
rättigheter	som	0.100000
rättigheter	har	0.083333
rättigheter	är	0.066667
rättvist	och	0.285714
rättvist	mot	0.214286
rådet	att	0.129032
rådet	har	0.129032
rådet	är	0.096774
rådgivare	till	0.300000
rådgivare	och	0.200000
röd	varning	0.307692
röd	matta	0.115385
röda	korset	0.200000
röda	kortet	0.120000
röda	mattan	0.093333
röda	och	0.080000
röda	havet	0.080000
röda	dagar	0.066667
röka	och	0.375000
rörelse	och	0.153846
rörelse	som	0.115385
rörelse	i	0.115385
rörelser	på	0.214286
rösta	på	0.280000
rösta	om	0.180000
rösta	för	0.080000
rösta	med	0.080000
rösta	bort	0.060000
rösta	fram	0.060000
sade	han	0.165680
sade	att	0.165680
sade	i	0.082840
sade	sig	0.059172
sade	hon	0.059172
sade	den	0.035503
sade	också	0.029586
sade	till	0.029586
sade	jag	0.023669
sade	då	0.023669
sade	en	0.017751
sade	på	0.017751
sagan	om	0.500000
saken	i	0.105263
saken	har	0.078947
saken	är	0.078947
saken	och	0.078947
saker	som	0.287081
saker	och	0.129187
saker	att	0.066986
saker	i	0.052632
saker	från	0.038278
saker	har	0.028708
saker	för	0.023923
saker	jag	0.023923
saker	är	0.023923
saker	med	0.019139
saker	än	0.014354
saker	man	0.014354
saker	så	0.014354
saker	till	0.014354
saknas	fortfarande	0.093023
saknas	efter	0.081395
saknas	i	0.081395
saknas	och	0.069767
saknas	för	0.046512
saknas	en	0.034884
saknas	på	0.034884
samhället	och	0.126667
samhället	i	0.066667
samhället	som	0.046667
samhället	är	0.040000
samhället	har	0.040000
samhället	men	0.033333
samhället	ska	0.033333
samhället	att	0.026667
samhället	för	0.026667
samhället	inte	0.026667
samhället	får	0.026667
samhället	behöver	0.020000
samhället	säger	0.020000
samhället	med	0.020000
samhället	på	0.020000
samlar	in	0.285714
samlar	vi	0.107143
samlar	i	0.107143
samtalet	med	0.142857
samtalet	mellan	0.142857
san	francisco	0.450000
san	pedro	0.250000
scen	i	0.190476
scen	under	0.095238
scen	med	0.071429
scen	och	0.071429
se	till	0.095581
se	hur	0.061665
se	över	0.053443
se	ut	0.052415
se	en	0.046249
se	om	0.041110
se	att	0.039054
se	sig	0.028777
se	vad	0.028777
se	det	0.028777
se	den	0.023638
se	ett	0.022610
se	på	0.020555
se	bilder	0.015416
se	honom	0.014388
se	och	0.014388
se	mer	0.014388
se	i	0.013361
se	fram	0.012333
se	hela	0.012333
se	de	0.011305
se	säger	0.011305
se	upp	0.010277
se	när	0.010277
se	sitt	0.009250
se	som	0.008222
se	alla	0.008222
se	vilket	0.007194
se	intervjun	0.006166
se	tillbaka	0.005139
se	något	0.005139
se	henne	0.005139
se	sin	0.004111
se	hans	0.004111
se	någon	0.004111
se	många	0.004111
se	vilka	0.004111
se	är	0.004111
se	matchen	0.004111
se	bilderna	0.004111
sekund	från	0.214286
sen	har	0.088083
sen	är	0.062176
sen	kom	0.051813
sen	får	0.051813
sen	och	0.031088
sen	att	0.031088
sen	dess	0.025907
sen	kan	0.025907
sen	blev	0.025907
sen	var	0.020725
sen	när	0.020725
sen	i	0.015544
sen	jag	0.015544
sen	börjar	0.015544
sen	kommer	0.015544
sen	med	0.015544
sen	hade	0.015544
sen	ska	0.015544
sen	tar	0.015544
sexuella	övergrepp	0.764706
sexuella	tjänster	0.088235
sidan	av	0.357143
sidan	om	0.055556
sidan	har	0.039683
sidan	och	0.031746
sidan	där	0.031746
sidan	är	0.023810
sidan	när	0.023810
sidan	jorden	0.023810
sikta	in	0.333333
sikta	på	0.333333
sina	egna	0.048857
sina	barn	0.033264
sina	skador	0.029106
sina	föräldrar	0.025988
sina	hem	0.023909
sina	liv	0.019751
sina	håll	0.018711
sina	bästa	0.017672
sina	första	0.015593
sina	anställda	0.015593
sina	två	0.015593
sina	tre	0.015593
sina	pengar	0.013514
sina	år	0.011435
sina	politiska	0.010395
sina	medlemmar	0.010395
sina	sociala	0.009356
sina	uppdrag	0.009356
sina	mål	0.009356
sina	vänner	0.009356
sina	spelare	0.008316
sina	sista	0.008316
sina	matcher	0.008316
sina	tidigare	0.008316
sina	röster	0.007277
sina	kunder	0.007277
sina	tankar	0.007277
sina	olika	0.007277
sina	kollegor	0.007277
sina	medborgare	0.007277
sina	känslor	0.007277
sina	jobb	0.006237
sina	vapen	0.006237
sina	priser	0.006237
sina	familjer	0.006237
sina	fyra	0.005198
sina	insatser	0.005198
sina	gamla	0.005198
sina	tjänster	0.005198
sina	bilar	0.005198
sinne	och	0.600000
sist	i	0.207317
sist	med	0.060976
sist	men	0.048780
sist	på	0.036585
sista	match	0.066474
sista	stund	0.031792
sista	gången	0.031792
sista	dagen	0.026012
sista	året	0.023121
sista	chansen	0.020231
sista	som	0.017341
sista	säsongen	0.017341
sista	matchen	0.017341
sista	för	0.017341
sista	tid	0.014451
sista	åren	0.014451
sista	minuten	0.014451
sista	dag	0.014451
sista	mål	0.014451
sista	helgen	0.011561
sista	och	0.011561
sista	dagarna	0.011561
sista	kväll	0.011561
sista	försök	0.011561
sista	tiden	0.008671
sista	år	0.008671
sista	chans	0.008671
sista	delen	0.008671
sista	månader	0.008671
sista	biten	0.008671
sista	stora	0.008671
sista	gång	0.008671
sista	ordet	0.008671
sista	säsong	0.008671
sista	nio	0.008671
sista	önskan	0.008671
sista	men	0.008671
sista	på	0.008671
sista	juni	0.008671
sista	tävlingen	0.008671
sista	april	0.008671
sista	september	0.008671
sitt	första	0.066265
sitt	liv	0.052209
sitt	eget	0.049197
sitt	hem	0.045181
sitt	arbete	0.038153
sitt	andra	0.028112
sitt	jobb	0.024096
sitt	uppdrag	0.023092
sitt	beslut	0.022088
sitt	mål	0.021084
sitt	stöd	0.021084
sitt	slut	0.020080
sitt	nya	0.020080
sitt	lag	0.019076
sitt	hus	0.016064
sitt	tredje	0.014056
sitt	senaste	0.013052
sitt	ansvar	0.012048
sitt	kontrakt	0.011044
sitt	namn	0.011044
sitt	företag	0.010040
sitt	tal	0.010040
sitt	förslag	0.009036
sitt	slag	0.009036
sitt	livs	0.009036
sitt	bästa	0.009036
sitt	barn	0.008032
sitt	sista	0.008032
sitt	straff	0.008032
sitt	fjärde	0.007028
sitt	ex	0.007028
sitt	besök	0.007028
sitt	val	0.007028
sitt	pris	0.006024
sitt	kontor	0.006024
sitt	boende	0.006024
sitt	beteende	0.006024
sitt	spel	0.006024
sitt	i	0.006024
sitt	stora	0.005020
sitter	i	0.232673
sitter	på	0.094059
sitter	och	0.049505
sitter	nu	0.034653
sitter	kvar	0.029703
sitter	jag	0.029703
sitter	han	0.024752
sitter	med	0.024752
sitter	som	0.019802
sitter	en	0.019802
sitter	vi	0.019802
sitter	sedan	0.019802
sitter	även	0.014851
sitter	vid	0.014851
sitter	ett	0.014851
sitter	där	0.014851
sitter	de	0.014851
sitter	man	0.014851
situationer	som	0.185185
situationer	och	0.148148
situationer	där	0.111111
sjukdomen	som	0.090909
sjukdomen	i	0.090909
sjukdomen	är	0.090909
sjukhuset	i	0.270000
sjukhuset	och	0.100000
sjukhuset	som	0.040000
sjukhuset	al	0.040000
sjukhuset	för	0.030000
sjukhuset	till	0.030000
sjöng	med	0.172414
sjöng	och	0.137931
skada	i	0.101124
skada	och	0.101124
skada	på	0.067416
skada	men	0.044944
skada	av	0.033708
skada	för	0.033708
skada	eller	0.033708
skada	som	0.033708
skada	säger	0.033708
skadas	i	0.357143
skadat	sig	0.307692
skador	på	0.212121
skador	och	0.151515
skador	som	0.083333
skador	i	0.075758
skador	men	0.045455
skador	från	0.037879
skador	för	0.037879
skador	rapporterar	0.037879
skador	efter	0.037879
skador	har	0.030303
skaffa	sig	0.214286
skaffa	barn	0.142857
skaffa	ett	0.107143
skaffa	oss	0.107143
skaffade	sig	0.714286
skakar	hand	0.333333
skapa	en	0.374332
skapa	ett	0.090909
skapa	nya	0.026738
skapa	sig	0.021390
skapa	sin	0.016043
skapa	fler	0.016043
skapa	jobb	0.016043
skapa	trygghet	0.016043
skapa	sina	0.016043
skapa	bättre	0.016043
ske	i	0.113208
ske	på	0.094340
ske	under	0.075472
ske	till	0.047170
ske	med	0.047170
ske	efter	0.037736
ske	säger	0.028302
ske	nu	0.028302
ske	och	0.028302
ske	inom	0.028302
ske	igen	0.028302
skett	i	0.213592
skett	en	0.155340
skett	under	0.067961
skett	på	0.067961
skett	vid	0.048544
skett	mellan	0.029126
skick	att	0.285714
skick	och	0.214286
skilde	sig	0.857143
skjuts	upp	0.239130
skjuts	på	0.108696
skjuts	till	0.065217
skogen	och	0.205882
skogen	som	0.088235
skogen	i	0.058824
skogen	med	0.044118
skogen	är	0.044118
skogen	ska	0.044118
skrattar	och	0.200000
skrevs	till	0.428571
skydda	sig	0.141026
skydda	den	0.064103
skydda	mot	0.051282
skydda	och	0.051282
skydda	sverige	0.038462
skydda	oss	0.038462
skydda	våra	0.038462
skyldiga	att	0.523810
skyldiga	till	0.333333
skylla	på	0.909091
skäl	att	0.180000
skäl	för	0.170000
skäl	misstänkt	0.160000
skäl	till	0.090000
skäl	misstänkta	0.050000
skäl	som	0.030000
skäl	inte	0.030000
skäl	är	0.030000
skäl	lära	0.030000
skälet	till	0.428571
skälet	är	0.285714
skäms	inte	0.315789
skäms	över	0.315789
skäms	för	0.157895
skådespelare	och	0.300000
skådespelare	som	0.233333
skådespelare	i	0.233333
slit	och	0.454545
slog	till	0.164609
slog	igenom	0.090535
slog	ut	0.053498
slog	fast	0.049383
slog	en	0.049383
slog	larm	0.041152
slog	i	0.028807
slog	ned	0.024691
slog	hon	0.024691
slog	ner	0.020576
slog	sig	0.020576
slog	han	0.020576
slog	nytt	0.016461
slog	de	0.016461
slog	sin	0.016461
slog	upp	0.016461
slog	den	0.016461
slog	sönder	0.012346
slump	att	0.333333
sluta	med	0.113208
sluta	i	0.066038
sluta	på	0.047170
sluta	att	0.037736
sluta	som	0.037736
sluta	och	0.028302
sluta	sälja	0.028302
sluta	använda	0.028302
sluta	äta	0.028302
slutar	med	0.119403
slutar	inte	0.074627
slutar	på	0.044776
slutar	i	0.044776
slutar	och	0.044776
slutar	som	0.044776
slutar	det	0.044776
slutar	säger	0.044776
släpptes	i	0.160000
släpptes	på	0.080000
smet	från	0.800000
smärta	och	0.160000
smärta	i	0.120000
snacket	om	0.333333
social	och	0.548387
social	rättvisa	0.096774
sofia	och	0.300000
soldater	och	0.080460
soldater	i	0.080460
soldater	som	0.068966
soldater	har	0.057471
soldater	till	0.045977
soldater	på	0.045977
soldater	kan	0.034483
soldater	från	0.034483
soldater	vid	0.034483
sommaren	har	0.119318
sommaren	och	0.102273
sommaren	är	0.085227
sommaren	som	0.045455
sommaren	då	0.039773
sommaren	i	0.034091
sommaren	säger	0.028409
sommaren	kommer	0.022727
sommaren	när	0.022727
sommaren	kan	0.022727
sommaren	men	0.017045
sommaren	till	0.017045
sommaren	så	0.017045
sommaren	blev	0.017045
sommaren	kunde	0.017045
sommaren	tog	0.017045
sommaren	var	0.017045
sommaren	på	0.017045
somnade	in	0.444444
sonen	i	0.076923
sorgen	efter	0.300000
sorgen	och	0.150000
sov	när	0.187500
sov	i	0.187500
spanska	regeringen	0.227273
spara	pengar	0.185185
spara	på	0.129630
spara	in	0.111111
spara	och	0.092593
spara	el	0.074074
sparken	från	0.307692
sparken	som	0.153846
sparken	i	0.153846
sparken	efter	0.115385
speciellt	med	0.128571
speciellt	att	0.057143
speciellt	mycket	0.057143
speciellt	i	0.057143
speciellt	när	0.042857
spel	i	0.373626
spel	för	0.060440
spel	med	0.049451
spel	och	0.049451
spel	på	0.043956
spel	som	0.027473
spel	när	0.027473
spel	mot	0.021978
spel	fem	0.016484
spel	säger	0.016484
spel	där	0.016484
spel	f	0.016484
spel	om	0.016484
spel	efter	0.016484
spelas	på	0.227642
spelas	i	0.203252
spelas	in	0.073171
spelas	den	0.065041
spelas	det	0.032520
spelas	under	0.024390
spelas	av	0.024390
sprang	ut	0.094340
sprang	meter	0.094340
sprang	hon	0.075472
sprang	i	0.075472
sprang	på	0.075472
spred	sig	0.689655
springa	ut	0.210526
springa	runt	0.105263
springa	till	0.105263
språket	och	0.238095
språket	är	0.190476
språket	i	0.142857
stan	och	0.197183
stan	i	0.169014
stan	är	0.056338
stan	för	0.056338
stan	kan	0.042254
stan	med	0.042254
stan	som	0.042254
standard	som	0.300000
stannade	på	0.119048
stannade	till	0.095238
stannar	i	0.298246
stannar	inte	0.070175
stannar	kvar	0.070175
stannar	till	0.052632
stannar	vid	0.052632
starkare	än	0.244444
starkare	och	0.155556
starkare	laget	0.066667
starkt	på	0.112360
starkt	och	0.089888
starkt	i	0.067416
starkt	med	0.056180
starkt	avstånd	0.044944
starkt	stöd	0.044944
starkt	för	0.033708
starkt	intresse	0.033708
startade	i	0.123894
startade	en	0.053097
startade	upp	0.053097
startade	sin	0.044248
startade	och	0.044248
startade	med	0.044248
startade	matchen	0.044248
startade	sitt	0.035398
startade	för	0.035398
startade	på	0.035398
startade	bra	0.026549
startade	som	0.026549
startade	det	0.026549
startat	en	0.215686
startat	ett	0.176471
startat	på	0.058824
station	i	0.300000
stationen	i	0.368421
stationen	och	0.210526
stjärnan	som	0.075000
stjärnan	i	0.050000
stjärnan	på	0.050000
stjärnan	från	0.037500
stjärnan	inte	0.037500
stjärnor	som	0.178571
stjärnor	och	0.178571
stjärnor	har	0.107143
stoppar	in	0.129032
stoppar	den	0.096774
stoppar	i	0.096774
stoppas	av	0.241379
stoppas	från	0.172414
stoppas	i	0.172414
stoppas	och	0.103448
stor	del	0.176166
stor	uppmärksamhet	0.043178
stor	och	0.034542
stor	att	0.031088
stor	roll	0.025907
stor	betydelse	0.025907
stor	risk	0.025907
stor	skillnad	0.025907
stor	mängd	0.024180
stor	i	0.017271
stor	insats	0.017271
stor	som	0.015544
stor	intervju	0.015544
stor	andel	0.013817
stor	oro	0.012090
stor	förändring	0.012090
stor	vikt	0.012090
stor	ära	0.012090
stor	besvikelse	0.012090
stor	seger	0.012090
stor	summa	0.012090
stor	potential	0.010363
stor	framgång	0.008636
stor	effekt	0.008636
stor	respekt	0.008636
stor	skada	0.008636
stor	chans	0.008636
stor	anledning	0.008636
stor	brist	0.008636
stor	men	0.008636
stor	glädje	0.006908
stor	sorg	0.006908
stor	över	0.006908
stor	tomt	0.006908
stor	fara	0.006908
stor	för	0.006908
stor	sak	0.006908
stor	utmaning	0.006908
stor	tacksamhet	0.006908
stor	hjälte	0.006908
storlek	och	0.222222
storlek	som	0.166667
stort	och	0.146402
stort	antal	0.124069
stort	sett	0.076923
stort	problem	0.032258
stort	intresse	0.029777
stort	behov	0.029777
stort	som	0.022333
stort	ansvar	0.022333
stort	tack	0.022333
stort	i	0.019851
stort	område	0.019851
stort	fokus	0.019851
stort	allvar	0.014888
stort	förtroende	0.014888
stort	steg	0.012407
stort	på	0.012407
stort	att	0.009926
stort	efter	0.009926
stort	hus	0.009926
stort	hjärta	0.009926
stort	när	0.009926
stort	gäng	0.007444
stort	misslyckande	0.007444
stort	misstag	0.007444
stort	nätverk	0.007444
stort	hot	0.007444
stort	lidande	0.007444
stort	värde	0.007444
stort	men	0.007444
straffar	och	0.266667
straffet	för	0.222222
straffet	blir	0.111111
strax	efter	0.279503
strax	innan	0.198758
strax	före	0.186335
strax	utanför	0.099379
strax	norr	0.052795
strax	söder	0.049689
strax	under	0.043478
strax	över	0.040373
strax	intill	0.012422
strax	därefter	0.009317
strida	mot	0.666667
struntar	i	0.750000
sträcker	sig	0.955556
studier	och	0.146341
studier	som	0.121951
studier	på	0.097561
studier	har	0.097561
studier	visar	0.073171
studier	i	0.073171
studion	och	0.176471
styrkan	i	0.230769
styrkor	i	0.163636
styrkor	från	0.145455
styrkor	har	0.109091
styrkor	och	0.072727
styrkor	som	0.054545
styrs	av	0.615385
ställe	i	0.176471
ställt	sig	0.155172
ställt	in	0.137931
ställt	till	0.137931
ställt	krav	0.086207
ställt	upp	0.086207
ställt	utom	0.051724
stämning	på	0.208333
stämning	i	0.166667
stängde	på	0.389831
stängde	ner	0.084746
stängde	av	0.067797
stängde	matchen	0.050847
stängs	av	0.553191
stängs	han	0.063830
stängs	den	0.063830
stängt	av	0.187500
stängt	på	0.104167
stängt	i	0.062500
stängt	sedan	0.062500
stängt	och	0.062500
stängt	även	0.062500
står	det	0.150702
står	för	0.093231
står	på	0.075351
står	i	0.061303
står	inför	0.057471
står	bakom	0.035760
står	klart	0.030651
står	och	0.020434
står	en	0.017880
står	att	0.015326
står	vi	0.014049
står	sig	0.012771
står	nu	0.012771
står	inte	0.011494
står	den	0.011494
står	åtalad	0.010217
står	som	0.010217
står	fast	0.010217
står	ett	0.010217
står	upp	0.010217
står	helt	0.008940
står	också	0.008940
står	de	0.008940
står	han	0.008940
står	under	0.007663
står	fortfarande	0.007663
står	stilla	0.007663
står	redo	0.007663
står	där	0.007663
står	dessutom	0.007663
står	vid	0.006386
står	just	0.006386
står	kvar	0.006386
står	utanför	0.006386
står	tomma	0.005109
står	still	0.005109
står	med	0.005109
står	även	0.005109
står	om	0.003831
står	tre	0.003831
stöd	för	0.240997
stöd	till	0.141274
stöd	av	0.094183
stöd	i	0.091413
stöd	och	0.083102
stöd	från	0.052632
stöd	som	0.027701
stöd	de	0.019391
stöd	är	0.013850
stöd	åt	0.013850
stöd	vid	0.013850
stöd	säger	0.013850
stöd	hos	0.011080
stöd	på	0.008310
stödja	den	0.200000
stödja	en	0.114286
störst	behov	0.068182
störst	i	0.068182
störst	chans	0.068182
störst	risk	0.068182
största	och	0.055556
största	delen	0.055556
största	i	0.039683
största	stad	0.035714
största	ägare	0.035714
största	parti	0.035714
största	allvar	0.031746
största	som	0.027778
största	sjukhus	0.019841
största	på	0.015873
största	tv	0.015873
största	nationella	0.015873
största	vikt	0.011905
största	fan	0.011905
största	del	0.011905
största	sedan	0.011905
största	styrka	0.011905
största	risken	0.011905
största	amerikanska	0.011905
största	talanger	0.011905
största	utmaning	0.011905
stötta	de	0.138889
succé	i	0.250000
succé	på	0.116667
succé	med	0.116667
succé	och	0.050000
succé	under	0.050000
succé	som	0.050000
suga	upp	0.750000
suttit	i	0.435897
suttit	på	0.153846
svar	på	0.387879
svar	till	0.084848
svar	från	0.066667
svar	om	0.042424
svar	direkt	0.036364
svar	av	0.024242
svar	som	0.024242
svar	och	0.024242
svar	men	0.024242
svar	efter	0.018182
svar	för	0.018182
svarat	på	0.482759
svarat	för	0.172414
svarat	att	0.103448
svarat	med	0.103448
svaret	på	0.153846
svaret	är	0.153846
svaret	att	0.076923
svaret	från	0.057692
sven	erik	0.400000
sven	göran	0.133333
sven	eric	0.100000
svår	att	0.253968
svår	uppgift	0.126984
svår	tid	0.063492
svår	situation	0.063492
svår	och	0.047619
svår	sjukdom	0.047619
svårare	att	0.555556
svårare	för	0.125000
svårare	än	0.041667
svårare	och	0.041667
svårt	att	0.732227
svårt	för	0.066351
svårt	i	0.021327
svårt	med	0.018957
svårt	och	0.016588
svårt	beslut	0.011848
svårt	skadad	0.011848
svårt	sjuka	0.009479
svårt	det	0.007109
svårt	men	0.007109
svårt	enligt	0.007109
svårt	när	0.007109
symbol	för	0.857143
syn	på	0.804348
syn	i	0.043478
syn	som	0.032609
synen	på	0.620690
synen	som	0.103448
syskon	och	0.166667
säkra	på	0.180556
säkra	en	0.152778
säkra	det	0.041667
säkra	och	0.041667
säkra	upp	0.041667
säkra	att	0.041667
säkra	före	0.041667
säkrare	och	0.136364
sällan	har	0.073529
sällan	eller	0.044118
sällan	i	0.044118
sällan	på	0.044118
sällan	som	0.044118
sällskap	av	0.243243
sällskap	på	0.135135
sällskap	och	0.108108
sällskap	i	0.108108
sällskap	med	0.081081
sämre	än	0.285714
sämre	i	0.051948
sämre	för	0.051948
sämre	villkor	0.038961
sättet	att	0.380000
sättet	säger	0.180000
sättet	som	0.100000
sättet	man	0.060000
sättet	vi	0.060000
sådan	här	0.152381
sådan	som	0.047619
sådan	är	0.038095
sådan	utveckling	0.028571
sådana	här	0.233333
sådana	som	0.111111
sådana	fall	0.077778
sådana	är	0.033333
sång	och	0.466667
sång	av	0.088889
sånt	här	0.407407
sånt	som	0.185185
söder	om	0.801587
söder	i	0.039683
söder	och	0.039683
söder	till	0.023810
söderut	för	0.157895
söderut	mot	0.157895
södra	sverige	0.181395
södra	stockholm	0.134884
södra	och	0.060465
södra	herr	0.060465
södra	delarna	0.060465
södra	delen	0.037209
södra	i	0.027907
södra	israel	0.023256
södra	har	0.023256
södra	halvan	0.018605
södra	delar	0.018605
södra	europa	0.018605
södra	norge	0.013953
södra	italien	0.013953
södra	dam	0.013953
södra	indien	0.013953
södra	tyskland	0.013953
sökande	av	0.214286
söker	sig	0.096154
söker	nu	0.076923
söker	efter	0.076923
söker	fru	0.048077
söker	hjälp	0.038462
söker	stöd	0.038462
söker	jobb	0.038462
söker	en	0.038462
söker	i	0.038462
söker	igenom	0.028846
söker	med	0.028846
tacka	nej	0.318182
tacka	ja	0.136364
tacka	för	0.113636
tacka	alla	0.068182
taget	och	0.085106
taget	säger	0.063830
taget	inte	0.063830
taket	och	0.100000
taket	för	0.100000
taket	på	0.100000
tal	om	0.122093
tal	i	0.063953
tal	personer	0.063953
tal	på	0.052326
tal	och	0.052326
tal	till	0.046512
tal	av	0.029070
tal	under	0.023256
tal	har	0.017442
tal	hemliga	0.017442
talar	för	0.242424
talar	om	0.234848
talar	till	0.045455
talar	med	0.037879
talar	emot	0.037879
talar	ut	0.030303
talar	allt	0.030303
talar	man	0.022727
talar	sitt	0.022727
talar	han	0.022727
talat	med	0.545455
talat	om	0.109091
talat	i	0.072727
tankar	och	0.215686
tankar	om	0.176471
tankar	går	0.078431
tankar	på	0.078431
tankar	kring	0.058824
tekniker	och	0.142857
tekniker	på	0.142857
tekniker	undersöker	0.142857
tekniskt	fel	0.538462
the	new	0.122642
the	last	0.084906
the	wall	0.047170
the	washington	0.047170
the	times	0.037736
the	e	0.037736
the	sun	0.037736
the	girl	0.028302
the	world	0.028302
the	day	0.028302
tiderna	har	0.138889
tiderna	är	0.111111
tiderna	mest	0.083333
tiderna	med	0.083333
tidningarna	att	0.250000
tidsfråga	innan	1.000000
tillbringade	han	0.200000
tillfällen	har	0.120690
tillfällen	och	0.068966
tillfällen	i	0.051724
tillfällen	ha	0.051724
tillfällen	under	0.051724
tillgång	till	0.865385
tillgång	på	0.057692
tillit	till	0.333333
tillsammans	med	0.754717
tillsammans	har	0.024673
tillsammans	och	0.023222
tillsammans	i	0.021771
tillsammans	på	0.013062
tillsammans	som	0.010160
tillsammans	kan	0.010160
tillsammans	ska	0.007257
tillsammans	så	0.005806
tillsammans	till	0.004354
tillsammans	en	0.004354
tillsammans	är	0.004354
tillsammans	skriver	0.004354
tillsammans	men	0.004354
tillsammans	för	0.004354
tillsammans	kommer	0.004354
tillåtelse	att	0.500000
time	high	0.363636
timmar	senare	0.081081
timmar	i	0.081081
timmar	efter	0.075676
timmar	på	0.070270
timmar	och	0.054054
timmar	innan	0.043243
timmar	om	0.037838
timmar	per	0.032432
timmar	lång	0.027027
timmar	före	0.021622
timmar	av	0.021622
timmar	säger	0.021622
timmar	långa	0.016216
timmar	med	0.016216
timmar	är	0.016216
timmar	tidigare	0.016216
timmar	men	0.016216
timmar	kvar	0.016216
tips	på	0.250000
tips	till	0.109375
tips	och	0.093750
tips	för	0.062500
tips	av	0.046875
tips	från	0.046875
tips	om	0.046875
tips	som	0.046875
titt	på	0.555556
titta	på	0.670588
titta	närmare	0.035294
titta	in	0.035294
tittar	på	0.544304
tittar	vi	0.113924
tittar	man	0.088608
tjänst	som	0.125000
tjänst	på	0.104167
tjänst	och	0.104167
tjänst	i	0.104167
tjänst	för	0.062500
toaletten	och	0.400000
togs	i	0.088710
togs	på	0.080645
togs	bort	0.072581
togs	till	0.064516
togs	emot	0.064516
togs	av	0.056452
togs	det	0.048387
togs	upp	0.040323
togs	den	0.032258
togs	beslutet	0.032258
togs	om	0.024194
togs	beslut	0.024194
togs	in	0.024194
togs	ur	0.024194
togs	för	0.024194
togs	ut	0.024194
tomma	i	0.166667
tomma	ord	0.166667
topp	i	0.120000
topp	för	0.066667
topp	tio	0.066667
topp	fem	0.053333
topp	fyra	0.053333
topp	till	0.053333
topp	när	0.053333
topp	åtta	0.040000
torka	och	0.434783
torka	kan	0.130435
tortyr	och	0.428571
tradition	som	0.194444
tradition	att	0.166667
tradition	och	0.083333
tradition	för	0.083333
trafik	och	0.191176
trafik	har	0.073529
trafik	i	0.058824
trafik	är	0.044118
trafik	igen	0.044118
trafiken	på	0.132653
trafiken	i	0.112245
trafiken	och	0.061224
trafiken	är	0.051020
trafiken	under	0.040816
trafiken	säger	0.030612
tragiskt	att	0.333333
tre	år	0.104641
tre	personer	0.057384
tre	av	0.051477
tre	kronor	0.037131
tre	månader	0.033755
tre	poäng	0.032911
tre	gånger	0.032068
tre	matcher	0.027848
tre	dagar	0.027004
tre	veckor	0.026160
tre	olika	0.018565
tre	raka	0.017722
tre	timmar	0.015190
tre	års	0.014346
tre	mål	0.013502
tre	till	0.013502
tre	män	0.012658
tre	och	0.011814
tre	procent	0.011814
tre	barn	0.010970
tre	minuter	0.010970
tre	andra	0.010127
tre	nya	0.009283
tre	månaders	0.009283
tre	miljoner	0.009283
tre	åren	0.008439
tre	poängen	0.007595
tre	i	0.007595
tre	frågor	0.006751
tre	senaste	0.005907
tre	första	0.005907
tre	bilar	0.005907
tre	unga	0.005907
tre	svenska	0.005063
tre	mil	0.005063
tre	stora	0.005063
tre	fall	0.005063
tre	delar	0.005063
tre	stycken	0.005063
tre	för	0.005063
trettio	år	0.733333
trevlig	dag	0.157895
troll	i	0.750000
tryckte	in	0.409091
tryckte	på	0.181818
träden	och	0.333333
träna	med	0.184615
träna	på	0.184615
träna	i	0.092308
träna	och	0.076923
träna	inför	0.046154
trångt	på	0.357143
trångt	och	0.214286
turister	som	0.125000
turister	på	0.104167
turister	och	0.083333
turister	har	0.083333
turister	i	0.062500
tvätta	pengar	0.230769
tvåa	i	0.459016
tvåa	på	0.131148
tvåa	och	0.114754
tvåa	bland	0.049180
tvåa	inför	0.049180
tvåa	med	0.049180
tyckt	om	0.272727
tyckt	det	0.272727
tyckt	att	0.272727
tyder	på	0.813953
tyder	också	0.069767
tydlig	med	0.314815
tydlig	på	0.055556
tydlig	signal	0.055556
tydlig	och	0.055556
tydliga	med	0.215686
tydliga	svar	0.078431
tydliga	och	0.058824
tydliga	tecken	0.058824
typer	av	0.977273
tyvärr	inte	0.125926
tyvärr	är	0.125926
tyvärr	har	0.081481
tyvärr	finns	0.037037
tyvärr	så	0.029630
tyvärr	var	0.029630
tyvärr	inga	0.022222
tyvärr	verkar	0.022222
tyvärr	visar	0.022222
tält	som	0.230769
tänkte	jag	0.226190
tänkte	att	0.178571
tänkte	på	0.083333
tänkte	du	0.047619
tänkte	vi	0.035714
ugnen	i	0.375000
underhåll	av	0.277778
underhåll	och	0.222222
undrat	vad	0.333333
undvika	att	0.305556
undvika	en	0.083333
undvika	de	0.083333
undvika	den	0.041667
unga	män	0.092357
unga	som	0.063694
unga	i	0.054140
unga	och	0.054140
unga	människor	0.044586
unga	kvinnor	0.031847
unga	personer	0.028662
unga	tjejer	0.025478
unga	för	0.025478
unga	är	0.022293
unga	spelare	0.022293
unga	att	0.019108
unga	år	0.019108
unga	säger	0.015924
unga	vuxna	0.015924
unga	killar	0.015924
unga	får	0.015924
unga	har	0.012739
unga	talanger	0.012739
unga	ålder	0.012739
unga	flickor	0.012739
unga	kvinnorna	0.012739
unga	pojkar	0.012739
unga	mellan	0.009554
unga	friska	0.009554
unga	till	0.009554
university	of	0.470588
university	i	0.294118
uppdraget	att	0.254902
uppdraget	som	0.215686
uppenbart	att	0.531250
uppgiften	att	0.360000
uppgiften	var	0.120000
uppgifter	om	0.324841
uppgifter	till	0.229299
uppgifter	som	0.073248
uppgifter	från	0.066879
uppgifter	i	0.035032
uppgifter	är	0.035032
uppgifter	har	0.022293
uppgifter	ska	0.022293
uppgifter	och	0.015924
uppgifter	att	0.012739
uppgifter	på	0.009554
uppgifter	hade	0.009554
uppgifter	var	0.009554
uppgifter	för	0.009554
uppleva	hur	0.093023
uppleva	en	0.093023
uppleva	ett	0.093023
uppleva	den	0.093023
uppleva	det	0.069767
uppleva	samma	0.069767
uppmärksamhet	för	0.122449
uppmärksamhet	i	0.102041
uppmärksamhet	på	0.102041
uppmärksamhet	när	0.102041
uppmärksamhet	och	0.061224
uppmärksamhet	med	0.061224
upprätthålla	en	0.400000
upptäcka	och	0.166667
ursäkt	för	0.428571
ursäkt	till	0.214286
ursäkt	men	0.053571
utbildning	och	0.222222
utbildning	i	0.144444
utbildning	för	0.077778
utbildning	av	0.066667
utbildning	på	0.033333
utbildning	som	0.033333
ute	på	0.301310
ute	i	0.174672
ute	och	0.148472
ute	efter	0.100437
ute	till	0.043668
ute	ur	0.039301
ute	med	0.021834
ute	eller	0.013100
ute	som	0.013100
utgå	från	0.428571
utsidan	av	0.666667
utsikt	över	0.454545
uttryck	för	0.343750
uttryck	i	0.156250
utvecklade	sig	0.250000
utvecklas	och	0.264706
utvecklas	till	0.132353
utvecklas	i	0.102941
utvecklas	inte	0.044118
utvecklas	för	0.044118
vaknade	upp	0.148148
vaknade	till	0.148148
vakt	om	0.272727
val	av	0.135593
val	och	0.127119
val	att	0.076271
val	i	0.076271
val	för	0.050847
val	med	0.042373
val	som	0.033898
val	på	0.033898
val	till	0.033898
val	än	0.025424
valley	bank	0.647059
valley	banks	0.176471
valt	att	0.754098
valt	ut	0.057377
valt	en	0.040984
valt	bort	0.024590
vandrar	runt	0.307692
vapen	och	0.333333
vapen	som	0.098039
vapen	i	0.058824
vapen	för	0.058824
vapen	till	0.049020
vapen	mot	0.049020
vapen	men	0.029412
vapnet	en	0.214286
vapnet	mot	0.214286
var	det	0.102457
var	en	0.064968
var	i	0.043676
var	på	0.038035
var	att	0.026934
var	inte	0.025842
var	ett	0.022930
var	den	0.021474
var	med	0.018926
var	han	0.017106
var	så	0.011829
var	för	0.010737
var	också	0.009463
var	först	0.009463
var	år	0.008735
var	de	0.008735
var	under	0.008371
var	vid	0.008189
var	väldigt	0.008007
var	hon	0.008007
var	som	0.007825
var	och	0.007825
var	jag	0.006733
var	lite	0.006551
var	bara	0.006369
var	nära	0.005641
var	något	0.005641
var	mycket	0.005460
var	då	0.005460
var	vi	0.005460
var	ju	0.004914
var	där	0.004368
var	procent	0.004368
var	helt	0.004368
var	ute	0.004186
var	man	0.004004
var	dock	0.004004
var	över	0.004004
var	när	0.004004
var	tidigare	0.003822
varandra	i	0.240838
varandra	och	0.141361
varandra	för	0.041885
varandra	under	0.031414
varandra	säger	0.031414
varandra	som	0.026178
varandra	om	0.026178
varandra	på	0.026178
varandra	så	0.026178
varandra	är	0.020942
varandra	till	0.020942
varandra	sedan	0.020942
varandra	men	0.015707
varandra	efter	0.015707
varandra	när	0.015707
varandra	igen	0.015707
varannan	vecka	0.173913
varannan	helg	0.173913
varannan	dag	0.130435
varelser	som	0.333333
varenda	en	0.173913
varifrån	de	0.272727
varmare	än	0.315789
varmare	och	0.210526
varmt	och	0.190476
varmt	om	0.095238
varmt	i	0.071429
vd	för	0.247368
vd	på	0.150000
vd	n	0.121053
vd	och	0.065789
vd	i	0.028947
vd	jan	0.015789
vd	stefan	0.013158
vd	posten	0.013158
vd	om	0.013158
vd	lars	0.010526
vd	johan	0.010526
vd	magnus	0.010526
vd	martin	0.010526
vd	vi	0.007895
vd	ar	0.007895
vd	henrik	0.007895
vd	vid	0.007895
vd	att	0.007895
vd	efter	0.007895
vd	peter	0.007895
vd	anna	0.007895
vecka	sedan	0.168539
vecka	och	0.071161
vecka	har	0.056180
vecka	i	0.048689
vecka	efter	0.033708
vecka	för	0.029963
vecka	senare	0.029963
vecka	med	0.029963
vecka	på	0.022472
vecka	är	0.022472
vecka	före	0.018727
vecka	då	0.014981
vecka	säger	0.014981
vecka	ska	0.014981
vecka	att	0.011236
vecka	kommer	0.011236
vecka	blir	0.011236
vecka	var	0.011236
vecka	som	0.011236
vecka	av	0.011236
verka	i	0.375000
verka	för	0.343750
verkar	ha	0.120155
verkar	inte	0.100775
verkar	vara	0.093023
verkar	det	0.081395
verkar	som	0.050388
verkar	i	0.046512
verkar	gå	0.019380
verkar	den	0.019380
verkar	för	0.019380
verkar	tycka	0.015504
verkar	bli	0.015504
verkar	kunna	0.011628
verkar	trivas	0.011628
verkar	få	0.011628
verkar	komma	0.011628
verkar	ju	0.011628
verkar	dock	0.011628
verket	är	0.125000
verket	var	0.125000
verkliga	livet	0.137931
vi	har	0.105545
vi	är	0.047780
vi	kan	0.036727
vi	inte	0.033161
vi	ska	0.029239
vi	vill	0.026743
vi	får	0.022820
vi	måste	0.021929
vi	ser	0.020859
vi	kommer	0.019255
vi	behöver	0.018542
vi	i	0.017294
vi	hade	0.015333
vi	att	0.015333
vi	vet	0.012123
vi	gör	0.011767
vi	som	0.009271
vi	fick	0.009271
vi	en	0.008914
vi	på	0.008914
vi	alla	0.008379
vi	var	0.008379
vi	nu	0.007845
vi	skulle	0.006953
vi	tar	0.006597
vi	ett	0.005883
vi	tror	0.005883
vi	lever	0.005705
vi	också	0.005349
vi	se	0.004992
vi	hoppas	0.004814
vi	med	0.004814
vi	går	0.004457
vi	håller	0.003922
vi	står	0.003922
vi	kom	0.003922
vi	kunde	0.003566
vi	sett	0.003566
vi	ha	0.003566
vi	känner	0.003387
video	på	0.292683
video	där	0.243902
video	som	0.170732
video	från	0.073171
vikt	att	0.266667
vikt	vid	0.166667
vikt	för	0.133333
viktigt	att	0.479495
viktigt	för	0.164038
viktigt	med	0.037855
viktigt	och	0.034700
viktigt	är	0.034700
viktigt	det	0.028391
viktigt	steg	0.018927
viktigt	i	0.018927
viktigt	men	0.015773
viktigt	som	0.015773
viktigt	arbete	0.012618
viktigt	verktyg	0.009464
viktigt	meddelande	0.009464
vila	för	0.115385
vila	i	0.115385
vilar	på	0.333333
villa	i	0.457143
villa	på	0.100000
villa	med	0.057143
villa	som	0.042857
vilt	och	0.250000
visa	upp	0.189474
visa	att	0.173684
visa	sig	0.089474
visa	hur	0.057895
visa	sitt	0.052632
visa	vad	0.047368
visa	sin	0.036842
visa	på	0.031579
visa	en	0.021053
visa	sina	0.015789
visa	den	0.015789
visa	stöd	0.015789
visa	det	0.015789
vita	huset	0.542373
vita	hästen	0.118644
vita	husets	0.084746
vite	på	0.384615
vite	för	0.230769
vittnar	om	0.732143
vore	det	0.136364
vore	en	0.054545
vore	om	0.045455
vore	ett	0.045455
vore	inte	0.045455
vore	kul	0.036364
vore	bra	0.036364
vore	att	0.036364
vore	ju	0.027273
vore	märkligt	0.027273
vore	väl	0.027273
vore	för	0.027273
vore	nog	0.027273
väckte	stor	0.230769
väckte	starka	0.230769
väder	och	0.283019
väder	i	0.094340
väder	med	0.056604
väder	så	0.056604
vägar	och	0.243590
vägar	för	0.115385
vägar	i	0.089744
vägar	som	0.076923
vägar	är	0.051282
vägar	med	0.038462
vägar	att	0.038462
vägarna	i	0.212766
vägarna	och	0.127660
vägarna	är	0.085106
vägarna	som	0.063830
vägarna	igen	0.063830
vägarna	förbi	0.063830
vägen	till	0.122605
vägen	och	0.088123
vägen	för	0.068966
vägen	in	0.053640
vägen	i	0.038314
vägen	från	0.038314
vägen	mellan	0.030651
vägen	har	0.022989
vägen	framåt	0.019157
vägen	säger	0.019157
vägen	som	0.019157
vägen	upp	0.019157
vägen	dit	0.019157
vägen	fram	0.015326
vägen	mot	0.015326
vägen	men	0.015326
vägen	var	0.015326
vägen	med	0.011494
vägen	genom	0.011494
vägen	att	0.011494
vägen	på	0.011494
vägen	tillbaka	0.011494
vägen	det	0.011494
väggar	och	0.750000
vägrar	att	0.129032
vägrar	ge	0.096774
väldigt	bra	0.120833
väldigt	mycket	0.093750
väldigt	många	0.047917
väldigt	roligt	0.027083
väldigt	lite	0.022917
väldigt	svårt	0.020833
väldigt	hög	0.018750
väldigt	få	0.016667
väldigt	nöjd	0.016667
väldigt	viktigt	0.014583
väldigt	speciellt	0.012500
väldigt	snabbt	0.012500
väldigt	nära	0.012500
väldigt	högt	0.010417
väldigt	glad	0.010417
väldigt	stort	0.010417
väldigt	kul	0.010417
väldigt	skönt	0.010417
väldigt	stor	0.010417
väldigt	tacksam	0.010417
väldigt	ovanligt	0.008333
väldigt	viktiga	0.008333
väldigt	nöjda	0.008333
väldigt	positiv	0.008333
väldigt	sällan	0.008333
väldigt	långt	0.008333
väldigt	spännande	0.008333
väldigt	tufft	0.008333
väldigt	tydligt	0.008333
väldigt	väldigt	0.008333
väldigt	stora	0.008333
väldigt	svåra	0.006250
väldigt	tydliga	0.006250
väldigt	liten	0.006250
väldigt	stolt	0.006250
väldigt	allvarlig	0.006250
väldigt	viktig	0.006250
väldigt	illa	0.006250
väldigt	dåligt	0.006250
väldigt	svår	0.006250
väljer	att	0.429412
väljer	bort	0.041176
väljer	nu	0.035294
väljer	därför	0.029412
väljer	hon	0.029412
väljer	de	0.023529
väljer	en	0.017647
väljer	man	0.017647
väljer	han	0.017647
väljer	du	0.017647
välkommen	till	0.368421
välkommen	att	0.184211
vän	och	0.163265
vän	som	0.102041
vän	till	0.102041
vän	med	0.081633
vän	när	0.061224
vänner	och	0.242647
vänner	i	0.110294
vänner	som	0.088235
vänner	till	0.044118
vänner	eller	0.044118
vänner	på	0.036765
vänner	med	0.029412
vänner	om	0.022059
vänner	att	0.022059
vänner	sedan	0.022059
väntan	på	0.841463
väntat	på	0.184211
väntat	i	0.105263
väntat	och	0.105263
väntat	för	0.078947
väntat	sig	0.052632
väntat	med	0.052632
väntat	från	0.039474
väntat	länge	0.039474
värde	och	0.202532
värde	av	0.151899
värde	på	0.113924
värde	i	0.101266
värde	om	0.063291
värde	för	0.050633
värde	har	0.037975
värre	än	0.225806
värre	innan	0.080645
värre	och	0.064516
värre	för	0.064516
värre	säger	0.064516
värsta	fall	0.253968
värsta	som	0.063492
värsta	fiende	0.063492
värsta	på	0.047619
värsta	man	0.047619
västra	och	0.140000
västra	sverige	0.120000
västra	stockholm	0.100000
västra	dam	0.060000
västra	herr	0.060000
västra	delarna	0.060000
växer	i	0.096386
växer	upp	0.096386
växer	och	0.072289
växer	fram	0.072289
växer	till	0.036145
våga	prata	0.142857
våga	ta	0.085714
våldsamt	motstånd	0.533333
west	i	0.363636
yta	och	0.200000
yta	på	0.200000
ytterst	nära	0.176471
ytterst	få	0.088235
ytterst	handlar	0.088235
yttre	och	0.176471
ägna	sig	0.576923
ämnen	som	0.270270
ämnen	i	0.135135
ämnen	och	0.108108
ämnet	är	0.130435
ärligt	talat	0.500000
äta	och	0.093333
äta	upp	0.080000
äta	lunch	0.066667
äta	i	0.040000
äta	maten	0.040000
äta	på	0.040000
äta	eller	0.040000
ätit	sig	0.200000
åker	till	0.159292
åker	på	0.088496
åker	med	0.079646
åker	ut	0.061947
åker	hem	0.044248
åker	runt	0.035398
åker	ur	0.035398
åker	förbi	0.026549
åker	dit	0.026549
åker	fast	0.026549
åker	de	0.026549
åker	inte	0.026549
ålder	och	0.107692
ålder	av	0.076923
ålder	som	0.046154
ålder	har	0.046154
åren	har	0.235294
åren	och	0.117647
åren	i	0.051471
åren	är	0.029412
åren	med	0.025735
åren	blivit	0.022059
åren	men	0.018382
åren	till	0.018382
åren	så	0.018382
åren	som	0.018382
åren	var	0.018382
åren	att	0.014706
åren	av	0.014706
åren	varit	0.014706
åren	innan	0.014706
åren	säger	0.011029
åren	kommer	0.011029
åren	enligt	0.011029
åren	haft	0.011029
åren	skriver	0.011029
åren	för	0.011029
åtal	mot	0.302326
åtal	för	0.139535
åtal	i	0.093023
åtal	har	0.069767
åtal	om	0.069767
åtalad	för	0.707317
åtalad	misstänkt	0.073171
åtalet	mot	0.187500
åtalet	har	0.083333
åtalet	ha	0.062500
återvänt	till	0.769231
åtgärder	för	0.261438
åtgärder	som	0.248366
åtgärder	mot	0.065359
åtgärder	och	0.039216
åtgärder	från	0.032680
åtgärder	kan	0.026144
åtgärder	på	0.026144
åtgärder	i	0.019608
åtgärder	har	0.019608
åtgärder	efter	0.019608
åtgärder	är	0.019608
öga	mot	0.333333
ökat	med	0.229299
ökat	kraftigt	0.101911
ökat	i	0.089172
ökat	antal	0.057325
ökat	från	0.038217
ökat	och	0.031847
ökat	under	0.025478
ökat	det	0.025478
ökat	behov	0.025478
ökat	sin	0.025478
ökat	till	0.025478
ökat	rejält	0.019108
ökat	har	0.019108
ökat	tryck	0.019108
ökat	efter	0.019108
öl	och	0.227273
öl	på	0.136364
öppnade	eld	0.144578
öppnade	för	0.084337
öppnade	i	0.072289
öppnade	en	0.072289
öppnade	dörren	0.048193
öppnade	han	0.036145
öppnade	hon	0.036145
öppnade	ett	0.036145
öppnade	mötet	0.036145
öre	per	0.342857
öre	till	0.257143
öre	i	0.171429
öre	och	0.114286
överdos	och	1.000000
överleva	i	0.166667
överraskning	för	0.333333
övervakning	av	0.636364
överväger	att	0.545455
övre	delen	0.545455
övriga	tre	0.067568
övriga	som	0.067568
övriga	landet	0.067568
övriga	i	0.054054
övriga	sverige	0.054054
övriga	två	0.040541
övriga	lag	0.040541
övriga	europa	0.040541
övrigt	att	0.090909
övrigt	var	0.068182
övrigt	är	0.068182
