arp	ын	0.166667
arp	протоколын	0.125000
arp	хүсэлтийг	0.125000
arp	протокол	0.125000
basic	ийн	0.166667
basic	for	0.166667
bbc	ийн	0.157895
bbc	нь	0.157895
black	metal	0.500000
cd	dvd	0.097561
cd	болон	0.073171
cd	г	0.073171
d	болон	0.049180
d	q	0.049180
d	e	0.040984
d	амин	0.040984
d	хамгаалалтыг	0.032787
d	код	0.024590
d	гэсэн	0.024590
d	технологи	0.024590
d	нь	0.024590
dos	халдлага	0.181818
dos	үйлдлийн	0.113636
dos	ийг	0.068182
dos	болон	0.068182
full	of	0.882353
g	г	0.085106
g	ийн	0.063830
g	g	0.063830
g	нь	0.063830
g	сүлжээ	0.053191
g	гийн	0.053191
g	сүлжээг	0.042553
gnu	linux	0.400000
i	p	0.117318
i	o	0.094972
i	сард	0.067039
i	зууны	0.061453
i	ийн	0.044693
i	нь	0.027933
i	love	0.022346
i	дайны	0.022346
i	ii	0.022346
i	m	0.022346
i	дайн	0.016760
i	зуун	0.016760
i	болон	0.016760
in	the	0.276596
in	my	0.148936
in	time	0.085106
in	first	0.063830
injection	нь	0.222222
injection	ийн	0.166667
intel	ийн	0.266667
ipsec	нь	0.241379
ipv	нь	0.075472
ipv	хаягийн	0.075472
ipv	г	0.075472
ipv	д	0.075472
ipv	болон	0.056604
ipv	руу	0.056604
ipv	ын	0.056604
ipv	н	0.056604
isp	д	0.250000
iv	зууны	0.153846
k	pop	0.220000
k	нь	0.080000
k	r	0.060000
k	аар	0.060000
keane	хамтлагийн	0.208333
keane	хамтлаг	0.208333
keane	хэмээн	0.125000
microsoft	windows	0.152174
microsoft	ын	0.119565
microsoft	access	0.119565
microsoft	ийн	0.097826
microsoft	нь	0.086957
microsoft	sql	0.054348
microsoft	компанийн	0.032609
microsoft	компани	0.032609
microsoft	н	0.032609
music	awards	0.406250
n	нь	0.085106
n	тооны	0.053191
n	k	0.042553
n	болон	0.031915
n	ын	0.031915
n	ээс	0.031915
n	ба	0.031915
n	эсвэл	0.031915
n	ийн	0.031915
nat	нь	0.266667
of	the	0.550000
of	a	0.150000
of	service	0.066667
oracle	мэдээллийн	0.238095
oracle	database	0.190476
oracle	ийн	0.119048
oracle	өгөгдлийн	0.119048
priority	той	0.266667
qr	код	0.687500
qr	кодыг	0.250000
radius	сервер	0.333333
radius	нь	0.125000
raid	raid	0.184211
raid	түвшин	0.157895
raid	нь	0.131579
raid	ийн	0.105263
records	той	0.166667
sonet	sdh	0.650000
sonet	болон	0.125000
sonet	нь	0.075000
ssl	нь	0.416667
syn	ack	0.375000
tcp	ip	0.353659
tcp	нь	0.121951
tcp	syn	0.073171
tcp	холболт	0.048780
tcp	порт	0.048780
tcp	д	0.048780
tcp	пакетыг	0.036585
university	of	0.421053
utc	болно	0.384615
utc	бүст	0.346154
view	нь	0.217391
view	г	0.173913
vii	сард	0.243902
vii	зууны	0.146341
vii	зуунд	0.073171
vii	viii	0.073171
virtual	private	0.461538
virtual	memory	0.230769
vlan	ийн	0.142857
vlan	д	0.103896
vlan	г	0.090909
vlan	гийн	0.077922
vlan	н	0.064935
vlan	гэдэг	0.051948
vlan	нь	0.038961
vpn	нь	0.157895
vpn	ий	0.105263
w	c	0.406250
w	x	0.250000
web	www	0.166667
wi	fi	1.000000
xiv	зууны	0.431818
xiv	зуунд	0.136364
xiv	xv	0.090909
xiv	далай	0.068182
xiv	xvii	0.068182
xviii	зууны	0.641026
xviii	зуунд	0.153846
xviii	зуунаас	0.128205
y	z	0.257143
y	нь	0.142857
y	цомог	0.085714
yg	entertainment	0.727273
york	world	0.538462
you	хэмээх	0.115385
you	г	0.115385
youtube	дээр	0.200000
youtube	д	0.120000
youtube	хуудсанд	0.120000
z	тэй	0.117647
z	нь	0.088235
z	os	0.088235
z	уруу	0.088235
α	амин	0.315789
α	ба	0.263158
β	дэд	0.363636
аав	нь	0.419118
аав	ээж	0.132353
аав	болон	0.022059
аав	болох	0.022059
ав	гэж	0.250000
ав	хийх	0.250000
аварга	шалгаруулах	0.232662
аварга	болсон	0.114094
аварга	том	0.062640
аварга	цолыг	0.060403
аварга	цол	0.058166
аварга	болж	0.046980
аварга	болжээ	0.033557
аварга	цолоо	0.017897
аварга	малчин	0.017897
аварга	их	0.013423
аварга	юм	0.011186
аварга	д	0.011186
аварга	болоход	0.008949
аварга	болгосон	0.008949
аварга	тамирчин	0.006711
аварга	цагаан	0.006711
аварга	монгол	0.006711
аварга	ш	0.006711
аварга	г	0.006711
аварга	цолтон	0.006711
аварга	баг	0.006711
авахаар	болсон	0.127660
авахын	тулд	0.812500
авахын	оронд	0.078125
авдаг	байсан	0.095960
авдаг	бөгөөд	0.090909
авдаг	байв	0.080808
авдаг	байна	0.070707
авдаг	ба	0.060606
авдаг	байжээ	0.030303
авдаг	бол	0.025253
авдаг	байлаа	0.020202
авдаг	болсон	0.020202
авдаг	нь	0.015152
авдаг	болов	0.015152
аврага	загас	0.176471
аврага	том	0.176471
автономит	эрхтэй	0.105263
автономит	муж	0.078947
автономит	засгийг	0.078947
автономит	засаг	0.078947
авч	үзвэл	0.058651
авч	үздэг	0.057918
авч	байсан	0.046921
авч	үзье	0.027859
авч	болно	0.027126
авч	үзэх	0.024194
авч	үзсэн	0.022727
авч	байгаа	0.021994
авч	байжээ	0.017595
авч	явах	0.015396
авч	үзэж	0.013930
авч	байв	0.013196
авч	болох	0.010997
авч	чадахгүй	0.010997
авч	чадсан	0.010997
авч	буй	0.010997
авч	үзэхэд	0.010997
авч	өөрийн	0.009531
авч	чадаагүй	0.009531
авч	болдог	0.008798
авч	үзнэ	0.008798
авч	явдаг	0.008065
авч	явсан	0.008065
авч	байлаа	0.007331
авч	чаддаг	0.005865
авч	чадалгүй	0.005865
авч	ирсэн	0.005865
авч	байна	0.005865
авч	ирж	0.005865
авч	ашиглах	0.005865
авч	улмаар	0.005865
авч	оны	0.005132
авч	онд	0.005132
авч	чаддаггүй	0.004399
авч	чаджээ	0.004399
авч	хэрэглэх	0.004399
авч	үзжээ	0.004399
авч	ашигласан	0.004399
авч	чадсангүй	0.003666
авч	үзэн	0.003666
авчирсан	юм	0.219178
авчирсан	байна	0.123288
авчирсан	бөгөөд	0.082192
авчирсан	нь	0.054795
авчирсан	ч	0.054795
авчирсан	билээ	0.041096
агуулгын	хувьд	0.318182
агуулгын	талаар	0.136364
агуулдаг	бөгөөд	0.180851
агуулдаг	ба	0.138298
агуулдаг	боловч	0.063830
агуулдаг	тул	0.042553
агуулдаг	учир	0.042553
агуулдаг	байна	0.042553
агуулдаг	бол	0.042553
агуулдаг	гэж	0.031915
агуулдаг	нь	0.031915
агуулдаг	гэсэн	0.031915
адил	төстэй	0.046763
адил	юм	0.023381
адил	байдаг	0.016187
адил	талт	0.014388
адил	байна	0.014388
адил	олон	0.014388
адил	нэртэй	0.010791
адил	боловч	0.010791
адил	тэгш	0.010791
адил	байсан	0.010791
адил	бус	0.008993
адил	гэж	0.008993
адил	хэмжээтэй	0.007194
адил	байв	0.007194
адил	нэгэн	0.007194
адил	байх	0.007194
адил	бөгөөд	0.007194
адил	өөр	0.005396
адил	бие	0.005396
адил	утгатай	0.005396
адил	их	0.005396
адил	тооны	0.005396
адил	усны	0.005396
адил	энэ	0.005396
адил	харагддаг	0.005396
адил	түүний	0.005396
адил	тухайн	0.005396
адил	маш	0.005396
адил	энгийн	0.005396
адил	нэг	0.005396
адилгүй	байдаг	0.265625
адилгүй	байна	0.125000
адилгүй	юм	0.062500
адилгүй	боловч	0.046875
адилтган	таних	0.461538
адилхан	байдаг	0.052632
адилхан	юм	0.052632
адилхан	бөгөөд	0.043860
адилхан	боловч	0.035088
адилхан	байсан	0.026316
адилхан	байгаа	0.026316
аж	ахуйн	0.365885
аж	ахуй	0.246094
аж	үйлдвэрийн	0.105469
аж	үйлдвэр	0.046875
аж	ахуйд	0.039062
аж	ахуйг	0.027344
аж	төрж	0.022135
аж	үйлдвэрлэлийн	0.016927
аж	төрөн	0.016927
аж	төрдөг	0.015625
аж	үйлдвэрт	0.011719
аж	төрөх	0.009115
аж	байдал	0.007812
аж	амьдрал	0.006510
аж	үйлдвэрлэл	0.005208
аж	ахуйдаа	0.005208
аж	байдлын	0.005208
аж	байдлыг	0.003906
аж	амьдралыг	0.003906
ажил	хийж	0.084168
ажил	нь	0.078156
ажил	хийдэг	0.026052
ажил	эрхэлж	0.024048
ажил	хэргийн	0.024048
ажил	хийх	0.024048
ажил	хэрэг	0.020040
ажил	эрхэлдэг	0.018036
ажил	хийсэн	0.018036
ажил	эхэлсэн	0.018036
ажил	дээр	0.016032
ажил	хөдөлмөр	0.012024
ажил	хэргээ	0.012024
ажил	юм	0.012024
ажил	үүргийг	0.012024
ажил	болох	0.010020
ажил	хийгдсэн	0.010020
ажил	байсан	0.010020
ажил	хөдөлмөрийн	0.010020
ажил	онд	0.008016
ажил	гүйлгээний	0.008016
ажил	мэргэжил	0.008016
ажил	ба	0.008016
ажил	бүрийн	0.008016
ажил	ч	0.008016
ажил	эрхэлсэн	0.006012
ажил	үүрэг	0.006012
ажил	бүр	0.006012
ажил	гүйлгээ	0.006012
ажил	амьдралыг	0.006012
ажил	эхэлжээ	0.006012
ажил	хийжээ	0.006012
ажил	гүйлгээг	0.006012
ажил	үндсэндээ	0.006012
ажил	зохион	0.006012
ажил	оны	0.006012
ажил	болон	0.006012
ажиллагаанаас	болж	0.160000
ажиллагаанаас	гадна	0.120000
ажиллагаанаас	шалтгаалан	0.120000
ажиллагааны	үр	0.076412
ажиллагааны	тухай	0.033223
ажиллагааны	хувьд	0.029900
ажиллагааны	үндсэн	0.026578
ажиллагааны	явцад	0.026578
ажиллагааны	талаар	0.026578
ажиллагааны	үед	0.023256
ажиллагааны	чиглэл	0.019934
ажиллагааны	үеэр	0.019934
ажиллагааны	гол	0.019934
ажиллагааны	гэрээ	0.016611
ажиллагааны	дүнд	0.013289
ажиллагааны	салбар	0.013289
ажиллагааны	цар	0.009967
ажиллагааны	зарчим	0.009967
ажиллагааны	эсрэг	0.009967
ажиллагааны	ерөнхий	0.009967
ажиллагааны	төлөвлөгөө	0.009967
ажиллагааны	байгууллага	0.009967
ажиллагааны	систем	0.009967
ажиллагааны	олон	0.009967
ажиллагааны	шинэ	0.009967
ажиллагааны	хүрээнд	0.009967
ажиллах	боломжтой	0.092511
ажиллах	болно	0.033040
ажиллах	бөгөөд	0.030837
ажиллах	болсон	0.028634
ажиллах	болжээ	0.028634
ажиллах	хугацаандаа	0.026432
ажиллах	чадвартай	0.024229
ажиллах	хүчний	0.024229
ажиллах	ёстой	0.024229
ажиллах	ба	0.022026
ажиллах	хүч	0.022026
ажиллах	нь	0.022026
ажиллах	боломжийг	0.019824
ажиллах	зарчим	0.019824
ажиллах	хугацаа	0.015419
ажиллах	юм	0.013216
ажиллах	болов	0.013216
ажиллах	санал	0.013216
ажиллах	үеийн	0.011013
ажиллах	хүчийг	0.011013
ажиллах	боломж	0.011013
ажиллах	боломжгүй	0.011013
ажиллах	тухай	0.011013
ажиллах	шаардлагатай	0.011013
ажиллах	болж	0.011013
ажиллах	үед	0.011013
ажиллах	явдал	0.011013
ажиллах	болсноор	0.008811
ажиллах	гэрээ	0.008811
ажиллах	үндсэн	0.008811
ажиллах	болон	0.008811
ажиллах	чадвар	0.006608
ажиллах	шаардлага	0.006608
ажиллах	бололцоотой	0.006608
ажиллах	ямар	0.006608
ажиллах	хэрэгтэй	0.006608
ажиллах	зэрэг	0.006608
ажиллах	зарчмыг	0.006608
ажиллах	зарчмаар	0.006608
ажиллах	үедээ	0.006608
ажиллахаар	болсон	0.227273
ажиллахаар	болжээ	0.227273
ажиллуулдаг	байна	0.187500
ажилчин	зөгий	0.127660
ажилчин	ангийн	0.106383
ажилчин	анги	0.106383
ажилчин	тариачны	0.085106
аз	жаргал	0.535714
аз	болоход	0.142857
азид	тархсан	0.058824
азид	байсан	0.058824
аих	ын	0.833333
айж	байсан	0.333333
айлын	хүүхдийн	0.083333
айлын	орон	0.083333
айлын	отгон	0.066667
айлын	гэрт	0.050000
аймгууд	нь	0.173077
алаг	өвс	0.200000
алаг	цоохор	0.100000
алаг	хаан	0.100000
алагдсан	байна	0.152542
алагдсан	юм	0.067797
алагдсан	гэж	0.067797
алагдсан	гэдэг	0.050847
алагдсан	бөгөөд	0.050847
алан	гоо	0.500000
албагүй	бөгөөд	0.187500
албан	ёсны	0.332933
албан	ёсоор	0.299279
албан	тушаал	0.055288
албан	тушаалд	0.038462
албан	тушаалыг	0.031250
албан	бус	0.027644
албан	тушаалаас	0.024038
албан	хаагч	0.024038
албан	тушаалтан	0.022837
албан	татвар	0.019231
албан	тушаалын	0.013221
албан	бусаар	0.012019
албан	бичиг	0.008413
албан	байгууллага	0.008413
албан	бичигт	0.006010
албан	татварын	0.004808
албан	байгууллагын	0.003606
албан	байгууллагууд	0.003606
албан	баримт	0.003606
албан	үүргээ	0.003606
албан	бичгийн	0.003606
албан	болон	0.003606
албаны	дарга	0.121951
албаны	даргаар	0.073171
албаны	хүмүүс	0.036585
албаны	ажилтан	0.036585
албаны	үндсэн	0.036585
алгоритм	нь	0.396040
алгоритм	болон	0.049505
алгоритм	гэж	0.049505
алгоритм	юм	0.049505
алгоритм	гэдэг	0.039604
алгоритм	ба	0.029703
алгоритм	дээр	0.029703
алгоритм	ашиглан	0.029703
алдаа	нь	0.061111
алдаа	засах	0.055556
алдаа	гаргасан	0.038889
алдаа	болон	0.033333
алдаа	гарсан	0.033333
алдаа	гарах	0.027778
алдаа	гаргах	0.027778
алдаа	илрүүлэх	0.022222
алдаа	гэж	0.022222
алдаа	гардаг	0.022222
алдаа	гарч	0.016667
алдаа	эсвэл	0.016667
алдаа	юм	0.016667
алдаа	заасан	0.016667
алдаа	гаргаж	0.016667
алдаа	хийсэн	0.016667
алдаа	гарвал	0.016667
алдаа	багатай	0.016667
алдаж	хүн	0.107143
алдаж	гаруй	0.059524
алдаж	байсан	0.047619
алдаж	улмаар	0.047619
алдар	нэр	0.204545
алдар	нь	0.147727
алдар	хүндийг	0.102273
алдар	нэрийг	0.056818
алдар	нэрээ	0.045455
алдар	цолтой	0.034091
алдаршсан	юм	0.098039
алдаршсан	билээ	0.068627
алдаршсан	байна	0.058824
алдаршсан	нь	0.049020
алдаршсан	энэ	0.039216
алдаршсан	хүн	0.039216
алдаршсан	анхны	0.029412
алдаршсан	бөгөөд	0.029412
алдах	нь	0.081633
алдах	ба	0.061224
алдрын	танхимд	0.441176
алдрын	танхимын	0.205882
алдрын	од	0.117647
алдсан	байна	0.186047
алдсан	юм	0.156977
алдсан	бол	0.058140
алдсан	гэдэг	0.052326
алдсан	нь	0.040698
алдсан	бөгөөд	0.040698
алдсан	байдаг	0.040698
алдсан	билээ	0.040698
алдсан	тул	0.017442
александрын	номын	0.333333
аливаа	нэгэн	0.038760
аливаа	үйл	0.034884
аливаа	зүйлийн	0.034884
аливаа	зүйлийг	0.027132
аливаа	байгууллага	0.019380
аливаа	юмс	0.019380
аливаа	нэг	0.015504
аливаа	амьд	0.015504
аливаа	муу	0.015504
аливаа	улс	0.015504
аливаа	мэдээллийн	0.015504
аливаа	хүн	0.011628
аливаа	амьтны	0.011628
аливаа	байгууллагын	0.011628
аливаа	түүхэн	0.011628
аливаа	улсын	0.011628
аливаа	шинэ	0.011628
аливаа	бизнес	0.011628
аливаа	хүний	0.011628
алсаас	харахад	0.214286
амар	тайван	0.166667
амар	амгалан	0.106061
амар	хялбар	0.090909
амар	мөрний	0.045455
амжилт	нь	0.146067
амжилт	үзүүлсэн	0.067416
амжилт	олсон	0.058989
амжилт	гаргасан	0.056180
амжилт	олж	0.044944
амжилт	юм	0.044944
амжилт	олоогүй	0.039326
амжилт	үзүүлж	0.036517
амжилт	гаргаж	0.030899
амжилт	тогтоосон	0.025281
амжилт	болох	0.022472
амжилт	тогтоон	0.019663
амжилт	үзүүлжээ	0.016854
амжилт	байлаа	0.014045
амжилт	гаргах	0.014045
амжилт	үзүүлэн	0.014045
амжилт	үзүүлдэг	0.014045
амжилт	олжээ	0.014045
амжилт	олоход	0.011236
амжилт	дагуулсан	0.011236
амжилт	болно	0.011236
амжилт	тогтоож	0.011236
амжилт	авчирсан	0.008427
амжилт	болж	0.008427
амжилт	болон	0.008427
амжилт	болжээ	0.008427
амжилт	гаргажээ	0.008427
амжилт	муутай	0.008427
амжилт	байв	0.008427
амжилт	ххк	0.008427
амттай	байдаг	0.150000
амттай	болгодог	0.150000
амын	нь	0.106742
амын	хувь	0.095506
амын	тоо	0.073034
амын	тооллогоор	0.030899
амын	ихэнх	0.025281
амын	олонх	0.025281
амын	тоогоор	0.022472
амын	дийлэнх	0.022472
амын	гаруй	0.019663
амын	өсөлт	0.019663
амын	эрүүл	0.019663
амын	орчим	0.019663
амын	ийг	0.019663
амын	бичиг	0.016854
амын	хүн	0.014045
амын	хувьд	0.014045
амын	хувийг	0.014045
амын	гуравны	0.014045
амын	дундаж	0.014045
амын	дийлэнхи	0.014045
амын	ихэнхийг	0.011236
амын	олонхи	0.011236
амын	жилийн	0.011236
амын	тооны	0.011236
амын	бараг	0.011236
амын	дунд	0.011236
амын	хот	0.008427
амын	олноор	0.008427
амын	өсөлтийн	0.008427
амын	ыг	0.008427
амын	хамгийн	0.008427
амын	тоог	0.008427
амын	шахам	0.008427
амын	нягт	0.008427
амьд	үлдсэн	0.091633
амьд	ахуйдаа	0.035857
амьд	хөгжмийн	0.031873
амьд	ахуй	0.031873
амьд	организмын	0.031873
амьд	сэрүүн	0.027888
амьд	яриа	0.023904
амьд	биетийн	0.023904
амьд	бие	0.019920
амьд	амьтан	0.019920
амьд	организм	0.019920
амьд	үлдэх	0.019920
амьд	үлдэж	0.019920
амьд	байсан	0.019920
амьд	тоглолтоо	0.015936
амьд	биеийг	0.015936
амьд	зулзага	0.015936
амьд	гарч	0.015936
амьд	буй	0.015936
амьд	биеийн	0.015936
амьд	хамтлаг	0.011952
амьд	явах	0.011952
амьд	гарсан	0.011952
амьд	хүчийг	0.011952
амьд	тоглолт	0.011952
амьд	тоглолтын	0.011952
амьд	бус	0.011952
амьд	хэл	0.011952
амьдрал	дээр	0.119171
амьдрал	нь	0.051813
амьдрал	дээрх	0.031088
амьдрал	ахуйн	0.031088
амьдрал	дахь	0.025907
амьдрал	ба	0.020725
амьдрал	үйл	0.020725
амьдрал	болон	0.015544
амьдрал	уран	0.015544
амьдрал	улам	0.015544
амьдрал	бол	0.015544
амьдрал	улс	0.015544
амьдрал	оюун	0.015544
амьдралтай	ба	0.090909
амьсгалын	замын	0.203704
амьсгалын	хувьд	0.092593
амьсгалын	замаар	0.074074
амьтны	гаралтай	0.064286
амьтны	хүрээлэн	0.057143
амьтны	аймаг	0.042857
амьтны	загварт	0.042857
амьтны	ертөнцийн	0.028571
амьтны	яс	0.028571
амьтны	дүрс	0.021429
амьтны	аймгийн	0.021429
амьтны	болон	0.021429
амьтны	хүрээлэнд	0.021429
анагаах	ухааны	0.528926
анагаах	ухаанд	0.148760
анагаах	ухаан	0.132231
анагаах	ухааныг	0.041322
анагаах	чадалтай	0.024793
анализ	хийх	0.216216
анализ	нь	0.081081
анализ	хийж	0.081081
аналог	дуу	0.136364
аналог	дохиог	0.136364
ангилж	болно	0.403509
ангилж	үздэг	0.157895
ангилж	болдог	0.105263
ангилж	нэрлэдэг	0.052632
ангилж	болох	0.052632
ангиуд	нь	0.137931
анх	удаа	0.207530
анх	онд	0.133150
анх	удаагаа	0.044995
анх	оны	0.044077
анх	бий	0.011019
анх	энэ	0.010101
анх	байгуулагдсан	0.010101
анх	гаргаж	0.006428
анх	үүссэн	0.006428
анх	зохион	0.006428
анх	үүсгэн	0.006428
анх	д	0.005510
анх	аад	0.005510
анх	гарсан	0.005510
анх	танилцуулсан	0.004591
анх	тус	0.004591
анх	р	0.004591
анх	английн	0.004591
анх	гаргасан	0.004591
анх	хөгжүүлсэн	0.003673
анх	санаачилсан	0.003673
анх	орсон	0.003673
анх	оноос	0.003673
анх	уг	0.003673
анх	хүн	0.003673
анх	нээсэн	0.003673
анх	их	0.003673
анх	өөрийн	0.002755
анх	монгол	0.002755
анх	байгуулсан	0.002755
анх	хэрэглэсэн	0.002755
анх	дөрвөн	0.002755
анх	мэө	0.002755
анх	төлөвлөсөн	0.002755
анх	цэргийн	0.002755
анх	энэхүү	0.002755
анх	буддын	0.002755
анх	нэвтрүүлж	0.002755
анх	оруулсан	0.002755
анх	санаачлан	0.002755
ар	талд	0.115044
ар	талын	0.088496
ар	тал	0.061947
ар	монголд	0.057522
ар	өвөр	0.048673
ар	халхын	0.039823
ар	нуруу	0.039823
ар	талаас	0.039823
ар	монгол	0.035398
ар	монголын	0.030973
ар	монголыг	0.026549
ар	нуруун	0.022124
ар	халхад	0.017699
ар	халх	0.017699
ар	байгалийн	0.013274
ар	жаргалант	0.013274
ар	талдаа	0.013274
ар	талыг	0.013274
ар	хүннү	0.013274
ар	гэрт	0.013274
ар	хэсэг	0.013274
арабын	нэгдсэн	0.104167
арабын	улс	0.062500
арав	гаруй	0.306122
арав	дахь	0.142857
арав	арван	0.081633
арваннэгдүгээр	сарын	0.692308
арваннэгдүгээр	сард	0.250000
аргаар	гаргаж	0.040724
аргаар	гарган	0.027149
аргаар	хийгдэж	0.013575
аргаар	боловсруулдаг	0.013575
аргаар	эсвэл	0.013575
аргаар	бүтээгдсэн	0.013575
аргагүй	болсон	0.096774
аргагүй	болжээ	0.088710
аргагүй	мөн	0.056452
аргагүй	байдалд	0.048387
аргагүй	болно	0.040323
аргагүй	болж	0.040323
аргагүй	юм	0.040323
аргагүй	байсан	0.040323
аргагүй	болов	0.032258
аргагүй	эрхэнд	0.032258
аргагүй	л	0.024194
аргаль	угалз	0.250000
аргачлал	нь	0.392857
аргачлал	юм	0.178571
аргил	гитарчин	0.363636
аргил	гитар	0.272727
ардчилал	нь	0.166667
ариун	ромын	0.115385
ариун	библийн	0.057692
ариун	сүнс	0.038462
ариун	сүм	0.038462
ариун	цагаан	0.028846
ариун	өдөр	0.028846
ариун	газар	0.028846
ариун	ном	0.028846
ариун	газрыг	0.028846
ариун	гэгээн	0.028846
ариун	сүмийг	0.028846
армийг	бут	0.117647
архангай	аймгийн	0.703704
архангай	аймагт	0.111111
архангай	өвөрхангай	0.055556
архи	тамхи	0.108108
архи	дарс	0.081081
архитектурын	хувьд	0.137931
арын	хоолой	0.073529
арын	хэсэгт	0.058824
арын	бүжигчин	0.044118
арын	хоёр	0.044118
арьсан	дээр	0.285714
арьсны	өнгө	0.219512
арьсны	үзэл	0.097561
арьсны	өвчин	0.073171
асар	их	0.509091
асар	том	0.152727
асар	олон	0.083636
асар	хүчтэй	0.029091
асар	өргөн	0.029091
асар	уудам	0.021818
асар	хурдацтай	0.021818
асар	ихээр	0.018182
асар	өндөр	0.014545
асар	хурдан	0.014545
асар	хурдтай	0.010909
асеан	ий	0.634146
асеан	ы	0.060976
асеан	д	0.036585
асуудлын	нэг	0.270270
асуудлын	талаар	0.135135
асуудлын	шийдэл	0.081081
асуулт	бол	0.090909
асуулт	нь	0.090909
ахин	дахин	0.100000
ахуйг	түшиглэн	0.190476
ахуйн	нэгж	0.136842
ахуйн	нэгжийн	0.101754
ахуйн	нэгжүүд	0.042105
ахуйн	үйл	0.021053
ахуйн	тухай	0.017544
ахуйн	нэгжид	0.014035
ахуйн	салбарыг	0.014035
ахуйн	бүтээгдэхүүний	0.014035
ахуйн	хувьд	0.014035
ахуйн	зорилгоор	0.010526
ахуйн	бохир	0.010526
ахуйн	нөхцөлд	0.010526
ахуйн	ач	0.010526
ахуйн	бусад	0.010526
ахуйн	хүрээнд	0.010526
ахуйн	нэг	0.010526
ахуйн	үйлдвэрлэлд	0.010526
ачит	гүний	0.294118
ачит	вангийн	0.235294
ачит	нуур	0.176471
ашиглагдаж	байгаа	0.255814
ашиглагдаж	байсан	0.139535
ашиглагдаж	байна	0.127907
ашиглагдаж	буй	0.104651
ашиглагдаж	болно	0.093023
ашиглагдаж	байжээ	0.069767
ашиглагдаж	эхэлсэн	0.058140
ашиглагдаж	байв	0.046512
ашиглагдах	боломжтой	0.125000
ашиглагдах	болсон	0.125000
ашиглагдах	боломжгүй	0.075000
ашиглаж	байна	0.162362
ашиглаж	болно	0.138376
ашиглаж	байгаа	0.130996
ашиглаж	байсан	0.079336
ашиглаж	болох	0.040590
ашиглаж	буй	0.036900
ашиглаж	ирсэн	0.027675
ашиглаж	болдог	0.023985
ашиглаж	эхэлсэн	0.023985
ашиглаж	байжээ	0.016605
ашиглаж	байв	0.016605
ашиглаж	чадахгүй	0.009225
ашиглаж	иржээ	0.007380
ашиглаж	байхад	0.007380
ашиглаж	эхэлж	0.005535
ашиглаж	чадна	0.005535
ашиглаж	өөрийн	0.005535
ашиглаж	болохоор	0.005535
ашиглаж	байгаад	0.005535
аюулаас	хамгаалах	0.548387
аюулаас	урьдчилан	0.096774
аюулгүйн	зөвлөл	0.264706
аюулгүйн	зөвлөлийн	0.264706
аюулд	ороод	0.136364
аюулд	орсон	0.136364
аюултай	юм	0.063158
аюултай	байсан	0.052632
аюултай	бөгөөд	0.031579
аюултай	хэмээн	0.031579
аюултай	гэж	0.031579
аян	дайн	0.248175
аян	замын	0.248175
аян	дайнд	0.145985
аян	дайны	0.080292
аян	замд	0.065693
аян	дайныг	0.051095
аян	дайнаас	0.021898
баавгайн	дэд	0.157895
бааз	нь	0.246377
бааз	дахь	0.057971
бааз	руу	0.057971
бааз	регистр	0.057971
бааз	болж	0.043478
бааз	байрладаг	0.043478
бага	зэрэг	0.070103
бага	хэмжээний	0.037801
бага	хурлын	0.035052
бага	байдаг	0.025430
бага	зэргийн	0.024055
бага	насны	0.023368
бага	сургууль	0.021306
бага	байх	0.019931
бага	наснаасаа	0.017869
бага	хурал	0.017182
бага	дунд	0.015808
бага	байна	0.015120
бага	багаар	0.013058
бага	хэмжээтэй	0.012371
бага	насандаа	0.012371
бага	ч	0.011684
бага	хэмжээгээр	0.011684
бага	юм	0.009622
бага	сургуульд	0.009622
бага	насаа	0.009622
бага	нь	0.008935
бага	байсан	0.008247
бага	оврын	0.007560
бага	байхад	0.007560
бага	залуу	0.007560
бага	байхдаа	0.006873
бага	азийн	0.006186
бага	сургуулийн	0.006186
бага	чадлын	0.006186
бага	буюу	0.006186
бага	тархи	0.005498
бага	хүү	0.005498
бага	ази	0.005498
бага	нас	0.005498
бага	байвал	0.004811
бага	ангийн	0.004811
бага	сургуулийг	0.004811
бага	дарга	0.004811
бага	энерги	0.004124
бага	тархины	0.004124
багадаа	хоёр	0.089286
багадаа	жилийн	0.053571
багасгадаг	ба	0.375000
багассан	байна	0.333333
багассан	ч	0.166667
багатай	байдаг	0.080357
багатай	газар	0.044643
багатай	тул	0.035714
багатай	ба	0.026786
багахан	хэмжээний	0.250000
багт	тоглож	0.059748
багт	сая	0.050314
багт	хуваагддаг	0.028302
багт	оны	0.025157
багт	багтан	0.025157
багт	тоглодог	0.022013
багт	хамгийн	0.022013
багт	элссэн	0.018868
багт	нь	0.018868
багт	онд	0.018868
багт	улирал	0.018868
багт	багтаж	0.018868
багт	тодорхойгүй	0.015723
багт	ирсэн	0.015723
багт	тоглох	0.012579
багт	зээлээр	0.012579
багт	үнэгүй	0.012579
багт	нэрлэгдэж	0.012579
багт	орж	0.012579
багт	тэрээр	0.012579
багт	харьцаагаар	0.009434
багт	шилжиж	0.009434
багт	төвийн	0.009434
багт	хагас	0.009434
багт	ажиллаж	0.009434
багт	тус	0.009434
багт	наадам	0.009434
багт	нэрлэгдсэн	0.009434
багт	мөн	0.009434
багтаадаг	ба	0.300000
багтай	хийсэн	0.107143
багтай	дөрвөн	0.085714
багтай	гурван	0.064286
багтай	жилийн	0.057143
багтай	таван	0.042857
багтай	нэгдсэн	0.042857
багтай	хоёр	0.035714
багтай	гэрээ	0.028571
багтай	оны	0.028571
багтай	байсан	0.028571
багтай	жилээр	0.021429
багтай	нэг	0.021429
багтай	хийж	0.021429
багтах	бөгөөд	0.187500
багтах	ба	0.112500
багтах	болсон	0.062500
багтах	юм	0.050000
багтах	боломжтой	0.037500
багтсан	байдаг	0.122449
багтсан	байна	0.102041
багтсан	юм	0.071429
багтсан	бөгөөд	0.071429
багтсан	нь	0.040816
багтсан	билээ	0.030612
багтсан	байв	0.030612
багуудад	тоглож	0.447368
багуудын	нэг	0.242424
багуудын	цомын	0.090909
байгаагаас	шалтгаалан	0.140351
байгаагаас	нь	0.122807
байгаагаас	шалтгаалж	0.070175
байгаагаас	үл	0.052632
байгаад	онд	0.154574
байгаад	оны	0.094637
байгаад	оноос	0.050473
байгаад	хожим	0.025237
байгаад	сүүлд	0.015773
байгаад	дараа	0.015773
байгаад	нас	0.015773
байгаад	сүүлдээ	0.009464
байгалийн	үзэсгэлэнт	0.061047
байгалийн	цогцолборт	0.049419
байгалийн	шинжлэх	0.046512
байгалийн	баялаг	0.043605
байгалийн	нөөц	0.034884
байгалийн	үзэсгэлэн	0.029070
байгалийн	гаралтай	0.026163
байгалийн	хий	0.023256
байгалийн	болон	0.020349
байгалийн	өвөрмөц	0.020349
байгалийн	хийн	0.020349
байгалийн	түүхийн	0.017442
байгалийн	олон	0.017442
байгалийн	тогтоц	0.014535
байгалийн	үзэгдэл	0.014535
байгалийн	дурсгалт	0.011628
байгалийн	унаган	0.011628
байгалийн	сонин	0.011628
байгалийн	ухааны	0.011628
байгалийн	ба	0.008721
байгалийн	гоо	0.008721
байгалийн	энэхүү	0.008721
байгалийн	эрдэс	0.008721
байгалийн	юмс	0.008721
байгалийн	сайхан	0.008721
байгалийн	цогцолбор	0.008721
байгалийн	бүс	0.008721
байгуулагддаг	бөгөөд	0.176471
байгуулагддаг	цэргийн	0.176471
байгуулалт	нь	0.139785
байгуулалт	бүхий	0.043011
байгуулалт	юм	0.032258
байгуулалт	сайтай	0.032258
байгуулалт	байхгүй	0.032258
байгуулалттай	байсан	0.135135
байгууламж	нь	0.138614
байгууламж	юм	0.089109
байгууламж	гэдэг	0.049505
байгууламж	буюу	0.039604
байгууламж	дахь	0.029703
байгууламж	байсан	0.029703
байгууламж	гэж	0.029703
байгуулан	ажиллуулж	0.044776
байгуулан	ажиллаж	0.044776
байдаггүй	ч	0.097561
байдаггүй	бөгөөд	0.085366
байдаггүй	тул	0.073171
байдаггүй	байна	0.073171
байдаггүй	ба	0.048780
байдаггүй	юм	0.048780
байдаггүй	нь	0.036585
байдаггүй	ажээ	0.036585
байдлыг	хангах	0.086420
байдлыг	бий	0.071605
байдлыг	нь	0.037037
байдлыг	хангаж	0.022222
байдлыг	харгалзан	0.022222
байдлыг	хангадаг	0.017284
байдлыг	ашиглан	0.017284
байдлыг	улам	0.014815
байдлыг	судлах	0.012346
байдлыг	үүсгэсэн	0.012346
байдлыг	хангахын	0.012346
байдлыг	нэмэгдүүлж	0.009877
байдлыг	хадгалах	0.009877
байдлыг	хянаж	0.009877
байдлыг	нэмэгдүүлэх	0.009877
байдлыг	илэрхийлж	0.009877
байдлыг	тодорхойлж	0.009877
байдлыг	хангахад	0.009877
байдлыг	хамгаалах	0.009877
байдлыг	сайжруулах	0.009877
байдлыг	хэлнэ	0.009877
байдлыг	хүлээн	0.009877
байдлыг	илүү	0.007407
байдлыг	сайжруулдаг	0.007407
байдлыг	хангасан	0.007407
байдлыг	илэрхийлдэг	0.007407
байдлыг	шалгах	0.007407
байдлыг	авч	0.007407
байдлыг	өөрчлөх	0.007407
байдлыг	тогтоох	0.007407
байдлыг	яаж	0.007407
байдлыг	харуулж	0.007407
байдлыг	бүрэн	0.007407
байж	болно	0.257403
байж	болох	0.226651
байж	магадгүй	0.070615
байж	болдог	0.034169
байж	байгаад	0.031891
байж	болзошгүй	0.023918
байж	болохгүй	0.022779
байж	л	0.018223
байж	болохыг	0.011390
байж	чадахгүй	0.011390
байж	ч	0.011390
байж	чадна	0.009112
байж	чаддаггүй	0.009112
байж	чаддаг	0.006834
байж	мэднэ	0.006834
байж	энэ	0.004556
байж	сая	0.004556
байж	байдаг	0.004556
байж	бас	0.004556
байж	мэдэх	0.004556
байж	түүний	0.003417
байж	үл	0.003417
байж	гэнэ	0.003417
байж	чадаагүй	0.003417
байж	бие	0.003417
байж	байна	0.003417
байж	олон	0.003417
байж	таарна	0.003417
байж	тэдний	0.003417
байлдаанд	бэлтгэж	0.050847
байлдаж	байсан	0.184615
байлдаж	байв	0.046154
байлдаж	эхэлсэн	0.046154
байлдсан	боловч	0.214286
байлдсан	байна	0.214286
байлдсан	ч	0.142857
байлдсан	юм	0.107143
байнга	л	0.030675
байнга	тогтмол	0.018405
байнга	өөрчлөгдөж	0.018405
байнга	гарч	0.018405
байрлуулах	хэрэгтэй	0.108108
байршил	нь	0.103448
байршил	болон	0.086207
байршлын	хувьд	0.285714
байт	код	0.097561
байт	нь	0.097561
байт	болон	0.073171
байт	санах	0.073171
байх	ёстой	0.134126
байх	ба	0.109508
байх	нь	0.082767
байх	бөгөөд	0.066214
байх	үед	0.051783
байх	болно	0.033531
байх	хэрэгтэй	0.032258
байх	шаардлагатай	0.024194
байх	магадлалтай	0.021647
байх	юм	0.020798
байх	үедээ	0.020798
байх	боломжтой	0.019949
байх	хугацаандаа	0.017827
байх	гэж	0.011036
байх	боловч	0.008065
байх	гэсэн	0.008065
байх	учир	0.007216
байх	ажээ	0.007216
байх	тусам	0.006367
байх	хугацаанд	0.005942
байх	тохиолдол	0.005942
байх	зэрэг	0.005518
байх	тохиолдолд	0.004244
байх	тул	0.004244
байх	тэр	0.004244
байх	ч	0.004244
байх	аж	0.004244
байх	магадлал	0.004244
байх	явдал	0.004244
байх	байсан	0.004244
байх	албагүй	0.003820
байх	талтай	0.003820
байх	үүднээс	0.003820
байх	тухай	0.003820
байх	шаардлагагүй	0.003820
байх	агаад	0.003396
байх	үеийн	0.003396
байх	энэ	0.002971
байх	явцдаа	0.002971
байх	явцад	0.002971
байхаар	тогтсон	0.064516
байхаар	тохируулсан	0.043011
байхаар	болсон	0.043011
байхаар	тохируулах	0.032258
байхаар	бүтээгдсэн	0.032258
байхаар	тооцож	0.032258
байхад	нь	0.170149
байхад	зарим	0.041791
байхад	нөгөө	0.035821
байхад	харин	0.023881
байхад	эцэг	0.014925
байхад	түүний	0.014925
байхад	бусад	0.011940
байхад	аав	0.011940
байхад	эх	0.011940
байхад	ч	0.011940
байхад	л	0.011940
байхад	тэрээр	0.011940
байхад	онд	0.011940
байхад	нэг	0.008955
байхад	хүртэл	0.008955
байхад	монголын	0.008955
байхад	чи	0.008955
байхад	ээж	0.008955
байхад	монгол	0.008955
байхад	тэр	0.008955
байхад	дараагийн	0.008955
байшин	барилга	0.119403
байшин	барилгын	0.089552
байшин	нь	0.089552
байшин	руу	0.059701
балгас	гэдэг	0.096774
банк	нь	0.133333
банк	санхүүгийн	0.075000
банк	хоорондын	0.050000
банк	зэрэг	0.033333
банк	мөнгөний	0.033333
банк	бус	0.033333
банк	зг	0.025000
банк	юм	0.025000
банк	руу	0.025000
банк	олон	0.025000
бараг	бүх	0.205333
бараг	л	0.106667
бараг	байхгүй	0.074667
бараг	ижил	0.026667
бараг	үгүй	0.024000
бараг	жил	0.018667
бараг	тал	0.018667
бараг	байдаггүй	0.016000
бараг	дахин	0.016000
бараг	хоёр	0.013333
бараг	адил	0.013333
бараг	жилийн	0.010667
бараг	ихэнх	0.010667
бараг	хагас	0.010667
бараг	нэгэн	0.010667
бараг	боломжгүй	0.010667
бараг	байгаагүй	0.008000
бараг	зуун	0.008000
бараг	бүтэн	0.008000
бараг	бүгдээрээ	0.008000
бараг	бүхэлдээ	0.008000
баригдаж	байсан	0.093023
баригдаж	дууссан	0.093023
баригдаж	байгаа	0.069767
баригч	нам	0.103448
барилгын	материал	0.071661
барилгын	материалын	0.042345
барилгын	инженер	0.039088
барилгын	ажил	0.029316
барилгын	ажлыг	0.029316
барилгын	салбарт	0.019544
барилгын	инженерүүд	0.019544
барилгын	дотор	0.016287
барилгын	үйл	0.016287
барилгын	дотоод	0.013029
барилгын	инженерийн	0.013029
барилгын	гадна	0.013029
барилгын	модон	0.013029
барилгын	салбарын	0.013029
барилгын	түүхийн	0.013029
барилгын	зураг	0.013029
барилгын	хэв	0.009772
барилгын	ажилчид	0.009772
барилгын	загварыг	0.009772
барилгын	судалгаа	0.009772
барилгын	техник	0.009772
барилгын	төлөвлөлт	0.009772
барилгын	эрх	0.009772
барилгын	чимэглэл	0.009772
барилгын	хийц	0.009772
барилдааны	кг	0.156250
барилдааны	шагнал	0.093750
баримал	уран	0.111111
баримталдаг	байсан	0.120000
баримтууд	нь	0.230769
баримтууд	байдаг	0.115385
баруун	зүүн	0.057252
баруун	хойд	0.055344
баруун	тийш	0.040076
баруун	өмнөд	0.036260
баруун	зүгт	0.031489
баруун	гарын	0.031489
баруун	талд	0.026718
баруун	талын	0.024809
баруун	урд	0.024809
баруун	монголын	0.021947
баруун	хэсэгт	0.020038
баруун	гар	0.020038
баруун	европын	0.018130
баруун	болон	0.017176
баруун	өмнө	0.014313
баруун	талаас	0.013359
баруун	хойт	0.012405
баруун	талаараа	0.012405
баруун	хэсэг	0.012405
баруун	эрэгт	0.012405
баруун	эрэг	0.011450
баруун	талдаа	0.011450
баруун	замын	0.011450
баруун	зүгийн	0.011450
баруун	талаар	0.010496
баруун	хэсгээр	0.009542
баруун	монгол	0.009542
баруун	хойноос	0.009542
баруун	хязгаарын	0.009542
баруун	тал	0.008588
баруун	фронтын	0.008588
баруун	хэсгийн	0.008588
баруун	гурван	0.007634
баруун	хойш	0.007634
баруун	хил	0.007634
баруун	хязгаарыг	0.007634
баруун	ба	0.006679
баруун	европт	0.006679
баруун	зүг	0.006679
баруун	жигүүрийн	0.006679
барууны	орнуудын	0.158537
барууны	орнууд	0.073171
барууны	соёл	0.060976
барууны	орнуудад	0.048780
барууны	болон	0.048780
барууны	ертөнцөд	0.036585
барууны	сэтгүүл	0.036585
барууны	хэвлэл	0.036585
басс	гитар	0.666667
басс	гитарчин	0.266667
баталгаажсан	үнэт	0.150000
баталгаажуулалт	нь	0.266667
баталгаажуулалт	болон	0.200000
баталгаажуулах	зорилгоор	0.068182
баттай	баримт	0.100000
баялаг	ихтэй	0.045455
баялаг	нь	0.045455
баялаг	бөгөөд	0.045455
баялаг	юм	0.045455
баялаг	болох	0.027273
баялаг	билээ	0.027273
баялаг	түүхтэй	0.027273
баянхонгор	аймгийн	0.567568
баянхонгор	аймагт	0.081081
баяр	наадамд	0.190789
баяр	наадмын	0.138158
баяр	наадам	0.131579
баяр	ёслол	0.059211
баяр	нь	0.052632
баяр	ёслолын	0.032895
баяр	болгон	0.019737
бид	энэ	0.043084
бид	хоёр	0.036281
бид	одоо	0.018141
бид	нар	0.015873
бид	хэзээ	0.011338
бид	зөвхөн	0.011338
бид	шинэ	0.011338
бид	аль	0.011338
бид	монгол	0.009070
бид	эхлээд	0.009070
бид	бүхэн	0.009070
бид	олон	0.009070
бид	тэднийг	0.009070
бид	үүнийг	0.009070
бид	энэхүү	0.009070
бид	нэг	0.009070
бид	мэднэ	0.009070
бид	хүн	0.006803
бид	юу	0.006803
бид	дэлхийн	0.006803
бид	өөрсдийн	0.006803
бид	хэрхэн	0.006803
бид	цаашид	0.006803
бид	шаардлагатай	0.006803
бид	мэдэх	0.006803
бид	шууд	0.006803
бид	тухайн	0.006803
бид	бүгдийн	0.006803
бид	их	0.006803
бид	ямар	0.006803
бид	ийм	0.006803
бид	өөрийн	0.006803
бид	өмнө	0.006803
бидэнд	байгаа	0.035714
биеийг	нь	0.210526
биетийг	дүрслэх	0.136364
бизнес	аж	0.105882
бизнес	эрхлэгч	0.082353
бизнес	эрхлэх	0.070588
бизнес	болон	0.047059
бизнес	удирдлагын	0.035294
бизнес	эрхэлдэг	0.035294
бизнесийн	үйл	0.100629
бизнесийн	сэтгүүл	0.037736
бизнесийн	байгууллагууд	0.031447
бизнесийн	зах	0.031447
бизнесийн	удирдлагын	0.031447
бизнесийн	удирдлага	0.025157
бизнесийн	сургууль	0.025157
бизнесийн	загвар	0.025157
бизнесийн	олон	0.018868
бизнесийн	үнэ	0.018868
бизнесийн	зардлыг	0.018868
бизнесийн	тойм	0.018868
билэг	тэмдэг	0.500000
билэг	нь	0.107143
био	хийн	0.333333
био	хийг	0.250000
бичгийг	хэрэглэж	0.069444
бичигдэж	байсан	0.153846
бичигдэж	байв	0.107692
бичигдэж	байжээ	0.076923
бичигдэж	байна	0.076923
бичигдэж	чадсан	0.046154
бичигдэж	үлдсэн	0.046154
бичигдэж	дууссан	0.046154
бичиж	байсан	0.054839
бичиж	байжээ	0.054839
бичиж	байв	0.048387
бичиж	болно	0.048387
бичиж	эхэлсэн	0.045161
бичиж	үлдээсэн	0.038710
бичиж	үлдээжээ	0.029032
бичиж	байна	0.029032
бичиж	байгаа	0.025806
бичиж	байлаа	0.022581
бичиж	байх	0.019355
бичиж	хэвлүүлсэн	0.016129
бичиж	дуусгасан	0.016129
бичиж	чаддаг	0.012903
бичиж	олон	0.009677
бичиж	болдог	0.009677
бичиж	байхдаа	0.009677
бичиж	байгаагүй	0.009677
бичиж	туурвисан	0.009677
бичиж	өгнө	0.009677
бичиж	байж	0.009677
бичиж	өгдөг	0.009677
бичиж	тэмдэглэсэн	0.009677
бичиж	эхэлжээ	0.009677
бичих	нь	0.060440
бичих	үйл	0.049451
бичих	боломжтой	0.043956
бичих	болсон	0.043956
бичих	үйлдэл	0.032967
бичих	юм	0.021978
бичих	үйлдлийг	0.021978
бичих	ёстой	0.016484
бичих	шаардлагатай	0.016484
бичих	эсвэл	0.016484
бичих	гэх	0.016484
бичих	болон	0.016484
бичих	ба	0.016484
бичих	үед	0.016484
бичих	хэрэгтэй	0.016484
бичмэл	нь	0.178571
бичмэл	болон	0.107143
бичээс	нь	0.181818
бичээс	байдаг	0.090909
бичээс	бий	0.090909
блок	нь	0.135135
блок	дээр	0.054054
блок	д	0.040541
бнмау	ын	0.735294
бнмау	д	0.083333
бнмау	ыг	0.029412
бнмау	зху	0.029412
бнмау	аас	0.024510
бнхау	ын	0.593220
бнхау	д	0.101695
бнхау	тай	0.033898
бнхау	оху	0.033898
бнхау	нь	0.025424
бнхау	болон	0.025424
богд	хааны	0.227273
богд	хаант	0.198347
богд	хаан	0.074380
богд	хан	0.057851
богд	уул	0.045455
богд	жавзандамба	0.041322
богд	гэгээн	0.033058
богд	хааныг	0.028926
богд	уулын	0.020661
богд	хаанд	0.016529
богд	чингис	0.016529
богд	хаантай	0.016529
богд	нь	0.012397
бодисууд	нь	0.193548
бодисууд	болон	0.129032
бодисын	солилцооны	0.227848
бодисын	солилцоо	0.126582
бодисын	арын	0.037975
бодлоо	илэрхийлэх	0.173913
бодолтой	байсан	0.111111
бодолтой	нь	0.083333
бодолтой	байна	0.083333
болгоны	хувьд	0.130435
болгохын	тулд	0.847826
болгохын	зэрэгцээ	0.065217
болно	гэж	0.263323
болно	гэсэн	0.150470
болно	хэмээн	0.053292
болно	гэдгийг	0.050157
болно	гэжээ	0.043887
болно	эсвэл	0.034483
болно	гэдэг	0.021944
болно	гэхдээ	0.018809
болно	хэмээжээ	0.018809
болно	харин	0.015674
болно	үүнд	0.012539
болно	гэдэгт	0.012539
болно	гэдгээ	0.009404
болно	энэ	0.009404
болно	шүү	0.009404
болно	гэх	0.009404
болно	гэхэд	0.009404
болно	яг	0.009404
боловсруулан	гаргасан	0.130435
боловсруулж	байна	0.058140
боловсруулж	болно	0.046512
боловсруулж	эхэлсэн	0.034884
боловсруулж	чаддаг	0.034884
боловсруулж	буй	0.034884
боломж	олгодог	0.162544
боломж	бий	0.056537
боломж	олгож	0.045936
боломж	олгох	0.045936
боломж	нь	0.045936
боломж	бүхий	0.038869
боломж	олгоно	0.035336
боломж	олгосон	0.024735
боломж	юм	0.021201
боломж	байсан	0.017668
боломж	бүрдсэн	0.017668
боломж	байна	0.014134
боломж	нээгдсэн	0.014134
боломж	байдаг	0.014134
боломж	байхгүй	0.014134
боломж	олгожээ	0.014134
боломж	байгааг	0.010601
боломж	өндөр	0.010601
боломж	олдсон	0.010601
боломж	гарч	0.010601
боломж	бүрдэж	0.010601
боломж	их	0.010601
боломжийг	олгодог	0.425676
боломжийг	олгож	0.054054
боломжийг	олгосон	0.033784
боломжийг	бий	0.033784
боломжийг	нээж	0.027027
боломжийг	олгох	0.023649
боломжийг	олгоно	0.020270
боломжийг	ашиглан	0.016892
боломжийг	бүрдүүлдэг	0.013514
боломжийг	бүрдүүлж	0.013514
боломжийг	олгожээ	0.010135
боломжийг	олж	0.010135
боломжийг	нь	0.010135
боломжийг	хангаж	0.010135
боломжийн	талаар	0.085714
боломжит	бүх	0.122449
боломжит	алгоритм	0.061224
боломжоор	хангадаг	0.333333
боломжоор	хангагдсан	0.190476
боломжоор	хангах	0.142857
болох	юм	0.129542
болох	нь	0.066351
болох	ба	0.046340
болох	бөгөөд	0.039494
болох	ч	0.021064
болох	боловч	0.016324
болох	тул	0.012638
болох	талтай	0.011585
болох	байсан	0.010005
болох	үед	0.009479
болох	талаар	0.007899
болох	олон	0.007899
болох	гэж	0.007372
болох	тухай	0.007372
болох	хүртэл	0.006846
болох	болно	0.006846
болох	их	0.005266
болох	хамгийн	0.005266
болох	the	0.005266
болох	ёстой	0.004739
болох	учир	0.004213
болох	билээ	0.004213
болох	гараагаа	0.004213
болох	бага	0.004213
болох	нэг	0.003686
болох	a	0.003686
болох	вэ	0.003686
болох	үйл	0.003686
болох	газар	0.003686
болох	учраас	0.003686
болох	тус	0.003160
болох	бүх	0.003160
болох	байв	0.003160
болох	ажээ	0.003160
болох	магадлалтай	0.003160
болох	зэрэг	0.002633
болох	windows	0.002633
болох	магадлал	0.002633
болох	хүсэлтэй	0.002633
болох	хүн	0.002633
болохоо	харуулсан	0.190476
болохын	тулд	0.280000
болохын	хувьд	0.160000
болохын	сацуу	0.060000
болохын	өмнө	0.060000
болохын	хамт	0.060000
болохын	зэрэгцээ	0.060000
болсноос	хойш	0.534483
болсноос	гадна	0.120690
больсон	байна	0.121212
больсон	бөгөөд	0.121212
боол	болгож	0.125000
боолт	хийх	0.166667
борлуулалттай	цомог	0.217391
борлуулалттай	уран	0.173913
борлуулалттай	цомгийн	0.130435
борлуулалттай	байсан	0.130435
бороо	орж	0.097561
бороо	хур	0.097561
бороо	орох	0.073171
бороо	нь	0.073171
борооны	ус	0.218750
борооны	улирал	0.156250
борооны	хүн	0.093750
борооны	дараа	0.093750
бослогын	үеэр	0.117647
бослогын	үед	0.088235
бослогын	нэг	0.088235
бослогын	төв	0.088235
брахман	нь	0.312500
брахман	бол	0.187500
брэнд	бүтээгдэхүүн	0.114286
будаа	тариалан	0.120000
буйгаа	илэрхийлсэн	0.210526
булаан	авч	0.363636
булаан	авах	0.136364
булаан	эзлэх	0.090909
булаан	авчээ	0.068182
булаан	авсан	0.068182
булган	аймгийн	0.361702
булган	сумын	0.085106
булган	голын	0.042553
булган	сум	0.042553
булчин	гэж	0.114286
булчин	нь	0.114286
бурхан	багшийн	0.089172
бурхан	гэж	0.044586
бурхан	будда	0.044586
бурхан	нь	0.038217
бурхан	тахил	0.031847
бурхан	багш	0.031847
бурхан	шашны	0.031847
бурхан	байсан	0.025478
бурхан	бол	0.025478
бурхан	хэмээн	0.025478
бурхан	гэсэн	0.025478
бурхан	байдаг	0.025478
бурхан	мэт	0.019108
бурхан	шүтээн	0.019108
бурхан	юм	0.019108
бусад	бүх	0.045455
бусад	нь	0.035511
бусад	олон	0.034091
бусад	улс	0.019176
бусад	төрлийн	0.012784
бусад	үед	0.012784
бусад	хэсэг	0.009233
бусад	орны	0.008523
бусад	тохиолдолд	0.007102
бусад	хүмүүсийн	0.007102
бусад	монгол	0.007102
бусад	орнуудад	0.007102
бусад	гишүүд	0.007102
бусад	хүмүүс	0.007102
бусад	үйлдлийн	0.006392
бусад	хүчин	0.006392
бусад	зарим	0.005682
бусад	төрөл	0.005682
бусад	арга	0.005682
бусад	үйл	0.005682
бусад	газар	0.004972
бусад	эд	0.004972
бусад	орнуудын	0.004972
бусад	зүйлийн	0.004972
бусад	програм	0.004972
бусад	улсын	0.004261
бусад	жижиг	0.004261
бусад	эх	0.004261
бусад	орнууд	0.004261
бусад	гурван	0.004261
бусад	ихэнх	0.004261
бусад	салбарын	0.004261
бусад	хэд	0.004261
бусад	үндэстний	0.004261
бусад	зүйлсийг	0.003551
бусад	амьд	0.003551
бусад	улсад	0.003551
бусад	аж	0.003551
бусад	улсуудтай	0.003551
бусад	шалтгаанаар	0.003551
буу	нь	0.060000
буу	танк	0.050000
буу	зэвсэг	0.050000
буу	зэвсгийн	0.040000
буу	зэвсгийг	0.040000
буу	хэрэглэж	0.030000
буудан	алах	0.346154
буудан	хороож	0.192308
буудан	хороосон	0.192308
буудан	алсан	0.115385
буух	үед	0.142857
буха	ноён	0.235294
буха	жанжин	0.176471
буха	ноёны	0.176471
буцааж	авсан	0.074074
буцаж	ирээд	0.152542
буцаж	ирсэн	0.118644
буцаж	ирэхэд	0.076271
буцаж	иржээ	0.067797
буцаж	ирэх	0.050847
буцаж	ирэв	0.042373
буцаж	ирнэ	0.033898
буцаж	явсан	0.025424
буцаж	ирдэг	0.025424
буцан	ирж	0.342857
буцах	замдаа	0.352941
бэлгэ	тэмдэг	0.600000
бэлгэ	тэмдгийн	0.200000
бэлтгэлийн	үеэр	0.173913
бэрх	хан	0.056604
бэрх	юм	0.056604
бээжин	дэх	0.117647
бээжин	рүү	0.117647
бээжин	хотноо	0.098039
бээжин	хотын	0.098039
бээжин	хотод	0.078431
бээжин	хот	0.078431
бээжин	хотыг	0.058824
бүгдийг	нь	0.435897
бүдүүн	гэдэсний	0.204082
бүдүүн	нарийн	0.102041
бүдүүн	гэдэс	0.081633
бүжгийн	дунд	0.084507
бүжгийн	спортын	0.070423
бүжгийн	хөгжим	0.042254
бүжгийн	чуулга	0.042254
бүлгүүд	нь	0.178571
бүлэгт	хуваадаг	0.107143
бүлэгт	багтдаг	0.089286
бүлэгт	багтах	0.053571
бүлэгт	хүүхэд	0.053571
бүлэгт	хуваагддаг	0.035714
бүлэгт	багтана	0.035714
бүлэгт	хамаарах	0.035714
бүлэгт	хамаардаг	0.026786
бүлэгт	багтаж	0.026786
бүлэгт	хувааж	0.026786
бүр	нь	0.130000
бүр	өөрийн	0.036667
бүр	дээр	0.024444
бүр	нэг	0.024444
бүр	өөр	0.023333
бүр	мөсөн	0.020000
бүр	ч	0.017778
бүр	байдаг	0.015556
бүр	хоёр	0.013333
бүр	сая	0.012222
бүр	байна	0.012222
бүр	зохион	0.011111
бүр	их	0.010000
бүр	онд	0.010000
бүр	эрт	0.007778
бүр	уламжлал	0.006667
бүр	олон	0.005556
бүр	нэмэгдэж	0.005556
бүр	илүү	0.005556
бүр	тэрбум	0.004444
бүр	өөрсдийн	0.004444
бүр	болдог	0.004444
бүр	р	0.004444
бүр	шинэ	0.004444
бүр	хэдэн	0.004444
бүр	гаргадаг	0.004444
бүр	байх	0.004444
бүр	хожим	0.004444
бүр	зохиогддог	0.004444
бүр	тодорхой	0.004444
бүр	өмнө	0.004444
бүр	гаруй	0.004444
бүр	жингийн	0.004444
бүр	дэлхийн	0.004444
бүр	ану	0.004444
бүр	нэгэн	0.004444
бүр	л	0.004444
бүр	гурван	0.003333
бүр	оноос	0.003333
бүр	бүх	0.003333
бүрд	нь	0.090909
бүрд	харилцан	0.060606
бүрд	өөр	0.045455
бүрдэж	байв	0.342105
бүрдэж	байсан	0.184211
бүрдэж	байжээ	0.105263
бүрдэж	байгаа	0.078947
бүрдэл	хэсэг	0.200000
бүрдэл	хэсгүүдийг	0.075000
бүрдүүлж	байна	0.180723
бүрдүүлж	байв	0.096386
бүрдүүлж	байгаа	0.060241
бүрдүүлж	байдаг	0.048193
бүрдүүлж	өгсөн	0.048193
бүрдүүлж	өгдөг	0.048193
бүрдүүлж	байсан	0.036145
бүрдүүлж	буй	0.036145
бүрдүүлэх	боломжтой	0.093023
бүрдүүлэх	нь	0.069767
бүрийн	арга	0.029455
бүрийн	хувьд	0.016200
бүрийн	хэлбэр	0.014728
бүрийн	мэдээллийн	0.010309
бүрийн	аргаар	0.010309
бүрийн	олон	0.008837
бүрийн	эх	0.008837
бүрийн	өгөгдлийн	0.007364
бүрийн	хэлбэрээр	0.007364
бүрийн	улс	0.007364
бүрийн	орчинд	0.007364
бүрийн	жимс	0.007364
бүрийн	үзэл	0.007364
бүрийн	үйл	0.005891
бүрийн	зорилгоор	0.005891
бүрийн	өнгө	0.005891
бүрийн	аюулгүй	0.005891
бүрийн	хэмжээтэй	0.005891
бүрийн	шалтгаанаар	0.005891
бүрийн	хувийн	0.005891
бүрийн	өнгөтэй	0.005891
бүрийн	хүчин	0.005891
бүрийн	түвшинд	0.004418
бүрийн	чиглэлтэй	0.004418
бүрийн	төлөө	0.004418
бүрийн	нөхцөлд	0.004418
бүрийн	зориулалтаар	0.004418
бүрийн	мэдээллийг	0.004418
бүрийн	хөдөлгөөнийг	0.004418
бүрийн	амьтны	0.004418
бүрийн	байдлаар	0.004418
бүрийн	аргуудыг	0.004418
бүрийн	хорхой	0.004418
бүрийн	урттай	0.004418
бүрийн	давхаргын	0.004418
бүрийн	р	0.004418
бүрийн	мэдээлэл	0.004418
бүрийн	үнэ	0.004418
бүрийн	нууц	0.004418
бүрийн	цагаан	0.004418
бүрт	нь	0.069182
бүрт	өөр	0.069182
бүрт	нэг	0.062893
бүрт	харилцан	0.025157
бүрт	өөрийн	0.018868
бүрт	салбар	0.018868
бүрхэгдсэн	байдаг	0.218750
бүрхэгдсэн	байх	0.125000
бүрхэгдсэн	байна	0.125000
бүрэн	эрхт	0.067524
бүрэн	бүтэн	0.057878
бүрэн	хэмжээний	0.049839
бүрэн	дүүрэн	0.043408
бүрэн	дунд	0.036977
бүрэн	эрх	0.028939
бүрэн	бус	0.028939
бүрэн	боломжтой	0.027331
бүрэн	төгс	0.022508
бүрэн	гүйцэд	0.020900
бүрэн	эрхийн	0.019293
бүрэн	эрхийг	0.012862
бүрэн	эрхтэй	0.011254
бүрэн	тусгаар	0.011254
бүрэн	автомат	0.008039
бүрэн	хангах	0.008039
бүрэн	хангагдсан	0.008039
бүрэн	хангаж	0.008039
бүрэн	эрхээ	0.008039
бүрэн	дэмжих	0.006431
бүрэн	итгэж	0.006431
бүрэн	зөв	0.006431
бүрэн	хүлээн	0.006431
бүрэн	ажил	0.004823
бүрэн	биш	0.004823
бүрэн	мэдээллийн	0.004823
бүрэн	сэргээх	0.004823
бүрэн	эзлэн	0.004823
бүрэн	хянах	0.004823
бүрэн	боловсорсон	0.004823
бүрэн	боломж	0.004823
бүрэн	хангамжтай	0.004823
бүрэн	хамааралтай	0.004823
бүрэн	хэмжээгээр	0.004823
бүс	нутагт	0.186480
бүс	нутгийн	0.179487
бүс	нутаг	0.142191
бүс	нь	0.062937
бүс	нутгийг	0.037296
бүс	нутагтаа	0.025641
бүс	буюу	0.020979
бүс	болон	0.018648
бүс	юм	0.016317
бүс	нутгаар	0.016317
бүс	нутгаас	0.016317
бүс	нутгуудад	0.011655
бүс	дэх	0.011655
бүс	нутгийнхаа	0.009324
бүс	болох	0.006993
бүс	дүрсэлсэн	0.006993
бүс	ба	0.006993
бүс	байдаг	0.006993
бүс	гэж	0.006993
бүс	бөгөөд	0.006993
бүст	орших	0.146341
бүст	хамаарна	0.146341
бүст	багтдаг	0.121951
бүст	багтах	0.121951
бүст	хамаардаг	0.073171
бүтэц	нь	0.234375
бүтэц	зохион	0.112500
бүтэц	болон	0.043750
бүтэц	ба	0.028125
бүтэц	бүхий	0.025000
бүтэц	юм	0.021875
бүтэц	бөгөөд	0.015625
бүтэц	үйл	0.015625
бүтэц	зэрэг	0.012500
бүтэц	сайн	0.009375
бүтэц	харьцангуй	0.009375
бүтэц	байгуулалт	0.009375
бүтэц	огторгуй	0.009375
бүтэц	өндөр	0.009375
бүтэц	шинж	0.009375
бүтэц	гэдэг	0.009375
бүтэц	хөгжлийн	0.009375
бүтэц	рүү	0.009375
бүтэц	бүрэлдэхүүн	0.009375
бүтээж	байсан	0.103774
бүтээж	байгаа	0.084906
бүтээж	эхэлсэн	0.047170
бүтээж	чадахгүй	0.037736
бүтээж	болно	0.037736
бүтээж	улмаар	0.028302
бүтээж	чаддаг	0.028302
бүтээж	байжээ	0.028302
бүтээлч	юм	0.108108
бүтээлч	байв	0.054054
бүтээлч	бөгөөд	0.054054
бүтээлч	байжээ	0.040541
бүтээн	байгуулалтын	0.265306
бүтээн	байгуулалт	0.122449
бүтээн	байгуулах	0.102041
бүтээн	байгуулалтыг	0.081633
бүтээн	байгуулж	0.061224
бүтээх	нь	0.062500
бүтээх	боломжтой	0.053571
бүтээх	үйл	0.044643
бүтээх	ажил	0.044643
бүтээх	ажлыг	0.035714
бүтээх	гэж	0.026786
бүхий	л	0.182462
бүхий	газар	0.010629
бүхий	олон	0.010629
бүхий	хоёр	0.008857
бүхий	хүмүүс	0.007086
бүхий	усан	0.007086
бүхий	уран	0.005314
бүхий	дөрвөн	0.005314
бүхий	улс	0.005314
бүхий	хүний	0.004429
бүхий	мэдээлэл	0.004429
бүхий	машин	0.004429
бүхий	энэ	0.004429
бүхий	гаруй	0.004429
бүхий	томоохон	0.004429
бүхий	том	0.004429
бүхий	хэрэглэгч	0.003543
бүхий	бүх	0.003543
бүхий	орон	0.003543
бүхий	хэсэг	0.003543
бүхий	компьютерийн	0.003543
бүхий	хүн	0.003543
бүхий	тус	0.003543
бүхий	эд	0.003543
бүхий	бүс	0.003543
бүхий	эдийн	0.003543
бүхий	төрийн	0.003543
бүхий	цэргийн	0.003543
бүхий	хүмүүсийн	0.003543
бүхий	ой	0.003543
бүхий	засгийн	0.003543
бүхий	суурин	0.002657
бүхий	програм	0.002657
бүхий	кабель	0.002657
бүхий	байгалийн	0.002657
бүхий	байгууллага	0.002657
бүхий	суурь	0.002657
бүхий	уулын	0.002657
бүхий	төмөр	0.002657
бүхий	хувцас	0.002657
бүхний	мэдэх	0.097561
бүхний	дараа	0.097561
бүхний	үр	0.097561
бүхний	дараагаар	0.073171
бүхнийг	эхнээс	0.053571
бүхнийг	фронтод	0.053571
бүхэл	бүтэн	0.394958
бүхэл	тоон	0.084034
бүхэл	тоо	0.075630
бүхэл	тооны	0.050420
бүхэл	тоог	0.033613
бүхэл	мах	0.025210
бүхэлдээ	өөрчлөгддөг	0.051724
бөгөөд	энэ	0.079482
бөгөөд	онд	0.023377
бөгөөд	түүний	0.019601
бөгөөд	оны	0.017443
бөгөөд	тэр	0.013307
бөгөөд	хамгийн	0.010430
бөгөөд	үүнийг	0.010430
бөгөөд	түүнийг	0.010430
бөгөөд	тухайн	0.008272
бөгөөд	тэрээр	0.008092
бөгөөд	үүнээс	0.007912
бөгөөд	эдгээр	0.007732
бөгөөд	энэхүү	0.007732
бөгөөд	харин	0.007553
бөгөөд	тус	0.007553
бөгөөд	уг	0.007373
бөгөөд	тэд	0.007373
бөгөөд	зарим	0.007013
бөгөөд	мөн	0.007013
бөгөөд	нэг	0.007013
бөгөөд	нийт	0.006294
бөгөөд	зөвхөн	0.005754
бөгөөд	монгол	0.005754
бөгөөд	тэдний	0.005575
бөгөөд	үүний	0.005395
бөгөөд	одоо	0.005395
бөгөөд	их	0.005395
бөгөөд	олон	0.005215
бөгөөд	үүнд	0.005035
бөгөөд	тэдгээр	0.004496
бөгөөд	дэлхийн	0.004316
бөгөөд	гол	0.004136
бөгөөд	ингэснээр	0.003956
бөгөөд	өдгөө	0.003956
бөгөөд	ихэнх	0.003956
бөгөөд	хоёр	0.003776
бөгөөд	бүх	0.003776
бөгөөд	түүнээс	0.003776
бөгөөд	анхны	0.003776
бөгөөд	түүнд	0.003776
бөмбөгийн	холбоо	0.076923
бөмбөгийн	багт	0.061538
бөмбөгийн	холбооны	0.061538
бөмбөгийн	шигшээ	0.046154
бөмбөгийн	алдрын	0.046154
бөмбөгийн	лиг	0.046154
бөмбөгийн	дэлхийн	0.046154
бөмбөгийн	спортын	0.046154
бөмбөлөг	хэлбэртэй	0.318182
бөртэ	хамтлагийн	0.250000
бөртэ	чоно	0.187500
бөхийн	өргөөнд	0.133333
бөхийн	барилдаан	0.108333
бөхийн	дэлхийн	0.050000
бөхийн	улсын	0.041667
бөхийн	холбоо	0.033333
бөхийн	барилдаанд	0.033333
бөхийн	спортын	0.033333
бөхийн	барилдааны	0.033333
бөхийн	багш	0.025000
бөхийн	анхны	0.025000
бөхийн	чөлөөт	0.025000
бөхийн	удам	0.025000
бөхийн	төрлөөр	0.025000
в	и	0.105263
в	эс	0.087719
в	с	0.058480
в	эсийн	0.046784
в	путин	0.046784
в	ийн	0.046784
в	в	0.040936
в	а	0.035088
в	вирус	0.035088
в	вирусийн	0.029240
в	эсийг	0.029240
в	сталин	0.023392
в	н	0.023392
в	г	0.017544
ван	нь	0.046875
ван	хан	0.031250
ван	цол	0.027344
ван	болон	0.027344
ван	гүн	0.015625
ван	бол	0.015625
ван	дараа	0.015625
ван	болж	0.015625
ван	цолыг	0.015625
ван	хэмээн	0.015625
ван	өөрийн	0.011719
ван	ман	0.011719
ван	ханы	0.011719
ван	г	0.011719
ван	гэнэ	0.011719
ван	буюу	0.011719
ван	байсан	0.011719
вангийн	хошуу	0.206349
вангийн	хошууны	0.150794
вангийн	хошуунд	0.039683
вангийн	үед	0.031746
вангийн	цэрэгт	0.023810
вангийн	хэргэм	0.023810
вант	улсын	0.444444
вант	улс	0.271605
вант	улсууд	0.061728
вант	улсуудын	0.049383
вант	улсад	0.049383
вант	улсыг	0.037037
вант	улстай	0.037037
вашингтон	мужийн	0.153846
венийн	судасны	0.250000
виртуал	хаягийн	0.164384
виртуал	машин	0.095890
виртуал	санах	0.095890
виртуал	бодит	0.068493
виртуал	хүснэгт	0.054795
виртуал	машины	0.041096
виртуаль	машины	0.216216
виртуаль	санах	0.108108
виртуаль	машин	0.081081
вирусын	эсрэг	0.194444
вирусын	халдвар	0.166667
вирусын	халдварын	0.083333
витамин	нь	0.142857
витамин	а	0.114286
витамин	в	0.114286
витамин	д	0.114286
витамин	е	0.085714
вьетнамын	тал	0.086957
вьетнамын	дайны	0.065217
вьетнамын	дайн	0.065217
гавъяат	тамирчин	0.315789
гавъяат	зүтгэлтэн	0.315789
гавъяат	жүжигчин	0.157895
гавьяа	байгуулсан	0.444444
гавьяа	зүтгэл	0.111111
гавьяа	байгуулж	0.111111
гадарга	дээр	0.266667
гадарга	нь	0.177778
гадарга	дээрх	0.066667
гадны	хүчин	0.056180
гадны	улсуудын	0.044944
гадны	жуулчдын	0.033708
гадны	санах	0.033708
гадны	хөрөнгө	0.033708
гадны	биет	0.033708
гадны	нөлөөнд	0.033708
гадны	халдлагаас	0.033708
газарзүйн	хувьд	0.186441
газарзүйн	бүсээс	0.067797
газарзүйн	нийгэмлэгийн	0.050847
газартай	холбоотой	0.078947
газартай	байх	0.078947
газраар	ургана	0.131148
газраар	нь	0.049180
газраас	нөгөө	0.045752
газраас	оны	0.019608
газраас	олдсон	0.019608
газраас	эх	0.019608
газруудад	ихэвчлэн	0.063830
газруудын	нэг	0.375000
газрыг	нь	0.043956
газрыг	эзлэн	0.038462
газрыг	байгуулжээ	0.021978
газрыг	дэмжиж	0.021978
газрыг	хамарсан	0.021978
газрыг	байгуулсан	0.016484
гал	зогсоох	0.110000
гал	нь	0.080000
гал	голомт	0.070000
гал	нээх	0.050000
гал	гарч	0.050000
гал	нээсэн	0.040000
гал	мэт	0.040000
гал	дээр	0.040000
гал	ус	0.030000
гал	нээж	0.030000
галт	уулын	0.168950
галт	тэрэг	0.132420
галт	уул	0.123288
галт	тэрэгний	0.114155
галт	хана	0.082192
галт	зэвсэг	0.068493
галт	тэргээр	0.045662
галт	тэргийг	0.022831
галт	ханаар	0.018265
галт	ханын	0.018265
галт	байрыг	0.018265
галт	хэрэгсэл	0.018265
галт	сумын	0.013699
галт	ханыг	0.013699
галт	бөмбөг	0.013699
ганц	ч	0.032258
ганц	л	0.032258
ганц	зүйл	0.027650
ганц	нэг	0.025346
ганц	удаа	0.023041
ганц	бие	0.020737
ганц	арга	0.016129
ганц	хүн	0.016129
ганц	хүү	0.013825
ганц	хоёр	0.011521
ганц	баг	0.011521
ганц	улс	0.011521
ганц	тоглогч	0.011521
ганц	гол	0.009217
ганц	эсвэл	0.009217
ганц	тооны	0.009217
ганц	тохиолдол	0.009217
ганц	нь	0.009217
ганц	муж	0.009217
ганц	байгууллага	0.006912
ганц	процесс	0.006912
ганц	гоолыг	0.006912
ганц	зам	0.006912
ганц	уран	0.006912
ганц	логик	0.006912
ганц	хүний	0.006912
ганц	хувь	0.006912
ганц	төрлийн	0.006912
ганц	байна	0.006912
ганц	бүтээл	0.006912
ганц	процессорын	0.006912
ганц	үүрэг	0.006912
ганц	түлхүүрийг	0.006912
гараанд	гарч	0.259259
гараараа	барьж	0.200000
гарамгай	гавьяа	0.101449
гарамгай	гавъяа	0.072464
гарамгай	амжилт	0.072464
гарамгай	удирдагч	0.043478
гарахаас	өмнө	0.473684
гаргасны	дараа	0.304348
гаргасны	дараагаар	0.130435
гарж	ирсэн	0.347826
гарч	ирсэн	0.136752
гарч	байсан	0.073260
гарч	байгаа	0.043956
гарч	ирдэг	0.040293
гарч	ирэх	0.039072
гарч	ирж	0.029304
гарч	байв	0.025641
гарч	ирнэ	0.023199
гарч	иржээ	0.023199
гарч	буй	0.020757
гарч	байжээ	0.019536
гарч	байна	0.015873
гарч	ирэв	0.015873
гарч	болох	0.012210
гарч	ирэн	0.012210
гарч	ирснээр	0.010989
гарч	олон	0.009768
гарч	эхэлсэн	0.008547
гарч	онд	0.008547
гарч	байдаг	0.008547
гарч	болно	0.008547
гарч	ирлээ	0.007326
гарч	байлаа	0.007326
гарч	ирээд	0.007326
гарч	болзошгүй	0.007326
гарч	чадаагүй	0.006105
гарч	улмаар	0.006105
гарч	байгаагүй	0.006105
гарч	чадсан	0.006105
гарч	ирэхэд	0.004884
гарч	оны	0.004884
гарч	тоглосон	0.004884
гарч	тогложээ	0.004884
гарч	эхлэв	0.003663
гарч	түүнийг	0.003663
гарч	чадахгүй	0.003663
гарч	эхэлжээ	0.003663
гарч	байгааг	0.003663
гарч	дэлхийн	0.003663
гарч	байсангүй	0.003663
гарын	үсэг	0.512195
гарын	авлага	0.085366
гарын	үсгийг	0.028455
гарын	үсгийн	0.016260
гарын	таван	0.016260
гарын	мужийн	0.012195
гарын	үсэгтэй	0.012195
гарын	хээ	0.012195
гарын	хоёр	0.012195
генийг	нь	0.178571
гепатит	в	0.480000
гепатит	с	0.360000
гийгүүлэгч	нь	0.269231
гийгүүлэгч	эгшиг	0.153846
гийгүүлэгч	үсгүүд	0.153846
гийгүүлэгч	үсгийг	0.115385
гийн	аварга	0.035714
гийн	түүхэнд	0.031746
гийн	бүх	0.031746
гийн	шилдэг	0.031746
гийн	дэлхийн	0.023810
гийн	хамгийн	0.023810
гийн	үндсэн	0.015873
гийн	төрлийн	0.015873
гийн	хувьд	0.015873
гийн	түүхэн	0.015873
гийн	хооронд	0.011905
гийн	аваргын	0.011905
гийн	шагнал	0.011905
гийн	аваргуудын	0.011905
гийн	эсрэг	0.011905
гийн	цомын	0.011905
гийн	улирлын	0.011905
гийн	оны	0.011905
гитар	болон	0.115385
гитар	нь	0.096154
гитар	хоолой	0.057692
гишүүнт	нь	0.315789
гишүүнтэй	бөгөөд	0.177778
гишүүнтэй	байна	0.088889
голд	нь	0.162500
голд	цутгадаг	0.087500
голд	байх	0.037500
голдуу	өндөг	0.079268
голдуу	ургамлын	0.054878
голдуу	нэг	0.018293
голдуу	суурин	0.018293
голдуу	хорхой	0.018293
голдуу	хоёр	0.018293
голууд	нь	0.187500
гоолоо	оны	0.230769
гоолоо	оруулсан	0.192308
гоолоо	оруулав	0.115385
гоолыг	оруулсан	0.346154
гоолыг	оруулж	0.230769
горимд	ажилладаг	0.109375
горимд	ажиллах	0.078125
горимд	ажиллаж	0.078125
гоцлол	дуучин	0.315789
гоцлол	гитарчин	0.131579
групп	нь	0.081081
гурвалсан	багийн	0.157895
гэвэл	энэ	0.077922
гэвэл	тэд	0.032468
гэвэл	та	0.025974
гэвэл	түүний	0.025974
гэвэл	тэр	0.025974
гэвэл	уг	0.019481
гэвэл	тухайн	0.019481
гэвэл	жишээ	0.019481
гэвэл	бүх	0.019481
гэдгийг	нь	0.053125
гэдгийг	хүлээн	0.037500
гэдгийг	мэдэж	0.031250
гэдгийг	баталсан	0.025000
гэдгийг	ойлгох	0.021875
гэдгийг	ойлгож	0.018750
гэдгийг	эрдэмтэд	0.015625
гэдгийг	дэлхий	0.015625
гэдгийг	батлах	0.012500
гэдгийг	баталдаг	0.012500
гэдгийг	анх	0.012500
гэдгийг	ойлгосон	0.012500
гэдгийг	бид	0.012500
гэдгийг	бас	0.012500
гэдгийг	анхаарах	0.012500
гэдгийг	би	0.012500
гэдгийг	тодорхойлох	0.012500
гэдгийг	харуулж	0.012500
гэдгийг	мэдэх	0.012500
гэдгийг	харуулсан	0.009375
гэдгийг	олон	0.009375
гэдгийг	дахин	0.009375
гэдгийг	шийддэг	0.009375
гэдгийг	харж	0.009375
гэдгийг	онцлон	0.009375
гэдгийг	хэлсэн	0.009375
гэдгээрээ	алдартай	0.297872
гэдгээрээ	олонд	0.106383
гэдэсний	халдварт	0.096774
гэдэсний	ханын	0.096774
гэдэсний	хорт	0.096774
гэж	үздэг	0.128145
гэж	нэрлэдэг	0.087461
гэж	үзэж	0.033215
гэж	хэлж	0.023781
гэж	нэрлэнэ	0.017689
гэж	нэрлэх	0.017689
гэж	нэрлэгддэг	0.017492
гэж	үзсэн	0.015920
гэж	нэрлэж	0.014151
гэж	нэрлэсэн	0.013954
гэж	нэрлэгдэх	0.012186
гэж	байсан	0.011596
гэж	юу	0.011006
гэж	ойлгож	0.010810
гэж	хоёр	0.010613
гэж	ангилдаг	0.010417
гэж	хэлсэн	0.010220
гэж	үзэх	0.009827
гэж	бичсэн	0.009827
гэж	нэрлэжээ	0.009434
гэж	байгаа	0.009041
гэж	байдаг	0.006879
гэж	тооцогддог	0.006682
гэж	бодож	0.006289
гэж	үзжээ	0.006289
гэж	үзнэ	0.006289
гэж	үзээд	0.005896
гэж	үзэн	0.005700
гэж	ангилна	0.005700
гэж	тодорхойлсон	0.005503
гэж	судлаачид	0.005503
гэж	дууддаг	0.005307
гэж	хэлдэг	0.005307
гэж	мэдэгдсэн	0.005110
гэж	бичиж	0.005110
гэж	бас	0.005110
гэж	үзвэл	0.005110
гэж	байна	0.004914
гэж	зарим	0.004914
гэж	ярьдаг	0.004717
гэмт	хэрэг	0.484848
гэмт	хэргийн	0.151515
гэмт	хэргийг	0.121212
гэмт	хэрэгтэй	0.080808
гэмт	хэрэгт	0.060606
гэмт	этгээд	0.040404
гэргий	болгон	0.157895
гэргий	нь	0.078947
гэргий	ч	0.078947
гэрлийн	жилийн	0.112500
гэрлийн	эх	0.087500
гэрлийн	хурдыг	0.050000
гэрлийн	хурд	0.037500
гэрлийн	хурдаар	0.037500
гэрлийн	жил	0.037500
гэрлийн	долгионы	0.037500
гэрлийн	долгионыг	0.037500
гэрчилгээ	авах	0.120000
гэрэлт	хөшөө	0.322581
гэрэлт	цамхаг	0.129032
гэрэлт	хөшөөг	0.096774
гэрэлт	хөшөөний	0.096774
гэрээгээр	элссэн	0.147059
гэрээгээр	нэгдсэн	0.117647
гэрээгээр	ирсэн	0.088235
гэтэл	энэ	0.058140
гэтэл	нэг	0.046512
гэтэл	оны	0.034884
гэтэл	зарим	0.034884
гэтэл	онд	0.029070
гэтэл	тэр	0.029070
гэтэл	их	0.017442
гэтэл	түүний	0.017442
гэтэл	удалгүй	0.017442
гялалзсан	хар	0.142857
гүйцэтгэдэг	бөгөөд	0.131868
гүйцэтгэдэг	байсан	0.076923
гүйцэтгэдэг	байна	0.076923
гүйцэтгэдэг	гэж	0.054945
гүйцэтгэдэг	байв	0.043956
гүйцэтгэдэг	ба	0.043956
гүйцэтгэдэг	байжээ	0.032967
гүнж	нар	0.083333
гүний	хошуу	0.109091
гүний	хошууны	0.090909
гүний	ус	0.072727
гүний	хошууг	0.054545
гүний	усны	0.054545
гүний	усыг	0.054545
гүрнийг	байгуулсан	0.111111
даалгавар	нь	0.135135
даалгавар	гүйцэтгэх	0.108108
даалгавар	байлаа	0.081081
даалгавар	өгсөн	0.081081
даацын	хийц	0.263158
даацын	бус	0.210526
даацын	хийцийн	0.157895
даван	туулж	0.243243
даван	түрүүлж	0.108108
давж	гарсан	0.189655
давж	улсын	0.051724
давж	түрүүлсэн	0.051724
давшилт	хийж	0.153846
давшилт	нь	0.115385
дагах	ёстой	0.250000
дагах	гэсэн	0.150000
дайран	өнгөрдөг	0.159420
дайран	оржээ	0.057971
дайран	өнгөрөх	0.043478
дайран	эзлэх	0.043478
дайран	орж	0.043478
дайран	эзэлж	0.043478
далай	лам	0.144330
далай	чойнхор	0.108247
далай	ламын	0.103093
далай	тэнгисийн	0.056701
далай	хан	0.051546
далай	ламыг	0.030928
далай	руу	0.025773
далай	тэнгис	0.025773
далай	нь	0.025773
далай	вангийн	0.020619
далай	тэнгист	0.020619
далай	ханы	0.020619
далай	зэрэг	0.015464
далай	болон	0.015464
далай	мэт	0.015464
далайн	түвшнээс	0.240385
далайн	хав	0.069712
далайн	эргийн	0.057692
далайн	эрэг	0.052885
далайн	заан	0.026442
далайн	тээвэр	0.019231
далайн	од	0.019231
далайн	гахай	0.016827
далайн	бүс	0.014423
далайн	усанд	0.014423
далайн	орнуудын	0.012019
далайн	ай	0.012019
далайн	ван	0.012019
далайн	одны	0.009615
далайн	луу	0.009615
далайн	боомт	0.009615
далайн	ёроол	0.009615
далайн	дундаж	0.009615
далайн	түвшин	0.009615
далайн	ус	0.009615
далайн	шуурга	0.009615
далайн	их	0.009615
далайн	морь	0.007212
далайн	гүнд	0.007212
далайн	гаралтай	0.007212
далайн	хар	0.007212
далайн	усны	0.007212
далайн	эдийн	0.007212
далайн	усан	0.007212
далайн	баруун	0.007212
далайн	арлууд	0.007212
дамдинсүрэн	нарын	0.120000
дамдинсүрэн	а	0.120000
даншигт	удаа	0.440000
даншигт	түрүүлж	0.200000
даншигт	ийн	0.160000
дараагаар	нь	0.209302
дараагаар	онд	0.062016
дараагаар	тэд	0.031008
дараагаар	тэрээр	0.023256
дараагаас	эхлэн	0.187500
дараалалд	орж	0.071429
дараалалд	оруулах	0.071429
дарааллын	дугаарыг	0.135593
дарааллын	дугаар	0.118644
дарааллын	дагуу	0.118644
дарааллын	урд	0.050847
дарааллын	нэг	0.050847
дараахан	нь	0.153846
дараахан	оны	0.076923
дарах	ба	0.090909
дарах	аргаар	0.054545
дарга	нь	0.047493
дарга	нар	0.047493
дарга	нарын	0.042216
дарга	байсан	0.031662
дарга	нарыг	0.029024
дарга	асан	0.026385
дарга	болжээ	0.026385
дарга	зэрэг	0.021108
дарга	н	0.018470
дарга	болсон	0.018470
дарга	болон	0.018470
дарга	хүн	0.018470
дарга	нарт	0.015831
дарга	д	0.015831
дарга	бөгөөд	0.015831
дарга	с	0.015831
дарга	б	0.013193
дарга	нараас	0.010554
дарга	л	0.010554
дарга	орлогч	0.007916
дарга	гэсэн	0.007916
дарга	ч	0.007916
дарга	генерал	0.007916
дарга	буюу	0.007916
дарга	онд	0.007916
дарга	хоёр	0.007916
дарга	оны	0.007916
дарга	дэд	0.007916
дарга	э	0.007916
дарга	гэж	0.007916
дасан	зохицох	0.625000
дасан	зохицож	0.187500
дасан	зохицсон	0.156250
дасгалжуулагчаар	ажиллаж	0.320000
дасгалжуулагчаар	ажилладаг	0.200000
дахин	их	0.047682
дахин	илүү	0.034437
дахин	бага	0.027815
дахин	нэг	0.027815
дахин	дахин	0.022517
дахин	давтагдашгүй	0.021192
дахин	сэргээх	0.013245
дахин	шинээр	0.011921
дахин	ашиглах	0.010596
дахин	том	0.010596
дахин	урт	0.010596
дахин	шинэ	0.009272
дахин	эхлүүлэх	0.009272
дахин	сэргээж	0.009272
дахин	хурдан	0.007947
дахин	хэзээ	0.007947
дахин	сонгогдсон	0.007947
дахин	байршуулах	0.007947
дахин	ирж	0.007947
дахин	сэргэж	0.007947
дахин	сэргээн	0.006623
дахин	давтан	0.006623
дахин	өндөр	0.006623
дахин	нэмэгдүүлж	0.006623
дахин	нэгдэж	0.005298
дахин	олон	0.005298
дахин	нэмэгдэх	0.005298
дахин	элч	0.005298
дахин	нэгэн	0.005298
дахин	нэмэгдэж	0.005298
дахин	эргэн	0.005298
дахин	дамжуулах	0.003974
дахин	хянаж	0.003974
дахин	дамжуулдаг	0.003974
дахин	удаа	0.003974
дахин	нэмэгдсэн	0.003974
дахин	хаан	0.003974
дахин	зохион	0.003974
дахин	хуучин	0.003974
дахин	бичиж	0.003974
дахь	удаагаа	0.037631
дахь	нь	0.021603
дахь	хамгийн	0.016725
дахь	том	0.016725
дахь	үеийн	0.016725
дахь	удаагийн	0.013937
дахь	цомог	0.012544
дахь	хүү	0.011847
дахь	анхны	0.011150
дахь	хүн	0.009756
дахь	бүх	0.009059
дахь	мянганы	0.009059
дахь	жилдээ	0.008362
дахь	гол	0.006969
дахь	үе	0.006969
дахь	жил	0.006272
дахь	монголчуудын	0.006272
дахь	үйл	0.005575
дахь	ерөнхийлөгч	0.005575
дахь	өдөр	0.005575
дахь	хүүхэд	0.005575
дахь	хувилбар	0.004878
дахь	сингл	0.004878
дахь	охин	0.004878
дахь	мэдээлэл	0.004181
дахь	хэсэг	0.004181
дахь	үндсэн	0.004181
дахь	их	0.004181
дахь	улс	0.004181
дахь	эхнэр	0.004181
дахь	чухал	0.003484
дахь	гишүүн	0.003484
дахь	олон	0.003484
дахь	оны	0.003484
дахь	бусад	0.003484
дахь	тохиолдол	0.003484
дахь	усны	0.003484
дахь	минутанд	0.003484
дахь	цэргийн	0.003484
дахь	шингэний	0.003484
даяар	сая	0.111111
даяар	нийт	0.038462
даяар	хамгийн	0.034188
даяар	тархсан	0.034188
даяар	гаруй	0.025641
даяар	өргөн	0.021368
даяар	олон	0.021368
даяар	алдаршсан	0.012821
даяар	худалдаанд	0.012821
ди	нар	0.166667
диаметр	нь	0.681818
дивиз	рүү	0.113636
дивизийн	дугаар	0.150000
дижитал	камер	0.141304
дижитал	маркетингийн	0.076087
дижитал	маркетинг	0.054348
дижитал	мэдээллийг	0.032609
дижитал	компьютер	0.032609
дижитал	аюулгүй	0.032609
дизайн	нь	0.136364
дизайн	гэдэг	0.090909
дизайн	болон	0.068182
диск	дээр	0.114943
диск	нь	0.103448
диск	болон	0.080460
диск	рүү	0.068966
диск	юм	0.034483
довтлогч	юм	0.266667
довтолгоо	нь	0.138889
довтолгоо	хийж	0.111111
довтолгоонд	өртөж	0.185185
довтолгоонд	өртөн	0.111111
долгионы	урт	0.120000
долгионы	урттай	0.120000
долгионы	радио	0.100000
долгионы	энергийг	0.060000
домэйн	нэрийн	0.291667
домэйн	нэр	0.125000
домэйн	нь	0.125000
доод	түвшний	0.060837
доод	талд	0.045627
доод	хэсэг	0.041825
доод	тал	0.038023
доод	хэсэгт	0.038023
доод	талын	0.034221
доод	түвшинд	0.026616
доод	шатны	0.026616
доод	хязгаар	0.022814
доод	эрүү	0.019011
доод	лиг	0.019011
доод	хэсгээр	0.019011
доод	төв	0.019011
доод	хэмжээ	0.019011
доод	хоёр	0.015209
доод	хэсгээрээ	0.015209
доод	танхим	0.015209
доод	талаас	0.015209
доод	ургамал	0.015209
доод	угааж	0.015209
доод	давхаргад	0.011407
доод	бүс	0.011407
доод	хязгаарыг	0.011407
доод	лигийн	0.011407
доод	хэсгийг	0.011407
доод	өнгийг	0.011407
доод	усан	0.011407
доор	газар	0.087629
доор	үзүүлсэн	0.082474
доор	нь	0.030928
доор	байгаа	0.025773
доор	үзүүлэв	0.025773
доор	цэг	0.025773
доор	газарт	0.020619
доор	шууд	0.015464
доор	орсон	0.015464
доор	байх	0.015464
дорнод	аймгийн	0.151899
дорнод	ху	0.075949
дорнод	дахь	0.050633
дорнод	азийн	0.050633
дорнод	монголын	0.044304
дорнод	хязгаарын	0.031646
дорнод	европын	0.025316
дорнод	бүсийн	0.018987
дорнод	болон	0.018987
дорнод	сибирийн	0.018987
дорнод	хятадын	0.018987
дорнод	хэсэгт	0.018987
дотно	харилцаатай	0.085714
дотно	байсан	0.057143
дотно	хүмүүсийн	0.042857
дотор	нь	0.118037
дотор	хамгийн	0.026525
дотор	талд	0.025199
дотор	байгаа	0.022546
дотор	талын	0.015915
дотор	сая	0.010610
дотор	тал	0.009284
дотор	байсан	0.007958
дотор	талдаа	0.006631
дотор	хүн	0.006631
дотор	байх	0.006631
дотор	гэр	0.005305
дотор	эрхтний	0.005305
дотор	нэг	0.005305
дотор	гаруй	0.005305
дотор	төв	0.005305
дотор	хэсэг	0.005305
дотор	олон	0.005305
дотор	оршиж	0.005305
дотор	л	0.005305
дотор	эсвэл	0.003979
дотор	мянган	0.003979
дотор	өөх	0.003979
дотор	дахин	0.003979
дотор	янз	0.003979
дотор	тэдний	0.003979
дотор	өөрийн	0.003979
дотор	ямар	0.003979
дотор	дэлхийн	0.003979
дотор	байрлах	0.003979
дотор	ч	0.003979
дотор	байдаг	0.003979
дотор	байрладаг	0.003979
дотор	монгол	0.003979
дотор	газар	0.003979
дотор	бусад	0.003979
дотор	орсон	0.003979
дотор	орон	0.003979
дотуур	байр	0.206897
дотуур	байранд	0.103448
дотуур	байрны	0.103448
дохио	нь	0.172414
дохио	болгон	0.080460
дохио	өгөх	0.068966
дохио	өгдөг	0.057471
дохио	болжээ	0.034483
дохио	боловсруулах	0.034483
дохионы	замыг	0.095238
дугуйн	даралтыг	0.146341
дугуйн	даралт	0.146341
дугуйн	дээр	0.073171
дунд	сургууль	0.070194
дунд	сургуульд	0.049676
дунд	сургуулийн	0.038877
дунд	үед	0.033477
дунд	үеэс	0.032397
дунд	зэргийн	0.024838
дунд	үе	0.022678
дунд	сургуулийг	0.020518
дунд	нь	0.017279
дунд	боловсрол	0.016199
дунд	болон	0.009719
дунд	хэсэгт	0.009719
дунд	сургуулиа	0.008639
дунд	ангилалд	0.007559
дунд	шатны	0.007559
дунд	байдаг	0.007559
дунд	боловсролын	0.007559
дунд	нэр	0.007559
дунд	хүртэл	0.007559
дунд	ба	0.007559
дунд	үеийн	0.007559
дунд	түгээмэл	0.007559
дунд	үеэр	0.006479
дунд	хамгийн	0.006479
дунд	зэрэг	0.006479
дунд	олон	0.006479
дунд	их	0.006479
дунд	хэсэг	0.005400
дунд	ихээхэн	0.005400
дунд	сургуулиас	0.005400
дунд	орж	0.005400
дунд	маргаан	0.005400
дунд	монгол	0.005400
дунд	оршдог	0.005400
дунд	явуулсан	0.005400
дунд	сарын	0.004320
дунд	хэмжээний	0.004320
дунд	зохион	0.004320
дунд	хэсгийг	0.004320
дунд	р	0.004320
дундад	зууны	0.345679
дундад	ази	0.082305
дундад	азийн	0.069959
дундад	иргэн	0.053498
дундад	эртний	0.049383
дундад	улсын	0.037037
дундад	газрын	0.037037
дундад	азид	0.037037
дундад	тэнгисийн	0.028807
дундад	зуунаас	0.024691
дундад	өрнөд	0.020576
дундад	зуун	0.020576
дундад	үеийн	0.020576
дундад	зүүн	0.016461
дундад	орос	0.016461
дундад	улс	0.012346
дундад	зуунд	0.012346
дурсгалт	газар	0.315789
дурсгалт	газрууд	0.157895
дурсгалт	газрын	0.070175
дурсгалт	зүйлсийн	0.052632
дурсгалт	зүйлс	0.052632
дурсгалт	газарт	0.052632
дурсгалт	газрыг	0.052632
дурсгалын	нэг	0.160714
дурсгалын	зүйлс	0.089286
дурсгалын	цогцолбор	0.089286
дурсгалын	хөшөө	0.053571
дурын	үндсэн	0.081633
дурын	уран	0.051020
дурын	үйл	0.040816
дурын	нэг	0.030612
дурын	армийн	0.030612
дутагдал	нь	0.464286
дутагдалтай	тал	0.155556
дутагдалтай	байдаг	0.088889
дутагдалтай	талыг	0.066667
дуу	нь	0.267054
дуу	чимээ	0.043541
дуу	бичлэгийн	0.037736
дуу	болох	0.036284
дуу	болон	0.029028
дуу	хөгжмийн	0.024673
дуу	хоолой	0.024673
дуу	бүжгийн	0.024673
дуу	болсон	0.018868
дуу	юм	0.017417
дуу	хөгжим	0.015965
дуу	хоолойг	0.011611
дуу	авиа	0.011611
дуу	бол	0.010160
дуу	бичлэг	0.010160
дуу	багтсан	0.008708
дуу	зохиогч	0.008708
дуу	гаргадаг	0.008708
дуу	хуур	0.008708
дуу	байсан	0.007257
дуу	оруулсан	0.007257
дуу	ны	0.005806
дуу	дүрс	0.005806
дуу	бичиж	0.005806
дуу	гарсан	0.005806
дуу	дуулж	0.005806
дуу	зохиож	0.005806
дуу	шилдэг	0.005806
дуу	дамжуулдаг	0.004354
дуу	бөгөөд	0.004354
дуу	гаргасан	0.004354
дуу	бүжиг	0.004354
дуу	хөгжимд	0.004354
дуу	алдсан	0.004354
дуу	найрал	0.004354
дуу	орчим	0.004354
дуу	оны	0.004354
дуу	хэмээх	0.004354
дуу	гаргах	0.004354
дуу	нд	0.004354
дуугүй	бууж	0.235294
дууддаг	байсан	0.333333
дуулах	арга	0.138889
дуулах	ур	0.111111
дуулах	дуртай	0.083333
дуулж	байсан	0.093333
дуулж	байжээ	0.066667
дуулж	эхэлсэн	0.066667
дуулж	байв	0.053333
дуулж	байна	0.040000
дуурийн	урлагийн	0.083333
дуурийн	хөгжмийг	0.062500
дуурийн	урлаг	0.062500
дуурийн	анхны	0.062500
дуурийн	театрын	0.062500
дуурийн	гол	0.062500
дуурийн	театрт	0.062500
дуусгавар	болсон	0.366667
дуусгаж	чадалгүй	0.136364
дуусгах	боломжтой	0.093750
дуусгах	тухай	0.093750
дууссаны	дараа	0.929412
дууссаны	дараагаар	0.047059
дуучин	жүжигчин	0.094891
дуучин	юм	0.051095
дуучин	болсон	0.043796
дуучин	болох	0.036496
дуучин	л	0.029197
дуучин	байсан	0.029197
дуучин	ая	0.029197
дуучин	бөгөөд	0.021898
дуучин	д	0.021898
дуучин	бүсгүй	0.021898
дуучин	бол	0.021898
дуучин	болд	0.021898
дуучин	болоход	0.021898
дэ	ван	0.300000
дэбютээ	хийсэн	0.592593
дэбютээ	хийж	0.111111
дэвсгэрийг	хамрах	0.137931
дэвсгэрийн	хэмжээ	0.141414
дэвсгэрийн	хувьд	0.070707
дэвсгэрийн	хувийг	0.070707
дэвсгэрийн	ихэнх	0.030303
дэвсгэрийн	ихэнхи	0.030303
дэвсгэрийн	ийг	0.030303
дэвсгэрийн	шинжтэй	0.030303
дэвсгэрийн	нь	0.030303
дэвсгэрийн	хэмжээгээр	0.030303
дэвсгэрийн	хойд	0.030303
дэвсгэртэй	байдаг	0.120000
дэвтэр	нь	0.160000
дэвшиж	байв	0.169492
дэвшиж	байсан	0.135593
дэвшиж	байжээ	0.067797
дэвшүүлж	байсан	0.117647
дэвшүүлж	байгаа	0.088235
дэвшүүлж	буй	0.088235
дэлгэрсэн	байдаг	0.067797
дэлгэрсэн	нь	0.067797
дэлгэрсэн	гэж	0.050847
дэлгэрсэн	байна	0.050847
дэлгэц	нь	0.212500
дэлгэц	дээр	0.125000
дэлгэц	болон	0.037500
дэлгэц	рүү	0.037500
дэлгүүр	нь	0.305556
дэлхийд	хамгийн	0.112676
дэлхийд	р	0.056338
дэлхийд	алдартай	0.046948
дэлхийд	д	0.032864
дэлхийд	анх	0.032864
дэлхийд	тэргүүлэх	0.032864
дэлхийд	т	0.028169
дэлхийд	тэргүүлдэг	0.028169
дэлхийд	тэргүүлэгч	0.028169
дэлхийд	ховордсон	0.028169
дэлхийд	олон	0.023474
дэлхийд	рт	0.018779
дэлхийд	хүн	0.018779
дэлхийд	хоёрдугаарт	0.018779
дэлхийд	тэргүүлж	0.018779
дэлхийд	эхний	0.018779
дэлхийд	хоёрт	0.014085
дэлхийд	дээгүүр	0.014085
дэлхийд	хэмжээгээрээ	0.014085
дэлхийд	ховор	0.014085
дэлхийд	хосгүй	0.014085
дэмждэг	байсан	0.114286
дэмждэг	болсон	0.085714
дэмждэг	байна	0.057143
дэмждэг	байв	0.057143
дэмждэг	бөгөөд	0.042857
дэмждэг	байжээ	0.042857
дэмжлэг	үзүүлэх	0.152174
дэмжлэг	үзүүлж	0.130435
дэмжлэг	үзүүлдэг	0.054348
дэмжлэг	авч	0.043478
дэмжлэг	авдаг	0.032609
дэмжлэг	болж	0.032609
дээрхийн	адил	0.444444
дүгээр	сарын	0.424528
дүгээр	сард	0.169811
дүгээр	зууны	0.033019
дүгээр	сар	0.028302
дүгээр	тогтоолоор	0.023585
дүгээр	сараас	0.023585
дүгээр	зүйлд	0.018868
дүгээр	сургуулийн	0.018868
дүгээр	дунд	0.018868
дүгээр	зарлигаар	0.014151
дүгээр	зуунд	0.014151
дүн	шинжилгээ	0.226721
дүн	нь	0.178138
дүн	юм	0.052632
дүн	муутай	0.024291
дүн	гэж	0.024291
дүн	гарсан	0.020243
дүн	шинжилгээнд	0.016194
дүн	шинжилгээний	0.012146
дүн	багатай	0.012146
дүн	гарна	0.012146
дүн	мөн	0.012146
дүн	байв	0.012146
дүнтэй	байдаг	0.090909
дүнтэй	арга	0.056818
дүнтэй	байсан	0.045455
дүнтэй	төгссөн	0.034091
дүнтэй	байх	0.034091
дүрд	тоглосон	0.246575
дүрд	тоглож	0.136986
дүрд	тоглох	0.068493
дүрд	нь	0.054795
дүрд	тоглон	0.041096
дүрд	тоглодог	0.041096
дүрд	нэр	0.041096
дүрс	нь	0.128049
дүрс	бичлэг	0.054878
дүрс	бичлэгийн	0.048780
дүрс	үсэг	0.042683
дүрс	бүхий	0.042683
дүрс	болон	0.036585
дүрс	бичлэгийг	0.036585
дүрс	зураг	0.024390
дүрс	мэдрэгч	0.024390
дүрс	ба	0.018293
дүрс	юм	0.018293
дүрс	хувирсан	0.018293
дүрслэгдсэн	байдаг	0.500000
дүрэм	нь	0.107914
дүрэм	журам	0.079137
дүрэм	ийг	0.035971
дүрэм	журмын	0.035971
дүрэм	журамтай	0.028777
дүрэм	ёсоор	0.028777
дүрэм	журмаар	0.021583
дүрэм	бол	0.021583
дүрэм	юм	0.021583
дүрэм	гэдэг	0.021583
дүрэм	журмыг	0.021583
дүрэмд	заасан	0.222222
дүрүүд	нь	0.500000
дүү	нь	0.177966
дүү	нар	0.110169
дүү	хоёр	0.076271
дүү	болох	0.059322
дүү	нарын	0.042373
дүү	хоёрын	0.025424
дүүргэсэн	тэрээр	0.103448
дүүргэсэн	байна	0.103448
дүүрэгт	төрсөн	0.080000
дөнгөж	төрсөн	0.084211
дөнгөж	настай	0.073684
дөнгөж	р	0.042105
дөнгөж	метр	0.031579
дөнгөж	онд	0.031579
дөнгөж	нь	0.031579
дөрөв	дэх	0.449438
дөрөв	дахин	0.056180
дөрөв	хоногийн	0.044944
дөрөв	нь	0.033708
дөхөм	болдог	0.173913
дөхөм	болжээ	0.130435
дөхөм	болох	0.130435
дөчин	дөрвөн	0.516129
дөчин	найман	0.096774
евро	тэмцээнд	0.320000
евро	тэмцээний	0.160000
европчууд	р	0.103448
егүзэр	хутагт	0.764706
егүзэр	хутагтын	0.176471
ердийн	нөхцөлд	0.064000
ердийн	нэг	0.032000
ердийн	өгөгдлийн	0.024000
ердийн	жилийн	0.024000
ердийн	үед	0.024000
ертөнц	дэх	0.052632
ертөнц	нь	0.039474
ерөнхийдөө	бол	0.038627
ерөнхийдөө	энэ	0.025751
ерөнхийдөө	төстэй	0.021459
ерөнхийдөө	хамгийн	0.017167
ерөнхийдөө	нэг	0.017167
ерөнхийдөө	олон	0.017167
ерөнхийдөө	тухайн	0.012876
ерөнхийдөө	уулархаг	0.012876
ерөнхийдөө	ойролцоо	0.012876
ерөнхийдөө	бидний	0.012876
ес	дэх	0.187500
есүс	христийн	0.304348
есүс	христ	0.260870
жа	лам	0.475000
жа	ламын	0.325000
жа	ламыг	0.175000
жавзандамба	хутагтын	0.466667
жагсаалт	нь	0.269841
жагсаалт	юм	0.126984
жаргалант	сумын	0.230769
жижиг	хэмжээний	0.036269
жижиг	дунд	0.027634
жижиг	хэмжээтэй	0.022453
жижиг	биетэй	0.018998
жижиг	үйлдвэр	0.013817
жижиг	хэсэг	0.013817
жижиг	хот	0.010363
жижиг	арлууд	0.010363
жижиг	бөгөөд	0.010363
жижиг	хөхтөн	0.010363
жижиг	жижиг	0.008636
жижиг	нь	0.008636
жижиг	загас	0.008636
жижиг	гол	0.008636
жижиг	бизнес	0.008636
жижиг	хэсэгт	0.008636
жижиг	муж	0.008636
жижиг	улс	0.008636
жижиг	том	0.006908
жижиг	болон	0.006908
жижиг	хөнгөн	0.006908
жижиг	цагаан	0.006908
жижиг	хэсгүүдийн	0.006908
жижиг	хэсгүүдээс	0.006908
жижиг	арлаас	0.006908
жижиг	бизнесийн	0.006908
жижиг	хэсгүүдэд	0.006908
жижиг	ч	0.006908
жижиг	ангиллын	0.006908
жижиг	арал	0.006908
жижиг	хэсгээс	0.005181
жижиг	зүйл	0.005181
жижиг	шувуу	0.005181
жижиг	довтлогч	0.005181
жижиг	м	0.005181
жижиг	үсгээр	0.005181
жижиг	сээр	0.005181
жижиг	хар	0.005181
жижиг	нүх	0.005181
жижиг	мэдрэгч	0.005181
жил	бүр	0.136452
жил	нь	0.064327
жил	тутамд	0.032164
жил	бүрийн	0.030214
жил	дараалан	0.024366
жил	тутам	0.019493
жил	болгон	0.018519
жил	буюу	0.016569
жил	ирэх	0.015595
жил	үргэлжилсэн	0.015595
жил	оршин	0.014620
жил	таарвал	0.014620
жил	орчим	0.013645
жил	ажилласан	0.013645
жил	ажиллаж	0.013645
жил	болж	0.011696
жил	гаруй	0.010721
жил	тасралтгүй	0.008772
жил	гэж	0.007797
жил	ардын	0.007797
жил	болсон	0.006823
жил	ажиллахдаа	0.006823
жил	ажиллажээ	0.005848
жил	хүртэл	0.005848
жил	үргэлжилж	0.005848
жил	үндэсний	0.005848
жил	амьдардаг	0.004873
жил	байсан	0.004873
жил	аад	0.004873
жил	амьдарсан	0.004873
жил	амьдарч	0.004873
жил	сар	0.003899
жил	хагасын	0.003899
жил	шахам	0.003899
жил	хамт	0.003899
жил	төр	0.003899
жил	тус	0.003899
жил	жилийн	0.003899
жил	хүрэхгүй	0.003899
жил	хоёр	0.003899
жилд	нэг	0.125490
жилд	дунджаар	0.109804
жилд	сая	0.043137
жилд	нь	0.035294
жилд	ойролцоогоор	0.023529
жилд	мм	0.023529
жилд	удаа	0.023529
жилд	мянган	0.015686
жилд	дундажаар	0.015686
жилд	гаруй	0.011765
жилд	орох	0.011765
жилд	өргөжин	0.011765
жилээр	гэрээлсэн	0.391753
жилээр	гэрээлэв	0.237113
жилээс	жилд	0.548387
жилээс	эхлэн	0.129032
жилээс	нь	0.096774
жимс	нь	0.225352
жимс	ногоо	0.070423
жимс	хэрэглэгч	0.056338
жимс	болон	0.042254
жинд	оны	0.387097
жинд	барилдаж	0.096774
жинтэй	байна	0.134328
жинтэй	байдаг	0.074627
жинтэй	байжээ	0.052239
жинтэй	хувь	0.052239
жинтэй	байв	0.044776
жинтэй	том	0.037313
жинтэй	байсан	0.037313
жинтэй	ба	0.029851
жинтэй	байх	0.029851
жинтэй	юм	0.029851
жинтэй	ажээ	0.022388
жинтэй	см	0.022388
жишээг	авч	0.250000
жонон	вангийн	0.181818
жонон	ван	0.181818
жонон	хар	0.181818
жужан	нар	0.304348
жужан	улсын	0.217391
жужан	улс	0.173913
жун	шу	0.600000
журмыг	баримтлан	0.125000
жуулчлалын	гол	0.065217
жуулчлалын	төв	0.065217
жүжигт	тоглосон	0.190476
з	у	0.272727
заавал	байх	0.084416
заавал	эгшиг	0.038961
заавал	биелүүлэх	0.025974
заавал	байдаг	0.019481
заавал	ч	0.019481
заавар	зөвлөгөө	0.189189
заавар	өгч	0.081081
зааг	дээр	0.204082
зааг	нутаг	0.081633
зааг	орчимд	0.081633
зааг	болох	0.061224
заагч	нь	0.103448
заан	цолтой	0.091837
заан	нь	0.081633
заан	цол	0.061224
заасан	байдаг	0.174312
заасан	байна	0.064220
заасан	нь	0.027523
заасан	тодорхой	0.027523
завь	нь	0.136364
задлан	шинжлэх	0.333333
задлан	шинжилгээ	0.230769
задлан	шинжилгээний	0.128205
зайлуулах	боломжтой	0.083333
зайлшгүй	шаардлагатай	0.245455
зайлшгүй	байх	0.081818
зайлшгүй	чухал	0.081818
зайлшгүй	хэрэгтэй	0.063636
зайлшгүй	шаардлага	0.027273
залгаа	орших	0.285714
залгаа	оршдог	0.107143
залгаас	нь	0.235294
залгамжилсан	байна	0.176471
залгамжлагч	нь	0.166667
залгамжлагч	их	0.100000
залгамжлагч	юм	0.100000
замаар	явж	0.033088
замаар	км	0.014706
замаар	холбогдсон	0.014706
замаар	өөрийн	0.011029
замаар	өгөгдлийг	0.011029
замаар	холбогддог	0.011029
замаар	олон	0.011029
замаар	дамждаг	0.011029
замаар	гарган	0.011029
замаар	бий	0.011029
замаар	их	0.011029
замаар	тухайн	0.011029
замаар	энэ	0.011029
замчлалын	протокол	0.176471
замчлалын	мэдээлэл	0.098039
замчлалын	протоколын	0.078431
замчлалын	хүснэгтийг	0.078431
замчлалын	мэдээллийг	0.078431
замчлалын	мэдээлэлд	0.058824
замчлалын	хүснэгтэнд	0.058824
зан	үйл	0.137931
зан	үйлийн	0.114943
зан	заншил	0.103448
зан	үйлийг	0.086207
зан	төлөв	0.057471
зан	чанар	0.045977
зан	суртахууны	0.045977
зан	байдал	0.040230
зан	төлөвийн	0.034483
зан	байдлын	0.028736
зан	чанарыг	0.028736
зан	чанарын	0.022989
зан	чанартай	0.022989
зан	нь	0.017241
зан	төлөвтэй	0.017241
зан	байдлыг	0.017241
зан	заншилтай	0.017241
зардлыг	бууруулж	0.088235
зардлыг	бий	0.088235
зарласан	байна	0.208333
зарласан	юм	0.138889
зарласан	бөгөөд	0.111111
зарласан	нь	0.055556
зарласан	бол	0.041667
зарласан	ба	0.041667
зарласан	байдаг	0.041667
зарлиг	буулгаж	0.157895
зарлиг	гарган	0.105263
зарлиг	буулгасан	0.078947
зарц	нар	0.200000
зарцуулдаг	байна	0.166667
зарцуулдаг	байсан	0.125000
засаж	өндөг	0.482759
засаж	болдог	0.051724
засал	чимэглэл	0.240000
засал	чимэглэлийн	0.120000
засварын	газар	0.157895
засгийн	газрын	0.207973
засгийн	газар	0.194684
засгийн	газраас	0.049834
засгийн	газрыг	0.040532
засгийн	газарт	0.038538
засгийн	хувьд	0.024585
засгийн	эрх	0.016611
засгийн	эрхийг	0.013289
засгийн	гол	0.013289
засгийн	бодлого	0.010631
засгийн	өсөлт	0.007973
засгийн	үр	0.007973
засгийн	ухааны	0.007309
засгийн	эрхэнд	0.007309
засгийн	газартай	0.007309
засгийн	газраа	0.007309
засгийн	хөгжлийн	0.006645
засгийн	газрууд	0.005980
засгийн	шинжлэх	0.005316
засгийн	шинэчлэл	0.005316
засгийн	хамтын	0.005316
засгийн	үед	0.004651
засгийн	болон	0.004651
засгийн	эсрэг	0.003987
засгийн	хүчин	0.003987
засгийн	эрхийн	0.003987
засгийн	хөгжлийг	0.003987
засгийн	үйл	0.003987
засгийн	бодлогыг	0.003322
засгийн	хөгжил	0.003322
засгийн	бодлогын	0.003322
засгийн	хошуу	0.003322
засгийн	харилцаа	0.002658
засгийн	ордон	0.002658
засгийн	хөгжилд	0.002658
засгийн	онолын	0.002658
засгийн	яам	0.002658
засгийн	үндсэн	0.002658
засгийн	онол	0.002658
засгийн	хошууны	0.002658
захидал	бичиж	0.089286
захидал	бичиг	0.071429
захирагч	байсан	0.085106
захирагч	нь	0.074468
захирагч	болсон	0.053191
захирагч	нар	0.042553
захирагч	цэргийн	0.031915
захирагч	хэмээх	0.031915
захиран	шийтгэх	0.388889
захирах	болсон	0.118421
захирах	болжээ	0.065789
захирах	эрх	0.052632
захирах	нь	0.039474
захиргаа	нь	0.187500
захиргаа	нутаг	0.109375
захиргааны	төв	0.198444
захиргааны	хувьд	0.081712
захиргааны	нэгж	0.046693
захиргааны	зохион	0.035019
захиргааны	хуваарь	0.031128
захиргааны	нэгжид	0.027237
захиргааны	багт	0.023346
захиргааны	нэгжийн	0.019455
захиргааны	болон	0.011673
захиргааны	эрх	0.011673
захиргааны	дарга	0.011673
захиргааны	гол	0.011673
захиргааны	дээд	0.011673
захиргааны	нэг	0.011673
захиргааны	анхан	0.011673
захиргааны	байр	0.011673
захиргааны	нарийн	0.011673
захиргааны	анхны	0.011673
захын	цэг	0.121951
заяа	нь	0.181818
зг	ын	0.809524
зеландын	эзэн	0.088235
зеландын	хамгийн	0.088235
зориг	нь	0.136364
зориг	өгсөн	0.113636
зориг	ногоон	0.068182
зоригтой	хүн	0.103448
зорилго	нь	0.506289
зорилго	бүхий	0.091195
зорилго	бол	0.044025
зорилго	юм	0.025157
зорилго	тавьж	0.018868
зорилго	тавин	0.018868
зорилго	байдаг	0.009434
зорилго	тавьдаг	0.009434
зорилго	болон	0.009434
зорилго	ба	0.009434
зорилгодоо	хүрэхийн	0.360000
зорилгодоо	хүрэх	0.200000
зориулалт	бүхий	0.689655
зориулалт	нь	0.172414
зориулалтын	зурвасын	0.090909
зорьж	байсан	0.294118
зорьж	байв	0.176471
зорьж	буй	0.117647
зохиогчийн	эрх	0.271429
зохиогчийн	эрхийг	0.114286
зохиогчийн	эрхийн	0.100000
зохиогчийн	санаа	0.042857
зохиох	нь	0.075000
зохицсон	байдаг	0.114286
зохицсон	ба	0.085714
зохицуулах	хороо	0.078652
зохицуулах	үүрэг	0.044944
зохицуулах	механизм	0.033708
зохицуулах	ба	0.033708
зохицуулах	үүрэгтэй	0.033708
зохицуулах	олон	0.033708
зочид	буудал	0.538462
зочид	буудлын	0.256410
зочид	нь	0.076923
зузаан	нь	0.279412
зузаан	см	0.102941
зулзага	нь	0.423077
зулзага	гаргана	0.153846
зурвас	нь	0.096154
зурвас	дамжуулах	0.057692
зургадугаар	сарын	0.619048
зургадугаар	сард	0.285714
зургууд	нь	0.428571
зурсан	байна	0.287879
зурсан	зураг	0.090909
зурсан	нь	0.090909
зурсан	байдаг	0.075758
зууны	үед	0.195373
зууны	эхэн	0.088689
зууны	үеийн	0.064267
зууны	дунд	0.062982
зууны	үеэс	0.046272
зууны	эхээр	0.039846
зууны	сүүл	0.037275
зууны	турш	0.030848
зууны	эхэнд	0.017995
зууны	монголын	0.016710
зууны	хоёрдугаар	0.015424
зууны	хамгийн	0.014139
зууны	дундуур	0.014139
зууны	төгсгөл	0.012853
зууны	сүүлээр	0.012853
зууны	аад	0.012853
зууны	эхний	0.011568
зууны	туршид	0.011568
зууны	үе	0.011568
зууны	хооронд	0.010283
зууны	сүүлийн	0.010283
зууны	эцэс	0.008997
зууны	монгол	0.008997
зууны	манлай	0.008997
зууны	сүүлчээр	0.007712
зууны	шилдэг	0.007712
зууны	эхнээс	0.006427
зууны	төгсгөлд	0.006427
зууны	эцэст	0.006427
зууны	иод	0.006427
зууны	эх	0.006427
зууны	монголчуудын	0.005141
зууны	эцсээр	0.005141
зууны	эхээс	0.003856
зууны	үеийг	0.003856
зууны	европт	0.003856
зууны	уран	0.003856
зууны	р	0.003856
зууны	тэртээ	0.003856
зуур	ч	0.076923
зху	ын	0.445748
зху	д	0.158358
зху	аас	0.070381
зху	ыг	0.026393
зху	тай	0.023460
зху	болон	0.020528
зху	нь	0.017595
зху	руу	0.014663
зху	хятадын	0.011730
зху	задрах	0.011730
зху	ба	0.011730
зху	н	0.008798
зэвсэгт	хүчний	0.311475
зэвсэгт	хүчин	0.204918
зэвсэгт	мөргөлдөөн	0.090164
зэвсэгт	тэмцэл	0.065574
зэвсэгт	хүчнийг	0.057377
зэвсэгт	бослого	0.049180
зэвсэгт	хүчинд	0.032787
зэвсэгт	хүчинтэй	0.024590
зэвсэгт	бүлэглэл	0.024590
зэвсэгт	тэмцлийн	0.024590
зэр	зэвсэг	0.736842
зэр	зэвсгийн	0.105263
зэр	зэвсгийг	0.105263
зэрэгт	ашиглагддаг	0.033708
зэс	чулууны	0.081081
зээл	дээр	0.245033
зээл	нь	0.079470
зээл	дээрх	0.052980
зээл	дэх	0.052980
зээл	гэж	0.039735
зээл	олгох	0.026490
зээл	тусламж	0.026490
зээл	болон	0.026490
зээл	авах	0.026490
зээл	гэнэ	0.019868
зээл	онд	0.019868
зээл	авсан	0.019868
зээлд	эзлэх	0.060345
зээлд	гаргасан	0.043103
зээлд	гарсан	0.034483
зээлд	гаргаж	0.034483
зээлд	байдаг	0.025862
зээлд	жижиг	0.025862
зээлд	бүтээгдэхүүн	0.025862
зээлд	нийлүүлж	0.025862
зээлийн	эдийн	0.132530
зээлийн	хамгийн	0.024096
зээлийн	хүүг	0.024096
зээлийн	гэрээ	0.024096
зээлийн	хувьд	0.024096
зээлийн	үнийн	0.018072
зээлийн	ийг	0.018072
зээлийн	нэг	0.018072
зээлийн	механизмыг	0.018072
зээлийн	үйлчилгээ	0.018072
зээлийн	эрэлт	0.018072
зүйлд	хамаарах	0.041667
зүйлийн	ургамал	0.041860
зүйлийн	шувуу	0.037209
зүйлийн	нэг	0.032558
зүйлийн	шувууд	0.027907
зүйлийн	амьтан	0.023256
зүйлийн	талаар	0.018605
зүйлийн	нэр	0.013953
зүйлийн	төлөө	0.013953
зүйлийн	тухай	0.013953
зүйлийн	нөлөөгөөр	0.013953
зүйлийн	далайн	0.013953
зүйлийн	тоо	0.013953
зүйлийн	улмаас	0.013953
зүйлсийн	талаар	0.108696
зүйлсийн	нэг	0.086957
зүйлсийн	нөлөөгөөр	0.065217
зүүн	өмнөд	0.094118
зүүн	хойд	0.075490
зүүн	тийш	0.047059
зүүн	баруун	0.036275
зүүн	талд	0.036275
зүүн	хэсэгт	0.034314
зүүн	зүгт	0.027451
зүүн	урд	0.027451
зүүн	гарын	0.024510
зүүн	гар	0.019608
зүүн	эрэгт	0.018627
зүүн	талаараа	0.018627
зүүн	азийн	0.017647
зүүн	зүг	0.017647
зүүн	европын	0.017647
зүүн	өмнө	0.016667
зүүн	талын	0.016667
зүүн	хэсэг	0.013725
зүүн	монголын	0.012745
зүүн	хойш	0.012745
зүүн	урагш	0.012745
зүүн	хэсгийн	0.011765
зүүн	жигүүрийн	0.011765
зүүн	болон	0.010784
зүүн	хойт	0.010784
зүүн	ба	0.009804
зүүн	хэсгээр	0.008824
зүүн	эргийн	0.008824
зүүн	эрэг	0.007843
зүүн	талаар	0.007843
зүүн	хоёр	0.007843
зүүн	талаас	0.006863
зүүн	германы	0.006863
зүүн	хязгаар	0.006863
зүүн	тал	0.006863
зүүн	монгол	0.005882
зүүн	герман	0.005882
зүүн	европ	0.005882
зүүн	зүүн	0.005882
зүүн	хэсгийг	0.005882
зөвлөгөө	өгөх	0.161290
зөвлөгөө	өгдөг	0.161290
зөвлөгөө	өгч	0.161290
зөвлөгөө	мэдээлэл	0.096774
зөвлөлт	холбоот	0.242424
зөвлөлт	засгийн	0.098485
зөвлөлт	орос	0.083333
зөвлөлт	монголын	0.075758
зөвлөлт	хятадын	0.053030
зөвлөлт	социалист	0.053030
зөвлөлт	оросын	0.037879
зөвлөлт	маягийн	0.022727
зөвлөлт	засгийг	0.022727
зөвлөлт	германы	0.022727
зөвлөлт	улсын	0.022727
зөвшөөрдөггүй	байсан	0.384615
зөвшөөрөгдсөн	байна	0.086957
зөвшөөрөгдсөн	байдаг	0.065217
зөвшөөрөгдсөн	ба	0.065217
зөгий	цэцгийн	0.103448
зөрүү	нь	0.200000
зөөлөн	уур	0.052083
зөөлөн	эд	0.052083
зөөлөн	дулаан	0.041667
зөөлөн	хатуу	0.031250
зөөлөн	болон	0.031250
иад	оны	0.434783
иад	оноос	0.304348
иад	онд	0.173913
идэх	ба	0.142857
идэх	боломжтой	0.095238
идэх	нь	0.095238
израил	улс	0.272727
иймээс	ч	0.075117
иймээс	тэд	0.028169
иймээс	энэ	0.028169
иймээс	тэр	0.018779
иймээс	онд	0.014085
иймээс	бид	0.014085
иймээс	процесс	0.014085
иймээс	тухайн	0.014085
иймээс	уг	0.014085
иймээс	эдгээр	0.014085
иймээс	ямар	0.014085
илгээж	байсан	0.067416
илгээж	байжээ	0.067416
илгээж	байв	0.056180
илгээж	байгаа	0.044944
илгээж	буй	0.033708
илрэх	бөгөөд	0.107143
илтгэж	байна	0.181818
илтгэж	байгаа	0.136364
илэрхийлж	болно	0.105769
илэрхийлж	байгаа	0.086538
илэрхийлж	байжээ	0.076923
илэрхийлж	буй	0.057692
илэрхийлж	байдаг	0.057692
илэрхийлж	байсан	0.048077
илэрхийлж	байв	0.048077
илэрхийлж	байна	0.038462
илэрхийлж	чадах	0.028846
илэрхийлэл	юм	0.147541
илэрхийлэл	нь	0.131148
илэрхийлэл	болж	0.065574
илэрхийлэл	болно	0.065574
илэрхийлэл	болсон	0.065574
илэрхийлэл	дараах	0.049180
илүү	их	0.067613
илүү	сайн	0.034224
илүү	өндөр	0.025876
илүү	олон	0.025042
илүү	нарийн	0.020868
илүү	хялбар	0.019199
илүү	тохиромжтой	0.017529
илүү	том	0.016694
илүү	үр	0.016694
илүү	өргөн	0.015860
илүү	хурдан	0.015860
илүү	байдаг	0.013356
илүү	хүчтэй	0.013356
илүү	найдвартай	0.010851
илүү	бага	0.010017
илүү	дэлгэрэнгүй	0.009182
илүү	чухал	0.008347
илүү	ихээр	0.008347
илүү	хямд	0.007513
илүү	төвөгтэй	0.006678
илүү	чанартай	0.006678
илүү	давуу	0.006678
илүү	гүн	0.006678
илүү	хүчирхэг	0.005843
илүү	эрх	0.005843
илүү	тод	0.005843
илүү	ойр	0.005843
илүү	уян	0.005843
илүү	урт	0.005008
илүү	тогтвортой	0.005008
илүү	хүнд	0.005008
илүү	хувь	0.005008
илүү	сонирхолтой	0.005008
илүү	бодитой	0.005008
илүү	тодорхой	0.005008
илүү	оновчтой	0.005008
илүү	үнэтэй	0.004174
илүү	дээр	0.004174
илүү	бараан	0.004174
илүү	төстэй	0.004174
ингэж	нэрлэдэг	0.038889
ингэж	л	0.033333
ингэж	нэрлэсэн	0.033333
ингэж	нэрлэх	0.027778
ингэж	явсаар	0.027778
ингэж	анх	0.016667
ингэж	нэрлэгдсэн	0.016667
ингэж	үзвэл	0.016667
ингэж	хүн	0.016667
интегрин	нь	0.500000
интегрин	ба	0.136364
интернет	протоколын	0.067797
интернет	дээр	0.050847
интернет	худалдааны	0.050847
интернэтээр	дамжуулан	0.321429
ион	мг	0.166667
ион	нь	0.100000
ион	болон	0.100000
ионы	холбоо	0.187500
иракийн	ард	0.120000
иргэдийн	төлөөлөгчдийн	0.102041
иргэдийн	дунд	0.047619
иргэдийн	тоо	0.040816
иргэдийн	хооронд	0.027211
иргэдийн	дийлэнх	0.027211
иргэдийн	эрх	0.027211
иргэдийн	хувьд	0.020408
иргэдийн	гол	0.020408
иргэдийн	хурлын	0.020408
иргэдийн	булш	0.020408
иргэдийн	хэлээр	0.020408
ирмэг	нь	0.222222
ирмэг	дээр	0.222222
ирнэ	гэж	0.250000
ирсэн	байна	0.097625
ирсэн	юм	0.068602
ирсэн	бөгөөд	0.064644
ирсэн	нь	0.058047
ирсэн	билээ	0.035620
ирсэн	ба	0.023747
ирсэн	тул	0.023747
ирсэн	түүхтэй	0.022427
ирсэн	байдаг	0.022427
ирсэн	ч	0.021108
ирсэн	боловч	0.018470
ирсэн	гэж	0.018470
ирсэн	хэмээн	0.010554
ирсэн	уламжлалтай	0.009235
ирсэн	бол	0.007916
ирсэн	үе	0.007916
ирсэн	үед	0.006596
ирсэн	энэ	0.006596
ирсэн	тохиолдолд	0.006596
ирсэн	анхны	0.006596
ирсэн	байх	0.005277
ирсэн	явдал	0.005277
ирсэн	мэт	0.005277
ирсэн	ажээ	0.005277
ирсэн	олон	0.005277
ирсэн	тухай	0.003958
ирсэн	байгаа	0.003958
ирсэн	эртний	0.003958
ирсэн	газар	0.003958
ирсэн	хэдий	0.003958
ирсэн	бүх	0.003958
ирсэн	хүмүүсийг	0.003958
ирсэн	мэдээллийг	0.003958
ирсэн	хүний	0.003958
ирсэн	цэрэг	0.003958
ирсэн	их	0.003958
ирсэн	монгол	0.003958
ирсэн	даруйдаа	0.003958
ирсэн	хүмүүс	0.003958
ирсэн	байж	0.003958
испани	хэлээр	0.078125
испани	улсын	0.078125
испани	болон	0.078125
испани	хэлний	0.062500
испани	улс	0.046875
итгэдэг	байсан	0.285714
итгэдэг	байв	0.107143
итгэл	төгс	0.127660
итгэл	найдвар	0.106383
итгэл	найдвартай	0.063830
итгэлтэй	байна	0.142857
итгэлтэй	байж	0.114286
итгэлтэй	байдаг	0.085714
итгэлтэй	байсан	0.085714
ихээхэн	хэмжээний	0.077694
ихээхэн	хохирол	0.050125
ихээхэн	ач	0.030075
ихээхэн	нөлөө	0.027569
ихээхэн	хувь	0.022556
ихээхэн	үүрэг	0.022556
ихээхэн	ялгаатай	0.020050
ихээхэн	нөлөөлсөн	0.017544
ихээхэн	хамааралтай	0.015038
ихээхэн	амжилт	0.015038
ихээхэн	хэмжээгээр	0.012531
ихээхэн	үүрэгтэй	0.012531
ихээхэн	тус	0.012531
ихээхэн	анхаарал	0.012531
ихээхэн	үр	0.010025
ихээхэн	хүч	0.010025
ихээхэн	хэсэг	0.010025
ихээхэн	татдаг	0.010025
ихээхэн	чухал	0.010025
ихээхэн	анхаардаг	0.007519
ихээхэн	ашигладаг	0.007519
ихээхэн	нөлөөлжээ	0.007519
ихээхэн	нэр	0.007519
ихээхэн	бэрхшээл	0.007519
ихээхэн	хэсгийг	0.007519
ихээхэн	тархсан	0.007519
ихээхэн	өндөр	0.007519
ихээхэн	хэрэглэдэг	0.007519
ихээхэн	цаг	0.007519
ихээхэн	сонирхолтой	0.007519
ихээхэн	хор	0.007519
ихээхэн	хугацаа	0.007519
ихээхэн	төстэй	0.007519
ихээхэн	хөнөөл	0.007519
ихээхэн	өөрчлөгдөж	0.007519
ихээхэн	хүчтэй	0.007519
ихээхэн	шуугиан	0.007519
ихээхэн	хөрөнгө	0.007519
ихээхэн	түлхэц	0.007519
йорк	хотын	0.297872
йорк	хотод	0.085106
йорк	дахь	0.085106
йорк	хот	0.063830
йорк	их	0.063830
к	поп	0.140000
к	маркс	0.100000
к	е	0.060000
к	к	0.060000
к	ф	0.060000
кабель	нь	0.227273
кабель	юм	0.068182
кавказын	нурууны	0.138889
кавказын	хойд	0.083333
канадын	засгийн	0.040000
канадын	ерөнхий	0.040000
канадын	амбан	0.040000
канадын	консерватив	0.040000
канадын	атлантын	0.040000
католик	шашны	0.322581
католик	сүм	0.161290
католик	сүмийн	0.129032
католик	шашин	0.112903
католик	шашинд	0.064516
квантуны	армийн	0.428571
квантуны	арми	0.238095
квантуны	цэргийн	0.142857
квт	м	0.250000
квт	ын	0.250000
квт	чадалтай	0.156250
километр	зайтай	0.101449
километр	урт	0.057971
километр	газар	0.057971
километр	газарт	0.057971
километр	зайд	0.057971
километр	хүртэлх	0.043478
километр	нутаг	0.043478
километр	орчим	0.043478
кирилл	үсгээр	0.125000
кирилл	үсгийг	0.125000
кирилл	үсгийн	0.125000
класс	дотор	0.285714
класс	нь	0.142857
кодыг	нь	0.039216
кодыг	ашиглан	0.039216
коллежийн	сагсан	0.200000
команд	нь	0.388889
команд	болон	0.055556
командыг	ашиглан	0.162791
командыг	уншиж	0.069767
командыг	ашиглана	0.069767
командыг	тайлж	0.069767
коммандын	мөрийн	0.214286
компани	нь	0.212034
компани	юм	0.060172
компани	болон	0.028653
компани	болох	0.025788
компани	өөрийн	0.020057
компани	болж	0.017192
компани	оны	0.017192
компани	онд	0.017192
компани	бөгөөд	0.014327
компани	барьж	0.008596
компани	болсон	0.008596
компани	гаргаж	0.008596
компани	шинэ	0.008596
компани	байгуулж	0.008596
компани	дээр	0.008596
компани	ч	0.008596
компани	руу	0.008596
компани	хувь	0.008596
компани	энэхүү	0.008596
компани	байгуулах	0.008596
компани	хамтран	0.008596
компани	байна	0.008596
компаниуд	нь	0.103093
компаниуд	болох	0.051546
компаниуд	болон	0.030928
компьютерт	мэдээлэл	0.040000
компьютерт	маш	0.040000
компьютерт	хэрэглэгддэг	0.030000
компьютерт	өгөгдөл	0.030000
корпорацийн	ерөнхийлөгч	0.111111
крис	мартин	0.625000
лазер	хэвлэгч	0.136364
латин	хэлний	0.203390
латин	америкийн	0.101695
латин	хэл	0.059322
латин	цагаан	0.050847
латин	хэлээр	0.050847
латин	үсэг	0.042373
латин	үгнээс	0.033898
латин	үсэгт	0.033898
латин	хэлнээс	0.033898
латин	үсгээр	0.025424
латин	америк	0.025424
латин	хэлэнд	0.025424
латин	нэрийг	0.025424
латин	үг	0.025424
латин	болон	0.025424
лениний	одонгоор	0.153846
лениний	одон	0.115385
линукс	үйлдлийн	0.205882
линукс	дээр	0.176471
лог	нь	0.200000
лог	мэдээг	0.100000
лугаа	адил	0.333333
майами	хит	0.631579
малтай	өрх	0.128205
малтай	байжээ	0.076923
малчин	ард	0.217391
малчин	өрх	0.101449
малчин	өрхийн	0.057971
малчин	тариачны	0.043478
малчин	улсын	0.043478
мандал	дахь	0.130435
мандал	сумын	0.130435
мандал	нь	0.065217
мандал	суманд	0.065217
манжуур	дахь	0.263158
манжуур	руу	0.157895
манхан	сумын	0.240000
манхан	зэрэг	0.120000
маршал	чойбалсан	0.155556
маршал	х	0.155556
маршал	цолыг	0.111111
маршал	болсон	0.111111
маршал	линь	0.066667
мастер	настай	0.122449
мастер	цолтой	0.102041
материал	юм	0.053691
материал	нь	0.053691
материал	болон	0.046980
материал	дээр	0.046980
материал	болгон	0.033557
материал	ашигласан	0.020134
материал	ба	0.020134
материал	цэгийн	0.020134
материалын	шинж	0.067797
материалын	хими	0.067797
материалын	тусламж	0.050847
матриц	нь	0.181818
матриц	хэвлэгч	0.136364
машинууд	нь	0.321429
машинууд	уруу	0.107143
маяг	нь	0.126761
маяг	юм	0.042254
медаль	хүртсэн	0.354978
медаль	хүртэж	0.164502
медаль	хүртжээ	0.108225
медаль	зүүсэн	0.060606
медаль	авсан	0.025974
медаль	оны	0.025974
медаль	авч	0.021645
медаль	ардын	0.017316
медаль	онд	0.012987
медаль	нь	0.012987
мексик	болон	0.157895
мембран	нь	0.181818
мембран	дээр	0.181818
мембраны	уураг	0.125000
металл	юм	0.074074
металл	бөгөөд	0.049383
металл	нь	0.049383
металл	биш	0.049383
металл	ба	0.037037
металл	зэрэг	0.037037
металл	бус	0.037037
металл	болон	0.037037
метрт	өргөгдсөн	0.208333
метрт	оршино	0.125000
метрт	оршдог	0.125000
механик	болон	0.057471
механик	энерги	0.057471
механик	инженерийн	0.045977
механик	нь	0.045977
механик	хурдны	0.034483
механик	техникийн	0.034483
минь	чи	0.042857
мм	ийн	0.120253
мм	тунадас	0.069620
мм	хүртэл	0.063291
мм	хур	0.056962
мм	ээс	0.056962
мм	хэмжээтэй	0.050633
мм	байна	0.044304
мм	урт	0.031646
мм	өргөн	0.025316
мм	байдаг	0.025316
мм	орчим	0.025316
мм	голчтой	0.018987
мм	мм	0.018987
мод	нь	0.053097
мод	хэлбэрийн	0.039823
мод	ургадаг	0.030973
мод	ургамал	0.030973
мод	боловсруулах	0.030973
мод	юм	0.026549
мод	бөгөөд	0.022124
мод	эзэлдэг	0.017699
мод	шиг	0.017699
мод	ба	0.017699
мод	гэнэ	0.017699
мод	эсвэл	0.017699
мод	хувийг	0.013274
мод	буюу	0.013274
мод	гэдэг	0.013274
мод	ихээр	0.013274
мод	ихтэй	0.013274
мод	зэрэг	0.013274
мод	газар	0.013274
мод	бүхий	0.013274
мод	гэсэн	0.013274
мод	ус	0.013274
молекул	нь	0.115942
молекул	болон	0.086957
молекул	болох	0.057971
молекул	үүснэ	0.057971
молекул	жинтэй	0.043478
молекулын	түвшинд	0.075000
молекулын	тухай	0.075000
монголыг	нэгтгэн	0.067416
монголыг	өөрийн	0.056180
монголыг	эзлэн	0.044944
монголыг	хятадын	0.044944
монголыг	өөртөө	0.033708
монголыг	бүхэлд	0.033708
монголыг	тусгаар	0.033708
монголын	эзэнт	0.026363
монголын	нууц	0.024566
монголын	ард	0.021570
монголын	их	0.021570
монголын	тусгаар	0.020371
монголын	үндэсний	0.017975
монголын	анхны	0.016177
монголын	хамгийн	0.014979
монголын	түүхийн	0.013182
монголын	цэрэг	0.013182
монголын	улс	0.013182
монголын	засгийн	0.012582
монголын	зүүн	0.011384
монголын	хаан	0.011384
монголын	цэргийн	0.010785
монголын	хөгжмийн	0.010186
монголын	түүхэнд	0.010186
монголын	төр	0.009587
монголын	нутагт	0.008987
монголын	баруун	0.008987
монголын	олон	0.008987
монголын	тал	0.008987
монголын	эртний	0.008388
монголын	ардын	0.008388
монголын	уран	0.007789
монголын	бүх	0.007190
монголын	төрийн	0.006591
монголын	түүх	0.006591
монголын	эрх	0.006591
монголын	эсрэг	0.006591
монголын	газар	0.005992
монголын	радиогийн	0.005992
монголын	кино	0.005392
монголын	өөртөө	0.005392
монголын	төрийг	0.005392
монголын	орчин	0.005392
монголын	талд	0.005392
монголын	нутаг	0.005392
монголын	рок	0.005392
монголын	нутгийн	0.004793
морь	нь	0.104762
морь	тэмээ	0.066667
морь	унаж	0.047619
морь	унасан	0.047619
морь	мал	0.038095
морь	унах	0.028571
москвагийн	их	0.173333
москвагийн	цагийн	0.133333
москвагийн	ван	0.053333
москвагийн	дэргэд	0.053333
москвагийн	улсын	0.040000
москвагийн	ойролцоо	0.040000
моторт	спортын	0.350000
моторт	спортод	0.150000
мужид	орших	0.076190
мужид	байрладаг	0.038095
мужид	төрсөн	0.038095
мужид	багтдаг	0.038095
мужид	байсан	0.028571
мужид	багтах	0.028571
мужид	ямар	0.028571
музейд	хадгалагдаж	0.333333
музейн	сан	0.170732
муу	байсан	0.045198
муу	юм	0.039548
муу	уусдаг	0.033898
муу	үр	0.033898
муу	үйл	0.033898
муу	нөлөө	0.022599
муу	тал	0.022599
муу	талтай	0.022599
муу	үйлийн	0.016949
муу	нэр	0.016949
муу	гэсэн	0.016949
муу	хөгжсөн	0.016949
муу	мэддэг	0.016949
муу	зүйл	0.016949
муутай	гэсэн	0.046875
муутай	байв	0.046875
муутай	гэж	0.046875
муутай	арга	0.046875
мэ	онд	0.138298
мэ	оны	0.127660
мэ	ний	0.127660
мэ	он	0.117021
мэ	р	0.074468
мэ	ix	0.042553
мэ	v	0.031915
мэ	i	0.031915
мэ	iii	0.031915
мэ	ий	0.031915
мэддэггүй	байжээ	0.250000
мэддэггүй	байсан	0.250000
мэдлийг	гартаа	0.172414
мэдлэгтэй	байх	0.185185
мэднэ	гэж	0.214286
мэдсэн	юм	0.098039
мэдсэн	нь	0.058824
мэдсэн	учир	0.058824
мэдсэн	байна	0.058824
мэдэгдэхүйц	нэмэгддэг	0.096774
мэдэгдэхүйц	өөрчлөлт	0.096774
мэдэж	байсан	0.181818
мэдэж	байгаа	0.111888
мэдэж	байх	0.097902
мэдэж	байв	0.055944
мэдэж	болно	0.055944
мэдэж	байна	0.041958
мэдэж	авсан	0.041958
мэдэж	болох	0.034965
мэдэж	байжээ	0.027972
мэдэж	авдаг	0.020979
мэдэл	нь	0.104478
мэдэл	бүхий	0.089552
мэдэл	байхгүй	0.044776
мэдэл	өгч	0.044776
мэдэлд	байсан	0.141509
мэдэлд	орсон	0.075472
мэдэлд	очсон	0.056604
мэдэлд	байдаг	0.047170
мэдэлд	орж	0.047170
мэдэлд	шилжсэн	0.037736
мэдэлд	байв	0.028302
мэдээллээ	дамжуулах	0.069767
мэдээллээ	өгсөн	0.069767
мэдээллээр	хангах	0.222222
мэдээллээр	хангадаг	0.083333
мэдээллээр	хангахад	0.083333
мэдээллээр	хангаж	0.083333
мэдээллүүд	нь	0.222222
мэдээлэл	нь	0.106632
мэдээлэл	болон	0.028609
мэдээлэл	дамжуулах	0.024707
мэдээлэл	юм	0.018205
мэдээлэл	авах	0.018205
мэдээлэл	боловсруулах	0.018205
мэдээлэл	хадгалах	0.016905
мэдээлэл	солилцох	0.016905
мэдээлэл	зүйн	0.015605
мэдээлэл	агуулсан	0.014304
мэдээлэл	олж	0.013004
мэдээлэл	технологийн	0.013004
мэдээлэл	цуглуулах	0.013004
мэдээлэл	харилцаа	0.011704
мэдээлэл	оруулах	0.011704
мэдээлэл	харилцааны	0.010403
мэдээлэл	дээр	0.009103
мэдээлэл	дамжуулж	0.007802
мэдээлэл	ч	0.007802
мэдээлэл	буюу	0.007802
мэдээлэл	байдаг	0.007802
мэдээлэл	гэж	0.007802
мэдээлэл	гарч	0.007802
мэдээлэл	хайх	0.007802
мэдээлэл	хүргэх	0.007802
мэдээлэл	гэсэн	0.006502
мэдээлэл	бүхий	0.006502
мэдээлэл	маш	0.006502
мэдээлэл	өгөх	0.006502
мэдээлэл	байна	0.006502
мэдээлэл	байдаггүй	0.006502
мэдээлэл	олон	0.006502
мэдээлэл	бол	0.006502
мэдээлэл	орж	0.005202
мэдээлэл	холбооны	0.005202
мэдээлэл	дамжуулдаг	0.005202
мэдээлэл	бий	0.005202
мэдээлэл	нэг	0.005202
мэдээлэл	цуглуулдаг	0.005202
мэдээлэл	хайлтын	0.005202
мэх	нь	0.160000
мєн	л	0.200000
мөнгө	хүрэл	0.131068
мөнгө	нь	0.048544
мөнгө	олох	0.043689
мөнгө	болон	0.033981
мөнгө	авч	0.019417
мөнгө	үнэт	0.019417
мөнгө	төгрөг	0.019417
мөнгө	юм	0.014563
мөнгө	төлөх	0.014563
мөнгө	хэлхээ	0.014563
мөнгө	онд	0.014563
мөнгө	зэс	0.014563
мөнгө	их	0.014563
мөнхийн	өрсөлдөгч	0.096154
мөрдөх	товчоо	0.200000
мөрдөх	товчооны	0.075000
мөрийг	нь	0.071429
мөрийн	хөтөлбөр	0.080000
мөрийн	интерфейс	0.080000
мөрийн	утгыг	0.060000
мөс	нь	0.157895
мөсний	бүжгийн	0.214286
наадамд	түрүүлж	0.076923
наадамд	удаа	0.076923
наадамд	оролцож	0.061538
наадамд	барилдаж	0.038462
наадамд	түрүүлсэн	0.030769
наадамд	онд	0.030769
наадамд	давж	0.030769
наадамд	даван	0.023077
наадамд	хүчит	0.023077
наадамд	тав	0.023077
наадамд	оролцох	0.023077
наадмаас	шилдэг	0.205882
наадмаас	хойш	0.088235
наадмаас	шагнал	0.088235
наадмын	хүчит	0.055556
наадмын	шилдэг	0.046296
наадмын	үндэсний	0.046296
наадмын	үеэр	0.037037
наадмын	аварга	0.037037
наадмын	түүхэнд	0.037037
наадмын	нэг	0.037037
наадмын	дараа	0.027778
наадмын	тэргүүн	0.027778
наадмын	нэгэн	0.027778
найдвар	төрүүлж	0.187500
найдвар	нь	0.187500
найдвартай	байдлыг	0.095238
найдвартай	байдал	0.068027
найдвартай	ажиллагааны	0.040816
найдвартай	байдаг	0.034014
найдвартай	ажиллагааг	0.034014
найдвартай	арга	0.027211
найдвартай	ажиллах	0.027211
найдвартай	бөгөөд	0.020408
найдвартай	тээврийн	0.020408
найдвартай	болон	0.020408
найдвартай	байх	0.020408
найз	нөхөд	0.185185
найз	бүсгүй	0.111111
найз	нар	0.055556
найз	бөгөөд	0.055556
наймаа	хийж	0.142857
наймаа	хийх	0.095238
найрагч	гэж	0.085714
налуу	нь	0.157895
налуу	дээр	0.078947
намрын	улиралд	0.156250
намрын	тэргүүн	0.093750
нар	нь	0.093804
нар	юм	0.026678
нар	ажиллаж	0.020654
нар	тоглосон	0.018072
нар	сар	0.016351
нар	болон	0.014630
нар	оны	0.012048
нар	онд	0.012048
нар	хамтран	0.011188
нар	тус	0.010327
нар	зөв	0.007745
нар	энэ	0.007745
нар	болох	0.006885
нар	байв	0.006885
нар	байсан	0.006885
нар	байлаа	0.006024
нар	олон	0.006024
нар	байжээ	0.005164
нар	л	0.005164
нар	оролцсон	0.005164
нар	болно	0.005164
нар	монгол	0.005164
нар	түүнийг	0.005164
нар	сарны	0.004303
нар	төв	0.004303
нар	амь	0.004303
нар	их	0.004303
нар	ч	0.004303
нар	тогложээ	0.004303
нар	байдаг	0.004303
нар	бол	0.004303
нар	шалгаран	0.004303
нар	өөрсдийн	0.003442
нар	үүнийг	0.003442
нар	бичжээ	0.003442
нар	мөн	0.003442
нар	тэднийг	0.003442
нар	биднийг	0.003442
нар	авч	0.003442
нар	гэж	0.003442
нарийн	бичгийн	0.240166
нарийн	төвөгтэй	0.082816
нарийн	зохион	0.014493
нарийн	тодорхой	0.012422
нарийн	бүтэцтэй	0.012422
нарийн	зурвас	0.012422
нарийн	чанд	0.010352
нарийн	судалж	0.008282
нарийн	болон	0.008282
нарийн	тодорхойлсон	0.008282
нарийн	мэргэжлийн	0.008282
нарийн	урт	0.008282
нарийн	хийцтэй	0.008282
нарийн	багаж	0.006211
нарийн	хэсгээрээ	0.006211
нарийн	зүйлсийг	0.006211
нарийн	тодорхойлж	0.006211
нарийн	боловч	0.006211
нарийн	арга	0.006211
нарийн	нягт	0.006211
нарийн	ялгаж	0.006211
нарийн	нийлмэл	0.006211
нарийн	хэсэг	0.006211
нарийн	процесс	0.006211
нарийн	бичиг	0.006211
нарийн	нандин	0.006211
нарийн	бие	0.006211
нарны	аймгийн	0.130435
нарны	гэрэл	0.095652
нарны	эрчим	0.060870
нарны	аймаг	0.060870
нарны	хэт	0.052174
нарны	гэрлийг	0.052174
нарны	дулааны	0.026087
нарны	цацраг	0.026087
нарт	нь	0.042553
нарт	зориулсан	0.031915
нарын	хамт	0.036913
нарын	зөвлөлийн	0.035235
нарын	нэг	0.035235
нарын	хамтаар	0.028523
нарын	хүү	0.023490
нарын	дунд	0.021812
нарын	хооронд	0.018456
нарын	зөвлөл	0.011745
нарын	гэр	0.011745
нарын	олон	0.011745
нарын	хүмүүс	0.010067
нарын	цэрэг	0.010067
нарын	эсрэг	0.010067
нарын	хоёр	0.010067
нарын	охин	0.008389
нарын	дундаас	0.008389
нарын	газар	0.008389
нарын	зарим	0.006711
нарын	дараа	0.006711
нарын	зэрэг	0.006711
нарын	хувьд	0.006711
нарын	эрх	0.006711
нарын	гол	0.006711
нарын	хийсэн	0.005034
нарын	орос	0.005034
нарын	хүүхдийн	0.005034
нарын	хувь	0.005034
нарын	их	0.005034
нарын	мэргэжил	0.005034
нарын	гурван	0.005034
нарын	хэн	0.005034
нарын	байгуулсан	0.005034
нарын	ууган	0.005034
нарын	дахь	0.005034
нарын	асуудлыг	0.005034
нарын	дотор	0.005034
нарын	бүтээл	0.005034
нарын	хурал	0.005034
нарын	хоорондын	0.005034
нарын	эрдэмтэд	0.005034
насан	өөд	0.388889
насан	туршид	0.138889
насан	эцэс	0.111111
насан	дээрээ	0.083333
насанд	хүрсэн	0.448718
насанд	нь	0.102564
насанд	аюултай	0.089744
насанд	хүрээгүй	0.076923
насанд	хүрч	0.051282
насанд	аюул	0.038462
настай	байхад	0.179612
настай	байхдаа	0.116505
настай	байсан	0.072816
настай	байв	0.038835
настай	байжээ	0.029126
настай	хүн	0.024272
настай	хүү	0.019417
настай	хүүхэд	0.014563
настай	байх	0.014563
начин	цолтой	0.169811
начин	цол	0.113208
начин	б	0.075472
начин	шонхор	0.075472
начин	ж	0.075472
начин	д	0.056604
начин	цолтон	0.056604
нба	гийн	0.649123
нба	д	0.175439
нба	гын	0.052632
нба	г	0.035088
нд	төрсөн	0.055010
нд	гарсан	0.035363
нд	болсон	0.024558
нд	гаргасан	0.018664
нд	албан	0.016699
нд	нас	0.015717
нд	эхэлж	0.013752
нд	өмнөд	0.011788
нд	худалдаанд	0.010806
нд	ану	0.010806
нд	нээлтээ	0.009823
нд	анхны	0.007859
нд	анх	0.007859
нд	монгол	0.007859
нд	нью	0.007859
нд	дууссан	0.006876
нд	улаанбаатар	0.006876
нд	дипломат	0.006876
нд	хийсэн	0.006876
нд	оросын	0.006876
нд	тус	0.005894
нд	япон	0.005894
нд	тусгаар	0.005894
нд	японы	0.005894
нд	гэрлэсэн	0.005894
нд	насандаа	0.005894
нд	m	0.004912
нд	японд	0.004912
нд	байгуулагдсан	0.004912
нд	германы	0.004912
нд	их	0.004912
нд	бнмау	0.004912
нд	францын	0.004912
нд	нүб	0.004912
нд	баталсан	0.004912
нд	америкийн	0.004912
нд	хариу	0.004912
нд	тэрээр	0.003929
нд	хийж	0.003929
нд	гарч	0.003929
ний	өдөр	0.267760
ний	өдрийн	0.131148
ний	хооронд	0.049180
ний	р	0.032787
ний	өдрөөс	0.027322
ний	өдрүүдэд	0.027322
ний	өдрийг	0.016393
ний	тамирчин	0.016393
ний	дагуу	0.016393
нийлбэр	нь	0.202703
нийлбэр	юм	0.108108
нийлбэр	харьцаагаар	0.108108
нийлбэр	дүнгээр	0.081081
нийлбэр	цогц	0.067568
нийлбэр	дүн	0.040541
нийтлэгдсэн	байна	0.150000
нийцэж	байгаа	0.235294
нийцэж	байсан	0.235294
николай	хааныг	0.266667
николай	хаан	0.200000
нимгэн	цагаан	0.056604
нимгэн	төмөр	0.056604
нисдэг	тэрэг	0.317073
нисдэг	тэрэгний	0.243902
нисдэг	тэргээр	0.121951
нисдэг	загас	0.073171
ногоо	тариалж	0.125000
ногоо	болон	0.062500
номондоо	бичсэн	0.193548
нотолгоо	нь	0.187500
нохой	нь	0.104167
нохой	зэрэг	0.062500
нохой	жил	0.062500
нохой	шиг	0.062500
ноёрхож	байсан	0.500000
нтө	онд	0.367647
нтө	оны	0.191176
нтө	р	0.102941
нтө	он	0.044118
нтө	ii	0.044118
нтө	i	0.044118
нтө	оноос	0.044118
нтө	vi	0.044118
нуруун	хэсэг	0.589286
нуруун	дээр	0.142857
нуруунаас	эх	0.142857
нурууны	салбар	0.102804
нурууны	ноён	0.046729
нурууны	баруун	0.046729
нурууны	ар	0.037383
нурууны	дунд	0.037383
нурууны	өмнөд	0.037383
нурууны	тусгай	0.028037
нурууны	дагуу	0.028037
нурууны	зүүн	0.028037
нутагтай	бөгөөд	0.105263
нутагтай	мянган	0.052632
нутагтай	нутгаас	0.052632
нутгаар	дайран	0.048780
нутгаар	тархсан	0.048780
нутгаар	дамжуулан	0.036585
нутгаар	нь	0.036585
нутгаар	явж	0.036585
нутгаар	дамжин	0.036585
нутгаар	км	0.036585
нууцыг	хадгалах	0.148148
нууцыг	нь	0.111111
нэвтрүүлж	буй	0.096774
нэвтрүүлж	байсан	0.096774
нэвтрүүлж	болох	0.096774
нэвтрүүлсэн	юм	0.218750
нэгдлүүдийг	гарган	0.200000
нэгдлүүдийг	ашиглан	0.200000
нэгдсэн	улсын	0.110795
нэгдсэн	үндэстний	0.082386
нэгдсэн	вант	0.053977
нэгдсэн	улс	0.042614
нэгдсэн	нэг	0.025568
нэгдсэн	юм	0.019886
нэгдсэн	улсад	0.019886
нэгдсэн	бодлого	0.017045
нэгдсэн	бөгөөд	0.017045
нэгдсэн	билээ	0.014205
нэгдсэн	байна	0.014205
нэгдсэн	сүлжээнд	0.014205
нэгдсэн	зохион	0.014205
нэгдсэн	гэж	0.011364
нэгдсэн	удирдлага	0.011364
нэгдсэн	эмнэлэг	0.011364
нэгдсэн	үндэсний	0.008523
нэгдсэн	мэдээллийн	0.008523
нэгдсэн	аюулгүй	0.008523
нэгдсэн	фронт	0.008523
нэгдсэн	холбоо	0.008523
нэгдсэн	журам	0.008523
нэгдсэн	систем	0.008523
нэгдсэн	тодорхойлолт	0.008523
нэгдсэн	нам	0.008523
нэгдсэн	орос	0.008523
нэгж	нь	0.189873
нэгж	юм	0.075949
нэгж	болох	0.042194
нэгж	хугацаанд	0.029536
нэгж	байгууллага	0.029536
нэгж	багтай	0.021097
нэгж	эд	0.016878
нэгж	болон	0.016878
нэгж	хэсэг	0.016878
нэгж	болгон	0.012658
нэгж	болж	0.012658
нэгж	мөн	0.012658
нэгж	байна	0.012658
нэгж	гэж	0.012658
нэгж	сум	0.012658
нэгж	гэдэг	0.012658
нэгжийн	үйл	0.098039
нэгжийн	хувьд	0.098039
нэгийг	нь	0.418605
нэгний	өдөр	0.100000
нэгтгэх	зорилготой	0.087719
нэгтгэх	нь	0.087719
нэгтгэх	гэсэн	0.052632
нэгтгэх	бодлого	0.052632
нэгтгэх	замаар	0.052632
нэмрээ	оруулсан	0.423077
нэмрээ	оруулж	0.115385
нэмрээ	оруулах	0.115385
нэмэгдэх	тусам	0.113208
нэмэгдэх	нь	0.094340
нэмэгдэх	болно	0.075472
нэмэгдэх	болсон	0.056604
нэмэгдэх	хандлагатай	0.056604
нэмэлт	мэдээлэл	0.041284
нэмэлт	өөрчлөлт	0.041284
нэмэлт	хүч	0.036697
нэмэлт	цагт	0.032110
нэмэлт	болгон	0.027523
нэмэлт	зүйл	0.013761
нэмэлт	тэжээл	0.013761
нэмэлт	төлбөр	0.013761
нэмэлт	санах	0.013761
нэмэлт	бодис	0.013761
нэмэлт	дээд	0.013761
нэмэн	ирж	0.176471
нэрийг	нь	0.122034
нэрийг	өгсөн	0.027119
нэрийг	олон	0.020339
нэрийг	авчээ	0.020339
нэрийг	монгол	0.020339
нэрийг	оны	0.020339
нэрийг	албан	0.016949
нэрийг	авсан	0.013559
нэрийг	сонгосон	0.013559
нэрийг	оруулан	0.013559
нэрийг	олсон	0.010169
нэрийг	халж	0.010169
нэрийг	олж	0.010169
нэрийг	хятад	0.010169
нэрийг	бичсэн	0.010169
нэрлэгддэг	байсан	0.081081
нэрлэгддэг	бөгөөд	0.081081
нэрлэгддэг	боловч	0.054054
нэрлэгддэг	тусгай	0.040541
нэрлэгддэг	ба	0.040541
нэрлэгддэг	байв	0.040541
нэрлэж	болно	0.184524
нэрлэж	байсан	0.166667
нэрлэж	байжээ	0.113095
нэрлэж	байв	0.077381
нэрлэж	болох	0.047619
нэрлэж	байна	0.035714
нэрлэж	байлаа	0.029762
нэрлэж	байгаа	0.029762
нэрлэж	ирсэн	0.029762
нэрлэж	байгаад	0.017857
нэртэйгээр	байгуулагдсан	0.098765
нэртэйгээр	үйл	0.061728
нэртэйгээр	байгуулагдаж	0.049383
нэртэйгээр	зохион	0.037037
нэртэйгээр	онд	0.037037
нэртэйгээр	худалдаанд	0.037037
нэрэмжит	шагнал	0.075472
нэрэмжит	болгожээ	0.056604
нэрэмжит	цэргийн	0.047170
нэрэмжит	уран	0.037736
нэрэмжит	москвагийн	0.037736
нэрэмжит	болгож	0.037736
нэрэмжит	шагналт	0.028302
нэрэмжит	оросын	0.028302
нэрэмжит	жилийн	0.028302
нэрэмжит	сургууль	0.028302
нүд	нь	0.146667
нүд	хамар	0.066667
нүд	хүртэлх	0.040000
нүд	байна	0.040000
нүд	ам	0.040000
нүдэнд	нь	0.166667
нүх	нь	0.177778
нүх	гарган	0.066667
нүх	рүү	0.066667
нүх	ухаж	0.066667
нүүдэлчин	монголчуудын	0.105263
нүүдэлчин	монголчууд	0.105263
нүүдэлчин	аймаг	0.087719
нүүдэлчин	аймгуудын	0.070175
нүүдэлчин	ард	0.052632
нүүр	царай	0.197368
нүүр	нь	0.118421
нүүр	зураг	0.078947
нүүр	тулж	0.052632
нүүр	хүзүү	0.039474
нүүрстөрөгчийн	давхар	0.303030
нүүрстөрөгчийн	атом	0.121212
нүүсэн	бөгөөд	0.210526
нүүсэн	нь	0.157895
нүүсэн	байна	0.157895
нөгөө	талаас	0.191892
нөгөө	талаар	0.132432
нөгөө	нь	0.118919
нөгөө	хэсэг	0.054054
нөгөө	рүү	0.037838
нөгөө	хоёр	0.035135
нөгөө	талд	0.029730
нөгөө	нэг	0.024324
нөгөө	тал	0.021622
нөгөө	ертөнцөд	0.016216
нөгөө	талаараа	0.013514
нөгөө	талдаа	0.010811
нөгөө	хэсэгт	0.008108
нөгөө	газарт	0.008108
нөгөө	компьютерт	0.008108
нөлөөний	бүс	0.217391
нөлөөний	улмаас	0.130435
нөлөөний	хүрээ	0.130435
нөхөр	нь	0.232143
нөхөр	д	0.053571
нөхөр	хоёр	0.053571
овог	аймгийн	0.125604
овог	нь	0.120773
овог	аймаг	0.086957
овог	аймгууд	0.086957
овог	юм	0.072464
овог	аймгуудын	0.048309
овог	аймгуудыг	0.038647
овог	болон	0.028986
овог	болох	0.019324
овог	байсан	0.019324
овог	аймгийг	0.019324
овог	бол	0.014493
овог	төрөлд	0.014493
овог	төрөл	0.014493
овогт	багтах	0.138889
овогт	багтдаг	0.083333
огтхон	ч	1.000000
одоог	хүртэл	0.964286
одоогоор	мэдэгдэж	0.048128
одоогоор	гаруй	0.037433
одоогоор	тус	0.037433
одоогоор	хамгийн	0.026738
одоогоор	энэ	0.026738
одоогоор	нийт	0.021390
одоогоор	дэлхий	0.016043
одоогоор	км	0.016043
одоогоор	онд	0.016043
одсон	байна	0.150000
ой	мод	0.121951
ой	нь	0.109756
ой	руу	0.085366
ой	дахь	0.036585
ой	болон	0.033537
ой	юм	0.024390
ой	бүхий	0.024390
ой	үндэсний	0.024390
ой	модонд	0.018293
ой	дотор	0.015244
ой	хээрийн	0.015244
ой	модны	0.015244
ой	хээр	0.015244
ой	буюу	0.015244
ой	гэдэг	0.015244
ой	эзэлдэг	0.015244
ой	их	0.015244
ой	ram	0.012195
ой	байдаг	0.012195
ой	оос	0.009146
ой	ба	0.009146
ой	гэж	0.009146
ой	бий	0.009146
ой	болох	0.009146
ой	уруу	0.009146
ой	ихтэй	0.009146
ой	гэсэн	0.009146
ойд	зориулан	0.057554
ойд	байгаа	0.057554
ойд	зориулсан	0.050360
ойд	хандаж	0.035971
ойд	эсвэл	0.021583
ойд	тархсан	0.021583
ойд	орж	0.021583
ойд	байрлах	0.021583
ойд	байрлаж	0.021583
ойлголттой	байсан	0.160000
ойлголттой	болсон	0.120000
ойлгосон	байна	0.181818
ойлгосон	байх	0.136364
ойн	хаяг	0.029900
ойн	нэг	0.029900
ойн	бүс	0.019934
ойн	аж	0.016611
ойн	хаягийг	0.016611
ойн	зах	0.016611
ойн	хамгаалалт	0.016611
ойн	удирдлагын	0.016611
ойн	хаягийн	0.016611
ойн	баяр	0.013289
ойн	хүндэт	0.013289
ойн	иргэд	0.013289
ойн	хамгийн	0.013289
ойн	нөөц	0.013289
ойн	аль	0.009967
ойн	багтаамж	0.009967
ойн	болон	0.009967
ойн	өдөр	0.009967
ойн	байрлал	0.009967
ойн	хуваарилалт	0.009967
ойн	менежментийн	0.009967
ойн	хуудас	0.009967
ойн	урианхай	0.009967
ойн	хооронд	0.009967
ойн	тоглолтоо	0.009967
ойн	хэсэг	0.009967
ойн	хэмжээг	0.009967
ойн	сарын	0.009967
ойн	физик	0.009967
ойн	эхлэх	0.009967
ойн	хаягууд	0.009967
ойролцоогоор	сая	0.109948
ойролцоогоор	км	0.057592
ойролцоогоор	тэрбум	0.047120
ойролцоогоор	мэө	0.041885
ойролцоогоор	орчим	0.041885
ойролцоогоор	жилийн	0.036649
ойролцоогоор	нэг	0.036649
ойролцоогоор	дахин	0.026178
ойролцоогоор	бүх	0.020942
ойролцоогоор	хүн	0.020942
ойролцоогоор	см	0.020942
ойролцоогоор	мм	0.020942
ойролцоогоор	кг	0.020942
ойролцоогоор	сар	0.015707
ойролцоогоор	гаруй	0.015707
ойролцоогоор	аад	0.015707
ойролцоогоор	мянган	0.015707
олгож	байна	0.131868
олгож	байгаа	0.109890
олгож	байсан	0.098901
олгож	болно	0.065934
олгож	эхэлсэн	0.043956
олгож	байжээ	0.043956
олгож	байдаг	0.032967
олгож	эхэлжээ	0.032967
олгож	буй	0.032967
олгож	эхлэв	0.032967
олгож	байлаа	0.032967
олдворууд	нь	0.300000
олзлогдсон	цэрэг	0.129032
олзлон	авчээ	0.333333
олзлон	авсан	0.190476
олимпоос	алтан	0.296296
олимпоос	мөнгөн	0.129630
олимпоос	хүрэл	0.111111
олимпоос	медаль	0.111111
олноо	өргөгдсөн	0.809524
олон	улсын	0.150974
олон	тооны	0.050051
олон	төрлийн	0.044718
олон	нийтийн	0.044308
олон	янзын	0.027077
олон	нийтэд	0.020718
олон	арван	0.016615
олон	жилийн	0.015385
олон	хүн	0.014564
олон	зуун	0.013744
олон	жил	0.013744
олон	улсад	0.012923
олон	удаа	0.012718
олон	олон	0.011282
олон	янз	0.011282
олон	мянган	0.010872
олон	бий	0.007795
олон	улс	0.007385
олон	төрөл	0.007385
олон	янзаар	0.007179
олон	нийт	0.006359
олон	наст	0.006154
олон	талт	0.005949
олон	оронд	0.005949
олон	байдаг	0.005744
олон	түмний	0.005538
олон	талын	0.005128
олон	удаагийн	0.004718
олон	түмэнд	0.004513
олон	гишүүнт	0.004513
олон	арга	0.004308
олон	ангит	0.004308
олон	сая	0.003692
олон	дахин	0.003692
олон	орны	0.003692
олон	зүйлийн	0.003692
олон	үндэстэн	0.003692
олон	хүний	0.003487
олон	зүйлийг	0.003487
олон	жижиг	0.003487
олонд	танигдсан	0.323944
олонд	танилцуулсан	0.042254
олонд	ил	0.042254
олонд	хүрсэн	0.042254
онгоцны	буудал	0.394495
онгоцны	хөдөлгүүр	0.027523
онгоцны	буудлын	0.027523
онгоцонд	сууж	0.142857
онлайн	худалдаа	0.087719
онлайн	худалдан	0.070175
онлайн	тоглоомын	0.052632
онлайн	сурталчилгааны	0.052632
онолын	хувьд	0.194245
онолын	гол	0.057554
онолын	үүднээс	0.050360
онолын	болон	0.050360
онолын	үндэс	0.050360
онолын	дагуу	0.035971
онолын	нэг	0.021583
онолын	үндэслэл	0.021583
оноо	авсан	0.156627
оноо	авч	0.132530
оноо	самбараас	0.092369
оноо	самбар	0.072289
оноо	дамжуулалт	0.064257
оноо	бөмбөг	0.048193
оноо	оновчтой	0.040161
оноо	нь	0.032129
оноо	авах	0.032129
оноо	авалт	0.032129
оноо	авснаар	0.020080
оноо	болох	0.012048
оноо	авдаг	0.012048
оноо	авалтын	0.012048
оноо	авахдаа	0.012048
оноо	үүнээс	0.012048
оноог	нь	0.107143
оноос	хойш	0.203514
оноос	эхлэн	0.200586
оноос	он	0.029283
оноос	оны	0.026354
оноос	өмнө	0.019034
оноос	эхэлсэн	0.016105
оноос	оныг	0.011713
оноос	тус	0.008785
оноос	монгол	0.007321
оноос	дахин	0.007321
оноос	хойших	0.005857
оноос	хойшхи	0.005857
оноос	одоог	0.005857
оноос	өнөөг	0.005857
оноос	эхтэй	0.005857
оноос	эхэлжээ	0.004392
оноос	эхэлж	0.004392
оноос	төрийн	0.004392
оноос	онд	0.004392
оноос	л	0.004392
оноос	оросын	0.004392
оноос	үйл	0.004392
оноос	кинонд	0.004392
оноос	ерөнхий	0.004392
оноос	оролцож	0.004392
оноос	эхлэх	0.004392
онцлогтой	юм	0.305556
онцлогтой	байдаг	0.055556
онцлогтой	холбоотой	0.041667
онцлогтой	болсон	0.041667
онцлогтой	бөгөөд	0.041667
онцлогтой	ажээ	0.041667
онцлон	тэмдэглэх	0.142857
онцлон	тэмдэглэж	0.142857
онцлон	тэмдэглэсэн	0.114286
онцлон	тэмдэглэжээ	0.085714
оны	сарын	0.167913
оны	р	0.128106
оны	дугаар	0.065139
оны	сард	0.054041
оны	хооронд	0.032328
оны	үед	0.031363
оны	дүгээр	0.026297
оны	байдлаар	0.020989
оны	шилдэг	0.015199
оны	наймдугаар	0.013752
оны	эхээр	0.012304
оны	зун	0.011821
оны	нэгдүгээр	0.011580
оны	тавдугаар	0.010856
оны	гуравдугаар	0.010615
оны	аравдугаар	0.010374
оны	хоёрдугаар	0.010374
оны	есдүгээр	0.010133
оны	дөрөвдүгээр	0.009650
оны	дашт	0.009409
оны	улиралд	0.008685
оны	дунд	0.007720
оны	сүүлээр	0.007720
оны	зургаадугаар	0.007238
оны	арваннэгдүгээр	0.007238
оны	сар	0.006996
оны	сараас	0.006996
оны	намар	0.006514
оны	сүүл	0.006514
оны	долоодугаар	0.006273
оны	хавар	0.006273
оны	үеэс	0.006273
оны	орчимд	0.006273
оны	дэлхийн	0.005308
оны	эхэн	0.005308
оны	дундуур	0.005308
оны	зуны	0.005066
оны	зургадугаар	0.004825
оны	арванхоёрдугаар	0.004825
оны	их	0.004584
оргил	нь	0.195122
оргил	үедээ	0.081301
оргил	үе	0.073171
оргил	юм	0.065041
оргил	м	0.048780
оргил	үед	0.040650
оргил	үеийн	0.024390
оргил	цэг	0.024390
ордод	байрладаг	0.111111
ордон	нь	0.072289
ордон	дахь	0.048193
ордын	нөөцийг	0.075472
ордын	хааны	0.056604
ордын	хаанд	0.056604
ордын	хамгийн	0.056604
ордын	хаан	0.056604
орноо	төлөөлөн	0.109375
орноо	хамгаалах	0.046875
орноо	харийн	0.046875
орноо	гэсэн	0.046875
орноо	батлан	0.046875
орнуудаас	анх	0.120000
орнуудын	засгийн	0.058480
орнуудын	хувьд	0.052632
орнуудын	нэг	0.052632
орнуудын	эдийн	0.029240
орнуудын	тоонд	0.023392
орнуудын	хоорондын	0.017544
орнуудын	олон	0.017544
орнуудын	хооронд	0.017544
орнуудын	төрийн	0.017544
орой	нь	0.193878
орой	дээр	0.122449
орой	дээрх	0.040816
орой	хэсэг	0.040816
орой	хэзээ	0.030612
орой	дээрээ	0.030612
оролтын	өгөгдлийг	0.114286
оролтын	төхөөрөмж	0.085714
оролтын	хэсэг	0.085714
оролтын	дараалал	0.085714
оролцоог	нэмэгдүүлэх	0.222222
оролцоогүй	юм	0.225806
оролцоогүй	бөгөөд	0.129032
орон	нутгийн	0.215190
орон	зай	0.058423
орон	зайн	0.048685
орон	зайг	0.038948
орон	даяар	0.038948
орон	нутагт	0.035054
орон	зайд	0.033106
орон	сууц	0.030185
орон	нь	0.029211
орон	сууцны	0.022395
орон	юм	0.018500
орон	нутаг	0.015579
орон	тоотой	0.013632
орон	гэсэн	0.009737
орон	тооны	0.007790
орон	болон	0.007790
орон	руу	0.006816
орон	байр	0.006816
орон	дахь	0.006816
орон	бүрт	0.006816
орон	болсон	0.005842
орон	тоо	0.005842
орон	нутгаас	0.005842
орон	нутгийг	0.005842
орон	бөгөөд	0.005842
орон	гэж	0.005842
орон	нутагтаа	0.005842
орон	судлалын	0.004869
орон	руугаа	0.004869
орон	ба	0.004869
орон	болох	0.004869
орон	улс	0.004869
орон	буюу	0.004869
орон	судлаачид	0.003895
орон	бүс	0.003895
орон	газар	0.003895
орон	байсан	0.003895
орон	болно	0.002921
орон	нутгийнхаа	0.002921
орон	өөрийн	0.002921
ороогүй	байсан	0.148148
оросын	цэргийн	0.040404
оросын	холбооны	0.033670
оросын	засгийн	0.030303
оросын	тал	0.025253
оросын	эзэнт	0.016835
оросын	эрдэмтэн	0.015152
оросын	хаант	0.015152
оросын	эсрэг	0.013468
оросын	цэргүүд	0.013468
оросын	армийн	0.013468
оросын	гадаад	0.013468
оросын	зарим	0.011785
оросын	талаас	0.011785
оросын	цэрэг	0.010101
оросын	талын	0.010101
оросын	иргэний	0.010101
оросын	цагаан	0.010101
оросын	газар	0.008418
оросын	зэвсэгт	0.008418
оросын	шинжлэх	0.008418
оросын	нэрт	0.008418
оросын	улаан	0.008418
оросын	бусад	0.008418
оросын	социал	0.008418
оросын	судлаач	0.008418
оросын	хамгийн	0.008418
оросын	төв	0.008418
оросын	хил	0.008418
оросын	арми	0.008418
оросын	хувьд	0.008418
оросын	вант	0.006734
оросын	ард	0.006734
оросын	алс	0.006734
оросын	улс	0.006734
оросын	зүгээс	0.006734
оросын	мэдэлд	0.006734
оросын	хилийн	0.006734
оросын	алдарт	0.006734
оросын	цэргүүдийг	0.005051
оросын	эдийн	0.005051
орохоос	өмнө	0.333333
орсон	байна	0.105708
орсон	юм	0.086681
орсон	байдаг	0.057082
орсон	бөгөөд	0.054968
орсон	нь	0.054968
орсон	боловч	0.035941
орсон	ба	0.023256
орсон	бол	0.021142
орсон	гэж	0.019027
орсон	ч	0.016913
орсон	байлаа	0.016913
орсон	аж	0.016913
орсон	байв	0.014799
орсон	бүх	0.010571
орсон	байсан	0.010571
орсон	билээ	0.008457
орсон	анхны	0.008457
орсон	байж	0.008457
орсон	үед	0.008457
орсон	түүхтэй	0.008457
орсон	учир	0.006342
орсон	тул	0.006342
орсон	учраас	0.006342
орсон	гэдэг	0.006342
орсон	хүн	0.006342
орсон	болно	0.006342
орсон	тохиолдолд	0.006342
орсон	онд	0.006342
орсон	зүйлийн	0.006342
орхин	явсан	0.092593
орхин	гарчээ	0.092593
орхин	гарах	0.055556
орхин	гарч	0.055556
орчим	хүн	0.063077
орчим	хувийг	0.038462
орчим	км	0.033846
орчим	хувь	0.029231
орчим	жил	0.029231
орчим	нь	0.027692
орчим	сая	0.021538
орчим	байдаг	0.016923
орчим	жилийн	0.015385
орчим	мянган	0.012308
орчим	метр	0.012308
орчим	урт	0.012308
орчим	зайтай	0.010769
орчим	оршин	0.010769
орчим	газар	0.009231
орчим	байсан	0.009231
орчим	километр	0.009231
орчим	жинтэй	0.007692
орчим	см	0.007692
орчим	м	0.007692
орчим	зүйлийн	0.007692
орчим	настай	0.007692
орчим	олон	0.006154
орчим	метрийн	0.006154
орчим	гэж	0.006154
орчим	цэрэгтэй	0.006154
орчим	болсон	0.006154
орчим	зайд	0.006154
орчим	байна	0.006154
орчим	цэрэг	0.006154
орчим	толгой	0.006154
орчим	өндөр	0.006154
орчим	урттай	0.006154
орчим	ам	0.006154
орчим	сүм	0.004615
орчим	оны	0.004615
орчим	уран	0.004615
орчим	хүнтэй	0.004615
орчим	бөгөөд	0.004615
орчим	хувьтай	0.004615
орчинд	ямар	0.026490
орчинд	дасан	0.026490
орчинд	илүү	0.026490
орчинд	үйл	0.026490
орчинд	маш	0.026490
орчинд	нь	0.019868
орчинд	гэрэл	0.019868
орчинд	хамгийн	0.019868
орчинд	нөлөөлөх	0.019868
орчлон	ертөнцийн	0.619048
орчлон	ертөнцөд	0.142857
орчлон	ертөнц	0.142857
орчны	тухай	0.053571
орчны	хүчин	0.053571
орчны	нөхцөл	0.035714
орчны	нөлөөнд	0.026786
орчны	хувьд	0.026786
орчуулга	юм	0.130435
орчуулга	хийх	0.130435
орыг	хүү	0.187500
ослын	улмаас	0.238095
ослын	дараа	0.190476
охидын	хамтлаг	0.409091
охины	хамт	0.200000
охиныг	нь	0.200000
очсон	байна	0.108696
очсон	байдаг	0.043478
очсон	юм	0.043478
очсон	нь	0.043478
очсон	газар	0.043478
очсон	ч	0.043478
очсон	ба	0.032609
очсон	гэдэг	0.032609
пакистан	нь	0.176471
пакистан	улсын	0.176471
пакистан	улс	0.176471
папын	засгийн	0.266667
парламент	нь	0.163934
парламент	үүсч	0.049180
парламент	засгийн	0.049180
парламент	хууль	0.049180
парламентын	гишүүн	0.096774
парламентын	засаглалтай	0.080645
парламентын	гишүүний	0.064516
парламентын	дээд	0.048387
парламентын	холбооны	0.048387
парламентын	ордон	0.048387
практикт	энэ	0.097561
протестант	урсгал	0.238095
протокол	нь	0.236559
протокол	юм	0.198925
протокол	болон	0.048387
протокол	бөгөөд	0.043011
протокол	дээр	0.043011
протокол	ашиглан	0.037634
протокол	гэж	0.026882
протокол	биш	0.021505
протокол	гэдэг	0.016129
реал	мадрид	0.928571
регистр	нь	0.232558
регистр	програмын	0.069767
регистр	гэж	0.069767
рецептор	нь	0.260870
рецептор	гэж	0.130435
ром	хотын	0.250000
ром	хотноо	0.093750
роман	нь	0.227273
роман	юм	0.068182
романтик	инээдмийн	0.176471
руу	нүүж	0.027739
руу	нь	0.020804
руу	орж	0.020804
руу	чиглэсэн	0.018031
руу	хандах	0.016644
руу	нүүсэн	0.016644
руу	довтолж	0.016644
руу	шилжин	0.015257
руу	шилжсэн	0.013870
руу	явах	0.012483
руу	хийсэн	0.012483
руу	илгээж	0.012483
руу	шууд	0.011096
руу	очиж	0.011096
руу	нэвтрэх	0.009709
руу	шилжиж	0.009709
руу	довтлох	0.009709
руу	явсан	0.009709
руу	орох	0.009709
руу	шилжих	0.008322
руу	хийх	0.008322
руу	буцаж	0.008322
руу	илгээсэн	0.008322
руу	зугтаж	0.008322
руу	явдаг	0.008322
руу	явж	0.008322
руу	их	0.006935
руу	авч	0.006935
руу	дайрч	0.006935
руу	буцааж	0.006935
руу	буцсан	0.006935
руу	мэдээлэл	0.005548
руу	шилжүүлэх	0.005548
руу	орсон	0.005548
руу	олон	0.005548
руу	дахин	0.005548
руу	илгээжээ	0.005548
руу	довтолсон	0.005548
руу	хөдөлсөн	0.005548
руу	гарах	0.005548
рөүтер	нь	0.200000
саарал	өнгөтэй	0.146893
саарал	өнгийн	0.073446
саарал	хар	0.045198
саарал	нуруу	0.045198
саарал	зүстэй	0.033898
саарал	байна	0.033898
саарал	хөрс	0.028249
саарал	чоно	0.028249
саарал	бор	0.028249
саарал	өнгө	0.022599
саарал	толгой	0.022599
саарал	ба	0.016949
саарал	эсвэл	0.016949
саарал	юм	0.016949
саарал	өвөр	0.016949
саарал	толгойтой	0.016949
саарал	хөрстэй	0.016949
саарал	ногоон	0.016949
саатал	гарсан	0.166667
саванд	хийж	0.210526
сайгүй	байдаг	0.178571
сайдаар	ажиллаж	0.253731
сайдаар	томилогдон	0.119403
сайдаар	онд	0.059701
сайдаар	ажиллах	0.059701
сайдаар	томилогдсон	0.059701
сайдаар	н	0.044776
сайдаар	томилогдож	0.044776
сайдын	орлогч	0.103448
сайдын	албыг	0.094828
сайдын	албан	0.077586
сайдын	оны	0.060345
сайдын	яам	0.060345
сайдын	яаманд	0.060345
сайдын	яамны	0.043103
сайдын	алба	0.043103
сайдын	тушаалаар	0.025862
сайдын	хувьд	0.025862
сайдын	албанд	0.025862
сайжруулсан	хувилбар	0.085714
сайтар	бэлтгэгдсэн	0.055556
сайтар	зохион	0.055556
сайтар	судлах	0.055556
сайтар	хөгжсөн	0.055556
сайтар	ойлгож	0.055556
салбар	нь	0.122222
салбар	юм	0.061111
салбар	дахь	0.055556
салбар	болон	0.030556
салбар	уулс	0.025000
салбар	ухаан	0.019444
салбар	анги	0.019444
салбар	уулсын	0.019444
салбар	болох	0.016667
салбар	бөгөөд	0.016667
салбар	шинжлэх	0.011111
салбар	зөвлөл	0.011111
салбар	онд	0.011111
салбар	бол	0.011111
салбар	хэсэг	0.008333
салбар	болж	0.008333
салбар	болгон	0.008333
салбарт	өргөн	0.022124
салбарт	хамтран	0.022124
салбарт	ажиллаж	0.017699
салбарт	хөрөнгө	0.017699
салбарт	ажилладаг	0.017699
салбарт	ашиглаж	0.013274
салбарт	ажиллах	0.013274
салбарт	олон	0.013274
салбарт	ч	0.013274
салбарт	тухайн	0.013274
салбарт	амжилт	0.013274
салбарт	хувьсгал	0.013274
салгах	нь	0.142857
салхины	хурд	0.320755
салхины	эрчим	0.094340
самбараас	бөмбөг	0.979167
санаанд	нь	0.137931
санааны	хувьд	0.087379
санааны	удирдагч	0.038835
санааны	үүднээс	0.029126
санаатай	болон	0.103448
сангийн	аж	0.076000
сангийн	үйл	0.032000
сангийн	сайд	0.028000
сангийн	далай	0.024000
сангийн	систем	0.024000
сангийн	нөөц	0.020000
сангийн	удирдлагын	0.020000
сангийн	аюулгүй	0.020000
сангийн	загвар	0.016000
сангийн	системд	0.016000
сангийн	яамны	0.016000
сангийн	системийн	0.016000
сангийн	үйлчилгээ	0.016000
сангийн	сервер	0.016000
сангийн	цөм	0.012000
сангийн	үндсэн	0.012000
сангийн	бусад	0.012000
сангийн	сайдаар	0.012000
сангийн	яам	0.012000
сангийн	нэг	0.012000
сангийн	хотын	0.012000
сангийн	удирдах	0.012000
сангийн	сан	0.012000
сангийн	схемийн	0.012000
сангийн	яамнаас	0.012000
сангийн	гүйцэтгэх	0.012000
сансрын	хөлөг	0.264706
сансрын	нисгэгч	0.058824
сансрын	холбоо	0.044118
сансрын	станц	0.044118
санхүүжилт	нь	0.157895
сар	хүртэл	0.183333
сар	гэхэд	0.056667
сар	нь	0.046667
сар	бүр	0.043333
сар	гаруй	0.036667
сар	орчим	0.033333
сар	оны	0.030000
сар	өдөр	0.026667
сар	болон	0.020000
сар	бүрийн	0.020000
сар	юм	0.013333
сар	бол	0.013333
сар	болгон	0.013333
сар	буюу	0.013333
сар	од	0.010000
сар	гэж	0.010000
сар	хүртэлх	0.010000
сар	болох	0.010000
сахиулах	үйл	0.200000
сая	хүн	0.100656
сая	гаруй	0.073304
сая	ам	0.066740
сая	еврогоор	0.055799
сая	орчим	0.051422
сая	жилийн	0.043764
сая	хувь	0.039387
сая	фунтээр	0.035011
сая	долларын	0.025164
сая	доллар	0.022976
сая	фунт	0.021882
сая	хүнтэй	0.021882
сая	тонн	0.019694
сая	сая	0.019694
сая	евро	0.016411
сая	доллараар	0.015317
сая	төгрөг	0.015317
сая	нь	0.013129
сая	хүний	0.010941
сая	төгрөгийн	0.010941
сая	гаран	0.009847
сая	ширхэг	0.009847
сая	цомог	0.008753
сая	нэг	0.007659
сая	мянган	0.007659
сая	оршин	0.006565
сая	хүнийг	0.005470
сая	га	0.005470
сая	хувиар	0.005470
сая	байсан	0.005470
сая	тн	0.004376
сая	хүртэл	0.004376
сая	км	0.004376
сая	шоо	0.004376
сая	хандалт	0.004376
сая	гишүүнтэй	0.004376
сая	үзэгч	0.004376
сая	жил	0.004376
сая	үүнээс	0.003282
сая	онд	0.003282
сент	пол	1.000000
сервер	нь	0.223744
сервер	дээр	0.150685
сервер	рүү	0.045662
сервер	болон	0.045662
сервер	руу	0.027397
сервер	гэдэг	0.027397
сервер	талын	0.022831
сервер	юм	0.018265
сервер	өгөгдлийн	0.013699
сервер	лүү	0.013699
сервер	маань	0.013699
сервер	байдаг	0.013699
сервер	дээрээ	0.013699
сервер	бүр	0.013699
сибирийн	төмөр	0.135135
сибирийн	ханлиг	0.081081
сибирь	дэх	0.142857
сийлсэн	байдаг	0.277778
сийлсэн	нь	0.166667
симфони	нь	0.156863
симфони	найрал	0.137255
симфони	гэж	0.078431
син	жун	0.384615
сингл	нь	0.166667
сингл	болж	0.141026
сингл	болох	0.102564
сингл	болон	0.064103
сингл	чартын	0.051282
сингл	гарсан	0.038462
сири	дэх	0.157895
сири	улсын	0.157895
сири	орны	0.157895
системийн	дуудлага	0.028509
системийн	хувьд	0.028509
системийн	үйл	0.024123
системийн	аюулгүй	0.021930
системийн	цөм	0.019737
системийн	програм	0.015351
системийн	цаг	0.015351
системийн	нэг	0.013158
системийн	эх	0.013158
системийн	үндсэн	0.010965
системийн	бүх	0.010965
системийн	нийт	0.010965
системийн	санах	0.010965
системийн	найдвартай	0.010965
системийн	гол	0.008772
системийн	сувгийг	0.008772
системийн	тусламжтайгаар	0.008772
системийн	зохион	0.008772
системийн	судалгаа	0.008772
системийн	эрхтэй	0.006579
системийн	бүрэлдэхүүн	0.006579
системийн	талаар	0.006579
системийн	зорилго	0.006579
системийн	давуу	0.006579
системийн	нэгэн	0.006579
системийн	хэсэг	0.006579
системийн	алдаа	0.006579
системийн	үед	0.006579
системийн	бүрэн	0.006579
системийн	нөөцийг	0.006579
системийн	р	0.006579
системийн	задлан	0.006579
системийн	атомын	0.006579
системтэй	байдаг	0.076923
системтэй	холбоотой	0.046154
системээр	дамжуулан	0.075472
солилцох	нь	0.078431
солилцох	болон	0.058824
сонгосон	байна	0.205882
сонгосон	юм	0.058824
сонгосон	байдаг	0.044118
сонгосон	бөгөөд	0.044118
сонгосон	нь	0.044118
сонинд	нийтлэгдсэн	0.114286
сонирхдог	байсан	0.166667
сонирхогчдын	боксын	0.222222
сонирхолтой	нь	0.125874
сонирхолтой	байсан	0.076923
сонирхолтой	болж	0.048951
сонирхолтой	байжээ	0.027972
сонирхолтой	хэсэг	0.020979
сонирхолтой	байлаа	0.020979
сонирхолтой	байдаг	0.020979
сонирхолтой	юм	0.020979
сонирхолтой	болгодог	0.020979
сонсох	боломжтой	0.204545
сонсох	дуртай	0.068182
социалист	нийгмийн	0.086022
социалист	намын	0.064516
социалист	үзэл	0.064516
социалист	улс	0.053763
социалист	бүгд	0.053763
социалист	орнуудын	0.043011
социалист	систем	0.032258
социалист	хөдөлмөрийн	0.032258
соёл	урлагийн	0.093750
соёл	иргэншлийн	0.093750
соёл	иргэншил	0.065341
соёл	эрдэнэ	0.056818
соёл	урлаг	0.051136
соёл	нь	0.045455
соёл	шинжлэх	0.036932
соёл	зан	0.031250
соёл	боловсролын	0.022727
соёл	болон	0.022727
соёл	шашин	0.017045
соёл	боловсрол	0.017045
соёл	эдийн	0.014205
соёл	гэдэг	0.014205
соёл	түүхийн	0.011364
соёл	юм	0.008523
соёл	олон	0.008523
соёл	түүх	0.008523
соёл	мэдлэг	0.008523
соёл	гэж	0.008523
соёл	аялал	0.008523
соёл	амралтын	0.008523
соёл	урлагт	0.008523
соёл	соёл	0.008523
соёл	болох	0.008523
соёлд	хамаарах	0.115385
спорт	загварын	0.080808
спорт	юм	0.080808
спорт	нь	0.060606
спорт	клуб	0.050505
спорт	болон	0.040404
спорт	автомашины	0.040404
спорт	загвартай	0.030303
спорт	хорооны	0.030303
статистик	мэдээллийг	0.156250
статистик	аргууд	0.093750
статистик	тоо	0.093750
стратегийн	чухал	0.184783
стратегийн	хувьд	0.043478
стратегийн	ач	0.043478
стратегийн	бөмбөгдөгч	0.032609
стратегийн	төлөвлөгөө	0.032609
судалгааны	үр	0.085106
судалгааны	ажил	0.076596
судалгааны	явцад	0.038298
судалгааны	ажлын	0.025532
судалгааны	төв	0.025532
судалгааны	дүнд	0.025532
судалгааны	арга	0.021277
судалгааны	ажлыг	0.021277
судалгааны	төвийн	0.017021
судалгааны	хүрээлэн	0.017021
судалгааны	эргэлтэнд	0.017021
судалгааны	ажилд	0.012766
судалгааны	ном	0.012766
судалгааны	хүрээлэнгийн	0.012766
судалгааны	баг	0.012766
судалгааны	бүтээл	0.012766
судалгааны	үндсэн	0.012766
судалгааны	энэ	0.012766
судалгааны	систем	0.012766
судалгааны	гол	0.012766
судалсан	байна	0.142857
судалсан	байдаг	0.114286
судалсан	юм	0.085714
судар	бичгийн	0.160714
судар	бичигт	0.107143
судар	хэмээх	0.071429
судар	бичиг	0.053571
судар	ном	0.053571
сурагчид	нь	0.137931
суралцах	боломжтой	0.083333
суралцах	болсон	0.083333
суралцах	үйл	0.066667
суралцах	боломж	0.066667
суралцах	хугацаандаа	0.066667
суралцсан	байна	0.166667
суралцсан	ба	0.133333
сурвалжийн	мэдээ	0.157895
сурвалжийн	мэдээгээр	0.157895
сурвалжлах	сэтгүүл	0.600000
сурвалжлах	сэтгүүлчдийн	0.150000
сургалт	нь	0.185567
сургалт	явуулж	0.061856
сургалт	үйлдвэрлэлийн	0.051546
сургалт	зохион	0.041237
сургалт	явуулдаг	0.041237
сургалт	судалгааны	0.030928
сургалт	явуулах	0.030928
сургалтанд	иргэн	0.166667
сургалтыг	зохион	0.160000
сургалтыг	явуулж	0.120000
сургуулиа	төгсөөд	0.370968
сургуулиа	дүүргээд	0.096774
сургуулиа	төгсөж	0.048387
сургуулиа	орхижээ	0.048387
суртал	нэвтрүүлгийн	0.130435
суртахууны	хэм	0.069767
суртлын	хувьд	0.115385
сурч	байсан	0.158879
сурч	байхдаа	0.102804
сурч	байгаа	0.056075
сурч	байжээ	0.037383
сурч	эхэлсэн	0.028037
сурч	байх	0.028037
сурч	байв	0.028037
сурч	буй	0.028037
суулгаж	өгсөн	0.085106
суулгаж	байжээ	0.063830
суулгаж	байсан	0.063830
суулгаж	байна	0.063830
суулгах	боломжтой	0.118644
суулгах	шаардлагатай	0.101695
суулгах	үед	0.067797
суулгах	мэс	0.067797
суулгах	зэрэг	0.050847
суурилсан	байдаг	0.045455
суурилсан	олон	0.039773
суурилсан	өгөгдлийн	0.034091
суурилсан	ба	0.028409
суурилсан	бөгөөд	0.017045
суурилсан	замчлалын	0.017045
суурилсан	байна	0.017045
суурилсан	систем	0.017045
суурилсан	байх	0.017045
суурилсан	өртөг	0.017045
суурьшиж	байсан	0.300000
суурьшиж	эхэлсэн	0.150000
суурьшиж	байна	0.150000
суут	хөгжмийн	0.153846
суут	хүмүүсийн	0.076923
суут	жанжин	0.076923
суут	их	0.076923
суут	хүн	0.076923
суух	болсон	0.084507
суух	бүрэн	0.042254
суух	нь	0.042254
суух	болов	0.042254
суух	болж	0.042254
схем	нь	0.333333
схем	болон	0.102564
схем	юм	0.102564
сэдэв	нь	0.202703
сэдэв	юм	0.081081
сэдэв	болгон	0.054054
сэдэв	бүхий	0.040541
сэдэв	гэж	0.040541
сэдэвлэн	бүтээсэн	0.322581
сэдэвлэн	бүтээжээ	0.161290
сэргийлж	чадна	0.133333
сэргэлэн	сумын	0.214286
сэргээгдэх	эрчим	0.550000
сэтгэлийн	өнгө	0.048780
сэтгэлийн	хөдөлгөөн	0.048780
сэтгэлийн	хямрал	0.036585
сэтгэлийн	дуудлага	0.036585
сэтгүүлийн	оны	0.235294
сэтгүүлийн	шинэ	0.078431
сэтгүүлчийн	олж	0.065217
сэтгүүлчийн	арга	0.065217
сүлжээний	аюулгүй	0.052511
сүлжээний	бүх	0.025114
сүлжээний	хаяг	0.020548
сүлжээний	урсгалыг	0.020548
сүлжээний	хувьд	0.020548
сүлжээний	протокол	0.015982
сүлжээний	түвшин	0.015982
сүлжээний	үйлчилгээ	0.013699
сүлжээний	төхөөрөмж	0.013699
сүлжээний	аль	0.013699
сүлжээний	орчинд	0.013699
сүлжээний	загвар	0.013699
сүлжээний	орчин	0.013699
сүлжээний	түвшний	0.011416
сүлжээний	цагийн	0.011416
сүлжээний	хяналт	0.011416
сүлжээний	гол	0.011416
сүлжээний	дэд	0.011416
сүлжээний	найдвартай	0.011416
сүлжээний	түвшинд	0.009132
сүлжээний	нөөцийг	0.009132
сүлжээний	пакет	0.009132
сүлжээний	хоорондох	0.009132
сүлжээний	төхөөрөмжүүд	0.009132
сүлжээний	эмзэг	0.009132
сүлжээний	халдлага	0.006849
сүлжээний	өгөгдлийн	0.006849
сүлжээний	стек	0.006849
сүлжээний	технологи	0.006849
сүлжээний	үйл	0.006849
сүлжээний	гүйцэтгэлийн	0.006849
сүлжээний	хоёрдугаар	0.006849
сүлжээний	урсгал	0.006849
сүлжээний	тоног	0.006849
сүлжээний	тусламжтайгаар	0.006849
сүлжээний	нэг	0.006849
сүлжээний	ажиллагааг	0.006849
сүлжээний	галт	0.006849
сүлжээний	хандалтыг	0.006849
сүлжээний	холболт	0.006849
сүмийг	дахин	0.111111
сүмийг	барьж	0.111111
сүн	улсын	0.500000
сүн	улс	0.153846
сүн	улсыг	0.115385
сүн	улстай	0.064103
сүн	улсаас	0.051282
сүн	улсад	0.038462
сүрэглэн	амьдарна	0.235294
сүрэглэн	амьдардаг	0.176471
сүсэгтэн	олны	0.380952
сүсэгтэн	олонд	0.285714
сүү	нь	0.186047
сүү	сүүн	0.093023
сүүлт	зээр	0.214286
сүүлт	од	0.214286
сүүний	чиглэлийн	0.176471
сөнөөгч	онгоцны	0.263158
сөнөөгч	онгоц	0.263158
сөүл	хотод	0.291667
сөүл	хотын	0.250000
сөүл	хот	0.125000
таван	жилийн	0.106700
таван	хошуу	0.054591
таван	жилээр	0.049628
таван	жил	0.042184
таван	удаа	0.029777
таван	замын	0.022333
таван	өнгийн	0.014888
таван	хаалгатай	0.014888
таван	жилд	0.014888
таван	салаа	0.009926
таван	хуруу	0.009926
таван	сарын	0.009926
таван	нас	0.009926
таван	настай	0.009926
таван	сар	0.009926
таван	толгой	0.007444
таван	том	0.007444
таван	удаагийн	0.007444
таван	хүүхэдтэй	0.007444
таван	мянган	0.007444
таван	муж	0.007444
таван	төрлийн	0.007444
таван	хүн	0.007444
таван	арван	0.007444
таван	ширхэг	0.007444
таван	гоол	0.007444
таван	мянга	0.007444
таван	см	0.007444
тавдугаар	сарын	0.545455
тавдугаар	сард	0.191919
тавдугаар	сараас	0.050505
тавигдаж	байна	0.151515
тавигдаж	байсан	0.121212
тавигдаж	байв	0.090909
тавьж	байсан	0.082902
тавьж	байжээ	0.051813
тавьж	өгсөн	0.046632
тавьж	болно	0.031088
тавьж	байлаа	0.031088
тавьж	өгчээ	0.031088
тавьж	өгөх	0.031088
тавьж	байв	0.020725
тавьж	чадсан	0.015544
тавьж	байдаг	0.015544
тавьж	буй	0.015544
тавьж	өгдөг	0.015544
тайвань	арлын	0.178571
тайвань	арал	0.107143
тайлбарлаж	болно	0.140000
тайлбарлаж	байна	0.100000
тайлбарлаж	байлаа	0.060000
тайлбарлаж	чадахгүй	0.060000
тайлбарлаж	байгаа	0.060000
тайлбарлаж	байв	0.060000
тайлбарлаж	байжээ	0.060000
тайлж	унших	0.160000
талаарх	мэдээллийг	0.116279
талаарх	мэдээлэл	0.069767
талаарх	олон	0.038760
талаарх	бүх	0.031008
талаарх	дэлгэрэнгүй	0.031008
талаарх	үзэл	0.031008
талаарх	ойлголт	0.031008
талаарх	түүний	0.023256
талаарх	мэдээ	0.023256
талаас	нь	0.282828
талаас	илүү	0.016835
талаас	авч	0.016835
талаас	цэрэг	0.013468
талаас	хүн	0.013468
талаас	мянган	0.013468
талаас	бөхийн	0.010101
талаас	гаруй	0.010101
талаас	нийтдээ	0.010101
талархлын	баяр	0.380952
талархлын	баярын	0.285714
талархлын	баярыг	0.190476
талбар	нь	0.283784
талбар	дээр	0.094595
талбар	юм	0.054054
талбар	болсон	0.040541
талбарыг	орхин	0.153846
талуудын	хооронд	0.111111
талуудын	тоог	0.111111
тамирчид	нь	0.106383
тамирчин	юм	0.098039
тамирчин	болсон	0.049020
тамирчин	болжээ	0.049020
тамирчин	болно	0.039216
тамирчин	байсан	0.039216
тамирчин	билээ	0.039216
тамирчин	оролцжээ	0.029412
тамирчин	байв	0.029412
тамирчин	цолтой	0.029412
тамирчин	байлаа	0.029412
тамирчны	замналаа	0.142857
танил	болсон	0.382353
танил	болж	0.117647
танилцсан	байна	0.310345
танилцсан	нь	0.206897
танхимд	багтжээ	0.072727
танхимд	багтсан	0.054545
таньж	мэдэх	0.171429
таньж	мэдсэн	0.142857
тараах	нь	0.069767
тариалж	байна	0.200000
тариалж	тн	0.150000
тариачны	улаан	0.130435
тариачны	гэр	0.130435
тасалдлын	сигнал	0.176471
татар	гэж	0.142857
татвар	нь	0.090909
татвар	төлөх	0.060606
татвар	авах	0.060606
татвар	эм	0.060606
татвар	хувь	0.045455
татвар	авдаг	0.045455
тахал	өвчин	0.157895
тахиж	ирсэн	0.210526
тахиж	шүтэж	0.157895
тахилга	өргөдөг	0.166667
тахилга	үйлддэг	0.125000
ташаа	мэдээлэл	0.368421
тв	н	0.176471
телевизийн	цуврал	0.068493
телевизийн	олон	0.054795
телевизийн	сувгийн	0.034247
телевизийн	нэвтрүүлгийн	0.034247
телевизийн	нэвтрүүлэг	0.027397
телевизийн	нэвтрүүлэгт	0.027397
телевизийн	оны	0.020548
телевизийн	хөтөлбөр	0.020548
телевизийн	сэтгүүл	0.020548
телевизийн	мэдээний	0.020548
телевизийн	шоу	0.020548
тест	нь	0.333333
технологи	нь	0.200000
технологи	юм	0.108333
технологи	болон	0.050000
технологи	хариуцсан	0.037500
технологи	дээр	0.025000
технологи	бөгөөд	0.020833
технологи	болох	0.016667
технологи	бүхий	0.016667
технологи	ашиглан	0.016667
технологи	бол	0.012500
технологи	ашигладаг	0.012500
технологи	буюу	0.012500
технологи	эдийн	0.012500
технологи	ба	0.012500
технологийг	ашиглан	0.137500
технологийг	ашиглах	0.050000
технологийг	ашиглаж	0.050000
технологийг	ашигладаг	0.037500
технологийг	ашигласан	0.037500
тив	дэх	0.119048
тив	дэлхийд	0.095238
тив	дэлхийн	0.071429
тиймээс	ч	0.120482
тиймээс	энэ	0.048193
тиймээс	бид	0.030120
тиймээс	л	0.018072
тиймээс	тэр	0.012048
тиймээс	энэхүү	0.012048
тиймээс	онд	0.009036
тиймээс	оны	0.009036
тиймээс	дэлхийн	0.009036
тиймээс	зарим	0.009036
тиймээс	олон	0.009036
тиймээс	уг	0.009036
товч	түүх	0.109375
товч	тодорхой	0.109375
товч	тайлбар	0.078125
товч	агуулга	0.046875
товч	намтар	0.046875
товч	нэр	0.046875
товчооны	гишүүн	0.200000
тоглогчийн	шагналыг	0.217391
тоглогчийн	байрлалд	0.065217
тоглодог	байсан	0.254545
тоглодог	байв	0.109091
тоглодог	байжээ	0.063636
тоглодог	ба	0.063636
тоглодог	бөгөөд	0.054545
тоглодог	болсон	0.036364
тоглодог	тоглоом	0.027273
тоглож	байсан	0.211921
тоглож	байв	0.082781
тоглож	эхэлсэн	0.059603
тоглож	буй	0.059603
тоглож	байгаа	0.049669
тоглож	байжээ	0.036424
тоглож	байлаа	0.033113
тоглож	байгаад	0.033113
тоглож	байх	0.026490
тоглож	байхдаа	0.023179
тоглож	сурсан	0.019868
тоглож	оноо	0.013245
тоглож	болно	0.013245
тоглож	байна	0.013245
тоглож	чадахгүй	0.013245
тоглож	гараагаа	0.009934
тоглож	эхэлжээ	0.009934
тоглож	байгаагүй	0.009934
тоглолтыг	хийсэн	0.055556
тоглолтыг	үзүүлж	0.055556
тоглолтыг	зохион	0.055556
тоглохдоо	оноо	0.100000
тогоон	тайш	0.187500
тогоон	дотор	0.187500
тогтворгүй	байдал	0.180000
тогтворгүй	байдлыг	0.060000
тогтворгүй	байдаг	0.060000
тогтворгүй	болсон	0.060000
тогтворгүй	байдлын	0.060000
тогтнол	бүрэн	0.166667
тогтнол	нь	0.133333
тогтнол	эрх	0.133333
тогтнолоо	олж	0.100000
тогтнолоо	хүлээн	0.100000
тогтнолоо	сэргээж	0.100000
тогтнолоо	сэргээн	0.100000
тогтнолоо	зарласан	0.100000
тогтолцоо	нь	0.202532
тогтолцоо	юм	0.151899
тогтолцоо	бий	0.050633
тогтолцоо	гэж	0.050633
тогтолцоо	болон	0.037975
тогтоон	барьж	0.166667
тогтоон	барих	0.166667
тогтоох	нь	0.060914
тогтоох	байгууллага	0.050761
тогтоох	дээд	0.035533
тогтоох	эрх	0.030457
тогтоох	гүйцэтгэх	0.025381
тогтоох	үйл	0.025381
тогтоох	уралдаан	0.020305
тогтоох	эсвэл	0.020305
тогтоох	явдал	0.020305
тогтоох	гэсэн	0.015228
тогтоох	гэж	0.015228
тогтоох	хэрэгтэй	0.015228
тогтоох	боломжтой	0.015228
тогтоох	ба	0.015228
тогтоох	шинэ	0.015228
тодорхойлж	болно	0.225989
тодорхойлж	өгдөг	0.073446
тодорхойлж	байгаа	0.045198
тодорхойлж	байна	0.045198
тодорхойлж	болох	0.039548
тодорхойлж	байсан	0.033898
тодорхойлж	байдаг	0.033898
тодорхойлж	өгсөн	0.028249
тодорхойлж	өгнө	0.022599
тодорхойлж	байжээ	0.022599
тодорхойлж	болдог	0.022599
тодорхойлж	буй	0.016949
тодорхойлж	байв	0.016949
тодорхойлж	чаддаг	0.016949
тодорхойлж	чадаагүй	0.016949
тодорхойлолт	нь	0.326316
тодорхойлолт	болон	0.052632
тодорхойлолт	юм	0.042105
тодорхойлолт	байдаггүй	0.031579
тодорхойлолт	байдаг	0.031579
тойргийн	төв	0.064516
тойргийн	шүүх	0.048387
тойргийн	засаг	0.048387
тойргийн	бүрэлдэхүүнд	0.048387
тойрог	нь	0.105691
тойрог	замд	0.097561
тойрог	зам	0.073171
тойрог	замын	0.040650
тойрог	замаар	0.032520
тойрог	буюу	0.024390
тойрог	бүхий	0.024390
тойрог	юм	0.024390
тойрсон	цагаан	0.114286
тойрч	гарах	0.160000
толботой	байна	0.277778
томилж	байсан	0.120000
томилон	ажиллуулж	0.142857
томьёо	нь	0.457143
тонн	жинтэй	0.157143
тонн	цацраг	0.042857
тонн	хүдэр	0.042857
тонн	алт	0.042857
тоог	багасгах	0.030303
тоог	нь	0.022727
тоог	мянга	0.022727
тоог	нэмэгдүүлэх	0.022727
тоог	харилцан	0.022727
тооцогдож	байсан	0.292683
тооцогдож	байна	0.243902
тооцогдож	байв	0.097561
тооцогдож	байлаа	0.073171
тооцон	бодох	0.551724
тооцоолол	нь	0.160000
тооцоолол	хийхэд	0.120000
тооцох	хэрэгтэй	0.086957
тооцох	болсон	0.086957
тооцох	боломжгүй	0.065217
тооцох	нь	0.065217
тор	болон	0.142857
торго	даавуу	0.176471
торгуулийн	цохилт	0.357143
тосгон	дахь	0.065217
тосгон	нь	0.065217
тосгон	гэж	0.065217
тосгон	байсан	0.065217
тосгоны	нэрнээс	0.160000
тосгоны	ойролцоо	0.160000
тохиолддог	байна	0.085714
тохиргоог	хийх	0.100000
тохиргоог	агуулдаг	0.100000
тохиромжгүй	байсан	0.142857
тохиромжгүй	юм	0.107143
тохиромжгүй	нөхцөл	0.107143
тохой	өргөн	0.153846
тохой	өндөр	0.115385
триггер	нь	0.291667
триггер	дотор	0.125000
туйлын	чухал	0.041096
тунадас	унадаг	0.186441
тунадас	мм	0.152542
тунадас	ордог	0.084746
тунадас	нь	0.084746
тунадас	бага	0.050847
турк	улсын	0.109091
турк	улсад	0.090909
турк	хэлний	0.072727
турк	улс	0.072727
турк	хэл	0.054545
туркийн	шигшээ	0.129032
туршид	нь	0.031008
туршид	бусад	0.031008
туршлагатай	болсон	0.073171
туршлагатай	сэтгүүлчид	0.073171
тусгасан	байна	0.240741
тусгасан	байдаг	0.185185
тусгасан	юм	0.055556
тусламжтайгаар	гүйцэтгэдэг	0.019737
тусламжтайгаар	хүлээн	0.019737
туслах	дүр	0.051613
туслах	дүрд	0.038710
туслах	зорилготой	0.025806
туслах	зорилгоор	0.025806
туслах	үүднээс	0.025806
туслах	болно	0.025806
туслах	жанжин	0.025806
туслах	аж	0.019355
туслах	дүрүүдэд	0.019355
туслах	цэрэг	0.019355
туслах	санах	0.019355
туслах	юм	0.019355
туслах	боломжтой	0.019355
туслах	ба	0.019355
туслах	систем	0.019355
туслах	нь	0.019355
тустай	гэж	0.172414
тустай	байдаг	0.103448
тутам	байгуулагдсан	0.079365
тутам	хэрэглэдэг	0.047619
тын	тооллын	0.266667
тын	ноён	0.100000
тын	код	0.100000
тэгвэл	энэ	0.068966
тэгвэл	бид	0.057471
тэгш	өнцөгт	0.134503
тэгш	бус	0.116959
тэгш	тал	0.076023
тэгш	өндөрлөг	0.058480
тэгш	эрхтэй	0.046784
тэгш	байдал	0.046784
тэгш	эрхийг	0.023392
тэгш	өнцөг	0.023392
тэгш	эрхт	0.017544
тэгш	биш	0.017544
тэгш	байдлын	0.017544
тэгш	байх	0.017544
тэгш	тоотой	0.017544
тэгш	эрх	0.017544
тэгэхэд	нь	0.230769
тэгэхээр	энэ	0.115385
тэдгээрээс	хамгийн	0.225806
тэдний	анхны	0.026774
тэдний	гэр	0.021419
тэдний	дотор	0.018742
тэдний	дунд	0.018742
тэдний	хамгийн	0.016064
тэдний	хувьд	0.016064
тэдний	гол	0.016064
тэдний	нэг	0.014726
тэдний	нэр	0.010710
тэдний	дундаас	0.009371
тэдний	удам	0.009371
тэдний	хоорондох	0.008032
тэдний	үр	0.008032
тэдний	хоёр	0.008032
тэдний	амьдралын	0.008032
тэдний	ихэнх	0.008032
тэдний	үйл	0.006693
тэдний	эсрэг	0.006693
тэдний	хоорондын	0.006693
тэдний	дахь	0.005355
тэдний	хөгжмийн	0.005355
тэдний	дуу	0.005355
тэдний	харилцаа	0.005355
тэдний	хүсэл	0.005355
тэдний	ажил	0.005355
тэдний	зарим	0.005355
тэдний	өмнөх	0.004016
тэдний	талаар	0.004016
тэдний	шийдвэр	0.004016
тэдний	газар	0.004016
тэдний	бие	0.004016
тэдний	зүгээс	0.004016
тэдний	тусламжтайгаар	0.004016
тэдний	зохиол	0.004016
тэдний	эргэн	0.004016
тэдний	амьдралд	0.004016
тэдний	эцэг	0.004016
тэдний	эрх	0.004016
тэдний	сая	0.004016
тэдний	охин	0.004016
тэжээлийн	эх	0.077922
тэжээлийн	бодисын	0.051948
тэжээлийн	ургамал	0.051948
тэжээлийн	бодис	0.051948
тэжээлийн	тос	0.038961
тэжээлийн	хувьд	0.038961
тэжээлийн	бодисыг	0.038961
тэмбүүгийн	үед	0.152174
тэмбүүгийн	цагаан	0.108696
тэмбүүгийн	тууралт	0.086957
тэмбүүгийн	бусад	0.065217
тэмбүүгийн	ii	0.065217
тэмдгүүд	нь	0.227273
тэмдгүүд	илэрнэ	0.181818
тэмдэглэж	байна	0.107143
тэмдэглэж	байсан	0.107143
тэмдэглэж	ирсэн	0.071429
тэмдэглэж	байв	0.071429
тэмдэглэж	байжээ	0.053571
тэмцээн	нь	0.134615
тэмцээн	уралдаанд	0.076923
тэмцээн	зохион	0.064103
тэмцээн	юм	0.057692
тэмцээн	онд	0.044872
тэмцээн	гуравдугаар	0.044872
тэмцээн	оноос	0.038462
тэмцээн	болон	0.032051
тэмцээн	уралдаан	0.032051
тэмцээн	дээр	0.032051
тэмцээн	оны	0.019231
тэмцээн	буюу	0.019231
тэмцээн	байлаа	0.019231
тэмцээн	болж	0.019231
тэмцээн	мөн	0.019231
тэнгисийн	цэргийн	0.193069
тэнгисийн	эрэг	0.113861
тэнгисийн	явган	0.094059
тэнгисийн	эргийн	0.029703
тэнгисийн	эрэгт	0.029703
тэнгисийн	зүүн	0.029703
тэнгисийн	уур	0.024752
тэнгисийн	цэрэг	0.019802
тэнгисийн	усанд	0.019802
тэнгисийн	зэвсэгт	0.014851
тэнгисийн	ус	0.014851
тэнгисийн	флот	0.014851
тэнгисийн	умард	0.014851
тэнцвэр	алдагдаж	0.200000
тэргийг	оны	0.222222
тэргүүний	ажилтан	0.292308
тэргүүтэй	олон	0.061538
тэтгэвэрт	гарсан	0.500000
тэтгэвэрт	гарах	0.187500
тээвэр	нь	0.065217
тээвэр	хийдэг	0.065217
тээвэр	компани	0.065217
түвшин	нь	0.167598
түвшин	болон	0.067039
түвшин	өндөр	0.027933
түвшин	юм	0.027933
түвшин	дэх	0.027933
түвшин	н	0.016760
түвшин	бага	0.016760
түвшин	байх	0.016760
түвшин	хоорондох	0.016760
түвшин	гэж	0.016760
түвшний	програмчлалын	0.050420
түвшний	програм	0.033613
түвшний	хэл	0.033613
түмний	дунд	0.085586
түмний	их	0.063063
түмний	нэг	0.022523
түмний	өмнө	0.022523
түмний	сэтгэл	0.022523
түмний	шууд	0.018018
түмний	түүх	0.018018
түмний	харилцааны	0.018018
түмний	найрамдлын	0.018018
түмний	аж	0.013514
түмний	баатарлаг	0.013514
түмний	санаа	0.013514
түмний	эрх	0.013514
түүнд	тохирсон	0.019337
түүнд	хамаарах	0.016575
түүнд	өөрийн	0.016575
түүнд	нь	0.016575
түүнд	хүрэх	0.013812
түүнд	агуулагдах	0.013812
түүнд	онд	0.013812
түүнд	оны	0.013812
түүнд	алдар	0.011050
түүнд	сэтгэл	0.011050
түүнд	хүндэт	0.011050
түүнд	их	0.011050
түүнд	мөн	0.008287
түүнд	цутгадаг	0.008287
түүнд	байсан	0.008287
түүнд	ямар	0.008287
түүнд	энэ	0.008287
түүнд	олон	0.008287
түүнд	зориулан	0.008287
түүнийгээ	олон	0.067797
түүнтэй	хамт	0.108696
түүнтэй	холбоотой	0.086957
түүнтэй	адил	0.086957
түүнтэй	төстэй	0.054348
түүнтэй	таван	0.032609
түүнтэй	нэгэн	0.032609
түүх	соёлын	0.087227
түүх	нь	0.071651
түүх	соёл	0.040498
түүх	дурсгалын	0.031153
түүх	болон	0.028037
түүх	сударт	0.024922
түүх	ном	0.015576
түүх	юм	0.015576
түүх	улс	0.015576
түүх	уб	0.015576
түүх	гэж	0.015576
түүх	бий	0.015576
түүх	байдаг	0.012461
түүх	угсаатны	0.012461
түүх	эхэлдэг	0.009346
түүх	номонд	0.009346
түүх	ёс	0.009346
түүх	хэмээх	0.009346
түүх	ч	0.009346
түүх	буюу	0.009346
түүх	хэл	0.009346
түүх	р	0.009346
түүх	онол	0.009346
түүх	ба	0.009346
түүх	нийгмийн	0.009346
түүхтэй	юм	0.109589
түүхтэй	ажээ	0.095890
түүхтэй	билээ	0.095890
түүхтэй	холбоотой	0.068493
түүхтэй	бөгөөд	0.068493
түүхэн	дэх	0.253406
түүхэн	үйл	0.073569
түүхэн	баримт	0.038147
түүхэн	сурвалжид	0.029973
түүхэн	цаг	0.021798
түүхэн	эх	0.021798
түүхэн	дурсгалт	0.019074
түүхэн	сурвалж	0.016349
түүхэн	ач	0.016349
түүхэн	хөгжлийн	0.016349
түүхэн	амжилтыг	0.013624
түүхэн	амжилт	0.013624
түүхэн	үеийг	0.013624
түүхэн	хүн	0.010899
түүхэн	нөхцөл	0.010899
түүхэн	чухал	0.008174
түүхэн	хугацаанд	0.008174
түүхэн	дэхь	0.008174
түүхэн	үүрэг	0.008174
түүхэн	амжилтын	0.008174
түүхэн	судар	0.008174
түүхэн	тэмдэглэл	0.008174
түүхэн	бичигт	0.008174
төвд	нь	0.037267
төвд	байрладаг	0.031056
төвд	цэвэр	0.031056
төвд	байдаг	0.024845
төвд	рүү	0.024845
төвд	хэл	0.018634
төвд	монгол	0.018634
төвд	үг	0.018634
төвүүд	болон	0.148148
төвүүд	нь	0.148148
төвөдийн	буддын	0.129032
төгсгөлгүй	олон	0.200000
төгсгөлөг	элементийн	0.304348
төгсгөлөг	талбар	0.130435
төгсгөлөг	бус	0.130435
төгсөж	ирээд	0.103448
төдий	л	0.303279
төдий	чинээ	0.172131
төдий	зүйл	0.040984
төдий	биш	0.032787
төдий	бус	0.024590
төдийлөн	сайн	0.218182
төдийлөн	амжилт	0.090909
төдийлөн	их	0.072727
төдийлөн	өндөр	0.054545
төлбөрийн	хэрэгсэл	0.166667
төлбөрийн	картны	0.100000
төлөөх	тэмцэл	0.129032
төлөөх	дайн	0.064516
төлөөх	тоглолтонд	0.064516
төлөөх	тулаанд	0.048387
төлөөх	үйл	0.048387
төлөөх	өрсөлдөөн	0.048387
төмрийн	хүдэр	0.255814
төмрийн	iii	0.069767
төмрийн	хүдрийн	0.069767
төрлийн	тоглоомнууд	0.014212
төрлийн	өвчин	0.011628
төрлийн	үйл	0.010336
төрлийн	зүйл	0.009044
төрлийн	мэдээллийг	0.009044
төрлийн	хөгжмийн	0.007752
төрлийн	ганц	0.007752
төрлийн	үйлдлийн	0.007752
төрлийн	өгөгдлийн	0.007752
төрлийн	арга	0.007752
төрлийн	нэг	0.006460
төрлийн	програм	0.006460
төрлийн	хэл	0.006460
төрлийн	халдлага	0.006460
төрлийн	санах	0.005168
төрлийн	хамгийн	0.005168
төрлийн	sql	0.005168
төрлийн	байдаг	0.005168
төрлийн	эмийн	0.005168
төрлийн	хоол	0.005168
төрлийн	ургамал	0.005168
төрлийн	дугуйг	0.005168
төрлийн	эм	0.005168
төрлийн	шувууд	0.005168
төрлийн	үүрэг	0.005168
төрлийн	ван	0.005168
төрлийн	анхны	0.003876
төрлийн	спортод	0.003876
төрлийн	процесс	0.003876
төрлийн	бүх	0.003876
төрлийн	олон	0.003876
төрлийн	ургамлын	0.003876
төрлийн	өгөгдлийг	0.003876
төрлийн	хэлтэй	0.003876
төрлийн	өөр	0.003876
төрлийн	тайж	0.003876
төрлийн	салбар	0.003876
төрлийн	холбоо	0.003876
төрлийн	вирус	0.003876
төрлийн	өгөгдөл	0.003876
төрлүүд	нь	0.250000
төрлүүд	байдаг	0.125000
төрхтэй	байсан	0.192308
төрхтэй	болжээ	0.153846
төрч	юм	0.294118
төрч	улсын	0.088235
төрч	эмэгтэй	0.088235
төрүүлж	өгсөн	0.121951
төрүүлж	өсгөсөн	0.121951
төрүүлж	байсан	0.121951
төрүүлж	байна	0.073171
төрүүлсэн	байна	0.121212
төрүүлсэн	юм	0.090909
төрөлхтний	түүхэнд	0.153846
төрөлхтний	соёлын	0.076923
төрөлхтний	хамгийн	0.046154
төрөлхтний	түүхийн	0.046154
төрөлхтний	хувьд	0.046154
төсөөтэй	байдал	0.166667
төхөөрөмжүүдийг	ашиглан	0.107143
төхөөрөмжүүдийн	хооронд	0.192308
уб	он	0.200000
увс	аймгийн	0.591837
увс	нуурын	0.102041
увс	нуур	0.061224
угсаа	залгамжлах	0.132075
угсаа	гарал	0.094340
угсаа	залгамжлан	0.094340
угсаа	гаралтай	0.075472
угсаа	гарвал	0.075472
угсаа	нь	0.075472
угсаа	залгах	0.056604
удаа	дараа	0.048439
удаа	түрүүлж	0.021529
удаа	түрүүлсэн	0.020452
удаа	дараалан	0.019376
удаа	л	0.013994
удаа	дараагийн	0.012917
удаа	нэр	0.010764
удаа	ч	0.008611
удаа	олон	0.008611
удаа	алтан	0.008611
удаа	зохион	0.007535
удаа	сонгогдож	0.007535
удаа	их	0.007535
удаа	оны	0.007535
удаа	түрүүлжээ	0.006459
удаа	энэ	0.006459
удаа	хүртсэн	0.006459
удаа	амжилттай	0.006459
удаа	нэг	0.006459
удаа	түүний	0.005382
удаа	онд	0.005382
удаа	гэрлэж	0.005382
удаа	оролцож	0.005382
удаа	сонгогдсон	0.005382
удаа	томоохон	0.005382
удаа	нийтдээ	0.005382
удаа	дэлхийн	0.005382
удаа	болдог	0.005382
удаа	элч	0.005382
удаа	уул	0.005382
удаа	оролцсон	0.005382
удаа	хүртэж	0.005382
удаа	дараалсан	0.004306
удаа	гарч	0.004306
удаа	буюу	0.004306
удаа	байлдаж	0.004306
удаа	ялсан	0.004306
удаа	хийж	0.004306
удаа	шалгарч	0.004306
удаа	хүртжээ	0.004306
удаагаа	сонгогдон	0.064516
удаагаа	нба	0.053763
удаагаа	аварга	0.032258
удаагаа	нэр	0.032258
удам	юм	0.107143
удам	угсаа	0.089286
удам	нь	0.071429
удам	болох	0.071429
удам	бөгөөд	0.053571
удирдаж	байсан	0.242647
удирдаж	байв	0.073529
удирдаж	байгаа	0.066176
удирдаж	буй	0.058824
удирдаж	байжээ	0.051471
удирдаж	байна	0.044118
удирдаж	байх	0.036765
удирдаж	болно	0.029412
удирдаж	явсан	0.029412
удирдаж	чаддаг	0.022059
удирддаг	бөгөөд	0.105263
удирддаг	төв	0.078947
удирддаг	байсан	0.078947
удирдлагууд	нь	0.096774
удирдсан	цэрэг	0.106667
удирдсан	байна	0.093333
удирдсан	монгол	0.053333
удирдсан	юм	0.040000
удмын	мэдээлэл	0.095238
удмын	хүн	0.095238
удмын	сүүлчийн	0.095238
удмын	мэдээллийг	0.071429
уйгурын	хаант	0.138889
улиралын	туршид	0.142857
улиралын	тоглолтыг	0.114286
улиралын	тэмцээн	0.114286
улиралын	нээлтийн	0.085714
улиралын	эхний	0.085714
улиралын	төгсгөлд	0.085714
улирлын	турш	0.093750
улирлын	дараа	0.054688
улирлын	туршид	0.039062
улирлын	хамгийн	0.039062
улирлын	шилдэг	0.031250
улирлын	дундуур	0.031250
улирлын	төгсгөлд	0.031250
улирлын	эхний	0.031250
улирлын	тоглолт	0.023438
улирлын	өмнө	0.023438
улирлын	чанартай	0.023438
улирлын	үнэ	0.023438
улирлын	тэмцээн	0.023438
улс	төрийн	0.209971
улс	төр	0.054949
улс	нь	0.049127
улс	орны	0.035298
улс	орон	0.025109
улс	төрч	0.019287
улс	юм	0.017831
улс	оронд	0.015648
улс	орнуудын	0.015284
улс	болон	0.014556
улс	руу	0.013464
улс	орнууд	0.013464
улс	орноо	0.013100
улс	орнуудад	0.012373
улс	онд	0.012009
улс	төрд	0.010917
улс	болсон	0.009461
улс	гэж	0.009461
улс	орныг	0.009098
улс	болох	0.007642
улс	орныхоо	0.005459
улс	оны	0.005459
улс	даяар	0.005095
улс	буюу	0.005095
улс	тусгаар	0.005095
улс	байсан	0.005095
улс	оршин	0.004731
улс	гэх	0.004731
улс	хэмээн	0.004731
улс	бөгөөд	0.004367
улс	гэсэн	0.004367
улс	болжээ	0.004367
улс	үндэстний	0.004367
улс	хоорондын	0.004367
улс	төрийг	0.004003
улс	хоёр	0.004003
улс	байгуулах	0.003639
улс	тус	0.003639
улс	байгуулагдсаны	0.003639
улс	байв	0.003275
улсууд	нь	0.065217
улсууд	болон	0.043478
улсууд	хүлээн	0.028986
улсууд	энэ	0.021739
улсууд	мөн	0.021739
улсуудтай	холбоо	0.125000
улсуудтай	харилцаа	0.125000
улсуудтай	харилцах	0.125000
улсуудтай	харьцуулахад	0.125000
улсуудын	нэг	0.087302
улсуудын	үе	0.071429
улсуудын	хооронд	0.047619
улсуудын	хувьд	0.023810
улсуудын	хоорондох	0.023810
улсуудын	үед	0.023810
улсуудын	төв	0.023810
улсуудын	тэргүүн	0.023810
улсуудын	нөлөөний	0.023810
умар	зүгт	0.375000
умар	зүг	0.187500
умард	хэсэг	0.046392
умард	ирландын	0.046392
умард	алтан	0.041237
умард	солонгос	0.036082
умард	хэсэгт	0.030928
умард	болон	0.025773
умард	хэсгээр	0.025773
умард	атлантын	0.025773
умард	хүннүгийн	0.025773
умард	мөсөн	0.020619
умард	хятадын	0.020619
умард	солонгосын	0.020619
умард	өмнөд	0.020619
умард	нутагт	0.020619
умард	зүг	0.015464
умард	хил	0.015464
умард	руу	0.015464
умард	хүннү	0.015464
умард	дорнод	0.015464
умард	кавказын	0.015464
умард	өргөргийн	0.015464
умард	юань	0.015464
умардын	цэргийн	0.130435
унаж	байсан	0.074627
унаж	буй	0.074627
унаж	эхэлсэн	0.059701
унаж	явсан	0.044776
уналт	гэдэг	0.142857
уналт	нь	0.142857
унасан	юм	0.136986
унасан	ч	0.054795
унасан	байна	0.041096
унасан	бөгөөд	0.041096
унасан	нь	0.041096
унах	хур	0.105263
уншиж	болно	0.078947
уншиж	бичих	0.052632
уншиж	бичиж	0.052632
уншиж	чадахгүй	0.052632
уншиж	байгаа	0.035088
уншиж	болох	0.035088
уншиж	байх	0.035088
уншиж	ойлгоход	0.026316
уншиж	эхлэх	0.026316
унших	боломжтой	0.115044
унших	бичих	0.097345
унших	болон	0.079646
унших	төхөөрөмж	0.035398
унших	вэ	0.026549
унших	нь	0.026549
унших	үед	0.026549
унших	дуртай	0.026549
урвал	нь	0.219512
урвал	юм	0.073171
урвалд	орж	0.404762
урвалд	ордог	0.166667
урвалд	орно	0.071429
ургадаг	байна	0.112903
ургадаг	ба	0.080645
ургадаг	бөгөөд	0.048387
ургадаг	учраас	0.048387
ургах	ба	0.170732
ургах	бөгөөд	0.121951
ургах	нь	0.097561
ургах	дуртай	0.073171
урианхай	нар	0.134615
урианхай	гэж	0.115385
урианхай	нарыг	0.076923
урианхай	нь	0.057692
урианхай	хэмээх	0.057692
урьд	нь	0.311111
урьд	өмнө	0.266667
урьд	цагт	0.038889
усаа	цуглуулах	0.444444
устаж	үгүй	0.600000
устаж	хүн	0.100000
устаж	байгаа	0.100000
утга	нь	0.177824
утга	зохиолын	0.106695
утга	санааг	0.066946
утга	зохиол	0.060669
утга	бүхий	0.050209
утга	учир	0.027197
утга	юм	0.020921
утга	санаа	0.020921
утга	учрыг	0.018828
утга	учиртай	0.016736
утга	илэрхийлдэг	0.016736
утга	зохиолд	0.012552
утга	агуулга	0.012552
утга	агуулгатай	0.012552
утга	ба	0.010460
утга	агуулдаг	0.010460
утга	зэрэг	0.008368
утга	авна	0.008368
утга	зохиолыг	0.008368
утга	болон	0.008368
утга	гэж	0.008368
утга	буюу	0.006276
утга	байхгүй	0.006276
утга	агуулгын	0.006276
утга	хүлээн	0.006276
утга	төгөлдөр	0.006276
утсаар	ярьж	0.125000
уу	гэж	0.118343
уу	эсвэл	0.106509
уу	гэдэг	0.076923
уу	гэдгийг	0.071006
уу	гэсэн	0.041420
уу	даа	0.035503
уу	хэмээн	0.029586
уу	хэд	0.017751
уу	үгүй	0.017751
уудам	нутагт	0.184211
уудам	нутгийг	0.118421
уудам	тал	0.105263
уудам	нутаг	0.105263
уудам	газар	0.078947
уудам	их	0.039474
уулархаг	нутаг	0.126316
уулархаг	газар	0.094737
уулархаг	нутгийн	0.073684
уулархаг	нутгаар	0.063158
уулархаг	нутагт	0.063158
уулархаг	бүс	0.042105
уулархаг	орон	0.031579
уулархаг	газраар	0.031579
уулархаг	хэсгээр	0.031579
уулзаж	байсан	0.169811
уулзаж	байв	0.056604
уулын	ар	0.033854
уулын	өвөрт	0.031250
уулын	аймгийн	0.031250
уулын	хошуу	0.031250
уулын	нуруу	0.020833
уулын	оргил	0.020833
уулын	оройд	0.020833
уулын	орой	0.020833
уулын	зүүн	0.018229
уулын	баруун	0.018229
уулын	хар	0.015625
уулын	энгэр	0.015625
уулын	чулуулаг	0.015625
уулын	нэр	0.015625
уулын	хээрийн	0.013021
уулын	ноён	0.013021
уулын	хошуунд	0.013021
уулын	хээр	0.013021
уулын	орчим	0.013021
уулын	гаралтай	0.013021
уулын	аймаг	0.013021
уулын	дунд	0.013021
уулын	цанын	0.013021
уулын	цана	0.010417
уулын	өвөр	0.010417
уулын	бүс	0.010417
уулын	гол	0.010417
уулын	ойт	0.010417
уулын	нэрээр	0.010417
уулын	нугын	0.007812
уулын	ой	0.007812
уулын	арын	0.007812
уулын	хошууны	0.007812
уулын	орчимд	0.007812
уулын	хошуунаас	0.007812
уулын	их	0.007812
уулын	бүсэд	0.007812
уулын	хажуу	0.007812
уулын	түргэн	0.007812
уулын	хойд	0.007812
уусмал	нь	0.241379
уусмал	дахь	0.172414
ууц	нь	0.263158
ухаалаг	гар	0.293478
ухаалаг	карт	0.119565
ухаалаг	утас	0.043478
ухаалаг	агент	0.032609
ухаалаг	утасны	0.032609
уцс	ын	0.310345
уцс	нь	0.241379
уцс	ыг	0.103448
учруулж	байна	0.189189
учруулж	болох	0.135135
учруулж	байгаа	0.108108
учруулж	байв	0.081081
учруулж	болзошгүй	0.081081
учруулж	байсан	0.081081
файлын	систем	0.175000
файлын	нэр	0.087500
файлын	системийг	0.062500
файлын	системийн	0.037500
феррари	нь	0.115385
физик	санах	0.113122
физик	хаяг	0.095023
физик	шинж	0.063348
физик	химийн	0.049774
физик	хаягийн	0.040724
физик	болон	0.031674
физик	газарзүйн	0.031674
физик	хаягийг	0.027149
физик	хими	0.027149
физик	түвшинд	0.013575
физик	аюулгүй	0.013575
физик	хаягуудыг	0.013575
физик	математикийн	0.013575
физикийн	шинжлэх	0.090909
физикийн	салбарын	0.072727
физикийн	салбарт	0.054545
философийн	ухааны	0.057971
философийн	сэтгэлгээний	0.043478
философийн	үндсэн	0.043478
философийн	түүхэнд	0.043478
философийн	үзэл	0.043478
флот	болон	0.111111
форд	мотор	0.230769
функц	нь	0.280000
функц	юм	0.080000
функц	эсвэл	0.053333
фунтээр	элсэж	0.344828
фунтээр	худалдан	0.103448
фунтээр	элсүүлсэн	0.103448
хаа	сайгүй	0.244444
хаа	н	0.244444
хаа	ч	0.122222
хаа	нэг	0.055556
хаа	нь	0.055556
хаа	д	0.044444
хаагч	нь	0.238095
хаагч	нар	0.095238
хаад	ноёд	0.138462
хаад	нь	0.138462
хаад	ноёдын	0.061538
хааж	байсан	0.132075
хааж	байхдаа	0.113208
хааж	байв	0.056604
хаанчлалын	үед	0.400000
хаанчлалын	жилүүдэд	0.166667
хаанчлалын	үеэс	0.100000
хааны	үед	0.065534
хааны	зарлигаар	0.036408
хааны	ордонд	0.024272
хааны	ордон	0.020631
хааны	засгийн	0.020631
хааны	гэр	0.019417
хааны	их	0.015777
хааны	цэргийн	0.014563
хааны	ургийн	0.012136
хааны	ордны	0.012136
хааны	цомын	0.010922
хааны	хүү	0.010922
хааны	цэрэг	0.010922
хааны	ач	0.009709
хааны	ах	0.009709
хааны	хатан	0.009709
хааны	дүү	0.008495
хааны	дэргэдэх	0.008495
хааны	алтан	0.008495
хааны	эрх	0.008495
хааны	дараа	0.007282
хааны	шууд	0.007282
хааны	үр	0.007282
хааны	үе	0.007282
хааны	отгон	0.007282
хааны	охин	0.007282
хааны	засаглалын	0.006068
хааны	зарлиг	0.006068
хааны	бунхан	0.006068
хааны	шадар	0.006068
хааны	номын	0.006068
хааны	эсрэг	0.006068
хааны	цолыг	0.006068
хааны	нэр	0.006068
хааны	мэдэлд	0.004854
хааны	гол	0.004854
хааны	удмын	0.004854
хааны	р	0.004854
хааны	удам	0.004854
хааны	монгол	0.004854
хааныг	нас	0.110000
хааныг	таалал	0.040000
хааныг	их	0.030000
хааныг	сонгох	0.030000
хааныг	өөд	0.030000
хааныг	дагаж	0.030000
хааныг	тэнгэрт	0.030000
хааныг	тулж	0.030000
хавар	эрт	0.133333
хавар	намрын	0.088889
хавар	хүртэл	0.044444
хавар	намар	0.044444
хавар	нь	0.044444
хавар	зуны	0.033333
хавдар	нь	0.117647
хавийн	газар	0.170732
хавийн	нутаг	0.097561
хагасаас	илүү	0.157895
хадны	сүг	0.205128
хадны	зураг	0.089744
хадны	зургийг	0.076923
хадны	зургийн	0.064103
хадны	бичээс	0.051282
хадны	завсар	0.051282
хадны	бичиг	0.038462
хажуу	талд	0.102941
хажуу	бөөр	0.102941
хажуу	тийш	0.073529
хажуу	талын	0.058824
хажуу	тал	0.058824
хажуу	эгц	0.044118
хажуу	жигүүрийн	0.044118
хажуугийн	гинжин	0.148148
хайр	сэтгэл	0.173077
хайр	сэтгэлийн	0.134615
хайр	сэтгэлийг	0.076923
хайр	нь	0.076923
хайрга	чулуутай	0.227273
хайрга	бүхий	0.136364
хайрс	нь	0.411765
хайртай	хүү	0.081633
хайртай	эхнэр	0.061224
халдагч	нь	0.161290
халдварын	эсрэг	0.147059
халдварын	үед	0.117647
халдварын	эхний	0.088235
халдварын	гаралтай	0.088235
халдлага	нь	0.310345
халдлага	илрүүлэх	0.094828
халдлага	юм	0.060345
халдлага	хийх	0.051724
халдлага	хийж	0.043103
халдлага	эсэргүүцэх	0.025862
халдлага	байсан	0.025862
халдлагад	өртсөн	0.384615
халх	журам	0.137725
халх	голын	0.083832
халх	монгол	0.047904
халх	ойрадын	0.041916
халх	монголын	0.041916
халх	долоон	0.029940
халх	өвөр	0.029940
халх	монголд	0.023952
халх	түмний	0.023952
халх	манжид	0.023952
халх	болон	0.023952
халх	монголыг	0.017964
халх	гол	0.017964
халх	ястны	0.017964
халх	ойрад	0.017964
хамаарал	нь	0.344828
хамааралтай	байдаг	0.097087
хамааралтай	өгөгдлийн	0.058252
хамааралтай	байх	0.048544
хамааралтай	ба	0.038835
хамааралтай	байна	0.038835
хамааралтай	байж	0.029126
хамааралтай	болохыг	0.029126
хамааралтай	мэдээллийн	0.029126
хамаарлыг	судалдаг	0.130435
хамаарч	янз	0.065217
хамаарч	байгаа	0.043478
хамаарч	өөр	0.043478
хамаарч	харилцан	0.036232
хамаарч	олон	0.028986
хамаарч	байна	0.028986
хамаарч	байдаг	0.028986
хамаарч	байсан	0.021739
хамаарч	зарим	0.021739
хамардаг	бөгөөд	0.285714
хамарч	байна	0.107143
хамарч	байсан	0.107143
хамгаалалтанд	авсан	0.176471
хамгаалсан	юм	0.119048
хамгаалсан	байна	0.095238
хамрах	хүрээ	0.333333
хамрах	бөгөөд	0.145833
хамрах	хүрээг	0.062500
хамтарсан	цэргийн	0.070423
хамтарсан	засгийн	0.070423
хамтарсан	хөрөнгө	0.042254
хамтарсан	хүч	0.042254
хамтлагийн	гишүүн	0.084806
хамтлагийн	гишүүд	0.074205
хамтлагийн	ахлагч	0.056537
хамтлагийн	нэр	0.038869
хамтлагийн	анхны	0.038869
хамтлагийн	гитарчин	0.028269
хамтлагийн	дуучин	0.028269
хамтлагийн	хамгийн	0.024735
хамтлагийн	уран	0.024735
хамтлагийн	албан	0.024735
хамтлагийн	гоцлол	0.021201
хамтлагийн	бүх	0.021201
хамтлагийн	бусад	0.017668
хамтлагийн	гишүүдийн	0.017668
хамтлагийн	бүрэлдэхүүнд	0.014134
хамтлагийн	онд	0.014134
хамтлагийн	дуунуудыг	0.014134
хамтлагийн	менежер	0.010601
хамтлагийн	хоёр	0.010601
хамтлагийн	дэд	0.010601
хамтлагийн	үйл	0.010601
хамтлагийн	аялан	0.010601
хамтлагийн	оны	0.010601
хамтлагийн	урт	0.010601
хамтлагийн	бөмбөрчин	0.010601
хамтран	ажиллах	0.127764
хамтран	ажиллаж	0.125307
хамтран	ажилладаг	0.051597
хамтран	ажилласан	0.044226
хамтран	зохион	0.024570
хамтран	тоглосон	0.022113
хамтран	дуулсан	0.019656
хамтран	ажиллахаар	0.014742
хамтран	бичсэн	0.014742
хамтран	гаргасан	0.012285
хамтран	ажиллажээ	0.012285
хамтран	бүтээсэн	0.012285
хамтран	зохиосон	0.009828
хамтран	ашиглах	0.009828
хамтран	онд	0.009828
хамтран	эзэмшсэн	0.009828
хамтран	монголын	0.007371
хамтран	уран	0.007371
хамтран	хэд	0.007371
хамтран	өөрийн	0.007371
хамтран	маш	0.007371
хамтран	эзэмшигч	0.007371
хамтран	эзэмшдэг	0.007371
хамтран	оны	0.007371
хамтран	хийсэн	0.007371
хамтын	ажиллагааны	0.294872
хамтын	ажиллагаа	0.217949
хамтын	ажиллагааг	0.147436
хамтын	бүтээл	0.051282
хамтын	ажиллагаагаа	0.051282
хамтын	нийгэмлэгийн	0.019231
хамтын	үйл	0.019231
хан	аймгийн	0.178571
хан	уул	0.040816
хан	улсын	0.025510
хан	аймаг	0.025510
хан	нь	0.022959
хан	уулын	0.022959
хан	хэнтий	0.020408
хан	хүү	0.017857
хан	болон	0.015306
хан	онд	0.012755
хан	улстай	0.012755
хан	болсон	0.010204
хан	хэнтийн	0.010204
хан	байсан	0.010204
хан	байв	0.007653
хан	оны	0.007653
хан	өөрийн	0.007653
хан	хөвгүүд	0.007653
хан	чингис	0.007653
хан	нарын	0.007653
хан	буюу	0.007653
хан	ширээг	0.007653
хан	улс	0.007653
хан	сэцэн	0.007653
хан	аймагт	0.007653
хан	насандаа	0.007653
хан	ч	0.007653
хан	ширээнд	0.007653
хан	хөвүүн	0.007653
ханатай	гэр	0.120000
хангагдсан	байдаг	0.208333
хангай	хэнтийн	0.142857
хангай	говь	0.114286
хангай	хэнтий	0.085714
хангайн	нурууны	0.341463
хангайн	уулархаг	0.097561
хангамжийн	багц	0.048387
хангамжийн	хувьд	0.032258
хангамжийн	инженерчлэл	0.032258
хангамжийн	аль	0.024194
хангамжийн	бүтээгдэхүүн	0.024194
хангамжийн	бүрэлдэхүүн	0.024194
хангамжтай	орон	0.176471
хандалт	авсан	0.153846
хандалт	хийх	0.102564
хандалт	хийж	0.076923
хандалт	нь	0.076923
хандуулж	байсан	0.166667
ханлиг	нь	0.130435
харааны	мэдрэлийн	0.119048
харааны	бэрхшээлтэй	0.119048
харж	болно	0.322751
харж	болох	0.089947
харж	байна	0.047619
харж	байсан	0.031746
харж	болдог	0.026455
харж	байгаа	0.021164
харж	болохоор	0.015873
харж	чаддаггүй	0.015873
харилцааг	бий	0.044776
харилцааг	зохицуулах	0.044776
харилцаанд	ордог	0.073171
харилцаанд	орж	0.073171
харилцан	адилгүй	0.240143
харилцан	үйлчлэлийг	0.068100
харилцан	үйлчлэл	0.060932
харилцан	үйлчлэлийн	0.057348
харилцан	ашигтай	0.032258
харилцан	бие	0.025090
харилцан	яриа	0.025090
харилцан	ажиллагааг	0.021505
харилцан	үйлчилж	0.017921
харилцан	анхны	0.017921
харилцан	үл	0.017921
харилцан	хамааралтай	0.014337
харилцан	ажиллагаа	0.014337
харилцан	холбоо	0.014337
харилцан	холбоотой	0.014337
харилцан	хамаарал	0.014337
харилцан	солилцох	0.010753
харилцан	уялдаа	0.010753
харилцан	үйлчлэх	0.010753
харилцан	хоёр	0.010753
харилцан	хамаарлыг	0.010753
харилцан	нээсэн	0.010753
харилцан	ажиллах	0.010753
харилцан	солилцож	0.010753
хариу	үйлдэл	0.112150
хариу	өгөх	0.070093
хариу	арга	0.046729
хариу	урвал	0.042056
хариу	өгдөг	0.037383
хариу	өгсөн	0.037383
хариу	урвалыг	0.032710
хариу	үзүүлэх	0.023364
хариу	үйлдлийг	0.023364
хариу	өгөөгүй	0.023364
хариу	өгч	0.023364
хариу	болгож	0.023364
хариу	өгөхгүй	0.023364
хариу	тоглолтууд	0.023364
хариу	өгчээ	0.018692
хариу	болгон	0.018692
хариу	нь	0.018692
хариу	урвалын	0.014019
хариу	ирдэг	0.014019
хариу	үзүүлдэг	0.014019
хариу	хүлээн	0.014019
хариу	цохилт	0.014019
хариу	элч	0.014019
хариу	үзүүлж	0.014019
хариу	өгнө	0.014019
хариу	өгөхийг	0.014019
хариуцаж	байсан	0.291667
хариуцаж	байжээ	0.166667
хариуцлага	хүлээх	0.173913
хариуцлага	хүлээдэг	0.130435
хариуцлага	хүлээж	0.108696
хариуцлага	нь	0.065217
хариуцлага	хүлээсэн	0.065217
хариуцсан	захирал	0.210526
хариуцсан	нарийн	0.070175
харна	уу	0.785714
харуулах	болно	0.092593
харуулах	ба	0.074074
харуулах	гэсэн	0.055556
харуулсан	байна	0.185185
харуулсан	юм	0.083333
харуулсан	байдаг	0.055556
харуулсан	нь	0.046296
харьцангуй	бага	0.130742
харьцангуй	том	0.056537
харьцангуй	жижиг	0.038869
харьцангуй	цөөн	0.035336
харьцангуй	өндөр	0.031802
харьцангуй	их	0.031802
харьцангуй	удаан	0.028269
харьцангуй	өргөн	0.017668
харьцангуй	хямд	0.017668
харьцангуй	тогтвортой	0.017668
харьцангуй	шинэ	0.017668
харьцангуй	залуу	0.017668
харьцангуй	биеэ	0.017668
харьцангуй	олон	0.014134
харьцангуй	ховор	0.014134
харьцангуй	урт	0.014134
харьцангуй	хожуу	0.014134
харьцангуй	хялбар	0.010601
харьцангуй	тайван	0.010601
харьцангуй	тогтмол	0.010601
харьцангуй	богино	0.010601
харьцангуй	нам	0.010601
харьцангуй	сайн	0.010601
харьцангуй	давуу	0.010601
харьцангуй	бие	0.010601
харьцангуй	онол	0.010601
харьцах	байдлаар	0.093750
харьцуулж	болох	0.136364
харьцуулсан	харьцаа	0.161290
харьцуулсан	судалгааны	0.096774
харьцуулсан	толь	0.096774
харьяалагдаж	байсан	0.285714
харьяалагдаж	байв	0.238095
харьяат	аймгийн	0.185185
харьяат	улсын	0.074074
харьяат	сумын	0.037037
хачирхалтай	нь	0.350000
хашиж	байсан	0.314815
хашиж	байв	0.222222
хашиж	байна	0.092593
хашиж	байжээ	0.074074
хашиж	байгаад	0.055556
хашсан	юм	0.166667
хаягийн	зай	0.120000
хаягийн	орон	0.080000
хаягийн	зайг	0.060000
хаягийн	хэмжээ	0.040000
хаягийн	багцыг	0.030000
хаягийн	зайн	0.030000
хаягийн	зайд	0.030000
хаягийн	шугам	0.030000
хийгдэх	боломжтой	0.157895
хийгдэх	нь	0.131579
хийгдэх	үед	0.078947
хийгдэх	шаардлагатай	0.078947
хийгдэх	ба	0.078947
хийдэг	байсан	0.150376
хийдэг	байжээ	0.082707
хийдэг	байв	0.067669
хийдэг	байна	0.052632
хийдэг	ба	0.048872
хийдэг	болсон	0.030075
хийдэг	байлаа	0.030075
хийдэг	нь	0.026316
хийдэг	болжээ	0.026316
хийдэг	бөгөөд	0.018797
хийдэг	байж	0.015038
хийдэг	тул	0.015038
хийдэг	бол	0.015038
хийдэг	вэ	0.011278
хийдэг	учраас	0.011278
хийдэг	байснаас	0.011278
хийдэг	програм	0.011278
хийдэг	хүн	0.011278
хийдэг	ажил	0.011278
хийдэг	боловч	0.011278
хийхийн	тулд	0.660000
хийхийн	зэрэгцээ	0.100000
хийхийн	өмнө	0.060000
хийцийн	хувьд	0.200000
хийцтэй	байдаг	0.093750
хил	дээр	0.116935
хил	хязгаар	0.112903
хил	хязгаарыг	0.076613
хил	залгаа	0.068548
хил	нь	0.056452
хил	хязгаарын	0.036290
хил	орчмын	0.032258
хил	хамгаалах	0.024194
хил	хязгаарт	0.024194
хил	залгадаг	0.020161
хил	рүү	0.020161
хил	нэвтрэн	0.020161
хил	хүртэл	0.020161
хил	хязгаартай	0.016129
хил	дагуу	0.016129
хил	дээрээ	0.012097
хил	залгаж	0.012097
хил	хязгааргүй	0.012097
хил	хүртэлх	0.012097
хил	даван	0.012097
хими	технологийн	0.125000
хими	физик	0.100000
хими	ба	0.100000
хими	биологийн	0.075000
хими	нь	0.075000
хиргис	гэж	0.120000
хиргис	орны	0.120000
хит	буха	0.189189
хит	болж	0.121622
хит	дуу	0.121622
хит	болсон	0.081081
хит	баг	0.040541
хит	хүн	0.040541
хит	дуунуудыг	0.040541
хичнээн	хүн	0.151515
хичнээн	ч	0.151515
хичнээн	их	0.121212
хожил	авсан	0.272727
хойгийн	өмнөд	0.153846
хойгийн	зүүн	0.115385
хойгийн	төв	0.115385
хойноос	урагш	0.272727
хойноос	нь	0.136364
хойноос	урагшаа	0.090909
хойноос	зүүн	0.090909
хойноос	эх	0.068182
хойноос	баруун	0.068182
хойт	хэсэгт	0.103448
хойт	талаараа	0.068966
хойт	зүгт	0.045977
хойт	талын	0.045977
хойт	дүрийг	0.034483
хойт	талд	0.034483
хойт	хоёр	0.034483
хойт	зүг	0.034483
хойт	хэсэг	0.034483
хойт	эх	0.034483
хойч	үедээ	0.272727
хойч	үед	0.181818
хойч	үеийн	0.181818
хойш	жилийн	0.040000
хойш	олон	0.027500
хойш	он	0.025000
хойш	хоёр	0.023750
хойш	жил	0.017500
хойш	тус	0.016250
хойш	анх	0.016250
хойш	сарын	0.013750
хойш	тасралтгүй	0.012500
хойш	гаруй	0.012500
хойш	нэг	0.011250
хойш	км	0.011250
хойш	хоногийн	0.011250
хойш	хэд	0.011250
хойш	түүний	0.010000
хойш	энэ	0.010000
хойш	монгол	0.010000
хойш	улс	0.008750
хойш	ердөө	0.007500
хойш	гурван	0.007500
хойш	хэдэн	0.006250
хойш	дахь	0.006250
хойш	нь	0.006250
хойш	бараг	0.006250
хойш	маш	0.005000
хойш	хамгийн	0.005000
хойш	зургаан	0.005000
хойш	удалгүй	0.005000
хойш	баруун	0.005000
хойш	ану	0.005000
хойш	таван	0.005000
хойш	монголын	0.005000
хойш	цагийн	0.005000
хойш	өнөөг	0.005000
хойш	тэрээр	0.005000
хойш	өдрийн	0.005000
хойш	орчим	0.005000
хойш	нийт	0.003750
хойш	хэдхэн	0.003750
хойш	дөрвөн	0.003750
хойшхи	хамгийн	0.115385
хойшхи	анхны	0.115385
хол	зайд	0.086614
хол	ойрын	0.070866
хол	давсан	0.070866
хол	зайтай	0.039370
хол	газарт	0.031496
хол	орших	0.031496
хол	зөрүүтэй	0.023622
хол	хөндий	0.023622
хол	газар	0.023622
хол	боловч	0.023622
хол	илүү	0.023622
холбогдож	байгаа	0.134831
холбогдож	байв	0.056180
холбогдож	буй	0.044944
холбогдож	болох	0.033708
холбогдож	чадахгүй	0.033708
холбогдож	болдог	0.033708
холбогдож	байдаг	0.033708
холбогдож	болно	0.033708
холбогдолтой	юм	0.179245
холбогдолтой	байдаг	0.056604
холбогдолтой	байв	0.037736
холбогдолтой	болсон	0.037736
холбогдолтой	байсан	0.028302
холбогдон	ажилладаг	0.075000
холбогч	эд	0.150000
холбон	тайлбарладаг	0.120690
холбон	үздэг	0.086207
холбон	тоглогч	0.051724
холбон	авч	0.051724
холбоог	тайлбарладаг	0.051724
холбоог	үүсгэн	0.051724
холбоос	нь	0.155172
холбоос	юм	0.068966
холын	зайн	0.264151
холын	зайнаас	0.113208
холын	аян	0.075472
холын	зайд	0.056604
хонины	мах	0.176471
хонины	сүү	0.176471
хоног	үлдэнэ	0.087209
хоног	бүрийн	0.040698
хоног	бүр	0.034884
хоног	тутмын	0.034884
хоног	орчим	0.029070
хоног	тутам	0.023256
хоног	үргэлжилсэн	0.023256
хоног	л	0.023256
хоног	дараалан	0.023256
хоног	хүртэл	0.023256
хоног	болдог	0.023256
хоног	үргэлжилнэ	0.017442
хоног	гэж	0.017442
хоног	үргэлжилж	0.017442
хоногт	нэг	0.101695
хоногт	удаа	0.101695
хоногт	км	0.067797
хонь	ямаа	0.397059
хонь	мал	0.058824
хонь	адуу	0.044118
хонь	үхэр	0.044118
хооллох	ба	0.421053
хоолой	нь	0.125984
хоолой	зэрэг	0.047244
хоолой	станцын	0.047244
хоолой	юм	0.047244
хоолой	эсвэл	0.031496
хоолой	бүхий	0.023622
хоолой	дахь	0.023622
хоолой	хийдэг	0.023622
хоолой	буюу	0.023622
хоорондоо	ялгаатай	0.082143
хоорондоо	харилцан	0.042857
хоорондоо	холбогдсон	0.028571
хоорондоо	болон	0.025000
хоорондоо	нягт	0.025000
хоорондоо	маш	0.021429
хоорондоо	тодорхой	0.014286
хоорондоо	тэнцүү	0.014286
хоорондоо	уялдаа	0.014286
хоорондоо	холбогдон	0.014286
хоорондоо	холбоотой	0.014286
хоорондоо	нэгдэж	0.014286
хоорондоо	эрс	0.010714
хоорондоо	шороон	0.010714
хоорондоо	мэдээлэл	0.010714
хоорондоо	бараг	0.010714
хоорондоо	дайтаж	0.010714
хоорондоо	хамааралгүй	0.010714
хоорондоо	санал	0.010714
хоорондоо	өрсөлдөж	0.010714
хориг	арга	0.227273
хориг	тавих	0.181818
хориглосон	байна	0.214286
хориглосон	байдаг	0.166667
хориглосон	ч	0.071429
хориглосон	бөгөөд	0.071429
хорт	хавдрын	0.246575
хорт	хавдар	0.164384
хорт	бодис	0.082192
хорт	бодисыг	0.054795
хорт	хий	0.054795
хорт	хам	0.041096
хорь	гаруй	0.277778
хорь	орчим	0.222222
хосын	төрөлд	0.346154
хосын	төрлөөр	0.153846
хотод	төрсөн	0.256623
хотод	болсон	0.038079
хотод	төржээ	0.019868
хотод	онд	0.019868
хотод	оны	0.016556
хотод	байрладаг	0.014901
хотод	байдаг	0.013245
хотод	амьдарч	0.009934
хотод	нас	0.009934
хотод	төрж	0.009934
хотод	шилжин	0.009934
хотод	байгуулагдаж	0.009934
хотод	амьдардаг	0.009934
хотод	мэндэлжээ	0.008278
хотод	зохиогдсон	0.008278
хотод	ирж	0.008278
хотод	байсан	0.008278
хотод	орж	0.008278
хотод	байрлах	0.006623
хотод	монгол	0.006623
хотод	анх	0.006623
хотод	очиж	0.006623
хотод	байх	0.006623
хотод	түр	0.004967
хотод	ажиллаж	0.004967
хотод	байрлаж	0.004967
хотод	тооцогддог	0.004967
хотод	зохион	0.004967
хотод	орших	0.004967
хотод	бага	0.004967
хотод	гаруй	0.004967
хотод	тулж	0.004967
хотод	олон	0.004967
хотоос	км	0.300000
хотоос	баруун	0.075000
хотоос	гарч	0.050000
хотоос	зүүн	0.050000
хотоос	гаралтай	0.041667
хотоос	шалгарсан	0.041667
хотоос	холгүй	0.041667
хотоос	өмнө	0.025000
хотоос	ердөө	0.025000
хоёрдахь	үе	0.125000
хоёрдахь	нь	0.093750
хоёрдогч	зах	0.093750
хоёроос	гурван	0.153846
хоёроос	дээш	0.102564
хоёроос	гадна	0.076923
хоёрыг	нь	0.071429
хоёрыг	нэг	0.053571
хоёул	ээлжлэн	0.107143
христ	шашны	0.120000
ху	нар	0.212121
хуваагдах	бөгөөд	0.166667
хуваагдах	болсон	0.166667
хуваагдах	ба	0.125000
хуваагддаг	байсан	0.166667
хуваагддаг	бөгөөд	0.125000
хуваагдсан	байдаг	0.153846
хуваарилалт	нь	0.304348
хуваарилах	үйл	0.090909
хуваарилах	явдал	0.090909
хувиар	өссөн	0.056604
хувийг	эзэлж	0.115183
хувийг	эзэлдэг	0.083770
хувийг	нь	0.041885
хувийг	эзлэх	0.036649
хувийг	ой	0.031414
хувийг	бүрдүүлдэг	0.026178
хувийг	эзэлнэ	0.026178
хувийг	эзэмшдэг	0.015707
хувилбарт	нь	0.160000
хувирсан	юм	0.205882
хувирсан	байна	0.117647
хувирсан	байх	0.088235
хувирсан	байдаг	0.088235
хувь	нь	0.282815
хувь	нэмэр	0.139378
хувь	хүний	0.081191
хувь	хүн	0.046008
хувь	нэмрээ	0.044655
хувь	борлогдсон	0.032476
хувь	заяа	0.029770
хувь	буюу	0.025710
хувь	хүмүүс	0.018945
хувь	хүмүүсийн	0.010825
хувь	хүнийг	0.009472
хувь	хүнд	0.008119
хувь	байна	0.008119
хувь	байдаг	0.006766
хувь	хэмжээг	0.006766
хувь	зарагдсан	0.006766
хувь	хэмжээ	0.006766
хувь	орчим	0.005413
хувь	нийлүүлсэн	0.005413
хувь	болон	0.005413
хувь	байсан	0.004060
хувь	эзэмшил	0.004060
хувь	онд	0.004060
хувь	нийт	0.004060
хувь	хүртэл	0.004060
хувь	хотод	0.004060
хувь	хүмүүст	0.004060
хувьсах	гүйдлийн	0.181818
хувьсах	хүчдэл	0.090909
хугацааг	нь	0.064103
хугацааг	хэмжих	0.038462
хугацаанд	нэг	0.018182
хугацаанд	тус	0.018182
хугацаанд	буюу	0.018182
хугацаанд	тэрээр	0.016162
хугацаанд	олон	0.014141
хугацаанд	оршин	0.014141
хугацаанд	тогтвортой	0.012121
хугацаанд	нь	0.012121
хугацаанд	үргэлжилсэн	0.010101
хугацаанд	л	0.010101
хугацаанд	хамгийн	0.010101
хугацаанд	нийт	0.010101
хугацаанд	хадгалах	0.008081
хугацаанд	гаруй	0.008081
хугацаанд	хийсэн	0.008081
хугацаанд	гарсан	0.008081
хугацаанд	маш	0.006061
хугацаанд	нийтдээ	0.006061
хугацаанд	улс	0.006061
хугацаанд	жил	0.006061
хугацаанд	долоо	0.006061
хугацаанд	их	0.006061
хугацаанд	явагддаг	0.006061
хугацаанд	кино	0.006061
хугацаанд	орчим	0.006061
хугацаанд	дахин	0.006061
хугацаанд	монгол	0.006061
хур	тунадас	0.487500
хур	тунадасны	0.237500
хур	борооны	0.075000
хур	бороо	0.075000
хурааж	авдаг	0.133333
хуралд	төлөөлөгчөөр	0.157895
хуралд	оролцож	0.087719
хуралд	оролцсон	0.070175
хуралд	оролцох	0.052632
хурандаа	генерал	0.190476
хурандаа	н	0.142857
хурдаар	өгөгдөл	0.130435
хурдаар	мэдээллийг	0.130435
хурдан	хугацаанд	0.048780
хурдан	байдаг	0.041812
хурдан	морины	0.027875
хурдан	ажиллах	0.024390
хурдан	морь	0.024390
хурдан	бөгөөд	0.017422
хурдан	хөгжиж	0.017422
хурдан	өсч	0.013937
хурдан	тархдаг	0.013937
хурдан	нь	0.013937
хурдан	байх	0.013937
хурдан	болгох	0.010453
хурдан	бас	0.010453
хурдан	ургадаг	0.010453
хурдан	хариу	0.010453
хурдан	дамжуулах	0.010453
хурдан	борлогдсон	0.010453
хурдан	ажилладаг	0.010453
хурдан	шуурхай	0.010453
хурдан	буюу	0.010453
хурдан	задарч	0.010453
хурдан	галт	0.010453
хурдан	хялбар	0.010453
хурдан	морийг	0.010453
хурдацтай	хөгжиж	0.191489
хурдацтай	өсч	0.148936
хурдацтай	хөгжил	0.085106
хурдацтай	өсөж	0.063830
хурдыг	нэмэгдүүлэх	0.081081
хурлаар	хэлэлцэж	0.090909
хурлыг	зохион	0.150000
хутагтын	шавь	0.135135
хутагтын	шавийн	0.081081
хутагтын	нэг	0.081081
хутагтын	хүрээ	0.081081
хуудсын	хүснэгт	0.310345
хуудсын	хүснэгтийн	0.172414
хуудсын	хэмжээ	0.103448
хуудсын	тоо	0.103448
хуулиар	тайлбарладаг	0.040541
хуулиар	тогтоосон	0.040541
хуулиар	хориглосон	0.040541
хууль	тогтоох	0.102249
хууль	ёсны	0.089980
хууль	бус	0.071575
хууль	зүйн	0.067485
хууль	нь	0.057260
хууль	бусаар	0.055215
хууль	эрх	0.051125
хууль	дүрэм	0.022495
хууль	цаазын	0.020450
хууль	гэж	0.020450
хууль	цааз	0.018405
хууль	юм	0.012270
хууль	зүй	0.012270
хууль	бол	0.012270
хууль	зөрчсөн	0.012270
хууль	ёсоор	0.012270
хууль	онд	0.010225
хууль	батлах	0.010225
хууль	сахиулах	0.010225
хууль	болон	0.010225
хууль	батлагдсан	0.008180
хууль	журмыг	0.008180
хууль	ёс	0.008180
хууль	дүрмийг	0.008180
хууль	эрхийн	0.008180
хууль	гэнэ	0.008180
хууль	гэдэг	0.006135
хуурын	чуулга	0.137931
ххк	нь	0.344828
ххк	ийн	0.126437
ххк	ийг	0.057471
ххк	ний	0.034483
ххк	ууд	0.034483
хэвийн	үйл	0.088235
хэвийн	бус	0.073529
хэвийн	нөхцөлд	0.066176
хэвийн	байдалд	0.029412
хэвийн	үед	0.022059
хэвийн	хэмжээнээс	0.022059
хэвийн	хэмжээнд	0.022059
хэвлий	нь	0.406250
хэвлий	хэсэг	0.125000
хэвлийн	төгсгөлд	0.120000
хэвлийн	баруун	0.120000
хэвлэгдэж	байсан	0.093750
хэвлэгдэж	байна	0.093750
хэвлэгдэн	гарч	0.285714
хэвлэгдэн	гарсан	0.142857
хэвлэгдэн	гардаг	0.142857
хэвлэмэл	болон	0.235294
хэвлэмэл	хавтан	0.176471
хэвлэсэн	байна	0.185185
хэвлэсэн	байх	0.111111
хэвтэж	буй	0.222222
хэдхэн	жилийн	0.137500
хэдхэн	сарын	0.112500
хэдхэн	цагийн	0.075000
хэдхэн	долоо	0.075000
хэдхэн	хоногийн	0.050000
хэдхэн	тооны	0.050000
хэдхэн	минутын	0.037500
хэдхэн	зуун	0.037500
хэдхэн	нь	0.037500
хэдхэн	өдрийн	0.037500
хэл	нь	0.130363
хэл	дээр	0.122112
хэл	рүү	0.044554
хэл	дээрх	0.028053
хэл	юм	0.024752
хэл	болох	0.014851
хэл	болон	0.014851
хэл	бичгийн	0.014851
хэл	соёл	0.014851
хэл	гэж	0.014851
хэл	уран	0.013201
хэл	яриа	0.013201
хэл	соёлын	0.011551
хэл	хэмээн	0.011551
хэл	мэддэг	0.011551
хэл	гэдэг	0.009901
хэл	бичиг	0.009901
хэл	ба	0.008251
хэл	ашиглан	0.008251
хэл	хуур	0.008251
хэл	сурч	0.008251
хэл	аялгуу	0.008251
хэл	буюу	0.008251
хэл	найруулга	0.006601
хэл	болгон	0.006601
хэл	шашин	0.006601
хэл	зүйн	0.006601
хэл	ам	0.006601
хэл	дээрхи	0.006601
хэл	байсан	0.004950
хэл	уруу	0.004950
хэл	хуурын	0.004950
хэл	гэхэд	0.004950
хэл	үзэж	0.004950
хэл	утга	0.004950
хэл	зэрэг	0.004950
хэл	зохиолын	0.004950
хэл	шиг	0.004950
хэл	болдог	0.004950
хэл	байдаг	0.004950
хэлбэл	энэ	0.042328
хэлбэл	нэг	0.023810
хэлбэл	тодорхой	0.018519
хэлбэл	тухайн	0.018519
хэлбэл	та	0.013228
хэлбэл	тэд	0.010582
хэлбэл	хэрэглэгчийн	0.010582
хэлбэл	тус	0.007937
хэлбэл	процесс	0.007937
хэлбэл	utc	0.007937
хэлбэл	өгөгдлийг	0.007937
хэлбэл	таны	0.007937
хэлбэл	үндсэн	0.007937
хэлбэл	хүний	0.007937
хэлбэл	эдгээр	0.007937
хэлбэрээс	нь	0.150000
хэлхээ	нь	0.234043
хэлхээ	холбоо	0.106383
хэлхээ	бүхий	0.063830
хэлхээ	гэж	0.063830
хэлэх	нь	0.188406
хэлэх	бөгөөд	0.115942
хэлэх	хэрэгтэй	0.086957
хэлэх	ба	0.072464
хэлэх	ёстой	0.057971
хэлэх	эрх	0.043478
хэмжиж	болох	0.137931
хэмжээнээс	хамаарч	0.128205
хэмжээнээс	үл	0.102564
хэмжээнээс	хамаарна	0.076923
хэмжээнээс	их	0.076923
хэмжээтэй	байна	0.078534
хэмжээтэй	байх	0.062827
хэмжээтэй	байдаг	0.026178
хэмжээтэй	боловч	0.020942
хэмжээтэй	тоон	0.015707
хэмжээтэй	санах	0.015707
хэмжээтэй	бөгөөд	0.015707
хэмжээтэй	болдог	0.015707
хэмээж	байсан	0.352941
хэн	ч	0.253731
хэн	нэгэн	0.164179
хэн	нь	0.077612
хэн	нэгний	0.062687
хэн	нэгэнд	0.032836
хэн	бэ	0.032836
хэн	нэг	0.029851
хэн	бүхэнд	0.026866
хэн	болохыг	0.014925
хэн	гэдэг	0.011940
хэн	хэн	0.008955
хэн	байсныг	0.008955
хэн	юуг	0.008955
хэн	болох	0.008955
хэн	түрүүлж	0.008955
хэн	хүнд	0.008955
хэн	бүхэн	0.008955
хэн	дуртай	0.008955
хэний	ч	0.692308
хэнтий	аймгийн	0.573770
хэнтий	уулын	0.081967
хэнтий	хянганы	0.049180
хэнтий	уул	0.049180
хэр	их	0.139785
хэр	зэрэг	0.107527
хэр	сайн	0.064516
хэр	удаан	0.053763
хэр	хэмжээний	0.053763
хэр	нь	0.043011
хэр	чухал	0.032258
хэрвээ	та	0.059072
хэрвээ	энэ	0.050633
хэрвээ	ямар	0.025316
хэрвээ	тэд	0.016878
хэрвээ	өндөр	0.016878
хэрвээ	тухайн	0.016878
хэрвээ	бид	0.012658
хэрвээ	би	0.012658
хэрвээ	tlb	0.012658
хэрвээ	дайны	0.012658
хэрвээ	ийм	0.012658
хэрвээ	макро	0.012658
хэрвээ	хэд	0.012658
хэрвээ	хэрэглэгч	0.012658
хэргэм	зэрэг	0.194444
хэргэм	хүртсэн	0.138889
хэргэм	зэргийг	0.111111
хэргэм	уб	0.083333
хэрэггүй	бөгөөд	0.073171
хэрэггүй	болсон	0.073171
хэрэгжүүлдэг	бөгөөд	0.240000
хэрэгжүүлдэг	байна	0.120000
хэрэглэгчид	нь	0.095808
хэрэглэгчид	ба	0.053892
хэрэглэгчид	болон	0.029940
хэрэглэгчид	тухайн	0.023952
хэрэглэгчид	олон	0.017964
хэрэглэгчид	өөрсдөө	0.017964
хэрэглэгчид	өөр	0.017964
хэрэглэгчийг	таних	0.228571
хэрэглэгчийн	нэр	0.052174
хэрэглэгчийн	интерфэйс	0.028986
хэрэглэгчийн	горимд	0.026087
хэрэглэгчийн	тодорхойлсон	0.023188
хэрэглэгчийн	програм	0.023188
хэрэглэгчийн	хувийн	0.023188
хэрэглэгчийн	мэдээллийг	0.020290
хэрэглэгчийн	үйл	0.017391
хэрэглэгчийн	интерфейс	0.014493
хэрэглэгчийн	түвшний	0.014493
хэрэглэгчийн	хувьд	0.014493
хэрэглэгчийн	өгөгдлийн	0.014493
хэрэглэгчийн	горим	0.014493
хэрэглэгчийн	түвшинд	0.011594
хэрэглэгчийн	программ	0.011594
хэрэглэгчийн	оруулсан	0.011594
хэрэглэгчийн	нэрийг	0.008696
хэрэглэгчийн	нууц	0.008696
хэрэглэгчийн	харилцааг	0.008696
хэрэглэгчийн	зүгээс	0.008696
хэрэглэгчийн	thread	0.008696
хэрэглэгчийн	процесс	0.008696
хэрэглэгчийн	санах	0.008696
хэрэглэгчийн	програмд	0.008696
хэрэглэгчтэй	харилцах	0.157895
хэрэглэхийг	хориглосон	0.166667
хэрэглэхийг	санал	0.166667
хэрэглээнд	зориулан	0.060976
хэрэглээнд	зориулагдсан	0.060976
хэрэглээнд	маш	0.036585
хэрэглээнд	нэвтрүүлсэн	0.036585
хэрэгслүүд	нь	0.193548
хэрэгтэй	гэж	0.091864
хэрэгтэй	байдаг	0.073491
хэрэгтэй	болдог	0.060367
хэрэгтэй	юм	0.057743
хэрэгтэй	болно	0.052493
хэрэгтэй	байсан	0.028871
хэрэгтэй	гэсэн	0.028871
хэрэгтэй	болсон	0.026247
хэрэгтэй	хэмээн	0.023622
хэрэгтэй	байв	0.023622
хэрэгтэй	бөгөөд	0.023622
хэрэгтэй	ба	0.020997
хэрэгтэй	вэ	0.020997
хэрэгтэй	байлаа	0.020997
хэрэгтэй	байна	0.020997
хэрэгтэй	зүйл	0.018373
хэрэгтэй	байх	0.018373
хэрэгтэй	болжээ	0.018373
хэрэгтэй	байгаа	0.015748
хэрэгтэй	мэдээллээ	0.010499
хэрэгтэй	байж	0.010499
хэрэгтэй	болвол	0.010499
хэрэгтэй	тэмцэх	0.010499
хэрэгтэй	байжээ	0.010499
хэрэгтэй	үед	0.007874
хэрэгтэй	болох	0.007874
хэрэгтэй	болов	0.007874
хэрэгтэй	бол	0.007874
хэсгийг	нь	0.083942
хэсгийг	эзлэн	0.021898
хэсгийг	захирч	0.014599
хэсгийг	хамарсан	0.014599
хэсгийг	онд	0.010949
хэсгийг	бүрдүүлдэг	0.010949
хэсгийг	байлдан	0.010949
хэсгийг	хамардаг	0.010949
хэсгийг	эзэлж	0.010949
хэсгийг	бүрдүүлнэ	0.010949
хэсгийг	өөртөө	0.010949
хэсгийг	агуулсан	0.010949
хэсгийн	нэг	0.032110
хэсгийн	эхний	0.022936
хэсгийн	тоглолтууд	0.018349
хэсгийн	дээд	0.018349
хэсгийн	газар	0.018349
хэсгийн	хоорондын	0.013761
хэсгийн	хоёр	0.013761
хэсгийн	хамгийн	0.013761
хэсгийн	нийт	0.013761
хэсгийн	багуудын	0.013761
хэцүү	байдаг	0.130137
хэцүү	байсан	0.075342
хэцүү	болж	0.041096
хэцүү	бэрх	0.041096
хэцүү	юм	0.027397
хэцүү	байв	0.027397
хэцүү	болгож	0.020548
хэцүү	болно	0.020548
хэцүү	болдог	0.020548
хэцүү	байжээ	0.020548
хэцүү	хад	0.020548
хэцүү	ч	0.020548
хээр	тал	0.078431
хээр	хээрийн	0.068627
хээр	уулын	0.058824
хээр	хосолсон	0.049020
хээр	талын	0.039216
хээр	талд	0.029412
хээр	хуурай	0.029412
хээр	цөлийн	0.029412
хязгааргүй	олон	0.104167
хязгааргүй	тооны	0.062500
хязгааргүй	орон	0.062500
хязгааргүй	эрх	0.062500
хязгаарлалт	байхгүй	0.115385
хязгаарлалт	нь	0.115385
хязгаарлах	эсвэл	0.096774
хязгаарлах	өөр	0.096774
хянадаг	байсан	0.166667
хянаж	байдаг	0.136986
хянаж	байх	0.054795
хянаж	чаддаггүй	0.041096
хянаж	үзвэл	0.041096
хянаж	байсан	0.041096
хяналт	тавих	0.196721
хяналт	тавьж	0.073770
хяналт	нь	0.073770
хяналт	тавьдаг	0.049180
хяналт	болон	0.040984
хяналт	шалгалт	0.040984
хяналт	дор	0.040984
хяналт	доор	0.024590
хяналт	шинжилгээ	0.024590
хяналт	ба	0.024590
хяналтаа	тогтоож	0.263158
хяналтаа	тогтоох	0.157895
хятад	улс	0.053312
хятад	улсын	0.046850
хятад	руу	0.032310
хятад	дахь	0.032310
хятад	хэлний	0.029079
хятад	болон	0.024233
хятад	цэргийн	0.024233
хятад	япон	0.022617
хятад	орос	0.022617
хятад	улсад	0.021002
хятад	сурвалжид	0.019386
хятад	монгол	0.017771
хятад	гаралтай	0.016155
хятад	хэл	0.016155
хятад	үсгийн	0.016155
хятад	цэрэг	0.016155
хятад	зэрэг	0.012924
хятад	японы	0.012924
хятад	галиг	0.011309
хятад	солонгос	0.011309
хятад	нь	0.011309
хятад	хүн	0.011309
хятад	цэргүүд	0.011309
хятад	өмнөд	0.011309
хятад	хэлээр	0.009693
хятад	орныг	0.009693
хятад	хэлтэй	0.008078
хятад	ард	0.008078
хятад	цэргийг	0.008078
хятад	хоёр	0.008078
хятад	монголын	0.008078
хятад	цэрэгтэй	0.008078
хятад	ба	0.008078
хятад	үг	0.006462
хятад	хэлнээс	0.006462
хятад	түшмэд	0.006462
хятад	энэтхэг	0.006462
хятад	гурван	0.004847
хятад	манж	0.004847
хятад	хүмүүс	0.004847
хүдрийн	биет	0.227273
хүдрийн	биетийн	0.227273
хүдэр	нь	0.105263
хүйсийн	харьцаа	0.280000
хүйсийн	тэгш	0.120000
хүйсийн	хүнд	0.120000
хүлээдэг	бол	0.214286
хүлээлтийн	горимд	0.214286
хүлээлтийн	хугацааг	0.142857
хүмүүнлэгийн	ухааны	0.257143
хүмүүнлэгийн	үйл	0.114286
хүмүүсийн	нэг	0.041176
хүмүүсийн	дунд	0.032353
хүмүүсийн	тоо	0.023529
хүмүүсийн	анхаарлыг	0.020588
хүмүүсийн	үйл	0.017647
хүмүүсийн	хувьд	0.017647
хүмүүсийн	дотор	0.014706
хүмүүсийн	өдөр	0.014706
хүмүүсийн	зарим	0.011765
хүмүүсийн	нэгдэл	0.011765
хүмүүсийн	амьдралын	0.011765
хүмүүсийн	тухай	0.011765
хүмүүсийн	сэтгэл	0.011765
хүмүүсийн	хамгийн	0.008824
хүмүүсийн	талаар	0.008824
хүмүүсийн	харилцааны	0.008824
хүмүүсийн	төлөө	0.008824
хүмүүст	энэ	0.038462
хүмүүст	зориулж	0.038462
хүмүүст	зориулсан	0.038462
хүмүүст	маш	0.030769
хүмүүст	туслах	0.030769
хүмүүст	хамгийн	0.030769
хүмүүсээс	бүрдсэн	0.142857
хүндтэй	байр	0.106667
хүндтэй	болсон	0.053333
хүндтэй	байсан	0.053333
хүнсний	ногоо	0.164474
хүнсний	бүтээгдэхүүн	0.059211
хүнсний	үл	0.059211
хүнсний	зүйл	0.046053
хүнсний	бүтээгдэхүүний	0.032895
хүнсний	хангамж	0.032895
хүнсний	бүтээгдэхүүнийг	0.026316
хүнсний	үйлдвэрлэл	0.026316
хүнсний	нэмэлт	0.026316
хүнсний	эх	0.019737
хүнсний	үйлдвэрлэлийн	0.019737
хүнээ	алдсан	0.206897
хүнээ	алджээ	0.137931
хүнээ	алдаж	0.103448
хүнээр	тахил	0.238095
хүнээс	хүнд	0.062500
хүнээс	хамааралтай	0.062500
хүргэж	байв	0.117021
хүргэж	болно	0.095745
хүргэж	байна	0.095745
хүргэж	байгаа	0.053191
хүргэж	өгч	0.042553
хүргэж	болох	0.042553
хүргэж	өгөх	0.031915
хүргэж	болзошгүй	0.031915
хүртлээ	км	0.057143
хүртлээ	энэ	0.042857
хүрэхгүй	хугацаанд	0.125000
хүрэхгүй	хугацааны	0.075000
хүрээг	хамарч	0.074074
хүрээг	хамарсан	0.061728
хүрээг	өргөтгөх	0.037037
хүрээг	нь	0.037037
хүрээг	эзэлж	0.037037
хүрээг	хамардаг	0.037037
хүрээлэн	буй	0.328767
хүрээлэн	нь	0.089041
хүрээлэн	бий	0.034247
хүрээлэн	онд	0.027397
хүрээлэн	зэрэг	0.027397
хүрээлэн	хэмээх	0.020548
хүрээлэн	юм	0.020548
хүрээний	гол	0.058824
хүрээний	засгийн	0.033613
хүрээний	дотор	0.025210
хүрээний	туурь	0.025210
хүрээний	газар	0.025210
хүрээний	лам	0.025210
хүссэн	байна	0.079646
хүссэн	ч	0.070796
хүссэн	боловч	0.053097
хүссэн	хүсээгүй	0.035398
хүссэн	үедээ	0.026549
хүссэн	хүн	0.026549
хүсээгүй	байна	0.115385
хүсээгүй	юм	0.115385
хүчиллэг	орчинд	0.200000
хүчирхэг	гүрэн	0.041176
хүчирхэг	байсан	0.035294
хүчирхэг	улс	0.035294
хүчирхэг	болж	0.029412
хүчирхэг	бөгөөд	0.023529
хүчирхэг	цэргийн	0.023529
хүчирхэг	хөлтэй	0.017647
хүчирхэг	эр	0.017647
хүчирхэг	хамгаалалтыг	0.017647
хүчирхэг	төв	0.017647
хүчирхэг	эзэнт	0.017647
хүчирхэг	хошуу	0.017647
хүчирхэг	аймаг	0.017647
хүчит	бөхийн	0.437500
хүчит	бөх	0.187500
хүчний	эсрэг	0.031250
хүчний	эх	0.031250
хүчний	хувьд	0.025000
хүчний	харьцаа	0.018750
хүчний	системд	0.018750
хүчний	дээд	0.015625
хүчний	довтлогч	0.015625
хүчний	харьцааг	0.015625
хүчний	хэрэглээ	0.015625
хүчний	нэгж	0.012500
хүчний	нөлөө	0.012500
хүчний	салбарт	0.012500
хүчний	ерөнхий	0.012500
хүчний	далан	0.012500
хүчний	нэг	0.009375
хүчний	улмаас	0.009375
хүчний	нэгдсэн	0.009375
хүчний	р	0.009375
хүчний	даланг	0.009375
хүчний	ажил	0.009375
хүчний	нийт	0.009375
хүчний	болон	0.009375
хүчний	жанжин	0.009375
хүчний	холбоос	0.009375
хүүг	нь	0.161290
хүүгийн	түвшин	0.203390
хүүгийн	хамт	0.084746
хүүгийн	түвшинг	0.050847
хүүтэй	болсон	0.229167
хүүтэй	байсан	0.187500
хүүтэй	болжээ	0.104167
хүүтэй	боловч	0.083333
хүүхдийн	цэцэрлэг	0.078313
хүүхдийн	багт	0.042169
хүүхдийн	төлөө	0.030120
хүүхдийн	хамт	0.030120
хүүхдийн	овоо	0.024096
хүүхдүүд	нь	0.190476
хүүхдүүд	байсан	0.047619
хүүхдүүд	болон	0.035714
хөвгүүд	нь	0.156250
хөвсгөл	аймгийн	0.523256
хөвсгөл	аймагт	0.093023
хөвсгөл	нуурын	0.069767
хөвсгөл	хэнтий	0.034884
хөвсгөл	нуур	0.034884
хөвөн	нь	0.250000
хөгжимд	дуртай	0.137931
хөгжимд	зориулсан	0.103448
хөгжимчин	байсан	0.130435
хөгжингүй	орнуудын	0.269231
хөгжингүй	орнуудад	0.192308
хөгжингүй	улс	0.115385
хөгжсөн	бөгөөд	0.099099
хөгжсөн	байдаг	0.099099
хөгжсөн	байна	0.081081
хөгжсөн	нь	0.045045
хөгжсөн	ба	0.036036
хөгжсөн	юм	0.036036
хөгжсөн	түүхтэй	0.027027
хөгжсөн	үе	0.027027
хөгжүүлэхэд	ихээхэн	0.119048
хөгжүүлэхэд	үнэтэй	0.071429
хөгжүүлэхэд	их	0.071429
хөгшин	чоно	0.115385
хөдөлгөөн	нь	0.142857
хөдөлгөөн	өрнөж	0.028571
хөдөлгөөн	хийх	0.023810
хөдөлгөөн	ба	0.023810
хөдөлгөөн	болон	0.019048
хөдөлгөөн	ихтэй	0.019048
хөдөлгөөн	багатай	0.019048
хөдөлгөөн	юм	0.014286
хөдөлгөөн	бага	0.014286
хөдөлгөөн	хийж	0.014286
хөдөлгөөн	гэж	0.014286
хөдөлгөөнийг	хянах	0.068966
хөдөлсөн	байна	0.388889
хөлбөмбөг	хөтөлбөрийн	0.235294
хөлбөмбөг	ийн	0.088235
хөлгийн	багийн	0.173913
хөлөг	онгоц	0.297521
хөлөг	онгоцоор	0.099174
хөлөг	нь	0.099174
хөлөг	онгоцны	0.074380
хөлөг	онгоцууд	0.066116
хөлөг	онгоцонд	0.024793
хөлөг	онгоцыг	0.024793
хөлөг	баатруудын	0.024793
хөлөг	баатар	0.024793
хөмрөг	нь	0.200000
хөнгөн	атлетикийн	0.186335
хөнгөн	цагаан	0.130435
хөнгөн	морин	0.055901
хөнгөн	морьт	0.037267
хөнгөн	жинтэй	0.024845
хөнгөн	төмөр	0.018634
хөнгөн	байдаг	0.018634
хөнгөн	хоёр	0.018634
хөнгөн	хөрсөнд	0.018634
хөнгөн	үйлдвэрийн	0.018634
хөнгөн	бөгөөд	0.018634
хөрвүүлэх	болон	0.136364
хөрвүүлэх	хаяг	0.136364
хөрсний	ус	0.078947
хөрсний	үржил	0.061404
хөрсний	органик	0.052632
хөрсний	шинж	0.043860
хөрсний	бүтэц	0.035088
хөрсний	усны	0.026316
хөрсний	чанарыг	0.026316
хөрсний	гадаргууд	0.026316
хөрсний	үүсэл	0.026316
хөрсний	рн	0.026316
хөрсний	хэсгүүдийн	0.026316
хөрсний	хими	0.026316
хөрсний	гадарга	0.026316
хөрөг	зураг	0.156250
хөрөнгийг	нь	0.289474
хөрөнгийн	бирж	0.346667
хөрөнгийн	зах	0.093333
хөрөнгийн	үнэ	0.053333
хөх	нуур	0.076923
хөх	нуурын	0.052885
хөх	ягаан	0.048077
хөх	нуурт	0.043269
хөх	саарал	0.038462
хөх	хот	0.028846
хөх	ногоон	0.028846
хөх	бух	0.028846
хөх	өнгийн	0.024038
хөх	цэнхэр	0.024038
хөх	мөрөн	0.024038
хөх	өнгөтэй	0.019231
хөх	баавгай	0.019231
хөх	хотод	0.019231
хөх	улаан	0.019231
хөх	цагаан	0.014423
хөх	орд	0.014423
хөх	тэнгэрийн	0.014423
хөх	нуурыг	0.014423
хөх	өнгөөр	0.014423
хөх	баавгайн	0.014423
хөх	түрэгүүд	0.014423
хөх	мөрний	0.014423
цаазаар	авах	0.428571
цаазаар	авсан	0.178571
цаазаар	авчээ	0.107143
цаана	байгаа	0.114286
цаана	нь	0.085714
цаашдын	хөгжилд	0.113636
цаашдын	үйл	0.090909
цаашдын	хувь	0.090909
цагаа	өнгөрөөх	0.240000
цагаасаа	хойш	0.375000
цагаасаа	эхлэн	0.275000
цагаасаа	эхлээд	0.100000
цагдаа	нар	0.260000
цагдаа	нарыг	0.100000
цагдаа	болон	0.080000
цагдаа	нарын	0.080000
цагдаагийн	газар	0.157895
цагдаагийн	газраас	0.052632
цагдаагийн	газрын	0.052632
цагдаагийн	ажилтан	0.039474
цагдаагийн	байгууллагын	0.039474
цагдаагийн	газарт	0.039474
цайны	ёслол	0.333333
цалин	хөлс	0.130435
цалин	нь	0.130435
цалин	авдаг	0.108696
цалин	өгч	0.065217
цамхаг	нь	0.170732
цар	хүрээ	0.306452
цар	хүрээтэй	0.258065
цар	хүрээг	0.225806
цацагдсан	юм	0.193548
цацагдсан	бөгөөд	0.161290
цацагдсан	ба	0.161290
цацагдсан	билээ	0.096774
цацагдсан	даруйдаа	0.096774
цикл	код	0.136364
цикл	нь	0.090909
цикл	гэнэ	0.068182
цилиндр	хэлбэртэй	0.238095
цилиндр	хэлбэрийн	0.238095
цол	хүртсэн	0.122047
цол	нь	0.098425
цол	хүртэж	0.062992
цол	хэргэм	0.047244
цол	хүртжээ	0.043307
цол	юм	0.039370
цол	чимэг	0.035433
цол	олгосон	0.031496
цол	зэрэг	0.031496
цол	олгожээ	0.027559
цол	авсан	0.019685
цол	олгож	0.019685
цол	олгох	0.019685
цол	оны	0.019685
цол	онд	0.019685
цол	олгодог	0.015748
цол	бий	0.015748
цол	тэмдэг	0.011811
цол	байсан	0.011811
цол	хэрэглэдэг	0.011811
цол	болж	0.011811
цол	хамгаалсан	0.011811
цом	хүртсэн	0.170213
цом	хүртэж	0.085106
цом	болон	0.085106
цомгийг	нь	0.085106
цомгийг	онд	0.063830
цомгийнхоо	ажилд	0.285714
цохилтын	бүлэглэл	0.103448
цуваа	нь	0.075000
цуврал	нь	0.137931
цуврал	киноны	0.060345
цуврал	юм	0.043103
цуврал	кино	0.034483
цуврал	болгон	0.025862
цуврал	зурган	0.025862
цувралын	дахь	0.153846
цувралын	сүүлийн	0.102564
цувралын	эхний	0.076923
цувралын	гол	0.076923
цуг	усанд	0.129032
цусан	дахь	0.377778
цусан	хангамж	0.177778
цусан	тахилга	0.088889
цусан	хангамжийг	0.066667
цусны	даралт	0.351351
цусны	даралтыг	0.045045
цусны	улаан	0.045045
цусны	цагаан	0.036036
цусны	судас	0.036036
цусны	эргэлтийг	0.036036
цусны	эсүүд	0.027027
цусны	судасны	0.027027
цусны	эргэлт	0.027027
цусны	эргэлтийн	0.027027
цэнгэг	усны	0.305556
цэнгэг	устай	0.277778
цэнгэг	болон	0.111111
цэнгэг	ус	0.083333
цэнгэлдэх	хүрээлэнд	0.412698
цэнгэлдэх	хүрээлэн	0.396825
цэнгэлдэх	хүрээлэнгийн	0.111111
цэнхэр	өнгөтэй	0.126761
цэнхэр	өнгийн	0.098592
цэнхэр	саарал	0.070423
цэнхэр	сумын	0.042254
цэнхэр	цагаан	0.042254
цэнхэр	дэвсгэр	0.042254
цэнхэр	оцон	0.042254
цэнэтэй	тоглогчоор	0.125000
цэнэтэй	тоглогчийн	0.125000
цэргийн	алба	0.036009
цэргийн	хүч	0.027007
цэргийн	жанжин	0.026257
цэргийн	хүчээр	0.021755
цэргийн	албанд	0.019505
цэргийн	хүчин	0.018755
цэргийн	анги	0.018005
цэргийн	тоо	0.017254
цэргийн	албан	0.016504
цэргийн	хамт	0.015004
цэргийн	хүчний	0.014254
цэргийн	хүчийг	0.012753
цэргийн	дарга	0.012753
цэргийн	хүчээ	0.011253
цэргийн	байлдааны	0.010503
цэргийн	дээд	0.009752
цэргийн	зохион	0.009752
цэргийн	цолтой	0.008252
цэргийн	яамны	0.008252
цэргийн	тусламж	0.008252
цэргийн	ерөнхий	0.008252
цэргийн	нисэх	0.007502
цэргийн	болон	0.007502
цэргийн	цол	0.007502
цэргийн	гол	0.006752
цэргийн	сургуулийн	0.006752
цэргийн	удирдлага	0.006752
цэргийн	гавьяаны	0.006002
цэргийн	арслан	0.006002
цэргийн	захирагч	0.006002
цэргийн	тойрог	0.005251
цэргийн	төв	0.005251
цэргийн	зөвлөлийн	0.005251
цэргийн	начин	0.005251
цэргийн	эрх	0.005251
цэргийн	тойргийн	0.005251
цэргийн	хувьд	0.005251
цэргийн	албыг	0.005251
цэргийн	ажиллагаа	0.005251
цэргийн	эрдэм	0.004501
цэрэг	нь	0.048556
цэрэг	дайны	0.048556
цэрэг	амиа	0.022310
цэрэг	улс	0.018373
цэрэг	зэвсгийн	0.017060
цэрэг	оны	0.015748
цэрэг	болон	0.014436
цэрэг	оролцсон	0.014436
цэрэг	ч	0.011811
цэрэг	авч	0.010499
цэрэг	стратегийн	0.010499
цэрэг	бүхий	0.010499
цэрэг	их	0.010499
цэрэг	армийн	0.009186
цэрэг	онд	0.009186
цэрэг	монголын	0.009186
цэрэг	дайчлан	0.007874
цэрэг	байсан	0.007874
цэрэг	юм	0.007874
цэрэг	энэ	0.007874
цэрэг	эрс	0.006562
цэрэг	амь	0.006562
цэрэг	эдийн	0.006562
цэрэг	гэсэн	0.005249
цэрэг	хоёр	0.005249
цэрэг	татаж	0.005249
цэрэг	зэвсэг	0.005249
цэрэг	болох	0.005249
цэрэг	захиргааны	0.005249
цэрэг	болж	0.005249
цэрэг	хүн	0.005249
цэрэг	гэж	0.005249
цэрэг	эр	0.005249
цэрэг	монгол	0.005249
цэрэг	анги	0.003937
цэрэг	хатны	0.003937
цэрэг	илгээсэн	0.003937
цэрэг	тус	0.003937
цэрэг	байрлуулсан	0.003937
цэрэг	оруулах	0.003937
цэцэглэн	хөгжиж	0.450000
цэцэглэн	хөгжсөн	0.350000
цэцэгтэй	байдаг	0.333333
цэцэрлэгийн	багшийн	0.150000
цэцэрлэгийн	насны	0.150000
цээж	хэвлий	0.150000
цээж	нь	0.125000
цөл	нь	0.075000
цөөнгүй	байдаг	0.181818
цөөнгүй	бий	0.159091
ч	гэсэн	0.038502
ч	мөн	0.023309
ч	энэ	0.023101
ч	бас	0.020187
ч	бий	0.016233
ч	тэр	0.011863
ч	гэж	0.011238
ч	учраас	0.011030
ч	үгүй	0.009365
ч	байж	0.009157
ч	түүний	0.008533
ч	удаа	0.008533
ч	байсан	0.007908
ч	байдаг	0.007700
ч	олон	0.007700
ч	их	0.007700
ч	байтугай	0.006452
ч	онд	0.006243
ч	хүн	0.006035
ч	оны	0.006035
ч	илүү	0.006035
ч	түүнийг	0.004995
ч	зарим	0.004787
ч	тэрээр	0.004787
ч	биш	0.004579
ч	гэдэг	0.004370
ч	бүү	0.004162
ч	улс	0.003954
ч	болно	0.003954
ч	уг	0.003954
ч	үл	0.003954
ч	маш	0.003746
ч	барахгүй	0.003746
ч	байхгүй	0.003746
ч	тэд	0.003538
ч	тэдний	0.003538
ч	нэг	0.003538
ч	юм	0.003538
ч	хамаагүй	0.003538
ч	ийм	0.002914
чадах	ба	0.092308
чадах	юм	0.069231
чадах	эсэх	0.038462
чадах	нь	0.038462
чадах	байсан	0.030769
чадах	уу	0.030769
чадах	боловч	0.023077
чадах	бөгөөд	0.023077
чадах	хамгийн	0.023077
чадах	вэ	0.023077
чадах	санах	0.023077
чадах	болно	0.023077
чадвартай	байдаг	0.142857
чадвартай	байх	0.057143
чадвартай	ба	0.034286
чадвартай	юм	0.034286
чадвартай	болсон	0.034286
чадвартай	болдог	0.028571
чадвартай	тул	0.022857
чадвартай	ч	0.022857
чадвартай	бөгөөд	0.017143
чадвартай	нь	0.017143
чадвартай	төдийгүй	0.017143
чадвартай	боловч	0.017143
чадвартай	болох	0.017143
чадвартай	байв	0.017143
чадвартай	байсан	0.017143
чаддаг	байх	0.090909
чаддаг	байна	0.066116
чаддаг	болсон	0.057851
чаддаг	ба	0.057851
чаддаг	байсан	0.049587
чаддаг	бөгөөд	0.041322
чаддаг	юм	0.033058
чаддаг	нь	0.033058
чаддаг	байв	0.024793
чаддаг	ажээ	0.024793
чаддаг	тул	0.024793
чаддаг	гэж	0.024793
чадлын	хувьд	0.208333
чадлын	уцс	0.166667
чанар	нь	0.234177
чанар	ба	0.034810
чанар	муутай	0.025316
чанар	бол	0.025316
чанар	дээр	0.022152
чанар	сайтай	0.022152
чанар	болон	0.022152
чанар	бүхий	0.018987
чанар	юм	0.018987
чанар	маш	0.015823
чанар	буюу	0.012658
чанар	түүнийг	0.009494
чанар	өндөртэй	0.009494
чанар	бага	0.009494
чанар	гэнэ	0.009494
чанга	дуу	0.096774
чех	улсын	0.222222
чех	улс	0.185185
чех	гаралтай	0.111111
чиг	хандлага	0.197802
чиг	үүрэг	0.142857
чиг	хандлагыг	0.131868
чиг	үүргийг	0.087912
чиг	үүрэгтэй	0.076923
чиг	үүргийн	0.043956
чиг	шугам	0.043956
чиг	хандлагатай	0.032967
чиг	үүргээ	0.032967
чиглэлтэй	байна	0.076923
чиглэсэн	байдаг	0.094737
чиглэсэн	үйл	0.073684
чиглэсэн	зорилготой	0.042105
чиглэсэн	арга	0.031579
чиглэсэн	бол	0.031579
чийглэг	уур	0.119403
чийглэг	халуун	0.059701
чийглэг	нуга	0.059701
чийглэг	газар	0.044776
чийглэг	дулаан	0.044776
чийглэг	хөрсөнд	0.044776
чийглэг	нам	0.044776
чийглэг	ой	0.044776
чимэг	олгодог	0.133333
чимэг	олгох	0.100000
чимэг	болсон	0.100000
чимэглэлийн	зориулалтаар	0.115385
чин	улсын	0.216667
чин	ван	0.155556
чин	вангийн	0.088889
чин	улс	0.088889
чин	гүрний	0.066667
чин	улсад	0.050000
чин	гүрэн	0.038889
чин	улсыг	0.022222
чин	толгой	0.016667
чин	гүрнийг	0.016667
чин	сэтгэлтэй	0.016667
чингисийн	чулууны	0.121951
чингисийн	удмын	0.097561
чингисийн	үр	0.073171
чингисийн	отгон	0.073171
чихэрлэг	амт	0.166667
чойжин	ламын	0.352941
чойжин	лам	0.235294
чойжин	буух	0.235294
чоно	үнэг	0.116279
чулуулаг	нь	0.209302
чулуулаг	юм	0.069767
чулуулаг	гэнэ	0.069767
чулуун	зэвсгийн	0.246231
чулуун	хөшөө	0.080402
чулуун	багаж	0.045226
чулуун	дээр	0.035176
чулуун	зэвсэг	0.030151
чулуун	багана	0.025126
чулуун	хөшөөний	0.025126
чулуун	нүүрс	0.025126
чулуун	хадны	0.020101
чулуун	хөшөөг	0.020101
чулуун	дээрх	0.020101
чулуун	нүүрсний	0.015075
чулуун	гэр	0.015075
чулууны	бичиг	0.098361
чулууны	нэг	0.049180
чулууны	үеийн	0.049180
чуулга	нь	0.148148
чуулга	уулзалт	0.111111
чуулганы	дарга	0.113636
чуулганы	үеэр	0.113636
чөлөөлөх	арми	0.100000
чөлөөлөх	армийн	0.071429
чөлөөлөх	байлдааны	0.042857
чөлөөлөх	дайнд	0.042857
чөлөөний	төлөө	0.101695
чөлөөний	хувьсгалын	0.101695
чөлөөний	тухай	0.101695
чөлөөний	талаарх	0.067797
чөлөөний	одон	0.067797
чөлөөт	бөхийн	0.085308
чөлөөт	худалдааны	0.052133
чөлөөт	цагаа	0.047393
чөлөөт	зах	0.042654
чөлөөт	байдал	0.028436
чөлөөт	барилдааны	0.028436
чөлөөт	уран	0.028436
чөлөөт	программ	0.023697
чөлөөт	сонгууль	0.023697
чөлөөт	худалдааг	0.023697
чөлөөт	бөх	0.023697
чөлөөт	хэвлэл	0.023697
чөлөөт	цагт	0.018957
чөлөөт	бүс	0.018957
чөлөөт	хэвлэлийн	0.018957
чөлөөт	болон	0.014218
чөлөөт	цохилт	0.014218
чөлөөт	ардчилсан	0.014218
чөлөөт	худалдаа	0.014218
чөлөөт	нислэгийн	0.014218
чөлөөт	электрон	0.014218
чөлөөт	агент	0.014218
чөлөөт	бус	0.014218
шаардагдах	хугацаа	0.093023
шаарддаг	байв	0.082192
шаарддаг	бөгөөд	0.082192
шаарддаг	ба	0.068493
шаарддаг	байсан	0.054795
шаарддаг	болсон	0.054795
шаарддаг	байна	0.041096
шаарддаг	ч	0.041096
шаардлага	нь	0.104294
шаардлага	гардаг	0.092025
шаардлага	гарсан	0.055215
шаардлага	тавьдаг	0.042945
шаардлага	хангасан	0.036810
шаардлага	байхгүй	0.036810
шаардлага	бүхий	0.024540
шаардлага	тулгарсан	0.024540
шаардлага	тавьж	0.024540
шаардлага	гарна	0.024540
шаардлага	улам	0.018405
шаардлага	бол	0.018405
шаардлага	тавьжээ	0.018405
шаардлага	үгүй	0.018405
шаардлага	тавьсан	0.018405
шаардлага	бий	0.018405
шаардлага	болон	0.018405
шаардлага	байдаггүй	0.018405
шаардлага	юм	0.018405
шаардлагын	дагуу	0.366667
шаардлагын	улмаас	0.166667
шаардлагын	нэг	0.100000
шавжийн	өсөлт	0.081081
шавжийн	амны	0.081081
шавжийн	нийлмэл	0.081081
шагнал	хүртсэн	0.206030
шагнал	гардуулах	0.130653
шагнал	авсан	0.090452
шагнал	хүртжээ	0.090452
шагнал	нь	0.055276
шагнал	болох	0.035176
шагнал	хүртэж	0.035176
шагнал	авч	0.025126
шагнал	онд	0.020101
шагнал	юм	0.015075
шагнал	олгосон	0.015075
шагнал	гэж	0.015075
шагнал	алтан	0.015075
шагнал	болон	0.015075
шагналыг	хүртсэн	0.176829
шагналыг	хүртжээ	0.103659
шагналыг	хүртэж	0.067073
шагналыг	авсан	0.054878
шагналыг	авч	0.042683
шагналыг	удаа	0.042683
шагналыг	онд	0.036585
шагналыг	олон	0.036585
шагналыг	олгосон	0.030488
шагналыг	авчирсан	0.024390
шагналыг	мөн	0.018293
шагналыг	өөрийн	0.018293
шагналыг	германы	0.018293
шагнасан	байна	0.473684
шагнасан	юм	0.157895
шалгалт	нь	0.187500
шалгалт	хийх	0.125000
шалгаран	үлдсэн	0.222222
шалгаран	үлджээ	0.166667
шалтгаалдаг	байна	0.333333
шалтгаан	нь	0.341667
шалтгаан	болдог	0.083333
шалтгаан	болсон	0.058333
шалтгаан	болж	0.045833
шалтгаан	болжээ	0.037500
шалтгаан	бол	0.033333
шалтгаан	юм	0.033333
шалтгаан	үр	0.020833
шалтгаан	тодорхойгүй	0.020833
шалтгаан	байсан	0.016667
шалтгаан	болов	0.016667
шалтгаан	байж	0.012500
шалтгаан	байдаг	0.012500
шалтгаан	бий	0.012500
шалтгааны	улмаас	0.660377
шалтгааны	тухай	0.094340
шарх	нь	0.235294
шарх	авч	0.117647
шат	нь	0.160920
шат	юм	0.057471
шат	руу	0.034483
шат	дараалсан	0.034483
шаталсан	бүтэц	0.153846
шаталсан	ар	0.115385
шатанд	шалгарсан	0.040650
шатанд	шалгарч	0.032520
шатанд	үлдсэн	0.024390
шатыг	дамжин	0.217391
шахам	жил	0.053333
шахам	хувь	0.040000
шашинт	улс	0.111111
шашинт	орнууд	0.111111
шашны	тэргүүн	0.063898
шашны	сүм	0.031949
шашны	зан	0.028754
шашны	их	0.022364
шашны	гол	0.022364
шашны	ном	0.019169
шашны	үйл	0.015974
шашны	олон	0.015974
шашны	эрх	0.012780
шашны	үзэл	0.012780
шашны	баяр	0.012780
шашны	түүхэнд	0.012780
шашны	нэгэн	0.012780
шашны	хамгийн	0.009585
шашны	эсрэг	0.009585
шашны	төв	0.009585
шашны	урсгал	0.009585
шашны	номлол	0.009585
шашны	мөргөл	0.009585
шашны	нөлөө	0.009585
шашны	чухал	0.009585
шашны	гүн	0.009585
шашны	сүмийн	0.009585
шашны	тэргүүнд	0.009585
шведийн	эзэн	0.214286
шигшээд	тоглодог	0.210526
шигшээд	оны	0.105263
шигшээд	шалгарсан	0.078947
шигшээд	шалгарч	0.052632
шигшээд	саналаа	0.052632
шигшээд	анх	0.039474
шигшээд	хоёр	0.039474
шидэлт	амжилттай	0.100000
шидэлт	нь	0.100000
шилжилтийн	үеийн	0.117647
шилжилтийн	үед	0.088235
шилжих	ба	0.105263
шилжих	үйл	0.065789
шилжих	хөдөлгөөн	0.052632
шилжүүлсэн	байна	0.294118
шилжүүлсэн	юм	0.176471
шилмүүст	ой	0.230769
шилмүүст	болон	0.153846
шилмүүст	мод	0.153846
шилмүүст	модон	0.153846
шилмүүст	модонд	0.115385
шинжтэй	байдаг	0.109091
шинжтэй	бөгөөд	0.081818
шинжтэй	гэж	0.063636
шинжтэй	болсон	0.036364
шинжтэй	хэсгийг	0.027273
шинжтэй	байв	0.027273
шинжтэй	юм	0.027273
шинжтэй	болжээ	0.027273
шинжтэй	болж	0.027273
шинэ	зеландын	0.026836
шинэ	зеланд	0.025424
шинэ	үеийн	0.017655
шинэ	засгийн	0.016949
шинэ	зүйл	0.011299
шинэ	жилийн	0.011299
шинэ	цомог	0.010593
шинэ	цомгийн	0.009887
шинэ	шинэ	0.009181
шинэ	арга	0.009181
шинэ	үндсэн	0.008475
шинэ	тутам	0.008475
шинэ	чулуун	0.007768
шинэ	технологи	0.007062
шинэ	залуу	0.007062
шинэ	цагийн	0.007062
шинэ	санаа	0.007062
шинэ	хувилбар	0.006356
шинэ	салбар	0.006356
шинэ	улс	0.006356
шинэ	уран	0.006356
шинэ	дуу	0.006356
шинэ	жил	0.006356
шинэ	монгол	0.006356
шинэ	процесс	0.005650
шинэ	газар	0.005650
шинэ	төрлийн	0.005650
шинэ	систем	0.004944
шинэ	бүтээл	0.004944
шинэ	үе	0.004944
шинэ	нийслэл	0.004944
шинэ	гэрээ	0.004944
шинэ	загварын	0.004944
шинэ	мэдлэг	0.004944
шинэ	дэг	0.004944
шинэ	хувилбарыг	0.004237
шинэ	хот	0.004237
шинэ	өмнөд	0.004237
шинэ	технологийг	0.004237
шинэ	төрөл	0.004237
шинэлэг	зүйл	0.116279
шинэлэг	арга	0.093023
шинэлэг	болсон	0.069767
шинэчилсэн	хувилбар	0.130435
шинэчилсэн	цомог	0.130435
шинэчилсэн	байна	0.130435
шинэчлэлийн	хөтөлбөрийг	0.117647
шинэчлэх	файл	0.096774
шифрлэлтийн	түлхүүр	0.181818
шифрлэлтийн	алгоритм	0.136364
шифрлэлтийн	түлхүүрийг	0.136364
шонхор	нь	0.280000
штаб	нь	0.150000
штабын	дарга	0.387097
штабын	офицер	0.129032
штабын	даргаар	0.096774
шу	ны	0.416667
шугам	нь	0.100840
шугам	дээр	0.075630
шугам	сүлжээ	0.042017
шугам	юм	0.033613
шугам	тогтоох	0.025210
шугам	сүлжээг	0.025210
шугам	руу	0.025210
шугам	сөүлийн	0.025210
шууд	бус	0.068592
шууд	холбоотой	0.043321
шууд	бусаар	0.032491
шууд	болон	0.028881
шууд	л	0.018051
шууд	ба	0.018051
шууд	хамааралтай	0.016245
шууд	хүлээн	0.016245
шууд	холбогдсон	0.010830
шууд	хамаарна	0.010830
шууд	хандах	0.009025
шууд	хандаж	0.009025
шууд	удирдаж	0.009025
шууд	шалтгаалдаг	0.009025
шууд	сонгуулиар	0.007220
шууд	удирдлага	0.007220
шууд	нэвтрүүлэг	0.007220
шууд	хөрөнгө	0.005415
шууд	ажиллуулах	0.005415
шууд	дамжуулж	0.005415
шууд	эсвэл	0.005415
шууд	сонгодог	0.005415
шууд	ашиглаж	0.005415
шууд	холбох	0.005415
шууд	дамжуулалтын	0.005415
шууд	дамжуулалт	0.005415
шууд	холбогдоно	0.005415
шууд	ашиглана	0.005415
шууд	ханддаг	0.005415
шууд	үр	0.005415
шуудангийн	марк	0.181818
шуудангийн	хайрцаг	0.090909
шхаб	ын	0.622222
шхаб	нь	0.111111
шээс	нь	0.142857
шээс	дамжуулах	0.114286
шээс	бэлгийн	0.085714
шүтэх	эрх	0.117647
шүтэх	болжээ	0.117647
шүтэх	болсон	0.088235
шүтэх	үзэл	0.088235
шүү	дээ	0.637681
шүү	гэж	0.072464
шүү	хэмээн	0.072464
шүү	гэдгийг	0.043478
шүүмжлэгчдийн	анхаарлыг	0.187500
шүүмжлэгчдийн	зүгээс	0.187500
шүүмжлэгчид	энэ	0.107143
шүүмжлэгчид	түүний	0.107143
шөнийн	цагаар	0.219178
шөнийн	үнэг	0.109589
шөнийн	амьдралтай	0.082192
шөнийн	цагт	0.068493
шөнийн	дотор	0.054795
шөнийн	клубт	0.054795
шөнийн	температур	0.041096
ын	төв	0.029395
ын	ерөнхийлөгч	0.020916
ын	гишүүн	0.019220
ын	засгийн	0.018089
ын	ардын	0.013567
ын	төрийн	0.010741
ын	р	0.010175
ын	батлан	0.009610
ын	дарга	0.009610
ын	дээд	0.009610
ын	анхны	0.009045
ын	цэргийн	0.009045
ын	үндсэн	0.009045
ын	тагнуулын	0.009045
ын	ерөнхий	0.008479
ын	үндэсний	0.007914
ын	эсрэг	0.007349
ын	ерөнхийлөгчийн	0.007349
ын	сайд	0.007349
ын	гишүүнээр	0.007349
ын	их	0.006783
ын	хамгийн	0.006218
ын	хооронд	0.006218
ын	тэнгисийн	0.006218
ын	сонгуульд	0.006218
ын	зүгээс	0.005653
ын	тэргүүлэгчдийн	0.005653
ын	бага	0.005653
ын	оны	0.005653
ын	гишүүд	0.005088
ын	цэрэг	0.005088
ын	баатар	0.005088
ын	хувьд	0.004522
ын	засаг	0.004522
ын	нутаг	0.004522
ын	муж	0.004522
ын	нэгэн	0.004522
ын	гол	0.003957
ын	олон	0.003957
ын	гүйцэтгэх	0.003957
э	мэйл	0.156863
э	худалдаа	0.098039
э	худалдааны	0.078431
э	ө	0.058824
эгнээ	бүхий	0.100000
эгнээ	суудалтай	0.100000
эгц	өндөр	0.156250
эгц	босоо	0.156250
эгц	шулуун	0.125000
эгч	нь	0.245283
эгч	дүүс	0.132075
эгч	дүү	0.113208
эгч	гэж	0.056604
эдгээрийн	нь	0.050847
эдгээрийн	нэг	0.050847
эдгээрийн	дотор	0.050847
эдэлж	хэрэглэж	0.304348
эдэлж	байсан	0.173913
эзлэгдсэн	орны	0.107143
эзлэн	авч	0.145631
эзлэн	авах	0.111650
эзлэн	авсан	0.111650
эзлэн	авчээ	0.097087
эзлэн	оршдог	0.077670
эзлэн	авахад	0.038835
эзлэн	оршино	0.038835
эзлэн	авсны	0.033981
эзлэн	орших	0.024272
эзлэн	авав	0.024272
эзлэн	авахаар	0.019417
эзлэн	авснаар	0.019417
эзлэн	эрхшээлдээ	0.014563
эзлэн	авлаа	0.014563
эзлэн	авахдаа	0.014563
эзний	голын	0.115385
эзэлсэн	байна	0.112360
эзэлсэн	нь	0.056180
эзэлсэн	бол	0.056180
эзэлсэн	байдаг	0.033708
эзэлсэн	бөгөөд	0.033708
эзэлсэн	ч	0.033708
эзэмшил	газар	0.115942
эзэмшил	нутаг	0.101449
эзэмшил	нь	0.086957
эзэмшил	нутгийг	0.057971
эзэмшил	нутагт	0.057971
эзэмшил	болох	0.043478
эзэмшил	газраа	0.043478
эзэмшил	нутгаа	0.043478
эзэн	хааны	0.238612
эзэн	хаан	0.193059
эзэн	болж	0.036876
эзэн	болсон	0.034707
эзэн	нь	0.034707
эзэн	хаанд	0.026030
эзэн	чингис	0.019523
эзэн	юм	0.019523
эзэн	болжээ	0.017354
эзэн	хаанаас	0.013015
эзэн	бөгөөд	0.010846
эзэн	хүн	0.010846
эзэн	гэж	0.008677
эзэн	байсан	0.008677
эзэн	хаанаар	0.008677
эзэн	хаад	0.008677
эзэн	богд	0.008677
эзэн	хааныг	0.008677
эзэн	хаадын	0.008677
эзэн	орны	0.006508
эзэн	суусан	0.006508
эзэн	мэдэж	0.006508
эзэн	гэсэн	0.006508
эзэн	мэт	0.006508
эзэн	биш	0.006508
элдэв	төрлийн	0.049383
элдэв	зүйлийн	0.037037
элементийн	нэр	0.080000
элементийн	арга	0.060000
элэг	шилжүүлэн	0.200000
элэг	нь	0.166667
элэгний	хорт	0.229167
элэгний	в	0.145833
элэгний	хавдар	0.083333
элэгний	эсийн	0.062500
эмгэнэлт	жүжиг	0.250000
эмгэнэлт	жүжгийн	0.178571
эмнэлэгт	хэвтэж	0.186047
эмнэлэгт	ажиллаж	0.069767
эмнэлэгт	нас	0.069767
эмчийн	салбар	0.333333
эмчилгээний	үр	0.102041
эмчилгээний	өлсгөлөн	0.081633
эмчилгээний	зориулалтаар	0.061224
эмчилгээний	арга	0.061224
эмэгтэй	хүн	0.135246
эмэгтэй	хүний	0.077869
эмэгтэй	хүнд	0.024590
эмэгтэй	эрэгтэй	0.024590
эмэгтэй	уран	0.024590
эмэгтэй	чөлөөт	0.024590
эмэгтэй	хүмүүс	0.020492
эмэгтэй	нь	0.020492
эмэгтэй	жүжигчин	0.020492
эмэгтэй	хүүхдийг	0.016393
эмэгтэй	юм	0.016393
эмэгтэй	дүрийн	0.016393
эмэгтэй	болсон	0.012295
эмэгтэй	ерөнхий	0.012295
эмэгтэй	нисгэгч	0.012295
эмэгтэй	ганцаарчилсан	0.012295
эмэгтэй	хосын	0.012295
энгийнээр	хэлэхэд	0.161290
энгийнээр	хэлбэл	0.161290
энд	тэнд	0.024658
энд	байгаа	0.021918
энд	бас	0.019178
энд	нь	0.016438
энд	бий	0.013699
энд	би	0.013699
энд	мөн	0.013699
энд	байдаг	0.010959
энд	амьдарч	0.010959
энд	бид	0.010959
энд	л	0.010959
энд	түүний	0.010959
энд	монголын	0.010959
энд	нэгэн	0.010959
энд	хоёр	0.008219
энд	төрлийн	0.008219
энд	хүмүүс	0.008219
энд	байна	0.008219
энд	дурдсан	0.008219
энд	нэг	0.008219
энд	тэрээр	0.008219
энхийн	гэрээ	0.285714
энхийн	хэлэлцээр	0.142857
энхийн	яриа	0.107143
эр	нь	0.131474
эр	эм	0.127490
эр	бэлгийн	0.051793
эр	хүний	0.047809
эр	хүн	0.039841
эр	далайн	0.027888
эр	эгшиг	0.023904
эр	эмийн	0.023904
эр	цэргийн	0.023904
эр	зориг	0.019920
эр	байсан	0.015936
эр	үгэнд	0.015936
эр	ийн	0.015936
эр	халим	0.011952
эр	хүйс	0.011952
эргэлзээтэй	байгаа	0.157895
эрдэм	шинжилгээний	0.559211
эрдэм	шинжилгээ	0.078947
эрдэм	мэдлэг	0.052632
эрдэм	номд	0.032895
эрдэм	боловсролтой	0.019737
эрдэнийн	чулуун	0.147059
эрдэнийн	чулуу	0.088235
эрдэнийн	очир	0.088235
эрдэнийн	чулуугаар	0.088235
эрдэнийн	товч	0.088235
эрин	үе	0.215385
эрин	үед	0.153846
эрин	үеийн	0.107692
эрин	үеийг	0.076923
эрин	гэсэн	0.046154
эрин	буюу	0.046154
эрин	нь	0.046154
эртнээс	нааш	0.137931
эрх	зүйн	0.105825
эрх	чөлөө	0.078641
эрх	мэдэл	0.070874
эрх	чөлөөний	0.066990
эрх	мэдлийг	0.066990
эрх	баригчид	0.046602
эрх	чөлөөг	0.033010
эрх	ашгийг	0.033010
эрх	нь	0.031068
эрх	зүй	0.028155
эрх	бүхий	0.027184
эрх	мэдлээ	0.026214
эрх	мэдлийн	0.024272
эрх	мэдэлд	0.021359
эрх	баригч	0.017476
эрх	тэгш	0.016505
эрх	авсан	0.014563
эрх	эрх	0.013592
эрх	барих	0.012621
эрх	чөлөөтэй	0.012621
эрх	ашгийн	0.010680
эрх	чөлөөт	0.009709
эрх	болон	0.009709
эрх	олгох	0.007767
эрх	олгосон	0.006796
эрх	юм	0.005825
эрх	хэмжээ	0.005825
эрх	ашигт	0.005825
эрх	олгодог	0.004854
эрх	олгож	0.004854
эрх	зүйг	0.004854
эрх	авч	0.004854
эрх	авах	0.003883
эрх	үүрэг	0.003883
эрх	ашиг	0.003883
эрх	ба	0.003883
эрх	үүрэгтэй	0.003883
эрх	хууль	0.002913
эрх	ийг	0.002913
эрх	сонинд	0.002913
эрхэлж	байжээ	0.130435
эрхэлж	байсан	0.130435
эрхэлж	байв	0.108696
эрхэлж	буй	0.086957
эрхэлж	байна	0.065217
эрчим	хүчний	0.429787
эрчим	хүч	0.263830
эрчим	хүчийг	0.123404
эрчим	хүчээр	0.059574
эрчим	хүчинд	0.029787
эрчим	хүчээ	0.021277
эрчим	хүчнээс	0.012766
эрчимтэй	хөгжиж	0.229730
эрчимтэй	хөгжсөн	0.054054
эрчимтэй	хөгжих	0.040541
эрчимтэй	хөгжүүлж	0.040541
эрчимтэй	явагдаж	0.040541
эрэлт	хэрэгцээ	0.200000
эрэлт	нийлүүлэлтийн	0.163636
эрэлт	хэрэгцээг	0.109091
эрэлт	нь	0.072727
эрэлт	хэрэгцээнд	0.072727
эрэлхэг	зоригтой	0.240000
эрэлхэг	баатарлаг	0.120000
эрэлхэг	дайчин	0.120000
эсгий	гэрт	0.263158
эсийн	гаднах	0.052632
эсийн	мембраны	0.047847
эсийн	мембран	0.028708
эсийн	дотор	0.028708
эсийн	гадаад	0.023923
эсийн	доторхи	0.023923
эсийн	доторх	0.023923
эсийн	амьдралын	0.023923
эсийн	гадна	0.019139
эсийн	дотогш	0.019139
эсийн	ханатай	0.019139
эсийн	нэг	0.019139
эсийн	тоо	0.019139
эсийн	өсөлт	0.019139
эсийн	хүлээн	0.014354
эсийн	эсийн	0.014354
эсийн	биологийн	0.014354
эсийн	хананд	0.014354
эсийн	хариу	0.014354
эсийн	гадаргуу	0.014354
эсийн	цус	0.014354
эсийн	бөөм	0.014354
эсрэгээр	нь	0.148936
эсэргүүцлийн	хөдөлгөөн	0.217391
эсэргүүцлийн	жагсаал	0.173913
эсэргүүцэж	байсан	0.196429
эсэргүүцэж	байв	0.089286
эсэргүүцэж	байлаа	0.089286
эсэргүүцэж	байжээ	0.053571
эсэргүүцэх	чадвар	0.100000
эсэргүүцэх	системийг	0.100000
эсэргүүцэх	хөдөлгөөн	0.075000
эсэх	нь	0.451613
эсэх	талаар	0.096774
эсэх	дээр	0.053763
эсэх	тухай	0.032258
эсэх	асуудал	0.032258
эсээс	хамааралгүй	0.103448
этгээд	нь	0.053571
эхийн	програм	0.110000
эхийн	хамтаар	0.040000
эхийн	гар	0.030000
эхлэлийг	тавьсан	0.370370
эхлэлийг	тавьж	0.185185
эхлэлийг	тавьжээ	0.111111
эхнэр	нь	0.182432
эхнэр	хүүхэд	0.054054
эхнэр	хоёр	0.047297
эхнэр	хүүхэдтэй	0.033784
эхнэр	авсан	0.027027
эхнэр	болсон	0.027027
эхнэр	нөхөр	0.027027
эхнэр	хүүхдээ	0.020270
эхнэр	таарвал	0.020270
эхнэр	жүжигчин	0.020270
эхнэр	мөн	0.020270
эхнэр	а	0.020270
эхнээс	нь	0.333333
эхэлж	байна	0.067568
эхэлж	байсан	0.054054
эхэлж	байжээ	0.033784
эхэлж	нд	0.027027
эхэлж	дараа	0.020270
эхэлж	оны	0.020270
эхэлж	байгаа	0.020270
эхэндээ	тэрээр	0.081081
эцгийн	талын	0.093750
эцэг	эх	0.243094
эцэг	нь	0.223757
эцэг	эхийн	0.071823
эцэг	эхийнхээ	0.027624
эцэг	эхээс	0.022099
эцэг	гэж	0.019337
эцэг	хүү	0.016575
эцэг	процесс	0.016575
эцэг	хэмээн	0.013812
эцэг	гэх	0.013812
эцэг	болох	0.011050
эцэг	нэгтэй	0.011050
эцэг	болон	0.011050
эцэг	эхийг	0.011050
эцэг	буюу	0.008287
эцэг	эхтэй	0.008287
эцэг	юм	0.008287
ээр	дамжуулан	0.053571
ээр	төгссөн	0.035714
ээр	нь	0.026786
ээр	хожиж	0.026786
юань	улсын	0.582734
юань	улс	0.086331
юань	улсыг	0.057554
юань	улсад	0.035971
юань	гүрний	0.028777
юань	ий	0.021583
югославын	бну	0.222222
юм	байна	0.149100
юм	уу	0.125964
юм	бол	0.096401
юм	гэж	0.083548
юм	шиг	0.059126
юм	бэ	0.035990
юм	хэмээн	0.025707
юм	гэсэн	0.023136
юм	билээ	0.021851
юм	шүү	0.015424
юм	гэжээ	0.011568
юм	биш	0.010283
юм	гэдгийг	0.010283
юм	гэдэг	0.007712
юм	энэ	0.007712
юм	оны	0.006427
юм	бараг	0.006427
юм	гэнэ	0.006427
юм	нь	0.006427
юм	аа	0.006427
юм	онд	0.005141
юм	даа	0.005141
юм	байхгүй	0.003856
юм	юм	0.003856
юм	боллоо	0.003856
юм	учир	0.003856
юм	болдог	0.003856
юм	болж	0.003856
юм	хийж	0.003856
юм	гэхдээ	0.003856
юм	бөгөөд	0.003856
юм	бүхэнд	0.003856
юм	үзэж	0.003856
юмуу	эсвэл	0.133333
юуны	өмнө	0.736111
юуны	түрүүнд	0.138889
юуны	урьд	0.041667
яах	аргагүй	0.523810
яах	вэ	0.190476
яах	ч	0.095238
яваа	юм	0.066667
явагдаж	байгаа	0.165049
явагдаж	байсан	0.087379
явагдаж	байна	0.077670
явагдаж	буй	0.077670
явагдаж	байх	0.048544
явагдаж	байдаг	0.038835
явагдаж	байв	0.038835
явагдаж	болно	0.029126
явагдаж	байгааг	0.029126
явган	цэргийн	0.418367
явган	цэрэг	0.153061
явган	цэргүүд	0.081633
явган	цэргийг	0.081633
явган	цэргээс	0.030612
явган	аялал	0.030612
явган	хүний	0.030612
явдлаас	хойш	0.315789
явдлаас	болж	0.157895
явж	байсан	0.105727
явж	байгаа	0.088106
явж	байгаад	0.057269
явж	байна	0.052863
явж	байхдаа	0.052863
явж	буй	0.048458
явж	ирсэн	0.039648
явж	байхад	0.026432
явж	байтал	0.026432
явж	байх	0.022026
явж	байлаа	0.017621
явж	чадахгүй	0.017621
явж	байжээ	0.013216
явж	болох	0.013216
явуулсан	байна	0.114286
явуулсан	бөгөөд	0.064286
явуулсан	юм	0.057143
явуулсан	боловч	0.057143
явуулсан	нь	0.050000
явуулсан	байдаг	0.042857
явуулсан	судалгаагаар	0.035714
явуулсан	санал	0.035714
явуулсан	гэж	0.021429
ягаан	туяаны	0.151899
ягаан	өнгөтэй	0.126582
ягаан	өнгийн	0.113924
ягаан	туяа	0.063291
ядуу	ард	0.067797
ядуу	хүмүүс	0.050847
язгуур	нь	0.116279
язгуур	эрх	0.116279
язгуур	монгол	0.069767
язгууртны	цол	0.166667
язгууртны	гэр	0.083333
язгууртны	оршуулгын	0.083333
ял	оноосон	0.204545
ял	авсан	0.113636
ял	шийтгэл	0.068182
ялагдаж	ухарсан	0.090909
ялагч	нь	0.173913
ялгагдах	гол	0.200000
ялгагдах	зүйл	0.100000
ялгагдах	онцлог	0.100000
ялгагдах	ялгаа	0.100000
ялгаж	үздэг	0.076923
ялгаж	авдаг	0.061538
ялгаж	авч	0.061538
ялгаж	авах	0.046154
ялгаж	болно	0.046154
ялгаран	гарч	0.277778
ялгаран	хөгжил	0.166667
ялсан	нь	0.081081
ялсан	ба	0.081081
ялсан	юм	0.081081
ялсан	байна	0.040541
ялсан	гэдэг	0.040541
ялсан	билээ	0.040541
ялсан	боловч	0.040541
ялсан	ч	0.040541
ямагт	ээс	0.043478
янз	бүрийн	0.717314
янз	бүр	0.079505
янз	бүрээр	0.058304
янз	байдаг	0.037102
янз	байна	0.012367
янз	янзын	0.008834
янз	янзаар	0.008834
янз	байдал	0.007067
янз	байдлыг	0.005300
янз	байх	0.005300
япон	улсын	0.102473
япон	улс	0.077739
япон	улсад	0.060071
япон	нь	0.035336
япон	руу	0.031802
япон	солонгос	0.028269
япон	дахь	0.024735
япон	зэрэг	0.021201
япон	хэлний	0.021201
япон	өмнөд	0.017668
япон	франц	0.017668
япон	ч	0.017668
япон	манж	0.014134
япон	хэл	0.014134
япон	гэж	0.014134
япон	болон	0.010601
япон	хятад	0.010601
япон	хэлнээс	0.010601
япон	цэргийн	0.010601
япон	цэрэг	0.010601
япон	юм	0.010601
япон	онд	0.010601
япон	улсыг	0.010601
япон	монгол	0.010601
япон	манжийн	0.010601
япон	хэлээр	0.010601
япон	үндэстэн	0.010601
япон	ба	0.010601
японд	дайн	0.058824
японд	оны	0.044118
ярианы	хэлэнд	0.125000
ярианы	хэл	0.062500
ярилцлага	нь	0.135135
ярилцлага	өгсөн	0.081081
ярилцлага	өгч	0.081081
ярих	нь	0.140000
ярих	юм	0.100000
ярих	ба	0.060000
ярьсан	байдаг	0.296296
ярьсан	байна	0.111111
ястан	нь	0.265306
ястан	угсаатны	0.061224
ястан	амьдардаг	0.061224
ёслолд	нь	0.136364
ёслолын	үеэр	0.095238
ёслолын	арга	0.063492
ёслолын	ажиллагаа	0.063492
ёслолын	ажиллагааны	0.047619
ёслолын	үйл	0.047619
ёслолын	үед	0.047619
ёслолын	байдалтай	0.047619
ёсоор	бол	0.030581
ёсоор	хүлээн	0.030581
ёсоор	бүгд	0.024465
ёсоор	ордог	0.024465
ёсоор	оны	0.018349
ёсоор	энэ	0.015291
ёсоор	тооцогддог	0.015291
ёсоор	хаан	0.012232
ёсоор	тооцогдож	0.012232
ёсоор	р	0.009174
ёсоор	зохион	0.009174
ёсоор	зарласан	0.009174
ёсоор	нэгдсэн	0.009174
ёсоор	үздэг	0.009174
ёсоор	гарч	0.009174
ёсоор	онд	0.009174
ёсыг	халж	0.240000
ёсыг	дагаж	0.120000
үгийн	товчлол	0.069620
үгийн	утга	0.044304
үгийн	зохиолч	0.025316
үгийн	хэрэглээ	0.025316
үгийн	эцсийн	0.025316
үгийн	язгуур	0.025316
үгийн	эхний	0.025316
үгийн	үндэс	0.025316
үгийн	олон	0.018987
үгийн	зохиолын	0.018987
үгийн	тайлбар	0.018987
үгийн	эхэн	0.018987
үгийн	хойно	0.018987
үгийн	урт	0.018987
үгийн	дунд	0.018987
үгийн	эхэнд	0.018987
үгээ	оруулна	0.187500
үед	нь	0.017927
үед	энэ	0.015319
үед	монгол	0.009126
үед	л	0.009126
үед	буюу	0.008475
үед	монголын	0.008475
үед	ч	0.008475
үед	түүний	0.007823
үед	их	0.007823
үед	амьдарч	0.007497
үед	олон	0.006845
үед	хамгийн	0.006845
үед	тэрээр	0.006193
үед	нэг	0.006193
үед	тус	0.005541
үед	хятадын	0.005215
үед	байсан	0.005215
үед	түүнийг	0.004889
үед	үүссэн	0.004889
үед	холбогдох	0.004563
үед	хүн	0.004563
үед	хэрэглэж	0.004563
үед	монголчууд	0.004563
үед	ямар	0.004237
үед	маш	0.003911
үед	ану	0.003911
үед	бий	0.003911
үед	уг	0.003911
үед	хүмүүс	0.003911
үед	тухайн	0.003585
үед	гарч	0.003585
үед	хамаарах	0.003585
үед	оросын	0.003259
үед	улс	0.003259
үед	улсын	0.003259
үед	хятад	0.003259
үед	анхны	0.002934
үед	баригдсан	0.002934
үед	тэд	0.002934
үед	баруун	0.002934
үедээ	utc	0.029155
үедээ	хамгийн	0.020408
үедээ	оны	0.017493
үедээ	л	0.017493
үедээ	хорхой	0.014577
үедээ	ч	0.014577
үедээ	маш	0.014577
үедээ	байсан	0.011662
үедээ	олон	0.011662
үедээ	тухайн	0.011662
үедээ	буюу	0.011662
үедээ	нас	0.011662
үедээ	ямар	0.008746
үедээ	амжилт	0.008746
үедээ	хүн	0.008746
үедээ	шинэ	0.008746
үедээ	бусад	0.008746
үедээ	тэрээр	0.008746
үедээ	их	0.008746
үедээ	алдартай	0.008746
үедээ	газар	0.008746
үедээ	түүний	0.008746
үедээ	олноор	0.008746
үер	бууж	0.142857
үеэл	дүү	0.333333
үеэл	ах	0.200000
үзэгч	олонд	0.187500
үзэх	нь	0.130435
үзэх	хэрэгтэй	0.057971
үзэх	үзэл	0.043478
үзэх	ёстой	0.033816
үзэх	шаардлагатай	0.033816
үзэх	дуртай	0.033816
үзэх	ба	0.028986
үзэх	юм	0.024155
үзэх	болжээ	0.024155
үзэх	болсон	0.024155
үзэх	боломжтой	0.024155
үзэх	болно	0.024155
үзэх	бүрэн	0.019324
үзэх	хандлага	0.019324
үзэх	явдал	0.014493
үзэх	болж	0.014493
үзэх	бөгөөд	0.014493
үзэх	үзлийн	0.014493
үзэх	боломж	0.014493
үзээгүй	монгол	0.136364
үзээгүй	байна	0.136364
үзүүлдэг	байсан	0.080000
үзүүлдэг	юм	0.053333
үзүүлдэг	байна	0.053333
үзүүлдэг	бөгөөд	0.040000
үзүүлдэг	гэж	0.040000
үзүүлдэг	байв	0.040000
үзүүлж	байсан	0.090909
үзүүлж	буй	0.072727
үзүүлж	байгаа	0.060606
үзүүлж	байна	0.060606
үзүүлж	байв	0.060606
үзүүлж	чадахгүй	0.042424
үзүүлж	чадаагүй	0.036364
үзүүлж	байлаа	0.036364
үзүүлж	болох	0.024242
үзүүлж	эхэлсэн	0.024242
үзүүлж	чадах	0.024242
үзүүлж	байжээ	0.018182
үзүүлж	байх	0.018182
үзүүлж	байсныг	0.018182
үзүүлэлт	нь	0.308411
үзүүлэлт	юм	0.214953
үзүүлэлт	болдог	0.037383
үзүүлэн	таниулах	0.088235
үйлдвэрлэл	нь	0.116788
үйлдвэрлэл	болон	0.043796
үйлдвэрлэл	үйлчилгээ	0.036496
үйлдвэрлэл	ба	0.029197
үйлдвэрлэл	үйлчилгээний	0.029197
үйлдвэрлэл	явуулах	0.021898
үйлдвэрлэл	худалдаа	0.021898
үйлдвэрлэл	хөгжсөн	0.021898
үйлдвэрлэл	уул	0.021898
үйлдвэрлэл	гэсэн	0.021898
үйлдвэрлэл	гэх	0.021898
үйлдлийн	систем	0.424658
үйлдлийн	системийн	0.152397
үйлдлийн	системд	0.097603
үйлдлийн	системийг	0.078767
үйлдлийн	системүүд	0.061644
үйлдлийн	системтэй	0.041096
үйлдлийн	системээс	0.022260
үйлдлийн	системүүдэд	0.017123
үйлдлийн	системүүдийн	0.011986
үйлдлийн	системээр	0.011986
үйлдлийн	өмнө	0.008562
үйлдлийн	дараа	0.006849
үйлдлийн	үр	0.005137
үйлдлүүдийг	хийдэг	0.166667
үйлдлүүдийг	хийх	0.166667
үйлдлүүдийг	хийж	0.071429
үйлийг	хэлнэ	0.115385
үйлчилгээг	үзүүлдэг	0.062500
үйлчилгээг	үзүүлж	0.053571
үйлчилгээг	санал	0.026786
үйлчилгээг	үзүүлэх	0.026786
үйлчилгээг	авсан	0.026786
үйлчилгээг	бий	0.026786
үйлчилгээний	салбар	0.055556
үйлчилгээний	чанар	0.041667
үйлчилгээний	салбарт	0.041667
үйлчилгээний	төв	0.041667
үйлчилгээний	хувьд	0.027778
үйлчилгээний	байгууллагууд	0.027778
үйлчилгээний	салбарын	0.027778
үйлчилгээний	чанарын	0.020833
үйлчилгээний	төлбөр	0.020833
үйлчилгээний	гол	0.020833
үйлчилгээний	газрууд	0.020833
үйлчилгээтэй	байдаг	0.157895
үйлчилдэг	төрийн	0.166667
үйлчилж	байгаа	0.148936
үйлчилж	байсан	0.148936
үйлчилж	буй	0.106383
үйлчилж	байна	0.106383
үйлчлэл	нь	0.219512
үйлчлэл	үзүүлдэг	0.097561
үйлчлэл	бүхий	0.073171
үйлчлэл	үзүүлэх	0.073171
үймээн	самуун	0.520000
үлдсэн	байна	0.088154
үлдсэн	нь	0.068871
үлдсэн	хэсэг	0.057851
үлдсэн	юм	0.057851
үлдсэн	байдаг	0.055096
үлдсэн	хэсгийг	0.024793
үлдсэн	бөгөөд	0.024793
үлдсэн	байсан	0.016529
үлдсэн	хүмүүс	0.016529
үлдсэн	хувийг	0.013774
үлдсэн	цөөн	0.013774
үлдсэн	байх	0.013774
үлдсэн	гэж	0.013774
үлдсэн	билээ	0.013774
үлдсэн	байв	0.011019
үлдсэн	ч	0.011019
үлдсэн	боловч	0.011019
үлдсэн	хамгийн	0.011019
үлдсэн	хүн	0.011019
үлдсэн	хоёр	0.011019
үлдсэн	ба	0.011019
үлдсэн	хэсэгт	0.008264
үлдсэн	суудлыг	0.008264
үлдсэн	нутаг	0.008264
үлдсэн	аж	0.008264
үлдсэн	энэ	0.008264
үлдсэн	хувь	0.008264
үндсийг	тавьсан	0.205128
үндсэн	дээр	0.073019
үндсэн	хуулийн	0.060552
үндсэн	хууль	0.032947
үндсэн	хуулийг	0.030276
үндсэн	санах	0.024933
үндсэн	хуульд	0.024043
үндсэн	хоёр	0.018700
үндсэн	үүрэг	0.017809
үндсэн	гурван	0.016028
үндсэн	хуулиар	0.013357
үндсэн	нэгж	0.013357
үндсэн	хэсэгт	0.012467
үндсэн	арга	0.011576
үндсэн	хэсэг	0.011576
үндсэн	хуулинд	0.011576
үндсэн	шинж	0.009795
үндсэн	бүрэлдэхүүнд	0.009795
үндсэн	зорилго	0.008905
үндсэн	үүрэгтэй	0.008905
үндсэн	шалтгаан	0.008905
үндсэн	эх	0.008905
үндсэн	болон	0.008014
үндсэн	зарчим	0.008014
үндсэн	төрлийн	0.007124
үндсэн	үйл	0.006233
үндсэн	эд	0.006233
үндсэн	ойлголт	0.006233
үндсэн	дөрвөн	0.006233
үндсэн	суурь	0.006233
үндсэн	бүрэлдэхүүн	0.005343
үндсэн	хэлбэр	0.005343
үндсэн	төрөл	0.005343
үндсэн	нөхцөл	0.005343
үндсэн	тохиргооны	0.004452
үндсэн	гол	0.004452
үндсэн	хэсгээс	0.004452
үндсэн	багт	0.004452
үндсэн	хэв	0.004452
үндсэн	шинжийг	0.004452
үндсэн	түүхий	0.004452
үндэслэгч	нь	0.142857
үндэслэгч	гэж	0.085714
үндэстний	байгууллагын	0.142857
үндэстний	байгууллага	0.035714
үндэстний	хувьд	0.028571
үндэстний	улс	0.028571
үндэстний	хэл	0.028571
үндэстний	соёлын	0.028571
үндэстний	өөртөө	0.028571
үндэстний	цөөнх	0.021429
үндэстний	болон	0.021429
үндэстний	тэмцээнд	0.021429
үндэстний	баялаг	0.021429
үндэстний	хамгийн	0.021429
үнэг	туулай	0.157895
үнэгүй	програм	0.132353
үнэгүй	байдаг	0.044118
үнэгүй	программ	0.044118
үнэндээ	бол	0.150685
үнэндээ	энэ	0.041096
үнэт	цаас	0.144928
үнэт	цаасны	0.137681
үнэт	зүйлс	0.072464
үнэт	зүйлсийг	0.065217
үнэт	зүйл	0.050725
үнэт	зүйлсийн	0.043478
үнэт	эдлэл	0.043478
үнэт	чулуун	0.021739
үнэт	бүтээл	0.021739
үнэт	мод	0.021739
үнээр	худалдан	0.138889
үнээр	худалдаж	0.111111
үнээр	элссэн	0.083333
үнээр	хамаагүй	0.083333
үргэлж	л	0.049020
үргэлж	тодорхой	0.029412
үргэлжилсэн	байна	0.100000
үргэлжилсэн	үгийн	0.075000
үргэлжилсэн	бөгөөд	0.050000
үргэлжилсэн	юм	0.041667
үргэлжилсэн	их	0.025000
үргэлжилсэн	энэ	0.025000
үргэлжилсэн	иргэний	0.025000
үргэлжилсэн	алдааг	0.025000
үргэлжлүүлж	болно	0.111111
үржил	шимт	0.552632
үржил	шим	0.184211
үржил	нь	0.078947
үржлийн	улиралд	0.254237
үржлийн	үе	0.101695
үржлийн	үедээ	0.101695
үржлийн	бус	0.084746
үржлийн	улирлын	0.050847
үрэгдсэн	байна	0.142857
үрэгдсэн	юм	0.081633
үрэгдсэн	гэж	0.081633
үрэгдсэн	байдаг	0.061224
үрэгдсэн	нь	0.061224
үс	нь	0.225806
үс	ноос	0.080645
үсэг	зурсан	0.150000
үсэг	нь	0.140909
үсэг	зурж	0.063636
үсэг	зурах	0.040909
үсэг	болон	0.031818
үсэг	бичиг	0.022727
үсэг	бичгийн	0.022727
үсэг	монгол	0.018182
үсэг	тоо	0.018182
үсэг	бүхий	0.013636
үсэг	юм	0.013636
үсэг	сурч	0.013636
үсэг	гэж	0.013636
үсэгтэй	болсон	0.190476
үхрийн	мах	0.238095
үхрийн	нүд	0.142857
үхэл	нь	0.096774
үхэх	аюултай	0.193548
үхэх	болно	0.096774
үүдэн	гарах	0.062500
үүдэн	шүд	0.037500
үүн	дээр	0.589744
үүн	дотор	0.153846
үүнийг	нь	0.024164
үүнийг	дагаад	0.018587
үүнийг	хийхийн	0.014870
үүнийг	заримдаа	0.014870
үүнийг	л	0.013011
үүнийг	ихэвчлэн	0.009294
үүнийг	онд	0.009294
үүнийг	мөн	0.009294
үүнийг	эсэргүүцэн	0.009294
үүнийг	олон	0.009294
үүнийг	нэг	0.007435
үүнийг	зөвхөн	0.007435
үүнийг	үл	0.007435
үүнийг	дараах	0.007435
үүнийг	сонсоод	0.007435
үүнийг	мэдсэн	0.007435
үүнийг	хэн	0.007435
үүнийг	ашиглан	0.005576
үүнийг	хоёр	0.005576
үүнийг	хууль	0.005576
үүнийг	даван	0.005576
үүнийг	маш	0.005576
үүнийг	хийхдээ	0.005576
үүнийг	хийх	0.005576
үүнийг	даган	0.005576
үүнийг	зөвшөөрч	0.005576
үүнийг	эсэргүүцсэн	0.005576
үүнийг	албан	0.005576
үүнийг	ерөнхийд	0.005576
үүнийг	түүхэнд	0.005576
үүнийг	хэрэгжүүлэх	0.005576
үүнээс	гадна	0.288490
үүнээс	хойш	0.161435
үүнээс	нь	0.028401
үүнээс	өмнө	0.026906
үүнээс	үзэхэд	0.026906
үүнээс	үүдэн	0.025411
үүнээс	болж	0.025411
үүнээс	шалтгаалан	0.023916
үүнээс	хоёр	0.011958
үүнээс	өөрөөр	0.010463
үүнээс	үзвэл	0.010463
үүнээс	үндэслэн	0.010463
үүнээс	өөр	0.008969
үүнээс	болоод	0.008969
үүнээс	нэг	0.008969
үүнээс	эхлэн	0.007474
үүнээс	ч	0.005979
үүнээс	илүү	0.005979
үүнээс	га	0.005979
үүнээс	сарын	0.005979
үүнээс	яг	0.005979
үүнээс	сая	0.004484
үүнээс	цааш	0.004484
үүнээс	гурван	0.004484
үүнээс	дөрөв	0.004484
үүнээс	сэргийлж	0.004484
үүнээс	адуу	0.004484
үүнээс	эмэгтэй	0.004484
үүнээс	уламжлан	0.004484
үүнээс	хамгийн	0.004484
үүнээс	хүн	0.004484
үүнээс	хэдхэн	0.004484
үүргээ	гүйцэтгэж	0.116279
үүргээ	биелүүлж	0.116279
үүргээ	биелүүлэх	0.116279
үүргээ	гүйцэтгэх	0.093023
үүрээ	засаж	0.533333
үүрээ	засах	0.111111
үүрээ	засдаг	0.066667
үүрээ	газар	0.066667
үүсвэр	нь	0.252427
үүсвэр	болдог	0.097087
үүсвэр	болгон	0.048544
үүсвэр	болон	0.038835
үүсвэр	болж	0.038835
үүсвэр	юм	0.038835
үүсвэр	болно	0.029126
үүсвэр	ба	0.029126
үүсвэрийн	гүний	0.285714
үүсгэгч	олон	0.176471
үүсгэж	болно	0.125000
үүсгэж	байгаа	0.097222
үүсгэж	болох	0.062500
үүсгэж	байна	0.048611
үүсгэж	буй	0.041667
үүсгэж	байсан	0.034722
үүсгэж	байдаг	0.020833
үүсгэж	түүнийг	0.020833
үүсгэж	болдог	0.020833
үүсгэж	чаддаг	0.020833
үүсгэж	чадах	0.020833
үүссэн	байна	0.108753
үүссэн	гэж	0.108753
үүссэн	бөгөөд	0.039788
үүссэн	байх	0.039788
үүссэн	байдаг	0.037135
үүссэн	гэх	0.026525
үүссэн	байж	0.023873
үүссэн	цагаасаа	0.023873
үүссэн	ба	0.021220
үүссэн	түүхтэй	0.018568
үүссэн	гэдэг	0.015915
үүссэн	гэсэн	0.015915
үүссэн	юм	0.013263
үүссэн	нөхцөл	0.013263
үүссэн	нь	0.010610
үүссэн	болохыг	0.010610
үүссэн	хэмээн	0.010610
үүссэн	ажээ	0.010610
үүссэн	тэр	0.010610
үүссэн	болно	0.007958
үүссэн	маргааныг	0.007958
үүссэн	бололтой	0.007958
үүссэн	аж	0.007958
үүссэн	хоёр	0.007958
үүссэн	талаар	0.007958
үүссэн	гэдэгт	0.007958
үүссэн	тохиолдолд	0.007958
үүссэн	энэ	0.007958
үүсэж	болно	0.125000
үүсэж	бий	0.083333
үүсэж	хөгжсөн	0.083333
үүсэж	буй	0.083333
үүсэж	байна	0.083333
үүсэл	нь	0.181818
үүсэл	хөгжил	0.145455
үүсэл	хөгжлийн	0.090909
үүсэл	гарал	0.072727
үүсэл	хөгжилд	0.054545
үүсэн	бий	0.392157
үүсэн	байгуулагдсан	0.156863
үүсэн	хөгжих	0.058824
өвлийн	улиралд	0.333333
өвлийн	цагт	0.045752
өвлийн	олимп	0.039216
өвлийн	олимпийн	0.032680
өвлийн	олимпын	0.026144
өвлийн	хүйтэнд	0.026144
өвлийн	ордны	0.026144
өвлийн	улирал	0.019608
өвлийн	олимпод	0.019608
өвлийн	нөхцөлд	0.019608
өвлийн	эхэн	0.019608
өвлийн	тэргүүн	0.019608
өвчин	нь	0.146341
өвчин	юм	0.073171
өвчин	үүсгэгч	0.054878
өвчин	тусах	0.042683
өвчин	болон	0.036585
өвчин	туссан	0.036585
өвчин	зовлон	0.030488
өвчин	гэж	0.030488
өвчин	анагаах	0.018293
өвчин	үүсгэх	0.018293
өвөө	нь	0.269231
өвөө	аав	0.115385
өгсөн	байна	0.170543
өгсөн	юм	0.129199
өгсөн	байдаг	0.082687
өгсөн	нь	0.056848
өгсөн	ба	0.031008
өгсөн	билээ	0.025840
өгсөн	гэдэг	0.025840
өгсөн	нэр	0.020672
өгсөн	бөгөөд	0.020672
өгсөн	гэж	0.018088
өгсөн	ч	0.015504
өгсөн	байх	0.012920
өгсөн	ажээ	0.010336
өгсөн	аж	0.007752
өгсөн	боловч	0.007752
өгсөн	байлаа	0.007752
өгсөн	бол	0.007752
өгсөн	үзүүлэлтээр	0.007752
өгсөн	тул	0.007752
өгч	байсан	0.102389
өгч	байгаа	0.078498
өгч	болно	0.047782
өгч	байна	0.047782
өгч	буй	0.040956
өгч	байжээ	0.037543
өгч	байв	0.027304
өгч	байдаг	0.023891
өгч	байж	0.013652
өгч	болох	0.013652
өгч	чадахгүй	0.013652
өгч	байгааг	0.010239
өгч	тус	0.010239
өгч	тэдний	0.010239
өгч	эхэлсэн	0.010239
өгч	жил	0.010239
өгч	дүгнэлт	0.010239
өгч	эхлэх	0.010239
өгөгдлүүд	нь	0.333333
өгөгдөлд	хандах	0.217391
өдөрт	сая	0.061224
өдөрт	удаа	0.061224
өдөрт	нийт	0.061224
өдөрт	хүн	0.061224
өлзийт	сум	0.119048
өлзийт	сумын	0.119048
өлзийт	уулын	0.095238
өлзийт	төмөр	0.071429
өлзийт	хааны	0.071429
өлзийт	гоо	0.071429
өмнөөс	нь	0.050000
өмнөөс	анхны	0.037500
өмнөөс	барилдаж	0.037500
өнгө	нь	0.223881
өнгө	болон	0.034826
өнгө	төрх	0.034826
өнгө	зүс	0.034826
өнгө	төрхийг	0.029851
өнгө	юм	0.024876
өнгө	үнэр	0.024876
өнгө	бүхий	0.019900
өнгө	төрхтэй	0.014925
өнгө	өнгийн	0.014925
өнгөөр	ялгаж	0.121951
өндгөн	эс	0.500000
өндгөн	эсийг	0.181818
өндгөн	эсийн	0.181818
өндрөөр	үнэлж	0.500000
өндрөөр	үнэлсэн	0.233333
өндрөөр	үнэлдэг	0.166667
өндөр	нь	0.043011
өндөр	цэг	0.035125
өндөр	түвшинд	0.027957
өндөр	уулын	0.020789
өндөр	уул	0.020789
өндөр	байдаг	0.020072
өндөр	хурдны	0.018638
өндөр	амжилт	0.017921
өндөр	жил	0.017921
өндөр	кг	0.016487
өндөр	см	0.016487
өндөр	хурдтай	0.015771
өндөр	түвшний	0.015054
өндөр	албан	0.013620
өндөр	үнэлгээ	0.012186
өндөр	хүчин	0.012186
өндөр	байна	0.012186
өндөр	чанартай	0.011470
өндөр	м	0.011470
өндөр	хөгжилтэй	0.010753
өндөр	байх	0.010753
өндөр	гэгээн	0.010036
өндөр	үр	0.009319
өндөр	хөгжсөн	0.009319
өндөр	юм	0.009319
өндөр	оргил	0.009319
өндөр	ургадаг	0.008602
өндөр	байсан	0.007885
өндөр	үнэтэй	0.007885
өндөр	болон	0.007168
өндөр	оноо	0.007168
өндөр	настай	0.007168
өндөр	метр	0.007168
өндөр	төвшинд	0.006452
өндөр	үзүүлэлт	0.006452
өндөр	уулсын	0.006452
өндөр	бөгөөд	0.006452
өндөр	олон	0.006452
өндөр	ур	0.005735
өндөр	нуруутай	0.005735
өндөртэй	бөгөөд	0.067416
өндөртэй	байдаг	0.056180
өндөртэй	кг	0.033708
өндөртэй	тонн	0.033708
өндөртэй	юм	0.033708
өнөө	үед	0.535948
өнөө	хэр	0.091503
өнөө	үеийн	0.065359
өнөө	цагт	0.052288
өнөө	цагийн	0.045752
өнөө	хүртэл	0.032680
өнөө	цаг	0.032680
өнөө	үеийг	0.019608
өнөөдрийг	хүртэл	0.937500
өргөгдсөн	монгол	0.180328
өргөгдсөн	байдаг	0.098361
өргөгдсөн	уул	0.065574
өргөгдсөн	байна	0.049180
өргөгдсөн	богд	0.049180
өргөж	байсан	0.138889
өргөж	авсан	0.083333
өргөжин	тэлж	0.444444
өргөжин	хөгжсөн	0.333333
өргөтгөсөн	байна	0.222222
өргөө	нь	0.140000
өргөө	рүү	0.100000
өрнө	зүгт	0.225000
өрнө	дахины	0.200000
өрнө	зүг	0.100000
өрнө	дахинд	0.075000
өртөг	нь	0.084746
өртөг	болон	0.084746
өртөг	өндөртэй	0.084746
өртөг	багатай	0.067797
өртөг	бүхий	0.067797
өртөг	өндөр	0.050847
өртөг	ихтэй	0.050847
өртөг	тооцох	0.050847
өрхийн	хүн	0.264151
өрхийн	хувь	0.113208
өрхийн	толгой	0.075472
өрөө	нь	0.130435
өрөө	рүү	0.108696
өрөө	бүхий	0.065217
өсгөсөн	байна	0.333333
өсгөсөн	юм	0.200000
өсгөх	талаар	0.115385
өсч	байсан	0.107692
өсч	байгаа	0.107692
өсч	байна	0.076923
өсч	буй	0.061538
өсч	байлаа	0.046154
өсч	үржих	0.046154
өөрчилж	болно	0.118812
өөрчилж	чадахгүй	0.049505
өөрчилж	чаддаг	0.029703
өөрчилж	болохгүй	0.029703
өөрчлөлтүүд	нь	0.333333
өөрөө	өөрийгөө	0.044693
өөрөө	ч	0.027933
өөрөө	өөртөө	0.016760
өөрөө	бичсэн	0.013966
өөрөө	энэ	0.013966
өөрөө	удирдаж	0.011173
өөрөө	их	0.011173
өөрөө	бичиж	0.011173
өөрөө	бол	0.011173
өөрөө	өөрийнхөө	0.011173
өөрөө	олон	0.008380
өөрөө	ямар	0.008380
өөрөө	алагдсан	0.008380
өөрөө	шийддэг	0.008380
өөрөө	ийм	0.008380
өөрөө	зохиолыг	0.008380
өөрөө	гол	0.008380
