abilitatea	de	a	1.000000
acasă	cu	un	0.200000
acasă	de	la	0.300000
acasă	după	ce	0.600000
acasă	pentru	a	0.333333
acasă	și	nu	0.200000
acces	la	internet	0.139535
acces	la	datele	0.069767
acces	la	toate	0.069767
acea	vreme	un	0.100000
acea	vreme	și	0.100000
acea	vreme	au	0.100000
această	cerere	a	0.666667
această	dată	la	0.226667
această	dată	în	0.053333
această	dată	pe	0.040000
această	dată	a	0.040000
această	dată	pentru	0.040000
această	decizie	a	0.227273
această	dimineață	în	0.222222
această	dimineață	la	0.177778
această	dimineață	pe	0.088889
această	dimineață	de	0.066667
această	dimineață	după	0.066667
această	dimineață	cu	0.066667
această	din	urmă	1.000000
această	după	amiază	1.000000
această	echipă	a	0.571429
această	fază	a	0.571429
această	formă	de	0.625000
această	iarnă	a	0.250000
această	ocazie	a	0.166667
această	oră	pe	0.173913
această	parte	a	0.666667
această	perioadă	în	0.118280
această	perioadă	a	0.118280
această	perioadă	de	0.075269
această	perioadă	au	0.043011
această	perioadă	pe	0.043011
această	perioadă	mai	0.032258
această	perioadă	și	0.032258
această	perioadă	cu	0.032258
această	problemă	a	0.192308
această	seară	la	0.142857
această	seară	de	0.107143
această	seară	în	0.107143
această	situaţie	a	0.200000
această	stare	de	0.800000
această	sumă	este	0.250000
această	sumă	de	0.187500
această	săptămână	în	0.145833
această	săptămână	pe	0.125000
această	săptămână	un	0.062500
această	vară	în	0.120000
această	zi	de	0.142857
această	zi	este	0.095238
această	zi	va	0.071429
această	zonă	a	0.166667
aceeași	măsură	și	0.750000
aceeași	perioadă	a	0.454545
aceeași	perioadă	de	0.227273
aceeași	perioadă	din	0.136364
aceeași	zi	în	0.230769
acela	a	fost	0.800000
acela	de	a	0.906250
acelaşi	timp	şi	0.088235
același	lucru	se	0.214286
același	lucru	este	0.107143
același	lucru	cu	0.107143
același	număr	de	1.000000
același	timp	un	0.092105
același	timp	să	0.078947
același	timp	este	0.052632
același	timp	și	0.052632
același	timp	în	0.039474
același	tip	de	1.000000
aceste	lucruri	în	0.150000
aceste	momente	grele	0.312500
aceste	momente	dificile	0.187500
aceste	măsuri	vor	0.250000
aceste	tipuri	de	1.000000
aceste	zile	la	0.195122
aceste	zile	sunt	0.073171
aceste	zile	se	0.073171
acte	în	regulă	1.000000
actul	de	identitate	0.555556
acuzat	că	a	0.421053
acuzat	că	ar	0.157895
acuzat	că	și	0.078947
acuzat	că	în	0.078947
acuzat	de	omor	0.192308
acuzat	de	furt	0.115385
acuzat	moscova	că	0.750000
acuzat	rusia	că	0.875000
adevarul	e	ca	1.000000
adevărul	din	spatele	0.750000
adevărul	este	că	0.785714
adoptat	proiectul	de	1.000000
aduc	aminte	că	0.555556
aduc	aminte	cum	0.166667
aducă	un	plus	0.600000
adăugat	că	nu	0.137931
adăugat	că	în	0.068966
aerian	de	la	0.600000
afaceri	dar	și	1.000000
afaceri	de	milioane	0.176471
afaceri	pentru	a	0.750000
afectat	de	un	0.266667
află	acum	în	0.352941
află	acum	sub	0.235294
află	acum	pe	0.176471
află	acum	la	0.176471
află	ce	se	0.750000
află	cea	mai	1.000000
află	deja	în	0.800000
află	la	aproximativ	0.139535
află	la	doar	0.069767
află	pe	locul	0.465116
află	pe	ordinea	0.069767
află	pe	lista	0.069767
află	sub	o	0.285714
află	în	prezent	0.059829
află	în	acest	0.051282
află	în	zona	0.034188
află	în	stare	0.034188
află	în	mijlocul	0.025641
află	în	arest	0.025641
află	în	centrul	0.025641
află	în	pericol	0.025641
află	în	plină	0.025641
află	în	aceste	0.025641
află	încă	în	0.600000
află	și	un	0.136364
agent	de	securitate	0.307692
agent	de	pază	0.230769
ajung	la	spital	0.157895
ajung	la	de	0.157895
ajung	până	la	1.000000
ajung	să	se	0.300000
ajutat	cu	nimic	0.500000
ajutat	o	pe	0.428571
ajutat	o	să	0.214286
ajutorul	de	de	0.714286
ajutorul	lui	dumnezeu	0.600000
ale	acestui	an	0.368421
ale	anului	au	0.200000
ale	celei	de	1.000000
ale	celor	două	0.346154
ale	celor	de	0.192308
ale	lui	putin	0.562500
ale	lumii	precum	0.176471
ale	lumii	în	0.176471
ale	războiului	din	0.615385
ale	sistemului	de	0.600000
ale	statelor	unite	0.857143
ale	zilei	de	0.545455
alege	să	o	0.200000
alegerile	au	fost	1.000000
alegerile	de	la	0.600000
alegerile	locale	din	0.555556
alertă	cu	bombă	1.000000
alimentare	cu	apă	0.578947
alimentare	cu	energie	0.263158
alimentare	s	au	1.000000
altele	au	fost	0.714286
ambele	au	fost	0.666667
ambele	echipe	au	0.428571
an	a	fost	0.230769
an	a	spus	0.115385
an	au	fost	0.400000
an	cel	mai	1.000000
an	de	la	0.295918
an	de	an	0.173469
an	de	zile	0.142857
an	de	când	0.061224
an	de	mandat	0.051020
an	de	închisoare	0.030612
an	de	studiu	0.030612
an	din	cauza	0.400000
an	după	ce	0.750000
an	la	an	0.295455
an	la	altul	0.159091
an	la	rând	0.068182
an	la	aprilie	0.068182
an	la	data	0.068182
an	mai	târziu	0.529412
an	potrivit	unei	1.000000
an	s	a	0.875000
an	sau	doi	0.600000
an	si	luni	0.375000
an	în	care	0.238095
an	în	ziua	0.095238
an	în	urmă	0.071429
an	în	timp	0.071429
an	în	data	0.071429
an	şi	luni	0.277778
an	şi	a	0.166667
an	şi	jumătate	0.166667
an	și	jumătate	0.257143
an	și	luni	0.142857
analize	de	sânge	0.428571
analize	pentru	a	1.000000
angajat	o	pe	0.666667
ani	a	fost	0.365031
ani	a	murit	0.101227
ani	a	ajuns	0.039877
ani	a	suferit	0.027607
ani	a	declarat	0.024540
ani	a	avut	0.024540
ani	a	început	0.018405
ani	a	spus	0.018405
ani	a	condus	0.018405
ani	a	făcut	0.015337
ani	a	povestit	0.012270
ani	a	rămas	0.012270
ani	a	scris	0.012270
ani	a	devenit	0.009202
ani	a	continuat	0.009202
ani	a	încercat	0.009202
ani	a	anunţat	0.009202
ani	a	intrat	0.009202
ani	ai	săi	0.666667
ani	alături	de	1.000000
ani	ambii	din	1.000000
ani	ar	fi	0.777778
ani	atunci	când	0.500000
ani	au	fost	0.563380
ani	au	stat	0.042254
ani	așa	cum	0.750000
ani	ca	să	0.363636
ani	care	a	0.333333
ani	care	se	0.086022
ani	care	s	0.053763
ani	care	conducea	0.043011
ani	care	prezenta	0.032258
ani	care	au	0.032258
ani	care	era	0.032258
ani	continuă	să	1.000000
ani	cu	o	0.217391
ani	când	a	0.235294
ani	când	s	0.176471
ani	dar	și	0.120000
ani	de	la	0.243108
ani	de	zile	0.228070
ani	de	închisoare	0.165414
ani	de	când	0.062657
ani	de	activitate	0.040100
ani	de	muncă	0.027569
ani	de	căsnicie	0.015038
ani	de	mandat	0.010025
ani	de	război	0.010025
ani	de	acasă	0.010025
ani	de	inchisoare	0.007519
ani	de	viață	0.007519
ani	de	ziua	0.007519
ani	din	alba	0.108108
ani	din	cauza	0.081081
ani	din	marea	0.081081
ani	după	ce	0.470588
ani	după	care	0.147059
ani	după	o	0.088235
ani	este	din	0.115385
ani	față	de	1.000000
ani	i	a	0.625000
ani	iar	în	0.131579
ani	iar	de	0.078947
ani	in	urma	0.411765
ani	la	rând	0.238095
ani	la	un	0.119048
ani	la	ani	0.095238
ani	la	spitalul	0.071429
ani	le	a	0.571429
ani	lumină	de	1.000000
ani	mai	târziu	0.686275
ani	nu	a	0.166667
ani	nu	mai	0.119048
ani	nu	am	0.119048
ani	nu	s	0.095238
ani	pe	care	0.304348
ani	pe	la	0.130435
ani	pentru	a	0.300000
ani	pentru	că	0.125000
ani	pentru	ca	0.125000
ani	până	în	0.428571
ani	s	a	0.694444
ani	s	au	0.222222
ani	sau	chiar	0.250000
ani	se	afla	0.190476
ani	se	află	0.142857
ani	si	ani	0.214286
ani	sunt	de	0.333333
ani	timp	în	1.000000
ani	unul	la	0.600000
ani	va	fi	0.285714
ani	vor	fi	0.625000
ani	în	urmă	0.138462
ani	în	care	0.130769
ani	în	timp	0.076923
ani	în	urma	0.038462
ani	în	industria	0.030769
ani	în	calitate	0.023077
ani	în	ceea	0.023077
ani	înainte	de	0.500000
ani	înainte	ca	0.250000
ani	începând	cu	0.750000
ani	între	şi	0.600000
ani	şi	luni	0.157895
ani	şi	a	0.105263
ani	şi	o	0.065789
ani	şi	un	0.065789
ani	şi	este	0.052632
ani	şi	peste	0.039474
ani	și	luni	0.093596
ani	și	a	0.083744
ani	și	jumătate	0.049261
ani	și	o	0.044335
ani	și	este	0.044335
ani	și	la	0.039409
ani	și	de	0.039409
ani	și	un	0.034483
ani	și	ar	0.034483
ani	și	ani	0.029557
ani	și	e	0.024631
ani	și	nu	0.024631
ani	și	care	0.019704
ani	și	sunt	0.019704
ani	și	că	0.019704
ani	și	au	0.019704
ani	și	până	0.019704
ani	și	în	0.014778
animal	de	companie	0.800000
anului	au	fost	0.857143
anului	față	de	1.000000
anului	s	a	0.500000
anului	trecut	în	0.139535
anului	trecut	a	0.093023
anului	trecut	când	0.093023
anului	și	se	0.200000
aparat	de	zbor	0.375000
apreciez	foarte	mult	1.000000
apropiat	al	lui	0.555556
apropiat	la	un	0.600000
apropie	de	un	0.137931
apropie	de	final	0.137931
aproximativ	de	milioane	0.118721
aproximativ	de	metri	0.095890
aproximativ	de	persoane	0.091324
aproximativ	de	euro	0.091324
aproximativ	de	ani	0.086758
aproximativ	de	kilometri	0.068493
aproximativ	de	minute	0.054795
aproximativ	de	oameni	0.041096
aproximativ	de	civili	0.031963
aproximativ	de	miliarde	0.022831
aproximativ	de	membri	0.018265
aproximativ	de	dolari	0.018265
aproximativ	de	km	0.018265
aproximativ	de	kg	0.013699
aproximativ	de	noi	0.013699
aproximativ	de	tone	0.013699
aproximativ	de	mii	0.013699
aproximativ	două	săptămâni	0.266667
aproximativ	două	milioane	0.266667
aproximativ	două	ore	0.266667
aproximativ	jumătate	din	0.666667
aproximativ	km	de	0.294118
aproximativ	km	nord	0.176471
aproximativ	la	sută	0.555556
aproximativ	miliarde	de	0.909091
aproximativ	milioane	de	1.000000
aproximativ	o	oră	0.388889
aproximativ	o	lună	0.333333
aproximativ	o	săptămână	0.166667
aproximativ	tone	de	1.000000
aproximativ	un	sfert	0.375000
aproximativ	un	milion	0.375000
apă	a	fost	0.375000
apă	caldă	și	0.461538
apă	de	la	0.181818
apă	de	ploaie	0.136364
apă	la	moară	0.428571
apă	pe	zi	0.375000
apă	și	a	0.107143
apărut	după	ce	0.600000
apărut	imagini	cu	0.846154
apărut	mai	multe	0.428571
apărut	o	nouă	0.272727
apărut	pe	un	0.375000
apărut	prima	dată	0.750000
apărut	în	la	0.088235
arestat	după	ce	0.750000
arestat	la	domiciliu	0.500000
arestat	pentru	de	0.500000
arma	cu	care	0.800000
arma	în	mână	0.600000
ars	casa	de	1.000000
articol	din	codul	0.375000
artă	de	la	0.750000
aruncă	de	la	0.750000
arătat	că	în	0.100000
arătat	că	este	0.071429
arătat	că	sunt	0.042857
ascunde	în	spatele	0.833333
astia	care	au	0.272727
astia	de	la	0.444444
astia	nu	se	0.272727
astia	si	nu	0.750000
astăzi	a	fost	0.320000
astăzi	ar	fi	0.750000
astăzi	cu	o	0.214286
astăzi	de	la	0.375000
astăzi	de	persoane	0.229167
astăzi	de	către	0.104167
astăzi	după	amiază	0.333333
astăzi	după	ce	0.333333
astăzi	este	de	0.272727
astăzi	este	cel	0.136364
astăzi	la	ora	0.125000
astăzi	nu	este	0.230769
astăzi	s	a	0.833333
astăzi	va	fi	0.600000
astăzi	vremea	va	0.750000
astăzi	în	jurul	0.153846
astăzi	și	de	0.176471
astăzi	și	mâine	0.176471
atac	asupra	unui	0.750000
atac	cu	rachete	0.583333
atac	cu	bombă	0.125000
atac	de	panică	0.428571
atac	de	cord	0.357143
atac	nuclear	al	0.428571
atac	împotriva	unei	0.500000
atata	timp	cat	0.800000
atinge	un	nou	0.750000
atras	atentia	ca	0.750000
atras	atenţia	că	0.444444
atunci	a	fost	0.296296
atunci	a	început	0.148148
atunci	cand	ai	0.103448
atunci	când	a	0.101852
atunci	când	se	0.055556
atunci	când	au	0.034722
atunci	când	sunt	0.027778
atunci	când	este	0.027778
atunci	când	va	0.027778
atunci	când	vine	0.027778
atunci	când	nu	0.025463
atunci	când	am	0.020833
atunci	când	o	0.020833
atunci	când	ne	0.016204
atunci	când	s	0.016204
atunci	când	ai	0.016204
atunci	când	ești	0.013889
atunci	când	îl	0.013889
atunci	când	vor	0.013889
atunci	când	vorbim	0.013889
atunci	când	le	0.011574
atunci	când	un	0.011574
atunci	când	are	0.009259
atunci	când	eram	0.009259
atunci	când	trebuie	0.009259
atunci	când	avem	0.009259
atunci	când	te	0.009259
atunci	când	unul	0.009259
atunci	când	mergi	0.009259
atunci	când	suntem	0.006944
atunci	când	vei	0.006944
atunci	când	ajunge	0.006944
atunci	când	apar	0.006944
atunci	cînd	a	0.428571
atunci	de	ce	0.533333
atunci	i	a	0.750000
atunci	nu	a	0.115385
atunci	s	a	1.000000
atunci	se	va	0.333333
atunci	se	poate	0.250000
atunci	trebuie	să	0.923077
atunci	vom	avea	0.857143
atunci	și	a	0.272727
autoritatea	de	supraveghere	0.888889
autoritatea	naţională	pentru	0.800000
autorităţile	au	decis	0.230769
autorităţile	de	la	0.875000
autorităţile	locale	şi	0.375000
autorităţile	nu	au	0.500000
autorităţile	vor	să	0.600000
autostrada	a	la	0.285714
aveau	unde	să	0.750000
avem	atât	de	1.000000
avem	cel	mai	0.600000
avem	cum	să	0.800000
avem	de	făcut	0.200000
avem	de	a	0.175000
avem	de	gând	0.075000
avem	foarte	multe	0.428571
avem	foarte	mulți	0.428571
avem	grijă	de	0.500000
avem	mare	nevoie	0.750000
avem	motive	să	1.000000
avem	nevoie	de	0.733333
avem	nevoie	să	0.093333
avem	o	nouă	0.068966
avem	si	noi	1.000000
avem	un	număr	0.069767
avem	un	singur	0.069767
avem	voie	să	1.000000
avem	în	vedere	0.320000
avem	în	față	0.120000
avem	încredere	în	0.571429
avem	și	o	0.250000
avem	și	noi	0.187500
avertizat	cu	privire	1.000000
avertizat	că	rusia	0.187500
avertizat	că	nu	0.125000
avertizat	că	va	0.093750
avertizat	că	o	0.093750
aveţi	nevoie	de	1.000000
avioane	de	luptă	0.625000
avioane	de	vânătoare	0.218750
avioanele	de	luptă	0.600000
aşteaptă	la	o	0.571429
aşteaptă	să	fie	0.461538
ați	făcut	în	0.300000
baie	din	două	1.000000
banda	de	urgenţă	0.428571
bani	ca	să	0.625000
bani	care	se	0.300000
bani	cu	care	0.428571
bani	dar	nu	0.333333
bani	de	la	0.652174
bani	de	dat	0.086957
bani	de	pe	0.065217
bani	mai	mulți	0.363636
bani	pe	care	0.407407
bani	pentru	a	0.333333
bani	pentru	un	0.153846
bani	s	au	0.833333
bani	în	plus	0.185185
bani	și	să	0.150000
banii	au	fost	0.600000
banii	de	la	0.647059
banii	pe	care	0.750000
banii	s	au	1.000000
banii	vor	fi	0.454545
bază	de	date	0.392857
bază	de	plante	0.107143
bea	o	bere	0.750000
bijuterii	din	aur	0.857143
bijuterii	în	valoare	1.000000
bine	a	spus	0.235294
bine	a	declarat	0.176471
bine	acest	lucru	1.000000
bine	ar	fi	0.625000
bine	ca	nu	0.113636
bine	ca	mai	0.068182
bine	ca	se	0.068182
bine	ca	niciodată	0.068182
bine	cu	mine	0.130435
bine	dar	nu	0.176471
bine	de	de	0.215686
bine	de	un	0.137255
bine	de	o	0.130719
bine	de	ani	0.045752
bine	de	două	0.045752
bine	de	trei	0.039216
bine	de	doi	0.039216
bine	de	ore	0.032680
bine	de	patru	0.026144
bine	de	rău	0.019608
bine	de	opt	0.019608
bine	de	jumătate	0.019608
bine	este	să	0.533333
bine	la	capitolul	0.266667
bine	mai	ales	1.000000
bine	pentru	că	0.193548
bine	pentru	a	0.129032
bine	peste	această	0.600000
bine	pus	la	1.000000
bine	sa	fie	0.187500
bine	sa	nu	0.125000
bine	să	nu	0.081395
bine	să	se	0.081395
bine	să	fie	0.069767
bine	să	le	0.058140
bine	să	ne	0.058140
bine	să	i	0.046512
bine	să	aibă	0.034884
bine	să	o	0.034884
bine	să	l	0.034884
bine	să	te	0.034884
bine	și	am	0.057692
bine	și	în	0.057692
bine	și	se	0.057692
binele	din	lume	1.000000
blue	air	a	0.366667
britanic	a	declarat	0.363636
britanic	al	apărării	1.000000
britanic	boris	johnson	1.000000
bun	a	spus	1.000000
bun	actor	în	0.500000
bun	de	la	0.428571
bun	de	nimic	0.085714
bun	jucător	din	0.333333
bun	loc	pentru	0.444444
bun	lucru	pe	0.428571
bun	pentru	a	0.360000
bun	pentru	tine	0.160000
bun	prieten	al	0.600000
bun	timp	în	0.500000
bun	început	că	0.375000
băiatul	a	fost	0.363636
băiatul	de	ani	0.500000
bărbat	a	fost	0.439024
bărbat	a	murit	0.146341
bărbat	a	ajuns	0.073171
bărbat	care	a	0.400000
bărbat	care	și	0.100000
bărbat	cu	vârsta	0.285714
bărbat	de	de	0.913386
bărbat	de	ani	0.055118
bărbat	din	alba	0.600000
bărbat	găsit	mort	1.000000
bărbat	pe	care	0.800000
bărbat	s	a	1.000000
bărbat	în	vârstă	0.824561
bărbat	în	timp	0.052632
cadavrul	a	fost	1.000000
cadouri	de	crăciun	0.500000
calitate	de	membru	0.106383
calitate	de	martor	0.085106
calitate	de	director	0.063830
calitate	de	for	0.063830
cam	la	fel	0.428571
cameră	principală	de	0.750000
cancerul	de	col	1.000000
cap	de	serie	0.394737
cap	de	pod	0.210526
cap	de	cal	0.078947
cap	la	cap	0.875000
cap	până	în	0.600000
capacitatea	de	a	0.833333
capacitatea	de	apărare	0.062500
capacitatea	sa	de	0.833333
care	a	fost	0.193449
care	a	avut	0.058096
care	a	făcut	0.030284
care	a	trecut	0.019778
care	a	început	0.017305
care	a	câștigat	0.016069
care	a	murit	0.016069
care	a	ajuns	0.015451
care	a	luat	0.015451
care	a	spus	0.014833
care	a	devenit	0.014833
care	a	primit	0.013597
care	a	dat	0.012979
care	a	dus	0.012361
care	a	participat	0.011125
care	a	adus	0.010507
care	a	decis	0.009271
care	a	venit	0.008653
care	a	condus	0.008035
care	a	lovit	0.007417
care	a	durat	0.007417
care	a	provocat	0.007417
care	a	pus	0.007417
care	a	mai	0.006799
care	a	încercat	0.006799
care	a	ucis	0.006799
care	a	realizat	0.006799
care	a	declarat	0.006799
care	a	jucat	0.006180
care	a	intrat	0.006180
care	aceasta	îl	0.214286
care	acesta	a	0.375000
care	acum	se	0.250000
care	acum	nu	0.093750
care	ai	nevoie	0.393939
care	ajung	în	0.318182
care	ajung	la	0.272727
care	ajung	pe	0.136364
care	ajută	la	0.733333
care	aleg	să	0.562500
care	aleg	această	0.187500
care	altfel	nu	0.600000
care	am	avut	0.100000
care	am	fost	0.090000
care	am	luat	0.040000
care	am	făcut	0.040000
care	am	învățat	0.030000
care	am	vorbit	0.030000
care	am	trecut	0.030000
care	anul	trecut	0.727273
care	apare	alături	0.250000
care	apare	în	0.200000
care	ar	fi	0.326861
care	ar	putea	0.294498
care	ar	trebui	0.181230
care	ar	urma	0.067961
care	ar	avea	0.022654
care	ar	face	0.019417
care	ar	permite	0.012945
care	ar	vrea	0.009709
care	arată	că	0.342857
care	arată	cum	0.114286
care	are	nevoie	0.131579
care	are	loc	0.111842
care	are	un	0.111842
care	are	o	0.072368
care	are	de	0.072368
care	are	în	0.052632
care	are	ca	0.052632
care	are	și	0.026316
care	are	doi	0.019737
care	are	două	0.019737
care	atunci	când	0.714286
care	au	fost	0.179286
care	au	avut	0.036554
care	au	nevoie	0.029591
care	au	ajuns	0.024369
care	au	făcut	0.022628
care	au	participat	0.020888
care	au	dus	0.019147
care	au	intrat	0.017406
care	au	primit	0.014795
care	au	venit	0.013925
care	au	trecut	0.013925
care	au	rămas	0.013055
care	au	plecat	0.010444
care	au	loc	0.010444
care	au	încercat	0.009574
care	au	un	0.009574
care	au	votat	0.009574
care	au	stat	0.008703
care	au	fugit	0.008703
care	au	mai	0.008703
care	au	suferit	0.008703
care	au	luptat	0.008703
care	au	o	0.007833
care	au	pus	0.007833
care	au	adus	0.006963
care	au	dorit	0.006963
care	au	apărut	0.006963
care	au	murit	0.006963
care	au	luat	0.006963
care	au	ales	0.006092
care	avea	o	0.119048
care	avea	să	0.119048
care	avea	nevoie	0.095238
care	avea	ca	0.071429
care	aveau	să	0.166667
care	aveau	nevoie	0.166667
care	avem	nevoie	0.375000
care	cea	mai	0.750000
care	cei	doi	0.333333
care	cel	mai	0.777778
care	cer	să	0.428571
care	chiar	și	0.187500
care	chiar	dacă	0.187500
care	conduc	la	0.400000
care	conducea	un	0.538462
care	consideră	că	0.692308
care	continuă	să	0.909091
care	copiii	vor	0.428571
care	cred	că	0.400000
care	crede	că	0.428571
care	crezi	că	1.000000
care	cu	un	0.136364
care	cu	o	0.136364
care	cu	toții	0.136364
care	cu	siguranță	0.136364
care	curtea	de	1.000000
care	călătoresc	în	0.375000
care	dacă	nu	0.428571
care	de	la	0.106667
care	de	fapt	0.093333
care	de	altfel	0.093333
care	de	a	0.066667
care	de	atunci	0.053333
care	de	ani	0.053333
care	deja	au	0.250000
care	din	păcate	0.333333
care	doresc	să	0.883333
care	doreşte	să	0.750000
care	doriți	să	1.000000
care	duc	la	0.538462
care	duce	la	0.466667
care	duce	spre	0.266667
care	după	ce	0.285714
care	e	nevoie	0.066667
care	e	mai	0.066667
care	ea	a	0.300000
care	el	a	0.214286
care	era	la	0.063830
care	era	deja	0.063830
care	era	în	0.063830
care	erau	deja	0.343750
care	erau	foarte	0.125000
care	erau	în	0.093750
care	este	în	0.064516
care	este	de	0.041935
care	este	cel	0.029032
care	este	cea	0.029032
care	este	mai	0.025806
care	este	motivul	0.025806
care	este	și	0.025806
care	este	foarte	0.022581
care	este	un	0.022581
care	este	secretul	0.019355
care	este	acuzat	0.016129
care	este	la	0.016129
care	este	implicat	0.012903
care	este	şi	0.012903
care	este	adevărul	0.012903
care	este	implicată	0.012903
care	este	cercetat	0.012903
care	este	unul	0.009677
care	este	nevoie	0.009677
care	este	din	0.009677
care	este	povestea	0.009677
care	este	scopul	0.009677
care	este	nivelul	0.009677
care	este	parte	0.009677
care	este	acum	0.009677
care	este	o	0.009677
care	există	în	0.230769
care	fac	parte	0.415094
care	fac	asta	0.075472
care	fac	obiectul	0.056604
care	fac	o	0.056604
care	fac	dovada	0.056604
care	face	parte	0.333333
care	face	legătura	0.205128
care	face	ca	0.102564
care	face	obiectul	0.076923
care	fiecare	dintre	0.333333
care	fug	din	0.500000
care	fug	de	0.450000
care	funcționează	cu	0.230769
care	făcea	parte	0.800000
care	făceau	parte	0.769231
care	i	a	0.515873
care	i	au	0.182540
care	i	ar	0.079365
care	i	am	0.039683
care	i	s	0.039683
care	i	le	0.027778
care	i	se	0.027778
care	iau	decizii	0.250000
care	ies	din	0.571429
care	in	mod	0.150000
care	include	și	0.375000
care	intră	în	0.904762
care	l	a	0.451613
care	l	au	0.218638
care	l	am	0.100358
care	l	ar	0.028674
care	l	conduce	0.021505
care	l	ai	0.021505
care	l	are	0.017921
care	l	poate	0.010753
care	la	rândul	0.222222
care	la	fel	0.074074
care	la	începutul	0.074074
care	la	momentul	0.055556
care	le	a	0.171674
care	le	au	0.124464
care	le	am	0.092275
care	le	are	0.060086
care	le	avem	0.034335
care	le	ar	0.027897
care	le	ai	0.023605
care	le	fac	0.023605
care	le	va	0.021459
care	le	pot	0.019313
care	le	poți	0.019313
care	le	face	0.017167
care	le	vor	0.017167
care	le	vom	0.015021
care	le	putem	0.012876
care	le	facem	0.012876
care	le	oferă	0.010730
care	le	este	0.010730
care	le	folosim	0.008584
care	le	aveau	0.008584
care	le	poartă	0.008584
care	le	folosesc	0.008584
care	le	numim	0.006438
care	le	primesc	0.006438
care	le	vedem	0.006438
care	le	ati	0.006438
care	le	faci	0.006438
care	li	se	0.555556
care	li	s	0.333333
care	locuia	în	0.500000
care	locuiesc	în	0.464286
care	locuiesc	pe	0.178571
care	lucreaza	pentru	0.500000
care	lucrează	în	0.357143
care	lucrează	la	0.160714
care	lucrează	pentru	0.089286
care	lucrează	cu	0.089286
care	lucrează	aici	0.053571
care	luptă	pentru	0.235294
care	luptă	împotriva	0.176471
care	m	a	0.434783
care	m	am	0.347826
care	m	au	0.173913
care	mai	de	0.140000
care	mai	au	0.080000
care	mai	târziu	0.060000
care	mai	devreme	0.060000
care	mai	fac	0.060000
care	merg	la	0.555556
care	merg	pe	0.333333
care	merge	spre	0.500000
care	merită	să	0.555556
care	mi	a	0.351351
care	mi	au	0.135135
care	mi	l	0.108108
care	mi	am	0.081081
care	mi	se	0.081081
care	milioane	de	0.833333
care	mor	în	0.600000
care	moscova	le	0.363636
care	mulți	dintre	0.454545
care	n	au	0.428571
care	n	a	0.250000
care	ne	a	0.130137
care	ne	au	0.109589
care	ne	am	0.082192
care	ne	conduc	0.054795
care	ne	pot	0.041096
care	ne	aflăm	0.034247
care	ne	ajută	0.034247
care	ne	aflam	0.027397
care	ne	putem	0.027397
care	ne	fac	0.027397
care	ne	o	0.020548
care	ne	dă	0.020548
care	ne	spun	0.020548
care	ne	vor	0.020548
care	ne	este	0.020548
care	ni	se	0.300000
care	ni	le	0.300000
care	nici	nu	0.625000
care	nimeni	nu	0.833333
care	noi	nu	0.150000
care	noi	am	0.150000
care	nu	au	0.137470
care	nu	a	0.092457
care	nu	se	0.076642
care	nu	sunt	0.051095
care	nu	le	0.049878
care	nu	s	0.047445
care	nu	mai	0.045012
care	nu	este	0.031630
care	nu	vor	0.023114
care	nu	are	0.019465
care	nu	i	0.015815
care	nu	ar	0.014599
care	nu	trebuie	0.013382
care	nu	e	0.013382
care	nu	ne	0.013382
care	nu	am	0.012165
care	nu	pot	0.012165
care	nu	va	0.012165
care	nu	aveau	0.010949
care	nu	l	0.010949
care	nu	există	0.010949
care	nu	îl	0.008516
care	nu	și	0.008516
care	nu	fac	0.008516
care	nu	avem	0.007299
care	nu	respectă	0.007299
care	nu	erau	0.007299
care	nu	avea	0.007299
care	nu	prea	0.006083
care	nu	ai	0.006083
care	o	are	0.063291
care	o	conduce	0.054852
care	o	vor	0.033755
care	o	fac	0.033755
care	o	va	0.033755
care	o	au	0.025316
care	o	am	0.025316
care	o	avea	0.025316
care	o	ai	0.021097
care	o	conducea	0.021097
care	o	ajută	0.016878
care	o	poți	0.016878
care	o	parte	0.016878
care	o	avem	0.016878
care	o	sa	0.016878
care	o	faci	0.012658
care	o	poate	0.012658
care	o	vei	0.012658
care	o	fi	0.012658
care	o	să	0.012658
care	o	reprezintă	0.012658
care	o	cunosc	0.012658
care	o	putem	0.012658
care	o	pot	0.012658
care	o	consideră	0.012658
care	o	folosesc	0.012658
care	oamenii	sunt	0.161290
care	oamenii	o	0.129032
care	oamenii	au	0.096774
care	oamenii	se	0.096774
care	oferă	o	0.166667
care	oferă	servicii	0.166667
care	par	să	0.625000
care	pare	că	0.333333
care	pare	să	0.250000
care	persoane	cu	1.000000
care	pleacă	din	0.333333
care	poartă	numele	0.300000
care	poate	fi	0.395604
care	poate	să	0.065934
care	poate	reduce	0.032967
care	poate	ajunge	0.032967
care	poate	face	0.032967
care	pot	fi	0.434426
care	pot	să	0.057377
care	pot	avea	0.049180
care	pot	face	0.040984
care	pot	duce	0.032787
care	pot	apărea	0.032787
care	pot	ajunge	0.032787
care	pot	afecta	0.024590
care	pot	pune	0.024590
care	poți	să	0.307692
care	poți	face	0.230769
care	printre	altele	0.800000
care	probabil	va	0.333333
care	provin	din	0.750000
care	provine	din	1.000000
care	pune	în	0.300000
care	putea	fi	0.600000
care	putem	să	0.307692
care	puteți	alege	0.600000
care	putin	l	0.333333
care	până	acum	0.428571
care	până	la	0.214286
care	până	în	0.214286
care	părea	să	1.000000
care	refuză	să	0.600000
care	reprezintă	o	0.200000
care	reprezintă	un	0.200000
care	reuşeşte	să	0.600000
care	rusia	a	0.289474
care	rusia	le	0.131579
care	rusia	o	0.078947
care	rusia	îl	0.078947
care	rămân	în	0.375000
care	s	a	0.568710
care	s	au	0.353066
care	s	ar	0.061311
care	s	o	0.006342
care	sa	le	0.142857
care	sa	ne	0.119048
care	sa	te	0.095238
care	sa	se	0.071429
care	sa	i	0.071429
care	sa	fie	0.071429
care	se	află	0.131498
care	se	va	0.096330
care	se	afla	0.059633
care	se	vor	0.044343
care	se	ocupă	0.042813
care	se	pot	0.033639
care	se	poate	0.032110
care	se	fac	0.022936
care	se	spune	0.018349
care	se	referă	0.015291
care	se	face	0.013761
care	se	întinde	0.012232
care	se	îndreaptă	0.010703
care	se	crede	0.010703
care	se	apropie	0.009174
care	se	bazează	0.009174
care	se	bucură	0.009174
care	se	joacă	0.009174
care	se	întâmplă	0.007645
care	se	pare	0.007645
care	se	bat	0.007645
care	se	vede	0.007645
care	se	simt	0.007645
care	se	mai	0.007645
care	se	uită	0.007645
care	se	luptă	0.006116
care	se	vorbește	0.006116
care	se	pregătesc	0.006116
care	se	putea	0.006116
care	se	ocupa	0.006116
care	si	au	0.473684
care	si	a	0.210526
care	sosesc	în	0.666667
care	spun	că	0.545455
care	spune	că	0.555556
care	spuneau	că	0.750000
care	statul	le	0.375000
care	stau	în	0.266667
care	stau	la	0.266667
care	stau	pe	0.200000
care	stă	la	0.428571
care	suferă	de	0.656250
care	sunt	în	0.099415
care	sunt	cele	0.064327
care	sunt	de	0.046784
care	sunt	la	0.040936
care	sunt	foarte	0.035088
care	sunt	mai	0.029240
care	sunt	copii	0.029240
care	sunt	simptomele	0.023392
care	sunt	acestea	0.017544
care	sunt	zonele	0.017544
care	sunt	o	0.017544
care	sunt	in	0.017544
care	sunt	folosite	0.017544
care	să	le	0.087671
care	să	nu	0.068493
care	să	fie	0.063014
care	să	se	0.060274
care	să	te	0.057534
care	să	i	0.046575
care	să	poată	0.041096
care	să	îi	0.030137
care	să	aibă	0.030137
care	să	o	0.027397
care	să	ne	0.024658
care	să	facă	0.024658
care	să	l	0.021918
care	să	pună	0.019178
care	să	asigure	0.019178
care	să	aducă	0.016438
care	să	îți	0.016438
care	să	răspundă	0.013699
care	să	mă	0.010959
care	să	meargă	0.010959
care	să	acopere	0.010959
care	să	ajute	0.010959
care	să	lucreze	0.010959
care	să	îl	0.010959
care	să	ducă	0.010959
care	să	își	0.008219
care	să	ofere	0.008219
care	să	lupte	0.008219
care	să	lege	0.008219
care	să	mai	0.008219
care	te	va	0.096386
care	te	poți	0.084337
care	te	ajută	0.060241
care	te	vor	0.060241
care	te	ai	0.048193
care	te	a	0.048193
care	te	fac	0.036145
care	te	poate	0.036145
care	te	face	0.036145
care	te	ar	0.036145
care	te	referi	0.036145
care	timp	de	1.000000
care	tocmai	se	0.200000
care	tocmai	a	0.200000
care	traiesc	in	0.500000
care	trebuia	să	0.727273
care	trebuiau	să	0.875000
care	trebuie	să	0.777778
care	trebuie	sa	0.060606
care	trec	pe	0.333333
care	trec	prin	0.333333
care	trece	prin	0.357143
care	trei	sunt	0.428571
care	trăiesc	în	0.454545
care	trăiesc	pe	0.136364
care	umbla	cu	1.000000
care	un	bărbat	0.166667
care	un	candidat	0.083333
care	unul	dintre	0.300000
care	urma	să	1.000000
care	urmeaza	sa	0.600000
care	urmează	să	0.666667
care	urmează	a	0.133333
care	v	ați	0.333333
care	v	a	0.333333
care	va	fi	0.308594
care	va	avea	0.160156
care	va	putea	0.031250
care	va	începe	0.027344
care	va	trebui	0.023438
care	va	asigura	0.015625
care	va	veni	0.015625
care	va	deveni	0.015625
care	va	aduce	0.015625
care	va	rămâne	0.011719
care	va	permite	0.011719
care	va	primi	0.011719
care	va	juca	0.011719
care	va	oferi	0.011719
care	venea	din	0.666667
care	vi	le	0.428571
care	vin	din	0.180000
care	vin	în	0.140000
care	vin	la	0.140000
care	vin	cu	0.100000
care	vin	de	0.060000
care	vin	să	0.060000
care	vine	din	0.161290
care	vine	cu	0.129032
care	vine	și	0.096774
care	voiau	să	1.000000
care	vor	fi	0.266667
care	vor	să	0.227451
care	vor	avea	0.050980
care	vor	veni	0.039216
care	vor	face	0.023529
care	vor	trebui	0.019608
care	vor	sa	0.019608
care	vor	ajunge	0.015686
care	vor	rămâne	0.015686
care	vor	duce	0.011765
care	vor	mai	0.011765
care	vor	participa	0.011765
care	vor	putea	0.011765
care	vor	intra	0.011765
care	vor	primi	0.011765
care	vor	dori	0.011765
care	vorbea	despre	0.375000
care	vrea	să	0.700000
care	vrea	sa	0.133333
care	vreau	să	1.000000
care	vrei	să	0.923077
care	vrem	să	0.800000
care	îi	are	0.055046
care	îi	este	0.045872
care	îi	poartă	0.036697
care	îi	sunt	0.036697
care	îi	va	0.036697
care	îi	vor	0.027523
care	îi	pune	0.027523
care	îi	avem	0.027523
care	îi	reprezintă	0.027523
care	îi	vom	0.027523
care	îi	fac	0.027523
care	îl	are	0.088889
care	îl	poți	0.044444
care	îl	conducea	0.044444
care	îl	avem	0.044444
care	îl	vom	0.037037
care	îl	avea	0.037037
care	îl	va	0.029630
care	îl	putem	0.029630
care	îl	consideră	0.029630
care	îl	au	0.022222
care	îl	facem	0.022222
care	îl	puteți	0.022222
care	împreună	cu	0.833333
care	în	prezent	0.063492
care	în	mod	0.055556
care	în	timpul	0.039683
care	în	perioada	0.031746
care	în	ultimele	0.031746
care	în	urma	0.031746
care	în	ultima	0.023810
care	în	urmă	0.023810
care	în	ultimii	0.023810
care	în	ciuda	0.023810
care	în	timp	0.023810
care	în	a	0.023810
care	înainte	de	1.000000
care	încearcă	să	1.000000
care	începe	pe	0.266667
care	încă	nu	0.269231
care	încă	mai	0.153846
care	încă	se	0.115385
care	însă	nu	0.571429
care	între	timp	1.000000
care	își	doresc	0.166667
care	își	pot	0.066667
care	își	fac	0.050000
care	îți	arată	0.103448
care	îți	vor	0.103448
care	şi	a	0.416667
care	şi	au	0.250000
care	şi	le	0.066667
care	ţin	de	1.000000
care	și	a	0.445860
care	și	au	0.248408
care	și	l	0.038217
care	și	o	0.038217
care	și	le	0.031847
care	și	un	0.019108
care	știe	să	1.000000
care	ține	de	0.666667
carnea	de	porc	0.400000
carol	al	ii	1.000000
cartier	în	care	1.000000
case	au	fost	1.000000
casei	de	asigurări	0.333333
cazul	a	fost	0.333333
cazul	a	ajuns	0.142857
cazul	celor	care	0.333333
cazul	celor	de	0.250000
cazul	de	față	0.421053
cazul	de	fata	0.210526
cazul	in	care	0.833333
cazul	unui	atac	0.225806
cazul	unui	accident	0.096774
cazul	unui	război	0.096774
cazul	unui	conflict	0.096774
cazul	în	care	0.963964
cazurile	noi	din	0.500000
centrala	de	la	0.714286
centrala	nucleară	de	0.705882
cer	guvernului	să	1.000000
cer	scuze	dacă	0.500000
cercetări	pentru	a	0.800000
cercetări	s	a	1.000000
cercetări	sub	aspectul	1.000000
cercetări	în	vederea	0.642857
cercetările	arată	că	1.000000
cercetările	au	fost	0.428571
cercetările	continuă	în	0.416667
cercetările	continuă	pentru	0.416667
cercetările	pentru	a	0.714286
cercetările	sub	aspectul	1.000000
cererea	de	plată	0.187500
cerut	din	nou	1.000000
cerut	să	fie	0.187500
cerut	să	se	0.187500
cerut	să	plece	0.093750
cheia	pentru	a	0.750000
chestiune	de	securitate	0.363636
cinci	ani	de	0.208333
cinci	ani	și	0.083333
cinci	ani	la	0.083333
cinci	ani	mai	0.062500
cinci	ani	şi	0.062500
cinci	au	fost	0.857143
cinci	luni	ale	0.416667
cinci	milioane	de	0.833333
cinci	minute	de	0.250000
cinci	ori	mai	0.400000
cinci	persoane	au	0.600000
cinci	zile	de	0.210526
cinci	zile	după	0.157895
cinci	zile	înainte	0.157895
cine	a	fost	0.172414
cine	a	făcut	0.103448
cine	a	dat	0.086207
cine	ar	fi	0.500000
cine	ar	putea	0.250000
cine	crede	ca	0.500000
cine	este	cel	0.151515
cine	este	și	0.121212
cine	este	de	0.090909
cine	i	a	0.555556
cine	intră	în	1.000000
cine	l	a	0.875000
cine	mai	are	0.333333
cine	nu	le	0.142857
cine	stie	ce	0.428571
cine	sunt	cei	0.368421
cine	să	se	0.230769
cine	trebuie	să	0.500000
cine	va	fi	0.235294
cine	știe	poate	0.272727
club	de	noapte	0.500000
coasta	de	vest	0.428571
cod	galben	de	0.872727
colegii	de	la	0.625000
colegii	lor	de	0.333333
colegii	lui	au	0.500000
colegii	noștri	au	0.375000
colegii	săi	de	0.333333
colegii	săi	din	0.166667
colegii	săi	o	0.166667
comisia	de	la	0.333333
companii	au	fost	0.375000
companii	care	au	0.500000
companii	de	stat	0.307692
companii	din	domeniul	0.230769
completă	a	acestui	0.500000
comun	acord	cu	0.400000
condiţiile	pe	care	1.000000
condiţiile	în	care	1.000000
conflict	au	intrat	0.750000
conflict	deschis	cu	0.750000
consider	că	este	0.187500
considerat	a	fi	1.000000
considerat	unul	dintre	1.000000
continua	pe	toată	0.500000
continua	să	se	0.147059
continua	să	crească	0.147059
continua	să	ofere	0.044118
continua	să	ne	0.044118
continua	să	fie	0.044118
continua	și	în	0.428571
contract	cu	o	0.400000
contract	de	de	0.272727
contract	de	muncă	0.272727
contract	până	în	0.750000
contract	semnat	de	0.750000
contract	valabil	pe	0.600000
contract	în	valoare	0.800000
convins	ca	si	0.333333
convins	că	rusia	0.075000
convins	că	o	0.075000
convins	că	vom	0.075000
copac	de	pe	1.000000
copii	a	fost	0.461538
copii	ai	săi	0.538462
copii	au	fost	0.574468
copii	au	murit	0.063830
copii	care	au	0.250000
copii	care	nu	0.200000
copii	cu	vârsta	0.214286
copii	de	la	0.200000
copii	la	de	0.375000
copii	nu	au	0.400000
copii	pe	care	0.571429
copii	sfânta	maria	1.000000
copii	și	a	0.111111
copii	și	de	0.083333
copiii	au	fost	0.304348
copiii	au	nevoie	0.173913
copiii	au	avut	0.130435
copiii	care	au	0.333333
copiii	cu	vârsta	0.555556
copiii	de	la	0.285714
copiii	de	pe	0.214286
copiii	la	școală	0.538462
copiii	pe	care	0.800000
copiii	s	au	1.000000
copiii	trebuie	să	1.000000
copilul	a	fost	0.562500
copilul	a	ajuns	0.250000
copilul	de	ani	0.375000
corp	la	corp	1.000000
corpul	de	control	0.800000
costum	de	baie	0.913043
costume	de	baie	1.000000
costă	mai	mult	0.750000
costă	să	te	0.600000
costă	între	și	0.750000
credem	că	există	0.085714
crescut	cu	în	0.181818
crescut	cu	peste	0.102273
crescut	cu	la	0.090909
crescut	cu	până	0.079545
crescut	cu	aproximativ	0.068182
crescut	cu	dolari	0.056818
crescut	cu	faţă	0.056818
crescut	cu	iar	0.034091
crescut	cu	de	0.034091
crescut	de	la	0.483871
crescut	foarte	mult	1.000000
crescut	la	de	0.315789
crescut	numărul	de	0.750000
crescut	în	luna	0.142857
crezi	că	nu	0.136364
crezut	că	este	0.190476
crezut	că	nu	0.166667
crezut	că	e	0.095238
crezut	că	a	0.071429
crezut	că	în	0.071429
crezut	niciodată	că	1.000000
crima	a	fost	0.800000
critic	de	de	0.625000
cumpărat	de	la	0.375000
cunoască	mai	bine	1.000000
cunoscute	sub	numele	1.000000
curajul	de	a	0.800000
curs	de	cercetare	0.250000
cât	a	fost	0.384615
cât	a	costat	0.115385
cât	a	putut	0.115385
cât	ar	fi	0.333333
cât	ar	putea	0.333333
cât	au	fost	0.375000
cât	costă	o	0.214286
cât	costă	să	0.214286
cât	de	mult	0.233333
cât	de	repede	0.077778
cât	de	bine	0.072222
cât	de	cât	0.061111
cât	de	importantă	0.050000
cât	de	multe	0.033333
cât	de	curând	0.033333
cât	de	greu	0.027778
cât	de	important	0.027778
cât	de	multă	0.022222
cât	de	departe	0.022222
cât	de	periculoasă	0.016667
cât	de	ușor	0.016667
cât	de	mare	0.016667
cât	e	de	0.375000
cât	este	mai	0.272727
cât	este	în	0.272727
cât	mai	multe	0.168033
cât	mai	repede	0.122951
cât	mai	mult	0.110656
cât	mai	bine	0.069672
cât	mai	curând	0.065574
cât	mai	mulți	0.040984
cât	mai	mare	0.040984
cât	mai	rapid	0.024590
cât	mai	aproape	0.020492
cât	mai	departe	0.016393
cât	mai	multor	0.016393
cât	mai	rapidă	0.012295
cât	mai	mulţi	0.012295
cât	mai	des	0.012295
cât	mai	puțin	0.012295
cât	mai	multă	0.012295
cât	mai	bun	0.012295
cât	pot	de	0.750000
cât	putem	de	0.500000
cât	s	a	0.777778
cât	se	poate	0.771429
cât	sunt	mai	0.500000
cât	te	costă	0.800000
cât	timp	se	0.208333
cât	va	fi	0.444444
cât	va	dura	0.166667
cât	şi	în	0.164706
cât	şi	pentru	0.117647
cât	şi	de	0.117647
cât	şi	la	0.094118
cât	şi	pe	0.082353
cât	şi	din	0.035294
cât	şi	a	0.035294
cât	și	în	0.140794
cât	și	pentru	0.133574
cât	și	pe	0.093863
cât	și	la	0.075812
cât	și	de	0.064982
cât	și	a	0.054152
cât	și	din	0.043321
cât	și	cele	0.028881
cât	și	cu	0.025271
cât	și	prin	0.018051
cât	și	cei	0.018051
cât	și	după	0.010830
cât	și	cea	0.010830
cât	și	ale	0.010830
câţiva	ani	de	0.266667
călcat	în	picioare	0.800000
căreia	i	a	0.444444
căreia	s	a	0.600000
căruia	i	se	0.461538
căruia	i	a	0.384615
căruia	s	a	1.000000
căruia	se	afla	0.375000
căzut	de	pe	0.346154
căzut	de	la	0.346154
căzut	de	acord	0.269231
căzut	la	pământ	0.500000
căzut	pe	jos	0.300000
d	a	fost	0.428571
d	i	i	0.800000
da	drumul	la	0.750000
da	i	si	0.750000
da	mai	mult	0.300000
da	sau	nu	1.000000
da	vina	pe	1.000000
da	în	judecată	0.307692
dai	seama	că	0.350000
dai	seama	de	0.200000
darul	de	a	1.000000
data	aceasta	în	0.133333
data	aceasta	la	0.100000
data	asta	nu	0.176471
data	de	octombrie	0.098925
data	de	iunie	0.094624
data	de	ianuarie	0.088172
data	de	decembrie	0.083871
data	de	aprilie	0.075269
data	de	noiembrie	0.073118
data	de	februarie	0.073118
data	de	mai	0.073118
data	de	iulie	0.066667
data	de	septembrie	0.058065
data	de	martie	0.053763
data	de	august	0.038710
data	de	ora	0.017204
data	de	în	0.015054
data	de	la	0.008602
data	de	ca	0.006452
data	de	au	0.006452
data	de	a	0.006452
data	limită	până	0.333333
datele	de	la	0.411765
datele	pe	care	0.818182
datorează	faptului	că	1.000000
datorită	faptului	că	1.000000
dau	cu	părerea	0.800000
dau	doi	bani	1.000000
dau	seama	că	0.368421
dau	seama	cât	0.157895
dau	un	exemplu	0.333333
dau	vina	pe	0.888889
dea	de	euro	0.333333
dea	demisia	de	0.500000
dea	dovadă	de	0.666667
dea	vina	pe	1.000000
dea	în	judecată	0.800000
decizia	a	fost	0.962963
decizia	de	a	0.812500
decizia	luată	de	0.555556
decizia	nu	este	0.714286
decizia	pe	care	1.000000
deja	a	fost	0.176471
deja	au	fost	0.176471
deja	au	început	0.176471
deja	că	nu	0.307692
deja	de	ani	0.176471
deja	de	milioane	0.088235
deja	de	un	0.088235
deja	peste	de	0.500000
deja	se	simte	0.375000
demisia	de	la	0.857143
deoarece	a	fost	0.428571
deoarece	acestea	nu	0.375000
deoarece	nu	a	0.136364
deoarece	în	cazul	0.333333
depună	o	cerere	1.000000
deschidere	va	avea	0.750000
deschis	focul	asupra	0.500000
deschis	o	anchetă	0.681818
deschis	un	dosar	0.868421
determinat	o	să	0.833333
devine	din	ce	1.000000
devine	tot	mai	1.000000
devine	și	mai	1.000000
diferit	față	de	1.000000
dimineață	după	ce	0.600000
dimineață	la	ora	0.411765
dimineață	la	un	0.176471
dimineață	până	seara	0.750000
din	a	fost	0.240000
din	a	a	0.160000
din	a	doua	0.060000
din	acea	perioadă	0.461538
din	acea	zonă	0.307692
din	aceasta	cauza	0.307692
din	această	săptămână	0.122807
din	această	cauză	0.096491
din	această	vară	0.070175
din	această	ţară	0.061404
din	această	lună	0.061404
din	această	perioadă	0.061404
din	această	sumă	0.061404
din	această	seară	0.043860
din	această	zonă	0.035088
din	această	iarnă	0.035088
din	această	lume	0.026316
din	această	familie	0.026316
din	această	zi	0.026316
din	această	serie	0.026316
din	acel	moment	0.600000
din	acest	an	0.414414
din	acest	motiv	0.243243
din	acest	punct	0.072072
din	acest	sezon	0.063063
din	acest	moment	0.045045
din	acest	weekend	0.022523
din	acest	domeniu	0.013514
din	acest	proiect	0.013514
din	africa	de	0.357143
din	africa	și	0.214286
din	al	doilea	0.800000
din	alba	a	0.150000
din	alba	la	0.100000
din	alba	pe	0.100000
din	alba	care	0.100000
din	alte	state	0.227273
din	alte	zone	0.181818
din	alte	ţări	0.136364
din	alte	tari	0.136364
din	america	de	0.333333
din	anii	și	0.241379
din	anii	de	0.103448
din	anul	și	0.119048
din	anul	când	0.119048
din	anul	cu	0.071429
din	anul	a	0.071429
din	anumite	zone	0.750000
din	apropiere	de	0.347826
din	aproximativ	de	1.000000
din	apă	și	0.500000
din	ar	urma	1.000000
din	asia	de	0.352941
din	asia	centrală	0.235294
din	asia	africa	0.176471
din	atmosfera	soarelui	1.000000
din	au	fost	0.461538
din	aur	și	0.214286
din	autostrada	a	1.000000
din	baia	de	0.500000
din	baia	mare	0.400000
din	banii	pe	0.285714
din	banii	de	0.214286
din	buzunarul	propriu	0.750000
din	cadrul	spitalului	0.166667
din	cadrul	biroului	0.166667
din	cadrul	poliţiei	0.136364
din	cadrul	i	0.060606
din	calea	războiului	0.947368
din	cand	in	1.000000
din	care	fac	0.069652
din	care	au	0.064677
din	care	a	0.064677
din	care	sunt	0.049751
din	care	s	0.039801
din	care	se	0.039801
din	care	să	0.034826
din	care	este	0.029851
din	care	pentru	0.024876
din	care	copii	0.024876
din	care	persoane	0.019900
din	care	de	0.019900
din	care	făceau	0.019900
din	care	nu	0.019900
din	care	mai	0.019900
din	care	km	0.014925
din	care	făcea	0.014925
din	care	provin	0.014925
din	care	ar	0.014925
din	care	face	0.014925
din	care	în	0.014925
din	care	la	0.014925
din	cariera	sa	0.461538
din	casa	mireasa	0.500000
din	casă	în	0.222222
din	casă	și	0.166667
din	cauza	unei	0.169014
din	cauza	unor	0.159624
din	cauza	unui	0.103286
din	cauza	războiului	0.098592
din	cauza	faptului	0.065728
din	cauza	cărora	0.051643
din	cauza	ca	0.051643
din	cauza	asta	0.051643
din	cauza	acestor	0.032864
din	cauza	lor	0.018779
din	cauza	acestui	0.018779
din	cauza	acestei	0.014085
din	cauza	că	0.014085
din	cauza	a	0.014085
din	cauză	că	1.000000
din	cazurile	de	0.750000
din	ce	în	0.751220
din	ce	in	0.053659
din	ce	am	0.019512
din	ce	face	0.019512
din	cea	mai	0.666667
din	ceea	ce	1.000000
din	cei	de	0.346154
din	cei	care	0.153846
din	cei	mai	0.115385
din	cei	patru	0.057692
din	cel	de	0.235294
din	cel	mai	0.176471
din	cel	putin	0.176471
din	cele	mai	0.274510
din	cele	de	0.196078
din	cele	două	0.127451
din	cele	care	0.039216
din	cele	cinci	0.039216
din	cele	peste	0.029412
din	cele	patru	0.029412
din	cele	opt	0.029412
din	centrul	și	0.272727
din	cercetări	a	0.545455
din	cercetări	s	0.363636
din	china	a	0.166667
din	china	și	0.125000
din	clasa	a	0.538462
din	consiliul	de	0.571429
din	consiliul	local	0.428571
din	copilărie	și	0.272727
din	coreea	de	1.000000
din	curtea	unei	0.333333
din	când	în	0.606061
din	când	s	0.090909
din	câte	se	0.470588
din	câte	am	0.176471
din	câte	ştiu	0.176471
din	dar	și	0.428571
din	data	de	0.970588
din	de	la	0.205882
din	de	ore	0.088235
din	decembrie	a	0.107143
din	dimineața	zilei	1.000000
din	diverse	motive	0.555556
din	domeniul	apărării	0.461538
din	domeniul	it	0.307692
din	dorinţa	de	1.000000
din	două	piese	0.333333
din	după	ce	1.000000
din	echipa	lui	0.363636
din	energia	electrică	0.600000
din	europa	de	0.160377
din	europa	și	0.103774
din	europa	au	0.047170
din	europa	care	0.047170
din	europa	în	0.047170
din	europa	centrală	0.047170
din	europa	şi	0.037736
din	europa	pe	0.028302
din	europa	ar	0.028302
din	europa	este	0.028302
din	europa	a	0.028302
din	europa	după	0.028302
din	fața	casei	0.285714
din	față	a	0.300000
din	februarie	până	0.103448
din	fericire	nu	0.142857
din	fericire	avem	0.061224
din	fericire	în	0.061224
din	fonduri	de	0.428571
din	fonduri	publice	0.428571
din	germania	a	0.122807
din	germania	și	0.105263
din	germania	în	0.105263
din	germania	din	0.087719
din	germania	şi	0.052632
din	greu	pentru	0.615385
din	grupul	de	0.500000
din	hong	kong	1.000000
din	ianuarie	a	0.193548
din	iar	din	0.300000
din	industria	de	0.428571
din	istoria	noastră	0.187500
din	istorie	care	0.227273
din	italia	iar	0.107143
din	italia	a	0.107143
din	italia	și	0.107143
din	jur	și	0.125000
din	jur	care	0.093750
din	jurul	lor	0.166667
din	jurul	tău	0.133333
din	jurul	lui	0.100000
din	jurul	dumneavoastră	0.100000
din	jurul	nostru	0.100000
din	las	vegas	1.000000
din	legea	nr	0.600000
din	lemn	de	0.166667
din	lemn	din	0.166667
din	liga	a	0.416667
din	liga	la	0.166667
din	liga	naţională	0.125000
din	lipsă	de	1.000000
din	los	angeles	1.000000
din	lovitură	liberă	0.750000
din	lume	a	0.112150
din	lume	cu	0.084112
din	lume	în	0.056075
din	lume	şi	0.056075
din	lume	care	0.046729
din	lume	nu	0.037383
din	lume	după	0.037383
din	lume	și	0.037383
din	lume	dacă	0.028037
din	lume	pentru	0.028037
din	lume	este	0.028037
din	lumea	întreagă	0.250000
din	luna	mai	0.158730
din	luna	martie	0.142857
din	luna	aprilie	0.126984
din	luna	februarie	0.095238
din	luna	octombrie	0.079365
din	luna	decembrie	0.079365
din	luna	ianuarie	0.079365
din	luna	august	0.079365
din	luna	septembrie	0.047619
din	luna	iunie	0.047619
din	luna	noiembrie	0.047619
din	mai	multe	0.709091
din	mai	până	0.054545
din	marea	neagră	0.775000
din	marea	neagra	0.125000
din	mașină	și	0.444444
din	meciul	cu	1.000000
din	mediul	online	0.607143
din	mediul	privat	0.142857
din	moment	ce	1.000000
din	momentul	în	0.846154
din	moscova	a	0.222222
din	motive	de	0.457143
din	motive	politice	0.085714
din	nefericire	în	0.187500
din	nefericire	pentru	0.093750
din	new	york	0.870968
din	noaptea	de	1.000000
din	noiembrie	până	0.166667
din	nou	în	0.122530
din	nou	la	0.114625
din	nou	pe	0.059289
din	nou	cu	0.047431
din	nou	de	0.043478
din	nou	și	0.027668
din	nou	să	0.023715
din	nou	un	0.019763
din	nou	o	0.019763
din	nou	pentru	0.019763
din	nou	a	0.019763
din	nou	împreună	0.015810
din	nou	in	0.015810
din	nou	ca	0.011858
din	nou	până	0.011858
din	nou	atenţia	0.011858
din	nou	din	0.011858
din	nou	şi	0.011858
din	numărul	total	0.769231
din	octombrie	a	0.250000
din	oraș	și	0.232558
din	oraș	a	0.093023
din	oraș	dar	0.069767
din	oraș	cu	0.069767
din	pana	in	1.000000
din	partea	lui	0.098485
din	partea	unui	0.075758
din	partea	de	0.045455
din	partea	celor	0.045455
din	partea	mea	0.037879
din	partea	oamenilor	0.037879
din	partea	statelor	0.037879
din	partea	unor	0.030303
din	partea	guvernului	0.030303
din	partea	statului	0.030303
din	partea	consiliului	0.030303
din	partea	armatei	0.022727
din	partea	casei	0.022727
din	partea	lor	0.022727
din	partea	noastră	0.022727
din	partea	altor	0.022727
din	partea	mai	0.022727
din	partea	ei	0.022727
din	partea	sua	0.022727
din	partea	prietenilor	0.022727
din	pedeapsa	de	1.000000
din	perioada	în	0.222222
din	peste	de	0.875000
din	piele	naturală	0.428571
din	planul	naţional	0.428571
din	plin	de	0.391304
din	poartă	în	0.750000
din	postul	său	0.428571
din	postul	de	0.428571
din	prima	linie	0.216216
din	prima	zi	0.189189
din	prima	căsnicie	0.081081
din	primele	informații	0.354839
din	primele	zile	0.129032
din	primele	cercetări	0.112903
din	primele	informaţii	0.112903
din	primele	date	0.064516
din	primele	luni	0.048387
din	primul	tur	0.384615
din	punct	de	0.989418
din	punctul	meu	0.407407
din	punctul	de	0.351852
din	punctul	său	0.092593
din	punctul	acesta	0.055556
din	până	în	0.772727
din	până	la	0.136364
din	păcate	nu	0.126437
din	păcate	în	0.074713
din	păcate	însă	0.028736
din	păcate	pentru	0.028736
din	păcate	a	0.022989
din	păcate	ne	0.022989
din	păcate	pe	0.022989
din	păcate	la	0.022989
din	păcate	sunt	0.022989
din	păcate	astăzi	0.017241
din	păcate	au	0.017241
din	păcate	e	0.017241
din	păcate	vorbim	0.017241
din	regatul	unit	1.000000
din	rusia	a	0.153285
din	rusia	și	0.124088
din	rusia	au	0.094891
din	rusia	în	0.080292
din	rusia	pentru	0.036496
din	rusia	de	0.029197
din	rusia	care	0.021898
din	rusia	sunt	0.021898
din	rusia	iar	0.021898
din	s	a	0.555556
din	s	au	0.333333
din	sala	de	1.000000
din	salariul	mediu	0.600000
din	secolul	al	0.642857
din	sectorul	al	0.240000
din	sectorul	public	0.200000
din	sens	opus	1.000000
din	septembrie	în	0.153846
din	serie	a	0.400000
din	serie	b	0.300000
din	serviciile	de	0.428571
din	sezonul	trecut	0.235294
din	sezonul	al	0.176471
din	sezonul	regulat	0.176471
din	sistemul	de	0.333333
din	sistemul	public	0.333333
din	sistemul	solar	0.125000
din	spania	a	0.150000
din	spate	a	0.241379
din	spate	și	0.137931
din	spatele	acestei	0.210526
din	starea	de	0.833333
din	start	că	0.214286
din	start	ca	0.214286
din	statele	unite	0.971429
din	statul	new	0.250000
din	statul	american	0.187500
din	sua	și	0.140625
din	sua	a	0.109375
din	sua	care	0.078125
din	sua	au	0.046875
din	sua	nancy	0.046875
din	sua	si	0.046875
din	sudul	ţării	0.500000
din	tara	asta	0.263158
din	timpul	lor	0.230769
din	timpul	zilei	0.230769
din	toamna	anului	0.833333
din	toata	tara	0.571429
din	toate	timpurile	0.285714
din	toate	punctele	0.204082
din	toate	acestea	0.102041
din	toate	astea	0.061224
din	toată	lumea	0.357143
din	toată	ţara	0.250000
din	toată	inima	0.178571
din	tot	sufletul	0.294118
din	tot	ce	0.235294
din	tot	atâtea	0.176471
din	trupele	de	0.666667
din	ultima	perioadă	0.444444
din	ultima	lună	0.166667
din	ultimele	zile	0.303030
din	ultimele	săptămâni	0.121212
din	ultimele	de	0.121212
din	ultimele	trei	0.121212
din	ultimele	patru	0.090909
din	ultimii	ani	0.369565
din	ultimii	de	0.282609
din	ultimii	cinci	0.086957
din	ultimii	doi	0.065217
din	ultimul	an	0.555556
din	urmă	a	0.080645
din	urmă	cu	0.072581
din	urmă	nu	0.048387
din	urmă	la	0.040323
din	urmă	însă	0.032258
din	urmă	au	0.032258
din	urmă	o	0.032258
din	urmă	de	0.032258
din	urmă	în	0.032258
din	urmă	este	0.024194
din	urmă	să	0.024194
din	urmă	s	0.024194
din	urmă	și	0.024194
din	urmă	se	0.024194
din	ușă	în	1.000000
din	vara	anului	0.400000
din	vara	trecută	0.200000
din	vechiul	testament	0.375000
din	viaţa	mea	0.285714
din	viaţă	la	0.250000
din	viața	sa	0.145161
din	viața	ta	0.129032
din	viața	ei	0.129032
din	viața	mea	0.112903
din	viața	lor	0.112903
din	viața	noastră	0.112903
din	viața	lui	0.064516
din	viața	publică	0.048387
din	viață	la	0.266667
din	viață	în	0.166667
din	zilele	noastre	0.777778
din	ziua	de	0.875000
din	zona	de	0.387755
din	zona	euro	0.142857
din	zonele	de	0.538462
din	zonă	și	0.156250
din	în	timp	0.130435
din	în	care	0.130435
din	înainte	de	1.000000
din	întreaga	lume	0.881579
din	întreaga	ţară	0.078947
din	şi	a	0.230769
din	ţara	noastră	0.750000
din	ţară	şi	0.159091
din	ţară	cu	0.068182
din	ţară	au	0.068182
din	și	până	0.258065
din	și	în	0.096774
din	și	cu	0.096774
dincolo	de	orice	0.105263
dincolo	de	toate	0.070175
dintre	aceste	persoane	0.136364
dintre	aceste	măsuri	0.136364
dintre	acestea	au	0.218750
dintre	acestea	fiind	0.140625
dintre	acestea	este	0.078125
dintre	acestea	nu	0.062500
dintre	acestea	a	0.062500
dintre	acestea	la	0.046875
dintre	acestea	sunt	0.046875
dintre	aceştia	au	0.222222
dintre	care	de	0.100719
dintre	care	în	0.093525
dintre	care	una	0.079137
dintre	care	au	0.050360
dintre	care	sunt	0.043165
dintre	care	două	0.035971
dintre	care	trei	0.035971
dintre	care	patru	0.028777
dintre	care	pentru	0.028777
dintre	care	la	0.028777
dintre	care	unul	0.028777
dintre	care	cu	0.021583
dintre	care	anterioare	0.021583
dintre	care	doar	0.021583
dintre	care	vor	0.021583
dintre	care	o	0.021583
dintre	care	un	0.021583
dintre	cazurile	noi	0.428571
dintre	cei	mai	0.566138
dintre	cei	doi	0.132275
dintre	cei	care	0.132275
dintre	cei	trei	0.026455
dintre	cei	de	0.021164
dintre	cei	patru	0.015873
dintre	cele	mai	0.707254
dintre	cele	două	0.142487
dintre	cele	de	0.041451
dintre	cele	patru	0.028497
dintre	cele	trei	0.018135
dintre	cele	cinci	0.007772
dintre	colegii	săi	1.000000
dintre	copii	au	0.272727
dintre	ei	au	0.165289
dintre	ei	nu	0.099174
dintre	ei	și	0.074380
dintre	ei	a	0.057851
dintre	ei	fiind	0.049587
dintre	ei	sunt	0.041322
dintre	ei	este	0.041322
dintre	ei	vor	0.024793
dintre	ei	erau	0.024793
dintre	ei	lucrează	0.024793
dintre	el	și	1.000000
dintre	ele	au	0.144737
dintre	ele	fiind	0.118421
dintre	ele	a	0.105263
dintre	ele	este	0.078947
dintre	ele	se	0.065789
dintre	ele	nu	0.052632
dintre	ele	având	0.052632
dintre	ele	are	0.039474
dintre	moscova	şi	0.750000
dintre	motivele	pentru	0.714286
dintre	noi	au	0.070175
dintre	noi	se	0.070175
dintre	noi	este	0.052632
dintre	noi	a	0.052632
dintre	oamenii	de	0.500000
dintre	persoanele	care	0.444444
dintre	rusia	și	0.521739
dintre	rusia	şi	0.434783
dintre	sua	și	0.600000
dintre	victime	au	0.300000
disponibil	pentru	a	0.800000
disponibil	și	în	0.750000
doamnă	a	statelor	0.500000
doi	ani	de	0.267442
doi	ani	și	0.075581
doi	ani	a	0.069767
doi	ani	în	0.058140
doi	ani	mai	0.046512
doi	ani	pentru	0.029070
doi	ani	cu	0.029070
doi	ani	la	0.023256
doi	ani	am	0.023256
doi	ani	care	0.023256
doi	ani	au	0.023256
doi	ani	când	0.017442
doi	ani	şi	0.017442
doi	ani	pe	0.017442
doi	au	fost	0.101695
doi	au	împreună	0.101695
doi	au	avut	0.050847
doi	au	ajuns	0.050847
doi	bani	pe	0.500000
doi	bărbaţi	au	0.272727
doi	copii	de	0.096154
doi	copii	au	0.096154
doi	copii	ai	0.096154
doi	copii	și	0.096154
doi	copii	o	0.057692
doi	copii	din	0.057692
doi	copii	cu	0.057692
doi	copii	a	0.057692
doi	dintre	ei	0.384615
doi	dintre	cei	0.230769
doi	fii	ai	0.750000
doi	membri	ai	0.428571
doi	nu	au	0.363636
doi	oameni	au	0.300000
doi	s	au	0.821429
doi	s	a	0.107143
doi	se	află	0.500000
doi	tineri	au	0.200000
doi	tineri	de	0.160000
doi	tineri	din	0.120000
doi	trei	ani	0.800000
doi	și	au	0.416667
doi	și	a	0.250000
doilea	cel	mai	1.000000
doilea	de	la	1.000000
doilea	război	mondial	0.986842
domiciliu	iar	de	0.500000
dorit	să	se	0.125000
dorit	să	le	0.083333
dorit	să	i	0.083333
dorit	să	şi	0.062500
dosarul	a	fost	0.583333
dosarul	va	fi	1.000000
dosarul	în	care	1.000000
drum	spre	spital	0.142857
drumul	cel	bun	1.000000
drumul	pe	care	0.800000
drumul	pentru	a	0.750000
drumurile	publice	a	0.277778
drumurile	publice	din	0.222222
drumurile	publice	fără	0.166667
du	te	la	0.235294
dublă	față	de	1.000000
dumnezeu	s	a	0.750000
dumnezeu	să	l	0.172414
dumnezeu	să	vă	0.137931
dumnezeu	să	te	0.137931
dumnezeu	să	îl	0.137931
dumnezeu	să	le	0.137931
durata	de	viață	0.785714
dure	la	adresa	1.000000
dure	pe	care	1.000000
durează	mai	mult	0.714286
dureze	mai	mult	0.750000
dus	la	spital	0.120482
dus	la	un	0.084337
dus	la	o	0.084337
dus	la	bun	0.060241
dus	la	această	0.036145
dus	la	moartea	0.036145
dus	la	căderea	0.036145
dus	la	sediul	0.036145
ea	a	fost	0.201299
ea	a	spus	0.103896
ea	a	adăugat	0.051948
ea	a	mai	0.045455
ea	a	câștigat	0.025974
ea	a	declarat	0.025974
ea	a	aflat	0.025974
ea	a	făcut	0.025974
ea	a	refuzat	0.019481
ea	a	zis	0.019481
ea	a	adus	0.019481
ea	a	jucat	0.019481
ea	a	ajuns	0.019481
ea	a	vorbit	0.019481
ea	ar	fi	0.600000
ea	are	o	0.300000
ea	consideră	că	1.000000
ea	cât	și	1.000000
ea	l	a	0.800000
ea	nu	a	0.241379
ea	nu	este	0.137931
ea	nu	poate	0.103448
ea	s	a	0.769231
ea	spune	că	0.800000
ea	trebuie	să	0.600000
ea	va	fi	0.562500
ea	şi	a	0.230769
ea	și	a	0.341463
ea	și	fiica	0.073171
echipaj	de	prim	0.541667
echipaj	de	poliție	0.208333
echipei	de	fotbal	0.300000
echipele	de	control	0.214286
echipele	de	club	0.214286
echipele	de	la	0.214286
efort	de	a	0.800000
egal	la	egal	0.888889
electrică	a	fost	0.555556
electrică	de	la	0.545455
electrică	şi	gaze	0.375000
electrică	și	gaze	0.619048
electrică	și	gaz	0.142857
energia	electrică	a	0.241379
energia	electrică	şi	0.103448
erau	de	asemenea	0.187500
erau	foarte	mari	0.375000
etajul	al	unui	0.357143
etajul	al	doilea	0.285714
etajul	patru	al	0.600000
exact	așa	cum	1.000000
exact	ca	în	0.214286
exact	ca	la	0.214286
exact	ceea	ce	1.000000
exact	cum	a	0.214286
exact	de	teste	0.315789
exact	de	la	0.210526
exact	este	vorba	1.000000
exact	la	fel	0.363636
exact	în	perioada	0.230769
exemplu	dacă	ai	0.300000
exemplu	în	acest	0.333333
exemplu	în	cazul	0.200000
există	astfel	de	0.750000
există	de	asemenea	0.500000
există	două	tipuri	0.428571
există	indicii	că	0.800000
există	mai	multe	0.736842
există	multe	motive	0.300000
există	nicio	dovadă	0.125000
există	nicio	modalitate	0.125000
există	nicio	îndoială	0.125000
există	niciun	fel	0.357143
există	niciun	risc	0.214286
există	o	mulțime	0.093750
există	o	serie	0.083333
există	o	legătură	0.041667
există	o	singură	0.041667
există	o	decizie	0.031250
există	o	anumită	0.031250
există	o	cale	0.031250
există	o	mare	0.031250
există	o	modalitate	0.031250
există	persoane	care	0.750000
există	posibilitatea	de	0.428571
există	riscul	ca	0.444444
există	riscul	de	0.333333
există	un	risc	0.068182
există	un	proiect	0.068182
există	în	acest	0.166667
există	în	continuare	0.166667
există	însă	o	0.200000
există	şi	un	0.294118
există	şi	o	0.176471
există	și	o	0.153846
există	și	un	0.115385
există	și	alte	0.115385
există	și	posibilitatea	0.076923
există	și	această	0.057692
explozia	de	la	0.600000
explozie	de	cazuri	0.500000
extraordinară	a	consiliului	0.800000
factura	la	energie	0.545455
fata	a	fost	0.250000
fata	ar	fi	1.000000
fata	de	ani	0.088235
fața	casei	mele	0.600000
fața	celor	de	0.416667
fața	celor	care	0.250000
fața	locului	au	0.300813
fața	locului	s	0.186992
fața	locului	a	0.097561
fața	locului	în	0.040650
fața	locului	nu	0.032520
fața	locului	se	0.032520
fața	locului	de	0.032520
fața	locului	la	0.024390
fața	locului	și	0.024390
fața	locului	pentru	0.024390
februarie	a	c	0.206897
februarie	a	fost	0.137931
februarie	a	anului	0.103448
februarie	au	fost	0.600000
februarie	de	la	0.600000
februarie	ora	proba	0.300000
februarie	ora	în	0.300000
februarie	până	în	0.600000
februarie	s	au	0.666667
februarie	în	jurul	0.214286
februarie	și	martie	0.214286
federal	de	securitate	1.000000
fel	ca	în	0.221311
fel	ca	și	0.188525
fel	ca	si	0.065574
fel	ca	şi	0.040984
fel	ca	in	0.024590
fel	ca	toate	0.024590
fel	cum	a	0.200000
fel	cum	e	0.120000
fel	de	bine	0.077348
fel	de	fel	0.033149
fel	de	mult	0.033149
fel	de	problemă	0.027624
fel	de	mâncare	0.027624
fel	de	important	0.027624
fel	de	mare	0.022099
fel	de	importante	0.016575
fel	de	importantă	0.016575
fel	de	probleme	0.016575
fel	de	ușor	0.016575
fel	de	repede	0.016575
fel	sau	altul	0.833333
fel	si	cu	0.428571
fel	va	fi	0.750000
fel	încât	să	0.769231
fel	și	în	0.194444
fel	și	cu	0.083333
fel	și	fel	0.083333
femeia	a	fost	0.305085
femeia	a	sunat	0.050847
femeia	care	i	0.285714
femeia	care	a	0.285714
femeia	cu	care	0.600000
femeia	de	de	0.666667
femeia	nu	a	0.454545
femeia	s	a	1.000000
femeia	spune	că	1.000000
femeia	în	vârstă	0.666667
femeile	ar	trebui	0.600000
femeile	care	au	0.400000
femeile	copiii	și	1.000000
femeile	și	copiii	1.000000
fie	acuzat	de	0.750000
fie	alături	de	0.750000
fie	atenţi	la	1.000000
fie	atât	de	1.000000
fie	ca	acest	0.136364
fie	cea	mai	0.666667
fie	cel	mai	0.777778
fie	cât	mai	0.909091
fie	că	este	0.186441
fie	că	vorbim	0.135593
fie	că	sunt	0.118644
fie	că	e	0.084746
fie	că	a	0.050847
fie	că	ești	0.050847
fie	că	nu	0.050847
fie	că	suntem	0.050847
fie	de	acord	0.108108
fie	de	la	0.081081
fie	de	cel	0.081081
fie	din	ce	0.363636
fie	extrem	de	1.000000
fie	făcută	în	0.500000
fie	gata	în	0.400000
fie	la	fel	0.360000
fie	la	cele	0.120000
fie	luate	în	0.666667
fie	mai	mult	0.125000
fie	mult	mai	1.000000
fie	nevoie	de	0.428571
fie	nevoie	să	0.428571
fie	pentru	că	0.428571
fie	suficient	de	1.000000
fie	teamă	să	1.000000
fie	tot	timpul	0.600000
fie	un	an	0.096774
fie	un	joc	0.096774
fie	una	cât	0.375000
fie	și	mai	0.235294
film	de	la	0.777778
film	pe	care	1.000000
filmul	a	avut	0.428571
fiu	al	unui	0.750000
fiul	cel	mare	0.833333
fiul	lui	dumnezeu	0.666667
fiul	său	în	0.157895
fiul	său	a	0.157895
fiul	său	de	0.157895
fix	la	fel	0.600000
foc	de	la	0.400000
foc	de	armă	0.400000
focul	a	fost	0.666667
folosească	pentru	a	0.428571
format	din	persoane	0.166667
forme	grave	persoane	0.800000
forţă	de	muncă	1.000000
fostul	antrenor	al	0.750000
fostul	comandant	al	1.000000
fostul	consilier	al	1.000000
fostul	căpitan	al	1.000000
fostul	director	al	0.571429
fostul	iubit	al	0.833333
fostul	jucător	de	0.571429
fostul	ministru	al	0.555556
fostul	ministru	de	0.148148
fostul	ministru	a	0.111111
fostul	prim	ministru	0.800000
fostul	primar	al	0.500000
fostul	primar	din	0.187500
fostul	procuror	general	1.000000
fostul	secretar	de	0.666667
fostul	şef	al	0.800000
frumoasă	poveste	de	1.000000
fugă	din	calea	0.600000
functioneaza	ca	o	1.000000
făcută	de	către	0.173913
făcută	în	casă	0.200000
făcând	apel	la	1.000000
făcând	parte	din	1.000000
g	de	la	0.375000
gabriel	din	cadrul	1.000000
galben	de	vânt	0.642857
gata	să	fie	0.114286
general	adjunct	al	0.714286
general	al	poliţiei	0.206897
general	al	guvernului	0.172414
general	al	companiei	0.172414
general	al	sua	0.103448
general	de	km	0.263158
general	de	la	0.157895
general	s	a	0.800000
general	să	se	0.600000
general	între	și	0.625000
general	între	şi	0.375000
general	și	a	0.272727
generală	de	poliție	0.375000
gradul	de	general	0.230769
grijă	de	tine	0.075000
grijă	de	ei	0.075000
grijă	de	copiii	0.075000
grijă	să	nu	0.428571
groapa	de	gunoi	0.888889
grupul	de	comunicare	0.307692
grupul	de	facebook	0.153846
grupul	de	luptă	0.115385
gura	pe	dinainte	1.000000
gura	până	la	1.000000
guvernul	a	aprobat	0.294118
guvernul	a	adoptat	0.156863
guvernul	a	decis	0.117647
guvernul	a	declarat	0.058824
guvernul	a	lansat	0.058824
guvernul	britanic	a	0.636364
guvernul	condus	de	1.000000
guvernul	de	la	0.948718
guvernul	german	a	0.500000
guvernul	rus	nu	0.428571
gândit	vreodată	că	0.800000
gândul	de	a	1.000000
găsit	mai	multe	1.000000
găsit	mort	în	0.500000
găsit	mort	duminică	0.187500
găsit	o	pe	0.181818
găsit	un	loc	0.235294
găsit	în	stop	0.178571
gătit	la	costum	1.000000
ha	ha	ha	0.600000
hotel	de	patru	0.250000
hotel	de	stele	0.250000
hotel	de	cinci	0.250000
hotărât	să	nu	0.142857
i	a	fost	0.097297
i	a	spus	0.082432
i	a	dat	0.055405
i	a	făcut	0.043243
i	a	cerut	0.039189
i	a	transmis	0.039189
i	a	adus	0.037838
i	a	luat	0.027027
i	a	pus	0.020270
i	a	venit	0.017568
i	a	oferit	0.017568
i	a	permis	0.016216
i	a	răspuns	0.016216
i	a	zis	0.013514
i	a	mai	0.013514
i	a	trimis	0.013514
i	a	determinat	0.013514
i	a	ajutat	0.012162
i	a	surprins	0.010811
i	a	atras	0.010811
i	a	avut	0.009459
i	a	acordat	0.009459
i	a	mărturisit	0.008108
i	a	provocat	0.008108
i	a	revenit	0.008108
i	a	plăcut	0.006757
i	a	devenit	0.006757
i	a	acuzat	0.006757
i	a	lăsat	0.006757
i	a	marcat	0.006757
i	ajuta	pe	0.789474
i	ajute	pe	0.571429
i	ajute	să	0.214286
i	am	spus	0.229508
i	am	zis	0.106557
i	am	dat	0.081967
i	am	făcut	0.049180
i	am	răspuns	0.040984
i	am	transmis	0.032787
i	am	luat	0.024590
i	am	văzut	0.024590
i	am	ales	0.024590
i	am	explicat	0.024590
i	ar	fi	0.611111
i	ar	putea	0.133333
i	ar	ajuta	0.055556
i	ar	mai	0.033333
i	ar	plăcea	0.033333
i	au	fost	0.138249
i	au	cerut	0.050691
i	au	adus	0.046083
i	au	făcut	0.041475
i	au	dat	0.032258
i	au	luat	0.032258
i	au	pus	0.032258
i	au	acordat	0.027650
i	au	spus	0.023041
i	au	atras	0.018433
i	au	transmis	0.018433
i	au	pregătit	0.013825
i	au	venit	0.013825
i	au	văzut	0.013825
i	au	mai	0.013825
i	au	lăsat	0.013825
i	au	refuzat	0.013825
i	au	scos	0.013825
i	au	provocat	0.013825
i	c	o	0.571429
i	convinge	pe	0.800000
i	convingă	pe	0.571429
i	i	c	0.666667
i	l	a	0.454545
i	le	a	0.333333
i	p	j	0.769231
i	pe	cei	0.500000
i	s	a	0.750000
i	s	au	0.121622
i	s	ar	0.074324
i	s	c	0.020270
i	salva	viața	0.600000
i	se	pare	0.105769
i	se	va	0.096154
i	se	cere	0.076923
i	se	spune	0.067308
i	se	mai	0.057692
i	se	permite	0.038462
i	se	spună	0.028846
i	se	vor	0.028846
i	se	poate	0.028846
i	se	dea	0.028846
i	se	întâmplă	0.028846
i	si	lupta	0.500000
i	vorba	de	1.000000
i	și	ii	0.571429
ia	cu	tine	0.750000
ia	de	la	0.437500
ia	din	nou	0.428571
ia	legătura	cu	1.000000
ia	măsuri	pentru	0.307692
ia	nicio	măsură	1.000000
ia	o	decizie	0.571429
ia	parte	la	0.857143
ia	rămas	bun	1.000000
ia	în	calcul	0.448276
ia	în	considerare	0.396552
ideal	ar	fi	1.000000
ideal	pentru	a	0.461538
ieri	a	fost	0.363636
ieri	au	fost	0.428571
ieri	s	au	0.666667
ieşire	din	ţară	0.714286
ieșit	de	la	0.750000
ieșit	din	comun	0.150000
ieșit	la	iveală	0.454545
ieșit	în	stradă	0.684211
iisus	hristos	este	0.272727
imagini	cu	un	0.185185
imagini	cu	ea	0.111111
imagini	de	la	0.714286
imagini	din	satelit	0.538462
imagini	făcute	publice	1.000000
imagini	se	vede	0.666667
imagini	în	care	0.714286
imposibil	să	se	0.187500
imposibil	să	nu	0.187500
in	a	fost	0.200000
in	aceasta	perioada	0.250000
in	aceeasi	zi	0.600000
in	acel	moment	1.000000
in	acelasi	timp	0.545455
in	acest	moment	0.204082
in	acest	caz	0.204082
in	acest	sens	0.102041
in	acest	razboi	0.081633
in	acest	fel	0.061224
in	acest	conflict	0.061224
in	aerul	expirat	1.000000
in	afara	de	0.636364
in	al	doilea	0.750000
in	alta	parte	0.666667
in	alte	tari	0.800000
in	ani	de	0.428571
in	asa	fel	0.750000
in	calitate	de	1.000000
in	cap	sa	0.142857
in	cap	si	0.142857
in	capul	lui	0.500000
in	care	se	0.101852
in	care	nu	0.064815
in	care	au	0.064815
in	care	a	0.046296
in	care	sa	0.046296
in	care	s	0.046296
in	care	ne	0.027778
in	care	suntem	0.027778
in	casa	in	0.187500
in	casa	si	0.187500
in	caz	ca	0.411765
in	caz	de	0.411765
in	caz	contrar	0.176471
in	cazul	in	0.277778
in	cazul	de	0.222222
in	ce	mai	0.500000
in	ce	priveste	0.125000
in	ceea	ce	1.000000
in	cel	mai	0.666667
in	consiliul	local	0.750000
in	continuare	in	0.187500
in	continuare	la	0.187500
in	curand	o	0.500000
in	data	de	1.000000
in	de	ani	0.500000
in	domeniul	militar	0.500000
in	fata	unei	0.250000
in	fiecare	zi	0.428571
in	fiecare	an	0.285714
in	frunte	cu	0.750000
in	gura	lui	0.375000
in	iunie	a	0.500000
in	jur	de	1.000000
in	legatura	cu	1.000000
in	loc	sa	0.666667
in	loc	de	0.305556
in	locul	lor	0.454545
in	lumea	de	0.428571
in	mai	multe	0.611111
in	mai	putin	0.166667
in	mare	parte	0.500000
in	marea	neagra	0.600000
in	mod	normal	0.125000
in	mod	sigur	0.125000
in	momentul	de	0.500000
in	momentul	in	0.300000
in	nici	un	1.000000
in	orice	caz	0.545455
in	primul	rand	0.647059
in	rusia	si	0.269231
in	rusia	de	0.115385
in	schimb	nu	0.230769
in	scop	de	1.000000
in	sensul	ca	0.600000
in	stare	sa	0.818182
in	tara	asta	0.250000
in	timp	ce	0.823529
in	toata	lumea	0.750000
in	tot	felul	0.333333
in	tot	acest	0.333333
in	ultima	jumatate	0.375000
in	ultimele	luni	0.444444
in	ultimii	ani	0.666667
in	ultimii	de	0.190476
in	ultimul	rand	0.400000
in	urma	cu	0.333333
in	urma	unui	0.151515
in	urma	unei	0.151515
in	valoare	de	1.000000
in	varsta	de	0.750000
in	vedere	ca	0.666667
in	ziua	de	0.666667
in	zona	de	0.333333
inca	de	pe	0.250000
inca	nu	a	0.333333
inca	o	data	0.600000
incendiu	care	a	0.727273
incendiu	la	o	0.521739
incendiu	la	un	0.391304
incendiu	puternic	a	0.555556
inclusiv	cele	de	0.307692
inclusiv	pe	cele	0.230769
infectat	cu	virusul	0.625000
informat	sâmbătă	ministerul	1.000000
informații	conform	cărora	1.000000
informații	cu	privire	0.833333
informații	de	la	0.400000
informații	despre	toate	0.157895
informații	pe	care	0.500000
informații	se	pare	0.857143
informații	și	securitate	0.437500
interesează	pe	cineva	0.800000
interesul	de	a	1.000000
internat	la	spitalul	0.666667
internat	în	spital	0.642857
interviu	acordat	recent	0.200000
interzis	din	cauza	1.000000
invitat	special	pe	0.600000
invitat	în	emisiunea	0.625000
istoria	se	repetă	0.571429
iti	dai	seama	1.000000
iti	place	sa	0.666667
iubita	lui	să	0.176471
izolat	sub	de	0.750000
japonia	a	fost	0.500000
japonia	și	coreea	0.500000
joacă	cu	focul	0.500000
joacă	pe	teren	0.333333
joacă	pentru	copii	0.750000
joacă	rolul	lui	0.666667
joacă	un	rol	1.000000
joc	la	adresa	0.400000
jocuri	de	noroc	0.709677
jocurile	de	noroc	0.684211
jos	a	fost	0.375000
jos	de	la	0.363636
jos	de	pe	0.272727
jos	pentru	a	0.750000
jos	în	articol	0.272727
juca	de	la	0.600000
juca	un	rol	0.625000
jurnalul	oficial	al	1.000000
lansat	de	rusia	0.500000
lansat	lovituri	cu	1.000000
lansat	mai	multe	0.714286
lansat	o	rachetă	0.294118
lansat	o	serie	0.235294
lansat	o	nouă	0.235294
lansat	recent	în	0.500000
lansat	un	atac	0.266667
lansat	un	apel	0.200000
lansat	în	aprilie	0.157895
leagă	rusia	de	1.000000
legii	au	deschis	0.190476
legii	i	au	0.800000
legii	l	au	0.900000
legii	și	a	0.333333
lemn	de	foc	0.769231
lemne	de	foc	0.857143
li	s	a	0.723077
li	s	au	0.230769
li	s	ar	0.046154
li	se	va	0.137931
li	se	vor	0.051724
li	se	face	0.051724
li	se	cere	0.051724
li	se	întâmplă	0.051724
libertate	în	mod	0.600000
lider	de	la	0.750000
liderul	aur	george	0.666667
liderul	de	la	0.986486
liderul	rus	a	0.555556
liga	a	a	0.384615
liga	a	ii	0.153846
liga	la	fotbal	0.625000
linia	de	front	0.230769
lipsit	de	la	0.416667
live	pe	pagina	0.300000
live	pentru	a	0.750000
locurile	de	muncă	0.280000
locurile	de	joacă	0.280000
locurile	de	parcare	0.240000
locurile	în	care	1.000000
lovit	de	un	0.366667
lovit	de	o	0.100000
lovit	de	rachete	0.100000
lovit	mai	multe	0.750000
lovit	o	pe	0.210526
lovit	o	și	0.157895
lovit	în	cap	0.214286
lovitura	a	fost	1.000000
lovitura	de	stat	0.812500
lovituri	cu	rachete	0.714286
lovituri	de	stat	0.800000
lovitură	de	stat	0.344828
lovitură	de	la	0.206897
lovitură	de	pedeapsă	0.137931
lovitură	de	cap	0.103448
lovitură	de	imagine	0.103448
luati	de	la	0.750000
lucreze	pentru	a	0.500000
lucrul	acesta	trebuie	0.300000
lucrul	cel	mai	1.000000
lui	a	fost	0.239130
lui	a	devenit	0.108696
lui	ar	fi	1.000000
lui	au	fost	0.294118
lui	de	a	0.191489
lui	de	sănătate	0.170213
lui	de	la	0.063830
lui	dumnezeu	pentru	0.128205
lui	dumnezeu	şi	0.102564
lui	dumnezeu	a	0.102564
lui	dumnezeu	că	0.076923
lui	este	foarte	0.176471
lui	hristos	în	0.428571
lui	i	a	0.272727
lui	i	se	0.272727
lui	pentru	că	0.428571
lui	putin	a	0.104046
lui	putin	în	0.080925
lui	putin	nu	0.063584
lui	putin	si	0.052023
lui	putin	să	0.046243
lui	putin	care	0.034682
lui	putin	de	0.034682
lui	putin	este	0.028902
lui	putin	pentru	0.028902
lui	putin	și	0.028902
lui	putin	se	0.028902
lui	putin	la	0.028902
lui	putin	că	0.023121
lui	putin	dar	0.023121
lui	putin	au	0.017341
lui	s	a	0.666667
lui	s	au	0.333333
lui	să	i	0.300000
lui	și	de	0.142857
lume	cu	peste	0.272727
lume	cu	o	0.272727
lume	mai	bună	0.538462
lume	în	care	0.473684
lume	în	ceea	0.157895
lume	şi	a	0.250000
luna	aceasta	în	0.210526
luna	aprilie	a	0.370370
luna	august	a	0.185185
luna	de	miere	0.500000
luna	decembrie	a	0.214286
luna	februarie	a	0.333333
luna	februarie	la	0.166667
luna	ianuarie	a	0.423077
luna	iulie	a	0.281250
luna	iulie	au	0.156250
luna	iunie	a	0.307692
luna	mai	a	0.250000
luna	mai	la	0.104167
luna	mai	în	0.083333
luna	mai	pentru	0.062500
luna	martie	a	0.264706
luna	martie	și	0.088235
luna	martie	au	0.088235
luna	nouă	în	0.375000
luna	octombrie	a	0.300000
luna	plină	din	0.636364
luna	septembrie	a	0.294118
luna	trecută	că	0.200000
luna	trecută	a	0.142857
luna	trecută	de	0.114286
luna	trecută	în	0.085714
luni	a	fost	0.160000
luni	a	crescut	0.160000
luni	ale	anului	0.775000
luni	ale	acestui	0.150000
luni	au	fost	0.555556
luni	că	a	0.200000
luni	de	închisoare	0.289017
luni	de	la	0.242775
luni	de	zile	0.184971
luni	de	război	0.046243
luni	de	când	0.028902
luni	de	viață	0.017341
luni	din	acest	0.219512
luni	din	care	0.121951
luni	din	cauza	0.073171
luni	după	ce	0.608696
luni	este	de	0.375000
luni	folosit	pentru	0.625000
luni	la	ora	0.200000
luni	la	sediul	0.085714
luni	mai	târziu	0.421053
luni	mai	a	0.157895
luni	martie	de	0.500000
luni	pe	facebook	0.187500
luni	pentru	a	0.333333
luni	până	la	0.277778
luni	până	vineri	0.277778
luni	până	sâmbătă	0.166667
luni	s	au	0.428571
luni	s	a	0.428571
luni	sau	chiar	0.428571
luni	seara	în	0.230769
luni	seară	în	0.185185
luni	seară	la	0.111111
luni	seară	pe	0.111111
luni	septembrie	la	0.600000
luni	să	vină	0.600000
luni	în	care	0.176471
luni	în	jurul	0.137255
luni	în	urmă	0.058824
luni	în	timpul	0.058824
luni	înainte	de	0.800000
luni	închisoare	cu	1.000000
luni	și	zile	0.173913
luptă	de	partea	0.375000
luptă	pentru	a	0.357143
luptă	pentru	o	0.107143
luând	în	considerare	0.571429
luând	în	calcul	0.428571
luăm	în	considerare	0.444444
luăm	în	calcul	0.333333
lângă	cel	mai	1.000000
lângă	faptul	că	1.000000
majoritatea	celor	care	0.600000
majoritatea	dintre	noi	0.500000
mana	de	la	0.333333
mare	a	fost	0.243902
mare	a	declarat	0.121951
mare	ar	fi	0.750000
mare	ca	să	0.272727
mare	cantitate	de	1.000000
mare	centrală	nucleară	0.875000
mare	companie	de	0.500000
mare	cu	care	0.130435
mare	cu	cât	0.130435
mare	dar	și	0.333333
mare	de	de	0.077586
mare	de	ani	0.051724
mare	de	tone	0.043103
mare	de	a	0.043103
mare	de	la	0.043103
mare	de	bani	0.034483
mare	de	cazuri	0.025862
mare	de	tot	0.025862
mare	de	oameni	0.025862
mare	decât	cel	0.200000
mare	decât	cea	0.138462
mare	decât	în	0.107692
mare	decât	al	0.046154
mare	decât	salariul	0.046154
mare	din	partea	0.153846
mare	din	europa	0.115385
mare	fabrică	de	1.000000
mare	fan	al	0.800000
mare	față	de	1.000000
mare	grijă	de	0.214286
mare	măsură	de	0.428571
mare	nevoie	de	0.666667
mare	număr	de	0.846154
mare	oraș	din	0.750000
mare	parte	a	0.394161
mare	parte	din	0.321168
mare	parte	dintre	0.036496
mare	parte	de	0.029197
mare	parte	în	0.029197
mare	pe	care	0.200000
mare	pentru	a	0.259259
mare	pentru	că	0.111111
mare	pentru	o	0.111111
mare	s	a	0.500000
mare	si	nu	0.230769
mare	sursă	de	1.000000
mare	va	fi	0.444444
mare	valoare	din	0.333333
mare	în	zona	0.076923
mare	și	mai	0.108696
mare	și	în	0.086957
meci	al	anului	0.500000
meci	care	a	0.600000
meci	de	pe	0.115385
meci	din	carieră	0.250000
meci	mai	puțin	0.500000
meci	în	care	0.583333
medic	de	familie	0.500000
medic	de	la	0.300000
medical	de	la	0.428571
medical	sosit	la	1.000000
medical	și	la	0.642857
medicii	au	fost	0.173913
medicii	de	familie	0.500000
medicii	de	la	0.375000
medicii	i	au	1.000000
medicii	spun	că	1.000000
mediu	de	lucru	0.277778
mediu	de	afaceri	0.166667
mediu	în	care	0.300000
mediu	şi	lung	0.800000
mediu	și	lung	0.500000
membru	al	familiei	0.407407
membru	al	echipei	0.148148
membru	de	familie	0.444444
membru	în	consiliul	0.333333
membru	în	comitetul	0.250000
merge	acolo	unde	0.750000
merge	de	la	0.750000
merge	la	cursuri	0.096774
merge	mai	departe	0.857143
merită	să	fie	0.333333
merită	să	i	0.090909
mesaj	cu	ocazia	0.600000
mesaj	de	ziua	0.200000
mesaj	din	partea	0.500000
mesaj	pe	care	0.250000
mesaj	pe	pagina	0.250000
mesaj	prin	care	0.750000
mesaj	în	care	0.375000
mesaj	în	limba	0.312500
metri	a	fost	0.600000
metri	de	un	0.111111
metri	de	locul	0.111111
metri	de	metri	0.111111
metri	izolat	sub	1.000000
metri	liber	la	0.375000
metri	și	o	0.214286
metri	și	a	0.214286
meu	a	fost	0.550000
meu	de	vedere	0.709677
mic	cu	mare	0.714286
mic	decât	cel	0.600000
mic	la	mare	0.600000
micul	dejun	și	0.200000
mie	de	ani	0.181818
mie	de	ori	0.136364
mie	mi	se	0.500000
mie	nu	îmi	0.333333
mie	nu	mi	0.333333
mie	nu	imi	0.250000
mie	îmi	place	0.444444
miercuri	au	fost	0.500000
miercuri	august	la	0.300000
miercuri	că	va	0.115385
miercuri	de	la	0.416667
miercuri	dimineaţă	la	0.600000
miercuri	după	amiază	0.333333
miercuri	după	ce	0.333333
miercuri	pe	facebook	0.545455
miercuri	seară	în	0.272727
miercuri	seară	că	0.181818
miercuri	spre	joi	0.857143
miercuri	vor	fi	0.600000
miercuri	în	jurul	0.266667
miercuri	şi	joi	0.750000
miercuri	și	joi	0.444444
miliarde	de	dolari	0.446043
miliarde	de	euro	0.406475
miliarde	de	metri	0.043165
miliarde	de	lire	0.035971
miliarde	de	ani	0.032374
miliarde	euro	în	0.214286
militare	americane	în	0.600000
militare	de	la	0.307692
militare	pe	care	0.500000
militare	speciale	din	0.333333
militare	în	jurul	0.300000
ministru	a	fost	0.300000
ministru	al	apărării	0.526316
ministru	de	interne	0.615385
ministru	în	guvernul	0.600000
mintea	la	cap	0.500000
minute	ceea	ce	1.000000
minute	de	joc	0.363636
minute	de	la	0.242424
minute	mai	târziu	0.642857
minute	pentru	a	0.500000
minute	până	când	0.700000
minute	înainte	de	1.000000
mireasa	de	pe	0.714286
mireasa	sezon	a	0.157895
mireasa	sezonul	ce	0.416667
moartea	a	două	0.454545
modul	cel	mai	1.000000
modul	de	a	0.294118
modul	de	lucru	0.235294
modul	in	care	1.000000
modul	în	care	1.000000
momentul	a	fost	1.000000
momentul	cel	mai	1.000000
momentul	de	față	0.617647
momentul	de	faţă	0.279412
momentul	de	fata	0.102941
momentul	ideal	pentru	1.000000
momentul	in	care	1.000000
momentul	potrivit	pentru	0.428571
momentul	în	care	0.993976
moscova	a	fost	0.113636
moscova	a	declarat	0.090909
moscova	a	spus	0.068182
moscova	ar	putea	0.500000
moscova	că	a	0.600000
moscova	le	a	0.500000
moscova	nu	poate	0.250000
moscova	spune	că	1.000000
moscova	și	a	0.454545
motivul	pentru	care	0.938776
multi	ani	de	0.375000
multiple	de	rachete	1.000000
mulți	ani	de	0.126984
mulți	ani	în	0.111111
mulți	ani	la	0.079365
mulți	ani	cu	0.079365
mulți	ani	iar	0.063492
mulți	ani	a	0.063492
mulți	ani	însă	0.047619
mulți	au	fost	0.285714
mulți	bani	în	0.160000
mulți	bani	pe	0.120000
mulți	cred	că	1.000000
mulți	dintre	ei	0.396552
mulți	dintre	noi	0.293103
mulți	dintre	cei	0.155172
mulți	față	de	1.000000
mulți	oameni	au	0.170213
mulți	oameni	care	0.127660
mulți	oameni	se	0.085106
mulți	oameni	în	0.085106
mulți	oameni	să	0.063830
mulți	s	au	1.000000
mulți	spun	că	1.000000
mulți	tineri	din	0.428571
mulțumesc	foarte	mult	1.000000
mulțumesc	lui	dumnezeu	1.000000
muncii	a	explicat	0.333333
mâine	va	fi	0.666667
măsura	a	fost	0.900000
măsura	în	care	1.000000
măsuri	care	să	0.230769
măsuri	de	sprijin	0.208333
măsuri	de	protecţie	0.125000
măsuri	pentru	a	0.538462
măsură	care	ar	0.300000
măsură	ce	se	0.160000
măsură	ce	ne	0.120000
măsură	ce	războiul	0.080000
măsură	ce	au	0.060000
n	a	fost	0.264516
n	a	mai	0.129032
n	a	avut	0.090323
n	a	făcut	0.038710
n	a	putut	0.032258
n	a	ajuns	0.025806
n	a	vrut	0.025806
n	a	găsit	0.019355
n	ai	cum	0.181818
n	ai	ce	0.090909
n	ai	inteles	0.090909
n	am	mai	0.089744
n	am	fost	0.089744
n	am	văzut	0.064103
n	am	făcut	0.051282
n	am	aflat	0.038462
n	am	avut	0.038462
n	am	auzit	0.038462
n	ar	fi	0.500000
n	ar	trebui	0.104167
n	ar	mai	0.062500
n	are	cum	0.100000
n	are	nici	0.075000
n	au	mai	0.108696
n	au	fost	0.108696
n	au	avut	0.065217
n	au	nici	0.054348
n	au	putut	0.043478
n	au	făcut	0.032609
n	au	vrut	0.032609
n	o	să	0.366667
n	o	sa	0.166667
n	o	mai	0.100000
n	r	a	0.098765
n	r	în	0.074074
n	r	pentru	0.049383
n	r	la	0.037037
n	r	și	0.037037
n	r	de	0.037037
n	r	când	0.037037
naturale	a	fost	0.333333
naturale	din	rusia	0.384615
naturale	în	europa	0.333333
nave	de	război	0.500000
necesar	a	fi	0.500000
necesar	pentru	a	0.500000
necesar	pentru	că	0.150000
necesar	să	se	0.176471
necesare	astfel	încât	1.000000
necesare	pentru	a	0.645833
necesare	pentru	ca	0.083333
necesare	unei	bune	1.000000
nevoit	să	se	0.151515
nevoit	să	își	0.090909
nevoit	să	treacă	0.090909
nevoit	să	și	0.090909
niciodată	nu	a	0.142857
niciodată	nu	am	0.114286
niciodată	nu	m	0.085714
niciodată	pentru	că	0.750000
nimic	a	declarat	0.428571
nimic	altceva	decât	0.375000
nimic	ca	să	0.800000
nimic	de	a	0.218750
nimic	de	pierdut	0.187500
nimic	de	la	0.093750
nimic	din	toate	0.304348
nimic	din	ceea	0.130435
nimic	din	ce	0.130435
nimic	mai	mult	0.583333
nimic	nu	se	0.169811
nimic	nu	este	0.169811
nimic	nu	s	0.094340
nimic	nu	a	0.075472
nimic	nu	e	0.056604
nimic	pentru	a	0.529412
nimic	pentru	că	0.176471
nimic	în	neregulă	0.142857
nimic	în	comun	0.142857
nivel	cu	calea	0.833333
nivel	de	trai	0.105263
nivel	de	la	0.070175
nivel	de	alertă	0.052632
nivel	din	ultimii	0.428571
nivel	naţional	au	0.444444
nivel	naţional	prin	0.148148
nivelul	de	trai	0.257143
nivelul	de	pe	0.085714
nivelul	de	pregătire	0.085714
nivelul	la	care	1.000000
nivelul	întregii	ţări	0.857143
noaptea	de	sâmbătă	0.177083
noaptea	de	spre	0.135417
noaptea	de	miercuri	0.104167
noaptea	de	joi	0.104167
noaptea	de	vineri	0.093750
noaptea	de	luni	0.072917
noaptea	de	duminică	0.062500
noaptea	de	marţi	0.041667
noaptea	de	anul	0.041667
noaptea	dintre	ani	1.000000
noaptea	în	jurul	0.300000
noaptea	în	care	0.300000
noastre	a	fost	0.272727
noastre	au	fost	0.375000
noastre	de	a	0.307692
noastre	în	acest	0.307692
noi	a	spus	0.363636
noi	a	fost	0.136364
noi	am	făcut	0.085714
noi	am	fost	0.071429
noi	am	facut	0.057143
noi	am	avut	0.042857
noi	avem	nevoie	0.178571
noi	avem	o	0.107143
noi	cazuri	de	0.846154
noi	cei	care	0.333333
noi	cei	din	0.333333
noi	credem	că	1.000000
noi	de	persoane	0.576923
noi	de	la	0.076923
noi	detalii	despre	0.666667
noi	in	tara	0.300000
noi	informații	despre	0.800000
noi	le	am	0.500000
noi	locuri	de	0.857143
noi	măsuri	pentru	0.444444
noi	măsuri	de	0.333333
noi	ne	am	0.458333
noi	nu	avem	0.189189
noi	nu	ne	0.121622
noi	nu	am	0.094595
noi	nu	suntem	0.067568
noi	nu	vrem	0.054054
noi	nu	putem	0.054054
noi	nu	vom	0.040541
noi	nu	s	0.040541
noi	pe	care	0.300000
noi	poftiţi	prin	1.000000
noi	până	la	1.000000
noi	sa	ne	0.571429
noi	suntem	mai	0.120000
noi	suntem	foarte	0.120000
noi	să	ne	0.190476
noi	să	facem	0.142857
noi	tipuri	de	1.000000
noi	trebuie	să	0.909091
noi	vrem	să	0.800000
noi	în	ţară	0.138889
noi	în	ultimele	0.083333
noi	încercăm	să	1.000000
noi	și	de	0.108696
noi	și	să	0.086957
noi	și	noi	0.086957
noi	știm	că	0.500000
normal	să	fie	0.176471
normal	să	se	0.176471
noul	antrenor	al	0.750000
noul	pachet	de	1.000000
noul	proiect	de	0.800000
noul	proprietar	al	1.000000
noștri	au	fost	0.444444
noștri	care	au	0.300000
nucleare	de	la	0.500000
nucleare	pentru	a	1.000000
nucleară	de	la	0.857143
nucleară	din	europa	1.000000
nunta	lui	george	0.833333
născut	la	moscova	0.187500
născut	la	iunie	0.187500
născut	în	anul	0.166667
oamenilor	a	fost	0.428571
oamenilor	care	au	0.333333
oamenilor	de	afaceri	0.421053
oamenilor	de	a	0.157895
oamenilor	din	mediul	0.333333
oamenilor	mai	ales	1.000000
oare	de	ce	0.833333
obiecte	de	valoare	0.272727
ocazia	de	a	1.000000
ocazia	să	vadă	0.176471
ocazia	să	și	0.088235
ocazia	să	le	0.088235
ocazia	zilei	de	0.571429
octombrie	a	c	0.272727
octombrie	a	acestui	0.136364
octombrie	anul	trecut	0.750000
octombrie	de	la	0.461538
octombrie	la	ora	0.166667
octombrie	în	jurul	0.545455
octombrie	şi	noiembrie	0.300000
octombrie	și	noiembrie	0.428571
ocupat	locul	doi	0.600000
ocupă	de	acest	0.157895
ocupă	de	caz	0.157895
ocupă	locul	în	0.368421
ocupă	locul	la	0.157895
ocupă	un	loc	0.800000
odată	ce	ai	0.095238
odată	ce	s	0.071429
odată	ce	au	0.071429
odată	ce	se	0.071429
odată	cu	intrarea	0.084746
odată	cu	trecerea	0.084746
odată	cu	ea	0.050847
of	the	dog	0.500000
oferă	acces	la	0.500000
oferă	de	asemenea	0.400000
oferă	o	mulțime	0.148148
oferă	o	oportunitate	0.111111
oferă	posibilitatea	de	0.571429
oferă	servicii	de	0.625000
oficială	de	facebook	0.500000
omului	de	afaceri	0.777778
ora	a	m	0.230769
ora	de	vară	0.263158
ora	de	iarnă	0.263158
ora	la	casa	0.209302
ora	la	nivel	0.139535
ora	pe	strada	0.333333
ora	proba	scrisă	0.461538
ora	proba	interviu	0.307692
ora	proba	practică	0.230769
ora	până	duminică	0.307692
ora	până	la	0.307692
ora	sau	până	0.500000
ora	se	va	0.500000
ora	va	avea	0.789474
ora	vor	fi	0.428571
ora	în	sala	0.233333
ora	în	zona	0.100000
ora	și	va	0.315789
ordin	de	ministru	0.454545
oricât	de	mult	0.333333
oră	de	la	0.312500
oră	mai	târziu	0.571429
oră	pe	autostrada	0.428571
oră	înainte	de	0.800000
oră	şi	jumătate	0.300000
oră	și	de	0.269231
oră	și	minute	0.230769
oră	și	jumătate	0.153846
pace	a	spus	0.500000
pace	cu	rusia	0.500000
pace	de	la	0.888889
pace	între	rusia	0.800000
pachet	de	ajutor	0.416667
pană	de	curent	0.666667
pare	a	fi	0.791667
pare	a	se	0.125000
pare	ciudat	ca	0.750000
pare	că	nu	0.072917
pare	că	ar	0.062500
pare	că	și	0.062500
pare	că	a	0.036458
pare	că	în	0.026042
pare	că	este	0.026042
pare	că	se	0.020833
pare	că	nici	0.020833
pare	că	există	0.020833
pare	că	acest	0.020833
pare	că	de	0.015625
pare	că	o	0.015625
pare	că	bărbatul	0.015625
pare	din	ce	1.000000
pare	rau	ca	0.375000
pare	rău	că	0.333333
pare	rău	pentru	0.166667
pare	rău	de	0.125000
pare	sa	fie	0.500000
pare	să	fie	0.295775
pare	să	fi	0.225352
pare	să	se	0.154930
pare	să	aibă	0.056338
pare	să	meargă	0.042254
pare	însă	că	0.600000
partenerul	de	viață	0.800000
partenerul	ei	de	0.375000
pas	a	fost	0.750000
pas	cu	pas	0.958333
pas	de	a	0.500000
pas	de	moarte	0.181818
pas	important	către	0.307692
pas	important	pentru	0.230769
pas	important	în	0.230769
pas	mai	aproape	0.800000
pas	spre	o	0.600000
pas	va	fi	0.750000
pas	în	spate	0.444444
patra	doză	de	0.750000
patru	ani	de	0.200000
patru	ani	pentru	0.090909
patru	ani	mai	0.090909
patru	ani	după	0.072727
patru	ani	a	0.072727
patru	ani	în	0.054545
patru	ani	şi	0.054545
patru	ani	înainte	0.054545
patru	au	fost	0.750000
patru	de	aur	0.428571
patru	dintre	cele	0.416667
patru	luni	de	0.300000
patru	luni	din	0.150000
patru	milioane	de	0.750000
patru	ori	mai	0.565217
patru	ori	pe	0.130435
patru	persoane	au	0.636364
patru	până	la	1.000000
patru	rachete	de	0.750000
patru	zile	de	0.250000
patru	zile	mai	0.125000
patul	de	spital	0.875000
pedeapsă	cu	închisoarea	0.600000
pedeapsă	de	ani	0.416667
permisul	de	conducere	0.947368
persoane	au	fost	0.618280
persoane	au	murit	0.193548
persoane	au	primit	0.026882
persoane	au	avut	0.026882
persoane	au	intrat	0.016129
persoane	care	au	0.379747
persoane	care	se	0.101266
persoane	care	nu	0.101266
persoane	care	sunt	0.050633
persoane	care	lucrează	0.050633
persoane	care	este	0.037975
persoane	care	ar	0.037975
persoane	cu	mai	0.324324
persoane	cu	o	0.108108
persoane	cu	probleme	0.081081
persoane	cu	care	0.081081
persoane	din	care	0.129032
persoane	dintre	care	0.954545
persoane	fizice	şi	0.166667
persoane	fizice	și	0.166667
persoane	iar	în	0.300000
persoane	nu	au	0.500000
persoane	pe	care	0.375000
persoane	pentru	a	0.666667
persoane	printre	care	1.000000
persoane	s	au	0.916667
persoane	se	află	0.875000
persoane	un	bărbat	0.600000
persoane	vor	fi	0.750000
persoane	în	vârstă	0.129032
persoane	între	care	1.000000
persoane	şi	au	0.333333
persoane	și	au	0.521739
persoanele	care	au	0.250000
persoanele	care	nu	0.125000
persoanele	care	se	0.100000
persoanele	care	doresc	0.062500
persoanele	care	vor	0.050000
persoanele	care	suferă	0.037500
persoanele	cu	vârsta	0.333333
persoanele	de	același	0.333333
persoanele	fizice	și	0.272727
persoanele	în	vârstă	0.777778
personal	care	să	0.800000
petreacă	timpul	liber	0.750000
petrecere	a	timpului	1.000000
petrecut	alături	de	1.000000
petrecut	în	timpul	0.136364
pic	mai	mult	0.230769
pietre	la	rinichi	1.000000
place	ceea	ce	1.000000
place	foarte	mult	1.000000
place	sau	nu	0.750000
place	să	se	0.102564
place	să	fiu	0.076923
place	să	ne	0.076923
plajă	și	a	0.428571
planuri	de	viitor	0.166667
planuri	de	a	0.166667
plată	de	la	0.500000
pleacă	de	la	0.900000
pleacă	în	străinătate	0.375000
plimbare	cu	mașina	0.428571
plină	de	evenimente	0.120000
poarta	de	intrare	0.750000
poate	a	fost	0.666667
poate	ajunge	la	0.280000
poate	ajunge	până	0.200000
poate	ajunge	în	0.120000
poate	ajuta	la	0.434783
poate	ajuta	să	0.217391
poate	ar	trebui	0.461538
poate	ar	fi	0.384615
poate	avea	un	0.281250
poate	avea	o	0.156250
poate	avea	efecte	0.093750
poate	ca	nu	0.217391
poate	cea	mai	1.000000
poate	cel	mai	1.000000
poate	chiar	și	0.150000
poate	chiar	mai	0.150000
poate	conduce	la	0.600000
poate	că	nu	0.127273
poate	că	în	0.072727
poate	de	clar	0.214286
poate	decât	să	1.000000
poate	deveni	un	0.230769
poate	duce	la	0.640000
poate	duce	în	0.160000
poate	e	mai	0.444444
poate	face	să	0.115942
poate	face	nimic	0.086957
poate	face	în	0.057971
poate	fi	un	0.076159
poate	fi	o	0.066225
poate	fi	folosit	0.056291
poate	fi	de	0.039735
poate	fi	văzut	0.033113
poate	fi	mai	0.033113
poate	fi	vorba	0.029801
poate	fi	folosită	0.026490
poate	fi	văzută	0.019868
poate	fi	și	0.016556
poate	fi	în	0.013245
poate	fi	explicat	0.009934
poate	fi	pusă	0.009934
poate	fi	ceva	0.009934
poate	fi	oprit	0.009934
poate	fi	dificil	0.009934
poate	fi	decât	0.009934
poate	fi	modificat	0.009934
poate	fi	doar	0.009934
poate	fi	însă	0.009934
poate	fi	considerat	0.009934
poate	intra	în	0.800000
poate	merge	pe	0.285714
poate	mândri	cu	1.000000
poate	observa	cum	0.312500
poate	observa	și	0.187500
poate	oferi	un	0.250000
poate	pentru	a	0.454545
poate	pentru	că	0.363636
poate	provoca	boli	0.500000
poate	realiza	cu	0.428571
poate	sau	nu	0.800000
poate	scăpa	de	1.000000
poate	spune	că	0.379310
poate	spune	despre	0.137931
poate	să	fie	0.205607
poate	să	facă	0.084112
poate	să	se	0.056075
poate	să	și	0.046729
poate	să	i	0.046729
poate	să	l	0.037383
poate	să	ne	0.028037
poate	să	o	0.028037
poate	să	nu	0.028037
poate	să	ia	0.028037
poate	vorbi	de	0.454545
poate	vorbi	despre	0.272727
poate	vrei	să	1.000000
poate	și	mai	0.190476
politic	de	la	0.600000
poliţişti	din	cadrul	0.800000
poliţişti	după	ce	1.000000
pop	a	fost	0.500000
pornesc	de	la	1.000000
pornit	de	la	0.500000
pornit	de	rusia	0.250000
pornit	după	ce	0.833333
posibilul	pentru	a	0.857143
pot	ajunge	la	0.269231
pot	ajunge	până	0.269231
pot	ajuta	să	0.428571
pot	apărea	și	0.187500
pot	avea	un	0.166667
pot	avea	și	0.125000
pot	aștepta	la	0.600000
pot	baza	pe	1.000000
pot	bucura	de	0.625000
pot	concentra	pe	1.000000
pot	continua	să	0.666667
pot	duce	la	0.809524
pot	dura	până	0.750000
pot	face	pe	0.068493
pot	face	față	0.054795
pot	face	până	0.054795
pot	face	ca	0.041096
pot	face	ce	0.041096
pot	face	în	0.041096
pot	face	mai	0.041096
pot	face	și	0.041096
pot	fi	folosite	0.158879
pot	fi	puse	0.084112
pot	fi	de	0.084112
pot	fi	foarte	0.046729
pot	fi	ușor	0.037383
pot	fi	mai	0.037383
pot	fi	găsite	0.037383
pot	fi	luate	0.028037
pot	folosi	în	0.250000
pot	intra	în	0.500000
pot	obține	un	0.250000
pot	participa	la	0.857143
pot	pentru	a	0.600000
pot	pune	în	0.250000
pot	pune	viața	0.250000
pot	spune	că	0.451613
pot	să	spun	0.113821
pot	să	vă	0.056911
pot	să	se	0.048780
pot	să	nu	0.048780
pot	să	și	0.040650
pot	să	fie	0.040650
pot	să	facă	0.032520
pot	să	i	0.032520
pot	să	am	0.032520
pot	să	fiu	0.032520
pot	să	zic	0.024390
pot	să	mă	0.024390
pot	să	cred	0.024390
pot	să	o	0.024390
potrivită	pentru	a	0.375000
poveste	de	dragoste	0.500000
poveste	de	iubire	0.187500
poveste	de	viață	0.125000
poziţia	a	treia	0.500000
poziţia	a	a	0.300000
preferat	să	nu	0.352941
preferat	să	meargă	0.176471
pregătită	pentru	un	0.230769
presiune	pentru	a	1.000000
presus	de	orice	0.333333
presus	de	toate	0.200000
prezentat	la	sediul	0.166667
prezintă	semne	de	1.000000
prezintă	un	risc	0.363636
pricep	de	ce	0.800000
primele	cinci	luni	0.800000
primele	două	locuri	0.200000
primele	două	luni	0.200000
primele	două	echipe	0.150000
primele	gaze	din	1.000000
primele	imagini	cu	0.400000
primele	imagini	de	0.250000
primele	imagini	din	0.150000
primele	informații	se	0.300000
primele	luni	ale	0.531250
primele	luni	din	0.250000
primele	luni	de	0.187500
primele	nouă	luni	0.928571
primele	ore	ale	0.761905
primele	patru	luni	0.833333
primele	rezultate	ale	1.000000
primele	trei	luni	0.500000
primele	zile	ale	0.392857
primele	zile	de	0.250000
primele	zile	din	0.107143
primele	șase	luni	1.000000
primit	de	la	0.727273
primit	de	euro	0.090909
primit	din	partea	0.833333
primit	mai	multe	0.571429
primit	niciun	răspuns	0.800000
primit	peste	de	0.600000
primit	prima	doză	1.000000
primit	până	acum	0.750000
primit	un	apel	0.192308
primit	un	mesaj	0.153846
privat	și	public	0.600000
privind	crimele	de	1.000000
privind	războiul	din	1.000000
privind	securitatea	la	0.500000
probabil	ca	a	0.075000
probabil	cea	mai	1.000000
probabil	cel	mai	1.000000
probabil	că	nu	0.117647
probabil	că	o	0.058824
probabil	că	și	0.058824
probabil	din	cauza	0.571429
probabil	nu	va	0.307692
probabil	să	se	0.176471
probabil	să	fie	0.176471
probabil	va	fi	0.545455
problemă	a	spus	0.333333
problemă	cu	care	0.300000
problemă	de	securitate	0.230769
problemă	de	sănătate	0.230769
problemă	este	că	0.428571
produs	de	compania	0.187500
produs	din	cauza	0.555556
produs	la	o	0.250000
produs	pe	strada	0.214286
produs	un	accident	0.375000
produs	vineri	după	0.375000
produs	în	noaptea	0.151515
produs	în	parte	0.121212
produs	în	zona	0.090909
produs	între	două	0.500000
proiectul	a	fost	0.590909
proiectul	de	lege	0.829268
proiectul	s	a	1.000000
proiectul	va	fi	0.428571
propunere	de	arestare	0.555556
provin	de	la	1.000000
provine	de	la	1.000000
publice	a	unui	0.714286
publice	de	către	0.333333
pui	de	somn	0.428571
punct	de	vedere	0.868852
punct	de	trecere	0.028689
punct	de	plecare	0.012295
punct	de	pe	0.012295
punct	de	control	0.012295
punct	în	care	0.600000
puncte	de	vedere	0.309524
puncte	de	lucru	0.119048
puncte	de	trecere	0.071429
puncte	de	acces	0.071429
puncte	din	posibile	0.285714
puncte	din	cauza	0.214286
puncte	faţă	de	1.000000
puncte	în	timp	0.200000
puncte	și	ocupă	0.375000
punctele	de	trecere	0.393939
punctele	de	vedere	0.363636
punctul	acesta	de	1.000000
punctul	de	vedere	0.397436
punctul	de	trecere	0.230769
punctul	de	lucru	0.102564
punctul	de	a	0.089744
punctul	de	pensie	0.064103
punctul	lor	de	1.000000
punctul	meu	de	0.956522
punctul	său	de	1.000000
pună	mâna	pe	1.000000
pună	în	valoare	0.461538
pur	in	aerul	1.000000
pur	si	simplu	1.000000
pur	în	aerul	0.951220
pur	şi	simplu	1.000000
pur	și	simplu	0.988372
pusă	la	punct	0.250000
putea	ajunge	la	0.450000
putea	ajunge	în	0.250000
putea	ajuta	la	0.444444
putea	avea	un	0.214286
putea	avea	loc	0.166667
putea	avea	o	0.119048
putea	avea	nevoie	0.071429
putea	bucura	de	0.692308
putea	chiar	să	0.800000
putea	crea	probleme	0.333333
putea	deveni	un	0.375000
putea	duce	la	0.875000
putea	dura	luni	0.400000
putea	face	față	0.117647
putea	face	să	0.088235
putea	face	în	0.088235
putea	fi	o	0.066327
putea	fi	un	0.066327
putea	fi	mai	0.056122
putea	fi	în	0.045918
putea	fi	de	0.035714
putea	fi	folosit	0.025510
putea	fi	folosite	0.020408
putea	fi	una	0.020408
putea	fi	folosită	0.015306
putea	fi	făcută	0.015306
putea	fi	ceva	0.015306
putea	fi	pusă	0.015306
putea	ieși	din	0.750000
putea	intra	în	0.769231
putea	participa	la	0.800000
putea	primi	de	0.272727
putea	provoca	o	0.600000
putea	pune	la	0.375000
putea	spune	că	0.384615
putea	să	nu	0.113744
putea	să	se	0.099526
putea	să	fie	0.075829
putea	să	te	0.071090
putea	să	le	0.033175
putea	să	facă	0.033175
putea	să	o	0.028436
putea	să	își	0.028436
putea	să	aibă	0.028436
putea	să	fii	0.023697
putea	să	și	0.018957
putea	să	mai	0.018957
putea	să	vă	0.018957
putea	să	ai	0.014218
putea	să	îți	0.014218
putea	să	i	0.014218
putea	să	descoperi	0.014218
putea	încerca	să	1.000000
putem	doar	să	0.750000
putem	face	pentru	0.200000
putem	permite	ca	0.500000
putem	spune	că	0.633333
putem	să	ne	0.113636
putem	să	facem	0.090909
putem	să	îl	0.068182
putem	să	nu	0.068182
putem	să	avem	0.068182
putem	vorbi	de	0.500000
putem	vorbi	despre	0.416667
putere	de	decizie	0.166667
putere	de	muncă	0.166667
putere	de	luptă	0.166667
putin	a	declarat	0.149254
putin	a	semnat	0.067164
putin	a	anunţat	0.059701
putin	a	fost	0.059701
putin	a	spus	0.052239
putin	a	avertizat	0.029851
putin	a	ordonat	0.029851
putin	a	cerut	0.029851
putin	a	dat	0.029851
putin	a	lansat	0.022388
putin	a	schimbat	0.022388
putin	a	avut	0.022388
putin	a	ales	0.022388
putin	a	vorbit	0.022388
putin	ar	putea	0.407407
putin	ar	fi	0.370370
putin	ar	avea	0.111111
putin	continuă	să	1.000000
putin	cu	privire	0.333333
putin	de	a	0.314286
putin	de	la	0.171429
putin	de	de	0.114286
putin	e	un	0.300000
putin	este	un	0.130435
putin	este	o	0.130435
putin	i	a	0.866667
putin	l	a	1.000000
putin	le	a	0.750000
putin	nu	va	0.188679
putin	nu	a	0.150943
putin	nu	este	0.056604
putin	o	sa	0.571429
putin	pe	februarie	0.266667
putin	pentru	a	0.666667
putin	s	a	0.571429
putin	s	au	0.214286
putin	se	află	0.250000
putin	se	va	0.200000
putin	se	teme	0.150000
putin	să	folosească	0.100000
putin	să	facă	0.100000
putin	trebuie	să	0.600000
putin	încearcă	să	1.000000
putin	şi	a	0.375000
putin	și	a	0.468750
puţine	faţă	de	1.000000
puțin	de	de	0.213740
puțin	de	o	0.122137
puțin	de	un	0.076336
puțin	de	persoane	0.061069
puțin	de	milioane	0.038168
puțin	de	oameni	0.030534
puțin	de	două	0.030534
puțin	de	copii	0.030534
puțin	de	jumătate	0.030534
puțin	de	ore	0.022901
puțin	de	civili	0.022901
puțin	de	ani	0.022901
puțin	de	din	0.022901
puțin	decât	în	0.764706
puțin	față	de	1.000000
puțin	mai	mult	0.181818
puțin	o	dată	0.357143
puțin	peste	milioane	0.217391
puțin	peste	de	0.217391
puțin	peste	o	0.173913
puțin	probabil	să	0.533333
puțin	probabil	ca	0.466667
puțin	până	la	0.555556
puțin	timp	înainte	0.240000
puțin	timp	după	0.160000
puțin	timp	în	0.120000
puțin	înainte	de	0.750000
pâine	și	sare	0.666667
păcate	astăzi	nu	1.000000
păcate	nu	am	0.142857
păcate	nu	au	0.142857
păcate	nu	s	0.142857
păcii	și	a	0.750000
părea	a	fi	1.000000
părea	să	fie	0.166667
părea	să	se	0.166667
părea	să	nu	0.125000
părea	să	fi	0.125000
rachetă	a	lovit	0.333333
radio	europa	liberă	1.000000
ramane	fara	energie	0.600000
ramas	la	fel	1.000000
rapid	pentru	a	0.750000
rapid	şi	să	0.666667
rapidă	a	unui	0.375000
raportat	de	asemenea	0.400000
raportat	peste	de	1.000000
rau	de	tot	0.600000
refer	aici	la	1.000000
refuzat	să	se	0.105263
refuzat	să	fie	0.087719
refuzat	să	răspundă	0.087719
refuzat	să	oprească	0.052632
refuzat	să	plătească	0.052632
refuzat	să	l	0.052632
refuzat	să	mai	0.052632
refuzat	să	ofere	0.052632
refuzat	transportul	la	1.000000
repede	și	să	0.300000
respect	față	de	1.000000
restul	de	de	0.230769
restul	lumii	se	0.600000
restul	timpului	se	1.000000
retragerea	de	la	0.750000
retras	de	la	0.800000
reuşit	să	se	0.090909
reuşit	să	şi	0.072727
reuşit	să	câştige	0.054545
reuşit	să	obţină	0.054545
revenit	cu	o	0.571429
revenit	la	normal	0.136364
revină	la	normal	0.250000
rezerva	de	apă	0.555556
rezolve	cât	mai	1.000000
rezultate	foarte	bune	1.000000
rezultate	în	urma	0.571429
reţinut	de	poliţişti	0.400000
reţinut	pentru	de	0.750000
ridică	la	de	0.296296
ridică	la	milioane	0.185185
ridică	la	peste	0.111111
ridică	semne	de	0.800000
risc	crescut	de	1.000000
risc	de	a	0.500000
risc	mai	mare	0.666667
risc	major	pentru	0.750000
risc	ridicat	de	0.375000
robert	a	fost	0.600000
rog	din	suflet	1.000000
rog	sa	ma	0.500000
rog	să	nu	0.150000
rog	să	ne	0.150000
rol	foarte	important	1.000000
rol	important	în	0.700000
rol	principal	în	0.500000
roman	a	fost	0.750000
rămâne	de	văzut	0.947368
rămâne	doar	un	0.600000
rămâne	în	istorie	0.146341
rămâne	în	continuare	0.121951
rămâne	în	urmă	0.073171
răspunde	la	întrebări	0.250000
răspuns	că	nu	0.187500
răspuns	de	la	0.857143
răspuns	imediat	unei	0.666667
răspuns	la	o	0.073171
răspuns	la	întrebările	0.073171
războiul	ar	fi	0.750000
războiul	cu	rusia	0.833333
războiul	dintre	rusia	0.800000
războiul	lui	putin	1.000000
războiul	pe	care	0.600000
războiul	pornit	de	1.000000
războiul	s	a	0.600000
războiul	se	va	0.636364
sa	a	fost	0.415094
sa	a	rămas	0.056604
sa	ai	o	0.150000
sa	aiba	o	0.090909
sa	ajunga	la	0.190476
sa	ajunga	in	0.142857
sa	au	fost	0.750000
sa	care	a	0.444444
sa	cred	ca	1.000000
sa	crezi	ca	0.571429
sa	de	facebook	0.386555
sa	de	a	0.126050
sa	de	la	0.067227
sa	de	sănătate	0.033613
sa	de	ani	0.025210
sa	de	pe	0.025210
sa	dea	o	0.100000
sa	dea	inapoi	0.100000
sa	dea	din	0.100000
sa	faca	ce	0.095238
sa	faca	ceva	0.063492
sa	faca	o	0.063492
sa	faca	ordine	0.047619
sa	faca	din	0.047619
sa	fi	fost	0.352941
sa	fie	la	0.050000
sa	fie	un	0.035714
sa	fie	cu	0.035714
sa	fie	mai	0.035714
sa	fie	razboi	0.028571
sa	fie	o	0.028571
sa	fie	si	0.028571
sa	fie	in	0.021429
sa	fie	dar	0.021429
sa	fie	gata	0.021429
sa	i	faca	0.083333
sa	i	se	0.083333
sa	i	dea	0.069444
sa	i	dau	0.041667
sa	i	mai	0.041667
sa	i	fie	0.041667
sa	intre	in	0.631579
sa	intre	pe	0.157895
sa	isi	faca	0.304348
sa	isi	dea	0.217391
sa	l	vad	0.107143
sa	l	faca	0.107143
sa	le	faca	0.140000
sa	le	dea	0.080000
sa	le	fie	0.060000
sa	li	se	1.000000
sa	lucreze	cu	0.333333
sa	ma	duc	0.272727
sa	mai	faca	0.125000
sa	mai	multe	0.093750
sa	mai	fie	0.093750
sa	mearga	cu	0.235294
sa	mearga	in	0.235294
sa	moara	de	0.200000
sa	n	o	1.000000
sa	ne	mai	0.108696
sa	ne	faca	0.086957
sa	ne	dam	0.065217
sa	ne	fie	0.065217
sa	nu	mai	0.152632
sa	nu	fie	0.100000
sa	nu	se	0.089474
sa	nu	ne	0.042105
sa	nu	uitam	0.042105
sa	nu	le	0.036842
sa	nu	te	0.036842
sa	nu	va	0.026316
sa	nu	ii	0.026316
sa	nu	fi	0.021053
sa	nu	a	0.021053
sa	nu	si	0.015789
sa	nu	i	0.015789
sa	nu	l	0.015789
sa	nu	o	0.015789
sa	nu	fim	0.015789
sa	o	faca	0.156250
sa	o	ia	0.125000
sa	o	spuna	0.093750
sa	plece	la	0.150000
sa	s	a	0.750000
sa	scape	de	0.714286
sa	se	faca	0.071429
sa	se	mai	0.059524
sa	se	duca	0.059524
sa	se	schimbe	0.047619
sa	se	intample	0.035714
sa	se	apere	0.035714
sa	se	vada	0.035714
sa	si	faca	0.150000
sa	si	ia	0.125000
sa	si	dea	0.075000
sa	si	vada	0.075000
sa	speram	ca	0.666667
sa	spui	ca	0.750000
sa	spun	ca	0.750000
sa	stea	in	0.272727
sa	stii	ca	0.666667
sa	te	astepti	0.078431
sa	te	mai	0.078431
sa	te	ajute	0.058824
sa	te	uiti	0.058824
sa	te	duci	0.058824
sa	ti	fie	0.136364
sa	trebuie	să	1.000000
sa	va	fie	0.135135
sa	va	spun	0.081081
sa	vad	daca	0.214286
sa	vedem	ce	0.259259
sa	vedem	cum	0.148148
sa	vedem	daca	0.111111
sa	vedeti	ca	0.272727
sa	vezi	ce	0.280000
sa	vezi	ca	0.160000
sa	vezi	cum	0.120000
sa	vezi	cand	0.120000
sa	vina	cu	0.210526
sa	vina	sa	0.157895
sa	vizită	la	0.750000
sa	zicem	ca	0.500000
sa	în	vârstă	0.115385
sa	în	aceste	0.115385
sa	în	care	0.115385
sa	și	a	0.222222
sală	de	jocuri	0.304348
sală	de	sport	0.173913
schimb	de	prizonieri	0.444444
scoate	la	iveală	0.400000
scoate	la	lumină	0.300000
scoate	mă	de	0.750000
scopul	de	a	0.933333
scopul	este	ca	0.272727
scopul	nostru	este	0.700000
scopul	pentru	care	1.000000
scopul	principal	al	0.600000
scurtă	perioadă	de	0.571429
scurtă	vreme	după	0.600000
scăpat	cu	viață	0.555556
scăpat	de	sub	0.384615
scăpat	singur	cu	0.428571
seară	a	fost	0.750000
seară	de	la	0.562500
seară	de	seară	0.187500
seară	la	ora	0.272727
secretar	de	stat	1.000000
secretar	general	al	0.611111
secretar	general	adjunct	0.222222
sectorul	a	scris	0.600000
securitate	de	la	0.583333
securitate	la	incendiu	0.375000
semnat	contractul	pentru	0.500000
semnat	contractul	de	0.222222
semnat	un	contract	0.421053
semnat	un	acord	0.210526
sentimentele	pe	care	1.000000
sentimentul	de	a	0.363636
servicii	de	transport	0.166667
servicii	mai	bune	0.750000
serviciile	de	informații	0.428571
serviciile	de	securitate	0.200000
serviciile	de	informaţii	0.114286
sfânta	maria	din	0.428571
sfârșitul	acestei	săptămâni	0.571429
sfârșitul	acestei	luni	0.428571
sfârșitul	acestui	an	0.875000
sfârșitul	anului	trecut	0.291667
sfârșitul	anului	și	0.125000
sfârșitul	celui	de	1.000000
sfârșitul	lunii	martie	0.161290
sfârșitul	lunii	iunie	0.129032
sfârșitul	lunii	februarie	0.112903
sfârșitul	lunii	iulie	0.112903
sfârșitul	lunii	mai	0.080645
sfârșitul	lunii	august	0.080645
sfârșitul	lunii	octombrie	0.064516
sfârșitul	lunii	decembrie	0.048387
sfârșitul	lunii	septembrie	0.048387
sfârșitul	lunii	ianuarie	0.048387
sfârșitul	lunii	aprilie	0.048387
sfârșitul	secolului	al	1.000000
sfârșitul	săptămânii	trecute	0.687500
siguranţă	o	să	0.750000
sistemele	de	rachete	0.176471
sistemele	de	apărare	0.176471
sistemului	de	apă	0.200000
situaţia	de	la	0.300000
situaţia	s	a	1.000000
situaţia	în	care	1.000000
social	media	a	0.147059
social	media	și	0.147059
social	media	în	0.088235
social	media	din	0.088235
sociale	a	fost	0.500000
sociale	au	fost	0.500000
sociale	de	sănătate	0.500000
soldat	cu	cel	0.222222
soldat	cu	de	0.166667
soldat	cu	moartea	0.166667
soldat	rus	a	0.300000
somnul	de	veci	0.750000
spania	a	fost	0.444444
spania	italia	și	0.750000
spate	pentru	a	1.000000
special	a	celor	0.428571
special	cei	din	1.000000
special	pentru	a	0.230769
special	în	zona	0.093023
special	în	ceea	0.069767
special	în	zonele	0.069767
spiritele	s	au	1.000000
sprijin	de	la	0.500000
sprijin	din	partea	0.875000
sprijin	pentru	a	0.307692
spun	acest	lucru	1.000000
spun	asta	pentru	0.600000
spun	ca	nu	0.142857
spun	ca	e	0.142857
spun	cei	de	0.666667
spun	că	nu	0.123711
spun	că	în	0.056701
spun	că	au	0.056701
spun	că	este	0.046392
spun	că	s	0.036082
spun	că	sunt	0.025773
spun	că	la	0.025773
spun	că	ar	0.025773
spun	că	trebuie	0.020619
spun	că	o	0.020619
spun	că	din	0.020619
spun	că	am	0.020619
spun	că	un	0.015464
spun	că	le	0.015464
spun	că	dacă	0.015464
spun	că	pe	0.015464
spun	că	acesta	0.015464
spun	că	cel	0.015464
spună	că	nu	0.333333
spus	cât	de	1.000000
spus	că	nu	0.111517
spus	că	a	0.084095
spus	că	este	0.069470
spus	că	în	0.038391
spus	că	se	0.029250
spus	că	va	0.020110
spus	că	s	0.018282
spus	că	sunt	0.018282
spus	că	o	0.014625
spus	că	au	0.014625
spus	că	trebuie	0.014625
spus	că	ar	0.012797
spus	că	ei	0.010969
spus	că	războiul	0.010969
spus	că	și	0.010969
spus	că	are	0.010969
spus	că	există	0.009141
spus	că	el	0.009141
spus	că	un	0.009141
spus	că	aceste	0.009141
spus	că	cel	0.007313
spus	că	pe	0.007313
spus	că	peste	0.007313
spus	că	l	0.007313
spus	că	până	0.007313
spus	că	de	0.007313
spus	că	toate	0.007313
spus	că	dacă	0.007313
spus	că	am	0.007313
spus	că	îi	0.005484
spus	de	multe	0.181818
spus	de	la	0.181818
spus	de	asemenea	0.136364
spus	el	pentru	0.214286
spus	foarte	clar	0.857143
spus	la	rândul	0.333333
spus	liderul	de	0.750000
spus	lucrurilor	pe	1.000000
spus	să	nu	0.235294
spus	un	oficial	0.375000
spus	un	alt	0.187500
spus	un	înalt	0.187500
spus	unul	dintre	1.000000
spus	și	el	0.272727
sta	treaba	cu	0.750000
standard	este	de	0.600000
stare	bună	de	0.750000
stare	critică	a	0.272727
stare	de	spirit	0.116279
stare	de	bine	0.116279
stare	de	alertă	0.116279
stare	de	arest	0.069767
stare	de	şoc	0.069767
stare	de	urgenţă	0.069767
stare	de	sănătate	0.069767
stare	de	libertate	0.069767
stare	extrem	de	1.000000
stare	foarte	gravă	0.800000
stare	gravă	la	0.375000
stare	gravă	după	0.208333
starea	de	sănătate	0.430556
starea	de	alertă	0.236111
starea	de	spirit	0.152778
starea	de	bine	0.069444
starea	de	urgenţă	0.041667
starea	lor	de	0.800000
starea	lui	de	0.750000
starea	sa	de	0.800000
starea	ta	de	1.000000
starea	în	care	1.000000
statele	unite	au	0.139665
statele	unite	ale	0.117318
statele	unite	și	0.106145
statele	unite	şi	0.061453
statele	unite	a	0.044693
statele	unite	nu	0.039106
statele	unite	vor	0.033520
statele	unite	în	0.033520
statele	unite	care	0.022346
statele	unite	sunt	0.016760
statele	unite	pe	0.016760
statele	unite	marea	0.016760
statele	unite	din	0.016760
statele	unite	este	0.016760
statele	unite	canada	0.016760
statele	unite	pentru	0.016760
statele	unite	pot	0.016760
statele	unite	regatul	0.016760
statelor	unite	ale	0.200000
statelor	unite	și	0.088889
statelor	unite	a	0.066667
statelor	unite	şi	0.066667
statelor	unite	la	0.066667
stau	mai	bine	0.600000
stilul	de	viață	0.714286
stilul	său	de	0.750000
stim	ca	nu	0.428571
stim	cu	totii	0.750000
stim	si	noi	0.750000
strada	a	i	0.750000
străine	pe	teritoriul	0.600000
străinătate	a	fost	0.600000
succes	în	afaceri	0.111111
succes	și	a	0.230769
succesul	pe	care	1.000000
suferit	cel	mai	1.000000
suferit	din	cauza	1.000000
suferit	mai	multe	0.833333
suferit	un	accident	0.416667
suferit	un	atac	0.333333
suferit	în	urma	0.600000
sumă	de	bani	0.225806
sumă	de	de	0.193548
sumă	de	milioane	0.161290
sumă	de	peste	0.129032
sumă	de	miliarde	0.129032
sumă	mare	de	1.000000
sunteți	în	căutarea	0.333333
super	noroc	și	0.500000
suprafaţă	de	metri	0.384615
suprafaţă	de	aproximativ	0.307692
supă	cremă	de	0.750000
surprins	de	un	0.375000
surprins	pe	toată	0.250000
sursă	bună	de	1.000000
sursă	de	apă	0.176471
suspectul	a	fost	1.000000
suta	de	ani	0.600000
săi	a	fost	0.750000
săi	au	fost	0.266667
săi	de	pe	0.352941
săi	de	la	0.176471
săi	pentru	a	0.750000
săi	să	fie	0.333333
săptămâna	aceasta	cu	0.107143
săptămâna	aceasta	am	0.107143
săptămâna	aceasta	pentru	0.107143
săptămâna	de	lucru	0.600000
săptămâna	trecută	că	0.151899
săptămâna	trecută	de	0.075949
săptămâna	trecută	a	0.063291
săptămâna	trecută	în	0.063291
săptămâna	trecută	la	0.050633
săptămâna	trecută	după	0.037975
săptămâna	viitoare	va	0.152174
săptămâna	viitoare	vor	0.065217
săptămâna	viitoare	în	0.065217
săptămâna	viitoare	dar	0.065217
săptămâni	au	fost	0.428571
săptămâni	de	la	0.392857
săptămâni	după	ce	0.615385
săptămâni	mai	târziu	0.750000
săptămâni	pentru	a	0.800000
săptămâni	vor	fi	1.000000
săptămâni	în	urmă	0.437500
săptămâni	înainte	de	0.666667
săptămână	au	fost	1.000000
săptămână	de	la	0.333333
săptămână	după	ce	0.714286
săptămână	pe	întreg	0.750000
săptămână	pentru	a	0.750000
săptămână	până	la	1.000000
săptămână	în	care	0.250000
teama	de	a	0.428571
teatrul	de	revistă	0.600000
temele	pe	care	1.000000
temperatura	maximă	se	0.714286
temperatura	medie	a	0.714286
tenis	de	masă	0.642857
tenis	de	la	0.214286
tenis	pe	care	0.750000
terenul	celor	de	1.000000
terenul	de	tenis	0.250000
terenul	pe	care	1.000000
terenul	pentru	a	0.750000
teritoriul	controlat	de	1.000000
teritoriul	ocupat	de	0.800000
teritoriul	ţării	noastre	0.750000
termen	de	zile	0.258621
termen	de	de	0.206897
termen	de	judecată	0.172414
termen	de	trei	0.068966
termen	de	supraveghere	0.068966
termen	de	luni	0.051724
termen	de	cel	0.051724
termen	lung	pentru	0.109091
termen	lung	al	0.072727
termen	lung	a	0.072727
termen	lung	care	0.054545
termen	lung	şi	0.054545
termen	mediu	şi	0.416667
termen	mediu	și	0.250000
termen	scurt	și	0.208333
termen	scurt	cât	0.125000
termenul	a	fost	0.750000
termenul	limită	de	0.600000
termenul	pentru	a	0.750000
terminat	la	egalitate	1.000000
terminat	pe	locul	0.888889
ti	e	rusine	0.428571
ti	se	pare	0.642857
tipuri	de	cancer	0.242424
tipuri	diferite	de	1.000000
toata	lumea	de	0.107143
toata	lumea	stie	0.107143
toate	aceste	lucruri	0.194444
toate	aceste	momente	0.083333
toate	acestea	în	0.057416
toate	acestea	se	0.057416
toate	acestea	nu	0.047847
toate	acestea	sunt	0.033493
toate	acestea	au	0.028708
toate	acestea	un	0.023923
toate	acestea	este	0.019139
toate	acestea	după	0.019139
toate	acestea	o	0.019139
toate	acestea	pentru	0.019139
toate	acestea	ar	0.019139
toate	acestea	dacă	0.014354
toate	acestea	există	0.014354
toate	acestea	la	0.014354
toate	acestea	a	0.014354
toate	acestea	pot	0.014354
toate	astea	au	0.130435
toate	au	fost	0.562500
toate	bune	și	0.750000
toate	cazurile	de	0.428571
toate	cele	trei	0.294118
toate	cele	patru	0.196078
toate	cele	de	0.117647
toate	cele	necesare	0.058824
toate	că	nu	0.222222
toate	că	se	0.083333
toate	căile	de	0.600000
toate	datele	necesare	0.428571
toate	eforturile	pentru	0.384615
toate	eforturile	posibile	0.230769
toate	lucrurile	astea	0.318182
toate	motivele	să	0.666667
toate	punctele	de	0.928571
toate	s	au	1.000000
toate	şansele	să	0.800000
totul	a	fost	0.205882
totul	a	început	0.205882
totul	a	pornit	0.117647
totul	a	luat	0.088235
totul	a	mers	0.088235
totul	depinde	de	1.000000
totul	e	ok	0.130435
totul	este	în	0.162162
totul	este	posibil	0.081081
totul	este	o	0.081081
totul	merge	bine	1.000000
totul	pentru	a	0.722222
totul	s	a	0.903226
totul	s	ar	0.096774
totul	se	va	0.642857
totul	să	se	0.545455
totul	să	fie	0.363636
totul	va	fi	0.666667
traficul	s	a	1.000000
traficul	în	zonă	0.833333
transportul	este	format	0.600000
transportul	in	comun	1.000000
transportul	la	spital	0.888889
transportul	public	de	0.200000
transportul	în	comun	1.000000
trebui	sa	fie	0.158730
trebui	sa	se	0.142857
trebui	sa	ne	0.111111
trebui	sa	faca	0.063492
trebui	să	fie	0.213303
trebui	să	se	0.107798
trebui	să	le	0.045872
trebui	să	aibă	0.043578
trebui	să	ne	0.036697
trebui	să	facă	0.027523
trebui	să	i	0.022936
trebui	să	o	0.020642
trebui	să	l	0.018349
trebui	să	vină	0.016055
trebui	să	fim	0.016055
trebui	să	te	0.016055
trebui	să	plătească	0.016055
trebui	să	și	0.013761
trebui	să	existe	0.011468
trebui	să	înceapă	0.011468
trebui	să	fii	0.009174
trebui	să	ia	0.009174
trebui	să	ajungă	0.009174
trebui	să	avem	0.009174
trebui	să	își	0.009174
trebui	să	faci	0.009174
trebui	să	facem	0.009174
trebui	să	dea	0.009174
trebui	să	înceteze	0.009174
trebui	să	știi	0.006881
trebui	să	îți	0.006881
trebui	să	mă	0.006881
trebui	să	arate	0.006881
trebui	să	vă	0.006881
trebuiau	să	se	0.222222
trebuiau	să	fie	0.166667
trebuit	să	fie	0.135417
trebuit	să	se	0.135417
trebuit	să	le	0.062500
trebuit	să	își	0.041667
trebuit	să	ajungă	0.031250
trebuit	să	o	0.031250
trebuit	să	facă	0.031250
trimis	o	scrisoare	0.352941
trimis	un	mesaj	0.333333
trimis	în	judecată	0.812500
turul	al	doilea	0.500000
turul	al	treilea	0.450000
turul	doi	al	0.500000
tuturor	celor	care	0.810811
tânărul	a	fost	0.588235
tânărul	care	a	0.750000
tânărul	de	de	0.666667
tânărul	de	ani	0.208333
tânărul	în	vârstă	1.000000
tânără	de	de	0.428571
tânără	de	ani	0.428571
tânără	în	vârstă	0.857143
târg	de	crăciun	0.714286
târziu	a	fost	0.333333
târziu	de	la	0.571429
târziu	ea	a	1.000000
tău	este	o	0.428571
uitati	va	la	1.000000
ul	a	fost	0.291667
ul	a	avut	0.125000
ul	de	la	0.241379
ul	de	pe	0.103448
ul	de	mai	0.103448
ul	nu	va	0.200000
ul	oficial	al	0.800000
ul	pe	care	0.500000
ul	s	a	0.750000
ul	și	a	0.272727
una	care	să	0.312500
una	cât	mai	0.500000
una	cât	se	0.500000
una	de	argint	0.259259
una	destul	de	1.000000
una	din	cele	0.370370
una	dintre	cele	0.604348
una	dintre	ele	0.100000
una	dintre	aceste	0.030435
una	dintre	acestea	0.030435
una	dintre	persoanele	0.026087
una	dintre	victime	0.021739
una	dintre	marile	0.017391
una	dintre	mâini	0.013043
una	dintre	problemele	0.013043
una	dintre	temele	0.013043
una	pe	care	0.333333
una	peste	alta	1.000000
una	sau	două	0.571429
una	sau	mai	0.428571
unde	a	fost	0.301587
unde	a	avut	0.134921
unde	a	și	0.039683
unde	a	făcut	0.039683
unde	a	plecat	0.039683
unde	a	rămas	0.039683
unde	a	primit	0.023810
unde	a	devenit	0.023810
unde	a	stat	0.023810
unde	am	plecat	0.210526
unde	am	fost	0.157895
unde	ar	fi	0.500000
unde	are	loc	0.300000
unde	are	o	0.300000
unde	au	fost	0.325000
unde	au	avut	0.050000
unde	au	participat	0.037500
unde	au	furat	0.037500
unde	au	găsit	0.037500
unde	este	nevoie	0.137931
unde	i	au	0.473684
unde	i	s	0.263158
unde	mai	pui	0.300000
unde	mii	de	1.000000
unde	nu	se	0.200000
unde	nu	există	0.114286
unde	nu	i	0.114286
unde	nu	a	0.085714
unde	s	a	0.716981
unde	s	au	0.226415
unde	se	află	0.244681
unde	se	va	0.117021
unde	se	poate	0.085106
unde	se	afla	0.085106
unde	se	găsesc	0.053191
unde	se	vor	0.053191
unde	se	termină	0.042553
unde	se	pot	0.031915
unde	se	duce	0.031915
unde	se	mai	0.031915
unde	să	fie	0.090909
unde	să	o	0.090909
unde	trebuie	să	0.750000
unde	un	bărbat	0.666667
unde	va	fi	0.428571
unde	va	avea	0.171429
unde	va	începe	0.085714
unde	vor	fi	0.555556
unde	în	ultimele	0.200000
unde	și	a	0.352941
unde	și	au	0.176471
unit	al	marii	1.000000
universitatea	de	medicină	0.428571
universitatea	de	vest	0.333333
universitatea	decembrie	din	1.000000
unor	astfel	de	1.000000
unor	elemente	de	0.750000
unor	măsuri	de	0.444444
unor	oameni	care	0.285714
unor	oameni	de	0.214286
unor	persoane	care	0.600000
unor	probleme	de	0.571429
unor	produse	de	0.444444
unul	a	fost	0.818182
unul	alături	de	1.000000
unul	care	a	0.173913
unul	care	să	0.130435
unul	de	celălalt	0.238095
unul	de	de	0.142857
unul	destul	de	1.000000
unul	din	cele	0.245902
unul	din	cei	0.131148
unul	din	cinci	0.065574
unul	din	trei	0.065574
unul	din	doi	0.049180
unul	dintre	cele	0.315493
unul	dintre	cei	0.304225
unul	dintre	ei	0.053521
unul	dintre	ele	0.033803
unul	dintre	oamenii	0.022535
unul	dintre	primele	0.019718
unul	dintre	membrii	0.014085
unul	dintre	motivele	0.014085
unul	dintre	aceste	0.011268
unul	dintre	primii	0.011268
unul	dintre	acestea	0.011268
unul	dintre	copii	0.008451
unul	dintre	marii	0.008451
unul	dintre	lucrurile	0.008451
unul	dintre	colegii	0.008451
unul	dintre	copiii	0.008451
unul	mai	puțin	0.384615
unul	mai	mult	0.230769
unul	pentru	altul	0.500000
unul	plin	de	1.000000
unul	în	care	0.214286
urgenţă	a	guvernului	0.500000
urgenţă	la	spital	0.600000
urme	de	violenţă	0.444444
urmeaza	sa	fie	0.888889
urmează	a	fi	0.937500
urmează	o	perioadă	0.230769
urmează	să	fie	0.394286
urmează	să	se	0.171429
urmează	să	aibă	0.045714
urmează	să	intre	0.034286
urmează	să	le	0.022857
urmează	să	apară	0.022857
urmează	să	primească	0.017143
urmează	să	devină	0.017143
urmează	să	l	0.017143
urmează	să	îl	0.017143
urmează	să	vină	0.017143
urmează	să	îi	0.017143
urmează	să	prezinte	0.017143
urmă	a	fost	0.187500
urmă	cu	câteva	0.140893
urmă	cu	ani	0.092784
urmă	cu	mai	0.075601
urmă	cu	o	0.068729
urmă	cu	doi	0.054983
urmă	cu	ceva	0.054983
urmă	cu	două	0.051546
urmă	cu	de	0.051546
urmă	cu	un	0.051546
urmă	cu	trei	0.041237
urmă	cu	puțin	0.034364
urmă	cu	aproape	0.030928
urmă	cu	aproximativ	0.030928
urmă	cu	doar	0.024055
urmă	cu	peste	0.020619
urmă	cu	luni	0.017182
urmă	cu	câţiva	0.017182
urmă	cu	patru	0.010309
urmă	cu	zile	0.010309
urmă	de	către	0.157895
urmă	nu	a	0.333333
urmă	și	a	0.461538
vai	de	capul	0.333333
val	de	căldură	0.434783
val	de	aer	0.130435
valabil	și	pentru	1.000000
valoarea	de	de	0.200000
valoarea	medie	a	0.900000
valoarea	totală	a	0.903226
valori	de	grade	0.400000
valori	mai	mari	1.000000
vara	acestui	an	1.000000
vara	anului	trecut	0.368421
vară	de	la	0.750000
vechi	de	ani	0.263158
vechi	de	peste	0.157895
vechi	și	noi	0.230769
vechi	și	mai	0.230769
vedea	ce	se	0.333333
vedea	cum	se	0.500000
vedea	dacă	sunt	0.300000
vedea	în	ce	0.500000
vedem	ce	se	0.277778
vedem	cum	o	0.157895
vedem	cât	de	0.666667
vezi	ce	a	0.214286
veşti	bune	pentru	0.750000
veți	vedea	că	0.500000
viața	de	zi	0.470588
viața	după	ce	1.000000
viața	lor	și	0.230769
viața	mea	se	0.333333
viața	pe	care	0.600000
viața	în	pericol	0.461538
viața	în	piept	0.230769
victoria	a	fost	0.600000
victoria	în	fața	0.571429
viitoare	de	la	0.750000
viitoare	va	fi	0.545455
viitoare	vor	fi	0.714286
viitorul	pe	care	0.750000
vineri	că	a	0.111111
vineri	că	este	0.111111
vineri	că	în	0.083333
vineri	că	nu	0.083333
vineri	de	la	0.590909
vineri	decembrie	în	0.300000
vineri	dimineața	în	1.000000
vineri	după	amiază	0.428571
vineri	după	ce	0.285714
vineri	după	masă	0.142857
vineri	iulie	de	0.333333
vineri	la	ora	0.208333
vineri	la	o	0.125000
vineri	martie	de	0.333333
vineri	octombrie	a	0.300000
vineri	seara	în	0.190476
vineri	seară	în	0.173913
vineri	seară	de	0.173913
vineri	seară	pe	0.130435
vineri	spre	sâmbătă	0.888889
vineri	începând	cu	1.000000
vineri	între	orele	0.600000
vineri	şi	sâmbătă	0.600000
vineri	și	sâmbătă	0.454545
vis	a	vis	1.000000
vis	în	doi	0.666667
viteza	cu	care	1.000000
viteza	de	km	0.666667
vom	avea	o	0.169014
vom	avea	un	0.084507
vom	avea	și	0.070423
vom	continua	să	0.777778
vom	da	drumul	0.500000
vom	face	tot	0.162162
vom	face	o	0.135135
vom	face	totul	0.135135
vom	face	în	0.081081
vom	fi	în	0.214286
vom	intra	în	0.600000
vom	lua	în	0.333333
vom	mai	avea	0.300000
vom	mai	vedea	0.250000
vom	plăti	cu	0.428571
vom	putea	să	0.200000
vom	reveni	cu	0.583333
vom	vedea	în	0.103448
vom	vedea	ce	0.103448
vom	vedea	dacă	0.103448
vom	veni	cu	0.600000
vom	încerca	să	0.857143
vor	afla	în	0.277778
vor	afla	la	0.166667
vor	ajunge	în	0.312500
vor	ajunge	la	0.312500
vor	ajunge	să	0.093750
vor	ajuta	să	0.388889
vor	ajuta	la	0.277778
vor	apărea	în	0.454545
vor	atinge	grade	0.600000
vor	avea	loc	0.290000
vor	avea	parte	0.075000
vor	avea	o	0.060000
vor	avea	de	0.060000
vor	avea	un	0.035000
vor	avea	ocazia	0.035000
vor	avea	mai	0.025000
vor	avea	nevoie	0.025000
vor	avea	la	0.025000
vor	avea	posibilitatea	0.020000
vor	avea	acces	0.020000
vor	avea	în	0.020000
vor	avea	program	0.015000
vor	avea	dreptul	0.015000
vor	avea	probleme	0.015000
vor	avea	și	0.015000
vor	bucura	de	0.818182
vor	continua	să	0.488889
vor	continua	în	0.066667
vor	continua	și	0.066667
vor	costa	de	0.500000
vor	deveni	mai	0.272727
vor	discuta	despre	0.625000
vor	dori	să	0.538462
vor	duce	la	0.705882
vor	face	o	0.083333
vor	face	decât	0.083333
vor	face	acest	0.062500
vor	face	parte	0.062500
vor	face	ceva	0.062500
vor	fi	mai	0.098551
vor	fi	în	0.072464
vor	fi	de	0.057971
vor	fi	la	0.028986
vor	fi	deschise	0.028986
vor	fi	și	0.026087
vor	fi	puse	0.026087
vor	fi	posibile	0.026087
vor	fi	luate	0.026087
vor	fi	făcute	0.023188
vor	fi	cu	0.017391
vor	fi	folosite	0.017391
vor	fi	pe	0.017391
vor	fi	din	0.017391
vor	fi	date	0.017391
vor	fi	condiţii	0.014493
vor	fi	închise	0.014493
vor	fi	cele	0.014493
vor	fi	gata	0.011594
vor	fi	foarte	0.011594
vor	fi	trimise	0.011594
vor	fi	cei	0.011594
vor	fi	probabil	0.011594
vor	fi	extrem	0.011594
vor	fi	apropiate	0.011594
vor	fi	şi	0.011594
vor	fi	doar	0.008696
vor	fi	probleme	0.008696
vor	fi	si	0.008696
vor	fi	o	0.008696
vor	intra	în	0.642857
vor	intra	in	0.107143
vor	juca	în	0.272727
vor	lua	cuvântul	0.136364
vor	mai	fi	0.287129
vor	mai	putea	0.148515
vor	mai	avea	0.108911
vor	mai	exista	0.049505
vor	mai	veni	0.029703
vor	mai	plăti	0.029703
vor	merge	la	0.333333
vor	ocupa	de	0.571429
vor	participa	la	0.454545
vor	pleca	la	0.230769
vor	plăti	pentru	0.150000
vor	plăti	în	0.150000
vor	plăti	de	0.150000
vor	primi	o	0.122449
vor	primi	de	0.102041
vor	primi	câte	0.061224
vor	primi	bani	0.061224
vor	primi	banii	0.061224
vor	putea	fi	0.253425
vor	putea	să	0.130137
vor	putea	bucura	0.054795
vor	putea	face	0.034247
vor	putea	avea	0.027397
vor	putea	trece	0.027397
vor	putea	cumpăra	0.027397
vor	putea	vedea	0.027397
vor	putea	participa	0.020548
vor	reveni	în	0.300000
vor	rămâne	fără	0.259259
vor	rămâne	în	0.259259
vor	rămâne	la	0.148148
vor	sa	fie	0.096774
vor	sa	se	0.096774
vor	sa	plece	0.096774
vor	schimba	în	0.333333
vor	sta	în	0.444444
vor	să	se	0.093023
vor	să	fie	0.069767
vor	să	facă	0.038760
vor	să	își	0.031008
vor	să	ne	0.031008
vor	să	ajungă	0.023256
vor	să	fugă	0.023256
vor	să	vadă	0.023256
vor	să	lupte	0.023256
vor	să	folosească	0.023256
vor	trebui	să	0.842105
vor	trebui	sa	0.078947
vor	trece	la	0.333333
vor	urca	pe	0.777778
vor	veni	în	0.171429
vor	veni	la	0.114286
vor	veni	și	0.085714
vor	veni	in	0.085714
vor	începe	să	0.350000
vor	încerca	să	1.000000
vor	întoarce	în	0.428571
votul	a	fost	0.625000
voturi	pentru	și	0.250000
voturi	pentru	şi	0.187500
vrut	să	se	0.088710
vrut	să	își	0.032258
vrut	să	mă	0.032258
vrut	să	l	0.032258
vrut	să	i	0.032258
vrut	să	le	0.032258
vrut	să	spună	0.032258
vrut	să	facă	0.024194
vrut	să	mi	0.024194
vrut	să	și	0.024194
vrut	să	îi	0.024194
vrut	să	arate	0.024194
vrut	să	o	0.024194
vrut	să	dea	0.024194
vrut	să	afle	0.024194
vrut	să	fac	0.024194
vârsta	de	de	0.488889
vârsta	de	ani	0.281481
vârsta	de	până	0.044444
vârsta	de	peste	0.037037
vârsta	de	doar	0.022222
vârsta	la	care	1.000000
vârsta	mai	mare	1.000000
vârsta	medie	a	0.666667
vârsta	peste	de	1.000000
vârsta	sub	ani	0.800000
vârsta	între	și	0.333333
vârsta	între	şi	0.333333
zburat	de	pe	0.750000
zece	ani	de	0.172414
zece	ori	mai	0.666667
zece	persoane	au	0.600000
zece	zile	de	0.375000
zic	ca	ar	0.230769
zic	că	am	0.176471
zici	ca	esti	0.300000
zilele	acestea	în	0.250000
zilele	de	și	0.317073
zilele	de	luni	0.097561
zilele	de	şi	0.097561
zilele	trecute	de	0.125000
zilele	trecute	în	0.125000
zilele	trecute	la	0.125000
zilele	trecute	că	0.075000
zilele	trecute	a	0.075000
zilele	în	care	0.750000
zona	a	fost	0.600000
zona	centrală	a	0.571429
zona	de	munte	0.103448
zona	de	sud	0.068966
zona	de	nord	0.068966
zona	de	vest	0.051724
zona	de	la	0.051724
zona	de	energie	0.051724
zona	de	conflict	0.051724
zona	din	apropierea	0.333333
zona	din	jurul	0.250000
zona	euro	se	0.125000
zona	euro	a	0.125000
zona	euro	în	0.125000
zona	în	care	0.900000
zone	ale	ţării	0.571429
zone	din	ţară	0.266667
zone	verzi	și	0.800000
zone	în	care	0.750000
împreună	ca	o	0.750000
împreună	cu	un	0.072848
împreună	cu	familia	0.072848
împreună	cu	mama	0.046358
împreună	cu	cei	0.046358
împreună	cu	alte	0.039735
împreună	cu	soțul	0.026490
împreună	cu	soția	0.019868
împreună	cu	părinții	0.019868
împreună	cu	o	0.019868
împreună	cu	colegii	0.019868
împreună	doi	copii	1.000000
împreună	o	fată	0.300000
împreună	pentru	a	0.875000
împrumut	de	la	0.500000
împrumut	de	de	0.300000
începutul	acestei	luni	0.628571
începutul	acestei	săptămâni	0.371429
începutul	acestui	an	0.962963
începutul	anului	în	0.186047
începutul	anului	pe	0.069767
începutul	anului	pentru	0.069767
începutul	anului	și	0.069767
începutul	anului	am	0.069767
începutul	anului	trecut	0.069767
începutul	lui	și	0.176471
începutul	lunii	martie	0.153846
începutul	lunii	septembrie	0.120879
începutul	lunii	octombrie	0.098901
începutul	lunii	februarie	0.098901
începutul	lunii	iunie	0.098901
începutul	lunii	mai	0.076923
începutul	lunii	noiembrie	0.065934
începutul	lunii	iulie	0.054945
începutul	lunii	august	0.054945
începutul	lunii	aprilie	0.043956
începutul	lunii	ianuarie	0.032967
începutul	lunii	decembrie	0.032967
începutul	războiului	din	0.160000
începutul	războiului	în	0.160000
începutul	secolului	al	0.875000
începutul	săptămânii	viitoare	0.500000
începutul	săptămânii	trecute	0.214286
încerc	să	fiu	0.263158
încerc	să	fac	0.210526
încerca	să	le	0.122449
încerca	să	i	0.081633
încerca	să	se	0.061224
încerca	să	afle	0.061224
încercare	de	a	0.846154
încetat	din	viață	0.647059
încetat	din	viaţă	0.352941
încetat	să	mai	0.571429
încetează	să	mai	0.500000
înceteze	să	mai	0.625000
încheia	în	iunie	0.272727
încheiat	cu	un	0.185185
încheiat	cu	o	0.185185
încheiat	cu	succes	0.148148
încheiat	la	egalitate	0.714286
încheiat	un	acord	0.571429
încheiat	un	contract	0.428571
închise	sau	deschise	0.800000
îngrijire	a	copilului	0.600000
înjunghiat	de	cel	0.750000
întotdeauna	trebuie	să	1.000000
întrebarea	de	ce	0.857143
întrebarea	este	dacă	0.400000
întâmpla	aşa	ceva	0.750000
întâmplat	după	ce	0.800000
întâmplat	în	episodul	0.100000
întâmplat	și	în	0.285714
întâmplat	și	ce	0.214286
întâmple	așa	ceva	1.000000
întârziat	să	apară	1.000000
învăţat	să	nu	0.750000
înțeleg	de	ce	0.750000
înțeleg	foarte	bine	1.000000
ăia	de	la	0.750000
şansa	de	a	1.000000
şapte	persoane	au	0.666667
şeful	statului	a	0.500000
şi	a	fost	0.071713
şi	a	pierdut	0.031873
şi	a	dat	0.031873
şi	a	făcut	0.029880
şi	a	început	0.023904
şi	a	anunţat	0.019920
şi	a	ajuns	0.017928
şi	a	spus	0.015936
şi	a	cerut	0.015936
şi	a	luat	0.015936
şi	a	unui	0.013944
şi	a	trecut	0.013944
şi	a	pus	0.013944
şi	a	găsit	0.011952
şi	a	mai	0.009960
şi	a	unei	0.009960
şi	a	rămas	0.009960
şi	a	intrat	0.009960
şi	a	continuat	0.009960
şi	a	celor	0.009960
şi	a	plecat	0.009960
şi	a	lui	0.009960
şi	a	încheiat	0.007968
şi	a	unor	0.007968
şi	a	lovit	0.007968
şi	a	devenit	0.007968
şi	a	asigurat	0.007968
şi	a	revenit	0.007968
şi	a	păstrat	0.007968
şi	a	recunoscut	0.007968
şi	acesta	este	0.428571
şi	ajută	la	0.750000
şi	alte	au	0.088235
şi	am	văzut	0.090909
şi	anul	acesta	0.600000
şi	apoi	în	0.185185
şi	apoi	să	0.185185
şi	apoi	a	0.111111
şi	aproximativ	de	0.750000
şi	ar	fi	0.560976
şi	ar	putea	0.219512
şi	ar	dori	0.073171
şi	are	o	0.263158
şi	are	un	0.263158
şi	atunci	când	0.300000
şi	au	fost	0.090361
şi	au	dat	0.054217
şi	au	găsit	0.042169
şi	au	pierdut	0.042169
şi	au	făcut	0.036145
şi	au	anunţat	0.024096
şi	au	suspendat	0.024096
şi	au	tras	0.018072
şi	au	luat	0.018072
şi	au	plecat	0.018072
şi	care	a	0.185185
şi	care	sunt	0.129630
şi	care	nu	0.074074
şi	care	se	0.074074
şi	care	ar	0.055556
şi	cea	mai	0.375000
şi	cea	de	0.375000
şi	ceea	ce	1.000000
şi	cei	care	0.409091
şi	cei	de	0.136364
şi	cei	mai	0.136364
şi	cel	mai	0.473684
şi	cele	mai	0.300000
şi	cele	ale	0.150000
şi	chiar	şi	0.148148
şi	chiar	dacă	0.111111
şi	condiţiile	de	0.500000
şi	continuă	să	0.800000
şi	coreea	de	1.000000
şi	cred	că	1.000000
şi	cu	o	0.100000
şi	cu	un	0.066667
şi	cu	faţă	0.033333
şi	cu	mine	0.033333
şi	cum	ar	0.227273
şi	cum	ai	0.181818
şi	cum	a	0.136364
şi	că	nu	0.074074
şi	că	vor	0.049383
şi	că	acesta	0.049383
şi	că	a	0.049383
şi	că	s	0.049383
şi	că	în	0.037037
şi	că	se	0.037037
şi	că	va	0.037037
şi	dacă	se	0.150000
şi	de	la	0.086806
şi	de	a	0.069444
şi	de	ani	0.062500
şi	de	o	0.034722
şi	de	grade	0.024306
şi	de	minute	0.024306
şi	de	metri	0.024306
şi	de	guvern	0.017361
şi	de	pe	0.017361
şi	de	puncte	0.017361
şi	de	est	0.013889
şi	de	trei	0.013889
şi	de	bani	0.013889
şi	de	alte	0.013889
şi	de	asemenea	0.013889
şi	de	faptul	0.013889
şi	de	aceea	0.010417
şi	de	un	0.010417
şi	de	ce	0.010417
şi	de	femei	0.010417
şi	de	către	0.010417
şi	de	ceilalţi	0.010417
şi	de	euro	0.010417
şi	de	acum	0.010417
şi	de	asta	0.010417
şi	de	zile	0.010417
şi	de	securitate	0.010417
şi	de	această	0.010417
şi	din	cauza	0.131579
şi	din	punctul	0.078947
şi	din	ţară	0.078947
şi	după	ce	0.318182
şi	echipa	sa	0.428571
şi	ei	au	0.230769
şi	el	o	0.157895
şi	energia	electrică	0.428571
şi	era	în	0.600000
şi	este	un	0.121951
şi	este	de	0.073171
şi	eu	sunt	0.166667
şi	extrem	de	1.000000
şi	faptul	că	0.900000
şi	faţă	de	1.000000
şi	gaze	naturale	0.333333
şi	i	a	0.481481
şi	i	au	0.222222
şi	i	am	0.111111
şi	jumătate	mai	0.166667
şi	jumătate	de	0.166667
şi	l	a	0.379310
şi	l	au	0.379310
şi	la	un	0.043165
şi	la	nivelul	0.043165
şi	la	energie	0.035971
şi	la	o	0.028777
şi	la	munte	0.028777
şi	la	de	0.028777
şi	la	care	0.021583
şi	la	nivel	0.021583
şi	la	alte	0.021583
şi	la	cei	0.021583
şi	le	a	0.324324
şi	le	am	0.108108
şi	le	au	0.108108
şi	luni	de	0.611111
şi	m	am	0.500000
şi	mai	mult	0.284314
şi	mai	multe	0.098039
şi	mai	ales	0.078431
şi	mai	mulţi	0.049020
şi	mai	departe	0.039216
şi	mai	multă	0.039216
şi	mai	mare	0.029412
şi	mai	puternic	0.029412
şi	mi	a	0.363636
şi	miliarde	de	1.000000
şi	milioane	de	1.000000
şi	modul	în	0.750000
şi	mulţi	dintre	0.750000
şi	mă	bucur	0.500000
şi	ne	au	0.136364
şi	ne	a	0.136364
şi	nici	nu	0.382353
şi	nu	a	0.078313
şi	nu	numai	0.072289
şi	nu	se	0.072289
şi	nu	va	0.066265
şi	nu	este	0.060241
şi	nu	au	0.036145
şi	nu	vor	0.030120
şi	nu	în	0.030120
şi	nu	pot	0.024096
şi	nu	mai	0.024096
şi	nu	ştiu	0.024096
şi	nu	poate	0.024096
şi	nu	doar	0.024096
şi	nu	avea	0.018072
şi	nu	ne	0.018072
şi	nu	şi	0.018072
şi	nu	le	0.018072
şi	nu	pentru	0.018072
şi	numărul	de	0.600000
şi	o	ambulanţă	0.064516
şi	o	fată	0.053763
şi	o	femeie	0.053763
şi	o	nouă	0.032258
şi	patru	luni	0.230769
şi	pe	cel	0.058140
şi	pe	care	0.034884
şi	pentru	a	0.180556
şi	pentru	că	0.097222
şi	pentru	cei	0.069444
şi	pentru	un	0.041667
şi	pentru	acest	0.041667
şi	pentru	ce	0.041667
şi	peste	de	0.571429
şi	plină	de	1.000000
şi	poate	fi	0.428571
şi	posibilitatea	de	0.750000
şi	pot	fi	0.363636
şi	preşedintele	consiliului	0.428571
şi	prin	urmare	0.700000
şi	până	la	0.315789
şi	până	acum	0.263158
şi	până	în	0.210526
şi	rusia	a	0.142857
şi	războiul	din	1.000000
şi	s	a	0.755556
şi	s	au	0.155556
şi	s	ar	0.066667
şi	se	va	0.232877
şi	se	află	0.082192
şi	se	vor	0.068493
şi	se	pune	0.054795
şi	simplu	nu	0.166667
şi	simplu	de	0.125000
şi	sistemele	de	1.000000
şi	soţul	ei	1.000000
şi	sper	să	0.857143
şi	sperăm	să	0.600000
şi	statele	unite	0.909091
şi	sua	au	1.000000
şi	sunt	în	0.187500
şi	sunt	foarte	0.187500
şi	să	nu	0.084746
şi	să	se	0.079096
şi	să	le	0.045198
şi	să	ne	0.039548
şi	să	şi	0.033898
şi	să	o	0.028249
şi	să	te	0.028249
şi	să	facem	0.028249
şi	să	îi	0.022599
şi	să	mi	0.022599
şi	să	fie	0.022599
şi	să	reuşim	0.016949
şi	să	îşi	0.016949
şi	să	ia	0.016949
şi	să	l	0.016949
şi	să	vedem	0.016949
şi	să	avem	0.016949
şi	să	i	0.016949
şi	tot	ce	0.428571
şi	tot	aşa	0.214286
şi	trebuie	să	0.933333
şi	un	copil	0.061224
şi	un	echipaj	0.061224
şi	un	alt	0.030612
şi	un	băiat	0.030612
şi	un	punct	0.030612
şi	una	de	0.714286
şi	una	dintre	0.214286
şi	unul	din	0.250000
şi	unul	dintre	0.250000
şi	va	fi	0.384615
şi	va	avea	0.057692
şi	vine	cu	0.750000
şi	vom	avea	0.285714
şi	vor	fi	0.333333
şi	vreau	să	1.000000
şi	în	alte	0.054393
şi	în	cazul	0.046025
şi	în	acest	0.037657
şi	în	cadrul	0.020921
şi	în	cele	0.020921
şi	în	privinţa	0.020921
şi	în	continuare	0.016736
şi	în	această	0.012552
şi	în	afara	0.012552
şi	în	primul	0.012552
şi	în	special	0.012552
şi	în	statele	0.012552
şi	în	zona	0.012552
şi	în	zonele	0.012552
şi	în	plus	0.012552
şi	în	rândul	0.012552
şi	în	general	0.012552
şi	înainte	de	1.000000
şi	încerc	să	1.000000
şi	îşi	va	0.200000
şi	şi	a	0.500000
ţara	noastră	şi	0.142857
ţara	noastră	a	0.142857
ţara	sa	va	0.375000
ţine	la	curent	0.750000
și	a	fost	0.104708
și	a	făcut	0.043570
și	a	dat	0.033732
și	a	început	0.026704
și	a	pierdut	0.026001
și	a	spus	0.018271
și	a	revenit	0.014055
și	a	continuat	0.013352
și	a	cerut	0.013352
și	a	ajuns	0.012649
și	a	avut	0.011947
și	a	celor	0.011244
și	a	schimbat	0.011244
și	a	intrat	0.009838
și	a	plecat	0.009838
și	a	găsit	0.009838
și	a	pus	0.009136
și	a	văzut	0.009136
și	a	luat	0.009136
și	a	propus	0.009136
și	a	câștigat	0.008433
și	a	unei	0.007730
și	a	declarat	0.007730
și	a	devenit	0.007730
și	a	deschis	0.007730
și	a	mai	0.007730
și	a	unui	0.007730
și	a	rămas	0.007027
și	a	altor	0.007027
și	a	primit	0.007027
și	abia	în	0.272727
și	aceasta	este	0.666667
și	acest	lucru	0.533333
și	acesta	este	0.357143
și	acum	când	0.071429
și	acum	la	0.071429
și	acum	cu	0.053571
și	acum	sunt	0.053571
și	acum	se	0.053571
și	afaceri	interne	1.000000
și	ajută	la	0.857143
și	al	doilea	0.130435
și	al	lui	0.108696
și	al	celor	0.065217
și	alte	persoane	0.073171
și	alte	produse	0.073171
și	alte	tipuri	0.060976
și	alte	de	0.048780
și	alte	zone	0.036585
și	alte	câteva	0.036585
și	am	avut	0.058394
și	am	fost	0.043796
și	am	dat	0.043796
și	am	văzut	0.036496
și	am	intrat	0.036496
și	am	zis	0.029197
și	am	făcut	0.021898
și	am	ajuns	0.021898
și	am	câștigat	0.021898
și	am	luat	0.021898
și	am	încredere	0.021898
și	ani	au	0.250000
și	ani	de	0.208333
și	ani	din	0.125000
și	ani	și	0.125000
și	anul	trecut	0.400000
și	anul	acesta	0.266667
și	anume	că	0.333333
și	apoi	să	0.158730
și	apoi	a	0.111111
și	apoi	la	0.079365
și	apoi	au	0.063492
și	ar	fi	0.453846
și	ar	putea	0.176923
și	ar	dori	0.107692
și	ar	trebui	0.069231
și	ar	mai	0.030769
și	are	o	0.196429
și	are	un	0.089286
și	are	și	0.071429
și	are	ca	0.071429
și	are	grijă	0.053571
și	artă	al	0.333333
și	asta	se	0.107692
și	asta	e	0.076923
și	asta	pentru	0.076923
și	asta	face	0.061538
și	asta	este	0.061538
și	asta	a	0.061538
și	asta	s	0.061538
și	asta	mă	0.046154
și	asta	nu	0.046154
și	asta	în	0.046154
și	astfel	să	0.153846
și	astfel	a	0.115385
și	astăzi	la	0.294118
și	atunci	când	0.293103
și	atunci	trebuie	0.068966
și	atunci	nu	0.051724
și	atunci	vom	0.051724
și	atât	de	0.500000
și	au	fost	0.102004
și	au	dat	0.047359
și	au	pierdut	0.041894
și	au	făcut	0.041894
și	au	luat	0.029144
și	au	pus	0.025501
și	au	deschis	0.020036
și	au	început	0.018215
și	au	plecat	0.016393
și	au	dorit	0.016393
și	au	ajuns	0.014572
și	au	spus	0.014572
și	au	o	0.012750
și	au	adus	0.010929
și	au	un	0.010929
și	au	primit	0.010929
și	au	avut	0.009107
și	au	asigurat	0.009107
și	au	găsit	0.009107
și	au	rănit	0.009107
și	au	câștigat	0.009107
și	au	prezentat	0.009107
și	au	rămas	0.009107
și	au	părăsit	0.009107
și	au	cerut	0.009107
și	au	nevoie	0.009107
și	au	declarat	0.007286
și	au	intrat	0.007286
și	au	apărut	0.007286
și	au	răspuns	0.007286
și	avea	o	0.375000
și	avem	nevoie	0.300000
și	avioane	de	0.750000
și	așa	mai	0.159091
și	așa	cum	0.090909
și	așa	nu	0.068182
și	așa	se	0.068182
și	așa	va	0.068182
și	bijuterii	din	1.000000
și	bucură	te	1.000000
și	capacitatea	de	1.000000
și	care	sunt	0.111765
și	care	a	0.094118
și	care	nu	0.094118
și	care	au	0.082353
și	care	este	0.070588
și	care	să	0.064706
și	care	se	0.047059
și	care	i	0.023529
și	care	ar	0.023529
și	care	vor	0.017647
și	care	e	0.017647
și	care	în	0.017647
și	care	își	0.017647
și	care	îți	0.017647
și	cazuri	în	0.500000
și	cazuri	de	0.375000
și	ce	trebuie	0.085714
și	ce	a	0.085714
și	ce	au	0.085714
și	ce	fac	0.057143
și	ce	înseamnă	0.057143
și	ce	alte	0.042857
și	ce	e	0.042857
și	ce	ar	0.042857
și	cea	mai	0.439024
și	cea	a	0.195122
și	cea	de	0.146341
și	ceea	ce	1.000000
și	cei	care	0.338983
și	cei	de	0.118644
și	cei	mai	0.101695
și	cei	cu	0.084746
și	cei	doi	0.084746
și	cei	ai	0.067797
și	cei	din	0.067797
și	cel	mai	0.451613
și	cel	al	0.161290
și	cel	de	0.112903
și	cel	puțin	0.080645
și	cel	care	0.048387
și	cele	mai	0.351852
și	cele	de	0.129630
și	cele	două	0.092593
și	cele	care	0.074074
și	cele	din	0.074074
și	celor	care	0.411765
și	celor	din	0.235294
și	ceva	de	0.400000
și	chiar	și	0.154930
și	chiar	dacă	0.154930
și	chiar	a	0.084507
și	chiar	să	0.070423
și	chiar	în	0.056338
și	chiar	am	0.056338
și	chiar	din	0.042254
și	chiar	de	0.042254
și	cine	va	0.142857
și	colegii	săi	0.555556
și	companii	din	0.500000
și	conducerea	unui	0.600000
și	condus	la	1.000000
și	consider	că	1.000000
și	consideră	că	0.800000
și	consiliul	local	0.666667
și	continuă	să	0.666667
și	control	al	0.500000
și	copiii	au	0.300000
și	coreea	de	0.875000
și	cred	că	0.925926
și	credem	că	1.000000
și	cu	o	0.073579
și	cu	un	0.066890
și	cu	siguranță	0.036789
și	cu	ce	0.033445
și	cu	alte	0.030100
și	cu	ajutorul	0.026756
și	cu	toate	0.023411
și	cu	cei	0.016722
și	cu	care	0.016722
și	cu	cât	0.013378
și	cu	privire	0.013378
și	cu	asta	0.010033
și	cu	peste	0.010033
și	cu	cine	0.010033
și	cu	noi	0.010033
și	cu	în	0.010033
și	cum	se	0.096774
și	cum	ar	0.096774
și	cum	ai	0.080645
și	cum	a	0.080645
și	cum	să	0.072581
și	cum	ne	0.048387
și	cum	arată	0.040323
și	cum	îi	0.032258
și	cum	putem	0.024194
și	cum	o	0.024194
și	cum	am	0.024194
și	cum	va	0.024194
și	când	a	0.106383
și	când	ar	0.063830
și	când	vine	0.063830
și	cât	de	0.562500
și	cât	mai	0.312500
și	câteva	fotografii	0.157895
și	că	nu	0.144105
și	că	ar	0.043668
și	că	va	0.034934
și	că	a	0.034934
și	că	se	0.034934
și	că	trebuie	0.030568
și	că	s	0.021834
și	că	este	0.021834
și	că	prin	0.017467
și	că	pot	0.017467
și	că	are	0.017467
și	că	de	0.017467
și	că	au	0.017467
și	că	poate	0.017467
și	că	o	0.017467
și	că	toate	0.013100
și	că	am	0.013100
și	că	un	0.013100
și	că	rusia	0.013100
și	că	el	0.013100
și	că	urmează	0.013100
și	că	în	0.013100
și	dacă	nu	0.138889
și	dacă	va	0.069444
și	dacă	este	0.055556
și	dacă	era	0.041667
și	dacă	ne	0.041667
și	de	a	0.105459
și	de	la	0.058313
și	de	ani	0.055831
și	de	ce	0.045906
și	de	o	0.026055
și	de	minute	0.022333
și	de	un	0.022333
și	de	asemenea	0.021092
și	de	aceea	0.021092
și	de	teste	0.017370
și	de	grade	0.016129
și	de	pe	0.013648
și	de	euro	0.013648
și	de	această	0.012407
și	de	către	0.011166
și	de	aici	0.009926
și	de	milioane	0.008685
și	de	alte	0.007444
și	de	securitate	0.007444
și	de	cei	0.006203
și	de	atunci	0.006203
și	de	tone	0.006203
și	de	acolo	0.006203
și	de	dolari	0.006203
și	de	est	0.006203
și	de	toate	0.004963
și	de	metri	0.004963
și	de	vest	0.004963
și	de	rezultate	0.003722
și	de	cazuri	0.003722
și	dea	demisia	0.384615
și	dea	seama	0.230769
și	depinde	de	0.750000
și	despre	o	0.070175
și	din	alte	0.119048
și	din	cauza	0.079365
și	din	partea	0.047619
și	din	păcate	0.039683
și	din	afara	0.039683
și	din	străinătate	0.031746
și	din	fericire	0.031746
și	din	mediul	0.031746
și	din	nou	0.031746
și	din	această	0.023810
și	din	zona	0.023810
și	dincolo	de	1.000000
și	doi	copii	0.545455
și	după	ce	0.224138
și	după	aceea	0.120690
și	după	cum	0.068966
și	după	o	0.051724
și	dus	la	0.800000
și	dă	seama	0.300000
și	dă	vina	0.300000
și	e	foarte	0.100000
și	e	mai	0.100000
și	ea	în	0.157895
și	ea	cu	0.078947
și	ei	de	0.073171
și	ei	să	0.073171
și	ei	un	0.073171
și	el	a	0.076923
și	el	în	0.076923
și	el	un	0.061538
și	el	pe	0.046154
și	el	nu	0.046154
și	el	se	0.046154
și	ele	de	0.272727
și	energia	nucleară	0.300000
și	este	în	0.088710
și	este	de	0.072581
și	este	foarte	0.056452
și	este	o	0.048387
și	este	unul	0.040323
și	este	un	0.032258
și	este	posibil	0.024194
și	este	la	0.024194
și	este	una	0.024194
și	este	bine	0.024194
și	eu	câteva	0.052632
și	eu	i	0.052632
și	eu	și	0.052632
și	eu	am	0.052632
și	eu	să	0.052632
și	există	o	0.400000
și	extrem	de	0.944444
și	fabrica	de	1.000000
și	face	un	0.277778
și	face	parte	0.166667
și	face	o	0.166667
și	facă	datoria	0.150000
și	faptul	că	0.961538
și	față	de	1.000000
și	fel	de	1.000000
și	felicitări	de	0.500000
și	felul	în	0.750000
și	fiica	ei	0.333333
și	fiica	lui	0.266667
și	fiul	său	0.444444
și	fostul	ei	0.187500
și	fructe	de	0.428571
și	fără	să	0.162791
și	fără	a	0.139535
și	gata	de	0.600000
și	gaze	naturale	0.424242
și	gaze	a	0.090909
și	germania	au	0.210526
și	grade	la	0.416667
și	gradul	de	1.000000
și	i	a	0.397959
și	i	au	0.244898
și	i	am	0.163265
și	i	ar	0.061224
și	i	s	0.040816
și	i	se	0.030612
și	iată	că	0.714286
și	intră	în	0.600000
și	italia	au	0.272727
și	iubita	lui	1.000000
și	jumătate	de	0.333333
și	jumătate	după	0.076923
și	jumătate	în	0.076923
și	l	a	0.621951
și	l	au	0.195122
și	l	am	0.085366
și	la	un	0.059016
și	la	nivel	0.042623
și	la	o	0.032787
și	la	ati	0.032787
și	la	cerere	0.029508
și	la	nivelul	0.026230
și	la	alte	0.022951
și	la	ce	0.019672
și	la	fel	0.016393
și	la	noi	0.016393
și	la	sud	0.016393
și	la	munte	0.016393
și	la	de	0.013115
și	la	începutul	0.013115
și	la	care	0.013115
și	la	această	0.013115
și	la	bine	0.009836
și	la	dublu	0.009836
și	la	alba	0.009836
și	la	acest	0.009836
și	la	spitalul	0.009836
și	la	unele	0.009836
și	la	modă	0.009836
și	le	a	0.358025
și	le	au	0.123457
și	le	am	0.074074
și	le	va	0.049383
și	le	oferă	0.049383
și	le	ar	0.037037
și	li	s	0.800000
și	libertatea	de	0.500000
și	lipsa	de	0.600000
și	lipsă	de	1.000000
și	locuri	de	0.700000
și	luni	de	0.620690
și	m	a	0.458333
și	m	am	0.333333
și	mai	mult	0.180272
și	mai	ales	0.142857
și	mai	multe	0.068027
și	mai	mare	0.044218
și	mai	puțin	0.040816
și	mai	bine	0.037415
și	mai	multă	0.027211
și	mai	mulți	0.023810
și	mai	rău	0.017007
și	mai	departe	0.017007
și	mai	tare	0.017007
și	mai	mică	0.013605
și	mai	bună	0.013605
și	mai	apoi	0.013605
și	mai	târziu	0.010204
și	mai	presus	0.010204
și	mai	mici	0.010204
și	mai	puternic	0.010204
și	mai	e	0.010204
și	mai	ușor	0.010204
și	mama	lui	0.400000
și	membri	ai	0.750000
și	membru	al	1.000000
și	mi	a	0.500000
și	mi	am	0.175000
și	mi	au	0.100000
și	milioane	de	0.777778
și	ministrul	de	0.375000
și	minute	de	0.636364
și	motivul	pentru	0.857143
și	mult	mai	0.461538
și	mult	succes	0.307692
și	multe	alte	0.444444
și	multe	altele	0.333333
și	mă	bucur	0.157895
și	ne	am	0.231884
și	ne	a	0.101449
și	ne	vom	0.086957
și	ne	bucurăm	0.043478
și	ne	au	0.043478
și	nici	nu	0.321429
și	nici	de	0.059524
și	nici	să	0.047619
și	nici	în	0.035714
și	nici	n	0.035714
și	nici	la	0.035714
și	nimeni	nu	1.000000
și	noi	suntem	0.081633
și	noi	avem	0.081633
și	noi	în	0.061224
și	noroc	plus	1.000000
și	nu	numai	0.089613
și	nu	a	0.083503
și	nu	mai	0.059063
și	nu	se	0.040733
și	nu	este	0.036660
și	nu	doar	0.036660
și	nu	au	0.036660
și	nu	s	0.032587
și	nu	vor	0.028513
și	nu	ne	0.020367
și	nu	în	0.020367
și	nu	am	0.018330
și	nu	ai	0.016293
și	nu	poate	0.016293
și	nu	va	0.012220
și	nu	prea	0.012220
și	nu	l	0.012220
și	nu	mă	0.012220
și	nu	sunt	0.012220
și	nu	te	0.012220
și	nu	există	0.012220
și	nu	pot	0.012220
și	nu	mi	0.010183
și	nu	și	0.010183
și	nu	de	0.010183
și	nu	ar	0.010183
și	nu	e	0.010183
și	nu	are	0.010183
și	nu	știu	0.010183
și	nu	i	0.008147
și	numai	în	0.250000
și	numărul	de	0.555556
și	o	să	0.060714
și	o	serie	0.042857
și	o	femeie	0.032143
și	o	parte	0.025000
și	o	clădire	0.021429
și	o	zonă	0.017857
și	o	altă	0.017857
și	o	fotografie	0.017857
și	o	mașină	0.017857
și	o	pereche	0.014286
și	o	masă	0.014286
și	o	fac	0.014286
și	o	mulțime	0.014286
și	o	școală	0.010714
și	o	scrisoare	0.010714
și	o	stare	0.010714
și	o	doresc	0.010714
și	o	alta	0.010714
și	o	surpriză	0.010714
și	o	imagine	0.010714
și	o	cameră	0.010714
și	o	persoană	0.010714
și	oameni	de	0.444444
și	oamenii	de	0.142857
și	oamenii	care	0.142857
și	oferă	o	0.272727
și	omul	de	0.714286
și	opt	luni	1.000000
și	pare	că	0.428571
și	pare	să	0.428571
și	partea	de	0.571429
și	patru	de	0.272727
și	pe	care	0.083333
și	pe	cei	0.066667
și	pe	cea	0.029167
și	pe	termen	0.025000
și	pe	toți	0.020833
și	pe	cel	0.016667
și	pe	pagina	0.016667
și	pe	baza	0.012500
și	pe	zona	0.012500
și	pe	această	0.012500
și	pe	de	0.012500
și	pe	locul	0.012500
și	pe	drum	0.012500
și	pe	plan	0.012500
și	pe	ce	0.012500
și	pe	tine	0.012500
și	pe	cele	0.012500
și	pe	moarte	0.012500
și	pe	noi	0.012500
și	pe	sub	0.012500
și	pentru	a	0.204082
și	pentru	că	0.102041
și	pentru	cei	0.065306
și	pentru	o	0.024490
și	pentru	familiile	0.016327
și	pentru	cele	0.016327
și	pentru	ca	0.016327
și	pentru	care	0.016327
și	pentru	un	0.016327
și	pentru	noi	0.016327
și	pentru	alte	0.016327
și	pentru	mine	0.016327
și	pentru	tine	0.012245
și	pentru	persoanele	0.012245
și	pentru	toți	0.012245
și	pentru	femei	0.012245
și	pentru	ei	0.012245
și	pentru	asta	0.012245
și	persoana	care	0.600000
și	persoane	cu	0.210526
și	persoane	au	0.210526
și	persoane	fizice	0.157895
și	persoanele	care	0.428571
și	peste	de	0.366667
și	peste	au	0.133333
și	peste	în	0.100000
și	petrol	din	0.750000
și	piese	de	1.000000
și	planurile	de	0.571429
și	plin	de	1.000000
și	plini	de	1.000000
și	poate	fi	0.216667
și	poate	să	0.083333
și	poate	că	0.066667
și	poate	chiar	0.050000
și	poate	ajunge	0.050000
și	posibilitatea	de	0.555556
și	pot	fi	0.233333
și	pot	să	0.166667
și	pot	face	0.100000
și	potrivite	pentru	1.000000
și	preferă	să	1.000000
și	prin	urmare	0.404762
și	prin	care	0.071429
și	puncte	de	0.500000
și	pune	în	0.333333
și	pur	și	1.000000
și	până	la	0.389610
și	până	în	0.246753
și	până	acum	0.181818
și	până	pe	0.038961
și	rusia	au	0.120000
și	războiul	din	0.833333
și	s	a	0.610169
și	s	au	0.288136
și	s	ar	0.073446
și	se	va	0.122699
și	se	pare	0.067485
și	se	vor	0.067485
și	se	află	0.067485
și	se	bucură	0.049080
și	se	pot	0.042945
și	se	așteaptă	0.036810
și	se	poate	0.030675
și	se	fac	0.024540
și	se	lasă	0.024540
și	se	apropie	0.018405
și	se	îndreaptă	0.018405
și	se	mută	0.018405
și	se	umple	0.018405
și	se	pun	0.018405
și	secretarul	general	0.833333
și	securitate	și	0.375000
și	servicii	de	0.250000
și	simplu	să	0.106061
și	simplu	o	0.075758
și	simplu	nu	0.075758
și	simplu	de	0.060606
și	simplu	un	0.045455
și	simplu	pentru	0.045455
și	soția	lui	0.578947
și	soția	sa	0.421053
și	soțul	ei	0.666667
și	sper	să	0.416667
și	sper	că	0.250000
și	sperăm	să	0.444444
și	sperăm	că	0.444444
și	spun	că	0.750000
și	spune	că	0.760000
și	statele	unite	0.800000
și	statelor	unite	1.000000
și	sua	au	0.300000
și	sub	numele	0.428571
și	sud	est	0.600000
și	sunt	foarte	0.095238
și	sunt	în	0.071429
și	sute	de	1.000000
și	să	se	0.094139
și	să	nu	0.085258
și	să	le	0.065719
și	să	ne	0.044405
și	să	fie	0.037300
și	să	l	0.031972
și	să	te	0.030195
și	să	i	0.028419
și	să	și	0.026643
și	să	îi	0.024867
și	să	vă	0.024867
și	să	o	0.021314
și	să	îl	0.015986
și	să	își	0.015986
și	să	facă	0.014210
și	să	mă	0.010657
și	să	ofere	0.010657
și	să	ai	0.010657
și	să	îți	0.010657
și	să	spună	0.008881
și	să	devină	0.007105
și	să	avem	0.007105
și	să	mi	0.007105
și	să	creeze	0.007105
și	să	facem	0.007105
și	să	aibă	0.007105
și	să	mai	0.007105
și	să	lucreze	0.007105
și	să	faci	0.007105
și	să	ia	0.005329
și	teama	că	1.000000
și	timp	de	0.666667
și	toată	lumea	0.714286
și	tocmai	de	0.555556
și	tot	așa	0.163265
și	tot	ce	0.122449
și	tot	mai	0.081633
și	tot	acolo	0.061224
și	tot	la	0.061224
și	tot	ceea	0.061224
și	totul	este	0.307692
și	totuși	în	0.214286
și	trebuie	să	0.930233
și	trecerea	la	0.500000
și	trei	de	0.250000
și	tu	un	0.111111
și	tuturor	celor	0.833333
și	un	echipaj	0.073359
și	un	mesaj	0.034749
și	un	copil	0.034749
și	un	băiat	0.027027
și	un	altul	0.019305
și	un	alt	0.019305
și	un	bărbat	0.019305
și	un	exemplu	0.015444
și	un	nou	0.015444
și	un	om	0.015444
și	un	plan	0.015444
și	un	număr	0.011583
și	un	important	0.011583
și	un	proces	0.011583
și	un	sistem	0.011583
și	un	răspuns	0.011583
și	un	elicopter	0.011583
și	un	spital	0.011583
și	un	nivel	0.011583
și	una	de	0.333333
și	una	dintre	0.142857
și	una	cu	0.142857
și	unul	dintre	0.400000
și	unul	care	0.085714
și	unul	de	0.085714
și	urmează	să	0.750000
și	ușor	de	0.909091
și	va	fi	0.270677
și	va	avea	0.060150
și	va	continua	0.052632
și	va	face	0.045113
și	va	intra	0.030075
și	va	veni	0.022556
și	va	rămâne	0.022556
și	vei	fi	0.136364
și	vei	putea	0.136364
și	vei	vedea	0.136364
și	vom	avea	0.102564
și	vom	face	0.102564
și	vom	continua	0.076923
și	vom	fi	0.076923
și	vor	fi	0.285714
și	vor	avea	0.077922
și	vor	reveni	0.038961
și	vrea	să	1.000000
și	vreau	să	0.750000
și	vrei	să	0.800000
și	vrem	să	1.000000
și	zeci	de	1.000000
și	zilele	de	0.500000
și	îmi	doresc	0.214286
și	îmi	spune	0.214286
și	împreună	cu	0.375000
și	în	alte	0.052790
și	în	acest	0.037707
și	în	cazul	0.036199
și	în	cele	0.018100
și	în	același	0.018100
și	în	prezent	0.015083
și	în	străinătate	0.015083
și	în	zilele	0.013575
și	în	mod	0.013575
și	în	care	0.012066
și	în	mediul	0.012066
și	în	general	0.010558
și	în	perioada	0.010558
și	în	timpul	0.010558
și	în	centrul	0.010558
și	în	special	0.010558
și	în	ceea	0.010558
și	în	timp	0.010558
și	în	zonele	0.009050
și	în	zona	0.009050
și	în	fața	0.009050
și	în	viața	0.009050
și	în	rândul	0.007541
și	în	cel	0.007541
și	în	cadrul	0.007541
și	în	sudul	0.007541
și	în	calitate	0.007541
și	în	toate	0.007541
și	în	continuare	0.007541
și	în	anii	0.006033
și	înainte	de	0.727273
și	încearcă	să	0.875000
și	începe	să	0.600000
și	încă	o	0.120000
și	încă	una	0.120000
și	își	vor	0.285714
și	și	a	0.632653
și	și	au	0.102041
și	și	ar	0.061224
știe	cum	să	0.272727
știe	că	în	0.105263
știe	că	se	0.105263
știe	că	sunt	0.078947
știe	de	ce	0.272727
știe	foarte	bine	0.800000
știe	toată	lumea	1.000000
știe	tot	ce	0.750000
știm	bine	că	0.750000
știm	cu	toții	0.933333
știm	doar	că	1.000000
știut	cum	să	0.666667
