acara	ini	juga	0.090909
acara	ini	berlangsung	0.060606
acara	ini	menjadi	0.060606
acara	ini	untuk	0.045455
acara	ini	adalah	0.045455
acara	peringatan	hari	0.500000
acara	seperti	ini	0.750000
acara	tersebut	di	0.125000
acara	tv	yang	0.333333
acara	tv	dan	0.200000
acara	ulang	tahun	1.000000
acara	yang	digelar	0.250000
ada	alasan	lain	0.187500
ada	anggota	yang	0.750000
ada	apa	dengan	0.300000
ada	aturan	yang	0.500000
ada	aturan	baru	0.187500
ada	bantuan	dari	0.375000
ada	banyak	hal	0.080645
ada	banyak	cara	0.064516
ada	barang	bukti	0.714286
ada	beberapa	hal	0.097561
ada	beberapa	manfaat	0.063415
ada	beberapa	cara	0.043902
ada	beberapa	alasan	0.029268
ada	beberapa	pemain	0.029268
ada	beberapa	makanan	0.024390
ada	beberapa	penyebab	0.024390
ada	beberapa	poin	0.024390
ada	beberapa	berita	0.019512
ada	beberapa	yang	0.019512
ada	beberapa	lokasi	0.014634
ada	beberapa	perusahaan	0.014634
ada	beberapa	program	0.014634
ada	beberapa	tempat	0.014634
ada	beberapa	orang	0.014634
ada	beberapa	fakta	0.014634
ada	bukti	yang	0.600000
ada	cukup	banyak	0.750000
ada	daerah	yang	0.600000
ada	desa	yang	0.666667
ada	di	dalam	0.066852
ada	di	wilayah	0.041783
ada	di	sana	0.041783
ada	di	kota	0.038997
ada	di	rumah	0.033426
ada	di	sini	0.030641
ada	di	lokasi	0.027855
ada	di	posisi	0.022284
ada	di	bawah	0.022284
ada	di	tempat	0.019499
ada	di	tangan	0.016713
ada	di	jalan	0.016713
ada	di	desa	0.016713
ada	di	kawasan	0.016713
ada	di	sekitar	0.016713
ada	di	atas	0.016713
ada	di	setiap	0.016713
ada	di	pasar	0.013928
ada	di	bagian	0.013928
ada	di	dekat	0.013928
ada	di	mana	0.013928
ada	di	urutan	0.013928
ada	di	seluruh	0.011142
ada	di	depannya	0.011142
ada	di	pulau	0.011142
ada	di	medan	0.008357
ada	di	depan	0.008357
ada	di	lapangan	0.008357
ada	di	daerah	0.008357
ada	di	kantor	0.008357
ada	dua	hal	0.057971
ada	dua	jenis	0.057971
ada	dua	titik	0.043478
ada	dua	yang	0.043478
ada	empat	orang	0.107143
ada	gol	yang	0.555556
ada	hal	yang	0.428571
ada	hal	hal	0.321429
ada	hal	menarik	0.107143
ada	hubungan	dengan	0.428571
ada	hubungannya	dengan	0.750000
ada	juga	yang	0.346939
ada	juga	beberapa	0.051020
ada	kabar	baik	0.272727
ada	kaitannya	dengan	0.818182
ada	kamar	mandi	0.428571
ada	kapal	yang	0.750000
ada	kasus	baru	0.120000
ada	kata	kata	0.300000
ada	kekurangan	dalam	0.500000
ada	keluarga	yang	1.000000
ada	kemungkinan	besar	0.166667
ada	kenaikan	harga	0.235294
ada	kepastian	kapan	0.625000
ada	kerja	sama	0.750000
ada	kesempatan	untuk	0.272727
ada	korban	jiwa	0.741379
ada	lagi	warga	0.071429
ada	lagi	yang	0.071429
ada	laporan	dari	0.210526
ada	lebih	dari	0.733333
ada	masalah	dengan	0.205882
ada	masalah	di	0.117647
ada	masalah	apa	0.088235
ada	masyarakat	yang	1.000000
ada	mobil	yang	0.375000
ada	negara	yang	0.428571
ada	orang	yang	0.350000
ada	orang	tua	0.050000
ada	orang	dan	0.050000
ada	pelaku	lain	0.600000
ada	pemain	yang	0.421053
ada	peraturan	yang	0.750000
ada	petugas	yang	1.000000
ada	pihak	yang	0.631579
ada	pihak	pihak	0.157895
ada	proses	yang	0.500000
ada	pula	yang	0.181818
ada	pula	nama	0.090909
ada	saat	ini	0.615385
ada	saat	saat	0.307692
ada	saksi	yang	0.750000
ada	salah	satu	0.571429
ada	salah	seorang	0.214286
ada	sama	sekali	1.000000
ada	satu	pun	0.222222
ada	satu	hal	0.074074
ada	satu	lagi	0.074074
ada	satu	yang	0.055556
ada	sejak	lama	0.300000
ada	sejumlah	hal	0.142857
ada	sekitar	juta	0.171429
ada	sekitar	orang	0.171429
ada	sekitar	ribu	0.142857
ada	selama	ini	1.000000
ada	seseorang	yang	1.000000
ada	sesuatu	yang	0.800000
ada	tambahan	kasus	0.222222
ada	tambahan	gol	0.222222
ada	tanda	tanda	0.900000
ada	tiga	orang	0.134328
ada	tiga	hal	0.059701
ada	tiga	nama	0.059701
ada	tiga	jenis	0.044776
ada	tim	yang	0.636364
ada	tindak	lanjut	0.750000
ada	tindakan	tegas	0.428571
ada	waktu	untuk	0.230769
ada	warga	yang	0.647059
ada	yang	tidak	0.028329
ada	yang	sudah	0.025496
ada	yang	tahu	0.022663
ada	yang	meninggal	0.019830
ada	yang	bisa	0.019830
ada	yang	mau	0.016997
ada	yang	berubah	0.016997
ada	yang	ingin	0.014164
ada	yang	berasal	0.014164
ada	yang	bilang	0.014164
ada	yang	sampai	0.014164
ada	yang	lebih	0.014164
ada	yang	benar	0.014164
ada	yang	masuk	0.014164
ada	yang	dari	0.014164
ada	yang	menggunakan	0.011331
ada	yang	kurang	0.011331
ada	yang	menarik	0.011331
ada	yang	terluka	0.011331
ada	yang	belum	0.011331
ada	yang	berbeda	0.011331
ada	yang	datang	0.008499
ada	yang	lain	0.008499
ada	yang	mengatakan	0.008499
ada	yang	menyebut	0.008499
ada	yang	namanya	0.008499
ada	yang	membawa	0.008499
ada	yang	menjadi	0.008499
ada	yang	berhasil	0.008499
ada	yang	memilih	0.008499
air	besar	bab	0.333333
air	di	wilayah	0.178571
air	di	sungai	0.142857
air	di	dalam	0.107143
air	laut	yang	0.285714
air	mata	ke	0.080645
air	mata	yang	0.080645
air	mata	di	0.064516
air	mata	dan	0.048387
air	minum	di	0.153846
air	minum	dalam	0.115385
air	minum	yang	0.115385
air	panas	dan	0.333333
air	sungai	yang	0.272727
air	yang	ada	0.095238
air	yang	sudah	0.071429
akan	ada	banyak	0.086022
akan	ada	beberapa	0.064516
akan	ada	tiga	0.032258
akan	ada	tambahan	0.032258
akan	ada	satu	0.032258
akan	baik	baik	0.800000
akan	bekerja	sama	0.240000
akan	bekerja	secara	0.120000
akan	bekerja	dengan	0.120000
akan	bekerjasama	dengan	1.000000
akan	berada	di	0.750000
akan	berada	pada	0.107143
akan	berakhir	pada	0.518519
akan	berakhir	di	0.111111
akan	berangkat	ke	0.250000
akan	berbicara	dengan	0.750000
akan	bergabung	dengan	0.687500
akan	berhadapan	dengan	1.000000
akan	berjalan	dengan	0.333333
akan	berjuang	untuk	0.363636
akan	berlangsung	di	0.362903
akan	berlangsung	pada	0.250000
akan	berlangsung	selama	0.032258
akan	berlangsung	minggu	0.032258
akan	berlangsung	hingga	0.032258
akan	berlangsung	mulai	0.024194
akan	berlangsung	sejak	0.024194
akan	berlangsung	dalam	0.024194
akan	bermain	di	0.538462
akan	beroperasi	di	0.375000
akan	berpengaruh	terhadap	0.700000
akan	bertanding	pada	0.307692
akan	bertanding	di	0.230769
akan	bertemu	dengan	0.470588
akan	bertemu	di	0.176471
akan	bertolak	ke	0.666667
akan	berusaha	untuk	0.272727
akan	bisa	menjadi	0.096774
akan	datang	ke	0.190476
akan	datang	dan	0.119048
akan	datang	kata	0.119048
akan	datang	pada	0.071429
akan	diadakan	di	0.615385
akan	dibawa	ke	0.882353
akan	diberikan	kepada	0.195122
akan	diberikan	secara	0.073171
akan	dibuka	kembali	0.214286
akan	digelar	di	0.479167
akan	digelar	pada	0.270833
akan	digelar	secara	0.041667
akan	digunakan	untuk	0.525000
akan	digunakan	sebagai	0.125000
akan	digunakan	di	0.075000
akan	dihentikan	pada	0.500000
akan	diisi	oleh	1.000000
akan	dijadikan	sebagai	0.500000
akan	dijemput	paksa	1.000000
akan	dikeluarkan	oleh	0.600000
akan	dikirim	ke	0.600000
akan	dilaksanakan	pada	0.304348
akan	dilaksanakan	di	0.217391
akan	dilaksanakan	dengan	0.065217
akan	dilakukan	di	0.134615
akan	dilakukan	secara	0.105769
akan	dilakukan	pada	0.076923
akan	dilakukan	dengan	0.076923
akan	dilakukan	oleh	0.067308
akan	dilakukan	pemeriksaan	0.057692
akan	dilakukan	melalui	0.038462
akan	dilakukan	dalam	0.028846
akan	dimulai	pada	0.513514
akan	dimulai	dari	0.081081
akan	dipilih	oleh	0.200000
akan	dipilih	menjadi	0.200000
akan	diserahkan	ke	0.500000
akan	disiarkan	secara	0.857143
akan	ditempatkan	di	0.714286
akan	ditentukan	oleh	0.300000
akan	fokus	pada	0.470588
akan	habis	pada	0.714286
akan	hadir	dalam	0.321429
akan	hadir	di	0.250000
akan	hal	tersebut	0.500000
akan	jauh	lebih	0.666667
akan	jauh	dari	0.333333
akan	kami	sampaikan	0.233333
akan	kami	lakukan	0.100000
akan	kami	tindak	0.100000
akan	keluar	dari	0.333333
akan	kembali	ke	0.078125
akan	kembali	digelar	0.062500
akan	kembali	melakukan	0.046875
akan	kembali	turun	0.046875
akan	kita	lakukan	0.100000
akan	lebih	baik	0.148148
akan	lebih	banyak	0.098765
akan	lebih	fokus	0.061728
akan	lebih	mudah	0.049383
akan	lebih	tinggi	0.049383
akan	lebih	terjaga	0.037037
akan	lebih	dulu	0.037037
akan	lebih	cepat	0.037037
akan	lebih	nyaman	0.037037
akan	lebih	sulit	0.037037
akan	maju	di	0.444444
akan	maju	sebagai	0.333333
akan	masuk	ke	0.590909
akan	melakukan	perjalanan	0.086420
akan	melakukan	pemeriksaan	0.074074
akan	melakukan	penyelidikan	0.049383
akan	melakukan	sejumlah	0.037037
akan	melakukan	uji	0.037037
akan	melakukan	rapat	0.037037
akan	melakukan	operasi	0.037037
akan	melaporkan	balik	0.500000
akan	memakan	waktu	0.714286
akan	memasuki	masa	0.428571
akan	membantu	kami	0.093750
akan	membantu	pemerintah	0.093750
akan	memberi	kami	0.176471
akan	memberikan	manfaat	0.070175
akan	memberikan	bantuan	0.052632
akan	membuat	anda	0.063830
akan	membuat	semua	0.063830
akan	membuka	kembali	0.187500
akan	membuka	peluang	0.187500
akan	meminta	keterangan	0.500000
akan	menaikkan	suku	0.571429
akan	menambah	jumlah	0.230769
akan	menandatangani	kontrak	0.750000
akan	mendapatkan	bantuan	0.121951
akan	mendukung	penuh	0.200000
akan	mengalami	perubahan	0.166667
akan	mengambil	langkah	0.294118
akan	mengambil	tindakan	0.176471
akan	menghadapi	lawan	0.096774
akan	menikah	dengan	0.750000
akan	menimbulkan	rasa	0.428571
akan	meningkat	pada	0.384615
akan	menjadi	yang	0.031746
akan	menjadi	lebih	0.031746
akan	menjadi	bagian	0.031746
akan	menjadi	tempat	0.026455
akan	menjadi	perhatian	0.021164
akan	menjadi	salah	0.021164
akan	menjadi	tuan	0.021164
akan	menjadi	lawan	0.021164
akan	menjadi	target	0.015873
akan	menjadi	lokasi	0.015873
akan	menjadi	bahan	0.015873
akan	menjadi	juara	0.015873
akan	menjadi	tahun	0.015873
akan	menjadi	pertandingan	0.015873
akan	menjadi	ujian	0.015873
akan	menjalani	masa	0.250000
akan	menuju	ke	0.428571
akan	merasa	sangat	0.272727
akan	mulai	dibuka	0.200000
akan	mulai	berlaku	0.150000
akan	muncul	di	0.214286
akan	pergi	ke	0.375000
akan	pindah	ke	0.888889
akan	saling	berhadapan	0.375000
akan	sama	seperti	0.800000
akan	sangat	membantu	0.148936
akan	sangat	besar	0.063830
akan	sangat	sulit	0.063830
akan	sangat	bergantung	0.063830
akan	segera	berakhir	0.074627
akan	segera	melakukan	0.059701
akan	segera	memulai	0.044776
akan	segera	menikah	0.044776
akan	segera	memanggil	0.044776
akan	selalu	ada	0.193548
akan	selalu	memberikan	0.096774
akan	selalu	menjadi	0.096774
akan	selesai	pada	0.400000
akan	semakin	banyak	0.108696
akan	semakin	besar	0.086957
akan	semakin	kuat	0.086957
akan	seperti	apa	0.750000
akan	siap	untuk	0.444444
akan	sulit	bagi	0.235294
akan	sulit	untuk	0.176471
akan	tampil	di	0.434783
akan	terasa	lebih	0.300000
akan	terjadi	pada	0.170732
akan	terjadi	di	0.170732
akan	terjadi	hujan	0.097561
akan	terjadi	dalam	0.097561
akan	terlibat	dalam	0.666667
akan	tersedia	di	0.333333
akan	terus	melakukan	0.103896
akan	terus	meningkat	0.071429
akan	terus	mendukung	0.071429
akan	terus	mendorong	0.051948
akan	terus	bertambah	0.045455
akan	terus	meningkatkan	0.038961
akan	terus	memberikan	0.032468
akan	terus	memantau	0.032468
akan	terus	dilakukan	0.032468
akan	terus	mengawal	0.025974
akan	terus	kita	0.025974
akan	terus	bekerja	0.025974
akan	terus	berlangsung	0.019481
akan	tetap	melakukan	0.076923
akan	tetap	melanjutkan	0.076923
akan	tetapi	ada	0.041096
akan	tetapi	ia	0.041096
akan	tetapi	dia	0.034247
akan	tetapi	jika	0.027397
akan	tetapi	tim	0.027397
akan	tetapi	di	0.020548
akan	tetapi	itu	0.020548
akan	tetapi	karena	0.020548
akan	tetapi	pada	0.020548
akan	tinggal	di	1.000000
akan	turun	hujan	0.307692
akan	turun	di	0.153846
akan	turun	ke	0.153846
akses	air	minum	0.714286
akses	jalan	menuju	0.173913
akses	jalan	penghubung	0.130435
akses	jalan	yang	0.130435
aku	nggak	tahu	0.375000
alami	yang	bisa	0.444444
alasan	di	balik	1.000000
alasan	dirinya	tertarik	0.272727
alasan	mengapa	dirinya	0.200000
alasan	yang	tidak	0.235294
anaknya	yang	masih	0.250000
anggota	dewan	yang	0.150000
anggota	keluarga	yang	0.240000
anggota	polisi	yang	0.333333
anggota	yang	bertugas	0.171429
angkatan	bersenjata	as	0.230769
angkatan	bersenjata	rusia	0.230769
angkatan	darat	itu	0.166667
angkatan	laut	as	0.128205
angkatan	laut	rusia	0.076923
anti	kekerasan	terhadap	0.750000
api	dengan	cepat	0.555556
api	yang	membakar	0.250000
api	yang	cukup	0.125000
arahan	ketua	umum	1.000000
area	area	yang	0.600000
arena	bangkok	thailand	0.500000
artis	cantik	ini	0.333333
artis	papan	atas	1.000000
artis	tahun	itu	0.600000
artis	tanah	air	1.000000
as	atau	sekitar	0.705882
as	pada	selasa	0.250000
as	per	ton	0.600000
awal	abad	ke	1.000000
awal	babak	pertama	0.550000
awal	babak	kedua	0.450000
awal	bulan	ini	0.636364
awal	game	pertama	0.600000
awal	gim	pertama	0.666667
awal	musim	ini	0.250000
awal	pekan	ini	0.562500
awal	pekan	depan	0.250000
awal	putaran	kedua	1.000000
awal	tahun	ini	0.382979
awal	tahun	depan	0.127660
awal	yang	baik	0.210526
awan	hujan	di	1.000000
ayah	dan	ibunya	0.333333
ayah	dan	anak	0.333333
ayah	ibu	dan	0.600000
ayat	atau	pasal	1.000000
ayat	dan	pasal	0.444444
ayat	huruf	a	0.333333
ayat	jo	pasal	0.900000
ayat	ke	e	0.600000
ayat	undang	undang	1.000000
badan	eksekutif	mahasiswa	1.000000
badan	keamanan	laut	0.833333
badan	layanan	umum	0.750000
badan	pendapatan	daerah	1.000000
badan	penerbangan	dan	1.000000
badan	usaha	milik	0.818182
bagi	adik	adik	1.000000
bagi	anak	anak	0.516129
bagi	anak	muda	0.129032
bagi	anak	yang	0.096774
bagi	anda	yang	0.843750
bagi	bangsa	dan	0.600000
bagi	banyak	orang	1.000000
bagi	generasi	muda	0.818182
bagi	guru	dan	1.000000
bagi	ibu	hamil	0.375000
bagi	kalian	yang	0.800000
bagi	kami	untuk	0.148148
bagi	kami	dan	0.111111
bagi	kamu	yang	0.900000
bagi	keluarga	yang	0.214286
bagi	kita	semua	0.384615
bagi	kita	untuk	0.230769
bagi	korban	gempa	0.461538
bagi	lebih	dari	1.000000
bagi	masyarakat	yang	0.240506
bagi	masyarakat	untuk	0.101266
bagi	masyarakat	di	0.075949
bagi	masyarakat	dan	0.063291
bagi	masyarakat	umum	0.050633
bagi	masyarakat	serta	0.050633
bagi	mereka	yang	0.595238
bagi	mereka	untuk	0.190476
bagi	orang	lain	0.241379
bagi	orang	orang	0.241379
bagi	orang	tua	0.172414
bagi	orang	yang	0.137931
bagi	para	pelaku	0.236111
bagi	para	pengguna	0.069444
bagi	para	pekerja	0.055556
bagi	para	korban	0.041667
bagi	para	anggota	0.041667
bagi	para	mahasiswa	0.041667
bagi	para	orang	0.041667
bagi	pegawai	yang	0.571429
bagi	pekerja	yang	0.312500
bagi	pelaku	usaha	0.285714
bagi	pelaku	perjalanan	0.214286
bagi	pemerintah	daerah	0.300000
bagi	pengguna	untuk	0.500000
bagi	penonton	yang	0.800000
bagi	perempuan	di	0.500000
bagi	perusahaan	yang	0.333333
bagi	saya	dan	0.114286
bagi	saya	untuk	0.114286
bagi	sebagian	orang	0.727273
bagi	seluruh	masyarakat	0.193548
bagi	seluruh	rakyat	0.129032
bagi	semua	orang	0.250000
bagi	semua	pihak	0.125000
bagi	seseorang	yang	0.750000
bagi	setan	merah	1.000000
bagi	setiap	muslim	0.333333
bagi	siapa	saja	0.600000
bagi	tuan	rumah	1.000000
bagi	umat	muslim	0.300000
bagi	warga	yang	0.266667
bagi	warga	di	0.133333
bagi	warga	masyarakat	0.133333
bagi	yang	belum	0.157895
bagi	yang	ingin	0.105263
bagi	yang	sudah	0.087719
bagi	yang	lain	0.052632
bagi	yang	tidak	0.052632
bagian	bawah	yang	0.500000
bagian	belakang	dan	0.125000
bagian	belakang	truk	0.125000
bagian	dada	dan	0.428571
bagian	dari	upaya	0.087838
bagian	dari	program	0.074324
bagian	dari	rangkaian	0.067568
bagian	dari	komitmen	0.033784
bagian	dari	proses	0.020270
bagian	dari	sistem	0.020270
bagian	dari	rencana	0.020270
bagian	dari	langkah	0.020270
bagian	dari	budaya	0.020270
bagian	kepala	dan	0.285714
bagian	penting	dari	0.357143
bagian	penting	dalam	0.285714
bagian	terpenting	dari	1.000000
bagian	tubuh	lainnya	0.312500
bagian	tubuh	yang	0.250000
bagian	yang	tidak	0.200000
bahagia	datang	dari	0.750000
bahkan	ada	yang	0.566667
bahkan	banyak	yang	0.571429
bahkan	beberapa	dari	0.230769
bahkan	dia	sampai	0.125000
bahkan	hari	ini	1.000000
bahkan	ia	juga	0.153846
bahkan	ia	mengaku	0.115385
bahkan	ia	sempat	0.115385
bahkan	kami	sudah	0.600000
bahkan	kata	dia	0.666667
bahkan	mengatakan	bahwa	0.750000
bahkan	mereka	juga	0.333333
bahkan	saat	ini	0.187500
bahkan	sampai	ke	0.333333
bahkan	tahun	ini	1.000000
baik	bagi	para	0.142857
baik	baik	saja	0.702128
baik	baik	aja	0.063830
baik	dalam	bentuk	0.105263
baik	dalam	negeri	0.078947
baik	dan	lancar	0.047619
baik	dan	benar	0.047619
baik	dan	lebih	0.039683
baik	dan	bisa	0.039683
baik	dan	dapat	0.039683
baik	dan	profesional	0.031746
baik	dan	buruk	0.023810
baik	dan	tetap	0.023810
baik	dan	sesuai	0.023810
baik	dan	cepat	0.023810
baik	dari	sisi	0.162500
baik	dari	segi	0.075000
baik	dari	yang	0.050000
baik	dari	pihak	0.037500
baik	dari	pemerintah	0.037500
baik	dari	sebelumnya	0.037500
baik	daripada	yang	0.428571
baik	di	dalam	0.125000
baik	di	tingkat	0.075000
baik	di	masa	0.050000
baik	di	lapangan	0.037500
baik	di	dunia	0.037500
baik	itu	dari	0.093023
baik	ke	depannya	0.384615
baik	ke	depan	0.307692
baik	kepada	masyarakat	0.428571
baik	lagi	ke	0.275862
baik	lagi	dalam	0.137931
baik	lagi	kata	0.103448
baik	maka	akan	0.666667
baik	oleh	masyarakat	0.166667
baik	roda	empat	0.600000
baik	saja	dan	0.214286
baik	sehingga	bisa	0.176471
baik	sehingga	tidak	0.176471
baik	untuk	menjaga	0.092308
baik	untuk	tubuh	0.061538
baik	yang	meninggal	0.078947
baik	yang	akan	0.078947
bakal	berada	di	1.000000
bakal	berlangsung	di	0.625000
bakal	calon	presiden	0.550000
bakal	digelar	di	0.562500
bakal	digelar	pada	0.250000
bakal	lolos	ke	0.750000
bakal	menjadi	salah	0.250000
bakal	terjadi	pada	0.600000
bakar	minyak	atau	0.375000
bandara	i	gusti	1.000000
bangsa	dan	negara	0.740000
bangsa	yang	besar	0.227273
banyak	anak	anak	0.555556
banyak	dari	mereka	0.225806
banyak	di	antara	0.230769
banyak	digunakan	oleh	0.272727
banyak	ditemukan	di	0.333333
banyak	faktor	yang	0.571429
banyak	hal	yang	0.420000
banyak	hal	hal	0.060000
banyak	industri	yang	1.000000
banyak	juga	yang	0.263158
banyak	korban	yang	0.300000
banyak	korban	jiwa	0.300000
banyak	manfaat	untuk	0.384615
banyak	manfaat	yang	0.307692
banyak	masyarakat	yang	0.642857
banyak	menghabiskan	waktu	1.000000
banyak	mulai	dari	1.000000
banyak	negara	yang	0.150000
banyak	orang	yang	0.244681
banyak	orang	untuk	0.053191
banyak	orang	di	0.042553
banyak	orang	dari	0.031915
banyak	pekerjaan	yang	0.375000
banyak	pemain	muda	0.235294
banyak	pemain	yang	0.235294
banyak	pihak	yang	0.256410
banyak	pihak	untuk	0.102564
banyak	prestasi	yang	0.500000
banyak	pula	yang	0.600000
banyak	sekali	yang	0.130435
banyak	teman	teman	0.750000
banyak	terima	kasih	1.000000
banyak	uang	untuk	0.600000
banyak	waktu	untuk	0.437500
banyak	waktu	yang	0.187500
banyak	wanita	yang	0.375000
banyak	warga	yang	0.666667
banyak	wilayah	di	0.600000
banyak	yang	tidak	0.076923
banyak	yang	harus	0.053846
banyak	yang	tahu	0.046154
banyak	yang	bisa	0.038462
banyak	yang	belum	0.030769
banyak	yang	mati	0.023077
banyak	yang	datang	0.023077
banyak	yang	menggunakan	0.023077
banyak	yang	rusak	0.023077
banyak	yang	ingin	0.023077
banyak	yang	membeli	0.023077
barat	dan	tengah	0.130435
barat	daya	dengan	0.150000
barat	daya	barat	0.150000
barat	ke	timur	0.666667
barat	laut	dengan	0.400000
barat	pada	sabtu	0.200000
barat	pada	hari	0.160000
barat	pada	rabu	0.120000
barat	pada	minggu	0.120000
barat	seperti	di	0.833333
baru	akan	berlangsung	0.105263
baru	baru	ini	0.988372
baru	bebas	dari	0.750000
baru	berjalan	menit	0.250000
baru	berjalan	satu	0.187500
baru	berjalan	dua	0.187500
baru	berusia	tahun	0.500000
baru	bisa	dilakukan	0.222222
baru	di	kawasan	0.092593
baru	di	luar	0.055556
baru	di	wilayah	0.055556
baru	diketahui	saat	0.333333
baru	ini	di	0.075000
baru	ini	beredar	0.058333
baru	ini	akan	0.050000
baru	ini	menjadi	0.025000
baru	ini	ada	0.025000
baru	ini	para	0.025000
baru	ini	rocky	0.025000
baru	ini	dan	0.025000
baru	kali	ini	0.750000
baru	keluar	dari	0.750000
baru	masuk	ke	0.272727
baru	menyadari	bahwa	1.000000
baru	pertama	kali	0.642857
baru	pulang	dari	0.375000
baru	pulang	sekolah	0.250000
baru	pulang	kerja	0.187500
baru	saja	melahirkan	0.081633
baru	saja	pulang	0.040816
baru	saja	menjalani	0.040816
baru	saja	melakukan	0.040816
baru	saja	dibuka	0.030612
baru	saja	terjadi	0.030612
baru	saja	mengalami	0.030612
baru	saja	mengumumkan	0.030612
baru	yang	akan	0.146067
baru	yang	lebih	0.056180
baru	yang	kini	0.033708
baru	yang	tidak	0.033708
baru	yang	belum	0.033708
bawang	merah	di	0.153846
bawang	merah	dan	0.115385
bawang	putih	dan	0.214286
begitu	dekat	dengan	1.000000
begitu	dia	tetap	0.428571
begitu	juga	dengan	0.515625
begitu	juga	dari	0.046875
begitu	juga	di	0.046875
begitu	juga	para	0.046875
begitu	juga	saat	0.046875
begitu	juga	untuk	0.046875
begitu	pula	dengan	0.611111
begitu	saja	karena	0.157895
begitu	tidak	ada	1.000000
bela	diri	campuran	0.200000
belanja	pemerintah	pusat	0.600000
benar	benar	bisa	0.053892
benar	benar	menjadi	0.035928
benar	benar	tidak	0.029940
benar	benar	hancur	0.029940
benar	benar	tak	0.023952
benar	benar	bersih	0.023952
benar	benar	layak	0.017964
benar	benar	melakukan	0.017964
benar	benar	bagus	0.017964
benar	benar	berada	0.017964
benar	benar	memperhatikan	0.017964
benar	dan	aman	0.272727
benar	di	tengah	0.600000
benar	kami	sudah	0.750000
bencana	alam	itu	0.160000
bencana	alam	yang	0.120000
bencana	alam	banjir	0.120000
bencana	banjir	dan	0.600000
bencana	gempa	bumi	0.600000
bendera	merah	putih	0.970588
berat	badan	yang	0.090909
berbeda	dari	tahun	0.200000
berbeda	dengan	daerah	0.046154
berbeda	dengan	orang	0.046154
berbeda	dengan	yang	0.046154
berbeda	dengan	data	0.046154
berbeda	dengan	vaksin	0.046154
berbeda	halnya	dengan	0.800000
berbuat	apa	apa	1.000000
berdiri	di	atas	0.210526
berdiri	di	depan	0.157895
berdiri	di	samping	0.078947
berdiri	di	dekat	0.078947
berdiri	pada	tahun	0.500000
berdiri	sejak	tahun	0.500000
berdiri	sejak	ini	0.500000
berdoa	buruk	terhadap	1.000000
beredar	di	media	0.551724
beredar	di	pasaran	0.103448
beredar	kabar	bahwa	0.375000
beredar	luas	di	0.600000
beredar	video	yang	0.454545
berfungsi	dengan	baik	0.750000
bergabung	dengan	tim	0.076923
bergabung	dengan	yang	0.057692
bergabung	ke	dalam	0.444444
berhadapan	dengan	tunggal	0.102564
berhadapan	dengan	hukum	0.076923
berhak	lolos	ke	0.800000
berikut	adalah	cara	0.210526
berikut	bacaan	niat	0.500000
berikut	barang	bukti	0.857143
berikut	daftar	lengkap	0.428571
berikut	fakta	fakta	0.615385
berikut	fakta	menarik	0.230769
berikut	ini	adalah	0.140496
berikut	ini	profil	0.066116
berikut	ini	daftar	0.057851
berikut	ini	penjelasan	0.057851
berikut	ini	ramalan	0.049587
berikut	ini	fakta	0.041322
berikut	ini	akan	0.041322
berikut	ini	bacaan	0.041322
berikut	ini	cara	0.041322
berikut	ini	yang	0.033058
berikut	ini	beberapa	0.024793
berikut	ini	kumpulan	0.024793
berikut	sejumlah	fakta	0.750000
berkaitan	dengan	kasus	0.046154
berkaitan	dengan	isu	0.046154
berkaitan	erat	dengan	0.750000
berkata	seperti	itu	1.000000
berlatih	bersama	tim	0.600000
bermain	cinta	yang	0.157895
bermain	dengan	pemain	0.125000
bermain	dengan	baik	0.125000
bermain	di	depan	0.073529
bermain	di	liga	0.058824
bermain	di	final	0.058824
bermain	di	kandang	0.044118
bermain	di	luar	0.044118
bermain	di	hadapan	0.044118
bermain	di	posisi	0.044118
bermain	online	game	0.750000
bermain	sejak	awal	1.000000
bermain	selama	menit	0.714286
bermain	sepak	bola	1.000000
bermain	untuk	tim	0.272727
bermula	dari	laporan	0.187500
bermula	saat	korban	0.480000
bersaing	di	pasar	0.217391
bersaing	di	papan	0.130435
bersaing	untuk	menjadi	0.750000
bersih	bersih	sampah	0.375000
bersih	dan	sehat	0.529412
bertambah	menjadi	orang	0.416667
bertambah	orang	sehingga	0.400000
bertambah	orang	pada	0.300000
bertambah	sebanyak	orang	0.647059
bertambah	sebanyak	pasien	0.176471
bertanggung	jawab	atas	0.352273
bertanggung	jawab	dalam	0.113636
bertanggung	jawab	untuk	0.045455
bertanggung	jawab	dan	0.045455
bertanggung	jawab	kepada	0.034091
bertanggung	jawab	kata	0.034091
bertanggung	jawab	terhadap	0.034091
bertanggung	jawab	di	0.034091
bertanggung	jawab	secara	0.034091
bertanggung	jawab	penuh	0.034091
bertanya	apakah	dia	0.428571
bertanya	tanya	apakah	0.300000
bertujuan	untuk	meningkatkan	0.169811
bertujuan	untuk	memberikan	0.169811
beruntung	tidak	ada	0.714286
berusia	di	bawah	0.727273
berusia	di	atas	0.272727
berusia	lebih	dari	0.800000
berusia	lima	tahun	0.625000
berusia	lima	bulan	0.375000
berusia	sekitar	tahun	1.000000
berusia	tahun	itu	0.401786
berusia	tahun	ini	0.107143
berusia	tahun	tersebut	0.107143
berusia	tahun	yang	0.058036
berusia	tahun	dan	0.031250
berusia	tahun	di	0.031250
berusia	tahun	ke	0.017857
berusia	tahun	pada	0.013393
berusia	tahun	untuk	0.013393
berusia	tahun	dia	0.013393
berusia	tahun	sebagai	0.013393
berusia	tahun	telah	0.013393
besar	berada	di	1.000000
besar	di	dunia	0.111111
besar	dibandingkan	dengan	0.600000
besar	inggris	untuk	1.000000
besar	lainnya	di	0.500000
besar	olahraga	nasional	1.000000
besar	orang	yang	0.500000
besar	piala	dunia	0.888889
besar	ri	untuk	0.857143
besar	sehingga	bisa	0.500000
besar	wilayah	sungai	0.384615
besar	yang	bisa	0.067797
besar	yang	sudah	0.050847
besar	yang	tidak	0.050847
besar	yang	dapat	0.050847
besar	yang	harus	0.050847
besar	yang	akan	0.050847
biasanya	digunakan	untuk	0.750000
bin	smith	yang	0.333333
bisnis	di	masa	0.222222
bisnis	di	bidang	0.166667
boleh	ada	yang	0.333333
bom	bunuh	diri	1.000000
buang	air	besar	0.550000
buang	air	kecil	0.450000
buang	sampah	sembarangan	0.600000
buat	kamu	yang	0.800000
budaya	salah	satunya	1.000000
budaya	tak	benda	0.857143
bukan	berarti	tidak	0.150000
bukan	berasal	dari	1.000000
bukan	cuma	itu	0.375000
bukan	dalam	rangka	1.000000
bukan	hal	yang	0.529412
bukan	hal	mudah	0.294118
bukan	hanya	itu	0.102564
bukan	hanya	di	0.068376
bukan	hanya	untuk	0.059829
bukan	hanya	soal	0.042735
bukan	hanya	dari	0.025641
bukan	hanya	sekadar	0.025641
bukan	hanya	sekedar	0.025641
bukan	kali	pertama	1.000000
bukan	lawan	yang	1.000000
bukan	pertama	kali	0.538462
bukan	pertama	kalinya	0.461538
bukan	rahasia	lagi	0.500000
bukan	satu	satunya	0.818182
bukan	sesuatu	yang	1.000000
bukan	tanpa	alasan	0.809524
bukan	tidak	mungkin	0.785714
bukan	untuk	kepentingan	0.210526
bukan	yang	pertama	0.444444
bukanlah	hal	yang	0.625000
bulan	dan	hari	0.187500
bulan	dan	tahun	0.187500
bulan	ke	depan	0.812500
bulan	lalu	juga	0.103448
bulan	september	ini	0.230769
bulan	yang	lalu	0.176471
by	name	by	0.750000
c	piala	dunia	1.000000
catatan	waktu	menit	0.500000
cctv	di	rumah	0.250000
cctv	di	lokasi	0.187500
cctv	di	sekitar	0.187500
cctv	yang	ada	0.375000
cepat	dan	tepat	0.195122
cepat	dan	mudah	0.073171
cepat	membesar	dan	0.800000
cepat	pulih	dari	1.000000
cepat	tepat	dan	0.800000
ciri	ciri	pelaku	0.166667
cuti	bersama	tahun	0.214286
cuti	bersama	hari	0.214286
daerah	aliran	sungai	1.000000
daerah	daerah	yang	0.315789
daerah	daerah	lain	0.210526
daerah	ini	juga	0.250000
daerah	lain	di	0.277778
daerah	lainnya	yang	0.375000
daerah	tertinggal	dan	1.000000
daerah	yang	belum	0.104478
daerah	yang	akan	0.059701
daftar	pemain	yang	0.363636
daftar	pencarian	orang	1.000000
daftar	top	skor	0.600000
darah	dalam	tubuh	0.666667
darah	dan	air	0.272727
darah	tinggi	atau	0.187500
darat	dan	udara	0.666667
darat	km	barat	1.000000
dari	akademi	angkatan	0.600000
dari	aliran	sungai	1.000000
dari	anak	anak	0.258065
dari	anak	muda	0.129032
dari	anak	anaknya	0.096774
dari	anak	yang	0.096774
dari	angka	tersebut	0.444444
dari	antara	rabu	0.333333
dari	antara	minggu	0.333333
dari	apa	yang	0.900000
dari	arah	berlawanan	0.204082
dari	arah	belakang	0.142857
dari	arah	selatan	0.081633
dari	arah	barat	0.061224
dari	arah	timur	0.061224
dari	atas	ke	0.230769
dari	awal	hingga	0.138889
dari	awal	tahun	0.083333
dari	awal	sampai	0.083333
dari	babak	besar	0.800000
dari	bahan	bahan	0.272727
dari	bangku	cadangan	0.750000
dari	banyak	pihak	0.363636
dari	bapak	presiden	0.600000
dari	barat	daya	0.571429
dari	beberapa	pihak	0.069767
dari	belakang	dan	0.235294
dari	belakang	di	0.176471
dari	berbagai	sumber	0.263566
dari	berbagai	daerah	0.116279
dari	berbagai	negara	0.093023
dari	berbagai	kalangan	0.093023
dari	berbagai	pihak	0.069767
dari	berbagai	macam	0.031008
dari	berbagai	elemen	0.031008
dari	berbagai	wilayah	0.031008
dari	daerah	lain	0.250000
dari	daerah	pemilihan	0.214286
dari	daerah	yang	0.107143
dari	dalam	negeri	0.229167
dari	dalam	kotak	0.125000
dari	dalam	kamar	0.062500
dari	dalam	mobil	0.062500
dari	dan	menuju	0.227273
dari	dan	ke	0.227273
dari	dana	desa	0.444444
dari	data	yang	0.277778
dari	data	tersebut	0.166667
dari	diri	sendiri	0.600000
dari	dua	kali	0.200000
dari	dua	orang	0.100000
dari	dua	negara	0.060000
dari	dua	pertandingan	0.060000
dari	empat	pertandingan	0.111111
dari	enam	bulan	0.210526
dari	foto	yang	0.800000
dari	hal	hal	0.437500
dari	harga	yang	0.357143
dari	harga	awal	0.214286
dari	hari	sebelumnya	0.190476
dari	hari	ini	0.142857
dari	hasil	pemeriksaan	0.281250
dari	hasil	penyelidikan	0.125000
dari	hasil	gelar	0.046875
dari	hasil	itu	0.046875
dari	hasil	uji	0.046875
dari	hulu	ke	0.538462
dari	hulu	hingga	0.307692
dari	ibu	kota	0.300000
dari	informasi	yang	0.642857
dari	informasi	masyarakat	0.214286
dari	itu	ia	0.090909
dari	itu	dirinya	0.045455
dari	itu	pemerintah	0.045455
dari	jalan	raya	0.300000
dari	jam	setelah	0.285714
dari	jarak	dekat	0.538462
dari	jarak	jauh	0.230769
dari	jumlah	itu	0.291667
dari	jumlah	tersebut	0.270833
dari	jumlah	penduduk	0.062500
dari	juta	pengguna	0.177778
dari	juta	orang	0.133333
dari	juta	kali	0.111111
dari	juta	ton	0.066667
dari	juta	penonton	0.066667
dari	kalangan	masyarakat	0.235294
dari	kantor	berita	0.666667
dari	kasus	ini	0.230769
dari	kasus	tersebut	0.153846
dari	kasus	yang	0.115385
dari	kedua	tim	0.272727
dari	kedua	belah	0.227273
dari	kedua	orang	0.227273
dari	kegiatan	ini	0.285714
dari	kejadian	tersebut	0.363636
dari	keluarga	dan	0.166667
dari	keluarga	yang	0.166667
dari	kenaikan	harga	0.888889
dari	kepala	keluarga	0.214286
dari	kerja	keras	0.500000
dari	kerja	sama	0.375000
dari	keterangan	saksi	0.380952
dari	keterangan	yang	0.142857
dari	ketua	umum	0.750000
dari	kompas	tv	1.000000
dari	korea	selatan	0.833333
dari	kuasa	hukum	1.000000
dari	lagu	tersebut	0.272727
dari	laman	russia	0.250000
dari	laporan	masyarakat	0.214286
dari	laporan	itu	0.142857
dari	laporan	yang	0.107143
dari	lokasi	kejadian	0.350000
dari	luar	negeri	0.371429
dari	luar	kotak	0.128571
dari	luar	kota	0.100000
dari	luar	daerah	0.071429
dari	luar	pulau	0.057143
dari	luar	angkasa	0.057143
dari	mahasiswa	dan	0.333333
dari	mahkamah	agung	1.000000
dari	malaysia	dan	0.300000
dari	mana	saja	0.260870
dari	mantan	istri	0.272727
dari	mantan	suaminya	0.272727
dari	masa	lalu	0.357143
dari	masa	ke	0.214286
dari	masyarakat	yang	0.166667
dari	masyarakat	bahwa	0.129630
dari	masyarakat	adat	0.055556
dari	masyarakat	desa	0.055556
dari	masyarakat	dan	0.055556
dari	mata	air	1.000000
dari	media	sosial	0.500000
dari	mereka	yang	0.170213
dari	mereka	adalah	0.063830
dari	motor	dan	0.428571
dari	negara	negara	0.230769
dari	negara	lain	0.107692
dari	negara	yang	0.076923
dari	negara	tetangga	0.061538
dari	negara	anggota	0.061538
dari	negara	itu	0.046154
dari	negara	dan	0.046154
dari	negara	lainnya	0.046154
dari	negeri	jiran	1.000000
dari	orang	lain	0.150000
dari	orang	yang	0.150000
dari	orang	orang	0.133333
dari	orang	tua	0.083333
dari	pagi	hingga	0.400000
dari	pagi	sampai	0.300000
dari	pangkalan	udara	1.000000
dari	para	saksi	0.085106
dari	para	pemain	0.085106
dari	pelaku	usaha	0.294118
dari	pemain	yang	0.428571
dari	pemerintah	pusat	0.257143
dari	pemerintah	daerah	0.171429
dari	pemerintah	untuk	0.071429
dari	pemerintah	dan	0.042857
dari	pemilik	rumah	0.375000
dari	penampilan	di	0.400000
dari	pengadilan	negeri	0.750000
dari	penyelidikan	ke	0.625000
dari	perguruan	tinggi	1.000000
dari	perkiraan	sebelumnya	0.750000
dari	pertandingan	di	0.136364
dari	pertandingan	yang	0.136364
dari	piala	dunia	0.777778
dari	pihak	keluarga	0.111111
dari	pihak	yang	0.083333
dari	program	ini	0.250000
dari	pukul	sampai	0.500000
dari	pusat	untuk	0.210526
dari	pusat	hingga	0.157895
dari	rangkaian	kegiatan	0.300000
dari	ribu	kali	0.166667
dari	ruang	tahanan	0.272727
dari	rumah	sakit	0.209677
dari	rumah	tangga	0.064516
dari	rumah	karena	0.048387
dari	rumah	saja	0.048387
dari	salah	satu	0.967742
dari	sang	suami	0.391304
dari	satu	jam	0.140000
dari	satu	juta	0.120000
dari	satu	orang	0.100000
dari	satu	tahun	0.060000
dari	satu	negara	0.060000
dari	sebelah	kiri	1.000000
dari	sebelumnya	sebesar	0.181818
dari	segala	bentuk	0.250000
dari	sehari	sebelumnya	0.916667
dari	sejumlah	daerah	0.160000
dari	sekian	banyak	0.444444
dari	sekolah	dasar	0.230769
dari	sektor	ganda	0.285714
dari	seluruh	dunia	0.391304
dari	seluruh	wilayah	0.130435
dari	semua	pihak	0.272727
dari	siapa	pun	1.000000
dari	singapura	dan	0.416667
dari	sisi	kanan	0.107692
dari	sisi	ekonomi	0.107692
dari	sisi	hulu	0.046154
dari	sisi	kiri	0.046154
dari	situ	kami	0.214286
dari	sudut	pandang	0.500000
dari	sumber	yang	0.307692
dari	sumber	daya	0.230769
dari	tahun	lalu	0.180556
dari	tahun	sebelumnya	0.152778
dari	tahun	ke	0.111111
dari	tahun	yang	0.083333
dari	tahun	tahun	0.069444
dari	tahun	ini	0.041667
dari	tahun	hingga	0.041667
dari	tanah	air	0.333333
dari	tangan	pelaku	0.428571
dari	tanggal	hingga	0.250000
dari	tanggal	oktober	0.187500
dari	tanggal	april	0.187500
dari	target	yang	0.347826
dari	target	juta	0.217391
dari	tekanan	dan	0.500000
dari	teman	teman	0.800000
dari	tendangan	sudut	0.500000
dari	tiga	pertandingan	0.081081
dari	tiga	bersaudara	0.081081
dari	tim	yang	0.171429
dari	times	of	1.000000
dari	timur	ke	0.571429
dari	tindakan	yang	0.500000
dari	titik	putih	0.428571
dari	tuan	rumah	1.000000
dari	tuntutan	jaksa	0.857143
dari	undang	undang	1.000000
dari	video	yang	0.529412
dari	waktu	ke	0.800000
dari	warga	yang	0.210526
dari	warga	negara	0.157895
dari	wilayah	yang	0.250000
dari	yang	sebelumnya	0.145161
dari	yang	seharusnya	0.048387
dari	youtube	menggunakan	0.200000
demi	keamanan	dan	1.000000
demi	kebaikan	bersama	0.500000
demi	masa	depan	1.000000
demikian	bukan	berarti	0.800000
demikian	juga	dengan	0.538462
demikian	kata	dia	0.750000
demikian	pula	dengan	0.230769
demikian	saat	ini	0.750000
demikian	tidak	ada	0.444444
desa	adat	ini	0.357143
desa	desa	yang	0.222222
desa	desa	di	0.222222
desa	pembangunan	daerah	1.000000
di	acara	pernikahan	0.107143
di	acara	tersebut	0.107143
di	acara	yang	0.107143
di	afrika	selatan	0.384615
di	akhir	tahun	0.188406
di	akhir	pekan	0.188406
di	akhir	artikel	0.115942
di	akhir	musim	0.101449
di	akhir	masa	0.057971
di	akhir	bulan	0.043478
di	aliran	sungai	0.750000
di	amerika	utara	0.384615
di	antara	mereka	0.132812
di	antara	dua	0.046875
di	antara	negara	0.039062
di	antara	kedua	0.039062
di	antara	kamu	0.023438
di	antara	banyak	0.023438
di	antara	masalah	0.023438
di	antara	semua	0.023438
di	antara	kekuatan	0.023438
di	antara	para	0.023438
di	antara	kita	0.023438
di	antara	warga	0.023438
di	area	yang	0.074074
di	area	tersebut	0.055556
di	artikel	ini	1.000000
di	as	yang	0.260870
di	asia	tenggara	0.404762
di	asia	yang	0.095238
di	asia	pasifik	0.071429
di	asrama	polisi	1.000000
di	atas	panggung	0.106618
di	atas	kertas	0.055147
di	atas	tahun	0.044118
di	atas	lapangan	0.040441
di	atas	kapal	0.033088
di	atas	tanah	0.025735
di	atas	meja	0.025735
di	atas	rata	0.022059
di	atas	dan	0.018382
di	atas	pohon	0.018382
di	atas	permukaan	0.014706
di	atas	kursi	0.011029
di	atas	dunia	0.011029
di	atas	tempat	0.011029
di	atas	perahu	0.011029
di	atas	target	0.011029
di	atas	kepentingan	0.011029
di	atas	ring	0.011029
di	atas	sungai	0.011029
di	atas	ketinggian	0.011029
di	atas	kota	0.011029
di	atas	angin	0.011029
di	atasnya	dengan	0.300000
di	awal	tahun	0.185714
di	awal	musim	0.100000
di	awal	babak	0.085714
di	awal	gim	0.042857
di	awal	awal	0.042857
di	babak	pertama	0.385135
di	babak	kedua	0.283784
di	babak	besar	0.148649
di	babak	final	0.047297
di	babak	ketiga	0.033784
di	babak	gugur	0.020270
di	bagian	kepala	0.086331
di	bagian	depan	0.079137
di	bagian	belakang	0.057554
di	bagian	dada	0.043165
di	bagian	selatan	0.035971
di	bagian	tengah	0.035971
di	bagian	kaki	0.035971
di	bagian	wajah	0.028777
di	bagian	timur	0.028777
di	bagian	bawah	0.028777
di	bagian	dalam	0.028777
di	bagian	paha	0.021583
di	bagian	atasnya	0.021583
di	bagian	bahu	0.021583
di	bagian	pintu	0.021583
di	bagian	punggung	0.021583
di	bahu	jalan	0.666667
di	balai	kota	0.718750
di	balik	itu	0.173913
di	balik	awan	0.065217
di	bandar	udara	0.750000
di	bangkok	thailand	0.666667
di	bangku	cadangan	0.344828
di	bangku	sekolah	0.172414
di	bangku	kelas	0.103448
di	banyak	negara	0.500000
di	banyak	tempat	0.125000
di	banyak	wilayah	0.125000
di	bawa	ke	0.750000
di	bawah	umur	0.128514
di	bawah	ini	0.120482
di	bawah	tahun	0.052209
di	bawah	komando	0.028112
di	bawah	usia	0.028112
di	bawah	pohon	0.024096
di	bawah	dan	0.024096
di	bawah	kementerian	0.020080
di	bawah	pengawasan	0.020080
di	bawah	tekanan	0.020080
di	bawah	itu	0.016064
di	bawah	kendali	0.016064
di	bawah	pemerintahan	0.016064
di	bawah	tanah	0.012048
di	bawah	lima	0.012048
di	bawah	perjanjian	0.012048
di	bawah	undang	0.012048
di	bawah	jembatan	0.012048
di	bawah	angka	0.012048
di	bawah	arahan	0.012048
di	beberapa	negara	0.135338
di	beberapa	titik	0.127820
di	beberapa	daerah	0.112782
di	beberapa	wilayah	0.097744
di	beberapa	tempat	0.090226
di	beberapa	lokasi	0.067669
di	beberapa	bagian	0.052632
di	beberapa	kota	0.037594
di	beberapa	rumah	0.022556
di	belakang	mereka	0.062500
di	belakang	rumah	0.062500
di	benua	biru	0.416667
di	berbagai	negara	0.139785
di	berbagai	daerah	0.129032
di	berbagai	bidang	0.107527
di	berbagai	sektor	0.086022
di	berbagai	media	0.086022
di	berbagai	kota	0.064516
di	berbagai	tempat	0.053763
di	berbagai	wilayah	0.043011
di	berbagai	lokasi	0.032258
di	berita	ini	0.750000
di	besar	piala	0.500000
di	bidang	teknologi	0.067416
di	bidang	pertanian	0.067416
di	bidang	ekonomi	0.056180
di	bidang	sosial	0.044944
di	bidang	ini	0.044944
di	bidang	kerja	0.044944
di	bidang	teknik	0.033708
di	bidang	seni	0.033708
di	bidang	it	0.033708
di	bidang	pendidikan	0.033708
di	bulan	november	0.146341
di	bulan	ini	0.146341
di	bulan	suci	0.121951
di	bulan	mei	0.073171
di	bulan	september	0.073171
di	bumi	ini	0.187500
di	china	barat	0.130435
di	china	dan	0.130435
di	daerah	itu	0.117117
di	daerah	tersebut	0.108108
di	daerah	daerah	0.081081
di	daerah	ini	0.063063
di	daerah	dengan	0.045045
di	daerah	terpencil	0.036036
di	daerah	yang	0.036036
di	daerah	untuk	0.027027
di	daerah	aliran	0.027027
di	dalam	negeri	0.102493
di	dalam	rumah	0.074792
di	dalam	mobil	0.052632
di	dalam	kotak	0.044321
di	dalam	kamar	0.044321
di	dalam	tubuh	0.022161
di	dalam	video	0.022161
di	dalam	satu	0.013850
di	dalam	dan	0.013850
di	dalam	ruangan	0.013850
di	dalam	sebuah	0.013850
di	dalam	penjara	0.013850
di	dalam	tas	0.011080
di	dalam	ruang	0.011080
di	dalam	rumahnya	0.011080
di	dalam	lagu	0.008310
di	dalam	tanah	0.008310
di	dalam	bidang	0.008310
di	dalam	kawasan	0.008310
di	dalam	acara	0.008310
di	dalam	area	0.008310
di	dalam	kabin	0.008310
di	dalam	al	0.008310
di	dalam	sel	0.008310
di	dalam	gedung	0.008310
di	dalam	pesawat	0.008310
di	dalam	artikel	0.008310
di	dalam	bus	0.008310
di	dalamnya	terdapat	0.268293
di	dalamnya	ada	0.121951
di	dalamnya	juga	0.073171
di	dapur	rumahnya	0.750000
di	darat	km	0.428571
di	dekat	pintu	0.065574
di	dekat	kota	0.065574
di	dekat	anda	0.049180
di	depan	rumah	0.078431
di	depan	kantor	0.068627
di	depan	gedung	0.063725
di	depan	mata	0.049020
di	depan	pintu	0.034314
di	depan	sebuah	0.034314
di	depan	umum	0.024510
di	depan	kamera	0.024510
di	depan	rumahnya	0.024510
di	depan	istana	0.024510
di	depan	pasar	0.019608
di	depan	di	0.014706
di	depan	dan	0.014706
di	depan	salah	0.014706
di	depan	ribuan	0.014706
di	depan	dua	0.014706
di	depan	cermin	0.014706
di	depan	layar	0.014706
di	depan	kita	0.014706
di	desa	penari	0.144444
di	desa	desa	0.133333
di	desa	tersebut	0.055556
di	desa	adat	0.055556
di	desa	sungai	0.044444
di	desa	batu	0.033333
di	desa	sumber	0.033333
di	dolar	as	1.000000
di	dua	tempat	0.111111
di	dua	lokasi	0.111111
di	dua	titik	0.111111
di	dunia	yang	0.092166
di	dunia	hiburan	0.073733
di	dunia	ini	0.069124
di	dunia	dan	0.046083
di	dunia	maya	0.041475
di	dunia	nyata	0.032258
di	dunia	musik	0.027650
di	dunia	politik	0.027650
di	dunia	tersebut	0.023041
di	dunia	kerja	0.023041
di	dunia	dalam	0.018433
di	dunia	sebagai	0.013825
di	dunia	khususnya	0.013825
di	dunia	digital	0.013825
di	dunia	dengan	0.013825
di	dunia	pendidikan	0.013825
di	dunia	memiliki	0.013825
di	empat	titik	0.157895
di	empat	wilayah	0.157895
di	empat	besar	0.157895
di	enam	titik	0.500000
di	era	digital	0.315789
di	era	an	0.078947
di	era	presiden	0.078947
di	festival	film	0.500000
di	film	the	0.166667
di	final	piala	0.571429
di	foto	tersebut	0.545455
di	foto	ini	0.272727
di	gedung	merah	0.342857
di	gim	kedua	0.375000
di	gim	pertama	0.312500
di	gim	ketiga	0.250000
di	hadapan	penonton	0.078947
di	hadapan	para	0.078947
di	hadapan	mahasiswa	0.078947
di	halaman	kantor	0.217391
di	halaman	rumah	0.195652
di	halaman	parkir	0.130435
di	halaman	dan	0.065217
di	hari	kedua	0.123596
di	hari	pertama	0.112360
di	hari	yang	0.101124
di	hari	ulang	0.056180
di	hari	ke	0.056180
di	hari	terakhir	0.056180
di	hari	ini	0.044944
di	hari	minggu	0.033708
di	hong	kong	1.000000
di	hotel	grand	0.090909
di	hotel	sultan	0.090909
di	hulu	sungai	0.375000
di	ibu	kota	1.000000
di	ikatan	cinta	1.000000
di	industri	musik	0.305556
di	industri	hiburan	0.138889
di	istana	negara	0.760000
di	jalan	raya	0.246835
di	jalan	tersebut	0.037975
di	jalan	pulau	0.025316
di	jalan	a	0.025316
di	jalan	yang	0.025316
di	jalan	lintas	0.025316
di	jalan	dr	0.025316
di	jalan	jenderal	0.018987
di	jalan	dan	0.018987
di	jalan	by	0.018987
di	jalan	di	0.018987
di	jalan	kampung	0.018987
di	jalan	jalan	0.018987
di	jalan	ra	0.018987
di	jalur	yang	0.147059
di	jalur	juara	0.147059
di	jalur	jalur	0.088235
di	jantung	kota	0.600000
di	jerman	dan	0.214286
di	jogja	dan	0.250000
di	jual	di	0.600000
di	kaki	gunung	0.444444
di	kalangan	masyarakat	0.250000
di	kamar	mandi	0.419355
di	kampung	halaman	0.166667
di	kampung	ini	0.100000
di	kampung	kampung	0.100000
di	kampung	yang	0.100000
di	kampus	itu	0.166667
di	kandang	sendiri	0.500000
di	kantor	kementerian	0.134615
di	kantor	pos	0.134615
di	kantor	pusat	0.096154
di	kantor	polisi	0.076923
di	kantor	desa	0.076923
di	kantor	presiden	0.057692
di	kapal	perang	0.375000
di	kawasan	tersebut	0.097561
di	kawasan	itu	0.048780
di	kawasan	jalan	0.048780
di	kawasan	asia	0.042683
di	kawasan	industri	0.042683
di	kawasan	ini	0.042683
di	kawasan	pantai	0.036585
di	kawasan	desa	0.030488
di	kawasan	kota	0.030488
di	kawasan	pondok	0.030488
di	kawasan	pasar	0.030488
di	kawasan	dan	0.024390
di	kawasan	patung	0.018293
di	kawasan	sungai	0.018293
di	kawasan	danau	0.018293
di	kawasan	taman	0.018293
di	kawasan	objek	0.018293
di	kawasan	istana	0.018293
di	kawasan	yang	0.018293
di	kedalaman	kilometer	0.444444
di	kedalaman	km	0.333333
di	kediaman	pribadi	0.250000
di	kedua	negara	0.136364
di	kehidupan	sehari	0.555556
di	kejuaraan	dunia	0.500000
di	kelas	kg	0.187500
di	kelas	berat	0.187500
di	kementerian	perdagangan	0.285714
di	kementerian	pertahanan	0.214286
di	kemudian	hari	0.952381
di	kepala	dan	0.250000
di	kesempatan	yang	0.454545
di	kesempatan	itu	0.272727
di	kompas	tv	1.000000
di	korea	selatan	0.793103
di	korea	utara	0.137931
di	kota	medan	0.157143
di	kota	padang	0.085714
di	kota	kota	0.078571
di	kota	ini	0.057143
di	kota	malang	0.050000
di	kota	itu	0.042857
di	kota	pahlawan	0.035714
di	kota	tua	0.035714
di	kota	solo	0.035714
di	kota	batu	0.028571
di	kota	di	0.028571
di	kota	tersebut	0.028571
di	kota	metro	0.021429
di	kota	pada	0.021429
di	kota	bandar	0.021429
di	kota	yang	0.021429
di	kota	pontianak	0.021429
di	kursi	roda	0.214286
di	lagu	ini	0.333333
di	lain	sisi	0.416667
di	lain	pihak	0.250000
di	lampu	merah	0.928571
di	lantai	tiga	0.176471
di	lantai	dua	0.088235
di	lapangan	dan	0.052632
di	lapangan	hijau	0.026316
di	lapangan	tembak	0.026316
di	lapangan	tidak	0.026316
di	lapangan	yang	0.026316
di	lapangan	atau	0.026316
di	lapangan	sepak	0.026316
di	las	vegas	1.000000
di	laut	china	0.187500
di	layar	kaca	0.615385
di	lebih	dari	0.800000
di	leher	yang	0.500000
di	lembaga	pendidikan	0.555556
di	level	yang	0.117647
di	liga	inggris	0.469388
di	liga	musim	0.081633
di	lima	liga	0.142857
di	lingkungan	pemerintah	0.118421
di	lingkungan	sekolah	0.105263
di	lingkungan	yang	0.065789
di	lingkungan	masyarakat	0.065789
di	lingkungan	tempat	0.065789
di	lingkungan	sekitar	0.039474
di	lingkungan	keluarga	0.039474
di	lokasi	kejadian	0.237668
di	lokasi	yang	0.071749
di	lokasi	tersebut	0.044843
di	lokasi	di	0.026906
di	lokasi	itu	0.022422
di	lokasi	ini	0.022422
di	lokasi	lokasi	0.017937
di	lokasi	penemuan	0.017937
di	lokasi	aksi	0.017937
di	lokasi	untuk	0.017937
di	lokasi	kecelakaan	0.013453
di	lokasi	bencana	0.013453
di	lokasi	proyek	0.013453
di	lokasi	sekitar	0.013453
di	lokasi	dan	0.013453
di	lokasi	katanya	0.013453
di	lokasi	banjir	0.013453
di	london	pada	0.363636
di	los	angeles	0.750000
di	luar	negeri	0.289593
di	luar	rumah	0.081448
di	luar	ruangan	0.040724
di	luar	sana	0.036199
di	luar	kota	0.031674
di	luar	angkasa	0.031674
di	luar	itu	0.031674
di	luar	dari	0.018100
di	luar	lapangan	0.018100
di	luar	pulau	0.013575
di	luar	persidangan	0.013575
di	mahkamah	agung	1.000000
di	malam	hari	0.827586
di	man	united	1.000000
di	mana	mana	0.047619
di	mana	saja	0.044643
di	mana	dia	0.038690
di	mana	ia	0.038690
di	mana	mereka	0.035714
di	mana	pada	0.032738
di	mana	pun	0.026786
di	mana	saat	0.020833
di	mana	kita	0.017857
di	mana	setiap	0.017857
di	mana	ada	0.014881
di	mana	harga	0.014881
di	mana	para	0.014881
di	mana	pemerintah	0.014881
di	mana	kami	0.014881
di	mana	di	0.011905
di	mana	masyarakat	0.011905
di	mana	dalam	0.011905
di	mana	banyak	0.008929
di	mana	yang	0.008929
di	mana	pengunjung	0.008929
di	mana	dengan	0.008929
di	mana	salah	0.008929
di	mana	satu	0.008929
di	mana	sudah	0.008929
di	mana	untuk	0.008929
di	mana	saya	0.008929
di	manapun	berada	0.375000
di	markas	mereka	0.375000
di	masa	depan	0.423729
di	masa	lalu	0.152542
di	masa	yang	0.127119
di	masa	lampau	0.033898
di	masjid	al	0.243243
di	masjid	agung	0.135135
di	masjid	dan	0.108108
di	masjid	raya	0.081081
di	masyarakat	katanya	0.090909
di	masyarakat	dengan	0.068182
di	masyarakat	dan	0.068182
di	mata	dunia	0.277778
di	medan	perang	0.263158
di	medan	zoo	0.157895
di	media	sosial	0.965665
di	meja	makan	0.416667
di	menit	ke	0.483871
di	menit	menit	0.064516
di	menit	dan	0.043011
di	menit	gol	0.032258
di	menit	melalui	0.032258
di	menit	lewat	0.032258
di	minggu	pertama	0.500000
di	mulai	dari	0.625000
di	musim	ini	0.255814
di	musim	panas	0.139535
di	musim	hujan	0.139535
di	musim	dingin	0.116279
di	musim	lalu	0.093023
di	musim	depan	0.069767
di	negara	itu	0.225225
di	negara	negara	0.135135
di	negara	tersebut	0.117117
di	negara	bagian	0.090090
di	negara	lain	0.081081
di	negara	kita	0.036036
di	negara	ini	0.036036
di	negara	yang	0.027027
di	negeri	ini	0.200000
di	negeri	paman	0.133333
di	negeri	sakura	0.133333
di	new	york	0.842105
di	nomor	ganda	0.294118
di	pagi	hari	0.750000
di	pagi	dan	0.200000
di	panggung	utama	0.200000
di	pangkalan	udara	0.500000
di	papan	skor	0.437500
di	papan	atas	0.250000
di	papan	bawah	0.125000
di	papan	tengah	0.093750
di	parkir	timur	0.750000
di	pasar	tradisional	0.094340
di	pasar	pasar	0.056604
di	pasar	modal	0.047170
di	pasar	global	0.037736
di	pasar	saham	0.028302
di	pasar	lama	0.028302
di	pasar	tersebut	0.028302
di	pasar	baru	0.028302
di	pasar	raya	0.028302
di	patung	kuda	0.750000
di	pekan	ke	0.354839
di	pekan	ketiga	0.193548
di	pelabuhan	rakyat	0.500000
di	pemerintah	pusat	0.375000
di	pengadilan	negeri	0.673267
di	pengadilan	agama	0.108911
di	pengadilan	militer	0.039604
di	penghujung	tahun	0.600000
di	perairan	pulau	0.222222
di	perairan	selatan	0.148148
di	perairan	utara	0.111111
di	perairan	laut	0.111111
di	perguruan	tinggi	1.000000
di	peringkat	kedua	0.189655
di	peringkat	ke	0.120690
di	peringkat	kelima	0.120690
di	peringkat	ketiga	0.103448
di	peringkat	pertama	0.068966
di	peringkat	atas	0.051724
di	peringkat	tiga	0.051724
di	persimpangan	jalan	1.000000
di	pertandingan	ini	0.243243
di	pertandingan	terakhir	0.108108
di	pertandingan	pertama	0.108108
di	pertandingan	tersebut	0.081081
di	pertandingan	sebelumnya	0.081081
di	pertemuan	pertama	0.272727
di	perusahaan	tersebut	0.200000
di	piala	dunia	0.818182
di	piala	presiden	0.090909
di	piala	asia	0.027273
di	pinggir	jalan	0.625000
di	pinggir	pantai	0.125000
di	pinggir	lapangan	0.075000
di	pintu	masuk	0.500000
di	planet	ini	0.750000
di	posisi	ke	0.186441
di	posisi	kedua	0.101695
di	posisi	pertama	0.059322
di	posisi	kelima	0.059322
di	posisi	ketiga	0.059322
di	posisi	empat	0.050847
di	posisi	tiga	0.050847
di	posisi	puncak	0.042373
di	posisi	teratas	0.042373
di	posisi	dua	0.033898
di	posisi	dengan	0.025424
di	posisi	keenam	0.025424
di	pusat	kota	0.368421
di	pusat	perbelanjaan	0.157895
di	putaran	kedua	0.400000
di	putaran	pertama	0.400000
di	putri	duyung	1.000000
di	rawat	di	1.000000
di	republik	ini	1.000000
di	ruang	sidang	0.146067
di	ruang	rapat	0.134831
di	ruang	kerja	0.134831
di	ruang	kerjanya	0.112360
di	ruang	digital	0.056180
di	ruang	ganti	0.044944
di	ruang	kelas	0.033708
di	ruang	tengah	0.033708
di	ruang	tunggu	0.033708
di	rumah	sakit	0.454308
di	rumah	tahanan	0.028721
di	rumah	tersebut	0.020888
di	rumah	korban	0.018277
di	rumah	mereka	0.018277
di	rumah	makan	0.013055
di	rumah	saja	0.013055
di	rumah	di	0.013055
di	rumah	warga	0.013055
di	rumah	kata	0.010444
di	rumah	pribadi	0.010444
di	rumah	dengan	0.010444
di	rumah	selama	0.010444
di	rumah	atau	0.010444
di	rumah	milik	0.010444
di	rumah	dan	0.007833
di	rumah	sang	0.007833
di	rumah	yang	0.007833
di	rumah	jabatan	0.007833
di	rumah	keluarga	0.007833
di	rumah	ada	0.007833
di	rumah	salah	0.007833
di	rumahnya	di	0.480000
di	rumahnya	yang	0.120000
di	rusia	dan	0.142857
di	saat	yang	0.272727
di	salah	satu	0.986111
di	saluran	youtube	0.428571
di	samping	itu	0.510204
di	samping	rumah	0.030612
di	sana	kata	0.053097
di	sana	ada	0.053097
di	sana	dan	0.053097
di	sana	untuk	0.053097
di	sana	pada	0.035398
di	sana	dia	0.026549
di	sana	ia	0.026549
di	satu	sisi	0.333333
di	satu	tempat	0.166667
di	satu	titik	0.125000
di	sebagian	besar	0.640000
di	sebagian	wilayah	0.240000
di	sebelah	barat	0.315789
di	sebelah	kanan	0.210526
di	sebuah	rumah	0.153846
di	sebuah	hotel	0.054945
di	sebuah	restoran	0.043956
di	sebuah	kafe	0.043956
di	sebuah	pusat	0.032967
di	sebuah	ruangan	0.032967
di	sebuah	gudang	0.032967
di	sebuah	desa	0.032967
di	sebuah	masjid	0.032967
di	sejumlah	wilayah	0.240964
di	sejumlah	daerah	0.168675
di	sejumlah	titik	0.108434
di	sejumlah	kota	0.072289
di	sejumlah	lokasi	0.060241
di	sejumlah	negara	0.048193
di	sejumlah	kawasan	0.048193
di	sejumlah	tempat	0.036145
di	sekitar	lokasi	0.159091
di	sekitar	tempat	0.068182
di	sekitar	kita	0.060606
di	sekitar	wilayah	0.037879
di	sekitar	rumah	0.037879
di	sekitar	kawasan	0.030303
di	sekitar	pelabuhan	0.030303
di	sekitar	jalan	0.022727
di	sekitar	ibu	0.022727
di	sekitar	jembatan	0.022727
di	sekolah	tersebut	0.101695
di	sekolah	sekolah	0.084746
di	sekolah	menengah	0.084746
di	sekolah	itu	0.067797
di	sekolah	yang	0.067797
di	sekolah	di	0.050847
di	sektor	industri	0.086957
di	sektor	tunggal	0.086957
di	sektor	pertanian	0.065217
di	sektor	ganda	0.065217
di	sel	tahanan	1.000000
di	seluruh	dunia	0.402597
di	seluruh	wilayah	0.168831
di	seluruh	kawasan	0.077922
di	seluruh	negeri	0.032468
di	seluruh	daerah	0.025974
di	seluruh	kota	0.025974
di	seluruh	negara	0.019481
di	seluruh	platform	0.019481
di	semak	semak	1.000000
di	semester	i	0.800000
di	semua	wilayah	0.142857
di	seoul	korea	0.666667
di	sepak	bola	1.000000
di	sepanjang	jalan	0.348837
di	sepanjang	jalur	0.093023
di	sesi	latihan	0.625000
di	set	kedua	0.750000
di	setiap	pertandingan	0.163636
di	setiap	daerah	0.109091
di	setiap	sudut	0.090909
di	setiap	negara	0.054545
di	siang	hari	0.700000
di	sini	dan	0.071942
di	sini	kata	0.050360
di	sini	ada	0.043165
di	sini	di	0.035971
di	sini	adalah	0.035971
di	sini	kami	0.028777
di	sini	tidak	0.028777
di	sini	tapi	0.021583
di	sini	sangat	0.021583
di	sini	kita	0.021583
di	sini	saya	0.021583
di	sini	yang	0.021583
di	sisa	pertandingan	0.272727
di	sisi	lain	0.697917
di	sisi	kanan	0.046875
di	sisi	kiri	0.036458
di	sisi	allah	0.026042
di	sisi	yang	0.020833
di	sisi	nya	0.015625
di	sisi	timur	0.015625
di	situ	ada	0.104167
di	situ	kita	0.062500
di	sosial	media	0.928571
di	suatu	tempat	0.333333
di	sydney	australia	1.000000
di	tahun	ini	0.257669
di	tahun	yang	0.067485
di	tahun	lalu	0.055215
di	tahun	tahun	0.042945
di	tahun	dan	0.036810
di	tahun	sebelumnya	0.030675
di	tahun	depan	0.030675
di	tahun	kata	0.024540
di	tahun	an	0.024540
di	tahun	baru	0.018405
di	tahun	pertama	0.018405
di	tahun	menjadi	0.018405
di	tahun	hingga	0.018405
di	taman	makam	0.259259
di	taman	budaya	0.111111
di	tanah	air	0.845455
di	tanah	suci	0.045455
di	tempat	yang	0.125683
di	tempat	kejadian	0.087432
di	tempat	lain	0.071038
di	tempat	kerja	0.071038
di	tempat	ini	0.060109
di	tempat	tempat	0.049180
di	tempat	tidur	0.038251
di	tempat	itu	0.032787
di	tempat	kami	0.027322
di	tempat	hiburan	0.027322
di	tempat	tersebut	0.027322
di	tempat	terpisah	0.021858
di	tempat	umum	0.021858
di	tempat	sampah	0.016393
di	tengah	masyarakat	0.124444
di	tengah	tengah	0.111111
di	tengah	kondisi	0.066667
di	tengah	jalan	0.057778
di	tengah	situasi	0.044444
di	tengah	banyaknya	0.026667
di	tengah	hutan	0.022222
di	tengah	perjalanan	0.022222
di	tengah	laut	0.022222
di	tengah	masa	0.022222
di	tengah	era	0.017778
di	tengah	perang	0.017778
di	tengah	proses	0.013333
di	tengah	isu	0.013333
di	tengah	kasus	0.013333
di	tengah	serangan	0.013333
di	tengah	malam	0.013333
di	tengah	hujan	0.013333
di	tengah	ancaman	0.013333
di	tengah	lapangan	0.013333
di	tepi	jalan	0.380952
di	teras	rumah	0.800000
di	tiga	titik	0.263158
di	timur	tengah	0.625000
di	tingkat	nasional	0.166667
di	tingkat	desa	0.095238
di	tingkat	daerah	0.071429
di	tingkat	petani	0.071429
di	titik	titik	0.192308
di	titik	di	0.153846
di	toko	yang	0.333333
di	tokyo	pada	0.300000
di	tunggal	putra	0.750000
di	ulang	tahun	1.000000
di	umur	tahun	0.800000
di	urutan	kedua	0.246377
di	urutan	ke	0.188406
di	urutan	kelima	0.101449
di	urutan	keempat	0.086957
di	urutan	pertama	0.086957
di	urutan	keenam	0.072464
di	urutan	ketiga	0.057971
di	urutan	teratas	0.043478
di	usia	tahun	0.593750
di	usia	yang	0.125000
di	usia	muda	0.093750
di	video	itu	0.294118
di	video	yang	0.235294
di	wajah	dan	0.230769
di	waktu	yang	0.347826
di	waktu	normal	0.217391
di	wilayah	tersebut	0.150838
di	wilayah	kota	0.089385
di	wilayah	hukum	0.083799
di	wilayah	itu	0.050279
di	wilayah	ini	0.050279
di	wilayah	yang	0.044693
di	wilayah	desa	0.044693
di	wilayah	perairan	0.039106
di	wilayah	utara	0.027933
di	wilayah	barat	0.022346
di	wilayah	t	0.016760
di	wilayah	kerja	0.016760
di	wilayah	asia	0.016760
di	wilayah	pantai	0.016760
di	wilayah	wilayah	0.016760
di	yang	akan	0.157895
di	yang	sebesar	0.157895
di	youtube	selasa	0.166667
di	youtube	yang	0.125000
di	zaman	sekarang	0.600000
diam	begitu	saja	1.000000
dianggap	sebagai	salah	0.111111
diatur	dalam	peraturan	0.529412
diatur	dalam	pasal	0.235294
diberikan	dalam	bentuk	0.428571
diberikan	kepada	masyarakat	0.123077
diberikan	kepada	warga	0.076923
diberikan	kepada	para	0.076923
diberikan	kepada	orang	0.046154
diberikan	kepada	anak	0.046154
diberikan	langsung	oleh	0.600000
diberikan	oleh	pemerintah	0.151515
diberikan	waktu	untuk	0.800000
dibuka	kembali	pada	0.200000
dibuka	oleh	wakil	0.250000
dibuka	oleh	ketua	0.250000
dibuka	pada	akhir	0.230769
dibuka	untuk	umum	0.375000
digelar	dalam	rangka	0.500000
digelar	di	pengadilan	0.062500
digelar	di	kota	0.052083
digelar	di	ruang	0.052083
digelar	di	kantor	0.052083
digelar	di	al	0.041667
digelar	di	kawasan	0.031250
digelar	di	sejumlah	0.031250
digelar	di	old	0.031250
digelar	hari	ini	0.875000
digelar	pada	sabtu	0.129630
digelar	pada	minggu	0.111111
digelar	pada	selasa	0.092593
digelar	pada	september	0.055556
digelar	pada	hari	0.055556
digelar	pada	november	0.055556
digelar	pada	hingga	0.055556
digelar	pada	mei	0.055556
digelar	pada	oktober	0.055556
digelar	secara	tertutup	0.300000
digelar	selama	dua	0.461538
digelar	selama	tiga	0.230769
digelar	tanpa	penonton	1.000000
dijalankan	dengan	baik	1.000000
dijual	dengan	harga	0.937500
dijual	di	pasar	0.375000
dikembalikan	kepada	negara	0.375000
diketahui	baru	saja	0.500000
diketahui	dalam	video	0.214286
diketahui	hari	ini	0.750000
diketahui	juga	bahwa	0.500000
diketahui	oleh	orang	0.250000
diketahui	pemerintah	telah	0.750000
diketahui	saat	ini	0.545455
diketahui	salah	satu	1.000000
diketahui	secara	pasti	0.777778
dilaksanakan	dalam	rangka	0.545455
dilaksanakan	dengan	baik	0.272727
dilaksanakan	di	desa	0.111111
dilaksanakan	di	beberapa	0.111111
dilaksanakan	di	lapangan	0.083333
dilaksanakan	pada	tanggal	0.166667
dilaksanakan	pada	mei	0.100000
dilaksanakan	pada	hari	0.100000
dilaksanakan	pada	tahun	0.100000
dilaksanakan	secara	serentak	0.333333
dilaksanakan	setiap	tahun	0.555556
dilengkapi	dengan	kunci	0.125000
dimulai	dari	tanggal	0.147059
dimulai	hari	ini	1.000000
dimulai	minggu	depan	1.000000
dimulai	pada	januari	0.119048
dimulai	pada	oktober	0.095238
dimulai	pada	rabu	0.071429
dimulai	pada	hari	0.071429
dimulai	pada	tahun	0.071429
dimulai	pada	awal	0.071429
dimulai	pada	april	0.071429
dimulai	pada	november	0.071429
dipanggil	sebagai	saksi	1.000000
diperiksa	lebih	lanjut	0.857143
diperiksa	sebagai	saksi	1.000000
diri	dengan	cara	0.151515
diri	dengan	baik	0.090909
diri	ke	polisi	0.230769
diri	kepada	allah	0.500000
diri	lolos	ke	0.833333
diri	mereka	sendiri	0.300000
diri	sendiri	dengan	0.166667
diri	sendiri	dan	0.111111
dirinya	dan	sang	0.115385
dirinya	dan	para	0.115385
dirinya	hanya	ingin	0.300000
dirinya	juga	akan	0.133333
dirinya	keluar	dari	1.000000
dirinya	memutuskan	untuk	1.000000
dirinya	meninggal	dunia	1.000000
dirinya	merasa	senang	0.250000
dirinya	sendiri	dan	0.272727
dirinya	tak	pernah	0.176471
dirinya	tidak	pernah	0.125000
dirinya	tidak	akan	0.093750
disebabkan	oleh	virus	0.086957
disebabkan	oleh	faktor	0.086957
disebabkan	oleh	hujan	0.065217
disebabkan	oleh	kenaikan	0.065217
ditahan	di	rumah	0.266667
ditambah	lagi	dengan	0.400000
ditangkap	di	rumahnya	0.147059
ditangkap	di	kawasan	0.117647
ditangkap	di	tempat	0.117647
ditangkap	di	jalan	0.088235
ditangkap	pada	sabtu	0.333333
ditangkap	saat	sedang	0.300000
ditarik	keluar	pada	0.333333
diterima	awak	media	1.000000
diterima	dengan	baik	0.583333
diterima	langsung	oleh	0.714286
ditetapkan	oleh	pemerintah	0.500000
ditetapkan	oleh	kementerian	0.250000
ditetapkan	sebagai	warisan	0.500000
ditulis	oleh	kim	0.500000
dokumen	dokumen	yang	0.500000
dollar	as	atau	0.428571
drama	korea	terbaru	0.527273
drama	korea	atau	0.090909
dua	alat	bukti	0.857143
dua	anak	ini	0.166667
dua	anak	itu	0.166667
dua	atau	tiga	0.857143
dua	bulan	terakhir	0.153846
dua	bulan	setelah	0.076923
dua	dan	tiga	0.500000
dua	dari	tiga	0.500000
dua	dokter	yang	1.000000
dua	gelar	juara	0.500000
dua	gim	langsung	0.772727
dua	gol	dan	0.108696
dua	gol	yang	0.108696
dua	gol	dari	0.086957
dua	hal	yang	0.400000
dua	hari	ini	0.078125
dua	hari	kemudian	0.078125
dua	hari	di	0.078125
dua	hari	ke	0.062500
dua	hari	pada	0.062500
dua	hari	sebelumnya	0.062500
dua	hari	setelah	0.046875
dua	hari	terakhir	0.046875
dua	hari	sebelum	0.046875
dua	hari	mulai	0.046875
dua	hingga	tiga	0.750000
dua	kali	gagal	0.068182
dua	kali	dalam	0.068182
dua	kali	di	0.056818
dua	kali	dipanggil	0.034091
dua	kali	oleh	0.034091
dua	kali	tidak	0.034091
dua	kali	dan	0.034091
dua	kali	sehari	0.034091
dua	kemenangan	dan	0.375000
dua	korban	yang	0.375000
dua	minggu	lagi	0.100000
dua	minggu	sekali	0.100000
dua	minggu	ke	0.100000
dua	negara	tersebut	0.230769
dua	orang	anak	0.129870
dua	orang	lainnya	0.090909
dua	orang	yang	0.090909
dua	orang	pelaku	0.077922
dua	orang	korban	0.038961
dua	pekan	terakhir	0.142857
dua	pekan	ke	0.142857
dua	pekan	sebelum	0.142857
dua	pemain	tersebut	0.181818
dua	pemain	yang	0.181818
dua	pertandingan	terakhir	0.120000
dua	poin	dari	0.250000
dua	pria	yang	0.500000
dua	rumah	sakit	0.428571
dua	sampai	tiga	1.000000
dua	set	langsung	0.714286
dua	tahun	terakhir	0.180180
dua	tahun	ini	0.054054
dua	tahun	tidak	0.045045
dua	tahun	berjalan	0.036036
dua	tahun	yang	0.036036
dua	tahun	lalu	0.036036
dua	tahun	di	0.036036
dua	tahun	kemudian	0.036036
dua	tahun	karena	0.036036
dua	tahun	itu	0.027027
dua	tahun	lagi	0.027027
dua	tahun	kata	0.027027
dua	tahunan	yang	0.300000
dua	tahunan	ini	0.300000
dua	tim	yang	0.266667
dua	titik	lokasi	0.428571
dua	wilayah	di	0.750000
dunia	akan	berlangsung	0.235294
dunia	dan	orang	0.093023
dunia	di	rumah	0.093023
dunia	di	lokasi	0.093023
dunia	di	usia	0.069767
dunia	di	tempat	0.069767
dunia	di	rusia	0.069767
dunia	di	tahun	0.069767
dunia	hiburan	tanah	0.428571
dunia	kali	ini	0.714286
dunia	karena	kecelakaan	0.125000
dunia	karena	mengalami	0.125000
dunia	karena	sakit	0.125000
dunia	kini	sudah	0.750000
dunia	malam	ini	1.000000
dunia	musik	tanah	0.666667
dunia	pada	tahun	0.166667
dunia	pada	usia	0.125000
dunia	pendidikan	dan	0.200000
dunia	saat	ini	0.533333
dunia	sepak	bola	1.000000
dunia	setelah	sempat	0.187500
dunia	setelah	mengalahkan	0.187500
dunia	tahun	ini	0.571429
dunia	tarik	suara	1.000000
dunia	termasuk	di	0.500000
dunia	yang	tidak	0.065574
dunia	yang	akan	0.065574
dunia	yang	berlangsung	0.049180
enak	ini	sebagai	0.363636
erat	kaitannya	dengan	1.000000
fakta	bahwa	dia	0.214286
fakta	di	lapangan	0.500000
fakta	fakta	yang	0.187500
fakta	yang	ada	0.230769
fakta	yang	terjadi	0.230769
faktor	yang	menyebabkan	0.235294
fenomena	gunung	es	1.000000
fenomena	ini	terjadi	0.307692
festival	musik	yang	0.500000
festival	yang	digelar	0.444444
film	ini	juga	0.137931
film	layar	lebar	1.000000
film	pendek	yang	0.375000
film	sayap	sayap	1.000000
film	yang	akan	0.238095
final	piala	dunia	0.708333
final	piala	asia	0.166667
final	piala	presiden	0.062500
fire	terbaru	pada	0.666667
gak	ada	yang	0.166667
gak	ada	lagi	0.166667
ganda	putra	fajar	0.093750
ganda	putra	malaysia	0.093750
ganda	putra	dan	0.093750
ganda	putra	terbaik	0.093750
ganda	putri	yang	0.375000
ganja	dengan	berat	0.750000
gantung	diri	di	0.714286
gaun	yang	dikenakan	1.000000
gedung	merah	putih	1.000000
gedung	putih	mengatakan	0.272727
generasi	muda	untuk	0.232143
generasi	muda	yang	0.178571
generasi	muda	dan	0.053571
geng	motor	yang	0.300000
gol	bunuh	diri	0.857143
gol	dalam	pertandingan	0.450000
gol	dan	satu	0.200000
gol	dan	tiga	0.200000
gol	dari	pertandingan	0.187500
gol	dari	penampilan	0.187500
gol	di	menit	0.296296
gol	di	babak	0.259259
gol	kemenangan	the	0.375000
gol	ketika	pertandingan	1.000000
gol	pada	menit	0.777778
gol	tanpa	balas	1.000000
gol	terlebih	dahulu	1.000000
gol	yang	diciptakan	0.200000
guna	meningkatkan	daya	0.500000
hadir	dalam	acara	0.263889
hadir	dalam	kegiatan	0.138889
hadir	dalam	persidangan	0.097222
hadir	dalam	pemeriksaan	0.041667
hadir	dalam	proses	0.041667
hadir	dalam	rapat	0.041667
hadir	dengan	konsep	0.136364
hadir	di	acara	0.098361
hadir	di	tengah	0.098361
hadir	di	kota	0.049180
hadir	di	kantor	0.049180
hadir	langsung	di	0.500000
hadir	memenuhi	panggilan	0.750000
hadir	pada	acara	0.285714
hadir	secara	langsung	1.000000
hakim	dalam	persidangan	0.428571
hakim	di	pengadilan	0.600000
hakim	pengadilan	negeri	0.764706
hakim	yang	diketuai	0.272727
harga	akan	naik	0.375000
harga	bahan	bakar	0.720930
harga	bahan	pokok	0.232558
harga	bawang	merah	0.857143
harga	daging	ayam	0.666667
harga	di	pasar	0.333333
harga	emas	di	0.421053
harga	jual	kemarin	0.150000
harga	lebih	murah	0.571429
harga	logam	mulia	1.000000
harga	minyak	goreng	0.544304
harga	minyak	mentah	0.139241
harga	minyak	dunia	0.113924
harga	mulai	dari	1.000000
harga	rata	rata	1.000000
harga	saham	gabungan	0.615385
harga	telur	ayam	0.318182
harga	tiket	pesawat	0.235294
harga	tiket	kelas	0.147059
harga	tiket	yang	0.088235
harga	tiket	masuk	0.088235
harga	yang	sangat	0.116667
harga	yang	cukup	0.083333
harga	yang	ditawarkan	0.066667
harga	yang	lebih	0.066667
harga	yang	berbeda	0.050000
harga	yang	murah	0.050000
harta	bergerak	lainnya	0.571429
hendak	pulang	ke	1.000000
hiburan	tanah	air	1.000000
hidup	atau	selama	0.571429
hidup	bersih	dan	0.800000
hidup	di	bawah	0.153846
hidup	masyarakat	yang	0.444444
hidup	sehari	hari	0.857143
hidup	sehat	dan	0.250000
hidup	yang	lebih	0.206897
hitam	yang	diduga	0.230769
hong	kong	dan	0.205882
hong	kong	yang	0.088235
hukuman	lima	tahun	0.750000
hukuman	mati	atau	0.250000
hukuman	mati	kepada	0.150000
hukuman	penjara	selama	0.250000
hukuman	tahun	penjara	0.928571
hulu	sungai	selatan	0.530612
hulu	sungai	tengah	0.224490
hulu	sungai	utara	0.163265
hut	ke	ri	0.311111
hut	ke	kemerdekaan	0.266667
hut	ke	republik	0.133333
hut	kemerdekaan	ri	1.000000
hut	ri	ke	0.476190
ia	adalah	seorang	0.230769
ia	adalah	salah	0.230769
ia	akan	terus	0.078947
ia	belum	bisa	0.375000
ia	berharap	dengan	0.075472
ia	berharap	seluruh	0.075472
ia	berharap	agar	0.056604
ia	berharap	ke	0.056604
ia	berharap	para	0.056604
ia	dan	sang	0.200000
ia	dan	keluarga	0.200000
ia	dan	keluarganya	0.200000
ia	hanya	ingin	0.130435
ia	juga	mengatakan	0.104294
ia	juga	meminta	0.061350
ia	juga	mengaku	0.049080
ia	juga	berharap	0.036810
ia	juga	sempat	0.036810
ia	juga	menyampaikan	0.030675
ia	juga	memiliki	0.030675
ia	juga	tidak	0.030675
ia	juga	menjelaskan	0.024540
ia	juga	menyebut	0.024540
ia	juga	mendorong	0.018405
ia	juga	mengingatkan	0.018405
ia	juga	menyebutkan	0.018405
ia	juga	pernah	0.018405
ia	kembali	ke	0.750000
ia	masuk	ke	0.750000
ia	memiliki	nama	0.272727
ia	meminta	agar	0.250000
ia	meminta	kepada	0.142857
ia	meminta	masyarakat	0.107143
ia	memutuskan	untuk	1.000000
ia	menambahkan	bahwa	0.282609
ia	menambahkan	dari	0.065217
ia	menegaskan	bahwa	0.363636
ia	menegaskan	akan	0.136364
ia	mengajak	seluruh	0.400000
ia	mengaku	tidak	0.087719
ia	mengaku	telah	0.070175
ia	mengaku	ingin	0.070175
ia	mengaku	tak	0.052632
ia	mengatakan	bahwa	0.182482
ia	mengatakan	dalam	0.029197
ia	mengatakan	dari	0.029197
ia	mengatakan	pada	0.029197
ia	mengatakan	untuk	0.029197
ia	mengatakan	korban	0.021898
ia	mengatakan	pemerintah	0.021898
ia	menjelaskan	bahwa	0.142857
ia	menjelaskan	kejadian	0.053571
ia	menyampaikan	bahwa	0.187500
ia	menyebut	bahwa	0.142857
ia	menyebut	kerja	0.085714
ia	merasa	lebih	0.150000
ia	merupakan	seorang	0.300000
ia	pun	berharap	0.067797
ia	pun	meminta	0.059322
ia	pun	menegaskan	0.059322
ia	pun	mengaku	0.050847
ia	pun	mengatakan	0.050847
ia	pun	menceritakan	0.042373
ia	pun	mengajak	0.033898
ia	pun	melihat	0.025424
ia	pun	akan	0.025424
ia	pun	mengakui	0.025424
ia	pun	sempat	0.025424
ia	pun	sudah	0.025424
ia	sampaikan	dalam	0.363636
ia	tak	bisa	0.230769
ia	tak	memiliki	0.115385
ia	tak	ingin	0.115385
ia	tidak	akan	0.142857
ia	tidak	mau	0.085714
ia	yakin	bahwa	0.333333
ide	ide	yang	0.428571
ikatan	cinta	itu	0.153846
ikatan	cinta	november	0.128205
ikatan	cinta	yang	0.076923
ikatan	cinta	amanda	0.076923
ikatan	cinta	malam	0.076923
ikatan	dokter	anak	1.000000
ikut	bertanggung	jawab	1.000000
ikut	campur	dalam	0.272727
ikut	serta	dalam	0.473684
ikut	terlibat	dalam	0.750000
ikut	turun	tangan	1.000000
in	the	sky	1.000000
informasi	dan	komunikasi	0.414634
informasi	dan	transaksi	0.146341
informasi	dari	masyarakat	0.454545
informasi	informasi	yang	0.750000
informasi	lebih	lanjut	0.800000
informasi	tersebut	tim	0.157895
informasi	yang	diberikan	0.105263
informasi	yang	diterima	0.092105
informasi	yang	kami	0.078947
informasi	yang	beredar	0.065789
informasi	yang	berhasil	0.052632
informasi	yang	dapat	0.039474
inggris	musim	ini	0.714286
inggris	pekan	ke	0.500000
inilah	kumpulan	kode	0.714286
inilah	salah	satu	1.000000
inilah	yang	membuat	0.200000
inilah	yang	harus	0.066667
is	dead	sid	0.750000
it	please	the	1.000000
itu	ada	juga	0.212121
itu	ada	pula	0.080808
itu	ada	di	0.060606
itu	ada	yang	0.040404
itu	ada	tiga	0.030303
itu	ada	beberapa	0.030303
itu	adalah	hal	0.050000
itu	adalah	bagian	0.028571
itu	adalah	sebuah	0.021429
itu	adalah	untuk	0.021429
itu	adalah	seorang	0.021429
itu	adalah	kesalahan	0.021429
itu	adalah	sesuatu	0.021429
itu	akan	menjadi	0.098160
itu	akan	dilakukan	0.042945
itu	akan	berlangsung	0.042945
itu	akan	ada	0.030675
itu	akan	terus	0.024540
itu	akan	digelar	0.024540
itu	akan	lebih	0.024540
itu	akan	dimulai	0.024540
itu	akan	segera	0.018405
itu	akan	membantu	0.018405
itu	akan	digunakan	0.018405
itu	akan	dimainkan	0.018405
itu	anak	anak	0.416667
itu	anak	yang	0.250000
itu	antara	lain	1.000000
itu	bagian	dari	0.800000
itu	bahkan	tidak	0.214286
itu	banyak	yang	0.176471
itu	banyak	juga	0.176471
itu	baru	saja	0.187500
itu	baru	bisa	0.093750
itu	baru	diketahui	0.093750
itu	baru	baru	0.093750
itu	belum	ada	0.170732
itu	belum	bisa	0.121951
itu	belum	dapat	0.073171
itu	benar	benar	0.444444
itu	berada	di	0.888889
itu	berarti	ada	0.300000
itu	berasal	dari	0.933333
itu	beredar	luas	0.500000
itu	bergabung	dengan	0.800000
itu	berhasil	dilakukan	0.176471
itu	berjalan	dengan	0.300000
itu	berkaitan	dengan	1.000000
itu	berlangsung	di	0.222222
itu	bermula	saat	0.470588
itu	bermula	ketika	0.235294
itu	bertujuan	untuk	0.666667
itu	betul	betul	0.750000
itu	bisa	menjadi	0.095238
itu	bisa	digunakan	0.059524
itu	bisa	dicapai	0.047619
itu	bisa	saja	0.035714
itu	bisa	menambah	0.035714
itu	bisa	terjadi	0.035714
itu	bisa	jadi	0.035714
itu	bisa	dilakukan	0.035714
itu	bukan	satu	0.073171
itu	bukan	di	0.073171
itu	bukan	tidak	0.073171
itu	bukan	hanya	0.073171
itu	dalam	rangka	0.140000
itu	dalam	kondisi	0.080000
itu	dalam	pertemuan	0.060000
itu	dapat	menjadi	0.093750
itu	dari	dalam	0.085714
itu	dari	sisi	0.085714
itu	datang	dari	0.333333
itu	di	luar	0.042254
itu	di	tahun	0.042254
itu	dia	juga	0.190083
itu	dia	meminta	0.049587
itu	dia	berharap	0.049587
itu	dia	mengaku	0.024793
itu	dia	menilai	0.024793
itu	dia	mengatakan	0.024793
itu	dia	menegaskan	0.024793
itu	dia	pun	0.024793
itu	dia	masih	0.024793
itu	diambil	dari	0.250000
itu	diambil	setelah	0.187500
itu	diberikan	kepada	0.307692
itu	digelar	secara	0.272727
itu	digunakan	untuk	0.250000
itu	digunakan	sebagai	0.250000
itu	dikatakan	oleh	0.714286
itu	diketahui	dalam	0.148148
itu	diketahui	dari	0.148148
itu	dilakukan	untuk	0.173913
itu	dilakukan	karena	0.108696
itu	dilakukan	di	0.076087
itu	dilakukan	agar	0.054348
itu	dilakukan	guna	0.054348
itu	dilakukan	dengan	0.043478
itu	dilakukan	sebagai	0.043478
itu	dilakukan	pada	0.032609
itu	dilakukan	oleh	0.032609
itu	dilakukan	secara	0.032609
itu	dilaporkan	ke	0.333333
itu	dirinya	juga	0.269231
itu	dirinya	bersama	0.153846
itu	disebabkan	oleh	0.666667
itu	disebut	sebut	0.375000
itu	diserahkan	oleh	0.750000
itu	ditangkap	di	0.625000
itu	ditemukan	di	0.272727
itu	ditemukan	dalam	0.272727
itu	ditolak	oleh	0.500000
itu	hadir	di	0.375000
itu	hal	yang	0.384615
itu	hal	ini	0.230769
itu	hanya	akan	0.092593
itu	hanya	untuk	0.074074
itu	harus	ada	0.095238
itu	harus	melalui	0.071429
itu	hingga	saat	0.352941
itu	hingga	kini	0.176471
itu	ia	juga	0.197917
itu	ia	meminta	0.072917
itu	ia	berharap	0.052083
itu	ia	pun	0.052083
itu	ia	mengatakan	0.041667
itu	itu	saja	0.500000
itu	jauh	lebih	0.800000
itu	juga	ada	0.042802
itu	juga	menjadi	0.035019
itu	juga	telah	0.035019
itu	juga	akan	0.035019
itu	juga	bisa	0.027237
itu	juga	sudah	0.023346
itu	juga	meminta	0.019455
itu	juga	dilakukan	0.019455
itu	juga	melakukan	0.019455
itu	juga	memiliki	0.015564
itu	juga	sempat	0.015564
itu	juga	untuk	0.015564
itu	juga	berharap	0.015564
itu	juga	terdapat	0.015564
itu	juga	menyebut	0.011673
itu	juga	hadir	0.011673
itu	juga	tidak	0.011673
itu	juga	sebagai	0.011673
itu	juga	terlihat	0.011673
itu	juga	merupakan	0.011673
itu	juga	belum	0.011673
itu	juga	mengaku	0.011673
itu	juga	memberikan	0.011673
itu	juga	dapat	0.011673
itu	juga	dilaporkan	0.011673
itu	kami	juga	0.169492
itu	kami	akan	0.067797
itu	kamu	juga	0.600000
itu	kan	ada	0.107143
itu	kan	sudah	0.071429
itu	kan	bukan	0.053571
itu	kan	cuma	0.053571
itu	kan	juga	0.053571
itu	karena	sang	0.040541
itu	karena	mereka	0.040541
itu	kata	dia	0.603774
itu	keluar	dari	0.428571
itu	kepada	masyarakat	0.200000
itu	ketua	umum	0.400000
itu	ketua	dewan	0.300000
itu	kini	telah	0.150000
itu	kini	bisa	0.150000
itu	kita	harus	0.100000
itu	kita	bisa	0.075000
itu	kita	akan	0.075000
itu	kita	juga	0.075000
itu	kurang	lebih	1.000000
itu	lah	yang	0.500000
itu	lanjut	dia	0.647059
itu	lebih	baik	0.153846
itu	lebih	dari	0.153846
itu	lebih	banyak	0.153846
itu	luar	biasa	1.000000
itu	mampu	menghasilkan	0.375000
itu	masih	dalam	0.148148
itu	masih	belum	0.074074
itu	masih	bisa	0.074074
itu	masih	ada	0.055556
itu	masuk	dalam	0.250000
itu	memang	tidak	0.097561
itu	memang	sudah	0.097561
itu	membuat	para	0.088235
itu	mengaku	sudah	0.162162
itu	mengaku	bahwa	0.108108
itu	mengaku	senang	0.081081
itu	mengaku	tidak	0.081081
itu	mengakui	bahwa	0.666667
itu	mengarah	pada	1.000000
itu	mengatakan	bahwa	0.216667
itu	mengatakan	dirinya	0.050000
itu	mengatakan	kepada	0.050000
itu	mengatakan	saat	0.050000
itu	menilai	bahwa	0.750000
itu	meninggal	dunia	0.727273
itu	menjadi	salah	0.061538
itu	menjadi	yang	0.046154
itu	menjadi	satu	0.046154
itu	menjadi	bagian	0.046154
itu	menurut	dia	0.458333
itu	menurut	saya	0.125000
itu	mereka	juga	0.272727
itu	mereka	akan	0.121212
itu	merujuk	pada	0.500000
itu	merupakan	salah	0.082474
itu	merupakan	bagian	0.072165
itu	merupakan	hasil	0.051546
itu	merupakan	bentuk	0.051546
itu	merupakan	hal	0.041237
itu	merupakan	yang	0.030928
itu	merupakan	satu	0.030928
itu	mulai	dari	0.277778
itu	muncul	saat	0.187500
itu	pada	tahun	0.076923
itu	para	peserta	0.157895
itu	pemerintah	juga	0.428571
itu	pemerintah	perlu	0.142857
itu	pengunjung	juga	1.000000
itu	penting	untuk	0.277778
itu	penting	bagi	0.222222
itu	perlu	dilakukan	0.235294
itu	pertama	kali	0.666667
itu	petugas	langsung	0.333333
itu	polisi	juga	0.214286
itu	pria	tersebut	0.500000
itu	pula	yang	0.545455
itu	pun	mendapat	0.046729
itu	pun	langsung	0.046729
itu	pun	telah	0.037383
itu	pun	sudah	0.037383
itu	pun	berhasil	0.037383
itu	pun	akhirnya	0.028037
itu	pun	membuat	0.028037
itu	pun	tampak	0.028037
itu	pun	menjadi	0.028037
itu	rata	rata	1.000000
itu	saat	ini	0.472222
itu	saja	kata	0.142857
itu	salah	satu	0.655172
itu	sama	sekali	0.400000
itu	sama	dengan	0.200000
itu	sambung	dia	1.000000
itu	sang	istri	0.307692
itu	sangat	penting	0.188679
itu	sangat	baik	0.056604
itu	sangat	membantu	0.056604
itu	satu	orang	0.230769
itu	sebagai	bentuk	0.136364
itu	sebagai	upaya	0.136364
itu	sebagai	bahan	0.068182
itu	sebagian	besar	0.750000
itu	sedang	berada	0.227273
itu	sekitar	pukul	0.444444
itu	semua	ada	0.111111
itu	seperti	yang	0.150000
itu	sesuai	dengan	0.555556
itu	sesuatu	yang	1.000000
itu	setidaknya	ada	0.500000
itu	sudah	ada	0.053435
itu	sudah	tidak	0.053435
itu	sudah	dilakukan	0.038168
itu	sudah	berlangsung	0.030534
itu	sudah	selesai	0.030534
itu	sudah	dimulai	0.022901
itu	sudah	siap	0.022901
itu	sudah	sesuai	0.022901
itu	sudah	kami	0.022901
itu	tak	lepas	0.111111
itu	tak	bisa	0.088889
itu	tak	hanya	0.066667
itu	tak	sedikit	0.066667
itu	tak	jauh	0.066667
itu	tampak	dari	0.166667
itu	telah	menjadi	0.048387
itu	terdiri	dari	0.727273
itu	terdiri	atas	0.272727
itu	tergantung	dari	0.375000
itu	tergantung	pada	0.375000
itu	terjadi	di	0.260504
itu	terjadi	pada	0.168067
itu	terjadi	karena	0.067227
itu	terjadi	sekitar	0.058824
itu	terjadi	ketika	0.058824
itu	terjadi	saat	0.042017
itu	terjadi	sejak	0.025210
itu	terjadi	akibat	0.025210
itu	terlihat	dari	0.191489
itu	terlihat	jelas	0.106383
itu	terlihat	juga	0.063830
itu	tiba	di	0.500000
itu	tiba	tiba	0.375000
itu	tidak	bisa	0.093750
itu	tidak	ada	0.088542
itu	tidak	hanya	0.057292
itu	tidak	akan	0.036458
itu	tidak	memiliki	0.031250
itu	tidak	sesuai	0.031250
itu	tidak	boleh	0.031250
itu	tidak	mudah	0.026042
itu	tidak	benar	0.015625
itu	tidak	masalah	0.015625
itu	tidak	masuk	0.015625
itu	tidak	begitu	0.015625
itu	tidak	semua	0.015625
itu	tiga	kali	0.600000
itu	untuk	menjaga	0.043956
itu	untuk	membantu	0.032967
itu	untuk	kasus	0.032967
itu	wakil	ketua	0.600000
itu	yang	membuat	0.097744
itu	yang	harus	0.052632
itu	yang	menjadi	0.045113
itu	yang	paling	0.037594
itu	yang	kami	0.037594
itu	yang	akan	0.037594
itu	yang	kemudian	0.030075
itu	yang	mungkin	0.022556
itu	yang	tidak	0.022556
itu	yang	sudah	0.022556
itu	yang	kita	0.022556
itulah	yang	membuat	0.181818
itulah	yang	menjadi	0.121212
itulah	yang	kami	0.090909
j	di	rumah	0.611111
j	di	kompleks	0.166667
j	masih	hidup	1.000000
j	yang	tewas	0.150000
jabatan	baru	sebagai	1.000000
jabatan	di	lingkungan	0.375000
jabatan	presiden	ri	0.272727
jabatan	yang	kosong	0.300000
jalan	dan	jembatan	0.320000
jalan	di	wilayah	0.133333
jalan	di	depan	0.100000
jalan	di	sekitar	0.100000
jalan	di	kota	0.100000
jalan	jalan	di	0.160000
jalan	jalan	ke	0.120000
jalan	kaki	dari	0.750000
jalan	raya	desa	0.117647
jalan	raya	untuk	0.088235
jalan	yang	akan	0.063492
jalan	yang	rusak	0.063492
jalan	yang	ada	0.047619
jalan	yang	bisa	0.047619
jalan	yang	masih	0.047619
jalannya	pertandingan	sejak	0.400000
jaminan	hari	tua	1.000000
jaminan	kehilangan	pekerjaan	1.000000
janganlah	kalian	berdoa	1.000000
jaraknya	sekitar	meter	1.000000
jaringan	g	ke	0.272727
jaringan	g	di	0.272727
jaringan	internet	yang	0.272727
jika	ada	yang	0.173913
jika	anda	tidak	0.166667
jika	anda	ingin	0.092593
jika	anda	memiliki	0.074074
jika	anda	masih	0.055556
jika	dibandingkan	dengan	0.757576
jika	dilihat	dari	0.625000
jika	dirinya	tidak	0.187500
jika	hal	tersebut	0.615385
jika	hal	ini	0.307692
jika	hari	ini	1.000000
jika	ingin	melakukan	0.120000
jika	itu	terjadi	0.400000
jika	kami	ingin	0.300000
jika	kami	tidak	0.300000
jika	kamu	ingin	0.178571
jika	masih	ada	0.428571
jika	memang	ada	0.150000
jika	menang	atas	0.625000
jika	pemegang	emas	1.000000
jika	saat	ini	0.714286
jika	sewaktu	waktu	1.000000
jika	sudah	selesai	0.111111
jika	terjadi	kecelakaan	0.200000
jika	tidak	ada	0.281250
jika	tidak	segera	0.046875
jika	tidak	akan	0.046875
jika	tidak	maka	0.046875
jual	beli	serangan	0.382353
jual	beli	mobil	0.088235
jual	beli	jabatan	0.088235
kala	itu	yang	0.085714
kalah	dalam	dua	0.272727
kalah	dari	tim	0.187500
kalah	di	babak	0.272727
kalah	penting	adalah	0.230769
kalau	ada	yang	0.195652
kalau	anak	anak	0.600000
kalau	bisa	jangan	0.125000
kalau	di	rumah	0.136364
kalau	dilihat	dari	1.000000
kalau	hari	ini	1.000000
kalau	kita	lihat	0.181818
kalau	kita	bisa	0.090909
kalau	kita	mau	0.068182
kalau	masih	ada	0.571429
kalau	memang	ada	0.214286
kalau	saat	ini	0.750000
kalau	tidak	ada	0.177778
kalau	tidak	salah	0.155556
kalau	tidak	bisa	0.066667
kanan	dan	kiri	0.461538
kantor	balai	kota	1.000000
kantor	berita	antara	0.826087
kantor	kementerian	agama	0.444444
kantor	pencarian	dan	1.000000
kantor	pos	untuk	0.210526
kantor	pos	di	0.157895
kantor	staf	presiden	1.000000
kantor	urusan	agama	0.750000
kantor	wilayah	kementerian	0.666667
katanya	dalam	keterangan	0.285714
katanya	kepada	wartawan	0.583333
katanya	melalui	keterangan	0.750000
katanya	saat	dihubungi	0.583333
keamanan	dan	keselamatan	0.466667
kedua	belah	pihak	1.000000
kedua	dan	ketiga	0.400000
kedua	dengan	skor	0.166667
kedua	di	dunia	0.166667
kedua	hal	tersebut	0.750000
kedua	negara	tersebut	0.119048
kedua	negara	yang	0.119048
kedua	negara	itu	0.095238
kedua	negara	telah	0.071429
kedua	orang	tuanya	0.388889
kedua	orang	tua	0.305556
kedua	orang	tersebut	0.111111
kedua	orang	ini	0.083333
kedua	pada	menit	0.333333
kedua	pelaku	yang	0.107143
kedua	pemain	tersebut	0.437500
kedua	pemain	itu	0.187500
kedua	pemimpin	itu	0.600000
kedua	remaja	itu	0.750000
kedua	tim	sama	0.098901
kedua	tim	bermain	0.076923
kedua	tim	masih	0.065934
kedua	tim	saling	0.065934
kedua	tim	ini	0.054945
kedua	tim	tersebut	0.043956
kedua	tim	harus	0.032967
kedua	tim	yang	0.032967
kedua	tim	bertemu	0.032967
kedua	tim	akan	0.032967
kedua	tim	telah	0.032967
kedua	yang	juga	0.111111
kedudukan	di	menit	1.000000
kedudukan	melalui	gol	0.750000
kedudukan	pada	menit	0.714286
kedutaan	besar	republik	0.400000
kejutan	ulang	tahun	1.000000
kekalahan	ini	membuat	0.363636
kelima	dengan	poin	0.600000
kelompok	kerja	bidang	0.428571
kelompok	masyarakat	yang	0.454545
kemarin	sudah	kita	0.272727
kematian	ibu	dan	1.000000
kementerian	dalam	negeri	1.000000
kementerian	dan	lembaga	1.000000
kementerian	hukum	dan	1.000000
kementerian	komunikasi	dan	1.000000
kementerian	lembaga	dan	0.266667
kementerian	lingkungan	hidup	1.000000
kementerian	luar	negeri	1.000000
kementerian	pekerjaan	umum	1.000000
kementerian	pemuda	dan	1.000000
kementerian	pendidikan	dan	0.555556
kementerian	pertahanan	rusia	0.363636
kemudahan	bagi	masyarakat	0.555556
kenaikan	bahan	bakar	0.800000
kenaikan	harga	bahan	0.253012
kenaikan	harga	di	0.072289
kenaikan	harga	minyak	0.060241
kenaikan	harga	barang	0.048193
kenaikan	harga	harga	0.048193
kenaikan	harga	dan	0.036145
kenaikan	harga	tiket	0.036145
kenaikan	harga	ini	0.036145
kenaikan	harga	tersebut	0.036145
kenaikan	suku	bunga	1.000000
kenaikan	upah	minimum	0.600000
kenaikan	yang	cukup	0.666667
kencang	dan	petir	0.363636
kencang	di	sebagian	0.428571
kencang	terjadi	di	0.600000
kepentingan	masyarakat	bangsa	0.333333
kereta	api	di	0.140351
kereta	api	yang	0.122807
kereta	api	dan	0.087719
kereta	api	ka	0.070175
kerugian	negara	yang	0.250000
kerugian	negara	sebesar	0.187500
kesempatan	ini	juga	0.157895
kesempatan	itu	ia	0.113208
kesempatan	itu	ketua	0.075472
kesempatan	itu	dia	0.056604
kesempatan	itu	juga	0.056604
kesempatan	tersebut	menteri	0.115385
kesempatan	untuk	kembali	0.066667
kesempatan	untuk	melakukan	0.066667
kesempatan	yang	sama	0.638889
kesulitan	membongkar	pertahanan	1.000000
kesulitan	untuk	menciptakan	0.176471
ketiga	dalam	rumah	0.363636
ketiga	dan	keempat	0.500000
ketiga	di	dunia	0.176471
ketiga	ini	memang	0.428571
ketiga	piala	liga	0.600000
ketua	dewan	pengarah	0.363636
ketua	dewan	pertimbangan	0.272727
ketua	harian	nasional	1.000000
ketua	pengadilan	negeri	0.800000
ketua	pengurus	wilayah	0.428571
ketua	umum	pengurus	0.145161
ketua	umum	pan	0.112903
ketua	umum	dan	0.080645
ketua	umum	yang	0.080645
ketua	umum	masyarakat	0.048387
ketua	umum	dewan	0.048387
keutamaan	surat	al	1.000000
khususnya	bagi	warga	0.294118
khususnya	dalam	hal	0.333333
khususnya	dalam	bidang	0.250000
khususnya	di	bidang	0.156250
khususnya	di	kota	0.125000
khususnya	di	wilayah	0.093750
khususnya	di	daerah	0.093750
khususnya	umat	islam	1.000000
khususnya	yang	ada	0.300000
kiri	dan	kanan	0.272727
kiri	dan	leher	0.136364
kiri	ke	kanan	0.750000
km	barat	daya	0.571429
km	barat	laut	0.428571
km	hingga	km	1.000000
km	per	jam	1.000000
komputer	atau	laptop	1.000000
kongres	luar	biasa	1.000000
kongres	masyarakat	adat	1.000000
kongres	nasional	ke	0.800000
kontrak	baru	dengan	0.333333
kontrak	kerja	sama	0.666667
krisis	air	bersih	1.000000
krisis	ekonomi	global	0.300000
kuasa	hukum	keluarga	0.163934
kuasa	hukum	dari	0.065574
kuasa	hukum	dan	0.049180
kuasa	menahan	air	0.714286
kuasa	pengguna	anggaran	1.000000
kudus	tuhan	yesus	1.000000
kukira	kau	rumah	1.000000
kunjungan	kerja	ke	0.562500
kunjungan	kerja	di	0.125000
kunjungan	kerjanya	ke	0.500000
lahir	dan	besar	0.750000
lahir	dari	keluarga	0.272727
lahir	di	kota	0.176471
lahir	pada	tanggal	0.333333
lain	di	luar	0.187500
lain	di	dunia	0.083333
lain	di	wilayah	0.083333
lain	di	dalam	0.062500
lain	halnya	dengan	0.750000
lain	juga	bisa	0.272727
lain	lanjut	dia	1.000000
lain	saat	ini	1.000000
lain	sebagainya	katanya	0.250000
lain	sebagainya	kata	0.250000
lain	untuk	melakukan	0.078947
lain	yang	juga	0.062500
lain	yang	bisa	0.046875
lain	yang	lebih	0.036458
lain	yang	akan	0.031250
lain	yang	tidak	0.026042
lain	yang	menjadi	0.026042
lain	yang	ada	0.026042
lain	yang	ikut	0.020833
lain	yang	sudah	0.020833
lain	yang	dilakukan	0.015625
lain	yang	menyebabkan	0.015625
lain	yang	berada	0.015625
lain	yang	masih	0.015625
lain	yang	tak	0.015625
lama	gempa	detik	1.000000
lama	setelah	itu	0.235294
lama	tak	muncul	0.250000
lama	tak	bertemu	0.250000
lama	tidak	ada	0.136364
lampu	hijau	dari	0.333333
lampu	lalu	lintas	1.000000
langit	kembali	cerah	1.000000
langsung	aja	cek	1.000000
langsung	bergerak	cepat	0.500000
langsung	berhadapan	dengan	1.000000
langsung	dan	live	0.357143
langsung	dari	presiden	0.176471
langsung	dengan	skor	0.166667
langsung	dengan	masyarakat	0.100000
langsung	di	lapangan	0.103448
langsung	dibawa	ke	0.777778
langsung	diserahkan	ke	0.750000
langsung	ke	lokasi	0.208333
langsung	ke	rumah	0.125000
langsung	ke	desa	0.062500
langsung	masuk	ke	0.888889
langsung	melakukan	penyelidikan	0.266667
langsung	melaporkan	ke	0.428571
langsung	melarikan	diri	0.750000
langsung	menuju	ke	0.583333
langsung	naik	ke	1.000000
langsung	oleh	ketua	0.106383
langsung	oleh	presiden	0.106383
langsung	oleh	sang	0.085106
langsung	oleh	wakil	0.063830
langsung	oleh	menteri	0.063830
langsung	oleh	kepala	0.063830
langsung	tampil	agresif	0.666667
langsung	terjun	ke	1.000000
langsung	turun	dari	0.375000
langsung	turun	ke	0.375000
lanjut	dari	arahan	0.272727
lanjut	dia	mengatakan	0.071429
lanjut	ia	mengatakan	0.217391
lanjut	ia	juga	0.130435
lanjut	usia	yang	0.600000
latihan	di	korea	0.272727
latihan	di	lapangan	0.272727
latihan	militer	tersebut	0.230769
latihan	yang	lebih	0.272727
latihan	yang	diberikan	0.272727
lawan	yang	mudah	0.222222
layanan	sim	keliling	0.769231
layanan	sim	yang	0.230769
layanan	yang	diberikan	0.190476
lengkap	dengan	harga	0.130435
lengkap	mulai	dari	0.857143
level	dolar	as	1.000000
level	tertinggi	sejak	0.400000
lihat	saja	nanti	0.500000
lingkungan	dan	masyarakat	0.093750
lingkungan	hidup	dan	0.592593
lingkungan	tempat	tinggal	0.800000
lingkungan	yang	ramah	0.157895
listrik	di	kawasan	0.103448
listrik	yang	ramah	0.100000
luka	bakar	di	0.400000
luka	bakar	yang	0.200000
luka	berat	dan	0.217391
luka	berat	yang	0.173913
luka	di	bagian	0.238095
luka	di	tubuh	0.142857
luka	di	tubuhnya	0.142857
luka	di	kepala	0.142857
luka	lebam	di	0.500000
luka	luka	dan	0.138889
luka	luka	hingga	0.083333
luka	luka	yang	0.083333
luka	luka	dalam	0.083333
luka	ringan	dan	0.187500
luka	tembak	di	0.400000
maaf	kepada	seluruh	0.173913
maaf	kepada	para	0.130435
maaf	kepada	masyarakat	0.130435
maaf	secara	terbuka	0.600000
maka	akan	diberikan	0.056604
maka	akan	menjadi	0.056604
maka	akan	dilakukan	0.056604
maka	akan	sulit	0.056604
maka	bisa	saja	0.230769
maka	dari	itu	0.947368
maka	hal	tersebut	0.600000
maka	ia	tidak	0.300000
maka	itu	menjadi	0.157895
maka	kita	akan	0.200000
maka	kita	bisa	0.150000
maka	mereka	akan	0.714286
maka	pemerintah	perlu	0.363636
maka	tak	ada	0.600000
maka	tidak	akan	0.266667
makan	dan	minum	0.642857
makan	lebih	banyak	1.000000
makan	makanan	yang	0.500000
makan	malam	di	0.200000
makan	siang	nanti	0.130435
makin	percaya	diri	0.750000
malam	hari	di	0.086207
malam	hari	ini	0.086207
malam	hari	pukul	0.086207
malam	hari	dan	0.068966
malam	ini	selasa	0.062500
malam	ini	akan	0.062500
malam	ini	di	0.050000
malam	ini	rabu	0.050000
malam	ini	sabtu	0.050000
malam	ini	pukul	0.037500
malam	itu	juga	0.142857
malam	sekitar	pukul	1.000000
malam	tahun	baru	1.000000
malaysia	dan	singapura	0.333333
mampu	berbicara	banyak	0.750000
mampu	bersaing	di	0.571429
mampu	dan	tidak	0.800000
mampu	keluar	dari	1.000000
mampu	menghasilkan	tenaga	0.500000
mampu	meningkatkan	kemampuan	0.214286
mampu	menyerap	tenaga	1.000000
mampu	meraih	satu	0.214286
mampu	meraih	kemenangan	0.214286
man	united	pada	0.069767
mandi	di	sungai	0.375000
masalah	apa	yang	0.428571
masalah	apa	pun	0.428571
masalah	di	bagian	0.200000
masalah	masalah	yang	0.428571
masalah	minyak	goreng	1.000000
masalah	mulai	dari	1.000000
masalah	yang	terjadi	0.125000
masuk	akal	dan	0.235294
masuk	dalam	daftar	0.265060
masuk	dalam	kategori	0.096386
masuk	dalam	skuad	0.048193
masuk	dalam	kondisi	0.048193
masuk	dalam	jaringan	0.036145
masuk	dalam	program	0.036145
masuk	dan	keluar	0.235294
masuk	di	dalam	0.200000
masuk	ke	dalam	0.375000
masuk	ke	rumah	0.056034
masuk	ke	ruang	0.047414
masuk	ke	area	0.025862
masuk	ke	ruangan	0.017241
masuk	ke	jalan	0.017241
masuk	ke	wilayah	0.017241
masuk	ke	pasar	0.012931
masuk	ke	kota	0.012931
masuk	ke	kamar	0.012931
masuk	ke	lapangan	0.012931
masuk	ke	bagian	0.012931
masuk	lagi	ke	0.800000
masuk	perguruan	tinggi	1.000000
masuk	rumah	sakit	0.687500
may	it	please	1.000000
media	beberapa	waktu	1.000000
media	elektronik	dan	0.375000
media	sosial	yang	0.076923
media	sosial	dan	0.071006
media	sosial	itu	0.047337
media	sosial	tersebut	0.041420
media	sosial	pada	0.035503
media	sosial	milik	0.029586
media	sosial	seperti	0.029586
media	sosial	karena	0.023669
media	sosial	video	0.017751
media	sosial	beberapa	0.017751
media	sosial	facebook	0.017751
media	sosial	miliknya	0.017751
melakukan	aksi	sosial	0.214286
melakukan	apa	apa	0.333333
melakukan	apa	yang	0.333333
melakukan	berbagai	upaya	0.214286
melakukan	berbagai	kegiatan	0.178571
melakukan	berbagai	persiapan	0.107143
melakukan	berbagai	langkah	0.107143
melakukan	bersih	bersih	1.000000
melakukan	gelar	perkara	0.857143
melakukan	hal	hal	0.235294
melakukan	hal	yang	0.196078
melakukan	hal	itu	0.117647
melakukan	hal	serupa	0.117647
melakukan	hal	tersebut	0.117647
melakukan	hal	ini	0.078431
melakukan	hubungan	badan	0.285714
melakukan	hubungan	suami	0.285714
melakukan	hubungan	seks	0.214286
melakukan	kegiatan	sosial	0.142857
melakukan	kekerasan	terhadap	0.230769
melakukan	kekerasan	dalam	0.230769
melakukan	kerja	sama	0.750000
melakukan	kerja	kerja	0.250000
melakukan	komunikasi	dengan	0.444444
melakukan	kunjungan	kerja	0.461538
melakukan	kunjungan	ke	0.384615
melakukan	langkah	langkah	0.733333
melakukan	pelanggaran	kode	0.142857
melakukan	pembicaraan	dengan	0.500000
melakukan	pemeriksaan	terhadap	0.454545
melakukan	pemeriksaan	kepada	0.090909
melakukan	pencarian	terhadap	0.176471
melakukan	pencarian	di	0.117647
melakukan	pencarian	dan	0.088235
melakukan	pencarian	dengan	0.088235
melakukan	pencarian	namun	0.088235
melakukan	pengawasan	dan	0.294118
melakukan	pengawasan	terhadap	0.235294
melakukan	penyelidikan	dan	0.225000
melakukan	penyelidikan	lebih	0.100000
melakukan	penyelidikan	hingga	0.075000
melakukan	penyelidikan	di	0.075000
melakukan	perbuatan	tersebut	0.400000
melakukan	perjalanan	ke	0.317073
melakukan	perjalanan	dari	0.170732
melakukan	perlawanan	dengan	0.375000
melakukan	persiapan	dalam	0.136364
melakukan	persiapan	untuk	0.136364
melakukan	pertemuan	dengan	0.722222
melakukan	rapat	bersama	0.500000
melakukan	sesuatu	yang	0.400000
melakukan	siaran	langsung	1.000000
melakukan	tindakan	yang	0.333333
melakukan	tindakan	kekerasan	0.148148
melakukan	tindakan	tegas	0.148148
melakukan	tindakan	operasi	0.111111
melakukan	uji	coba	0.750000
melakukan	upaya	pencarian	0.208333
melakukan	upaya	upaya	0.166667
melakukan	wajib	lapor	1.000000
melakukan	yang	terbaik	0.692308
melanjutkan	karier	di	0.600000
melanjutkan	saat	ini	0.750000
melaporkan	hal	itu	1.000000
melaporkan	ke	polisi	0.454545
melaporkan	ke	pihak	0.272727
melaporkan	kejadian	tersebut	0.571429
melaporkan	peristiwa	itu	0.500000
melawan	dewa	united	1.000000
melayani	masyarakat	yang	0.285714
melayani	masyarakat	dengan	0.214286
melayani	penumpang	di	0.375000
melebihi	ambang	batas	1.000000
melihat	apa	yang	0.500000
melihat	apakah	ada	0.600000
melihat	hal	tersebut	0.600000
melihat	ke	arah	0.333333
melihat	kejadian	itu	0.600000
melihat	orang	orang	0.375000
melihat	perkembangan	kondisi	0.375000
melihat	secara	langsung	0.444444
meluangkan	waktu	untuk	0.750000
memadamkan	api	yang	0.400000
memainkan	permainan	yang	0.500000
memanfaatkan	teknologi	digital	0.555556
memasuki	akhir	tahun	0.375000
memasuki	babak	kedua	0.545455
memasuki	babak	baru	0.363636
memasuki	bulan	suci	0.750000
memasuki	lima	menit	1.000000
memasuki	menit	ke	0.250000
memasuki	menit	akhir	0.187500
memasuki	musim	hujan	0.428571
memasuki	usia	tahun	0.625000
membawa	kasus	ini	1.000000
membawa	ke	rumah	0.750000
membawa	korban	ke	1.000000
membawa	mereka	ke	0.750000
membawa	pulang	poin	0.200000
membawa	senjata	tajam	0.583333
membayar	denda	sebesar	0.600000
membayar	tiket	masuk	1.000000
membayar	uang	pengganti	0.666667
membutuhkan	biaya	yang	0.833333
membutuhkan	lebih	banyak	0.777778
membutuhkan	minyak	goreng	1.000000
membutuhkan	waktu	untuk	0.151515
membutuhkan	waktu	lama	0.121212
membutuhkan	waktu	lebih	0.090909
memegang	peranan	penting	0.750000
memeluk	agama	islam	1.000000
memeriksa	orang	saksi	0.500000
memeriksa	sejumlah	saksi	0.800000
memikirkan	hal	hal	0.750000
memilih	untuk	tidak	0.090909
memilih	untuk	tak	0.090909
memilih	untuk	menjadi	0.068182
memilih	untuk	kembali	0.068182
memiliki	akses	ke	0.400000
memiliki	akses	air	0.300000
memiliki	banyak	pemain	0.117647
memiliki	banyak	manfaat	0.078431
memiliki	banyak	keutamaan	0.058824
memiliki	bukti	kuat	0.300000
memiliki	ciri	khas	0.888889
memiliki	cukup	banyak	0.600000
memiliki	daya	tarik	0.444444
memiliki	dua	anak	0.210526
memiliki	hak	untuk	0.333333
memiliki	hubungan	yang	0.321429
memiliki	hubungan	dengan	0.107143
memiliki	izin	dari	0.333333
memiliki	kehidupan	yang	0.750000
memiliki	keinginan	untuk	0.500000
memiliki	kemampuan	untuk	0.187500
memiliki	kesempatan	untuk	0.714286
memiliki	komitmen	untuk	0.400000
memiliki	latar	belakang	1.000000
memiliki	lebih	dari	0.625000
memiliki	lebih	banyak	0.187500
memiliki	makna	yang	0.400000
memiliki	nama	asli	0.357143
memiliki	nama	lengkap	0.357143
memiliki	niat	untuk	1.000000
memiliki	paras	cantik	0.625000
memiliki	pemandangan	yang	1.000000
memiliki	pemikiran	yang	1.000000
memiliki	penampilan	yang	1.000000
memiliki	pengalaman	yang	0.176471
memiliki	peranan	penting	0.600000
memiliki	potensi	besar	0.200000
memiliki	potensi	untuk	0.133333
memiliki	potensi	yang	0.100000
memiliki	prestasi	yang	0.500000
memiliki	rencana	untuk	0.700000
memiliki	risiko	lebih	0.333333
memiliki	risiko	tinggi	0.333333
memiliki	salah	satu	1.000000
memiliki	semangat	untuk	0.333333
memiliki	senyum	manis	1.000000
memiliki	sikap	yang	1.000000
memiliki	sumber	daya	0.600000
memiliki	surat	izin	0.500000
memiliki	surat	surat	0.300000
memiliki	tanggung	jawab	1.000000
memiliki	tubuh	yang	0.750000
memiliki	waktu	yang	0.250000
memiliki	waktu	untuk	0.250000
memiliki	wilayah	yang	0.500000
memimpin	rapat	terbatas	0.333333
memohon	maaf	atas	0.800000
memperbaiki	posisi	di	0.750000
mempertahankan	dan	meningkatkan	0.750000
mempertahankan	gelar	juara	0.375000
menang	dengan	skor	0.909091
menang	dua	gim	0.666667
menang	tipis	atas	0.750000
menangani	kasus	yang	0.375000
menangani	masalah	ini	0.750000
menangani	perkara	tersebut	0.500000
menaruh	harapan	besar	1.000000
mencapai	babak	final	0.600000
mencapai	juta	orang	0.178571
mencapai	juta	ton	0.178571
mencapai	juta	euro	0.107143
mencapai	kesepakatan	dengan	0.307692
mencapai	kurang	lebih	0.750000
mencapai	lebih	dari	0.809524
mencapai	meter	di	0.571429
mencapai	orang	dan	0.187500
mencapai	rata	rata	1.000000
mencapai	ratusan	juta	0.500000
mencapai	ribu	lebih	0.214286
mencapai	ribu	orang	0.214286
mencapai	target	yang	0.285714
mencapai	ton	per	0.600000
mencari	cara	untuk	0.500000
mendaftar	secara	online	1.000000
mendarat	di	bandara	0.625000
menegaskan	bahwa	dirinya	0.094595
menegaskan	bahwa	tidak	0.081081
menegaskan	bahwa	mereka	0.040541
menegaskan	bahwa	untuk	0.040541
menegaskan	bahwa	dia	0.040541
menegaskan	bahwa	program	0.040541
menegaskan	kembali	bahwa	0.500000
menegaskan	tak	ada	0.600000
menegaskan	tidak	ada	0.428571
menengah	ke	bawah	0.600000
menengah	ke	atas	0.400000
menerima	informasi	dari	0.428571
menerima	laporan	dari	0.228571
menerima	laporan	adanya	0.228571
menerima	penghargaan	dari	0.190476
menerima	surat	panggilan	0.333333
menerima	umpan	dari	0.714286
mengajar	di	sekolah	0.625000
mengalami	cedera	di	0.120000
mengalami	cedera	saat	0.120000
mengalami	cedera	dan	0.120000
mengalami	cedera	akibat	0.120000
mengalami	gangguan	mental	0.200000
mengalami	kecelakaan	di	0.275862
mengalami	kecelakaan	tunggal	0.103448
mengalami	kenaikan	sebesar	0.148936
mengalami	kenaikan	dari	0.085106
mengalami	kenaikan	yang	0.063830
mengalami	kenaikan	di	0.063830
mengalami	kenaikan	harga	0.063830
mengalami	kerugian	hingga	0.285714
mengalami	kesulitan	dalam	0.166667
mengalami	luka	luka	0.240506
mengalami	luka	bakar	0.177215
mengalami	luka	ringan	0.101266
mengalami	luka	di	0.088608
mengalami	luka	parah	0.075949
mengalami	luka	berat	0.063291
mengalami	luka	pada	0.050633
mengalami	luka	akibat	0.037975
mengalami	masalah	pada	0.230769
mengalami	mati	mesin	1.000000
mengalami	patah	tulang	0.533333
mengalami	patah	kaki	0.200000
mengalami	peningkatan	sebesar	0.151515
mengalami	peningkatan	yang	0.121212
mengalami	perubahan	yang	0.187500
mengalami	rusak	berat	0.555556
mengalami	rusak	parah	0.333333
mengalami	sakit	kepala	0.375000
mengalami	serangan	jantung	1.000000
mengarah	ke	timur	0.125000
mengatakan	ada	beberapa	0.214286
mengatakan	ada	dua	0.142857
mengatakan	ada	orang	0.107143
mengatakan	apa	yang	0.666667
mengatakan	bahwa	dirinya	0.043046
mengatakan	bahwa	dia	0.039735
mengatakan	bahwa	mereka	0.036424
mengatakan	bahwa	pemerintah	0.023179
mengatakan	bahwa	ia	0.019868
mengatakan	bahwa	yang	0.016556
mengatakan	bahwa	tidak	0.016556
mengatakan	bahwa	pada	0.016556
mengatakan	bahwa	orang	0.016556
mengatakan	bahwa	saat	0.013245
mengatakan	bahwa	setelah	0.013245
mengatakan	bahwa	hal	0.013245
mengatakan	bahwa	kondisi	0.013245
mengatakan	bahwa	selain	0.013245
mengatakan	bahwa	untuk	0.013245
mengatakan	bahwa	presiden	0.009934
mengatakan	bahwa	keputusan	0.009934
mengatakan	bahwa	seluruh	0.009934
mengatakan	bahwa	kasus	0.009934
mengatakan	bahwa	itu	0.009934
mengatakan	bahwa	kegiatan	0.009934
mengatakan	bahwa	ini	0.009934
mengatakan	bahwa	warga	0.009934
mengatakan	bahwa	ada	0.009934
mengatakan	berdasarkan	laporan	0.230769
mengatakan	dalam	sebuah	0.250000
mengatakan	dari	hasil	0.444444
mengatakan	dengan	adanya	0.461538
mengatakan	dia	tidak	0.193548
mengatakan	dia	telah	0.096774
mengatakan	dirinya	tak	0.096774
mengatakan	film	ini	1.000000
mengatakan	hal	itu	0.409091
mengatakan	hal	tersebut	0.272727
mengatakan	hal	ini	0.227273
mengatakan	hingga	saat	0.444444
mengatakan	ini	merupakan	0.250000
mengatakan	jika	dirinya	0.107143
mengatakan	kebakaran	terjadi	0.300000
mengatakan	kegiatan	ini	0.590909
mengatakan	kejadian	tersebut	0.333333
mengatakan	kepada	para	0.153846
mengatakan	kepada	saya	0.153846
mengatakan	korban	meninggal	0.375000
mengatakan	masih	ada	0.666667
mengatakan	pada	hari	0.142857
mengatakan	pemerintah	sudah	0.125000
mengatakan	peristiwa	itu	0.500000
mengatakan	saat	ini	0.767857
mengatakan	saat	itu	0.053571
mengatakan	saat	kejadian	0.053571
mengatakan	salah	satu	0.900000
mengatakan	sampai	saat	1.000000
mengatakan	sebagian	besar	1.000000
mengatakan	secara	umum	0.600000
mengatakan	sejauh	ini	1.000000
mengatakan	selama	ini	0.500000
mengatakan	telah	menemukan	0.187500
mengatakan	tidak	ada	0.500000
mengawal	kasus	ini	0.750000
mengeluarkan	kata	kata	1.000000
mengeluarkan	pernyataan	yang	0.230769
menghadapi	masalah	yang	0.500000
menghadapi	proses	hukum	0.800000
menghadapi	vietnam	di	1.000000
menghadiri	puncak	peringatan	1.000000
mengingat	peristiwa	yang	0.750000
mengingat	saat	ini	1.000000
mengirimkan	doa	untuk	0.750000
mengumumkan	kenaikan	harga	1.000000
mengumumkan	operasi	militer	1.000000
menilai	dengan	adanya	1.000000
meningkat	baik	dari	1.000000
meningkat	dari	tahun	0.285714
meningkat	dibandingkan	dengan	0.500000
meningkat	lebih	dari	0.666667
menjalankan	tugas	dan	0.333333
menjalankan	tugas	tugas	0.222222
menjalankan	tugasnya	dengan	0.400000
menjalankan	tugasnya	dan	0.300000
menjawab	pertanyaan	itu	0.153846
menjawab	pertanyaan	wartawan	0.153846
menjawab	pertanyaan	dari	0.115385
menjelang	hari	raya	0.750000
menjelang	natal	dan	0.888889
menjelang	tahun	baru	0.750000
menjelaskan	ada	beberapa	0.363636
menjelaskan	apa	yang	0.428571
menjelaskan	bahwa	dia	0.052083
menjelaskan	bahwa	dalam	0.041667
menjelaskan	bahwa	memang	0.041667
menjelaskan	bahwa	dirinya	0.031250
menjelaskan	bahwa	pemerintah	0.031250
menjelaskan	lebih	lanjut	0.777778
menjelaskan	saat	ini	0.692308
menjelaskan	salah	satu	1.000000
menjelaskan	selama	ini	0.750000
menutup	gim	pertama	0.750000
menutup	kemungkinan	akan	0.200000
menyanyi	di	atas	0.750000
menyerap	tenaga	kerja	1.000000
merasa	ada	yang	0.750000
merasa	aman	dan	1.000000
merasa	apa	yang	1.000000
merasa	bahagia	dan	0.500000
merasa	khawatir	dengan	0.428571
merasa	nyaman	dengan	0.625000
merasa	puas	dengan	0.666667
merasa	tak	nyaman	0.333333
merasa	terganggu	dengan	0.750000
merasa	tidak	nyaman	0.178571
merasa	tidak	puas	0.142857
merasa	yakin	dengan	0.750000
merasakan	apa	yang	0.750000
merasakan	hal	yang	0.555556
merata	di	seluruh	0.636364
merebut	gelar	juara	0.500000
merupakan	anak	dari	0.181818
merupakan	anak	perusahaan	0.181818
merupakan	anak	usaha	0.136364
merupakan	ayah	dari	0.600000
merupakan	badan	usaha	0.750000
merupakan	bagian	dari	0.830769
merupakan	buah	yang	0.750000
merupakan	faktor	risiko	0.500000
merupakan	hal	yang	0.480000
merupakan	hal	biasa	0.200000
merupakan	hari	ke	0.600000
merupakan	hasil	dari	0.461538
merupakan	hasil	kerja	0.307692
merupakan	istri	dari	0.428571
merupakan	juara	bertahan	0.750000
merupakan	kali	kedua	0.666667
merupakan	kerja	sama	1.000000
merupakan	ketua	umum	0.600000
merupakan	korban	pembunuhan	0.375000
merupakan	langkah	yang	0.300000
merupakan	makanan	yang	0.600000
merupakan	mantan	ketua	0.187500
merupakan	mantan	kepala	0.187500
merupakan	orang	yang	0.444444
merupakan	pekerjaan	yang	0.600000
merupakan	pelaku	utama	0.375000
merupakan	pemain	yang	0.300000
merupakan	pemimpin	yang	1.000000
merupakan	pertandingan	yang	0.500000
merupakan	pilihan	yang	0.750000
merupakan	program	dari	0.333333
merupakan	rumah	bagi	0.571429
merupakan	salah	satu	0.980676
merupakan	salah	seorang	0.019324
merupakan	satu	satunya	0.193548
merupakan	satu	di	0.129032
merupakan	satu	dari	0.096774
merupakan	satu	keluarga	0.096774
merupakan	sesuatu	yang	1.000000
merupakan	suatu	hal	0.312500
merupakan	suatu	bentuk	0.187500
merupakan	tahun	yang	0.600000
merupakan	tim	yang	0.444444
merupakan	tindak	lanjut	0.909091
merupakan	tulang	punggung	1.000000
merupakan	upaya	untuk	0.235294
merupakan	upaya	pemerintah	0.176471
merupakan	warga	negara	0.294118
merupakan	warga	desa	0.176471
merupakan	wujud	komitmen	0.300000
merupakan	yang	terbesar	0.173913
merupakan	yang	pertama	0.173913
merupakan	yang	kedua	0.173913
merupakan	yang	tertinggi	0.130435
merusak	persatuan	dan	1.000000
meski	begitu	dia	0.100000
meski	begitu	ia	0.077778
meski	begitu	ada	0.033333
meski	begitu	rupanya	0.033333
meski	begitu	tim	0.033333
meski	belum	ada	0.294118
meski	demikian	kata	0.100000
meski	demikian	dia	0.060000
meski	saat	ini	0.857143
meski	tidak	ada	0.352941
mimpi	buruk	bagi	0.375000
minggu	ke	depan	0.875000
minggu	mulai	pukul	0.500000
minggu	sekitar	pukul	0.894737
minggu	september	mulai	0.300000
minggu	yang	lalu	0.500000
minum	air	putih	0.400000
minyak	dan	gas	0.750000
minyak	dunia	yang	0.444444
minyak	goreng	di	0.180905
minyak	goreng	yang	0.060302
minyak	goreng	dan	0.040201
minyak	goreng	ini	0.040201
minyak	goreng	sudah	0.035176
minyak	goreng	dari	0.025126
minyak	goreng	tersebut	0.025126
minyak	goreng	murah	0.025126
minyak	goreng	ke	0.020101
minyak	goreng	sesuai	0.020101
minyak	goreng	satu	0.020101
minyak	goreng	masih	0.020101
minyak	goreng	dalam	0.020101
minyak	goreng	akan	0.015075
minyak	goreng	tidak	0.015075
minyak	goreng	itu	0.015075
minyak	goreng	hingga	0.015075
minyak	goreng	untuk	0.015075
minyak	kayu	putih	1.000000
minyak	makan	merah	0.750000
minyak	mentah	dunia	0.235294
misa	malam	natal	1.000000
mobil	dalam	keadaan	0.500000
mobil	dan	motor	0.176471
mobil	listrik	yang	0.086957
mobil	listrik	dan	0.086957
mobil	listrik	ini	0.086957
mobil	listrik	itu	0.065217
mobil	listrik	di	0.065217
mobil	mewah	yang	0.300000
mobil	pemadam	kebakaran	0.888889
mobil	yang	bisa	0.065217
mobil	yang	sudah	0.065217
modal	dalam	negeri	1.000000
motivasi	kepada	para	0.300000
mudah	dan	cepat	0.350000
murah	minyak	goreng	1.000000
naik	dan	turun	0.384615
naik	daun	di	0.750000
naik	di	atas	0.300000
naik	ke	atas	0.196429
naik	ke	peringkat	0.178571
naik	ke	level	0.107143
naik	ke	posisi	0.089286
naik	ke	puncak	0.071429
naik	poin	atau	0.857143
nama	allah	yang	0.750000
nama	baik	dan	0.193548
nama	ibu	kota	0.857143
nama	korban	meninggal	0.600000
nama	nama	tersebut	0.130435
nama	nama	seperti	0.108696
nama	nama	korban	0.086957
nama	nama	lainnya	0.065217
nama	nama	yang	0.065217
nama	orang	yang	0.666667
nama	pemain	yang	0.666667
nama	yang	akan	0.081081
nama	yang	terpilih	0.081081
namun	ada	beberapa	0.277778
namun	ada	juga	0.194444
namun	alih	alih	1.000000
namun	angka	kematian	0.600000
namun	baru	baru	0.800000
namun	belum	diketahui	0.250000
namun	belum	ada	0.200000
namun	berbeda	dengan	0.500000
namun	dalam	kondisi	0.136364
namun	dari	hasil	0.272727
namun	demikian	ia	0.102564
namun	demikian	kami	0.076923
namun	demikian	kita	0.076923
namun	di	tengah	0.235294
namun	di	sisi	0.176471
namun	di	luar	0.117647
namun	di	babak	0.088235
namun	dia	tidak	0.107143
namun	dia	menolak	0.053571
namun	dia	belum	0.053571
namun	hal	itu	0.406250
namun	hal	tersebut	0.281250
namun	hal	ini	0.250000
namun	hingga	saat	0.388889
namun	hingga	kini	0.222222
namun	hingga	akhir	0.083333
namun	ia	tak	0.084746
namun	ia	tidak	0.067797
namun	ia	juga	0.067797
namun	ia	mengatakan	0.067797
namun	ia	akhirnya	0.050847
namun	itu	bukan	0.333333
namun	jika	anda	0.121212
namun	jika	terjadi	0.090909
namun	juga	bisa	0.088889
namun	juga	untuk	0.066667
namun	kali	ini	1.000000
namun	kami	terus	0.187500
namun	kata	dia	1.000000
namun	kondisi	ini	0.600000
namun	masih	belum	0.238095
namun	masih	ada	0.238095
namun	masih	dalam	0.190476
namun	masih	banyak	0.142857
namun	menurut	dia	0.500000
namun	mereka	juga	0.137931
namun	mereka	tetap	0.103448
namun	mereka	harus	0.103448
namun	meski	begitu	0.333333
namun	pada	akhirnya	0.111111
namun	pada	tanggal	0.111111
namun	perlu	diketahui	0.500000
namun	polisi	tidak	0.375000
namun	saat	ini	0.370370
namun	saat	itu	0.092593
namun	saat	di	0.055556
namun	saat	memasuki	0.055556
namun	salah	satu	1.000000
namun	sampai	saat	0.857143
namun	sebelum	itu	0.272727
namun	secara	umum	0.571429
namun	sejauh	ini	1.000000
namun	sekitar	pukul	0.666667
namun	setelah	itu	0.208333
namun	shin	tae	1.000000
namun	siapa	sangka	0.857143
namun	tak	sedikit	0.136364
namun	tentu	saja	0.500000
namun	terlepas	dari	1.000000
namun	tetap	saja	0.208333
namun	tetap	harus	0.166667
namun	tiba	tiba	1.000000
namun	tidak	ada	0.177419
namun	tidak	diketahui	0.048387
namun	tidak	bisa	0.048387
namun	tidak	berhasil	0.048387
namun	yang	masih	0.103448
namun	yang	pasti	0.103448
nasional	bangga	buatan	1.000000
nasional	dan	cuti	0.181818
nasional	luar	biasa	1.000000
nasional	masuk	perguruan	1.000000
nasional	rata	rata	1.000000
nasional	yang	berasal	0.100000
no	tahun	tentang	0.659091
no	tahun	yang	0.068182
no	way	home	1.000000
nyaman	dan	aman	0.142857
nyaris	tidak	ada	0.428571
oktober	hingga	november	0.625000
oktober	sampai	november	0.571429
oktober	tahun	lalu	0.800000
oleh	anak	anak	0.318182
oleh	anak	bangsa	0.136364
oleh	awak	media	1.000000
oleh	bank	dunia	0.428571
oleh	banyak	orang	0.411765
oleh	banyak	pihak	0.176471
oleh	beberapa	faktor	0.150000
oleh	berbagai	pihak	0.545455
oleh	dua	orang	0.187500
oleh	generasi	muda	0.833333
oleh	gigitan	nyamuk	1.000000
oleh	hal	hal	1.000000
oleh	karena	itu	0.967442
oleh	karena	itulah	0.013953
oleh	kenaikan	harga	0.714286
oleh	kepala	biro	0.181818
oleh	kepala	bidang	0.181818
oleh	kepala	kantor	0.136364
oleh	ketua	umum	0.772727
oleh	korban	yang	0.333333
oleh	kuasa	hukum	1.000000
oleh	lebih	dari	0.600000
oleh	masyarakat	di	0.125000
oleh	masyarakat	yang	0.083333
oleh	masyarakat	dan	0.062500
oleh	masyarakat	melalui	0.062500
oleh	menteri	dalam	0.230769
oleh	mereka	yang	0.600000
oleh	negara	negara	0.214286
oleh	oleh	khas	0.428571
oleh	orang	orang	0.220000
oleh	orang	tua	0.160000
oleh	orang	lain	0.140000
oleh	orang	yang	0.140000
oleh	orang	tuanya	0.120000
oleh	orang	dewasa	0.060000
oleh	para	pelaku	0.166667
oleh	para	pemain	0.092593
oleh	para	pedagang	0.055556
oleh	para	penonton	0.055556
oleh	pasukan	rusia	0.285714
oleh	pasukan	keamanan	0.214286
oleh	pelaku	kata	0.142857
oleh	pemerintah	daerah	0.087719
oleh	pemerintah	pusat	0.087719
oleh	pemerintah	untuk	0.070175
oleh	pemerintah	di	0.070175
oleh	pemerintah	desa	0.052632
oleh	pemerintah	adalah	0.052632
oleh	penjaga	keamanan	1.000000
oleh	perdana	menteri	1.000000
oleh	pihak	keluarga	0.172414
oleh	pihak	sekolah	0.103448
oleh	pihak	yang	0.103448
oleh	pihak	rumah	0.103448
oleh	salah	satu	0.904762
oleh	sang	istri	0.212121
oleh	sang	suami	0.090909
oleh	sebab	itu	1.000000
oleh	seluruh	masyarakat	0.227273
oleh	semua	pihak	0.250000
oleh	seorang	pria	0.130435
oleh	shin	tae	1.000000
oleh	teman	teman	0.700000
oleh	tim	dokter	0.151515
oleh	tim	gabungan	0.121212
oleh	tim	yang	0.090909
oleh	umat	islam	0.750000
oleh	undang	undang	1.000000
oleh	wakil	presiden	0.555556
oleh	warga	sekitar	0.107143
pagi	dan	siang	0.307692
pagi	dan	malam	0.230769
pagi	hari	ini	0.125000
pagi	hari	sekitar	0.075000
pagi	hingga	malam	0.666667
pagi	ini	dengan	0.166667
pagi	sekitar	pukul	1.000000
pahlawan	nasional	yang	0.400000
pakaian	serba	hitam	0.571429
pakaian	serba	putih	0.428571
pakaian	yang	dikenakan	0.235294
pantai	pasir	putih	0.833333
pelajaran	yang	sangat	0.375000
pelatih	asal	korea	0.333333
pelatih	asal	belanda	0.250000
pelatih	asal	jerman	0.166667
pelatih	berusia	tahun	1.000000
pelatih	shin	tae	1.000000
pelatih	tahun	itu	0.750000
pelatih	tim	nasional	0.857143
pemadam	kebakaran	dan	0.259259
pemadam	kebakaran	kota	0.185185
pemberi	bantuan	hukum	1.000000
pembinaan	lebih	lanjut	1.000000
pembunuhan	ibu	dan	0.800000
pembunuhan	itu	terjadi	0.500000
pemilihan	kepala	daerah	0.500000
pemilihan	kepala	desa	0.416667
pemilihan	ketua	umum	0.600000
pemilihan	umum	serentak	0.312500
pemimpin	korea	utara	1.000000
pemindahan	ibu	kota	1.000000
pendapatan	asli	daerah	1.000000
pendapatan	dan	belanja	0.823529
pendarahan	di	bagian	0.500000
penempatan	tenaga	kerja	1.000000
pengalaman	yang	berbeda	0.125000
pengalaman	yang	luar	0.125000
pengetahuan	dan	teknologi	0.454545
penyanyi	tahun	itu	1.000000
penyanyi	tanah	air	1.000000
per	dolar	as	0.933333
per	hari	ini	0.285714
per	hari	dan	0.071429
per	hari	pada	0.071429
per	hari	bisa	0.071429
per	jam	dan	0.428571
per	kg	dan	0.272727
per	malam	dan	0.750000
per	orang	per	0.428571
per	tahun	dengan	0.142857
per	tanggal	oktober	0.333333
peranan	penting	dalam	0.750000
perayaan	hari	suci	0.375000
perayaan	hut	ke	0.583333
perayaan	hut	ri	0.250000
perayaan	natal	di	0.210526
perayaan	natal	dan	0.157895
perayaan	tahun	baru	0.666667
perayaan	ulang	tahun	1.000000
perbincangan	hangat	di	0.500000
percaya	diri	untuk	0.150000
percaya	diri	dengan	0.100000
percaya	diri	dalam	0.075000
percaya	diri	menatap	0.075000
perdana	di	liga	0.300000
perdana	menteri	pm	0.241379
perdana	menteri	inggris	0.137931
perdana	menteri	malaysia	0.120690
perdana	saham	atau	1.000000
perempuan	berusia	tahun	0.866667
perempuan	dan	anak	0.509804
perempuan	dan	perlindungan	0.196078
perempuan	itu	juga	0.272727
perempuan	pertama	di	0.625000
perempuan	pertama	yang	0.375000
perempuan	tahun	itu	0.666667
pergerakan	mahasiswa	islam	1.000000
pergerakan	pesawat	udara	0.571429
periksa	ke	dokter	1.000000
peringatan	hari	ulang	0.264706
peringatan	hari	jadi	0.117647
peringatan	hari	besar	0.088235
peringatan	hut	ke	0.818182
peringatan	keras	kepada	0.750000
peringatan	tahun	baru	0.333333
peringkat	ke	dengan	0.375000
peringkat	kedua	dengan	0.263158
peringkat	kedua	dan	0.157895
peringkat	kelima	dengan	1.000000
peringkat	lima	besar	0.600000
peringkat	tiga	dengan	1.000000
peristiwa	berdarah	itu	0.600000
peristiwa	bermula	ketika	0.800000
peristiwa	ini	terjadi	0.269231
peristiwa	ini	sebagai	0.115385
peristiwa	itu	terjadi	0.543860
peristiwa	itu	bermula	0.052632
peristiwa	tembak	menembak	1.000000
peristiwa	tersebut	terjadi	0.529412
peristiwa	tersebut	kata	0.088235
peristiwa	yang	terjadi	0.523810
perjalanan	dalam	negeri	1.000000
perjalanan	jarak	jauh	0.750000
perjalanan	ke	luar	0.388889
perjalanan	kereta	api	0.800000
perjalanan	luar	negeri	1.000000
perjalanan	menggunakan	ka	0.750000
perkembangan	saat	ini	1.000000
perkembangan	terbaru	kasus	0.750000
perkembangan	yang	ada	0.300000
perlu	anda	ketahui	0.833333
perlu	diketahui	bahwa	0.156250
perlu	diragukan	lagi	0.875000
perlu	kami	sampaikan	0.428571
perlu	kamu	ketahui	0.750000
perlu	khawatir	akan	0.176471
perlu	khawatir	karena	0.176471
perlu	khawatir	jika	0.176471
perlu	menjadi	perhatian	0.692308
perlu	menyadari	bahwa	1.000000
perlu	untuk	melakukan	0.333333
perlu	waktu	untuk	0.750000
permintaan	maaf	itu	0.125000
permintaan	maaf	kepada	0.125000
permohonan	maaf	kepada	0.375000
permohonan	maaf	dari	0.187500
persahabatan	dan	persaudaraan	0.600000
persidangan	di	pengadilan	0.818182
pertandingan	babak	pertama	0.428571
pertandingan	baru	berjalan	0.750000
pertandingan	di	babak	0.235294
pertandingan	di	semua	0.176471
pertandingan	final	piala	0.500000
pertandingan	hari	ini	0.625000
pertandingan	ini	digelar	0.148148
pertandingan	ini	dengan	0.111111
pertandingan	liga	inggris	0.250000
pertandingan	liga	di	0.250000
pertandingan	musim	ini	1.000000
pertandingan	pekan	ke	0.687500
pertandingan	pekan	ketujuh	0.187500
pertandingan	sepak	bola	1.000000
pertandingan	terakhir	mereka	0.166667
pertandingan	terakhir	di	0.166667
pertandingan	tersebut	akan	0.142857
pertandingan	uji	coba	1.000000
pertandingan	yang	digelar	0.090909
pertandingan	yang	sudah	0.068182
pertandingan	yang	berlangsung	0.068182
pertandingan	yang	akan	0.068182
pertandingan	yang	telah	0.068182
pertumbuhan	awan	hujan	1.000000
pertumbuhan	ekonomi	global	0.113636
pertumbuhan	ekonomi	nasional	0.102273
pertumbuhan	ekonomi	di	0.090909
pertumbuhan	ekonomi	yang	0.079545
pertumbuhan	ekonomi	dan	0.068182
pertumbuhan	ekonomi	digital	0.034091
pertumbuhan	ekonomi	pada	0.034091
pertumbuhan	ekonomi	masyarakat	0.034091
pertumbuhan	rata	rata	1.000000
perubahan	apa	pun	1.000000
perubahan	atas	undang	0.833333
perubahan	gaya	hidup	0.857143
perubahan	kedua	atas	1.000000
perubahan	yang	terjadi	0.315789
perusahaan	air	minum	1.000000
perusahaan	minyak	goreng	0.500000
perusahaan	perusahaan	yang	0.250000
perusahaan	perusahaan	besar	0.187500
perusahaan	tambang	yang	0.375000
perusahaan	tidak	akan	0.571429
perusahaan	umum	daerah	1.000000
perusahaan	yang	memberikan	0.056604
perusahaan	yang	sudah	0.056604
perusahaan	yang	bergerak	0.056604
perusahaan	yang	baik	0.056604
petani	dan	nelayan	0.235294
petani	dan	pedagang	0.176471
petani	di	desa	0.714286
pikir	pikir	atas	0.600000
pindah	ke	rumah	0.125000
pindah	ke	sini	0.125000
pinjaman	online	yang	0.375000
pohon	tumbang	di	0.333333
pohon	tumbang	dan	0.111111
polisi	di	rumah	0.277778
polisi	masih	terus	0.500000
polisi	militer	angkatan	1.000000
polisi	pun	langsung	0.333333
polisi	telah	menetapkan	0.285714
polisi	telah	menangkap	0.214286
polisi	tembak	polisi	1.000000
polisi	tidak	mau	0.363636
polisi	yang	menjadi	0.058824
polisi	yang	terlibat	0.058824
polisi	yang	dibuat	0.058824
polisi	yang	berada	0.058824
posisi	bermain	cinta	1.000000
posisi	empat	besar	0.750000
posisi	ke	dengan	0.368421
posisi	kedua	adalah	0.157895
posisi	kedua	dengan	0.157895
posisi	ketiga	dengan	0.250000
posisi	ketiga	pada	0.250000
posisi	mereka	di	0.500000
posisi	pertama	dengan	0.250000
posisi	pertama	dalam	0.250000
posisi	tiga	besar	0.428571
posisi	yang	sama	0.200000
presiden	as	joe	0.750000
presiden	dan	wakil	0.370370
presiden	ke	ri	0.500000
presiden	korea	selatan	1.000000
presiden	mengatakan	bahwa	1.000000
presiden	no	tahun	0.750000
presiden	nomor	tahun	1.000000
presiden	pertama	ri	0.500000
presiden	ri	di	0.096774
program	bantuan	sosial	0.333333
program	bedah	rumah	0.800000
program	dan	kegiatan	0.375000
program	ini	akan	0.083333
program	ini	sangat	0.066667
program	ini	merupakan	0.066667
program	ini	menjadi	0.050000
program	ini	juga	0.050000
program	jaminan	sosial	0.700000
program	jaminan	hari	0.300000
program	jangka	panjang	0.750000
program	keluarga	harapan	1.000000
program	kerja	yang	0.285714
program	minyak	goreng	1.000000
program	padat	karya	0.750000
program	pemerintah	dalam	0.266667
program	pemerintah	yang	0.100000
program	pemulihan	ekonomi	1.000000
program	perlindungan	sosial	0.500000
program	program	yang	0.451613
program	yang	bisa	0.072727
program	yang	sudah	0.072727
program	yang	menjadi	0.054545
program	yang	dijalankan	0.054545
program	yang	telah	0.054545
program	yang	akan	0.054545
pun	ada	yang	0.714286
pun	akan	terus	0.111111
pun	angkat	bicara	1.000000
pun	berharap	agar	0.142857
pun	berterima	kasih	1.000000
pun	buka	suara	1.000000
pun	dan	kapan	0.375000
pun	dibuat	gagal	0.600000
pun	hanya	bisa	0.300000
pun	kata	dia	1.000000
pun	langsung	melakukan	0.111111
pun	langsung	ramai	0.111111
pun	masih	terus	0.142857
pun	memastikan	bahwa	0.500000
pun	meminta	agar	0.200000
pun	meminta	kepada	0.160000
pun	memutuskan	untuk	0.666667
pun	mendapatkan	peluang	0.333333
pun	menegaskan	bahwa	0.461538
pun	mengaku	senang	0.107143
pun	mengaku	bersyukur	0.107143
pun	mengaku	jika	0.107143
pun	menjelaskan	bahwa	0.384615
pun	menyambut	baik	1.000000
pun	menyebut	jika	0.272727
pun	merasa	sangat	0.214286
pun	saat	ini	0.800000
pun	sudah	tidak	0.130435
pun	tak	bisa	0.222222
pun	telah	menyiapkan	0.100000
pun	turun	tangan	0.750000
pun	yang	melakukan	0.076923
puting	beliung	di	0.200000
puting	beliung	yang	0.150000
putus	asa	dan	0.300000
ramah	lingkungan	dan	0.185185
ramah	lingkungan	di	0.111111
ramah	lingkungan	ini	0.111111
ramai	di	media	0.300000
ramai	menjadi	perbincangan	1.000000
rapat	dengar	pendapat	1.000000
rapat	kerja	dengan	0.324324
rapat	kerja	nasional	0.270270
rapat	kerja	bersama	0.162162
rapat	kerja	daerah	0.108108
rapat	umum	pemegang	0.727273
rasa	aman	dan	0.380952
rasa	aman	kepada	0.190476
rasa	aman	bagi	0.142857
rasa	cinta	kepada	0.272727
rasa	cinta	tanah	0.272727
rasa	di	depan	0.583333
rasa	ingin	tahu	1.000000
rasa	percaya	diri	0.666667
rasa	sakit	di	0.230769
rasa	sakit	dan	0.192308
rasa	syukur	atas	0.400000
rasa	tanggung	jawab	1.000000
rasa	terima	kasih	1.000000
rata	dengan	tanah	1.000000
rata	rata	nasional	0.046296
rata	rata	per	0.037037
rata	rata	yang	0.027778
rata	rata	mencapai	0.027778
rata	rata	di	0.027778
rata	rata	masyarakat	0.027778
ratusan	ribu	kali	0.200000
ratusan	rumah	warga	0.571429
remaja	berusia	tahun	1.000000
remaja	tahun	ini	0.750000
rencana	kenaikan	harga	0.800000
rencana	kerja	sama	0.428571
rencana	pembangunan	jangka	0.352941
ribu	dolar	as	0.600000
ribu	orang	dan	0.214286
ribu	per	bulan	0.281250
ribu	per	kg	0.281250
ribu	per	hari	0.093750
ribu	per	orang	0.093750
risiko	lebih	tinggi	0.750000
roda	dua	dan	0.133333
roda	dua	itu	0.100000
roda	empat	atau	0.136364
roda	paling	banyak	1.000000
rusak	akibat	gempa	0.727273
rusak	berat	dan	0.166667
rusak	berat	unit	0.166667
rusak	ringan	unit	0.428571
rutin	dilaksanakan	setiap	0.500000
sains	dan	teknologi	1.000000
sakit	pusat	angkatan	1.000000
sakit	umum	daerah	0.833333
sakit	untuk	mendapatkan	0.375000
sakit	yang	berada	0.200000
saksi	dalam	kasus	0.375000
saksi	dan	korban	0.375000
saksi	dan	saksi	0.093750
saksi	dari	pihak	0.666667
saksi	di	lokasi	0.428571
saksi	saksi	dan	0.277778
saksi	yang	diperiksa	0.272727
saksi	yang	melihat	0.151515
saksi	yang	telah	0.121212
salah	satu	yang	0.052486
salah	satu	upaya	0.036832
salah	satu	dari	0.034070
salah	satu	bentuk	0.023020
salah	satu	cara	0.020258
salah	satu	orang	0.016575
salah	satu	program	0.015654
salah	satu	anggota	0.014733
salah	satu	hal	0.014733
salah	satu	korban	0.013812
salah	satu	pemain	0.013812
salah	satu	warga	0.013812
salah	satu	negara	0.013812
salah	satu	tim	0.012891
salah	satu	penyebab	0.012891
salah	satu	tempat	0.011050
salah	satu	hotel	0.011050
salah	satu	wilayah	0.010129
salah	satu	rumah	0.010129
salah	satu	jenis	0.010129
salah	satu	perusahaan	0.010129
salah	satu	destinasi	0.009208
salah	satu	pilihan	0.009208
salah	satu	faktor	0.009208
salah	satu	alasan	0.009208
salah	satu	artis	0.008287
salah	satu	peserta	0.008287
salah	satu	pelaku	0.008287
salah	satu	pedagang	0.007366
salah	satu	saksi	0.007366
salah	satunya	adalah	0.260317
salah	satunya	dengan	0.114286
salah	satunya	melalui	0.050794
salah	satunya	ialah	0.047619
salah	satunya	karena	0.031746
salah	satunya	di	0.025397
salah	satunya	yang	0.022222
salah	satunya	soal	0.019048
salah	satunya	dalam	0.019048
salah	satunya	saat	0.015873
salah	satunya	dari	0.015873
salah	satunya	ada	0.015873
salah	satunya	untuk	0.012698
salah	satunya	seperti	0.012698
salah	satunya	pada	0.009524
salah	satunya	foto	0.009524
salah	satunya	mengenai	0.009524
salah	sebut	nama	1.000000
salah	seorang	warga	0.250000
salah	seorang	saksi	0.053571
sambungan	video	call	1.000000
se	asia	tenggara	0.750000
sebagaimana	diatur	dalam	0.428571
sebagaimana	diatur	dan	0.428571
sebagaimana	diketahui	bahwa	0.096154
sebagaimana	diketahui	sebelumnya	0.076923
sebagaimana	yang	telah	0.416667
sebaik	baiknya	dan	0.333333
sebaik	baiknya	untuk	0.166667
sebaik	mungkin	dan	0.375000
sebaik	mungkin	untuk	0.375000
sebentar	lagi	akan	0.692308
sedemikian	rupa	sehingga	1.000000
sehari	hari	kata	0.062500
sehari	hari	bahkan	0.046875
sehari	hari	masyarakat	0.046875
sehari	hari	ada	0.046875
sehari	hari	mereka	0.046875
sehari	sebelumnya	yang	0.700000
sehari	sebelumnya	mencapai	0.150000
sehingga	air	tidak	0.750000
sehingga	belum	bisa	0.555556
sehingga	belum	ada	0.333333
sehingga	dapat	menjadi	0.075000
sehingga	dengan	adanya	0.333333
sehingga	dia	berharap	0.187500
sehingga	hal	tersebut	0.375000
sehingga	hal	itu	0.375000
sehingga	kami	harus	0.100000
sehingga	kami	dapat	0.100000
sehingga	ke	depan	0.909091
sehingga	kita	bisa	0.210526
sehingga	mampu	memberikan	0.300000
sehingga	masyarakat	bisa	0.200000
sehingga	masyarakat	dapat	0.200000
sehingga	menjadi	lebih	0.300000
sehingga	mereka	bisa	0.227273
sehingga	mereka	tidak	0.136364
sehingga	mereka	dapat	0.136364
sehingga	orang	tidak	0.666667
sehingga	saat	ini	0.500000
sehingga	tidak	ada	0.184615
sehingga	tidak	bisa	0.092308
sehingga	tidak	perlu	0.061538
sehingga	tidak	menimbulkan	0.061538
sehingga	tidak	terjadi	0.061538
sehingga	tidak	sampai	0.046154
sehingga	tidak	akan	0.046154
sejak	awal	tahun	0.111111
sejak	awal	pertandingan	0.083333
sejak	awal	sudah	0.055556
sejak	awal	di	0.055556
sejak	awal	kami	0.041667
sejak	beberapa	hari	0.238095
sejak	beberapa	tahun	0.238095
sejak	beberapa	bulan	0.238095
sejak	beberapa	waktu	0.142857
sejak	bulan	lalu	0.571429
sejak	dua	tahun	0.625000
sejak	duduk	di	1.000000
sejak	hari	pertama	0.600000
sejak	ia	masih	0.750000
sejak	januari	hingga	0.470588
sejak	januari	di	0.176471
sejak	lama	dan	0.176471
sejak	mei	lalu	0.571429
sejak	menit	awal	0.464286
sejak	menit	pertama	0.392857
sejak	menit	menit	0.107143
sejak	november	lalu	0.428571
sejak	oktober	lalu	0.375000
sejak	pagi	hari	0.285714
sejak	pertama	kali	0.916667
sejak	saat	itu	0.818182
sejak	satu	tahun	1.000000
sejak	tahun	lalu	0.208955
sejak	tahun	hingga	0.089552
sejak	tahun	silam	0.089552
sejak	tahun	dan	0.089552
sejak	tahun	yang	0.059701
sejak	tahun	terakhir	0.059701
sejak	tanggal	november	0.333333
sejak	tiga	hari	0.428571
sejak	usia	muda	0.375000
sekarang	belum	ada	0.583333
sekarang	ini	sedang	0.085106
sekarang	ini	yang	0.063830
sekarang	masih	dalam	0.250000
sekarang	sudah	mulai	0.093750
seks	di	luar	0.500000
seksual	terhadap	anak	0.333333
seksual	terhadap	putri	0.250000
seksual	yang	dilakukan	0.200000
seksual	yang	terjadi	0.200000
sel	sel	tubuh	0.375000
selalu	ada	yang	0.157895
selalu	ada	di	0.157895
selalu	berada	di	0.666667
selalu	bersama	sama	0.500000
selalu	menang	di	0.750000
selalu	menarik	perhatian	1.000000
selalu	menjadi	bagian	0.187500
selalu	saja	ada	0.375000
selama	akhir	pekan	0.750000
selama	beberapa	hari	0.309524
selama	beberapa	tahun	0.238095
selama	beberapa	bulan	0.190476
selama	beberapa	waktu	0.071429
selama	beberapa	jam	0.071429
selama	beberapa	pekan	0.071429
selama	bekerja	di	0.750000
selama	berada	di	1.000000
selama	bertahun	tahun	1.000000
selama	di	bulan	0.250000
selama	dua	tahun	0.411765
selama	dua	hari	0.247059
selama	dua	pekan	0.094118
selama	dua	minggu	0.070588
selama	dua	bulan	0.058824
selama	dua	musim	0.035294
selama	empat	tahun	0.391304
selama	empat	hari	0.304348
selama	empat	bulan	0.130435
selama	enam	bulan	0.600000
selama	hampir	tahun	0.357143
selama	hampir	dua	0.214286
selama	hampir	satu	0.214286
selama	hari	di	0.113636
selama	hari	ke	0.090909
selama	hari	dengan	0.090909
selama	hari	kedepan	0.068182
selama	hari	pertama	0.068182
selama	ini	tidak	0.060606
selama	ini	sudah	0.050505
selama	ini	telah	0.035354
selama	ini	kata	0.035354
selama	ini	menjadi	0.030303
selama	ini	kita	0.030303
selama	ini	di	0.025253
selama	ini	kan	0.025253
selama	ini	masih	0.020202
selama	ini	belum	0.020202
selama	ini	kurang	0.020202
selama	ini	ia	0.020202
selama	ini	dikenal	0.020202
selama	ini	memang	0.020202
selama	ini	adalah	0.020202
selama	ini	selalu	0.020202
selama	ini	dilakukan	0.015152
selama	ini	dianggap	0.015152
selama	ini	saya	0.015152
selama	ini	banyak	0.015152
selama	januari	hingga	0.750000
selama	kurang	lebih	1.000000
selama	lamanya	tahun	0.600000
selama	lebih	dari	0.882353
selama	lima	tahun	0.470588
selama	lima	hari	0.264706
selama	masa	berkabung	0.272727
selama	menit	di	0.190476
selama	musim	ini	0.400000
selama	musim	panas	0.300000
selama	pertandingan	sepak	0.740741
selama	satu	tahun	0.350000
selama	satu	bulan	0.150000
selama	satu	minggu	0.100000
selama	satu	pekan	0.100000
selama	satu	hari	0.075000
selama	satu	jam	0.075000
selama	sembilan	tahun	0.444444
selama	setahun	terakhir	0.400000
selama	tahun	dan	0.102041
selama	tahun	terakhir	0.081633
selama	tahun	ini	0.071429
selama	tahun	penjara	0.071429
selama	tahun	di	0.040816
selama	tahun	kata	0.040816
selama	tahun	itu	0.040816
selama	tahun	bekerja	0.030612
selama	tiga	hari	0.434783
selama	tiga	tahun	0.195652
selama	tiga	bulan	0.152174
selama	tiga	musim	0.065217
selama	tiga	jam	0.065217
selama	tujuh	bulan	0.416667
selama	tujuh	hari	0.333333
selama	x	jam	1.000000
selamat	bertugas	kepada	1.000000
selamat	datang	dan	0.454545
selamat	hari	raya	0.272727
selamat	kepada	para	0.312500
selamat	tahun	baru	1.000000
selamat	ulang	tahun	1.000000
selanjutnya	dibawa	ke	1.000000
selasa	dan	rabu	0.750000
selasa	hari	ini	1.000000
selasa	sekitar	pukul	1.000000
selatan	baru	baru	0.750000
selatan	beberapa	waktu	1.000000
selatan	belum	lama	0.750000
selatan	di	babak	0.333333
selatan	hari	ini	1.000000
selatan	ke	utara	0.571429
selatan	pada	minggu	0.166667
selatan	pada	selasa	0.166667
selatan	pada	rabu	0.125000
selatan	rabu	malam	0.666667
selatan	yoon	suk	1.000000
semakin	baik	dan	0.285714
semakin	banyak	masyarakat	0.081081
semakin	banyak	yang	0.081081
semakin	dekat	dengan	0.300000
semakin	lebih	baik	0.800000
semakin	terbuka	lebar	1.000000
semakin	tidak	menentu	0.600000
seminggu	yang	lalu	1.000000
semoga	bisa	segera	0.166667
semoga	dengan	adanya	0.500000
semoga	ibu	puan	1.000000
semoga	ini	menjadi	0.500000
semoga	ke	depannya	0.571429
semoga	ke	depan	0.428571
semoga	keluarga	yang	1.000000
semoga	kita	bisa	0.333333
semoga	lagu	ini	1.000000
semoga	sehat	selalu	0.750000
semoga	tidak	ada	0.666667
sempat	berada	di	1.000000
sempat	berbincang	dengan	1.000000
sempat	bertanya	kepada	0.500000
sempat	dibawa	ke	0.888889
sempat	dirawat	di	1.000000
sempat	melarikan	diri	1.000000
sempat	membuang	barang	1.000000
sempat	mengalami	kesulitan	0.285714
sempat	pulang	ke	1.000000
sempat	tertinggal	lebih	0.200000
sempat	tertinggal	di	0.200000
semua	berjalan	lancar	0.500000
semua	daerah	di	0.500000
semua	elemen	masyarakat	0.437500
semua	elemen	bangsa	0.187500
semua	elemen	termasuk	0.187500
semua	hal	yang	0.363636
semua	ini	adalah	0.375000
semua	itu	merupakan	0.166667
semua	itu	sudah	0.166667
semua	lapisan	masyarakat	1.000000
semua	orang	yang	0.246575
semua	orang	di	0.082192
semua	orang	bisa	0.068493
semua	orang	memiliki	0.041096
semua	pemain	yang	0.115385
semua	pihak	yang	0.187500
semua	pihak	untuk	0.166667
semua	pihak	dalam	0.072917
semua	pihak	termasuk	0.052083
semua	pihak	bisa	0.041667
semua	pihak	harus	0.041667
semua	pihak	terutama	0.031250
semua	sudah	siap	0.214286
semua	yang	kami	0.108108
semua	yang	terlibat	0.081081
seni	bela	diri	1.000000
seni	dan	budaya	0.600000
senjata	api	dan	0.160000
senjata	api	yang	0.120000
senjata	tajam	dan	0.176471
senjata	tajam	di	0.088235
senjata	tajam	jenis	0.088235
seorang	anak	yang	0.125000
seorang	anak	kecil	0.093750
seorang	ayah	yang	0.500000
seorang	emak	emak	1.000000
seorang	gadis	berusia	0.300000
seorang	ibu	yang	0.250000
seorang	ibu	rumah	0.214286
seorang	ibu	muda	0.107143
seorang	jenderal	rusia	0.600000
seorang	kepala	desa	0.375000
seorang	lelaki	yang	0.750000
seorang	pemuda	yang	0.625000
seorang	pengacara	yang	1.000000
seorang	perempuan	yang	0.312500
seorang	perempuan	bernama	0.187500
seorang	petani	di	0.500000
seorang	polisi	yang	0.428571
seorang	pria	yang	0.264706
seorang	pria	di	0.102941
seorang	pria	bernama	0.073529
seorang	pria	asal	0.058824
seorang	sahabat	yang	0.500000
seorang	saksi	yang	0.363636
seorang	saksi	mata	0.272727
seorang	suami	yang	0.500000
seorang	tentara	rusia	0.333333
seorang	wanita	yang	0.386364
seorang	wanita	berusia	0.068182
seorang	warga	negara	0.166667
seorang	warga	yang	0.133333
sepak	bola	di	0.124088
sepak	bola	liga	0.072993
sepak	bola	dan	0.058394
sepak	bola	dunia	0.051095
sepak	bola	nasional	0.043796
sepak	bola	yang	0.036496
sepak	bola	tanah	0.029197
sepak	bola	paling	0.021898
sepak	bola	terbesar	0.021898
sepak	bola	itu	0.021898
sepak	bola	adalah	0.021898
sepak	bola	asia	0.021898
sepak	bola	putaran	0.021898
sepak	bola	piala	0.021898
sepak	bola	tidak	0.021898
sepasang	suami	istri	1.000000
serah	terima	jabatan	0.529412
serentak	di	seluruh	0.272727
serta	pihak	swasta	0.600000
serta	satu	unit	0.428571
serta	tidak	ada	0.250000
serta	yang	terpenting	0.428571
serupa	di	masa	0.600000
serupa	juga	dilakukan	0.555556
serupa	tak	hanya	1.000000
sesi	ini	sekian	1.000000
sesi	latihan	bebas	0.321429
sesi	latihan	di	0.178571
sesi	latihan	pertama	0.107143
sesi	tanya	jawab	1.000000
set	pertama	dengan	0.428571
shin	tae	yong	0.993243
siang	dan	malam	0.600000
siang	hari	pukul	0.151515
siang	hari	ini	0.151515
siang	harinya	hujan	0.600000
siang	sekitar	pukul	1.000000
siap	mendukung	dan	0.500000
siap	untuk	menerima	0.062500
siapakah	yang	akan	0.600000
sibuk	pagi	dan	1.000000
sidang	di	pengadilan	0.846154
sidang	hari	ini	1.000000
sidang	perdana	kasus	0.400000
sidang	yang	digelar	0.571429
sikap	yang	baik	0.277778
simulasi	yang	dilakukan	1.000000
solo	hari	ini	1.000000
son	ye	jin	1.000000
sosial	beberapa	waktu	1.000000
sosial	dan	lingkungan	0.157895
sosial	dan	politik	0.157895
sosial	dan	ilmu	0.105263
sosial	dan	ekonomi	0.105263
sosial	ekonomi	masyarakat	0.357143
sosial	ekonomi	dan	0.285714
sosial	media	yang	0.115385
sosial	media	dan	0.115385
staf	angkatan	laut	0.521739
staf	angkatan	darat	0.304348
staf	khusus	menteri	0.583333
staf	yang	masih	0.428571
stasiun	luar	angkasa	1.000000
suasana	hati	yang	0.500000
sukses	digelar	di	0.750000
sukses	menjalankan	tugasnya	0.750000
sukses	meraih	gelar	0.444444
suku	bunga	yang	0.138889
suku	bunga	sebesar	0.083333
suku	bunga	as	0.083333
suku	bunga	pinjaman	0.083333
sulit	untuk	mendapatkan	0.103448
sungai	yang	berada	0.272727
tadi	sekitar	pukul	0.800000
tangan	dan	kaki	0.166667
tangan	pelaku	polisi	0.600000
tebing	setinggi	meter	1.000000
telah	beberapa	kali	0.833333
telah	bekerja	sama	0.526316
telah	bekerja	dengan	0.157895
telah	benar	benar	1.000000
telah	berada	di	1.000000
telah	berakhir	pada	0.800000
telah	berbicara	dengan	0.500000
telah	bergabung	dengan	0.600000
telah	berjalan	sejak	0.375000
telah	berjanji	untuk	0.600000
telah	berjuang	untuk	0.375000
telah	berkomunikasi	dengan	0.750000
telah	berlangsung	sejak	0.444444
telah	berulang	kali	0.857143
telah	berusaha	untuk	0.600000
telah	dan	akan	0.750000
telah	diambil	oleh	0.428571
telah	diatur	dalam	0.571429
telah	dibawa	ke	0.666667
telah	dibenarkan	oleh	1.000000
telah	diberikan	selama	0.222222
telah	diberikan	oleh	0.166667
telah	digunakan	oleh	0.272727
telah	dilaksanakan	pada	0.461538
telah	dilakukan	oleh	0.243243
telah	dilakukan	sejak	0.135135
telah	dimulai	sejak	0.400000
telah	dinyatakan	sembuh	0.333333
telah	diserahkan	ke	0.500000
telah	ditemukan	di	0.800000
telah	ditetapkan	sebagai	0.405405
telah	ditetapkan	oleh	0.108108
telah	dua	kali	1.000000
telah	hadir	di	0.333333
telah	kembali	ke	0.500000
telah	lama	menjadi	0.157895
telah	lebih	dulu	0.800000
telah	melakukan	berbagai	0.118421
telah	melakukan	upaya	0.078947
telah	melakukan	persiapan	0.065789
telah	melakukan	tindak	0.065789
telah	melakukan	pemeriksaan	0.052632
telah	melakukan	tindakan	0.039474
telah	melalui	proses	0.333333
telah	melanggar	pasal	0.333333
telah	melaporkan	kasus	0.272727
telah	melarikan	diri	1.000000
telah	memasuki	tahap	0.200000
telah	memberi	saya	0.428571
telah	membuat	surat	0.111111
telah	membuat	keputusan	0.111111
telah	memenuhi	syarat	0.714286
telah	meminta	bantuan	0.285714
telah	memutuskan	untuk	0.600000
telah	menaikkan	harga	0.571429
telah	mencapai	kesepakatan	0.129032
telah	mencapai	tahap	0.096774
telah	menerima	surat	0.263158
telah	menetapkan	lima	0.130435
telah	mengambil	tindakan	0.444444
telah	mengeluarkan	surat	0.250000
telah	mengganggu	rantai	0.500000
telah	mengumpulkan	lebih	0.375000
telah	mengumumkan	bahwa	0.187500
telah	menikah	dengan	0.454545
telah	meninggal	dunia	0.705882
telah	meningkat	menjadi	0.250000
telah	menjadi	salah	0.131148
telah	menjadi	bagian	0.098361
telah	menjadi	korban	0.065574
telah	menjalani	operasi	0.250000
telah	menyampaikan	kepada	0.272727
telah	menyatakan	bahwa	0.375000
telah	menyiapkan	sejumlah	0.153846
telah	menyiapkan	berbagai	0.115385
telah	sampai	di	1.000000
telah	sembuh	dari	0.375000
telah	sepakat	untuk	0.750000
telah	sesuai	dengan	0.800000
telah	terlibat	dalam	0.600000
telah	tersedia	di	0.555556
telah	tiba	di	0.687500
tema	besar	yang	0.750000
tema	kelas	halaman	1.000000
tema	tema	yang	1.000000
teman	atau	keluarga	0.750000
teman	teman	di	0.094595
teman	teman	yang	0.081081
teman	teman	semua	0.067568
teman	teman	korban	0.040541
teman	teman	saya	0.040541
teman	temannya	yang	0.137931
teman	temannya	di	0.103448
tenggara	dengan	kecepatan	1.000000
tenggara	itu	akan	1.000000
tentu	akan	semakin	0.090909
tentu	akan	ada	0.090909
tentu	hal	itu	0.600000
tentu	kami	akan	0.444444
tentu	kita	akan	0.333333
tentu	saja	ini	0.059524
tentu	saja	sangat	0.035714
tentu	saja	dengan	0.035714
tentu	saja	kami	0.035714
tentu	saja	bisa	0.035714
tentu	saja	hal	0.035714
terdiri	dari	dua	0.068627
terdiri	dari	beberapa	0.039216
terdiri	dari	siswa	0.039216
terdiri	dari	mahasiswa	0.039216
terdiri	dari	satu	0.029412
terdiri	dari	tim	0.029412
terdiri	dari	negara	0.029412
terdiri	dari	tiga	0.029412
terdiri	dari	berbagai	0.029412
terhadap	anak	di	0.260870
terhadap	anak	anak	0.217391
terhadap	apa	yang	1.000000
terhadap	dolar	as	0.750000
terhadap	hal	itu	0.428571
terhadap	korban	yang	0.235294
terhadap	masyarakat	yang	0.375000
terhadap	nilai	nilai	1.000000
terhadap	orang	orang	0.416667
terhadap	orang	yang	0.333333
terhadap	para	korban	0.187500
terhadap	perempuan	dan	0.615385
terhadap	pertumbuhan	ekonomi	0.750000
terhadap	pihak	pihak	0.750000
terhadap	sang	istri	0.800000
terhubung	satu	sama	1.000000
terima	kasih	kepada	0.413462
terima	kasih	atas	0.192308
terima	kasih	dan	0.043269
terima	kasih	karena	0.038462
terima	kasih	untuk	0.038462
terima	kasih	banyak	0.033654
terima	kasih	pada	0.033654
terima	kasih	pak	0.024038
terima	kasih	telah	0.024038
terima	kasih	sudah	0.019231
terima	kasih	sekali	0.014423
terima	kasih	yang	0.014423
terjaga	dengan	baik	0.833333
terjebak	di	dalam	0.375000
terlihat	ada	dua	0.500000
terlihat	beberapa	kali	0.428571
terlihat	begitu	seksi	0.300000
terlihat	berada	di	0.750000
terlihat	dan	terdengar	0.600000
terlihat	di	depan	0.073171
terlihat	mengenakan	pakaian	0.428571
terlihat	salah	satu	0.750000
terlihat	semakin	kurus	0.428571
terlihat	seorang	pria	0.800000
tersisa	menit	detik	1.000000
tertinggal	dua	gol	0.600000
tertinggal	lebih	dulu	0.857143
tertinggal	poin	dari	1.000000
tertinggal	satu	gol	1.000000
terus	bekerja	keras	0.461538
terus	berjalan	dan	0.416667
terus	berkembang	dan	0.636364
terus	berkomunikasi	dengan	0.600000
terus	bertambah	dan	0.250000
terus	dilakukan	oleh	0.258065
terus	dilakukan	untuk	0.193548
terus	maju	dan	0.600000
terus	melakukan	penyelidikan	0.125000
terus	memantau	perkembangan	0.333333
terus	mempersiapkan	diri	0.800000
terus	mendorong	agar	0.222222
terus	mendukung	kegiatan	0.300000
terus	mengalami	kenaikan	0.357143
terus	mengalami	peningkatan	0.285714
terus	meningkat	dari	0.120000
terus	meningkat	sehingga	0.120000
terus	meningkat	dan	0.120000
terus	menjadi	perhatian	0.500000
terus	merangkak	naik	1.000000
terutama	anak	anak	0.800000
terutama	dalam	hal	0.190476
terutama	di	wilayah	0.069767
terutama	di	daerah	0.069767
terutama	generasi	muda	0.750000
terutama	mereka	yang	1.000000
terutama	pada	masa	0.187500
tetap	aman	dan	0.428571
tetap	berada	di	0.944444
tetap	berhati	hati	1.000000
tetap	berhubungan	baik	1.000000
tetap	bermain	dengan	0.750000
tetap	bertahan	di	0.400000
tetap	dapat	dilakukan	0.375000
tetap	harus	waspada	0.153846
tetap	melayani	masyarakat	0.750000
tetap	mematuhi	protokol	0.800000
tetap	memperhatikan	protokol	0.428571
tetap	menjaga	protokol	0.263158
tetap	menjaga	semangat	0.210526
tetap	sama	seperti	0.600000
tetap	sehat	dan	0.714286
tetap	semangat	dan	0.230769
tetap	senang	karena	0.750000
tetap	tenang	dan	0.538462
tetap	terjaga	dan	0.400000
tetap	waspada	dan	0.190476
tetap	waspada	terhadap	0.142857
the	baby	alien	1.000000
the	golden	star	1.000000
the	power	of	1.000000
the	queen	s	1.000000
the	way	of	1.000000
tidur	di	atas	0.230769
tidur	di	malam	0.230769
tidur	rumah	sakit	1.000000
tidur	yang	tersedia	0.272727
tiga	anak	ini	0.363636
tiga	anak	itu	0.272727
tiga	angka	dari	0.636364
tiga	atau	empat	0.833333
tiga	bulan	sekali	0.142857
tiga	bulan	terakhir	0.114286
tiga	gim	dan	0.600000
tiga	gol	tanpa	0.210526
tiga	gol	ke	0.157895
tiga	gol	dalam	0.157895
tiga	hal	yang	0.833333
tiga	hari	terakhir	0.089286
tiga	hari	di	0.071429
tiga	hari	setelah	0.071429
tiga	hari	sejak	0.071429
tiga	hari	kemudian	0.053571
tiga	hari	yang	0.053571
tiga	hari	sebelum	0.053571
tiga	hingga	empat	0.800000
tiga	kali	dan	0.175000
tiga	kali	dalam	0.075000
tiga	nama	yang	0.357143
tiga	orang	yang	0.187500
tiga	orang	anak	0.109375
tiga	orang	mengalami	0.046875
tiga	orang	lainnya	0.046875
tiga	pemain	yang	0.272727
tiga	poin	penting	0.092593
tiga	poin	di	0.092593
tiga	poin	pada	0.055556
tiga	poin	ini	0.055556
tiga	poin	untuk	0.055556
tiga	ruang	kelas	1.000000
tiga	tahun	lalu	0.135135
tiga	tahun	terakhir	0.081081
tim	asal	kota	0.300000
tim	besar	yang	0.428571
tim	cepat	menjadi	1.000000
tim	di	lapangan	0.300000
tim	dokter	forensik	0.250000
tim	gabungan	dari	0.206897
tim	gabungan	melakukan	0.103448
tim	gabungan	berhasil	0.103448
tim	khusus	untuk	0.272727
tim	kuasa	hukum	1.000000
tim	lain	yang	0.300000
tim	merah	putih	0.888889
tim	papan	atas	0.857143
tim	penasihat	hukum	1.000000
tim	pencari	fakta	0.750000
tim	pertama	yang	0.714286
tim	reaksi	cepat	1.000000
tim	saling	jual	0.571429
tim	sama	sama	0.900000
tim	sepak	bola	1.000000
tim	terbaik	di	0.333333
tim	terkuat	di	0.666667
tim	tim	yang	0.187500
tim	tuan	rumah	1.000000
tim	yang	telah	0.052632
tim	yang	bagus	0.052632
tim	yang	belum	0.052632
tim	yang	lebih	0.052632
tim	yang	akan	0.042105
tim	yang	lolos	0.031579
tim	yang	sudah	0.031579
tim	yang	ada	0.031579
tinggal	bagaimana	kita	0.750000
tinggal	di	rumah	0.194805
tinggal	di	wilayah	0.038961
tinggal	di	sekitar	0.038961
tinggal	di	sana	0.038961
tingkat	daya	beli	1.000000
tingkat	kematian	yang	0.272727
tingkat	lebih	tinggi	1.000000
tingkat	nasional	dan	0.200000
tingkat	yang	lebih	0.714286
tolak	kenaikan	harga	1.000000
tua	dan	anak	0.176471
tua	yang	memiliki	0.200000
tugasnya	dengan	baik	0.714286
tukang	parkir	yang	0.444444
tukarkan	dengan	hadiah	1.000000
tumbuh	dan	berkembang	0.333333
tumbuh	di	atas	0.285714
tumbuh	sebesar	dibandingkan	0.500000
united	akan	menghadapi	0.500000
united	berada	di	1.000000
united	dengan	skor	0.750000
united	di	liga	0.272727
united	pada	musim	0.500000
unsur	unsur	yang	0.750000
urutan	ke	dengan	0.250000
urutan	ke	dan	0.187500
urutan	kedua	dengan	0.357143
urutan	kedua	ada	0.214286
urutan	keempat	dengan	0.800000
video	beredar	di	0.600000
video	call	dengan	0.500000
video	dan	foto	0.500000
video	dari	youtube	0.625000
video	detik	detik	1.000000
video	di	youtube	0.272727
video	itu	terlihat	0.170213
video	itu	juga	0.063830
video	permintaan	maaf	1.000000
video	singkat	itu	0.444444
video	tersebut	terlihat	0.072727
video	tersebut	telah	0.054545
video	video	tersebut	0.250000
video	yang	beredar	0.333333
video	yang	menunjukkan	0.055556
video	yang	sudah	0.041667
video	yang	diterima	0.041667
wajahnya	yang	cantik	0.600000
wajar	tanpa	pengecualian	1.000000
wajib	lapor	di	0.272727
wajib	lapor	ke	0.272727
wajib	memiliki	pengalaman	0.428571
wajib	menggunakan	aplikasi	1.000000
wakil	ketua	umum	0.550000
wakil	ketua	dewan	0.125000
wakil	ketua	bidang	0.075000
wakil	merah	putih	1.000000
wakil	perdana	menteri	1.000000
wakil	presiden	ma	0.250000
wakil	presiden	ri	0.181818
wakil	rakyat	dan	0.222222
wakil	tuan	rumah	1.000000
warisan	budaya	tak	0.500000
warna	abu	abu	1.000000
warna	biru	dan	0.300000
warna	hitam	dan	0.428571
warna	merah	dan	0.300000
warna	yang	diinginkan	0.230769
west	ham	united	0.388889
x	meter	dengan	0.285714
yang	ada	di	0.697368
yang	ada	dalam	0.030075
yang	ada	pada	0.020677
yang	ada	saat	0.015038
yang	ada	dan	0.011278
yang	ada	untuk	0.009398
yang	ada	hanya	0.009398
yang	ada	kata	0.007519
yang	ada	sekarang	0.007519
yang	ada	selama	0.005639
yang	ada	tentang	0.005639
yang	adil	dan	0.500000
yang	akan	datang	0.082902
yang	akan	menjadi	0.070812
yang	akan	berlangsung	0.043178
yang	akan	digelar	0.043178
yang	akan	dilakukan	0.041451
yang	akan	dilaksanakan	0.025907
yang	akan	digunakan	0.022453
yang	akan	melakukan	0.020725
yang	akan	segera	0.018998
yang	akan	dipilih	0.018998
yang	akan	terjadi	0.018998
yang	akan	diberikan	0.017271
yang	akan	kami	0.013817
yang	akan	membuat	0.013817
yang	akan	kita	0.012090
yang	akan	bertanding	0.012090
yang	akan	masuk	0.010363
yang	akan	diambil	0.010363
yang	akan	mereka	0.008636
yang	akan	mengikuti	0.008636
yang	akan	terus	0.008636
yang	akan	berangkat	0.008636
yang	akan	bergabung	0.008636
yang	akan	tersedia	0.006908
yang	akan	jadi	0.006908
yang	akan	dimulai	0.006908
yang	akan	mendapat	0.006908
yang	akan	dijalankan	0.006908
yang	akan	menggunakan	0.006908
yang	akan	melaksanakan	0.006908
yang	akhir	akhir	1.000000
yang	akhirnya	membuat	0.115385
yang	aktif	dan	0.187500
yang	aktif	di	0.187500
yang	aku	lihat	0.187500
yang	aman	dan	0.444444
yang	ambil	bagian	1.000000
yang	anda	miliki	0.210526
yang	aneh	aneh	0.500000
yang	bagus	dan	0.181818
yang	bagus	untuk	0.159091
yang	baik	dan	0.201005
yang	baik	untuk	0.150754
yang	baik	bagi	0.070352
yang	baik	dengan	0.045226
yang	baik	dari	0.025126
yang	baik	antara	0.025126
yang	baik	sehingga	0.025126
yang	baik	kata	0.025126
yang	baik	agar	0.025126
yang	baik	dalam	0.020101
yang	baik	juga	0.015075
yang	baik	pada	0.015075
yang	baik	karena	0.015075
yang	baik	yang	0.015075
yang	baik	akan	0.015075
yang	baik	atau	0.015075
yang	banyak	dan	0.073171
yang	baru	saja	0.237288
yang	baru	baru	0.039548
yang	baru	pulang	0.028249
yang	baru	untuk	0.028249
yang	baru	dilantik	0.028249
yang	baru	masuk	0.022599
yang	baru	lahir	0.022599
yang	baru	datang	0.016949
yang	baru	meninggal	0.016949
yang	baru	di	0.016949
yang	beberapa	waktu	0.444444
yang	begitu	besar	0.142857
yang	bekerja	di	0.310345
yang	bekerja	sebagai	0.189655
yang	bekerja	sama	0.120690
yang	bekerja	untuk	0.103448
yang	belajar	di	0.600000
yang	belum	pernah	0.087963
yang	belum	memiliki	0.055556
yang	belum	lama	0.046296
yang	belum	diketahui	0.037037
yang	belum	melakukan	0.027778
yang	belum	tahu	0.027778
yang	belum	ditentukan	0.027778
yang	belum	mendapatkan	0.023148
yang	belum	bisa	0.023148
yang	belum	mendaftar	0.018519
yang	belum	vaksin	0.018519
yang	belum	ditemukan	0.018519
yang	belum	dibayar	0.013889
yang	belum	mendapat	0.013889
yang	belum	selesai	0.013889
yang	belum	pulih	0.013889
yang	belum	sempat	0.013889
yang	belum	berakhir	0.013889
yang	belum	mengetahui	0.013889
yang	belum	mampu	0.013889
yang	benar	benar	0.525424
yang	benar	dan	0.118644
yang	benar	untuk	0.067797
yang	berada	di	0.946429
yang	berada	dalam	0.014286
yang	berada	pada	0.010714
yang	berakhir	dengan	0.230769
yang	berakhir	di	0.230769
yang	berangkat	dari	0.350000
yang	berangkat	ke	0.150000
yang	berasal	dari	1.000000
yang	berat	dan	0.230769
yang	berbeda	dari	0.132530
yang	berbeda	dengan	0.108434
yang	berbeda	pada	0.060241
yang	berbeda	untuk	0.048193
yang	berbeda	yang	0.036145
yang	berbeda	dalam	0.036145
yang	berbeda	di	0.036145
yang	berbeda	tetapi	0.036145
yang	berbeda	antara	0.036145
yang	bercampur	dengan	1.000000
yang	berdekatan	dengan	1.000000
yang	berdiri	di	0.368421
yang	berdiri	pada	0.315789
yang	berdiri	sejak	0.157895
yang	beredar	di	0.305085
yang	beredar	luas	0.067797
yang	beredar	itu	0.067797
yang	beredar	tampak	0.050847
yang	berfungsi	untuk	0.454545
yang	berfungsi	sebagai	0.454545
yang	bergantung	pada	1.000000
yang	bergerak	di	0.454545
yang	bergerak	ke	0.121212
yang	bergerak	dalam	0.121212
yang	berguna	untuk	0.666667
yang	berhasil	masuk	0.065217
yang	berhasil	menjadi	0.065217
yang	berhasil	ditangkap	0.065217
yang	berhasil	membuat	0.065217
yang	berhasil	kita	0.065217
yang	berhasil	diselamatkan	0.065217
yang	berhubungan	dengan	0.866667
yang	berisi	uang	0.120000
yang	berjaga	di	0.375000
yang	berkaitan	dengan	0.848485
yang	berkaitan	erat	0.090909
yang	berkembang	di	0.434783
yang	berkembang	bahwa	0.130435
yang	berkumpul	di	0.750000
yang	berlaku	di	0.156863
yang	berlaku	mulai	0.098039
yang	berlaku	kata	0.078431
yang	berlaku	saat	0.078431
yang	berlaku	untuk	0.058824
yang	berlaku	dan	0.058824
yang	berlangsung	di	0.483607
yang	berlangsung	pada	0.098361
yang	berlangsung	selama	0.057377
yang	berlangsung	dari	0.040984
yang	berlangsung	hari	0.040984
yang	berlangsung	sabtu	0.040984
yang	berlangsung	minggu	0.032787
yang	berlangsung	hingga	0.024590
yang	berlangsung	selasa	0.024590
yang	bermain	di	0.360000
yang	bermain	untuk	0.120000
yang	bermanfaat	untuk	0.375000
yang	bermanfaat	bagi	0.375000
yang	bernama	asli	0.214286
yang	beroperasi	di	0.619048
yang	berpengalaman	di	0.625000
yang	berpengaruh	pada	0.600000
yang	berpotensi	terjadi	0.153846
yang	berpotensi	menjadi	0.115385
yang	berpotensi	menimbulkan	0.115385
yang	bersama	sama	0.600000
yang	bersebelahan	dengan	1.000000
yang	bersih	dan	0.636364
yang	bertanggung	jawab	1.000000
yang	bertentangan	dengan	0.857143
yang	bertugas	di	0.568182
yang	bertugas	sebagai	0.136364
yang	bertugas	untuk	0.090909
yang	bertujuan	untuk	0.692308
yang	berulang	tahun	0.444444
yang	berulang	kali	0.333333
yang	berusia	tahun	0.681818
yang	besar	untuk	0.125000
yang	besar	dan	0.125000
yang	besar	dengan	0.053571
yang	betul	betul	0.875000
yang	biasa	digunakan	0.176471
yang	biasa	menggunakan	0.117647
yang	biasa	disebut	0.117647
yang	biasa	dipanggil	0.088235
yang	biasa	dipakai	0.088235
yang	biasanya	hanya	0.108108
yang	bisa	dilakukan	0.103152
yang	bisa	membantu	0.048711
yang	bisa	anda	0.037249
yang	bisa	menjadi	0.034384
yang	bisa	kita	0.034384
yang	bisa	digunakan	0.031519
yang	bisa	kamu	0.031519
yang	bisa	menyebabkan	0.025788
yang	bisa	dipakai	0.020057
yang	bisa	jadi	0.020057
yang	bisa	membuat	0.020057
yang	bisa	kami	0.017192
yang	bisa	dimainkan	0.011461
yang	bisa	saya	0.011461
yang	bisa	dikatakan	0.011461
yang	bisa	meningkatkan	0.011461
yang	bisa	diberikan	0.011461
yang	bisa	kalian	0.008596
yang	bisa	dibawa	0.008596
yang	bisa	dijadikan	0.008596
yang	bisa	memberikan	0.008596
yang	bisa	diambil	0.008596
yang	bisa	masuk	0.008596
yang	buruk	dan	0.173913
yang	cantik	dan	0.444444
yang	cepat	dan	0.263158
yang	cocok	untuk	0.545455
yang	cocok	bagi	0.136364
yang	cukup	tinggi	0.130653
yang	cukup	besar	0.110553
yang	cukup	panjang	0.070352
yang	cukup	untuk	0.055276
yang	cukup	baik	0.045226
yang	cukup	lama	0.045226
yang	cukup	banyak	0.040201
yang	cukup	dan	0.030151
yang	cukup	menarik	0.030151
yang	cukup	berat	0.025126
yang	cukup	parah	0.025126
yang	cukup	kuat	0.020101
yang	cukup	jauh	0.020101
yang	cukup	luas	0.015075
yang	cukup	berarti	0.015075
yang	cukup	unik	0.015075
yang	cukup	rumit	0.015075
yang	dalam	kondisi	0.150000
yang	dapat	anda	0.055215
yang	dapat	digunakan	0.055215
yang	dapat	dilakukan	0.055215
yang	dapat	membantu	0.055215
yang	dapat	memberikan	0.036810
yang	dapat	membahayakan	0.036810
yang	dapat	menyebabkan	0.030675
yang	dapat	mempengaruhi	0.030675
yang	dapat	menimbulkan	0.024540
yang	dapat	dipilih	0.024540
yang	dapat	mengancam	0.024540
yang	dapat	mengganggu	0.018405
yang	dapat	membuat	0.018405
yang	dapat	memudahkan	0.018405
yang	dapat	dijadikan	0.018405
yang	dapat	kalian	0.018405
yang	dari	luar	0.444444
yang	datang	ke	0.284314
yang	datang	dari	0.176471
yang	datang	dan	0.039216
yang	datang	bersama	0.029412
yang	datang	langsung	0.029412
yang	dekat	dengan	0.733333
yang	demikian	itu	0.333333
yang	di	dalamnya	0.104651
yang	di	luar	0.069767
yang	di	mana	0.046512
yang	di	lakukan	0.046512
yang	di	atas	0.046512
yang	di	depannya	0.034884
yang	di	buat	0.034884
yang	dia	miliki	0.096154
yang	dia	buat	0.057692
yang	diadakan	di	0.388889
yang	diambil	dari	0.227273
yang	diambil	oleh	0.090909
yang	diambil	pemerintah	0.068182
yang	diambil	secara	0.068182
yang	dianggap	telah	0.078947
yang	dianggap	tidak	0.078947
yang	diatur	dalam	0.571429
yang	dibawa	oleh	0.240000
yang	dibawa	kabur	0.120000
yang	diberi	nama	0.454545
yang	diberikan	oleh	0.194969
yang	diberikan	kepada	0.144654
yang	diberikan	dalam	0.031447
yang	diberikan	pemerintah	0.025157
yang	diberikan	kepadanya	0.025157
yang	diberikan	untuk	0.025157
yang	diberikan	di	0.018868
yang	diberikan	ini	0.018868
yang	diberikan	dapat	0.018868
yang	diberikan	masyarakat	0.018868
yang	diberikan	dari	0.018868
yang	diberikan	sangat	0.018868
yang	diberikan	tersebut	0.018868
yang	diberikan	padanya	0.018868
yang	dibuat	oleh	0.242424
yang	dibuat	dengan	0.075758
yang	dibuat	dan	0.045455
yang	dibuat	dari	0.045455
yang	dibuka	pada	0.230769
yang	diciptakan	oleh	0.625000
yang	diduga	sebagai	0.074380
yang	diduga	melakukan	0.074380
yang	diduga	dilakukan	0.066116
yang	diduga	menjadi	0.066116
yang	diduga	terlibat	0.049587
yang	diduga	merupakan	0.049587
yang	diduga	telah	0.033058
yang	diduga	digunakan	0.033058
yang	diduga	kuat	0.024793
yang	diduga	pelaku	0.024793
yang	digelar	di	0.431138
yang	digelar	pada	0.143713
yang	digelar	oleh	0.065868
yang	digelar	untuk	0.029940
yang	digelar	secara	0.029940
yang	digelar	mulai	0.017964
yang	digelar	sejak	0.017964
yang	digelar	sabtu	0.017964
yang	digunakan	untuk	0.296875
yang	digunakan	oleh	0.140625
yang	digunakan	dalam	0.054688
yang	digunakan	sebagai	0.054688
yang	digunakan	pelaku	0.046875
yang	digunakan	adalah	0.039062
yang	digunakan	di	0.031250
yang	digunakan	saat	0.023438
yang	digunakan	pada	0.023438
yang	digunakan	tidak	0.023438
yang	digunakan	para	0.023438
yang	diharapkan	dapat	0.375000
yang	dihasilkan	oleh	0.289474
yang	dihasilkan	dari	0.131579
yang	diikuti	oleh	0.406250
yang	diikuti	seluruh	0.093750
yang	dijadikan	tempat	0.400000
yang	dijalankan	oleh	0.333333
yang	dijual	di	0.450000
yang	dijual	oleh	0.150000
yang	dikelilingi	oleh	1.000000
yang	dikeluarkan	oleh	0.444444
yang	dikenakan	oleh	0.176471
yang	dikenal	sebagai	0.320000
yang	dikenal	dengan	0.300000
yang	dikenal	karena	0.060000
yang	diketahui	bernama	0.222222
yang	diketahui	adalah	0.066667
yang	diketahui	juga	0.066667
yang	diketahui	akan	0.066667
yang	diketuai	oleh	0.714286
yang	dikirim	ke	0.315789
yang	dilaksanakan	di	0.301587
yang	dilaksanakan	oleh	0.174603
yang	dilaksanakan	pada	0.126984
yang	dilaksanakan	secara	0.063492
yang	dilaksanakan	setiap	0.047619
yang	dilakukan	oleh	0.306878
yang	dilakukan	pada	0.052910
yang	dilakukan	secara	0.044974
yang	dilakukan	di	0.039683
yang	dilakukan	untuk	0.031746
yang	dilakukan	dengan	0.023810
yang	dilakukan	para	0.018519
yang	dilakukan	pemerintah	0.018519
yang	dilakukan	pelaku	0.015873
yang	dilakukan	saat	0.015873
yang	dilakukan	dari	0.013228
yang	dilakukan	adalah	0.010582
yang	dilakukan	terhadap	0.010582
yang	dilakukan	dalam	0.010582
yang	dilakukan	seorang	0.007937
yang	dilakukan	selama	0.007937
yang	dilakukan	tim	0.007937
yang	dilakukan	setiap	0.007937
yang	dilakukan	rusia	0.007937
yang	dilakukan	sejumlah	0.007937
yang	dilakukan	akan	0.007937
yang	dilakukan	gus	0.007937
yang	dilakukan	kata	0.007937
yang	dilaporkan	oleh	0.157895
yang	dilaporkan	ke	0.131579
yang	dilaporkan	telah	0.078947
yang	dilengkapi	dengan	0.642857
yang	dilihat	di	0.333333
yang	dilindungi	oleh	0.600000
yang	dimaksudkan	untuk	1.000000
yang	dimasukkan	ke	0.750000
yang	dimiliki	oleh	0.456140
yang	dimulai	dari	0.333333
yang	dimulai	sejak	0.166667
yang	dimulai	pada	0.166667
yang	dinyatakan	positif	0.181818
yang	dipakai	untuk	0.173913
yang	dipasang	di	0.538462
yang	diperiksa	oleh	0.166667
yang	diperlukan	untuk	0.406250
yang	diperlukan	dalam	0.093750
yang	diperlukan	oleh	0.093750
yang	dipilih	oleh	0.150000
yang	dirancang	untuk	0.333333
yang	dirancang	khusus	0.200000
yang	dirawat	di	0.588235
yang	disebabkan	oleh	0.800000
yang	disebut	sebut	0.145833
yang	disebut	dengan	0.125000
yang	disebut	sebagai	0.125000
yang	disediakan	oleh	0.375000
yang	disediakan	untuk	0.125000
yang	diserahkan	oleh	0.176471
yang	disiarkan	di	0.272727
yang	disimpan	di	0.500000
yang	disukai	oleh	0.500000
yang	ditangkap	polisi	0.200000
yang	ditangkap	di	0.120000
yang	ditangkap	pada	0.120000
yang	ditawarkan	oleh	0.121212
yang	ditawarkan	pada	0.090909
yang	ditempatkan	di	0.571429
yang	ditemukan	di	0.270833
yang	ditemukan	pada	0.083333
yang	ditemukan	warga	0.062500
yang	ditemukan	tak	0.062500
yang	diterima	di	0.258427
yang	diterima	oleh	0.101124
yang	diterima	dari	0.056180
yang	diterima	sabtu	0.033708
yang	diterima	minggu	0.033708
yang	diterima	pos	0.033708
yang	diterima	tidak	0.033708
yang	ditetapkan	oleh	0.244898
yang	ditetapkan	pemerintah	0.102041
yang	ditetapkan	sebagai	0.102041
yang	ditetapkan	pada	0.081633
yang	ditetapkan	untuk	0.061224
yang	ditinggalkan	diberikan	0.263158
yang	ditulis	oleh	0.250000
yang	ditunjukkan	dengan	0.333333
yang	duduk	di	0.894737
yang	enak	dan	0.357143
yang	enak	ini	0.285714
yang	fokus	pada	0.666667
yang	hadir	dalam	0.206897
yang	hadir	di	0.195402
yang	hadir	secara	0.068966
yang	hadir	pada	0.045977
yang	hadir	untuk	0.034483
yang	hadir	pun	0.034483
yang	hadir	langsung	0.034483
yang	hancur	akibat	0.428571
yang	hanya	bisa	0.166667
yang	hanyut	di	0.428571
yang	hari	ini	0.714286
yang	harus	dilakukan	0.148148
yang	harus	kita	0.074074
yang	harus	dipenuhi	0.058201
yang	harus	dimiliki	0.047619
yang	harus	diselesaikan	0.042328
yang	harus	dijaga	0.037037
yang	harus	menjadi	0.031746
yang	harus	terus	0.031746
yang	harus	dikeluarkan	0.026455
yang	harus	mereka	0.026455
yang	harus	dicapai	0.021164
yang	harus	segera	0.021164
yang	harus	saya	0.015873
yang	harus	bisa	0.015873
yang	harus	diperbaiki	0.015873
yang	harus	kehilangan	0.015873
yang	harus	kami	0.015873
yang	harus	dibayar	0.015873
yang	harus	bertanggung	0.015873
yang	harus	di	0.015873
yang	hendak	melakukan	0.102564
yang	hendak	melahirkan	0.076923
yang	hendak	ke	0.076923
yang	hidup	di	0.500000
yang	hingga	kini	0.444444
yang	hingga	saat	0.444444
yang	ia	alami	0.095238
yang	ia	miliki	0.063492
yang	ia	lakukan	0.063492
yang	ia	buat	0.047619
yang	ia	dapatkan	0.047619
yang	ia	terima	0.047619
yang	ikut	dalam	0.128205
yang	ikut	membantu	0.076923
yang	ikut	serta	0.076923
yang	ingin	menjadi	0.047619
yang	ingin	mendapatkan	0.040816
yang	ingin	bergabung	0.034014
yang	ingin	anda	0.034014
yang	ingin	membeli	0.027211
yang	ingin	dicapai	0.027211
yang	ingin	melakukan	0.020408
yang	ingin	menikmati	0.020408
yang	ingin	kita	0.020408
yang	ingin	masuk	0.020408
yang	ingin	kamu	0.020408
yang	itu	itu	0.333333
yang	jadi	perhatian	0.161290
yang	jadi	korban	0.129032
yang	jatuh	pada	0.483871
yang	jatuh	di	0.161290
yang	jatuh	sakit	0.096774
yang	jauh	lebih	0.500000
yang	jauh	dari	0.266667
yang	jelas	dan	0.089286
yang	jelas	kami	0.053571
yang	jelas	kita	0.053571
yang	juga	ketua	0.109434
yang	juga	merupakan	0.067925
yang	juga	menjadi	0.041509
yang	juga	dikenal	0.026415
yang	juga	anggota	0.022642
yang	juga	wakil	0.022642
yang	juga	telah	0.018868
yang	juga	turut	0.015094
yang	juga	akan	0.015094
yang	juga	sebagai	0.015094
yang	juga	seorang	0.015094
yang	juga	mengalami	0.015094
yang	juga	di	0.015094
yang	juga	mantan	0.015094
yang	juga	menteri	0.015094
yang	juga	disebut	0.011321
yang	juga	berada	0.011321
yang	juga	sudah	0.011321
yang	juga	membutuhkan	0.011321
yang	juga	masih	0.011321
yang	juga	diduga	0.011321
yang	juga	kepala	0.011321
yang	juga	terus	0.011321
yang	juga	berfungsi	0.011321
yang	juga	sempat	0.011321
yang	jumlahnya	mencapai	0.200000
yang	kali	ini	0.875000
yang	kami	lakukan	0.123711
yang	kami	miliki	0.113402
yang	kami	terima	0.092784
yang	kami	harapkan	0.072165
yang	kami	lihat	0.041237
yang	kami	sediakan	0.030928
yang	kami	dapatkan	0.030928
yang	kamu	miliki	0.136364
yang	kaya	akan	0.500000
yang	ke	tahun	0.295455
yang	ke	di	0.068182
yang	ke	yang	0.068182
yang	ke	pada	0.068182
yang	ke	ini	0.068182
yang	kedua	adalah	0.152174
yang	kedua	pada	0.065217
yang	keluar	dari	0.409091
yang	kembali	dari	0.375000
yang	kemudian	menjadi	0.179487
yang	kerap	digunakan	0.128205
yang	kerap	terjadi	0.128205
yang	kerap	kali	0.076923
yang	ketiga	kalinya	0.235294
yang	kini	tengah	0.101852
yang	kini	telah	0.092593
yang	kini	sudah	0.083333
yang	kini	sedang	0.055556
yang	kini	berusia	0.046296
yang	kini	jadi	0.037037
yang	kini	menjadi	0.037037
yang	kini	masih	0.027778
yang	kita	lakukan	0.108911
yang	kita	miliki	0.079208
yang	kita	harapkan	0.059406
yang	kita	ketahui	0.059406
yang	kita	cintai	0.049505
yang	kita	terima	0.039604
yang	kita	kenal	0.029703
yang	kita	tidak	0.029703
yang	kita	punya	0.029703
yang	kita	lihat	0.029703
yang	kuat	dan	0.189873
yang	kuat	untuk	0.126582
yang	kuat	dengan	0.063291
yang	kuat	di	0.050633
yang	kuat	dari	0.050633
yang	kuat	pada	0.037975
yang	kurang	mampu	0.140000
yang	kurang	menguntungkan	0.120000
yang	kurang	baik	0.080000
yang	kurang	jelas	0.060000
yang	kurang	lebih	0.060000
yang	lahir	pada	0.387097
yang	lahir	di	0.225806
yang	lahir	dari	0.096774
yang	lain	kata	0.074074
yang	lain	seperti	0.061728
yang	lain	yang	0.049383
yang	lain	dan	0.049383
yang	lain	lain	0.037037
yang	lain	terutama	0.037037
yang	lain	untuk	0.037037
yang	lain	bisa	0.037037
yang	lalu	dan	0.150000
yang	lalu	saya	0.100000
yang	lama	dan	0.333333
yang	lari	ke	0.750000
yang	layak	untuk	0.148148
yang	layak	dan	0.111111
yang	layak	dari	0.111111
yang	lebih	baik	0.216036
yang	lebih	besar	0.100223
yang	lebih	tinggi	0.082405
yang	lebih	luas	0.040089
yang	lebih	banyak	0.024499
yang	lebih	cepat	0.024499
yang	lebih	rendah	0.022272
yang	lebih	mudah	0.017817
yang	lebih	kuat	0.017817
yang	lebih	murah	0.017817
yang	lebih	kecil	0.015590
yang	lebih	muda	0.013363
yang	lebih	dulu	0.013363
yang	lebih	parah	0.013363
yang	lebih	dalam	0.011136
yang	lebih	baru	0.011136
yang	lebih	ketat	0.011136
yang	lebih	panjang	0.011136
yang	lebih	dari	0.011136
yang	lebih	aman	0.011136
yang	lebih	lama	0.011136
yang	lebih	penting	0.008909
yang	lebih	maju	0.008909
yang	lebih	ramah	0.008909
yang	lebih	menarik	0.008909
yang	lebih	segar	0.006682
yang	lebih	sedikit	0.006682
yang	lebih	cerah	0.006682
yang	lebih	lemah	0.006682
yang	lebih	sulit	0.006682
yang	lolos	ke	0.411765
yang	lolos	dari	0.176471
yang	luar	biasa	0.987342
yang	luas	di	0.187500
yang	luas	dengan	0.187500
yang	lucu	yang	0.375000
yang	luka	luka	0.600000
yang	maha	kuasa	0.888889
yang	maju	dan	0.500000
yang	mampu	bertahan	0.086207
yang	mampu	membuat	0.086207
yang	mampu	menciptakan	0.051724
yang	mampu	membantu	0.051724
yang	mampu	menghasilkan	0.051724
yang	mampu	memberikan	0.051724
yang	mana	di	0.092593
yang	mana	saat	0.055556
yang	masih	belum	0.071130
yang	masih	dalam	0.054393
yang	masih	berusia	0.050209
yang	masih	dirawat	0.041841
yang	masih	di	0.029289
yang	masih	ada	0.029289
yang	masih	berada	0.020921
yang	masih	duduk	0.020921
yang	masih	hidup	0.020921
yang	masih	bisa	0.016736
yang	masih	muda	0.016736
yang	masih	menjalani	0.012552
yang	masih	dibawah	0.012552
yang	masih	kecil	0.012552
yang	masih	menjadi	0.012552
yang	masih	berlangsung	0.012552
yang	masih	akan	0.012552
yang	masih	berumur	0.012552
yang	masih	sangat	0.012552
yang	masih	bertahan	0.012552
yang	masih	rendah	0.012552
yang	masuk	ke	0.297297
yang	masuk	dalam	0.198198
yang	masuk	daftar	0.054054
yang	masuk	top	0.036036
yang	masuk	hanya	0.027027
yang	masuk	di	0.027027
yang	melakukan	perjalanan	0.100000
yang	melakukan	kegiatan	0.080000
yang	melakukan	pelanggaran	0.060000
yang	melakukan	tindakan	0.060000
yang	melakukan	kekerasan	0.060000
yang	melanggar	aturan	0.421053
yang	melarikan	diri	1.000000
yang	melebihi	ambang	0.750000
yang	melibatkan	dua	0.068182
yang	melihat	dan	0.150000
yang	melihat	kejadian	0.150000
yang	memakan	korban	0.625000
yang	memang	sudah	0.130435
yang	memang	harus	0.086957
yang	memasuki	masa	0.333333
yang	memberikan	kesan	0.083333
yang	membesarkan	namanya	1.000000
yang	membuat	mereka	0.063492
yang	membuat	masyarakat	0.055556
yang	membuat	para	0.047619
yang	membuat	kita	0.039683
yang	membuat	dirinya	0.039683
yang	membuat	saya	0.039683
yang	membuat	kami	0.023810
yang	membuat	dia	0.023810
yang	membuat	wanita	0.023810
yang	membuatnya	terlihat	0.125000
yang	memenuhi	syarat	0.684211
yang	memilih	untuk	0.400000
yang	memiliki	potensi	0.037037
yang	memiliki	kemampuan	0.037037
yang	memiliki	nama	0.026455
yang	memiliki	nilai	0.021164
yang	memiliki	masalah	0.021164
yang	memiliki	sifat	0.021164
yang	memiliki	anak	0.021164
yang	memiliki	banyak	0.021164
yang	memiliki	hubungan	0.021164
yang	memiliki	wilayah	0.015873
yang	memiliki	harga	0.015873
yang	memiliki	ciri	0.015873
yang	memiliki	risiko	0.015873
yang	memiliki	prestasi	0.015873
yang	memiliki	kebiasaan	0.015873
yang	memintanya	untuk	0.750000
yang	memutuskan	untuk	0.333333
yang	menandakan	bahwa	1.000000
yang	menarik	untuk	0.187500
yang	menarik	dari	0.166667
yang	menarik	perhatian	0.104167
yang	menarik	di	0.104167
yang	menarik	dan	0.062500
yang	mencapai	orang	0.363636
yang	mencapai	juta	0.181818
yang	menceritakan	tentang	0.500000
yang	mencoba	untuk	0.272727
yang	mendalam	bagi	0.222222
yang	mendalam	atas	0.166667
yang	mendalam	dan	0.166667
yang	mendalam	di	0.166667
yang	mendapatkan	penghargaan	0.111111
yang	mendapatkan	undangan	0.111111
yang	menelan	korban	0.375000
yang	menelan	biaya	0.375000
yang	menerima	penghargaan	0.200000
yang	menerima	laporan	0.160000
yang	menewaskan	orang	0.212121
yang	menewaskan	seorang	0.151515
yang	menewaskan	dua	0.090909
yang	mengaku	sebagai	0.125000
yang	mengalami	kecelakaan	0.135593
yang	mengalami	luka	0.135593
yang	mengalami	cedera	0.101695
yang	mengalami	kesulitan	0.067797
yang	mengalami	kenaikan	0.067797
yang	mengalami	masalah	0.050847
yang	mengalami	peningkatan	0.050847
yang	mengandung	unsur	0.166667
yang	mengangkat	tema	0.555556
yang	mengarah	ke	0.636364
yang	mengarah	pada	0.181818
yang	mengatakan	bahwa	0.482759
yang	mengatur	mengenai	0.214286
yang	mengenakan	baju	0.250000
yang	mengenakan	pakaian	0.250000
yang	mengganggu	dan	0.600000
yang	menggunakan	bahan	0.096774
yang	menggunakan	teknologi	0.096774
yang	mengikuti	program	0.217391
yang	mengikuti	kegiatan	0.130435
yang	menimpa	korban	0.190476
yang	menimpa	rumah	0.142857
yang	meninggal	dunia	0.471429
yang	meninggal	di	0.042857
yang	meninggal	dalam	0.042857
yang	meninggal	itu	0.042857
yang	meninggal	bertambah	0.042857
yang	meninggal	kembali	0.042857
yang	meninggal	sebanyak	0.042857
yang	menjadi	korban	0.093117
yang	menjadi	target	0.044534
yang	menjadi	perhatian	0.040486
yang	menjadi	salah	0.036437
yang	menjadi	tempat	0.028340
yang	menjadi	juara	0.024291
yang	menjadi	pusat	0.020243
yang	menjadi	penyebab	0.020243
yang	menjadi	alasan	0.020243
yang	menjadi	pilihan	0.016194
yang	menjadi	bagian	0.016194
yang	menjadi	sasaran	0.016194
yang	menjadi	satu	0.016194
yang	menjadi	lokasi	0.016194
yang	menjadi	lawan	0.012146
yang	menjadi	potensi	0.012146
yang	menjadi	titik	0.012146
yang	menjadi	tujuan	0.012146
yang	menjadi	kunci	0.012146
yang	menjadi	fokus	0.012146
yang	menjadi	dasar	0.012146
yang	menjual	minyak	0.187500
yang	menunjukkan	bahwa	0.210526
yang	menurut	kami	0.142857
yang	menutupi	badan	0.600000
yang	menyaksikan	kejadian	0.600000
yang	menyatakan	bahwa	0.419355
yang	menyebabkan	kematian	0.056604
yang	menyebabkan	gangguan	0.056604
yang	menyebut	dirinya	0.150000
yang	menyebutkan	bahwa	0.500000
yang	menyenangkan	bagi	0.277778
yang	meraih	kemenangan	0.235294
yang	mereka	lakukan	0.130435
yang	mereka	miliki	0.108696
yang	mereka	sebut	0.054348
yang	mereka	alami	0.054348
yang	mereka	dapatkan	0.032609
yang	mereka	buat	0.032609
yang	merujuk	pada	1.000000
yang	merupakan	warga	0.071713
yang	merupakan	mantan	0.039841
yang	merupakan	bagian	0.039841
yang	merupakan	anak	0.039841
yang	merupakan	salah	0.039841
yang	merupakan	seorang	0.019920
yang	merupakan	lokasi	0.019920
yang	merupakan	anggota	0.015936
yang	merupakan	ketua	0.015936
yang	merupakan	sebuah	0.011952
yang	merupakan	suami	0.011952
yang	merupakan	kerja	0.011952
yang	merupakan	daerah	0.011952
yang	merupakan	ibu	0.011952
yang	merupakan	istri	0.011952
yang	merupakan	rumah	0.011952
yang	merupakan	pemilik	0.011952
yang	merupakan	atlet	0.011952
yang	merupakan	program	0.011952
yang	merupakan	pelaku	0.011952
yang	merupakan	satu	0.011952
yang	merupakan	putri	0.011952
yang	merupakan	layanan	0.011952
yang	merupakan	puncak	0.011952
yang	mirip	dengan	0.500000
yang	mudah	dan	0.161290
yang	mudah	terbakar	0.129032
yang	mulai	meningkat	0.138889
yang	mulai	berlaku	0.083333
yang	muncul	di	0.281250
yang	muncul	dari	0.125000
yang	mungkin	terjadi	0.166667
yang	mungkin	tidak	0.104167
yang	mungkin	bisa	0.104167
yang	naik	ke	0.176471
yang	nanti	akan	0.500000
yang	nyaman	dan	0.571429
yang	pada	saat	0.263158
yang	pada	tahun	0.263158
yang	pada	akhirnya	0.263158
yang	padat	penduduk	0.333333
yang	paling	banyak	0.112676
yang	paling	penting	0.098592
yang	paling	sering	0.051643
yang	paling	utama	0.032864
yang	paling	tepat	0.032864
yang	paling	mudah	0.028169
yang	paling	tinggi	0.028169
yang	paling	terkenal	0.028169
yang	paling	umum	0.028169
yang	paling	hebat	0.018779
yang	paling	membutuhkan	0.014085
yang	paling	kuat	0.014085
yang	paling	dicintai	0.014085
yang	paling	cocok	0.014085
yang	paling	menarik	0.014085
yang	paling	sesuai	0.014085
yang	panjang	dan	0.176471
yang	parah	dan	0.428571
yang	pas	untuk	0.266667
yang	pas	dengan	0.200000
yang	penasaran	dengan	0.400000
yang	penasaran	berikut	0.200000
yang	penting	untuk	0.102041
yang	penting	adalah	0.061224
yang	penting	tidak	0.061224
yang	penuh	dengan	0.263158
yang	perlu	dilakukan	0.127660
yang	perlu	diketahui	0.127660
yang	perlu	kita	0.127660
yang	perlu	anda	0.063830
yang	perlu	diperbaiki	0.063830
yang	perlu	kami	0.063830
yang	perlu	menjadi	0.063830
yang	pernah	ada	0.108108
yang	pernah	menjadi	0.081081
yang	pernah	terjadi	0.054054
yang	pernah	jadi	0.040541
yang	pernah	kita	0.040541
yang	pernah	saya	0.040541
yang	pertama	kali	0.218750
yang	pertama	adalah	0.125000
yang	pertama	di	0.072917
yang	pertama	kalinya	0.041667
yang	pertama	sejak	0.031250
yang	pertama	untuk	0.031250
yang	po	han	1.000000
yang	positif	untuk	0.111111
yang	positif	ini	0.111111
yang	puas	dengan	0.750000
yang	putus	sekolah	0.333333
yang	ramah	lingkungan	0.625000
yang	ramah	dan	0.187500
yang	ramai	di	0.500000
yang	rata	rata	1.000000
yang	rusak	akibat	0.266667
yang	rusak	berat	0.100000
yang	saat	ini	0.753623
yang	saat	itu	0.224638
yang	salah	satunya	0.281250
yang	salah	satu	0.093750
yang	salah	dari	0.093750
yang	saling	menguntungkan	0.250000
yang	sama	dengan	0.093617
yang	sama	tahun	0.076596
yang	sama	di	0.055319
yang	sama	juga	0.051064
yang	sama	seperti	0.042553
yang	sama	untuk	0.042553
yang	sama	sama	0.042553
yang	sama	dan	0.042553
yang	sama	sekali	0.025532
yang	sama	kata	0.021277
yang	sama	saat	0.021277
yang	sama	dalam	0.021277
yang	sama	yang	0.017021
yang	sama	pada	0.017021
yang	sama	kepala	0.017021
yang	sama	sebagai	0.012766
yang	sampai	saat	0.312500
yang	sampai	sekarang	0.187500
yang	sangat	baik	0.129630
yang	sangat	besar	0.092593
yang	sangat	penting	0.080247
yang	sangat	tinggi	0.046296
yang	sangat	bagus	0.037037
yang	sangat	sulit	0.018519
yang	sangat	berat	0.018519
yang	sangat	indah	0.015432
yang	sangat	positif	0.015432
yang	sangat	tidak	0.012346
yang	sangat	kecil	0.012346
yang	sangat	terkenal	0.012346
yang	sangat	kuat	0.012346
yang	sangat	mudah	0.012346
yang	sangat	buruk	0.012346
yang	sangat	cepat	0.009259
yang	sangat	berharga	0.009259
yang	sangat	ia	0.009259
yang	sangat	berpengaruh	0.009259
yang	sangat	dekat	0.009259
yang	sangat	panjang	0.009259
yang	sangat	tegas	0.009259
yang	sangat	serius	0.009259
yang	sangat	murah	0.009259
yang	satu	ini	0.650000
yang	saya	miliki	0.080645
yang	saya	lihat	0.064516
yang	saya	rasakan	0.064516
yang	saya	lakukan	0.064516
yang	saya	tahu	0.048387
yang	saya	tidak	0.048387
yang	saya	bisa	0.048387
yang	saya	inginkan	0.048387
yang	sayang	untuk	0.750000
yang	sebagian	besar	0.666667
yang	sebelumnya	sempat	0.076923
yang	sebelumnya	tidak	0.076923
yang	sebelumnya	telah	0.076923
yang	sebelumnya	sudah	0.076923
yang	sebelumnya	daerah	0.061538
yang	sebelumnya	dilakukan	0.046154
yang	sebenarnya	tidak	0.157895
yang	sebentar	lagi	1.000000
yang	sebesar	juta	0.800000
yang	secara	khusus	0.120000
yang	secara	langsung	0.120000
yang	secara	terang	0.120000
yang	sedang	berlangsung	0.103226
yang	sedang	dalam	0.045161
yang	sedang	menjalani	0.038710
yang	sedang	terjadi	0.038710
yang	sedang	berada	0.038710
yang	sedang	melakukan	0.032258
yang	sedang	sakit	0.032258
yang	sedang	bekerja	0.025806
yang	sedang	dijalankan	0.025806
yang	sedang	mencari	0.019355
yang	sedang	asyik	0.019355
yang	sedang	menunggu	0.019355
yang	sedang	terbaring	0.019355
yang	sedang	tidak	0.019355
yang	sedang	hangat	0.019355
yang	sedang	bertugas	0.019355
yang	sedang	berjalan	0.019355
yang	sehari	hari	0.714286
yang	sehat	dan	0.346154
yang	sekarang	ini	0.176471
yang	sekarang	sudah	0.117647
yang	selama	ini	0.920000
yang	semakin	meningkat	0.117647
yang	semakin	kuat	0.078431
yang	semakin	tinggi	0.078431
yang	semakin	maju	0.078431
yang	semakin	tidak	0.058824
yang	sembuh	dari	0.407407
yang	sembuh	sebanyak	0.296296
yang	semuanya	adalah	0.300000
yang	seperti	itu	0.600000
yang	sering	disebut	0.147059
yang	sering	digunakan	0.117647
yang	serius	dan	0.230769
yang	sesuai	dengan	0.612903
yang	setiap	hari	0.500000
yang	siap	untuk	0.181818
yang	sudah	ada	0.045113
yang	sudah	lama	0.033835
yang	sudah	ditetapkan	0.031955
yang	sudah	dilakukan	0.030075
yang	sudah	kita	0.022556
yang	sudah	memiliki	0.020677
yang	sudah	ditentukan	0.018797
yang	sudah	mendapatkan	0.015038
yang	sudah	di	0.015038
yang	sudah	masuk	0.015038
yang	sudah	tidak	0.015038
yang	sudah	berjalan	0.013158
yang	sudah	menjadi	0.013158
yang	sudah	memberikan	0.011278
yang	sudah	kami	0.011278
yang	sudah	melakukan	0.011278
yang	sudah	selesai	0.011278
yang	sudah	terjadi	0.011278
yang	sudah	disediakan	0.011278
yang	sudah	jadi	0.011278
yang	sudah	mulai	0.011278
yang	sudah	berlangsung	0.011278
yang	sudah	pernah	0.009398
yang	sudah	siap	0.009398
yang	sudah	lebih	0.009398
yang	sudah	terbangun	0.009398
yang	sudah	peduli	0.009398
yang	sudah	dibuat	0.009398
yang	sudah	tua	0.007519
yang	sudah	sangat	0.007519
yang	sulit	karena	0.166667
yang	sungguh	sungguh	0.600000
yang	tahu	persis	0.130435
yang	tahun	ini	0.714286
yang	tak	bisa	0.094828
yang	tak	lain	0.068966
yang	tak	kenal	0.043103
yang	tak	kalah	0.043103
yang	tak	hanya	0.034483
yang	tak	pernah	0.034483
yang	tak	lagi	0.025862
yang	tak	perlu	0.025862
yang	tak	biasa	0.025862
yang	tampil	di	0.263158
yang	tangguh	dan	0.625000
yang	tegas	dan	0.500000
yang	telah	ditetapkan	0.059497
yang	telah	dilakukan	0.048055
yang	telah	diberikan	0.038902
yang	telah	ditentukan	0.034325
yang	telah	melakukan	0.025172
yang	telah	memberikan	0.022883
yang	telah	bekerja	0.018307
yang	telah	menjadi	0.016018
yang	telah	menerima	0.016018
yang	telah	memiliki	0.016018
yang	telah	disediakan	0.013730
yang	telah	dilaksanakan	0.013730
yang	telah	menikah	0.013730
yang	telah	berhasil	0.013730
yang	telah	mereka	0.011442
yang	telah	di	0.011442
yang	telah	memenuhi	0.011442
yang	telah	terjadi	0.011442
yang	telah	berjalan	0.011442
yang	telah	ia	0.011442
yang	telah	meninggal	0.009153
yang	telah	lama	0.009153
yang	telah	dia	0.009153
yang	telah	ditandatangani	0.009153
yang	telah	membantu	0.009153
yang	telah	kami	0.009153
yang	telah	berlangsung	0.009153
yang	telah	diatur	0.006865
yang	telah	diterima	0.006865
yang	telah	memasuki	0.006865
yang	tengah	melakukan	0.085106
yang	tengah	menjalani	0.063830
yang	tengah	terjadi	0.063830
yang	tengah	berjaga	0.063830
yang	tentu	saja	0.571429
yang	tentunya	akan	0.272727
yang	tepat	untuk	0.329670
yang	tepat	dan	0.098901
yang	tepat	bagi	0.054945
yang	tepat	pada	0.043956
yang	tepat	dalam	0.032967
yang	terbaik	untuk	0.273810
yang	terbaik	di	0.142857
yang	terbaik	dan	0.083333
yang	terbaik	dalam	0.047619
yang	terbaik	dari	0.047619
yang	terbaik	yang	0.035714
yang	terbaik	dengan	0.035714
yang	terbaik	aja	0.035714
yang	terbaik	bagi	0.035714
yang	terbakar	di	0.166667
yang	terbaru	adalah	0.285714
yang	terbesar	di	0.307692
yang	terbesar	dari	0.230769
yang	terbuka	untuk	0.363636
yang	terbuka	dan	0.272727
yang	terbukti	melakukan	0.375000
yang	terdapat	di	0.379310
yang	terdapat	dalam	0.310345
yang	terdapat	pada	0.137931
yang	terdiri	dari	0.907407
yang	terdiri	atas	0.074074
yang	terhubung	ke	0.600000
yang	terjadi	di	0.352941
yang	terjadi	pada	0.169935
yang	terjadi	dalam	0.032680
yang	terjadi	saat	0.029412
yang	terjadi	adalah	0.022876
yang	terjadi	dengan	0.016340
yang	terjadi	antara	0.016340
yang	terjadi	secara	0.013072
yang	terjadi	selama	0.013072
yang	terjadi	merupakan	0.013072
yang	terjadi	ketika	0.013072
yang	terjadi	beberapa	0.013072
yang	terjadi	kata	0.013072
yang	terjadi	karena	0.009804
yang	terjadi	akibat	0.009804
yang	terjadi	tersebut	0.009804
yang	terjadi	hari	0.009804
yang	terjadi	tak	0.009804
yang	terjebak	di	0.428571
yang	terkenal	dengan	0.217391
yang	terlalu	tinggi	0.150000
yang	terletak	di	0.934783
yang	terlibat	dalam	0.423729
yang	terlibat	kecelakaan	0.067797
yang	terlibat	di	0.067797
yang	terlihat	di	0.106383
yang	terlihat	dari	0.085106
yang	terlihat	sangat	0.085106
yang	terlihat	pada	0.085106
yang	terluka	dalam	0.214286
yang	termasuk	dalam	0.470588
yang	ternyata	sangat	0.240000
yang	ternyata	menjadi	0.120000
yang	tersebar	di	0.869048
yang	tersebar	pada	0.035714
yang	tersedia	di	0.400000
yang	tersedia	pada	0.100000
yang	tersisa	di	0.285714
yang	tertinggi	dalam	0.250000
yang	tertinggi	sejak	0.250000
yang	tertulis	di	0.428571
yang	terus	meningkat	0.180000
yang	terus	bertambah	0.080000
yang	tewas	dalam	0.235294
yang	tewas	di	0.176471
yang	tiba	di	0.388889
yang	tiba	tiba	0.388889
yang	tidak	bisa	0.063872
yang	tidak	sesuai	0.045908
yang	tidak	memiliki	0.043912
yang	tidak	dapat	0.043912
yang	tidak	diinginkan	0.039920
yang	tidak	pernah	0.035928
yang	tidak	kalah	0.027944
yang	tidak	diketahui	0.019960
yang	tidak	hanya	0.015968
yang	tidak	biasa	0.015968
yang	tidak	mudah	0.015968
yang	tidak	ada	0.015968
yang	tidak	mau	0.013972
yang	tidak	baik	0.013972
yang	tidak	menentu	0.013972
yang	tidak	boleh	0.011976
yang	tidak	jauh	0.011976
yang	tidak	memenuhi	0.011976
yang	tidak	terlalu	0.011976
yang	tidak	mampu	0.009980
yang	tidak	ingin	0.009980
yang	tidak	pantas	0.009980
yang	tidak	sedikit	0.009980
yang	tidak	bertanggung	0.007984
yang	tidak	benar	0.007984
yang	tidak	dikenal	0.007984
yang	tidak	menggunakan	0.007984
yang	tidak	terima	0.007984
yang	tidak	jelas	0.007984
yang	tidak	perlu	0.007984
yang	tinggal	di	0.787879
yang	tinggal	bersama	0.060606
yang	tinggi	dan	0.154930
yang	tinggi	untuk	0.084507
yang	tinggi	sehingga	0.056338
yang	tinggi	di	0.042254
yang	tinggi	dalam	0.042254
yang	tinggi	dari	0.042254
yang	tumbang	di	0.375000
yang	tumbuh	di	0.363636
yang	turun	di	0.222222
yang	turun	ke	0.148148
yang	turun	dari	0.111111
yang	turut	serta	0.214286
yang	turut	hadir	0.178571
yang	unik	dan	0.357143
yang	wajib	anda	0.130435
