a	auf	die	0.600000
a	bis	z	0.750000
a	in	richtung	0.400000
a	in	der	0.250000
a	und	a	0.250000
a	und	b	0.150000
a	und	die	0.150000
abend	des	mai	0.428571
abend	in	der	0.500000
abend	um	uhr	0.714286
abhängig	von	der	0.600000
abschied	von	der	0.300000
agentur	für	arbeit	0.625000
agentur	in	berlin	0.500000
aktien	der	gesellschaft	0.600000
alexander	van	der	1.000000
alle	aus	dem	0.750000
alle	details	zum	0.500000
alle	die	sich	0.212121
alle	drei	jahre	0.130435
alle	fans	des	0.428571
alle	hände	voll	1.000000
alle	in	die	0.176471
alle	infos	zum	0.400000
alle	menschen	die	0.300000
alle	spiele	der	0.333333
alle	vier	jahre	0.307692
alle	wichtigen	infos	0.444444
alle	zwei	jahre	0.666667
allein	für	die	0.625000
allein	im	jahr	0.214286
allein	im	vergangenen	0.214286
allein	in	den	0.343750
allein	in	der	0.281250
allein	in	diesem	0.093750
als	alternative	zu	0.500000
als	antwort	auf	0.500000
als	auch	in	0.152632
als	auch	die	0.115789
als	auch	der	0.089474
als	auch	im	0.073684
als	auch	das	0.063158
als	auch	bei	0.052632
als	auch	auf	0.042105
als	auch	mit	0.042105
als	auch	für	0.036842
als	auch	fans	0.015789
als	auch	den	0.015789
als	auch	an	0.015789
als	auch	von	0.015789
als	auf	der	0.375000
als	bei	den	0.285714
als	bei	der	0.190476
als	besonders	gefährlich	0.600000
als	bisher	angenommen	0.227273
als	das	team	0.063830
als	das	was	0.063830
als	das	spiel	0.063830
als	der	mann	0.083333
als	der	hälfte	0.041667
als	der	markt	0.041667
als	die	hälfte	0.198675
als	die	polizei	0.039735
als	die	beamten	0.019868
als	die	beiden	0.019868
als	die	letzten	0.019868
als	die	anderen	0.019868
als	die	die	0.019868
als	die	kinder	0.019868
als	doppelt	so	1.000000
als	ein	jahr	0.169811
als	ein	dutzend	0.075472
als	ein	viertel	0.056604
als	eine	der	0.266667
als	eine	art	0.150000
als	eine	million	0.100000
als	eine	von	0.066667
als	einem	jahr	0.705882
als	einen	der	0.400000
als	einer	der	0.812500
als	eines	der	0.692308
als	er	die	0.102041
als	er	von	0.071429
als	er	den	0.051020
als	er	im	0.051020
als	er	sich	0.051020
als	er	am	0.040816
als	er	das	0.040816
als	er	in	0.040816
als	er	mit	0.040816
als	er	selbst	0.030612
als	er	gerade	0.030612
als	er	als	0.030612
als	er	es	0.030612
als	ersatz	für	0.538462
als	es	zu	0.111111
als	es	um	0.083333
als	folge	der	0.333333
als	für	die	0.272727
als	grund	für	0.545455
als	gäbe	es	1.000000
als	hobby	und	0.750000
als	hätte	er	0.444444
als	ich	die	0.076923
als	ich	noch	0.076923
als	ich	mich	0.057692
als	ich	in	0.057692
als	im	jahr	0.236364
als	im	vergangenen	0.072727
als	im	gleichen	0.054545
als	in	den	0.315789
als	in	der	0.263158
als	in	anderen	0.105263
als	in	die	0.052632
als	in	früheren	0.052632
als	jahre	lang	0.166667
als	jahren	ist	0.107143
als	je	zuvor	0.800000
als	jeder	andere	0.600000
als	jemals	zuvor	1.000000
als	jemand	der	1.000000
als	kleines	mädchen	0.428571
als	leiter	der	0.400000
als	leiter	des	0.300000
als	man	denkt	0.214286
als	menschen	getötet	0.100000
als	menschen	wurden	0.100000
als	milliarden	euro	0.571429
als	millionen	menschen	0.304348
als	millionen	euro	0.304348
als	millionen	us	0.130435
als	mitglied	der	0.714286
als	nachfolger	von	0.600000
als	noch	im	0.440000
als	noch	vor	0.200000
als	nur	eine	0.200000
als	nur	ein	0.200000
als	ob	die	0.157895
als	ob	sie	0.157895
als	prozent	der	0.387097
als	reaktion	auf	0.714286
als	sich	der	0.250000
als	sich	die	0.200000
als	sich	das	0.150000
als	sie	im	0.066667
als	sie	den	0.066667
als	sie	sich	0.066667
als	sie	die	0.040000
als	sie	es	0.040000
als	sie	ihr	0.040000
als	sie	ihre	0.040000
als	sohn	eines	0.600000
als	stunden	nach	0.428571
als	teil	der	0.428571
als	teil	des	0.238095
als	trainer	bei	0.300000
als	ursache	des	0.600000
als	vermisst	gemeldet	0.800000
als	viele	andere	0.571429
als	vor	einem	0.421053
als	vorbild	für	0.500000
als	vorsitzender	der	0.454545
als	vorsitzender	des	0.272727
als	wenn	er	0.375000
als	zehn	jahren	0.272727
als	zehn	prozent	0.136364
als	zehn	jahre	0.136364
als	zeichen	der	0.500000
als	zwei	stunden	0.250000
als	zwei	wochen	0.125000
als	zwei	jahre	0.125000
als	zwei	monate	0.093750
als	zwei	millionen	0.093750
also	auch	nicht	0.115385
also	auch	in	0.115385
also	dass	die	0.214286
also	ein	sehr	0.272727
also	habe	ich	1.000000
also	in	der	0.285714
also	in	einem	0.214286
also	in	den	0.214286
also	mehr	als	0.750000
also	nicht	nur	0.135135
also	nicht	mehr	0.135135
also	um	die	0.333333
also	vor	der	0.375000
am	abend	des	0.104478
am	abend	der	0.059701
am	abend	zuvor	0.044776
am	abend	mit	0.044776
am	abend	auf	0.044776
am	anderen	ende	1.000000
am	anfang	war	0.085714
am	april	in	0.145455
am	august	gegen	0.050000
am	august	eine	0.050000
am	august	mit	0.050000
am	august	bei	0.050000
am	bahnhof	in	0.312500
am	besten	zu	0.074627
am	besten	im	0.044776
am	dezember	in	0.130435
am	dezember	um	0.086957
am	dezember	gegen	0.043478
am	dienstag	in	0.086022
am	dienstag	mit	0.053763
am	dienstag	den	0.039427
am	dienstag	bei	0.032258
am	dienstag	wird	0.028674
am	dienstag	gegen	0.025090
am	dienstag	und	0.025090
am	dienstag	im	0.025090
am	dienstag	nach	0.025090
am	dienstag	die	0.021505
am	dienstag	eine	0.021505
am	dienstag	uhr	0.017921
am	dienstag	um	0.017921
am	dienstag	september	0.017921
am	dienstag	war	0.014337
am	dienstag	ein	0.014337
am	dienstag	von	0.014337
am	dienstag	bekannt	0.014337
am	dienstag	mai	0.014337
am	dienstag	auf	0.014337
am	dienstag	zu	0.010753
am	dienstag	märz	0.010753
am	dienstag	august	0.010753
am	dienstag	dem	0.010753
am	dienstag	hat	0.010753
am	dienstag	soll	0.010753
am	dienstag	am	0.010753
am	dienstag	einen	0.010753
am	donnerstag	in	0.107143
am	donnerstag	mit	0.053571
am	donnerstag	im	0.042857
am	donnerstag	die	0.042857
am	donnerstag	bei	0.035714
am	donnerstag	juni	0.028571
am	donnerstag	gegen	0.028571
am	donnerstag	wird	0.028571
am	donnerstag	auf	0.028571
am	donnerstag	uhr	0.025000
am	donnerstag	eine	0.025000
am	donnerstag	dezember	0.021429
am	donnerstag	und	0.021429
am	donnerstag	oktober	0.017857
am	donnerstag	um	0.017857
am	donnerstag	nach	0.017857
am	donnerstag	noch	0.017857
am	donnerstag	dem	0.017857
am	donnerstag	ist	0.014286
am	donnerstag	ein	0.014286
am	donnerstag	januar	0.010714
am	donnerstag	werden	0.010714
am	donnerstag	wurde	0.010714
am	donnerstag	zur	0.010714
am	donnerstag	vor	0.010714
am	donnerstag	april	0.010714
am	donnerstag	mai	0.010714
am	donnerstag	september	0.010714
am	donnerstag	nicht	0.010714
am	eigenen	leib	0.500000
am	ende	der	0.077966
am	ende	des	0.074576
am	ende	war	0.033898
am	ende	mit	0.030508
am	ende	auch	0.027119
am	ende	ist	0.020339
am	ende	ein	0.020339
am	ende	aber	0.020339
am	ende	die	0.020339
am	ende	in	0.016949
am	ende	eines	0.016949
am	ende	noch	0.016949
am	ende	von	0.013559
am	ende	dann	0.013559
am	ende	auf	0.013559
am	ende	für	0.013559
am	ende	nur	0.013559
am	ende	ihres	0.010169
am	ende	kam	0.010169
am	ende	kann	0.010169
am	ende	waren	0.010169
am	ende	doch	0.010169
am	ende	nicht	0.010169
am	ersten	tag	0.545455
am	februar	im	0.129032
am	februar	um	0.064516
am	freitag	in	0.086567
am	freitag	mit	0.047761
am	freitag	den	0.032836
am	freitag	bei	0.029851
am	freitag	gegen	0.029851
am	freitag	und	0.026866
am	freitag	auf	0.026866
am	freitag	im	0.026866
am	freitag	dezember	0.023881
am	freitag	wird	0.023881
am	freitag	september	0.020896
am	freitag	hatte	0.020896
am	freitag	april	0.020896
am	freitag	ein	0.020896
am	freitag	november	0.017910
am	freitag	wurde	0.014925
am	freitag	märz	0.014925
am	freitag	von	0.014925
am	freitag	noch	0.014925
am	freitag	der	0.014925
am	freitag	die	0.014925
am	freitag	vor	0.011940
am	freitag	oktober	0.011940
am	freitag	uhr	0.011940
am	freitag	juni	0.011940
am	freitag	über	0.011940
am	freitag	beim	0.011940
am	freitag	mai	0.011940
am	freitag	am	0.008955
am	freitag	um	0.008955
am	frühen	abend	0.346154
am	frühen	nachmittag	0.307692
am	frühen	morgen	0.269231
am	heutigen	samstag	0.173913
am	heutigen	freitag	0.130435
am	heutigen	dienstag	0.130435
am	heutigen	donnerstag	0.130435
am	januar	in	0.137931
am	januar	um	0.068966
am	januar	wird	0.051724
am	juli	in	0.105263
am	juli	um	0.070175
am	juli	im	0.070175
am	juli	wurde	0.052632
am	juli	mit	0.052632
am	juni	in	0.107143
am	juni	im	0.071429
am	juni	um	0.053571
am	juni	wird	0.053571
am	juni	mit	0.053571
am	kopf	und	0.250000
am	kopf	verletzt	0.250000
am	leben	zu	0.333333
am	letzten	sonntag	0.190476
am	letzten	wochenende	0.190476
am	letzten	tag	0.190476
am	mai	war	0.084746
am	mai	in	0.067797
am	mai	die	0.050847
am	mai	wird	0.050847
am	mittwoch	in	0.108974
am	mittwoch	mit	0.070513
am	mittwoch	im	0.035256
am	mittwoch	den	0.032051
am	mittwoch	die	0.028846
am	mittwoch	vor	0.025641
am	mittwoch	september	0.022436
am	mittwoch	zu	0.022436
am	mittwoch	auf	0.022436
am	mittwoch	juni	0.019231
am	mittwoch	wird	0.019231
am	mittwoch	uhr	0.016026
am	mittwoch	das	0.016026
am	mittwoch	november	0.016026
am	mittwoch	der	0.016026
am	mittwoch	ein	0.012821
am	mittwoch	hat	0.012821
am	mittwoch	hatte	0.012821
am	mittwoch	ist	0.012821
am	mittwoch	wurde	0.012821
am	mittwoch	gegen	0.012821
am	mittwoch	einen	0.012821
am	mittwoch	von	0.012821
am	mittwoch	um	0.012821
am	mittwoch	august	0.009615
am	mittwoch	soll	0.009615
am	mittwoch	eine	0.009615
am	mittwoch	unter	0.009615
am	mittwoch	dem	0.009615
am	mittwoch	dezember	0.009615
am	montag	in	0.113712
am	montag	mit	0.070234
am	montag	gegen	0.030100
am	montag	im	0.026756
am	montag	vor	0.023411
am	montag	und	0.020067
am	montag	eine	0.020067
am	montag	auf	0.020067
am	montag	mai	0.016722
am	montag	dezember	0.016722
am	montag	hatte	0.016722
am	montag	wird	0.016722
am	montag	zu	0.016722
am	montag	an	0.016722
am	montag	von	0.016722
am	montag	hat	0.013378
am	montag	oktober	0.013378
am	montag	den	0.013378
am	montag	soll	0.013378
am	montag	bekannt	0.013378
am	montag	der	0.013378
am	montag	bei	0.013378
am	montag	die	0.013378
am	montag	januar	0.013378
am	montag	ein	0.010033
am	montag	war	0.010033
am	montag	will	0.010033
am	montag	wurde	0.010033
am	montag	zwar	0.010033
am	montag	juli	0.010033
am	morgen	des	0.135135
am	morgen	wird	0.108108
am	märz	in	0.141026
am	märz	um	0.064103
am	nachmittag	mit	0.068182
am	november	in	0.128571
am	november	um	0.071429
am	november	ein	0.057143
am	november	im	0.042857
am	nächsten	tag	0.413793
am	nächsten	morgen	0.172414
am	oktober	in	0.095890
am	oktober	um	0.054795
am	oktober	wird	0.041096
am	ort	des	0.750000
am	platz	der	0.375000
am	rand	des	0.500000
am	s	bahnhof	1.000000
am	samstag	in	0.088398
am	samstag	mit	0.044199
am	samstag	gegen	0.038674
am	samstag	und	0.030387
am	samstag	uhr	0.027624
am	samstag	september	0.024862
am	samstag	im	0.024862
am	samstag	die	0.022099
am	samstag	bei	0.022099
am	samstag	beim	0.022099
am	samstag	den	0.019337
am	samstag	oktober	0.016575
am	samstag	august	0.016575
am	samstag	um	0.016575
am	samstag	ein	0.016575
am	samstag	auf	0.016575
am	samstag	november	0.013812
am	samstag	wird	0.013812
am	samstag	als	0.013812
am	samstag	für	0.013812
am	samstag	nach	0.013812
am	samstag	auch	0.011050
am	samstag	juli	0.011050
am	samstag	von	0.011050
am	samstag	april	0.011050
am	samstag	dem	0.011050
am	samstag	ist	0.011050
am	samstag	noch	0.011050
am	samstag	wieder	0.011050
am	samstag	das	0.011050
am	see	und	0.187500
am	selben	tag	0.800000
am	september	im	0.087500
am	september	bei	0.075000
am	september	in	0.050000
am	september	am	0.037500
am	september	die	0.037500
am	september	auf	0.037500
am	sonntag	in	0.068657
am	sonntag	uhr	0.062687
am	sonntag	mit	0.035821
am	sonntag	im	0.032836
am	sonntag	die	0.029851
am	sonntag	um	0.029851
am	sonntag	august	0.023881
am	sonntag	gegen	0.023881
am	sonntag	oktober	0.023881
am	sonntag	einen	0.020896
am	sonntag	märz	0.020896
am	sonntag	april	0.017910
am	sonntag	den	0.017910
am	sonntag	von	0.017910
am	sonntag	bei	0.014925
am	sonntag	ist	0.014925
am	sonntag	war	0.014925
am	sonntag	auf	0.014925
am	sonntag	mai	0.011940
am	sonntag	februar	0.011940
am	sonntag	dezember	0.011940
am	sonntag	dem	0.011940
am	sonntag	an	0.011940
am	sonntag	ab	0.011940
am	sonntag	der	0.011940
am	sonntag	september	0.011940
am	sonntag	auch	0.011940
am	sonntag	juli	0.008955
am	sonntag	november	0.008955
am	sonntag	januar	0.008955
am	steuer	saß	0.250000
am	tag	der	0.144928
am	tag	darauf	0.101449
am	tag	des	0.101449
am	tag	zuvor	0.101449
am	tag	nach	0.086957
am	tag	vor	0.072464
am	tag	danach	0.072464
am	tod	eines	0.750000
am	tor	vorbei	0.833333
am	um	uhr	1.000000
am	und	august	0.161290
am	und	dezember	0.129032
am	und	april	0.129032
am	und	november	0.096774
am	vergangenen	wochenende	0.385714
am	vergangenen	sonntag	0.157143
am	vergangenen	samstag	0.128571
am	vergangenen	donnerstag	0.085714
am	vergangenen	freitag	0.085714
am	vergangenen	mittwoch	0.057143
am	vergangenen	dienstag	0.042857
am	wochenende	in	0.086614
am	wochenende	nicht	0.039370
am	wochenende	wieder	0.039370
am	wochenende	zum	0.031496
am	wochenende	bei	0.023622
am	wochenende	der	0.023622
am	wochenende	auf	0.023622
am	zweiten	tag	0.375000
andere	als	selbstverständlich	0.103448
andere	menschen	auf	0.333333
angst	haben	muss	0.428571
angst	und	schrecken	0.333333
angst	vor	der	0.238095
angst	vor	dem	0.238095
antwort	auf	die	0.350000
antwort	auf	den	0.200000
arm	in	arm	0.500000
arm	in	die	0.500000
as	a	service	1.000000
auf	alle	fälle	0.454545
auf	andere	länder	0.200000
auf	antrag	der	0.625000
auf	anweisung	von	1.000000
auf	basis	der	0.266667
auf	basis	von	0.266667
auf	basis	dieser	0.133333
auf	basis	des	0.100000
auf	beiden	seiten	1.000000
auf	besondere	weise	0.800000
auf	bildern	die	0.750000
auf	bis	zu	0.416667
auf	bis	grad	0.222222
auf	das	spiel	0.033019
auf	das	auto	0.028302
auf	das	konto	0.023585
auf	das	neue	0.023585
auf	das	jahr	0.023585
auf	das	nächste	0.018868
auf	das	geld	0.018868
auf	das	ergebnis	0.018868
auf	das	thema	0.018868
auf	das	ziel	0.018868
auf	das	was	0.014151
auf	das	geschäft	0.014151
auf	das	gebäude	0.014151
auf	das	leben	0.014151
auf	das	gesamte	0.014151
auf	das	kleine	0.014151
auf	dass	die	0.187500
auf	dem	weg	0.117729
auf	dem	gelände	0.063712
auf	dem	programm	0.052632
auf	dem	platz	0.051247
auf	dem	dach	0.030471
auf	dem	land	0.029086
auf	dem	markt	0.026316
auf	dem	boden	0.026316
auf	dem	mond	0.015235
auf	dem	gebiet	0.012465
auf	dem	roten	0.012465
auf	dem	zweiten	0.012465
auf	dem	tisch	0.012465
auf	dem	feld	0.011080
auf	dem	balkon	0.011080
auf	dem	papier	0.011080
auf	dem	parkplatz	0.011080
auf	dem	rasen	0.011080
auf	dem	konto	0.011080
auf	dem	spiel	0.011080
auf	dem	die	0.009695
auf	dem	ersten	0.009695
auf	dem	höhepunkt	0.009695
auf	dem	letzten	0.008310
auf	dem	grundstück	0.008310
auf	dem	bild	0.008310
auf	dem	hof	0.008310
auf	dem	linken	0.008310
auf	dem	eis	0.008310
auf	dem	richtigen	0.008310
auf	den	weg	0.076792
auf	den	ersten	0.061433
auf	den	markt	0.061433
auf	den	straßen	0.032423
auf	den	punkt	0.029010
auf	den	tisch	0.025597
auf	den	boden	0.022184
auf	den	kopf	0.020478
auf	den	plan	0.018771
auf	den	letzten	0.018771
auf	den	zweiten	0.017065
auf	den	beinen	0.015358
auf	den	platz	0.013652
auf	den	grund	0.010239
auf	den	dritten	0.010239
auf	den	menschen	0.010239
auf	den	rasen	0.010239
auf	den	mann	0.008532
auf	den	titel	0.006826
auf	den	rücken	0.006826
auf	den	bildern	0.006826
auf	den	fotos	0.006826
auf	den	sieg	0.006826
auf	den	russischen	0.006826
auf	den	nächsten	0.006826
auf	den	neuesten	0.006826
auf	den	großen	0.006826
auf	den	start	0.006826
auf	den	deutschen	0.006826
auf	den	geschmack	0.005119
auf	denen	sie	0.181818
auf	denen	die	0.136364
auf	der	bühne	0.096774
auf	der	anderen	0.070968
auf	der	a	0.067097
auf	der	straße	0.051613
auf	der	suche	0.049032
auf	der	bank	0.037419
auf	der	b	0.034839
auf	der	strecke	0.032258
auf	der	einen	0.028387
auf	der	insel	0.025806
auf	der	l	0.021935
auf	der	seite	0.020645
auf	der	welt	0.020645
auf	der	website	0.019355
auf	der	ganzen	0.018065
auf	der	flucht	0.016774
auf	der	liste	0.016774
auf	der	linie	0.015484
auf	der	erde	0.015484
auf	der	linken	0.012903
auf	der	stelle	0.009032
auf	der	pressekonferenz	0.007742
auf	der	großen	0.007742
auf	der	neuen	0.007742
auf	der	ersten	0.006452
auf	der	hand	0.005161
auf	der	letzten	0.005161
auf	der	sechs	0.005161
auf	der	die	0.005161
auf	der	rechnung	0.005161
auf	deutschen	straßen	0.875000
auf	die	frage	0.055482
auf	die	bühne	0.031704
auf	die	straße	0.031704
auf	die	beine	0.026420
auf	die	neue	0.017173
auf	die	suche	0.014531
auf	die	idee	0.014531
auf	die	a	0.011889
auf	die	entwicklung	0.011889
auf	die	zukunft	0.010568
auf	die	deutsche	0.010568
auf	die	drei	0.009247
auf	die	straßen	0.009247
auf	die	unterstützung	0.007926
auf	die	spitze	0.007926
auf	die	nächste	0.007926
auf	die	spur	0.007926
auf	die	beiden	0.006605
auf	die	sich	0.006605
auf	die	rechte	0.006605
auf	die	in	0.006605
auf	die	stadt	0.006605
auf	die	von	0.006605
auf	die	geschichte	0.006605
auf	die	seite	0.006605
auf	die	strecke	0.006605
auf	die	zusammenarbeit	0.005284
auf	die	lieferung	0.005284
auf	die	neuen	0.005284
auf	die	stimmung	0.005284
auf	diese	weise	0.574468
auf	diesem	gebiet	0.294118
auf	diesem	weg	0.235294
auf	dieser	welt	0.210526
auf	drei	punkte	0.166667
auf	ebene	der	1.000000
auf	eigene	faust	0.454545
auf	eigenen	wunsch	0.600000
auf	ein	paar	0.044118
auf	ein	auto	0.044118
auf	eine	mögliche	0.026667
auf	eine	der	0.026667
auf	eine	lange	0.026667
auf	eine	gruppe	0.026667
auf	eine	kleine	0.020000
auf	eine	harte	0.020000
auf	eine	große	0.020000
auf	eine	gemeinsame	0.020000
auf	eine	lösung	0.020000
auf	eine	neue	0.020000
auf	eine	starke	0.020000
auf	eine	ganz	0.020000
auf	eine	woche	0.020000
auf	einem	parkplatz	0.081081
auf	einem	guten	0.045045
auf	einem	der	0.045045
auf	einem	foto	0.036036
auf	einem	tisch	0.036036
auf	einem	feld	0.036036
auf	einem	stuhl	0.036036
auf	einem	schild	0.027027
auf	einem	hohen	0.027027
auf	einem	anderen	0.027027
auf	einen	blick	0.082569
auf	einen	neuen	0.082569
auf	einen	der	0.027523
auf	einen	echten	0.027523
auf	einen	möglichen	0.027523
auf	einen	mann	0.027523
auf	einen	schlag	0.027523
auf	einer	pressekonferenz	0.104478
auf	einer	straße	0.059701
auf	einer	der	0.059701
auf	einer	bühne	0.044776
auf	einer	bank	0.044776
auf	einladung	der	0.600000
auf	etwa	euro	0.769231
auf	euro	pro	0.263158
auf	euro	erhöht	0.157895
auf	freien	fuß	1.000000
auf	grund	des	0.428571
auf	höhe	der	0.500000
auf	höhe	des	0.416667
auf	ihn	ein	0.187500
auf	ihr	handy	0.230769
auf	ihre	kosten	0.138889
auf	ihrem	weg	0.250000
auf	ihrer	seite	0.235294
auf	im	jahr	0.500000
auf	in	die	0.333333
auf	insgesamt	millionen	0.428571
auf	israel	am	0.217391
auf	israel	und	0.130435
auf	jeden	fall	0.970149
auf	keinen	fall	0.933333
auf	kinder	und	0.600000
auf	km	h	1.000000
auf	knapp	milliarden	0.333333
auf	kosten	der	0.470588
auf	kosten	von	0.176471
auf	kosten	des	0.176471
auf	lange	sicht	1.000000
auf	mehr	als	0.695652
auf	meter	über	0.428571
auf	milliarden	euro	0.791667
auf	millionen	euro	0.794118
auf	millionen	gestiegen	0.088235
auf	mit	dem	0.444444
auf	mit	der	0.333333
auf	null	zu	0.600000
auf	nummer	sicher	0.600000
auf	platz	eins	0.181818
auf	platz	vier	0.109091
auf	platz	zwei	0.109091
auf	platz	drei	0.090909
auf	platz	sieben	0.090909
auf	platz	der	0.072727
auf	prozent	der	0.111111
auf	rang	zwei	0.225806
auf	rang	drei	0.129032
auf	rang	eins	0.096774
auf	rund	euro	0.457143
auf	rund	millionen	0.228571
auf	rund	milliarden	0.114286
auf	seinem	weg	0.150000
auf	seiner	seite	0.214286
auf	seiten	der	0.833333
auf	sich	warten	0.305556
auf	sich	hat	0.097222
auf	sich	aufmerksam	0.083333
auf	sich	ziehen	0.055556
auf	sich	sitzen	0.055556
auf	sich	auf	0.041667
auf	sie	zu	0.263158
auf	sieben	prozent	0.714286
auf	um	die	0.333333
auf	und	neben	0.055556
auf	und	ab	0.055556
auf	und	es	0.044444
auf	und	davon	0.033333
auf	und	das	0.033333
auf	uns	zu	0.235294
auf	uns	zukommen	0.235294
auf	unserem	planeten	0.600000
auf	us	dollar	1.000000
auf	weiteres	nicht	0.250000
auf	werte	von	1.000000
auf	wie	die	0.214286
aufgabe	für	die	0.800000
aufgaben	für	die	0.750000
aufmerksam	zu	machen	0.846154
aufregung	in	der	1.000000
august	ab	uhr	1.000000
august	um	uhr	0.750000
august	vor	einem	1.000000
august	zu	sehen	0.600000
aus	acht	spielen	0.750000
aus	aller	welt	1.000000
aus	als	ob	0.142857
aus	als	die	0.107143
aus	anderen	ländern	0.555556
aus	angst	vor	0.444444
aus	auch	wenn	0.428571
aus	bei	der	0.600000
aus	beiden	ländern	1.000000
aus	berlin	hat	0.200000
aus	bis	zu	0.750000
aus	dass	die	0.250000
aus	dass	der	0.177083
aus	dass	es	0.093750
aus	dass	er	0.052083
aus	dass	sie	0.041667
aus	dass	sich	0.041667
aus	dass	ein	0.031250
aus	dass	diese	0.031250
aus	dem	jahr	0.104129
aus	dem	ausland	0.035907
aus	dem	jahrhundert	0.030521
aus	dem	bezirk	0.026930
aus	dem	fenster	0.021544
aus	dem	boden	0.017953
aus	dem	bereich	0.016158
aus	dem	weg	0.016158
aus	dem	hause	0.014363
aus	dem	verkauf	0.012567
aus	dem	ruder	0.012567
aus	dem	haus	0.012567
aus	dem	spiel	0.012567
aus	dem	fahrzeug	0.012567
aus	dem	verkehr	0.012567
aus	dem	nichts	0.012567
aus	dem	land	0.012567
aus	dem	wasser	0.010772
aus	dem	zweiten	0.010772
aus	dem	handel	0.010772
aus	dem	kreis	0.010772
aus	dem	internet	0.010772
aus	dem	konzept	0.008977
aus	dem	auto	0.008977
aus	dem	amt	0.008977
aus	dem	am	0.008977
aus	dem	letzten	0.008977
aus	dem	schlaf	0.008977
aus	dem	osten	0.007181
aus	dem	westen	0.007181
aus	den	usa	0.182540
aus	den	er	0.095238
aus	den	eigenen	0.047619
aus	den	letzten	0.047619
aus	den	augen	0.047619
aus	den	ersten	0.031746
aus	den	händen	0.023810
aus	den	beiden	0.023810
aus	denen	sich	0.500000
aus	der	region	0.049869
aus	der	luft	0.039370
aus	der	hand	0.034121
aus	der	zeit	0.031496
aus	der	sicht	0.026247
aus	der	bevölkerung	0.023622
aus	der	schweiz	0.020997
aus	der	eigenen	0.020997
aus	der	gruppe	0.018373
aus	der	stadt	0.015748
aus	der	politik	0.015748
aus	der	zweiten	0.015748
aus	der	vergangenheit	0.015748
aus	der	ruhe	0.015748
aus	der	öffentlichkeit	0.013123
aus	der	partei	0.013123
aus	der	mitte	0.013123
aus	der	kirche	0.013123
aus	der	hauptstadt	0.013123
aus	der	distanz	0.010499
aus	der	studie	0.010499
aus	der	krise	0.010499
aus	der	erde	0.010499
aus	der	welt	0.010499
aus	der	umgebung	0.010499
aus	der	ferne	0.010499
aus	der	deutschen	0.010499
aus	der	gemeinde	0.007874
aus	der	wirtschaft	0.007874
aus	der	tiefe	0.007874
aus	deutschland	und	0.250000
aus	deutschland	in	0.107143
aus	diesem	grund	0.659574
aus	drei	spielen	0.300000
aus	eigener	kraft	0.666667
aus	eigener	erfahrung	0.200000
aus	einem	anderen	0.063492
aus	einem	bericht	0.063492
aus	einer	hand	0.078431
aus	einer	anderen	0.058824
aus	europa	und	0.375000
aus	für	die	0.333333
aus	ganz	deutschland	0.647059
aus	gründen	der	0.750000
aus	ihrem	buch	0.230769
aus	ihrem	leben	0.230769
aus	ihrer	sicht	0.642857
aus	in	der	0.277778
aus	in	den	0.222222
aus	in	die	0.166667
aus	kurzer	distanz	1.000000
aus	mehr	als	1.000000
aus	mehreren	ländern	0.750000
aus	meiner	sicht	0.750000
aus	new	york	1.000000
aus	persönlichen	gründen	0.800000
aus	privaten	gründen	0.833333
aus	russland	und	0.214286
aus	seinem	auto	0.166667
aus	seiner	sicht	0.550000
aus	seiner	zeit	0.150000
aus	sicht	der	0.509804
aus	sicht	des	0.235294
aus	sicht	von	0.156863
aus	um	einen	0.176471
aus	um	den	0.176471
aus	und	so	0.047619
aus	und	auch	0.047619
aus	und	die	0.047619
aus	unserer	sicht	0.571429
aus	verschiedenen	ländern	0.555556
aus	welchen	gründen	1.000000
aus	wie	ein	0.240000
aus	wie	die	0.120000
aus	wien	und	0.444444
ausfindig	gemacht	werden	0.600000
auswirkungen	auf	die	0.500000
auswirkungen	auf	den	0.214286
auswirkungen	auf	das	0.071429
auto	auf	der	0.538462
auto	durch	die	0.750000
auto	in	der	0.250000
außerdem	dass	die	0.333333
außerdem	gebe	es	1.000000
außerdem	gibt	es	1.000000
außerdem	vor	dass	1.000000
außerdem	wird	die	0.187500
bald	auch	in	0.428571
bald	geht	es	1.000000
bald	nicht	mehr	1.000000
bald	wieder	in	0.214286
ball	an	die	0.750000
basiert	auf	dem	0.357143
basiert	auf	der	0.285714
basiert	auf	einer	0.214286
beamten	fest	dass	1.000000
beamten	nahmen	den	0.800000
bedenken	gegen	eine	0.500000
behandlung	in	ein	0.666667
behandlung	ins	krankenhaus	1.000000
bei	all	den	0.400000
bei	bauer	sucht	1.000000
bei	bis	zu	0.400000
bei	bis	grad	0.400000
bei	c	und	0.750000
bei	c	a	0.208333
bei	dem	unfall	0.097345
bei	dem	die	0.066372
bei	dem	der	0.030973
bei	dem	treffen	0.030973
bei	dem	eine	0.030973
bei	dem	vorfall	0.026549
bei	dem	einsatz	0.022124
bei	dem	er	0.022124
bei	dem	projekt	0.017699
bei	dem	unglück	0.017699
bei	dem	mann	0.017699
bei	dem	auch	0.017699
bei	dem	ein	0.017699
bei	dem	sie	0.017699
bei	dem	man	0.013274
bei	dem	es	0.013274
bei	dem	sich	0.013274
bei	dem	konzert	0.013274
bei	dem	besuch	0.013274
bei	dem	termin	0.013274
bei	dem	versuch	0.013274
bei	dem	was	0.013274
bei	den	männern	0.050420
bei	den	deutschen	0.046218
bei	den	fans	0.042017
bei	den	beiden	0.042017
bei	den	frauen	0.037815
bei	den	verhandlungen	0.033613
bei	den	meisten	0.029412
bei	den	grünen	0.025210
bei	den	drei	0.021008
bei	den	ermittlungen	0.021008
bei	den	ersten	0.016807
bei	den	spielen	0.016807
bei	den	us	0.016807
bei	den	menschen	0.016807
bei	den	kunden	0.016807
bei	den	erwachsenen	0.012605
bei	den	bis	0.012605
bei	den	anderen	0.012605
bei	den	damen	0.012605
bei	den	jungen	0.012605
bei	den	nächsten	0.012605
bei	den	von	0.012605
bei	den	insgesamt	0.012605
bei	denen	die	0.192982
bei	denen	man	0.105263
bei	denen	es	0.070175
bei	denen	das	0.070175
bei	der	polizei	0.080279
bei	der	suche	0.031414
bei	der	wahl	0.029668
bei	der	deutschen	0.029668
bei	der	die	0.026178
bei	der	stadt	0.022688
bei	der	bahn	0.020942
bei	der	nächsten	0.020942
bei	der	vorstellung	0.017452
bei	der	frage	0.015707
bei	der	kontrolle	0.015707
bei	der	pressekonferenz	0.015707
bei	der	ersten	0.013962
bei	der	auswahl	0.013962
bei	der	entwicklung	0.012216
bei	der	niederlage	0.012216
bei	der	em	0.012216
bei	der	arbeit	0.010471
bei	der	letzten	0.010471
bei	der	familie	0.010471
bei	der	geburt	0.008726
bei	der	ankunft	0.008726
bei	der	großen	0.008726
bei	der	tour	0.008726
bei	der	ausbildung	0.008726
bei	der	neuen	0.008726
bei	der	zweiten	0.006981
bei	der	feuerwehr	0.006981
bei	der	sache	0.006981
bei	der	er	0.006981
bei	diesen	bedingungen	0.428571
bei	dieser	gelegenheit	0.272727
bei	einem	unfall	0.119760
bei	einem	besuch	0.065868
bei	einem	treffen	0.059880
bei	einem	der	0.035928
bei	einem	brand	0.035928
bei	einem	schweren	0.035928
bei	einem	spiel	0.029940
bei	einem	einsatz	0.023952
bei	einem	freund	0.017964
bei	einem	anderen	0.017964
bei	einem	wert	0.017964
bei	einer	pressekonferenz	0.111111
bei	einer	kontrolle	0.070707
bei	einer	der	0.040404
bei	einer	übung	0.040404
bei	einer	hochzeit	0.030303
bei	etwa	prozent	0.333333
bei	etwa	euro	0.333333
bei	euro	für	0.250000
bei	fast	allen	0.428571
bei	grad	im	0.600000
bei	h	m	1.000000
bei	ihren	eltern	0.200000
bei	ihrer	arbeit	0.307692
bei	jeder	gelegenheit	0.333333
bei	let	s	1.000000
bei	media	markt	1.000000
bei	mehr	als	0.900000
bei	milliarden	euro	0.857143
bei	millionen	euro	0.625000
bei	neun	prozent	0.750000
bei	null	an	0.500000
bei	prozent	und	0.259259
bei	prozent	der	0.111111
bei	prozent	gelegen	0.111111
bei	seinem	besuch	0.205882
bei	seinem	ersten	0.117647
bei	seinem	letzten	0.117647
bei	seinem	konzert	0.088235
bei	seinen	ersten	0.300000
bei	uns	in	0.125000
bei	uns	im	0.111111
bei	uns	zu	0.069444
bei	uns	ist	0.041667
bei	uns	so	0.041667
bei	us	dollar	0.800000
bei	vielen	menschen	0.200000
bei	vielen	anderen	0.150000
beobachtet	und	die	0.300000
beobachtet	wie	er	0.500000
bereit	für	den	0.250000
bereit	ist	die	0.250000
bereits	ab	uhr	0.187500
bereits	ab	dem	0.187500
bereits	am	freitag	0.096386
bereits	am	samstag	0.096386
bereits	am	montag	0.084337
bereits	am	sonntag	0.072289
bereits	am	morgen	0.060241
bereits	am	donnerstag	0.048193
bereits	am	dienstag	0.048193
bereits	am	september	0.048193
bereits	am	märz	0.036145
bereits	am	abend	0.036145
bereits	am	mittwoch	0.036145
bereits	am	nachmittag	0.036145
bereits	an	die	0.190476
bereits	an	diesem	0.142857
bereits	anfang	des	0.500000
bereits	auf	die	0.333333
bereits	auf	der	0.142857
bereits	bei	der	0.500000
bereits	das	zweite	0.300000
bereits	der	zweite	0.375000
bereits	die	dritte	0.153846
bereits	für	den	0.428571
bereits	gegen	uhr	0.375000
bereits	im	vergangenen	0.103093
bereits	im	jahr	0.092784
bereits	im	januar	0.072165
bereits	im	april	0.061856
bereits	im	september	0.061856
bereits	im	februar	0.051546
bereits	im	märz	0.051546
bereits	im	november	0.051546
bereits	im	august	0.041237
bereits	im	herbst	0.041237
bereits	im	juli	0.041237
bereits	im	juni	0.041237
bereits	im	mai	0.041237
bereits	im	dezember	0.030928
bereits	im	ersten	0.030928
bereits	im	oktober	0.030928
bereits	in	der	0.402299
bereits	in	den	0.206897
bereits	in	einem	0.068966
bereits	in	die	0.057471
bereits	in	diesem	0.034483
bereits	kurz	nach	1.000000
bereits	letztes	jahr	1.000000
bereits	mehr	als	1.000000
bereits	mit	dem	0.333333
bereits	nach	drei	0.230769
bereits	seit	jahren	0.169014
bereits	seit	einigen	0.098592
bereits	seit	vielen	0.070423
bereits	seit	über	0.070423
bereits	seit	dem	0.042254
bereits	seit	ende	0.042254
bereits	um	uhr	0.416667
bereits	von	bis	0.285714
bereits	von	der	0.214286
bereits	vor	der	0.250000
bereits	vor	dem	0.136364
bereits	vor	einigen	0.113636
bereits	vor	jahren	0.113636
bereits	vor	einem	0.090909
bereits	während	der	0.600000
bereits	zum	mal	0.250000
berichte	über	die	0.600000
besser	als	im	0.103448
besser	als	wenn	0.103448
besser	bekannt	als	0.800000
besser	in	die	0.500000
besser	zu	machen	0.312500
besten	der	welt	0.750000
bestätigt	dass	die	0.625000
besuch	auf	der	1.000000
besuch	in	der	0.375000
besuch	in	den	0.187500
bewegung	in	die	0.571429
bewusstsein	für	die	0.600000
bezug	auf	die	0.562500
bezug	auf	das	0.218750
bietet	sich	die	0.210526
bild	am	sonntag	1.000000
bild	von	der	0.461538
bild	zeigt	die	0.300000
bilder	und	videos	0.666667
bildet	den	abschluss	1.000000
bill	und	tom	1.000000
bin	ein	star	0.400000
bin	froh	dass	0.666667
bin	habe	ich	1.000000
bin	ich	dann	0.086207
bin	ich	sehr	0.068966
bin	ich	auch	0.068966
bin	mir	sicher	0.500000
bin	sicher	dass	0.800000
bin	stolz	auf	0.428571
bis	auf	weiteres	0.213115
bis	auf	den	0.196721
bis	auf	die	0.114754
bis	auf	einen	0.049180
bis	auf	ein	0.049180
bis	c	in	1.000000
bis	dahin	müssen	0.094340
bis	dahin	nicht	0.075472
bis	dahin	wird	0.075472
bis	dahin	noch	0.056604
bis	dahin	werden	0.056604
bis	drei	wochen	0.250000
bis	ende	des	0.247423
bis	ende	september	0.092784
bis	ende	märz	0.061856
bis	ende	januar	0.051546
bis	ende	august	0.051546
bis	ende	oktober	0.041237
bis	ende	februar	0.041237
bis	ende	juni	0.041237
bis	ende	mai	0.041237
bis	ende	der	0.030928
bis	euro	kosten	0.166667
bis	februar	die	0.272727
bis	freitag	von	0.300000
bis	heute	nicht	0.150685
bis	heute	die	0.082192
bis	heute	noch	0.054795
bis	heute	an	0.041096
bis	hin	zu	0.620253
bis	hin	zum	0.215190
bis	hin	zur	0.164557
bis	in	die	0.530303
bis	in	den	0.227273
bis	in	der	0.121212
bis	ins	jahr	0.258065
bis	ins	jahrhundert	0.193548
bis	ins	hohe	0.129032
bis	ins	kleinste	0.129032
bis	jahre	alt	0.200000
bis	jetzt	nicht	0.222222
bis	km	h	1.000000
bis	kurz	vor	0.777778
bis	mai	in	0.333333
bis	milliarden	euro	0.571429
bis	millionen	euro	0.714286
bis	mitte	des	0.136364
bis	märz	in	0.150000
bis	sich	die	0.428571
bis	sonntag	von	0.200000
bis	uhr	geöffnet	0.101562
bis	uhr	im	0.078125
bis	uhr	in	0.062500
bis	uhr	und	0.054688
bis	uhr	zum	0.031250
bis	uhr	sowie	0.031250
bis	uhr	ist	0.023438
bis	uhr	ein	0.023438
bis	uhr	gesperrt	0.023438
bis	uhr	samstag	0.023438
bis	vor	kurzem	0.562500
bis	vor	wenigen	0.187500
bis	will	die	0.750000
bis	zehn	prozent	0.266667
bis	zehn	minuten	0.200000
bis	zu	euro	0.080332
bis	zu	prozent	0.069252
bis	zu	grad	0.058172
bis	zu	den	0.041551
bis	zu	einer	0.038781
bis	zu	einem	0.033241
bis	zu	zehn	0.027701
bis	zu	c	0.027701
bis	zu	km	0.024931
bis	zu	millionen	0.024931
bis	zu	drei	0.022161
bis	zu	minuten	0.022161
bis	zu	meter	0.022161
bis	zu	acht	0.019391
bis	zu	fünf	0.019391
bis	zu	seinem	0.019391
bis	zu	vier	0.016620
bis	zu	menschen	0.016620
bis	zu	diesem	0.016620
bis	zu	zwei	0.016620
bis	zu	kilometer	0.016620
bis	zu	sechs	0.016620
bis	zu	tonnen	0.013850
bis	zu	jahre	0.013850
bis	zu	liter	0.011080
bis	zu	dem	0.011080
bis	zu	personen	0.011080
bis	zu	monate	0.008310
bis	zu	milliarden	0.008310
bis	zu	besucher	0.008310
bis	zum	ende	0.100806
bis	zum	juni	0.060484
bis	zum	oktober	0.060484
bis	zum	juli	0.048387
bis	zum	jahr	0.048387
bis	zum	dezember	0.044355
bis	zum	mai	0.036290
bis	zum	schluss	0.036290
bis	zum	april	0.028226
bis	zum	märz	0.028226
bis	zum	letzten	0.024194
bis	zum	september	0.024194
bis	zum	november	0.020161
bis	zum	august	0.020161
bis	zum	sonntag	0.016129
bis	zum	abend	0.016129
bis	zum	februar	0.016129
bis	zum	sommer	0.016129
bis	zum	nächsten	0.016129
bis	zum	januar	0.016129
bis	zum	frühen	0.012097
bis	zum	alter	0.012097
bis	zum	herbst	0.012097
bis	zum	mittag	0.012097
bis	zum	vergangenen	0.012097
bis	zur	minute	0.090909
bis	zur	letzten	0.090909
bis	zur	pause	0.090909
bis	zur	nächsten	0.090909
bitte	an	die	0.714286
bitte	beachten	sie	1.000000
brauchen	wir	mehr	0.187500
bus	in	der	0.500000
bus	und	bahn	0.833333
bühne	zu	bringen	0.250000
bürgermeister	michael	ludwig	1.000000
dabei	aber	auch	0.176471
dabei	allerdings	nicht	0.375000
dabei	auch	auf	0.133333
dabei	auch	nicht	0.100000
dabei	auch	die	0.100000
dabei	auf	den	0.208333
dabei	auf	die	0.166667
dabei	auf	eine	0.166667
dabei	beobachtet	wie	0.750000
dabei	gehe	es	0.900000
dabei	geht	es	0.894737
dabei	getötet	worden	0.750000
dabei	gewesen	sein	0.375000
dabei	gibt	es	0.888889
dabei	ging	es	0.666667
dabei	habe	es	0.250000
dabei	handelt	es	0.965517
dabei	hatte	der	0.333333
dabei	hatte	er	0.250000
dabei	immer	wieder	0.750000
dabei	in	der	0.250000
dabei	ist	die	0.102041
dabei	ist	es	0.102041
dabei	ist	auch	0.081633
dabei	ist	das	0.061224
dabei	ist	der	0.061224
dabei	kam	es	0.428571
dabei	nicht	nur	0.222222
dabei	nicht	zu	0.222222
dabei	noch	nicht	0.600000
dabei	sagte	der	1.000000
dabei	schwer	verletzt	0.666667
dabei	sein	wird	0.333333
dabei	sind	die	0.187500
dabei	soll	er	0.214286
dabei	soll	es	0.214286
dabei	stellte	sich	0.600000
dabei	um	eine	0.192308
dabei	um	einen	0.192308
dabei	um	die	0.153846
dabei	um	das	0.115385
dabei	unter	anderem	1.000000
dabei	von	der	0.333333
dabei	vor	allem	0.800000
dabei	waren	die	0.444444
dabei	wird	es	0.125000
dabei	wird	das	0.125000
dabei	wurde	der	0.384615
dabei	zu	sein	0.416667
dabei	zu	unterstützen	0.125000
dabei	über	die	0.500000
damit	auch	die	0.344828
damit	auch	das	0.172414
damit	auf	den	0.294118
damit	auf	sich	0.176471
damit	dass	die	0.280000
damit	dass	der	0.120000
damit	es	nicht	0.157895
damit	für	die	0.625000
damit	habe	ich	0.625000
damit	hat	das	0.428571
damit	in	der	0.187500
damit	ist	der	0.279070
damit	ist	die	0.139535
damit	ist	er	0.116279
damit	ist	es	0.069767
damit	kann	der	0.500000
damit	liegt	der	0.428571
damit	mehr	als	0.666667
damit	nicht	genug	0.357143
damit	sich	die	0.375000
damit	sie	nicht	0.096774
damit	sind	die	0.312500
damit	sind	sie	0.187500
damit	sollen	die	0.833333
damit	steht	die	0.600000
damit	war	der	0.416667
damit	werde	die	0.428571
damit	werden	die	1.000000
damit	will	man	0.500000
damit	wir	eine	0.200000
damit	wird	die	0.230769
damit	würde	die	0.333333
damit	zu	tun	0.392857
damit	zu	rechnen	0.107143
damit	zu	einer	0.107143
damit	zu	einem	0.107143
damit	zusammen	dass	0.800000
danach	geht	es	1.000000
danach	ist	die	0.500000
darin	geht	es	0.800000
darum	geht	es	0.250000
das	aber	nicht	0.280000
das	alles	noch	0.057692
das	alles	nicht	0.057692
das	am	ende	0.148148
das	amt	des	0.303030
das	amt	der	0.090909
das	amt	für	0.090909
das	an	einem	0.200000
das	an	der	0.200000
das	anders	aus	0.428571
das	angebot	an	0.095238
das	angebot	der	0.079365
das	angebot	im	0.063492
das	angebot	wird	0.047619
das	argument	dass	0.428571
das	auch	in	0.095238
das	auch	die	0.063492
das	auch	noch	0.063492
das	auch	für	0.047619
das	auch	nicht	0.047619
das	auch	bei	0.047619
das	auch	im	0.047619
das	auf	dem	0.190476
das	auf	die	0.142857
das	auf	der	0.119048
das	auf	den	0.071429
das	aus	für	0.166667
das	aus	dem	0.138889
das	aus	der	0.138889
das	aus	in	0.083333
das	auto	eines	0.089552
das	auto	und	0.044776
das	bedeutet	dass	0.317073
das	bedeutet	aber	0.073171
das	bedeutet	nicht	0.073171
das	bei	der	0.400000
das	bereits	seit	0.454545
das	berichtet	die	0.615385
das	besondere	an	0.363636
das	beste	aus	0.129032
das	beste	für	0.129032
das	bewusstsein	für	0.500000
das	bild	zeigt	0.133333
das	bisher	beste	0.300000
das	bisher	größte	0.300000
das	buch	ist	0.130435
das	büro	des	0.428571
das	büro	von	0.285714
das	dach	der	0.230769
das	der	fall	0.166667
das	deutsche	team	0.214286
das	dritte	mal	0.272727
das	durch	die	0.384615
das	durch	einen	0.230769
das	e	auto	0.500000
das	eigene	verhalten	0.142857
das	ein	zeichen	0.108108
das	ein	oder	0.108108
das	eine	oder	0.186047
das	eine	gute	0.069767
das	einzige	was	0.260870
das	einzige	land	0.130435
das	ende	der	0.434783
das	ende	von	0.130435
das	ende	des	0.108696
das	ende	einer	0.065217
das	entspricht	einem	0.458333
das	er	mit	0.111111
das	ergebnis	der	0.166667
das	ergebnis	ist	0.130952
das	ergebnis	einer	0.059524
das	ergebnis	eines	0.059524
das	ergebnis	des	0.047619
das	ergebnis	war	0.047619
das	erreichen	der	0.500000
das	erste	mal	0.462264
das	erste	konzert	0.047170
das	erste	treffen	0.037736
das	erste	spiel	0.037736
das	erste	fahrzeug	0.028302
das	euro	ticket	0.857143
das	fahrzeug	ist	0.063830
das	fahrzeug	mit	0.063830
das	fehlen	von	0.555556
das	feuer	auf	0.101695
das	feuer	war	0.101695
das	feuer	zu	0.084746
das	feuer	im	0.050847
das	finale	der	0.285714
das	finde	ich	1.000000
das	führe	zu	0.666667
das	für	die	0.250000
das	für	den	0.150000
das	für	das	0.100000
das	für	ein	0.075000
das	für	mich	0.037500
das	für	einen	0.037500
das	für	eine	0.037500
das	gab	das	0.250000
das	gab	der	0.250000
das	gab	es	0.250000
das	ganze	jahr	0.149254
das	ganze	team	0.104478
das	gar	nicht	0.750000
das	gebäude	in	0.090909
das	gefühl	dass	0.189189
das	gefühl	haben	0.108108
das	gegenteil	von	0.214286
das	gehen	soll	1.000000
das	geht	aus	0.372549
das	geht	nicht	0.078431
das	geld	für	0.126984
das	geld	wird	0.063492
das	geld	aus	0.047619
das	gelände	des	0.230769
das	gericht	hat	0.097561
das	gericht	sah	0.097561
das	gericht	in	0.073171
das	gerät	für	0.166667
das	gesamte	jahr	0.200000
das	geschehen	in	0.187500
das	geschäft	mit	0.233333
das	gesetz	in	0.081081
das	gesicht	der	0.300000
das	gespräch	mit	0.363636
das	gibt	es	0.187500
das	gilt	auch	0.380000
das	gilt	vor	0.100000
das	gilt	für	0.080000
das	gleiche	gilt	0.272727
das	gleiche	problem	0.136364
das	grad	ziel	1.000000
das	große	ziel	0.178571
das	große	backen	0.142857
das	größte	problem	0.230769
das	habe	ich	0.378378
das	habe	die	0.081081
das	haben	wir	0.781250
das	hat	sich	0.094828
das	hat	die	0.068966
das	hat	auch	0.060345
das	hat	der	0.051724
das	hat	ein	0.043103
das	hat	mir	0.043103
das	hat	sie	0.043103
das	hat	uns	0.043103
das	hat	natürlich	0.025862
das	hat	aber	0.025862
das	hat	er	0.025862
das	hat	es	0.025862
das	hat	mich	0.025862
das	hatte	sich	0.214286
das	haus	der	0.121212
das	haus	im	0.075758
das	haus	verlassen	0.075758
das	haus	mit	0.060606
das	haus	in	0.045455
das	haus	für	0.045455
das	haus	am	0.045455
das	heißt	dass	0.142857
das	heißt	das	0.095238
das	heißt	die	0.095238
das	heißt	wir	0.071429
das	im	juni	0.105263
das	im	märz	0.078947
das	im	jahr	0.078947
das	in	der	0.237113
das	in	den	0.144330
das	in	diesem	0.072165
das	in	einer	0.072165
das	in	die	0.041237
das	in	deutschland	0.041237
das	institut	für	0.444444
das	interesse	an	0.320000
das	interesse	der	0.200000
das	ist	eine	0.100671
das	ist	ein	0.085570
das	ist	auch	0.052013
das	ist	der	0.045302
das	ist	die	0.043624
das	ist	das	0.041946
das	ist	nicht	0.041946
das	ist	in	0.025168
das	ist	doch	0.021812
das	ist	kein	0.018456
das	ist	für	0.016779
das	ist	jetzt	0.016779
das	ist	ja	0.013423
das	ist	bei	0.011745
das	ist	ganz	0.011745
das	ist	schon	0.011745
das	ist	noch	0.010067
das	ist	etwas	0.010067
das	ist	mein	0.010067
das	ist	aber	0.010067
das	ist	mir	0.010067
das	ist	sehr	0.010067
das	ist	wirklich	0.010067
das	ist	gut	0.008389
das	ist	so	0.008389
das	ist	nur	0.006711
das	ist	unser	0.006711
das	ist	nach	0.006711
das	ist	wie	0.006711
das	ist	einer	0.006711
das	ja	wort	0.333333
das	ja	ein	0.200000
das	jahr	ist	0.078431
das	jahr	war	0.078431
das	jedoch	nicht	0.300000
das	jetzt	nicht	0.176471
das	kann	man	0.245283
das	kann	ich	0.113208
das	kann	dazu	0.056604
das	kann	ein	0.056604
das	kind	war	0.130435
das	konto	der	0.428571
das	konzept	der	0.153846
das	konzept	von	0.102564
das	konzept	des	0.076923
das	konzert	von	0.150000
das	können	wir	0.416667
das	könnte	sie	0.250000
das	könnte	sich	0.156250
das	laden	von	0.428571
das	land	in	0.072000
das	land	das	0.048000
das	land	die	0.032000
das	land	zu	0.032000
das	land	ist	0.032000
das	land	und	0.032000
das	land	mit	0.024000
das	land	im	0.024000
das	land	will	0.024000
das	land	seit	0.024000
das	land	der	0.024000
das	lange	warten	0.375000
das	leben	der	0.085714
das	leben	des	0.076190
das	leben	im	0.057143
das	leben	gerettet	0.057143
das	leben	und	0.047619
das	leben	von	0.047619
das	leben	mit	0.047619
das	leben	an	0.038095
das	leben	gekostet	0.038095
das	leben	eines	0.028571
das	leben	auf	0.028571
das	leben	schwer	0.028571
das	letzte	mal	0.276596
das	letzte	wort	0.191489
das	letzte	spiel	0.127660
das	licht	der	0.416667
das	liegt	auch	0.200000
das	liegt	nicht	0.166667
das	liegt	daran	0.100000
das	lässt	sich	0.500000
das	macht	die	0.121212
das	macht	der	0.090909
das	merkt	man	0.750000
das	mit	der	0.127273
das	mit	einem	0.109091
das	mit	einer	0.090909
das	mit	dem	0.090909
das	mit	den	0.072727
das	mit	abstand	0.054545
das	model	y	0.214286
das	muss	man	0.292683
das	müssen	wir	0.444444
das	müssen	sie	0.333333
das	neue	jahr	0.196970
das	neue	gebäude	0.106061
das	neue	gesetz	0.075758
das	neue	angebot	0.045455
das	neue	album	0.045455
das	nicht	mehr	0.075188
das	nicht	der	0.052632
das	nicht	immer	0.052632
das	nicht	nur	0.052632
das	nicht	zu	0.037594
das	nicht	in	0.037594
das	nicht	so	0.022556
das	nicht	aus	0.022556
das	nicht	sein	0.022556
das	noch	nicht	0.125000
das	nächste	spiel	0.208333
das	nächste	jahr	0.166667
das	nächste	kapitel	0.125000
das	oberste	gericht	0.500000
das	oberste	ziel	0.500000
das	obwohl	sie	0.230769
das	opfer	und	0.093750
das	prinzip	der	0.500000
das	problem	der	0.093750
das	problem	ist	0.093750
das	problem	mit	0.062500
das	problem	sind	0.062500
das	programm	für	0.075000
das	programm	ist	0.075000
das	programm	der	0.075000
das	projekt	das	0.058140
das	projekt	mit	0.058140
das	projekt	wurde	0.046512
das	projekt	die	0.046512
das	projekt	im	0.034884
das	projekt	in	0.034884
das	publikum	mit	0.125000
das	publikum	im	0.083333
das	publikum	an	0.062500
das	recht	auf	0.375000
das	rennen	um	0.206897
das	rezept	für	0.375000
das	richtige	für	0.222222
das	risiko	für	0.210526
das	risiko	von	0.184211
das	risiko	einer	0.131579
das	risiko	eines	0.078947
das	robert	koch	1.000000
das	rote	kreuz	0.769231
das	russische	militär	0.714286
das	sage	ich	0.750000
das	schicksal	von	0.230769
das	schwarze	meer	0.666667
das	sehr	gut	0.428571
das	sei	ein	0.084746
das	sei	aber	0.050847
das	sich	auf	0.133333
das	sich	im	0.133333
das	sich	mit	0.088889
das	sieht	man	0.312500
das	sieht	auch	0.250000
das	sind	die	0.267327
das	sind	prozent	0.039604
das	so	ist	0.160000
das	soll	sich	0.227273
das	soll	auch	0.136364
das	sorgt	für	0.333333
das	spiel	in	0.075000
das	spiel	gegen	0.058333
das	spiel	zu	0.058333
das	spiel	des	0.041667
das	spiel	der	0.033333
das	spiel	wird	0.033333
das	spiel	am	0.033333
das	spiel	von	0.033333
das	spiel	auch	0.025000
das	start	up	1.000000
das	team	von	0.257576
das	team	um	0.090909
das	team	der	0.060606
das	team	des	0.060606
das	team	vom	0.030303
das	team	aber	0.022727
das	team	das	0.022727
das	teilen	von	0.500000
das	teilt	die	0.428571
das	thema	in	0.057143
das	thema	auf	0.057143
das	thema	des	0.042857
das	ticket	für	0.312500
das	tier	nicht	0.093750
das	tier	war	0.093750
das	tor	des	0.294118
das	tor	von	0.176471
das	training	der	0.200000
das	treffen	mit	0.250000
das	trifft	auch	0.714286
das	trotz	der	1.000000
das	turnier	im	0.250000
das	turnier	in	0.250000
das	töten	von	1.000000
das	unter	anderem	0.333333
das	unternehmen	mit	0.076503
das	unternehmen	am	0.054645
das	unternehmen	auf	0.032787
das	unternehmen	in	0.027322
das	unternehmen	das	0.027322
das	unternehmen	die	0.021858
das	unternehmen	aus	0.021858
das	unternehmen	eine	0.021858
das	unternehmen	hat	0.021858
das	unternehmen	einen	0.021858
das	unternehmen	über	0.016393
das	unternehmen	gehört	0.016393
das	unternehmen	habe	0.016393
das	unternehmen	ist	0.016393
das	unternehmen	verlassen	0.016393
das	unternehmen	damit	0.016393
das	unternehmen	auch	0.016393
das	unternehmen	nicht	0.016393
das	unternehmen	dann	0.016393
das	urteil	am	0.115385
das	urteil	des	0.115385
das	us	militär	0.230769
das	verfahren	gegen	0.200000
das	verhalten	der	0.350000
das	verhalten	des	0.200000
das	verhältnis	zwischen	0.210526
das	verhältnis	der	0.210526
das	verhältnis	von	0.210526
das	verständnis	der	0.500000
das	vertrauen	in	0.428571
das	vertrauen	der	0.285714
das	video	der	0.157895
das	von	der	0.318182
das	von	den	0.090909
das	von	dem	0.068182
das	vor	allem	0.400000
das	vorgehen	der	0.391304
das	vorgehen	gegen	0.173913
das	war	ein	0.105960
das	war	eine	0.105960
das	war	das	0.052980
das	war	s	0.046358
das	war	in	0.039735
das	war	die	0.033113
das	war	der	0.033113
das	war	auch	0.033113
das	war	nur	0.026490
das	war	einer	0.026490
das	war	mir	0.019868
das	war	noch	0.019868
das	war	für	0.019868
das	war	aber	0.019868
das	war	es	0.019868
das	war	schon	0.019868
das	warten	auf	0.444444
das	was	wir	0.158537
das	was	die	0.085366
das	was	ich	0.073171
das	was	sie	0.048780
das	was	man	0.048780
das	was	sich	0.048780
das	was	in	0.036585
das	was	im	0.036585
das	wasser	im	0.171429
das	wasser	in	0.085714
das	wegen	der	1.000000
das	weitere	vorgehen	1.000000
das	weiße	haus	1.000000
das	werde	ich	0.428571
das	werden	wir	0.700000
das	wetter	in	0.108696
das	wetter	nicht	0.086957
das	wetter	ist	0.065217
das	will	ich	0.250000
das	wird	sich	0.089552
das	wird	eine	0.059701
das	wird	nicht	0.059701
das	wird	nun	0.059701
das	wird	der	0.044776
das	wird	ein	0.044776
das	wird	sie	0.044776
das	wohl	der	0.357143
das	wollen	wir	0.625000
das	wort	des	0.200000
das	wurde	am	0.250000
das	wäre	ein	0.157895
das	würde	die	0.222222
das	würde	ich	0.148148
das	zeigen	auch	0.333333
das	zeigen	die	0.333333
das	zeigt	sich	0.222222
das	zeigt	dass	0.155556
das	zeigt	eine	0.155556
das	zeigt	auch	0.066667
das	zeigt	die	0.066667
das	zentrum	der	0.444444
das	ziel	der	0.144578
das	ziel	des	0.132530
das	ziel	ist	0.120482
das	ziel	haben	0.036145
das	ziel	sei	0.036145
das	ziel	die	0.036145
das	zu	ändern	0.116279
das	zu	einem	0.116279
das	zu	tun	0.093023
das	zu	wenig	0.069767
das	ändert	sich	0.636364
dauert	es	bis	0.285714
davor	gab	es	1.000000
davor	war	die	0.500000
dem	abschluss	der	0.571429
dem	abschluss	des	0.428571
dem	am	freitag	0.333333
dem	antrag	der	0.375000
dem	april	nicht	0.176471
dem	auch	der	0.266667
dem	auch	das	0.200000
dem	ausbruch	der	0.428571
dem	auto	und	0.129032
dem	auto	in	0.096774
dem	auto	unterwegs	0.096774
dem	bau	des	0.380952
dem	bau	der	0.142857
dem	bau	von	0.142857
dem	beginn	der	0.444444
dem	beginn	des	0.388889
dem	bereich	der	0.230769
dem	bericht	zufolge	0.434783
dem	bericht	der	0.130435
dem	besuch	des	0.428571
dem	boden	bleiben	0.250000
dem	dach	der	0.148148
dem	dach	des	0.148148
dem	dach	eines	0.111111
dem	der	mann	0.187500
dem	die	beiden	0.073171
dem	druck	der	0.555556
dem	e	auto	0.600000
dem	eine	frau	0.250000
dem	einen	oder	0.428571
dem	einfluss	von	0.857143
dem	einsatz	von	0.333333
dem	einsatz	der	0.166667
dem	ende	der	0.487179
dem	ende	des	0.230769
dem	ergebnis	dass	0.363636
dem	erreichen	des	1.000000
dem	ersten	weltkrieg	0.156250
dem	ersten	platz	0.093750
dem	es	um	0.210526
dem	euro	ticket	0.750000
dem	gebiet	der	0.285714
dem	gefängnis	entlassen	1.000000
dem	gegen	den	0.444444
dem	gelände	der	0.225000
dem	gelände	des	0.225000
dem	gelände	eines	0.100000
dem	gewinn	der	0.600000
dem	großen	erfolg	0.333333
dem	hintergrund	der	0.555556
dem	hintergrund	des	0.333333
dem	höchsten	gericht	0.333333
dem	höhepunkt	ihrer	0.333333
dem	höhepunkt	der	0.333333
dem	jahr	die	0.071429
dem	jahr	in	0.053571
dem	jahr	das	0.053571
dem	jahre	alten	0.857143
dem	konto	hat	0.500000
dem	krieg	in	0.416667
dem	land	haben	0.068182
dem	land	in	0.068182
dem	land	der	0.068182
dem	letzten	jahr	0.250000
dem	letzten	platz	0.187500
dem	linken	flügel	0.600000
dem	mann	der	0.176471
dem	mord	an	0.750000
dem	motto	der	0.100000
dem	nach	dem	0.750000
dem	neuen	gesetz	0.121212
dem	neuen	angebot	0.090909
dem	parkplatz	der	0.375000
dem	programm	stehen	0.130435
dem	präsidenten	der	0.750000
dem	rest	der	0.750000
dem	richtigen	weg	0.714286
dem	roten	teppich	0.583333
dem	roten	kreuz	0.333333
dem	ruder	gelaufen	1.000000
dem	russischen	angriff	0.437500
dem	russischen	präsidenten	0.250000
dem	rücken	der	0.571429
dem	schutz	der	0.750000
dem	schwarzen	meer	0.666667
dem	sich	die	0.324324
dem	sich	der	0.108108
dem	sich	eine	0.081081
dem	sie	sich	0.125000
dem	sie	den	0.093750
dem	sieg	in	0.190476
dem	sieg	im	0.142857
dem	spiel	gegen	0.086957
dem	spiel	in	0.086957
dem	spiel	der	0.086957
dem	spiel	des	0.065217
dem	spiel	heraus	0.065217
dem	spiel	die	0.065217
dem	spiel	mit	0.065217
dem	start	des	0.157895
dem	start	in	0.157895
dem	tag	der	0.333333
dem	thema	zu	0.157895
dem	tod	eines	0.181818
dem	tod	von	0.181818
dem	tod	der	0.151515
dem	tod	des	0.121212
dem	umgang	mit	1.000000
dem	unfall	kam	0.106383
dem	unfall	auf	0.085106
dem	unfall	leicht	0.063830
dem	us	sender	0.187500
dem	vergangenen	jahr	0.750000
dem	verkauf	der	0.250000
dem	verkauf	von	0.250000
dem	verkehr	gezogen	0.625000
dem	vierten	platz	0.625000
dem	von	der	0.230769
dem	vorfall	am	0.166667
dem	wagen	erfasst	0.333333
dem	wall	street	1.000000
dem	was	wir	0.250000
dem	was	die	0.142857
dem	was	sie	0.142857
dem	was	er	0.107143
dem	was	in	0.107143
dem	weg	zur	0.183908
dem	weg	zu	0.172414
dem	weg	in	0.091954
dem	weg	zum	0.091954
dem	weg	nach	0.068966
dem	weg	ins	0.057471
dem	weg	von	0.057471
dem	weg	der	0.045977
dem	weg	dorthin	0.045977
dem	weg	dahin	0.034483
dem	weg	vom	0.034483
dem	westen	und	0.187500
dem	willen	der	0.454545
dem	willen	des	0.272727
dem	ziel	das	0.200000
dem	ziel	die	0.200000
dem	zweiten	weltkrieg	0.437500
dem	zweiten	platz	0.250000
den	abend	und	0.272727
den	abschluss	des	0.230769
den	abschluss	der	0.230769
den	angriff	auf	0.230769
den	angriff	der	0.230769
den	antrag	auf	0.176471
den	auch	die	0.500000
den	augen	von	0.260870
den	augen	der	0.217391
den	augen	des	0.130435
den	austausch	mit	0.500000
den	ball	in	0.054945
den	ball	nach	0.054945
den	ball	an	0.054945
den	ball	aus	0.043956
den	ball	und	0.043956
den	ball	am	0.043956
den	ball	mit	0.043956
den	ball	nicht	0.032967
den	ball	aber	0.032967
den	bau	von	0.285714
den	bau	eines	0.171429
den	bau	der	0.142857
den	bau	einer	0.114286
den	bedarf	an	0.600000
den	beginn	der	0.333333
den	beginn	einer	0.266667
den	behörden	im	0.214286
den	behörden	in	0.214286
den	beiden	ländern	0.068182
den	beiden	experten	0.068182
den	beiden	jahren	0.068182
den	beinen	und	0.375000
den	bereich	des	0.176471
den	berichten	zufolge	0.600000
den	besitz	der	0.571429
den	besuch	von	0.500000
den	betrieb	der	0.130435
den	bis	dahin	0.750000
den	blick	auf	0.333333
den	blick	nehmen	0.266667
den	brand	unter	0.187500
den	chef	des	0.428571
den	daten	des	0.375000
den	deutschen	markt	0.153846
den	deutschen	medien	0.115385
den	dienst	der	0.500000
den	drei	wochen	0.250000
den	dritten	platz	0.347826
den	dritten	sieg	0.130435
den	druck	auf	0.500000
den	eigenen	vier	0.250000
den	ein	oder	0.571429
den	eindruck	dass	0.250000
den	einen	oder	0.363636
den	einsatz	von	0.444444
den	einsatz	der	0.083333
den	er	jahren	0.637255
den	er	und	0.078431
den	er	mit	0.029412
den	erfolg	des	0.176471
den	erfolg	der	0.176471
den	ermittlungen	zu	0.400000
den	ersten	blick	0.188976
den	ersten	drei	0.055118
den	ersten	platz	0.047244
den	ersten	großen	0.039370
den	ersten	neun	0.039370
den	ersten	sieg	0.039370
den	ersten	sechs	0.039370
den	ersten	tagen	0.039370
den	ersten	sieben	0.031496
den	ersten	ermittlungen	0.031496
den	ersten	jahren	0.023622
den	ersten	vier	0.023622
den	ersten	teil	0.023622
den	ersten	monaten	0.023622
den	ersten	minuten	0.023622
den	ersten	beiden	0.023622
den	fall	der	0.133333
den	fall	dass	0.133333
den	fall	einer	0.100000
den	fans	der	0.142857
den	folgen	des	0.411765
den	folgen	der	0.294118
den	folgenden	jahren	0.500000
den	forderungen	der	0.500000
den	frühen	er	0.833333
den	fünften	platz	0.750000
den	für	die	0.333333
den	ganz	großen	0.833333
den	ganzen	tag	0.590909
den	gesamten	tag	0.285714
den	grenzen	zu	0.800000
den	griff	bekommen	0.500000
den	griff	zu	0.187500
den	großen	preis	0.230769
den	größten	anteil	0.200000
den	größten	teil	0.200000
den	guten	zweck	0.461538
den	guten	alten	0.230769
den	haftbefehl	gegen	1.000000
den	handel	mit	0.285714
den	händen	und	0.250000
den	händen	von	0.250000
den	höchsten	stand	0.300000
den	in	die	0.428571
den	jahre	alten	1.000000
den	jahren	und	0.255814
den	jahren	bis	0.186047
den	jahren	zuvor	0.116279
den	jungen	mann	0.238095
den	jungen	leuten	0.142857
den	kampf	gegen	0.500000
den	kampf	um	0.107143
den	kindern	und	0.125000
den	konflikt	zwischen	0.600000
den	kontakt	zu	0.357143
den	kontakt	zur	0.214286
den	kontakt	zum	0.214286
den	kopf	geschlagen	0.102564
den	kopf	geht	0.076923
den	kopf	und	0.076923
den	kopf	zu	0.076923
den	kopf	über	0.076923
den	kosten	für	0.428571
den	krieg	in	0.333333
den	krieg	zu	0.151515
den	krieg	gegen	0.121212
den	kurs	der	0.428571
den	letzten	jahren	0.273810
den	letzten	wochen	0.113095
den	letzten	monaten	0.065476
den	letzten	drei	0.059524
den	letzten	zehn	0.059524
den	letzten	tagen	0.053571
den	letzten	platz	0.041667
den	letzten	beiden	0.035714
den	letzten	stunden	0.029762
den	letzten	spielen	0.029762
den	letzten	fünf	0.023810
den	letzten	zwei	0.017857
den	letzten	minuten	0.017857
den	letzten	sechs	0.017857
den	man	nicht	0.200000
den	mann	aus	0.083333
den	markt	gebracht	0.150000
den	markt	kommen	0.150000
den	markt	zu	0.100000
den	markt	bringen	0.075000
den	medien	in	0.157895
den	mehr	als	1.000000
den	meisten	fällen	0.523810
den	meisten	spielen	0.142857
den	menschen	in	0.158730
den	menschen	die	0.095238
den	menschen	vor	0.079365
den	menschen	zu	0.063492
den	millionen	euro	0.750000
den	mit	abstand	0.307692
den	neuesten	stand	0.666667
den	notruf	gewählt	0.375000
den	nächsten	tagen	0.190476
den	nächsten	wochen	0.180952
den	nächsten	jahren	0.171429
den	nächsten	schritt	0.085714
den	nächsten	monaten	0.057143
den	nächsten	fünf	0.038095
den	nächsten	zwei	0.038095
den	nächsten	tag	0.028571
den	nächsten	drei	0.028571
den	ort	der	0.272727
den	pfad	der	1.000000
den	plan	gerufen	0.235294
den	posten	des	0.200000
den	preis	der	0.111111
den	punkt	zu	0.214286
den	rand	der	0.666667
den	respekt	vor	0.750000
den	rest	der	0.294118
den	rest	des	0.176471
den	roten	teppich	0.250000
den	ruhestand	verabschiedet	0.272727
den	russischen	truppen	0.333333
den	räumen	der	0.625000
den	rücken	der	0.272727
den	rücken	zu	0.272727
den	schaden	auf	0.300000
den	schutz	der	0.625000
den	sie	im	0.142857
den	sieg	bei	0.113636
den	sieg	im	0.113636
den	sieg	über	0.068182
den	sieger	des	0.600000
den	spaß	am	0.750000
den	spielen	in	0.307692
den	sprung	in	0.526316
den	stand	der	0.500000
den	start	gehen	0.250000
den	start	gegangen	0.093750
den	start	von	0.093750
den	start	in	0.093750
den	start	des	0.093750
den	stimmen	von	0.600000
den	straßen	von	0.210526
den	straßen	in	0.210526
den	tag	des	0.181818
den	tag	der	0.136364
den	technologie	und	1.000000
den	titel	in	0.115385
den	titel	des	0.115385
den	tod	des	0.227273
den	tod	feststellen	0.181818
den	ton	an	0.625000
den	transport	von	0.500000
den	umgang	mit	0.875000
den	unfall	nicht	0.190476
den	unfall	beobachtet	0.142857
den	unterschied	zwischen	0.375000
den	us	amerikaner	0.400000
den	usa	und	0.170588
den	usa	die	0.035294
den	usa	hat	0.029412
den	usa	für	0.023529
den	usa	im	0.023529
den	usa	ist	0.023529
den	usa	in	0.017647
den	usa	sind	0.017647
den	usa	haben	0.017647
den	usa	ein	0.017647
den	verdacht	dass	0.300000
den	vereinigten	staaten	1.000000
den	vergangenen	jahren	0.355805
den	vergangenen	wochen	0.176030
den	vergangenen	monaten	0.161049
den	vergangenen	tagen	0.093633
den	vergangenen	zehn	0.037453
den	vergangenen	zwei	0.029963
den	vergangenen	drei	0.026217
den	vergangenen	vier	0.022472
den	vergangenen	beiden	0.018727
den	vergangenen	stunden	0.014981
den	vergangenen	fünf	0.014981
den	vergangenen	zwölf	0.014981
den	verkauf	der	0.363636
den	verkauf	von	0.272727
den	vertrag	mit	0.400000
den	vierten	platz	0.571429
den	von	der	0.500000
den	vorschlag	der	0.333333
den	vorstand	der	0.444444
den	weg	in	0.116505
den	weg	nach	0.116505
den	weg	zu	0.077670
den	weg	gebracht	0.077670
den	weg	für	0.077670
den	weg	zur	0.067961
den	weg	zum	0.038835
den	weg	ins	0.038835
den	weg	der	0.029126
den	weg	bringen	0.029126
den	weg	gemacht	0.029126
den	worten	von	0.210526
den	wunsch	nach	0.266667
den	zeitungen	der	1.000000
den	zugang	zu	0.550000
den	zugriff	auf	1.000000
den	zustand	der	0.727273
den	zweiten	platz	0.264706
den	zweiten	rang	0.088235
den	zweiten	weltkrieg	0.088235
den	öffentlichen	verkehr	0.461538
den	öffentlichen	dienst	0.230769
denen	es	nicht	0.136364
denen	man	sich	0.166667
denen	mehr	als	1.000000
denen	sich	die	0.363636
details	zu	den	0.294118
details	zu	nennen	0.235294
deutet	darauf	hin	1.000000
deutsche	bahn	will	0.176471
deutsche	presse	agentur	0.800000
die	a	in	0.238095
die	a	jugend	0.095238
die	a	bei	0.095238
die	a	zwischen	0.071429
die	aber	nicht	0.130435
die	abteilung	für	0.600000
die	aktien	von	0.333333
die	aktien	der	0.238095
die	aktien	des	0.142857
die	am	freitag	0.093750
die	am	montag	0.093750
die	am	september	0.078125
die	am	juni	0.062500
die	am	sonntag	0.062500
die	am	ende	0.062500
die	am	mittwoch	0.046875
die	am	donnerstag	0.046875
die	am	abend	0.046875
die	am	februar	0.046875
die	an	der	0.318182
die	an	die	0.113636
die	an	einer	0.090909
die	an	dieser	0.068182
die	andere	seite	0.241379
die	anderen	beiden	0.128205
die	angst	vor	0.518519
die	anklage	hatte	0.214286
die	annahme	von	0.428571
die	antwort	auf	0.150000
die	antworten	auf	0.250000
die	anzahl	der	0.892857
die	arbeit	der	0.287500
die	arbeit	des	0.100000
die	arbeit	in	0.100000
die	arbeit	von	0.087500
die	arbeit	im	0.037500
die	arbeit	nieder	0.037500
die	arbeiten	sollen	0.103448
die	art	und	0.312500
die	art	der	0.187500
die	auch	die	0.126984
die	auch	in	0.095238
die	auch	als	0.063492
die	auch	schon	0.047619
die	auch	für	0.047619
die	auch	durch	0.047619
die	auf	der	0.142857
die	auf	dem	0.142857
die	auf	die	0.091837
die	auf	den	0.091837
die	auf	eine	0.061224
die	auf	das	0.040816
die	auf	einer	0.030612
die	auf	diese	0.030612
die	aufgabe	der	0.210526
die	aufgaben	zu	0.250000
die	aufgrund	einer	0.500000
die	aufmerksamkeit	der	0.454545
die	aufnahme	in	0.230769
die	aufnahme	von	0.230769
die	augen	und	0.222222
die	aus	dem	0.296296
die	aus	der	0.203704
die	aus	den	0.074074
die	aus	seiner	0.055556
die	ausbildung	der	0.333333
die	ausgabe	der	0.444444
die	aussagen	der	0.250000
die	aussicht	auf	1.000000
die	ausstellung	in	0.125000
die	auswahl	von	0.230769
die	auswirkungen	der	0.285714
die	auswirkungen	des	0.285714
die	auswirkungen	auf	0.178571
die	auswirkungen	von	0.107143
die	b	in	0.222222
die	bank	of	0.093750
die	basis	für	0.461538
die	beamten	nahmen	0.067568
die	beamten	die	0.067568
die	beamten	bei	0.054054
die	beamten	fest	0.054054
die	beamten	am	0.040541
die	beamten	das	0.040541
die	beamten	auf	0.040541
die	beamten	konnten	0.040541
die	beamten	den	0.040541
die	bedeutung	der	0.370370
die	bedeutung	des	0.296296
die	bedeutung	von	0.148148
die	bedingungen	für	0.157895
die	bedürfnisse	der	0.615385
die	begegnung	mit	0.500000
die	behörden	haben	0.114286
die	behörden	hatten	0.085714
die	behörden	in	0.085714
die	bei	der	0.391304
die	bei	den	0.108696
die	bei	einem	0.086957
die	beiden	männer	0.061404
die	beiden	anderen	0.035088
die	beiden	und	0.017544
die	beiden	das	0.017544
die	beiden	jungen	0.017544
die	beiden	über	0.017544
die	beiden	frauen	0.017544
die	beiden	täter	0.013158
die	beiden	nicht	0.013158
die	beiden	hatten	0.013158
die	beiden	waren	0.013158
die	beiden	noch	0.013158
die	beiden	firmen	0.013158
die	beiden	die	0.013158
die	beiden	ihre	0.013158
die	beine	gestellt	0.259259
die	beine	zu	0.185185
die	beine	stellen	0.148148
die	bereits	seit	0.121212
die	bereits	in	0.090909
die	bereits	am	0.090909
die	bereits	im	0.090909
die	bereits	über	0.090909
die	bessere	mannschaft	0.363636
die	besten	der	0.083333
die	besten	bilder	0.083333
die	besucher	auf	0.087719
die	besucher	und	0.052632
die	besucher	innen	0.052632
die	besucher	im	0.052632
die	bevölkerung	im	0.068182
die	bevölkerung	in	0.068182
die	bewohner	des	0.321429
die	bewohner	von	0.107143
die	bewohner	der	0.107143
die	beziehung	zwischen	0.333333
die	beziehungen	zu	0.500000
die	beziehungen	zwischen	0.375000
die	bild	zeitung	0.333333
die	bild	am	0.333333
die	bilder	vom	0.178571
die	bilder	von	0.142857
die	bilder	aus	0.107143
die	bildung	von	0.272727
die	bis	zu	0.241379
die	bis	zum	0.172414
die	bis	ins	0.103448
die	bis	in	0.103448
die	blau	weißen	0.571429
die	botschaft	der	0.250000
die	branche	vor	0.142857
die	britische	regierung	0.333333
die	bühne	zu	0.142857
die	bühne	und	0.095238
die	bühne	geht	0.071429
die	bürger	in	0.120000
die	chance	auf	0.206349
die	chance	dazu	0.079365
die	chance	zum	0.047619
die	chance	bei	0.047619
die	chancen	auf	0.125000
die	chancen	der	0.093750
die	chancen	stehen	0.093750
die	chefin	der	0.571429
die	chinesische	regierung	0.444444
die	das	unternehmen	0.093750
die	das	land	0.062500
die	das	leben	0.046875
die	das	feuer	0.046875
die	daten	der	0.107143
die	daten	von	0.107143
die	demokratie	in	0.230769
die	der	staat	0.063830
die	deutsche	bahn	0.247619
die	deutsche	bank	0.104762
die	deutsche	mannschaft	0.066667
die	deutsche	wirtschaft	0.057143
die	deutsche	regierung	0.047619
die	deutsche	presse	0.047619
die	deutsche	post	0.038095
die	deutsche	sprache	0.028571
die	deutschen	frauen	0.078431
die	deutschen	medien	0.058824
die	deutschen	wollen	0.058824
die	die	grünen	0.023438
die	die	regierung	0.023438
die	die	menschen	0.023438
die	dieses	jahr	0.500000
die	diskussion	um	0.384615
die	drei	länder	0.071429
die	dritte	staffel	0.238095
die	dritte	niederlage	0.142857
die	dritte	runde	0.142857
die	durch	den	0.232558
die	durch	die	0.232558
die	durch	das	0.162791
die	durch	einen	0.093023
die	ebenfalls	aus	0.157895
die	eigentlich	schon	0.166667
die	ein	oder	0.115385
die	eine	oder	0.208333
die	einrichtung	von	0.103448
die	einrichtung	des	0.103448
die	einrichtung	ist	0.103448
die	einzige	möglichkeit	0.160000
die	elf	von	0.800000
die	eltern	und	0.119048
die	eltern	der	0.095238
die	eltern	sind	0.071429
die	energie	und	0.285714
die	entscheidung	des	0.102564
die	entscheidung	sei	0.076923
die	entscheidung	der	0.064103
die	entscheidung	über	0.051282
die	entscheidungen	der	0.600000
die	entwicklung	der	0.276923
die	entwicklung	des	0.123077
die	entwicklung	von	0.092308
die	entwicklung	und	0.076923
die	er	jahre	0.111111
die	er	in	0.097222
die	er	als	0.069444
die	er	und	0.055556
die	er	selbst	0.055556
die	er	im	0.041667
die	er	bisher	0.041667
die	erde	und	0.157895
die	ereignisse	der	0.363636
die	ergebnisse	der	0.245902
die	ergebnisse	wurden	0.065574
die	ergebnisse	einer	0.049180
die	ergebnisse	sind	0.049180
die	ergebnisse	von	0.049180
die	ergebnisse	zeigen	0.049180
die	erinnerung	an	0.714286
die	ermittler	am	0.083333
die	ermittlungen	aufgenommen	0.152778
die	ermittlungen	zur	0.097222
die	ermittlungen	übernommen	0.069444
die	ermittlungen	in	0.069444
die	ermittlungen	gegen	0.041667
die	ermittlungen	zu	0.041667
die	ermittlungen	der	0.041667
die	ermittlungen	zum	0.041667
die	erst	nach	0.294118
die	erste	hälfte	0.057143
die	erste	mannschaft	0.057143
die	erste	große	0.028571
die	ersten	beiden	0.112245
die	ersten	drei	0.081633
die	ersten	minuten	0.051020
die	ersten	schritte	0.040816
die	ersten	fünf	0.040816
die	ersten	stunden	0.030612
die	ersten	wochen	0.030612
die	ersten	jahre	0.030612
die	erwartungen	an	0.307692
die	es	in	0.085366
die	es	nicht	0.048780
die	es	für	0.048780
die	es	mit	0.048780
die	es	auch	0.036585
die	es	zu	0.036585
die	es	gibt	0.036585
die	es	auf	0.036585
die	fahrt	nach	0.272727
die	falsche	richtung	0.250000
die	familie	nach	0.083333
die	familie	von	0.062500
die	fans	in	0.111111
die	fans	von	0.088889
die	fans	des	0.088889
die	fans	die	0.066667
die	fans	sind	0.066667
die	fans	mit	0.066667
die	feuerwehr	die	0.080000
die	feuerwehr	in	0.066667
die	feuerwehr	war	0.066667
die	feuerwehr	musste	0.053333
die	feuerwehr	und	0.040000
die	feuerwehr	mit	0.040000
die	feuerwehr	auf	0.040000
die	feuerwehr	konnte	0.040000
die	folge	die	0.137931
die	folge	ist	0.103448
die	folge	sind	0.103448
die	folgen	der	0.307692
die	folgen	des	0.256410
die	folgen	für	0.102564
die	folgen	von	0.102564
die	forderungen	der	0.454545
die	form	der	0.300000
die	form	eines	0.300000
die	formel	ist	0.120000
die	frage	ob	0.183333
die	frage	nach	0.127778
die	frage	wie	0.127778
die	frage	warum	0.050000
die	frage	ist	0.050000
die	frage	was	0.038889
die	frage	stellen	0.038889
die	frage	der	0.038889
die	frage	wer	0.022222
die	frage	auf	0.022222
die	frage	im	0.022222
die	frage	die	0.022222
die	frage	welche	0.022222
die	frage	wo	0.016667
die	frage	zu	0.016667
die	fragen	der	0.230769
die	frau	die	0.079545
die	frau	wurde	0.068182
die	frau	mit	0.045455
die	frau	des	0.045455
die	frau	zu	0.034091
die	frau	eine	0.034091
die	frau	in	0.034091
die	frauen	und	0.121212
die	freiheit	entlassen	0.235294
die	freude	über	0.148148
die	freude	am	0.148148
die	freude	bei	0.111111
die	frische	luft	0.750000
die	führung	der	0.208333
die	führung	des	0.125000
die	für	die	0.301075
die	für	den	0.193548
die	für	ihre	0.032258
die	für	ein	0.032258
die	für	eine	0.032258
die	für	das	0.032258
die	ganz	große	0.235294
die	ganze	familie	0.234043
die	ganze	welt	0.170213
die	ganze	zeit	0.127660
die	gar	nicht	1.000000
die	gas	und	1.000000
die	gefahr	dass	0.243902
die	gefahr	von	0.170732
die	gefahr	einer	0.170732
die	gegenwart	zu	0.500000
die	gelb	rote	1.000000
die	gelbe	karte	0.750000
die	gelegenheit	dazu	0.130435
die	gemeinde	mit	0.071429
die	gemeinde	in	0.053571
die	genaue	zahl	0.272727
die	genehmigung	der	0.375000
die	gesamte	branche	0.173913
die	geschichte	der	0.162162
die	geschichte	des	0.162162
die	geschichte	eines	0.094595
die	geschichte	ist	0.054054
die	geschichte	von	0.040541
die	geschichte	einer	0.040541
die	geschichte	und	0.040541
die	gesellschaft	in	0.185185
die	gesellschaft	für	0.111111
die	gesellschaft	zu	0.111111
die	gespräche	mit	0.285714
die	gesundheit	der	0.214286
die	gesundheit	ihrer	0.214286
die	gewerkschaft	der	0.393939
die	gewerkschaft	fordert	0.121212
die	gleichen	chancen	0.333333
die	grenze	von	0.137931
die	grenze	nach	0.103448
die	grenze	zu	0.103448
die	grenze	zum	0.103448
die	grenzen	des	0.166667
die	große	chance	0.100000
die	große	liebe	0.075000
die	gruppe	der	0.054545
die	gruppe	letzte	0.054545
die	gruppe	auf	0.054545
die	größe	der	0.454545
die	größe	des	0.272727
die	größte	gefahr	0.172414
die	grün	weißen	0.500000
die	gründe	für	0.384615
die	gründe	dafür	0.346154
die	grünen	im	0.074627
die	grünen	in	0.059701
die	grünen	die	0.044776
die	grünen	fordern	0.044776
die	gute	nachricht	0.357143
die	gute	zusammenarbeit	0.214286
die	gute	laune	0.142857
die	gäste	aus	0.094118
die	gäste	in	0.058824
die	gäste	mit	0.058824
die	gäste	die	0.058824
die	gäste	auch	0.047059
die	gäste	hatten	0.035294
die	halbe	welt	0.750000
die	haltung	der	0.444444
die	hand	nehmen	0.166667
die	hand	zu	0.138889
die	hand	geben	0.111111
die	hauptstadt	der	0.363636
die	heim	em	1.000000
die	heiße	phase	1.000000
die	herren	des	0.500000
die	herzen	der	0.538462
die	heutige	zeit	0.375000
die	hier	in	0.250000
die	hinweise	zu	0.294118
die	hinweise	auf	0.176471
die	hinweise	zum	0.176471
die	hoffnung	dass	0.235294
die	hoffnung	auf	0.147059
die	hoffnung	der	0.117647
die	hohe	qualität	0.272727
die	hohe	zahl	0.272727
die	hohen	kosten	0.300000
die	hälfte	der	0.494505
die	hälfte	aller	0.120879
die	hälfte	des	0.076923
die	hälfte	davon	0.054945
die	hände	von	0.181818
die	hände	in	0.136364
die	häuser	in	0.300000
die	höhe	der	0.371429
die	höhe	des	0.257143
die	höhle	der	0.833333
die	ich	mich	0.093023
die	ich	mir	0.069767
die	ich	nicht	0.069767
die	idee	mit	0.085714
die	idee	die	0.057143
die	idee	eine	0.057143
die	idee	zu	0.057143
die	idee	auf	0.057143
die	idee	ist	0.042857
die	idee	dahinter	0.042857
die	identität	der	0.400000
die	ihre	kinder	0.142857
die	im	jahr	0.053097
die	im	vergangenen	0.053097
die	im	bereich	0.053097
die	im	herbst	0.044248
die	im	rahmen	0.035398
die	im	april	0.026549
die	im	juni	0.026549
die	im	sommer	0.026549
die	im	oktober	0.026549
die	immer	wieder	0.357143
die	immer	noch	0.178571
die	in	der	0.283333
die	in	den	0.166667
die	in	einer	0.033333
die	in	die	0.033333
die	in	diesem	0.029167
die	in	dem	0.025000
die	in	ihrem	0.020833
die	in	einem	0.020833
die	in	deutschland	0.020833
die	in	dieser	0.020833
die	in	diesen	0.016667
die	in	letzter	0.016667
die	in	das	0.012500
die	in	betrieb	0.012500
die	in	anderen	0.012500
die	in	eine	0.012500
die	interessen	der	0.700000
die	internationale	gemeinschaft	0.437500
die	it	sicherheit	0.272727
die	jahre	alte	0.291667
die	jahre	bis	0.125000
die	jahre	und	0.083333
die	jahre	gekommen	0.062500
die	jahre	im	0.062500
die	jetzt	in	0.230769
die	junge	frau	0.461538
die	junge	generation	0.115385
die	jungen	leute	0.241379
die	jungen	menschen	0.137931
die	k	bis	0.375000
die	karten	neu	0.375000
die	kilometer	lange	0.600000
die	kinder	und	0.090164
die	kinder	die	0.049180
die	kinder	der	0.049180
die	kinder	in	0.032787
die	kinder	aus	0.032787
die	kinder	mit	0.024590
die	kinder	selbst	0.024590
die	kinder	im	0.024590
die	kleinen	besucher	0.157895
die	kleinen	und	0.157895
die	kombination	von	0.500000
die	kombination	aus	0.375000
die	kommunikation	mit	0.333333
die	kontrolle	über	0.605263
die	kontrolle	der	0.078947
die	kosten	für	0.419355
die	kosten	der	0.064516
die	kosten	von	0.053763
die	kosten	seien	0.032258
die	kosten	zu	0.032258
die	kosten	des	0.032258
die	kosten	sind	0.032258
die	kraft	der	0.307692
die	kraft	des	0.230769
die	kritik	an	0.259259
die	kritik	von	0.148148
die	kritik	am	0.111111
die	kunst	des	0.300000
die	lage	der	0.111111
die	lage	in	0.101010
die	lage	im	0.101010
die	lage	ist	0.070707
die	lage	zu	0.060606
die	lage	hat	0.040404
die	lage	bei	0.030303
die	lage	auf	0.030303
die	lebensmittel	und	0.333333
die	leiche	des	0.250000
die	leichte	schulter	0.750000
die	leistung	der	0.272727
die	leistung	in	0.136364
die	leitung	des	0.411765
die	leitung	der	0.411765
die	letzte	generation	0.245614
die	letzte	chance	0.070175
die	letzten	jahre	0.127660
die	letzten	drei	0.063830
die	letzten	fünf	0.063830
die	letzten	minuten	0.063830
die	letzten	beiden	0.063830
die	letzten	vier	0.063830
die	leute	die	0.076923
die	leute	in	0.061538
die	leute	sich	0.046154
die	leute	auf	0.046154
die	leute	nicht	0.046154
die	leute	an	0.046154
die	liebe	zur	0.263158
die	lieferung	von	0.615385
die	lieferung	der	0.115385
die	linke	will	0.111111
die	liste	der	0.500000
die	luft	und	0.172414
die	lust	auf	0.428571
die	macht	der	0.235294
die	macht	des	0.176471
die	man	mit	0.086957
die	man	nicht	0.072464
die	man	sich	0.057971
die	man	für	0.043478
die	mannschaft	von	0.141026
die	mannschaft	des	0.076923
die	mannschaft	in	0.051282
die	mannschaft	hat	0.038462
die	mannschaft	nicht	0.038462
die	mannschaft	die	0.038462
die	marke	von	0.529412
die	mehr	als	0.636364
die	meiste	zeit	0.875000
die	meisten	menschen	0.113821
die	meisten	von	0.081301
die	meisten	der	0.073171
die	meisten	punkte	0.032520
die	meisten	davon	0.032520
die	meisten	stimmen	0.024390
die	meisten	sind	0.024390
die	meisten	wollen	0.024390
die	meisten	würden	0.024390
die	meisten	fans	0.024390
die	menschen	in	0.173913
die	menschen	die	0.065217
die	menschen	im	0.059783
die	menschen	vor	0.027174
die	menschen	auf	0.027174
die	menschen	sind	0.027174
die	menschen	mit	0.027174
die	menschen	am	0.021739
die	menschen	nicht	0.021739
die	menschen	aus	0.016304
die	menschen	seien	0.016304
die	menschen	das	0.016304
die	mischung	aus	0.428571
die	mit	dem	0.117647
die	mit	der	0.109244
die	mit	einem	0.109244
die	mit	den	0.092437
die	mit	ihrer	0.058824
die	mit	ihren	0.042017
die	mit	ihrem	0.042017
die	mit	einer	0.033613
die	mit	abstand	0.025210
die	mitarbeiter	der	0.175000
die	mitarbeiter	des	0.150000
die	mitglieder	der	0.313725
die	mitglieder	des	0.274510
die	mitte	der	0.200000
die	mittel	für	0.263158
die	musik	von	0.176471
die	muskeln	spielen	0.500000
die	mutter	des	0.184211
die	mädchen	im	0.250000
die	mädchen	und	0.250000
die	möglichkeit	sich	0.050725
die	möglichkeit	zu	0.043478
die	möglichkeit	die	0.043478
die	möglichkeit	mit	0.043478
die	möglichkeit	einen	0.043478
die	möglichkeit	das	0.036232
die	möglichkeit	für	0.036232
die	möglichkeit	seine	0.028986
die	möglichkeit	in	0.028986
die	möglichkeit	einer	0.028986
die	möglichkeit	zur	0.028986
die	möglichkeit	hat	0.021739
die	möglichkeit	haben	0.021739
die	möglichkeit	dass	0.021739
die	möglichkeit	auf	0.021739
die	nach	dem	0.295455
die	nach	der	0.113636
die	nach	den	0.113636
die	nachricht	von	0.166667
die	nachricht	dass	0.166667
die	nacht	zum	0.222222
die	nacht	der	0.148148
die	nacht	zu	0.111111
die	namen	der	0.562500
die	namen	von	0.187500
die	nase	vorn	0.428571
die	nase	voll	0.142857
die	nationale	sicherheit	0.571429
die	natur	und	0.100000
die	natur	in	0.100000
die	neue	saison	0.161017
die	neue	woche	0.050847
die	neue	generation	0.042373
die	neue	version	0.033898
die	neue	staffel	0.033898
die	neue	brücke	0.033898
die	neue	partei	0.025424
die	neue	nummer	0.025424
die	neue	situation	0.025424
die	neue	folge	0.025424
die	neue	regel	0.025424
die	neue	regierung	0.025424
die	neuen	folgen	0.125000
die	new	york	0.750000
die	new	yorker	0.187500
die	nicht	mehr	0.087500
die	nicht	von	0.087500
die	nicht	auf	0.075000
die	nicht	nur	0.075000
die	nicht	den	0.037500
die	nicht	in	0.037500
die	nicht	immer	0.037500
die	nicht	die	0.037500
die	nicht	so	0.037500
die	noch	nicht	0.184211
die	noch	bis	0.131579
die	noch	in	0.078947
die	nummer	eins	0.304348
die	nummer	zwei	0.217391
die	nummer	der	0.130435
die	nur	durch	0.100000
die	nächste	runde	0.274510
die	nächste	generation	0.098039
die	nächste	stufe	0.058824
die	nächste	saison	0.058824
die	nächsten	tage	0.131579
die	nächsten	jahre	0.131579
die	nächsten	drei	0.105263
die	nächsten	schritte	0.078947
die	nächsten	monate	0.078947
die	opfer	waren	0.285714
die	opfer	des	0.214286
die	organisation	der	0.120000
die	organisation	des	0.120000
die	papiere	der	0.444444
die	partei	von	0.078431
die	partei	nun	0.058824
die	pflicht	zum	0.250000
die	pläne	für	0.234043
die	pläne	des	0.106383
die	pläne	der	0.106383
die	pläne	von	0.085106
die	politik	der	0.118644
die	politik	in	0.050847
die	politik	den	0.050847
die	politische	führung	0.166667
die	polizei	am	0.113095
die	polizei	in	0.059524
die	polizei	ermittelt	0.041667
die	polizei	hat	0.039683
die	polizei	mit	0.035714
die	polizei	sucht	0.033730
die	polizei	die	0.025794
die	polizei	geht	0.023810
die	polizei	im	0.023810
die	polizei	nach	0.023810
die	polizei	und	0.021825
die	polizei	bittet	0.021825
die	polizei	auf	0.019841
die	polizei	den	0.017857
die	polizei	berichtet	0.017857
die	polizei	noch	0.013889
die	polizei	war	0.013889
die	polizei	eine	0.011905
die	polizei	einen	0.011905
die	polizei	hatte	0.011905
die	polizei	nahm	0.011905
die	polizei	will	0.009921
die	polizei	zum	0.007937
die	polizei	zu	0.007937
die	polizei	weiter	0.007937
die	polizei	jetzt	0.007937
die	polizei	konnte	0.007937
die	polizei	sprach	0.007937
die	polizei	weil	0.007937
die	polizei	von	0.007937
die	polizisten	ihn	0.111111
die	polizisten	den	0.111111
die	position	der	0.250000
die	preise	für	0.366667
die	preise	der	0.044444
die	preise	im	0.044444
die	preise	in	0.044444
die	preise	steigen	0.033333
die	preise	von	0.033333
die	preise	auf	0.033333
die	preise	um	0.033333
die	probleme	der	0.250000
die	probleme	in	0.107143
die	produktion	von	0.212121
die	produktion	in	0.181818
die	produktion	des	0.090909
die	profis	von	0.500000
die	präsidentin	der	0.500000
die	präsidentin	des	0.375000
die	qualität	der	0.382353
die	qualität	des	0.205882
die	qualität	und	0.088235
die	reaktion	der	0.384615
die	reaktion	auf	0.230769
die	rechte	an	0.142857
die	rechte	seite	0.142857
die	rechte	der	0.142857
die	rechte	von	0.142857
die	rechte	und	0.107143
die	rede	ist	0.431818
die	rede	war	0.159091
die	rede	gewesen	0.068182
die	rede	von	0.068182
die	regeln	für	0.312500
die	regierung	in	0.153061
die	regierung	die	0.061224
die	regierung	von	0.061224
die	regierung	habe	0.040816
die	regierung	eine	0.030612
die	regierung	zu	0.030612
die	regierung	hat	0.030612
die	regierung	unter	0.030612
die	region	und	0.107143
die	region	um	0.107143
die	reise	in	0.156250
die	reise	nach	0.156250
die	reise	der	0.093750
die	restlichen	prozent	0.214286
die	rettung	von	0.444444
die	richtige	richtung	0.305556
die	risiken	aber	0.214286
die	rolle	des	0.395349
die	rolle	der	0.139535
die	rolle	von	0.116279
die	rolle	seines	0.069767
die	rolle	im	0.069767
die	rot	weißen	0.428571
die	rote	karte	0.588235
die	rund	millionen	0.166667
die	rund	menschen	0.166667
die	rund	kilometer	0.166667
die	runden	zu	0.428571
die	runden	kommen	0.428571
die	russische	armee	0.416667
die	russische	invasion	0.138889
die	russische	führung	0.083333
die	russischen	truppen	0.312500
die	russischen	behörden	0.250000
die	rückkehr	von	0.241379
die	rückkehr	der	0.241379
die	rückkehr	in	0.172414
die	rückkehr	des	0.103448
die	sache	mit	0.090909
die	saison	gestartet	0.076923
die	saison	starten	0.076923
die	saison	zu	0.057692
die	saison	in	0.057692
die	saison	ein	0.057692
die	schauspielerin	zu	0.176471
die	schuld	für	0.214286
die	schule	zu	0.081081
die	schwarz	gelben	0.375000
die	schweren	vorwürfe	0.500000
die	schwester	von	0.375000
die	schönsten	bilder	0.375000
die	seit	jahren	0.105263
die	seit	dem	0.078947
die	seit	vielen	0.078947
die	sich	in	0.090909
die	sich	mit	0.060606
die	sich	für	0.052342
die	sich	im	0.044077
die	sich	nicht	0.038567
die	sich	auf	0.033058
die	sich	die	0.030303
die	sich	über	0.022039
die	sich	von	0.019284
die	sich	um	0.019284
die	sich	auch	0.016529
die	sich	durch	0.016529
die	sich	an	0.016529
die	sich	eine	0.016529
die	sich	noch	0.013774
die	sich	aus	0.013774
die	sich	nach	0.013774
die	sich	das	0.011019
die	sich	als	0.011019
die	sich	am	0.011019
die	sich	gegen	0.011019
die	sich	jetzt	0.011019
die	sich	vor	0.011019
die	sich	seit	0.008264
die	sich	nun	0.008264
die	sich	dann	0.008264
die	sich	zuletzt	0.008264
die	sich	unter	0.008264
die	sich	alle	0.008264
die	sich	bei	0.008264
die	sicherheit	der	0.305556
die	sicherheit	und	0.111111
die	sicherheit	des	0.111111
die	sie	in	0.121495
die	sie	im	0.056075
die	sie	nicht	0.046729
die	sie	mit	0.046729
die	sie	zu	0.037383
die	sie	von	0.037383
die	sie	sich	0.037383
die	sie	für	0.037383
die	sie	bei	0.037383
die	sie	brauchen	0.028037
die	situation	für	0.072165
die	situation	im	0.061856
die	situation	der	0.061856
die	situation	in	0.061856
die	situation	zu	0.051546
die	situation	auf	0.051546
die	situation	ist	0.041237
die	situation	vor	0.030928
die	situation	unter	0.030928
die	so	viel	0.166667
die	sorge	um	0.294118
die	sorge	dass	0.235294
die	spieler	von	0.076923
die	spieler	die	0.076923
die	spitze	der	0.321429
die	spitze	des	0.285714
die	sprache	des	0.200000
die	spuren	der	0.428571
die	staatsanwaltschaft	in	0.094340
die	staatsanwaltschaft	berlin	0.056604
die	staatsanwaltschaft	hatte	0.056604
die	staatsanwaltschaft	wirft	0.056604
die	stadt	mit	0.061856
die	stadt	und	0.051546
die	stadt	hat	0.036082
die	stadt	in	0.030928
die	stadt	wien	0.025773
die	stadt	habe	0.020619
die	stadt	für	0.020619
die	stadt	kann	0.020619
die	stadt	das	0.015464
die	stadt	auf	0.015464
die	stadt	ein	0.015464
die	stadt	nun	0.015464
die	stadt	hatte	0.015464
die	stadt	sei	0.015464
die	stadt	zu	0.015464
die	stadt	im	0.015464
die	stadt	bei	0.015464
die	stadt	als	0.015464
die	staffel	von	0.300000
die	stimmung	in	0.266667
die	stimmung	im	0.116667
die	stimmung	ist	0.066667
die	stimmung	beim	0.066667
die	stimmung	der	0.050000
die	stimmung	am	0.050000
die	strategie	der	0.272727
die	straße	und	0.083333
die	straße	ist	0.066667
die	straße	zu	0.066667
die	straße	um	0.050000
die	straße	gegangen	0.050000
die	straße	des	0.050000
die	straßen	und	0.136364
die	straßen	in	0.136364
die	strecke	in	0.148148
die	strecke	zwischen	0.111111
die	stärke	der	0.555556
die	suche	nach	0.750000
die	tage	woche	0.214286
die	tasche	greifen	0.833333
die	tatsache	dass	0.894737
die	temperatur	auf	0.230769
die	tiere	in	0.078947
die	tochter	von	0.454545
die	tochter	des	0.272727
die	trennung	von	0.428571
die	truppe	von	0.444444
die	täter	sind	0.094340
die	täter	für	0.056604
die	tür	der	0.142857
die	tür	zu	0.142857
die	uhr	die	0.176471
die	und	die	0.428571
die	unter	anderem	0.366667
die	unter	der	0.233333
die	unter	dem	0.100000
die	unterstützung	der	0.200000
die	unterstützung	von	0.155556
die	unterstützung	des	0.088889
die	unterstützung	für	0.066667
die	unterstützung	seiner	0.066667
die	ursache	für	0.400000
die	us	regierung	0.292683
die	us	bank	0.146341
die	us	behörden	0.073171
die	us	amerikanischen	0.073171
die	us	amerikanische	0.073171
die	usa	die	0.070588
die	usa	haben	0.058824
die	usa	und	0.047059
die	verantwortung	für	0.416667
die	vereinigten	staaten	1.000000
die	verfahren	zu	0.500000
die	vergangenen	jahre	0.500000
die	vergangenen	monate	0.187500
die	vergangenheit	von	0.272727
die	verhandlungen	zwischen	0.214286
die	verhandlungen	mit	0.214286
die	vertreter	der	0.727273
die	veränderung	der	0.500000
die	veränderungen	in	0.750000
die	viele	jahre	0.250000
die	vielen	besucher	0.115385
die	von	der	0.316770
die	von	den	0.186335
die	von	einem	0.037267
die	von	einer	0.037267
die	von	vielen	0.024845
die	von	ihrem	0.024845
die	von	bis	0.018634
die	von	ihr	0.018634
die	von	ihren	0.018634
die	vor	allem	0.285714
die	vor	dem	0.122449
die	vor	und	0.102041
die	vor	einem	0.061224
die	vorschläge	des	0.428571
die	vorschriften	für	1.000000
die	vorstellung	des	0.187500
die	vorwürfe	gegen	0.310345
die	vorwürfe	die	0.103448
die	wahl	des	0.163636
die	wahl	zum	0.127273
die	wahl	zwischen	0.072727
die	washington	post	1.000000
die	wege	zu	0.300000
die	wege	geleitet	0.300000
die	wegen	der	0.428571
die	weichen	für	0.714286
die	weitere	entwicklung	0.363636
die	weitere	zusammenarbeit	0.272727
die	weiteren	ermittlungen	0.461538
die	welt	der	0.157895
die	welt	zu	0.073684
die	welt	in	0.052632
die	welt	des	0.052632
die	welt	ist	0.031579
die	welt	retten	0.031579
die	werte	der	0.428571
die	wichtigsten	fragen	0.370370
die	wichtigsten	infos	0.111111
die	wir	haben	0.064516
die	wir	brauchen	0.048387
die	wir	nicht	0.048387
die	wir	mit	0.048387
die	wirtschaft	in	0.214286
die	wirtschaft	und	0.178571
die	wohnung	und	0.142857
die	wohnung	des	0.107143
die	während	der	0.454545
die	während	des	0.272727
die	wünsche	der	1.000000
die	zahl	der	0.865000
die	zahl	von	0.020000
die	zahlen	für	0.088235
die	zeichen	der	0.714286
die	zeit	der	0.114943
die	zeit	in	0.091954
die	zeit	die	0.080460
die	zeit	mit	0.068966
die	zeit	zu	0.068966
die	zeit	im	0.045977
die	zeit	als	0.045977
die	zeit	gekommen	0.045977
die	zeit	nach	0.034483
die	zeit	ist	0.034483
die	zeit	für	0.034483
die	zeitung	unter	0.187500
die	zeitung	le	0.187500
die	zentrale	der	0.214286
die	ziele	des	0.227273
die	ziele	sind	0.136364
die	ziele	für	0.136364
die	ziele	der	0.136364
die	zu	einer	0.166667
die	zu	den	0.083333
die	zukunft	der	0.182692
die	zukunft	des	0.173077
die	zukunft	von	0.086538
die	zukunft	und	0.048077
die	zukunft	zu	0.028846
die	zum	teil	0.280000
die	zum	beispiel	0.160000
die	zusammenarbeit	mit	0.475000
die	zusammenarbeit	der	0.075000
die	zusammenarbeit	und	0.075000
die	zustimmung	der	0.315789
die	zustimmung	des	0.210526
die	zweite	hälfte	0.113636
die	zweite	runde	0.113636
die	zweite	und	0.068182
die	zweite	liga	0.068182
die	zwischen	und	0.500000
die	öffentliche	hand	0.307692
die	über	die	0.419355
die	über	den	0.290323
die	übertragung	der	0.571429
dies	bedeutet	dass	0.625000
dies	erklärte	der	1.000000
dies	geht	aus	0.857143
dies	gilt	für	0.272727
dies	ist	ein	0.116279
dies	ist	eine	0.093023
dies	ist	auch	0.093023
dies	ist	der	0.069767
dies	ist	die	0.069767
dies	mit	dem	0.333333
dies	möglich	ist	0.600000
dies	nicht	der	0.260870
dies	nicht	nur	0.173913
dies	sei	ein	0.160000
dies	sei	eine	0.120000
dies	sei	auch	0.120000
dies	vor	allem	0.600000
diese	art	von	0.611111
diese	art	der	0.222222
diese	daten	sind	0.500000
diese	form	der	1.000000
diese	für	die	0.333333
diese	in	der	0.214286
diese	und	weitere	0.615385
diese	woche	mit	0.102564
dieser	artikel	wurde	0.500000
dieser	saison	noch	0.056604
dieser	saison	schon	0.056604
dieser	tage	in	0.187500
dieser	woche	im	0.061224
dieser	woche	in	0.061224
dieser	woche	ist	0.061224
dieser	zeit	in	0.108108
direkt	an	die	0.454545
direkt	an	der	0.318182
direkt	an	das	0.136364
direkt	auf	den	0.625000
direkt	in	die	0.300000
direkt	in	den	0.300000
direkt	nach	der	0.444444
direkt	nach	dem	0.333333
direkt	von	der	0.375000
direkt	von	den	0.375000
direkt	vor	dem	0.333333
direkt	vor	der	0.266667
direkt	vor	ort	0.200000
direkt	über	die	0.666667
dort	gibt	es	1.000000
dort	habe	er	0.363636
dort	habe	ich	0.272727
dort	in	den	0.230769
dort	kam	er	0.750000
dort	kann	man	0.833333
dort	mit	einem	0.187500
dort	mit	dem	0.187500
dort	nicht	mehr	0.210526
dort	soll	es	0.666667
dort	unter	anderem	0.750000
dort	wird	über	0.166667
dort	wo	es	0.230769
dort	wurde	der	0.333333
dort	zu	finden	0.176471
dreht	sich	alles	0.200000
dreht	sich	um	0.166667
drei	bis	vier	0.615385
drei	bis	fünf	0.192308
drei	euro	pro	0.600000
drei	jahre	nach	0.093023
drei	jahre	lang	0.093023
drei	jahre	alt	0.069767
drei	jahren	in	0.120000
drei	jahren	und	0.060000
drei	jahren	ist	0.060000
drei	menschen	verletzt	0.214286
drei	millionen	euro	0.555556
drei	minuten	später	0.285714
drei	monate	zeit	0.142857
drei	monaten	haft	0.157895
drei	prozent	der	0.500000
drei	spiele	in	0.200000
drei	tage	in	0.142857
drei	tage	nach	0.142857
drei	tage	später	0.114286
drei	tage	bart	0.085714
drei	tage	lang	0.085714
drei	viertel	der	0.666667
drei	von	vier	0.500000
drei	von	ihnen	0.333333
drei	wochen	lang	0.114286
drei	wochen	später	0.085714
dritte	staffel	von	1.000000
dritten	mal	in	0.500000
dritter	in	der	0.750000
druck	auf	die	0.428571
druck	auf	das	0.114286
druck	auf	den	0.114286
druck	auf	dem	0.085714
drängen	sich	in	0.600000
du	am	ende	1.000000
du	musst	dich	0.250000
e	und	e	0.428571
ebenfalls	auf	der	0.384615
ebenfalls	auf	dem	0.230769
ebenfalls	aus	der	0.333333
ebenfalls	in	der	0.428571
ebenfalls	in	die	0.142857
ebenfalls	in	deutschland	0.142857
ebenfalls	mit	dem	0.285714
ebenfalls	mit	der	0.214286
ebenfalls	von	einem	0.333333
ebenfalls	vor	ort	1.000000
ebenfalls	zu	den	0.428571
einbruch	in	einen	0.272727
einbruch	in	der	0.272727
einen	anderen	weg	0.217391
einen	angriff	auf	0.428571
einen	anschlag	auf	0.666667
einen	anspruch	auf	1.000000
einen	anteil	von	1.000000
einen	antrag	auf	0.285714
einen	austausch	über	0.428571
einen	beitrag	leisten	0.333333
einen	beitrag	zur	0.250000
einen	besuch	ab	0.230769
einen	blick	auf	0.529412
einen	blick	in	0.235294
einen	der	größten	0.272727
einen	der	beiden	0.181818
einen	dritten	platz	0.600000
einen	ganz	besonderen	0.384615
einen	ganz	anderen	0.230769
einen	ganzen	tag	0.571429
einen	großen	teil	0.206897
einen	großen	einfluss	0.103448
einen	grund	für	0.666667
einen	guten	eindruck	0.142857
einen	guten	job	0.142857
einen	guten	start	0.107143
einen	hauch	von	1.000000
einen	jahre	alten	1.000000
einen	job	zu	0.363636
einen	jungen	mann	0.600000
einen	kredit	von	0.428571
einen	käufer	für	1.000000
einen	mangel	an	1.000000
einen	mann	aus	0.190476
einen	menschen	der	0.600000
einen	monat	nach	0.250000
einen	monat	vor	0.250000
einen	namen	gemacht	0.538462
einen	neuen	vertrag	0.105263
einen	neuen	vorstand	0.078947
einen	neuen	höhepunkt	0.078947
einen	notruf	ab	0.600000
einen	oder	anderen	0.750000
einen	plan	b	0.400000
einen	platz	im	0.375000
einen	preis	von	0.375000
einen	punkt	geholt	0.166667
einen	richtig	guten	1.000000
einen	schlechten	ruf	0.750000
einen	schritt	weiter	0.454545
einen	sehr	guten	0.500000
einen	seite	die	0.250000
einen	sieg	gegen	0.357143
einen	sitz	im	1.000000
einen	strich	durch	1.000000
einen	tag	später	0.245283
einen	tag	nach	0.207547
einen	tag	vor	0.132075
einen	tag	zuvor	0.056604
einen	tag	lang	0.056604
einen	teil	der	0.419355
einen	teil	des	0.225806
einen	teil	seiner	0.096774
einen	unfall	verursacht	0.166667
einen	unterschied	zwischen	0.375000
einen	verlust	von	0.600000
einen	vertrag	bis	0.454545
einen	von	ihnen	0.428571
einen	wert	von	0.833333
einen	wichtigen	beitrag	0.421053
einen	wichtigen	schritt	0.210526
einer	am	donnerstag	0.272727
einer	am	montag	0.227273
einer	am	mittwoch	0.181818
einer	am	dienstag	0.136364
einer	am	freitag	0.136364
einer	anderen	welt	0.214286
einer	davon	ist	0.500000
einer	der	größten	0.139706
einer	der	beiden	0.095588
einer	der	besten	0.088235
einer	der	ersten	0.051471
einer	der	wenigen	0.036765
einer	der	drei	0.036765
einer	der	gründe	0.029412
einer	der	wichtigsten	0.022059
einer	der	ältesten	0.022059
einer	der	männer	0.022059
einer	der	verdächtigen	0.022059
einer	früheren	version	0.600000
einer	ganz	anderen	0.300000
einer	ganz	besonderen	0.300000
einer	gemeinsamen	erklärung	0.375000
einer	geschwindigkeit	von	1.000000
einer	halben	stunde	0.625000
einer	höhe	von	1.000000
einer	jungen	frau	0.750000
einer	kombination	aus	1.000000
einer	kontrolle	in	0.333333
einer	leistung	von	0.750000
einer	million	euro	0.888889
einer	mischung	aus	1.000000
einer	neuen	partei	0.148148
einer	neuen	studie	0.111111
einer	pressekonferenz	in	0.235294
einer	pressekonferenz	am	0.235294
einer	reihe	von	0.700000
einer	s	bahn	1.000000
einer	sitzung	des	1.000000
einer	studie	die	0.266667
einer	studie	von	0.200000
einer	tankstelle	in	0.750000
einer	von	ihnen	0.285714
einer	von	vielen	0.119048
einer	von	mehreren	0.071429
einer	welt	die	0.666667
einer	woche	die	0.116279
einer	woche	in	0.069767
einer	woche	im	0.069767
einer	wohnung	in	0.578947
einer	wohnung	im	0.210526
einer	zeit	in	0.500000
einer	zeit	von	0.166667
eines	besonders	schweren	1.000000
eines	der	größten	0.220339
eines	der	wichtigsten	0.101695
eines	der	ersten	0.067797
eines	der	beiden	0.067797
eines	der	besten	0.050847
eines	jahre	alten	0.750000
eines	jungen	mannes	0.750000
eines	mannes	und	0.375000
einfach	in	die	0.400000
einfach	nicht	mehr	0.184211
einfach	nur	ein	0.093750
einfluss	auf	die	0.633333
einfluss	auf	das	0.133333
einfluss	auf	den	0.133333
einfluss	in	der	1.000000
einige	mitglieder	der	0.600000
einige	stunden	später	0.428571
einige	tage	zuvor	0.230769
einige	von	ihnen	1.000000
eintritt	in	die	0.625000
eintritt	in	den	0.375000
eintritt	ist	frei	0.750000
eintritt	kostet	euro	0.666667
elf	prozent	der	0.300000
eltern	ihre	kinder	1.000000
endete	mit	einer	0.363636
endete	mit	einem	0.272727
eng	mit	der	0.461538
eng	mit	dem	0.384615
eng	verbunden	mit	0.750000
entlang	der	b	0.266667
entscheiden	sich	für	0.500000
entscheidung	in	der	1.000000
entscheidung	über	den	0.428571
entschied	sich	die	0.230769
entschied	sich	für	0.230769
entwickeln	und	zu	0.300000
entwicklung	bei	den	0.600000
entwicklung	in	der	0.545455
erdbeben	in	der	0.800000
erfahrung	im	bereich	0.750000
erfahrung	in	der	0.666667
ergeben	sich	aus	0.300000
erinnerung	an	die	0.333333
erleben	zu	müssen	0.750000
ermittelt	die	polizei	0.714286
erneut	für	die	0.714286
erneut	in	den	0.300000
ernst	zu	nehmen	0.888889
ersatz	für	die	0.300000
erst	am	montag	0.100000
erst	am	donnerstag	0.100000
erst	am	freitag	0.100000
erst	an	der	0.750000
erst	der	anfang	0.666667
erst	einmal	eine	0.098039
erst	gar	nicht	1.000000
erst	gegen	ende	0.272727
erst	gegen	uhr	0.272727
erst	im	februar	0.097561
erst	im	oktober	0.073171
erst	im	vergangenen	0.073171
erst	im	nächsten	0.073171
erst	in	der	0.266667
erst	in	den	0.200000
erst	kurz	vor	1.000000
erst	mit	der	0.428571
erst	nach	der	0.189189
erst	nach	dem	0.135135
erst	nach	einer	0.081081
erst	nach	und	0.081081
erst	nach	einem	0.081081
erst	recht	wenn	0.142857
erst	seit	gestern	0.157895
erst	seit	der	0.157895
erst	um	uhr	0.750000
erst	vor	wenigen	0.405405
erst	vor	kurzem	0.162162
erst	vor	zwei	0.108108
erst	wenn	die	0.500000
erst	wenn	es	0.285714
erst	wieder	am	0.500000
experten	aus	dem	0.571429
experten	schätzen	dass	0.750000
experten	sind	sich	0.750000
explosion	in	einem	0.750000
f	a	z	1.000000
familien	mit	kindern	0.545455
fertig	zu	werden	0.600000
fest	dass	die	0.140000
fest	dass	der	0.100000
fest	dass	er	0.100000
fest	dass	es	0.080000
fest	dass	sie	0.060000
fest	dass	sich	0.060000
fest	dass	für	0.060000
fest	davon	überzeugt	1.000000
fest	im	griff	0.454545
fest	im	blick	0.272727
fest	in	den	0.300000
fest	in	der	0.300000
fest	steht	dass	0.363636
fest	wie	die	0.500000
feuer	auf	einem	0.375000
feuer	in	einem	0.454545
feuer	in	der	0.363636
feuer	und	flamme	0.500000
feuer	zu	löschen	0.800000
feuerwehr	aus	dem	0.500000
feuerwehr	und	polizei	0.312500
feuerwehr	und	die	0.250000
finde	es	toll	0.187500
fischer	nach	der	1.000000
fit	für	den	0.600000
folgt	auf	den	0.571429
fordert	für	die	1.000000
fortschritte	bei	der	1.000000
fortschritte	in	der	0.600000
frau	aus	dem	0.428571
frau	die	in	0.107143
frau	die	mit	0.107143
frau	in	der	0.238095
frau	in	ihrem	0.142857
frau	in	den	0.142857
frau	in	einem	0.142857
frau	mit	einem	0.333333
frau	mit	dem	0.200000
frau	und	den	0.120000
frau	und	ich	0.120000
frauen	auf	dem	0.625000
frauen	helfen	frauen	1.000000
frauen	im	alter	0.833333
frauen	in	der	0.148148
frauen	in	den	0.111111
frauen	kinder	und	1.000000
frauen	und	männer	0.306122
frauen	und	männern	0.122449
frauen	und	mädchen	0.102041
frauen	und	kinder	0.061224
freitag	auf	dem	0.230769
freitag	bis	sonntag	0.625000
freitag	gegen	uhr	0.777778
freitag	gibt	es	1.000000
freitag	in	einer	0.260870
freitag	in	der	0.260870
freitag	in	den	0.130435
freitag	mit	einem	0.500000
freitag	september	um	0.444444
freitag	um	uhr	0.666667
freitag	und	samstag	0.818182
freitag	von	bis	0.500000
freitag	wird	es	0.400000
freitag	wird	der	0.300000
freue	er	sich	1.000000
freue	ich	mich	1.000000
freue	mich	dass	0.218750
freue	mich	auf	0.187500
freue	mich	sehr	0.187500
freue	mich	darauf	0.156250
freuen	sich	über	0.407407
freuen	sich	auf	0.296296
freuen	uns	mit	0.142857
freuen	uns	auf	0.142857
freuen	uns	darauf	0.114286
freuen	uns	über	0.114286
freuen	uns	dass	0.114286
freuen	uns	sehr	0.085714
freuen	wenn	sie	0.750000
freuen	wir	uns	1.000000
freundinnen	und	freunde	0.750000
froh	dass	ich	0.263158
froh	dass	die	0.157895
froh	dass	es	0.157895
früh	in	den	0.272727
früh	in	führung	0.272727
früher	gab	es	1.000000
früher	in	rente	0.333333
früher	oder	später	1.000000
fälle	in	denen	0.500000
führen	dass	die	0.400000
führt	das	zu	0.428571
führt	zu	einem	0.333333
führt	zu	einer	0.333333
führung	der	gäste	0.375000
führung	für	den	0.800000
führung	in	die	0.500000
führung	in	der	0.300000
führung	über	die	1.000000
fünf	bis	sechs	0.454545
fünf	bis	zehn	0.363636
fünf	der	sechs	0.375000
fünf	jahre	lang	0.222222
fünf	jahren	in	0.083333
fünf	milliarden	euro	1.000000
fünf	millionen	euro	0.833333
fünf	minuten	später	0.470588
fünf	tage	nach	0.266667
fünften	und	letzten	1.000000
g	gipfel	in	0.500000
gab	an	dass	0.500000
gab	das	unternehmen	0.333333
gab	die	polizei	0.300000
gab	es	in	0.068702
gab	es	für	0.063613
gab	es	auch	0.050891
gab	es	einen	0.048346
gab	es	im	0.045802
gab	es	keine	0.040712
gab	es	eine	0.038168
gab	es	am	0.035623
gab	es	ein	0.025445
gab	es	schon	0.017812
gab	es	die	0.017812
gab	es	bei	0.017812
gab	es	noch	0.012723
gab	es	beim	0.012723
gab	es	zuletzt	0.012723
gab	es	auf	0.012723
gab	es	von	0.012723
gab	es	aber	0.010178
gab	es	nur	0.010178
gab	es	jedoch	0.010178
gab	es	nicht	0.010178
gab	es	viele	0.010178
gab	es	bisher	0.007634
gab	es	laut	0.007634
gab	es	mit	0.007634
gab	es	dann	0.007634
gab	es	immer	0.007634
gab	es	nach	0.007634
gab	es	dagegen	0.007634
gab	es	diesmal	0.007634
gaben	an	dass	0.625000
gaben	sich	als	0.400000
gang	in	die	1.000000
gang	und	gäbe	0.500000
ganz	am	ende	0.666667
ganz	anders	aus	0.217391
ganz	anders	ist	0.130435
ganz	anders	als	0.130435
ganz	auf	die	0.230769
ganz	genau	was	0.214286
ganz	im	zeichen	0.380952
ganz	im	gegenteil	0.285714
ganz	im	sinne	0.142857
ganz	in	der	0.384615
ganz	klar	das	0.133333
ganz	nach	dem	0.555556
ganz	oben	auf	0.631579
ganz	und	gar	0.875000
ganz	vorne	mit	0.375000
ganz	zu	schweigen	0.600000
ganzes	leben	lang	0.428571
gas	und	strom	0.500000
gast	an	der	0.750000
gebe	es	auch	0.081633
gebe	es	in	0.081633
gebe	es	einen	0.071429
gebe	es	noch	0.061224
gebe	es	eine	0.061224
gebe	es	keine	0.061224
gebe	es	im	0.030612
gebe	es	genug	0.030612
gebe	es	derzeit	0.030612
geben	erklärte	der	1.000000
geben	heißt	es	1.000000
geben	können	werden	0.666667
geben	sich	die	0.500000
geben	so	die	0.500000
geben	zu	können	0.500000
gebracht	wie	die	1.000000
gedacht	dass	es	0.272727
gehandelt	zu	haben	1.000000
geht	an	der	0.600000
geht	auf	das	0.416667
geht	auf	die	0.250000
geht	aus	einer	0.242424
geht	aus	dem	0.212121
geht	aus	einem	0.212121
geht	aus	der	0.181818
geht	darum	den	0.300000
geht	davon	aus	1.000000
geht	es	um	0.187500
geht	es	mit	0.067708
geht	es	in	0.057292
geht	es	nicht	0.049479
geht	es	für	0.046875
geht	es	auch	0.036458
geht	es	darum	0.036458
geht	es	im	0.033854
geht	es	nach	0.031250
geht	es	am	0.026042
geht	es	weiter	0.023438
geht	es	bei	0.020833
geht	es	vor	0.018229
geht	es	wieder	0.015625
geht	es	zum	0.013021
geht	es	gegen	0.013021
geht	es	doch	0.013021
geht	es	den	0.013021
geht	es	nun	0.013021
geht	es	dabei	0.013021
geht	es	dann	0.010417
geht	es	hier	0.010417
geht	es	nur	0.010417
geht	es	jetzt	0.010417
geht	es	aber	0.007812
geht	es	wie	0.007812
geht	es	dem	0.007812
geht	es	schon	0.007812
geht	es	beim	0.007812
geht	gar	nicht	1.000000
geht	in	die	0.318182
geht	in	den	0.181818
geht	man	mit	0.230769
geht	nicht	nur	0.250000
geht	nicht	mehr	0.187500
geht	nicht	um	0.187500
geht	s	am	0.136364
geht	s	für	0.113636
geht	s	zum	0.090909
geht	s	dann	0.068182
geht	s	nicht	0.068182
geht	s	weiter	0.068182
geht	um	die	0.277778
geht	um	ein	0.111111
geht	um	das	0.111111
geht	um	eine	0.083333
geht	von	einem	0.300000
gehört	auch	die	0.250000
gehört	auch	der	0.208333
gehört	auch	dazu	0.125000
gehört	auch	das	0.125000
gehört	für	viele	0.600000
gehört	zu	den	0.575000
gehört	zu	einem	0.075000
gehörte	zu	den	0.800000
gemüse	obst	und	1.000000
genommen	werden	und	0.272727
geplant	ist	ein	0.200000
geplant	ist	den	0.150000
geplant	ist	dass	0.150000
gerade	einmal	jahre	0.120000
gerade	einmal	sechs	0.120000
gerade	für	den	0.375000
gerade	in	der	0.319149
gerade	in	zeiten	0.148936
gerade	in	den	0.127660
gerade	in	dieser	0.063830
gerade	mit	blick	0.500000
gerade	noch	rechtzeitig	0.157895
gerecht	zu	werden	0.866667
getroffen	zu	haben	0.600000
getötet	haben	soll	0.750000
getötet	und	mehrere	0.136364
getötet	worden	sei	0.363636
getötet	worden	ist	0.272727
getötet	zu	haben	0.875000
gewalt	an	frauen	0.375000
gewalt	gegen	frauen	0.875000
gewesen	dass	es	0.272727
gewesen	dass	die	0.272727
gewesen	hieß	es	1.000000
gewesen	sei	die	0.200000
gewesen	sein	soll	0.352941
gewesen	um	die	0.500000
gewesen	und	habe	0.238095
gewesen	zu	sein	1.000000
geworden	ist	und	0.400000
geworden	zu	sein	1.000000
gilt	als	eine	0.173077
gilt	als	einer	0.134615
gilt	als	die	0.076923
gilt	als	der	0.057692
gilt	auch	für	0.592593
gilt	auch	bei	0.111111
gilt	die	region	0.500000
gilt	es	nun	0.142857
gilt	für	die	0.400000
gilt	nicht	nur	0.500000
gilt	vor	allem	1.000000
glauben	dass	die	0.200000
glauben	nicht	dass	1.000000
gleiche	gilt	für	0.666667
griff	ein	mann	0.750000
griff	zu	bekommen	0.500000
großes	interesse	an	0.444444
großes	interesse	daran	0.333333
grund	auf	neu	0.800000
grund	dafür	ist	0.394737
grund	dafür	sei	0.131579
grund	dafür	dass	0.105263
grund	dafür	war	0.078947
grund	für	die	0.484375
grund	für	den	0.203125
grund	für	das	0.062500
grund	für	diese	0.046875
grund	für	seine	0.046875
grund	ist	die	0.176471
grund	ist	ein	0.176471
grund	sind	die	0.666667
grund	und	boden	0.666667
grund	zum	jubeln	0.500000
grund	zur	freude	0.764706
grundstück	in	der	1.000000
gruppe	aus	dem	0.600000
gruppe	letzte	generation	1.000000
größer	als	die	0.352941
größer	als	das	0.176471
größer	ist	als	0.571429
grünes	licht	für	0.416667
gut	an	und	0.315789
gut	an	die	0.157895
gut	auf	die	0.538462
gut	auf	dem	0.230769
gut	auf	den	0.230769
gut	aus	und	0.272727
gut	dass	es	0.272727
gut	dass	die	0.181818
gut	dass	er	0.136364
gut	die	hälfte	0.571429
gut	einem	jahr	0.666667
gut	einer	woche	0.600000
gut	es	geht	0.500000
gut	funktioniert	und	0.500000
gut	für	die	0.600000
gut	für	den	0.200000
gut	in	den	0.227273
gut	in	der	0.181818
gut	in	die	0.181818
gut	ins	spiel	0.600000
gut	ist	das	0.250000
gut	millionen	euro	0.777778
gut	möglich	dass	0.666667
gut	möglich	also	0.250000
gut	und	gerne	0.136364
gut	und	böse	0.136364
gut	wie	alle	0.120000
gut	zu	tun	0.178571
gut	zu	erkennen	0.107143
gut	zu	sehen	0.107143
gut	zwei	wochen	0.416667
guten	job	gemacht	0.750000
gäste	aus	der	0.500000
gäste	in	die	0.444444
haben	aber	auch	0.185185
haben	aber	noch	0.111111
haben	am	samstag	0.270270
haben	am	sonntag	0.135135
haben	am	mittwoch	0.135135
haben	am	freitag	0.108108
haben	angst	dass	0.750000
haben	auch	die	0.153846
haben	auch	ein	0.076923
haben	bei	der	0.411765
haben	dass	sie	0.291667
haben	dass	die	0.208333
haben	die	beiden	0.065359
haben	die	usa	0.026144
haben	die	menschen	0.019608
haben	die	mitglieder	0.019608
haben	die	deutschen	0.019608
haben	die	täter	0.019608
haben	die	meisten	0.019608
haben	die	grünen	0.019608
haben	ein	recht	0.172414
haben	ein	gutes	0.137931
haben	es	die	0.102041
haben	es	mit	0.081633
haben	es	geschafft	0.081633
haben	es	in	0.061224
haben	für	die	0.285714
haben	heißt	es	1.000000
haben	ihre	kinder	0.157895
haben	im	vergangenen	0.235294
haben	in	der	0.324324
haben	in	den	0.216216
haben	in	einem	0.040541
haben	in	deutschland	0.040541
haben	in	einer	0.040541
haben	mit	dem	0.190476
haben	mit	der	0.142857
haben	nach	den	0.230769
haben	sagte	er	0.294118
haben	sagte	der	0.235294
haben	seit	der	0.375000
haben	sich	die	0.174157
haben	sich	am	0.073034
haben	sich	in	0.067416
haben	sich	bereits	0.039326
haben	sich	auf	0.033708
haben	sich	bei	0.028090
haben	sich	zu	0.022472
haben	sich	schon	0.016854
haben	sich	mit	0.016854
haben	sich	im	0.016854
haben	sich	wie	0.016854
haben	sich	viele	0.016854
haben	sie	in	0.076923
haben	sie	sich	0.069930
haben	sie	die	0.062937
haben	sie	mit	0.027972
haben	sie	den	0.027972
haben	sie	einen	0.027972
haben	sie	eine	0.027972
haben	sie	für	0.020979
haben	sie	ihre	0.020979
haben	sind	wir	0.333333
haben	so	die	0.230769
haben	sollen	und	0.428571
haben	um	die	0.190476
haben	und	die	0.075758
haben	und	das	0.045455
haben	und	bis	0.045455
haben	und	damit	0.045455
haben	uns	die	0.097561
haben	uns	auf	0.097561
haben	unter	anderem	0.625000
haben	von	bis	0.375000
haben	was	sie	0.600000
haben	weil	sie	0.454545
haben	weil	er	0.272727
haben	wenn	man	0.250000
haben	wenn	sie	0.250000
haben	werden	gebeten	0.384615
haben	wie	die	0.200000
haben	wir	uns	0.099138
haben	wir	in	0.051724
haben	wir	im	0.051724
haben	wir	die	0.051724
haben	wir	eine	0.043103
haben	wir	ein	0.043103
haben	wir	mit	0.030172
haben	wir	den	0.025862
haben	wir	noch	0.021552
haben	wir	einen	0.021552
haben	wir	das	0.021552
haben	wir	für	0.021552
haben	wir	nicht	0.017241
haben	wir	auch	0.017241
haben	wir	hier	0.017241
haben	wir	schon	0.012931
haben	wir	vor	0.012931
haben	wir	dann	0.012931
haben	wir	aber	0.012931
haben	wir	diese	0.012931
haben	wir	es	0.012931
haben	über	die	0.444444
halbes	jahr	lang	0.214286
haltet	ihr	davon	0.333333
haltet	ihr	von	0.333333
hart	aber	fair	0.500000
hause	zu	bleiben	0.176471
hebt	sich	von	0.500000
heißt	das	für	0.230769
heißt	es	in	0.353909
heißt	es	im	0.082305
heißt	es	weiter	0.069959
heißt	es	aus	0.053498
heißt	es	von	0.045267
heißt	es	auf	0.041152
heißt	es	vom	0.032922
heißt	es	dass	0.028807
heißt	es	darin	0.020576
heißt	es	dazu	0.020576
heißt	es	da	0.016461
heißt	es	nun	0.012346
heißt	es	dort	0.012346
heißt	es	das	0.012346
her	dass	die	0.272727
heraus	dass	es	0.206897
heraus	dass	der	0.172414
herr	der	ringe	1.000000
hin	dass	die	0.200000
hin	dass	es	0.142857
hin	und	her	0.475000
hin	und	wieder	0.375000
hin	zu	einem	0.172414
hin	zu	einer	0.137931
hin	zu	den	0.137931
hin	zu	mehr	0.103448
hinter	den	beiden	0.200000
hinter	der	bühne	0.200000
hinter	der	kamera	0.120000
hinter	sich	und	0.206897
hinter	sich	lassen	0.137931
hinter	sich	gelassen	0.103448
hinter	sich	hat	0.103448
hintergrund	ist	der	0.263158
hintergrund	ist	die	0.210526
hintergrund	ist	dass	0.210526
hintergrund	ist	ein	0.157895
hinweis	auf	die	0.272727
hoffe	dass	der	0.137931
hoffe	dass	wir	0.137931
hoffe	dass	ich	0.103448
hoffe	dass	er	0.103448
hoffe	ich	dass	0.428571
hofft	dass	sich	0.500000
hofft	er	auf	0.600000
hofft	man	auf	1.000000
hofft	nun	auf	0.800000
hohe	kosten	für	0.500000
hohen	anteil	an	1.000000
hohen	kosten	für	0.250000
hält	er	für	0.333333
ich	am	besten	0.333333
ich	an	die	0.277778
ich	auch	die	0.121212
ich	auf	dem	0.272727
ich	bin	ein	0.073171
ich	bin	sehr	0.063415
ich	bin	nicht	0.048780
ich	bin	froh	0.043902
ich	bin	mir	0.039024
ich	bin	stolz	0.029268
ich	bin	gespannt	0.029268
ich	bin	jetzt	0.024390
ich	bin	der	0.024390
ich	bin	sicher	0.024390
ich	bin	in	0.024390
ich	bin	und	0.019512
ich	bin	kein	0.019512
ich	bin	aber	0.019512
ich	bin	dankbar	0.019512
ich	bin	schon	0.019512
ich	bin	ja	0.014634
ich	bin	am	0.014634
ich	bin	auch	0.014634
ich	bin	einfach	0.014634
ich	bin	überzeugt	0.014634
ich	bin	von	0.014634
ich	dann	auf	0.157895
ich	das	gefühl	0.142857
ich	das	nicht	0.095238
ich	dass	wir	0.294118
ich	denke	dass	0.204082
ich	denke	das	0.102041
ich	denke	die	0.102041
ich	denke	es	0.102041
ich	denke	nicht	0.061224
ich	denke	wir	0.061224
ich	es	nicht	0.212121
ich	es	mir	0.151515
ich	fand	es	0.375000
ich	finde	es	0.482759
ich	finde	das	0.103448
ich	frage	mich	1.000000
ich	freue	mich	1.000000
ich	fühle	mich	0.875000
ich	gehe	davon	0.571429
ich	glaube	dass	0.197183
ich	glaube	nicht	0.112676
ich	glaube	es	0.084507
ich	glaube	wir	0.070423
ich	glaube	die	0.070423
ich	glaube	das	0.070423
ich	glaube	schon	0.042254
ich	hab	mir	0.272727
ich	habe	mich	0.088710
ich	habe	die	0.036290
ich	habe	den	0.032258
ich	habe	ein	0.028226
ich	habe	nicht	0.028226
ich	habe	das	0.028226
ich	habe	es	0.024194
ich	habe	auch	0.024194
ich	habe	mir	0.024194
ich	habe	mit	0.024194
ich	habe	in	0.020161
ich	habe	sie	0.020161
ich	habe	ihn	0.020161
ich	habe	nie	0.020161
ich	habe	eine	0.016129
ich	habe	keine	0.016129
ich	habe	einen	0.016129
ich	habe	viel	0.016129
ich	habe	viele	0.012097
ich	habe	damals	0.012097
ich	habe	vor	0.012097
ich	habe	nichts	0.012097
ich	habe	meine	0.012097
ich	habe	aber	0.012097
ich	habe	im	0.012097
ich	habe	immer	0.012097
ich	habe	ja	0.012097
ich	habe	jetzt	0.012097
ich	habe	meinen	0.012097
ich	habe	schon	0.012097
ich	hatte	immer	0.063830
ich	hatte	keinen	0.063830
ich	hatte	keine	0.063830
ich	hoffe	dass	0.513514
ich	hoffe	die	0.081081
ich	hätte	nicht	0.269231
ich	hätte	es	0.115385
ich	immer	noch	0.300000
ich	in	den	0.264706
ich	in	der	0.147059
ich	in	einem	0.088235
ich	jahre	alt	0.600000
ich	kann	mir	0.183333
ich	kann	es	0.116667
ich	kann	nicht	0.066667
ich	kann	das	0.066667
ich	kann	auch	0.050000
ich	kann	die	0.050000
ich	kann	mich	0.050000
ich	komme	aus	0.600000
ich	liebe	dich	0.230769
ich	mich	nicht	0.100000
ich	mich	auf	0.044444
ich	mich	mit	0.044444
ich	mich	aber	0.033333
ich	mich	auch	0.033333
ich	mich	im	0.033333
ich	mich	für	0.033333
ich	mir	das	0.098039
ich	mir	viel	0.058824
ich	mit	einem	0.153846
ich	mit	meinen	0.115385
ich	muss	sagen	0.078947
ich	muss	zugeben	0.078947
ich	möchte	mich	0.088889
ich	möchte	nicht	0.088889
ich	nicht	viel	0.044118
ich	nicht	mehr	0.044118
ich	noch	nicht	0.304348
ich	sehe	das	0.120000
ich	war	schon	0.078431
ich	war	nicht	0.058824
ich	war	noch	0.058824
ich	war	so	0.058824
ich	weiß	dass	0.371429
ich	weiß	nicht	0.228571
ich	weiß	gar	0.085714
ich	weiß	es	0.085714
ich	werde	es	0.100000
ich	werde	mich	0.075000
ich	werde	in	0.075000
ich	will	das	0.073171
ich	will	mich	0.073171
ich	will	auch	0.073171
ich	will	die	0.073171
ich	während	der	0.750000
ich	wünsche	mir	0.466667
ich	würde	mir	0.147059
ich	würde	es	0.117647
ich	würde	sagen	0.088235
ich	würde	gerne	0.088235
ich	zum	beispiel	0.333333
ich	zum	ersten	0.250000
ich	über	die	0.800000
ihm	aber	nicht	0.666667
ihm	das	geld	0.428571
ihm	gesagt	dass	0.750000
ihm	ging	es	1.000000
ihm	in	der	0.533333
ihm	vor	allem	0.750000
ihnen	bei	der	0.666667
ihnen	in	der	0.444444
ihnen	nicht	nur	0.428571
ihnen	wichtig	ist	0.750000
in	all	diesen	0.375000
in	allem	sind	0.230769
in	allen	fällen	0.142857
in	allen	drei	0.114286
in	allen	anderen	0.114286
in	aller	regel	0.333333
in	aller	welt	0.285714
in	andere	länder	0.666667
in	anderen	ländern	0.517241
in	anderen	staaten	0.103448
in	angriff	genommen	0.384615
in	angriff	zu	0.230769
in	anspruch	genommen	0.411765
in	anspruch	nehmen	0.294118
in	anspruch	nimmt	0.176471
in	auftrag	gegeben	0.647059
in	aussicht	gestellt	0.684211
in	australien	und	0.391304
in	baden	baden	0.375000
in	beiden	fällen	0.730769
in	beiden	ländern	0.115385
in	berlin	und	0.059783
in	berlin	die	0.038043
in	berlin	ist	0.032609
in	berlin	gibt	0.027174
in	berlin	vor	0.021739
in	berlin	im	0.021739
in	berlin	gegen	0.021739
in	berlin	zu	0.021739
in	berlin	sind	0.021739
in	berlin	am	0.016304
in	berlin	wird	0.016304
in	besonderen	fällen	1.000000
in	betracht	ziehen	0.285714
in	betracht	zu	0.285714
in	betrieb	genommen	0.375000
in	betrieb	gehen	0.281250
in	bezug	auf	0.971429
in	bis	zu	0.714286
in	brand	geraten	0.352941
in	brand	gesteckt	0.176471
in	brasilien	und	0.176471
in	china	und	0.129032
in	das	neue	0.065934
in	das	gebäude	0.054945
in	das	krankenhaus	0.043956
in	das	land	0.043956
in	das	unternehmen	0.043956
in	das	system	0.032967
in	das	haus	0.032967
in	dem	die	0.049383
in	dem	sich	0.049383
in	dem	sie	0.034568
in	dem	gebäude	0.029630
in	dem	er	0.029630
in	dem	land	0.029630
in	dem	fall	0.027160
in	dem	der	0.027160
in	dem	es	0.024691
in	dem	interview	0.022222
in	dem	bereich	0.022222
in	dem	brief	0.019753
in	dem	bericht	0.019753
in	dem	von	0.019753
in	dem	film	0.017284
in	dem	gebiet	0.017284
in	dem	video	0.017284
in	dem	papier	0.014815
in	dem	das	0.014815
in	dem	wir	0.014815
in	dem	eine	0.012346
in	dem	verfahren	0.012346
in	dem	haus	0.012346
in	dem	zusammenhang	0.009877
in	dem	konflikt	0.009877
in	dem	noch	0.009877
in	dem	moment	0.009877
in	dem	neuen	0.009877
in	dem	auch	0.009877
in	dem	im	0.007407
in	den	vergangenen	0.178478
in	den	usa	0.097113
in	den	letzten	0.091207
in	den	nächsten	0.054462
in	den	er	0.031496
in	den	ersten	0.031496
in	den	jahren	0.020997
in	den	meisten	0.016404
in	den	ruhestand	0.011155
in	den	medien	0.010499
in	den	frühen	0.009843
in	den	griff	0.009843
in	den	vereinigten	0.008530
in	den	augen	0.007874
in	den	deutschen	0.007218
in	den	bergen	0.006562
in	den	drei	0.006562
in	den	beiden	0.006562
in	den	händen	0.005906
in	den	eigenen	0.005906
in	den	folgenden	0.005906
in	den	räumen	0.005906
in	den	raum	0.005249
in	den	neuen	0.005249
in	den	armen	0.004593
in	den	hintergrund	0.004593
in	den	top	0.004593
in	den	keller	0.004593
in	den	urlaub	0.003937
in	den	handel	0.003937
in	denen	die	0.187500
in	denen	sie	0.104167
in	denen	er	0.072917
in	denen	man	0.052083
in	denen	das	0.041667
in	denen	es	0.041667
in	denen	der	0.041667
in	denen	wir	0.041667
in	denen	eine	0.031250
in	der	nacht	0.074740
in	der	region	0.040681
in	der	nähe	0.034059
in	der	regel	0.033113
in	der	stadt	0.032797
in	der	vergangenheit	0.025859
in	der	zweiten	0.025544
in	der	minute	0.023652
in	der	ersten	0.023336
in	der	vergangenen	0.021444
in	der	schweiz	0.017029
in	der	lage	0.016083
in	der	folge	0.014506
in	der	zeit	0.013245
in	der	hand	0.011668
in	der	hauptstadt	0.011353
in	der	neuen	0.010407
in	der	fußball	0.009145
in	der	gemeinde	0.009145
in	der	die	0.009145
in	der	geschichte	0.008830
in	der	luft	0.008199
in	der	er	0.007884
in	der	liga	0.007884
in	der	saison	0.007569
in	der	mitte	0.006938
in	der	letzten	0.006623
in	der	deutschen	0.006307
in	der	kritik	0.006307
in	der	nächsten	0.005992
in	deren	folge	0.333333
in	dessen	wohnung	0.230769
in	deutscher	sprache	1.000000
in	deutschland	und	0.061275
in	deutschland	die	0.039216
in	deutschland	ist	0.034314
in	deutschland	in	0.031863
in	deutschland	zu	0.026961
in	deutschland	sind	0.024510
in	deutschland	auf	0.022059
in	deutschland	gibt	0.019608
in	deutschland	noch	0.019608
in	deutschland	im	0.017157
in	deutschland	wird	0.017157
in	deutschland	auch	0.014706
in	deutschland	hat	0.014706
in	deutschland	nicht	0.014706
in	deutschland	war	0.012255
in	deutschland	für	0.012255
in	deutschland	wie	0.009804
in	deutschland	hatte	0.009804
in	deutschland	werden	0.009804
in	deutschland	seit	0.009804
in	deutschland	wieder	0.009804
in	deutschland	millionen	0.007353
in	deutschland	von	0.007353
in	deutschland	durch	0.007353
in	deutschland	sehr	0.007353
in	deutschland	seien	0.007353
in	deutschland	das	0.007353
in	die	zukunft	0.042271
in	die	höhe	0.030193
in	die	hand	0.030193
in	die	neue	0.027778
in	die	welt	0.026570
in	die	usa	0.021739
in	die	nächste	0.016908
in	die	luft	0.016908
in	die	kamera	0.015700
in	die	saison	0.015700
in	die	richtige	0.015700
in	die	jahre	0.013285
in	die	tiefe	0.013285
in	die	tasche	0.013285
in	die	mitte	0.013285
in	die	stadt	0.012077
in	die	nacht	0.012077
in	die	wohnung	0.010870
in	die	top	0.010870
in	die	vergangenheit	0.010870
in	die	liga	0.009662
in	die	geschichte	0.009662
in	die	zweite	0.009662
in	die	region	0.009662
in	die	hände	0.009662
in	die	klinik	0.009662
in	die	rolle	0.008454
in	die	pflicht	0.008454
in	die	schweiz	0.008454
in	die	schule	0.008454
in	diese	richtung	0.450000
in	diesem	jahr	0.497065
in	diesem	fall	0.107632
in	diesem	bereich	0.046967
in	diesem	zusammenhang	0.046967
in	diesem	sommer	0.033268
in	diesem	winter	0.027397
in	diesem	artikel	0.015656
in	diesem	land	0.015656
in	diesem	moment	0.015656
in	diesem	spiel	0.013699
in	diesem	sinne	0.009785
in	diesem	haus	0.009785
in	diesem	monat	0.009785
in	diesem	alter	0.007828
in	diesem	rahmen	0.005871
in	diesem	video	0.005871
in	diesem	krieg	0.005871
in	diesem	beitrag	0.005871
in	diesen	tagen	0.358491
in	diesen	zeiten	0.113208
in	diesen	fällen	0.113208
in	diesen	wochen	0.056604
in	dieser	saison	0.242009
in	dieser	woche	0.191781
in	dieser	zeit	0.146119
in	dieser	phase	0.045662
in	dieser	hinsicht	0.041096
in	dieser	welt	0.018265
in	dieser	situation	0.018265
in	dieser	form	0.018265
in	dieser	frage	0.018265
in	dieser	höhe	0.013699
in	dieser	disziplin	0.013699
in	dieser	nacht	0.013699
in	dieser	ausgabe	0.013699
in	dieser	liga	0.013699
in	dieser	angelegenheit	0.013699
in	eigener	halle	0.444444
in	ein	krankenhaus	0.438202
in	ein	neues	0.067416
in	ein	haus	0.033708
in	eine	klinik	0.120370
in	eine	andere	0.092593
in	eine	neue	0.083333
in	eine	zeit	0.027778
in	eine	weitere	0.027778
in	einem	interview	0.077731
in	einem	video	0.031513
in	einem	der	0.025210
in	einem	anderen	0.025210
in	einem	kleinen	0.023109
in	einem	neuen	0.023109
in	einem	brief	0.023109
in	einem	krankenhaus	0.018908
in	einem	jahr	0.018908
in	einem	weiteren	0.016807
in	einem	schreiben	0.014706
in	einem	am	0.012605
in	einem	lokal	0.012605
in	einem	von	0.012605
in	einem	sehr	0.012605
in	einem	guten	0.010504
in	einem	spiel	0.010504
in	einem	ersten	0.010504
in	einem	solchen	0.008403
in	einem	moment	0.008403
in	einem	fall	0.008403
in	einem	zimmer	0.008403
in	einem	flugzeug	0.008403
in	einem	supermarkt	0.008403
in	einem	bericht	0.008403
in	einem	restaurant	0.008403
in	einem	hotel	0.008403
in	einem	monat	0.008403
in	einem	topf	0.008403
in	einem	großen	0.008403
in	einen	anderen	0.080000
in	einen	neuen	0.060000
in	einer	am	0.055718
in	einer	wohnung	0.043988
in	einer	woche	0.041056
in	einer	der	0.035191
in	einer	zeit	0.026393
in	einer	neuen	0.020528
in	einer	weiteren	0.020528
in	einer	klinik	0.017595
in	einer	gemeinsamen	0.017595
in	einer	erklärung	0.017595
in	einer	art	0.017595
in	einer	kurve	0.014663
in	einer	beziehung	0.014663
in	einer	anderen	0.014663
in	einer	welt	0.014663
in	einer	situation	0.011730
in	einer	sehr	0.011730
in	einer	früheren	0.011730
in	einer	kleinen	0.011730
in	einer	studie	0.011730
in	einer	pressekonferenz	0.011730
in	einer	solchen	0.011730
in	einer	von	0.011730
in	einer	rede	0.011730
in	einer	tiefen	0.008798
in	einer	garage	0.008798
in	einer	kirche	0.008798
in	einer	stadt	0.008798
in	einer	langen	0.008798
in	einer	ersten	0.008798
in	einigen	fällen	0.217391
in	einigen	monaten	0.173913
in	einigen	wochen	0.130435
in	england	und	0.214286
in	erinnerung	geblieben	0.294118
in	erster	linie	0.933333
in	etwa	so	0.136364
in	etwa	gleich	0.136364
in	etwa	der	0.136364
in	europa	und	0.103093
in	europa	sind	0.030928
in	europa	die	0.030928
in	fast	allen	0.444444
in	flammen	stand	0.285714
in	folge	in	0.069444
in	folge	des	0.055556
in	folge	die	0.041667
in	folge	eines	0.041667
in	folge	hat	0.041667
in	folge	im	0.041667
in	folge	ein	0.041667
in	folge	der	0.041667
in	form	von	0.464286
in	form	eines	0.250000
in	form	einer	0.178571
in	form	der	0.053571
in	forschung	und	1.000000
in	früheren	jahren	0.875000
in	führung	gegangen	0.130435
in	führung	und	0.130435
in	fünf	jahren	0.363636
in	gang	zu	0.250000
in	ganz	deutschland	0.527778
in	ganz	europa	0.250000
in	gefahr	sind	0.200000
in	gewahrsam	genommen	0.666667
in	gewissen	situationen	1.000000
in	gewisser	weise	1.000000
in	großen	teilen	0.444444
in	großer	zahl	0.333333
in	guter	form	0.571429
in	hälfte	zwei	0.600000
in	hälfte	eins	0.400000
in	höhe	von	0.866142
in	höhe	der	0.086614
in	höhe	des	0.039370
in	ihr	leben	0.150000
in	ihr	haus	0.150000
in	ihre	häuser	0.176471
in	ihrem	leben	0.123457
in	ihrem	haus	0.074074
in	ihrem	neuen	0.074074
in	ihrem	buch	0.037037
in	ihrem	bericht	0.037037
in	ihrem	unternehmen	0.037037
in	ihrem	letzten	0.037037
in	ihrer	karriere	0.109756
in	ihrer	wohnung	0.060976
in	ihrer	freizeit	0.060976
in	ihrer	eigenen	0.036585
in	ihrer	entwicklung	0.036585
in	ihrer	mitte	0.036585
in	ihrer	neuen	0.036585
in	ihrer	heimat	0.036585
in	irgendeiner	weise	0.750000
in	israel	und	0.285714
in	israel	zu	0.114286
in	italien	und	0.138889
in	jedem	fall	0.450980
in	jedem	jahr	0.078431
in	jeder	hinsicht	0.210526
in	jungen	jahren	1.000000
in	kauf	nehmen	0.428571
in	kauf	genommen	0.214286
in	keiner	weise	0.500000
in	kenntnis	gesetzt	0.833333
in	kombination	mit	0.875000
in	kontakt	mit	0.230769
in	kraft	treten	0.300000
in	kraft	tritt	0.150000
in	kraft	getreten	0.150000
in	kraft	die	0.150000
in	kurzer	zeit	0.900000
in	kürze	mit	0.230769
in	las	vegas	1.000000
in	letzter	zeit	0.560000
in	letzter	sekunde	0.280000
in	letzter	minute	0.160000
in	los	angeles	1.000000
in	ländern	wie	0.500000
in	mehr	als	1.000000
in	mehreren	ländern	0.235294
in	meinem	leben	0.409091
in	meinen	augen	0.571429
in	meiner	heimat	0.214286
in	new	york	0.959184
in	nächster	zeit	1.000000
in	polen	und	0.277778
in	politik	und	0.750000
in	prozent	der	0.857143
in	rente	gehen	0.375000
in	richtung	der	0.180723
in	richtung	norden	0.108434
in	richtung	des	0.084337
in	richtung	einer	0.036145
in	richtung	süden	0.036145
in	san	francisco	0.636364
in	sein	neues	0.214286
in	seine	heimat	0.115385
in	seinem	leben	0.058252
in	seinem	neuen	0.058252
in	seinem	ersten	0.058252
in	seinem	zimmer	0.048544
in	seinem	buch	0.048544
in	seinem	auto	0.038835
in	seinem	kopf	0.029126
in	seinem	haus	0.029126
in	seinem	wagen	0.029126
in	seinen	augen	0.166667
in	seiner	karriere	0.096774
in	seiner	ersten	0.072581
in	seiner	neuen	0.064516
in	seiner	rede	0.064516
in	seiner	heimat	0.056452
in	seiner	wohnung	0.048387
in	seiner	zeit	0.032258
in	seiner	heutigen	0.024194
in	seiner	letzten	0.024194
in	sich	zusammen	0.333333
in	sicherheit	gebracht	0.423077
in	sicherheit	bringen	0.346154
in	sicherheit	zu	0.153846
in	so	einem	0.352941
in	so	einer	0.235294
in	solchen	fällen	0.933333
in	szene	gesetzt	0.416667
in	teilen	der	0.272727
in	teilen	von	0.181818
in	unbekannte	richtung	1.000000
in	und	um	0.325000
in	und	ausland	0.275000
in	unser	land	1.000000
in	unserem	land	0.259259
in	unserer	gesellschaft	0.272727
in	unserer	branche	0.121212
in	verbindung	gebracht	0.279070
in	verbindung	mit	0.232558
in	verbindung	zu	0.209302
in	verbindung	stehen	0.162791
in	vielen	fällen	0.219512
in	vielen	ländern	0.170732
in	vielen	teilen	0.097561
in	vielen	spielen	0.073171
in	vielen	deutschen	0.073171
in	weiten	teilen	1.000000
in	weiter	ferne	1.000000
in	weiterer	folge	0.750000
in	wenigen	tagen	0.633333
in	wenigen	minuten	0.133333
in	weniger	als	0.909091
in	wien	ist	0.039474
in	wien	auf	0.039474
in	wien	wurde	0.039474
in	zehn	jahren	0.600000
in	zeiten	der	0.259259
in	zeiten	des	0.222222
in	zeiten	von	0.222222
in	zeiten	in	0.111111
in	zukunft	mit	0.052632
in	zukunft	noch	0.052632
in	zukunft	auch	0.052632
in	zukunft	eine	0.039474
in	zukunft	nicht	0.039474
in	zukunft	wird	0.039474
in	zusammenarbeit	mit	1.000000
in	zusammenhang	mit	1.000000
in	zwei	wochen	0.270270
in	zwei	jahren	0.216216
in	zwei	fällen	0.081081
indem	er	sich	0.235294
indem	es	die	0.300000
indem	man	die	0.250000
indem	sie	die	0.225806
indem	sie	eine	0.129032
infos	zu	den	0.571429
ins	auge	gefasst	0.300000
ins	ausland	zu	0.300000
ins	boot	geholt	0.571429
ins	gesicht	geschlagen	0.238095
ins	gesicht	geschrieben	0.142857
ins	gespräch	zu	0.464286
ins	gespräch	gekommen	0.107143
ins	gespräch	kommen	0.107143
ins	gespräch	mit	0.107143
ins	goldene	buch	1.000000
ins	hohe	alter	1.000000
ins	kleinste	detail	1.000000
ins	krankenhaus	gebracht	0.541667
ins	krankenhaus	nach	0.083333
ins	krankenhaus	gefahren	0.062500
ins	leben	gerufen	0.650000
ins	leben	zu	0.150000
ins	neue	jahr	0.900000
ins	spiel	und	0.178571
ins	spiel	kommt	0.107143
ins	visier	genommen	0.300000
ins	weiße	haus	1.000000
ins	zeug	gelegt	0.500000
insgesamt	gibt	es	1.000000
insgesamt	haben	die	0.333333
insgesamt	mehr	als	1.000000
insgesamt	millionen	euro	0.818182
insgesamt	rund	euro	0.300000
insgesamt	rund	millionen	0.300000
insgesamt	seien	rund	0.500000
insgesamt	war	es	0.666667
israel	am	oktober	0.800000
israel	in	der	0.428571
israel	und	der	0.411765
israel	und	die	0.205882
israel	und	den	0.117647
israel	und	dem	0.088235
ist	ab	sofort	0.384615
ist	aber	nicht	0.120000
ist	aber	auch	0.090000
ist	aber	nur	0.050000
ist	aber	wohl	0.040000
ist	aber	vor	0.030000
ist	aber	dass	0.030000
ist	aber	zu	0.030000
ist	aber	die	0.030000
ist	aber	ein	0.030000
ist	allerdings	noch	0.096774
ist	allerdings	nicht	0.096774
ist	alles	andere	0.125000
ist	alles	dabei	0.125000
ist	als	die	0.214286
ist	als	der	0.107143
ist	also	nicht	0.238095
ist	am	samstag	0.132653
ist	am	dienstag	0.102041
ist	am	mittwoch	0.102041
ist	am	donnerstag	0.081633
ist	am	freitag	0.071429
ist	am	montag	0.061224
ist	am	sonntag	0.061224
ist	am	ende	0.051020
ist	am	wochenende	0.040816
ist	am	februar	0.030612
ist	am	mai	0.030612
ist	am	november	0.030612
ist	an	der	0.333333
ist	an	einem	0.148148
ist	an	sich	0.111111
ist	angesichts	der	1.000000
ist	auch	der	0.116505
ist	auch	ein	0.092233
ist	auch	das	0.082524
ist	auch	die	0.082524
ist	auch	eine	0.077670
ist	auch	in	0.063107
ist	auch	für	0.043689
ist	auch	nicht	0.029126
ist	auch	im	0.029126
ist	auch	dass	0.024272
ist	auch	bei	0.024272
ist	auch	als	0.019417
ist	auch	kein	0.014563
ist	auch	schon	0.014563
ist	auch	an	0.014563
ist	auch	gut	0.014563
ist	auch	so	0.014563
ist	auf	dem	0.274194
ist	auf	der	0.225806
ist	auf	jeden	0.080645
ist	auf	die	0.064516
ist	auf	den	0.064516
ist	aufgrund	der	0.750000
ist	aus	der	0.210526
ist	aus	dem	0.210526
ist	aus	den	0.157895
ist	begeistert	von	0.750000
ist	bei	einem	0.215686
ist	bei	den	0.156863
ist	bei	der	0.156863
ist	bei	dem	0.117647
ist	bei	einer	0.058824
ist	bei	uns	0.058824
ist	bekannt	dass	0.400000
ist	bereits	seit	0.214286
ist	bereits	die	0.142857
ist	bereits	der	0.095238
ist	bereits	zu	0.071429
ist	bereits	in	0.071429
ist	bin	ich	1.000000
ist	bis	heute	0.333333
ist	bis	zum	0.166667
ist	bisher	unbekannt	0.157895
ist	bisher	nur	0.157895
ist	da	noch	0.147059
ist	da	und	0.088235
ist	da	es	0.088235
ist	dabei	nur	0.088235
ist	daher	nicht	0.187500
ist	damit	der	0.206897
ist	damit	ein	0.103448
ist	dann	aber	0.081081
ist	dann	die	0.081081
ist	das	ein	0.069977
ist	das	nicht	0.047404
ist	das	eine	0.038375
ist	das	für	0.027088
ist	das	erste	0.024831
ist	das	leben	0.013544
ist	das	eigentlich	0.013544
ist	das	ergebnis	0.013544
ist	das	was	0.013544
ist	das	ziel	0.013544
ist	das	die	0.013544
ist	das	der	0.013544
ist	das	thema	0.011287
ist	das	einzige	0.011287
ist	das	nur	0.011287
ist	das	noch	0.011287
ist	das	immer	0.009029
ist	das	hier	0.009029
ist	das	geld	0.009029
ist	das	ganze	0.009029
ist	das	jetzt	0.009029
ist	das	projekt	0.009029
ist	das	interesse	0.009029
ist	das	ist	0.006772
ist	das	bild	0.006772
ist	das	team	0.006772
ist	das	stück	0.006772
ist	das	problem	0.006772
ist	das	ja	0.006772
ist	das	programm	0.006772
ist	dass	die	0.140741
ist	dass	es	0.111111
ist	dass	wir	0.088889
ist	dass	man	0.066667
ist	dass	das	0.066667
ist	dass	der	0.066667
ist	dass	ich	0.051852
ist	dass	sie	0.051852
ist	dass	sich	0.051852
ist	dass	ein	0.029630
ist	dass	er	0.022222
ist	davon	überzeugt	0.571429
ist	definitiv	nicht	0.500000
ist	der	erste	0.049689
ist	der	größte	0.027950
ist	der	neue	0.024845
ist	der	meinung	0.018634
ist	der	einsatz	0.018634
ist	der	blick	0.015528
ist	der	fall	0.015528
ist	der	mann	0.015528
ist	der	weg	0.012422
ist	der	markt	0.012422
ist	der	grund	0.012422
ist	der	letzte	0.012422
ist	der	mit	0.012422
ist	der	tag	0.012422
ist	der	schlüssel	0.012422
ist	der	deutsche	0.012422
ist	der	moment	0.012422
ist	der	preis	0.012422
ist	der	himmel	0.009317
ist	der	richtige	0.009317
ist	der	britische	0.009317
ist	der	anteil	0.009317
ist	der	nächste	0.009317
ist	der	name	0.009317
ist	der	juni	0.009317
ist	der	ehemalige	0.009317
ist	der	wichtigste	0.009317
ist	der	unterschied	0.009317
ist	der	zweite	0.009317
ist	der	bus	0.009317
ist	derzeit	nicht	0.171429
ist	derzeit	noch	0.142857
ist	derzeit	aber	0.085714
ist	die	zahl	0.050279
ist	die	neue	0.025140
ist	die	zeit	0.025140
ist	die	situation	0.022346
ist	die	stimmung	0.022346
ist	die	erste	0.022346
ist	die	lage	0.019553
ist	die	geschichte	0.019553
ist	die	frage	0.016760
ist	die	wichtigste	0.013966
ist	die	sache	0.011173
ist	die	a	0.011173
ist	die	gefahr	0.011173
ist	die	größte	0.011173
ist	die	mannschaft	0.011173
ist	die	aufgabe	0.011173
ist	die	anzahl	0.008380
ist	die	vierte	0.008380
ist	die	entwicklung	0.008380
ist	die	deutsche	0.008380
ist	die	idee	0.008380
ist	die	der	0.008380
ist	die	möglichkeit	0.008380
ist	die	frau	0.008380
ist	die	stadt	0.008380
ist	die	von	0.008380
ist	die	älteste	0.008380
ist	die	rede	0.008380
ist	dies	nicht	0.272727
ist	dies	bereits	0.136364
ist	durch	die	0.533333
ist	durch	den	0.200000
ist	ein	wichtiger	0.040293
ist	ein	mann	0.029304
ist	ein	großer	0.029304
ist	ein	großes	0.025641
ist	ein	weiterer	0.021978
ist	ein	ganz	0.018315
ist	ein	sehr	0.018315
ist	ein	echtes	0.018315
ist	ein	skandal	0.014652
ist	ein	neues	0.014652
ist	ein	feuer	0.014652
ist	ein	weiteres	0.014652
ist	ein	ort	0.014652
ist	ein	traum	0.014652
ist	ein	wichtiges	0.014652
ist	ein	neuer	0.014652
ist	ein	grund	0.010989
ist	ein	beispiel	0.010989
ist	ein	echter	0.010989
ist	ein	kampf	0.010989
ist	eine	der	0.135965
ist	eine	gute	0.039474
ist	eine	sehr	0.030702
ist	eine	neue	0.021930
ist	eine	schöne	0.021930
ist	eine	ganz	0.021930
ist	eine	große	0.021930
ist	eine	von	0.021930
ist	eine	art	0.021930
ist	eine	andere	0.017544
ist	eine	besondere	0.017544
ist	eine	kleine	0.017544
ist	eine	frau	0.017544
ist	eine	solche	0.017544
ist	eine	echte	0.013158
ist	eine	spezielle	0.013158
ist	eine	weitere	0.013158
ist	eine	wichtige	0.013158
ist	eine	chance	0.013158
ist	einer	der	0.763158
ist	einer	von	0.105263
ist	eines	der	0.760000
ist	eines	von	0.120000
ist	einfach	nur	0.190476
ist	einfach	ein	0.142857
ist	einzigartig	und	0.500000
ist	er	ein	0.060150
ist	er	in	0.045113
ist	er	auch	0.037594
ist	er	der	0.037594
ist	er	auf	0.037594
ist	er	bei	0.037594
ist	er	mit	0.037594
ist	er	nicht	0.037594
ist	er	aber	0.037594
ist	er	noch	0.022556
ist	er	an	0.022556
ist	er	von	0.022556
ist	er	das	0.022556
ist	er	wieder	0.022556
ist	erst	der	0.235294
ist	erst	mal	0.176471
ist	es	nicht	0.054386
ist	es	in	0.045614
ist	es	die	0.043860
ist	es	am	0.029825
ist	es	auch	0.028070
ist	es	für	0.024561
ist	es	wichtig	0.024561
ist	es	eine	0.022807
ist	es	ein	0.022807
ist	es	zu	0.022807
ist	es	das	0.021053
ist	es	aber	0.019298
ist	es	der	0.019298
ist	es	den	0.019298
ist	es	immer	0.017544
ist	es	so	0.014035
ist	es	möglich	0.014035
ist	es	dass	0.014035
ist	es	im	0.012281
ist	es	wieder	0.012281
ist	es	nun	0.012281
ist	es	her	0.012281
ist	es	soweit	0.010526
ist	es	noch	0.010526
ist	es	dann	0.010526
ist	es	nur	0.010526
ist	es	auf	0.008772
ist	es	ja	0.008772
ist	es	schon	0.008772
ist	es	allerdings	0.008772
ist	etwas	dabei	0.176471
ist	etwas	ganz	0.176471
ist	für	den	0.145570
ist	für	die	0.126582
ist	für	mich	0.107595
ist	für	das	0.063291
ist	für	seine	0.056962
ist	für	sie	0.050633
ist	für	uns	0.050633
ist	für	viele	0.037975
ist	für	jeden	0.025316
ist	für	alle	0.025316
ist	für	ihn	0.018987
ist	für	ihre	0.018987
ist	ganz	klar	0.450000
ist	gar	nicht	1.000000
ist	gegen	uhr	0.600000
ist	gekommen	um	1.000000
ist	genau	das	0.428571
ist	gibt	es	0.750000
ist	glaube	ich	0.750000
ist	gut	für	0.227273
ist	gut	in	0.136364
ist	heute	ein	0.157895
ist	hier	nur	0.103448
ist	hier	mit	0.103448
ist	im	alter	0.081081
ist	im	vergangenen	0.067568
ist	im	jahr	0.054054
ist	im	vergleich	0.054054
ist	im	moment	0.040541
ist	immer	noch	0.254902
ist	immer	ein	0.117647
ist	immer	wichtig	0.078431
ist	immer	wieder	0.078431
ist	immer	die	0.058824
ist	in	der	0.331707
ist	in	den	0.107317
ist	in	diesem	0.058537
ist	in	einer	0.034146
ist	in	deutschland	0.024390
ist	in	dem	0.024390
ist	in	einem	0.024390
ist	in	die	0.024390
ist	in	gefahr	0.019512
ist	in	dieser	0.019512
ist	in	seiner	0.014634
ist	in	jedem	0.014634
ist	in	zwei	0.014634
ist	in	seinem	0.014634
ist	in	europa	0.014634
ist	ist	auch	0.133333
ist	ist	die	0.133333
ist	ist	der	0.100000
ist	ja	nicht	0.181818
ist	ja	auch	0.121212
ist	ja	alles	0.090909
ist	jahre	alt	1.000000
ist	jedoch	dass	0.218750
ist	jedoch	nicht	0.125000
ist	jedoch	die	0.093750
ist	jetzt	in	0.081633
ist	jetzt	ein	0.061224
ist	jetzt	nicht	0.061224
ist	jetzt	die	0.061224
ist	kann	ich	0.142857
ist	kein	zufall	0.161290
ist	klar	dass	0.285714
ist	klar	die	0.142857
ist	kurz	vor	0.666667
ist	laut	einem	0.125000
ist	laut	der	0.093750
ist	laut	dem	0.093750
ist	laut	polizei	0.093750
ist	lässt	sich	0.666667
ist	mal	wieder	0.666667
ist	man	sich	0.081081
ist	man	in	0.081081
ist	mehr	als	0.611111
ist	meiner	meinung	1.000000
ist	meter	lang	1.000000
ist	mir	aber	0.142857
ist	mit	einem	0.160377
ist	mit	der	0.113208
ist	mit	dem	0.094340
ist	mit	einer	0.084906
ist	mit	den	0.066038
ist	mit	jahren	0.037736
ist	mit	seinem	0.028302
ist	mit	bis	0.028302
ist	nach	dem	0.200000
ist	nach	wie	0.169231
ist	nach	der	0.123077
ist	nach	einem	0.123077
ist	nach	eigenen	0.046154
ist	natürlich	ein	0.136364
ist	nicht	nur	0.141553
ist	nicht	das	0.063927
ist	nicht	bekannt	0.059361
ist	nicht	der	0.045662
ist	nicht	die	0.041096
ist	nicht	immer	0.027397
ist	nicht	zu	0.027397
ist	nicht	so	0.027397
ist	nicht	mehr	0.022831
ist	nicht	in	0.022831
ist	nicht	ganz	0.018265
ist	nicht	viel	0.018265
ist	nicht	selbstverständlich	0.013699
ist	nicht	klar	0.013699
ist	nicht	von	0.013699
ist	nicht	ausgeschlossen	0.013699
ist	nicht	notwendig	0.013699
ist	noch	nicht	0.354839
ist	noch	offen	0.075269
ist	noch	bis	0.053763
ist	noch	in	0.053763
ist	noch	immer	0.043011
ist	nun	auch	0.075472
ist	nun	die	0.056604
ist	nun	ein	0.056604
ist	nur	noch	0.200000
ist	nur	ein	0.120000
ist	nur	eine	0.120000
ist	nur	dass	0.100000
ist	nur	die	0.060000
ist	oder	nicht	0.291667
ist	oder	ob	0.166667
ist	offen	für	1.000000
ist	offensichtlich	dass	0.666667
ist	richtig	dass	0.428571
ist	richtig	und	0.428571
ist	sagte	der	0.363636
ist	schon	ein	0.102941
ist	schon	seit	0.102941
ist	schon	lange	0.073529
ist	schon	länger	0.073529
ist	schon	sehr	0.044118
ist	sehr	sehr	0.137931
ist	seit	dem	0.123288
ist	seit	jahren	0.082192
ist	seit	der	0.054795
ist	seit	monaten	0.054795
ist	seit	september	0.041096
ist	seit	langem	0.041096
ist	sich	sicher	0.285714
ist	sie	in	0.092105
ist	sie	nicht	0.065789
ist	sie	mit	0.052632
ist	sie	auch	0.052632
ist	sie	die	0.052632
ist	sind	die	0.500000
ist	so	etwas	0.100000
ist	so	ein	0.100000
ist	so	die	0.060000
ist	so	gut	0.060000
ist	so	wichtig	0.060000
ist	so	groß	0.060000
ist	sollte	man	0.500000
ist	teil	des	0.375000
ist	teil	der	0.312500
ist	um	uhr	0.333333
ist	um	die	0.138889
ist	um	eine	0.083333
ist	und	die	0.058824
ist	und	was	0.058824
ist	und	bleibt	0.058824
ist	und	das	0.052288
ist	und	sich	0.045752
ist	und	man	0.039216
ist	und	wie	0.039216
ist	und	der	0.026144
ist	und	sie	0.026144
ist	und	vor	0.019608
ist	und	auch	0.019608
ist	und	mit	0.019608
ist	und	in	0.019608
ist	und	so	0.019608
ist	und	ob	0.019608
ist	unter	anderem	0.700000
ist	vom	tisch	0.428571
ist	von	der	0.240000
ist	von	einem	0.120000
ist	von	dem	0.080000
ist	von	vielen	0.060000
ist	vor	allem	0.648649
ist	vor	dem	0.108108
ist	vor	ort	0.081081
ist	vorsitzender	des	1.000000
ist	was	er	0.214286
ist	wegen	der	0.333333
ist	wegen	eines	0.250000
ist	weil	es	0.500000
ist	wichtig	dass	0.242424
ist	wichtig	für	0.181818
ist	wichtig	zu	0.151515
ist	wichtig	diese	0.090909
ist	wie	ein	0.105263
ist	wie	es	0.070175
ist	wie	sie	0.070175
ist	wie	das	0.052632
ist	wieder	fit	0.142857
ist	wieder	eine	0.107143
ist	wird	es	0.190476
ist	wirklich	ein	0.214286
ist	wohl	nicht	0.190476
ist	zeigt	auch	0.375000
ist	zu	sehen	0.269231
ist	zu	einem	0.115385
ist	zu	ende	0.057692
ist	zu	einer	0.057692
ist	zufrieden	mit	0.750000
ist	zum	beispiel	0.384615
ist	zurück	im	0.444444
ist	über	die	0.375000
ist	überhaupt	nicht	0.750000
ist	überzeugt	dass	0.666667
ja	auch	nicht	0.127660
ja	auch	eine	0.085106
ja	auch	noch	0.085106
ja	das	ist	0.333333
ja	es	gibt	0.300000
ja	ich	bin	0.250000
ja	immer	noch	0.333333
ja	nicht	nur	0.129032
ja	nicht	das	0.096774
ja	nicht	so	0.096774
ja	nur	ein	0.375000
ja	oder	nein	1.000000
jahr	an	die	0.428571
jahr	auf	dem	0.161290
jahr	auf	einen	0.129032
jahr	auf	den	0.096774
jahr	aufs	neue	0.800000
jahr	für	jahr	0.352941
jahr	für	die	0.176471
jahr	gab	es	0.666667
jahr	gibt	es	0.875000
jahr	habe	die	0.428571
jahr	haben	die	0.384615
jahr	hat	die	0.333333
jahr	hat	es	0.125000
jahr	hat	sich	0.125000
jahr	hatte	die	0.352941
jahr	hatte	der	0.235294
jahr	in	der	0.291667
jahr	in	die	0.125000
jahr	in	folge	0.083333
jahr	in	deutschland	0.062500
jahr	in	einem	0.062500
jahr	in	den	0.062500
jahr	ist	die	0.160000
jahr	ist	das	0.120000
jahr	ist	eine	0.120000
jahr	ist	es	0.120000
jahr	lag	die	0.782609
jahr	mehr	als	0.833333
jahr	mit	dem	0.240000
jahr	mit	einem	0.200000
jahr	nach	dem	0.375000
jahr	nach	der	0.250000
jahr	sind	es	0.173913
jahr	um	prozent	0.222222
jahr	vor	der	0.500000
jahr	war	der	0.121212
jahr	war	die	0.121212
jahr	war	das	0.090909
jahr	war	es	0.090909
jahr	waren	es	0.600000
jahr	wie	das	0.750000
jahr	wird	die	0.214286
jahr	wurde	der	0.250000
jahr	wurde	das	0.200000
jahr	wurde	er	0.150000
jahr	wurden	in	0.307692
jahr	zu	prozent	0.157895
jahr	zu	jahr	0.157895
jahre	alt	und	0.277778
jahre	alt	war	0.069444
jahre	alt	ist	0.069444
jahre	alt	sein	0.055556
jahre	alt	geworden	0.041667
jahre	alt	wird	0.041667
jahre	alt	das	0.041667
jahre	alte	frau	0.181818
jahre	alte	fahrer	0.090909
jahre	alten	mann	0.133333
jahre	alter	mann	0.687500
jahre	altes	mädchen	1.000000
jahre	auf	die	0.428571
jahre	bis	zum	0.230769
jahre	haft	für	0.500000
jahre	her	dass	1.000000
jahre	in	haft	0.187500
jahre	in	der	0.187500
jahre	ist	es	0.500000
jahre	lang	mit	0.057692
jahre	lang	als	0.057692
jahre	lang	nichts	0.057692
jahre	lang	war	0.057692
jahre	nach	der	0.367347
jahre	nach	dem	0.367347
jahre	nach	den	0.061224
jahre	später	wurde	0.081081
jahre	später	wird	0.081081
jahre	war	am	0.565217
jahre	war	es	0.130435
jeder	andere	auch	0.500000
jeder	für	sich	0.800000
jeder	von	uns	0.714286
jeder	weiß	dass	0.714286
jedoch	an	dass	0.600000
jedoch	bis	zum	0.666667
jedoch	dass	die	0.210526
jedoch	eine	andere	0.428571
jedoch	nach	wie	0.600000
jedoch	nicht	die	0.084746
jedoch	nicht	mehr	0.084746
jedoch	nicht	nur	0.067797
jedoch	nicht	bei	0.050847
jedoch	noch	nicht	0.350000
jene	die	sich	0.176471
jene	in	der	1.000000
job	gemacht	und	0.750000
johannes	rauch	grüne	0.600000
jungen	und	mädchen	0.666667
juni	ab	uhr	1.000000
juni	bis	juli	0.214286
juni	in	der	0.333333
juni	in	den	0.333333
juni	um	uhr	0.900000
jüngste	kurs	betrug	1.000000
kam	auf	der	0.214286
kam	auf	punkte	0.214286
kam	er	in	0.260870
kam	es	zu	0.248276
kam	es	am	0.137931
kam	es	in	0.110345
kam	es	im	0.048276
kam	es	zur	0.041379
kam	es	auf	0.034483
kam	es	zum	0.034483
kam	es	gegen	0.027586
kam	es	dann	0.027586
kam	es	laut	0.027586
kam	heraus	dass	0.750000
kam	in	den	0.200000
kam	jede	hilfe	1.000000
kam	unter	anderem	1.000000
kam	von	der	1.000000
kam	zu	einem	0.277778
kam	zu	einer	0.222222
kampf	gegen	die	0.416667
kampf	gegen	den	0.312500
kampf	gegen	das	0.062500
kampf	um	den	0.400000
kampf	um	die	0.400000
kampf	um	einen	0.100000
kandidaten	für	die	0.384615
kandidaten	für	das	0.230769
kandidaten	für	den	0.230769
kannst	du	auch	0.129032
kannst	du	dir	0.129032
kannst	du	den	0.096774
karte	aus	dem	1.000000
karten	für	die	0.714286
kein	geld	mehr	0.214286
kein	grund	zur	0.500000
kein	halten	mehr	1.000000
kein	interesse	an	0.750000
kein	wunder	dass	0.304348
kein	wunder	denn	0.130435
keine	ahnung	von	0.285714
keine	ahnung	was	0.214286
keine	andere	wahl	0.363636
keine	angst	davor	0.363636
keine	anzeichen	dass	0.375000
keine	anzeichen	dafür	0.375000
keine	auswirkungen	auf	0.750000
keine	chance	mehr	0.357143
keine	gefahr	für	0.600000
keine	grenzen	gesetzt	0.714286
keine	große	überraschung	0.500000
keine	hinweise	auf	0.538462
keine	hinweise	darauf	0.230769
keine	rede	sein	0.750000
keine	rolle	mehr	0.470588
keine	story	von	1.000000
keine	zukunft	mehr	0.600000
kennen	und	lieben	0.307692
kinder	aus	der	0.500000
kinder	bis	jahre	0.428571
kinder	gibt	es	1.000000
kinder	im	alter	0.333333
kinder	in	die	0.200000
kinder	in	der	0.150000
kinder	und	eltern	0.129032
kinder	und	erwachsene	0.096774
kinder	zur	welt	0.666667
kindheit	und	jugend	0.800000
kirche	in	deutschland	0.250000
klettern	auf	werte	0.875000
konzert	in	der	0.444444
kostet	euro	pro	0.500000
krieges	gegen	die	0.800000
krieges	in	der	0.571429
kurs	betrug	euro	1.000000
können	ab	sofort	0.800000
können	aber	auch	0.416667
können	bei	der	0.750000
können	bis	zu	0.555556
können	die	besucher	0.067797
können	die	kinder	0.050847
können	es	sich	0.272727
können	heißt	es	1.000000
können	in	der	0.230769
können	ist	die	0.200000
können	sich	die	0.134615
können	sich	auf	0.105769
können	sich	nicht	0.057692
können	sich	an	0.048077
können	sich	alle	0.038462
können	sich	sehen	0.028846
können	sich	auch	0.028846
können	sich	viele	0.028846
können	sie	sich	0.127451
können	sie	die	0.078431
können	sie	den	0.049020
können	sie	durch	0.039216
können	sie	auf	0.039216
können	sie	es	0.029412
können	sie	ihre	0.029412
können	sie	nicht	0.029412
können	sie	im	0.029412
können	so	die	0.210526
können	so	der	0.157895
können	und	die	0.095238
können	von	den	0.428571
können	wenn	sie	0.500000
können	werden	gebeten	0.333333
können	wir	uns	0.142857
können	wir	nicht	0.126984
können	wir	nur	0.047619
können	wir	das	0.047619
können	zu	einer	0.363636
können	zu	den	0.272727
können	zum	beispiel	0.666667
könnte	aber	auch	0.272727
könnte	es	auch	0.068182
könnte	es	sein	0.068182
könnte	man	die	0.166667
könnte	sein	dass	0.800000
könnte	sich	für	0.093750
könnte	sie	auch	0.500000
landes	in	der	0.600000
landes	und	der	0.300000
lang	sind	die	0.750000
leib	und	leben	0.500000
leib	und	seele	0.500000
letzten	drei	jahren	0.400000
letzten	fünf	jahren	0.500000
letzten	generation	haben	0.150000
letzten	jahren	immer	0.078947
letzten	mal	in	0.333333
letzten	zehn	jahren	0.583333
leuten	ins	gespräch	1.000000
licht	am	ende	0.500000
licht	der	welt	0.500000
licht	der	öffentlichkeit	0.375000
licht	ins	dunkel	1.000000
ließ	er	sich	0.333333
ließ	sich	nicht	0.185185
ließ	sich	in	0.111111
linie	auf	die	0.666667
liter	wasser	pro	0.750000
live	im	tv	0.818182
lkw	auf	die	0.375000
lkw	auf	der	0.375000
los	geht	es	0.473684
los	geht	s	0.421053
länder	der	welt	0.555556
länder	der	region	0.333333
lösung	bei	der	0.750000
lösung	für	die	0.333333
lösung	für	das	0.200000
lösung	zu	finden	0.666667
machen	sagt	er	1.000000
machen	sich	auf	0.150000
machen	sie	sich	0.266667
machen	und	die	0.088889
machen	und	sich	0.066667
machen	wir	uns	0.333333
machen	zu	können	0.545455
machen	zu	müssen	0.272727
machte	die	polizei	0.300000
manchmal	frage	ich	1.000000
manchmal	ist	es	0.714286
mann	an	der	0.500000
mann	aus	dem	0.526316
mann	aus	einem	0.157895
mann	der	mit	0.133333
mann	der	auf	0.100000
mann	fest	der	1.000000
mann	festgenommen	der	0.750000
mann	gegen	uhr	0.625000
mann	hat	in	0.230769
mann	in	der	0.277778
mann	in	einem	0.166667
mann	in	eine	0.166667
mann	ist	am	0.230769
mann	mit	dem	0.285714
mann	mit	seinem	0.190476
mann	mit	einem	0.190476
mann	und	eine	0.181818
mann	und	ein	0.136364
mann	war	am	0.200000
mannschaft	aus	dem	0.500000
mannschaft	in	die	0.333333
mannschaft	in	der	0.333333
mannschaft	von	trainer	0.692308
markt	zu	bringen	0.375000
maßnahmen	für	mehr	0.428571
maßnahmen	um	die	0.750000
mehrere	hundert	millionen	0.307692
mehrere	jahre	lang	0.333333
mehrere	millionen	euro	0.750000
mehrere	schüsse	auf	1.000000
mehrere	stunden	gesperrt	0.333333
mehrere	tage	lang	0.500000
mehrere	tausend	euro	0.500000
meint	er	und	0.500000
meisten	menschen	im	0.214286
meisten	von	ihnen	0.545455
meisten	von	uns	0.272727
menschen	an	bord	0.300000
menschen	auf	die	0.300000
menschen	auf	der	0.300000
menschen	aus	dem	0.294118
menschen	aus	der	0.264706
menschen	bei	der	0.214286
menschen	bei	einer	0.214286
menschen	das	leben	0.230769
menschen	der	welt	0.363636
menschen	die	sich	0.122951
menschen	die	in	0.065574
menschen	die	die	0.040984
menschen	die	auf	0.040984
menschen	die	das	0.040984
menschen	die	mit	0.024590
menschen	die	nicht	0.024590
menschen	die	im	0.024590
menschen	die	dort	0.024590
menschen	die	vor	0.024590
menschen	die	bereits	0.024590
menschen	durch	die	0.375000
menschen	für	den	0.272727
menschen	gegen	die	0.625000
menschen	getötet	und	0.409091
menschen	getötet	worden	0.272727
menschen	haben	am	0.200000
menschen	haben	eine	0.150000
menschen	im	alter	0.190476
menschen	im	land	0.142857
menschen	in	der	0.158416
menschen	in	deutschland	0.099010
menschen	in	den	0.079208
menschen	in	die	0.069307
menschen	in	sicherheit	0.029703
menschen	in	berlin	0.029703
menschen	in	dem	0.029703
menschen	in	einer	0.029703
menschen	kamen	bei	0.428571
menschen	können	sich	0.625000
menschen	leicht	verletzt	1.000000
menschen	mit	einem	0.260870
menschen	sind	bei	0.142857
menschen	ums	leben	1.000000
menschen	verletzt	worden	0.727273
menschen	vor	ort	0.434783
menschen	vor	dem	0.217391
menschen	vor	der	0.130435
menschen	wurden	verletzt	0.250000
menschen	wurden	nach	0.250000
menschen	zu	erreichen	0.100000
menschen	zu	helfen	0.100000
mindestens	aber	euro	1.000000
mindestens	fünf	jahre	0.750000
mindestens	menschen	ums	0.350000
mindestens	milliarden	euro	0.833333
mindestens	millionen	euro	0.700000
mindestens	prozent	der	0.235294
mindestens	prozent	mit	0.176471
minuten	hatten	die	1.000000
minuten	in	der	0.571429
minuten	nach	dem	0.375000
minuten	vor	dem	0.375000
miteinander	ins	gespräch	1.000000
mittagessen	in	der	0.750000
mitten	auf	der	0.857143
mitten	in	der	0.571429
mitten	in	einer	0.142857
mittwoch	auf	der	0.428571
mittwoch	gegen	uhr	0.666667
mittwoch	in	der	0.230769
mittwoch	in	berlin	0.230769
mittwoch	in	die	0.153846
mittwoch	mit	dass	0.375000
mittwoch	um	uhr	1.000000
mittwoch	und	donnerstag	0.500000
mittwoch	war	die	1.000000
mittwoch	wird	es	0.833333
mittwoch	zu	einem	0.500000
mittwoch	über	die	0.750000
model	y	in	0.428571
monaten	des	jahres	0.666667
monaten	gab	es	1.000000
monaten	haft	verurteilt	0.400000
monaten	immer	wieder	1.000000
monaten	verurteilt	worden	1.000000
mussten	sich	die	0.357143
mussten	von	der	1.000000
männern	und	frauen	0.500000
möchte	ich	ihnen	0.176471
möchte	man	die	0.307692
möglichkeit	in	einem	0.500000
möglichkeit	zu	einem	0.500000
namen	hat	das	0.500000
namen	in	der	0.600000
nationale	und	internationale	0.750000
neun	jahren	in	0.333333
neun	millionen	euro	0.600000
neun	von	zehn	1.000000
new	york	times	0.250000
new	york	city	0.080000
new	york	die	0.040000
new	york	und	0.040000
new	york	zu	0.040000
new	york	nach	0.030000
niederlage	gegen	den	0.375000
niederlage	gegen	die	0.375000
niederlage	in	folge	0.500000
november	ab	uhr	0.800000
november	bei	der	0.428571
november	bis	zum	0.333333
november	bis	dezember	0.250000
november	hatte	die	0.625000
november	um	uhr	0.900000
november	war	der	0.600000
nummer	eins	im	0.166667
nummer	in	der	1.000000
nummer	zwei	der	0.272727
näher	an	die	0.538462
obst	gemüse	und	0.750000
obst	und	gemüse	0.909091
offen	für	die	0.190476
offen	für	eine	0.190476
offen	für	alle	0.142857
offen	und	ehrlich	0.375000
offenen	tür	im	0.333333
oft	gar	nicht	1.000000
oft	in	der	0.230769
oft	nicht	zu	0.200000
oktober	gibt	es	1.000000
oktober	in	einem	0.250000
oktober	mit	dem	0.500000
oktober	um	uhr	1.000000
orte	an	denen	1.000000
partei	aus	der	0.600000
partei	die	linke	0.500000
partei	in	der	0.363636
passieren	dass	die	0.300000
personal	in	der	0.600000
pleite	gegen	die	0.666667
plus	von	prozent	0.625000
politik	und	wirtschaft	0.250000
politik	und	gesellschaft	0.250000
preise	für	strom	0.166667
preise	in	den	0.428571
pro	jahr	die	0.073171
pro	tag	zu	0.166667
pro	woche	zu	0.120000
probleme	bei	der	0.625000
probleme	in	der	0.750000
probleme	mit	dem	0.423077
probleme	mit	der	0.269231
probleme	mit	den	0.115385
problemen	in	der	1.000000
problemen	zu	kämpfen	0.600000
programm	auf	die	0.600000
programm	für	die	0.375000
programm	über	dieses	1.000000
prozent	an	die	0.400000
prozent	auf	milliarden	0.212121
prozent	auf	punkte	0.196970
prozent	auf	millionen	0.166667
prozent	auf	prozent	0.090909
prozent	auf	rund	0.060606
prozent	bei	den	0.357143
prozent	bei	der	0.285714
prozent	der	stimmen	0.155340
prozent	der	menschen	0.067961
prozent	der	fälle	0.067961
prozent	der	kosten	0.067961
prozent	der	deutschen	0.058252
prozent	der	bevölkerung	0.058252
prozent	der	kinder	0.029126
prozent	der	aktien	0.029126
prozent	erhöht	werden	0.600000
prozent	für	die	0.375000
prozent	gegenüber	dem	0.363636
prozent	im	vergleich	0.487179
prozent	im	minus	0.102564
prozent	in	den	0.307692
prozent	mehr	als	0.641026
prozent	mehr	lohn	0.128205
prozent	pro	jahr	1.000000
prozent	sind	die	0.428571
prozent	und	im	0.113636
prozent	und	mehr	0.090909
prozent	und	der	0.090909
prozent	und	damit	0.090909
prozent	und	prozent	0.068182
prozent	unter	dem	0.571429
prozent	weniger	als	0.846154
prozent	über	dem	0.555556
präsident	des	deutschen	0.714286
präsident	in	der	0.600000
punkt	in	der	1.000000
punkte	vor	dem	0.600000
punkte	weniger	als	1.000000
rand	und	band	1.000000
reaktion	auf	die	0.428571
reaktion	auf	den	0.190476
regeln	für	die	0.500000
respekt	vor	den	0.375000
respekt	vor	dem	0.375000
richtet	sich	an	0.320000
richtet	sich	die	0.200000
rief	die	polizei	0.500000
risiko	für	die	0.384615
rock	am	ring	0.750000
rock	and	roll	1.000000
rock	n	roll	0.875000
rot	und	weiß	0.428571
rot	weiss	essen	0.833333
russischen	angriff	auf	0.833333
rückgängig	gemacht	werden	1.000000
sah	es	als	0.285714
saison	geht	es	1.000000
saison	in	der	0.823529
saison	mit	dem	0.750000
saison	nicht	mehr	0.444444
saison	noch	nicht	0.428571
saison	war	das	0.600000
schaden	an	der	0.500000
schaden	in	höhe	0.777778
schaden	von	rund	0.545455
schaffte	er	es	0.600000
schaffte	es	nicht	0.136364
schlüssel	zum	erfolg	0.750000
schreiben	an	die	0.800000
schreibt	die	stadt	0.176471
schreibt	die	washington	0.176471
schreibt	uns	eure	0.750000
schritt	für	schritt	0.705882
schritt	in	die	0.450000
schritt	in	richtung	0.200000
schritt	in	der	0.150000
schritt	nach	vorne	0.666667
schuld	daran	ist	1.000000
schuld	von	sich	1.000000
schwer	am	kopf	0.600000
schwer	verletzt	worden	0.421053
schwer	verletzt	und	0.087719
schwer	verletzt	dass	0.070175
schwer	verletzt	ins	0.052632
schwer	verletzt	haben	0.052632
schwer	verletzt	wurde	0.052632
schwer	zu	sagen	0.200000
schwer	zu	erreichen	0.150000
schüler	ab	der	1.000000
schüler	und	lehrer	0.750000
sehr	dass	wir	0.333333
sehr	dass	es	0.166667
sehr	gut	an	0.070423
sehr	gut	und	0.056338
sehr	gut	in	0.042254
sehr	gut	besucht	0.042254
sehr	gut	gemacht	0.042254
sehr	gut	gewesen	0.042254
sehr	gute	leistung	0.181818
sehr	gute	qualität	0.136364
sehr	schnell	und	0.333333
sehr	viel	geld	0.136364
sehr	viel	mehr	0.068182
sehr	viele	menschen	0.157895
sehr	wichtig	sei	0.200000
sehr	wichtig	ist	0.150000
sehr	zufrieden	mit	0.428571
seit	anfang	des	0.305556
seit	anfang	oktober	0.111111
seit	april	in	0.214286
seit	ausbruch	des	1.000000
seit	beginn	der	0.511628
seit	beginn	des	0.418605
seit	dem	jahr	0.089552
seit	dem	beginn	0.067164
seit	dem	januar	0.052239
seit	dem	vergangenen	0.052239
seit	dem	april	0.044776
seit	dem	jahrhundert	0.037313
seit	dem	februar	0.037313
seit	dem	dezember	0.029851
seit	dem	oktober	0.029851
seit	dem	frühen	0.022388
seit	dem	zweiten	0.022388
seit	dem	krieg	0.022388
seit	dem	märz	0.022388
seit	dem	morgen	0.022388
seit	dem	russischen	0.022388
seit	dem	august	0.022388
seit	dem	ausbruch	0.022388
seit	dem	sommer	0.022388
seit	dem	letzten	0.022388
seit	dem	mai	0.022388
seit	dem	ende	0.022388
seit	dem	september	0.022388
seit	dem	juli	0.022388
seit	den	er	0.777778
seit	der	nacht	0.107143
seit	dieser	woche	0.750000
seit	drei	jahren	0.857143
seit	ein	paar	0.800000
seit	einem	jahr	0.421053
seit	einem	halben	0.210526
seit	einem	monat	0.157895
seit	einer	woche	0.666667
seit	einigen	jahren	0.630435
seit	einigen	monaten	0.152174
seit	einigen	wochen	0.130435
seit	einigen	tagen	0.086957
seit	einiger	zeit	1.000000
seit	fast	jahren	0.500000
seit	fast	einem	0.150000
seit	februar	ist	0.307692
seit	fünf	jahren	0.666667
seit	für	die	0.600000
seit	gibt	es	1.000000
seit	gut	einem	0.750000
seit	ist	er	0.350000
seit	ist	der	0.150000
seit	ist	sie	0.150000
seit	jahren	in	0.090164
seit	jahren	die	0.040984
seit	jahren	ist	0.040984
seit	jahren	ein	0.032787
seit	jahren	im	0.032787
seit	jahren	mit	0.024590
seit	jahren	auf	0.024590
seit	jahren	eine	0.024590
seit	jahren	für	0.024590
seit	jahren	nicht	0.024590
seit	knapp	einem	0.500000
seit	kurzem	ist	0.214286
seit	kurzem	wieder	0.214286
seit	langer	zeit	1.000000
seit	letzter	woche	1.000000
seit	mehr	als	1.000000
seit	mehreren	jahren	0.454545
seit	mindestens	jahren	0.375000
seit	mitte	april	0.461538
seit	rund	einem	0.357143
seit	rund	jahren	0.285714
seit	sechs	jahren	0.666667
seit	sieben	jahren	1.000000
seit	vielen	jahren	0.931818
seit	vier	jahren	0.750000
seit	wochen	die	0.130435
seit	zehn	jahren	0.666667
seit	zwei	jahren	0.823529
seit	zwölf	jahren	0.750000
seit	über	jahren	0.484848
seit	über	zehn	0.151515
seit	über	einem	0.090909
seitdem	hat	sich	0.571429
seitdem	nicht	mehr	1.000000
september	bei	einem	0.300000
september	bei	der	0.300000
september	gegen	uhr	0.750000
september	in	der	0.230769
september	um	uhr	0.818182
september	und	oktober	0.300000
september	vergangenen	jahres	1.000000
september	von	bis	0.600000
september	vor	einem	0.600000
sex	and	the	1.000000
sicher	dass	die	0.214286
sicher	dass	wir	0.178571
sicher	dass	es	0.107143
sicher	ist	nur	0.214286
sicher	über	die	1.000000
sicherer	zu	machen	0.833333
sind	ab	dem	0.300000
sind	aber	nicht	0.259259
sind	aber	auch	0.111111
sind	am	montag	0.133333
sind	am	dienstag	0.133333
sind	am	wochenende	0.133333
sind	am	ende	0.100000
sind	am	samstag	0.100000
sind	am	freitag	0.100000
sind	an	den	0.142857
sind	an	diesem	0.142857
sind	an	der	0.142857
sind	auch	die	0.245283
sind	auch	in	0.075472
sind	auf	der	0.548387
sind	auf	die	0.129032
sind	auf	dem	0.129032
sind	aufgrund	der	1.000000
sind	aus	sicht	0.230769
sind	bei	der	0.280000
sind	bei	einem	0.160000
sind	bei	dem	0.120000
sind	bereit	für	0.600000
sind	bis	heute	0.250000
sind	bis	auf	0.150000
sind	bis	zu	0.150000
sind	dann	aber	0.176471
sind	die	beiden	0.056680
sind	die	preise	0.036437
sind	die	folgen	0.024291
sind	die	wichtigsten	0.024291
sind	die	kosten	0.024291
sind	die	ersten	0.020243
sind	die	gründe	0.020243
sind	die	in	0.016194
sind	die	grünen	0.012146
sind	die	besten	0.012146
sind	die	letzten	0.012146
sind	die	drei	0.012146
sind	die	mit	0.012146
sind	die	stars	0.012146
sind	die	neuen	0.012146
sind	die	chancen	0.012146
sind	die	ergebnisse	0.012146
sind	dieses	mal	0.750000
sind	durch	die	0.500000
sind	durch	den	0.300000
sind	ein	wichtiger	0.166667
sind	es	prozent	0.078947
sind	es	die	0.065789
sind	es	nur	0.065789
sind	es	rund	0.052632
sind	es	bei	0.039474
sind	es	sogar	0.039474
sind	es	nicht	0.039474
sind	es	nun	0.039474
sind	für	die	0.311111
sind	für	den	0.066667
sind	für	mich	0.066667
sind	glücklich	dass	0.750000
sind	herzlich	eingeladen	0.600000
sind	im	moment	0.093750
sind	im	vergangenen	0.093750
sind	immer	noch	0.347826
sind	immer	wieder	0.217391
sind	in	der	0.280702
sind	in	den	0.192982
sind	in	deutschland	0.061404
sind	in	diesem	0.052632
sind	in	einem	0.035088
sind	in	einer	0.026316
sind	jetzt	in	0.214286
sind	kann	man	0.555556
sind	laut	der	0.250000
sind	lesen	sie	1.000000
sind	mehr	als	0.866667
sind	meist	nicht	0.428571
sind	mit	einem	0.241379
sind	mit	der	0.103448
sind	nach	wie	0.275862
sind	nach	dem	0.137931
sind	nach	einem	0.103448
sind	nach	ansicht	0.103448
sind	nicht	nur	0.208955
sind	nicht	mehr	0.149254
sind	nicht	zu	0.074627
sind	nicht	die	0.059701
sind	nicht	erlaubt	0.044776
sind	noch	nicht	0.297297
sind	noch	ein	0.081081
sind	nur	noch	0.166667
sind	nur	wenige	0.125000
sind	nur	einige	0.125000
sind	prozent	der	0.454545
sind	seit	jahren	0.133333
sind	seit	dem	0.100000
sind	seit	anfang	0.100000
sind	sich	die	0.192308
sind	sich	einig	0.153846
sind	sich	sicher	0.153846
sind	sie	in	0.071429
sind	sie	schon	0.059524
sind	sie	ein	0.059524
sind	sie	nicht	0.059524
sind	sie	die	0.035714
sind	so	viele	0.136364
sind	sowohl	auf	0.428571
sind	stolz	auf	0.428571
sind	stolz	dass	0.428571
sind	um	die	0.300000
sind	und	wie	0.097222
sind	und	die	0.083333
sind	und	mit	0.055556
sind	und	eine	0.055556
sind	und	es	0.041667
sind	und	welche	0.041667
sind	und	wo	0.041667
sind	unter	anderem	0.590909
sind	von	der	0.187500
sind	vor	allem	0.611111
sind	vor	ort	0.277778
sind	wie	die	0.250000
sind	wir	auf	0.070588
sind	wir	mit	0.058824
sind	wir	in	0.058824
sind	wir	nicht	0.047059
sind	wir	sehr	0.035294
sind	wir	alle	0.035294
sind	zum	beispiel	0.600000
sind	überzeugt	dass	0.666667
situation	für	die	0.750000
situation	in	der	0.733333
situation	mit	der	0.750000
sollten	sich	die	0.320000
sollten	sie	sich	0.114286
sondern	auch	die	0.104762
sondern	auch	für	0.080952
sondern	auch	auf	0.057143
sondern	auch	in	0.047619
sondern	auch	das	0.047619
sondern	auch	eine	0.042857
sondern	auch	den	0.033333
sondern	auch	der	0.033333
sondern	auch	mit	0.033333
sondern	auch	ein	0.028571
sondern	auch	über	0.028571
sondern	auch	um	0.023810
sondern	auch	noch	0.019048
sondern	auch	von	0.019048
sondern	auch	durch	0.019048
sondern	auch	viele	0.014286
sondern	auch	gegen	0.014286
sondern	auch	an	0.014286
sondern	auch	aus	0.014286
sondern	auch	darum	0.014286
sondern	auch	im	0.014286
sondern	auch	als	0.014286
sondern	durch	die	0.600000
sondern	für	die	0.444444
sondern	in	der	0.214286
sondern	nur	ein	0.120000
sondern	nur	noch	0.120000
sondern	um	den	0.250000
sondern	um	einen	0.250000
sondern	um	die	0.250000
sondern	vor	allem	0.909091
sondern	weil	es	0.363636
sondern	weil	er	0.363636
sorge	dass	sich	0.375000
sorgt	bei	der	0.800000
sorgt	dafür	dass	1.000000
sorgt	das	für	1.000000
sorgt	für	einen	0.333333
sorgt	sich	um	1.000000
sowie	bei	der	0.714286
sowie	in	der	0.350000
sowie	über	die	0.428571
sowohl	für	die	0.363636
sowohl	in	der	0.318182
sowohl	in	die	0.136364
spielen	in	der	0.333333
spielen	in	paris	0.200000
spielen	nicht	mehr	0.600000
spielen	zu	dürfen	0.375000
spielt	in	der	0.625000
sprach	am	freitag	0.375000
sprach	von	einem	0.459459
sprach	von	einer	0.297297
sprachen	sich	die	0.500000
spricht	bei	der	0.571429
spricht	für	sich	0.750000
spricht	sich	für	0.666667
spricht	von	einem	0.444444
spricht	von	einer	0.296296
spricht	über	die	0.266667
spricht	über	den	0.200000
spät	und	fuhr	0.555556
staffel	von	the	0.454545
stammt	aus	dem	0.428571
stammt	aus	der	0.190476
standen	auf	dem	0.666667
standen	im	einsatz	0.833333
starb	am	mittwoch	0.600000
starb	im	alter	0.600000
stark	beschädigt	dass	0.750000
stark	von	der	0.571429
starten	um	uhr	0.750000
startet	am	sonntag	0.250000
startet	um	uhr	1.000000
statt	nur	dabei	0.600000
steckt	hinter	dem	0.500000
steckt	in	der	0.500000
stehen	auch	die	0.333333
stehen	auf	dem	0.375000
stehen	für	die	0.428571
stehen	in	der	0.333333
stehen	in	den	0.200000
stehen	noch	aus	0.600000
steht	am	samstag	0.200000
steht	am	donnerstag	0.150000
steht	an	der	0.666667
steht	auch	die	0.187500
steht	auf	der	0.444444
steht	auf	dem	0.277778
steht	außer	frage	1.000000
steht	er	auf	0.187500
steht	es	um	0.230769
steht	es	im	0.115385
steht	fest	dass	0.312500
steht	für	die	0.280000
steht	für	den	0.160000
steht	ihr	zu	1.000000
steht	in	der	0.434783
steht	in	einem	0.130435
steht	kurz	vor	0.800000
steht	noch	nicht	0.428571
steht	noch	aus	0.142857
steht	vor	der	0.380952
steht	vor	dem	0.333333
steht	vor	einem	0.190476
stellen	in	der	0.833333
stellen	sich	die	0.200000
stellen	sie	sich	0.454545
stellen	wir	ihnen	0.300000
stellten	die	beamten	0.647059
stieg	die	zahl	0.714286
stieg	er	in	0.500000
stieg	um	prozent	0.428571
stunden	am	tag	0.857143
stunden	auf	der	0.750000
stunden	in	der	0.300000
stunden	nach	dem	0.428571
stunden	nach	der	0.285714
stunden	pro	woche	0.714286
stunden	und	minuten	0.500000
stunden	von	le	0.600000
stunden	vor	dem	0.700000
tagen	in	den	0.428571
tagen	ist	es	0.500000
tagen	pro	woche	1.000000
tagen	und	wochen	0.571429
taten	sich	die	0.666667
team	aber	auch	0.800000
team	für	die	0.600000
team	in	der	0.400000
team	rund	um	1.000000
team	und	die	0.230769
team	von	trainer	0.593750
team	von	der	0.093750
teams	am	start	1.000000
teams	aus	der	0.428571
telefon	zu	melden	0.714286
telefonnummer	zu	melden	1.000000
theater	an	der	1.000000
thema	im	programm	0.769231
thema	in	der	0.500000
tiefer	in	die	0.900000
titel	in	der	0.750000
tod	des	mädchens	0.375000
tod	des	mannes	0.375000
tod	seiner	mutter	1.000000
tote	und	verletzte	0.833333
training	für	die	0.500000
training	mit	der	0.750000
treibstoff	für	die	1.000000
trifft	auch	auf	0.625000
trotz	der	vielen	0.125000
trotz	des	frühen	0.166667
trotz	des	krieges	0.166667
tränen	in	den	0.800000
tun	um	diese	0.272727
tv	und	online	0.750000
tv	zu	sehen	0.600000
tödlich	verletzt	worden	0.750000
uhr	an	der	0.692308
uhr	auf	der	0.388889
uhr	auf	dem	0.277778
uhr	bei	der	0.454545
uhr	bis	uhr	0.681818
uhr	deutscher	zeit	1.000000
uhr	die	straße	0.125000
uhr	gab	es	1.000000
uhr	geht	es	0.800000
uhr	gibt	es	0.833333
uhr	im	bereich	0.166667
uhr	im	ersten	0.125000
uhr	im	einsatz	0.125000
uhr	in	der	0.500000
uhr	in	die	0.133333
uhr	in	den	0.083333
uhr	in	einem	0.066667
uhr	in	ein	0.050000
uhr	ist	es	0.227273
uhr	ist	die	0.136364
uhr	ist	eine	0.136364
uhr	ist	das	0.136364
uhr	kam	es	0.833333
uhr	mit	dem	0.375000
uhr	mit	einem	0.166667
uhr	mit	der	0.125000
uhr	startet	die	0.625000
uhr	uhr	uhr	0.500000
uhr	und	uhr	0.468750
uhr	von	der	0.700000
uhr	vor	dem	0.444444
uhr	war	ein	0.235294
uhr	wird	der	0.312500
uhr	wurde	die	0.300000
uhr	wurde	der	0.150000
uhr	zu	einem	0.318182
uhr	zu	einer	0.136364
ums	andere	mal	1.000000
ums	leben	gekommen	0.777778
ums	leben	kam	0.092593
und	ab	uhr	0.176471
und	abends	c	1.000000
und	als	die	0.093023
und	als	eine	0.069767
und	am	ende	0.250000
und	am	sonntag	0.117647
und	am	samstag	0.088235
und	am	abend	0.088235
und	am	mittwoch	0.044118
und	an	den	0.223684
und	an	der	0.184211
und	an	die	0.171053
und	angesichts	der	0.571429
und	antwort	stehen	0.666667
und	auch	die	0.190751
und	auch	der	0.060694
und	auch	das	0.052023
und	auch	in	0.049133
und	auch	wenn	0.034682
und	auch	für	0.031792
und	auch	im	0.031792
und	auch	bei	0.023121
und	auch	mit	0.023121
und	auch	nicht	0.020231
und	auch	ein	0.017341
und	auch	sonst	0.017341
und	auch	auf	0.017341
und	auch	den	0.017341
und	auch	zu	0.011561
und	auch	hier	0.011561
und	auch	von	0.011561
und	auch	an	0.008671
und	auch	heute	0.008671
und	auch	beim	0.008671
und	auch	gegen	0.008671
und	auch	dort	0.008671
und	auch	seine	0.008671
und	auch	dass	0.008671
und	auch	als	0.008671
und	auf	dem	0.138298
und	auf	die	0.106383
und	auf	den	0.106383
und	auf	der	0.063830
und	auf	das	0.063830
und	auf	eine	0.042553
und	auf	einen	0.031915
und	auf	einem	0.031915
und	aus	der	0.368421
und	aus	dem	0.236842
und	außerhalb	der	0.600000
und	befindet	sich	1.000000
und	bei	der	0.346154
und	bei	den	0.173077
und	bereits	im	0.214286
und	besucher	des	0.102564
und	besucher	können	0.076923
und	besucher	mit	0.076923
und	besucher	auf	0.076923
und	bis	zu	0.257143
und	bis	zum	0.257143
und	bittet	um	0.625000
und	brachte	die	0.263158
und	brachte	sie	0.210526
und	brachten	ihn	0.375000
und	bürger	aus	0.090909
und	c	in	0.833333
und	da	ist	0.102041
und	dabei	auf	0.081633
und	dabei	auch	0.081633
und	dabei	einen	0.061224
und	damit	auch	0.085526
und	damit	die	0.059211
und	damit	das	0.039474
und	damit	in	0.039474
und	damit	der	0.039474
und	damit	eine	0.039474
und	damit	als	0.026316
und	damit	auf	0.026316
und	damit	ein	0.026316
und	damit	einen	0.026316
und	damit	den	0.026316
und	damit	ist	0.019737
und	damit	rund	0.019737
und	damit	für	0.019737
und	damit	im	0.019737
und	damit	zu	0.019737
und	dann	ist	0.074713
und	dann	in	0.063218
und	dann	gibt	0.051724
und	dann	die	0.040230
und	dann	auch	0.040230
und	dann	geht	0.028736
und	dann	wird	0.022989
und	dann	auf	0.017241
und	dann	sind	0.017241
und	dann	werden	0.017241
und	dann	macht	0.017241
und	dann	ein	0.017241
und	dann	haben	0.017241
und	dann	im	0.017241
und	dann	habe	0.017241
und	dann	kam	0.017241
und	darüber	hinaus	0.588235
und	das	ist	0.080610
und	das	obwohl	0.034858
und	das	war	0.026144
und	das	auch	0.021786
und	das	mit	0.019608
und	das	in	0.017429
und	das	hat	0.017429
und	das	land	0.015251
und	das	was	0.013072
und	das	unternehmen	0.010893
und	das	nicht	0.010893
und	das	gibt	0.010893
und	das	thema	0.010893
und	das	team	0.008715
und	das	deutsche	0.008715
und	das	neue	0.008715
und	das	ganze	0.008715
und	das	publikum	0.008715
und	das	muss	0.008715
und	das	risiko	0.008715
und	das	schon	0.008715
und	das	ziel	0.008715
und	das	habe	0.008715
und	das	spiel	0.008715
und	das	alles	0.008715
und	das	letzte	0.006536
und	das	trotz	0.006536
und	das	aus	0.006536
und	das	gesetz	0.006536
und	das	will	0.006536
und	dass	er	0.166667
und	dass	sie	0.125000
und	dass	es	0.104167
und	dass	auch	0.062500
und	dass	die	0.062500
und	dass	wir	0.062500
und	dass	der	0.062500
und	dem	westen	0.025424
und	den	usa	0.086022
und	den	beiden	0.016129
und	den	ländern	0.016129
und	den	zwei	0.016129
und	der	schweiz	0.034985
und	der	damit	0.017493
und	der	region	0.017493
und	der	welt	0.014577
und	der	deutschen	0.014577
und	der	mann	0.011662
und	der	stadt	0.011662
und	der	in	0.008746
und	der	universität	0.008746
und	der	polizei	0.008746
und	der	chinesische	0.008746
und	der	gesamten	0.008746
und	der	prozent	0.008746
und	der	erste	0.008746
und	der	rest	0.008746
und	der	körperverletzung	0.008746
und	der	internationalen	0.008746
und	der	spaß	0.008746
und	der	stiftung	0.008746
und	der	frage	0.008746
und	der	von	0.008746
und	deren	familien	0.150000
und	die	polizei	0.023774
und	die	beiden	0.014859
und	die	menschen	0.011887
und	die	stadt	0.010401
und	die	usa	0.010401
und	die	sich	0.008915
und	die	frage	0.008915
und	die	zukunft	0.008915
und	die	qualität	0.007429
und	die	leute	0.007429
und	die	möglichkeit	0.007429
und	die	damit	0.007429
und	die	kinder	0.007429
und	die	fähigkeit	0.007429
und	die	in	0.005944
und	die	internationale	0.005944
und	die	geschwindigkeit	0.005944
und	die	dadurch	0.005944
und	die	kosten	0.005944
und	die	wirtschaft	0.005944
und	die	chancen	0.005944
und	die	verantwortung	0.005944
und	die	ergebnisse	0.005944
und	die	gemeinde	0.005944
und	die	politik	0.005944
und	die	neue	0.005944
und	die	zusammenarbeit	0.005944
und	die	staatsanwaltschaft	0.005944
und	die	die	0.005944
und	die	vielen	0.005944
und	dies	mit	0.166667
und	diese	auch	0.097561
und	doch	ist	0.148148
und	drei	monaten	0.083333
und	drei	weitere	0.083333
und	durch	die	0.333333
und	durch	den	0.142857
und	durch	ein	0.071429
und	durch	das	0.071429
und	eben	auch	0.384615
und	ein	paar	0.080000
und	ein	weiterer	0.040000
und	ein	gutes	0.040000
und	ein	kind	0.026667
und	ein	ende	0.026667
und	ein	jahr	0.020000
und	ein	weiteres	0.020000
und	ein	zeichen	0.020000
und	eine	frau	0.045161
und	eine	gute	0.032258
und	eine	große	0.032258
und	eine	klare	0.025806
und	eine	bessere	0.025806
und	eine	kleine	0.019355
und	eine	der	0.019355
und	eine	neue	0.019355
und	eine	leichte	0.019355
und	eine	weitere	0.019355
und	eine	höhere	0.019355
und	einen	großen	0.061224
und	eines	der	0.800000
und	entlang	der	0.800000
und	er	ist	0.144928
und	er	hat	0.101449
und	er	jahren	0.101449
und	er	jahre	0.057971
und	er	wird	0.057971
und	er	war	0.043478
und	erklärt	dass	0.300000
und	erst	recht	0.230769
und	es	ist	0.176724
und	es	gibt	0.099138
und	es	wird	0.060345
und	es	gab	0.038793
und	es	kam	0.034483
und	es	war	0.034483
und	es	regnet	0.030172
und	es	hat	0.025862
und	es	kann	0.021552
und	es	sei	0.021552
und	es	soll	0.021552
und	es	herrscht	0.012931
und	es	wurde	0.012931
und	es	ging	0.012931
und	es	macht	0.012931
und	euro	für	0.250000
und	euro	pro	0.150000
und	experten	aus	0.250000
und	frauen	in	0.115385
und	freue	mich	0.800000
und	freunde	des	0.187500
und	frühen	er	1.000000
und	fuhr	mit	0.190476
und	fuhr	auf	0.142857
und	fühlt	sich	1.000000
und	führt	zu	0.307692
und	für	die	0.281250
und	für	den	0.085938
und	für	eine	0.062500
und	für	das	0.062500
und	für	einen	0.023438
und	ganz	auf	0.214286
und	ganz	besonders	0.107143
und	gar	nicht	0.714286
und	gegen	die	0.235294
und	gegen	ein	0.176471
und	gehört	zu	0.333333
und	genau	das	0.352941
und	genutzt	werden	0.750000
und	gibt	den	0.160000
und	gilt	als	0.454545
und	habe	sich	0.102041
und	habe	den	0.061224
und	habe	sie	0.061224
und	haben	dadurch	0.054545
und	haben	eine	0.054545
und	haben	sich	0.054545
und	halten	sie	0.375000
und	hat	sich	0.132812
und	hat	eine	0.054688
und	hat	die	0.046875
und	hat	in	0.039062
und	hat	ein	0.023438
und	hat	bereits	0.023438
und	hat	dann	0.023438
und	hat	auch	0.023438
und	hat	glück	0.023438
und	hatte	sich	0.139535
und	hatte	auch	0.069767
und	hält	sich	0.333333
und	ich	habe	0.107143
und	ich	kann	0.062500
und	ich	bin	0.062500
und	ich	glaube	0.044643
und	ich	denke	0.044643
und	ich	hatte	0.035714
und	ich	haben	0.035714
und	ich	mich	0.026786
und	ich	hoffe	0.026786
und	ich	würde	0.026786
und	ihr	team	0.065217
und	ihr	mann	0.065217
und	ihre	kinder	0.055556
und	ihre	beiden	0.041667
und	ihre	tochter	0.041667
und	im	jahr	0.049505
und	im	süden	0.039604
und	im	april	0.029703
und	im	winter	0.029703
und	im	zweiten	0.029703
und	im	nächsten	0.029703
und	im	juni	0.029703
und	im	bereich	0.029703
und	immer	wieder	0.258065
und	immer	weiter	0.096774
und	immer	noch	0.096774
und	in	der	0.297386
und	in	den	0.163399
und	in	die	0.081699
und	in	einem	0.032680
und	in	ein	0.032680
und	in	eine	0.022876
und	in	deutschland	0.019608
und	in	ihrem	0.019608
und	in	einer	0.019608
und	in	das	0.019608
und	in	ihrer	0.016340
und	in	allen	0.013072
und	in	ruhe	0.009804
und	in	dem	0.009804
und	in	welchem	0.009804
und	in	richtung	0.009804
und	in	welcher	0.009804
und	in	dieser	0.009804
und	in	einen	0.009804
und	ist	damit	0.064286
und	ist	eine	0.050000
und	ist	ein	0.050000
und	ist	in	0.050000
und	ist	seit	0.042857
und	ist	im	0.035714
und	ist	mit	0.035714
und	ist	auf	0.028571
und	ist	nach	0.028571
und	ist	das	0.021429
und	ist	für	0.021429
und	ist	mittlerweile	0.021429
und	ist	nicht	0.021429
und	ist	jetzt	0.021429
und	jahre	alt	0.400000
und	jahre	alten	0.250000
und	je	mehr	0.571429
und	jeden	einzelnen	0.428571
und	jetzt	auch	0.208333
und	jetzt	in	0.125000
und	juden	in	0.375000
und	kam	in	0.172414
und	kam	auf	0.172414
und	kam	dort	0.103448
und	kam	erst	0.103448
und	kann	sich	0.115385
und	kann	in	0.076923
und	kann	an	0.057692
und	kann	im	0.057692
und	kann	nicht	0.057692
und	kann	es	0.057692
und	kinder	zu	0.150000
und	km	h	0.666667
und	konnte	den	0.173913
und	kunden	der	0.125000
und	kurz	vor	0.400000
und	können	sich	0.133333
und	können	in	0.088889
und	können	den	0.066667
und	lassen	sich	0.583333
und	letzten	mal	0.600000
und	liegt	damit	0.307692
und	ließ	sich	0.384615
und	lässt	sich	0.368421
und	lässt	die	0.315789
und	macht	das	0.142857
und	machte	sich	0.187500
und	machten	sich	0.600000
und	man	muss	0.086957
und	man	hat	0.065217
und	man	sich	0.065217
und	manchmal	auch	0.555556
und	mehr	als	0.309091
und	meint	damit	0.272727
und	menschen	mit	0.214286
und	meter	breit	0.600000
und	mich	auf	0.187500
und	mich	für	0.187500
und	mit	der	0.154255
und	mit	dem	0.148936
und	mit	einem	0.095745
und	mit	einer	0.079787
und	mit	den	0.047872
und	mit	ihm	0.031915
und	mit	ihnen	0.021277
und	mit	blick	0.021277
und	mit	ihr	0.015957
und	mit	seinem	0.015957
und	mit	viel	0.015957
und	mitarbeiter	haben	0.100000
und	mitarbeiter	des	0.100000
und	muss	sich	0.233333
und	muss	nun	0.100000
und	müssen	die	0.157895
und	nach	dem	0.138889
und	nach	einer	0.069444
und	nach	der	0.055556
und	nach	in	0.055556
und	nach	den	0.041667
und	natürlich	auch	0.242424
und	neben	der	0.300000
und	neu	zu	0.333333
und	nicht	nur	0.136000
und	nicht	mehr	0.080000
und	nicht	um	0.056000
und	nicht	auf	0.048000
und	nicht	die	0.040000
und	nicht	in	0.040000
und	nicht	für	0.040000
und	nicht	zuletzt	0.040000
und	nicht	wie	0.032000
und	nicht	als	0.024000
und	nicht	bei	0.024000
und	nicht	zu	0.024000
und	nicht	den	0.024000
und	nicht	im	0.024000
und	noch	ein	0.166667
und	noch	mehr	0.111111
und	nur	einen	0.090909
und	nur	eine	0.090909
und	nächstes	jahr	0.750000
und	ob	sie	0.206897
und	ob	die	0.172414
und	ob	es	0.172414
und	ob	der	0.103448
und	prozent	der	0.250000
und	raum	für	1.000000
und	rief	die	0.800000
und	rund	um	0.294118
und	schwer	verletzt	0.500000
und	schüler	der	0.113208
und	schüler	die	0.056604
und	schüler	im	0.056604
und	schüler	nicht	0.056604
und	schüler	aus	0.056604
und	sechs	monaten	0.300000
und	sei	es	0.120000
und	sein	team	0.309524
und	seine	frau	0.142857
und	seine	kollegen	0.076923
und	seine	beiden	0.043956
und	seine	familie	0.032967
und	seine	band	0.032967
und	seine	mannschaft	0.032967
und	seinem	team	0.318182
und	seiner	familie	0.263158
und	seiner	frau	0.157895
und	seit	vielen	0.130435
und	setzt	auf	0.250000
und	sich	in	0.076433
und	sich	mit	0.063694
und	sich	auf	0.044586
und	sich	selbst	0.044586
und	sich	dabei	0.038217
und	sich	nicht	0.038217
und	sich	im	0.031847
und	sich	die	0.025478
und	sich	so	0.025478
und	sich	für	0.019108
und	sich	nur	0.019108
und	sich	damit	0.019108
und	sich	auch	0.019108
und	sich	dafür	0.019108
und	sich	über	0.019108
und	sie	sind	0.051282
und	sie	haben	0.042735
und	sie	werden	0.034188
und	sie	von	0.025641
und	sie	wird	0.025641
und	sie	ist	0.025641
und	sie	zu	0.025641
und	sie	kann	0.025641
und	sind	nicht	0.068966
und	sind	für	0.051724
und	sind	in	0.051724
und	so	wird	0.076271
und	so	ist	0.067797
und	so	weiter	0.059322
und	so	einen	0.042373
und	so	die	0.042373
und	so	den	0.033898
und	so	auch	0.025424
und	somit	auch	0.150000
und	somit	die	0.075000
und	somit	das	0.075000
und	sonntag	und	0.235294
und	sorgt	für	0.400000
und	spielt	in	0.444444
und	sprach	von	0.454545
und	spricht	von	0.333333
und	später	in	0.238095
und	später	bei	0.142857
und	staatsanwaltschaft	am	0.333333
und	sucht	nach	0.272727
und	teile	des	0.500000
und	uhr	in	0.086957
und	uhr	mit	0.065217
und	um	die	0.175000
und	um	uhr	0.125000
und	um	eine	0.075000
und	um	den	0.075000
und	unter	anderem	0.347826
und	unter	der	0.130435
und	unterstützt	die	0.333333
und	us	präsident	0.666667
und	verletzt	worden	0.500000
und	verletzte	sich	0.466667
und	versuchen	die	0.428571
und	versucht	den	0.230769
und	vertreter	der	0.857143
und	viel	zu	0.222222
und	viel	mehr	0.222222
und	viele	mehr	0.137931
und	viele	andere	0.137931
und	vielen	anderen	0.333333
und	vieles	mehr	1.000000
und	vielleicht	auch	0.173913
und	vielleicht	sogar	0.130435
und	von	der	0.181818
und	von	den	0.121212
und	von	dort	0.075758
und	von	einer	0.060606
und	vor	allem	0.526882
und	vor	jahren	0.215054
und	vor	einem	0.032258
und	vor	allen	0.032258
und	vorsitzender	der	0.500000
und	wann	es	0.210526
und	wann	die	0.157895
und	war	damit	0.108696
und	war	nicht	0.065217
und	war	mit	0.065217
und	war	auch	0.065217
und	warum	es	0.147059
und	warum	er	0.117647
und	warum	sie	0.088235
und	was	die	0.092784
und	was	er	0.072165
und	was	ist	0.051546
und	was	nicht	0.041237
und	was	sie	0.041237
und	was	der	0.030928
und	was	man	0.030928
und	was	wir	0.030928
und	was	das	0.030928
und	was	für	0.030928
und	was	wird	0.030928
und	weil	die	0.173913
und	weil	es	0.130435
und	weise	wie	0.217391
und	weiter	in	0.148148
und	weitere	fragen	0.222222
und	wenn	man	0.122807
und	wenn	es	0.105263
und	wenn	wir	0.087719
und	wenn	die	0.070175
und	wenn	ich	0.070175
und	wenn	doch	0.052632
und	wenn	dann	0.052632
und	wenn	er	0.052632
und	wenn	der	0.052632
und	wenn	sie	0.052632
und	wie	sie	0.106383
und	wie	viele	0.056738
und	wie	es	0.056738
und	wie	man	0.056738
und	wie	er	0.049645
und	wie	die	0.042553
und	wie	viel	0.042553
und	wie	geht	0.042553
und	wie	das	0.035461
und	wie	diese	0.021277
und	wie	kann	0.021277
und	wie	stark	0.021277
und	wie	immer	0.021277
und	wie	lange	0.021277
und	wie	soll	0.021277
und	wir	haben	0.151899
und	wir	sind	0.088608
und	wir	werden	0.063291
und	wir	wollen	0.050633
und	wir	müssen	0.037975
und	wir	wissen	0.037975
und	wird	von	0.111111
und	wird	nicht	0.066667
und	wird	in	0.055556
und	wird	am	0.044444
und	wird	mit	0.033333
und	wird	nun	0.033333
und	wird	wohl	0.033333
und	wird	für	0.033333
und	wirkte	in	0.750000
und	wo	nicht	0.103448
und	wochen	noch	0.500000
und	wohl	auch	0.375000
und	wolken	im	1.000000
und	wollte	nach	0.157895
und	wurde	in	0.096386
und	wurde	von	0.096386
und	wurde	mit	0.048193
und	wurde	auch	0.048193
und	wurde	zur	0.048193
und	wurde	ins	0.048193
und	wurde	vom	0.036145
und	wurde	dafür	0.036145
und	wurde	durch	0.036145
und	wurde	nach	0.036145
und	wurden	in	0.142857
und	während	des	0.272727
und	während	die	0.272727
und	zeigen	die	0.428571
und	zeigt	dass	0.120000
und	zeigt	die	0.120000
und	zeigte	sich	0.333333
und	zog	sich	0.230769
und	zu	den	0.086538
und	zu	einem	0.057692
und	zu	einer	0.038462
und	zu	wenig	0.038462
und	zu	hören	0.028846
und	zu	der	0.028846
und	zuletzt	auch	0.428571
und	zum	anderen	0.166667
und	zum	teil	0.166667
und	zum	ersten	0.083333
und	zwar	in	0.141176
und	zwar	nicht	0.070588
und	zwar	mit	0.058824
und	zwar	von	0.047059
und	zwar	auf	0.047059
und	zwar	am	0.047059
und	zwar	für	0.035294
und	zwar	im	0.035294
und	zwar	so	0.035294
und	zwei	monate	0.088235
und	zwei	weitere	0.088235
und	über	die	0.243243
und	über	den	0.189189
und	über	jahre	0.081081
und	über	eine	0.081081
unfall	auf	der	0.900000
unfall	in	der	0.428571
unfall	kam	es	0.833333
unfall	leicht	verletzt	1.000000
unfall	mit	einem	0.333333
unfall	nicht	mehr	0.500000
unfall	schwer	verletzt	1.000000
unfall	zwischen	einem	0.750000
unwahrscheinlich	dass	die	0.500000
ursprünglich	sollte	der	1.000000
ursprünglich	von	der	1.000000
usa	für	die	1.000000
usa	und	der	0.135135
usa	und	kanada	0.108108
usa	und	china	0.081081
usa	und	russland	0.081081
usa	und	den	0.081081
v	l	und	0.230769
van	den	berg	1.000000
van	der	bellen	1.000000
verantwortlich	für	die	0.636364
verantwortlich	zu	sein	0.714286
verantwortung	für	die	0.360000
verantwortung	für	den	0.320000
verantwortung	gezogen	werden	0.750000
verbindung	zu	setzen	0.500000
verdacht	auf	eine	0.777778
verdacht	nahe	dass	1.000000
verfahren	gegen	den	0.363636
verfahren	gegen	die	0.272727
vergangenheit	immer	wieder	1.000000
verglichen	mit	dem	0.333333
verglichen	mit	den	0.250000
verhandlungen	mit	dem	0.428571
verhandlungen	mit	der	0.214286
verhandlungen	mit	russland	0.214286
verhindern	dass	die	0.400000
verhindern	dass	sich	0.200000
vertrauen	der	menschen	0.500000
vertrauen	in	die	0.523810
vertrauen	in	der	0.142857
vertrauen	in	das	0.142857
veröffentlicht	in	dem	0.375000
video	das	die	0.300000
video	in	dem	0.800000
vierte	frau	in	0.750000
voller	erfolg	war	0.750000
von	a	bis	0.428571
von	anfang	an	0.787879
von	anfang	bis	0.121212
von	april	bis	1.000000
von	auf	euro	0.352941
von	auf	prozent	0.220588
von	auf	millionen	0.044118
von	august	bis	0.750000
von	beginn	an	0.965517
von	beiden	seiten	0.444444
von	bis	uhr	0.397394
von	bis	zu	0.201954
von	bis	jahren	0.048860
von	bis	war	0.029316
von	bis	euro	0.026059
von	bis	prozent	0.026059
von	bis	grad	0.016287
von	bis	die	0.009772
von	bis	als	0.009772
von	bis	milliarden	0.009772
von	bis	millionen	0.009772
von	bis	für	0.009772
von	bisher	euro	0.600000
von	c	in	0.700000
von	c	a	0.150000
von	china	zu	0.333333
von	da	an	0.833333
von	dem	was	0.070707
von	dem	wagen	0.040404
von	dem	sich	0.040404
von	dem	brand	0.030303
von	dem	man	0.030303
von	dem	aus	0.030303
von	den	grünen	0.088542
von	den	usa	0.041667
von	den	beamten	0.036458
von	den	beiden	0.031250
von	den	behörden	0.026042
von	den	folgen	0.020833
von	den	medien	0.020833
von	den	hohen	0.020833
von	den	neuen	0.015625
von	den	im	0.015625
von	den	eltern	0.015625
von	den	freien	0.015625
von	den	fans	0.015625
von	den	sieben	0.015625
von	den	drei	0.015625
von	denen	es	0.111111
von	denen	die	0.088889
von	denen	einige	0.066667
von	der	polizei	0.078431
von	der	straße	0.033333
von	der	stadt	0.029412
von	der	regierung	0.025490
von	der	feuerwehr	0.017647
von	der	neuen	0.015686
von	der	universität	0.015686
von	der	staatsanwaltschaft	0.015686
von	der	hand	0.015686
von	der	deutschen	0.015686
von	der	politik	0.013725
von	der	gemeinde	0.013725
von	der	ersten	0.013725
von	der	arbeit	0.011765
von	der	schule	0.009804
von	der	front	0.009804
von	der	us	0.009804
von	der	man	0.009804
von	der	idee	0.009804
von	der	lage	0.009804
von	der	a	0.007843
von	der	westen	0.007843
von	der	musik	0.007843
von	der	bank	0.007843
von	der	firma	0.007843
von	der	bühne	0.007843
von	der	bahn	0.007843
von	der	wir	0.005882
von	der	stiftung	0.005882
von	der	b	0.005882
von	deutschland	nach	0.166667
von	deutschland	aus	0.166667
von	dienstag	bis	0.300000
von	dienstag	auf	0.300000
von	donnerstag	auf	0.555556
von	dort	aus	0.285714
von	drei	jahren	0.187500
von	drei	bis	0.156250
von	drei	monaten	0.125000
von	drei	männern	0.093750
von	e	autos	0.714286
von	einem	jahr	0.044944
von	einem	mann	0.033708
von	einem	auto	0.033708
von	einem	anderen	0.028090
von	einem	unbekannten	0.022472
von	einem	weiteren	0.022472
von	einem	weißen	0.016854
von	einem	baum	0.016854
von	einem	echten	0.016854
von	einem	bekannten	0.016854
von	einem	der	0.016854
von	einem	euro	0.016854
von	einer	million	0.064935
von	einer	möglichen	0.038961
von	einer	der	0.038961
von	eins	bis	1.000000
von	etwa	euro	0.244444
von	etwa	prozent	0.088889
von	etwa	millionen	0.088889
von	etwa	einem	0.066667
von	etwa	zehn	0.066667
von	etwa	milliarden	0.066667
von	etwa	zwei	0.066667
von	euro	auf	0.081633
von	euro	im	0.061224
von	euro	pro	0.061224
von	euro	an	0.051020
von	euro	für	0.030612
von	euro	zu	0.030612
von	fast	fünf	0.142857
von	fast	grad	0.142857
von	feuerwehr	und	1.000000
von	frauen	und	0.300000
von	frauen	in	0.250000
von	freitag	bis	0.307692
von	freitag	an	0.307692
von	freunden	und	0.600000
von	fünf	jahren	0.181818
von	fünf	prozent	0.136364
von	gibt	es	1.000000
von	großer	bedeutung	1.000000
von	grund	auf	0.900000
von	größter	bedeutung	1.000000
von	grünen	und	1.000000
von	heute	auf	0.363636
von	hier	aus	0.555556
von	ich	bin	1.000000
von	ihm	gehört	0.125000
von	ihnen	sind	0.069767
von	ihnen	ist	0.069767
von	ihnen	haben	0.058140
von	ihnen	in	0.058140
von	ihnen	waren	0.034884
von	ihnen	noch	0.034884
von	ihnen	hatten	0.034884
von	ihnen	zu	0.034884
von	ihnen	wissen	0.034884
von	ihnen	wurden	0.034884
von	ihren	eltern	0.200000
von	ihrer	mutter	0.181818
von	ihrer	tochter	0.136364
von	in	der	0.250000
von	in	den	0.250000
von	insgesamt	rund	0.263158
von	insgesamt	euro	0.157895
von	jahr	zu	1.000000
von	jahren	gestorben	0.250000
von	jahren	verstorben	0.111111
von	januar	bis	1.000000
von	jetzt	auf	1.000000
von	juli	bis	1.000000
von	juni	bis	1.000000
von	kindern	und	0.190476
von	klein	auf	1.000000
von	km	h	0.769231
von	könig	charles	0.857143
von	links	bis	0.100000
von	links	nach	0.100000
von	london	nach	0.600000
von	mehr	als	1.000000
von	mehreren	tausend	0.250000
von	mehreren	hundert	0.150000
von	mensch	und	1.000000
von	menschen	mit	0.160000
von	menschen	aus	0.160000
von	menschen	die	0.160000
von	milliarden	euro	0.553191
von	milliarden	dollar	0.297872
von	milliarden	us	0.127660
von	millionen	euro	0.600000
von	millionen	dollar	0.100000
von	millionen	us	0.083333
von	millionen	pfund	0.050000
von	mindestens	prozent	0.227273
von	mindestens	euro	0.227273
von	mindestens	millionen	0.136364
von	mindestens	zwei	0.136364
von	mitte	juni	0.333333
von	montag	bis	0.500000
von	mädchen	und	1.000000
von	männern	und	0.666667
von	new	york	0.888889
von	november	bis	1.000000
von	null	auf	0.750000
von	nun	an	0.714286
von	oktober	bis	1.000000
von	polizei	und	0.800000
von	prinz	harry	0.666667
von	prozent	im	0.104167
von	prozent	auf	0.083333
von	prozent	der	0.072917
von	prozent	zu	0.041667
von	prozent	in	0.041667
von	prozent	die	0.031250
von	prozent	plus	0.031250
von	prozent	erreicht	0.031250
von	prozent	und	0.031250
von	prozent	an	0.031250
von	prozent	des	0.031250
von	prozent	gegenüber	0.031250
von	rund	euro	0.311688
von	rund	millionen	0.168831
von	rund	milliarden	0.090909
von	rund	prozent	0.064935
von	rund	zwei	0.038961
von	rund	drei	0.038961
von	russischen	truppen	0.444444
von	russischen	soldaten	0.333333
von	samstag	auf	0.750000
von	sechs	monaten	0.400000
von	seiner	frau	0.142857
von	seiten	der	0.692308
von	seiten	des	0.307692
von	sich	selbst	0.172414
von	sich	aus	0.172414
von	stadt	und	0.800000
von	tag	zu	0.800000
von	tagen	nach	0.500000
von	uhr	bis	0.652174
von	uhr	an	0.173913
von	und	jahren	0.454545
von	und	nach	0.151515
von	unternehmen	und	0.500000
von	us	präsident	0.583333
von	us	dollar	0.416667
von	vier	auf	0.111111
von	vor	jahren	0.600000
von	weniger	als	1.000000
von	wo	aus	0.800000
von	zehn	jahren	0.263158
von	zehn	milliarden	0.157895
von	zu	hause	0.750000
von	zwei	prozent	0.148936
von	zwei	jahren	0.127660
von	zwei	männern	0.085106
von	zwölf	monaten	0.466667
von	über	millionen	0.241379
von	über	drei	0.137931
von	über	prozent	0.137931
von	über	milliarden	0.137931
vorbild	für	die	0.375000
vorsprung	auf	den	0.384615
vorsprung	auf	die	0.230769
vorstand	hat	sich	0.500000
vorteil	für	die	0.600000
waren	am	freitag	0.285714
waren	am	sonntag	0.214286
waren	an	der	0.428571
waren	auch	die	0.304348
waren	auch	der	0.130435
waren	auf	dem	0.384615
waren	bei	der	0.461538
waren	bei	den	0.230769
waren	die	beiden	0.111111
waren	es	noch	0.100000
waren	es	nur	0.062500
waren	es	rund	0.062500
waren	es	die	0.050000
waren	es	im	0.050000
waren	es	prozent	0.037500
waren	es	immerhin	0.037500
waren	für	die	0.363636
waren	im	einsatz	0.263158
waren	im	vergangenen	0.157895
waren	in	der	0.333333
waren	in	den	0.259259
waren	mehr	als	1.000000
waren	sich	einig	0.272727
waren	unter	anderem	0.600000
waren	vor	allem	0.555556
waren	wir	noch	0.250000
waren	zuvor	in	0.750000
washington	d	c	1.000000
washington	die	us	0.600000
wasser	in	den	0.444444
wege	zu	gehen	0.375000
weiter	an	der	0.375000
weiter	auf	der	0.217391
weiter	auf	den	0.217391
weiter	fast	bedeckt	1.000000
weiter	geht	es	0.562500
weiter	heißt	es	0.600000
weiter	in	der	0.320000
weiter	in	die	0.280000
weiter	in	richtung	0.160000
weiter	in	den	0.120000
weiter	mit	der	0.238095
weiter	mit	dem	0.190476
weiter	nach	oben	0.187500
weiter	zu	verbessern	0.176471
weiter	über	die	0.800000
weiß	dass	ich	0.142857
weiß	dass	die	0.142857
weiß	dass	es	0.114286
weiß	dass	er	0.114286
weiß	dass	das	0.085714
weiß	er	dass	0.300000
weiß	gar	nicht	1.000000
weiß	genau	was	1.000000
weiß	ich	nicht	0.600000
weiß	nicht	was	0.363636
weiß	nicht	ob	0.272727
weiß	wie	es	0.312500
weltweit	gibt	es	1.000000
weltweit	mehr	als	1.000000
wen	es	sich	0.800000
wenige	kilometer	von	0.600000
wenige	minuten	später	0.428571
wenige	minuten	zuvor	0.214286
wenige	monate	später	0.428571
wenige	stunden	vor	0.263158
wenige	stunden	nach	0.210526
wenige	stunden	zuvor	0.157895
wenige	tage	nach	0.318182
wenige	tage	später	0.272727
wenige	tage	vor	0.227273
wenige	wochen	vor	0.272727
werbung	für	den	0.300000
werbung	für	die	0.300000
werden	ab	dem	0.250000
werden	als	die	0.200000
werden	am	sonntag	0.150000
werden	an	die	0.333333
werden	an	diesem	0.250000
werden	auch	die	0.179487
werden	auch	in	0.076923
werden	auch	wenn	0.076923
werden	auf	dem	0.222222
werden	auf	der	0.166667
werden	bei	den	0.250000
werden	bei	der	0.187500
werden	bei	dem	0.187500
werden	da	die	0.250000
werden	damit	die	0.294118
werden	damit	sich	0.235294
werden	dass	sie	0.193548
werden	dass	die	0.161290
werden	dass	der	0.096774
werden	dass	sich	0.096774
werden	die	tiere	0.033898
werden	die	mit	0.025424
werden	die	in	0.025424
werden	die	sich	0.025424
werden	doch	es	0.600000
werden	durch	die	0.500000
werden	für	den	0.352941
werden	für	die	0.294118
werden	gebeten	sich	0.833333
werden	gibt	es	1.000000
werden	heißt	es	1.000000
werden	hieß	es	1.000000
werden	immer	mehr	0.266667
werden	immer	noch	0.200000
werden	in	der	0.258065
werden	in	den	0.225806
werden	in	diesem	0.080645
werden	in	deutschland	0.064516
werden	in	berlin	0.048387
werden	in	dem	0.048387
werden	ist	das	0.285714
werden	ist	eine	0.142857
werden	kann	und	0.065217
werden	kann	ein	0.065217
werden	können	und	0.122449
werden	können	die	0.061224
werden	können	soll	0.061224
werden	können	so	0.061224
werden	laut	dem	0.500000
werden	mehr	als	0.666667
werden	mit	dem	0.260870
werden	mit	einer	0.130435
werden	nicht	nur	0.166667
werden	noch	immer	0.150000
werden	nun	die	0.375000
werden	ob	die	0.333333
werden	sagte	der	0.294118
werden	sie	in	0.068966
werden	sie	nicht	0.051724
werden	sie	die	0.051724
werden	sie	das	0.051724
werden	so	das	0.173913
werden	so	dass	0.130435
werden	so	die	0.130435
werden	soll	das	0.100000
werden	soll	und	0.100000
werden	soll	ist	0.075000
werden	teilt	die	0.833333
werden	um	die	0.325000
werden	und	die	0.120370
werden	und	das	0.064815
werden	und	auch	0.046296
werden	und	der	0.037037
werden	und	es	0.027778
werden	und	zu	0.027778
werden	unter	anderem	0.583333
werden	vom	bis	0.500000
werden	von	der	0.230769
werden	von	den	0.115385
werden	von	einem	0.115385
werden	vor	allem	0.555556
werden	weil	der	0.307692
werden	wenn	es	0.160000
werden	wenn	sie	0.120000
werden	wenn	die	0.120000
werden	wie	die	0.187500
werden	wie	es	0.093750
werden	wir	nicht	0.068493
werden	wir	in	0.068493
werden	wir	uns	0.054795
werden	wir	auch	0.054795
werden	wir	die	0.054795
werden	wir	mit	0.041096
werden	wir	sehen	0.041096
werden	wir	es	0.041096
werden	wird	der	0.230769
werden	wird	das	0.230769
werden	zu	können	0.400000
werden	zum	beispiel	0.714286
werden	über	die	0.375000
werden	über	das	0.187500
wert	auf	eine	0.375000
wert	für	die	0.428571
wert	von	euro	0.218750
wert	von	rund	0.109375
wert	von	milliarden	0.078125
wert	von	über	0.062500
wert	von	millionen	0.062500
wert	von	etwa	0.046875
wert	von	mehr	0.046875
wert	von	prozent	0.046875
werte	von	c	0.875000
wichtigsten	fragen	und	0.375000
willkommen	zu	heißen	0.600000
wir	alle	wissen	0.125000
wir	an	die	0.214286
wir	arbeiten	an	0.230769
wir	auch	in	0.156250
wir	auch	von	0.093750
wir	auf	die	0.153846
wir	auf	der	0.115385
wir	auf	dem	0.115385
wir	befinden	uns	1.000000
wir	bei	der	0.333333
wir	beten	für	1.000000
wir	brauchen	eine	0.175000
wir	brauchen	die	0.075000
wir	brauchen	in	0.075000
wir	brauchen	einen	0.075000
wir	brauchen	dringend	0.075000
wir	dachten	wir	1.000000
wir	dann	in	0.300000
wir	das	nicht	0.081081
wir	dass	die	0.214286
wir	die	möglichkeit	0.061224
wir	dieses	jahr	0.600000
wir	es	uns	0.115385
wir	es	nicht	0.115385
wir	freuen	uns	1.000000
wir	fühlen	uns	1.000000
wir	gegen	die	0.833333
wir	gehen	davon	0.238095
wir	haben	uns	0.091429
wir	haben	die	0.062857
wir	haben	ein	0.037143
wir	haben	es	0.034286
wir	haben	in	0.034286
wir	haben	auch	0.028571
wir	haben	eine	0.028571
wir	haben	das	0.028571
wir	haben	einen	0.025714
wir	haben	sie	0.022857
wir	haben	den	0.022857
wir	haben	schon	0.020000
wir	haben	mit	0.020000
wir	haben	ihn	0.017143
wir	haben	jetzt	0.017143
wir	haben	viele	0.017143
wir	haben	für	0.017143
wir	haben	hier	0.014286
wir	haben	viel	0.011429
wir	haben	aber	0.011429
wir	haben	heute	0.011429
wir	haben	so	0.011429
wir	haben	alle	0.011429
wir	haben	nicht	0.008571
wir	haben	noch	0.008571
wir	haben	immer	0.008571
wir	haben	zwei	0.008571
wir	haben	bei	0.008571
wir	haben	seit	0.008571
wir	hatten	die	0.078431
wir	hatten	das	0.058824
wir	hatten	eine	0.058824
wir	heute	auch	0.333333
wir	hoffen	dass	0.769231
wir	in	der	0.246753
wir	in	den	0.207792
wir	in	einer	0.077922
wir	in	diesem	0.064935
wir	in	dieser	0.064935
wir	in	unserer	0.051948
wir	können	uns	0.129032
wir	können	nicht	0.096774
wir	können	die	0.096774
wir	lassen	uns	0.428571
wir	leben	in	0.444444
wir	leider	nicht	0.750000
wir	machen	das	0.238095
wir	mit	dem	0.140000
wir	mit	der	0.100000
wir	mit	den	0.080000
wir	mit	einer	0.080000
wir	mit	unseren	0.080000
wir	mit	unserem	0.060000
wir	müssen	uns	0.083333
wir	müssen	die	0.066667
wir	müssen	mit	0.050000
wir	müssen	es	0.050000
wir	müssen	also	0.033333
wir	müssen	einfach	0.025000
wir	müssen	in	0.025000
wir	müssen	zeigen	0.025000
wir	müssen	endlich	0.025000
wir	müssen	jetzt	0.025000
wir	müssen	nur	0.025000
wir	nicht	nur	0.079365
wir	nicht	mehr	0.079365
wir	nicht	wissen	0.063492
wir	nicht	mit	0.047619
wir	noch	nicht	0.120000
wir	noch	einmal	0.120000
wir	sehen	uns	0.120000
wir	sehen	wie	0.120000
wir	sind	die	0.056250
wir	sind	eine	0.050000
wir	sind	in	0.050000
wir	sind	stolz	0.031250
wir	sind	sehr	0.031250
wir	sind	nicht	0.031250
wir	sind	uns	0.031250
wir	sind	mit	0.025000
wir	sind	ja	0.025000
wir	sind	auf	0.025000
wir	sind	überzeugt	0.025000
wir	sind	jetzt	0.018750
wir	sind	dankbar	0.018750
wir	sind	im	0.018750
wir	sind	noch	0.018750
wir	sind	einfach	0.018750
wir	sprachen	mit	1.000000
wir	stellen	die	0.285714
wir	stellen	ihnen	0.214286
wir	uns	nicht	0.058824
wir	uns	für	0.058824
wir	uns	in	0.058824
wir	uns	auf	0.044118
wir	uns	das	0.036765
wir	uns	alle	0.029412
wir	uns	noch	0.029412
wir	uns	sehr	0.022059
wir	uns	entschieden	0.022059
wir	uns	bei	0.022059
wir	uns	die	0.022059
wir	uns	um	0.022059
wir	uns	auch	0.022059
wir	versuchen	die	0.333333
wir	von	der	0.300000
wir	waren	die	0.125000
wir	werden	uns	0.104478
wir	werden	die	0.089552
wir	werden	nicht	0.059701
wir	werden	den	0.059701
wir	werden	alles	0.059701
wir	werden	das	0.059701
wir	werden	es	0.044776
wir	werden	auch	0.044776
wir	wissen	dass	0.314286
wir	wissen	nicht	0.142857
wir	wissen	es	0.085714
wir	wissen	auch	0.085714
wir	wollen	dass	0.098592
wir	wollen	uns	0.070423
wir	wollen	die	0.070423
wir	wollen	unsere	0.070423
wir	wollen	diese	0.042254
wir	wollen	nicht	0.042254
wir	wollen	ein	0.042254
wir	zeigen	dass	0.444444
wir	über	die	0.333333
wissen	dass	sie	0.222222
wissen	dass	wir	0.185185
wissen	dass	es	0.148148
wissen	dass	die	0.111111
wissen	ob	sie	0.272727
wissen	sie	dass	0.272727
wissen	wer	sie	0.600000
wissen	wie	man	0.200000
wissen	wie	sie	0.160000
wissen	über	die	0.800000
wolken	auf	und	0.800000
wäre	eine	weitere	0.400000
wäre	es	zu	0.100000
würde	bedeuten	dass	1.000000
würde	es	nicht	0.111111
würde	ich	mir	0.115385
würde	ich	gerne	0.115385
würde	man	das	0.200000
würde	sich	der	0.217391
würde	sich	die	0.130435
würden	sich	die	0.200000
würden	sie	sich	0.166667
würdet	ihr	euch	0.800000
z	b	im	0.120000
zentrum	an	der	1.000000
zentrum	der	stadt	0.384615
zeugen	die	hinweise	0.388889
zeugen	werden	gebeten	1.000000
ziele	in	der	0.571429
ziele	zu	erreichen	0.700000
zugelassen	werden	dürfen	0.428571
zugriff	auf	die	0.266667
zuletzt	bei	der	0.600000
zuletzt	gab	es	1.000000
zuletzt	hatte	das	0.250000
zuletzt	hieß	es	1.000000
zuletzt	immer	wieder	0.833333
zuletzt	in	der	0.571429
zur	anzeige	gebracht	1.000000
zur	aufgabe	gemacht	0.666667
zur	behandlung	von	0.500000
zur	entwicklung	der	0.500000
zur	folge	hat	0.214286
zur	folge	dass	0.214286
zur	folge	haben	0.214286
zur	folge	hatte	0.214286
zur	frage	ob	0.800000
zur	freude	haben	0.250000
zur	geschichte	des	1.000000
zur	gleichen	zeit	1.000000
zur	heim	em	1.000000
zur	kasse	gebeten	0.833333
zur	kenntnis	genommen	0.416667
zur	last	gelegt	0.700000
zur	musik	und	0.500000
zur	neuen	saison	0.444444
zur	nummer	eins	1.000000
zur	ob	wahl	1.000000
zur	rede	stellen	0.375000
zur	seite	stehen	0.214286
zur	selben	zeit	0.800000
zur	stelle	und	0.333333
zur	stunde	bei	0.363636
zur	unterstützung	der	0.357143
zur	verantwortung	gezogen	1.000000
zur	verfügung	gestellt	0.250000
zur	verfügung	stehen	0.233333
zur	verfügung	stellen	0.100000
zur	verfügung	steht	0.083333
zur	verfügung	zu	0.075000
zur	verfügung	um	0.033333
zur	verfügung	der	0.033333
zur	weiteren	behandlung	0.714286
zur	welt	gekommen	0.187500
zur	welt	und	0.187500
zur	zeit	der	0.375000
zusammenarbeit	mit	der	0.327869
zusammenarbeit	mit	dem	0.245902
zusammenarbeit	mit	den	0.131148
zwei	bis	drei	0.571429
zwei	bis	vier	0.190476
zwei	der	drei	0.190476
zwei	jahre	nach	0.163934
zwei	jahre	später	0.147541
zwei	jahre	lang	0.065574
zwei	jahre	länger	0.049180
zwei	jahren	in	0.045455
zwei	junge	männer	0.571429
zwei	kilometer	langen	0.375000
zwei	menschen	getötet	0.333333
zwei	milliarden	euro	0.750000
zwei	millionen	euro	0.684211
zwei	minuten	später	0.300000
zwei	monate	nach	0.291667
zwei	monate	später	0.125000
zwei	männer	und	0.142857
zwei	oder	drei	0.500000
zwei	personen	in	0.166667
zwei	prozent	an	0.192308
zwei	prozent	ziel	0.153846
zwei	prozent	im	0.115385
zwei	stunden	lang	0.193548
zwei	tage	später	0.244444
zwei	tage	lang	0.200000
zwei	tage	vor	0.111111
zwei	tage	nach	0.088889
zwei	teams	die	0.666667
zwei	und	drei	0.750000
zwei	von	ihnen	0.500000
zwei	von	drei	0.187500
zwei	wochen	nach	0.085714
zwei	wochen	vor	0.071429
zwei	wochen	lang	0.071429
zwei	wochen	in	0.057143
zwei	wochen	ist	0.042857
zwei	wochen	später	0.042857
zweifel	an	der	0.384615
zwölf	jahre	alt	0.363636
zwölf	milliarden	euro	0.750000
zwölf	prozent	auf	0.375000
ältere	menschen	haben	0.230769
ändern	sich	die	0.428571
öl	und	gas	0.800000
über	das	tor	0.046154
über	das	internet	0.038462
über	das	fahrzeug	0.030769
über	das	land	0.030769
über	das	leben	0.030769
über	das	aus	0.030769
über	das	wochenende	0.030769
über	das	ende	0.030769
über	das	was	0.023077
über	das	thema	0.023077
über	das	gesamte	0.023077
über	das	weitere	0.023077
über	das	meer	0.023077
über	das	telefon	0.023077
über	dem	schnitt	0.117647
über	dem	schwarzen	0.117647
über	den	zweiten	0.032710
über	den	fall	0.028037
über	den	gesamten	0.023364
über	den	vorfall	0.023364
über	den	zustand	0.018692
über	den	platz	0.018692
über	den	krieg	0.014019
über	den	erfolg	0.014019
über	den	tod	0.014019
über	den	ersten	0.014019
über	den	roten	0.014019
über	den	einsatz	0.014019
über	den	winter	0.014019
über	den	weg	0.014019
über	den	sieg	0.014019
über	den	verlust	0.014019
über	der	stadt	0.222222
über	die	bühne	0.053097
über	die	jahre	0.030973
über	die	grenze	0.017699
über	die	grenzen	0.017699
über	die	zukunft	0.017699
über	die	linie	0.017699
über	die	runden	0.015487
über	die	ergebnisse	0.013274
über	die	straße	0.013274
über	die	sich	0.013274
über	die	gesamte	0.013274
über	die	neuen	0.013274
über	die	lage	0.011062
über	die	stadt	0.011062
über	die	aktion	0.011062
über	die	frage	0.011062
über	die	ich	0.008850
über	die	vielen	0.008850
über	die	weitere	0.008850
über	die	man	0.008850
über	die	ufer	0.008850
über	die	l	0.008850
über	die	volle	0.008850
über	die	neue	0.008850
über	die	letzten	0.006637
über	die	wir	0.006637
über	die	russische	0.006637
über	die	rolle	0.006637
über	die	auswirkungen	0.006637
über	die	zusammenarbeit	0.006637
über	dieses	thema	0.818182
über	drei	jahren	0.214286
über	ein	jahr	0.108108
über	ein	neues	0.081081
über	eine	million	0.090909
über	eine	mögliche	0.075758
über	eine	solche	0.045455
über	eine	große	0.045455
über	einem	jahr	0.833333
über	einen	großen	0.096154
über	einen	neuen	0.057692
über	einen	langen	0.057692
über	ihre	erfahrungen	0.115385
über	jahre	hinweg	0.190476
über	jahre	alte	0.142857
über	kurz	oder	1.000000
über	lange	zeit	1.000000
über	mehr	als	0.666667
über	mehrere	jahre	0.272727
über	mehrere	stunden	0.272727
über	milliarden	euro	0.571429
über	millionen	euro	0.529412
über	nur	um	1.000000
über	prozent	der	0.200000
über	sein	fahrzeug	0.294118
über	seine	zeit	0.107143
über	viele	jahre	0.666667
über	zehn	jahren	0.461538
über	zwei	jahre	0.384615
überfall	auf	die	0.625000
überprüfen	ob	sie	1.000000
überzeugt	dass	die	0.333333
überzeugt	dass	der	0.121212
überzeugt	dass	wir	0.090909
überzeugt	davon	dass	1.000000
