a	at	ang	0.400000
a	ay	isang	0.222222
a	ay	ang	0.111111
a	mula	sa	1.000000
abala	ng	palabas	0.428571
abala	siya	sa	1.000000
abogado	at	may	0.333333
abril	at	ang	0.380952
abril	ay	isang	0.794872
abril	ay	ang	0.076923
abril	isang	araw	0.600000
abril	ito	ay	1.000000
abril	kung	saan	1.000000
abril	mula	sa	1.000000
abril	para	sa	1.000000
access	ang	mga	0.750000
access	sa	mga	0.428571
agrikultura	ang	pangunahing	0.800000
agrikultura	at	mga	0.266667
agrikultura	sa	bansa	0.428571
akademya	ng	mga	0.428571
akademya	para	sa	1.000000
aklat	aralin	na	0.300000
aklat	aralin	sa	0.300000
aklat	at	mga	0.611111
aklat	na	ito	0.602273
aklat	na	may	0.090909
aklat	na	naglalaman	0.045455
aklat	na	sanggunian	0.034091
aklat	ng	mga	0.456790
aklat	ng	bagong	0.098765
aklat	ng	tula	0.037037
aklat	ng	pahayag	0.037037
aklat	para	sa	1.000000
aklat	sa	mga	0.250000
aklat	tungkol	sa	1.000000
aklatan	ng	mga	0.333333
aklatan	sa	mga	0.333333
ako	ang	iyong	0.272727
ako	at	ang	0.666667
ako	ay	may	0.142857
ako	ay	isang	0.142857
ako	ng	mga	0.200000
aktibidad	na	ito	0.666667
aktibidad	ng	mga	0.277778
aktibidad	ng	pananaliksik	0.222222
aktibista	para	sa	1.000000
aktibista	sa	klima	0.363636
aktibo	ang	mga	0.571429
aktibo	siya	sa	0.857143
aktor	at	modelo	0.500000
aktor	modelo	at	0.800000
aktor	na	may	0.312500
aktor	sa	pelikula	0.300000
aktuwal	na	mga	0.200000
alagaan	ang	kanyang	0.600000
alak	at	mga	0.333333
alalahanin	na	ito	0.428571
alam	ang	kanyang	0.125000
alam	ang	kanilang	0.125000
alam	ang	mga	0.125000
alam	kung	ano	0.250000
alam	kung	ang	0.166667
alam	kung	saan	0.166667
alam	mula	sa	1.000000
alam	na	mga	0.255319
alam	na	ang	0.127660
alam	na	may	0.085106
alam	ng	mga	0.393939
alam	ng	lahat	0.121212
alam	ng	isang	0.090909
alam	sa	mga	0.142857
alam	sa	kanyang	0.142857
alam	sa	kanya	0.114286
alam	sa	kasalukuyan	0.085714
alam	sa	isang	0.085714
alam	tungkol	sa	1.000000
alas	ng	umaga	0.392857
alas	ng	gabi	0.285714
alas	ng	hatinggabi	0.107143
alas	ng	madaling	0.107143
alas	ng	hapon	0.107143
album	ang	mga	0.200000
album	at	ang	0.257143
album	at	isang	0.171429
album	at	mga	0.142857
album	ay	isang	0.111111
album	ay	hindi	0.074074
album	ay	may	0.074074
album	ay	naglalaman	0.074074
album	ay	muling	0.055556
album	ay	kasama	0.055556
album	ay	ang	0.055556
album	kabilang	ang	1.000000
album	kasama	ang	0.800000
album	kung	saan	0.750000
album	mula	sa	1.000000
album	na	ito	0.321839
album	na	may	0.137931
album	na	ang	0.057471
album	na	tinatawag	0.045977
album	na	i	0.034483
album	na	mas	0.034483
album	ng	banda	0.311688
album	ng	taon	0.129870
album	ng	mga	0.116883
album	ng	isang	0.103896
album	ng	musika	0.038961
album	para	sa	1.000000
album	sa	lahat	0.151515
album	sa	pagitan	0.090909
album	sa	numero	0.090909
album	sa	isang	0.090909
alin	sa	mga	0.555556
alipin	na	may	0.375000
alisin	ang	mga	0.565217
alitan	ng	mga	0.500000
alitan	sa	pagitan	0.650000
alitan	sa	mga	0.150000
alok	ng	mga	0.384615
alok	para	sa	1.000000
alyansa	ng	mga	0.500000
am	hanggang	am	0.800000
ama	anak	at	1.000000
ama	ang	mga	0.227273
ama	ang	kanyang	0.181818
ama	at	ang	0.150000
ama	at	anak	0.125000
ama	at	ina	0.100000
ama	at	sa	0.075000
ama	ay	isang	0.369565
ama	ay	ang	0.086957
ama	ay	hindi	0.065217
ama	ay	walang	0.065217
ama	ay	mas	0.065217
ama	dahil	sa	0.888889
ama	ina	at	0.750000
ama	na	isang	0.178571
ama	na	nasa	0.178571
ama	ng	mga	0.136364
ama	ng	kanyang	0.090909
ama	ng	simbahan	0.068182
ama	o	ina	0.500000
ama	para	sa	0.750000
ama	sa	isang	0.173913
ama	sa	kanyang	0.130435
amerikano	ang	mga	0.555556
amerikano	ay	ang	0.333333
amerikano	sa	mga	0.333333
angat	ng	ekonomiya	0.375000
angat	ng	mga	0.187500
ani	ng	mga	0.500000
anibersaryo	ng	kamatayan	0.142857
anim	ang	mga	0.833333
anim	at	huling	0.750000
anim	na	mga	0.161972
anim	na	buwan	0.144366
anim	na	taon	0.098592
anim	na	araw	0.038732
anim	na	linggo	0.031690
anim	na	oras	0.031690
anim	na	anak	0.031690
anim	na	siglo	0.021127
anim	na	pelikula	0.014085
anim	na	uri	0.014085
anim	na	iba	0.014085
anim	na	may	0.010563
anim	na	linya	0.010563
anim	na	pangunahing	0.010563
anim	na	puwesto	0.010563
anim	na	album	0.010563
anim	sa	bawat	0.300000
anuman	sa	mga	0.833333
anumang	bagay	na	0.689655
anumang	bahagi	ng	1.000000
anumang	dalawang	mga	0.800000
anumang	lungsod	sa	0.800000
anumang	pagbabago	sa	1.000000
anumang	partikular	na	1.000000
anumang	punto	sa	0.600000
anumang	uri	ng	1.000000
apat	ang	mga	0.272727
apat	dito	ay	1.000000
apat	hanggang	anim	0.750000
apat	na	mga	0.200692
apat	na	taon	0.115917
apat	na	album	0.032872
apat	na	buwan	0.031142
apat	na	pangunahing	0.029412
apat	na	anak	0.027682
apat	na	araw	0.019031
apat	na	oras	0.017301
apat	na	iba	0.017301
apat	na	uri	0.013841
apat	na	antas	0.013841
apat	na	ebanghelyo	0.012111
apat	na	bahagi	0.012111
apat	na	aklat	0.008651
apat	na	tao	0.008651
apat	na	miyembro	0.008651
apat	na	siglo	0.008651
apat	na	nominasyon	0.008651
apat	na	linya	0.006920
apat	na	pelikula	0.006920
apat	na	season	0.006920
apat	na	dekada	0.006920
apat	na	hindi	0.006920
apat	na	yugto	0.006920
apat	na	quarter	0.006920
apat	na	sona	0.006920
apat	na	serye	0.006920
apat	na	elemento	0.005190
apat	na	ito	0.005190
apat	na	piraso	0.005190
apat	sa	mga	0.523810
apoy	at	mga	0.300000
araw	ang	natitira	0.243243
araw	ang	mga	0.162162
araw	araw	na	0.656000
araw	araw	sa	0.088000
araw	araw	ay	0.040000
araw	araw	at	0.032000
araw	araw	mula	0.032000
araw	araw	ang	0.032000
araw	at	sa	0.127660
araw	at	ang	0.127660
araw	at	gabi	0.106383
araw	at	buwan	0.063830
araw	ayon	sa	1.000000
araw	bago	ang	0.714286
araw	bago	ito	0.085714
araw	bilang	isang	0.500000
araw	dahil	sa	0.666667
araw	habang	ang	0.800000
araw	hanggang	sa	0.625000
araw	ito	ay	0.800000
araw	kung	saan	0.400000
araw	kung	kailan	0.300000
araw	mula	sa	0.500000
araw	na	ito	0.213333
araw	na	buhay	0.060000
araw	na	gawain	0.053333
araw	na	may	0.046667
araw	na	siya	0.040000
araw	na	mga	0.033333
araw	na	pamumuhay	0.026667
araw	na	hindi	0.020000
araw	na	kung	0.020000
araw	na	lamang	0.020000
araw	ng	mga	0.121387
araw	ng	linggo	0.069364
araw	ng	taon	0.063584
araw	ng	buwan	0.046243
araw	ng	kanyang	0.034682
araw	ng	kalayaan	0.034682
araw	ng	pagdiriwang	0.034682
araw	ng	sabado	0.028902
araw	ng	digmaan	0.023121
araw	ng	paglabas	0.023121
araw	ng	at	0.017341
araw	ng	kapanganakan	0.017341
araw	ng	kabataan	0.017341
araw	ng	pasko	0.017341
araw	ngunit	maaaring	0.363636
araw	ngunit	siya	0.363636
araw	oktubre	na	1.000000
araw	pagkatapos	ng	0.739130
araw	para	maging	0.500000
araw	para	sa	0.250000
araw	sa	isang	0.153846
araw	sa	mga	0.096154
archive	mula	sa	1.000000
argumento	laban	sa	1.000000
arkitektura	ay	ang	0.571429
artikulo	ng	mga	0.250000
artikulo	para	sa	1.000000
artikulo	tungkol	sa	1.000000
artista	ang	kanyang	0.333333
artista	at	modelo	0.200000
artista	at	direktor	0.100000
artista	at	dating	0.075000
artista	at	mananayaw	0.075000
artista	modelo	at	0.800000
artista	mula	sa	0.950000
artista	na	ito	0.157895
artista	ng	sining	0.409091
artista	para	sa	1.000000
artista	sa	sining	0.571429
artista	sa	pelikula	0.051948
artista	sa	telebisyon	0.051948
artista	sa	mga	0.038961
asawa	at	anak	0.194444
asawa	at	mga	0.194444
asawa	at	ang	0.111111
asawa	ay	lumipat	0.111111
asawa	ay	may	0.111111
asawa	na	may	0.235294
asawa	ng	isang	0.266667
asawa	ng	emperador	0.100000
aspeto	ng	sining	0.058824
aspeto	ng	mga	0.058824
atake	mula	sa	1.000000
atake	ng	mga	0.733333
atake	sa	puso	0.594595
ating	mga	katawan	0.200000
atleta	mula	sa	1.000000
atleta	o	mga	1.000000
awtoridad	ng	espanyol	0.214286
awtoridad	sa	mga	0.312500
ayos	ng	mga	0.375000
ayusin	ang	mga	0.437500
babae	ang	mga	0.500000
babae	at	ang	0.178571
babae	at	isang	0.160714
babae	at	lalaki	0.071429
babae	at	sa	0.071429
babae	at	mga	0.053571
babae	ay	may	0.122449
babae	ay	hindi	0.102041
babae	ay	mas	0.061224
babae	kaysa	sa	0.750000
babae	laban	sa	1.000000
babae	mula	sa	0.846154
babae	na	may	0.246377
babae	na	sa	0.043478
babae	na	ang	0.043478
babae	ng	isang	0.145833
babae	ng	mga	0.125000
babae	ng	hari	0.062500
babae	ngunit	hindi	0.500000
babae	o	lalaki	0.363636
babae	partikular	na	1.000000
babae	sa	mga	0.062500
babala	ng	bagyo	0.555556
babala	para	sa	1.000000
babala	sa	mga	0.428571
babala	sa	bagyo	0.285714
badyet	na	milyon	0.800000
badyet	ng	pamahalaan	0.363636
badyet	para	sa	1.000000
bagay	at	mga	0.238095
bagay	ay	hindi	0.280000
bagay	ay	may	0.120000
bagay	bagay	na	0.384615
bagay	bagay	o	0.153846
bagay	gaya	ng	1.000000
bagay	katulad	ng	1.000000
bagay	lalo	na	1.000000
bagay	mula	sa	1.000000
bagay	na	ito	0.181818
bagay	na	hindi	0.139037
bagay	na	may	0.096257
bagay	na	walang	0.037433
bagay	na	maaaring	0.037433
bagay	na	katulad	0.021390
bagay	na	nasa	0.021390
bagay	na	tinatawag	0.016043
bagay	na	umiiral	0.016043
bagay	na	alam	0.016043
bagay	o	mga	0.190476
bagay	papunta	sa	1.000000
bagay	para	sa	1.000000
bagay	sa	isang	0.111111
bagay	sa	mga	0.111111
bago	ang	kanyang	0.114407
bago	ang	mga	0.076271
bago	ang	ang	0.042373
bago	ang	isang	0.038136
bago	ang	pagdating	0.025424
bago	ang	paglabas	0.025424
bago	ang	digmaan	0.021186
bago	ang	panahon	0.021186
bago	ang	kamatayan	0.021186
bago	ang	labanan	0.016949
bago	ang	kanilang	0.016949
bago	ang	kasal	0.016949
bago	ang	pagtatapos	0.016949
bago	ang	at	0.012712
bago	ang	katapusan	0.012712
bago	ang	kasaysayan	0.012712
bago	ang	pagtatayo	0.012712
bago	ang	kapanganakan	0.012712
bago	ang	laban	0.012712
bago	at	pagkatapos	0.230769
bago	at	mas	0.153846
bago	bumalik	sa	0.750000
bago	dumating	ang	0.812500
bago	ito	ang	0.210526
bago	ito	ay	0.157895
bago	lumipat	sa	0.750000
bago	magsimula	ang	0.909091
bago	mangyari	ang	0.750000
bago	o	pagkatapos	0.666667
bago	pa	ang	0.458333
bago	pa	dumating	0.125000
bago	pa	sila	0.062500
bago	pumasok	sa	0.727273
bago	sa	mga	0.363636
bago	simulan	ang	1.000000
bago	siya	mamatay	0.181818
bago	siya	maging	0.151515
bago	siya	pumasok	0.121212
bago	siya	bumalik	0.090909
bago	sumali	sa	1.000000
bagong	album	na	0.428571
bagong	anyo	ng	0.714286
bagong	bayan	ng	0.428571
bagong	bersyon	ng	0.600000
bagong	hanay	ng	1.000000
bagong	henerasyon	ng	0.555556
bagong	kabisera	ng	0.500000
bagong	kaharian	ng	0.714286
bagong	kasal	sa	0.750000
bagong	lipunan	na	0.600000
bagong	mapagkukunan	ng	1.000000
bagong	mundo	na	0.428571
bagong	musika	sa	0.800000
bagong	panahon	ng	0.444444
bagong	pangalan	na	0.357143
bagong	pangkat	ng	0.625000
bagong	paraan	ng	0.777778
bagong	pinuno	ng	0.571429
bagong	serye	ng	0.800000
bagong	simbahan	na	0.444444
bagong	sistema	ng	0.800000
bagong	uri	ng	1.000000
baguhin	ang	mga	0.166667
baguhin	ang	kanyang	0.071429
baguhin	ang	kanilang	0.071429
baguhin	ang	pangalan	0.071429
bagyo	ay	ang	0.444444
bagyo	kung	saan	1.000000
bagyo	sa	hilagang	0.321429
bagyo	sa	isang	0.107143
bahagya	lamang	ang	0.571429
bahagyang	dahil	sa	1.000000
bahagyang	mas	malaki	0.428571
bakal	na	may	0.157895
bakas	ng	mga	0.222222
bakit	ang	mga	0.363636
bakit	siya	ay	0.600000
bakuna	laban	sa	1.000000
bakuna	para	sa	1.000000
balangkas	na	ito	0.375000
balanse	sa	pagitan	0.600000
balat	at	ng	0.235294
balat	at	sa	0.176471
balat	ng	tao	0.131579
balat	ng	hayop	0.131579
balat	ng	puno	0.105263
balat	ng	mani	0.105263
balat	ng	mga	0.078947
balita	at	iba	0.300000
balita	tungkol	sa	1.000000
banal	na	espiritu	0.145631
banal	na	mga	0.058252
banal	na	awa	0.048544
banal	na	lupain	0.048544
banal	na	tubig	0.038835
banal	na	araw	0.038835
banal	na	paglalakbay	0.038835
banal	na	pintuan	0.038835
banal	na	aklat	0.029126
banal	na	puso	0.029126
banayad	na	mga	0.285714
bandila	ng	mga	0.600000
bansa	ang	mga	0.258065
bansa	ang	paggamit	0.048387
bansa	at	ang	0.202381
bansa	at	mga	0.130952
bansa	at	sa	0.071429
bansa	at	may	0.059524
bansa	at	ng	0.047619
bansa	at	teritoryo	0.047619
bansa	at	hindi	0.035714
bansa	ay	may	0.150943
bansa	ay	ang	0.094340
bansa	ay	maaaring	0.075472
bansa	ay	hindi	0.075472
bansa	ayon	sa	1.000000
bansa	bilang	isang	0.416667
bansa	dahil	sa	0.588235
bansa	dahil	ito	0.176471
bansa	gamit	ang	1.000000
bansa	habang	ang	1.000000
bansa	ito	ay	0.714286
bansa	kabilang	ang	0.600000
bansa	kabilang	na	0.300000
bansa	kasama	ang	0.625000
bansa	katulad	ng	0.750000
bansa	kung	saan	0.857143
bansa	lalo	na	1.000000
bansa	mula	sa	0.647059
bansa	na	may	0.449275
bansa	na	nasa	0.057971
bansa	na	tinatawag	0.057971
bansa	ng	mga	0.250000
bansa	ng	mundo	0.166667
bansa	ngunit	ang	0.500000
bansa	o	sa	0.137931
bansa	o	teritoryo	0.103448
bansa	pagkatapos	ng	1.000000
bansa	para	sa	0.875000
bansa	sa	mundo	0.147059
bansa	sa	timog	0.098039
bansa	sa	kanluran	0.078431
bansa	sa	hilagang	0.049020
bansa	sa	mga	0.049020
bansa	sa	latin	0.039216
bansa	sa	miss	0.039216
bansa	sa	rehiyon	0.029412
bansa	sa	panahon	0.029412
bansa	sa	isang	0.029412
basahin	ang	mga	0.428571
batas	ang	mga	0.352941
batas	at	ang	0.166667
batas	at	mga	0.111111
batas	at	ng	0.111111
batas	ay	hindi	0.416667
batas	bilang	mga	0.800000
batas	ito	ay	1.000000
batas	lahat	ng	0.750000
batas	militar	sa	0.235294
batas	militar	ay	0.176471
batas	militar	ang	0.176471
batas	militar	na	0.176471
batas	mula	sa	1.000000
batas	na	ito	0.490909
batas	na	sibil	0.072727
batas	na	ang	0.054545
batas	ng	mga	0.123288
batas	ng	diyos	0.054795
batas	ng	estado	0.054795
batas	ng	konserbasyon	0.054795
batas	ng	tao	0.041096
batas	para	sa	1.000000
batas	sibil	at	0.600000
bato	at	ang	0.166667
bato	at	kahoy	0.166667
bato	at	mga	0.166667
bato	mula	sa	0.857143
bato	na	may	0.318182
bato	ng	pilosopo	0.357143
bato	para	sa	0.666667
bato	sa	mga	0.166667
bawasan	ang	mga	0.277778
bawasan	ang	bilang	0.166667
bayad	na	mga	0.230769
bayad	sa	mga	0.333333
bayan	ang	mga	0.176471
bayan	at	isang	0.111111
bayan	at	lungsod	0.111111
bayan	at	nayon	0.111111
bayan	at	sa	0.092593
bayan	at	mga	0.074074
bayan	at	ang	0.074074
bayan	at	lalawigan	0.055556
bayan	ay	may	0.274194
bayan	ay	nasa	0.080645
bayan	ay	isang	0.064516
bayan	ay	ang	0.064516
bayan	ay	nagmula	0.048387
bayan	ay	hindi	0.048387
bayan	dahil	sa	0.727273
bayan	kung	saan	0.800000
bayan	mula	sa	0.833333
bayan	na	ito	0.375000
bayan	na	may	0.166667
bayan	ng	lalawigan	0.166667
bayan	o	lungsod	0.285714
bayan	o	nayon	0.285714
bayan	o	bansa	0.214286
bayan	sa	lalawigan	0.238095
bayan	sa	bansa	0.119048
bayan	sa	timog	0.071429
bayani	sa	komiks	0.272727
benta	ng	kanyang	0.166667
benta	ng	mga	0.166667
bibig	at	ilong	0.300000
bibig	at	ang	0.300000
bid	para	sa	1.000000
bigla	na	lamang	1.000000
bigyan	ang	mga	1.000000
bigyan	ito	ng	1.000000
bigyan	ng	mga	0.166667
bigyan	ng	kahulugan	0.138889
bigyan	ng	pansin	0.111111
bigyan	sila	ng	1.000000
bigyang	diin	ang	0.571429
biktima	ng	panggagahasa	0.157895
biktima	ng	baha	0.157895
bilang	alternatibo	sa	0.571429
bilang	ama	ng	0.950000
bilang	anak	ng	0.444444
bilang	anak	na	0.333333
bilang	ang	mga	0.052632
bilang	ang	isang	0.032895
bilang	ang	ama	0.032895
bilang	ang	pinakamahusay	0.026316
bilang	ang	pangunahing	0.026316
bilang	ang	huling	0.026316
bilang	ang	kanyang	0.019737
bilang	ang	mas	0.019737
bilang	ang	lupain	0.019737
bilang	ang	bagong	0.019737
bilang	ang	tagapagtatag	0.019737
bilang	araw	ng	1.000000
bilang	artista	sa	0.800000
bilang	at	ang	0.466667
bilang	bahagi	ng	0.985401
bilang	banal	na	1.000000
bilang	batayan	ng	0.800000
bilang	bayan	ng	1.000000
bilang	dagdag	ang	0.214286
bilang	dagdag	sa	0.214286
bilang	dahil	sa	1.000000
bilang	dalawa	sa	0.750000
bilang	direktor	ng	0.785714
bilang	diyos	ng	0.750000
bilang	emperador	ng	0.500000
bilang	gamot	sa	0.428571
bilang	gobernador	ng	1.000000
bilang	halimbawa	ang	0.318182
bilang	halimbawa	ng	0.272727
bilang	halimbawa	ay	0.227273
bilang	hari	ng	0.684211
bilang	ina	ng	0.833333
bilang	isa	sa	0.968468
bilang	isang	resulta	0.029691
bilang	isang	paraan	0.019002
bilang	isang	bata	0.016627
bilang	isang	pangunahing	0.016627
bilang	isang	miyembro	0.015439
bilang	isang	opisyal	0.015439
bilang	isang	tao	0.013064
bilang	isang	guro	0.013064
bilang	isang	artista	0.011876
bilang	isang	uri	0.011876
bilang	isang	batang	0.011876
bilang	isang	ganap	0.010689
bilang	isang	halimbawa	0.009501
bilang	isang	lugar	0.008314
bilang	isang	mahalagang	0.008314
bilang	isang	anyo	0.008314
bilang	isang	bagong	0.008314
bilang	isang	lungsod	0.008314
bilang	isang	bayan	0.008314
bilang	isang	modelo	0.008314
bilang	isang	pinuno	0.007126
bilang	isang	maliit	0.007126
bilang	isang	proyekto	0.007126
bilang	isang	depresyon	0.007126
bilang	isang	buhay	0.007126
bilang	isang	posibleng	0.005938
bilang	isang	unibersidad	0.005938
bilang	isang	walang	0.005938
bilang	isang	babae	0.005938
bilang	isang	regular	0.005938
bilang	ito	ay	1.000000
bilang	kabayaran	sa	0.800000
bilang	kabisera	ng	0.866667
bilang	kalihim	ng	0.875000
bilang	kampeon	ng	1.000000
bilang	kandidato	sa	1.000000
bilang	kanilang	bagong	0.230769
bilang	kanyang	sariling	0.157895
bilang	kapalit	ng	0.545455
bilang	kapalit	sa	0.136364
bilang	kapalit	nito	0.136364
bilang	kapalit	na	0.136364
bilang	kapatid	na	0.800000
bilang	karagdagan	sa	0.566038
bilang	karagdagan	ang	0.207547
bilang	karagdagan	siya	0.047170
bilang	karagdagan	pa	0.028302
bilang	katulong	na	0.583333
bilang	katulong	ng	0.250000
bilang	kinatawan	ng	0.923077
bilang	kongresista	ng	1.000000
bilang	likas	na	1.000000
bilang	lugar	ng	0.600000
bilang	lungsod	ng	0.571429
bilang	mahusay	na	0.750000
bilang	maliit	na	1.000000
bilang	manlalaro	ng	0.833333
bilang	manunulat	ng	0.625000
bilang	mapagkukunan	ng	1.000000
bilang	mataas	na	1.000000
bilang	mga	tao	0.037736
bilang	mga	lungsod	0.037736
bilang	mga	halimbawa	0.025157
bilang	mga	santo	0.025157
bilang	mga	pangunahing	0.025157
bilang	mga	lugar	0.018868
bilang	mga	walang	0.018868
bilang	mga	kristiyano	0.018868
bilang	ministro	ng	0.888889
bilang	miyembro	ng	1.000000
bilang	mula	sa	0.875000
bilang	na	ito	0.208333
bilang	na	sa	0.097222
bilang	na	may	0.055556
bilang	na	mga	0.041667
bilang	nangingibabaw	na	1.000000
bilang	nangunguna	sa	1.000000
bilang	ng	mga	0.744308
bilang	ng	populasyon	0.017513
bilang	ng	tao	0.017513
bilang	ng	namamatay	0.015762
bilang	ng	iba	0.014011
bilang	ng	ang	0.012259
bilang	ng	cd	0.010508
bilang	ng	isang	0.008757
bilang	ng	kanilang	0.007005
bilang	ng	census	0.007005
bilang	nito	ay	0.500000
bilang	obispo	ng	1.000000
bilang	opisyal	na	0.789474
bilang	paggalang	sa	1.000000
bilang	paghahanda	sa	0.750000
bilang	pagkilala	sa	0.933333
bilang	pagpapahalaga	sa	1.000000
bilang	pagpapakita	ng	1.000000
bilang	pagsunod	sa	1.000000
bilang	pamamaraan	ng	1.000000
bilang	pangalan	ng	0.666667
bilang	pangalawa	sa	1.000000
bilang	pangunahing	sangkap	0.081081
bilang	pangunahing	kalaban	0.081081
bilang	panimula	ng	0.600000
bilang	paraan	ng	0.800000
bilang	parangal	sa	0.937500
bilang	partikular	na	0.750000
bilang	parusa	ng	0.600000
bilang	pinakamahusay	na	0.962963
bilang	pinakamataas	na	0.833333
bilang	pinuno	ng	0.906250
bilang	presidente	ng	1.000000
bilang	puno	ng	1.000000
bilang	republika	ng	1.000000
bilang	resulta	ng	0.596491
bilang	resulta	ang	0.228070
bilang	reyna	ng	0.888889
bilang	sa	mga	0.157895
bilang	sa	bawat	0.131579
bilang	sa	isang	0.078947
bilang	sangay	ng	1.000000
bilang	sangkap	sa	0.750000
bilang	senador	ng	0.444444
bilang	serye	ng	0.750000
bilang	siya	ay	0.875000
bilang	suporta	sa	0.777778
bilang	susunod	na	1.000000
bilang	tagapagtanggol	ng	1.000000
bilang	tagapagtatag	ng	0.750000
bilang	tagapangasiwa	ng	1.000000
bilang	tagapangulo	ng	1.000000
bilang	tanda	ng	0.916667
bilang	tugon	sa	0.942857
bilang	unibersidad	ng	1.000000
bilis	ng	hangin	0.128205
bilis	ng	mga	0.128205
bilis	ng	paghinga	0.102564
bilis	ng	liwanag	0.102564
bilog	na	hugis	0.176471
binigay	sa	mga	0.428571
binigay	sa	kanya	0.428571
bintana	ng	bahay	0.375000
binubuo	ang	mga	0.277778
binubuo	ito	ng	0.925000
binubuo	lamang	ng	0.928571
binubuo	mula	sa	1.000000
binubuo	ng	mga	0.401496
binubuo	ng	isang	0.134663
binubuo	ng	dalawang	0.079800
binubuo	ng	apat	0.052369
binubuo	ng	na	0.032419
binubuo	ng	ilang	0.022444
binubuo	ng	siyam	0.017456
binubuo	ng	anim	0.014963
binubuo	ng	halos	0.012469
binubuo	ng	iba	0.009975
binubuo	ng	ng	0.009975
binubuo	ng	hindi	0.007481
binubuo	ng	higit	0.007481
binubuo	nito	ang	1.000000
binubuo	pangunahin	ng	1.000000
bisa	ng	batas	0.411765
bisa	ng	mga	0.205882
bisa	ng	isang	0.147059
bisa	sa	mga	0.571429
biyaya	ng	diyos	0.750000
board	at	mga	0.500000
bomba	ang	sumabog	0.500000
bomba	ay	sumabog	0.571429
brilyante	ng	apoy	0.250000
brilyante	ng	hangin	0.250000
brilyante	ng	lupa	0.250000
brilyante	ng	tubig	0.250000
broadcast	ng	radyo	0.214286
broadcast	sa	telebisyon	0.333333
bukas	ang	mga	0.500000
bukas	na	loop	0.189189
bukas	na	tanong	0.081081
bukas	na	dagat	0.081081
bukas	na	mga	0.081081
bukas	para	sa	1.000000
bukas	sa	lahat	0.315789
bukas	sa	mga	0.263158
bulaklak	na	may	0.416667
bulaklak	na	ito	0.250000
bumaba	ang	bilang	0.166667
bumaba	ang	populasyon	0.125000
bumaba	ang	halaga	0.125000
bumaba	ang	mga	0.125000
bumaba	mula	sa	1.000000
bumaba	sa	puwesto	0.142857
bumaba	siya	sa	0.750000
bumagsak	ng	mga	0.333333
bumagsak	sa	mga	0.208333
bumagsak	sa	isang	0.125000
bumalik	ito	sa	0.714286
bumalik	mula	sa	1.000000
bumalik	sa	kanyang	0.098592
bumalik	sa	bahay	0.084507
bumalik	sa	kanilang	0.070423
bumalik	sa	mga	0.042254
bumalik	sa	trabaho	0.042254
bumalik	sa	mundo	0.042254
bumalik	sila	sa	0.857143
bumalik	siya	sa	0.878049
bumili	ng	mga	0.483871
bumoto	laban	sa	1.000000
bumubuo	ang	mga	0.500000
bumubuo	ng	isang	0.325843
bumubuo	ng	mga	0.191011
bumubuo	ng	ng	0.101124
bumubuo	ng	karamihan	0.033708
bumubuo	sa	isang	0.223881
bumubuo	sa	mga	0.179104
bumubuo	sa	ng	0.104478
bumuo	ang	isang	0.600000
bumuo	ng	isang	0.294643
bumuo	ng	mga	0.285714
bumuo	ng	bagong	0.053571
bumuo	ng	sariling	0.026786
bumuo	ng	bahagi	0.026786
bumuo	ng	kanilang	0.026786
bumuo	sila	ng	1.000000
bumuo	siya	ng	0.750000
bundok	at	ang	0.363636
bundok	ay	may	0.250000
bundok	ay	hindi	0.250000
bundok	kung	saan	1.000000
buntis	na	babae	0.375000
buntot	maliit	na	1.000000
burol	na	may	0.272727
butas	ng	puwit	0.272727
buto	at	mga	0.666667
buto	ng	mga	0.166667
buto	ng	kape	0.125000
buwan	ang	mga	0.166667
buwan	at	ang	0.173913
buwan	at	araw	0.173913
buwan	bago	ang	0.470588
buwan	bago	siya	0.294118
buwan	ito	ay	1.000000
buwan	na	ito	0.208333
buwan	ng	abril	0.171429
buwan	ng	oktubre	0.114286
buwan	ng	hunyo	0.085714
buwan	ng	enero	0.071429
buwan	ng	pebrero	0.057143
buwan	ng	disyembre	0.042857
buwan	ng	hulyo	0.042857
buwan	ng	taon	0.042857
buwan	o	taon	0.750000
buwan	pagkatapos	ng	0.700000
buwan	para	sa	1.000000
buwan	sa	isang	0.150000
buwis	sa	mga	0.333333
buwis	sa	kita	0.166667
channel	ay	isang	0.500000
channel	sa	telebisyon	0.428571
clip	mula	sa	1.000000
code	para	sa	1.000000
core	ng	isang	0.500000
counter	strike	ay	0.428571
daan	ang	mga	0.375000
daan	bilang	bahagi	1.000000
daan	ito	sa	0.800000
daan	mula	sa	0.625000
daan	na	may	0.187500
daan	ng	krus	0.214286
daan	papunta	sa	1.000000
daan	para	sa	0.923077
daan	patungo	sa	1.000000
daan	sa	mga	0.277778
daan	sa	kanya	0.083333
daanan	ng	hangin	0.641509
dagat	ang	mga	0.444444
dagat	at	ang	0.240000
dagat	at	sa	0.120000
dagat	ay	ang	0.176471
dagat	dahil	sa	0.750000
dagat	kung	saan	1.000000
dagat	mula	sa	0.750000
dagat	na	may	0.238095
dagat	na	ito	0.142857
dagat	sa	mga	0.500000
dahil	ang	mga	0.406393
dahil	ang	isang	0.036530
dahil	ang	kanyang	0.031963
dahil	ang	karamihan	0.027397
dahil	ang	kanilang	0.027397
dahil	ang	lahat	0.018265
dahil	ang	kalahati	0.013699
dahil	ang	bawat	0.013699
dahil	ang	a	0.013699
dahil	ang	iba	0.013699
dahil	ayon	sa	0.833333
dahil	din	sa	0.600000
dahil	dito	ang	0.397790
dahil	dito	ay	0.116022
dahil	dito	siya	0.049724
dahil	dito	hindi	0.038674
dahil	dito	may	0.038674
dahil	dito	isa	0.027624
dahil	dito	at	0.022099
dahil	dito	ito	0.022099
dahil	dito	sila	0.016575
dahil	halos	lahat	1.000000
dahil	hindi	pa	0.204082
dahil	hindi	ito	0.183673
dahil	hindi	siya	0.163265
dahil	hindi	alam	0.061224
dahil	isa	siya	0.666667
dahil	ito	ay	0.586207
dahil	ito	ang	0.215517
dahil	ito	sa	0.155172
dahil	karamihan	sa	0.833333
dahil	kung	ang	0.500000
dahil	lamang	sa	0.700000
dahil	mahina	ang	1.000000
dahil	malawak	ang	1.000000
dahil	mas	mataas	0.157895
dahil	mataas	ang	1.000000
dahil	may	mga	0.222222
dahil	sa	mga	0.147820
dahil	sa	kanyang	0.130790
dahil	sa	ang	0.054496
dahil	sa	kanilang	0.043597
dahil	sa	isang	0.038828
dahil	sa	pagiging	0.027929
dahil	sa	hindi	0.024523
dahil	sa	kakulangan	0.021117
dahil	sa	pagkakaroon	0.014305
dahil	sa	mataas	0.013624
dahil	sa	kawalan	0.012262
dahil	sa	sakit	0.011580
dahil	sa	mas	0.010899
dahil	sa	paggamit	0.007493
dahil	sa	sobrang	0.007493
dahil	sa	likas	0.006812
dahil	sa	dami	0.006812
dahil	sa	kahirapan	0.006131
dahil	sa	malakas	0.006131
dahil	sa	ito	0.006131
dahil	sa	pagkawala	0.006131
dahil	sa	takot	0.005450
dahil	sa	atake	0.004768
dahil	sa	ilang	0.004768
dahil	sa	pagtaas	0.004768
dahil	sa	kagustuhan	0.004768
dahil	sa	patuloy	0.004768
dahil	sa	lindol	0.004768
dahil	sa	bagyo	0.004087
dahil	sa	bilang	0.004087
dahil	sila	ay	0.785714
dahil	siya	ay	0.724138
dahil	siya	ang	0.206897
dahil	wala	na	0.363636
dahil	wala	nang	0.272727
dahil	walang	mga	0.333333
dalawang	aklat	ng	0.750000
dalawang	album	na	0.555556
dalawang	anak	na	0.850000
dalawang	antas	ng	0.750000
dalawang	araw	bago	0.285714
dalawang	araw	na	0.142857
dalawang	araw	ng	0.107143
dalawang	araw	pagkatapos	0.107143
dalawang	bagay	ang	0.444444
dalawang	bahagi	ang	0.347826
dalawang	bahagi	ng	0.260870
dalawang	bahagi	na	0.173913
dalawang	batang	babae	0.666667
dalawang	buwan	ang	0.266667
dalawang	buwan	na	0.200000
dalawang	dekada	ang	0.250000
dalawang	distrito	ng	0.571429
dalawang	espesyal	na	1.000000
dalawang	gilid	na	0.500000
dalawang	ito	ay	0.782609
dalawang	kapatid	na	0.555556
dalawang	linggo	ng	0.190476
dalawang	linggo	ay	0.142857
dalawang	linggo	ang	0.142857
dalawang	lungsod	ay	0.375000
dalawang	magkahiwalay	na	1.000000
dalawang	magkasunod	na	1.000000
dalawang	mahalagang	mga	0.750000
dalawang	maliit	na	1.000000
dalawang	manlalaro	ay	0.500000
dalawang	mas	maliit	0.750000
dalawang	mga	uri	0.086667
dalawang	mga	anak	0.040000
dalawang	mga	taon	0.026667
dalawang	mga	lungsod	0.026667
dalawang	mga	kopya	0.020000
dalawang	mga	bahagi	0.020000
dalawang	mga	linggo	0.020000
dalawang	mga	bansa	0.020000
dalawang	mga	landas	0.020000
dalawang	mga	album	0.020000
dalawang	milyon	ang	0.500000
dalawang	miyembro	ng	1.000000
dalawang	opisyal	na	0.714286
dalawang	oras	na	0.375000
dalawang	palapag	na	0.615385
dalawang	pangkat	ng	0.266667
dalawang	pangkat	ang	0.200000
dalawang	pangkat	na	0.200000
dalawang	pangunahing	mga	0.333333
dalawang	pangunahing	uri	0.205128
dalawang	pangunahing	anyo	0.076923
dalawang	pangunahing	bahagi	0.076923
dalawang	paraan	ng	1.000000
dalawang	pares	ng	1.000000
dalawang	tao	na	0.230769
dalawang	tao	ang	0.230769
dalawang	taon	sa	0.142857
dalawang	taon	at	0.116883
dalawang	taon	na	0.090909
dalawang	taon	ng	0.077922
dalawang	taon	ay	0.064935
dalawang	taon	ang	0.064935
dalawang	taon	bago	0.051948
dalawang	taon	pagkatapos	0.051948
dalawang	taon	mamaya	0.051948
dalawang	uri	ng	0.744186
dalhin	ang	mga	0.266667
dalhin	ang	kanyang	0.200000
dalhin	siya	sa	0.833333
daloy	ng	hangin	0.228571
daloy	ng	dugo	0.114286
daloy	ng	trapiko	0.114286
daloy	ng	tubig	0.071429
daloy	ng	kuryente	0.057143
daloy	ng	gene	0.042857
daloy	ng	produkto	0.042857
daloy	ng	mga	0.042857
dalubhasa	sa	kasaysayan	0.366667
dalubhasa	sa	mga	0.100000
daluyan	ng	dugo	0.515152
daluyan	ng	tubig	0.121212
damdamin	ng	mga	0.192308
damdamin	ng	isang	0.115385
damdamin	para	sa	1.000000
dami	ng	mga	0.343434
dami	ng	tao	0.080808
dami	ng	dugo	0.040404
dami	ng	tubig	0.040404
dami	ng	namamatay	0.030303
dami	ng	ulan	0.030303
damit	at	mga	0.272727
damit	na	panloob	0.263158
damit	ng	mga	0.214286
damit	para	sa	1.000000
dapat	ang	mga	0.400000
dapat	bigyan	ng	1.000000
dapat	gawin	ng	0.400000
dapat	magbigay	ng	1.000000
dapat	na	maging	0.058824
dapat	na	may	0.058824
dapat	na	nasa	0.058824
dapat	tandaan	na	1.000000
darating	na	panahon	0.187500
database	kung	saan	1.000000
dati	nang	mga	0.250000
dati	nang	hindi	0.250000
dating	bahagi	ng	0.875000
dating	gobernador	ng	0.625000
dating	isa	sa	1.000000
dating	kabilang	sa	1.000000
dating	kabisera	ng	1.000000
dating	kalihim	ng	0.750000
dating	kilala	bilang	0.741935
dating	kilala	sa	0.129032
dating	kilala	ang	0.096774
dating	lalawigan	ng	0.928571
dating	lugar	ng	0.750000
dating	lungsod	ng	1.000000
dating	manlalaro	ng	0.857143
dating	mga	bayan	0.300000
dating	ministro	ng	1.000000
dating	miyembro	ng	0.785714
dating	pangalan	ng	0.416667
dating	pangalan	nito	0.333333
dating	pinuno	ng	0.750000
dating	tinatawag	na	0.800000
datos	mula	sa	1.000000
datos	ng	populasyon	0.375000
datos	para	sa	1.000000
datos	tungkol	sa	1.000000
daungan	nito	ay	0.500000
dayuhan	mula	sa	1.000000
debate	tungkol	sa	1.000000
dekada	ang	mga	0.214286
dekada	at	dekada	0.222222
dekada	at	sa	0.185185
dekada	ng	at	0.236842
dekada	ng	nang	0.078947
dekada	ng	mga	0.078947
dekada	ng	ang	0.078947
depende	sa	uri	0.104478
depende	sa	kung	0.089552
depende	sa	mga	0.089552
depende	sa	kanilang	0.044776
depende	sa	bansa	0.044776
detalye	ng	mga	0.500000
detalye	tungkol	sa	1.000000
digmaan	at	iba	0.166667
digmaan	ay	isang	0.250000
digmaan	ito	ay	1.000000
digmaan	laban	sa	1.000000
digmaan	mula	sa	0.800000
digmaan	ng	mga	0.538462
digmaan	para	sa	1.000000
digmaan	sa	pagitan	0.433333
digmaan	sa	mga	0.100000
diin	ang	kahalagahan	0.250000
diin	ng	mga	0.363636
diin	sa	mga	0.428571
diin	sa	isang	0.107143
din	ang	mga	0.322086
din	ang	kanyang	0.046012
din	ang	isang	0.042945
din	ang	karakter	0.015337
din	ang	pangunahing	0.012270
din	ang	laro	0.012270
din	ang	banda	0.012270
din	ang	pangalan	0.009202
din	ang	palabas	0.009202
din	ang	ilang	0.009202
din	ang	bayan	0.009202
din	ang	iba	0.009202
din	ang	kanilang	0.009202
din	ay	may	0.192308
din	ayon	sa	1.000000
din	bilang	isang	0.416667
din	bilang	mga	0.138889
din	dito	ang	0.800000
din	dito	kung	0.100000
din	ito	ng	0.398936
din	ito	sa	0.367021
din	ito	bilang	0.106383
din	ito	para	0.047872
din	ito	ay	0.015957
din	mula	sa	0.875000
din	na	ang	0.112903
din	na	may	0.096774
din	na	ito	0.064516
din	na	isang	0.048387
din	na	hindi	0.048387
din	na	mga	0.048387
din	ng	mga	0.371747
din	ng	isang	0.078067
din	ng	iba	0.026022
din	ng	dalawang	0.018587
din	ng	kanyang	0.014870
din	ng	sariling	0.011152
din	nito	ang	0.804878
din	nito	ng	0.073171
din	nito	na	0.073171
din	para	sa	1.000000
din	sa	mga	0.256757
din	sa	isang	0.040541
din	sa	kanya	0.036036
din	sa	kanyang	0.036036
din	sa	lungsod	0.027027
din	sa	iba	0.022523
din	sa	ilang	0.022523
din	sa	paggawa	0.018018
din	sa	hindi	0.013514
din	sa	ulat	0.013514
din	sila	ng	0.500000
din	sila	sa	0.368421
din	siya	ng	0.469697
din	siya	sa	0.359848
din	siya	bilang	0.079545
din	siya	dahil	0.018939
din	siya	para	0.015152
direkta	mula	sa	1.000000
direkta	o	hindi	0.750000
direkta	sa	mga	0.555556
direktor	ng	pelikula	0.244898
direktor	ng	mga	0.122449
direktor	ng	musika	0.102041
direktor	ng	programa	0.081633
diskriminasyon	sa	mga	0.500000
distansya	mula	sa	1.000000
distansya	sa	pagitan	0.833333
distrito	at	ang	0.300000
distrito	ng	lungsod	0.320000
distrito	ng	lalawigan	0.280000
disyembre	ang	isang	0.173913
disyembre	ang	mga	0.130435
disyembre	at	enero	0.217391
disyembre	at	ang	0.173913
disyembre	ay	isang	0.615385
disyembre	ay	ang	0.269231
disyembre	hanggang	pebrero	0.375000
disyembre	na	may	0.500000
disyembre	sa	bisa	0.176471
disyembre	siya	ay	1.000000
dito	ang	mga	0.375610
dito	ang	isang	0.068293
dito	ang	kanyang	0.029268
dito	ang	paliparan	0.029268
dito	ang	iba	0.024390
dito	ang	ilang	0.019512
dito	ang	kanilang	0.019512
dito	ang	lahat	0.019512
dito	ang	dalawang	0.014634
dito	ang	unibersidad	0.014634
dito	ang	ilog	0.014634
dito	ang	sa	0.014634
dito	at	sa	0.178571
dito	at	hindi	0.107143
dito	ay	ang	0.321839
dito	ay	mga	0.137931
dito	ay	hindi	0.068966
dito	ay	may	0.034483
dito	ayon	sa	1.000000
dito	ito	ay	0.625000
dito	kung	ang	0.333333
dito	mula	sa	0.625000
dito	na	ang	0.238095
dito	na	may	0.142857
dito	ng	mga	0.266667
dito	sa	isang	0.178571
dito	sa	bansa	0.107143
dito	sa	mga	0.107143
dito	sila	ay	1.000000
dito	siya	ay	0.909091
diyos	ang	mga	0.170213
diyos	ang	tao	0.127660
diyos	ang	kanyang	0.085106
diyos	ang	lahat	0.063830
diyos	ang	kanilang	0.063830
diyos	at	mga	0.142857
diyos	at	ng	0.119048
diyos	at	sa	0.119048
diyos	at	tao	0.071429
diyos	at	hindi	0.071429
diyos	at	isang	0.071429
diyos	ay	hindi	0.264706
diyos	ay	isang	0.147059
diyos	dahil	sa	0.750000
diyos	na	ito	0.166667
diyos	na	araw	0.119048
diyos	na	maging	0.071429
diyos	ng	mga	0.283019
diyos	ng	araw	0.094340
diyos	ng	kamatayan	0.075472
diyos	o	mga	0.428571
diyos	o	sa	0.214286
diyos	para	sa	1.000000
diyos	sa	mga	0.172414
diyos	sa	ibabaw	0.137931
diyos	sa	iba	0.103448
diyos	sa	mundo	0.103448
diyos	sa	kanyang	0.103448
dna	ay	tinatawag	0.150000
dna	ay	maaaring	0.150000
dna	sa	isang	0.416667
dna	sa	mga	0.250000
doktor	mula	sa	1.000000
doktor	ng	mga	0.333333
dokumento	na	ang	0.333333
donasyon	mula	sa	1.000000
doon	ay	ang	0.190476
doon	ay	walang	0.142857
doon	hanggang	sa	1.000000
doon	nagmula	ang	1.000000
doon	ng	mga	0.375000
doon	sa	mga	0.214286
download	na	nilalaman	0.444444
download	na	app	0.333333
dragon	at	ang	1.000000
drama	sa	telebisyon	0.647059
dugo	at	mga	0.250000
dugo	ay	maaaring	0.307692
dugo	ay	hindi	0.230769
dugo	mula	sa	1.000000
dugo	para	sa	0.800000
dugo	sa	mga	0.250000
dugo	sa	puso	0.107143
dugo	sa	bawat	0.107143
dumalo	sa	mga	0.368421
dumalo	sa	isang	0.263158
dumalo	siya	sa	1.000000
dumating	ang	mga	0.637681
dumating	ang	isang	0.057971
dumating	din	ang	1.000000
dumating	ito	sa	0.714286
dumating	mula	sa	1.000000
dumating	na	ang	0.400000
dumating	sa	isang	0.176471
dumating	siya	sa	1.000000
dumi	sa	mga	0.600000
ebanghelyo	ng	mga	0.400000
ebolusyon	ng	tao	0.250000
edad	at	ang	0.294118
edad	kasarian	at	1.000000
edad	na	at	0.100671
edad	na	ay	0.073826
edad	na	taon	0.073826
edad	na	siya	0.067114
edad	na	mga	0.046980
edad	na	na	0.040268
edad	na	lima	0.040268
edad	na	sa	0.040268
edad	na	ito	0.033557
edad	na	hanggang	0.033557
edad	na	anim	0.033557
edad	na	siyam	0.033557
edad	na	dahil	0.020134
edad	na	nang	0.020134
edad	na	tatlo	0.020134
edad	na	labindalawa	0.020134
edad	na	sampu	0.020134
edad	ng	mga	0.166667
edad	ng	tao	0.166667
edisyon	ng	mga	0.250000
editor	para	sa	1.000000
eksena	mula	sa	1.000000
eksena	ng	musika	0.230769
eksibisyon	ng	mga	0.714286
eksklusibo	para	sa	1.000000
eksklusibo	sa	mga	0.571429
elemento	ay	maaaring	0.272727
elemento	mula	sa	1.000000
elemento	ng	isang	0.120000
elemento	sa	isang	0.214286
elemento	sa	populasyon	0.214286
embahada	ng	hapon	1.000000
emperador	at	ang	0.333333
emperador	ng	hapon	0.739130
emperador	ng	imperyo	0.086957
enerhiya	mula	sa	1.000000
enerhiya	na	may	0.230769
enerhiya	ng	isang	0.352941
enerhiya	sa	mga	0.250000
enero	abril	ay	0.750000
enero	at	pebrero	0.240000
enero	at	sa	0.160000
enero	at	ang	0.160000
enero	ay	isang	0.731707
enero	ay	ang	0.121951
enero	bilang	bahagi	1.000000
enero	disyembre	ay	0.750000
enero	hanggang	sa	0.250000
enero	hanggang	hulyo	0.187500
enero	hanggang	enero	0.187500
enero	ito	ay	1.000000
enero	kung	saan	0.800000
enero	mas	kilala	0.833333
enero	na	ang	0.333333
enero	sa	edad	0.150000
enero	siya	ay	0.800000
espesyal	na	kaso	0.095652
espesyal	na	edisyon	0.052174
espesyal	na	okasyon	0.026087
espesyal	na	uri	0.026087
espesyalista	sa	mga	0.428571
espiritu	santo	ang	0.333333
espiritu	santo	at	0.250000
footage	ng	mga	0.750000
football	na	may	0.750000
football	para	sa	1.000000
football	sa	kolehiyo	1.000000
gabay	ng	mga	0.600000
gabay	sa	mga	0.187500
gabi	at	sa	0.333333
gabi	ito	ay	1.000000
gabi	ng	abril	0.150000
gabi	para	sa	1.000000
galit	na	galit	0.565217
galit	siya	sa	1.000000
gamit	ang	mga	0.301802
gamit	ang	isang	0.180180
gamit	ang	kanyang	0.045045
gamit	ang	iba	0.031532
gamit	ang	kanilang	0.031532
gamit	ang	dalawang	0.022523
gamit	ang	kamay	0.018018
gamit	lamang	ang	0.857143
gamit	ng	mga	0.428571
gamit	ng	isang	0.119048
gamit	ng	salita	0.071429
gamit	nito	sa	0.416667
gamit	sa	mga	0.142857
gamit	sumangguni	sa	1.000000
gamot	ay	maaaring	0.250000
gamot	laban	sa	1.000000
gamot	na	ito	0.529412
gamot	para	sa	0.888889
gamot	sa	ugat	0.333333
gamutin	ang	mga	0.500000
gantimpala	mula	sa	0.750000
gantimpala	para	sa	0.916667
gantimpala	sa	mga	0.375000
gas	ay	maaaring	0.400000
gas	mula	sa	1.000000
gas	na	may	0.428571
gastos	ng	mga	0.258065
gastos	para	sa	1.000000
gastos	sa	paglalakbay	0.176471
gawain	at	ang	0.173913
gawain	dahil	sa	0.750000
gawain	gaya	ng	1.000000
gawain	kung	saan	1.000000
gawain	ng	mga	0.307692
gawain	ng	isang	0.123077
gawain	ng	tao	0.076923
gawain	o	trabaho	0.272727
gawain	para	sa	0.750000
gawain	sa	mga	0.136364
gawin	ang	lahat	0.186047
gawin	ang	mga	0.162791
gawin	ang	isang	0.162791
gawin	ang	anumang	0.069767
gawin	ang	kanyang	0.069767
gawin	gamit	ang	1.000000
gawin	ito	ng	0.300000
gawin	ng	isang	0.307692
gawin	sa	mga	0.300000
gayundin	ang	mga	0.492754
gayundin	ang	isang	0.043478
gayundin	ng	mga	0.625000
gayundin	sa	mga	0.428571
gayunpaman	ang	mga	0.363128
gayunpaman	ang	ilang	0.061453
gayunpaman	ang	kanyang	0.050279
gayunpaman	ang	isang	0.039106
gayunpaman	ang	karamihan	0.016760
gayunpaman	ay	maaaring	0.272727
gayunpaman	ayon	sa	1.000000
gayunpaman	dahil	sa	0.857143
gayunpaman	hanggang	sa	1.000000
gayunpaman	hindi	ito	0.161290
gayunpaman	hindi	lahat	0.161290
gayunpaman	hindi	siya	0.096774
gayunpaman	ito	ay	0.964286
gayunpaman	kung	ang	0.800000
gayunpaman	may	mga	0.384615
gayunpaman	may	ilang	0.307692
gayunpaman	mula	sa	0.750000
gayunpaman	pagkatapos	ng	1.000000
gayunpaman	sa	mga	0.193548
gayunpaman	sa	isang	0.096774
gayunpaman	siya	ay	1.000000
gene	ay	maaari	0.150000
gene	na	ito	0.333333
gene	para	sa	1.000000
genre	ng	musika	0.500000
gilid	ng	ilog	0.142857
gilid	ng	mga	0.142857
gilid	ng	isang	0.089286
gilid	ng	abenida	0.053571
gilid	ng	puso	0.053571
gilid	ng	riles	0.053571
gilid	ng	kanyang	0.053571
ginto	at	pilak	0.388889
ginto	mula	sa	1.000000
ginto	pilak	at	0.500000
ginto	sa	mga	0.250000
gitara	at	mga	0.300000
gitna	at	timog	0.214286
gitna	at	itaas	0.214286
gitna	ay	may	0.750000
gitna	ng	mga	0.263158
gitna	ng	isang	0.078947
gitna	ng	lungsod	0.061404
gitna	ng	kanilang	0.035088
gitna	ng	pangungusap	0.026316
gitna	ng	kanyang	0.026316
global	na	maximum	0.428571
gobernador	ng	lalawigan	0.375000
gobernador	siya	ng	1.000000
gubat	na	nasa	0.750000
gulo	ang	isip	1.000000
gulo	ng	mga	0.750000
gumagamit	ang	mga	0.736842
gumagamit	ay	maaaring	0.600000
gumagamit	din	ng	0.736842
gumagamit	din	ang	0.157895
gumagamit	ito	ng	1.000000
gumagamit	na	ng	0.200000
gumagamit	ng	mga	0.350318
gumagamit	ng	isang	0.152866
gumagamit	ng	iba	0.031847
gumagamit	ng	kanyang	0.025478
gumagamit	ng	mas	0.019108
gumagamit	ng	tubig	0.019108
gumagamit	nito	ay	0.294118
gumagamit	nito	sa	0.294118
gumagamit	siya	ng	1.000000
gumagana	ito	sa	0.428571
gumanap	bilang	isang	0.684211
gumanap	din	siya	0.727273
gumanap	ng	isang	0.388889
gumanap	sa	mga	0.250000
gumanap	sa	isang	0.125000
gumanap	siya	bilang	0.611111
gumanap	siya	sa	0.305556
gumawa	ang	mga	0.666667
gumawa	ito	ng	1.000000
gumawa	ng	mga	0.314961
gumawa	ng	isang	0.192913
gumawa	ng	ilang	0.027559
gumawa	ng	sariling	0.027559
gumawa	ng	kanilang	0.019685
gumawa	ng	bagong	0.015748
gumawa	ng	anumang	0.015748
gumawa	ng	konsepto	0.011811
gumawa	ng	kasaysayan	0.011811
gumawa	ng	iba	0.011811
gumawa	ng	mas	0.011811
gumawa	ng	higit	0.011811
gumawa	sa	kanyang	0.400000
gumawa	sila	ng	1.000000
gumawa	siya	ng	0.939394
guro	at	mga	0.157895
guro	at	ang	0.157895
guro	ng	paaralan	0.150000
guro	ng	mga	0.150000
guro	sa	isang	0.208333
guro	sa	ingles	0.125000
guro	sa	paaralan	0.125000
gusali	at	imprastraktura	0.142857
gusali	ay	may	0.241379
gusali	ay	ang	0.206897
gusali	kung	saan	0.750000
gusali	na	may	0.352941
gusali	ng	mga	0.181818
gusali	ng	paaralan	0.113636
gusali	ng	pamahalaan	0.113636
gusali	ng	simbahan	0.090909
gusali	ng	lungsod	0.068182
gusali	ng	unibersidad	0.068182
gusali	para	sa	1.000000
gusali	sa	lungsod	0.235294
gutom	na	multo	0.800000
haba	ito	na	1.000000
haba	na	may	0.352941
haba	ng	isang	0.134328
haba	ng	buhay	0.074627
haba	ng	mga	0.074627
haba	ng	bawat	0.074627
haba	ng	album	0.059701
haba	ng	katawan	0.059701
haba	ng	metro	0.044776
haba	ng	laro	0.044776
haba	ng	oras	0.044776
haba	nito	ay	0.777778
habang	abala	ang	1.000000
habang	ang	mga	0.319392
habang	ang	iba	0.091255
habang	ang	kanyang	0.068441
habang	ang	isang	0.034221
habang	ang	karamihan	0.022814
habang	ang	isa	0.019011
habang	ang	mas	0.011407
habang	ang	dalawang	0.011407
habang	ang	lahat	0.011407
habang	ang	bersyon	0.011407
habang	ang	laro	0.011407
habang	ang	ilang	0.011407
habang	binubuo	ang	0.833333
habang	buhay	na	0.571429
habang	hindi	pa	0.571429
habang	ito	ay	1.000000
habang	lumalaki	ang	0.444444
habang	nagpapatuloy	ang	1.000000
habang	nagtatrabaho	sa	0.500000
habang	nagtatrabaho	bilang	0.375000
habang	nasa	isang	0.134615
habang	nasa	kolehiyo	0.057692
habang	nasa	unibersidad	0.057692
habang	nasa	ibabaw	0.057692
habang	patuloy	ang	0.444444
habang	patuloy	na	0.444444
habang	sa	mga	0.250000
habang	sila	ay	1.000000
habang	siya	ay	0.977273
habang	tumatakbo	ang	1.000000
halaga	ng	mga	0.206107
halaga	ng	isang	0.129771
halaga	ng	pagkakataon	0.038168
halaga	ng	palitan	0.038168
halaga	ng	pera	0.030534
halaga	ng	ay	0.022901
halaga	ng	lupa	0.022901
halaga	ng	kanilang	0.022901
halaga	nito	ay	0.400000
halaga	para	sa	1.000000
halaman	at	mga	0.303030
halaman	at	hayop	0.272727
halaman	katulad	ng	1.000000
halaman	na	may	0.187500
halimbawa	ang	mga	0.277778
halimbawa	ang	isang	0.194444
halimbawa	ang	ilang	0.027778
halimbawa	ang	lahat	0.027778
halimbawa	ay	ang	0.617647
halimbawa	ayon	sa	1.000000
halimbawa	ito	ay	0.750000
halimbawa	kung	ang	0.769231
halimbawa	na	ang	0.533333
halimbawa	na	lamang	0.133333
halimbawa	ng	mga	0.355140
halimbawa	ng	isang	0.261682
halimbawa	ng	paggamit	0.037383
halimbawa	ng	mataas	0.028037
halimbawa	nito	ay	0.516667
halimbawa	nito	ang	0.483333
halimbawa	para	sa	1.000000
halimbawa	sa	mga	0.241379
halimbawa	sa	isang	0.137931
halimbawa	sa	kaso	0.103448
halo	ng	mga	0.400000
halos	apat	na	1.000000
halos	binubuo	ng	1.000000
halos	dalawang	taon	0.555556
halos	dalawang	dekada	0.333333
halos	ganap	na	1.000000
halos	isang	taon	0.500000
halos	kalahati	ng	0.812500
halos	katulad	ng	0.444444
halos	katulad	na	0.333333
halos	lahat	ng	0.862069
halos	lahat	ay	0.055172
halos	lahat	na	0.020690
halos	lahat	sa	0.020690
halos	milyon	sa	0.500000
halos	ng	mga	0.363636
halos	ng	populasyon	0.181818
halos	ng	lahat	0.151515
halos	sa	mga	0.272727
halos	sa	lahat	0.272727
halos	taon	ang	0.214286
hanapin	ang	mga	0.291667
hanapin	ang	kanyang	0.208333
hanay	na	ito	0.428571
hanay	ng	mga	0.819672
hanay	ng	datos	0.024590
handa	ang	mga	1.000000
hangganan	ang	panahon	0.444444
hangganan	ng	mga	0.274194
hangganan	ng	isang	0.080645
hangganan	ng	lungsod	0.080645
hangganan	ngunit	karamihan	0.750000
hangganan	nito	ang	0.416667
hangganan	nito	sa	0.333333
hangganan	sa	pagitan	0.590909
hanggang	abril	at	0.500000
hanggang	alas	ng	1.000000
hanggang	ang	mga	0.290323
hanggang	anim	na	0.916667
hanggang	apat	na	1.000000
hanggang	at	mula	0.190476
hanggang	at	sa	0.119048
hanggang	at	ang	0.095238
hanggang	at	ng	0.071429
hanggang	at	bilang	0.071429
hanggang	bilang	isang	0.500000
hanggang	disyembre	at	0.444444
hanggang	isang	oras	0.333333
hanggang	ito	ay	0.800000
hanggang	kamakailan	lamang	1.000000
hanggang	kasama	ang	0.750000
hanggang	kung	saan	0.666667
hanggang	kung	kailan	0.333333
hanggang	mga	metro	0.250000
hanggang	mga	taon	0.187500
hanggang	mga	araw	0.187500
hanggang	na	may	0.200000
hanggang	na	mga	0.150000
hanggang	nang	ang	0.384615
hanggang	nang	ito	0.230769
hanggang	ng	mga	0.370370
hanggang	ng	umaga	0.148148
hanggang	ng	gabi	0.111111
hanggang	ngayon	ay	0.419355
hanggang	ngayon	ang	0.193548
hanggang	ngayon	na	0.161290
hanggang	ngayon	sa	0.096774
hanggang	palitan	ng	1.000000
hanggang	para	sa	1.000000
hanggang	pebrero	at	0.500000
hanggang	sa	mga	0.094474
hanggang	sa	kanyang	0.090909
hanggang	sa	kasalukuyan	0.062389
hanggang	sa	ngayon	0.057041
hanggang	sa	isang	0.030303
hanggang	sa	ang	0.028520
hanggang	sa	siya	0.028520
hanggang	sa	ito	0.024955
hanggang	sa	mamatay	0.023173
hanggang	sa	maging	0.023173
hanggang	sa	katapusan	0.021390
hanggang	sa	huling	0.019608
hanggang	sa	kamatayan	0.019608
hanggang	sa	kasalukuyang	0.014260
hanggang	sa	ng	0.012478
hanggang	sa	huli	0.010695
hanggang	sa	pagdating	0.008913
hanggang	sa	hulyo	0.008913
hanggang	sa	araw	0.008913
hanggang	sa	wakas	0.008913
hanggang	sa	halos	0.007130
hanggang	sa	simula	0.007130
hanggang	sa	maabot	0.007130
hanggang	sa	sila	0.007130
hanggang	sa	edad	0.007130
hanggang	sa	muling	0.007130
hanggang	sa	dumating	0.007130
hanggang	sa	ilang	0.005348
hanggang	sa	sa	0.005348
hanggang	sa	timog	0.005348
hanggang	sila	ay	1.000000
hanggang	siya	ay	0.750000
hanggang	siya	ang	0.187500
hanggang	taon	pagkatapos	0.250000
hangin	gamit	ang	1.000000
hangin	mula	sa	0.833333
hangin	na	may	0.250000
hangin	ng	mga	0.454545
hangin	sa	mga	0.181818
hangin	sa	baga	0.181818
hapon	ang	mga	0.318182
hapon	at	sa	0.172414
hapon	ay	isang	0.173913
hapon	kung	saan	0.800000
hapon	na	may	0.277778
hapon	ng	isang	0.214286
hapon	pagkatapos	ng	1.000000
hapon	para	sa	0.600000
hapon	sa	mga	0.400000
harap	ng	mga	0.145455
harap	ng	isang	0.090909
harap	ng	kanyang	0.072727
harap	ng	simbahan	0.054545
harap	ng	madla	0.054545
harapin	ang	mga	0.333333
hari	at	mga	0.260870
hari	at	sa	0.260870
hari	at	ang	0.130435
hari	ng	mga	0.441176
hari	ng	kanyang	0.088235
hari	sa	mga	0.315789
hari	sa	isang	0.157895
hari	siya	ng	0.500000
hatiin	sa	dalawang	0.300000
hayop	ang	mga	0.625000
hayop	at	halaman	0.218750
hayop	at	mga	0.156250
hayop	at	sa	0.093750
hayop	ay	may	0.266667
hayop	gaya	ng	1.000000
hayop	na	ito	0.370370
hayop	na	may	0.092593
hayop	na	hindi	0.092593
hayop	na	walang	0.055556
henerasyon	ng	mga	0.842105
hibla	ay	maaaring	0.272727
higit	kopya	at	0.750000
higit	na	mas	0.128788
higit	na	kilala	0.128788
higit	na	mga	0.037879
higit	na	mataas	0.037879
higit	na	mahalaga	0.030303
higit	na	sa	0.030303
higit	pa	sa	0.526882
higit	pa	na	0.086022
higit	pa	ay	0.064516
higit	pa	kaysa	0.053763
higit	pa	dito	0.043011
higit	pa	ang	0.043011
higit	pa	ngunit	0.032258
higit	sa	isang	0.170854
higit	sa	mga	0.145729
higit	sa	lahat	0.128141
higit	sa	na	0.055276
higit	sa	ng	0.037688
higit	sa	kalahati	0.032663
higit	sa	ang	0.027638
higit	sa	taon	0.027638
higit	sa	milyon	0.025126
higit	sa	bilyon	0.020101
higit	sa	isa	0.017588
higit	sa	dalawang	0.015075
higit	sa	apat	0.015075
higit	sa	metro	0.012563
higit	sa	iba	0.012563
higit	sa	kopya	0.007538
higit	sa	sa	0.007538
higit	sa	kanyang	0.007538
higit	sa	bansa	0.007538
higit	sa	tao	0.007538
hilagang	bahagi	ng	0.735294
hilagang	bahagi	nito	0.117647
hilagang	baybayin	ng	1.000000
hilagang	hangganan	nito	0.666667
hilagang	kanluran	ng	0.571429
hilagang	kanluran	at	0.085714
hilagang	silangan	ng	0.657143
hilagang	silangan	sa	0.114286
hilaw	na	materyal	0.333333
hindi	aktibo	sa	0.307692
hindi	alam	ang	0.233766
hindi	alam	kung	0.194805
hindi	alam	na	0.181818
hindi	alam	ng	0.129870
hindi	alam	sa	0.103896
hindi	alam	at	0.064935
hindi	ang	mga	0.125000
hindi	bahagi	ng	0.900000
hindi	basta	basta	1.000000
hindi	bilang	isang	0.454545
hindi	dahil	sa	0.916667
hindi	dapat	ito	0.260870
hindi	dapat	gamitin	0.130435
hindi	ganap	na	0.909091
hindi	gumagamit	ng	0.846154
hindi	gumagawa	ng	1.000000
hindi	gumawa	ng	1.000000
hindi	hanggang	sa	0.571429
hindi	higit	sa	1.000000
hindi	ibig	sabihin	1.000000
hindi	inaasahan	ang	0.333333
hindi	isama	ang	0.800000
hindi	ito	ang	0.141414
hindi	ito	maaaring	0.080808
hindi	ito	isang	0.070707
hindi	ito	masyadong	0.050505
hindi	ito	dapat	0.050505
hindi	ito	nagtagumpay	0.040404
hindi	ito	mga	0.030303
hindi	ito	dahil	0.030303
hindi	kabilang	sa	0.384615
hindi	kabilang	ang	0.384615
hindi	kailangan	ang	0.333333
hindi	kailanman	natagpuan	0.136364
hindi	karaniwan	sa	0.466667
hindi	kasama	ang	0.536585
hindi	kasama	sa	0.390244
hindi	kasangkot	sa	1.000000
hindi	katulad	ng	0.891892
hindi	katumbas	ng	0.750000
hindi	kaugnay	na	0.500000
hindi	kaugnay	sa	0.375000
hindi	kaya	ng	0.750000
hindi	kinakailangan	ang	0.437500
hindi	kumakain	ng	0.750000
hindi	lahat	ng	0.803922
hindi	lahat	ay	0.156863
hindi	lamang	sa	0.275000
hindi	lamang	ang	0.200000
hindi	lamang	ng	0.058333
hindi	lamang	ito	0.050000
hindi	lamang	para	0.041667
hindi	lamang	mga	0.041667
hindi	lamang	siya	0.041667
hindi	lamang	isang	0.025000
hindi	lamang	dito	0.025000
hindi	likas	na	0.500000
hindi	limitado	sa	1.000000
hindi	lubos	na	0.800000
hindi	maaaring	maging	0.113636
hindi	maaaring	umiral	0.068182
hindi	maaaring	magpakasal	0.068182
hindi	mabisa	sa	0.500000
hindi	magagamit	ang	0.500000
hindi	magagamit	ng	0.375000
hindi	maganda	ang	0.750000
hindi	magkasundo	sa	0.750000
hindi	mahigpit	na	0.800000
hindi	mahusay	na	1.000000
hindi	maintindihan	ng	1.000000
hindi	malamang	na	0.750000
hindi	malawak	na	1.000000
hindi	malinaw	kung	0.382353
hindi	malinaw	ang	0.294118
hindi	malinaw	na	0.117647
hindi	malinis	na	1.000000
hindi	maliwanag	na	0.272727
hindi	maliwanag	kung	0.272727
hindi	malusog	na	1.000000
hindi	masaya	sa	0.600000
hindi	matagumpay	na	0.904762
hindi	matatag	na	0.583333
hindi	mula	sa	0.875000
hindi	na	ito	0.118343
hindi	na	siya	0.100592
hindi	na	sila	0.076923
hindi	na	umiiral	0.065089
hindi	na	kailangan	0.065089
hindi	na	muling	0.059172
hindi	na	maaaring	0.041420
hindi	na	ako	0.023669
hindi	na	nangangailangan	0.017751
hindi	na	muli	0.017751
hindi	na	lamang	0.017751
hindi	na	nito	0.017751
hindi	na	kailanman	0.017751
hindi	na	bago	0.017751
hindi	na	halos	0.017751
hindi	nagbabago	ang	0.368421
hindi	nagbabago	ng	0.157895
hindi	nagbabago	sa	0.157895
hindi	naglalaman	ng	0.909091
hindi	nagtagumpay	ang	0.600000
hindi	nakikita	sa	0.461538
hindi	nakikita	ng	0.307692
hindi	nangangailangan	ng	1.000000
hindi	nararapat	na	0.600000
hindi	natural	na	0.800000
hindi	normal	na	1.000000
hindi	opisyal	na	0.894737
hindi	pa	siya	0.139241
hindi	pa	ito	0.113924
hindi	pa	alam	0.101266
hindi	pa	tapos	0.075949
hindi	pa	ganap	0.063291
hindi	pa	din	0.063291
hindi	pa	kilala	0.037975
hindi	pa	umiiral	0.037975
hindi	pagbabayad	ng	1.000000
hindi	paggamit	ng	1.000000
hindi	pagkakaroon	ng	1.000000
hindi	pagsunod	sa	0.500000
hindi	pamilyar	sa	1.000000
hindi	pantay	na	0.642857
hindi	pantay	pantay	0.214286
hindi	para	sa	0.833333
hindi	partikular	na	0.750000
hindi	patas	na	0.500000
hindi	pormal	na	0.777778
hindi	relihiyoso	na	0.600000
hindi	sa	mga	0.205882
hindi	sa	isang	0.088235
hindi	sapat	na	0.459459
hindi	sapat	ang	0.405405
hindi	sapat	para	0.108108
hindi	sigurado	kung	0.428571
hindi	sila	maaaring	0.117647
hindi	siya	ang	0.160494
hindi	siya	maaaring	0.086420
hindi	siya	isang	0.061728
hindi	siya	ay	0.049383
hindi	siya	opisyal	0.037037
hindi	tama	ang	0.416667
hindi	tama	na	0.250000
hindi	tapat	na	0.600000
hindi	tiyak	ang	0.407407
hindi	tiyak	na	0.333333
hindi	tiyak	kung	0.111111
hindi	totoo	at	0.333333
hindi	totoo	sa	0.266667
hindi	totoo	ang	0.200000
hindi	tumpak	na	0.666667
hindi	tunay	na	0.833333
hindi	umaasa	sa	0.875000
hindi	umiiral	sa	0.466667
hinirang	bilang	isang	0.200000
hinirang	bilang	pinuno	0.200000
hinirang	na	isang	0.157895
hinirang	na	direktor	0.157895
hinirang	ng	mga	0.363636
hinirang	para	sa	1.000000
hinirang	siya	bilang	0.428571
hinirang	siya	ng	0.428571
host	at	modelo	0.400000
host	at	mga	0.300000
host	din	siya	0.545455
host	ng	mga	0.289474
host	ng	isang	0.210526
host	ng	palabas	0.078947
host	sa	mga	0.222222
host	siya	sa	0.750000
hubad	na	babae	0.272727
hubad	na	larawan	0.272727
hudyat	ay	pula	1.000000
hudyo	ang	mga	0.500000
hudyo	at	ang	0.333333
hudyo	sa	mga	0.210526
hukbo	mula	sa	1.000000
hukbo	ng	mga	0.708333
huli	ay	ang	0.102564
huli	ay	isang	0.076923
huli	ay	mga	0.076923
huli	na	nang	0.157895
huli	nang	at	0.500000
huli	ng	mga	0.111111
huli	sa	mga	0.500000
huli	siya	ay	1.000000
huling	araw	ng	0.583333
huling	bahagi	ng	0.967391
huling	bahagi	na	0.016304
huling	banda	ng	1.000000
huling	dalawang	linggo	0.300000
huling	dekada	ng	0.600000
huling	hari	ng	1.000000
huling	kabanata	ng	0.571429
huling	kalahati	ng	1.000000
huling	laro	ng	0.333333
huling	laro	sa	0.250000
huling	linggo	ng	0.800000
huling	pagkakataon	na	0.375000
huling	panahon	ng	0.812500
huling	sandali	ng	0.600000
huling	taon	sa	0.423077
huling	taon	ng	0.384615
huling	yugto	ng	0.666667
huling	yugto	ay	0.166667
humanap	ng	mga	0.300000
humanga	sa	mga	0.600000
humawak	ng	mga	0.250000
humawak	ng	isang	0.187500
huwag	pansinin	ang	0.833333
huwebes	ng	gabi	1.000000
i	at	o	0.214286
i	at	ang	0.214286
i	ay	isang	0.250000
i	host	ang	1.000000
iba	ang	mga	0.345238
iba	ang	kulay	0.083333
iba	ang	kanilang	0.083333
iba	ay	hindi	0.162162
iba	ay	maaaring	0.162162
iba	ayon	sa	1.000000
iba	dahil	sa	1.000000
iba	depende	sa	1.000000
iba	iba	ang	0.575758
iba	iba	sa	0.272727
iba	iba	mula	0.045455
iba	ito	sa	0.777778
iba	kaysa	sa	1.000000
iba	mula	sa	1.000000
iba	na	ang	0.296296
iba	ng	mga	0.343750
iba	pa	ay	0.247525
iba	pa	ang	0.198020
iba	pa	na	0.188119
iba	pa	sa	0.148515
iba	pa	at	0.029703
iba	pa	kabilang	0.029703
iba	para	sa	0.750000
iba	sa	mga	0.353846
iba	sa	bawat	0.107692
iba	sa	iba	0.046154
ibaba	ang	mga	0.214286
ibaba	ay	ang	0.428571
ibabaw	na	daloy	0.300000
ibabaw	ng	mga	0.168919
ibabaw	ng	isang	0.101351
ibabaw	ng	tubig	0.067568
ibabaw	ng	lupa	0.060811
ibabaw	ng	ilog	0.054054
ibabaw	ng	mundo	0.033784
ibabaw	ng	balat	0.033784
ibabaw	ng	dagat	0.027027
ibabaw	ng	buwan	0.027027
ibabaw	ng	antas	0.027027
ibabaw	ng	karagatan	0.020270
ibabaw	ng	lahat	0.020270
ibabaw	ng	ngipin	0.020270
ibabaw	ng	kanilang	0.020270
ibahagi	ang	mga	0.333333
ibig	ay	isang	0.750000
ibig	ng	mga	0.272727
ibig	sa	kanya	0.250000
ibig	sabihin	ay	0.434286
ibig	sabihin	ng	0.188571
ibig	sabihin	nito	0.108571
ibig	sabihin	ang	0.062857
ibig	sabihin	na	0.062857
ibig	sabihin	isang	0.022857
ibig	sabihin	hindi	0.017143
ibigay	ang	kanyang	0.400000
ibigay	sa	mga	0.444444
ibinigay	na	pangalan	0.153846
ibinigay	ng	mga	0.344828
ibinigay	ng	isang	0.103448
ibinigay	ng	kanyang	0.103448
ibinigay	sa	kanya	0.242424
ibinigay	sa	mga	0.212121
ibon	at	mga	0.294118
ibon	lalo	na	1.000000
ikot	ng	mga	0.176471
ilagay	ang	mga	0.500000
ilagay	sa	isang	0.300000
ilang	anyo	ng	0.800000
ilang	araw	bago	0.163265
ilang	araw	pagkatapos	0.163265
ilang	araw	na	0.122449
ilang	araw	ang	0.102041
ilang	araw	ng	0.061224
ilang	araw	ay	0.061224
ilang	araw	at	0.061224
ilang	bahagi	ng	0.805556
ilang	bahagi	nito	0.083333
ilang	bilang	ng	0.812500
ilang	bilang	mga	0.187500
ilang	buwan	ng	0.178571
ilang	buwan	ang	0.142857
ilang	buwan	pagkatapos	0.107143
ilang	halimbawa	ng	0.800000
ilang	linggo	bago	0.250000
ilang	lokal	na	0.750000
ilang	mas	maliit	1.000000
ilang	mga	tao	0.032857
ilang	mga	bansa	0.028571
ilang	mga	taon	0.024286
ilang	mga	lugar	0.024286
ilang	mga	uri	0.021429
ilang	mga	araw	0.020000
ilang	mga	kaso	0.020000
ilang	mga	wika	0.014286
ilang	mga	katangian	0.011429
ilang	mga	sanggunian	0.011429
ilang	mga	linggo	0.011429
ilang	mga	bagay	0.011429
ilang	mga	bahagi	0.010000
ilang	mga	indibidwal	0.010000
ilang	mga	dekada	0.010000
ilang	mga	pagkakataon	0.010000
ilang	mga	iskolar	0.008571
ilang	mga	palabas	0.008571
ilang	mga	pagbabago	0.008571
ilang	mga	lokal	0.007143
ilang	mga	pagkakaiba	0.007143
ilang	mga	bagong	0.007143
ilang	mga	dalubhasa	0.007143
ilang	mga	kritiko	0.007143
ilang	mga	mas	0.007143
ilang	mga	mode	0.007143
ilang	mga	may	0.007143
ilang	mga	problema	0.007143
ilang	mga	paliparan	0.007143
ilang	mga	parangal	0.007143
ilang	minuto	pagkatapos	0.428571
ilang	oras	bago	0.392857
ilang	oras	sa	0.107143
ilang	oras	at	0.107143
ilang	sa	mga	0.900000
ilang	sandali	lamang	0.291667
ilang	sandali	bago	0.250000
ilang	sandali	pagkatapos	0.125000
ilang	serye	ng	0.750000
ilang	tao	ang	0.400000
ilang	taon	ay	0.190476
ilang	taon	pagkatapos	0.166667
ilang	taon	na	0.095238
ilang	taon	sa	0.095238
ilang	taon	at	0.071429
ilang	uri	ng	0.909091
ilarawan	ang	mga	0.458333
ilarawan	ang	isang	0.208333
ilegal	na	gawain	0.235294
ilegal	na	mga	0.235294
ilegal	na	kalakal	0.176471
ilegal	na	paraan	0.176471
ilibing	siya	sa	1.000000
iligtas	ang	mga	0.333333
iligtas	ang	isang	0.111111
iligtas	siya	sa	0.600000
imigrasyon	ng	mga	1.000000
iminungkahi	bilang	isang	1.000000
iminungkahi	na	ang	0.583333
iminungkahi	ng	mga	0.266667
iminungkahi	ng	isang	0.266667
iminungkahi	para	sa	1.000000
imperyo	kung	saan	1.000000
imperyo	mula	sa	1.000000
imperyo	ng	hapon	0.478261
imperyo	ng	mga	0.217391
imperyo	sa	kasaysayan	0.266667
impluwensya	mula	sa	1.000000
impluwensya	sa	mga	0.307692
impluwensya	sa	kanyang	0.230769
impormasyon	ay	ang	0.444444
impormasyon	mula	sa	1.000000
impormasyon	na	ito	0.214286
impormasyon	para	sa	1.000000
impormasyon	sa	mga	0.454545
impormasyon	tungkol	sa	0.976744
ina	at	ang	0.192308
ina	at	mga	0.134615
ina	at	kapatid	0.096154
ina	at	ama	0.096154
ina	at	anak	0.076923
ina	ay	ang	0.200000
ina	ay	isang	0.100000
ina	ay	may	0.100000
ina	na	hindi	0.181818
ina	ng	diyos	0.189189
ina	ng	mga	0.135135
ina	ng	hari	0.108108
ina	ng	kanyang	0.081081
ina	ng	isang	0.081081
ina	para	sa	1.000000
ina	sa	kanyang	0.176471
indibidwal	at	mga	0.307692
indibidwal	at	sa	0.230769
indibidwal	ay	maaaring	0.384615
indibidwal	mula	sa	1.000000
indibidwal	na	may	0.218391
indibidwal	na	mga	0.114943
indibidwal	na	ito	0.080460
indibidwal	na	nasa	0.068966
indibidwal	na	hindi	0.057471
indibidwal	na	wala	0.034483
indikasyon	na	ang	0.428571
industriya	na	disenyo	0.200000
industriya	ng	musika	0.125000
industriya	ng	pelikula	0.125000
industriya	ng	lungsod	0.078125
industriya	ng	telebisyon	0.062500
industriya	ng	tela	0.062500
industriya	ng	mga	0.062500
industriya	ng	asukal	0.046875
init	at	taglamig	0.375000
init	mula	sa	1.000000
init	na	may	0.300000
init	ng	mundo	0.272727
init	ng	katawan	0.090909
init	ng	ay	0.068182
init	ng	araw	0.068182
init	ng	ang	0.068182
input	mula	sa	1.000000
inspirasyon	mula	sa	1.000000
inspirasyon	ng	pelikula	0.187500
inspirasyon	ng	mga	0.187500
inspirasyon	para	sa	1.000000
institusyon	na	may	0.666667
institusyon	ng	mas	0.400000
institusyon	ng	mga	0.114286
institusyon	ng	edukasyon	0.085714
institusyon	para	sa	1.000000
interes	ng	mga	0.692308
interes	sa	mga	0.307692
interesado	sa	mga	0.500000
interesado	siya	sa	1.000000
internasyonal	na	mga	0.200000
internasyonal	na	tagumpay	0.042857
internasyonal	na	proyekto	0.042857
internasyonal	para	sa	1.000000
internet	para	sa	1.000000
interpretasyon	ng	mga	0.333333
inumin	sa	mga	0.750000
ipagpatuloy	ang	kanyang	0.476190
ipagtanggol	ang	sarili	0.214286
ipagtanggol	ang	mga	0.214286
ipahayag	ang	mga	0.272727
ipakita	ang	mga	0.179487
ipakita	ang	kanilang	0.153846
ipakita	ang	kanyang	0.128205
ipakita	na	ang	0.875000
ipinanganak	abril	ay	1.000000
ipinanganak	agosto	ay	0.923077
ipinanganak	ang	anak	0.400000
ipinanganak	at	lumaki	1.000000
ipinanganak	ay	isang	0.941176
ipinanganak	disyembre	ay	1.000000
ipinanganak	enero	ay	0.812500
ipinanganak	enero	mas	0.187500
ipinanganak	hulyo	ay	0.909091
ipinanganak	hunyo	ay	0.833333
ipinanganak	mula	sa	1.000000
ipinanganak	na	may	0.250000
ipinanganak	nobyembre	ay	0.812500
ipinanganak	oktubre	ay	0.900000
ipinanganak	pebrero	ay	0.846154
ipinanganak	sa	isang	0.346154
ipinanganak	sa	lungsod	0.115385
ipinanganak	siya	sa	0.769231
ipinanganak	siya	bilang	0.153846
isa	ang	mga	0.272727
isa	ang	kanilang	0.090909
isa	at	ang	0.200000
isa	at	sa	0.133333
isa	at	kalahating	0.100000
isa	ay	may	0.196721
isa	ay	maaaring	0.098361
isa	ay	ang	0.081967
isa	ay	isang	0.065574
isa	ay	hindi	0.065574
isa	ay	nasa	0.065574
isa	ay	sa	0.049180
isa	hanggang	dalawang	0.500000
isa	hanggang	sa	0.357143
isa	isa	ang	0.285714
isa	ito	sa	0.986842
isa	lamang	sa	0.285714
isa	mula	sa	1.000000
isa	na	ngayong	0.133333
isa	na	lamang	0.088889
isa	na	sa	0.088889
isa	na	dito	0.066667
isa	nang	bahagi	0.214286
isa	nang	ganap	0.214286
isa	ng	ang	0.419355
isa	ng	mga	0.161290
isa	o	dalawang	0.353659
isa	o	higit	0.341463
isa	o	ilang	0.073171
isa	o	sa	0.036585
isa	pa	ay	0.322581
isa	pa	sa	0.225806
isa	pa	ang	0.096774
isa	pa	lamang	0.096774
isa	pa	na	0.048387
isa	pa	para	0.048387
isa	pa	hindi	0.048387
isa	para	sa	1.000000
isa	sa	mga	0.761490
isa	sa	kanyang	0.037242
isa	sa	dalawang	0.024564
isa	sa	apat	0.017433
isa	sa	pinakamahusay	0.015055
isa	sa	pangunahing	0.013471
isa	sa	bawat	0.011886
isa	sa	kanilang	0.010301
isa	sa	pinakamataas	0.009509
isa	sa	ilang	0.007924
isa	sa	isang	0.007132
isa	sa	may	0.006339
isa	sa	anim	0.005547
isa	sa	na	0.004754
isa	sa	mahalagang	0.003170
isa	sa	tatlo	0.003170
isa	sa	siyam	0.002377
isa	sa	mas	0.002377
isa	sa	sa	0.002377
isa	siya	sa	1.000000
isagawa	ang	mga	0.222222
isang	abogado	sa	0.444444
isang	abogado	at	0.333333
isang	ahente	sa	0.428571
isang	ahente	ng	0.428571
isang	aklat	na	0.687500
isang	aklat	ng	0.125000
isang	aksidente	sa	0.526316
isang	aksidente	at	0.157895
isang	aktibista	sa	0.666667
isang	aktibista	ng	0.250000
isang	aktor	at	0.400000
isang	aktor	sa	0.200000
isang	aktor	modelo	0.200000
isang	alamat	na	0.428571
isang	album	na	0.513514
isang	album	ng	0.243243
isang	album	sa	0.162162
isang	aleman	na	0.800000
isang	alyansa	ng	0.500000
isang	anak	na	0.759259
isang	anak	ng	0.111111
isang	anghel	na	0.500000
isang	anim	na	1.000000
isang	antas	ng	0.555556
isang	anyo	ng	0.864865
isang	apat	na	0.583333
isang	araw	na	0.170455
isang	araw	bago	0.113636
isang	araw	sa	0.102273
isang	araw	ng	0.102273
isang	araw	ay	0.090909
isang	araw	pagkatapos	0.090909
isang	araw	lamang	0.056818
isang	araw	ang	0.045455
isang	araw	habang	0.034091
isang	artikulo	sa	0.375000
isang	artikulo	ng	0.250000
isang	artikulo	na	0.187500
isang	artipisyal	na	1.000000
isang	artista	sa	0.695473
isang	artista	at	0.152263
isang	artista	mula	0.053498
isang	artista	na	0.028807
isang	artista	ng	0.016461
isang	artista	modelo	0.016461
isang	artista	ang	0.012346
isang	atake	sa	0.600000
isang	ay	isang	0.978261
isang	babae	na	0.328947
isang	babae	at	0.131579
isang	babae	ay	0.118421
isang	babae	sa	0.105263
isang	babae	ang	0.092105
isang	babae	o	0.039474
isang	bagay	na	0.523077
isang	bagay	ay	0.123077
isang	bagay	sa	0.076923
isang	bagay	o	0.069231
isang	bagay	kung	0.030769
isang	bagay	ng	0.023077
isang	bago	at	1.000000
isang	bagong	album	0.062500
isang	bagong	simbahan	0.041667
isang	bagong	pangkat	0.041667
isang	bagong	gusali	0.027778
isang	bagong	paraan	0.027778
isang	bagong	hanay	0.020833
isang	bagong	linya	0.020833
isang	bagong	pamahalaan	0.020833
isang	bagong	banda	0.020833
isang	bagong	uri	0.020833
isang	bagyo	na	0.476190
isang	bagyo	sa	0.238095
isang	bahagi	ng	0.714286
isang	bahagi	sa	0.076923
isang	bahagi	ay	0.054945
isang	bahagi	nito	0.032967
isang	bahay	sa	0.315789
isang	bahay	na	0.210526
isang	bahay	ng	0.157895
isang	bahay	o	0.157895
isang	banal	na	0.785714
isang	banda	na	0.277778
isang	banda	sa	0.222222
isang	banda	ng	0.166667
isang	bangka	ang	0.500000
isang	bansa	na	0.250000
isang	bansa	ay	0.125000
isang	bansa	sa	0.125000
isang	bansa	o	0.125000
isang	bansa	at	0.093750
isang	base	ng	0.571429
isang	bata	na	0.391304
isang	bata	at	0.217391
isang	batang	babae	0.438356
isang	batang	lalaki	0.260274
isang	batang	aktor	0.041096
isang	batang	artista	0.041096
isang	batas	sa	0.272727
isang	batas	na	0.272727
isang	bayan	ng	0.222222
isang	bayan	sa	0.194444
isang	bayan	na	0.194444
isang	bayan	at	0.194444
isang	bayani	sa	0.500000
isang	bersyon	ng	0.789474
isang	biktima	ng	0.800000
isang	bilang	ng	0.776596
isang	bilang	na	0.095745
isang	bilang	sa	0.031915
isang	bilog	na	0.500000
isang	bituin	sa	0.384615
isang	bituin	na	0.230769
isang	bomba	ang	0.363636
isang	bomba	sa	0.272727
isang	buhay	na	0.720000
isang	bukas	na	0.764706
isang	bukas	at	0.176471
isang	bulag	na	0.800000
isang	bumalik	sa	1.000000
isang	bundok	na	0.333333
isang	burol	na	0.600000
isang	butas	sa	0.500000
isang	buwan	na	0.212121
isang	buwan	sa	0.151515
isang	buwan	ng	0.121212
isang	buwan	bago	0.121212
isang	buwan	pagkatapos	0.090909
isang	canadian	na	0.600000
isang	club	sa	0.500000
isang	daan	na	0.357143
isang	daan	at	0.285714
isang	dahilan	ng	0.500000
isang	dalawang	oras	0.300000
isang	dalawang	palapag	0.300000
isang	daloy	ng	1.000000
isang	dalubhasa	sa	0.750000
isang	depresyon	at	0.454545
isang	digital	na	0.800000
isang	dilaw	na	1.000000
isang	direktor	ng	0.666667
isang	disenyo	ng	1.000000
isang	distrito	na	0.300000
isang	distrito	ng	0.300000
isang	diyos	ng	0.416667
isang	diyos	na	0.250000
isang	diyos	o	0.250000
isang	doktor	ng	0.250000
isang	doktor	na	0.250000
isang	dokumentaryo	na	0.571429
isang	drama	sa	0.700000
isang	edisyon	ng	0.750000
isang	editor	ng	0.800000
isang	eksena	sa	0.416667
isang	elemento	sa	0.500000
isang	emosyonal	na	1.000000
isang	episode	ng	1.000000
isang	eroplano	ay	0.500000
isang	espesyal	na	0.942308
isang	espesyalista	sa	0.833333
isang	estado	ng	0.416667
isang	estado	ay	0.166667
isang	estado	na	0.125000
isang	estado	sa	0.125000
isang	gabay	sa	0.714286
isang	gabi	ng	0.200000
isang	gamot	na	0.500000
isang	ganap	na	0.950000
isang	gantimpala	para	0.750000
isang	gas	ay	0.428571
isang	gene	ay	0.333333
isang	guro	sa	0.470588
isang	guro	ng	0.205882
isang	guro	at	0.117647
isang	guro	na	0.088235
isang	gusali	na	0.266667
isang	gusali	o	0.200000
isang	gusali	sa	0.200000
isang	haba	ng	1.000000
isang	hadlang	sa	1.000000
isang	halimbawa	ng	0.613861
isang	halimbawa	nito	0.178218
isang	halimbawa	ay	0.079208
isang	halimbawa	ang	0.069307
isang	halo	ng	0.750000
isang	hanay	ng	0.782609
isang	hanay	na	0.086957
isang	hapon	na	0.750000
isang	hari	ng	0.300000
isang	hari	sa	0.300000
isang	hawakan	na	0.600000
isang	hayop	na	0.384615
isang	hayop	sa	0.230769
isang	higit	na	1.000000
isang	hindi	matagumpay	0.111111
isang	hindi	pagkakaunawaan	0.111111
isang	hindi	na	0.083333
isang	hindi	pa	0.083333
isang	hindi	tiyak	0.083333
isang	hindi	opisyal	0.083333
isang	hitsura	sa	0.750000
isang	host	ng	0.500000
isang	hotel	sa	1.000000
isang	hubad	na	1.000000
isang	hugis	na	1.000000
isang	hukom	sa	0.375000
isang	hula	na	0.750000
isang	ibinigay	na	0.900000
isang	ilog	sa	0.272727
isang	ilog	na	0.272727
isang	ina	at	0.312500
isang	ina	sa	0.250000
isang	ina	na	0.187500
isang	indibidwal	na	0.444444
isang	indibidwal	ay	0.277778
isang	indibidwal	sa	0.083333
isang	ingles	na	0.909091
isang	inisyatiba	ng	1.000000
isang	internasyonal	na	1.000000
isang	isla	na	0.428571
isang	istasyon	ng	0.878788
isang	istasyon	na	0.090909
isang	istilo	ng	0.750000
isang	itim	na	1.000000
isang	kabanata	ng	0.500000
isang	kabanata	sa	0.300000
isang	kabisera	ng	1.000000
isang	kabuuan	ng	0.666667
isang	kagamitan	sa	0.600000
isang	kaganapan	na	0.545455
isang	kaganapan	sa	0.272727
isang	kaharian	na	0.428571
isang	kahon	na	0.800000
isang	kahoy	na	1.000000
isang	kaibigan	ng	0.285714
isang	kaibigan	at	0.214286
isang	kakulangan	ng	0.700000
isang	kalye	sa	0.600000
isang	kamay	at	0.400000
isang	kampanya	sa	0.333333
isang	kandidato	sa	0.375000
isang	kandidato	na	0.375000
isang	kanta	na	0.304348
isang	kanta	ng	0.173913
isang	kanta	mula	0.130435
isang	kanta	sa	0.130435
isang	kapatid	na	0.846154
isang	kapitan	ng	0.800000
isang	karakter	na	0.333333
isang	karakter	mula	0.291667
isang	karakter	sa	0.166667
isang	karamihan	ng	0.750000
isang	karera	sa	0.666667
isang	kasanayan	na	0.428571
isang	kaso	ng	0.583333
isang	kasunduan	sa	0.473684
isang	kasunduan	na	0.157895
isang	kasunduan	ng	0.157895
isang	katangian	ng	0.583333
isang	katawan	ng	0.444444
isang	katawan	na	0.333333
isang	katayuan	ng	0.444444
isang	katayuan	na	0.333333
isang	katulad	na	0.964286
isang	katumbas	na	0.800000
isang	katutubo	ng	0.625000
isang	kemikal	na	0.600000
isang	kilala	nang	0.600000
isang	kilos	na	0.625000
isang	kinatawan	ng	0.818182
isang	klase	ng	0.695652
isang	koleksyon	ng	0.923077
isang	kolonya	ng	0.750000
isang	komersyal	na	0.833333
isang	komite	ng	0.571429
isang	konseho	ng	0.500000
isang	konsiyerto	sa	0.500000
isang	kontrata	sa	0.692308
isang	kopya	ng	0.727273
isang	krimen	na	0.500000
isang	krimen	laban	0.300000
isang	kriminal	na	0.800000
isang	kristiyano	at	0.600000
isang	kritiko	ng	0.666667
isang	krus	na	0.500000
isang	kultura	ng	0.333333
isang	kumbinasyon	ng	1.000000
isang	kumpanya	ng	0.428571
isang	kumpanya	na	0.428571
isang	kumpol	ng	1.000000
isang	kurso	ng	0.714286
isang	kutsarita	ng	1.000000
isang	kuwento	ng	0.454545
isang	labanan	sa	0.600000
isang	lagusan	na	0.600000
isang	lahi	ng	0.300000
isang	lalaki	na	0.377778
isang	lalaki	at	0.244444
isang	lalaki	o	0.111111
isang	lalaki	sa	0.066667
isang	lalaki	ang	0.066667
isang	lalawigan	ay	0.333333
isang	larawan	ng	0.388889
isang	laro	ng	0.333333
isang	laro	sa	0.185185
isang	laro	ay	0.148148
isang	lasing	na	1.000000
isang	legal	na	0.800000
isang	ligtas	na	1.000000
isang	lihim	na	0.900000
isang	likas	na	0.700000
isang	lindol	na	0.500000
isang	lindol	ang	0.357143
isang	linggo	sa	0.333333
isang	linggo	pagkatapos	0.185185
isang	linggo	bago	0.148148
isang	linya	ng	0.444444
isang	linya	na	0.222222
isang	lipunan	kung	0.375000
isang	listahan	ng	0.750000
isang	literal	na	1.000000
isang	lokal	na	1.000000
isang	lokasyon	sa	0.444444
isang	lokasyon	ng	0.333333
isang	lugar	na	0.284314
isang	lugar	ng	0.225490
isang	lugar	sa	0.186275
isang	lugar	kung	0.098039
isang	lugar	para	0.039216
isang	lugar	papunta	0.029412
isang	lugar	o	0.029412
isang	lungsod	na	0.292683
isang	lungsod	at	0.170732
isang	lungsod	sa	0.146341
isang	lungsod	ng	0.121951
isang	lungsod	o	0.121951
isang	lungsod	ang	0.073171
isang	lupain	ng	0.500000
isang	mabagal	na	0.750000
isang	mabait	na	0.800000
isang	mabigat	na	1.000000
isang	mabilis	na	0.923077
isang	madaling	paraan	1.000000
isang	madilim	na	0.888889
isang	mahaba	at	0.750000
isang	mahalagang	bahagi	0.176471
isang	mahalagang	papel	0.105882
isang	mahalagang	kasangkapan	0.047059
isang	mahalagang	bagay	0.035294
isang	mahalagang	pangyayari	0.035294
isang	mahigpit	na	1.000000
isang	mahirap	na	0.714286
isang	mahusay	na	0.894737
isang	mahusay	at	0.105263
isang	mainit	na	0.888889
isang	makapal	na	0.857143
isang	makitid	na	1.000000
isang	malakas	na	0.884615
isang	malakas	at	0.057692
isang	malaki	at	0.833333
isang	malalim	na	0.909091
isang	malambot	na	1.000000
isang	malapit	na	0.882353
isang	malawak	na	0.944444
isang	malawak	at	0.055556
isang	malaya	at	0.750000
isang	maliit	na	0.970930
isang	maliit	at	0.017442
isang	malinaw	na	0.909091
isang	malinis	na	0.800000
isang	maliwanag	na	1.000000
isang	malupit	na	0.600000
isang	mamamatay	tao	1.000000
isang	mananaliksik	sa	0.750000
isang	manggagawa	sa	0.500000
isang	manipis	na	0.750000
isang	manlalaro	ay	0.280000
isang	manlalaro	sa	0.160000
isang	manlalaro	ng	0.160000
isang	manlalaro	na	0.120000
isang	manunulat	ng	0.321429
isang	manunulat	na	0.142857
isang	manunulat	at	0.107143
isang	manunulat	sa	0.107143
isang	mapa	ng	0.666667
isang	mapagkukunan	ng	0.750000
isang	mapanganib	na	1.000000
isang	marahas	na	0.833333
isang	mas	mataas	0.169014
isang	mas	maliit	0.098592
isang	mas	malawak	0.098592
isang	mas	mahusay	0.070423
isang	mas	malakas	0.056338
isang	masikip	na	1.000000
isang	mataas	na	0.942308
isang	matagal	na	0.500000
isang	matagumpay	na	1.000000
isang	matanda	na	1.000000
isang	matapang	na	0.800000
isang	matarik	na	1.000000
isang	matatag	na	0.785714
isang	materyal	na	0.714286
isang	matibay	na	1.000000
isang	matigas	na	0.800000
isang	mayaman	na	0.800000
isang	medalya	sa	0.600000
isang	mensahe	sa	0.400000
isang	militar	na	0.625000
isang	ministro	ng	1.000000
isang	miyembro	ng	0.903226
isang	modelo	ng	0.300000
isang	modelo	sa	0.250000
isang	modelo	at	0.150000
isang	muling	paggawa	0.333333
isang	museo	na	0.400000
isang	museo	ng	0.400000
isang	musikal	na	0.800000
isang	musikero	at	0.300000
isang	na	pagtaas	0.142857
isang	nakamamatay	na	1.000000
isang	natural	na	1.000000
isang	nauugnay	na	1.000000
isang	nayon	sa	0.444444
isang	negosyante	na	0.500000
isang	negosyo	na	0.307692
isang	negosyo	ay	0.230769
isang	network	ng	0.692308
isang	nilalang	na	0.700000
isang	nominasyon	ng	0.500000
isang	nominasyon	para	0.400000
isang	normal	na	0.928571
isang	numero	ng	0.800000
isang	opisyal	na	0.543860
isang	opisyal	ng	0.333333
isang	oras	ang	0.190476
isang	oras	sa	0.142857
isang	organisasyon	na	0.307692
isang	orihinal	na	0.750000
isang	ospital	sa	0.400000
isang	ospital	at	0.300000
isang	paaralan	ng	0.607143
isang	paaralan	sa	0.142857
isang	pabrika	ng	0.714286
isang	pader	ng	0.600000
isang	pagawaan	ng	0.714286
isang	pagbabago	sa	0.722222
isang	pagbagay	sa	0.666667
isang	pagbagay	ng	0.333333
isang	pagbagsak	ng	0.666667
isang	pagdiriwang	ng	0.333333
isang	pagdiriwang	sa	0.200000
isang	pagdiriwang	na	0.200000
isang	pagkabigo	sa	0.714286
isang	pagkakaiba	sa	0.363636
isang	pagkakaiba	iba	0.363636
isang	pagkakataon	na	0.250000
isang	pagkawala	ng	1.000000
isang	paglabag	sa	0.857143
isang	paglalakbay	sa	0.666667
isang	paglalakbay	ng	0.166667
isang	paglalarawan	ng	0.785714
isang	pagpapakita	ng	0.750000
isang	pagpipinta	ng	1.000000
isang	pagpupulong	ng	0.333333
isang	pagpupulong	sa	0.200000
isang	pagpupulong	na	0.200000
isang	pagsubok	na	0.375000
isang	pagsubok	ng	0.375000
isang	pagsusuri	ng	0.666667
isang	pagtaas	ng	0.545455
isang	pagtaas	sa	0.272727
isang	pagtatanghal	ng	0.400000
isang	pagtatanghal	sa	0.300000
isang	pahayag	sa	0.500000
isang	pahayag	na	0.250000
isang	paksa	ng	0.454545
isang	palabas	sa	0.416667
isang	palabas	na	0.361111
isang	palabas	ng	0.138889
isang	palapag	na	0.600000
isang	paligsahan	ng	0.444444
isang	pamagat	na	0.400000
isang	pamagat	ng	0.300000
isang	pamamaraan	ng	0.416667
isang	pamamaraan	na	0.416667
isang	pamayanan	ng	0.357143
isang	pamilya	ng	0.583333
isang	pamilya	na	0.333333
isang	panahon	ng	0.360000
isang	panahon	sa	0.140000
isang	panahon	na	0.140000
isang	panahon	ang	0.060000
isang	pananaw	na	1.000000
isang	panayam	sa	0.642857
isang	panayam	ng	0.214286
isang	pangalan	ng	0.384615
isang	pangalan	na	0.384615
isang	pangit	na	0.750000
isang	pangkat	ng	0.695035
isang	pangkat	na	0.177305
isang	pangkat	sa	0.028369
isang	pangkat	ay	0.028369
isang	pangunahing	unibersidad	0.058824
isang	pangunahing	tauhan	0.044118
isang	pangunahing	pigura	0.044118
isang	pangwakas	na	1.000000
isang	pangyayari	na	0.307692
isang	panloob	na	0.750000
isang	pantay	na	1.000000
isang	papel	na	0.533333
isang	papel	sa	0.266667
isang	paraan	ng	0.596774
isang	paraan	para	0.096774
isang	paraan	na	0.080645
isang	paraan	kung	0.048387
isang	paraan	sa	0.048387
isang	paraan	o	0.048387
isang	parangal	na	0.444444
isang	pares	ng	0.920000
isang	pari	ng	0.300000
isang	parisukat	na	0.750000
isang	partikular	na	0.968750
isang	pasilidad	na	0.600000
isang	paso	ay	0.600000
isang	pasyente	sa	0.428571
isang	patag	na	0.928571
isang	patalastas	sa	0.444444
isang	patay	na	0.750000
isang	patuloy	na	1.000000
isang	payak	na	0.928571
isang	pelikula	na	0.375000
isang	pelikula	sa	0.300000
isang	personal	na	0.857143
isang	pintor	na	0.428571
isang	pintor	ng	0.357143
isang	pinuno	ng	0.600000
isang	pinuno	sa	0.200000
isang	piraso	ng	0.875000
isang	pisikal	na	0.900000
isang	plano	ng	0.363636
isang	plano	na	0.272727
isang	politiko	sa	0.826923
isang	politiko	ng	0.057692
isang	populasyon	na	0.444444
isang	populasyon	ay	0.166667
isang	pormal	na	0.900000
isang	posisyon	na	0.333333
isang	posisyon	ng	0.333333
isang	potensyal	na	1.000000
isang	praktikal	na	1.000000
isang	pranses	na	1.000000
isang	presyo	sa	0.750000
isang	prinsipe	ng	0.500000
isang	problema	sa	0.272727
isang	produkto	ng	0.227273
isang	produkto	sa	0.136364
isang	produkto	o	0.136364
isang	programa	sa	0.458333
isang	programa	ng	0.208333
isang	programa	na	0.208333
isang	propesor	ng	0.470588
isang	propesor	sa	0.294118
isang	propesyonal	na	0.714286
isang	proseso	na	0.407407
isang	proseso	ng	0.407407
isang	protesta	laban	0.600000
isang	proyekto	ng	0.300000
isang	proyekto	sa	0.300000
isang	proyekto	na	0.250000
isang	pulgada	na	1.000000
isang	pundamental	na	1.000000
isang	puno	ng	0.466667
isang	punto	ng	0.200000
isang	punto	sa	0.200000
isang	puwersa	ng	0.500000
isang	quarterback	para	0.600000
isang	radikal	na	1.000000
isang	random	na	0.750000
isang	regalo	sa	0.500000
isang	regular	na	0.882353
isang	rehiyon	sa	0.375000
isang	relasyon	sa	0.600000
isang	representasyon	ng	1.000000
isang	resolusyon	na	0.428571
isang	resulta	ng	0.500000
isang	resulta	ang	0.250000
isang	ritwal	na	0.750000
isang	sakit	na	0.411765
isang	sakit	sa	0.352941
isang	saklaw	ng	1.000000
isang	salaysay	na	0.750000
isang	salita	sa	0.238095
isang	salita	na	0.142857
isang	samahan	ng	0.500000
isang	sangay	ng	0.900000
isang	sanggol	na	0.444444
isang	sanggunian	sa	0.700000
isang	sangkap	na	0.500000
isang	santo	papa	0.250000
isang	sekswal	na	1.000000
isang	sentral	na	1.000000
isang	seremonya	ng	0.500000
isang	serye	ng	0.842697
isang	serye	sa	0.123596
isang	sikat	na	1.000000
isang	silid	sa	0.357143
isang	simbahan	sa	0.375000
isang	simbahan	ng	0.250000
isang	simbahan	na	0.166667
isang	simbolo	ng	0.642857
isang	simbolo	para	0.214286
isang	singsing	na	0.428571
isang	sining	na	0.500000
isang	sistema	ng	0.531915
isang	sistema	ay	0.148936
isang	sistema	na	0.085106
isang	sistema	kung	0.063830
isang	sistema	sa	0.063830
isang	siyam	na	1.000000
isang	siyentipiko	na	0.750000
isang	solo	album	0.363636
isang	solo	na	0.272727
isang	solusyon	sa	0.250000
isang	solusyon	na	0.250000
isang	string	ng	0.833333
isang	sukat	ng	0.571429
isang	sumunod	na	1.000000
isang	survey	sa	0.500000
isang	tagagawa	ng	0.800000
isang	tagahanga	ng	0.833333
isang	tagapagsalita	ng	0.428571
isang	tagapagtaguyod	ng	0.600000
isang	tagapagtatag	na	0.750000
isang	tagumpay	sa	0.363636
isang	tahimik	at	0.625000
isang	takip	ng	0.714286
isang	takip	sa	0.214286
isang	tala	ng	0.833333
isang	tampok	na	0.900000
isang	tanda	ng	0.800000
isang	tangke	ng	0.750000
isang	tanyag	na	0.852941
isang	tanyag	at	0.088235
isang	tao	na	0.227891
isang	tao	ay	0.217687
isang	tao	sa	0.112245
isang	tao	o	0.085034
isang	tao	ang	0.081633
isang	tao	ng	0.044218
isang	tao	at	0.044218
isang	tao	lamang	0.023810
isang	tao	kung	0.020408
isang	tao	mula	0.020408
isang	tao	partikular	0.013605
isang	tao	para	0.010204
isang	tao	ito	0.010204
isang	taon	at	0.140187
isang	taon	sa	0.112150
isang	taon	na	0.112150
isang	taon	ang	0.084112
isang	taon	bago	0.084112
isang	taon	pagkatapos	0.074766
isang	taon	ay	0.065421
isang	taon	ng	0.056075
isang	taon	mamaya	0.046729
isang	taon	kung	0.028037
isang	tatak	ng	0.454545
isang	tatlo	para	0.600000
isang	tauhan	sa	0.428571
isang	taunang	pagdiriwang	0.214286
isang	taunang	kaganapan	0.214286
isang	tawag	sa	1.000000
isang	tema	ng	1.000000
isang	templo	sa	0.555556
isang	teorya	na	0.500000
isang	termino	na	0.500000
isang	timpla	ng	1.000000
isang	tindahan	ng	0.636364
isang	tipikal	na	1.000000
isang	tiyak	na	1.000000
isang	tore	na	0.428571
isang	trabaho	sa	0.750000
isang	tradisyon	sa	0.500000
isang	tradisyonal	na	0.866667
isang	trak	ng	0.600000
isang	tren	sa	0.500000
isang	tropikal	na	1.000000
isang	tubo	na	0.500000
isang	tugon	sa	1.000000
isang	tula	na	0.625000
isang	tumpak	na	1.000000
isang	tunay	na	1.000000
isang	tunog	na	0.615385
isang	tunog	ng	0.230769
isang	tuwid	na	1.000000
isang	ugnayan	sa	0.714286
isang	ulam	o	0.750000
isang	ulat	ng	0.500000
isang	ulat	tungkol	0.250000
isang	unibersidad	sa	0.437500
isang	unibersidad	na	0.250000
isang	uri	ng	0.930233
isang	uri	o	0.013953
isang	uri	na	0.013953
isang	video	na	0.411765
isang	video	para	0.176471
isang	walang	hanggang	0.350000
isang	walang	laman	0.150000
isang	wika	na	0.250000
isang	wika	ng	0.208333
isang	wika	sa	0.125000
isang	yugto	ng	0.666667
isang	yunit	ng	0.750000
isla	ay	ang	0.250000
israel	ang	mga	0.375000
israel	at	sa	0.300000
israel	ay	nasa	0.272727
israel	hanggang	sa	1.000000
istasyon	ay	malapit	0.157895
istasyon	ay	ang	0.157895
istasyon	na	ito	0.333333
istasyon	ng	radyo	0.617647
istasyon	ng	telebisyon	0.058824
istasyon	ng	tren	0.049020
istasyon	ng	tv	0.039216
istasyon	ng	musika	0.029412
istasyon	ng	magulang	0.029412
istraktura	ng	utak	0.176471
istraktura	ng	mga	0.176471
isulong	ang	kanilang	0.375000
itaas	ang	mga	0.230769
itaas	ang	kamalayan	0.230769
itaas	na	bahagi	0.381818
itaas	na	kalahati	0.072727
itaas	na	panga	0.054545
itaas	ng	antas	0.184211
itaas	ng	mga	0.131579
itaas	ng	lupa	0.078947
itim	ang	kanilang	0.375000
itim	at	puti	0.538462
itim	na	kulay	0.076923
itim	na	pintura	0.061538
itim	na	butas	0.046154
itim	na	populasyon	0.046154
itim	na	mga	0.046154
itim	na	balat	0.046154
ituloy	ang	kanyang	0.250000
iwasan	ang	mga	0.375000
iyong	ama	na	1.000000
iyong	mga	nasa	0.136364
kaagad	ang	mga	0.600000
kaagad	pagkatapos	ng	1.000000
kaalaman	ang	mga	0.571429
kaalaman	at	mga	0.400000
kaalaman	ng	mga	0.363636
kaalaman	para	sa	1.000000
kaalaman	sa	mga	0.240000
kaalaman	tungkol	sa	0.928571
kabaligtaran	ang	mga	1.000000
kabaligtaran	nito	ang	0.428571
kabaligtaran	nito	ay	0.428571
kabanata	ng	serye	0.230769
kabayaran	para	sa	0.750000
kabayo	ang	mga	0.600000
kabayo	mula	sa	1.000000
kabayo	para	sa	0.750000
kabilang	ang	mga	0.396000
kabilang	ang	isang	0.116000
kabilang	ang	dalawang	0.024000
kabilang	ang	ilang	0.020000
kabilang	ang	na	0.020000
kabilang	ang	a	0.016000
kabilang	ang	iba	0.012000
kabilang	ang	karamihan	0.012000
kabilang	bahagi	ng	1.000000
kabilang	banda	ang	0.545455
kabilang	banda	ay	0.113636
kabilang	din	sa	0.500000
kabilang	din	dito	0.300000
kabilang	din	ang	0.166667
kabilang	dito	ang	0.928571
kabilang	gilid	ng	1.000000
kabilang	ito	sa	0.928571
kabilang	na	ang	0.780488
kabilang	na	dito	0.109756
kabilang	na	sa	0.036585
kabilang	sa	mga	0.674051
kabilang	sa	kanyang	0.072785
kabilang	sa	iba	0.025316
kabilang	sa	isang	0.018987
kabilang	sa	uri	0.009494
kabilang	sa	ilang	0.009494
kabilang	sila	sa	1.000000
kabilang	siya	sa	0.833333
kabisera	ay	ang	0.777778
kabisera	ng	lalawigan	0.184211
kabisera	ng	rehiyon	0.105263
kabisera	ng	estado	0.105263
kabisera	ng	bansa	0.092105
kabisera	ng	lungsod	0.065789
kabisera	ng	mga	0.065789
kabisera	ng	isang	0.052632
kabisera	nito	ay	0.750000
kaganapan	at	mga	0.272727
kaganapan	na	may	0.400000
kaganapan	na	ito	0.300000
kaganapan	para	sa	1.000000
kaganapan	sa	palakasan	0.102564
kaganapan	sa	bawat	0.076923
kaganapan	sa	kanyang	0.076923
kagandahan	at	pagiging	0.272727
kagandahan	na	ito	0.750000
kagustuhan	ng	mga	0.181818
kagustuhan	ng	diyos	0.136364
kagustuhan	ng	kanyang	0.136364
kahalagahan	ng	mga	0.368421
kahalagahan	nito	sa	0.375000
kahalagahan	sa	mga	0.375000
kaharian	at	sa	0.363636
kaharian	at	ang	0.272727
kaharian	ng	mga	0.266667
kaharian	ng	diyos	0.200000
kaharian	ng	israel	0.100000
kahawig	ng	isang	0.428571
kahawig	ng	mga	0.285714
kahel	ay	ang	1.000000
kahirapan	sa	paghinga	0.533333
kahulugan	ang	mga	0.368421
kahulugan	at	mga	0.214286
kahulugan	at	ang	0.214286
kahulugan	bilang	isang	0.357143
kahulugan	bilang	ang	0.214286
kahulugan	ito	ang	0.454545
kahulugan	ito	bilang	0.363636
kahulugan	ng	mga	0.200000
kahulugan	ng	isang	0.141176
kahulugan	ng	salita	0.094118
kahulugan	nito	ay	0.428571
kahulugan	nito	ang	0.285714
kahulugan	para	sa	1.000000
kahulugan	sa	mga	0.185185
kaibigan	ng	mga	0.250000
kaibigan	sa	pagkabata	0.333333
kailan	ang	mga	0.333333
kailangan	ang	mga	0.235294
kailangan	din	ang	0.375000
kailangan	ng	mga	0.208333
kailangan	ng	isang	0.125000
kailangan	para	sa	0.882353
kailanman	ay	hindi	1.000000
kaisipan	na	ang	0.500000
kaisipan	tungkol	sa	1.000000
kakaunti	lamang	ang	0.900000
kakulangan	ng	mga	0.240000
kakulangan	ng	pondo	0.100000
kakulangan	ng	isang	0.080000
kakulangan	sa	mga	0.093750
kalahati	hanggang	isang	1.000000
kalahati	lamang	ng	1.000000
kalahati	ng	mga	0.337838
kalahati	ng	isang	0.108108
kalahati	ng	populasyon	0.067568
kalahati	ng	lahat	0.054054
kalahating	kapatid	na	0.666667
kalakal	at	serbisyo	0.333333
kalakalan	at	industriya	0.250000
kalakalan	sa	pagitan	0.428571
kalakalan	sa	mga	0.214286
kalayaan	ang	mga	0.600000
kalayaan	mula	sa	1.000000
kalayaan	ng	mga	0.352941
kalayaan	para	sa	1.000000
kalayaan	sa	pananampalataya	0.176471
kalayaan	sa	mga	0.176471
kalidad	na	edukasyon	0.200000
kalidad	ng	mga	0.142857
kalidad	ng	hangin	0.122449
kalidad	ng	buhay	0.122449
kalidad	ng	produkto	0.061224
kalidad	ng	kanilang	0.061224
kalihim	ng	estado	0.243243
kalihim	ng	pananalapi	0.108108
kalikasan	ng	mga	0.230769
kalikasan	ng	tao	0.115385
kalooban	ng	diyos	0.555556
kalusugan	ng	mga	0.230769
kalusugan	ng	isang	0.153846
kalusugan	ng	katawan	0.115385
kalye	mula	sa	1.000000
kamakailan	lamang	na	0.295455
kamakailan	lamang	ay	0.227273
kamakailan	lamang	ang	0.181818
kamakailan	lamang	ito	0.068182
kamalayan	sa	sarili	0.272727
kambing	at	tupa	0.800000
kampanya	laban	sa	0.888889
kampanya	para	sa	1.000000
kampo	ng	mga	0.421053
kampo	ng	bilangguan	0.210526
kanilang	album	na	0.666667
kanilang	ama	ay	0.230769
kanilang	anak	na	0.695652
kanilang	bahay	at	0.333333
kanilang	bahay	nang	0.250000
kanilang	buhay	sa	0.416667
kanilang	gawain	sa	0.750000
kanilang	huling	album	0.238095
kanilang	huling	babala	0.190476
kanilang	ina	at	0.230769
kanilang	ina	nang	0.230769
kanilang	kaalaman	sa	0.750000
kanilang	kapangyarihan	sa	0.750000
kanilang	kapatid	na	0.750000
kanilang	karera	sa	0.428571
kanilang	karera	ang	0.428571
kanilang	katayuan	sa	1.000000
kanilang	kawalan	ng	1.000000
kanilang	kultura	at	0.500000
kanilang	laban	sa	0.800000
kanilang	likas	na	0.833333
kanilang	listahan	ng	0.750000
kanilang	lugar	at	0.375000
kanilang	madalas	na	1.000000
kanilang	maliit	na	1.000000
kanilang	mataas	na	0.800000
kanilang	matagumpay	na	0.750000
kanilang	mga	sarili	0.062402
kanilang	mga	anak	0.046802
kanilang	mga	gawain	0.031201
kanilang	mga	buhay	0.021841
kanilang	mga	ninuno	0.021841
kanilang	mga	katawan	0.020281
kanilang	mga	magulang	0.018721
kanilang	mga	pamilya	0.017161
kanilang	mga	pangalan	0.015601
kanilang	mga	sariling	0.015601
kanilang	mga	kamay	0.012480
kanilang	mga	paniniwala	0.010920
kanilang	mga	armas	0.009360
kanilang	mga	lugar	0.007800
kanilang	mga	kanta	0.007800
kanilang	mga	bansa	0.007800
kanilang	mga	diyos	0.007800
kanilang	mga	ina	0.007800
kanilang	mga	pananaw	0.007800
kanilang	mga	tagahanga	0.007800
kanilang	mga	bahay	0.007800
kanilang	mga	kasalanan	0.006240
kanilang	mga	katangian	0.006240
kanilang	mga	pangangailangan	0.006240
kanilang	mga	kaibigan	0.006240
kanilang	mga	asawa	0.006240
kanilang	mga	plano	0.006240
kanilang	mga	binti	0.004680
kanilang	mga	kasanayan	0.004680
kanilang	mga	orihinal	0.004680
kanilang	musika	ay	0.571429
kanilang	musika	sa	0.428571
kanilang	opisyal	na	1.000000
kanilang	orihinal	na	1.000000
kanilang	paggamit	ng	0.500000
kanilang	palabas	sa	0.750000
kanilang	pamilya	na	0.428571
kanilang	panahon	sa	0.750000
kanilang	pangalan	sa	0.357143
kanilang	paniniwala	sa	0.571429
kanilang	paraan	ng	1.000000
kanilang	personal	na	1.000000
kanilang	pinakamahusay	na	1.000000
kanilang	relasyon	ay	0.454545
kanilang	sarili	bilang	0.317073
kanilang	sarili	na	0.170732
kanilang	sarili	sa	0.146341
kanilang	sarili	at	0.097561
kanilang	sariling	mga	0.525424
kanilang	sekswal	na	1.000000
kanilang	susunod	na	1.000000
kanilang	tagumpay	sa	0.600000
kanino	siya	ay	1.000000
kanlungan	para	sa	1.000000
kanta	ay	hindi	0.122449
kanta	ay	ginamit	0.081633
kanta	ay	isang	0.081633
kanta	ay	isa	0.061224
kanta	kasama	ang	1.000000
kanta	mula	sa	0.956522
kanta	na	may	0.208333
kanta	na	ito	0.166667
kanta	ng	banda	0.227273
kanta	ng	mga	0.181818
kanta	ng	album	0.136364
kanta	para	sa	1.000000
kanta	sa	isang	0.166667
kanya	ang	mga	0.187500
kanya	ang	kanyang	0.125000
kanya	at	sa	0.192308
kanya	at	ang	0.153846
kanya	ay	hindi	0.384615
kanya	bilang	isang	0.450000
kanya	bilang	ang	0.200000
kanya	dahil	sa	0.600000
kanya	kung	saan	0.272727
kanya	na	ang	0.181818
kanya	na	siya	0.090909
kanya	ng	isang	0.179487
kanya	ng	mga	0.153846
kanya	ng	kanyang	0.076923
kanya	para	sa	0.600000
kanya	para	maging	0.300000
kanya	sa	kanyang	0.214286
kanya	sa	isang	0.071429
kanya	siya	ay	0.750000
kapakanan	ng	iba	0.130435
kapakanan	ng	mga	0.130435
kapaligiran	na	may	0.300000
kapaligiran	ng	mga	0.357143
kapalit	ng	kanyang	0.129032
kapalit	nito	ang	0.750000
kapalit	para	sa	1.000000
kapanganakan	at	kamatayan	0.428571
kapanganakan	sa	mga	0.444444
kapangyarihan	ang	mga	0.294118
kapangyarihan	ang	isang	0.176471
kapangyarihan	at	mga	0.125000
kapangyarihan	mula	sa	1.000000
kapangyarihan	ng	mga	0.125000
kapangyarihan	ng	isang	0.093750
kapangyarihan	ng	diyos	0.078125
kapangyarihan	ng	simbahan	0.046875
kapangyarihan	ng	estado	0.046875
kapangyarihan	nito	sa	0.500000
kapangyarihan	nito	ay	0.500000
kapangyarihan	sa	mga	0.205882
kapangyarihan	sa	rehiyon	0.088235
kapansanan	mula	sa	1.000000
kapasidad	ng	mga	0.214286
kapatid	na	babae	0.606481
kapatid	na	lalaki	0.310185
kapatid	ng	tatay	0.150000
kapatid	ng	dating	0.150000
kapatid	sa	ama	0.280000
kapatid	sa	ina	0.200000
karagatan	ng	mundo	0.428571
karahasan	laban	sa	1.000000
karakter	ang	mga	0.750000
karakter	at	kuwento	0.230769
karakter	mula	sa	1.000000
karakter	na	ito	0.190476
karakter	na	may	0.190476
karakter	para	sa	1.000000
karakter	sa	mga	0.269231
karakter	sa	serye	0.115385
karakter	sa	komiks	0.115385
karamihan	ay	mga	0.245614
karamihan	ay	hindi	0.070175
karamihan	ay	mula	0.052632
karamihan	ay	nasa	0.052632
karamihan	ay	may	0.052632
karamihan	dito	ay	1.000000
karamihan	mula	sa	1.000000
karamihan	ng	mga	0.738462
karamihan	ng	kanyang	0.036923
karamihan	ng	tao	0.033846
karamihan	ng	populasyon	0.024615
karamihan	ng	kanilang	0.018462
karamihan	ng	panahon	0.009231
karamihan	ng	lugar	0.009231
karamihan	nito	ay	0.555556
karamihan	sa	mga	0.876228
karamihan	sa	kanyang	0.027505
karamihan	sa	kanilang	0.011788
karamihan	sa	iba	0.009823
karamihan	sa	populasyon	0.007859
karanasan	bilang	isang	0.800000
karanasan	ng	mga	0.444444
karanasan	sa	buhay	0.217391
karanasan	sa	mga	0.130435
karangalan	para	sa	1.000000
karaniwan	ang	mga	0.459459
karaniwan	ang	isang	0.135135
karaniwan	ang	paggamit	0.081081
karaniwan	ay	ang	0.187500
karaniwan	din	sa	0.375000
karaniwan	ito	ay	0.600000
karaniwan	kaysa	sa	1.000000
karaniwan	na	sa	0.150000
karaniwan	na	ang	0.150000
karaniwan	para	sa	1.000000
karaniwan	sa	mga	0.600000
karaniwan	sa	lahat	0.066667
karera	bilang	isang	0.736842
karera	ng	mga	0.214286
karera	para	sa	0.750000
karera	sa	musika	0.260870
karera	sa	kolehiyo	0.065217
kasal	sa	isang	0.266667
kasal	sa	pagitan	0.266667
kasal	siya	sa	0.833333
kasalanan	ng	mga	0.352941
kasalukuyan	ang	mga	0.317073
kasalukuyan	ang	unibersidad	0.170732
kasalukuyan	at	ang	0.375000
kasalukuyan	ay	may	0.323529
kasalukuyan	ay	ang	0.088235
kasalukuyan	ay	walang	0.088235
kasalukuyan	binubuo	ng	1.000000
kasalukuyan	hindi	pa	0.600000
kasalukuyan	ito	ay	0.750000
kasalukuyan	karamihan	sa	1.000000
kasalukuyan	siya	ay	1.000000
kasalukuyang	anyo	nito	0.600000
kasalukuyang	binubuo	ng	1.000000
kasalukuyang	estado	ng	1.000000
kasalukuyang	gusali	ay	0.818182
kasalukuyang	isa	sa	1.000000
kasalukuyang	lokasyon	nito	1.000000
kasalukuyang	lugar	ng	1.000000
kasalukuyang	lungsod	ng	0.428571
kasalukuyang	miyembro	ng	1.000000
kasalukuyang	nabubuhay	na	0.750000
kasalukuyang	obispo	ay	0.600000
kasalukuyang	panahon	ang	0.190476
kasalukuyang	panahon	sa	0.142857
kasalukuyang	pangalan	nito	0.533333
kasalukuyang	pinuno	ng	0.750000
kasalukuyang	simbahan	ay	0.428571
kasangkapan	para	sa	1.000000
kasangkot	sa	mga	0.210526
kasangkot	sa	isang	0.157895
kasaysayan	ang	mga	0.307692
kasaysayan	at	mga	0.103448
kasaysayan	at	sa	0.103448
kasaysayan	bilang	isang	0.500000
kasaysayan	kung	saan	1.000000
kasaysayan	ng	mga	0.130952
kasaysayan	ng	tao	0.089286
kasaysayan	ng	mundo	0.035714
kasaysayan	ng	musika	0.035714
kasaysayan	ng	sining	0.035714
kasaysayan	ng	unibersidad	0.035714
kasaysayan	ng	islam	0.035714
kasaysayan	ng	paglalakbay	0.029762
kasaysayan	ng	sinaunang	0.023810
kasaysayan	ng	telebisyon	0.023810
kasaysayan	ng	lungsod	0.023810
kasaysayan	ng	isang	0.023810
kasaysayan	ng	pamilya	0.017857
kasaysayan	ng	liga	0.017857
kasaysayan	ng	kanyang	0.017857
kasaysayan	nito	ang	0.388889
kasikatan	ng	mga	0.500000
kaso	ang	mga	0.407407
kaso	ang	isang	0.111111
kaso	kung	saan	1.000000
kaso	laban	sa	1.000000
kaso	na	may	0.333333
kaso	na	walang	0.200000
kaso	ng	mga	0.403846
kaso	ng	isang	0.057692
kaso	ng	panggagahasa	0.057692
kaso	para	sa	1.000000
kaso	sa	mga	0.400000
katangian	ang	mga	0.363636
katangian	ay	ang	0.461538
katangian	na	hindi	0.200000
katangian	ng	mga	0.360656
katangian	ng	isang	0.139344
katangian	ng	pagiging	0.040984
katangian	ng	bagay	0.032787
katangian	ng	tao	0.032787
katangian	ng	dalawang	0.024590
katangian	ng	kanyang	0.024590
katangian	nito	ay	0.388889
katangian	nito	ang	0.388889
katanyagan	bilang	isang	1.000000
katapusan	ng	linggo	0.150943
katapusan	ng	abril	0.075472
katapusan	ng	season	0.075472
katapusan	ng	taon	0.056604
katapusan	ng	bawat	0.056604
katapusan	ng	digmaan	0.056604
katapusan	ng	kanyang	0.056604
katawan	ang	mga	0.222222
katawan	at	mga	0.151515
katawan	at	sa	0.151515
katawan	at	ang	0.121212
katawan	ay	hindi	0.142857
katawan	ay	isang	0.107143
katawan	ay	nasa	0.107143
katawan	ay	may	0.107143
katawan	gaya	ng	1.000000
katawan	katulad	ng	1.000000
katawan	na	may	0.208333
katawan	na	mas	0.125000
katawan	ng	tao	0.269231
katawan	ng	mga	0.161538
katawan	ng	isang	0.123077
katawan	ng	babae	0.030769
katawan	ng	trabaho	0.030769
katawan	ng	kanyang	0.023077
katawan	nito	sa	0.375000
katawan	sa	mga	0.200000
kategorya	ng	mga	0.523810
kategorya	ng	pinakamahusay	0.142857
katulad	din	ng	0.882353
katulad	ito	ng	0.666667
katulad	na	mga	0.177778
katulad	na	paraan	0.044444
katulad	na	lamang	0.044444
katulad	na	katulad	0.033333
katulad	ng	mga	0.332268
katulad	ng	sa	0.115016
katulad	ng	isang	0.067093
katulad	ng	iba	0.047923
katulad	ng	kanyang	0.022364
katulad	ng	lahat	0.012780
katulad	ng	karamihan	0.012780
katulad	ng	may	0.009585
katulad	ng	paggamit	0.009585
katulad	ng	dati	0.009585
katulad	nito	ang	0.428571
katulad	sa	mga	0.222222
katulad	sa	isang	0.166667
katulong	na	obispo	0.210526
katulong	na	kalihim	0.157895
katulong	sa	isang	0.230769
katumbas	din	ito	0.700000
katumbas	din	ng	0.300000
katumbas	ito	ng	1.000000
katumbas	ng	isang	0.156863
katumbas	ng	sero	0.078431
katumbas	ng	mga	0.058824
katumbas	nito	sa	0.500000
kaugalian	ng	mga	0.545455
kaugnay	ito	ng	0.666667
kaugnay	na	mga	0.428571
kaugnay	ng	mga	0.215686
kaugnay	ng	kanilang	0.058824
kaugnay	nito	ang	0.857143
kaugnay	sa	mga	0.137931
kaya	ang	mga	0.315789
kaya	ang	isang	0.115789
kaya	ang	pangalan	0.031579
kaya	ay	hindi	0.216216
kaya	ay	sa	0.108108
kaya	bilang	isang	0.750000
kaya	hindi	ito	0.181818
kaya	hindi	pa	0.136364
kaya	hindi	siya	0.136364
kaya	ito	ay	0.666667
kaya	ito	ang	0.333333
kaya	karamihan	sa	1.000000
kaya	mula	sa	0.833333
kaya	ng	mga	0.250000
kaya	sa	mga	0.166667
kaya	siya	ay	0.846154
kayamanan	mula	sa	1.000000
kayamanan	ng	mga	0.363636
kaysa	sa	mga	0.342723
kaysa	sa	isang	0.065728
kaysa	sa	iba	0.061033
kaysa	sa	anumang	0.032864
kaysa	sa	kanyang	0.023474
kaysa	sa	inaasahan	0.018779
kaysa	sa	kanilang	0.018779
kaysa	sa	orihinal	0.018779
kaysa	sa	na	0.014085
kemikal	at	pisikal	0.600000
keso	mula	sa	1.000000
kilala	ang	mga	0.254237
kilala	ang	lungsod	0.118644
kilala	ang	bayan	0.101695
kilala	ang	lugar	0.067797
kilala	bilang	ang	0.235294
kilala	bilang	mga	0.201681
kilala	bilang	isang	0.201681
kilala	bilang	isa	0.042017
kilala	dahil	sa	1.000000
kilala	dati	bilang	0.833333
kilala	din	bilang	0.285714
kilala	din	ang	0.238095
kilala	din	ito	0.190476
kilala	din	sa	0.142857
kilala	ito	bilang	0.511628
kilala	ito	sa	0.302326
kilala	mula	sa	1.000000
kilala	na	sa	0.230769
kilala	ngayon	bilang	0.714286
kilala	ngayon	ay	0.214286
kilala	para	sa	1.000000
kilala	sa	kanyang	0.234568
kilala	sa	tawag	0.228395
kilala	sa	mga	0.111111
kilala	sa	kanilang	0.074074
kilala	sa	ingles	0.067901
kilala	sa	pagiging	0.024691
kilala	sa	paggawa	0.018519
kilala	sa	iba	0.018519
kilala	sila	sa	0.600000
kilala	siya	sa	0.651515
kilala	siya	bilang	0.272727
kilos	at	mga	0.500000
kilos	laban	sa	1.000000
kilos	na	ito	0.300000
kilos	ng	mga	0.444444
kilos	ng	isang	0.166667
kinatawan	mula	sa	1.000000
kinatawan	ng	mga	0.256410
kinatawan	ng	bansa	0.128205
kinatawan	ng	isang	0.102564
kinatawan	para	sa	1.000000
kita	mula	sa	1.000000
kita	ng	mga	0.294118
kita	para	sa	1.000000
klase	ng	mga	0.366667
klase	ng	salita	0.050000
klase	para	sa	1.000000
klima	at	mga	0.272727
klima	ay	mainit	0.375000
klima	na	may	0.428571
klima	ng	mundo	0.230769
klima	ng	panahon	0.230769
koalisyon	ng	mga	0.666667
kolehiyo	at	unibersidad	0.142857
kolehiyo	at	paaralan	0.142857
kolehiyo	at	isang	0.142857
kolehiyo	at	mga	0.107143
kolehiyo	ay	may	0.428571
kolehiyo	ng	mga	0.289474
kolehiyo	ng	sining	0.105263
kolehiyo	ng	agham	0.078947
kolehiyo	para	sa	1.000000
koleksyon	ng	mga	0.631579
koleksyon	sa	isang	0.600000
kolonya	ng	mga	0.750000
komiks	mula	sa	1.000000
komiks	sa	lahat	0.777778
komisyon	at	ang	0.750000
komisyon	mula	sa	1.000000
komisyon	para	sa	1.000000
komisyon	sa	mga	0.266667
komposisyon	ng	mga	0.307692
kompyuter	at	ang	0.600000
komunikasyon	para	sa	1.000000
komunikasyon	sa	mga	0.333333
komunikasyon	sa	pagitan	0.250000
konklusyon	na	ang	0.857143
konseho	ng	mga	0.391304
konseho	ng	estado	0.086957
konseho	ng	lungsod	0.086957
konseho	ng	seguridad	0.065217
konseho	para	sa	1.000000
konsepto	na	ang	0.428571
konsepto	ng	mga	0.210526
konsepto	ng	isang	0.105263
konsepto	ng	pagiging	0.078947
konsepto	para	sa	1.000000
konserbasyon	ng	enerhiya	0.428571
kontribusyon	mula	sa	1.000000
kontribusyon	ng	mga	0.750000
kontrol	ng	mga	0.419355
kontrol	ng	isang	0.096774
kontrol	sa	mga	0.218750
kontrol	sa	kanilang	0.093750
kopya	ng	mga	0.217391
kopya	ng	gene	0.130435
krimen	laban	sa	1.000000
kristiyanismo	at	islam	0.333333
kristiyanismo	ay	isang	0.333333
kristiyano	ay	hindi	0.375000
kristiyano	na	may	0.285714
kristiyano	sa	mga	0.176471
krus	na	may	0.250000
kulang	kulang	na	0.428571
kulang	pa	sa	0.750000
kulay	abo	at	0.333333
kulay	abo	na	0.250000
kulay	ang	mga	0.285714
kulay	at	ang	0.210526
kulay	dilaw	na	0.538462
kulay	dilaw	ang	0.230769
kulay	itim	at	0.375000
kulay	kabilang	ang	1.000000
kulay	na	mga	0.157895
kulay	na	ito	0.078947
kulay	ng	balat	0.216667
kulay	ng	mga	0.133333
kulay	ng	ngipin	0.050000
kulay	ng	kanilang	0.050000
kulay	nito	ay	0.333333
kulay	pilak	na	1.000000
kulay	rosas	na	0.363636
kulay	rosas	ang	0.272727
kultura	at	mga	0.150943
kultura	at	sining	0.113208
kultura	at	relihiyon	0.075472
kultura	at	ekonomiya	0.056604
kultura	at	tradisyon	0.056604
kultura	ng	mga	0.242424
kultura	ng	pop	0.090909
kulungan	ng	mga	0.750000
kumakain	ang	mga	0.750000
kumakain	ng	mga	0.371429
kumakain	ng	halaman	0.114286
kumakain	ng	karne	0.114286
kumakain	sila	ng	0.800000
kumalat	ang	mga	0.333333
kumalat	ito	sa	0.833333
kumalat	mula	sa	1.000000
kumalat	sa	mga	0.352941
kumalat	sa	iba	0.176471
kumatawan	sa	mga	0.304348
kumbinasyon	ng	mga	0.705882
kumbinsihin	ang	mga	0.500000
kumilos	bilang	isang	0.833333
kumilos	siya	sa	0.750000
kumita	ng	milyon	0.375000
kumpanya	ay	nagpapatakbo	0.384615
kumpanya	ng	mga	0.137931
kumpanya	ng	langis	0.103448
kumpol	ng	mga	0.600000
kung	alin	ay	0.266667
kung	alin	ang	0.266667
kung	alin	sa	0.266667
kung	ang	isang	0.248366
kung	ang	mga	0.196078
kung	ang	ibig	0.032680
kung	ang	dalawang	0.029412
kung	ang	isa	0.022876
kung	ang	lahat	0.019608
kung	ang	pahayag	0.019608
kung	ang	a	0.013072
kung	ang	kanyang	0.013072
kung	ang	enerhiya	0.009804
kung	ang	bilang	0.009804
kung	ano	ang	0.831633
kung	ano	talaga	0.035714
kung	ano	ay	0.020408
kung	ano	na	0.020408
kung	ano	pa	0.015306
kung	anuman	ang	0.714286
kung	bakit	ang	0.323529
kung	bakit	siya	0.191176
kung	bakit	hindi	0.102941
kung	bakit	ito	0.044118
kung	hindi	siya	0.137931
kung	hindi	ito	0.103448
kung	hindi	sila	0.086207
kung	hindi	sa	0.051724
kung	hindi	ay	0.051724
kung	hindi	dahil	0.051724
kung	ikaw	ay	0.800000
kung	ito	ay	0.934426
kung	ito	ang	0.065574
kung	kailan	ang	0.300000
kung	kailan	ito	0.100000
kung	kailan	siya	0.075000
kung	kailan	dapat	0.075000
kung	kanino	siya	0.625000
kung	kaya	ito	0.346154
kung	kaya	ang	0.230769
kung	lalaki	o	0.600000
kung	magkano	ang	0.750000
kung	mas	mataas	0.214286
kung	may	mga	0.081081
kung	minsan	ay	0.494118
kung	minsan	ang	0.270588
kung	minsan	ng	0.035294
kung	minsan	bilang	0.035294
kung	paano	ito	0.230000
kung	paano	ang	0.150000
kung	paano	sila	0.080000
kung	paano	siya	0.070000
kung	saan	ang	0.368596
kung	saan	siya	0.144378
kung	saan	ay	0.133733
kung	saan	ito	0.051896
kung	saan	sila	0.037924
kung	saan	may	0.023952
kung	saan	maaaring	0.013307
kung	saan	hindi	0.011311
kung	saan	sa	0.007984
kung	saan	nagmula	0.006653
kung	saan	gumanap	0.006653
kung	saan	walang	0.005323
kung	saan	nasa	0.005323
kung	saan	ginamit	0.005323
kung	saan	kasama	0.004657
kung	saan	maaari	0.004657
kung	saan	mayroon	0.004657
kung	saan	kanyang	0.004657
kung	saan	lahat	0.003992
kung	saan	laganap	0.003992
kung	saan	na	0.003992
kung	saan	marami	0.003327
kung	saan	dapat	0.003327
kung	saan	nagtatrabaho	0.003327
kung	saan	una	0.002661
kung	saan	nakasulat	0.002661
kung	saan	halos	0.002661
kung	saan	ipinanganak	0.002661
kung	saan	pagkatapos	0.002661
kung	saan	natagpuan	0.002661
kung	sila	ay	0.800000
kung	sino	ang	0.689655
kung	sino	talaga	0.068966
kung	sino	sa	0.057471
kung	sino	siya	0.057471
kung	sino	at	0.045977
kung	sinuman	ang	1.000000
kung	siya	ay	0.913043
kung	tayo	ay	1.000000
kung	wala	ito	0.375000
kung	wala	ang	0.250000
kurso	na	may	0.750000
kuwento	ang	mga	0.625000
kuwento	ay	maaaring	0.285714
kuwento	na	hindi	0.272727
kuwento	na	may	0.272727
kuwento	ng	mga	0.200000
kuwento	ng	isang	0.150000
kuwento	ng	buhay	0.075000
kuwento	sa	mga	0.214286
kuwento	tungkol	sa	1.000000
kwarto	para	sa	1.000000
kwento	ng	isang	0.307692
kwento	ng	mga	0.230769
laban	mula	sa	1.000000
laban	para	sa	1.000000
laban	sa	mga	0.469101
laban	sa	isang	0.039326
laban	sa	kanyang	0.025281
laban	sa	iba	0.022472
laban	sa	kanya	0.022472
laban	sa	isa	0.016854
laban	sa	pamahalaan	0.014045
laban	sa	pagitan	0.011236
laban	sa	hindi	0.008427
laban	sa	na	0.008427
laban	sa	kanilang	0.008427
laban	sa	masama	0.008427
laban	sa	sangkatauhan	0.008427
laban	sa	diskriminasyon	0.008427
labanan	ang	mga	0.424242
labanan	dahil	sa	0.750000
labanan	na	may	0.571429
labanan	na	ito	0.428571
labanan	ng	mga	0.615385
labanan	para	sa	1.000000
labanan	sa	pagitan	0.361111
labanan	sa	dagat	0.111111
labanan	sa	tulay	0.111111
labanan	sa	kasaysayan	0.083333
labi	ng	mga	0.218750
labi	ng	isang	0.156250
labi	ng	sinaunang	0.093750
laganap	ang	mga	0.250000
lagnat	na	may	0.666667
lahi	ng	mga	0.480000
lahi	ng	tao	0.160000
lakas	militar	ng	0.600000
lakas	ng	mga	0.175439
lakas	ng	tunog	0.105263
lakas	ng	tao	0.070175
lakas	ng	bayan	0.052632
lakas	ng	isang	0.052632
lakas	ng	hangin	0.052632
lakas	nito	sa	0.571429
laki	mula	sa	1.000000
laki	ng	mga	0.255319
laki	ng	populasyon	0.106383
laki	ng	isang	0.063830
laki	ng	katawan	0.063830
laki	nito	ay	0.428571
lalagyan	ng	tubig	0.250000
lalim	na	metro	0.615385
lalo	ang	mga	0.800000
lalo	dahil	sa	1.000000
lalo	na	sa	0.532738
lalo	na	ang	0.267857
lalo	na	kung	0.044643
lalo	na	ng	0.044643
lalo	na	para	0.026786
lalo	na	mga	0.011905
lalo	na	tungkol	0.008929
lalong	lalo	na	1.000000
lalong	madaling	panahon	0.966667
laman	nito	ang	0.500000
lamang	ang	mga	0.263736
lamang	ang	maaaring	0.047619
lamang	ang	kanilang	0.032967
lamang	ang	may	0.029304
lamang	ang	kanyang	0.029304
lamang	ang	natitira	0.021978
lamang	ang	isang	0.021978
lamang	ang	dalawang	0.018315
lamang	ang	dami	0.010989
lamang	ang	nararapat	0.010989
lamang	ang	hindi	0.010989
lamang	ang	alam	0.010989
lamang	ang	nasa	0.010989
lamang	apat	na	0.750000
lamang	at	ang	0.219512
lamang	at	hindi	0.170732
lamang	at	walang	0.097561
lamang	at	mula	0.073171
lamang	ay	ang	0.280000
lamang	ay	isang	0.120000
lamang	bilang	isang	0.363636
lamang	dahil	sa	0.583333
lamang	dahil	ang	0.250000
lamang	dito	sa	0.571429
lamang	gamit	ang	0.800000
lamang	ito	sa	0.290909
lamang	ito	ng	0.272727
lamang	ito	ay	0.054545
lamang	ito	para	0.054545
lamang	ito	nang	0.054545
lamang	kung	ang	0.296296
lamang	kung	may	0.148148
lamang	kung	ito	0.148148
lamang	mula	sa	0.823529
lamang	na	may	0.123288
lamang	na	mga	0.082192
lamang	na	walang	0.068493
lamang	na	sa	0.054795
lamang	na	ang	0.054795
lamang	na	nasa	0.041096
lamang	nang	ang	0.500000
lamang	ng	mga	0.235507
lamang	ng	isang	0.184783
lamang	ng	dalawang	0.036232
lamang	ng	kanyang	0.028986
lamang	ng	taon	0.025362
lamang	ng	ilang	0.014493
lamang	ng	lupain	0.014493
lamang	ng	ng	0.014493
lamang	ng	isa	0.010870
lamang	ng	tao	0.010870
lamang	ng	na	0.010870
lamang	ng	kanilang	0.010870
lamang	ng	kalahati	0.010870
lamang	ngunit	sa	0.571429
lamang	nito	ang	0.714286
lamang	pagkatapos	ng	0.600000
lamang	para	sa	0.920000
lamang	sa	mga	0.428058
lamang	sa	isang	0.053957
lamang	sa	kanilang	0.028777
lamang	sa	kanyang	0.021583
lamang	sa	dalawang	0.017986
lamang	sa	ilang	0.017986
lamang	sa	kanya	0.017986
lamang	sa	ng	0.014388
lamang	sa	huling	0.014388
lamang	sa	pangalan	0.010791
lamang	sa	panahon	0.010791
lamang	sa	isa	0.010791
lamang	sa	pagitan	0.010791
lamang	sa	pagiging	0.010791
lamang	sila	ng	0.357143
lamang	sila	sa	0.285714
lamang	siya	sa	0.285714
lamang	siya	ay	0.238095
lamang	siya	ng	0.214286
lamang	siya	nang	0.071429
lambak	ng	ilog	0.846154
landas	na	ito	0.636364
langis	at	gas	0.285714
langis	para	sa	1.000000
larawan	at	mga	0.272727
larawan	mula	sa	1.000000
larawan	ng	isang	0.313433
larawan	ng	mga	0.283582
larawan	para	sa	1.000000
laro	ang	mga	0.500000
laro	ang	na	0.214286
laro	at	ang	0.448276
laro	ay	isang	0.098039
laro	ay	hindi	0.098039
laro	ay	may	0.078431
laro	ay	maaaring	0.058824
laro	ay	sumusunod	0.058824
laro	gamit	ang	1.000000
laro	kasama	ang	0.600000
laro	kung	saan	0.857143
laro	laban	sa	1.000000
laro	mula	sa	0.750000
laro	na	may	0.290323
laro	na	ito	0.096774
laro	ng	video	0.175000
laro	ng	mga	0.125000
laro	ng	isang	0.075000
laro	ng	may	0.075000
laro	para	sa	1.000000
laro	sa	mga	0.140000
laro	sa	serye	0.140000
laro	sa	lahat	0.060000
latin	na	may	0.363636
latin	para	sa	1.000000
lawak	na	at	0.333333
lawak	na	ektarya	0.208333
lawak	ng	lupa	0.115385
lawak	ng	pinsala	0.115385
lawak	ng	mga	0.115385
lawak	nito	ay	0.571429
layunin	ay	ang	0.230769
layunin	ng	mga	0.220779
layunin	ng	laro	0.077922
layunin	ng	isang	0.051948
layunin	nito	ay	0.750000
layunin	para	sa	1.000000
leeg	at	mga	0.250000
leeg	na	may	0.750000
legal	na	batayan	0.105263
liberal	na	sining	0.357143
libo	libo	ang	0.500000
libre	sa	mga	0.571429
liga	ng	mga	0.666667
ligaw	na	hayop	0.187500
ligtas	ang	mga	0.600000
ligtas	na	daan	0.176471
lihim	na	samahan	0.121212
lihim	na	kasunduan	0.121212
likas	na	katangian	0.123894
likas	na	mga	0.106195
likas	na	agham	0.061947
likas	na	bilang	0.035398
likas	na	kasaysayan	0.035398
likas	na	tirahan	0.035398
likas	na	kapaligiran	0.026549
likas	na	pagkatao	0.026549
lima	o	anim	0.500000
lima	sa	mga	1.000000
limitado	lamang	sa	0.555556
limitado	lamang	ang	0.277778
limitado	sa	mga	0.333333
link	sa	website	0.214286
linya	ang	mga	0.333333
linya	at	ang	0.375000
linya	ay	may	0.235294
linya	mula	sa	1.000000
linya	na	may	0.368421
linya	ng	mga	0.157303
linya	ng	amerikano	0.067416
linya	ng	tren	0.056180
linya	ng	kahirapan	0.044944
linya	ng	riles	0.033708
linya	ng	fashion	0.033708
linya	sa	bawat	0.181818
listahan	ng	mga	0.757576
listahan	ng	pinakamahusay	0.045455
listahan	nito	ng	0.857143
listahan	para	sa	1.000000
literal	na	kahulugan	0.214286
literal	na	mga	0.119048
literal	na	may	0.095238
lokal	na	pamahalaan	0.140288
lokal	na	mga	0.050360
lokal	na	awtoridad	0.035971
lokal	na	tren	0.032374
lokal	na	serbisyo	0.025180
lokal	na	wika	0.021583
lokal	na	transmisyon	0.017986
lokal	na	mamamayan	0.017986
lokal	na	opisyal	0.017986
lokal	na	residente	0.017986
lokal	na	pera	0.014388
lokal	na	populasyon	0.014388
lokal	na	pinuno	0.014388
lokal	na	industriya	0.014388
lokal	na	obispo	0.010791
lokal	na	kilala	0.010791
lokal	na	pahayagan	0.010791
lokal	na	ekonomiya	0.010791
lokal	na	bayani	0.010791
lokal	na	bersyon	0.010791
lokal	na	simbahan	0.010791
lokasyon	na	ito	0.500000
lokasyon	ng	mga	0.235294
lokasyon	ng	isang	0.088235
lokasyon	nito	sa	0.500000
lokasyon	para	sa	1.000000
lolo	at	lola	1.000000
lolo	sa	tuhod	0.500000
lugar	ang	mga	0.210526
lugar	ang	isang	0.157895
lugar	at	ang	0.173913
lugar	ay	may	0.142857
lugar	ay	ang	0.142857
lugar	dahil	sa	1.000000
lugar	gaya	ng	0.750000
lugar	hanggang	sa	1.000000
lugar	ito	ay	1.000000
lugar	kabilang	ang	1.000000
lugar	kung	saan	0.987654
lugar	lalo	na	0.800000
lugar	mula	sa	0.500000
lugar	na	ito	0.387435
lugar	na	may	0.109948
lugar	na	kung	0.041885
lugar	na	hindi	0.036649
lugar	na	tinatawag	0.036649
lugar	na	walang	0.026178
lugar	na	maaaring	0.020942
lugar	na	mas	0.015707
lugar	na	kilala	0.015707
lugar	na	ngayon	0.015707
lugar	ng	mga	0.169118
lugar	ng	isang	0.044118
lugar	ng	trabaho	0.036765
lugar	ng	kasalukuyang	0.036765
lugar	ng	lungsod	0.036765
lugar	ng	kanyang	0.036765
lugar	ng	kapanganakan	0.036765
lugar	ng	pagpupulong	0.029412
lugar	ng	pangangaso	0.022059
lugar	ng	pagkasira	0.022059
lugar	ng	sinaunang	0.022059
lugar	ng	pagsabog	0.022059
lugar	papunta	sa	1.000000
lugar	para	sa	0.941176
lugar	sa	mundo	0.158537
lugar	sa	mga	0.097561
lugar	sa	bansa	0.060976
lugar	sa	timog	0.048780
lugar	sa	isang	0.048780
lugar	sa	kanluran	0.036585
lugar	sa	panahon	0.036585
lugar	sa	lungsod	0.036585
lugar	sa	pagitan	0.036585
lugar	sa	lalawigan	0.036585
luma	at	bagong	0.714286
lumahok	din	siya	0.571429
lumahok	sa	mga	0.250000
lumahok	sa	isang	0.187500
lumahok	sa	miss	0.093750
lumahok	siya	sa	0.750000
lumaki	ang	populasyon	0.192308
lumaki	sa	isang	0.384615
lumaki	siya	sa	0.818182
lumalaban	sila	sa	1.000000
lumalaki	ang	mga	0.307692
lumalaki	sa	isang	0.500000
lumikha	ng	isang	0.357143
lumikha	ng	mga	0.293651
lumikha	ng	mas	0.031746
lumikha	ng	kanilang	0.023810
lumikha	ng	iba	0.023810
lumikha	ng	sariling	0.023810
lumikha	siya	ng	1.000000
lumipad	sa	mga	0.250000
lungsod	ang	mga	0.293103
lungsod	ang	ilog	0.086207
lungsod	ang	isang	0.086207
lungsod	ang	estado	0.068966
lungsod	at	ang	0.227273
lungsod	at	bayan	0.196970
lungsod	at	mga	0.136364
lungsod	ay	may	0.225490
lungsod	ay	ang	0.196078
lungsod	ay	nasa	0.088235
lungsod	ay	kilala	0.068627
lungsod	ay	isang	0.058824
lungsod	ay	mga	0.049020
lungsod	ay	dating	0.029412
lungsod	ay	sa	0.029412
lungsod	ayon	sa	1.000000
lungsod	bayan	at	0.833333
lungsod	bilang	isang	0.375000
lungsod	dahil	sa	0.800000
lungsod	hanggang	sa	0.750000
lungsod	kung	saan	0.727273
lungsod	malapit	sa	1.000000
lungsod	mula	sa	0.823529
lungsod	na	may	0.297872
lungsod	na	ito	0.191489
lungsod	na	hindi	0.053191
lungsod	na	tinatawag	0.031915
lungsod	na	pamahalaan	0.031915
lungsod	ng	bagong	0.348837
lungsod	ng	bansa	0.077519
lungsod	ng	mga	0.069767
lungsod	ng	isang	0.062016
lungsod	ng	lalawigan	0.031008
lungsod	ng	paliparan	0.031008
lungsod	ng	banal	0.023256
lungsod	o	bayan	0.454545
lungsod	pagkatapos	ng	1.000000
lungsod	papunta	sa	1.000000
lungsod	para	sa	0.909091
lungsod	sa	bansa	0.130000
lungsod	sa	mga	0.120000
lungsod	sa	estado	0.090000
lungsod	sa	mundo	0.080000
lungsod	sa	lalawigan	0.040000
lungsod	sa	hilagang	0.040000
lungsod	sa	rehiyon	0.030000
lungsod	sa	isang	0.030000
lungsod	sa	regular	0.030000
lupa	ang	mga	0.285714
lupa	at	mga	0.146341
lupa	at	ang	0.121951
lupa	at	may	0.097561
lupa	at	sa	0.073171
lupa	ay	hindi	0.150000
lupa	dahil	sa	1.000000
lupa	kung	saan	0.666667
lupa	mula	sa	1.000000
lupa	na	may	0.315789
lupa	ng	mga	0.200000
lupa	ng	malaya	0.100000
lupa	para	sa	0.857143
lutasin	ang	mga	0.555556
lyrics	ng	kanta	0.800000
maaaring	ang	mga	0.357143
maaaring	bawasan	ang	1.000000
maaaring	bigyan	ng	0.800000
maaaring	binubuo	ng	1.000000
maaaring	bumuo	ng	0.800000
maaaring	dahil	sa	1.000000
maaaring	gamitin	sa	0.323529
maaaring	gamitin	ang	0.235294
maaaring	gamitin	ng	0.102941
maaaring	gamitin	para	0.088235
maaaring	gamitin	bilang	0.044118
maaaring	gawin	sa	0.333333
maaaring	gawin	ng	0.250000
maaaring	gawin	ang	0.125000
maaaring	gumawa	ng	0.666667
maaaring	hatiin	sa	0.777778
maaaring	hindi	na	0.121212
maaaring	hindi	ito	0.121212
maaaring	ibigay	sa	0.538462
maaaring	idagdag	ang	1.000000
maaaring	ilarawan	sa	0.333333
maaaring	ilarawan	ng	0.250000
maaaring	ipakita	ng	0.444444
maaaring	isagawa	ng	0.375000
maaaring	isalin	bilang	0.600000
maaaring	ito	ay	0.769231
maaaring	iugnay	sa	0.750000
maaaring	kabilang	dito	0.600000
maaaring	lumikha	ng	0.857143
maaaring	lumitaw	sa	0.363636
maaaring	magbigay	ng	0.800000
maaaring	magbigkis	ng	0.750000
maaaring	maging	isang	0.137931
maaaring	maging	anumang	0.034483
maaaring	maging	bahagi	0.034483
maaaring	maging	mas	0.034483
maaaring	maging	masakit	0.034483
maaaring	maging	mga	0.034483
maaaring	magpakasal	ang	0.600000
maaaring	makilala	ang	0.500000
maaaring	makuha	sa	0.437500
maaaring	makuha	ng	0.187500
maaaring	makuha	mula	0.187500
maaaring	mangyari	sa	0.418605
maaaring	mangyari	ang	0.162791
maaaring	mangyari	na	0.069767
maaaring	may	mga	0.176471
maaaring	mula	sa	0.888889
maaaring	nagmula	sa	0.875000
maaaring	nasa	anyo	0.428571
maaaring	pumili	ang	0.375000
maaaring	sabihin	na	0.428571
maaaring	saklaw	mula	0.666667
maaaring	sumailalim	sa	1.000000
maaaring	suriin	ng	0.500000
maaaring	tumakbo	sa	1.000000
maaaring	umiral	ang	0.600000
maaaring	uriin	bilang	0.800000
maaaring	walang	mga	0.375000
maabot	ang	mga	0.290323
maabot	ang	numero	0.096774
maaga	kaysa	sa	1.000000
mababa	ang	mga	0.173913
mababa	at	mataas	0.272727
mababa	kaysa	sa	1.000000
mababa	sa	ng	0.156863
mababa	sa	mga	0.137255
mababa	sa	metro	0.078431
mababa	sa	ang	0.058824
mababaw	na	mga	0.266667
mabagal	ang	mga	0.750000
mabilis	at	mas	0.300000
mabilis	kaysa	sa	1.000000
mabilis	na	paglago	0.095890
mabilis	na	pagtaas	0.068493
mabilis	na	pagbabago	0.068493
mabilis	na	kumalat	0.068493
mabilis	na	mga	0.041096
mabilis	na	paraan	0.041096
mabilis	na	tren	0.041096
mabuhay	sa	isang	0.272727
mabuti	ang	mga	0.352941
mabuti	at	masama	0.550000
mabuti	para	sa	1.000000
madalas	ay	ang	0.230769
madalas	gamitin	sa	0.454545
madalas	gamitin	ang	0.272727
madalas	na	may	0.148760
madalas	na	hindi	0.066116
madalas	na	tinatawag	0.057851
madalas	na	ang	0.049587
madalas	na	mga	0.041322
madalas	na	mas	0.033058
madalas	na	walang	0.024793
madalas	na	gumagamit	0.024793
madalas	na	isang	0.024793
madalas	na	kilala	0.024793
madalas	para	sa	1.000000
madalas	sa	mga	0.416667
madaling	araw	ng	0.315789
madaling	kapitan	ng	0.615385
madaling	kapitan	sa	0.307692
madaling	panahon	pagkatapos	0.250000
madaling	panahon	ay	0.208333
madaling	panahon	sa	0.125000
madaling	panahon	ang	0.125000
madaling	salita	ang	0.461538
madilim	na	bahagi	0.133333
madilim	na	panahon	0.100000
madilim	na	lugar	0.100000
madilim	na	kulay	0.100000
madla	na	ang	0.428571
magazine	bilang	isa	1.000000
magbenta	ng	mga	0.500000
magbigay	daan	sa	0.888889
magbigay	ng	mga	0.173333
magbigay	ng	isang	0.146667
magbigay	ng	mas	0.040000
magbitiw	sa	tungkulin	0.714286
maghanda	ng	mga	0.428571
maghanda	para	sa	1.000000
maging	aktibo	ang	1.000000
maging	ang	mga	0.303030
maging	ang	kanyang	0.121212
maging	ang	kanilang	0.090909
maging	bahagi	ng	0.923077
maging	ganap	na	0.750000
maging	higit	na	1.000000
maging	isa	sa	0.882353
maging	isang	ganap	0.108696
maging	isang	artista	0.054348
maging	isang	arkitekto	0.043478
maging	isang	bagyo	0.043478
maging	isang	tao	0.043478
maging	isang	guro	0.032609
maging	ito	ay	1.000000
maging	katulad	ng	1.000000
maging	kinatawan	ng	0.750000
maging	matagumpay	ang	0.500000
maging	mga	boluntaryo	0.250000
maging	ng	mga	0.444444
maging	para	sa	1.000000
maging	pinuno	ng	1.000000
maging	sa	mga	0.232558
maging	tanyag	sa	0.428571
magkahiwalay	na	mga	0.578947
magkapareho	ang	mga	0.428571
magkatulad	na	kasarian	0.250000
maglaro	ng	mga	0.363636
maglingkod	bilang	isang	0.666667
magpahinga	mula	sa	1.000000
magpataw	ng	mga	0.600000
magpatuloy	sa	isang	0.250000
magsimula	ng	isang	0.400000
magsulat	ng	mga	0.578947
magsuot	ng	mga	0.444444
magtayo	ng	isang	0.576923
magtayo	ng	mga	0.230769
magturo	sa	mga	0.600000
magulang	at	mga	0.250000
magulang	at	anak	0.150000
magulang	na	hindi	0.153846
magulang	na	mga	0.115385
magulang	ng	mga	0.500000
mahaba	ang	mga	0.285714
mahal	na	ina	0.527778
mahal	na	araw	0.138889
mahal	na	mahal	0.138889
mahal	sa	buhay	0.800000
mahalagang	aspeto	ng	0.600000
mahalagang	bahagi	ng	0.733333
mahalagang	bahagi	sa	0.100000
mahalagang	mga	lungsod	0.230769
mahalagang	pangyayari	sa	0.600000
mahalagang	papel	sa	0.833333
mahalagang	tao	sa	1.000000
mahirap	makilala	ang	0.750000
mahirap	na	bansa	0.200000
mahirap	na	mga	0.088889
mahirap	para	sa	0.888889
mahusay	kaysa	sa	1.000000
mahusay	magsalita	ng	1.000000
mahusay	na	mga	0.102041
mahusay	na	kilala	0.051020
mahusay	na	paraan	0.040816
mahusay	sa	mga	0.375000
maikli	ang	buhay	0.300000
maikli	kaysa	sa	1.000000
mainit	at	tuyo	0.500000
mainit	na	tubig	0.206897
mainit	na	panahon	0.103448
mainit	na	klima	0.068966
mainit	na	tag	0.051724
mainit	o	malamig	0.555556
makabuluhang	bahagi	ng	0.600000
makakuha	ng	mga	0.180556
makakuha	ng	isang	0.097222
makakuha	ng	mas	0.055556
makakuha	ng	impormasyon	0.041667
makakuha	ng	sa	0.041667
makamit	ang	mga	0.200000
makamit	ang	isang	0.100000
makamit	ang	kalayaan	0.075000
makapal	na	mga	0.235294
makialam	sa	mga	1.000000
makilala	ang	mga	0.300000
makilala	ang	isang	0.150000
makilala	ito	mula	0.600000
makilala	ng	mga	1.000000
makinig	sa	mga	0.600000
malaki	ang	mga	0.142857
malaki	ang	kanyang	0.061224
malaki	ang	tulong	0.061224
malaki	kaysa	sa	0.866667
malaki	mula	sa	1.000000
malaki	na	ang	0.800000
malalim	na	mga	0.166667
malalim	na	kahulugan	0.095238
malalim	na	bahagi	0.071429
malamang	na	hindi	0.163934
malamang	na	ang	0.131148
malamang	na	maging	0.065574
malamang	na	may	0.049180
malamang	na	orihinal	0.049180
malamig	na	tubig	0.200000
malamig	na	panahon	0.142857
malamig	na	temperatura	0.114286
malamig	na	taglamig	0.085714
malawak	at	iba	0.333333
malawak	na	mga	0.108108
malawak	na	hanay	0.097297
malawak	na	lugar	0.032432
malawak	na	kaalaman	0.032432
malawak	na	karamihan	0.027027
malawak	na	kahulugan	0.027027
malawak	na	saklaw	0.021622
malawak	na	uri	0.021622
malawak	na	ginamit	0.021622
malawak	na	kilala	0.016216
malawak	na	lupain	0.016216
malawak	na	pagkakaiba	0.016216
malaya	mula	sa	1.000000
malayo	mula	sa	1.000000
maliban	lamang	sa	1.000000
maliban	na	lamang	0.918919
maliban	para	sa	1.000000
maliban	sa	mga	0.409722
maliban	sa	isang	0.097222
maliban	sa	kanyang	0.041667
maliban	sa	pagiging	0.041667
maliban	sa	isa	0.034722
maliban	sa	lahat	0.020833
maliban	sa	ilang	0.020833
maliit	ang	mga	0.300000
maliit	at	mas	0.230769
maliit	at	hindi	0.230769
maliit	kaysa	sa	0.777778
maliit	lamang	ang	0.666667
maliit	na	mga	0.134146
maliit	na	bahagi	0.064024
maliit	na	bilang	0.045732
maliit	na	bayan	0.042683
maliit	na	sukat	0.024390
maliit	na	pangkat	0.024390
maliit	na	halaga	0.024390
maliit	na	bituka	0.018293
maliit	na	bahay	0.012195
maliit	na	populasyon	0.012195
maliit	na	pagbabago	0.012195
maliit	na	batang	0.012195
maliit	na	butil	0.012195
maliit	na	papel	0.012195
maliit	na	burol	0.012195
maliit	na	lungsod	0.012195
maliit	na	lugar	0.012195
maliit	na	pagganap	0.012195
maliit	na	nayon	0.009146
maliit	na	tindahan	0.009146
maliit	na	pinsala	0.009146
maliit	na	distrito	0.009146
maliit	na	lawa	0.009146
maliit	na	isla	0.009146
maliit	na	dami	0.009146
maliit	na	kapatid	0.009146
maliit	pa	lamang	0.428571
malinaw	kung	ang	0.363636
malinaw	na	ang	0.066667
malinaw	na	ito	0.066667
malinis	ang	mga	0.666667
malinis	na	tubig	0.277778
maliwanag	na	mga	0.171429
maliwanag	na	kulay	0.085714
mall	ay	may	0.750000
mamamatay	tao	na	0.400000
mamamatay	tao	sa	0.300000
mamamayan	mula	sa	1.000000
mamamayan	na	may	0.500000
mamamayan	ng	lungsod	0.222222
mamamayan	ng	mga	0.185185
mamamayan	nito	ay	0.545455
mamatay	ang	kanyang	0.500000
mamatay	ang	isang	0.166667
mamimili	at	ang	0.600000
mamimili	para	sa	1.000000
mamimili	sa	isang	0.600000
mananalaysay	na	ang	0.750000
mananaliksik	ay	gumagamit	0.571429
mandirigma	ang	mga	1.000000
mangangalakal	ang	mga	0.800000
mangangalakal	mula	sa	1.000000
manggagamot	ng	mga	0.454545
manggagawa	at	mga	0.300000
manggagawa	mula	sa	0.750000
manggagawa	sa	pabrika	0.187500
manghuli	ng	mga	1.000000
mangolekta	ng	mga	0.428571
manlalaro	ang	mga	0.150000
manlalaro	ang	isang	0.150000
manlalaro	at	ang	0.230769
manlalaro	ay	maaaring	0.239130
manlalaro	ay	may	0.130435
manlalaro	ay	hindi	0.130435
manlalaro	mula	sa	0.875000
manlalaro	na	may	0.269231
manlalaro	ng	football	0.305556
manlalaro	ng	taon	0.111111
manlalaro	ng	basketball	0.111111
manlalaro	ng	isang	0.083333
manlalaro	para	sa	0.800000
manlalaro	sa	bawat	0.166667
manlalaro	sa	mga	0.133333
manlalaro	sa	kasaysayan	0.133333
manlalaro	sa	kolehiyo	0.100000
manunulat	at	mga	0.166667
manunulat	at	direktor	0.125000
manunulat	mula	sa	1.000000
manunulat	ng	kanta	0.416667
manunulat	ng	mga	0.202381
manunulat	ng	kasaysayan	0.166667
manunulat	ng	sanaysay	0.035714
manunulat	para	sa	1.000000
mapa	ang	mga	0.600000
mapa	ng	mga	0.384615
mapa	ng	mundo	0.153846
mapabuti	ang	mga	0.190476
mapabuti	ang	kanilang	0.142857
mapagkukunan	ng	tubig	0.156250
mapagkukunan	ng	kita	0.125000
mapagkukunan	ng	mga	0.093750
mapagkukunan	ng	pagkain	0.093750
mapagkukunan	para	sa	1.000000
mapanatili	ang	mga	0.139535
mapanatili	ang	kanilang	0.093023
mapanatili	ang	orihinal	0.069767
mapanganib	na	gawain	0.187500
mapaunlakan	ang	mga	0.600000
marahas	na	krimen	0.176471
marahil	ay	hindi	0.142857
marahil	ay	sa	0.142857
marahil	ay	isang	0.142857
marahil	dahil	sa	0.818182
marahil	ito	ang	0.571429
marahil	ito	ay	0.428571
martes	huwebes	at	1.000000
mata	ng	tao	0.235294
mata	ng	mga	0.235294
mataas	ang	panganib	0.166667
mataas	ang	antas	0.083333
mataas	kaysa	sa	1.000000
mataas	na	paaralan	0.205298
mataas	na	antas	0.092715
mataas	na	edukasyon	0.088300
mataas	na	mga	0.052980
mataas	na	presyon	0.030905
mataas	na	bilang	0.030905
mataas	na	kalidad	0.026490
mataas	na	panganib	0.026490
mataas	na	ranggo	0.017660
mataas	na	halaga	0.017660
mataas	na	pamantayan	0.015453
mataas	na	sahod	0.015453
mataas	na	uri	0.015453
mataas	na	presyo	0.013245
mataas	na	gastos	0.013245
mataas	na	rate	0.011038
mataas	na	aktibidad	0.008830
mataas	na	gusali	0.008830
mataas	na	temperatura	0.008830
mataas	na	talampas	0.006623
mataas	na	punto	0.006623
mataas	na	aleman	0.006623
mataas	na	opisyal	0.006623
mataas	na	lugar	0.006623
mataas	na	konsentrasyon	0.006623
mataas	na	kapangyarihan	0.006623
mataas	na	posisyon	0.006623
mataas	na	marka	0.006623
mataas	sa	mga	0.391304
matagal	at	pabalik	0.500000
matagal	kaysa	sa	1.000000
matagal	na	panahon	0.391304
matagumpay	ang	mga	0.350000
matagumpay	ang	kanyang	0.150000
matagumpay	na	mga	0.196721
matagumpay	na	karera	0.098361
matagumpay	na	kampanya	0.081967
matagumpay	sa	mga	0.333333
matagumpay	siya	sa	0.833333
matalas	na	sakit	0.375000
matalo	ang	mga	0.428571
matalo	ng	mga	0.571429
matanda	sa	kanya	0.333333
matatag	na	mga	0.205882
matatag	na	pamahalaan	0.088235
materyal	ay	hindi	0.375000
materyal	mula	sa	1.000000
materyal	na	ito	0.148148
materyal	na	may	0.148148
materyal	na	bagay	0.111111
materyal	ng	mga	0.375000
materyal	ng	banda	0.375000
materyal	para	sa	1.000000
matigas	ang	ulo	0.800000
matigas	na	balat	0.150000
matuklasan	ang	mga	0.750000
matuklasan	ng	mga	1.000000
matukoy	ang	mga	0.214286
matukoy	kung	sino	0.500000
may	alam	sa	0.533333
may	alam	na	0.266667
may	anak	na	0.714286
may	anim	na	0.882353
may	anim	hanggang	0.117647
may	apat	na	0.953846
may	asawa	na	0.416667
may	asawa	at	0.333333
may	banayad	na	1.000000
may	batas	na	0.750000
may	bilang	na	0.473684
may	bilang	ng	0.210526
may	bubong	na	0.800000
may	buhay	na	0.416667
may	dagdag	na	0.923077
may	dalawa	lamang	0.428571
may	dalawang	mga	0.179856
may	dalawang	uri	0.122302
may	dalawang	pangunahing	0.115108
may	dalawang	anak	0.071942
may	dalawang	linya	0.028777
may	dalawang	palapag	0.021583
may	diin	sa	0.500000
may	dilaw	na	1.000000
may	edad	na	0.631579
may	epekto	sa	0.500000
may	espesyal	na	1.000000
may	ganap	na	1.000000
may	global	na	1.000000
may	guhit	na	0.500000
may	gusto	siya	0.600000
may	gusto	sa	0.300000
may	haba	na	0.470588
may	haba	ng	0.235294
may	haba	ito	0.176471
may	habang	hanggang	0.230769
may	habang	na	0.230769
may	halaga	ng	1.000000
may	hangganan	sa	0.363636
may	higit	sa	0.858824
may	higit	na	0.082353
may	higit	o	0.035294
may	hugis	na	0.375000
may	ibig	sabihin	1.000000
may	idinagdag	na	1.000000
may	ilang	mga	0.670968
may	ilang	iba	0.019355
may	ilang	tao	0.019355
may	isa	o	0.384615
may	isa	sa	0.307692
may	isa	lamang	0.307692
may	isang	anak	0.067485
may	isang	maliit	0.042945
may	isang	populasyon	0.030675
may	isang	bagong	0.030675
may	isang	bilang	0.018405
may	isang	hindi	0.018405
may	isang	maliwanag	0.018405
may	isang	malakas	0.018405
may	isang	panahon	0.018405
may	isang	mas	0.018405
may	itim	na	0.769231
may	kaalaman	na	0.428571
may	kabuuan	ng	0.750000
may	kakayahan	din	0.250000
may	kakayahan	na	0.250000
may	kakayahan	ang	0.200000
may	kakulangan	sa	0.571429
may	kamalayan	sa	0.666667
may	kambal	na	1.000000
may	kanser	sa	0.555556
may	kanya	kanyang	0.916667
may	kapangyarihan	na	0.277778
may	kapangyarihan	ang	0.222222
may	kapangyarihan	sa	0.166667
may	kapansanan	sa	0.434783
may	kapansanan	ay	0.173913
may	kapansanan	na	0.130435
may	kapasidad	na	0.583333
may	kapasidad	ng	0.250000
may	kapatid	na	0.666667
may	karagdagang	mga	0.333333
may	kasanayan	sa	0.666667
may	kasaysayan	ng	0.916667
may	kaso	ng	1.000000
may	kasunod	na	1.000000
may	katangian	na	0.400000
may	katangian	ng	0.300000
may	katulad	na	1.000000
may	katumbas	na	1.000000
may	kaugnay	sa	0.571429
may	kaugnay	na	0.428571
may	kawalan	ng	0.750000
may	kontrol	sa	0.500000
may	kulay	na	0.500000
may	lakas	na	0.615385
may	lakas	ng	0.307692
may	lalim	na	1.000000
may	lawak	na	0.833333
may	layunin	na	0.444444
may	lihim	na	1.000000
may	likas	na	1.000000
may	linya	ng	0.375000
may	listahan	ng	1.000000
may	literal	na	1.000000
may	mabigat	na	0.800000
may	mabilis	na	1.000000
may	madalas	na	1.000000
may	madilim	na	1.000000
may	magaspang	na	1.000000
may	magkatulad	na	0.833333
may	mahalagang	papel	0.650000
may	mahigpit	na	1.000000
may	mahusay	na	1.000000
may	mainit	na	1.000000
may	malakas	na	0.923077
may	malalim	na	0.833333
may	malamig	na	1.000000
may	malapit	na	1.000000
may	malawak	na	0.896552
may	maliit	na	1.000000
may	malinaw	na	1.000000
may	mas	mataas	0.357143
may	mas	malawak	0.119048
may	mas	maliit	0.071429
may	mas	mahusay	0.071429
may	mataas	na	0.972973
may	matagal	na	0.833333
may	matatag	na	1.000000
may	matibay	na	1.000000
may	matigas	na	1.000000
may	mga	ilang	0.050251
may	mga	iba	0.025126
may	mga	mas	0.022613
may	mga	pakpak	0.015075
may	mga	ulat	0.012563
may	mga	tao	0.012563
may	mga	karagdagang	0.012563
may	mga	hindi	0.012563
may	mga	bagong	0.010050
may	mga	plano	0.010050
may	mga	katangian	0.010050
may	mga	katulad	0.010050
may	mga	batas	0.010050
may	mga	bagay	0.010050
may	mga	butas	0.007538
may	mga	anak	0.007538
may	mga	kuwento	0.007538
may	mga	lugar	0.007538
may	mga	uri	0.007538
may	mga	tunog	0.007538
may	mga	sintomas	0.007538
may	mga	pahayag	0.007538
may	mga	oras	0.007538
may	na	mga	0.450704
may	na	miyembro	0.056338
may	nakasulat	na	0.857143
may	ng	mga	0.666667
may	opisyal	na	1.000000
may	orihinal	na	1.000000
may	paggalang	sa	1.000000
may	pagkakaiba	ang	0.555556
may	pahintulot	ng	0.500000
may	pakpak	na	0.800000
may	palabas	na	1.000000
may	pamagat	na	1.000000
may	pananagutan	sa	0.782609
may	pangalan	na	0.400000
may	pangalan	ng	0.300000
may	pangunahing	papel	0.333333
may	pantay	na	0.625000
may	pantay	pantay	0.375000
may	papel	sa	0.428571
may	partikular	na	1.000000
may	pinagmulan	sa	0.800000
may	pinakamahusay	na	1.000000
may	pinakamataas	na	0.960784
may	populasyon	na	0.746269
may	populasyon	ng	0.104478
may	populasyon	ang	0.059701
may	populasyon	ito	0.059701
may	posibilidad	na	0.909091
may	potensyal	na	0.800000
may	problema	sa	0.857143
may	pulgada	mm	1.000000
may	ranggo	ng	0.500000
may	rekord	na	1.000000
may	relasyon	sa	0.714286
may	sakit	na	0.421053
may	sakit	sa	0.263158
may	sapat	na	0.960000
may	sariling	distrito	0.210526
may	siyam	na	1.000000
may	sukat	na	0.826087
may	sukat	ng	0.065217
may	suporta	ng	0.428571
may	suporta	mula	0.428571
may	taas	na	0.923077
may	taon	na	0.750000
may	tatak	na	0.800000
may	timbang	na	1.000000
may	tinatawag	na	1.000000
may	tiyak	na	0.666667
may	tunay	na	1.000000
may	tungkol	sa	1.000000
may	ulo	at	0.500000
may	umiiral	na	0.875000
may	upuan	ang	1.000000
mayaman	ito	sa	0.750000
mayaman	sa	mga	0.416667
mayroon	din	mga	0.428571
mayroon	din	na	0.178571
mayroon	din	isang	0.142857
mayroon	lamang	na	0.291667
mayroon	lamang	isang	0.166667
mayroon	lamang	ng	0.125000
mayroon	na	ang	0.400000
mayroon	nang	mga	0.454545
mayroon	nang	na	0.136364
mayroon	ng	mga	0.571429
mayroon	o	walang	1.000000
mayroon	sa	mga	0.300000
medalya	mula	sa	1.000000
medalya	ng	karangalan	0.272727
medalya	para	sa	1.000000
medalya	sa	olympics	0.157895
medalya	sa	mga	0.157895
media	para	sa	1.000000
medikal	na	paggamot	0.148148
medikal	na	paaralan	0.148148
mekanismo	para	sa	1.000000
mensahe	sa	kanyang	0.272727
metro	ang	taas	0.320000
metro	ang	haba	0.200000
metro	ang	lalim	0.160000
metro	mula	sa	1.000000
metro	sa	ibabaw	0.521739
mga	account	na	0.444444
mga	ad	na	0.428571
mga	advanced	na	1.000000
mga	agham	na	0.333333
mga	agham	sa	0.200000
mga	ahas	ay	0.600000
mga	ahensya	ng	0.800000
mga	ahente	ng	0.571429
mga	airline	na	0.500000
mga	aklat	na	0.336207
mga	aklat	ng	0.224138
mga	aklat	at	0.086207
mga	aklat	ang	0.060345
mga	aklat	ay	0.043103
mga	aklat	sa	0.043103
mga	aklat	aralin	0.034483
mga	aklat	para	0.034483
mga	aklat	bilang	0.025862
mga	aksyon	ng	0.600000
mga	aktibidad	na	0.266667
mga	aktibidad	ng	0.266667
mga	aktibidad	sa	0.233333
mga	aktibista	sa	0.375000
mga	aktibista	ng	0.375000
mga	aktor	na	0.652174
mga	aktor	sa	0.173913
mga	aktor	at	0.130435
mga	aktuwal	na	1.000000
mga	alagang	hayop	1.000000
mga	alahas	na	0.600000
mga	alak	na	0.500000
mga	alalahanin	na	0.545455
mga	alam	na	0.666667
mga	alamat	na	0.473684
mga	alamat	at	0.157895
mga	album	ng	0.265823
mga	album	na	0.215190
mga	album	sa	0.126582
mga	album	at	0.113924
mga	album	ay	0.075949
mga	album	ang	0.037975
mga	aleman	sa	0.230769
mga	aleman	ang	0.230769
mga	aleman	at	0.153846
mga	aleman	na	0.115385
mga	aleman	ay	0.115385
mga	alipin	na	0.259259
mga	alipin	sa	0.185185
mga	alipin	ang	0.111111
mga	alitan	sa	1.000000
mga	ama	ng	0.555556
mga	ama	ay	0.333333
mga	amerikano	ang	0.232558
mga	amerikano	sa	0.174419
mga	amerikano	ay	0.162791
mga	amerikano	at	0.162791
mga	amerikano	ng	0.058140
mga	amerikano	na	0.034884
mga	anak	na	0.369565
mga	anak	ng	0.173913
mga	anak	sa	0.123188
mga	anak	at	0.079710
mga	anak	ay	0.057971
mga	anak	nito	0.028986
mga	anak	ang	0.021739
mga	ang	mga	0.333333
mga	anggulo	na	0.400000
mga	anghel	na	0.208333
mga	anghel	ang	0.208333
mga	anghel	sa	0.125000
mga	anim	na	1.000000
mga	antas	ng	0.566667
mga	antas	na	0.233333
mga	anyo	ng	0.618182
mga	anyo	ay	0.109091
mga	anyo	at	0.072727
mga	anyo	nito	0.072727
mga	anyo	na	0.054545
mga	apat	na	1.000000
mga	aplikasyon	na	0.222222
mga	aplikasyon	ng	0.166667
mga	arabo	at	0.600000
mga	aralin	sa	0.500000
mga	araw	na	0.308824
mga	araw	ng	0.176471
mga	araw	ay	0.073529
mga	araw	sa	0.073529
mga	araw	o	0.044118
mga	araw	bago	0.044118
mga	araw	hanggang	0.044118
mga	arkitekto	na	0.333333
mga	armas	sa	0.250000
mga	armas	at	0.250000
mga	artikulo	sa	0.270270
mga	artikulo	at	0.162162
mga	artikulo	ng	0.108108
mga	artikulo	nito	0.081081
mga	artikulo	na	0.081081
mga	artipisyal	na	1.000000
mga	artista	sa	0.215686
mga	artista	ng	0.196078
mga	artista	na	0.176471
mga	artista	at	0.156863
mga	artista	ay	0.078431
mga	asawa	ay	0.214286
mga	aso	ay	0.333333
mga	aspeto	ng	0.888889
mga	at	ang	0.285714
mga	atleta	mula	0.243243
mga	atleta	na	0.216216
mga	atleta	ng	0.135135
mga	atleta	ay	0.081081
mga	atleta	ang	0.081081
mga	atleta	sa	0.081081
mga	atleta	o	0.081081
mga	awtoridad	ng	0.500000
mga	awtoridad	sa	0.236842
mga	awtoridad	at	0.105263
mga	babae	ay	0.206897
mga	babae	at	0.198276
mga	babae	na	0.155172
mga	babae	sa	0.137931
mga	babae	ng	0.068966
mga	babae	bilang	0.034483
mga	babae	kaysa	0.025862
mga	babae	ang	0.025862
mga	babala	ng	0.187500
mga	baga	na	0.272727
mga	baga	ay	0.136364
mga	baga	ng	0.136364
mga	baga	at	0.136364
mga	bagay	na	0.553055
mga	bagay	bagay	0.102894
mga	bagay	sa	0.093248
mga	bagay	at	0.048232
mga	bagay	ay	0.041801
mga	bagay	ng	0.028939
mga	bagay	o	0.028939
mga	bagay	mula	0.016077
mga	bagay	ang	0.016077
mga	bagay	gaya	0.009646
mga	bagay	katulad	0.009646
mga	bagong	mga	0.037500
mga	bagong	teknolohiya	0.037500
mga	bagong	kanta	0.031250
mga	bagong	palabas	0.025000
mga	bagong	materyal	0.025000
mga	bagong	gusali	0.018750
mga	bagong	miyembro	0.018750
mga	bagong	kaisipan	0.018750
mga	bagong	negosyo	0.018750
mga	bagong	kagamitan	0.018750
mga	bagong	distrito	0.018750
mga	bagong	kasal	0.018750
mga	bagong	talento	0.018750
mga	bagong	mapagkukunan	0.018750
mga	bagong	programa	0.018750
mga	bagyo	na	0.380952
mga	bagyo	sa	0.285714
mga	bagyo	ay	0.142857
mga	baha	bahagi	0.600000
mga	bahagi	ng	0.718085
mga	bahagi	nito	0.090426
mga	bahagi	sa	0.053191
mga	bahagi	na	0.031915
mga	bahagi	ay	0.021277
mga	bahagi	at	0.021277
mga	bahagi	ang	0.021277
mga	bahay	na	0.196429
mga	bahay	ng	0.196429
mga	bahay	at	0.142857
mga	bahay	ay	0.107143
mga	bahay	para	0.071429
mga	bahay	ang	0.053571
mga	bahay	sa	0.053571
mga	baka	at	0.363636
mga	baka	sa	0.272727
mga	bakas	ng	0.900000
mga	bakla	at	0.625000
mga	bakterya	ay	0.333333
mga	bakuna	ay	0.272727
mga	bakuna	ang	0.272727
mga	bakuran	ng	1.000000
mga	bala	sa	0.312500
mga	bala	at	0.250000
mga	bala	na	0.187500
mga	balat	ng	0.500000
mga	balat	nito	0.250000
mga	balita	at	0.285714
mga	balita	ng	0.214286
mga	bampira	ay	0.500000
mga	banal	na	0.962963
mga	banayad	na	1.000000
mga	banda	ng	0.382353
mga	banda	sa	0.235294
mga	banda	na	0.205882
mga	bandila	ng	0.500000
mga	bandila	ay	0.375000
mga	bangka	sa	0.400000
mga	bangka	ng	0.300000
mga	bangko	ng	0.307692
mga	bangko	sa	0.153846
mga	bangko	na	0.115385
mga	bansa	sa	0.318367
mga	bansa	na	0.138776
mga	bansa	at	0.102041
mga	bansa	ang	0.093878
mga	bansa	ay	0.069388
mga	bansa	ng	0.065306
mga	bansa	kung	0.028571
mga	bansa	o	0.024490
mga	bansa	kabilang	0.016327
mga	bansa	para	0.012245
mga	bansa	ngayon	0.012245
mga	bantay	ng	0.333333
mga	barko	at	0.243243
mga	barko	na	0.216216
mga	barko	ng	0.189189
mga	barko	sa	0.135135
mga	barya	na	0.285714
mga	barya	at	0.238095
mga	barya	sa	0.190476
mga	base	militar	0.320000
mga	base	ng	0.280000
mga	base	na	0.120000
mga	base	ay	0.120000
mga	bata	na	0.220657
mga	bata	at	0.164319
mga	bata	sa	0.131455
mga	bata	ay	0.131455
mga	bata	ang	0.089202
mga	bata	ng	0.061033
mga	bata	mula	0.037559
mga	bata	pa	0.018779
mga	bata	dahil	0.018779
mga	bata	lalo	0.018779
mga	batang	babae	0.348837
mga	batang	lalaki	0.116279
mga	batang	may	0.093023
mga	batang	nasa	0.046512
mga	batang	wala	0.046512
mga	batas	ng	0.255102
mga	batas	na	0.204082
mga	batas	at	0.173469
mga	batas	sa	0.071429
mga	batas	ay	0.061224
mga	batas	para	0.040816
mga	bato	at	0.222222
mga	bato	sa	0.222222
mga	bato	ng	0.138889
mga	bato	ay	0.111111
mga	bato	na	0.083333
mga	bayad	sa	0.428571
mga	bayan	ng	0.350515
mga	bayan	sa	0.185567
mga	bayan	at	0.144330
mga	bayan	na	0.051546
mga	bayan	o	0.041237
mga	bayan	mga	0.030928
mga	bayan	ay	0.030928
mga	bayan	bayan	0.030928
mga	bayan	ang	0.030928
mga	bayani	ay	0.227273
mga	bayani	sa	0.181818
mga	bayani	at	0.136364
mga	bayani	na	0.136364
mga	bayani	ng	0.136364
mga	baybayin	ng	0.705882
mga	benepisyo	ng	0.500000
mga	benepisyo	sa	0.285714
mga	benta	ng	0.642857
mga	bersyon	ng	0.666667
mga	bersyon	na	0.151515
mga	biktima	ng	0.534884
mga	biktima	ang	0.116279
mga	biktima	sa	0.093023
mga	biktima	at	0.069767
mga	bilang	ng	0.381579
mga	bilang	na	0.197368
mga	bilang	sa	0.092105
mga	bilang	ay	0.078947
mga	bilang	ang	0.065789
mga	bilang	at	0.052632
mga	bilanggo	ay	0.250000
mga	bilanggo	na	0.218750
mga	bilanggo	sa	0.218750
mga	bilanggo	ang	0.125000
mga	bilanggo	ng	0.125000
mga	bintana	sa	0.333333
mga	bintana	ng	0.266667
mga	bintana	at	0.200000
mga	binti	at	0.312500
mga	binti	ay	0.187500
mga	bisita	sa	0.222222
mga	bisita	at	0.185185
mga	bisita	ang	0.185185
mga	bisita	ng	0.148148
mga	bituin	na	0.318182
mga	bituin	sa	0.227273
mga	bituin	at	0.181818
mga	bituin	ng	0.136364
mga	boluntaryo	sa	0.333333
mga	boses	gitara	0.333333
mga	boses	sa	0.333333
mga	botante	ay	0.230769
mga	botante	ang	0.230769
mga	buhay	na	0.404255
mga	buhay	ng	0.255319
mga	buhay	sa	0.106383
mga	buhay	at	0.063830
mga	bukas	na	0.909091
mga	bulag	at	1.000000
mga	bulaklak	na	0.272727
mga	bulaklak	ay	0.121212
mga	bulaklak	sa	0.121212
mga	bulaklak	nito	0.121212
mga	bulaklak	ng	0.090909
mga	bumubuo	ng	1.000000
mga	bundok	ng	0.297297
mga	bundok	sa	0.216216
mga	bundok	na	0.135135
mga	bundok	at	0.081081
mga	buntis	na	1.000000
mga	burol	ng	0.444444
mga	burol	na	0.185185
mga	burol	at	0.148148
mga	burol	sa	0.111111
mga	bus	na	0.222222
mga	bus	at	0.222222
mga	butas	ng	0.400000
mga	butas	sa	0.300000
mga	butil	ng	0.280000
mga	butil	ang	0.120000
mga	butil	na	0.120000
mga	butil	o	0.120000
mga	butil	at	0.120000
mga	buto	ng	0.425532
mga	buto	at	0.148936
mga	buto	sa	0.106383
mga	buto	o	0.063830
mga	buwan	ng	0.432432
mga	buwan	ang	0.108108
mga	buwan	sa	0.081081
mga	buwis	sa	0.285714
mga	buwis	na	0.214286
mga	carrier	ng	1.000000
mga	cd	na	0.428571
mga	channel	ay	0.266667
mga	channel	sa	0.266667
mga	channel	na	0.200000
mga	channel	ng	0.200000
mga	coach	ng	0.750000
mga	code	ng	0.600000
mga	code	na	0.400000
mga	county	sa	0.375000
mga	county	ng	0.375000
mga	customer	ng	0.588235
mga	daan	na	0.263158
mga	daan	ang	0.157895
mga	daan	at	0.157895
mga	daanan	ng	0.541667
mga	daanan	sa	0.166667
mga	dagdag	na	0.625000
mga	dahilan	ng	0.259259
mga	dahilan	kung	0.185185
mga	dahon	ng	0.380952
mga	dahon	at	0.119048
mga	dahon	nito	0.119048
mga	dahon	ay	0.095238
mga	dahon	sa	0.071429
mga	dalawang	mga	0.142857
mga	daliri	sa	0.357143
mga	daliri	ang	0.214286
mga	dalisdis	ng	0.714286
mga	daloy	ng	0.714286
mga	daloy	na	0.214286
mga	dalubhasa	sa	0.583333
mga	dalubhasa	ang	0.125000
mga	dalubhasa	na	0.062500
mga	daluyan	ng	0.909091
mga	damdamin	ng	0.333333
mga	damdamin	at	0.266667
mga	dami	ng	0.750000
mga	damit	na	0.263158
mga	damit	at	0.236842
mga	damit	ng	0.131579
mga	damo	at	0.428571
mga	darating	na	1.000000
mga	dati	nang	0.428571
mga	datos	na	0.323529
mga	datos	ng	0.147059
mga	datos	sa	0.117647
mga	datos	tungkol	0.117647
mga	datos	ay	0.088235
mga	daungan	ng	0.666667
mga	dayuhan	ay	0.235294
mga	dayuhan	na	0.235294
mga	dayuhan	sa	0.176471
mga	debate	sa	0.625000
mga	dekada	ng	0.512821
mga	dekada	ang	0.153846
mga	dekada	at	0.102564
mga	dekada	ay	0.076923
mga	deposito	ng	0.444444
mga	desisyon	ng	0.388889
mga	desisyon	sa	0.222222
mga	desisyon	at	0.166667
mga	detalye	ng	0.564103
mga	detalye	tungkol	0.102564
mga	detalye	sa	0.076923
mga	developer	ay	0.428571
mga	dibisyon	ng	0.285714
mga	dibisyon	at	0.214286
mga	digital	na	0.937500
mga	digmaan	sa	0.176471
mga	digmaan	at	0.176471
mga	dilaw	na	0.750000
mga	direktor	ng	0.411765
mga	direktor	na	0.176471
mga	disenyo	ng	0.346154
mga	disenyo	sa	0.192308
mga	disenyo	at	0.153846
mga	disenyo	ay	0.115385
mga	disiplina	ng	0.428571
mga	diskarte	sa	0.714286
mga	distrito	ng	0.375000
mga	distrito	at	0.125000
mga	distrito	ay	0.125000
mga	diyos	na	0.186667
mga	diyos	ng	0.173333
mga	diyos	at	0.173333
mga	diyos	ay	0.160000
mga	diyos	ang	0.066667
mga	diyos	sa	0.066667
mga	diyos	ngunit	0.053333
mga	diyos	para	0.040000
mga	doktor	ay	0.315789
mga	doktor	sa	0.157895
mga	doktor	na	0.157895
mga	dokumento	ng	0.342857
mga	dokumento	na	0.171429
mga	dokumento	mula	0.085714
mga	donasyon	mula	0.428571
mga	drama	sa	0.571429
mga	dumi	ng	0.200000
mga	dumi	at	0.200000
mga	ebanghelyo	at	0.400000
mga	edisyon	ng	0.500000
mga	ekonomista	ang	0.600000
mga	ekonomiya	ng	0.750000
mga	eksena	ng	0.230769
mga	eksena	sa	0.230769
mga	eksena	at	0.153846
mga	eksena	ay	0.115385
mga	eksena	ang	0.115385
mga	eksibisyon	na	0.666667
mga	eksperimento	at	0.269231
mga	eksperimento	sa	0.192308
mga	eksperimento	ay	0.192308
mga	eksperimento	na	0.115385
mga	elemento	ng	0.383333
mga	elemento	ay	0.166667
mga	elemento	mula	0.133333
mga	elemento	sa	0.083333
mga	elemento	na	0.066667
mga	elepante	ay	0.666667
mga	emperador	ng	0.388889
mga	emperador	na	0.277778
mga	epekto	ng	0.489362
mga	epekto	sa	0.170213
mga	epekto	nito	0.127660
mga	episode	ng	0.454545
mga	episode	ay	0.272727
mga	eroplano	at	0.300000
mga	espanyol	sa	0.200000
mga	espanyol	at	0.177778
mga	espanyol	ang	0.155556
mga	espanyol	na	0.133333
mga	espanyol	ay	0.111111
mga	espanyol	ng	0.066667
mga	espesyal	na	0.972973
mga	espesyalista	sa	0.600000
mga	espiritu	sa	0.285714
mga	espiritu	na	0.214286
mga	espiritu	ng	0.214286
mga	estado	ng	0.439394
mga	estado	at	0.121212
mga	estado	ay	0.106061
mga	estado	na	0.090909
mga	estado	sa	0.075758
mga	estado	ang	0.075758
mga	file	ng	0.500000
mga	file	na	0.300000
mga	fossil	na	0.315789
mga	fossil	ng	0.210526
mga	fossil	mula	0.157895
mga	fossil	ay	0.157895
mga	gabay	sa	0.461538
mga	gabay	o	0.230769
mga	galaw	na	0.300000
mga	galaw	ng	0.300000
mga	galit	na	0.714286
mga	gamit	at	0.230769
mga	gamit	sa	0.230769
mga	gamit	na	0.153846
mga	gamot	na	0.461538
mga	gamot	ay	0.138462
mga	gamot	sa	0.107692
mga	gamot	at	0.046154
mga	gamot	ang	0.046154
mga	ganap	na	1.000000
mga	gantimpala	mula	0.214286
mga	gantimpala	para	0.214286
mga	gas	na	0.500000
mga	gastos	sa	0.363636
mga	gastos	ng	0.242424
mga	gastos	na	0.121212
mga	gastos	ay	0.121212
mga	gastos	at	0.090909
mga	gawain	ng	0.275862
mga	gawain	sa	0.206897
mga	gawain	at	0.129310
mga	gawain	na	0.077586
mga	gawain	ay	0.051724
mga	gawain	ang	0.051724
mga	gawain	nito	0.034483
mga	gawain	o	0.025862
mga	gawain	para	0.025862
mga	gene	na	0.322581
mga	gene	ay	0.193548
mga	gene	sa	0.193548
mga	gene	ng	0.129032
mga	gilid	ng	0.434783
mga	gilid	ay	0.217391
mga	ginamit	na	0.750000
mga	gitna	ng	1.000000
mga	gramo	ng	0.875000
mga	guhit	na	0.289474
mga	guhit	ng	0.210526
mga	guhit	ay	0.157895
mga	guhit	sa	0.131579
mga	guhit	at	0.105263
mga	gulay	at	0.333333
mga	gumagamit	ng	0.346154
mga	gumagamit	nito	0.211538
mga	gumagamit	na	0.153846
mga	gumagamit	ay	0.096154
mga	gumagamit	ang	0.057692
mga	gumagawa	ng	0.800000
mga	gumawa	ng	0.750000
mga	guro	at	0.233333
mga	guro	ng	0.200000
mga	guro	sa	0.200000
mga	guro	ang	0.100000
mga	gusali	ng	0.216495
mga	gusali	at	0.195876
mga	gusali	sa	0.164948
mga	gusali	na	0.103093
mga	gusali	ay	0.092784
mga	gusali	ang	0.072165
mga	gusali	o	0.041237
mga	gutom	na	1.000000
mga	haba	ng	1.000000
mga	hadlang	sa	0.500000
mga	hakbang	sa	0.333333
mga	hakbang	na	0.272727
mga	hakbang	ng	0.181818
mga	halaga	ng	0.606061
mga	halaga	na	0.090909
mga	halaga	nito	0.090909
mga	halaman	at	0.400000
mga	halaman	na	0.157143
mga	halaman	ay	0.142857
mga	halaman	sa	0.042857
mga	halaman	ng	0.042857
mga	halaman	o	0.042857
mga	halimaw	na	0.625000
mga	halimbawa	ng	0.500000
mga	halimbawa	ay	0.134146
mga	halimbawa	nito	0.121951
mga	halimbawa	na	0.048780
mga	halimbawa	ang	0.048780
mga	halimbawa	sa	0.036585
mga	hamon	sa	0.444444
mga	hanay	ng	0.588235
mga	hanay	na	0.294118
mga	hangganan	ng	0.676923
mga	hangganan	sa	0.123077
mga	hangganan	ay	0.061538
mga	hangganan	nito	0.061538
mga	hanggang	na	0.200000
mga	hangin	ng	0.444444
mga	hapon	sa	0.437500
mga	hapon	ang	0.166667
mga	hapon	na	0.125000
mga	hapon	ay	0.083333
mga	hapon	at	0.062500
mga	harang	sa	0.375000
mga	hardin	ng	0.375000
mga	hari	ng	0.323529
mga	hari	at	0.205882
mga	hari	ay	0.147059
mga	hari	sa	0.088235
mga	hati	ng	1.000000
mga	hayop	na	0.402685
mga	hayop	at	0.147651
mga	hayop	sa	0.114094
mga	hayop	ay	0.073826
mga	hayop	ang	0.053691
mga	hayop	ng	0.040268
mga	hayop	o	0.020134
mga	henerasyon	ng	0.555556
mga	hibla	ng	0.500000
mga	hibla	o	0.300000
mga	higit	na	0.571429
mga	hilaw	na	1.000000
mga	hindi	pa	0.118421
mga	hindi	muslim	0.092105
mga	hindi	mananampalataya	0.052632
mga	hindi	matatag	0.039474
mga	hindi	opisyal	0.039474
mga	hindi	na	0.039474
mga	hindi	pagkakaunawaan	0.039474
mga	hita	at	0.333333
mga	hita	ay	0.166667
mga	hormone	na	0.800000
mga	host	ng	0.500000
mga	hubad	na	0.750000
mga	hudyat	na	0.583333
mga	hudyo	sa	0.279070
mga	hudyo	ay	0.174419
mga	hudyo	na	0.127907
mga	hudyo	at	0.081395
mga	hudyo	ng	0.069767
mga	hudyo	ang	0.058140
mga	hudyo	mula	0.034884
mga	hugis	ng	0.416667
mga	hukbo	ng	0.566667
mga	hukbo	ay	0.133333
mga	hukbo	sa	0.133333
mga	hukom	ng	0.375000
mga	hukuman	ng	0.428571
mga	hukuman	na	0.428571
mga	hula	ng	0.555556
mga	hula	sa	0.333333
mga	huli	ng	0.571429
mga	huli	nang	0.428571
mga	huling	taon	0.169492
mga	huling	yugto	0.118644
mga	huling	panahon	0.101695
mga	huling	bahagi	0.101695
mga	huling	salita	0.084746
mga	huling	dekada	0.050847
mga	hurado	ng	0.200000
mga	hurado	ay	0.200000
mga	iba	ay	0.250000
mga	iba	pa	0.250000
mga	iba	na	0.187500
mga	ibinigay	na	1.000000
mga	ibon	at	0.285714
mga	ibon	sa	0.228571
mga	ibon	na	0.142857
mga	ibon	ng	0.114286
mga	ilang	mga	0.135593
mga	ilang	taon	0.067797
mga	ilang	kaso	0.050847
mga	ilegal	na	1.000000
mga	ilog	ng	0.250000
mga	ilog	at	0.200000
mga	ilog	na	0.175000
mga	ilog	sa	0.100000
mga	ilog	ang	0.075000
mga	imigrante	sa	0.384615
mga	imigrante	na	0.230769
mga	imperyo	sa	0.571429
mga	implikasyon	ng	0.600000
mga	impormasyon	na	0.294118
mga	impormasyon	sa	0.235294
mga	ina	at	0.500000
mga	inaasahan	ng	0.500000
mga	indibidwal	na	0.653846
mga	indibidwal	at	0.084615
mga	indibidwal	sa	0.053846
mga	indibidwal	ay	0.053846
mga	indibidwal	ang	0.030769
mga	indibidwal	mula	0.023077
mga	indibidwal	ng	0.023077
mga	industriya	at	0.166667
mga	industriya	ng	0.166667
mga	industriya	na	0.166667
mga	ingles	ang	0.230769
mga	ingles	ay	0.230769
mga	ingles	sa	0.192308
mga	ingles	na	0.192308
mga	inhinyero	ng	0.357143
mga	inisyal	na	1.000000
mga	input	na	0.363636
mga	insekto	ay	0.428571
mga	institusyon	ng	0.291667
mga	institusyon	sa	0.208333
mga	institusyon	para	0.125000
mga	instrumento	sa	0.315789
mga	instrumento	ng	0.315789
mga	instrumento	at	0.210526
mga	intelektwal	na	1.000000
mga	interes	ng	0.250000
mga	internasyonal	na	0.968750
mga	interpretasyon	at	0.333333
mga	interpretasyon	ng	0.333333
mga	intsik	na	0.250000
mga	intsik	at	0.187500
mga	isa	sa	0.800000
mga	isda	at	0.272727
mga	isda	sa	0.227273
mga	isda	ay	0.136364
mga	iskolar	na	0.326087
mga	iskolar	ay	0.152174
mga	iskolar	ng	0.130435
mga	iskolar	at	0.086957
mga	iskolar	ang	0.086957
mga	iskolar	kung	0.065217
mga	isla	ng	0.433333
mga	isla	sa	0.166667
mga	isla	ay	0.133333
mga	istasyon	ng	0.695652
mga	istasyon	ay	0.152174
mga	istilo	ng	0.428571
mga	istraktura	ng	0.500000
mga	isyu	ng	0.358491
mga	isyu	sa	0.207547
mga	isyu	na	0.094340
mga	isyu	at	0.075472
mga	isyu	ay	0.056604
mga	isyu	tungkol	0.056604
mga	itim	na	0.800000
mga	itim	at	0.200000
mga	itlog	ng	0.300000
mga	itlog	at	0.200000
mga	itlog	ay	0.166667
mga	itlog	na	0.100000
mga	ito	ay	0.474593
mga	ito	sa	0.143816
mga	ito	ang	0.112176
mga	ito	ng	0.051774
mga	ito	na	0.040268
mga	ito	at	0.036433
mga	ito	bilang	0.019175
mga	ito	para	0.017258
mga	ito	mula	0.015340
mga	ito	kung	0.006711
mga	ito	nang	0.004794
mga	ito	pagkatapos	0.003835
mga	ito	ngunit	0.003835
mga	ito	dahil	0.003835
mga	ito	o	0.002876
mga	ito	halimbawa	0.002876
mga	ito	kasama	0.002876
mga	ito	hanggang	0.002876
mga	kaalaman	sa	0.444444
mga	kaaway	na	0.400000
mga	kaaway	ng	0.333333
mga	kabanata	ng	0.421053
mga	kabanata	o	0.157895
mga	kabataan	at	0.211538
mga	kabataan	sa	0.173077
mga	kabataan	ay	0.134615
mga	kabataan	na	0.115385
mga	kabataan	ang	0.115385
mga	kabayo	at	0.500000
mga	kabisera	ng	0.875000
mga	kagamitan	sa	0.266667
mga	kagamitan	at	0.244444
mga	kagamitan	na	0.155556
mga	kagamitan	para	0.088889
mga	kagamitan	ng	0.066667
mga	kaganapan	sa	0.520833
mga	kaganapan	ng	0.104167
mga	kaganapan	ay	0.093750
mga	kaganapan	na	0.072917
mga	kaganapan	at	0.041667
mga	kaganapan	para	0.031250
mga	kagubatan	at	0.263158
mga	kagubatan	ng	0.263158
mga	kaguluhan	sa	0.571429
mga	kagustuhan	ng	0.750000
mga	kaharian	ng	0.250000
mga	kaharian	at	0.250000
mga	kahihinatnan	ng	0.600000
mga	kahoy	na	0.428571
mga	kahulugan	ng	0.416667
mga	kahulugan	at	0.250000
mga	kaibahan	sa	1.000000
mga	kaibigan	sa	0.179104
mga	kaibigan	at	0.179104
mga	kaibigan	na	0.119403
mga	kaibigan	ng	0.089552
mga	kaibigan	ay	0.059701
mga	kaibigan	ang	0.059701
mga	kaibigan	ngunit	0.059701
mga	kaibigan	o	0.044776
mga	kakaiba	at	1.000000
mga	kakampi	nito	0.600000
mga	kakayahan	ng	0.409091
mga	kakayahan	sa	0.181818
mga	kakayahan	at	0.181818
mga	kakulangan	sa	0.666667
mga	kalaban	sa	0.172414
mga	kalaban	ay	0.172414
mga	kalaban	na	0.137931
mga	kalaban	ng	0.103448
mga	kalaban	at	0.103448
mga	kalahok	sa	0.288889
mga	kalahok	na	0.266667
mga	kalahok	ay	0.155556
mga	kalahok	ng	0.066667
mga	kalakal	at	0.300000
mga	kalakal	na	0.233333
mga	kalakal	ng	0.200000
mga	kalakal	sa	0.133333
mga	kalamnan	ng	0.500000
mga	kaluluwa	ng	0.333333
mga	kaluluwa	sa	0.238095
mga	kaluluwa	at	0.142857
mga	kaluluwa	ay	0.142857
mga	kalye	ng	0.333333
mga	kalye	sa	0.142857
mga	kalye	at	0.142857
mga	kama	ng	0.750000
mga	kamakailan	lamang	0.750000
mga	kamatayan	sa	0.545455
mga	kamatayan	ng	0.363636
mga	kamay	ng	0.306452
mga	kamay	at	0.306452
mga	kamay	ay	0.080645
mga	kamay	na	0.048387
mga	kamay	sa	0.048387
mga	kambal	na	0.750000
mga	kambing	at	0.750000
mga	kampeon	sa	0.600000
mga	kampo	ng	0.357143
mga	kampo	sa	0.214286
mga	kandidato	ng	0.200000
mga	kandila	at	1.000000
mga	kanser	ay	0.411765
mga	kanser	sa	0.294118
mga	kanta	na	0.260163
mga	kanta	sa	0.162602
mga	kanta	ng	0.130081
mga	kanta	ay	0.105691
mga	kanta	mula	0.105691
mga	kanta	para	0.065041
mga	kanta	at	0.048780
mga	kanta	ang	0.024390
mga	kanta	kasama	0.024390
mga	kapaligiran	na	0.266667
mga	kapaligiran	sa	0.200000
mga	kapanahunan	ng	0.300000
mga	kapangyarihan	ng	0.272727
mga	kapangyarihan	sa	0.272727
mga	kapatid	na	0.600000
mga	kapatid	ay	0.145455
mga	kapatid	at	0.054545
mga	kapatid	sa	0.054545
mga	karagatan	sa	0.250000
mga	karagatan	ng	0.250000
mga	karagdagang	mga	0.218750
mga	karakter	na	0.257576
mga	karakter	at	0.136364
mga	karakter	ng	0.121212
mga	karakter	sa	0.121212
mga	karakter	ay	0.106061
mga	karakter	mula	0.106061
mga	karanasan	sa	0.350000
mga	karanasan	ng	0.300000
mga	karera	sa	0.500000
mga	karne	at	0.333333
mga	kasalanan	ng	0.523810
mga	kasalanan	at	0.238095
mga	kasalanan	ay	0.142857
mga	kasalukuyang	mga	0.173913
mga	kasalukuyang	nabubuhay	0.130435
mga	kasama	sa	0.375000
mga	kasama	na	0.187500
mga	kasama	ay	0.125000
mga	kasama	at	0.093750
mga	kasama	nito	0.093750
mga	kasamahan	ay	0.263158
mga	kasamahan	sa	0.210526
mga	kasamahan	at	0.157895
mga	kasanayan	sa	0.611111
mga	kasanayan	na	0.166667
mga	kasangkapan	na	0.192308
mga	kasangkapan	at	0.153846
mga	kasangkot	na	0.600000
mga	kasaysayan	ng	0.583333
mga	kaso	ng	0.336134
mga	kaso	ang	0.268908
mga	kaso	sa	0.084034
mga	kaso	na	0.067227
mga	kaso	ay	0.058824
mga	kaso	at	0.033613
mga	kaso	kung	0.025210
mga	kasunduan	sa	0.388889
mga	kasunduan	at	0.222222
mga	kasunod	na	1.000000
mga	katangian	ng	0.526718
mga	katangian	na	0.145038
mga	katangian	nito	0.091603
mga	katangian	at	0.076336
mga	katangian	sa	0.038168
mga	katangian	ang	0.030534
mga	katangian	ay	0.022901
mga	katangian	o	0.022901
mga	katapusan	ng	0.600000
mga	katas	ng	0.750000
mga	katawan	ng	0.366667
mga	katawan	na	0.233333
mga	katawan	at	0.133333
mga	katawan	ay	0.100000
mga	katawan	sa	0.100000
mga	kategorya	ng	0.523810
mga	kategorya	na	0.142857
mga	katoliko	na	0.363636
mga	katotohanan	tungkol	0.300000
mga	katulad	na	0.800000
mga	katulong	na	0.500000
mga	katumbas	na	0.666667
mga	katutubo	ng	0.214286
mga	katutubo	ay	0.190476
mga	katutubo	sa	0.142857
mga	katutubo	at	0.119048
mga	katutubo	na	0.095238
mga	kaugnay	na	0.939394
mga	kawalan	ng	1.000000
mga	kemikal	na	0.666667
mga	keso	ay	0.750000
mga	kilala	at	1.000000
mga	kilos	ng	0.411765
mga	kilos	na	0.176471
mga	kilos	sa	0.176471
mga	kinatawan	ng	0.490566
mga	kinatawan	ay	0.150943
mga	kinatawan	mula	0.113208
mga	kinatawan	ang	0.094340
mga	kinatawan	sa	0.056604
mga	klase	sa	0.363636
mga	klase	ng	0.242424
mga	klase	na	0.151515
mga	kolehiyo	at	0.291667
mga	kolehiyo	ng	0.166667
mga	kolehiyo	sa	0.125000
mga	koleksyon	ng	0.666667
mga	kolonya	ng	0.600000
mga	kolonyal	na	1.000000
mga	komersyal	na	0.916667
mga	komiks	na	0.461538
mga	komiks	sa	0.230769
mga	komiks	ay	0.230769
mga	kompyuter	na	0.333333
mga	kompyuter	sa	0.277778
mga	kompyuter	ang	0.166667
mga	komunista	ang	0.294118
mga	komunista	sa	0.176471
mga	komunista	at	0.176471
mga	konseho	ng	0.666667
mga	konsepto	ng	0.384615
mga	konsepto	sa	0.192308
mga	konsepto	at	0.153846
mga	konsepto	na	0.115385
mga	konsiyerto	ng	0.333333
mga	kontinente	ay	0.307692
mga	kontinente	ng	0.307692
mga	kontrata	at	0.500000
mga	kontribusyon	ng	0.500000
mga	kontribusyon	sa	0.300000
mga	kontrol	sa	0.300000
mga	kopya	ng	0.419355
mga	kopya	sa	0.258065
mga	kopya	at	0.096774
mga	korporasyon	na	0.333333
mga	kriminal	na	0.500000
mga	kriminal	at	0.333333
mga	krisis	na	1.000000
mga	kristiyano	sa	0.301887
mga	kristiyano	ay	0.226415
mga	kristiyano	na	0.188679
mga	kristiyano	at	0.094340
mga	kristiyano	ang	0.056604
mga	kritiko	ang	0.197674
mga	kritiko	ng	0.162791
mga	kritiko	at	0.162791
mga	kritiko	na	0.151163
mga	kritiko	sa	0.127907
mga	kritiko	ay	0.046512
mga	kritiko	bilang	0.046512
mga	kulay	ng	0.224490
mga	kulay	na	0.142857
mga	kulay	sa	0.122449
mga	kulay	ang	0.102041
mga	kulay	ay	0.061224
mga	kulay	o	0.061224
mga	kulay	kabilang	0.061224
mga	kultura	ng	0.384615
mga	kultura	sa	0.230769
mga	kumakain	ng	1.000000
mga	kumbinasyon	ng	1.000000
mga	kumpanya	ng	0.520000
mga	kumpanya	na	0.200000
mga	kumpanya	sa	0.160000
mga	kumpol	ng	0.500000
mga	kurso	sa	0.472222
mga	kurso	ng	0.166667
mga	kurso	ay	0.111111
mga	kurso	na	0.111111
mga	kuwadro	na	0.666667
mga	kuwento	ng	0.210526
mga	kuwento	na	0.157895
mga	kuwento	sa	0.157895
mga	kuwento	at	0.122807
mga	kuwento	tungkol	0.087719
mga	kuwento	ay	0.070175
mga	kuwento	ang	0.052632
mga	kwento	ng	0.500000
mga	laban	sa	0.428571
mga	labanan	sa	0.466667
mga	labanan	at	0.200000
mga	labi	ng	0.536232
mga	labi	ay	0.144928
mga	labi	sa	0.072464
mga	labi	at	0.057971
mga	labi	na	0.057971
mga	lahi	ng	0.500000
mga	lalaki	at	0.350649
mga	lalaki	na	0.129870
mga	lalaki	ay	0.090909
mga	lalaki	ang	0.090909
mga	lalaki	sa	0.090909
mga	lalaki	lamang	0.051948
mga	lalaki	ng	0.051948
mga	lalawigan	ng	0.432099
mga	lalawigan	sa	0.160494
mga	lalawigan	at	0.098765
mga	lalawigan	na	0.098765
mga	lalawigan	ang	0.074074
mga	lalawigan	ay	0.037037
mga	laman	ng	0.500000
mga	landas	sa	0.190476
mga	landas	na	0.142857
mga	landas	ay	0.142857
mga	landas	at	0.142857
mga	langis	at	0.600000
mga	larawan	ng	0.362069
mga	larawan	at	0.120690
mga	larawan	sa	0.103448
mga	larawan	ay	0.086207
mga	larawan	na	0.086207
mga	larawan	ang	0.051724
mga	laro	sa	0.198347
mga	laro	ng	0.165289
mga	laro	na	0.140496
mga	laro	ay	0.115702
mga	laro	ang	0.074380
mga	laro	at	0.049587
mga	laro	kung	0.033058
mga	laro	para	0.033058
mga	lawa	ng	0.571429
mga	layer	ng	1.000000
mga	layunin	ng	0.470588
mga	layunin	sa	0.147059
mga	layunin	o	0.088235
mga	layunin	ang	0.088235
mga	leeg	na	1.000000
mga	legal	na	1.000000
mga	liberal	na	0.636364
mga	libingan	ng	0.375000
mga	ligaw	na	0.923077
mga	lihim	na	0.733333
mga	likas	na	1.000000
mga	limitasyon	ng	0.357143
mga	limitasyon	sa	0.285714
mga	link	sa	0.466667
mga	link	ng	0.200000
mga	link	na	0.200000
mga	linya	ng	0.500000
mga	linya	na	0.100000
mga	linya	ay	0.100000
mga	linya	sa	0.062500
mga	linya	ang	0.050000
mga	linya	nito	0.037500
mga	linya	at	0.037500
mga	linya	o	0.037500
mga	lipunan	ng	0.250000
mga	lipunan	at	0.250000
mga	listahan	ng	0.812500
mga	litrato	ng	0.222222
mga	litrato	ang	0.166667
mga	litrato	na	0.166667
mga	lokal	na	0.904459
mga	lokal	at	0.057325
mga	lokasyon	sa	0.400000
mga	lokasyon	ng	0.266667
mga	lugar	na	0.397260
mga	lugar	ng	0.210046
mga	lugar	sa	0.155251
mga	lugar	kung	0.059361
mga	lugar	ay	0.036530
mga	lugar	at	0.027397
mga	lugar	ang	0.027397
mga	lugar	para	0.022831
mga	lugar	gaya	0.013699
mga	luma	at	1.000000
mga	lumahok	na	0.500000
mga	lungsod	sa	0.210227
mga	lungsod	na	0.193182
mga	lungsod	ng	0.164773
mga	lungsod	at	0.125000
mga	lungsod	ay	0.062500
mga	lungsod	ang	0.062500
mga	lungsod	bayan	0.022727
mga	lungsod	ayon	0.017045
mga	lungsod	estado	0.017045
mga	lupa	sa	0.416667
mga	lupain	ng	0.304348
mga	lupain	sa	0.195652
mga	lupain	na	0.195652
mga	lupain	at	0.086957
mga	lyrics	ay	0.363636
mga	lyrics	ng	0.363636
mga	mababaw	na	0.875000
mga	mabilis	na	1.000000
mga	madalas	na	1.000000
mga	magagamit	na	0.750000
mga	magkatulad	na	1.000000
mga	magnanakaw	na	0.600000
mga	magsasaka	ng	0.250000
mga	magsasaka	at	0.218750
mga	magsasaka	ay	0.187500
mga	magsasaka	na	0.187500
mga	magulang	na	0.232394
mga	magulang	ay	0.225352
mga	magulang	at	0.147887
mga	magulang	sa	0.119718
mga	magulang	ng	0.056338
mga	magulang	ang	0.049296
mga	magulang	nito	0.021127
mga	magulang	nang	0.021127
mga	maharlika	sa	0.333333
mga	maharlika	na	0.250000
mga	maharlika	at	0.250000
mga	mahirap	na	1.000000
mga	mahusay	na	0.875000
mga	mainit	na	0.900000
mga	makata	at	0.400000
mga	makina	na	0.363636
mga	malakas	na	0.875000
mga	malalim	na	1.000000
mga	malapit	na	0.733333
mga	malapit	sa	0.266667
mga	maliit	na	0.909091
mga	maliwanag	na	1.000000
mga	malusog	na	1.000000
mga	mamamahayag	na	0.333333
mga	mamamahayag	ang	0.333333
mga	mamamayan	ng	0.435065
mga	mamamayan	nito	0.103896
mga	mamamayan	sa	0.084416
mga	mamamayan	at	0.071429
mga	mamamayan	na	0.071429
mga	mamamayan	ang	0.064935
mga	mamamayan	ay	0.058442
mga	mambabasa	ng	0.400000
mga	mambabasa	na	0.250000
mga	mambabasa	sa	0.150000
mga	mamimili	ang	0.193548
mga	mamimili	sa	0.161290
mga	mamimili	at	0.161290
mga	mamimili	na	0.129032
mga	mamimili	ng	0.129032
mga	mamimili	ay	0.096774
mga	mananalaysay	ng	0.375000
mga	mananaliksik	ay	0.300000
mga	mananaliksik	ang	0.225000
mga	mananaliksik	sa	0.200000
mga	mananaliksik	ng	0.125000
mga	mananaliksik	na	0.100000
mga	mananampalataya	sa	0.266667
mga	mananampalataya	na	0.200000
mga	mananayaw	na	0.333333
mga	mandirigma	na	0.214286
mga	mandirigma	ang	0.214286
mga	mangangalakal	at	0.214286
mga	mangangalakal	na	0.214286
mga	mangangalakal	ng	0.178571
mga	manggagamot	na	0.266667
mga	manggagamot	ng	0.200000
mga	manggagawa	sa	0.338983
mga	manggagawa	ng	0.288136
mga	manggagawa	ay	0.084746
mga	manggagawa	na	0.084746
mga	manggagawa	at	0.050847
mga	manlalakbay	na	0.571429
mga	manlalaro	ay	0.275591
mga	manlalaro	ng	0.181102
mga	manlalaro	na	0.157480
mga	manlalaro	sa	0.125984
mga	manlalaro	ang	0.110236
mga	manlalaro	at	0.055118
mga	manlalaro	mula	0.031496
mga	manok	na	0.428571
mga	manonood	sa	0.215686
mga	manonood	na	0.215686
mga	manonood	ng	0.176471
mga	manonood	ang	0.098039
mga	manonood	ay	0.078431
mga	manunulat	ng	0.363636
mga	manunulat	na	0.181818
mga	manunulat	at	0.166667
mga	manunulat	sa	0.106061
mga	manunulat	ay	0.045455
mga	manunulat	ang	0.045455
mga	mapa	ng	0.368421
mga	mapa	at	0.157895
mga	mapagkukunan	ng	0.500000
mga	mapagkukunan	at	0.187500
mga	mapanganib	na	0.857143
mga	marahas	na	1.000000
mga	marka	ng	0.333333
mga	marka	sa	0.208333
mga	marka	ay	0.166667
mga	mas	maliit	0.360000
mga	mas	bagong	0.140000
mga	mas	batang	0.120000
mga	mas	mataas	0.100000
mga	mas	malaki	0.060000
mga	mata	at	0.203704
mga	mata	ng	0.166667
mga	mata	sa	0.129630
mga	mata	ay	0.074074
mga	mata	nito	0.074074
mga	mata	ang	0.074074
mga	mataas	na	0.846154
mga	matagumpay	na	1.000000
mga	matatag	na	1.000000
mga	matatanda	ang	0.200000
mga	matatanda	na	0.200000
mga	matatanda	ay	0.150000
mga	matatanda	at	0.150000
mga	materyal	na	0.481481
mga	may	kapansanan	0.111111
mga	may	sakit	0.111111
mga	may	edad	0.069444
mga	may	kapangyarihan	0.041667
mga	may	sapat	0.041667
mga	may	mataas	0.041667
mga	medalya	ay	0.240000
mga	medalya	ng	0.240000
mga	medalya	sa	0.160000
mga	medalya	para	0.160000
mga	medikal	na	1.000000
mga	mekanikal	na	1.000000
mga	mekanismo	na	0.500000
mga	merkado	ng	0.500000
mga	metal	na	0.411765
mga	metal	at	0.176471
mga	metro	ang	0.375000
mga	metro	at	0.250000
mga	metro	sa	0.208333
mga	mga	taon	0.142857
mga	militar	ang	0.333333
mga	milya	sa	0.333333
mga	milya	ang	0.333333
mga	milyon	na	0.600000
mga	ministro	ng	0.440000
mga	ministro	ay	0.160000
mga	ministro	at	0.120000
mga	misteryo	ng	0.500000
mga	misyon	ng	0.300000
mga	miyembro	ng	0.670659
mga	miyembro	nito	0.095808
mga	miyembro	ay	0.071856
mga	miyembro	na	0.035928
mga	miyembro	sa	0.035928
mga	miyembro	at	0.023952
mga	mode	ng	0.444444
mga	modelo	ng	0.428571
mga	modelo	na	0.142857
mga	modelo	ay	0.107143
mga	molekula	ay	0.625000
mga	moral	na	1.000000
mga	mukha	ng	0.555556
mga	mukha	na	0.166667
mga	mula	sa	1.000000
mga	multo	na	0.500000
mga	musikal	na	0.500000
mga	musikero	na	0.400000
mga	musikero	sa	0.200000
mga	muslim	ay	0.197674
mga	muslim	ang	0.197674
mga	muslim	sa	0.186047
mga	muslim	na	0.174419
mga	muslim	at	0.116279
mga	nabubuhay	na	0.500000
mga	nabubuhay	sa	0.166667
mga	nagmula	sa	1.000000
mga	nagsasalita	ng	0.863636
mga	nagwagi	sa	0.555556
mga	nagwagi	ng	0.444444
mga	nakakatakot	na	1.000000
mga	nakaligtas	sa	0.310345
mga	nakaligtas	na	0.310345
mga	nakaligtas	ay	0.172414
mga	nakaligtas	ang	0.103448
mga	nakamamatay	na	1.000000
mga	nakapalibot	na	1.000000
mga	nakasulat	na	1.000000
mga	nakatataas	na	0.750000
mga	nararapat	na	1.000000
mga	nasa	sapat	0.100000
mga	natural	na	0.941176
mga	nauugnay	na	0.833333
mga	nayon	ng	0.454545
mga	nayon	at	0.227273
mga	negosyo	sa	0.272727
mga	negosyo	at	0.242424
mga	negosyo	ng	0.090909
mga	network	ng	0.529412
mga	network	ay	0.235294
mga	ng	mga	0.312500
mga	ng	populasyon	0.187500
mga	ngipin	ay	0.200000
mga	ngipin	at	0.160000
mga	ngipin	na	0.160000
mga	ngipin	ng	0.120000
mga	nilalaman	ng	0.642857
mga	nilalaman	nito	0.107143
mga	nilalaman	sa	0.107143
mga	nilalang	na	0.583333
mga	nilalang	sa	0.138889
mga	nilalang	ng	0.111111
mga	nilalang	ay	0.083333
mga	ninuno	ng	0.512195
mga	ninuno	ay	0.121951
mga	ninuno	na	0.073171
mga	nobela	mga	0.150000
mga	nobela	ay	0.150000
mga	nobela	at	0.150000
mga	nobela	sa	0.150000
mga	nobela	ng	0.150000
mga	nominasyon	ng	0.350000
mga	nominasyon	para	0.250000
mga	nominasyon	kabilang	0.150000
mga	normal	na	1.000000
mga	numero	ng	0.413793
mga	numero	ay	0.241379
mga	numero	at	0.137931
mga	numero	na	0.103448
mga	obispo	ng	0.380952
mga	obispo	sa	0.190476
mga	obispo	at	0.166667
mga	obispo	na	0.095238
mga	online	na	0.750000
mga	operasyon	ng	0.459459
mga	operasyon	ay	0.135135
mga	operasyon	sa	0.108108
mga	operasyon	nito	0.081081
mga	operasyon	at	0.081081
mga	opisina	ng	0.727273
mga	opisyal	ng	0.480769
mga	opisyal	na	0.378205
mga	opisyal	at	0.032051
mga	opisyal	sa	0.032051
mga	opisyal	ang	0.032051
mga	oras	na	0.432432
mga	oras	ng	0.189189
mga	oras	at	0.081081
mga	organisasyon	ng	0.333333
mga	organisasyon	na	0.222222
mga	organisasyon	at	0.166667
mga	organismo	ay	0.256410
mga	organismo	na	0.205128
mga	organismo	sa	0.128205
mga	orihinal	na	0.934426
mga	orihinal	at	0.049180
mga	ospital	mga	0.200000
mga	ospital	ay	0.200000
mga	paa	ay	0.148148
mga	paa	ng	0.148148
mga	paa	at	0.111111
mga	paa	ang	0.111111
mga	paaralan	sa	0.209877
mga	paaralan	at	0.197531
mga	paaralan	ng	0.135802
mga	paaralan	ay	0.123457
mga	paaralan	na	0.086420
mga	paaralan	para	0.037037
mga	paaralan	ang	0.037037
mga	pabor	na	0.375000
mga	pabor	sa	0.375000
mga	pabrika	ng	0.300000
mga	pader	ng	0.393939
mga	pader	na	0.212121
mga	pader	at	0.151515
mga	pagawaan	ng	0.555556
mga	pagbabago	sa	0.715596
mga	pagbabago	ng	0.073394
mga	pagbabago	ay	0.064220
mga	pagbabago	na	0.036697
mga	pagbabago	ang	0.027523
mga	pagbabagong	ito	0.782609
mga	pagdiriwang	ng	0.217391
mga	pagdiriwang	sa	0.217391
mga	pagdiriwang	at	0.130435
mga	pagdiriwang	na	0.130435
mga	paggalaw	ng	0.750000
mga	paggamit	na	0.333333
mga	pagganap	sa	0.555556
mga	paghihigpit	sa	0.714286
mga	paghihirap	na	0.500000
mga	pagitan	ng	0.750000
mga	pagkain	at	0.275000
mga	pagkain	ay	0.125000
mga	pagkain	ang	0.075000
mga	pagkain	sa	0.075000
mga	pagkakaiba	sa	0.369565
mga	pagkakaiba	iba	0.260870
mga	pagkakaiba	ng	0.195652
mga	pagkakamali	sa	0.416667
mga	pagkakataon	na	0.272727
mga	pagkakataon	ang	0.151515
mga	pagkakataon	ng	0.121212
mga	pagkakataon	kung	0.121212
mga	pagkakataon	para	0.090909
mga	pagkakatulad	sa	0.666667
mga	paglabag	sa	0.700000
mga	paglalakbay	na	0.315789
mga	paglalakbay	ng	0.210526
mga	paglalakbay	sa	0.157895
mga	paglalarawan	ng	0.416667
mga	paglalarawan	ay	0.250000
mga	paglilibot	sa	0.600000
mga	paglilitis	sa	0.500000
mga	pagpapabuti	sa	0.555556
mga	pagpapakamatay	ay	0.600000
mga	pagpapakita	ng	0.375000
mga	pagpapakita	ay	0.187500
mga	pagpapakita	sa	0.187500
mga	pagpupulong	na	0.285714
mga	pagpupulong	ng	0.214286
mga	pagsalakay	sa	0.333333
mga	pagsalakay	ng	0.333333
mga	pagsasalin	ng	0.555556
mga	pagsasanay	na	0.555556
mga	pagsisikap	sa	0.333333
mga	pagsisikap	na	0.190476
mga	pagsisikap	ng	0.190476
mga	pagsisiyasat	na	0.428571
mga	pagsubok	sa	0.240000
mga	pagsubok	na	0.200000
mga	pagsubok	ng	0.160000
mga	pagsubok	para	0.120000
mga	pagsukat	ng	1.000000
mga	pagsusuri	sa	0.240741
mga	pagsusuri	ng	0.240741
mga	pagsusuri	mula	0.111111
mga	pagsusuri	at	0.092593
mga	pagsusuri	na	0.092593
mga	pagsusuri	para	0.074074
mga	pagsusuri	ayon	0.055556
mga	pagtatanghal	ng	0.333333
mga	pagtatanghal	na	0.166667
mga	pagtatanghal	sa	0.166667
mga	pagtutol	sa	1.000000
mga	pagtuturo	at	0.461538
mga	pagtuturo	ng	0.230769
mga	pahayag	na	0.425000
mga	pahayag	sa	0.175000
mga	pahayag	ng	0.150000
mga	pahayagan	sa	0.285714
mga	pahayagan	ng	0.190476
mga	pahayagan	na	0.142857
mga	pahina	ng	0.464286
mga	pahina	na	0.107143
mga	pahina	ay	0.107143
mga	pahina	sa	0.107143
mga	pakpak	na	0.250000
mga	pakpak	ng	0.208333
mga	pakpak	at	0.166667
mga	paksa	ng	0.282051
mga	paksa	ang	0.128205
mga	paksa	sa	0.128205
mga	paksa	ay	0.102564
mga	paksa	na	0.102564
mga	palabas	sa	0.513158
mga	palabas	na	0.223684
mga	palabas	ng	0.065789
mga	palabas	ay	0.039474
mga	palabas	nito	0.039474
mga	palabas	at	0.039474
mga	palapag	sa	0.600000
mga	palasyo	ng	0.666667
mga	palayok	at	0.600000
mga	paligsahan	ng	0.500000
mga	paliparan	na	0.307692
mga	palitan	ng	0.714286
mga	pamagat	ng	0.235294
mga	pamagat	ay	0.176471
mga	pamagat	at	0.176471
mga	pamahalaan	ng	0.350000
mga	pamahalaan	sa	0.150000
mga	pamahalaan	at	0.150000
mga	pamamaraan	ng	0.291667
mga	pamamaraan	sa	0.187500
mga	pamamaraan	na	0.145833
mga	pamamaraan	at	0.125000
mga	pamamaraan	ay	0.104167
mga	pamamaraan	para	0.062500
mga	pamana	ng	0.750000
mga	pamantayan	ng	0.440000
mga	pamantayan	sa	0.280000
mga	pamantayan	at	0.120000
mga	pamayanan	na	0.310345
mga	pamayanan	ng	0.275862
mga	pamayanan	sa	0.206897
mga	pambansa	at	1.000000
mga	pamilya	ng	0.304348
mga	pamilya	na	0.239130
mga	pamilya	ay	0.108696
mga	pamilya	sa	0.108696
mga	pamilya	at	0.086957
mga	pamilyar	na	1.000000
mga	panahon	ng	0.392857
mga	panahon	na	0.196429
mga	panahon	sa	0.089286
mga	panahon	ang	0.089286
mga	panahon	ay	0.053571
mga	panahon	at	0.053571
mga	panalangin	at	0.300000
mga	pananaliksik	na	0.444444
mga	pananaliksik	sa	0.333333
mga	pananaw	ng	0.205882
mga	pananaw	na	0.176471
mga	pananaw	ay	0.176471
mga	pananaw	sa	0.147059
mga	pananaw	tungkol	0.088235
mga	pananaw	at	0.088235
mga	pananim	na	0.250000
mga	panayam	sa	0.571429
mga	panayam	na	0.214286
mga	pangalan	ng	0.488372
mga	pangalan	na	0.093023
mga	pangalan	sa	0.093023
mga	pangalan	ay	0.081395
mga	pangalan	at	0.046512
mga	pangangailangan	ng	0.677419
mga	panganib	sa	0.333333
mga	panghuli	ng	1.000000
mga	panginoon	ay	0.363636
mga	panginoon	na	0.272727
mga	pangkat	ng	0.418803
mga	pangkat	na	0.239316
mga	pangkat	etniko	0.111111
mga	pangkat	at	0.042735
mga	pangkat	sa	0.042735
mga	pangunahing	lungsod	0.078125
mga	pangunahing	mga	0.057292
mga	pangunahing	tauhan	0.041667
mga	pangunahing	industriya	0.026042
mga	pangunahing	tampok	0.020833
mga	pangunahing	ilog	0.015625
mga	pangunahing	layunin	0.015625
mga	pangunahing	lugar	0.015625
mga	pangunahing	host	0.015625
mga	pangunahing	pagbabago	0.015625
mga	pangunahing	uri	0.015625
mga	pangungusap	na	0.500000
mga	pangyayari	sa	0.447368
mga	pangyayari	na	0.131579
mga	pangyayari	at	0.118421
mga	pangyayari	ng	0.078947
mga	pangyayari	ay	0.065789
mga	pangyayari	ang	0.052632
mga	paniniwala	at	0.333333
mga	paniniwala	sa	0.125000
mga	paniniwala	ng	0.125000
mga	panlabas	na	0.875000
mga	panloob	na	1.000000
mga	panukala	ng	0.250000
mga	papel	na	0.555556
mga	papel	sa	0.222222
mga	papel	ng	0.111111
mga	paraan	ng	0.460000
mga	paraan	at	0.080000
mga	paraan	kung	0.080000
mga	paraan	kabilang	0.060000
mga	paraan	na	0.060000
mga	paraan	sa	0.060000
mga	parangal	sa	0.176471
mga	parangal	at	0.176471
mga	parangal	na	0.137255
mga	parangal	ng	0.117647
mga	parangal	kabilang	0.098039
mga	parangal	ay	0.078431
mga	parangal	para	0.078431
mga	parangal	mula	0.058824
mga	paratang	na	0.352941
mga	paratang	ng	0.235294
mga	pares	ng	0.363636
mga	pares	na	0.363636
mga	pari	at	0.261905
mga	pari	ng	0.166667
mga	pari	ang	0.119048
mga	pari	nito	0.095238
mga	pari	sa	0.095238
mga	pari	na	0.071429
mga	parirala	na	0.500000
mga	partikular	na	1.000000
mga	pasahero	ay	0.196078
mga	pasahero	at	0.176471
mga	pasahero	sa	0.176471
mga	pasahero	ang	0.137255
mga	pasahero	na	0.078431
mga	pasilidad	ng	0.279070
mga	pasilidad	sa	0.186047
mga	pasilidad	para	0.186047
mga	pasilidad	ay	0.116279
mga	pasilidad	na	0.116279
mga	pasilidad	at	0.069767
mga	paso	sa	0.285714
mga	paso	ay	0.238095
mga	paso	na	0.190476
mga	pasyente	ng	0.312500
mga	pasyente	na	0.250000
mga	patakaran	ng	0.322581
mga	patakaran	at	0.209677
mga	patakaran	sa	0.193548
mga	patakaran	para	0.080645
mga	patakaran	ay	0.064516
mga	patakaran	na	0.048387
mga	patalastas	na	0.285714
mga	patalastas	ng	0.214286
mga	patay	na	0.451613
mga	patay	ng	0.161290
mga	patay	sa	0.161290
mga	patay	ay	0.096774
mga	pattern	ng	0.600000
mga	payak	na	0.777778
mga	pederal	na	1.000000
mga	pelikula	ng	0.278146
mga	pelikula	at	0.165563
mga	pelikula	sa	0.119205
mga	pelikula	na	0.105960
mga	pelikula	ay	0.079470
mga	pelikula	ang	0.052980
mga	pelikula	kabilang	0.033113
mga	pelikula	mga	0.026490
mga	pera	ay	0.500000
mga	personal	na	1.000000
mga	petsa	ng	0.333333
mga	petsa	ay	0.190476
mga	pigura	ng	0.500000
mga	piling	tao	0.304348
mga	pilosopo	sa	0.260870
mga	pilosopo	ang	0.217391
mga	pilosopo	na	0.130435
mga	piloto	ay	0.300000
mga	pinagmulan	ng	0.571429
mga	pinagmulan	nito	0.285714
mga	pinakamahusay	na	0.882353
mga	pinakamahusay	sa	0.088235
mga	pinakamataas	na	0.900000
mga	pinsala	sa	0.833333
mga	pinto	at	0.500000
mga	pintor	na	0.800000
mga	pintuan	ng	0.437500
mga	pintuan	at	0.250000
mga	pinuno	ng	0.651685
mga	pinuno	sa	0.078652
mga	pinuno	ay	0.056180
mga	pinuno	at	0.056180
mga	pinuno	nito	0.056180
mga	pinuno	na	0.056180
mga	piraso	ng	0.645161
mga	piraso	na	0.129032
mga	piraso	ay	0.129032
mga	pirata	at	0.625000
mga	pisikal	na	0.928571
mga	planeta	na	0.235294
mga	planeta	ay	0.176471
mga	plano	para	0.333333
mga	plano	sa	0.200000
mga	plano	na	0.166667
mga	plano	ay	0.100000
mga	politiko	at	0.444444
mga	pondo	para	0.235294
mga	pondo	na	0.176471
mga	pondo	sa	0.176471
mga	populasyon	ng	0.647059
mga	populasyon	ay	0.235294
mga	pormal	na	1.000000
mga	posisyon	ng	0.333333
mga	posisyon	sa	0.333333
mga	posisyon	na	0.148148
mga	posisyon	at	0.111111
mga	poste	ng	0.375000
mga	poster	na	0.600000
mga	potensyal	na	1.000000
mga	praktikal	na	0.857143
mga	pranses	at	0.235294
mga	pranses	sa	0.176471
mga	pranses	ang	0.176471
mga	presyo	ng	0.305556
mga	presyo	sa	0.138889
mga	presyo	na	0.138889
mga	presyo	at	0.111111
mga	presyo	ang	0.083333
mga	presyo	ay	0.083333
mga	pribado	at	1.000000
mga	prinsipyo	ng	0.766667
mga	probisyon	ng	0.444444
mga	probisyon	para	0.333333
mga	problema	sa	0.513514
mga	problema	ng	0.148649
mga	problema	ang	0.094595
mga	problema	na	0.067568
mga	problema	at	0.054054
mga	problema	ay	0.040541
mga	produkto	ng	0.371795
mga	produkto	na	0.141026
mga	produkto	at	0.128205
mga	produkto	ay	0.076923
mga	produkto	o	0.064103
mga	produkto	sa	0.051282
mga	produkto	nito	0.038462
mga	produkto	ang	0.038462
mga	programa	sa	0.450000
mga	programa	ng	0.180000
mga	programa	na	0.090000
mga	programa	at	0.050000
mga	programa	nito	0.050000
mga	programa	ay	0.040000
mga	programa	mula	0.040000
mga	programa	para	0.040000
mga	propesor	ng	0.333333
mga	propesor	at	0.333333
mga	propesyonal	na	0.666667
mga	propesyonal	sa	0.222222
mga	propeta	na	0.307692
mga	propeta	ng	0.230769
mga	proseso	ng	0.300000
mga	proseso	sa	0.133333
mga	proseso	ay	0.133333
mga	proseso	na	0.133333
mga	protesta	sa	0.444444
mga	protina	na	0.555556
mga	proyekto	sa	0.300000
mga	proyekto	ng	0.200000
mga	proyekto	para	0.100000
mga	proyekto	na	0.100000
mga	prutas	at	0.250000
mga	prutas	na	0.187500
mga	pulis	na	0.302326
mga	pulis	at	0.162791
mga	pulis	ang	0.162791
mga	pulis	ng	0.139535
mga	pulis	sa	0.069767
mga	puna	sa	0.600000
mga	pundamental	na	1.000000
mga	pundasyon	ng	0.714286
mga	puno	ng	0.361702
mga	puno	at	0.255319
mga	puno	na	0.148936
mga	puno	sa	0.085106
mga	puno	ay	0.063830
mga	punto	ng	0.454545
mga	punto	sa	0.181818
mga	puntos	na	0.272727
mga	puti	at	0.333333
mga	puwersa	ng	0.789474
mga	puwersa	ay	0.157895
mga	radikal	na	0.833333
mga	random	na	0.600000
mga	rate	ng	0.833333
mga	rebelde	na	0.352941
mga	rebelde	ay	0.176471
mga	rebelde	sa	0.176471
mga	rebelde	ang	0.176471
mga	refugee	ng	0.333333
mga	regalo	sa	0.533333
mga	regalo	mula	0.200000
mga	regular	na	1.000000
mga	regulasyon	ng	0.444444
mga	rehiyon	ng	0.400000
mga	rehiyon	sa	0.133333
mga	rehiyon	na	0.116667
mga	rehiyon	ay	0.083333
mga	rehiyon	at	0.083333
mga	rekomendasyon	sa	0.444444
mga	rekord	na	0.375000
mga	rekord	sa	0.250000
mga	rekord	ng	0.187500
mga	relasyon	sa	0.409091
mga	relasyon	ng	0.272727
mga	relihiyon	ng	0.357143
mga	relihiyon	na	0.214286
mga	reporma	sa	0.333333
mga	reporma	at	0.142857
mga	residente	ng	0.327586
mga	residente	na	0.155172
mga	residente	ang	0.120690
mga	residente	sa	0.103448
mga	residente	ay	0.103448
mga	residente	nito	0.051724
mga	residente	mula	0.051724
mga	restawran	ng	0.333333
mga	restawran	na	0.166667
mga	restawran	at	0.166667
mga	resulta	ng	0.369231
mga	resulta	ay	0.184615
mga	resulta	na	0.184615
mga	resulta	sa	0.107692
mga	riles	ng	0.357143
mga	riles	na	0.214286
mga	ritwal	na	0.416667
mga	ritwal	ng	0.208333
mga	ritwal	ay	0.125000
mga	ritwal	at	0.125000
mga	rosas	na	0.750000
mga	ruta	ng	0.500000
mga	ruta	sa	0.312500
mga	sagot	sa	0.375000
mga	sahod	ng	0.428571
mga	sakit	na	0.412698
mga	sakit	sa	0.269841
mga	sakit	ng	0.142857
mga	sakit	ay	0.063492
mga	sakit	ang	0.047619
mga	saklaw	ng	0.600000
mga	saksi	sa	0.176471
mga	saksi	ay	0.176471
mga	saksi	na	0.176471
mga	salaysay	na	0.322581
mga	salaysay	ng	0.225806
mga	salaysay	sa	0.129032
mga	salaysay	ay	0.096774
mga	salik	na	0.304348
mga	salik	ng	0.260870
mga	salik	sa	0.173913
mga	salita	ng	0.196262
mga	salita	ay	0.158879
mga	salita	sa	0.149533
mga	salita	at	0.112150
mga	salita	na	0.074766
mga	salita	o	0.065421
mga	salita	ang	0.056075
mga	salita	mula	0.046729
mga	salita	parirala	0.028037
mga	salita	para	0.028037
mga	samahan	at	0.235294
mga	samahan	sa	0.235294
mga	samahan	na	0.176471
mga	sanaysay	sa	0.375000
mga	sandali	ng	0.500000
mga	sangay	ng	0.481481
mga	sangay	na	0.222222
mga	sangay	sa	0.111111
mga	sanggol	at	0.347826
mga	sanggol	na	0.304348
mga	sanggol	ng	0.130435
mga	sanggunian	sa	0.200000
mga	sanggunian	ay	0.166667
mga	sanggunian	ng	0.100000
mga	sanggunian	siya	0.100000
mga	sanggunian	na	0.100000
mga	sangkap	na	0.230769
mga	sangkap	sa	0.205128
mga	sangkap	ng	0.179487
mga	sangkap	nito	0.102564
mga	sangkap	at	0.076923
mga	santo	at	0.347826
mga	santo	sa	0.173913
mga	santo	ay	0.130435
mga	sarili	bilang	0.307692
mga	sarili	na	0.179487
mga	sarili	at	0.153846
mga	sarili	nito	0.153846
mga	sarili	sa	0.076923
mga	sasakyan	ay	0.280000
mga	sasakyan	sa	0.200000
mga	sasakyan	ng	0.120000
mga	sasakyan	at	0.120000
mga	sasakyang	pandagat	0.636364
mga	sasakyang	dagat	0.272727
mga	sayaw	na	0.375000
mga	sekswal	na	0.888889
mga	seksyon	sa	0.416667
mga	seksyon	ng	0.250000
mga	sektor	ng	0.500000
mga	sekular	na	1.000000
mga	selyo	at	0.500000
mga	senador	na	0.444444
mga	senador	sa	0.333333
mga	serbisyo	sa	0.356322
mga	serbisyo	ng	0.298851
mga	serbisyo	na	0.068966
mga	serbisyo	at	0.045977
mga	serbisyo	para	0.034483
mga	serbisyo	ang	0.034483
mga	serbisyo	ay	0.034483
mga	serbisyo	papunta	0.034483
mga	serbisyo	nito	0.034483
mga	seremonya	ng	0.600000
mga	serye	ng	0.513514
mga	serye	sa	0.135135
mga	serye	ay	0.108108
mga	serye	na	0.081081
mga	sibil	na	0.333333
mga	sibilyan	sa	0.333333
mga	sibilyan	na	0.277778
mga	sikat	na	0.942857
mga	silid	ng	0.375000
mga	simbahan	at	0.272727
mga	simbahan	sa	0.250000
mga	simbahan	ng	0.204545
mga	simbahan	ay	0.090909
mga	simbahan	na	0.090909
mga	simbolo	ng	0.310345
mga	simbolo	para	0.137931
mga	simbolo	sa	0.103448
mga	sinag	sa	0.428571
mga	sinaunang	panahon	0.111111
mga	sinaunang	tao	0.079365
mga	sinaunang	wika	0.063492
mga	sinaunang	panitikan	0.047619
mga	sinaunang	mga	0.047619
mga	sinaunang	muslim	0.047619
mga	sining	ng	0.352941
mga	sining	at	0.294118
mga	sintomas	ay	0.254902
mga	sintomas	ng	0.205882
mga	sintomas	na	0.186275
mga	sintomas	ang	0.058824
mga	sintomas	at	0.049020
mga	sintomas	nito	0.039216
mga	sintomas	kung	0.029412
mga	sintomas	sa	0.029412
mga	sistema	ng	0.767857
mga	sistema	sa	0.053571
mga	sitwasyon	na	0.307692
mga	siyam	na	0.800000
mga	siyentipiko	ay	0.204082
mga	siyentipiko	ang	0.204082
mga	siyentipiko	at	0.142857
mga	siyentipiko	sa	0.142857
mga	siyentipiko	na	0.122449
mga	siyentipiko	ng	0.081633
mga	solo	na	0.333333
mga	solusyon	sa	0.437500
mga	sona	ng	0.600000
mga	sugat	at	0.230769
mga	sukat	ng	0.558824
mga	sukat	ay	0.088235
mga	sukat	na	0.088235
mga	sulat	na	0.375000
mga	sulat	sa	0.187500
mga	sulat	ng	0.156250
mga	sulat	at	0.093750
mga	sumasalungat	na	0.500000
mga	sumasalungat	sa	0.500000
mga	sumunod	na	0.957746
mga	sumusunod	na	0.626374
mga	sumusunod	ay	0.175824
mga	sumusunod	ang	0.054945
mga	sumusunod	sa	0.054945
mga	sundalo	ng	0.215385
mga	sundalo	na	0.200000
mga	sundalo	ay	0.153846
mga	sundalo	ang	0.123077
mga	sundalo	at	0.123077
mga	sundalo	sa	0.076923
mga	sungay	na	0.300000
mga	sungay	sa	0.300000
mga	susog	na	0.500000
mga	susog	sa	0.500000
mga	susunod	na	0.953488
mga	tag	init	0.454545
mga	tagagawa	ng	0.700000
mga	tagahanga	ng	0.307692
mga	tagahanga	na	0.115385
mga	tagahanga	ay	0.115385
mga	tagahanga	at	0.115385
mga	tagahanga	ang	0.096154
mga	tagahanga	sa	0.057692
mga	tagapagsalita	ng	0.500000
mga	tagapagsalita	nito	0.250000
mga	tagapagtaguyod	ng	0.600000
mga	tagapagtatag	ng	0.750000
mga	tagapakinig	at	0.461538
mga	tagapakinig	sa	0.230769
mga	tagasunod	na	0.166667
mga	tagasunod	ng	0.166667
mga	tagasunod	sa	0.138889
mga	tagasunod	ay	0.138889
mga	tagasunod	nito	0.138889
mga	tagasunod	at	0.083333
mga	tagasuporta	ng	0.416667
mga	tagasuporta	at	0.250000
mga	tagumpay	at	0.250000
mga	tagumpay	sa	0.250000
mga	tainga	at	0.375000
mga	takip	ng	0.666667
mga	tala	ng	0.585366
mga	tala	sa	0.121951
mga	tala	at	0.073171
mga	talakayan	sa	0.375000
mga	talata	ng	0.300000
mga	talata	sa	0.250000
mga	talata	na	0.150000
mga	tampok	na	0.482759
mga	tampok	ng	0.172414
mga	tampok	at	0.103448
mga	tanawin	sa	0.294118
mga	tanawin	ng	0.176471
mga	tanda	ng	0.500000
mga	tanda	at	0.187500
mga	tangkay	na	0.500000
mga	tangke	na	0.571429
mga	tanong	na	0.444444
mga	tanong	ng	0.222222
mga	tanyag	na	0.941176
mga	tao	na	0.193154
mga	tao	sa	0.177262
mga	tao	ay	0.162592
mga	tao	ang	0.100244
mga	tao	at	0.096577
mga	tao	ng	0.083130
mga	tao	mula	0.025672
mga	tao	bilang	0.017115
mga	tao	kung	0.011002
mga	tao	o	0.009780
mga	tao	habang	0.007335
mga	tao	dahil	0.007335
mga	tao	nito	0.006112
mga	tao	para	0.006112
mga	tao	tungkol	0.004890
mga	tao	hindi	0.004890
mga	tao	kahit	0.004890
mga	tao	laban	0.004890
mga	tao	ngunit	0.004890
mga	tao	lalo	0.004890
mga	tao	gamit	0.003667
mga	tao	doon	0.003667
mga	tao	mga	0.003667
mga	taon	ng	0.223776
mga	taon	na	0.181818
mga	taon	ang	0.118881
mga	taon	at	0.083916
mga	taon	sa	0.076923
mga	taon	pagkatapos	0.034965
mga	taon	ay	0.027972
mga	taon	hanggang	0.027972
mga	taon	mas	0.020979
mga	tapat	na	1.000000
mga	target	na	1.000000
mga	tatak	sa	0.375000
mga	tatak	na	0.187500
mga	tatak	ng	0.187500
mga	tatanggap	ng	0.750000
mga	tauhan	ng	0.290598
mga	tauhan	sa	0.128205
mga	tauhan	na	0.111111
mga	tauhan	ay	0.111111
mga	tauhan	at	0.111111
mga	tauhan	ang	0.059829
mga	tauhan	nito	0.042735
mga	tauhan	o	0.034188
mga	teknikal	na	1.000000
mga	tema	ng	0.357143
mga	tema	sa	0.214286
mga	temperatura	ng	0.466667
mga	templo	at	0.333333
mga	templo	sa	0.190476
mga	teoretikal	na	0.800000
mga	teorya	ng	0.294118
mga	teorya	ang	0.176471
mga	teritoryo	sa	0.277778
mga	teritoryo	na	0.222222
mga	teritoryo	ng	0.222222
mga	termino	ng	0.515152
mga	termino	na	0.121212
mga	termino	ay	0.090909
mga	tiket	na	0.208333
mga	tiket	para	0.208333
mga	tiket	sa	0.208333
mga	tiket	ay	0.208333
mga	tinatawag	na	1.000000
mga	tindahan	ng	0.294118
mga	tindahan	sa	0.205882
mga	tindahan	na	0.147059
mga	tindahan	at	0.117647
mga	tinedyer	na	0.666667
mga	tipikal	na	1.000000
mga	tirahan	ng	0.333333
mga	tirahan	sa	0.250000
mga	tiyak	na	0.968750
mga	tore	ng	0.600000
mga	trabaho	sa	0.352941
mga	tradisyon	ng	0.300000
mga	tradisyon	at	0.200000
mga	tradisyonal	na	0.933333
mga	trak	ng	0.454545
mga	transaksyon	ay	0.375000
mga	tren	na	0.295455
mga	tren	ng	0.227273
mga	tren	ay	0.204545
mga	tren	mula	0.090909
mga	tren	ang	0.068182
mga	tribo	ay	0.210526
mga	tribo	ang	0.157895
mga	tribo	ng	0.157895
mga	tropa	ng	0.444444
mga	tropikal	na	0.750000
mga	tsart	ng	0.470588
mga	tsart	sa	0.352941
mga	tugon	sa	0.666667
mga	tula	na	0.200000
mga	tula	ay	0.181818
mga	tula	sa	0.145455
mga	tula	ang	0.145455
mga	tula	at	0.127273
mga	tulay	ay	0.333333
mga	tuldok	sa	0.444444
mga	tulong	sa	0.750000
mga	tumor	na	0.600000
mga	tunay	na	0.935484
mga	tungkol	sa	1.000000
mga	tungkulin	ng	0.311475
mga	tungkulin	sa	0.245902
mga	tungkulin	at	0.098361
mga	tungkulin	ang	0.065574
mga	tungkulin	nito	0.049180
mga	tunog	na	0.472222
mga	tunog	ng	0.250000
mga	tunog	mula	0.083333
mga	tuntunin	ng	0.703704
mga	tuntunin	sa	0.148148
mga	turista	sa	0.307692
mga	turista	at	0.269231
mga	turista	ang	0.115385
mga	turista	na	0.115385
mga	turo	ng	0.600000
mga	ugat	ng	0.351351
mga	ugat	na	0.216216
mga	ugat	nito	0.108108
mga	ugat	at	0.108108
mga	ugat	sa	0.081081
mga	ugnayan	sa	0.526316
mga	ugnayan	ng	0.157895
mga	ulap	ng	0.375000
mga	ulat	ng	0.224490
mga	ulat	na	0.183673
mga	ulat	sa	0.163265
mga	ulat	ang	0.081633
mga	ulat	mula	0.061224
mga	ulo	ng	0.444444
mga	umiiral	na	0.964286
mga	umuunlad	na	1.000000
mga	umuusbong	na	1.000000
mga	unibersidad	sa	0.515152
mga	unibersidad	ay	0.121212
mga	unibersidad	ng	0.121212
mga	unibersidad	at	0.090909
mga	unibersidad	na	0.090909
mga	uri	ng	0.795000
mga	uri	ay	0.035000
mga	uri	na	0.030000
mga	uri	nito	0.020000
mga	uri	at	0.020000
mga	uri	ang	0.020000
mga	uri	sa	0.015000
mga	utang	na	0.333333
mga	utos	ng	0.583333
mga	video	ng	0.250000
mga	video	ay	0.187500
mga	video	sa	0.187500
mga	video	para	0.093750
mga	video	at	0.093750
mga	virus	na	0.500000
mga	walang	kapareha	0.160000
mga	web	komiks	0.600000
mga	wika	ng	0.247191
mga	wika	sa	0.179775
mga	wika	na	0.123596
mga	wika	ay	0.101124
mga	wika	at	0.101124
mga	wika	ang	0.078652
mga	yugto	ng	0.432432
mga	yugto	sa	0.135135
mga	yugto	na	0.135135
mga	yungib	na	0.444444
mga	yungib	at	0.333333
mga	yunit	ng	0.615385
mga	yunit	sa	0.128205
mga	yunit	na	0.076923
milya	mula	sa	0.857143
milya	ng	mga	0.600000
milyon	ang	mga	0.357143
milyon	mula	sa	1.000000
milyon	para	sa	0.875000
milyon	sa	mga	0.230769
milyon	sa	isang	0.115385
ministeryo	ng	edukasyon	0.272727
ministro	at	ang	0.428571
ministro	ay	ang	0.272727
ministro	na	may	0.333333
ministro	ng	mga	0.113636
ministro	ng	estado	0.090909
ministro	ng	komunikasyon	0.068182
ministro	ng	republika	0.068182
ministro	para	sa	0.800000
minorya	ng	mga	1.000000
minsan	ang	mga	0.432432
minsan	ang	isang	0.108108
minsan	ay	tinatawag	0.214286
minsan	ay	may	0.095238
minsan	ay	hindi	0.095238
minsan	ay	para	0.071429
minsan	ito	ay	0.923077
minsan	sa	mga	0.312500
minsan	tinatawag	din	0.333333
minsan	tinatawag	ang	0.333333
minuto	dahil	sa	1.000000
minuto	o	mas	0.428571
minuto	pagkatapos	ng	0.666667
mismo	ay	hindi	0.210526
mismo	ay	isang	0.157895
mismo	ay	may	0.157895
mismo	ng	mga	0.214286
misyon	ang	mga	0.750000
mode	kung	saan	1.000000
mode	na	ito	0.571429
modelo	at	mga	0.210526
modelo	kung	saan	0.800000
modelo	mula	sa	1.000000
modelo	para	sa	1.000000
modelo	sa	mga	0.333333
modelo	sa	komersyal	0.250000
molekula	ay	may	0.428571
moral	ng	mga	0.600000
muli	ang	mga	0.272727
muli	ang	kanyang	0.136364
muli	ang	isang	0.075758
muli	ang	kanilang	0.060606
muli	ito	sa	0.416667
muli	ito	ng	0.250000
muli	ng	mga	0.500000
muli	para	sa	1.000000
muli	sa	isang	0.083333
muli	siya	sa	0.428571
muling	bumalik	ang	0.600000
muling	kapanganakan	sa	0.500000
muling	pagbubukas	ng	0.800000
muling	paggawa	ng	0.615385
muling	pagkakaroon	ng	1.000000
muling	paglabas	ng	1.000000
muling	pagpapakilala	ng	1.000000
muling	pagsasaayos	ng	0.666667
muling	pagtatayo	ng	0.750000
mundo	ang	mga	0.305556
mundo	ang	isang	0.083333
mundo	at	ang	0.203704
mundo	at	sa	0.111111
mundo	at	ng	0.055556
mundo	ay	maaaring	0.138889
mundo	ay	hindi	0.111111
mundo	ayon	sa	1.000000
mundo	dahil	sa	0.538462
mundo	hanggang	sa	0.750000
mundo	kabilang	ang	0.833333
mundo	kasama	ang	0.833333
mundo	kung	saan	0.818182
mundo	laban	sa	1.000000
mundo	mula	sa	0.769231
mundo	na	may	0.410714
mundo	na	ang	0.089286
mundo	na	hindi	0.071429
mundo	na	kung	0.053571
mundo	ng	mga	0.431034
mundo	pagkatapos	ng	0.750000
mundo	para	sa	0.727273
mundo	sa	mga	0.170732
mundo	sa	isang	0.121951
mura	kaysa	sa	1.000000
museo	at	mga	0.600000
museo	ay	may	0.333333
museo	ng	mga	0.285714
museo	ng	sining	0.214286
musikal	para	sa	1.000000
musikero	manunulat	ng	1.000000
muslim	at	kristiyano	0.250000
muslim	ay	hindi	0.428571
muslim	na	mga	0.150000
muslim	sa	mga	0.166667
nabibilang	ito	sa	1.000000
nabibilang	sa	mga	0.400000
nabubuhay	ang	mga	1.000000
nabubuhay	na	mga	0.173913
nabubuhay	na	organismo	0.130435
nabubuhay	na	tao	0.130435
nabubuhay	pa	siya	0.333333
nabubuhay	sa	mga	0.240000
nabubuhay	sa	tubig	0.120000
nagbabayad	ng	buwis	0.375000
nagkakahalaga	ng	bilyon	0.181818
nagkakahalaga	ng	isang	0.136364
nagkakahalaga	ng	milyon	0.136364
nagkakahalaga	ng	higit	0.136364
naglalaman	ang	mga	0.240000
naglalaman	ang	aklat	0.120000
naglalaman	din	ng	0.458333
naglalaman	din	ito	0.291667
naglalaman	din	ang	0.250000
naglalaman	ito	ng	1.000000
naglalaman	lamang	ng	0.750000
naglalaman	ng	mga	0.460177
naglalaman	ng	isang	0.123894
naglalaman	ng	dalawang	0.039823
naglalaman	ng	higit	0.030973
naglalaman	ng	mas	0.026549
naglalaman	ng	ilang	0.026549
naglalaman	ng	lahat	0.022124
naglalaman	ng	halos	0.017699
naglalaman	ng	apat	0.013274
nagmula	ang	pangalan	0.408163
nagmula	ang	mga	0.204082
nagmula	ito	sa	0.869565
nagmula	mula	sa	1.000000
nagmula	pa	sa	1.000000
nagmula	sa	mga	0.234043
nagmula	sa	isang	0.198582
nagmula	sa	latin	0.042553
nagmula	sa	dalawang	0.035461
nagmula	sa	iba	0.028369
nagmula	sa	ng	0.021277
nagretiro	mula	sa	1.000000
nagretiro	siya	sa	0.571429
nagretiro	siya	mula	0.428571
nagsasalita	ng	ingles	0.352941
nagsasalita	ng	pranses	0.117647
nagsasalita	ng	wika	0.088235
nagsisilbi	ang	mga	0.500000
nagsisilbi	bilang	isang	0.333333
nagsisilbi	bilang	pangunahing	0.333333
nagsisilbi	sa	mga	0.333333
nagtatrabaho	bilang	isang	0.722222
nagtatrabaho	para	sa	1.000000
nagtatrabaho	sa	isang	0.285714
nagtatrabaho	sa	mga	0.250000
nagtatrabaho	siya	sa	0.500000
nagtatrabaho	siya	para	0.375000
nagwagi	ang	mga	0.600000
nagwagi	ng	isang	0.176471
nagwagi	siya	ng	0.571429
nagwagi	siya	sa	0.357143
naisip	na	ang	0.333333
nakaligtas	mula	sa	1.000000
nakaligtas	na	mga	0.600000
nakapalibot	na	lugar	0.444444
nakasulat	na	mga	0.125000
nakasulat	na	rekord	0.125000
nakasulat	sa	isang	0.166667
nakasulat	sa	mga	0.166667
nakasulat	sa	itaas	0.125000
nakasulat	siya	ng	1.000000
nakatago	sa	mga	0.400000
nakatayo	ang	mga	0.375000
nakatayo	ito	sa	1.000000
nakatayo	sa	isang	0.153846
nakatayo	sa	malapit	0.153846
nakatayo	sa	mga	0.115385
nakikita	ang	mga	0.400000
nakikita	ito	sa	0.600000
nakikita	lamang	sa	1.000000
nakikita	mula	sa	1.000000
nakikita	ng	mga	0.333333
nakikita	sa	mga	0.310345
nang	ang	mga	0.311111
nang	ang	kanyang	0.111111
nang	ang	bayan	0.044444
nang	ang	isang	0.044444
nang	ang	kanilang	0.033333
nang	ang	lahat	0.033333
nang	anim	na	0.800000
nang	apat	na	1.000000
nang	araw	na	0.800000
nang	ayon	sa	1.000000
nang	bahagi	ng	1.000000
nang	bahagya	sa	0.428571
nang	bumagsak	ang	0.600000
nang	bumalik	siya	0.714286
nang	buo	sa	0.625000
nang	dahil	sa	1.000000
nang	direkta	sa	0.538462
nang	direkta	mula	0.230769
nang	dumating	ang	0.769231
nang	gamitin	ang	0.500000
nang	ganap	na	0.800000
nang	gumanap	siya	0.666667
nang	higit	sa	0.636364
nang	higit	pa	0.212121
nang	higit	na	0.090909
nang	hindi	na	0.230769
nang	ilang	mga	0.222222
nang	ilang	taon	0.222222
nang	ito	ay	0.972222
nang	kanyang	mga	0.285714
nang	libre	sa	0.300000
nang	libre	at	0.300000
nang	lubos	sa	0.300000
nang	lumipat	ang	0.750000
nang	maaga	sa	0.666667
nang	mabilis	sa	0.428571
nang	mabuti	sa	0.500000
nang	mabuti	ang	0.375000
nang	maging	hari	0.250000
nang	magkasama	at	0.250000
nang	magkasama	sa	0.250000
nang	magsimula	ang	0.750000
nang	malaki	ang	0.333333
nang	malaki	sa	0.333333
nang	malapit	sa	0.800000
nang	mamatay	ang	0.615385
nang	mamatay	siya	0.307692
nang	mas	maaga	0.242424
nang	mas	matagal	0.151515
nang	mas	mahusay	0.151515
nang	matagal	na	0.375000
nang	matalo	ang	0.750000
nang	mawala	ang	1.000000
nang	may	mga	0.206897
nang	mga	saksi	0.071429
nang	mga	sumunod	0.071429
nang	sa	wakas	0.500000
nang	sila	ay	1.000000
nang	simulan	ang	0.600000
nang	siya	ay	0.986111
nang	sumali	siya	0.571429
nang	sumunod	na	0.962264
nang	umiiral	na	1.000000
nang	wala	sa	0.400000
nang	wala	ang	0.300000
nang	walang	pahintulot	0.105882
nang	walang	anumang	0.094118
nang	walang	mga	0.094118
nang	walang	bayad	0.058824
nang	walang	paggamot	0.047059
nangangailangan	ito	ng	1.000000
nangangailangan	ng	mga	0.179104
nangangailangan	ng	isang	0.104478
nangangailangan	ng	mas	0.074627
nangangailangan	ng	kaalaman	0.044776
nangingibabaw	sa	isang	0.428571
nangunguna	sa	mga	0.351351
napagtanto	na	ang	1.000000
napaka	tanyag	na	1.000000
naranasan	ng	mga	0.500000
nasa	ang	populasyon	0.400000
nasa	anyo	ng	1.000000
nasa	baba	ay	0.666667
nasa	baybayin	ng	0.750000
nasa	edad	na	0.500000
nasa	estado	ng	0.600000
nasa	gilid	ng	0.461538
nasa	gitna	ng	0.600000
nasa	hanay	ng	0.750000
nasa	hangganan	ng	0.571429
nasa	harap	ng	0.625000
nasa	hilaga	ng	0.750000
nasa	ibaba	ng	0.428571
nasa	ibaba	ang	0.357143
nasa	ibabaw	ng	0.812500
nasa	isa	sa	0.600000
nasa	itaas	na	0.300000
nasa	itaas	ng	0.266667
nasa	itaas	ang	0.166667
nasa	kamay	ng	1.000000
nasa	kanluran	ng	0.600000
nasa	kanyang	kabataan	0.285714
nasa	lahat	ng	1.000000
nasa	lugar	na	0.500000
nasa	lungsod	ang	0.461538
nasa	lungsod	ng	0.307692
nasa	lupa	ang	0.416667
nasa	lupa	at	0.250000
nasa	mas	mataas	0.800000
nasa	mataas	na	1.000000
nasa	orihinal	na	1.000000
nasa	pagitan	ng	0.947368
nasa	pamamahala	ng	1.000000
nasa	pangangalaga	ng	0.800000
nasa	pangangasiwa	ng	1.000000
nasa	panganib	para	0.600000
nasa	proseso	ng	1.000000
nasa	regular	na	1.000000
nasa	rehiyon	ng	1.000000
nasa	sapat	na	0.800000
nasa	silangan	ng	0.571429
nasa	taas	na	0.750000
nasa	tapat	ng	1.000000
nasa	timog	ng	0.352941
nasawi	sa	labanan	0.375000
natagpuan	ang	mga	0.411765
natagpuan	ng	mga	0.647059
natagpuan	ng	isang	0.176471
natagpuan	sa	mga	0.384615
natural	na	agham	0.122807
natural	na	mga	0.070175
natural	na	kapaligiran	0.052632
nauugnay	sa	mga	0.304348
nauugnay	sa	isang	0.057971
nauugnay	sa	kulay	0.057971
nayon	ng	mga	0.400000
negosasyon	para	sa	1.000000
negosyo	mula	sa	0.600000
negosyo	para	sa	0.800000
network	ang	mga	0.300000
network	at	mga	0.428571
network	ay	isang	0.235294
network	ay	maaaring	0.235294
network	kung	saan	1.000000
network	na	ito	0.214286
network	ng	mga	0.400000
network	ng	telebisyon	0.114286
network	para	sa	1.000000
neutral	na	mga	0.428571
ng	a	ay	0.300000
ng	abril	at	0.324324
ng	abril	ay	0.135135
ng	abril	sa	0.108108
ng	abril	na	0.081081
ng	access	sa	1.000000
ng	advertising	sa	0.375000
ng	agham	at	0.244444
ng	agham	na	0.177778
ng	agham	sa	0.177778
ng	agham	ang	0.111111
ng	agham	ng	0.088889
ng	agosto	at	0.181818
ng	agosto	sa	0.181818
ng	agosto	ng	0.136364
ng	agosto	ang	0.136364
ng	agrikultura	at	0.357143
ng	agrikultura	sa	0.178571
ng	agrikultura	ng	0.178571
ng	agrikultura	na	0.107143
ng	ahas	ay	0.400000
ng	ahensya	ng	1.000000
ng	akademya	ang	0.375000
ng	aklat	na	0.442308
ng	aklat	ng	0.250000
ng	aklat	aralin	0.057692
ng	aklat	ang	0.057692
ng	aklatan	at	1.000000
ng	aktibidad	ng	0.333333
ng	aktor	na	0.909091
ng	alak	at	0.320000
ng	alak	sa	0.160000
ng	alak	ng	0.120000
ng	alak	na	0.120000
ng	alam	na	0.428571
ng	alamat	na	0.428571
ng	album	ay	0.256098
ng	album	na	0.243902
ng	album	sa	0.134146
ng	album	ng	0.097561
ng	album	at	0.097561
ng	album	ang	0.060976
ng	aleman	na	0.333333
ng	alinman	sa	1.000000
ng	alitan	sa	0.500000
ng	alyansa	ng	0.375000
ng	ama	na	0.181818
ng	ama	ang	0.181818
ng	ama	at	0.121212
ng	ama	ay	0.090909
ng	ama	sa	0.090909
ng	amerikano	ng	0.272727
ng	anak	na	0.530612
ng	anak	ng	0.122449
ng	anak	at	0.102041
ng	ang	mga	0.272059
ng	ang	populasyon	0.044118
ng	ang	isang	0.036765
ng	ang	sining	0.022059
ng	ang	bagong	0.022059
ng	anghel	na	0.500000
ng	anim	na	0.943396
ng	anim	sa	0.028302
ng	antas	ng	0.820513
ng	anumang	mga	0.144330
ng	anumang	uri	0.103093
ng	anumang	bagay	0.072165
ng	anumang	dalawang	0.061856
ng	anumang	partikular	0.030928
ng	anyo	ng	0.470588
ng	anyo	at	0.235294
ng	apat	na	0.941489
ng	apat	sa	0.026596
ng	apoy	na	0.222222
ng	apoy	at	0.222222
ng	apoy	sa	0.111111
ng	apoy	ng	0.083333
ng	araw	na	0.229814
ng	araw	ng	0.217391
ng	araw	sa	0.155280
ng	araw	at	0.118012
ng	araw	ay	0.068323
ng	araw	araw	0.024845
ng	araw	ang	0.024845
ng	araw	mula	0.024845
ng	araw	bilang	0.018634
ng	araw	o	0.018634
ng	arkitekto	na	0.600000
ng	arkitektura	ng	0.409091
ng	arkitektura	ay	0.227273
ng	arkitektura	at	0.181818
ng	artikulo	sa	0.300000
ng	artikulo	ay	0.300000
ng	artipisyal	na	1.000000
ng	artista	ang	0.266667
ng	artista	na	0.200000
ng	asawa	ng	0.400000
ng	asin	sa	0.217391
ng	asin	at	0.217391
ng	asin	o	0.130435
ng	aspeto	ng	1.000000
ng	asukal	sa	0.444444
ng	asukal	at	0.333333
ng	at	ang	0.148936
ng	at	ng	0.113475
ng	at	sa	0.099291
ng	at	at	0.078014
ng	at	mga	0.070922
ng	at	ay	0.056738
ng	at	na	0.056738
ng	at	kung	0.028369
ng	at	bago	0.021277
ng	at	bilang	0.021277
ng	at	ito	0.021277
ng	ating	mga	0.255814
ng	ating	bansa	0.093023
ng	ating	channel	0.069767
ng	awtoridad	ng	0.333333
ng	ay	isang	0.212121
ng	ay	ang	0.181818
ng	ay	walang	0.090909
ng	ayon	sa	0.857143
ng	ayos	ng	0.750000
ng	babae	ay	0.210526
ng	babae	at	0.131579
ng	babae	na	0.131579
ng	babae	sa	0.131579
ng	babae	ng	0.105263
ng	babae	ang	0.105263
ng	babala	sa	0.388889
ng	baboy	at	0.333333
ng	baboy	o	0.125000
ng	baga	na	0.312500
ng	baga	ay	0.187500
ng	bagay	na	0.343750
ng	bagay	at	0.125000
ng	bagay	sa	0.125000
ng	bagay	mula	0.093750
ng	bago	at	0.500000
ng	bago	ang	0.357143
ng	bagong	mga	0.089744
ng	bagong	taon	0.064103
ng	bagong	pangalan	0.057692
ng	bagong	lipunan	0.025641
ng	bagong	henerasyon	0.025641
ng	bagong	kaharian	0.019231
ng	bagong	gusali	0.019231
ng	bagong	anyo	0.019231
ng	bagong	mundo	0.019231
ng	bagong	kontrata	0.019231
ng	bagong	sistema	0.019231
ng	bagyo	sa	0.346154
ng	bagyo	ang	0.153846
ng	bagyo	ay	0.096154
ng	bagyo	bilang	0.076923
ng	bagyo	na	0.076923
ng	bagyo	para	0.057692
ng	bahagi	ng	0.727273
ng	bahagi	sa	0.113636
ng	bahagi	na	0.068182
ng	bahagi	nito	0.068182
ng	bahay	at	0.180328
ng	bahay	ay	0.147541
ng	bahay	bata	0.131148
ng	bahay	ng	0.131148
ng	bahay	sa	0.049180
ng	bahay	na	0.049180
ng	baka	at	0.200000
ng	baka	baboy	0.120000
ng	baka	o	0.120000
ng	baka	na	0.120000
ng	bakal	na	0.400000
ng	bakal	sa	0.233333
ng	bakal	ay	0.100000
ng	bakterya	sa	0.242424
ng	bakterya	na	0.242424
ng	bakterya	ay	0.181818
ng	bakterya	at	0.090909
ng	bala	ang	0.600000
ng	balangkas	na	0.400000
ng	balangkas	ng	0.300000
ng	balanse	sa	0.500000
ng	balat	ng	0.218182
ng	balat	na	0.181818
ng	balat	at	0.109091
ng	balat	sa	0.090909
ng	balat	ay	0.090909
ng	balat	o	0.054545
ng	balita	sa	0.368421
ng	balita	ay	0.157895
ng	balita	na	0.157895
ng	banal	na	0.960000
ng	banda	ang	0.307317
ng	banda	na	0.219512
ng	banda	ay	0.141463
ng	banda	sa	0.087805
ng	banda	at	0.058537
ng	banda	bilang	0.034146
ng	banda	ng	0.029268
ng	banda	para	0.019512
ng	bandila	ng	0.500000
ng	bangka	at	0.444444
ng	bangko	sentral	0.464286
ng	bangko	ng	0.250000
ng	bangko	na	0.142857
ng	bansa	sa	0.194286
ng	bansa	ang	0.177143
ng	bansa	ay	0.120000
ng	bansa	na	0.108571
ng	bansa	at	0.108571
ng	bansa	ng	0.028571
ng	bansa	dahil	0.022857
ng	bansa	o	0.017143
ng	bansa	para	0.017143
ng	bansa	bilang	0.017143
ng	bansa	mula	0.017143
ng	baril	sa	0.250000
ng	baril	na	0.150000
ng	baril	ang	0.150000
ng	barko	at	0.192308
ng	barko	sa	0.153846
ng	barko	ng	0.153846
ng	barko	ay	0.115385
ng	base	sa	0.375000
ng	basketball	na	0.250000
ng	basketball	at	0.250000
ng	bata	at	0.269231
ng	bata	sa	0.230769
ng	bata	ay	0.192308
ng	bata	ang	0.153846
ng	bata	na	0.115385
ng	batang	lalaki	0.350000
ng	batang	babae	0.250000
ng	batang	ito	0.200000
ng	batas	ng	0.251462
ng	batas	na	0.175439
ng	batas	militar	0.116959
ng	batas	republika	0.093567
ng	batas	sa	0.087719
ng	batas	at	0.064327
ng	batas	ang	0.058480
ng	batas	ay	0.029240
ng	batas	bilang	0.017544
ng	batayan	para	0.375000
ng	bato	na	0.200000
ng	bato	ng	0.160000
ng	bato	o	0.120000
ng	bawat	isa	0.220690
ng	bawat	isang	0.096552
ng	bawat	tao	0.048276
ng	bawat	manlalaro	0.027586
ng	bawat	nilalang	0.020690
ng	bawat	buwan	0.020690
ng	bawat	lungsod	0.020690
ng	bawat	episode	0.020690
ng	bawat	araw	0.020690
ng	bawat	planeta	0.020690
ng	bawat	bansa	0.020690
ng	bayan	ng	0.297297
ng	bayan	ay	0.141892
ng	bayan	at	0.128378
ng	bayan	sa	0.094595
ng	bayan	na	0.094595
ng	bayan	ang	0.094595
ng	bayan	o	0.027027
ng	bayan	dahil	0.020270
ng	bayan	mula	0.020270
ng	baybayin	ng	0.625000
ng	bersyon	ng	0.750000
ng	bibig	at	0.300000
ng	bibig	ng	0.200000
ng	bibig	o	0.150000
ng	bibliya	ay	0.217391
ng	bibliya	sa	0.152174
ng	bibliya	na	0.152174
ng	bibliya	at	0.108696
ng	bibliya	ang	0.086957
ng	bilang	ng	0.575221
ng	bilang	na	0.176991
ng	bilang	sa	0.070796
ng	bilang	at	0.044248
ng	bilang	ang	0.026549
ng	bilang	o	0.026549
ng	bilis	ng	0.714286
ng	bilyon	sa	0.500000
ng	bintana	ay	0.600000
ng	bisa	ng	0.272727
ng	bitamina	a	1.000000
ng	bituin	sa	0.500000
ng	bola	na	0.250000
ng	bola	sa	0.187500
ng	bola	ng	0.187500
ng	british	na	0.466667
ng	bubong	ng	0.600000
ng	buhangin	ng	0.428571
ng	buhay	sa	0.240000
ng	buhay	ng	0.173333
ng	buhay	na	0.146667
ng	buhay	at	0.133333
ng	buhay	ang	0.066667
ng	buhay	ay	0.033333
ng	buhay	nito	0.026667
ng	buhay	o	0.026667
ng	buhay	dahil	0.020000
ng	buhok	sa	0.200000
ng	buhok	ng	0.160000
ng	buhok	na	0.120000
ng	buhok	at	0.120000
ng	bukas	na	0.750000
ng	bulag	na	0.750000
ng	bulaklak	ng	0.272727
ng	bundok	ng	0.312500
ng	bundok	ay	0.187500
ng	bundok	na	0.156250
ng	bundok	at	0.093750
ng	bungo	at	0.454545
ng	buo	ang	0.444444
ng	bus	sa	0.277778
ng	bus	at	0.222222
ng	butas	sa	0.375000
ng	buto	ng	0.235294
ng	buto	ay	0.235294
ng	buto	at	0.176471
ng	buwan	ng	0.418605
ng	buwan	ay	0.139535
ng	buwan	sa	0.116279
ng	buwan	ang	0.116279
ng	buwan	na	0.093023
ng	buwis	sa	0.450000
ng	buwis	na	0.150000
ng	buwis	at	0.150000
ng	carbon	at	0.333333
ng	cartoon	network	0.571429
ng	cd	ng	0.187500
ng	cd	ang	0.187500
ng	cd	na	0.187500
ng	charter	ng	0.600000
ng	coach	ng	1.000000
ng	counter	strike	1.000000
ng	daan	sa	0.370370
ng	daan	mula	0.111111
ng	daan	na	0.111111
ng	daanan	ng	0.818182
ng	dagat	na	0.223529
ng	dagat	ay	0.188235
ng	dagat	sa	0.117647
ng	dagat	at	0.105882
ng	dagat	ang	0.082353
ng	dagat	timog	0.047059
ng	dagdag	na	0.750000
ng	dahil	sa	0.875000
ng	dalawa	o	0.237288
ng	dalawa	sa	0.186441
ng	dalawa	ay	0.135593
ng	dalawa	ang	0.084746
ng	dalawa	at	0.067797
ng	dalawa	hanggang	0.067797
ng	dalawa	na	0.050847
ng	dalawang	mga	0.177778
ng	dalawang	taon	0.100000
ng	dalawang	araw	0.042222
ng	dalawang	linggo	0.033333
ng	dalawang	buwan	0.026667
ng	dalawang	bansa	0.022222
ng	dalawang	anak	0.020000
ng	dalawang	pangunahing	0.015556
ng	dalawang	tao	0.015556
ng	dalawang	uri	0.015556
ng	dalawang	pangkat	0.013333
ng	dalawang	ito	0.013333
ng	dalawang	bahagi	0.013333
ng	dalawang	linya	0.011111
ng	dalawang	bagong	0.011111
ng	dalawang	lalawigan	0.011111
ng	dalawang	album	0.011111
ng	dalawang	batang	0.011111
ng	dalawang	ilog	0.008889
ng	dalawang	punto	0.006667
ng	dalawang	lungsod	0.006667
ng	dalawang	lugar	0.006667
ng	dalawang	gantimpala	0.006667
ng	dalawang	gilid	0.006667
ng	dalawang	bagay	0.006667
ng	dalawang	wika	0.006667
ng	dalawang	dekada	0.006667
ng	dalawang	huling	0.006667
ng	dalawang	pelikula	0.006667
ng	dalisay	na	0.750000
ng	daloy	ng	0.842105
ng	daluyan	ng	0.666667
ng	damdamin	ng	0.600000
ng	dami	ng	1.000000
ng	damit	na	0.416667
ng	damit	ng	0.305556
ng	damit	sa	0.083333
ng	dating	lalawigan	0.232558
ng	dating	mga	0.093023
ng	datos	ay	0.285714
ng	datos	sa	0.178571
ng	datos	ng	0.142857
ng	datos	at	0.142857
ng	datos	na	0.107143
ng	dekada	ng	0.245902
ng	dekada	ang	0.131148
ng	dekada	at	0.098361
ng	dekada	na	0.081967
ng	dekada	sa	0.065574
ng	dekada	hanggang	0.049180
ng	dekada	isang	0.049180
ng	deklarasyon	ng	0.750000
ng	demokrasya	at	0.333333
ng	departamento	ng	0.842105
ng	depresyon	at	0.400000
ng	desisyon	sa	0.250000
ng	dibdib	at	0.400000
ng	dibdib	na	0.200000
ng	dibisyon	ng	0.750000
ng	digital	na	0.625000
ng	digital	download	0.375000
ng	digmaan	at	0.179775
ng	digmaan	sa	0.168539
ng	digmaan	ang	0.146067
ng	digmaan	ng	0.123596
ng	digmaan	ay	0.089888
ng	digmaan	laban	0.033708
ng	diin	sa	0.363636
ng	diin	na	0.272727
ng	dila	ay	0.428571
ng	dila	sa	0.214286
ng	dilaw	na	0.600000
ng	dilaw	at	0.300000
ng	direksyon	ng	0.500000
ng	direkta	sa	0.625000
ng	direktor	na	0.550000
ng	direktor	ng	0.350000
ng	disenyo	ng	0.434783
ng	disenyo	at	0.173913
ng	distrito	ng	0.647059
ng	distrito	na	0.117647
ng	distrito	ay	0.088235
ng	disyembre	sa	0.312500
ng	disyembre	at	0.218750
ng	disyembre	ng	0.187500
ng	diyos	na	0.212871
ng	diyos	ang	0.212871
ng	diyos	sa	0.128713
ng	diyos	at	0.108911
ng	diyos	ay	0.074257
ng	diyos	ng	0.044554
ng	diyos	o	0.029703
ng	diyos	dahil	0.019802
ng	diyos	ngunit	0.014851
ng	diyos	mula	0.014851
ng	diyos	bilang	0.014851
ng	dna	sa	0.275000
ng	dna	ay	0.200000
ng	dna	at	0.200000
ng	dna	na	0.100000
ng	dna	ng	0.075000
ng	doktor	ng	0.300000
ng	dokumento	na	0.500000
ng	dolyar	ng	0.428571
ng	drama	ay	0.272727
ng	dugo	sa	0.257143
ng	dugo	na	0.178571
ng	dugo	ay	0.150000
ng	dugo	at	0.114286
ng	dugo	ng	0.050000
ng	dugo	ang	0.035714
ng	dugo	kung	0.028571
ng	dugo	mula	0.021429
ng	dugo	o	0.021429
ng	dugo	para	0.021429
ng	dutch	na	0.500000
ng	ebolusyon	ng	0.533333
ng	edad	na	0.324324
ng	edad	ng	0.189189
ng	edad	sa	0.081081
ng	edad	media	0.081081
ng	edukasyon	sa	0.333333
ng	edukasyon	at	0.151515
ng	edukasyon	ay	0.090909
ng	edukasyon	ng	0.075758
ng	edukasyon	ang	0.060606
ng	edukasyon	na	0.060606
ng	edukasyon	para	0.060606
ng	ekonomiya	ng	0.333333
ng	ekonomiya	at	0.166667
ng	ekonomiya	sa	0.166667
ng	ekonomiya	ay	0.083333
ng	ekonomiya	na	0.069444
ng	ekonomiya	ang	0.055556
ng	ekonomiya	nito	0.041667
ng	eksklusibo	para	0.600000
ng	ektarya	ng	0.800000
ng	elementarya	sa	0.500000
ng	elementarya	at	0.375000
ng	elemento	na	0.333333
ng	embahada	ng	0.666667
ng	emosyonal	na	0.750000
ng	emperador	na	0.269231
ng	emperador	sa	0.192308
ng	emperador	at	0.192308
ng	emperador	ang	0.115385
ng	enerhiya	ng	0.181818
ng	enerhiya	na	0.181818
ng	enerhiya	sa	0.155844
ng	enerhiya	at	0.142857
ng	enerhiya	ay	0.116883
ng	enerhiya	mula	0.064935
ng	enerhiya	ang	0.038961
ng	enero	sa	0.238095
ng	enero	ang	0.190476
ng	enero	at	0.119048
ng	enero	ay	0.119048
ng	enero	na	0.071429
ng	epekto	ng	0.500000
ng	epekto	sa	0.312500
ng	eroplano	at	0.200000
ng	eroplano	ay	0.200000
ng	eroplano	ang	0.200000
ng	espanyol	sa	0.294118
ng	espanyol	na	0.294118
ng	espanyol	at	0.176471
ng	espesyal	na	0.923077
ng	espiritu	santo	0.600000
ng	estado	ng	0.322404
ng	estado	sa	0.131148
ng	estado	at	0.120219
ng	estado	ay	0.114754
ng	estado	na	0.103825
ng	estado	ang	0.054645
ng	estado	para	0.027322
ng	estado	o	0.021858
ng	estado	ngunit	0.016393
ng	estado	bilang	0.016393
ng	estado	mula	0.016393
ng	estado	dahil	0.016393
ng	etika	sa	0.571429
ng	fashion	ng	0.500000
ng	football	na	0.260870
ng	football	sa	0.217391
ng	football	para	0.173913
ng	gabi	sa	0.147059
ng	gabi	at	0.147059
ng	gabi	ng	0.147059
ng	gabi	ang	0.117647
ng	gabi	hanggang	0.117647
ng	galit	ng	0.277778
ng	galit	at	0.222222
ng	gamot	na	0.257143
ng	gamot	sa	0.228571
ng	gamot	at	0.114286
ng	gamot	ang	0.114286
ng	ganap	na	1.000000
ng	gantimpala	sa	0.277778
ng	gas	ay	0.269231
ng	gas	sa	0.153846
ng	gas	ang	0.115385
ng	gas	na	0.115385
ng	gastos	ng	0.500000
ng	gatas	na	0.187500
ng	gawain	ng	0.466667
ng	gawain	na	0.200000
ng	gene	na	0.375000
ng	gene	ay	0.312500
ng	gilid	ng	0.750000
ng	ginto	at	0.297872
ng	ginto	sa	0.255319
ng	ginto	ang	0.106383
ng	ginto	na	0.085106
ng	ginto	ay	0.085106
ng	ginto	mula	0.063830
ng	gitara	na	0.300000
ng	gitara	sa	0.233333
ng	gitara	at	0.200000
ng	gitara	ay	0.100000
ng	gitna	ng	0.428571
ng	global	na	0.750000
ng	gobernador	ng	0.583333
ng	golpo	ng	0.666667
ng	gulong	ng	0.625000
ng	guro	ng	0.333333
ng	gusali	ay	0.256410
ng	gusali	ng	0.256410
ng	gusali	ang	0.153846
ng	gusali	na	0.102564
ng	gusali	sa	0.102564
ng	haba	at	0.375000
ng	haba	ng	0.375000
ng	habang	buhay	0.636364
ng	hakbang	sa	0.500000
ng	halaga	ng	0.472222
ng	halaga	sa	0.250000
ng	halaman	at	0.194444
ng	halaman	ay	0.166667
ng	halaman	ng	0.138889
ng	halaman	ang	0.138889
ng	halaman	na	0.111111
ng	halimaw	na	0.714286
ng	halimbawa	ng	0.428571
ng	halos	lahat	0.173469
ng	halos	isang	0.132653
ng	halos	ng	0.102041
ng	halos	taon	0.102041
ng	halos	dalawang	0.091837
ng	halos	na	0.061224
ng	halos	mga	0.040816
ng	halos	kalahati	0.030612
ng	hanay	ng	0.714286
ng	hangganan	ng	0.473684
ng	hangganan	at	0.157895
ng	hangganan	ang	0.157895
ng	hanggang	sa	0.338235
ng	hanggang	na	0.117647
ng	hanggang	taon	0.073529
ng	hanggang	ang	0.058824
ng	hanggang	mga	0.058824
ng	hanggang	ng	0.058824
ng	hanggang	minuto	0.044118
ng	hanggang	araw	0.044118
ng	hangin	at	0.206186
ng	hangin	sa	0.185567
ng	hangin	na	0.164948
ng	hangin	ay	0.113402
ng	hangin	ang	0.051546
ng	hangin	mula	0.041237
ng	hangin	o	0.030928
ng	hangin	ng	0.030928
ng	hapon	sa	0.177966
ng	hapon	at	0.161017
ng	hapon	ang	0.152542
ng	hapon	na	0.127119
ng	hapon	ay	0.110169
ng	hapon	para	0.033898
ng	hapon	pagkatapos	0.025424
ng	hapon	ng	0.025424
ng	hari	ng	0.236842
ng	hari	sa	0.184211
ng	hari	na	0.131579
ng	hari	at	0.131579
ng	hari	ay	0.118421
ng	hari	ang	0.105263
ng	hayop	na	0.234043
ng	hayop	at	0.191489
ng	hayop	ay	0.148936
ng	hayop	sa	0.106383
ng	hayop	ang	0.063830
ng	hibla	ay	0.428571
ng	higit	sa	0.791165
ng	higit	na	0.132530
ng	higit	pa	0.040161
ng	higit	kopya	0.016064
ng	hilaga	at	0.857143
ng	hilagang	kanluran	0.300000
ng	hilaw	na	1.000000
ng	hindi	pa	0.112903
ng	hindi	na	0.064516
ng	hindi	alam	0.048387
ng	hindi	lamang	0.048387
ng	hindi	pagiging	0.048387
ng	hotel	ay	0.333333
ng	hugis	ng	0.500000
ng	hukbo	ng	0.478261
ng	hukuman	ng	0.300000
ng	hukuman	na	0.200000
ng	huli	ang	0.375000
ng	huling	bahagi	0.127660
ng	huling	taon	0.085106
ng	hulyo	ang	0.285714
ng	hulyo	ng	0.142857
ng	hulyo	sa	0.142857
ng	hulyo	at	0.085714
ng	hunyo	sa	0.227273
ng	hunyo	ang	0.227273
ng	hunyo	at	0.136364
ng	hustisya	at	0.428571
ng	iba	na	0.207792
ng	iba	pa	0.155844
ng	iba	sa	0.142857
ng	iba	ang	0.129870
ng	iba	at	0.077922
ng	iba	para	0.051948
ng	iba	ay	0.038961
ng	iba	o	0.038961
ng	iba	iba	0.038961
ng	ibabaw	ng	0.625000
ng	ibig	sabihin	1.000000
ng	ibon	at	0.333333
ng	ibon	sa	0.250000
ng	ilang	mga	0.586826
ng	ilang	taon	0.049900
ng	ilang	araw	0.043912
ng	ilang	oras	0.029940
ng	ilang	buwan	0.027944
ng	ilang	linggo	0.019960
ng	ilang	sandali	0.017964
ng	ilang	panahon	0.011976
ng	ilang	minuto	0.007984
ng	ilang	iba	0.007984
ng	ilang	bilang	0.007984
ng	ilang	pelikula	0.007984
ng	ilang	uri	0.005988
ng	ilang	anyo	0.005988
ng	ilang	pagbabago	0.005988
ng	ilegal	na	1.000000
ng	ilog	ng	0.322034
ng	ilog	ay	0.203390
ng	ilog	na	0.101695
ng	ilog	sa	0.084746
ng	ilog	ang	0.084746
ng	ilog	at	0.084746
ng	imperyo	ng	0.254237
ng	imperyo	sa	0.169492
ng	imperyo	ay	0.135593
ng	imperyo	ang	0.118644
ng	imperyo	at	0.067797
ng	imperyo	na	0.050847
ng	impluwensya	ng	0.857143
ng	impormasyon	tungkol	0.202532
ng	impormasyon	sa	0.202532
ng	impormasyon	na	0.126582
ng	impormasyon	ay	0.113924
ng	impormasyon	at	0.075949
ng	impormasyon	o	0.050633
ng	impormasyon	para	0.037975
ng	impormasyon	ng	0.037975
ng	impormasyon	kung	0.037975
ng	ina	ng	0.516129
ng	ina	at	0.161290
ng	ina	na	0.096774
ng	indibidwal	na	0.687500
ng	indibidwal	ang	0.187500
ng	industriya	ng	0.600000
ng	industriya	at	0.075000
ng	industriya	ang	0.075000
ng	ingles	na	0.283019
ng	ingles	sa	0.169811
ng	ingles	ang	0.150943
ng	ingles	at	0.132075
ng	ingles	ay	0.075472
ng	init	ng	0.166667
ng	init	mula	0.166667
ng	init	sa	0.125000
ng	init	o	0.125000
ng	init	na	0.125000
ng	inspirasyon	mula	0.285714
ng	inspirasyon	para	0.178571
ng	inspirasyon	sa	0.178571
ng	inspirasyon	ng	0.107143
ng	inspirasyon	ang	0.107143
ng	instrumento	sa	0.750000
ng	intelektwal	na	1.000000
ng	interes	sa	0.741935
ng	internasyonal	na	1.000000
ng	internet	na	0.250000
ng	internet	ang	0.166667
ng	internet	ay	0.125000
ng	inumin	ng	0.600000
ng	isa	sa	0.503030
ng	isa	o	0.200000
ng	isa	ang	0.048485
ng	isa	pa	0.048485
ng	isa	isa	0.036364
ng	isa	ay	0.036364
ng	isa	na	0.030303
ng	isa	ng	0.018182
ng	isa	at	0.018182
ng	isang	tao	0.052076
ng	isang	bagong	0.035058
ng	isang	taon	0.024166
ng	isang	bagay	0.015317
ng	isang	mas	0.015317
ng	isang	pangkat	0.014636
ng	isang	hindi	0.013274
ng	isang	babae	0.012934
ng	isang	maliit	0.012253
ng	isang	partikular	0.011232
ng	isang	serye	0.010211
ng	isang	bansa	0.010211
ng	isang	bilang	0.009871
ng	isang	buwan	0.008509
ng	isang	indibidwal	0.007148
ng	isang	araw	0.007148
ng	isang	salita	0.007148
ng	isang	sistema	0.007148
ng	isang	lalaki	0.007148
ng	isang	batang	0.006807
ng	isang	malawak	0.006467
ng	isang	malakas	0.006127
ng	isang	pangunahing	0.006127
ng	isang	linggo	0.006127
ng	isang	espesyal	0.005786
ng	isang	bahagi	0.005786
ng	isang	panahon	0.005786
ng	isang	lugar	0.005786
ng	isang	mataas	0.005446
ng	isang	mahalagang	0.005446
ng	isda	sa	0.321429
ng	isda	at	0.178571
ng	isda	ay	0.142857
ng	isda	o	0.142857
ng	isip	ang	0.272727
ng	isip	at	0.272727
ng	isla	ng	0.500000
ng	isla	sa	0.277778
ng	islam	ang	0.285714
ng	islam	na	0.238095
ng	islam	ay	0.190476
ng	israel	at	0.190476
ng	israel	sa	0.142857
ng	israel	na	0.119048
ng	israel	ay	0.119048
ng	israel	ang	0.095238
ng	israel	hanggang	0.071429
ng	istasyon	ng	0.517241
ng	istasyon	ay	0.241379
ng	istasyon	ang	0.137931
ng	istasyon	na	0.103448
ng	istilo	ng	0.800000
ng	istraktura	ng	0.625000
ng	itaas	na	0.600000
ng	itim	na	0.818182
ng	itim	at	0.136364
ng	itlog	ng	0.384615
ng	itlog	na	0.230769
ng	ito	ay	0.600000
ng	ito	ang	0.100000
ng	ito	at	0.100000
ng	jazz	at	0.750000
ng	kaagad	na	1.000000
ng	kaalaman	sa	0.264151
ng	kaalaman	ng	0.169811
ng	kaalaman	at	0.132075
ng	kaalaman	tungkol	0.113208
ng	kaalaman	na	0.075472
ng	kaaway	na	0.428571
ng	kabataan	at	0.206897
ng	kabataan	sa	0.172414
ng	kabataan	ay	0.137931
ng	kabataan	o	0.103448
ng	kabataan	na	0.103448
ng	kabuuan	ng	0.875000
ng	kaganapan	sa	0.333333
ng	kagandahan	na	0.500000
ng	kagubatan	ng	0.384615
ng	kagubatan	at	0.230769
ng	kaguluhan	sa	0.448276
ng	kaguluhan	at	0.172414
ng	kaguluhan	na	0.137931
ng	kahalagahan	ng	0.705882
ng	kahalagahan	nito	0.176471
ng	kaharian	ng	0.763158
ng	kaharian	at	0.078947
ng	kahirapan	sa	0.333333
ng	kahirapan	at	0.148148
ng	kahit	na	0.333333
ng	kahit	isang	0.333333
ng	kahit	sino	0.166667
ng	kahoy	na	0.333333
ng	kahoy	at	0.222222
ng	kahoy	sa	0.148148
ng	kahulugan	sa	0.260000
ng	kahulugan	ng	0.260000
ng	kahulugan	bilang	0.100000
ng	kahulugan	ang	0.100000
ng	kahulugan	ay	0.060000
ng	kahulugan	na	0.060000
ng	kahulugan	at	0.060000
ng	kaibahan	ng	0.500000
ng	kaisipan	ng	0.500000
ng	kakayahan	ng	0.333333
ng	kakayahan	na	0.208333
ng	kakayahan	sa	0.125000
ng	kakayahan	para	0.125000
ng	kakulangan	ng	0.533333
ng	kakulangan	sa	0.333333
ng	kalahati	ng	0.600000
ng	kalakalan	sa	0.444444
ng	kalakalan	at	0.194444
ng	kalakalan	ay	0.138889
ng	kalakalan	na	0.111111
ng	kalayaan	ng	0.274510
ng	kalayaan	at	0.156863
ng	kalayaan	ang	0.137255
ng	kalayaan	sa	0.117647
ng	kalayaan	na	0.058824
ng	kalidad	ng	0.466667
ng	kaligtasan	sa	0.375000
ng	kalihim	ng	0.733333
ng	kalikasan	at	0.304348
ng	kalikasan	ng	0.260870
ng	kalikasan	na	0.173913
ng	kaluluwa	sa	0.250000
ng	kaluluwa	ng	0.250000
ng	kalusugan	ng	0.346154
ng	kalusugan	at	0.192308
ng	kalusugan	na	0.115385
ng	kamalayan	sa	0.500000
ng	kamatayan	ng	0.261538
ng	kamatayan	sa	0.230769
ng	kamatayan	at	0.123077
ng	kamatayan	na	0.061538
ng	kamatayan	ay	0.061538
ng	kamatayan	mula	0.046154
ng	kamatayan	ang	0.046154
ng	kamay	at	0.250000
ng	kamay	ng	0.208333
ng	kamay	na	0.125000
ng	kamay	sa	0.125000
ng	kamay	ang	0.125000
ng	kambal	na	0.428571
ng	kampo	ng	0.272727
ng	kampo	at	0.272727
ng	kanilang	mga	0.398246
ng	kanilang	sariling	0.064912
ng	kanilang	ina	0.024561
ng	kanilang	buhay	0.019298
ng	kanilang	pangalan	0.014035
ng	kanilang	huling	0.014035
ng	kanilang	bansa	0.012281
ng	kanilang	kultura	0.010526
ng	kanilang	pamilya	0.008772
ng	kanilang	katayuan	0.008772
ng	kanilang	anak	0.008772
ng	kanilang	paglalakbay	0.008772
ng	kanilang	balat	0.008772
ng	kanilang	album	0.007018
ng	kanilang	sarili	0.007018
ng	kanilang	ama	0.007018
ng	kanilang	kasal	0.007018
ng	kanilang	bagong	0.005263
ng	kanilang	pinuno	0.005263
ng	kanilang	katawan	0.005263
ng	kanilang	muling	0.005263
ng	kanilang	karera	0.005263
ng	kanin	o	0.375000
ng	kanlungan	sa	0.750000
ng	kanluran	at	0.357143
ng	kanser	sa	0.476190
ng	kanser	ay	0.142857
ng	kanser	at	0.071429
ng	kanser	ang	0.071429
ng	kanta	ay	0.197802
ng	kanta	na	0.186813
ng	kanta	at	0.175824
ng	kanta	sa	0.131868
ng	kanta	ng	0.087912
ng	kanta	ang	0.054945
ng	kanta	para	0.043956
ng	kanta	mula	0.032967
ng	kanyang	mga	0.226143
ng	kanyang	ama	0.096231
ng	kanyang	ina	0.054531
ng	kanyang	buhay	0.038492
ng	kanyang	anak	0.036087
ng	kanyang	asawa	0.029671
ng	kanyang	pamilya	0.029671
ng	kanyang	kapatid	0.028067
ng	kanyang	kamatayan	0.027265
ng	kanyang	sariling	0.025662
ng	kanyang	karera	0.019246
ng	kanyang	pamumuno	0.015237
ng	kanyang	sarili	0.011227
ng	kanyang	panahon	0.008821
ng	kanyang	kapangyarihan	0.007217
ng	kanyang	pangalan	0.007217
ng	kanyang	tiyuhin	0.007217
ng	kanyang	kaibigan	0.005613
ng	kanyang	kapanganakan	0.005613
ng	kanyang	lolo	0.004812
ng	kanyang	ulo	0.004812
ng	kanyang	bansa	0.004812
ng	kanyang	trabaho	0.004812
ng	kanyang	katawan	0.004812
ng	kanyang	kaharian	0.004010
ng	kanyang	guro	0.004010
ng	kanyang	lola	0.004010
ng	kanyang	henerasyon	0.004010
ng	kanyang	kabataan	0.004010
ng	kanyang	pagkabata	0.004010
ng	kapalaran	sa	0.428571
ng	kapaligiran	at	0.411765
ng	kapaligiran	na	0.176471
ng	kapaligiran	sa	0.176471
ng	kapalit	na	0.666667
ng	kapanahunan	ng	0.750000
ng	kapanganakan	at	0.266667
ng	kapanganakan	ng	0.233333
ng	kapanganakan	ay	0.200000
ng	kapanganakan	sa	0.100000
ng	kapangyarihan	ng	0.321429
ng	kapangyarihan	sa	0.190476
ng	kapangyarihan	at	0.178571
ng	kapangyarihan	na	0.059524
ng	kapangyarihan	ang	0.059524
ng	kapangyarihan	ay	0.047619
ng	kapangyarihan	nito	0.035714
ng	kapatid	na	0.555556
ng	kapayapaan	sa	0.352941
ng	kapayapaan	at	0.294118
ng	kapayapaan	ay	0.088235
ng	kape	sa	0.375000
ng	kape	at	0.187500
ng	kape	na	0.187500
ng	kapitan	na	0.272727
ng	karagatan	na	0.200000
ng	karagatan	at	0.200000
ng	karagatan	ng	0.150000
ng	karagatan	ay	0.150000
ng	karagdagang	mga	0.305556
ng	karahasan	sa	0.538462
ng	karakter	na	0.350000
ng	karakter	at	0.150000
ng	karamihan	sa	0.549180
ng	karamihan	ng	0.344262
ng	karamihan	ay	0.024590
ng	karamihan	na	0.024590
ng	karanasan	ng	0.300000
ng	karangalan	at	0.333333
ng	karangalan	sa	0.222222
ng	karera	sa	0.352941
ng	karera	ng	0.235294
ng	karne	ng	0.479167
ng	karne	at	0.166667
ng	karne	ang	0.104167
ng	karne	na	0.062500
ng	karne	sa	0.062500
ng	karunungan	na	0.200000
ng	kasal	o	0.272727
ng	kasal	sa	0.272727
ng	kasalanan	at	0.333333
ng	kasalukuyang	gusali	0.081081
ng	kasalukuyang	lungsod	0.081081
ng	kasalukuyang	mga	0.081081
ng	kasama	ang	0.500000
ng	kasamaan	sa	0.700000
ng	kasarian	ay	0.333333
ng	kasarian	ng	0.142857
ng	kasaysayan	ng	0.495146
ng	kasaysayan	at	0.106796
ng	kasaysayan	na	0.087379
ng	kasaysayan	sa	0.077670
ng	kasaysayan	nito	0.067961
ng	kasaysayan	ay	0.029126
ng	kasaysayan	bilang	0.029126
ng	kasiyahan	sa	0.461538
ng	kaso	ng	0.346154
ng	kaso	sa	0.269231
ng	kaso	na	0.115385
ng	kaso	laban	0.115385
ng	kastilyo	ng	0.437500
ng	kastilyo	ang	0.187500
ng	kasunduan	sa	0.461538
ng	kasunduan	ng	0.230769
ng	kasunduan	ang	0.115385
ng	kasunod	na	1.000000
ng	katahimikan	sa	0.750000
ng	katangian	ng	0.250000
ng	katangian	na	0.250000
ng	katanyagan	sa	0.300000
ng	katanyagan	ng	0.250000
ng	katapatan	sa	0.888889
ng	katapusan	ng	1.000000
ng	katawan	ng	0.242938
ng	katawan	na	0.163842
ng	katawan	at	0.129944
ng	katawan	ang	0.079096
ng	katawan	ay	0.056497
ng	katawan	sa	0.056497
ng	katawan	o	0.050847
ng	katawan	nito	0.033898
ng	katawan	katulad	0.022599
ng	katawan	habang	0.016949
ng	katawan	mula	0.016949
ng	katayuan	ng	0.333333
ng	katayuan	bilang	0.266667
ng	katotohanan	na	0.291667
ng	katotohanan	at	0.291667
ng	katulad	na	0.800000
ng	katumbas	na	0.571429
ng	kaugnay	na	1.000000
ng	kawalan	ng	0.862069
ng	kayamanan	at	0.533333
ng	kayamanan	sa	0.200000
ng	kemikal	ng	0.428571
ng	keso	na	0.210526
ng	keso	sa	0.210526
ng	kilos	ng	0.333333
ng	kimika	at	0.375000
ng	kinatawan	ng	0.500000
ng	kita	ng	0.366667
ng	kita	sa	0.166667
ng	kita	ay	0.100000
ng	kita	para	0.100000
ng	klase	ng	0.500000
ng	klima	sa	0.480000
ng	klima	ng	0.160000
ng	kolehiyo	ng	0.382353
ng	kolehiyo	sa	0.205882
ng	kolehiyo	at	0.147059
ng	kolehiyo	bilang	0.088235
ng	koleksyon	ng	0.750000
ng	kolonyal	na	0.555556
ng	komedya	na	0.500000
ng	komedya	ng	0.300000
ng	komersiyo	sa	0.600000
ng	komersyal	na	0.800000
ng	komiks	na	0.461538
ng	komiks	sa	0.230769
ng	komisyon	ng	0.382353
ng	komisyon	sa	0.382353
ng	komisyon	na	0.088235
ng	komisyon	at	0.088235
ng	komite	ng	0.423077
ng	komite	sa	0.269231
ng	komite	na	0.153846
ng	kompyuter	ay	0.241379
ng	kompyuter	at	0.241379
ng	kompyuter	na	0.137931
ng	kompyuter	ng	0.103448
ng	kompyuter	ang	0.103448
ng	komunikasyon	ng	0.192308
ng	komunikasyon	sa	0.192308
ng	komunikasyon	at	0.192308
ng	komunikasyon	para	0.115385
ng	komunikasyon	ang	0.115385
ng	kongreso	ng	0.473684
ng	kongreso	at	0.157895
ng	konklusyon	na	0.272727
ng	konklusyon	ng	0.272727
ng	konseho	ng	0.800000
ng	konsentrasyon	ng	0.833333
ng	konsepto	ng	0.590909
ng	konsepto	na	0.136364
ng	konserbasyon	ng	0.833333
ng	konsiyerto	na	0.375000
ng	konsiyerto	sa	0.375000
ng	konstitusyon	ng	0.500000
ng	konstitusyon	na	0.250000
ng	konteksto	ng	0.750000
ng	kontinente	ay	0.363636
ng	kontrata	sa	0.757576
ng	kontrata	at	0.090909
ng	kontribusyon	sa	0.666667
ng	kontrol	sa	0.324324
ng	kontrol	ng	0.324324
ng	kontrol	ay	0.108108
ng	kontrol	na	0.108108
ng	kopya	sa	0.857143
ng	korona	ng	0.300000
ng	krimen	ng	0.428571
ng	kristiyanismo	ay	0.250000
ng	kristiyanismo	sa	0.208333
ng	kristiyanismo	ang	0.166667
ng	kristiyanismo	na	0.125000
ng	kritiko	na	0.428571
ng	kritiko	ng	0.428571
ng	krus	na	0.200000
ng	krus	sa	0.200000
ng	krus	ay	0.150000
ng	kulay	ng	0.209302
ng	kulay	sa	0.186047
ng	kulay	na	0.162791
ng	kulay	at	0.093023
ng	kultura	at	0.377778
ng	kultura	ng	0.311111
ng	kultura	sa	0.088889
ng	kumbinasyon	ng	1.000000
ng	kumpanya	ng	0.227273
ng	kumpanya	ang	0.181818
ng	kumpanya	ay	0.159091
ng	kumpanya	sa	0.136364
ng	kumpanya	na	0.113636
ng	kumpanya	at	0.068182
ng	kung	saan	0.325000
ng	kung	ano	0.275000
ng	kung	sino	0.150000
ng	kung	paano	0.125000
ng	kurso	ng	0.307692
ng	kurso	sa	0.307692
ng	kuryente	sa	0.277778
ng	kuryente	ang	0.111111
ng	kuryente	ay	0.111111
ng	kuryente	at	0.074074
ng	kuryente	ng	0.074074
ng	kuryente	na	0.055556
ng	kuwento	ng	0.266667
ng	kuwento	na	0.233333
ng	kuwento	ay	0.133333
ng	kuwento	sa	0.133333
ng	kuwento	ang	0.100000
ng	laban	sa	0.785714
ng	laban	at	0.214286
ng	labanan	sa	0.435897
ng	labanan	ng	0.307692
ng	labanan	na	0.076923
ng	labasan	ng	1.000000
ng	laganap	na	0.750000
ng	lagnat	na	0.666667
ng	lahat	ng	0.931271
ng	lahat	na	0.020619
ng	lahat	ang	0.010309
ng	lahi	ng	0.300000
ng	lahi	sa	0.200000
ng	lahi	ang	0.150000
ng	lakas	ng	0.531915
ng	lakas	sa	0.106383
ng	lakas	na	0.106383
ng	laki	ng	0.625000
ng	lalaki	at	0.257143
ng	lalaki	ang	0.171429
ng	lalaki	na	0.142857
ng	lalaki	ay	0.114286
ng	lalaki	sa	0.085714
ng	lalamunan	ang	0.500000
ng	lalawigan	ng	0.538961
ng	lalawigan	ay	0.110390
ng	lalawigan	ang	0.097403
ng	lalawigan	na	0.064935
ng	lalawigan	sa	0.051948
ng	lalawigan	at	0.032468
ng	laman	ng	0.428571
ng	laman	na	0.142857
ng	laman	sa	0.142857
ng	laman	ang	0.142857
ng	lambak	ng	0.700000
ng	landas	ng	0.437500
ng	landas	na	0.187500
ng	langis	at	0.291667
ng	langis	sa	0.187500
ng	langis	ng	0.166667
ng	langis	na	0.104167
ng	langit	at	0.437500
ng	larawan	ng	0.354839
ng	larawan	sa	0.129032
ng	larawan	at	0.096774
ng	larawan	ang	0.096774
ng	larawan	na	0.096774
ng	laro	ay	0.223301
ng	laro	ng	0.165049
ng	laro	sa	0.126214
ng	laro	at	0.116505
ng	laro	na	0.087379
ng	laro	ang	0.067961
ng	laro	kung	0.029126
ng	latin	sa	0.375000
ng	lawa	ng	0.676471
ng	lawa	na	0.088235
ng	legal	na	1.000000
ng	leon	ay	0.444444
ng	liberal	party	0.600000
ng	libingan	ng	0.375000
ng	libre	sa	0.600000
ng	liga	ng	0.263158
ng	liga	ay	0.210526
ng	liga	na	0.157895
ng	ligaw	na	0.750000
ng	lihim	na	1.000000
ng	likas	na	0.884615
ng	lima	sa	0.333333
ng	lima	o	0.333333
ng	limitasyon	ng	0.600000
ng	lindol	sa	0.318182
ng	lindol	ang	0.272727
ng	lindol	ay	0.181818
ng	linggo	ng	0.222222
ng	linya	ng	0.425000
ng	linya	ay	0.125000
ng	linya	sa	0.125000
ng	linya	ang	0.075000
ng	lipunan	at	0.255319
ng	lipunan	ang	0.170213
ng	lipunan	sa	0.148936
ng	lipunan	ay	0.127660
ng	lipunan	na	0.063830
ng	litrato	sa	0.400000
ng	liwanag	na	0.267857
ng	liwanag	sa	0.214286
ng	liwanag	at	0.160714
ng	liwanag	ay	0.089286
ng	liwanag	ng	0.089286
ng	liwanag	ang	0.071429
ng	lokal	na	0.910448
ng	lokal	at	0.044776
ng	lokasyon	ng	0.400000
ng	lubos	na	0.625000
ng	lugar	ng	0.246377
ng	lugar	sa	0.202899
ng	lugar	na	0.144928
ng	lugar	kung	0.086957
ng	lugar	para	0.072464
ng	lugar	ay	0.072464
ng	lugar	ang	0.057971
ng	lungsod	ng	0.345679
ng	lungsod	ay	0.145062
ng	lungsod	ang	0.123457
ng	lungsod	sa	0.098765
ng	lungsod	na	0.083333
ng	lungsod	at	0.046296
ng	lungsod	bilang	0.024691
ng	lungsod	mula	0.024691
ng	lungsod	dahil	0.015432
ng	lungsod	kung	0.009259
ng	lungsod	lalawigan	0.009259
ng	lupa	at	0.170543
ng	lupa	sa	0.162791
ng	lupa	na	0.139535
ng	lupa	ay	0.139535
ng	lupa	ng	0.131783
ng	lupa	o	0.046512
ng	lupa	para	0.031008
ng	lupa	kung	0.023256
ng	lupa	ang	0.023256
ng	lupain	na	0.229167
ng	lupain	ng	0.208333
ng	lupain	sa	0.125000
ng	lupain	nito	0.104167
ng	lupain	at	0.083333
ng	lupain	ay	0.083333
ng	mababa	sa	0.750000
ng	mabigat	na	0.777778
ng	mabilis	na	0.838710
ng	mabuti	at	0.391304
ng	mabuti	ang	0.173913
ng	mabuti	sa	0.130435
ng	madalas	na	0.538462
ng	madaling	araw	0.916667
ng	madilim	na	1.000000
ng	madla	sa	0.200000
ng	madla	o	0.200000
ng	madla	na	0.200000
ng	magagamit	na	1.000000
ng	magazine	ng	0.357143
ng	magazine	na	0.285714
ng	magkatulad	na	0.800000
ng	magulang	ang	0.333333
ng	magulang	at	0.250000
ng	magulang	na	0.250000
ng	mahaba	at	0.666667
ng	mahal	na	1.000000
ng	mahalagang	papel	0.700000
ng	mahigpit	na	0.700000
ng	mahirap	na	0.666667
ng	mahusay	na	0.764706
ng	mahusay	sa	0.176471
ng	maingat	na	0.800000
ng	mainit	na	1.000000
ng	makabuluhang	mga	0.230769
ng	makapal	na	0.750000
ng	makata	at	0.571429
ng	makitid	na	1.000000
ng	malakas	na	0.822222
ng	malaki	ang	0.272727
ng	malalim	na	0.789474
ng	malambot	na	1.000000
ng	malamig	na	0.750000
ng	malapit	na	0.600000
ng	malapit	sa	0.300000
ng	malawak	na	0.900000
ng	malawak	at	0.050000
ng	malaya	at	0.625000
ng	malaya	sa	0.375000
ng	maliit	na	0.895833
ng	malinaw	na	0.666667
ng	malinis	na	0.800000
ng	maliwanag	na	1.000000
ng	malusog	na	1.000000
ng	maluwag	na	1.000000
ng	mamamahayag	na	0.750000
ng	mamamayan	ng	0.200000
ng	mamamayan	na	0.150000
ng	mananalaysay	na	1.000000
ng	manggagawa	at	0.625000
ng	manipis	na	1.000000
ng	manlalaro	ang	0.355932
ng	manlalaro	sa	0.135593
ng	manlalaro	ay	0.118644
ng	manlalaro	na	0.084746
ng	manlalaro	ng	0.067797
ng	manlalaro	o	0.050847
ng	manlalaro	at	0.050847
ng	manok	ang	0.300000
ng	manonood	na	0.272727
ng	manunulat	na	0.428571
ng	manunulat	ng	0.214286
ng	mapa	ng	0.400000
ng	marahas	na	0.666667
ng	marami	sa	0.340426
ng	marami	na	0.276596
ng	marami	bilang	0.127660
ng	marami	at	0.063830
ng	mas	mataas	0.267123
ng	mas	marami	0.082192
ng	mas	mababa	0.061644
ng	mas	maaga	0.054795
ng	mas	maliit	0.054795
ng	mas	malawak	0.047945
ng	mas	mahusay	0.047945
ng	mas	mabilis	0.027397
ng	mas	madali	0.027397
ng	mas	mahaba	0.020548
ng	mas	higit	0.020548
ng	masama	sa	0.333333
ng	masarap	na	1.000000
ng	masining	na	1.000000
ng	mata	at	0.142857
ng	mata	ng	0.142857
ng	mataas	na	0.944444
ng	mataas	at	0.027778
ng	matagal	na	0.571429
ng	matagal	at	0.142857
ng	matagumpay	na	0.888889
ng	matalas	na	1.000000
ng	matamis	na	0.600000
ng	matanda	na	0.500000
ng	matatag	na	0.666667
ng	matematika	at	0.250000
ng	matematika	sa	0.250000
ng	materyal	na	0.500000
ng	matibay	na	0.833333
ng	matigas	na	0.800000
ng	may	na	0.079365
ng	may	mga	0.047619
ng	may	karangalan	0.047619
ng	may	buhay	0.047619
ng	may	mataas	0.047619
ng	may	sakit	0.047619
ng	medalya	ng	0.235294
ng	medalya	sa	0.176471
ng	media	sa	0.333333
ng	media	at	0.166667
ng	media	bilang	0.166667
ng	media	ay	0.125000
ng	medikal	na	1.000000
ng	mekanikal	na	1.000000
ng	mensahe	sa	0.555556
ng	merkado	ng	0.750000
ng	metal	na	0.545455
ng	metro	at	0.333333
ng	metro	ng	0.277778
ng	mga	tao	0.043954
ng	mga	ito	0.026908
ng	mga	bagong	0.012757
ng	mga	bagay	0.012007
ng	mga	bata	0.009648
ng	mga	mamamayan	0.007826
ng	mga	bansa	0.007611
ng	mga	pelikula	0.007075
ng	mga	opisyal	0.007075
ng	mga	hayop	0.006861
ng	mga	hindi	0.006111
ng	mga	amerikano	0.006111
ng	mga	hudyo	0.005682
ng	mga	kanta	0.005682
ng	mga	lokal	0.005575
ng	mga	sinaunang	0.005467
ng	mga	manlalaro	0.005360
ng	mga	kaso	0.005253
ng	mga	kritiko	0.005146
ng	mga	taon	0.005146
ng	mga	laro	0.004931
ng	mga	pangunahing	0.004824
ng	mga	sintomas	0.004717
ng	mga	hapon	0.004610
ng	mga	gusali	0.004610
ng	mga	may	0.004610
ng	mga	iba	0.004610
ng	mga	tauhan	0.004610
ng	mga	muslim	0.004395
ng	mga	kinatawan	0.004395
ng	militar	ng	0.285714
ng	militar	na	0.174603
ng	militar	sa	0.142857
ng	militar	at	0.142857
ng	militar	ang	0.063492
ng	milyon	sa	0.428571
ng	milyon	na	0.142857
ng	milyon	ang	0.114286
ng	ministeryo	ng	0.777778
ng	ministro	ng	0.800000
ng	minorya	at	0.333333
ng	minuto	at	0.294118
ng	misteryo	ng	0.600000
ng	misyon	ang	0.375000
ng	misyon	ng	0.375000
ng	miyembro	ng	0.750000
ng	modelo	ng	0.461538
ng	molekula	ng	0.300000
ng	molekula	na	0.300000
ng	momentum	sa	0.375000
ng	moralidad	na	0.545455
ng	motor	na	0.500000
ng	mukha	ng	0.315789
ng	mukha	at	0.210526
ng	mula	sa	0.916667
ng	mundo	ang	0.142857
ng	mundo	sa	0.142857
ng	mundo	na	0.128571
ng	mundo	at	0.114286
ng	mundo	ay	0.100000
ng	mundo	ng	0.085714
ng	mundo	para	0.050000
ng	mundo	mula	0.035714
ng	mundo	o	0.035714
ng	mundo	bagaman	0.021429
ng	museo	ng	0.333333
ng	museo	ay	0.222222
ng	museo	ang	0.166667
ng	musika	sa	0.259494
ng	musika	at	0.164557
ng	musika	ng	0.151899
ng	musika	na	0.113924
ng	musika	ang	0.069620
ng	musika	ay	0.063291
ng	musika	para	0.044304
ng	musika	mula	0.025316
ng	musikal	na	0.333333
ng	na	mga	0.202312
ng	na	araw	0.069364
ng	na	oras	0.069364
ng	na	taon	0.057803
ng	na	kopya	0.046243
ng	na	buwan	0.040462
ng	na	may	0.028902
ng	na	kung	0.023121
ng	na	puntos	0.023121
ng	na	kabanata	0.023121
ng	na	laro	0.017341
ng	na	linggo	0.017341
ng	na	kanta	0.017341
ng	na	ang	0.017341
ng	nabubuhay	na	0.800000
ng	nakasulat	na	0.500000
ng	nakikita	sa	1.000000
ng	namamatay	ay	0.272727
ng	nangingibabaw	na	1.000000
ng	nasa	na	0.190476
ng	natural	na	0.730769
ng	natural	gas	0.153846
ng	nayon	ng	0.321429
ng	nayon	ay	0.250000
ng	nayon	na	0.142857
ng	negosyo	sa	0.235294
ng	negosyo	at	0.147059
ng	negosyo	na	0.117647
ng	negosyo	ng	0.088235
ng	negosyo	mula	0.088235
ng	network	ang	0.242424
ng	network	ng	0.212121
ng	network	ay	0.181818
ng	ng	mga	0.298851
ng	ng	populasyon	0.137931
ng	ng	lahat	0.057471
ng	ng	hapon	0.034483
ng	ng	isang	0.034483
ng	ng	umaga	0.034483
ng	ngipin	ay	0.457143
ng	ngipin	na	0.114286
ng	ngipin	ang	0.114286
ng	ngipin	ng	0.085714
ng	nilalaman	ng	0.235294
ng	nilalaman	nito	0.176471
ng	ninuno	ng	0.555556
ng	niyebe	na	0.333333
ng	nobyembre	at	0.242424
ng	nobyembre	sa	0.151515
ng	nobyembre	bilang	0.090909
ng	nominasyon	sa	0.500000
ng	nominasyon	para	0.200000
ng	noo	ay	0.500000
ng	noo	at	0.500000
ng	normal	na	0.800000
ng	o	sa	0.218750
ng	o	higit	0.187500
ng	o	ang	0.093750
ng	obispo	ng	0.760000
ng	oktubre	at	0.176471
ng	oktubre	sa	0.147059
ng	oktubre	na	0.117647
ng	oktubre	ng	0.117647
ng	oktubre	ay	0.088235
ng	oktubre	hanggang	0.088235
ng	online	na	1.000000
ng	operasyon	nito	0.214286
ng	operasyon	sa	0.178571
ng	operasyon	ng	0.142857
ng	operasyon	na	0.107143
ng	opisina	ng	0.500000
ng	opisyal	na	0.918919
ng	oras	sa	0.204082
ng	oras	na	0.173469
ng	oras	ng	0.142857
ng	oras	at	0.102041
ng	oras	ay	0.081633
ng	oras	ang	0.071429
ng	oras	kasama	0.051020
ng	oras	para	0.040816
ng	oras	o	0.030612
ng	orbit	ng	0.600000
ng	organisasyon	ng	0.307692
ng	organismo	at	0.250000
ng	organismo	ay	0.250000
ng	orihinal	na	0.950000
ng	ospital	ng	0.300000
ng	output	ng	0.500000
ng	paa	ng	0.285714
ng	paa	na	0.214286
ng	paaralan	ng	0.183673
ng	paaralan	ay	0.142857
ng	paaralan	at	0.122449
ng	paaralan	sa	0.122449
ng	paaralan	ang	0.122449
ng	paaralan	na	0.081633
ng	paaralan	para	0.061224
ng	pader	ng	0.636364
ng	pagbabago	sa	0.500000
ng	pagbabago	ng	0.305556
ng	pagbabago	at	0.069444
ng	pagbabago	na	0.041667
ng	pagbabasa	ng	0.428571
ng	pagbabawal	sa	0.375000
ng	pagbabawas	ng	0.833333
ng	pagbabayad	ng	0.333333
ng	pagbabayad	sa	0.333333
ng	pagbagsak	ng	0.791667
ng	pagbebenta	ng	0.750000
ng	pagbili	ng	0.642857
ng	pagbubukas	ng	0.518519
ng	pagbubukas	ay	0.148148
ng	pagbuo	ng	0.850000
ng	pagdating	ng	0.923077
ng	pagdiriwang	ng	0.458333
ng	pagdiriwang	sa	0.208333
ng	paggalaw	ng	0.705882
ng	paggamit	ng	0.839286
ng	paggamit	sa	0.044643
ng	paggamit	nito	0.044643
ng	paggamot	sa	0.333333
ng	paggamot	ay	0.166667
ng	paggamot	na	0.125000
ng	pagganap	ng	0.437500
ng	pagganap	sa	0.187500
ng	paggawa	ng	0.617978
ng	paggawa	sa	0.134831
ng	paggawa	at	0.056180
ng	paggawa	para	0.033708
ng	paggawa	na	0.033708
ng	pagguhit	at	0.375000
ng	paghahanap	sa	0.400000
ng	paghahanap	ng	0.320000
ng	paghahanda	ng	0.714286
ng	paghahatid	ng	0.600000
ng	paghihirap	at	0.500000
ng	paghihiwalay	ng	0.363636
ng	paghihiwalay	sa	0.272727
ng	paghingi	ng	1.000000
ng	pagiging	isang	0.109756
ng	pagiging	hindi	0.048780
ng	pagiging	sensitibo	0.036585
ng	pagitan	ng	0.750000
ng	pagkabalisa	sa	0.437500
ng	pagkain	at	0.241071
ng	pagkain	sa	0.160714
ng	pagkain	ay	0.125000
ng	pagkain	ng	0.098214
ng	pagkain	na	0.080357
ng	pagkain	o	0.062500
ng	pagkain	ang	0.053571
ng	pagkain	para	0.026786
ng	pagkakaayos	ng	0.500000
ng	pagkakaiba	sa	0.318182
ng	pagkakaiba	iba	0.318182
ng	pagkakaiba	ng	0.227273
ng	pagkakaisa	ng	0.466667
ng	pagkakaisa	sa	0.200000
ng	pagkakakilanlan	ng	0.444444
ng	pagkakakilanlan	sa	0.333333
ng	pagkakalantad	sa	0.928571
ng	pagkakaroon	ng	0.963415
ng	pagkakataon	na	0.408163
ng	pagkakataon	ng	0.122449
ng	pagkakataon	sa	0.122449
ng	pagkakataon	ang	0.122449
ng	pagkakataon	para	0.102041
ng	pagkakataon	at	0.061224
ng	pagkasira	sa	0.294118
ng	pagkasira	ng	0.235294
ng	pagkasira	at	0.176471
ng	pagkatalo	ng	0.600000
ng	pagkatapos	ng	0.857143
ng	pagkawala	ng	0.850000
ng	pagkawasak	ng	0.785714
ng	pagkilala	sa	0.608696
ng	pagkilala	ng	0.130435
ng	pagkonsumo	ng	0.800000
ng	pagkuha	ng	0.777778
ng	pagkuha	sa	0.166667
ng	paglabag	sa	0.833333
ng	paglabas	ng	0.771429
ng	paglabas	nito	0.114286
ng	paglabas	at	0.085714
ng	paglago	ng	0.535714
ng	paglago	at	0.142857
ng	paglago	sa	0.107143
ng	paglalakbay	sa	0.600000
ng	paglalakbay	na	0.200000
ng	paglalakbay	at	0.120000
ng	paglalarawan	ng	1.000000
ng	paglalathala	ng	0.555556
ng	paglikha	ng	0.682927
ng	paglikha	ay	0.073171
ng	paglikha	sa	0.073171
ng	paglipat	ng	0.473684
ng	paglipat	sa	0.210526
ng	paglubog	ng	0.750000
ng	pagpapabuti	ng	0.666667
ng	pagpapahalaga	sa	0.555556
ng	pagpapahayag	ng	0.736842
ng	pagpapakamatay	na	0.230769
ng	pagpapakamatay	ay	0.230769
ng	pagpapakilala	ng	1.000000
ng	pagpapakita	ng	0.500000
ng	pagpapalawak	ng	0.846154
ng	pagpapanatili	ng	0.857143
ng	pagpapatupad	ng	1.000000
ng	pagpaplano	ng	0.625000
ng	pagpasok	ng	0.375000
ng	pagpasok	sa	0.375000
ng	pagpasok	para	0.187500
ng	pagpatay	sa	0.500000
ng	pagpatay	ng	0.388889
ng	pagpayag	sa	1.000000
ng	pagpili	ng	0.500000
ng	pagpili	ay	0.208333
ng	pagpipinta	sa	0.454545
ng	pagpoproseso	ng	0.900000
ng	pagpupulong	ng	0.400000
ng	pagsabog	sa	0.266667
ng	pagsabog	ng	0.266667
ng	pagsalakay	ng	0.333333
ng	pagsalakay	sa	0.250000
ng	pagsasaayos	ng	0.700000
ng	pagsasalin	ng	0.444444
ng	pagsasama	ng	0.526316
ng	pagsasama	sa	0.263158
ng	pagsasanay	sa	0.347826
ng	pagsasanay	ng	0.173913
ng	pagsasanay	para	0.130435
ng	pagsubok	ng	0.285714
ng	pagsubok	na	0.214286
ng	pagsubok	sa	0.214286
ng	pagsukat	ng	0.636364
ng	pagsunod	sa	0.777778
ng	pagsusulat	ng	0.437500
ng	pagsusulat	sa	0.187500
ng	pagsusuri	ng	0.368421
ng	pagsusuri	sa	0.236842
ng	pagsusuri	at	0.105263
ng	pagsusuri	na	0.078947
ng	pagsusuri	ay	0.078947
ng	pagtaas	ng	0.666667
ng	pagtaas	sa	0.166667
ng	pagtanggal	ng	0.500000
ng	pagtanggap	ng	0.411765
ng	pagtanggap	at	0.176471
ng	pagtanggap	sa	0.176471
ng	pagtanggi	sa	0.600000
ng	pagtatanghal	ng	0.400000
ng	pagtatanghal	ay	0.200000
ng	pagtatapos	ng	0.448276
ng	pagtatapos	sa	0.103448
ng	pagtatatag	ng	0.750000
ng	pagtatayo	ng	0.629630
ng	pagtatayo	sa	0.148148
ng	pagtatayo	nito	0.111111
ng	pagtitipon	ng	0.333333
ng	pagtutol	ng	0.600000
ng	pagtuturo	sa	0.392857
ng	pagtuturo	ng	0.142857
ng	pagtuturo	at	0.107143
ng	pagtuturo	ay	0.107143
ng	pahayag	na	0.312500
ng	pahayag	ang	0.187500
ng	pahayagan	na	0.307692
ng	pahintulot	mula	0.333333
ng	pahintulot	na	0.277778
ng	pahintulot	ng	0.166667
ng	pahintulot	ang	0.166667
ng	pakikipagtulungan	sa	0.454545
ng	pakpak	ng	0.375000
ng	palabas	na	0.279412
ng	palabas	sa	0.161765
ng	palabas	ay	0.147059
ng	palabas	ang	0.102941
ng	palabas	at	0.088235
ng	palabas	ng	0.073529
ng	palabas	nito	0.044118
ng	palakasan	at	0.214286
ng	palasyo	ng	0.409091
ng	palasyo	sa	0.272727
ng	palasyo	at	0.136364
ng	paligsahan	ay	0.272727
ng	paliparan	ng	0.710526
ng	paliparan	sa	0.078947
ng	palitan	ng	0.571429
ng	palitan	sa	0.285714
ng	pamagat	na	0.574468
ng	pamagat	ng	0.234043
ng	pamagat	ay	0.063830
ng	pamahalaan	ng	0.337165
ng	pamahalaan	ang	0.134100
ng	pamahalaan	na	0.126437
ng	pamahalaan	at	0.107280
ng	pamahalaan	sa	0.095785
ng	pamahalaan	ay	0.068966
ng	pamahalaan	o	0.022989
ng	pamahalaan	para	0.019157
ng	pamahalaan	bilang	0.015326
ng	pamamahagi	ng	0.714286
ng	pamamahala	ng	0.617021
ng	pamamahala	na	0.148936
ng	pamamahala	sa	0.063830
ng	pamamahala	at	0.063830
ng	pamamaraan	ng	0.461538
ng	pamayanan	ng	0.360000
ng	pamayanan	ay	0.120000
ng	pamayanan	at	0.120000
ng	pamayanan	na	0.120000
ng	pamilya	ng	0.220588
ng	pamilya	at	0.161765
ng	pamilya	na	0.147059
ng	pamilya	ay	0.102941
ng	pamilya	ang	0.088235
ng	pamilya	sa	0.058824
ng	pamumuhay	ng	0.241379
ng	pamumuhay	sa	0.241379
ng	pamumuhay	na	0.241379
ng	pamumuhay	at	0.103448
ng	pamumuhunan	sa	0.428571
ng	pamumuno	ng	0.761905
ng	pamumuno	sa	0.142857
ng	panahon	ng	0.328431
ng	panahon	sa	0.102941
ng	panahon	na	0.088235
ng	panahon	ang	0.073529
ng	panahon	ay	0.068627
ng	panahon	at	0.068627
ng	panahon	o	0.039216
ng	panahon	para	0.034314
ng	panahon	ito	0.029412
ng	panahon	ngunit	0.019608
ng	panahon	nito	0.019608
ng	panahon	habang	0.019608
ng	panahon	nang	0.014706
ng	panalangin	sa	0.375000
ng	pananalapi	at	0.291667
ng	pananalapi	ng	0.208333
ng	pananalapi	mula	0.125000
ng	pananalapi	ay	0.125000
ng	pananaliksik	sa	0.416667
ng	pananaliksik	na	0.145833
ng	pananaliksik	at	0.145833
ng	pananaliksik	ng	0.125000
ng	pananaliksik	ay	0.083333
ng	pananampalataya	ay	0.333333
ng	pananampalataya	at	0.222222
ng	pananaw	sa	0.333333
ng	pananaw	na	0.333333
ng	pangalan	ng	0.341880
ng	pangalan	nito	0.136752
ng	pangalan	sa	0.111111
ng	pangalan	bilang	0.085470
ng	pangalan	ay	0.076923
ng	pangalan	na	0.068376
ng	pangalan	ang	0.051282
ng	pangalan	para	0.034188
ng	pangangailangan	para	0.333333
ng	pangangailangan	ng	0.222222
ng	pangangalaga	ng	0.437500
ng	pangangalaga	sa	0.375000
ng	pangangalakal	ng	0.350000
ng	pangangalakal	at	0.200000
ng	pangangalakal	sa	0.200000
ng	pangangasiwa	ng	0.818182
ng	pangangaso	ng	0.428571
ng	panganib	ng	0.393939
ng	panganib	sa	0.242424
ng	panggagahasa	ay	0.500000
ng	pangingisda	at	0.750000
ng	panginoon	ng	0.200000
ng	panginoon	at	0.200000
ng	panginoon	na	0.150000
ng	pangit	na	1.000000
ng	pangkat	na	0.333333
ng	pangkat	ng	0.317460
ng	pangkat	ay	0.095238
ng	pangkat	ang	0.095238
ng	pangunahin	at	1.000000
ng	pangunahing	mga	0.083333
ng	pangunahing	tauhan	0.069444
ng	pangunahing	linya	0.055556
ng	pangunahing	gusali	0.055556
ng	pangungusap	na	0.307692
ng	pangwakas	na	1.000000
ng	pangyayari	sa	0.285714
ng	paniniwala	sa	0.300000
ng	panitikan	sa	0.214286
ng	panitikan	na	0.178571
ng	panitikan	ng	0.178571
ng	panitikan	at	0.142857
ng	panlabas	na	1.000000
ng	panloob	na	0.882353
ng	pansin	sa	0.333333
ng	pansin	ang	0.266667
ng	pansin	ng	0.150000
ng	pansin	at	0.066667
ng	pantay	na	0.727273
ng	pantay	pantay	0.272727
ng	papa	na	0.191489
ng	papa	ang	0.170213
ng	papa	sa	0.170213
ng	papa	ay	0.085106
ng	papa	at	0.085106
ng	papa	ng	0.063830
ng	papel	na	0.428571
ng	papel	sa	0.190476
ng	papel	at	0.071429
ng	papel	ay	0.071429
ng	papel	ng	0.071429
ng	papuri	sa	0.235294
ng	papuri	at	0.176471
ng	papuri	mula	0.176471
ng	para	sa	0.933333
ng	paraan	ng	0.434783
ng	paraan	para	0.173913
ng	paraan	sa	0.130435
ng	parangal	na	0.281250
ng	parangal	bilang	0.187500
ng	parangal	sa	0.156250
ng	parangal	ng	0.093750
ng	pari	ay	0.380952
ng	pari	ang	0.238095
ng	pari	na	0.190476
ng	partikular	na	0.909091
ng	parusa	sa	1.000000
ng	pasahero	sa	0.315789
ng	pasahero	ay	0.315789
ng	pasahero	na	0.157895
ng	pasko	ng	0.437500
ng	pasukan	sa	0.428571
ng	pasyente	sa	0.600000
ng	patag	na	0.666667
ng	patakaran	ng	0.400000
ng	patakaran	na	0.200000
ng	patas	na	1.000000
ng	patatas	at	0.500000
ng	patay	na	0.769231
ng	pating	na	1.000000
ng	patuloy	na	0.900000
ng	payak	na	0.866667
ng	payo	sa	0.400000
ng	pebrero	ng	0.181818
ng	pebrero	at	0.136364
ng	pebrero	ang	0.136364
ng	pederal	na	0.750000
ng	pelikula	at	0.325472
ng	pelikula	ay	0.165094
ng	pelikula	sa	0.141509
ng	pelikula	na	0.132075
ng	pelikula	ng	0.061321
ng	pelikula	ang	0.028302
ng	pelikula	bilang	0.023585
ng	pelikula	para	0.023585
ng	pera	sa	0.188679
ng	pera	para	0.169811
ng	pera	at	0.132075
ng	pera	na	0.075472
ng	pera	ang	0.075472
ng	pera	ay	0.056604
ng	personal	na	0.818182
ng	petsa	ang	0.272727
ng	piano	sa	0.300000
ng	pilak	na	0.434783
ng	pilak	sa	0.260870
ng	pilak	at	0.130435
ng	pilosopiya	ng	0.172414
ng	pilosopiya	sa	0.172414
ng	pilosopiya	at	0.172414
ng	pilosopiya	na	0.137931
ng	pilosopiya	ang	0.137931
ng	piloto	ang	0.750000
ng	pinagmulan	ng	0.500000
ng	pinakamahusay	na	0.952381
ng	pinakamataas	na	0.967742
ng	pinsala	sa	0.703704
ng	pinuno	ng	0.666667
ng	piraso	ng	1.000000
ng	pisika	ay	0.333333
ng	pisika	at	0.266667
ng	pisikal	na	0.904762
ng	planeta	na	0.375000
ng	plano	ng	0.333333
ng	platform	na	0.714286
ng	polusyon	sa	0.500000
ng	pondo	para	0.366667
ng	pondo	ng	0.166667
ng	pondo	at	0.133333
ng	pondo	sa	0.100000
ng	populasyon	ng	0.366279
ng	populasyon	ay	0.174419
ng	populasyon	sa	0.087209
ng	populasyon	at	0.069767
ng	populasyon	na	0.069767
ng	populasyon	nito	0.063953
ng	populasyon	ang	0.063953
ng	populasyon	mula	0.017442
ng	pormal	na	0.823529
ng	pormal	at	0.176471
ng	posibilidad	na	0.800000
ng	posisyon	ng	0.347826
ng	posisyon	sa	0.173913
ng	praktikal	na	1.000000
ng	pranses	at	0.400000
ng	pranses	na	0.266667
ng	presidente	ng	0.500000
ng	presyo	ng	0.428571
ng	presyo	ay	0.178571
ng	presyo	at	0.142857
ng	presyo	sa	0.107143
ng	presyon	ng	0.521739
ng	presyon	sa	0.130435
ng	prinsipyo	ng	0.800000
ng	probabilidad	na	0.333333
ng	problema	sa	0.458333
ng	problema	at	0.125000
ng	problema	ng	0.125000
ng	produksyon	at	0.333333
ng	produksyon	ay	0.222222
ng	produksyon	ng	0.166667
ng	produkto	ng	0.222222
ng	produkto	sa	0.185185
ng	produkto	at	0.111111
ng	produkto	o	0.111111
ng	produkto	na	0.111111
ng	programa	sa	0.194030
ng	programa	ng	0.179104
ng	programa	na	0.164179
ng	programa	ay	0.134328
ng	programa	at	0.104478
ng	programa	ang	0.074627
ng	propesyonal	na	1.000000
ng	propeta	na	0.333333
ng	proseso	ng	0.617647
ng	proseso	ay	0.117647
ng	proteksiyon	ng	0.307692
ng	proteksiyon	na	0.230769
ng	proteksyon	sa	0.375000
ng	proyekto	ay	0.190476
ng	proyekto	sa	0.190476
ng	proyekto	ang	0.190476
ng	proyekto	na	0.190476
ng	prutas	ay	0.272727
ng	pula	ang	0.363636
ng	pulbos	ng	0.500000
ng	pulbos	na	0.250000
ng	pulis	at	0.222222
ng	pulis	ang	0.222222
ng	pundasyon	ng	0.333333
ng	pundasyon	para	0.266667
ng	puno	ng	0.541667
ng	puno	at	0.125000
ng	punto	ng	0.666667
ng	puntos	sa	0.315789
ng	puntos	at	0.157895
ng	pusa	na	0.250000
ng	puso	at	0.357143
ng	puso	ang	0.214286
ng	puti	at	0.500000
ng	puwersa	ng	0.352941
ng	puwersa	sa	0.235294
ng	puwesto	sa	0.600000
ng	radyo	sa	0.355556
ng	radyo	na	0.244444
ng	radyo	ng	0.122222
ng	radyo	at	0.100000
ng	radyo	ay	0.044444
ng	radyo	hanggang	0.033333
ng	rate	ng	1.000000
ng	rebolusyon	ng	0.500000
ng	regular	na	0.555556
ng	rehiyon	ng	0.442308
ng	rehiyon	at	0.134615
ng	rehiyon	ay	0.115385
ng	rehiyon	na	0.096154
ng	rehiyon	ang	0.076923
ng	rehiyon	sa	0.057692
ng	rehiyonal	na	1.000000
ng	rekord	ng	0.500000
ng	rekord	sa	0.333333
ng	relasyon	ng	0.400000
ng	relasyon	sa	0.300000
ng	relihiyon	sa	0.250000
ng	relihiyon	na	0.166667
ng	relihiyon	ay	0.166667
ng	relihiyon	at	0.125000
ng	reporma	sa	0.363636
ng	republika	ng	0.767857
ng	republika	at	0.053571
ng	republika	na	0.053571
ng	reputasyon	ng	0.428571
ng	resulta	ng	0.500000
ng	reyna	ang	0.312500
ng	reyna	na	0.250000
ng	reyna	ng	0.187500
ng	riles	na	0.192308
ng	riles	ng	0.192308
ng	riles	para	0.153846
ng	riles	sa	0.115385
ng	ruta	ng	0.625000
ng	sa	mga	0.184615
ng	sa	direksyon	0.092308
ng	sa	isang	0.069231
ng	sa	kanyang	0.038462
ng	sa	iba	0.030769
ng	sa	pagitan	0.030769
ng	sa	kaso	0.023077
ng	sa	na	0.023077
ng	saging	ay	0.333333
ng	sahod	sa	0.333333
ng	sahod	na	0.250000
ng	sakit	na	0.279070
ng	sakit	sa	0.220930
ng	sakit	ay	0.116279
ng	sakit	ng	0.104651
ng	sakit	at	0.093023
ng	sakit	o	0.058140
ng	saklaw	ng	0.857143
ng	salita	ay	0.187500
ng	salita	ang	0.171875
ng	salita	sa	0.125000
ng	salita	na	0.093750
ng	salita	ng	0.093750
ng	salita	at	0.062500
ng	salita	o	0.062500
ng	salita	ngunit	0.046875
ng	samahan	ang	0.307692
ng	samahan	ng	0.192308
ng	samahan	at	0.153846
ng	sambahayan	ng	0.375000
ng	sangay	na	0.545455
ng	sangay	ng	0.363636
ng	sanggol	o	0.307692
ng	sangkatauhan	para	0.250000
ng	santo	papa	0.631579
ng	sapat	na	0.823529
ng	sapatos	na	0.272727
ng	sarili	sa	0.281250
ng	sarili	nito	0.156250
ng	sarili	at	0.156250
ng	sarili	na	0.093750
ng	sariling	buhay	0.072464
ng	sariling	mga	0.072464
ng	sariling	karera	0.057971
ng	sariling	album	0.057971
ng	sariling	kinatawan	0.043478
ng	sasakyan	sa	0.266667
ng	sasakyan	at	0.266667
ng	satellite	at	0.272727
ng	sayaw	na	0.461538
ng	sayaw	sa	0.192308
ng	seguridad	ng	0.500000
ng	seguridad	at	0.187500
ng	sekswal	na	0.857143
ng	sektor	ng	1.000000
ng	senado	ng	0.307692
ng	senado	at	0.153846
ng	senado	ay	0.115385
ng	senado	mula	0.115385
ng	senado	na	0.115385
ng	sentral	na	0.571429
ng	serbisyo	sa	0.354839
ng	serbisyo	ng	0.161290
ng	serbisyo	sibil	0.129032
ng	serbisyo	at	0.096774
ng	seremonya	ng	0.714286
ng	serye	ng	0.240506
ng	serye	ay	0.164557
ng	serye	sa	0.164557
ng	serye	ang	0.113924
ng	serye	na	0.075949
ng	serye	at	0.075949
ng	sibilisasyon	sa	0.750000
ng	sigarilyo	ay	0.600000
ng	siglo	ang	0.363636
ng	siglo	at	0.272727
ng	sikat	na	0.764706
ng	sikat	ng	0.176471
ng	silangan	at	0.500000
ng	silid	aklatan	0.285714
ng	simbahan	ay	0.191083
ng	simbahan	ng	0.178344
ng	simbahan	na	0.140127
ng	simbahan	sa	0.114650
ng	simbahan	at	0.089172
ng	simbahan	ang	0.089172
ng	simbahan	bilang	0.019108
ng	simbahan	dahil	0.019108
ng	simbahan	para	0.019108
ng	simula	ng	0.571429
ng	sinag	ng	0.666667
ng	sinaunang	mga	0.395833
ng	sinaunang	lungsod	0.145833
ng	sinaunang	israel	0.083333
ng	sining	na	0.224138
ng	sining	at	0.181034
ng	sining	sa	0.146552
ng	sining	ng	0.137931
ng	sining	ay	0.077586
ng	sining	biswal	0.025862
ng	sintomas	at	0.400000
ng	sinturon	ng	0.750000
ng	sinuman	na	0.428571
ng	sistema	ng	0.473684
ng	sistema	ay	0.171053
ng	sistema	na	0.065789
ng	sistema	sa	0.052632
ng	sistema	bago	0.039474
ng	sistema	ang	0.039474
ng	siya	ay	0.866667
ng	siyam	na	0.977273
ng	software	na	0.400000
ng	solusyon	sa	0.384615
ng	sukat	ng	0.550000
ng	sukat	na	0.150000
ng	sulat	na	0.500000
ng	sumunod	na	1.000000
ng	sumusunod	na	1.000000
ng	suporta	mula	0.236842
ng	suporta	sa	0.236842
ng	suporta	ng	0.210526
ng	suporta	para	0.184211
ng	susunod	na	1.000000
ng	taas	ng	0.444444
ng	tag	init	0.472222
ng	tag	ulan	0.305556
ng	tag	araw	0.194444
ng	tagagawa	ng	0.666667
ng	tagapagpaganap	sa	0.500000
ng	tagapagsalaysay	na	0.800000
ng	tagapagsalita	ng	0.833333
ng	tagapagtatag	ng	0.750000
ng	tagapangasiwa	ng	0.833333
ng	tagapangulo	ng	0.600000
ng	taglamig	sa	0.250000
ng	taglamig	ng	0.187500
ng	tagumpay	ng	0.375000
ng	tagumpay	sa	0.312500
ng	tagumpay	na	0.125000
ng	takip	ng	0.400000
ng	takip	sa	0.300000
ng	takot	sa	0.473684
ng	talampas	ng	0.750000
ng	talento	ng	0.375000
ng	talento	sa	0.375000
ng	tama	at	0.500000
ng	tanong	na	0.600000
ng	tanyag	na	1.000000
ng	tao	na	0.160920
ng	tao	sa	0.160920
ng	tao	ang	0.132184
ng	tao	ay	0.129310
ng	tao	at	0.091954
ng	tao	o	0.040230
ng	tao	kung	0.028736
ng	tao	mula	0.025862
ng	tao	ng	0.022989
ng	tao	para	0.011494
ng	tao	ngunit	0.011494
ng	tao	dahil	0.011494
ng	tao	bawat	0.008621
ng	tao	ito	0.008621
ng	tao	bilang	0.008621
ng	taon	ng	0.157480
ng	taon	at	0.133858
ng	taon	sa	0.133858
ng	taon	ang	0.086614
ng	taon	na	0.078740
ng	taon	ay	0.062992
ng	taon	mula	0.055118
ng	taon	ayon	0.039370
ng	taon	para	0.023622
ng	tapos	na	1.000000
ng	tatak	ng	0.318182
ng	tatak	na	0.272727
ng	tatak	para	0.136364
ng	tatlo	hanggang	0.291667
ng	tatlo	sa	0.250000
ng	tatlo	o	0.125000
ng	tauhan	sa	0.272727
ng	tawag	sa	0.333333
ng	teatro	ng	0.272727
ng	teknikal	na	0.923077
ng	teknolohiya	ng	0.240000
ng	teknolohiya	at	0.200000
ng	teknolohiya	sa	0.160000
ng	teknolohiya	ay	0.120000
ng	teknolohiya	na	0.120000
ng	tela	na	0.266667
ng	tela	sa	0.200000
ng	telebisyon	sa	0.346939
ng	telebisyon	ng	0.183673
ng	telebisyon	na	0.163265
ng	telebisyon	at	0.081633
ng	telepono	ay	0.250000
ng	telepono	na	0.250000
ng	tema	ng	0.875000
ng	temperatura	sa	0.333333
ng	temperatura	ng	0.238095
ng	templo	na	0.266667
ng	templo	ay	0.266667
ng	templo	sa	0.200000
ng	teolohiya	at	0.428571
ng	teorya	ng	0.875000
ng	teritoryo	ng	0.550000
ng	teritoryo	nito	0.150000
ng	termino	ay	0.272727
ng	tiket	sa	0.266667
ng	tiket	ay	0.200000
ng	tiket	ng	0.200000
ng	timbang	sa	0.363636
ng	timbang	ng	0.272727
ng	timog	kanluran	0.428571
ng	tinapay	sa	0.384615
ng	tinapay	at	0.230769
ng	tinatawag	na	0.807692
ng	tipikal	na	1.000000
ng	tirahan	at	0.230769
ng	tirahan	sa	0.230769
ng	tiwala	sa	0.666667
ng	tiyak	na	0.954545
ng	tiyan	at	0.388889
ng	tiyan	ay	0.222222
ng	tore	ng	0.500000
ng	trabaho	sa	0.175676
ng	trabaho	ay	0.148649
ng	trabaho	at	0.148649
ng	trabaho	para	0.067568
ng	trabaho	ng	0.067568
ng	trabaho	ang	0.054054
ng	trabaho	na	0.054054
ng	trabaho	bilang	0.040541
ng	trabaho	o	0.040541
ng	tradisyon	ng	0.500000
ng	tradisyonal	na	0.916667
ng	trak	na	0.500000
ng	transportasyon	sa	0.310345
ng	transportasyon	at	0.172414
ng	transportasyon	ang	0.172414
ng	trapiko	sa	0.650000
ng	trapiko	at	0.150000
ng	tren	sa	0.250000
ng	tren	ay	0.173077
ng	tren	na	0.115385
ng	tren	at	0.115385
ng	tren	ng	0.076923
ng	trono	ng	0.466667
ng	tropikal	na	1.000000
ng	tsaa	at	0.250000
ng	tsokolate	at	0.300000
ng	tubig	at	0.204188
ng	tubig	sa	0.183246
ng	tubig	na	0.157068
ng	tubig	ang	0.099476
ng	tubig	ay	0.073298
ng	tubig	o	0.036649
ng	tubig	ng	0.036649
ng	tubig	para	0.026178
ng	tubig	bilang	0.015707
ng	tubig	dagat	0.015707
ng	tubig	dahil	0.015707
ng	tubo	sa	0.227273
ng	tubo	na	0.181818
ng	tubo	ng	0.136364
ng	tubo	at	0.136364
ng	tula	na	0.222222
ng	tula	ay	0.222222
ng	tula	at	0.166667
ng	tulay	ng	0.571429
ng	tulay	na	0.107143
ng	tulay	at	0.107143
ng	tuldok	ang	0.869565
ng	tulong	sa	0.395833
ng	tulong	mula	0.125000
ng	tulong	na	0.104167
ng	tulong	ang	0.083333
ng	tulong	ng	0.062500
ng	tulong	para	0.062500
ng	tumaas	na	1.000000
ng	tumor	sa	0.375000
ng	tumpak	na	1.000000
ng	tunay	na	0.966667
ng	tungkol	sa	1.000000
ng	tungkulin	ng	0.363636
ng	tungkulin	sa	0.272727
ng	tunog	ng	0.250000
ng	tunog	na	0.194444
ng	tunog	sa	0.111111
ng	tunog	ay	0.111111
ng	tunog	ang	0.083333
ng	tupa	at	0.363636
ng	turista	sa	0.363636
ng	tv	ang	0.241379
ng	tv	na	0.206897
ng	tv	at	0.172414
ng	tv	ay	0.137931
ng	ugat	ng	0.444444
ng	ugat	na	0.333333
ng	ugnayan	sa	0.428571
ng	ulan	sa	0.277778
ng	ulan	na	0.166667
ng	ulan	ay	0.166667
ng	ulan	at	0.166667
ng	ulat	ng	0.444444
ng	ulat	na	0.333333
ng	ulo	at	0.244444
ng	ulo	ng	0.200000
ng	ulo	ay	0.111111
ng	ulo	na	0.111111
ng	ulo	o	0.066667
ng	umaga	hanggang	0.342105
ng	umaga	sa	0.131579
ng	umaga	ng	0.131579
ng	umiiral	na	0.916667
ng	umuunlad	na	1.000000
ng	una	at	0.555556
ng	unggoy	ay	0.500000
ng	unibersidad	ng	0.405172
ng	unibersidad	ay	0.344828
ng	unibersidad	ang	0.094828
ng	unibersidad	sa	0.086207
ng	unibersidad	na	0.025862
ng	unyon	ng	0.714286
ng	upuan	ang	0.384615
ng	upuan	sa	0.230769
ng	uri	ng	0.680000
ng	utak	ay	0.343750
ng	utak	ng	0.250000
ng	utak	na	0.093750
ng	utang	na	0.538462
ng	utos	ng	0.285714
ng	utos	sa	0.285714
ng	utos	na	0.214286
ng	video	na	0.291667
ng	video	sa	0.125000
ng	video	ang	0.125000
ng	virus	na	0.263158
ng	virus	ay	0.263158
ng	wakas	ng	0.833333
ng	wala	ang	0.500000
ng	walang	hanggang	0.115385
ng	walang	katulad	0.096154
ng	walang	katapusan	0.057692
ng	web	komiks	1.000000
ng	website	na	0.363636
ng	website	ng	0.363636
ng	wika	ay	0.253968
ng	wika	sa	0.158730
ng	wika	na	0.142857
ng	wika	ng	0.079365
ng	wika	at	0.079365
ng	wika	ang	0.079365
ng	wika	o	0.047619
ng	yelo	sa	0.354839
ng	yelo	at	0.129032
ng	yelo	ang	0.129032
ng	yelo	ng	0.096774
ng	yelo	na	0.096774
ngayon	ang	mga	0.327273
ngayon	ang	lungsod	0.072727
ngayon	ang	unibersidad	0.054545
ngayon	ay	ang	0.132743
ngayon	ay	kilala	0.070796
ngayon	ay	tinatawag	0.070796
ngayon	ay	isang	0.070796
ngayon	ay	may	0.070796
ngayon	ay	nasa	0.061947
ngayon	ay	isa	0.044248
ngayon	ay	mga	0.035398
ngayon	ay	hindi	0.026549
ngayon	ay	patuloy	0.026549
ngayon	bilang	mga	0.363636
ngayon	dahil	sa	0.666667
ngayon	hindi	pa	0.375000
ngayon	ito	ay	0.533333
ngayon	ito	ang	0.266667
ngayon	mula	sa	1.000000
ngayon	na	may	0.187500
ngayon	na	ang	0.187500
ngayon	ng	mga	0.307692
ngayon	ng	isang	0.153846
ngayon	para	sa	0.750000
ngayon	sa	mga	0.333333
ngipin	ay	maaaring	0.352941
ngipin	ng	karunungan	0.363636
ngipin	ng	isang	0.272727
ngunit	ang	mga	0.309091
ngunit	ang	kanyang	0.058182
ngunit	ang	kanilang	0.047273
ngunit	ang	isang	0.036364
ngunit	ang	iba	0.032727
ngunit	ang	karamihan	0.025455
ngunit	ang	lahat	0.018182
ngunit	ang	ilang	0.014545
ngunit	ang	pangunahing	0.010909
ngunit	ayon	sa	0.909091
ngunit	bilang	isang	0.666667
ngunit	bumalik	sa	0.428571
ngunit	bumalik	siya	0.428571
ngunit	dahil	sa	0.833333
ngunit	hindi	ito	0.173184
ngunit	hindi	siya	0.089385
ngunit	hindi	pa	0.072626
ngunit	hindi	sa	0.072626
ngunit	hindi	na	0.067039
ngunit	hindi	ang	0.061453
ngunit	hindi	sila	0.044693
ngunit	hindi	lahat	0.033520
ngunit	hindi	lamang	0.027933
ngunit	hindi	ng	0.022346
ngunit	hindi	kailanman	0.022346
ngunit	hindi	palagi	0.016760
ngunit	hindi	mas	0.016760
ngunit	hindi	alam	0.016760
ngunit	hindi	dapat	0.016760
ngunit	iba	iba	0.750000
ngunit	ito	ay	0.960000
ngunit	kadalasan	ay	0.750000
ngunit	karamihan	ng	0.538462
ngunit	karamihan	sa	0.307692
ngunit	karaniwan	sa	0.428571
ngunit	lumaki	sa	0.750000
ngunit	maaari	din	0.600000
ngunit	maaaring	gamitin	0.272727
ngunit	mabilis	na	1.000000
ngunit	may	mga	0.320755
ngunit	may	ilang	0.132075
ngunit	may	isang	0.094340
ngunit	may	iba	0.056604
ngunit	may	mas	0.056604
ngunit	mayroon	din	0.454545
ngunit	mayroon	pa	0.272727
ngunit	mula	sa	0.800000
ngunit	ngayon	ay	0.875000
ngunit	opisyal	na	1.000000
ngunit	pagkatapos	ng	0.523810
ngunit	pagkatapos	ay	0.285714
ngunit	pagkatapos	na	0.142857
ngunit	para	sa	0.666667
ngunit	patuloy	pa	0.500000
ngunit	patuloy	na	0.500000
ngunit	sa	mga	0.147059
ngunit	sa	huli	0.088235
ngunit	sa	kasalukuyan	0.044118
ngunit	sa	isang	0.044118
ngunit	sa	hindi	0.044118
ngunit	sila	ay	1.000000
ngunit	siya	ay	0.925000
ngunit	wala	sa	0.352941
ngunit	wala	nang	0.176471
ngunit	walang	mga	0.250000
nilalang	mula	sa	1.000000
nilalang	na	may	0.310345
nilalang	na	ito	0.172414
ninuno	ng	mga	0.585366
nobela	ng	serye	0.666667
nobela	sa	serye	0.714286
nobyembre	ang	mga	0.200000
nobyembre	at	sa	0.200000
nobyembre	ay	isang	0.727273
nobyembre	ay	ang	0.272727
nobyembre	bilang	bahagi	0.500000
nobyembre	hanggang	pebrero	0.300000
nobyembre	kung	saan	1.000000
nobyembre	mula	sa	1.000000
nobyembre	sa	lungsod	0.250000
nominado	para	sa	1.000000
normal	na	mga	0.089286
normal	na	presyon	0.071429
normal	na	paraan	0.053571
numero	ng	telepono	0.205128
numero	ng	dalawa	0.128205
numero	ng	mga	0.076923
numero	sa	listahan	0.200000
o	ama	ng	0.666667
o	anak	ng	0.571429
o	ang	mga	0.157895
o	ang	isang	0.061404
o	ang	paggamit	0.026316
o	ang	hindi	0.026316
o	anim	na	0.600000
o	antas	ng	0.500000
o	anumang	bagay	0.294118
o	anumang	iba	0.235294
o	apat	na	0.916667
o	ay	isang	0.250000
o	babae	ang	0.363636
o	bagay	na	0.733333
o	bahagi	ng	0.666667
o	bakas	ng	1.000000
o	banal	na	1.000000
o	bilang	isang	0.347826
o	bilang	ng	0.173913
o	buhay	na	0.750000
o	dahil	sa	0.833333
o	dalawang	mga	0.227273
o	dalawang	araw	0.181818
o	dami	ng	1.000000
o	dating	mga	0.500000
o	galaw	ng	0.750000
o	ganap	na	0.500000
o	gumagamit	ng	1.000000
o	gumawa	ng	1.000000
o	hayop	na	0.500000
o	higit	pa	0.846154
o	higit	sa	0.102564
o	hindi	ang	0.121212
o	hindi	na	0.106061
o	hindi	maaaring	0.075758
o	hindi	tunay	0.060606
o	hindi	at	0.060606
o	iba	pa	0.833333
o	ilang	mga	0.333333
o	inumin	na	1.000000
o	isa	sa	0.750000
o	isang	bagay	0.125000
o	itim	na	1.000000
o	ito	ay	1.000000
o	kahit	na	0.304348
o	kahit	sa	0.173913
o	kahit	ang	0.130435
o	kapatid	na	0.428571
o	kasama	ng	0.714286
o	katulad	na	0.750000
o	katumbas	ng	0.666667
o	kawalan	ng	0.833333
o	kaya	ay	0.271739
o	kaya	sa	0.152174
o	kaya	ng	0.108696
o	kaya	ang	0.086957
o	kaya	mga	0.076087
o	kaya	isang	0.054348
o	kaya	mula	0.043478
o	kilala	sa	0.444444
o	kilala	bilang	0.333333
o	konsentrasyon	ng	1.000000
o	kumakain	ng	1.000000
o	kung	hindi	0.255319
o	kung	ang	0.148936
o	kung	saan	0.106383
o	kung	may	0.085106
o	kung	minsan	0.063830
o	laban	sa	1.000000
o	lahat	ng	1.000000
o	lokal	na	1.000000
o	lubos	na	1.000000
o	lugar	na	0.500000
o	maaaring	hindi	0.333333
o	maging	isang	0.333333
o	makakuha	ng	1.000000
o	malamig	na	0.600000
o	malapit	sa	0.636364
o	maliit	na	1.000000
o	mapanganib	na	1.000000
o	mas	kilala	0.520000
o	mas	marami	0.080000
o	mas	mababa	0.066667
o	mas	matagal	0.040000
o	mataas	na	0.600000
o	mga	bagay	0.044118
o	mga	diyos	0.036765
o	mga	tao	0.029412
o	mga	sangkap	0.022059
o	mula	sa	1.000000
o	ng	isang	0.277778
o	ng	mga	0.222222
o	ng	tao	0.055556
o	opisyal	na	1.000000
o	pagbabago	ng	0.666667
o	paggamit	ng	0.833333
o	pagkakaroon	ng	0.800000
o	pagkasira	ng	1.000000
o	pagkatapos	ng	0.666667
o	pagkawala	ng	0.800000
o	pagpatay	sa	1.000000
o	panahon	ng	0.857143
o	pangkat	ng	0.714286
o	panlabas	na	0.750000
o	para	sa	0.933333
o	payak	na	1.000000
o	personal	na	0.750000
o	pinagmulan	ng	0.750000
o	pinuno	ng	0.875000
o	punto	ng	0.600000
o	resulta	ng	1.000000
o	sa	mga	0.212329
o	sa	isang	0.123288
o	sa	iba	0.034247
o	sa	mas	0.027397
o	sa	payak	0.020548
o	sa	ingles	0.020548
o	sa	kaso	0.020548
o	sa	bahagi	0.020548
o	sa	pagitan	0.020548
o	sa	kanilang	0.020548
o	sa	isa	0.020548
o	samahan	ng	1.000000
o	sekswal	na	1.000000
o	sistema	ng	0.800000
o	sumunod	na	0.750000
o	tauhan	sa	0.750000
o	tinatawag	na	1.000000
o	tropikal	na	1.000000
o	tunay	na	1.000000
o	tungkol	sa	1.000000
o	uri	ng	1.000000
o	wala	sa	0.466667
o	wala	ang	0.200000
olympics	ay	ang	0.428571
online	na	musika	0.230769
opera	na	ito	0.750000
operasyon	na	ito	0.500000
operasyon	ng	mga	0.166667
operasyon	nito	ay	0.375000
operasyon	sa	mga	0.214286
opinyon	sa	mga	0.428571
opinyon	tungkol	sa	1.000000
opisyal	ang	mga	0.333333
opisyal	na	pangalan	0.097166
opisyal	na	wika	0.085020
opisyal	na	mga	0.044534
opisyal	na	pahayag	0.028340
opisyal	na	tinatawag	0.024291
opisyal	na	website	0.024291
opisyal	na	dokumento	0.020243
opisyal	na	kilala	0.016194
opisyal	na	hangganan	0.016194
opisyal	na	paggamit	0.016194
opisyal	na	katayuan	0.012146
opisyal	na	pagbubukas	0.012146
opisyal	na	kabisera	0.012146
opisyal	na	ang	0.012146
opisyal	na	selyo	0.012146
opisyal	na	kandidato	0.012146
opisyal	na	ulat	0.012146
opisyal	na	video	0.012146
opisyal	na	pahayagan	0.012146
opisyal	na	miyembro	0.012146
opisyal	ng	pamahalaan	0.298507
opisyal	ng	militar	0.104478
opisyal	ng	mga	0.059701
opisyal	ng	hukbo	0.044776
opisyal	ng	lokal	0.044776
opisyal	sa	mga	0.250000
organisasyon	at	sektor	0.214286
organisasyon	ng	mga	0.500000
organisasyon	ng	pamahalaan	0.136364
organisasyon	para	sa	1.000000
organismo	ay	may	0.333333
orihinal	na	mga	0.081560
orihinal	na	kahulugan	0.039007
orihinal	na	pangalan	0.035461
orihinal	na	anyo	0.031915
orihinal	na	isang	0.028369
orihinal	na	lokasyon	0.024823
orihinal	na	bersyon	0.021277
orihinal	na	plano	0.021277
orihinal	na	miyembro	0.021277
orihinal	na	kanta	0.017730
orihinal	na	simbahan	0.017730
orihinal	na	kilala	0.017730
orihinal	na	iminungkahi	0.014184
orihinal	na	nagmula	0.014184
orihinal	na	serye	0.014184
orihinal	na	ginamit	0.014184
orihinal	na	paglabas	0.010638
orihinal	na	tunog	0.010638
orihinal	na	lugar	0.010638
orihinal	na	layunin	0.010638
orihinal	na	nobela	0.010638
orihinal	na	disenyo	0.010638
orihinal	na	may	0.010638
orihinal	na	kasalanan	0.010638
orihinal	na	na	0.010638
orihinal	na	mula	0.010638
orihinal	na	bilang	0.010638
orihinal	na	wika	0.010638
ospital	ng	mga	0.571429
pa	alam	kung	0.428571
pa	ang	mga	0.300971
pa	ang	nawawala	0.038835
pa	ang	kanyang	0.038835
pa	ay	ang	0.350000
pa	ay	nasa	0.075000
pa	din	ang	0.500000
pa	din	siya	0.125000
pa	dito	ang	0.750000
pa	dumating	ang	1.000000
pa	ganap	na	0.600000
pa	hanggang	sa	0.833333
pa	ito	ng	0.379310
pa	ito	sa	0.241379
pa	kaysa	sa	0.928571
pa	lamang	siya	0.241758
pa	lamang	ang	0.109890
pa	lamang	at	0.098901
pa	lamang	sa	0.098901
pa	lamang	ay	0.098901
pa	lamang	ng	0.065934
pa	lamang	na	0.032967
pa	lamang	mula	0.032967
pa	maliban	sa	1.000000
pa	mula	sa	0.750000
pa	na	may	0.160000
pa	na	ang	0.160000
pa	ng	mga	0.269231
pa	ng	mas	0.089744
pa	ng	dalawang	0.064103
pa	ng	higit	0.051282
pa	ng	isang	0.038462
pa	nito	sa	0.230769
pa	nito	ang	0.230769
pa	opisyal	na	1.000000
pa	para	sa	1.000000
pa	sa	mga	0.226316
pa	sa	isang	0.078947
pa	sa	iba	0.057895
pa	sa	kanyang	0.052632
pa	sa	na	0.052632
pa	sa	ang	0.021053
pa	sa	pagkabata	0.015789
pa	sa	kanya	0.015789
pa	sa	ilang	0.015789
pa	sa	dalawa	0.015789
pa	sila	ng	0.333333
pa	siya	ng	0.236842
pa	siya	sa	0.210526
pa	siya	at	0.078947
pa	tapos	ang	0.857143
pa	tungkol	sa	1.000000
paalala	ang	mga	0.800000
paalala	na	ang	1.000000
paaralan	at	mga	0.228571
paaralan	at	unibersidad	0.114286
paaralan	at	kolehiyo	0.114286
paaralan	at	sa	0.114286
paaralan	ay	may	0.161290
paaralan	ay	nasa	0.096774
paaralan	ay	sa	0.096774
paaralan	ay	binubuo	0.096774
paaralan	dahil	sa	0.571429
paaralan	kung	saan	1.000000
paaralan	na	may	0.578947
paaralan	ng	batas	0.229508
paaralan	ng	mga	0.131148
paaralan	ng	agham	0.065574
paaralan	ng	sining	0.065574
paaralan	ng	negosyo	0.049180
paaralan	ng	musika	0.049180
paaralan	para	sa	1.000000
paaralan	sa	mga	0.241379
pabor	ang	mga	1.000000
pabor	sa	mga	0.150000
pabrika	ng	asukal	0.272727
pader	ng	lungsod	0.187500
pagawaan	ng	tela	0.166667
pagawaan	ng	mga	0.166667
pagawaan	ng	bakal	0.166667
pagbabagong	anyo	ng	0.692308
pagbabagong	ito	ay	0.500000
pagbabagong	ito	sa	0.208333
pagbabagong	ito	ang	0.166667
pagbabawas	ng	mga	0.210526
pagbawi	ng	mga	0.600000
pagbebenta	ng	mga	0.448276
pagboto	ng	mga	1.000000
pagbubukas	na	seremonya	0.800000
pagbubukas	ng	mga	0.235294
pagdalo	sa	mga	0.833333
pagdating	ng	mga	0.469697
pagdating	ng	araw	0.060606
pagdating	ng	panahon	0.045455
pagdating	sa	mga	0.200000
pagdiriwang	at	mga	0.428571
pagdiriwang	gaya	ng	1.000000
pagdiriwang	na	ito	0.692308
pagdiriwang	na	kilala	0.230769
pagdiriwang	ng	mga	0.300000
pagdiriwang	ng	pasko	0.100000
pagdiriwang	ng	araw	0.100000
pagdiriwang	ng	musika	0.100000
paggalaw	ng	mga	0.294118
paggamit	at	mga	0.600000
paggamit	na	ito	0.500000
paggamit	ng	mga	0.501742
paggamit	ng	isang	0.080139
paggamit	ng	iba	0.024390
paggamit	ng	dalawang	0.010453
paggamit	ng	salita	0.010453
paggamit	nito	ay	0.317073
paggamit	nito	ng	0.243902
paggamit	nito	sa	0.195122
paggamit	nito	bilang	0.073171
paggamit	para	sa	1.000000
paggamit	sa	mga	0.350000
paggamot	ay	hindi	0.214286
paggamot	gamit	ang	1.000000
paggamot	na	ito	0.750000
paggamot	ng	mga	0.700000
paggamot	para	sa	1.000000
paggamot	sa	mga	0.500000
pagganap	bilang	isang	0.500000
pagganap	ng	isang	0.172414
pagganap	ng	mga	0.137931
pagganap	ng	kanyang	0.103448
pagganap	sa	mga	0.333333
pagganap	sa	pelikula	0.142857
pagganap	sa	telebisyon	0.071429
pagganap	sa	isang	0.071429
paghahabol	ng	mga	0.750000
paghahanda	ng	mga	0.705882
paghahanda	para	sa	1.000000
paghihiwalay	mula	sa	1.000000
paghihiwalay	ng	mga	0.350000
paghihiwalay	ng	simbahan	0.150000
paghihiwalay	sa	pagitan	0.500000
paghingi	ng	tulong	0.625000
pagiging	bahagi	ng	1.000000
pagiging	hindi	permanente	0.307692
pagiging	isa	sa	0.500000
pagiging	kumplikado	ng	0.600000
pagiging	laganap	ng	0.750000
pagiging	lungsod	ng	0.500000
pagiging	maaasahan	ng	1.000000
pagiging	malapit	sa	0.500000
pagiging	malapit	nito	0.375000
pagiging	matatag	ng	0.600000
pagiging	miyembro	ng	0.600000
pagiging	sensitibo	ng	0.500000
pagitan	ito	ng	1.000000
pagitan	ng	mga	0.382166
pagitan	ng	at	0.194904
pagitan	ng	dalawang	0.109554
pagitan	ng	hanggang	0.028025
pagitan	ng	dalawa	0.019108
pagitan	ng	isang	0.012739
pagitan	ng	iba	0.011465
pagitan	ng	kanyang	0.010191
pagitan	ng	edad	0.007643
pagitan	ng	anumang	0.006369
pagitan	ng	kanilang	0.006369
pagitan	ng	abril	0.006369
pagitan	ng	bawat	0.006369
pagitan	ng	na	0.005096
pagitan	ng	pagiging	0.003822
pagitan	ng	taon	0.003822
pagitan	ng	lahat	0.003822
pagitan	ng	ilang	0.003822
pagitan	ng	kalye	0.003822
pagitan	ng	pamahalaan	0.003822
pagitan	ng	nobyembre	0.003822
pagitan	ng	may	0.003822
pagkain	ang	mga	0.272727
pagkain	at	inumin	0.244444
pagkain	at	mga	0.155556
pagkain	at	sa	0.066667
pagkain	mula	sa	1.000000
pagkain	ng	mga	0.451613
pagkain	ng	karne	0.096774
pagkain	o	inumin	0.333333
pagkain	para	sa	1.000000
pagkain	sa	mga	0.285714
pagkakaayos	ng	mga	0.555556
pagkakaiba	ang	mga	0.411765
pagkakaiba	iba	ng	0.583333
pagkakaiba	iba	sa	0.183333
pagkakaiba	iba	ay	0.083333
pagkakaiba	iba	at	0.050000
pagkakaiba	lamang	ay	0.666667
pagkakaiba	mula	sa	1.000000
pagkakaiba	ng	mga	0.342857
pagkakaiba	ng	isang	0.085714
pagkakaiba	sa	pagitan	0.472973
pagkakaiba	sa	mga	0.175676
pagkakaiba	sa	kasarian	0.040541
pagkakaisa	ng	mga	0.642857
pagkakalantad	na	ito	1.000000
pagkakalantad	sa	mga	0.217391
pagkakalantad	sa	usok	0.130435
pagkakaroon	ng	mga	0.283654
pagkakaroon	ng	isang	0.115385
pagkakaroon	ng	sakit	0.043269
pagkakaroon	ng	kanser	0.024038
pagkakaroon	ng	anak	0.024038
pagkakaroon	ng	mas	0.024038
pagkakaroon	ng	iba	0.019231
pagkakaroon	ng	trabaho	0.014423
pagkakaroon	ng	batayan	0.014423
pagkakaroon	nito	ng	0.875000
pagkakataon	ang	mga	0.400000
pagkakataon	ang	isang	0.150000
pagkakataon	bilang	isang	0.750000
pagkakataon	kung	saan	0.777778
pagkakataon	na	ang	0.369565
pagkakataon	na	may	0.065217
pagkakataon	ng	isang	0.357143
pagkakataon	para	sa	0.777778
pagkakataon	sa	kasaysayan	0.296296
pagkasira	ng	mga	0.218750
pagkasira	ng	isang	0.093750
pagkatalo	ng	mga	0.500000
pagkatapos	ang	mga	0.238095
pagkatapos	ay	ang	0.204301
pagkatapos	ay	sa	0.172043
pagkatapos	ay	bumalik	0.064516
pagkatapos	ay	muling	0.043011
pagkatapos	ay	lumitaw	0.043011
pagkatapos	ay	lumipat	0.032258
pagkatapos	ay	sumali	0.032258
pagkatapos	ay	pumasok	0.032258
pagkatapos	ito	ay	1.000000
pagkatapos	lamang	ng	1.000000
pagkatapos	makilala	ang	1.000000
pagkatapos	mamatay	ng	0.800000
pagkatapos	matalo	ng	0.750000
pagkatapos	na	ang	0.166667
pagkatapos	na	ito	0.142857
pagkatapos	na	umalis	0.071429
pagkatapos	ng	isang	0.132486
pagkatapos	ng	kanyang	0.101633
pagkatapos	ng	digmaan	0.065336
pagkatapos	ng	mga	0.063521
pagkatapos	ng	ilang	0.058076
pagkatapos	ng	dalawang	0.034483
pagkatapos	ng	kamatayan	0.032668
pagkatapos	ng	kanilang	0.032668
pagkatapos	ng	taon	0.019964
pagkatapos	ng	labanan	0.018149
pagkatapos	ng	araw	0.018149
pagkatapos	ng	pagtatapos	0.014519
pagkatapos	ng	pagbagsak	0.012704
pagkatapos	ng	anim	0.009074
pagkatapos	ng	apat	0.009074
pagkatapos	ng	paglabas	0.007260
pagkatapos	ng	na	0.007260
pagkatapos	ng	pagkatalo	0.007260
pagkatapos	ng	isa	0.007260
pagkatapos	ng	pagdiriwang	0.007260
pagkatapos	ng	buwan	0.005445
pagkatapos	ng	pagkakalantad	0.005445
pagkatapos	ng	bawat	0.005445
pagkatapos	ng	pangyayari	0.005445
pagkatapos	ng	lindol	0.005445
pagkatapos	ng	paggamot	0.005445
pagkatapos	ng	halos	0.005445
pagkatapos	ng	kolehiyo	0.005445
pagkatapos	ng	paghihiwalay	0.005445
pagkatapos	ng	laban	0.005445
pagkatapos	nito	ay	0.442308
pagkatapos	nito	ang	0.288462
pagkatapos	nito	siya	0.057692
pagkatapos	siya	ay	0.833333
pagkatapos	umalis	sa	0.750000
pagkawala	ng	mga	0.196970
pagkawala	ng	kanilang	0.090909
pagkawala	ng	kanyang	0.045455
pagkawala	ng	paningin	0.045455
pagkawala	ng	isang	0.045455
pagkawala	ng	tirahan	0.045455
pagkawasak	ng	mga	0.250000
pagkilala	ng	mga	0.222222
pagkilala	para	sa	1.000000
pagkilala	sa	kanyang	0.217391
pagkilala	sa	mga	0.152174
pagkilala	sa	sakit	0.130435
pagkilala	sa	kanilang	0.065217
pagkonsumo	ng	mga	0.230769
paglabag	ng	mga	0.600000
paglabag	sa	mga	0.259259
paglabag	sa	batas	0.259259
paglabas	na	ito	0.500000
paglabas	ng	album	0.180328
paglabas	ng	mga	0.131148
paglabas	ng	kanilang	0.114754
paglabas	ng	pelikula	0.081967
paglabas	ng	kanyang	0.065574
paglabas	ng	isang	0.049180
paglabas	nito	na	0.400000
paglabas	sa	telebisyon	0.307692
paglabas	sa	pelikula	0.307692
paglago	ng	ekonomiya	0.340000
paglago	ng	populasyon	0.180000
paglago	ng	industriya	0.060000
paglago	ng	trabaho	0.060000
paglago	ng	mga	0.060000
paglahok	sa	mga	0.625000
paglalakbay	kasama	ang	1.000000
paglalakbay	mula	sa	0.833333
paglalakbay	na	ito	0.363636
paglalakbay	patungo	sa	1.000000
paglalakbay	sa	mga	0.156250
paglalakbay	sa	isang	0.125000
paglalarawan	ang	isang	1.000000
paglalarawan	ng	mga	0.375000
paglalarawan	ng	isang	0.150000
paglalarawan	sa	mga	0.363636
paglalathala	ng	mga	0.444444
paglikha	ng	mga	0.354167
paglikha	ng	isang	0.156250
paglikha	ng	bagong	0.041667
paglikha	ng	mas	0.041667
paglikha	ng	kanilang	0.031250
paglipat	mula	sa	1.000000
paglipat	ng	mga	0.444444
paglipat	nito	sa	1.000000
paglipat	sa	isang	0.625000
pagpapabuti	ng	mga	0.214286
pagpapabuti	sa	mga	0.250000
pagpapahalaga	sa	sarili	0.300000
pagpapahayag	ng	mga	0.190476
pagpapahayag	ng	kalayaan	0.190476
pagpapakamatay	ay	ang	0.416667
pagpapakita	ng	mga	0.242424
pagpapakita	ng	kanilang	0.090909
pagpapaliwanag	ng	mga	0.428571
pagpapaliwanag	sa	mga	0.500000
pagpapatupad	ng	mga	0.269231
pagpapatupad	ng	batas	0.192308
pagpasok	ng	mga	0.350000
pagpasok	para	sa	1.000000
pagpatay	ng	mga	0.304348
pagpatay	ng	kanyang	0.173913
pagpatay	ng	isang	0.130435
pagpatay	sa	mga	0.303030
pagpatay	sa	isang	0.151515
pagpatay	sa	kanya	0.090909
pagpipinta	ng	mga	0.666667
pagpoproseso	ng	mga	0.391304
pagpoproseso	ng	salita	0.391304
pagpupulong	ng	mga	0.437500
pagpupulong	ng	konseho	0.187500
pagsalakay	ng	mga	0.687500
pagsalakay	sa	mga	0.500000
pagsasaayos	ng	mga	0.482759
pagsasalin	ng	mga	0.375000
pagsasalin	ng	dugo	0.125000
pagsasama	ng	mga	0.464286
pagsasama	ng	dalawang	0.107143
pagsasama	nito	sa	0.600000
pagsasanay	na	ito	0.888889
pagsasanay	ng	mga	0.615385
pagsasanay	para	sa	1.000000
pagsasanay	sa	guro	0.142857
pagsasayaw	sa	yelo	1.000000
pagsunod	ng	mga	1.000000
pagsunod	sa	mga	0.555556
pagsusulat	ng	mga	0.580645
pagsusulit	para	sa	1.000000
pagsusuri	ayon	sa	1.000000
pagsusuri	mula	sa	1.000000
pagsusuri	ng	mga	0.491803
pagsusuri	ng	dugo	0.098361
pagsusuri	ng	isang	0.049180
pagsusuri	para	sa	0.916667
pagsusuri	sa	mga	0.235294
pagsusuri	sa	laboratoryo	0.117647
pagsusuri	sa	balat	0.088235
pagsusuri	sa	pagkasira	0.088235
pagtaas	mula	sa	0.750000
pagtaas	ng	mga	0.153061
pagtaas	ng	presyo	0.081633
pagtaas	ng	bilang	0.081633
pagtaas	ng	halaga	0.061224
pagtaas	ng	pantay	0.030612
pagtaas	ng	presyon	0.030612
pagtaas	ng	temperatura	0.030612
pagtaas	sa	mga	0.200000
pagtaas	sa	antas	0.160000
pagtaas	sa	ang	0.120000
pagtanggap	ng	mga	0.390244
pagtanggap	sa	mga	0.312500
pagtanggi	sa	mga	0.375000
pagtatanggol	laban	sa	1.000000
pagtatanghal	na	ito	0.714286
pagtatanghal	ng	mga	0.428571
pagtatatag	ng	mga	0.258065
pagtatatag	ng	isang	0.161290
pagtatayo	ng	mga	0.351648
pagtatayo	ng	isang	0.142857
pagtatayo	ng	bagong	0.076923
pagtatayo	ng	templo	0.043956
pagtatayo	ng	simbahan	0.043956
pagtatayo	ng	tulay	0.043956
pagtatayo	ng	linya	0.032967
pagtitipon	ng	mga	0.294118
pagtitipon	para	sa	1.000000
pagtutol	sa	mga	0.428571
pagtutulungan	ng	mga	1.000000
pahayagan	ng	mga	0.500000
pahina	ang	mga	0.500000
pahina	mula	sa	1.000000
pahina	ng	isang	0.166667
pahina	ng	bibliya	0.166667
pahinga	mula	sa	1.000000
pahintulot	mula	sa	1.000000
pahintulutan	ang	mga	0.500000
pakikibaka	laban	sa	1.000000
pakikibaka	para	sa	1.000000
pakikilahok	ng	mga	0.500000
pakikilahok	sa	mga	0.571429
paksa	ang	mga	0.300000
paksa	ng	mga	0.181818
paksa	ng	isang	0.090909
paksa	ng	kanyang	0.054545
palabas	ang	mga	0.416667
palabas	ay	ang	0.142857
palabas	ay	tungkol	0.142857
palabas	dahil	sa	0.666667
palabas	na	ito	0.456522
palabas	nito	sa	0.600000
palabas	para	sa	1.000000
palabas	sa	telebisyon	0.546392
palabas	sa	tv	0.092784
palabas	sa	radyo	0.051546
palasyo	na	may	0.750000
palasyo	ng	mga	0.266667
palasyo	ng	gobernador	0.200000
paligsahan	kung	saan	1.000000
paligsahan	ng	mga	0.785714
paliparan	na	may	0.500000
paliparan	sa	mundo	0.600000
palitan	ang	mga	0.384615
palitan	ang	pangalan	0.115385
palitan	ng	mga	0.380952
palitan	ng	dolyar	0.238095
pamagat	na	ito	0.200000
pamagat	na	hari	0.075000
pamagat	na	mga	0.075000
pamagat	na	ngayon	0.075000
pamagat	ng	isang	0.133333
pamagat	ng	kanta	0.133333
pamagat	ng	album	0.088889
pamagat	ng	kanyang	0.088889
pamagat	nito	ay	0.625000
pamahalaan	ang	mga	0.333333
pamahalaan	ang	hindi	0.076923
pamahalaan	at	mga	0.128205
pamahalaan	at	ang	0.128205
pamahalaan	at	ng	0.128205
pamahalaan	ay	may	0.200000
pamahalaan	ay	hindi	0.166667
pamahalaan	ay	maaaring	0.133333
pamahalaan	na	may	0.222222
pamahalaan	ng	mga	0.212121
pamahalaan	ng	hapon	0.121212
pamahalaan	ng	estado	0.075758
pamahalaan	ng	lungsod	0.060606
pamahalaan	ng	isang	0.045455
pamahalaan	ng	lalawigan	0.045455
pamahalaan	o	mga	0.428571
pamahalaan	para	sa	1.000000
pamahalaan	sa	mga	0.478261
pamamahagi	ng	mga	0.500000
pamamahala	na	may	1.000000
pamamahala	ng	mga	0.319444
pamamahala	sa	mga	0.285714
pamamaraan	at	mga	0.333333
pamamaraan	na	ito	0.333333
pamamaraan	ng	mga	0.135135
pamamaraan	para	sa	0.800000
pamantayan	ng	pamumuhay	0.400000
pamantayan	para	sa	1.000000
pamayanan	at	mga	0.444444
pamayanan	at	ang	0.333333
pamayanan	ng	mga	0.571429
pambansa	at	lokal	0.250000
pambansa	at	internasyonal	0.250000
pambihira	ang	kanyang	1.000000
pamilya	at	mga	0.285714
pamilya	at	ang	0.142857
pamilya	ay	lumipat	0.240000
pamilya	dahil	sa	0.750000
pamilya	kasama	ang	1.000000
pamilya	na	hindi	0.147059
pamilya	na	may	0.147059
pamilya	na	nasa	0.088235
pamilya	na	binubuo	0.088235
pamilya	ng	mga	0.520000
pamilya	ng	isang	0.100000
pamilya	sa	mga	0.210526
pamilya	siya	ay	1.000000
pamilyar	sa	mga	0.333333
pamumuhay	ng	mga	0.555556
pamumuhunan	ng	mga	0.800000
pamumuno	ay	hindi	0.600000
pamumuno	ng	mga	0.533333
pamumuno	ng	kanilang	0.133333
pamumuno	ng	isang	0.100000
panahon	ang	mga	0.372549
panahon	ang	tag	0.058824
panahon	at	ang	0.173913
panahon	at	sa	0.086957
panahon	at	mga	0.065217
panahon	ay	hindi	0.137931
panahon	ay	ang	0.103448
panahon	bago	ang	0.555556
panahon	dahil	sa	0.714286
panahon	ito	ay	0.846154
panahon	kung	saan	0.476190
panahon	kung	kailan	0.428571
panahon	mula	sa	0.461538
panahon	mula	hanggang	0.230769
panahon	na	ito	0.246914
panahon	na	ang	0.160494
panahon	na	may	0.074074
panahon	na	walang	0.049383
panahon	na	kung	0.037037
panahon	na	tinatawag	0.037037
panahon	na	ng	0.037037
panahon	nang	ang	0.375000
panahon	ng	mga	0.131799
panahon	ng	kanyang	0.106695
panahon	ng	digmaan	0.041841
panahon	ng	bagyo	0.039749
panahon	ng	tag	0.037657
panahon	ng	isang	0.033473
panahon	ng	kanilang	0.031381
panahon	ng	huling	0.012552
panahon	ng	bato	0.012552
panahon	ng	pamamahala	0.012552
panahon	ng	taglamig	0.010460
panahon	ng	kapayapaan	0.010460
panahon	ng	taon	0.010460
panahon	ng	buhay	0.010460
panahon	ng	pamumuno	0.010460
panahon	ng	termino	0.010460
panahon	ng	kaguluhan	0.008368
panahon	ng	yelo	0.008368
panahon	ng	rebolusyon	0.008368
panahon	ng	imperyo	0.008368
panahon	ng	kolonyal	0.008368
panahon	ng	pagtatayo	0.008368
panahon	ng	krisis	0.008368
panahon	ng	pagbabago	0.006276
panahon	ng	pamahalaan	0.006276
panahon	ng	bagong	0.006276
panahon	ng	labanan	0.006276
panahon	ng	pagbubuntis	0.006276
panahon	ng	serye	0.006276
panahon	ng	pagsalakay	0.006276
panahon	o	sa	0.200000
panahon	pa	ng	0.750000
panahon	pagkatapos	ng	0.583333
panahon	para	sa	1.000000
panahon	sa	pagitan	0.135593
panahon	sa	mga	0.101695
panahon	sa	kasaysayan	0.084746
panahon	sa	isang	0.050847
panahon	siya	ay	0.800000
panalangin	para	sa	1.000000
panalo	at	na	0.750000
panalo	laban	sa	1.000000
panalo	para	sa	1.000000
pananagutan	para	sa	1.000000
pananagutan	sa	mga	0.250000
pananalapi	ng	bansa	0.363636
pananampalataya	sa	diyos	0.500000
pananaw	ang	mga	0.500000
pananaw	na	ito	0.500000
pananaw	na	ang	0.200000
pananaw	ng	mga	0.484848
pananaw	ng	isang	0.151515
pananaw	sa	kung	0.166667
pananaw	sa	buhay	0.166667
panandalian	lamang	ang	0.428571
panandalian	ng	mga	1.000000
pananim	na	mais	0.750000
panatilihin	ang	mga	0.300000
panatilihin	ang	kanilang	0.133333
panatilihin	ang	isang	0.100000
panayam	para	sa	1.000000
panayam	sa	mga	0.363636
panga	ng	tao	0.750000
pangalan	ay	mula	0.121212
pangalan	ay	nagmula	0.121212
pangalan	ayon	sa	1.000000
pangalan	bilang	isang	0.266667
pangalan	bilang	unibersidad	0.266667
pangalan	gaya	ng	1.000000
pangalan	mula	sa	0.888889
pangalan	na	ito	0.185185
pangalan	na	ibinigay	0.111111
pangalan	ng	mga	0.135036
pangalan	ng	lungsod	0.083942
pangalan	ng	bayan	0.062044
pangalan	ng	kanyang	0.051095
pangalan	ng	isang	0.032847
pangalan	ng	bansa	0.032847
pangalan	ng	diyos	0.025547
pangalan	ng	kanilang	0.021898
pangalan	ng	linya	0.021898
pangalan	ng	lugar	0.018248
pangalan	ng	banda	0.018248
pangalan	ng	estado	0.014599
pangalan	ng	ilog	0.014599
pangalan	ng	ilang	0.014599
pangalan	ng	kapanganakan	0.010949
pangalan	ng	pamilya	0.010949
pangalan	ng	bagyo	0.010949
pangalan	ng	hayop	0.010949
pangalan	ng	isa	0.010949
pangalan	ng	korporasyon	0.010949
pangalan	ng	lalawigan	0.010949
pangalan	ng	kulay	0.010949
pangalan	ng	paaralan	0.010949
pangalan	ng	kalye	0.010949
pangalan	nito	sa	0.318584
pangalan	nito	ay	0.283186
pangalan	nito	mula	0.106195
pangalan	nito	na	0.097345
pangalan	nito	ang	0.044248
pangalan	nito	bilang	0.035398
pangalan	para	sa	1.000000
pangalan	sa	mga	0.254902
pangalan	sa	kapanganakan	0.078431
pangalan	sa	isang	0.078431
pangangailangan	na	ang	0.500000
pangangailangan	ng	mga	0.320755
pangangailangan	ng	bawat	0.056604
pangangailangan	ng	isang	0.056604
pangangailangan	ng	kanilang	0.056604
pangangailangan	para	sa	0.850000
pangangalaga	ng	kalusugan	0.193548
pangangalaga	ng	kanyang	0.161290
pangangalaga	ng	kalikasan	0.129032
pangangalaga	ng	mga	0.129032
pangangalaga	ng	isang	0.096774
pangangalaga	sa	mga	0.260870
pangangalaga	sa	kalusugan	0.173913
pangangalakal	ng	mga	0.571429
pangangalakal	para	sa	1.000000
pangangaso	ng	mga	0.666667
panganib	ay	mas	0.600000
panganib	na	mga	0.200000
panganib	ng	kanser	0.170213
panganib	ng	kamatayan	0.148936
panganib	ng	mga	0.148936
panganib	ng	pagpapakamatay	0.106383
panganib	ng	sakit	0.085106
panganib	ng	isang	0.063830
panganib	para	sa	1.000000
panganib	sa	mga	0.250000
pangarap	na	maging	0.600000
panghuli	ng	pangarap	1.000000
pangkat	ang	mga	0.461538
pangkat	ay	binubuo	0.315789
pangkat	ay	maaaring	0.157895
pangkat	dahil	sa	0.750000
pangkat	etniko	sa	0.333333
pangkat	etniko	na	0.200000
pangkat	etniko	ng	0.133333
pangkat	etniko	ay	0.100000
pangkat	etniko	at	0.100000
pangkat	mula	sa	0.750000
pangkat	na	ito	0.364706
pangkat	na	may	0.105882
pangkat	na	hindi	0.058824
pangkat	na	binubuo	0.047059
pangkat	na	tinatawag	0.035294
pangkat	ng	mga	0.711207
pangkat	ng	tao	0.025862
pangkat	ng	mananaliksik	0.012931
pangkat	para	sa	1.000000
pangkat	sa	mga	0.187500
pangunahin	na	ang	0.428571
pangunahin	sa	mga	0.272727
pangunahing	anyo	ng	0.833333
pangunahing	bahagi	ng	0.600000
pangunahing	bahagi	ay	0.150000
pangunahing	bahagi	ang	0.150000
pangunahing	bersyon	ng	0.750000
pangunahing	binubuo	ng	0.833333
pangunahing	biswal	na	1.000000
pangunahing	daan	sa	0.375000
pangunahing	dahilan	ng	0.416667
pangunahing	dahilan	nito	0.250000
pangunahing	daungan	sa	0.600000
pangunahing	gamit	ng	0.600000
pangunahing	gawain	ng	0.333333
pangunahing	gusali	ng	0.363636
pangunahing	host	ng	0.500000
pangunahing	industriya	sa	0.454545
pangunahing	industriya	ng	0.363636
pangunahing	karakter	na	0.333333
pangunahing	karakter	sa	0.333333
pangunahing	katangian	ng	0.571429
pangunahing	katangian	nito	0.428571
pangunahing	layunin	ng	0.500000
pangunahing	layunin	ay	0.250000
pangunahing	linya	ng	0.928571
pangunahing	lugar	ng	0.888889
pangunahing	lungsod	ng	0.440000
pangunahing	lungsod	sa	0.320000
pangunahing	manunulat	ng	0.571429
pangunahing	mapagkukunan	ng	0.857143
pangunahing	mga	lungsod	0.050847
pangunahing	mga	gawain	0.050847
pangunahing	mga	bilang	0.050847
pangunahing	pagbabago	sa	0.800000
pangunahing	papel	sa	0.533333
pangunahing	papel	bilang	0.200000
pangunahing	paraan	ng	0.777778
pangunahing	pasukan	ng	0.750000
pangunahing	pigura	sa	1.000000
pangunahing	ruta	ng	0.428571
pangunahing	sangkap	ng	0.555556
pangunahing	serye	ng	0.500000
pangunahing	tagagawa	ng	1.000000
pangunahing	tampok	sa	0.750000
pangunahing	tauhan	sa	0.407407
pangunahing	tauhan	ay	0.148148
pangunahing	tauhan	ng	0.148148
pangunahing	tungkulin	nito	0.444444
pangunahing	tungkulin	ng	0.333333
pangunahing	unibersidad	sa	0.500000
pangunahing	uri	ng	0.928571
pangunahing	wika	ng	0.454545
pangunahing	yunit	ng	0.600000
paningin	ng	kompyuter	0.500000
paniniwala	na	ang	0.541667
paniniwala	ng	mga	0.434783
paniniwala	ng	isang	0.130435
paniniwala	sa	diyos	0.444444
paniniwala	sa	mga	0.148148
panlabas	at	panloob	0.545455
panlabas	na	mga	0.172414
panlabas	na	mundo	0.120690
panlabas	na	anyo	0.120690
panlipunan	at	mga	0.166667
panlipunan	mula	sa	1.000000
panlipunan	ng	mga	0.454545
panloob	at	panlabas	0.571429
panloob	na	mga	0.203390
panloob	na	merkado	0.050847
pansin	ang	mga	0.333333
pansin	din	ang	0.500000
pansin	mula	sa	1.000000
pansin	na	mga	0.230769
pansin	ng	mga	0.550000
pansin	para	sa	1.000000
pansin	sa	mga	0.333333
pansinin	ang	mga	0.454545
pansinin	na	ang	0.714286
panukala	para	sa	0.777778
papa	mula	sa	1.000000
papa	na	ang	0.214286
paparating	na	mga	0.230769
papunta	at	mula	0.900000
papunta	sa	mga	0.182796
papunta	sa	isang	0.086022
papunta	sa	isa	0.043011
papunta	sa	baga	0.032258
papunta	sa	susunod	0.032258
papunta	sa	mas	0.032258
para	baguhin	ang	1.000000
para	gamitin	sa	0.714286
para	gamutin	ang	1.000000
para	gumawa	ng	1.000000
para	hanapin	ang	1.000000
para	ilarawan	ang	1.000000
para	iligtas	ang	1.000000
para	ipahayag	ang	1.000000
para	ito	ay	0.800000
para	labanan	ang	1.000000
para	lamang	sa	0.818182
para	lumikha	ng	0.750000
para	maabot	ang	1.000000
para	magbigay	ng	0.666667
para	maging	isang	0.268293
para	makakuha	ng	1.000000
para	makuha	ang	0.400000
para	makuha	ng	0.300000
para	mapanatili	ang	0.888889
para	mas	maging	0.428571
para	matukoy	ang	0.625000
para	pagsamahin	ang	1.000000
para	palitan	ang	1.000000
para	protektahan	ang	1.000000
para	sa	mga	0.313124
para	sa	isang	0.079304
para	sa	kanyang	0.070350
para	sa	kanilang	0.027117
para	sa	lahat	0.014838
para	sa	kanya	0.013303
para	sa	bawat	0.012279
para	sa	iba	0.011768
para	sa	mas	0.011512
para	sa	ilang	0.009721
para	sa	pinakamahusay	0.006651
para	sa	isa	0.005372
para	sa	dalawang	0.005116
para	sa	karamihan	0.004605
para	sa	paggamit	0.004605
para	sa	pelikula	0.004349
para	sa	bagong	0.004093
para	sa	kalayaan	0.004093
para	sa	susunod	0.004093
para	sa	kapakanan	0.003581
para	sa	paggawa	0.003581
para	sa	na	0.003581
para	sa	serye	0.003326
para	sa	album	0.003326
para	sa	hindi	0.003326
para	sa	kaligtasan	0.003326
para	sa	season	0.003070
para	sa	pagiging	0.002814
para	sa	anumang	0.002814
para	sa	sarili	0.002814
para	siya	ay	1.000000
para	sumali	sa	0.800000
para	tukuyin	ang	0.900000
para	tumulong	sa	1.000000
paraan	ang	mga	0.461538
paraan	at	sa	0.375000
paraan	ay	ang	0.444444
paraan	gaya	ng	1.000000
paraan	kung	paano	0.578947
paraan	kung	saan	0.315789
paraan	mula	sa	1.000000
paraan	na	ito	0.187500
paraan	ng	mga	0.113208
paraan	ng	paggawa	0.066038
paraan	ng	paggamit	0.047170
paraan	ng	pagsusulat	0.037736
paraan	ng	pagpili	0.037736
paraan	ng	pagbabayad	0.028302
paraan	ng	transportasyon	0.028302
paraan	ng	pagtakas	0.028302
paraan	ng	paghahanap	0.028302
paraan	ng	paghahanda	0.028302
paraan	para	sa	0.666667
parangal	at	nominasyon	0.454545
parangal	bilang	pinakamahusay	0.600000
parangal	kabilang	ang	1.000000
parangal	mula	sa	1.000000
parangal	na	ito	0.571429
parangal	para	sa	1.000000
parangal	sa	mga	0.222222
parangal	sa	kanya	0.148148
paratang	na	ito	0.500000
pare	pareho	na	0.400000
pare	pareho	ang	0.300000
pareho	ang	mga	0.187500
pareho	ng	mga	0.333333
pareho	sa	mga	0.187500
pareho	sa	lahat	0.187500
pareho	sila	ng	0.800000
pari	ang	mga	0.375000
pari	at	mga	0.384615
pari	mula	sa	1.000000
partikular	ang	mga	0.437500
partikular	na	ang	0.149378
partikular	na	sa	0.116183
partikular	na	mga	0.103734
partikular	na	lugar	0.020747
partikular	na	rehiyon	0.016598
partikular	na	mahalaga	0.016598
partikular	na	wika	0.016598
partikular	na	uri	0.012448
partikular	na	pangkat	0.012448
partikular	na	karaniwan	0.012448
partikular	na	kilala	0.012448
partikular	na	bilang	0.012448
partikular	na	panahon	0.012448
partikular	na	bahagi	0.012448
partikular	na	simbahan	0.012448
partikular	para	sa	1.000000
partikular	sa	mga	0.200000
parusa	ng	diyos	0.750000
parusa	sa	mga	0.800000
pasahero	araw	araw	1.000000
pasahero	at	mga	0.375000
pasahero	na	may	0.600000
pasahero	sa	isang	0.500000
pasilidad	para	sa	1.000000
pasukan	mula	sa	1.000000
pataas	sa	mga	0.571429
patakaran	ng	pamahalaan	0.178571
patakaran	ng	mga	0.142857
patakaran	para	sa	1.000000
patakaran	sa	mga	0.230769
patakaran	tungkol	sa	1.000000
pating	na	ito	0.500000
pating	na	tigre	0.500000
patuloy	at	hindi	0.750000
patuloy	na	umuunlad	0.028846
patuloy	na	bumababa	0.028846
patuloy	na	mga	0.028846
patuloy	na	paggamit	0.028846
patuloy	na	pagtaas	0.028846
patuloy	na	bumagsak	0.028846
patuloy	na	proseso	0.028846
patuloy	na	ginamit	0.028846
patuloy	sila	sa	1.000000
patunay	na	ang	0.700000
patunayan	na	ang	0.500000
patungkol	sa	mga	0.250000
patungkol	sa	isang	0.107143
patungo	mula	hanggang	1.000000
patungo	sa	isang	0.127660
patungo	sa	mga	0.085106
patungo	sa	iba	0.049645
patungo	sa	hilagang	0.028369
patungo	sa	kanilang	0.021277
patungo	sa	ilog	0.021277
patungo	sa	pagiging	0.021277
payagan	ang	mga	0.285714
payak	na	mga	0.225000
payak	na	kahulugan	0.125000
pelikula	ang	kalahok	0.520000
pelikula	at	telebisyon	0.520000
pelikula	at	mga	0.056000
pelikula	at	palabas	0.056000
pelikula	at	ang	0.040000
pelikula	at	sa	0.032000
pelikula	ay	isang	0.179104
pelikula	ay	may	0.089552
pelikula	ay	ang	0.074627
pelikula	ay	na	0.074627
pelikula	ay	mula	0.059701
pelikula	ay	lumitaw	0.059701
pelikula	ay	tungkol	0.044776
pelikula	kabilang	ang	0.888889
pelikula	kasama	ang	0.600000
pelikula	kung	saan	1.000000
pelikula	na	may	0.232558
pelikula	na	ito	0.116279
pelikula	na	kung	0.069767
pelikula	ng	mga	0.137931
pelikula	ng	isang	0.137931
pelikula	para	sa	1.000000
pelikula	sa	mga	0.133333
pelikula	sa	serye	0.111111
pelikula	sa	isang	0.066667
pelikula	siya	ay	0.800000
pelikula	telebisyon	at	0.800000
pelikula	tungkol	sa	1.000000
pera	ay	maaaring	0.312500
pera	mula	sa	1.000000
pera	para	sa	0.909091
pera	sa	kanilang	0.272727
personal	na	buhay	0.116883
personal	na	kompyuter	0.077922
personal	na	mga	0.064935
personal	na	impormasyon	0.038961
petsa	ay	sa	0.230769
petsa	ay	hindi	0.230769
petsa	ng	kapanganakan	0.277778
petsa	ng	paglabas	0.083333
petsa	ng	kanyang	0.083333
petsa	para	sa	1.000000
pigilan	ang	mga	0.400000
pilak	na	medalya	0.384615
piling	ng	mga	0.350000
pilosopiya	at	teolohiya	0.266667
piloto	ang	kanyang	0.500000
pinaghihinalaan	ang	mga	1.000000
pinagmulan	ng	mga	0.294118
pinagmulan	ng	pangalan	0.132353
pinagmulan	ng	lahat	0.058824
pinagmulan	ng	ilang	0.044118
pinagmulan	nito	ang	0.307692
pinagmulan	nito	sa	0.230769
pinagmulan	nito	ay	0.230769
pinakamataas	na	bilang	0.086207
pinakamataas	na	antas	0.063218
pinakamataas	na	bahagi	0.063218
pinakamataas	na	ranggo	0.057471
pinakamataas	na	punto	0.045977
pinakamataas	na	marka	0.040230
pinakamataas	na	kita	0.028736
pinakamataas	na	gusali	0.028736
pinakamataas	na	na	0.028736
pinakamataas	na	populasyon	0.022989
pinakamataas	na	puntos	0.022989
pinakamataas	na	bayad	0.017241
pinakamataas	na	bundok	0.017241
pinakamataas	na	parangal	0.017241
pinakamataas	na	gantimpala	0.017241
pinsala	dahil	sa	1.000000
pinsala	sa	mga	0.193548
pinsala	sa	katawan	0.048387
pintor	at	manunulat	0.500000
pintor	ng	mga	0.571429
pinuno	ng	mga	0.291139
pinuno	ng	estado	0.164557
pinuno	ng	pamahalaan	0.044304
pinuno	ng	pangkat	0.037975
pinuno	ng	isang	0.037975
pinuno	ng	mundo	0.025316
pinuno	ng	imperyo	0.018987
pinuno	ng	sangay	0.018987
pinuno	ng	kanyang	0.018987
pinuno	nito	ay	0.454545
pinuno	nito	na	0.272727
pinuno	siya	ng	1.000000
pisikal	na	kapaligiran	0.060000
pisikal	na	katangian	0.060000
pisikal	na	lakas	0.050000
pisikal	na	mga	0.040000
pisikal	na	katawan	0.040000
pisikal	na	bagay	0.040000
pisikal	na	anyo	0.030000
pisikal	na	kopya	0.030000
planeta	mula	sa	1.000000
plano	ng	mga	0.200000
plano	ng	diyos	0.160000
plano	para	sa	0.944444
polusyon	sa	hangin	0.714286
pondo	mula	sa	1.000000
pondo	para	sa	0.954545
pormal	na	edukasyon	0.123077
pormal	na	pangalan	0.092308
pormal	na	pagsasanay	0.061538
pormal	na	tinatawag	0.046154
pormal	na	kilala	0.046154
pormal	na	paglalarawan	0.046154
porsyento	ng	mga	0.666667
posibilidad	na	ang	0.400000
posibilidad	na	ito	0.200000
posibilidad	ng	mga	0.214286
posibilidad	para	sa	1.000000
posibleng	dahilan	ng	0.800000
pranses	at	aleman	0.222222
pranses	at	ang	0.166667
pranses	at	ingles	0.166667
pranses	para	sa	1.000000
pranses	sa	mga	0.500000
presyo	ang	mga	0.666667
presyo	ay	tumaas	0.307692
presyo	na	maaaring	0.375000
presyo	ng	mga	0.212766
presyo	ng	isang	0.106383
presyo	ng	pagkain	0.106383
presyo	ng	langis	0.106383
presyo	ng	tiket	0.063830
presyo	para	sa	1.000000
presyo	sa	mga	0.461538
presyon	mula	sa	1.000000
presyon	ng	dugo	0.881356
presyon	ng	hangin	0.050847
prinsipyo	ng	pagbabago	0.200000
probisyon	para	sa	1.000000
problema	dahil	sa	1.000000
problema	ng	mga	0.150000
problema	para	sa	1.000000
problema	sa	kalusugan	0.135593
problema	sa	mga	0.118644
problema	sa	isang	0.050847
problema	sa	kanyang	0.050847
produksyon	mula	sa	1.000000
programa	at	mga	0.214286
programa	mula	sa	0.700000
programa	na	tinatawag	0.230769
programa	ng	mga	0.078947
programa	ng	musika	0.078947
programa	nito	sa	0.500000
programa	para	sa	1.000000
programa	sa	telebisyon	0.178082
programa	sa	radyo	0.109589
programa	sa	antas	0.068493
programa	sa	pagsasanay	0.054795
programa	sa	mga	0.041096
propaganda	ng	mga	1.000000
propesyonal	na	mga	0.112903
propesyonal	na	karera	0.112903
propesyonal	na	manlalaro	0.096774
propesyonal	na	paaralan	0.048387
propeta	na	ang	0.600000
proporsyon	ng	mga	0.444444
proteksiyon	laban	sa	1.000000
proteksyon	ng	mga	0.571429
protektahan	ang	mga	0.521739
protektahan	ang	kanilang	0.130435
protina	para	sa	1.000000
proyekto	kabilang	ang	1.000000
proyekto	na	may	0.333333
proyekto	ng	pananaliksik	0.214286
proyekto	para	sa	0.800000
prutas	at	gulay	0.800000
prutas	gulay	at	0.750000
pula	at	dilaw	0.176471
pula	berde	at	1.000000
pula	ng	itlog	0.750000
pulgada	at	may	0.666667
pulgada	mm	ng	1.000000
pulis	ang	mga	0.444444
pumasok	ang	mga	0.363636
pumasok	sa	isang	0.219780
pumasok	sa	mga	0.098901
pumasok	sa	bahay	0.043956
pumasok	sa	serbisyo	0.032967
pumasok	sa	paaralan	0.032967
pumasok	sa	silid	0.032967
pumasok	sa	kanyang	0.032967
pumasok	sila	sa	1.000000
pumasok	siya	sa	0.966667
pumili	ang	mga	0.714286
pumili	ng	isang	0.263158
pumili	sa	pagitan	0.750000
pumunta	sa	bahay	0.129032
pumunta	sa	isang	0.096774
pumunta	sa	mga	0.096774
pumunta	siya	sa	0.818182
puna	mula	sa	1.000000
puna	tungkol	sa	1.000000
pundamental	na	katangian	0.166667
pundasyon	para	sa	1.000000
puno	na	may	0.333333
puno	ng	mga	0.313253
puno	ng	estado	0.120482
puno	ng	damdamin	0.036145
puno	ng	saging	0.036145
puno	ng	kaalaman	0.036145
puno	ng	kahoy	0.036145
puno	sa	isang	0.333333
punto	kung	saan	0.666667
punto	para	sa	1.000000
punto	sa	itaas	0.157895
puntos	ang	kanyang	0.428571
puntos	mula	sa	1.000000
puntos	para	sa	0.800000
pusa	na	may	0.666667
puso	at	sa	0.230769
puso	dahil	sa	1.000000
puso	ng	mga	0.315789
puso	ng	isang	0.210526
puti	ang	mga	0.375000
puti	na	may	0.375000
puti	ng	itlog	1.000000
putik	mula	sa	1.000000
putik	na	mga	0.750000
puwersa	ng	mga	0.363636
puwersa	ng	hukuman	0.181818
puwersa	ng	hapon	0.136364
puwesto	sa	isang	0.130435
puwesto	sa	bansa	0.130435
quarter	ng	at	0.500000
radyo	at	telebisyon	0.650000
radyo	na	ito	0.272727
radyo	na	may	0.272727
rate	ito	ng	1.000000
rate	ng	paglago	0.216216
rate	ng	kamatayan	0.189189
rate	ng	krimen	0.081081
regalo	mula	sa	1.000000
regalo	sa	kanyang	0.333333
regular	na	mga	0.122449
regular	na	programa	0.061224
rehiyon	at	ang	0.320000
rehiyon	at	mga	0.120000
rehiyon	ay	ang	0.120000
rehiyon	ay	may	0.120000
rehiyon	ay	isang	0.120000
rehiyon	ay	isa	0.120000
rehiyon	kung	saan	1.000000
rehiyon	na	ito	0.166667
rehiyon	ng	mundo	0.150000
rehiyon	ng	bansa	0.100000
rehiyon	o	bansa	0.428571
rehiyon	para	sa	1.000000
rehiyon	sa	mundo	0.250000
rehiyonal	na	parke	0.333333
relasyon	ng	mga	0.185185
relasyon	ng	dalawa	0.185185
relasyon	nito	sa	1.000000
relasyon	sa	pagitan	0.468750
relasyon	sa	kanyang	0.062500
relasyon	sa	mga	0.062500
relasyon	sa	isa	0.046875
relihiyon	ng	mga	0.312500
relihiyon	ng	sinaunang	0.187500
relihiyon	ng	estado	0.187500
relihiyon	sa	bansa	0.285714
reporma	sa	lupa	0.214286
representasyon	ng	mga	0.285714
reputasyon	bilang	isang	0.666667
reputasyon	para	sa	1.000000
residente	mula	sa	1.000000
residente	ng	lungsod	0.333333
responsibilidad	para	sa	1.000000
responsibilidad	sa	mga	0.333333
resulta	ang	mga	0.600000
resulta	ay	isang	0.238095
resulta	ay	ang	0.142857
resulta	ay	maaaring	0.142857
resulta	ay	hindi	0.142857
resulta	mula	sa	1.000000
resulta	na	ang	0.300000
resulta	na	ito	0.300000
resulta	ng	mga	0.153846
resulta	ng	isang	0.128205
resulta	ng	kanyang	0.102564
resulta	ng	operasyon	0.076923
resulta	ng	pagsusuri	0.038462
resulta	ng	hindi	0.038462
resulta	ng	mas	0.038462
resulta	nito	ay	0.666667
reyna	ng	mga	0.238095
reyna	ng	langit	0.142857
riles	ng	tren	0.846154
riles	para	sa	1.000000
ritmo	ng	gitara	0.500000
rosas	na	mga	0.300000
sa	a	at	0.400000
sa	abot	ng	0.833333
sa	abril	at	0.277778
sa	abril	sa	0.277778
sa	abril	ang	0.166667
sa	agham	at	0.265306
sa	agham	ang	0.122449
sa	agham	sa	0.102041
sa	agham	na	0.102041
sa	agham	ng	0.102041
sa	agosto	ang	0.210526
sa	agosto	na	0.210526
sa	agosto	sa	0.157895
sa	agrikultura	at	0.269231
sa	agrikultura	ay	0.153846
sa	akin	ay	0.200000
sa	akin	sa	0.160000
sa	akin	ng	0.120000
sa	akin	at	0.120000
sa	akin	na	0.120000
sa	akin	ang	0.120000
sa	aklat	na	0.478261
sa	aklat	ng	0.391304
sa	aklatan	ng	1.000000
sa	aksidente	sa	0.600000
sa	aksyon	na	0.666667
sa	aktibidad	ng	0.500000
sa	aktor	na	0.700000
sa	aktuwal	na	0.875000
sa	alak	at	0.750000
sa	alam	na	0.600000
sa	alamat	ng	0.333333
sa	alamat	ang	0.166667
sa	alamat	na	0.166667
sa	alas	ng	0.750000
sa	album	na	0.421875
sa	album	ay	0.171875
sa	album	sa	0.078125
sa	album	ng	0.078125
sa	album	at	0.062500
sa	album	ang	0.062500
sa	aleman	at	0.444444
sa	alinman	sa	0.952381
sa	ama	na	0.208333
sa	ama	ay	0.166667
sa	ama	ang	0.166667
sa	ama	o	0.125000
sa	anak	na	0.421053
sa	anak	ng	0.263158
sa	ang	mga	0.262295
sa	ang	populasyon	0.038251
sa	ang	isang	0.032787
sa	ang	bilang	0.021858
sa	ang	kanilang	0.016393
sa	ang	ilang	0.016393
sa	ang	isa	0.016393
sa	ang	lahat	0.016393
sa	ang	kanyang	0.016393
sa	anibersaryo	ng	1.000000
sa	anim	na	0.925373
sa	antas	ng	0.545455
sa	antas	na	0.333333
sa	anuman	sa	1.000000
sa	anumang	mga	0.142857
sa	anumang	uri	0.057143
sa	anumang	paraan	0.050000
sa	anumang	kaso	0.050000
sa	anumang	iba	0.042857
sa	anumang	bagay	0.035714
sa	anumang	punto	0.028571
sa	anumang	bahagi	0.021429
sa	anumang	oras	0.021429
sa	anyo	ng	0.827586
sa	anyo	at	0.068966
sa	apat	na	0.919540
sa	apat	lamang	0.017241
sa	apat	ang	0.017241
sa	apat	sa	0.017241
sa	apoy	at	0.312500
sa	apoy	na	0.187500
sa	araw	na	0.320513
sa	araw	ng	0.282051
sa	araw	araw	0.153846
sa	araw	at	0.057692
sa	araw	ay	0.038462
sa	araw	ang	0.025641
sa	araw	kung	0.019231
sa	araw	sa	0.019231
sa	arkitektura	ng	0.230769
sa	arkitektura	at	0.230769
sa	artikulo	ng	0.555556
sa	artipisyal	na	1.000000
sa	aspeto	ng	1.000000
sa	at	sa	0.188679
sa	at	ang	0.169811
sa	at	may	0.075472
sa	at	mga	0.056604
sa	at	ay	0.056604
sa	at	na	0.056604
sa	atake	sa	0.785714
sa	atin	ng	0.222222
sa	atin	na	0.185185
sa	atin	sa	0.148148
sa	atin	ang	0.148148
sa	atin	ay	0.111111
sa	ating	bansa	0.220000
sa	ating	mga	0.140000
sa	ating	mundo	0.080000
sa	ating	kasaysayan	0.060000
sa	awtoridad	ng	0.800000
sa	ay	ang	0.222222
sa	ay	may	0.166667
sa	ayon	sa	1.000000
sa	ayos	ng	0.750000
sa	babae	at	0.200000
sa	babae	sa	0.160000
sa	babae	na	0.160000
sa	babae	ng	0.120000
sa	badyet	ng	0.333333
sa	baga	ay	0.304348
sa	baga	sa	0.217391
sa	baga	at	0.130435
sa	bagay	na	1.000000
sa	bago	ang	0.375000
sa	bagong	mundo	0.085714
sa	bagong	panahon	0.057143
sa	bagong	mga	0.042857
sa	bagong	taon	0.042857
sa	bagyo	at	0.571429
sa	bahagi	ng	0.634146
sa	bahagi	na	0.073171
sa	bahay	ng	0.267241
sa	bahay	sa	0.129310
sa	bahay	na	0.086207
sa	bahay	ay	0.051724
sa	bahay	at	0.051724
sa	bahay	ang	0.043103
sa	bahay	bahay	0.043103
sa	bahay	kung	0.025862
sa	bahay	nito	0.025862
sa	bakuran	ng	0.666667
sa	balangkas	na	0.444444
sa	balat	ng	0.400000
sa	balat	at	0.142857
sa	balat	na	0.142857
sa	balat	o	0.085714
sa	banal	na	1.000000
sa	banda	mula	0.166667
sa	banda	na	0.166667
sa	banda	at	0.119048
sa	banda	ay	0.119048
sa	banda	sa	0.071429
sa	banda	dahil	0.071429
sa	banda	ang	0.071429
sa	bangka	ay	0.500000
sa	bangko	ng	0.375000
sa	bangko	at	0.187500
sa	bangko	na	0.187500
sa	bansa	at	0.192771
sa	bansa	na	0.174699
sa	bansa	sa	0.144578
sa	bansa	ang	0.096386
sa	bansa	ay	0.078313
sa	bansa	ng	0.048193
sa	bansa	o	0.030120
sa	bansa	mula	0.024096
sa	bansa	kung	0.024096
sa	bansa	pagkatapos	0.018072
sa	bansa	ayon	0.018072
sa	barko	ay	0.214286
sa	base	ng	0.363636
sa	base	at	0.136364
sa	basement	ng	1.000000
sa	bata	na	0.222222
sa	bata	at	0.222222
sa	bata	ay	0.166667
sa	batas	ng	0.283951
sa	batas	na	0.148148
sa	batas	ang	0.086420
sa	batas	republika	0.061728
sa	batas	sa	0.049383
sa	batas	mula	0.037037
sa	batayan	ng	0.833333
sa	bato	at	0.210526
sa	bato	na	0.184211
sa	bato	ay	0.131579
sa	bato	ng	0.131579
sa	bawat	isa	0.257971
sa	bawat	taon	0.052174
sa	bawat	isang	0.046377
sa	bawat	araw	0.034783
sa	bawat	bansa	0.026087
sa	bawat	rehiyon	0.020290
sa	bawat	mga	0.014493
sa	bawat	tao	0.014493
sa	bawat	panahon	0.014493
sa	bawat	direksyon	0.011594
sa	bawat	sulok	0.011594
sa	bawat	laro	0.011594
sa	bawat	punto	0.011594
sa	bawat	babae	0.008696
sa	bawat	anim	0.008696
sa	bawat	elemento	0.008696
sa	bawat	henerasyon	0.008696
sa	bawat	gilid	0.008696
sa	bawat	siyam	0.008696
sa	bawat	uri	0.008696
sa	bawat	pangungusap	0.008696
sa	bawat	bahagi	0.008696
sa	bawat	bayan	0.008696
sa	bawat	milyon	0.008696
sa	bayan	ng	0.616000
sa	bayan	ay	0.104000
sa	bayan	at	0.064000
sa	bayan	na	0.048000
sa	bayan	sa	0.040000
sa	bayan	ang	0.024000
sa	baybayin	ng	0.511111
sa	baybayin	sa	0.133333
sa	baybayin	na	0.088889
sa	baybayin	at	0.088889
sa	benta	ng	0.500000
sa	bersyon	ng	0.875000
sa	bibig	ng	0.263158
sa	bibig	at	0.157895
sa	bibliya	ay	0.156250
sa	bibliya	ang	0.156250
sa	bibliya	na	0.156250
sa	bibliya	at	0.125000
sa	bibliya	ng	0.093750
sa	bilang	ng	0.490385
sa	bilang	na	0.259615
sa	bilang	sa	0.038462
sa	bilang	isang	0.028846
sa	bilangguan	ng	0.142857
sa	bilangguan	at	0.142857
sa	bilangguan	para	0.142857
sa	bilangguan	sa	0.107143
sa	bilis	ng	0.695652
sa	bilis	na	0.217391
sa	bilyon	na	0.307692
sa	bilyon	bilyon	0.230769
sa	bintana	ng	0.750000
sa	bisa	ng	0.964286
sa	biyernes	santo	0.400000
sa	bubong	ng	0.555556
sa	buhay	ng	0.321101
sa	buhay	na	0.174312
sa	buhay	at	0.146789
sa	buhay	sa	0.128440
sa	buhay	ang	0.036697
sa	buhay	o	0.027523
sa	bukas	na	1.000000
sa	bulwagan	ng	0.375000
sa	bundok	na	0.285714
sa	bundok	ng	0.250000
sa	bundok	ang	0.142857
sa	bundok	buntis	0.107143
sa	burol	ng	0.538462
sa	burol	na	0.230769
sa	butas	ng	0.800000
sa	buwan	ng	0.591837
sa	buwan	na	0.102041
sa	buwan	ay	0.061224
sa	buwan	at	0.061224
sa	buwan	nang	0.061224
sa	buwis	at	0.375000
sa	buwis	sa	0.375000
sa	cast	ng	0.857143
sa	channel	na	0.333333
sa	daan	ng	0.176471
sa	daanan	ng	1.000000
sa	dagat	at	0.183673
sa	dagat	ng	0.163265
sa	dagat	sa	0.122449
sa	dagat	na	0.102041
sa	dagat	timog	0.081633
sa	dagat	ay	0.061224
sa	dagdag	na	0.666667
sa	dahil	sa	0.888889
sa	dahilan	na	0.363636
sa	dahilan	ng	0.363636
sa	dalas	ng	0.857143
sa	dalawa	ang	0.361702
sa	dalawa	o	0.148936
sa	dalawa	ay	0.085106
sa	dalawa	sa	0.085106
sa	dalawa	at	0.085106
sa	dalawa	hanggang	0.063830
sa	dalawang	mga	0.177419
sa	dalawang	bahagi	0.064516
sa	dalawang	pangunahing	0.056452
sa	dalawang	magkasunod	0.028226
sa	dalawang	uri	0.028226
sa	dalawang	salita	0.020161
sa	dalawang	ito	0.020161
sa	dalawang	iba	0.020161
sa	dalawang	pangkat	0.020161
sa	dalawang	paraan	0.016129
sa	dalawang	tao	0.016129
sa	dalawang	linggo	0.016129
sa	dalawang	taon	0.012097
sa	dalawang	magkahiwalay	0.012097
sa	dalawang	bahay	0.012097
sa	daloy	ng	1.000000
sa	daluyan	ng	0.800000
sa	damdamin	ng	0.777778
sa	dami	ng	0.918367
sa	darating	na	0.950000
sa	dating	pangalan	0.108696
sa	dating	anyo	0.065217
sa	datos	na	0.500000
sa	datos	ng	0.300000
sa	daungan	at	0.285714
sa	daungan	ng	0.214286
sa	dayuhan	ng	0.500000
sa	dekada	ng	0.428571
sa	departamento	ng	1.000000
sa	desisyon	ng	0.461538
sa	desisyon	na	0.384615
sa	detalye	ng	0.600000
sa	dibdib	at	0.380952
sa	dibdib	ng	0.238095
sa	dibisyon	ng	0.714286
sa	digital	na	0.636364
sa	digmaan	sa	0.232143
sa	digmaan	ng	0.232143
sa	digmaan	at	0.107143
sa	digmaan	ang	0.071429
sa	digmaan	laban	0.053571
sa	digmaan	ay	0.053571
sa	digmaan	para	0.053571
sa	dilaw	na	1.000000
sa	direksyon	sa	0.333333
sa	direksyon	ng	0.333333
sa	disenyo	ng	0.500000
sa	disenyo	nito	0.133333
sa	disenyo	na	0.100000
sa	disiplina	ng	0.666667
sa	distrito	ng	0.857143
sa	distrito	na	0.071429
sa	disyembre	sa	0.285714
sa	disyembre	ang	0.190476
sa	diyeta	ng	0.600000
sa	diyos	na	0.256410
sa	diyos	at	0.141026
sa	diyos	ang	0.128205
sa	diyos	ng	0.128205
sa	diyos	sa	0.064103
sa	diyos	ay	0.064103
sa	dna	at	0.300000
sa	dna	na	0.300000
sa	doktrina	ng	0.454545
sa	dokumentaryo	ng	1.000000
sa	dokumento	ang	0.600000
sa	drama	na	0.500000
sa	drama	cd	0.192308
sa	drama	sa	0.115385
sa	dugo	ng	0.200000
sa	dugo	o	0.160000
sa	dugo	na	0.120000
sa	dugo	at	0.120000
sa	dumating	ang	0.750000
sa	dumi	sa	0.750000
sa	edad	na	0.904762
sa	edad	ng	0.051948
sa	edisyon	ng	0.769231
sa	edukasyon	sa	0.225806
sa	edukasyon	at	0.225806
sa	edukasyon	ng	0.161290
sa	ekonomiya	ng	0.461538
sa	ekonomiya	at	0.153846
sa	ekonomiya	sa	0.115385
sa	ekonomiya	ay	0.076923
sa	ekonomiya	na	0.057692
sa	elementarya	at	0.384615
sa	elementarya	sa	0.230769
sa	embahada	ng	0.666667
sa	emperador	ng	0.600000
sa	enero	sa	0.294118
sa	enero	at	0.235294
sa	enero	hanggang	0.176471
sa	epekto	ng	0.722222
sa	episode	na	0.529412
sa	episode	ng	0.411765
sa	espanyol	at	0.500000
sa	espesyal	na	0.846154
sa	espirituwal	na	1.000000
sa	estado	ng	0.732558
sa	estado	at	0.081395
sa	estado	ay	0.058140
sa	estado	na	0.058140
sa	gabi	sa	0.161290
sa	gabi	ng	0.161290
sa	gabi	at	0.129032
sa	gabi	ay	0.096774
sa	gabi	ang	0.096774
sa	gabi	o	0.096774
sa	galaw	ng	0.750000
sa	galit	ng	0.375000
sa	gamit	nito	0.272727
sa	gamit	ang	0.272727
sa	gamot	ay	0.666667
sa	ganap	na	0.933333
sa	garahe	ng	0.800000
sa	gastos	ng	0.428571
sa	gastos	na	0.357143
sa	gatas	ng	0.375000
sa	gawain	ng	0.562500
sa	genre	ng	0.833333
sa	gilid	ng	0.645833
sa	gilid	na	0.104167
sa	gilid	ay	0.062500
sa	ginto	at	0.375000
sa	gitna	ng	0.807910
sa	gitna	at	0.045198
sa	gitna	ay	0.022599
sa	gitna	hanggang	0.016949
sa	gitna	ang	0.016949
sa	gobernador	ng	0.600000
sa	golpo	ng	0.700000
sa	gubat	na	0.300000
sa	guro	ng	0.333333
sa	gusali	ng	0.428571
sa	gusali	ay	0.285714
sa	haba	ng	0.687500
sa	halaga	ng	0.909091
sa	halos	lahat	0.458824
sa	halos	taon	0.070588
sa	halos	anumang	0.047059
sa	halos	ng	0.047059
sa	halos	na	0.047059
sa	halos	bawat	0.035294
sa	hanay	ng	0.904762
sa	hangganan	ng	0.702703
sa	hangganan	sa	0.108108
sa	hanggang	sa	0.250000
sa	hangin	at	0.260870
sa	hangin	sa	0.173913
sa	hapon	at	0.177215
sa	hapon	na	0.151899
sa	hapon	ang	0.151899
sa	hapon	ay	0.139241
sa	hapon	sa	0.088608
sa	hapon	mula	0.050633
sa	hapon	bilang	0.037975
sa	hapon	ng	0.037975
sa	harap	ng	0.833333
sa	harap	at	0.037037
sa	harap	ay	0.027778
sa	harap	nang	0.027778
sa	hardin	ng	0.555556
sa	hari	ng	0.333333
sa	hari	na	0.190476
sa	hari	sa	0.142857
sa	hari	ang	0.142857
sa	hatol	ng	0.600000
sa	hayop	na	0.454545
sa	hepe	ng	1.000000
sa	higit	sa	0.647059
sa	higit	na	0.247059
sa	higit	pa	0.047059
sa	hilaga	ng	0.336134
sa	hilaga	at	0.285714
sa	hilaga	na	0.058824
sa	hilaga	hanggang	0.058824
sa	hilaga	ang	0.033613
sa	hilaga	ay	0.033613
sa	hilaga	kanluran	0.033613
sa	hilaga	sa	0.033613
sa	hilagang	silangan	0.302326
sa	hilagang	bahagi	0.255814
sa	hilagang	kanluran	0.220930
sa	hilagang	baybayin	0.046512
sa	hilera	ng	1.000000
sa	hiling	ng	1.000000
sa	hindi	pagkakaroon	0.123077
sa	hindi	na	0.061538
sa	hindi	pa	0.061538
sa	hindi	sapat	0.046154
sa	hindi	pagsunod	0.046154
sa	hindi	inaasahan	0.046154
sa	hitsura	ng	0.500000
sa	hugis	ng	0.666667
sa	hukbo	ng	0.705882
sa	hukuman	ng	0.700000
sa	huli	ay	0.350318
sa	huli	ng	0.171975
sa	huli	ang	0.101911
sa	huli	na	0.089172
sa	huli	nang	0.057325
sa	huli	sa	0.031847
sa	huli	at	0.031847
sa	huli	ito	0.019108
sa	huling	bahagi	0.393782
sa	huling	mga	0.041451
sa	huling	pagkakataon	0.036269
sa	huling	araw	0.036269
sa	huling	taon	0.036269
sa	huling	laro	0.036269
sa	huling	yugto	0.025907
sa	huling	kalahati	0.025907
sa	huling	dalawang	0.020725
sa	huling	sandali	0.020725
sa	huling	ulat	0.015544
sa	huling	panahon	0.015544
sa	huling	dekada	0.015544
sa	hulyo	at	0.227273
sa	hulyo	sa	0.227273
sa	hulyo	ang	0.136364
sa	hunyo	ang	0.333333
sa	hustisya	sa	0.750000
sa	iba	pa	0.346939
sa	iba	ay	0.153061
sa	iba	ang	0.102041
sa	iba	na	0.071429
sa	iba	at	0.061224
sa	iba	o	0.030612
sa	ibaba	ng	0.267857
sa	ibaba	ang	0.250000
sa	ibaba	ay	0.232143
sa	ibaba	na	0.089286
sa	ibabaw	ng	0.896104
sa	ibabaw	nito	0.025974
sa	ibabaw	na	0.017316
sa	ibabaw	ay	0.017316
sa	ibabaw	lamang	0.012987
sa	ibinigay	na	1.000000
sa	ilang	mga	0.716387
sa	ilang	bahagi	0.035714
sa	ilang	sandali	0.016807
sa	ilang	pagkakataon	0.010504
sa	ilang	wika	0.008403
sa	ilang	kaso	0.008403
sa	ilang	oras	0.008403
sa	ilang	uri	0.006303
sa	ilang	piling	0.006303
sa	ilang	bilang	0.006303
sa	ilang	sanggunian	0.006303
sa	ilang	taon	0.006303
sa	ilang	ng	0.006303
sa	ilegal	na	1.000000
sa	ilog	ng	0.295455
sa	ilog	na	0.181818
sa	ilog	ang	0.090909
sa	ilog	at	0.090909
sa	ilog	sa	0.068182
sa	ilong	at	0.400000
sa	impeksyon	sa	0.600000
sa	imperyo	ng	0.250000
sa	impiyerno	at	0.600000
sa	impormasyon	tungkol	0.272727
sa	ina	ay	0.277778
sa	ina	na	0.222222
sa	ina	o	0.166667
sa	indibidwal	na	0.625000
sa	industriya	ng	0.773333
sa	industriya	at	0.093333
sa	industriya	sa	0.080000
sa	ingles	na	0.314286
sa	ingles	bilang	0.122449
sa	ingles	ay	0.118367
sa	ingles	at	0.073469
sa	ingles	ang	0.065306
sa	ingles	o	0.057143
sa	ingles	sa	0.036735
sa	ingles	ng	0.024490
sa	ingles	tinatawag	0.020408
sa	ingles	ngunit	0.016327
sa	ingles	hindi	0.012245
sa	ingles	mula	0.012245
sa	ingles	katulad	0.012245
sa	inisyal	na	1.000000
sa	init	ng	0.416667
sa	interes	ng	0.750000
sa	internasyonal	na	0.909091
sa	internet	at	0.236842
sa	internet	na	0.210526
sa	internet	sa	0.105263
sa	internet	ay	0.078947
sa	internet	ng	0.078947
sa	isa	sa	0.506757
sa	isa	o	0.141892
sa	isa	pa	0.101351
sa	isa	na	0.060811
sa	isa	ang	0.047297
sa	isa	at	0.040541
sa	isa	hanggang	0.020270
sa	isa	ay	0.020270
sa	isa	ng	0.020270
sa	isang	tao	0.028392
sa	isang	lugar	0.021712
sa	isang	maliit	0.020459
sa	isang	taon	0.019624
sa	isang	mas	0.017119
sa	isang	bagong	0.015031
sa	isang	partikular	0.014196
sa	isang	bahagi	0.013361
sa	isang	araw	0.012109
sa	isang	tiyak	0.011691
sa	isang	panahon	0.010438
sa	isang	hindi	0.010438
sa	isang	bagay	0.010021
sa	isang	serye	0.008768
sa	isang	panayam	0.007933
sa	isang	malawak	0.007098
sa	isang	hanay	0.007098
sa	isang	uri	0.007098
sa	isang	punto	0.007098
sa	isang	pangkat	0.006681
sa	isang	bilang	0.006681
sa	isang	batang	0.006681
sa	isang	aksidente	0.006681
sa	isang	mataas	0.006263
sa	isang	linggo	0.005846
sa	isang	bahay	0.005846
sa	isang	may	0.005428
sa	isang	mahalagang	0.005428
sa	isang	walang	0.005428
sa	isang	pelikula	0.005428
sa	isip	ng	0.357143
sa	isip	at	0.214286
sa	isip	sa	0.214286
sa	iskedyul	ng	1.000000
sa	isla	ng	0.736842
sa	isla	ay	0.078947
sa	islam	na	0.200000
sa	islam	ay	0.200000
sa	islam	ang	0.200000
sa	islam	ng	0.150000
sa	israel	at	0.434783
sa	israel	na	0.130435
sa	israel	ang	0.130435
sa	istasyon	ng	0.647059
sa	istasyon	ay	0.176471
sa	istraktura	ng	0.666667
sa	isyu	ng	0.692308
sa	itaas	ng	0.361538
sa	itaas	na	0.269231
sa	itaas	ay	0.115385
sa	itaas	ang	0.053846
sa	itaas	sa	0.046154
sa	itaas	at	0.030769
sa	itaas	kung	0.023077
sa	itim	na	0.700000
sa	ito	ay	0.851852
sa	iyo	ang	0.192308
sa	iyo	ay	0.153846
sa	iyo	sa	0.115385
sa	iyong	mga	0.312500
sa	kaalaman	ng	0.642857
sa	kaalaman	na	0.214286
sa	kabaligtaran	ang	0.357143
sa	kabaligtaran	ng	0.214286
sa	kaban	ng	0.750000
sa	kabanata	ng	0.625000
sa	kabataan	at	0.500000
sa	kabayo	at	0.571429
sa	kabilang	banda	0.604651
sa	kabilang	buhay	0.151163
sa	kabilang	gilid	0.058140
sa	kabilang	bahagi	0.046512
sa	kabilang	ang	0.034884
sa	kabilang	ng	0.034884
sa	kabisera	ng	0.666667
sa	kabutihan	ng	0.833333
sa	kabuuan	ng	0.605769
sa	kabuuan	ay	0.067308
sa	kabuuan	nito	0.048077
sa	kabuuan	ang	0.048077
sa	kabuuan	na	0.038462
sa	kadalasan	ang	0.333333
sa	kaganapan	ng	0.416667
sa	kaganapan	sa	0.250000
sa	kagandahan	at	0.375000
sa	kagandahan	ng	0.375000
sa	kagubatan	ng	0.500000
sa	kagustuhan	ng	0.888889
sa	kahalagahan	ng	0.600000
sa	kahalagahan	nito	0.200000
sa	kaharian	ng	0.833333
sa	kahinaan	ng	0.750000
sa	kahirapan	at	0.192308
sa	kahirapan	sa	0.192308
sa	kahirapan	ay	0.153846
sa	kahirapan	ng	0.153846
sa	kahit	na	0.526316
sa	kahit	anumang	0.210526
sa	kahit	ano	0.157895
sa	kahoy	na	0.303030
sa	kahoy	at	0.212121
sa	kahoy	ang	0.121212
sa	kahulugan	ng	0.666667
sa	kaibahan	ng	0.400000
sa	kaibahan	ang	0.400000
sa	kakayahan	ng	0.750000
sa	kakulangan	ng	0.781250
sa	kakulangan	sa	0.218750
sa	kalahati	ng	0.911765
sa	kalakal	ng	0.666667
sa	kalakalan	ng	0.272727
sa	kalakalan	sa	0.227273
sa	kalakalan	at	0.181818
sa	kalayaan	ng	0.485714
sa	kalayaan	sa	0.142857
sa	kalayaan	at	0.114286
sa	kalayaan	mula	0.085714
sa	kalendaryo	ng	0.714286
sa	kalidad	ng	0.782609
sa	kaligtasan	ng	0.750000
sa	kaligtasan	sa	0.125000
sa	kalihim	ng	0.800000
sa	kalikasan	ng	0.410256
sa	kalikasan	at	0.179487
sa	kalikasan	sa	0.102564
sa	kalooban	ng	0.454545
sa	kalusugan	ng	0.513514
sa	kalusugan	at	0.243243
sa	kalusugan	ay	0.135135
sa	kalye	sa	0.250000
sa	kamatayan	ng	0.400000
sa	kamatayan	at	0.240000
sa	kamatayan	ang	0.160000
sa	kamay	ng	0.729730
sa	kamay	at	0.108108
sa	kambal	na	0.750000
sa	kampanya	ng	0.454545
sa	kampanya	sa	0.363636
sa	kampeonato	ng	0.800000
sa	kampo	ng	0.368421
sa	kampo	at	0.263158
sa	kanayunan	ang	0.428571
sa	kanilang	mga	0.357955
sa	kanilang	sarili	0.027273
sa	kanilang	sariling	0.025000
sa	kanilang	paglalakbay	0.013636
sa	kanilang	bahay	0.012500
sa	kanilang	buhay	0.011364
sa	kanilang	album	0.011364
sa	kanilang	lugar	0.011364
sa	kanilang	bansa	0.010227
sa	kanilang	relasyon	0.009091
sa	kanilang	orihinal	0.009091
sa	kanilang	bagong	0.007955
sa	kanilang	bayan	0.007955
sa	kanilang	huling	0.006818
sa	kanilang	lupain	0.006818
sa	kanilang	katawan	0.006818
sa	kanilang	wika	0.006818
sa	kanilang	paniniwala	0.006818
sa	kanilang	likas	0.006818
sa	kanilang	pangalan	0.006818
sa	kanilang	sekswal	0.005682
sa	kanilang	kapaligiran	0.005682
sa	kanilang	listahan	0.005682
sa	kanilang	teritoryo	0.005682
sa	kanilang	laban	0.005682
sa	kanilang	kasaysayan	0.004545
sa	kanilang	na	0.004545
sa	kanilang	pagiging	0.004545
sa	kanilang	pananampalataya	0.004545
sa	kanilang	pamumuhay	0.004545
sa	kanluran	ng	0.298969
sa	kanluran	at	0.257732
sa	kanluran	ang	0.092784
sa	kanluran	sa	0.041237
sa	kanluran	ay	0.041237
sa	kanluran	hilaga	0.030928
sa	kanluran	para	0.030928
sa	kanser	sa	0.421053
sa	kanser	na	0.210526
sa	kanser	ay	0.210526
sa	kanta	ay	0.333333
sa	kanta	na	0.200000
sa	kanta	at	0.200000
sa	kanya	ng	0.211293
sa	kanya	sa	0.138434
sa	kanya	na	0.116576
sa	kanya	ang	0.111111
sa	kanya	at	0.091075
sa	kanya	ay	0.056466
sa	kanya	bilang	0.054645
sa	kanya	kung	0.027322
sa	kanya	para	0.021858
sa	kanya	dahil	0.018215
sa	kanya	ngunit	0.014572
sa	kanya	ito	0.010929
sa	kanya	nang	0.009107
sa	kanya	hindi	0.009107
sa	kanya	habang	0.009107
sa	kanya	siya	0.007286
sa	kanya	kanyang	0.005464
sa	kanyang	mga	0.248728
sa	kanyang	sariling	0.024308
sa	kanyang	kamatayan	0.023742
sa	kanyang	buhay	0.022046
sa	kanyang	pagganap	0.020916
sa	kanyang	sarili	0.019220
sa	kanyang	ina	0.018655
sa	kanyang	trabaho	0.018089
sa	kanyang	karera	0.017524
sa	kanyang	ama	0.016393
sa	kanyang	pamilya	0.013002
sa	kanyang	kapatid	0.012436
sa	kanyang	papel	0.011306
sa	kanyang	asawa	0.011306
sa	kanyang	aklat	0.010741
sa	kanyang	anak	0.010175
sa	kanyang	pagiging	0.008479
sa	kanyang	huling	0.007914
sa	kanyang	bahay	0.007914
sa	kanyang	album	0.006783
sa	kanyang	paglalakbay	0.006783
sa	kanyang	kabataan	0.006218
sa	kanyang	lugar	0.005653
sa	kanyang	ulo	0.005653
sa	kanyang	panahon	0.005653
sa	kanyang	orihinal	0.005088
sa	kanyang	bansa	0.004522
sa	kanyang	karangalan	0.004522
sa	kanyang	katawan	0.004522
sa	kanyang	pangalan	0.004522
sa	kapakanan	ng	0.875000
sa	kapaligiran	at	0.219512
sa	kapaligiran	ng	0.219512
sa	kapaligiran	sa	0.097561
sa	kapaligiran	ay	0.097561
sa	kapanahunan	ng	0.809524
sa	kapanganakan	sa	0.300000
sa	kapanganakan	ay	0.300000
sa	kapangyarihan	ng	0.347826
sa	kapangyarihan	sa	0.195652
sa	kapangyarihan	at	0.152174
sa	kapangyarihan	ang	0.086957
sa	kapangyarihan	bilang	0.065217
sa	kapatid	na	0.500000
sa	kapayapaan	at	0.285714
sa	kapayapaan	ng	0.214286
sa	kapwa	at	0.137931
sa	kapwa	tao	0.103448
sa	kapwa	mga	0.103448
sa	karagatan	sa	0.312500
sa	karagdagan	ang	0.600000
sa	karagdagan	sa	0.123077
sa	karagdagan	kung	0.046154
sa	karahasan	sa	0.500000
sa	karakter	na	0.428571
sa	karamihan	ng	0.827068
sa	karamihan	sa	0.120301
sa	karamihan	ang	0.022556
sa	karanasan	ng	0.454545
sa	karanasan	at	0.272727
sa	karangalan	ng	0.818182
sa	karaniwan	ang	0.285714
sa	karaniwan	na	0.190476
sa	karera	ng	0.434783
sa	karera	sa	0.260870
sa	karne	ng	0.750000
sa	kasal	ng	0.250000
sa	kasal	ang	0.250000
sa	kasalukuyan	ang	0.326996
sa	kasalukuyan	ay	0.193916
sa	kasalukuyan	siya	0.045627
sa	kasalukuyan	na	0.038023
sa	kasalukuyan	may	0.034221
sa	kasalukuyan	ito	0.030418
sa	kasalukuyan	at	0.026616
sa	kasalukuyan	ng	0.022814
sa	kasalukuyan	hindi	0.022814
sa	kasalukuyan	marami	0.015209
sa	kasalukuyan	isa	0.015209
sa	kasalukuyan	kilala	0.015209
sa	kasalukuyan	binubuo	0.011407
sa	kasalukuyan	kung	0.011407
sa	kasalukuyan	karamihan	0.011407
sa	kasalukuyan	walang	0.011407
sa	kasalukuyang	panahon	0.333333
sa	kasalukuyang	mga	0.074074
sa	kasalukuyang	pangalan	0.061728
sa	kasalukuyang	anyo	0.061728
sa	kasalukuyang	lokasyon	0.037037
sa	kasama	ang	1.000000
sa	kasanayan	ang	0.363636
sa	kasanayan	sa	0.272727
sa	kasarian	ng	0.235294
sa	kasarian	at	0.235294
sa	kasaysayan	ng	0.613971
sa	kasaysayan	na	0.080882
sa	kasaysayan	at	0.069853
sa	kasaysayan	ang	0.044118
sa	kasaysayan	ay	0.033088
sa	kasaysayan	nito	0.029412
sa	kasaysayan	sa	0.025735
sa	kasaysayan	bilang	0.022059
sa	kaso	ng	0.860465
sa	kastilyo	ng	0.875000
sa	kasunduan	ng	0.428571
sa	kasunduan	sa	0.285714
sa	kasunod	na	0.888889
sa	katamtaman	hanggang	0.750000
sa	katangian	ng	0.571429
sa	katanyagan	sa	0.333333
sa	katanyagan	ng	0.333333
sa	katapusan	ng	0.894737
sa	katatagan	ng	1.000000
sa	katawan	ng	0.465116
sa	katawan	at	0.093023
sa	katawan	ay	0.081395
sa	katawan	na	0.069767
sa	katawan	nito	0.069767
sa	katawan	sa	0.058140
sa	katawan	ang	0.034884
sa	katayuan	ng	0.789474
sa	kategorya	ng	0.923077
sa	katotohanan	ang	0.285714
sa	katotohanan	ng	0.107143
sa	katotohanan	sa	0.107143
sa	katotohanan	na	0.107143
sa	katotohanan	mula	0.107143
sa	katulad	na	0.818182
sa	kaugalian	ang	0.350000
sa	kaugalian	ng	0.200000
sa	kaugalian	na	0.150000
sa	kaugalian	ay	0.150000
sa	kaugnay	na	1.000000
sa	kawalan	ng	0.956522
sa	kayamanan	ng	0.600000
sa	kemikal	na	0.600000
sa	kinalabasan	ng	1.000000
sa	kita	ng	0.600000
sa	klase	ng	0.421053
sa	klima	at	0.310345
sa	klima	sa	0.206897
sa	klima	ng	0.137931
sa	klima	na	0.103448
sa	klinikal	na	0.600000
sa	kolehiyo	ng	0.366667
sa	kolehiyo	at	0.200000
sa	kolehiyo	sa	0.133333
sa	kolehiyo	ay	0.066667
sa	kolehiyo	na	0.066667
sa	koleksyon	na	0.750000
sa	kolonya	ng	0.500000
sa	komersyal	na	0.625000
sa	komiks	sa	0.363636
sa	komiks	na	0.227273
sa	komisyon	sa	0.333333
sa	komite	ng	0.500000
sa	kompetisyon	ng	0.444444
sa	kompyuter	na	0.461538
sa	komunikasyon	sa	0.307692
sa	kongkreto	at	0.600000
sa	kongreso	ng	0.380952
sa	kongreso	at	0.190476
sa	konseho	ng	0.833333
sa	konsentrasyon	ng	0.714286
sa	konsepto	ng	0.866667
sa	konserbasyon	ng	0.750000
sa	konstitusyon	ng	0.461538
sa	konteksto	ng	0.850000
sa	kontinente	ng	0.800000
sa	kontrata	ng	0.600000
sa	kontrol	ng	0.529412
sa	korona	ng	0.571429
sa	krisis	sa	0.625000
sa	kristiyanismo	ay	0.222222
sa	kristiyanismo	ng	0.166667
sa	kritiko	na	0.500000
sa	krus	at	0.210526
sa	krus	ay	0.157895
sa	krus	na	0.157895
sa	krus	sa	0.157895
sa	kulay	ng	0.263158
sa	kultura	at	0.405405
sa	kultura	ng	0.378378
sa	kulungan	ng	0.600000
sa	kumpanya	ng	0.500000
sa	kung	ano	0.256579
sa	kung	paano	0.230263
sa	kung	saan	0.184211
sa	kung	sino	0.092105
sa	kung	ang	0.072368
sa	kung	kailan	0.039474
sa	kung	minsan	0.026316
sa	kung	anuman	0.019737
sa	kurso	ng	0.818182
sa	kusina	ng	0.500000
sa	kuwento	ng	0.400000
sa	kuwento	ang	0.160000
sa	kuwento	ay	0.120000
sa	kwento	ng	0.500000
sa	laban	na	0.235294
sa	laban	sa	0.235294
sa	labanan	ng	0.410000
sa	labanan	sa	0.240000
sa	labanan	at	0.090000
sa	labanan	ang	0.050000
sa	labanan	na	0.040000
sa	labanan	ngunit	0.040000
sa	labanan	dahil	0.030000
sa	labasan	ng	1.000000
sa	labi	ng	0.750000
sa	laboratoryo	na	0.300000
sa	laboratoryo	ang	0.300000
sa	laboratoryo	ng	0.300000
sa	lahat	ng	0.871134
sa	lahat	na	0.027491
sa	lahat	ang	0.020619
sa	lahat	sa	0.015464
sa	lahat	ay	0.013746
sa	lahat	at	0.008591
sa	lahat	dahil	0.006873
sa	lahat	mula	0.006873
sa	lahi	ng	0.312500
sa	lahi	at	0.187500
sa	lakas	ng	0.466667
sa	lakas	na	0.133333
sa	lakas	paggawa	0.100000
sa	laki	ng	0.703704
sa	lalaki	at	0.384615
sa	lalawigan	ng	0.790000
sa	lalawigan	na	0.040000
sa	lalawigan	ay	0.040000
sa	lalawigan	at	0.040000
sa	lalim	na	0.583333
sa	lalim	ng	0.250000
sa	lalong	madaling	0.968750
sa	laman	ng	0.400000
sa	lambak	ng	0.862069
sa	landas	ng	0.590909
sa	landas	na	0.227273
sa	langis	at	0.272727
sa	langit	at	0.235294
sa	langit	na	0.147059
sa	langit	sa	0.117647
sa	langit	ay	0.088235
sa	larawan	na	0.214286
sa	larawan	ay	0.214286
sa	laro	ng	0.163636
sa	laro	ay	0.145455
sa	laro	na	0.145455
sa	laro	at	0.127273
sa	laro	sa	0.090909
sa	laro	ang	0.072727
sa	lasa	ng	0.600000
sa	latin	na	0.571429
sa	latin	ay	0.114286
sa	latin	at	0.085714
sa	lawa	ng	0.653846
sa	lawak	ng	0.478261
sa	lawak	na	0.260870
sa	lawak	at	0.130435
sa	layunin	ng	0.769231
sa	leeg	at	0.500000
sa	leeg	ng	0.300000
sa	legal	na	0.571429
sa	legal	at	0.285714
sa	libing	ng	0.750000
sa	libingan	ng	0.529412
sa	liga	ng	0.375000
sa	ligtas	na	0.750000
sa	lihim	na	0.700000
sa	likas	na	0.857143
sa	lilim	ng	1.000000
sa	lima	at	0.400000
sa	lindol	na	0.375000
sa	linggo	ng	0.384615
sa	linya	ng	0.650000
sa	linya	na	0.125000
sa	lipunan	at	0.285714
sa	lipunan	ng	0.232143
sa	lipunan	ang	0.071429
sa	lipunan	sa	0.053571
sa	lipunan	na	0.053571
sa	lipunan	ay	0.053571
sa	listahan	ng	0.690476
sa	listahan	nito	0.142857
sa	listahan	sa	0.071429
sa	literal	na	0.583333
sa	liwanag	na	0.250000
sa	lokal	na	0.896552
sa	lokal	o	0.051724
sa	lokasyon	nito	0.521739
sa	lokasyon	ng	0.260870
sa	lubos	na	1.000000
sa	lugar	na	0.310000
sa	lugar	ng	0.310000
sa	lugar	kung	0.080000
sa	lugar	ay	0.055000
sa	lugar	sa	0.045000
sa	lugar	ang	0.045000
sa	lugar	at	0.035000
sa	lugar	nito	0.015000
sa	lugar	o	0.015000
sa	lugar	mula	0.015000
sa	lugar	hanggang	0.015000
sa	lungsod	ng	0.542208
sa	lungsod	ang	0.146104
sa	lungsod	ay	0.071429
sa	lungsod	at	0.061688
sa	lungsod	na	0.042208
sa	lungsod	sa	0.025974
sa	lungsod	kung	0.016234
sa	lungsod	mula	0.012987
sa	lungsod	hanggang	0.009740
sa	lupa	at	0.252632
sa	lupa	sa	0.168421
sa	lupa	na	0.157895
sa	lupa	ang	0.105263
sa	lupa	ng	0.063158
sa	lupa	o	0.052632
sa	lupa	ay	0.042105
sa	lupain	ng	0.578947
sa	lupain	at	0.131579
sa	lupain	ang	0.131579
sa	mababaw	na	0.714286
sa	mabagal	na	1.000000
sa	mabigat	na	0.833333
sa	mabilis	na	0.809524
sa	madalas	na	0.900000
sa	madaling	salita	0.551724
sa	madaling	araw	0.206897
sa	madaling	panahon	0.137931
sa	madilim	na	0.600000
sa	madla	at	0.250000
sa	madla	na	0.250000
sa	madla	sa	0.200000
sa	magazine	na	0.600000
sa	mahal	na	0.800000
sa	mahal	ng	0.200000
sa	mahigpit	na	0.750000
sa	mahirap	na	0.909091
sa	mahusay	na	0.933333
sa	mainit	na	0.823529
sa	makapal	na	0.750000
sa	makina	ng	0.428571
sa	makitid	na	1.000000
sa	malakas	na	0.904762
sa	malalim	na	1.000000
sa	malambot	na	1.000000
sa	malamig	na	0.750000
sa	malamig	o	0.187500
sa	malapit	na	0.535714
sa	malapit	sa	0.250000
sa	malapit	at	0.142857
sa	malawak	na	0.964286
sa	maliit	na	0.975000
sa	malinaw	na	0.800000
sa	maliwanag	na	1.000000
sa	malupit	na	0.833333
sa	manunulat	na	0.750000
sa	marahas	na	1.000000
sa	marami	sa	0.625000
sa	mas	mataas	0.266187
sa	mas	maliit	0.100719
sa	mas	malawak	0.079137
sa	mas	mahusay	0.057554
sa	mas	mababa	0.043165
sa	mas	malalim	0.043165
sa	mas	bagong	0.028777
sa	mas	mabilis	0.028777
sa	mas	madaling	0.021583
sa	mas	maaga	0.021583
sa	mas	mahirap	0.021583
sa	mas	kamakailan	0.021583
sa	masama	at	0.750000
sa	mata	ng	0.380952
sa	mata	na	0.190476
sa	mata	sa	0.142857
sa	mataas	na	0.966387
sa	mataas	ng	0.025210
sa	matagal	na	0.900000
sa	matagumpay	na	1.000000
sa	matarik	na	1.000000
sa	matatag	na	0.800000
sa	matematika	ang	0.300000
sa	materyal	na	0.900000
sa	matigas	na	0.714286
sa	may	pinakamataas	0.092308
sa	may	mga	0.061538
sa	may	sakit	0.061538
sa	may	baybayin	0.046154
sa	media	at	0.266667
sa	media	ng	0.200000
sa	medikal	na	0.600000
sa	merkado	ng	0.375000
sa	merkado	sa	0.156250
sa	merkado	at	0.125000
sa	merkado	ay	0.093750
sa	merkado	ang	0.093750
sa	metro	sa	0.263158
sa	metro	ang	0.210526
sa	metro	at	0.157895
sa	mga	ito	0.039736
sa	mga	tao	0.027566
sa	mga	pangunahing	0.018475
sa	mga	bata	0.016716
sa	mga	lugar	0.012757
sa	mga	hindi	0.011877
sa	mga	may	0.010850
sa	mga	bagay	0.009971
sa	mga	mas	0.009238
sa	mga	bagong	0.008798
sa	mga	bansa	0.008358
sa	mga	pelikula	0.007625
sa	mga	babae	0.006891
sa	mga	iba	0.006745
sa	mga	sumunod	0.006745
sa	mga	lokal	0.006598
sa	mga	batang	0.006158
sa	mga	lungsod	0.006158
sa	mga	mamamayan	0.005865
sa	mga	opisyal	0.005279
sa	mga	lalaki	0.005132
sa	mga	laro	0.005132
sa	mga	kritiko	0.004839
sa	mga	gawain	0.004839
sa	mga	kaganapan	0.004839
sa	mga	indibidwal	0.004692
sa	mga	lalawigan	0.004545
sa	mga	hayop	0.004545
sa	mga	nasa	0.004399
sa	mga	paaralan	0.004399
sa	militar	at	0.357143
sa	militar	ng	0.142857
sa	militar	ang	0.107143
sa	milyon	sa	0.481481
sa	milyon	ang	0.148148
sa	milyon	at	0.111111
sa	ministeryo	ng	1.000000
sa	ministro	ng	0.750000
sa	misyon	ng	0.500000
sa	miyembro	ng	0.714286
sa	mm	pulgada	0.750000
sa	modelo	ng	0.600000
sa	mukha	ng	0.190476
sa	mukha	at	0.142857
sa	mukha	ay	0.142857
sa	mukha	sa	0.142857
sa	mula	sa	0.800000
sa	muling	pagbubukas	0.111111
sa	muling	pagpapakilala	0.111111
sa	muling	paggawa	0.111111
sa	mundo	ng	0.232227
sa	mundo	na	0.123223
sa	mundo	sa	0.104265
sa	mundo	ay	0.104265
sa	mundo	at	0.075829
sa	mundo	ang	0.071090
sa	mundo	dahil	0.037915
sa	mundo	ayon	0.033175
sa	mundo	bilang	0.018957
sa	mundo	para	0.018957
sa	mundo	mula	0.018957
sa	mundo	kung	0.018957
sa	mundo	kasama	0.014218
sa	mungkahi	ng	0.600000
sa	museo	ng	0.875000
sa	musika	at	0.242424
sa	musika	sa	0.151515
sa	musika	na	0.136364
sa	musika	ng	0.106061
sa	musika	ang	0.075758
sa	na	mga	0.274112
sa	na	may	0.060914
sa	na	bansa	0.050761
sa	na	pelikula	0.030457
sa	na	laro	0.025381
sa	na	distrito	0.025381
sa	na	oras	0.025381
sa	na	taon	0.020305
sa	na	pagsusuri	0.015228
sa	na	album	0.015228
sa	na	tao	0.015228
sa	na	puntos	0.015228
sa	nakaraan	at	0.217391
sa	nakaraan	ang	0.173913
sa	nakaraan	ay	0.130435
sa	nakasulat	na	0.750000
sa	nangingibabaw	na	1.000000
sa	nasusunog	na	1.000000
sa	natitira	ng	0.500000
sa	natural	na	0.777778
sa	nayon	ng	0.571429
sa	nayon	at	0.190476
sa	negosyo	ng	0.266667
sa	negosyo	na	0.166667
sa	negosyo	at	0.100000
sa	network	sa	0.357143
sa	network	ng	0.285714
sa	ng	mga	0.402439
sa	ng	populasyon	0.170732
sa	ng	lupa	0.048780
sa	ng	lahat	0.036585
sa	ngayon	ang	0.272059
sa	ngayon	ay	0.264706
sa	ngayon	na	0.036765
sa	ngayon	hindi	0.036765
sa	ngayon	bilang	0.036765
sa	ngayon	wala	0.036765
sa	ngayon	ito	0.029412
sa	ngayon	at	0.022059
sa	ngayon	walang	0.022059
sa	ngayon	may	0.022059
sa	nilalaman	ng	0.375000
sa	nobela	ng	0.363636
sa	normal	na	0.857143
sa	numero	sa	0.521739
sa	numero	ng	0.217391
sa	numero	na	0.130435
sa	o	malapit	0.200000
sa	oktubre	na	0.269231
sa	oktubre	ang	0.230769
sa	oktubre	sa	0.230769
sa	olympics	ay	0.272727
sa	online	na	0.230769
sa	operasyon	ng	0.636364
sa	opinyon	ng	1.000000
sa	opisina	ng	0.266667
sa	opisyal	na	0.883721
sa	oras	na	0.542857
sa	oras	ng	0.264286
sa	oras	ang	0.035714
sa	oras	at	0.028571
sa	oras	para	0.028571
sa	oras	ay	0.028571
sa	organisasyon	ng	0.500000
sa	orihinal	na	0.922414
sa	ospital	ng	0.400000
sa	ospital	at	0.160000
sa	paa	ng	0.375000
sa	paaralan	ng	0.376812
sa	paaralan	at	0.144928
sa	paaralan	sa	0.144928
sa	paaralan	para	0.057971
sa	paaralan	na	0.043478
sa	pabrika	at	0.400000
sa	pader	at	0.307692
sa	pader	ng	0.307692
sa	pagawaan	ng	1.000000
sa	pagbabago	ng	0.750000
sa	pagbabago	sa	0.145833
sa	pagbabagong	ito	0.375000
sa	pagbabasa	ng	0.538462
sa	pagbabasa	at	0.307692
sa	pagbabawal	ng	0.818182
sa	pagbabawas	ng	0.875000
sa	pagbabayad	ng	0.625000
sa	pagbagsak	ng	0.958333
sa	pagbawi	ng	0.800000
sa	pagbebenta	ng	0.680000
sa	pagbili	ng	0.714286
sa	pagbili	sa	0.214286
sa	pagboto	ng	0.428571
sa	pagbubukas	ng	0.545455
sa	pagbubukas	nito	0.181818
sa	pagbubukas	na	0.121212
sa	pagbubukas	at	0.090909
sa	pagbuo	ng	0.911765
sa	pagdating	ng	0.916667
sa	pagdiriwang	ng	0.636364
sa	pagdiriwang	na	0.090909
sa	paggalaw	ng	0.454545
sa	paggalaw	at	0.181818
sa	paggalugad	ng	0.600000
sa	paggamit	ng	0.794872
sa	paggamit	nito	0.087179
sa	paggamit	sa	0.046154
sa	paggamit	na	0.015385
sa	paggamot	ng	0.500000
sa	paggamot	sa	0.176471
sa	pagganap	ng	0.365854
sa	pagganap	bilang	0.268293
sa	pagganap	sa	0.219512
sa	pagganap	at	0.073171
sa	pagganap	na	0.073171
sa	paggawa	ng	0.787565
sa	paggawa	nito	0.077720
sa	paggawa	sa	0.031088
sa	paggawa	at	0.025907
sa	paggawa	ang	0.020725
sa	paggawa	na	0.015544
sa	paggawa	ay	0.015544
sa	pagguhit	at	0.428571
sa	paghahambing	sa	0.300000
sa	paghahambing	ng	0.300000
sa	paghahambing	ang	0.300000
sa	paghahanap	ng	0.707317
sa	paghahanap	at	0.073171
sa	paghahanda	ng	0.520000
sa	paghahanda	sa	0.160000
sa	paghahanda	para	0.120000
sa	paghahatid	ng	0.600000
sa	paghahayag	ng	1.000000
sa	paghihiwalay	ng	0.545455
sa	paghinga	ng	0.266667
sa	paghinga	ay	0.200000
sa	pagiging	isang	0.147727
sa	pagiging	malapit	0.039773
sa	pagiging	hindi	0.028409
sa	pagiging	bahagi	0.022727
sa	pagiging	babae	0.022727
sa	pagiging	ang	0.022727
sa	pagiging	may	0.017045
sa	pagiging	matagumpay	0.017045
sa	pagiging	lungsod	0.017045
sa	pagiging	musikero	0.017045
sa	pagiging	miyembro	0.017045
sa	pagitan	ng	0.981752
sa	pagitan	nito	0.005474
sa	pagitan	nang	0.005474
sa	pagitan	at	0.002737
sa	pagkabigo	ng	0.750000
sa	pagkahulog	sa	0.800000
sa	pagkain	ng	0.315789
sa	pagkain	at	0.236842
sa	pagkain	sa	0.131579
sa	pagkain	mula	0.078947
sa	pagkakaiba	iba	0.384615
sa	pagkakaiba	sa	0.307692
sa	pagkakaisa	ng	0.500000
sa	pagkakakilanlan	ng	0.714286
sa	pagkakalantad	sa	1.000000
sa	pagkakaroon	ng	0.914530
sa	pagkakaroon	nito	0.034188
sa	pagkakataon	ng	0.444444
sa	pagkakataon	na	0.444444
sa	pagkapangulo	ng	0.250000
sa	pagkapangulo	na	0.166667
sa	pagkapangulo	ang	0.166667
sa	pagkapangulo	sa	0.166667
sa	pagkasira	ng	0.588235
sa	pagkatalo	ng	0.875000
sa	pagkatapos	ng	0.857143
sa	pagkawala	ng	0.916667
sa	pagkawasak	ng	0.875000
sa	pagkilala	ng	0.681818
sa	pagkilala	sa	0.227273
sa	pagkonsumo	ng	0.714286
sa	pagkuha	ng	0.896552
sa	pagkukumpuni	ng	0.600000
sa	paglabag	sa	0.833333
sa	paglabas	ng	0.575000
sa	paglabas	nito	0.225000
sa	paglago	ng	0.666667
sa	paglago	at	0.266667
sa	paglahok	sa	0.800000
sa	paglalakbay	sa	0.480000
sa	paglalarawan	ng	0.470588
sa	paglalathala	ng	0.833333
sa	paglikha	ng	0.871429
sa	paglikha	at	0.071429
sa	paglilibot	na	0.454545
sa	paglipad	sa	0.500000
sa	paglipat	ng	0.500000
sa	paglipat	sa	0.187500
sa	paglubog	ng	1.000000
sa	pagmamaneho	at	0.500000
sa	pagmamasid	sa	0.500000
sa	pagpapabuti	ng	0.857143
sa	pagpapahayag	ng	0.800000
sa	pagpapakamatay	sa	0.333333
sa	pagpapakamatay	ay	0.250000
sa	pagpapakilala	ng	1.000000
sa	pagpapakita	ng	1.000000
sa	pagpapalakas	ng	0.750000
sa	pagpapalawak	ng	0.875000
sa	pagpapaliwanag	sa	0.363636
sa	pagpapaliwanag	ng	0.272727
sa	pagpapanatili	ng	0.727273
sa	pagpapanatili	sa	0.121212
sa	pagpapanatili	at	0.090909
sa	pagpapatupad	ng	0.916667
sa	pagpapayo	sa	0.750000
sa	pagpaplano	ng	0.400000
sa	pagpaplano	at	0.300000
sa	pagpasok	ng	0.593750
sa	pagpasok	sa	0.250000
sa	pagpatay	ng	0.500000
sa	pagpatay	sa	0.375000
sa	pagpili	ng	0.823529
sa	pagpipinta	ng	0.666667
sa	pagpopondo	ng	0.857143
sa	pagpoproseso	ng	0.800000
sa	pagpupulong	ng	0.625000
sa	pagpupulong	sa	0.375000
sa	pagraranggo	ng	1.000000
sa	pagsalakay	ng	0.555556
sa	pagsasaayos	ng	0.428571
sa	pagsasalin	ng	0.500000
sa	pagsasama	ng	0.764706
sa	pagsasama	nito	0.235294
sa	pagsasanay	sa	0.303030
sa	pagsasanay	ng	0.212121
sa	pagsasanay	na	0.181818
sa	pagsasanay	at	0.121212
sa	pagsisikap	na	0.461538
sa	pagsisikap	ng	0.461538
sa	pagsisiyasat	ng	0.444444
sa	pagsubok	na	0.444444
sa	pagsukat	ng	0.818182
sa	pagsunod	sa	0.600000
sa	pagsusulat	ng	0.578947
sa	pagsusulat	at	0.105263
sa	pagsusulit	ng	0.333333
sa	pagsusulit	sa	0.333333
sa	pagsusulit	na	0.250000
sa	pagsusuri	ng	0.571429
sa	pagsusuri	sa	0.142857
sa	pagsusuri	at	0.085714
sa	pagtaas	ng	0.851064
sa	pagtaas	sa	0.063830
sa	pagtanggal	ng	0.600000
sa	pagtanggap	ng	0.692308
sa	pagtanggap	at	0.115385
sa	pagtanggi	sa	0.400000
sa	pagtatanggol	ng	0.333333
sa	pagtatanghal	ng	0.476190
sa	pagtatanghal	at	0.142857
sa	pagtatanghal	sa	0.142857
sa	pagtatapos	ng	0.913043
sa	pagtatapos	nito	0.032609
sa	pagtatatag	ng	1.000000
sa	pagtatayo	ng	0.833333
sa	pagtatayo	nito	0.083333
sa	pagtitipon	ng	0.666667
sa	pagtutol	sa	0.600000
sa	pagtuturo	sa	0.300000
sa	pagtuturo	ng	0.266667
sa	pagtuturo	at	0.133333
sa	pahayag	ng	0.230769
sa	pahayag	na	0.230769
sa	pahayagan	ng	0.388889
sa	pahayagan	na	0.222222
sa	pahina	ng	0.642857
sa	pakikibaka	para	0.363636
sa	pakikibaka	ng	0.272727
sa	pakikipagsapalaran	sa	0.800000
sa	pakikipagtulungan	ng	0.526316
sa	pakikipagtulungan	sa	0.421053
sa	paksa	ng	0.388889
sa	palabas	na	0.423729
sa	palabas	sa	0.169492
sa	palabas	ng	0.135593
sa	palabas	ay	0.084746
sa	palakasan	at	0.357143
sa	palasyo	ng	0.576923
sa	paligsahan	ng	0.533333
sa	paliparan	ng	0.411765
sa	paliparan	ay	0.235294
sa	palitan	ng	0.888889
sa	pamagat	ng	0.590909
sa	pamagat	na	0.318182
sa	pamahalaan	ng	0.436364
sa	pamahalaan	at	0.127273
sa	pamahalaan	sa	0.072727
sa	pamahalaan	ang	0.072727
sa	pamamahagi	ng	0.818182
sa	pamamahala	ng	0.700000
sa	pamamahala	at	0.120000
sa	pamamahala	sa	0.060000
sa	pamamaraan	ng	0.583333
sa	pamantayan	ng	0.750000
sa	pamayanan	ng	0.434783
sa	pamayanan	na	0.173913
sa	pamayanan	sa	0.130435
sa	pamayanan	at	0.130435
sa	pamilya	ng	0.571429
sa	pamilya	at	0.119048
sa	pampubliko	at	1.000000
sa	pamumuhay	ng	0.421053
sa	pamumuhay	na	0.157895
sa	pamumuhay	sa	0.157895
sa	pamumuno	ng	0.833333
sa	pamumuno	sa	0.100000
sa	panahon	ng	0.880597
sa	panahon	na	0.049751
sa	panahon	at	0.014925
sa	panahon	mula	0.008292
sa	panahon	sa	0.006633
sa	panahon	ang	0.004975
sa	panahon	pagkatapos	0.004975
sa	pananalapi	ng	0.210526
sa	pananalapi	at	0.157895
sa	pananalapi	na	0.157895
sa	pananalapi	ang	0.157895
sa	pananaliksik	sa	0.262295
sa	pananaliksik	na	0.229508
sa	pananaliksik	at	0.196721
sa	pananaliksik	ng	0.081967
sa	pananaliksik	ay	0.049180
sa	pananampalataya	sa	0.250000
sa	pananampalataya	ang	0.250000
sa	pananaw	ng	0.500000
sa	pananaw	na	0.342105
sa	pananaw	sa	0.078947
sa	pangalan	ng	0.694444
sa	pangalan	nito	0.111111
sa	pangalan	na	0.055556
sa	pangalan	bilang	0.041667
sa	pangalawa	at	1.000000
sa	pangangailangan	ng	0.782609
sa	pangangalaga	ng	0.642857
sa	pangangalaga	sa	0.178571
sa	pangangalakal	ng	0.285714
sa	pangangalakal	at	0.214286
sa	pangangasiwa	ng	0.625000
sa	pangangasiwa	sa	0.208333
sa	pangangaso	at	0.750000
sa	panganib	ng	0.481481
sa	panganib	na	0.185185
sa	panganib	ang	0.148148
sa	pangatlo	at	0.666667
sa	pangingisda	at	0.416667
sa	pangkalahatan	ay	0.371134
sa	pangkalahatan	ang	0.329897
sa	pangkalahatan	ito	0.082474
sa	pangkalahatan	at	0.030928
sa	pangkalahatan	tinatawag	0.030928
sa	pangkat	ng	0.431373
sa	pangkat	na	0.392157
sa	pangunahing	mga	0.224490
sa	pangunahing	linya	0.071429
sa	pangunahing	serye	0.051020
sa	pangunahing	papel	0.030612
sa	pangunahing	pasukan	0.030612
sa	pangwakas	na	1.000000
sa	panimula	ng	0.909091
sa	paningin	ng	0.625000
sa	paniniwala	na	0.411765
sa	paniniwala	ng	0.235294
sa	panitikan	ng	0.241379
sa	panitikan	na	0.103448
sa	panitikan	at	0.103448
sa	panlabas	na	0.954545
sa	panlipunan	at	0.750000
sa	panloob	na	0.800000
sa	pantay	na	0.777778
sa	paparating	na	1.000000
sa	papel	na	0.517241
sa	papel	ng	0.241379
sa	papel	at	0.137931
sa	para	sa	0.857143
sa	paraan	ng	0.846154
sa	paraan	na	0.076923
sa	parangal	na	0.750000
sa	pareho	ngunit	0.428571
sa	partikular	na	0.500000
sa	partikular	ang	0.304348
sa	partikular	ay	0.108696
sa	pasukan	ng	0.888889
sa	patakaran	ng	0.666667
sa	patakaran	sa	0.166667
sa	patas	na	1.000000
sa	patuloy	na	0.931034
sa	payak	na	0.692308
sa	payo	ng	0.800000
sa	pebrero	sa	0.187500
sa	pederal	na	1.000000
sa	pelikula	at	0.228261
sa	pelikula	na	0.152174
sa	pelikula	ng	0.119565
sa	pelikula	ay	0.108696
sa	pelikula	sa	0.108696
sa	pelikula	ang	0.065217
sa	pelikula	bilang	0.043478
sa	pelikula	ngunit	0.032609
sa	personal	na	0.923077
sa	petsa	ng	0.687500
sa	piling	ng	0.800000
sa	pilosopiya	ng	0.294118
sa	pinagmulan	ng	0.550000
sa	pinagmulan	nito	0.250000
sa	pinakamahusay	na	0.849057
sa	pinakamahusay	sa	0.075472
sa	pinakamataas	na	0.954545
sa	pinsala	sa	0.461538
sa	pinto	ng	0.800000
sa	pintuan	ng	0.750000
sa	pinuno	ng	0.777778
sa	piraso	ng	1.000000
sa	pisikal	na	0.772727
sa	plano	ng	0.461538
sa	polusyon	sa	0.600000
sa	populasyon	ng	0.432432
sa	populasyon	ay	0.162162
sa	populasyon	na	0.108108
sa	populasyon	sa	0.108108
sa	populasyon	nito	0.081081
sa	pormal	na	0.937500
sa	porsyento	ng	0.600000
sa	posibilidad	ng	0.700000
sa	posibilidad	na	0.300000
sa	posisyon	ng	0.527778
sa	posisyon	na	0.166667
sa	posisyon	sa	0.111111
sa	potensyal	na	1.000000
sa	praktikal	na	1.000000
sa	pranses	na	0.333333
sa	presyo	ng	0.434783
sa	presyo	ay	0.260870
sa	presyo	ang	0.130435
sa	presyon	ng	0.750000
sa	prinsipyo	ng	0.571429
sa	prinsipyo	ay	0.214286
sa	problema	sa	0.500000
sa	problema	ng	0.222222
sa	produksyon	ng	0.615385
sa	programa	ng	0.486486
sa	programa	ang	0.108108
sa	programa	na	0.081081
sa	programa	at	0.081081
sa	programa	sa	0.081081
sa	promosyon	ng	0.750000
sa	propesyonal	na	0.875000
sa	proseso	ng	0.803571
sa	proseso	na	0.053571
sa	proteksyon	ng	1.000000
sa	proyekto	ng	0.166667
sa	proyekto	ay	0.166667
sa	proyekto	na	0.166667
sa	pundamental	na	1.000000
sa	pundasyon	ng	0.833333
sa	puno	ng	0.631579
sa	puno	at	0.210526
sa	punto	ng	0.437500
sa	puntos	na	0.466667
sa	puntos	at	0.200000
sa	puso	at	0.225000
sa	puso	ng	0.200000
sa	puso	ay	0.125000
sa	puso	o	0.075000
sa	puso	sa	0.075000
sa	puwersa	ng	1.000000
sa	puwesto	sa	0.250000
sa	radikal	na	1.000000
sa	radyo	at	0.342105
sa	radyo	ng	0.184211
sa	radyo	ang	0.131579
sa	radyo	sa	0.105263
sa	radyo	na	0.105263
sa	random	na	1.000000
sa	ranggo	ng	0.428571
sa	rate	ng	0.750000
sa	regular	na	0.769231
sa	regular	season	0.230769
sa	rehiyon	ng	0.448598
sa	rehiyon	na	0.130841
sa	rehiyon	at	0.093458
sa	rehiyon	sa	0.084112
sa	rehiyon	ay	0.056075
sa	rehiyon	ang	0.046729
sa	rehiyonal	na	1.000000
sa	rekord	na	0.625000
sa	relasyon	ng	0.470588
sa	relasyon	sa	0.411765
sa	relihiyon	at	0.238095
sa	relihiyon	ay	0.142857
sa	relihiyon	na	0.142857
sa	relihiyon	ng	0.142857
sa	reporma	sa	0.444444
sa	reporma	ng	0.333333
sa	republika	ng	0.684211
sa	reputasyon	ng	0.666667
sa	resolusyon	ng	1.000000
sa	responsibilidad	sa	1.000000
sa	resulta	ng	0.583333
sa	ruta	ng	0.555556
sa	sa	mga	0.135593
sa	sa	isang	0.084746
sa	sa	panahon	0.050847
sa	sa	ang	0.050847
sa	sa	kanyang	0.050847
sa	sakit	na	0.440678
sa	sakit	ng	0.152542
sa	sakit	sa	0.135593
sa	sakit	at	0.067797
sa	sakit	o	0.050847
sa	saklaw	na	0.428571
sa	salaysay	ng	0.461538
sa	salaysay	na	0.384615
sa	salita	ng	0.300000
sa	saloobin	ng	1.000000
sa	samahan	ng	0.600000
sa	sangay	ng	0.600000
sa	sangay	na	0.300000
sa	sangkatauhan	na	0.272727
sa	sangkatauhan	at	0.272727
sa	santo	papa	0.800000
sa	sapat	na	1.000000
sa	sarili	nito	0.243902
sa	sarili	na	0.134146
sa	sarili	at	0.121951
sa	sarili	ay	0.097561
sa	sarili	ng	0.073171
sa	sarili	sa	0.073171
sa	sarili	o	0.060976
sa	sarili	bilang	0.048780
sa	sariling	mga	0.162162
sa	sariling	bayan	0.081081
sa	sasakyan	ay	0.272727
sa	satellite	na	0.750000
sa	season	ay	0.181818
sa	season	din	0.136364
sa	season	na	0.136364
sa	segment	na	0.666667
sa	seguridad	ng	0.500000
sa	sekswal	na	1.000000
sa	seksyon	ng	0.666667
sa	sektor	ng	0.900000
sa	selyo	ng	0.500000
sa	senado	ng	0.444444
sa	sentral	na	0.833333
sa	serbisyo	sa	0.363636
sa	serbisyo	ng	0.363636
sa	seremonya	ng	0.714286
sa	serye	ng	0.611111
sa	serye	sa	0.144444
sa	serye	ay	0.055556
sa	serye	na	0.044444
sa	serye	at	0.044444
sa	serye	ang	0.033333
sa	sikat	na	0.611111
sa	sikat	ng	0.388889
sa	sikolohikal	na	0.750000
sa	sila	ay	0.857143
sa	silangan	ng	0.428571
sa	silangan	at	0.194805
sa	silangan	ang	0.077922
sa	silangan	na	0.064935
sa	silangan	ay	0.038961
sa	silangan	sa	0.038961
sa	silid	ng	0.461538
sa	simbahan	ng	0.312500
sa	simbahan	at	0.175000
sa	simbahan	sa	0.112500
sa	simbahan	ay	0.075000
sa	simbahan	na	0.062500
sa	simbahan	o	0.050000
sa	simbahan	ngunit	0.037500
sa	simbahan	ang	0.037500
sa	simula	ng	0.503067
sa	simula	ay	0.104294
sa	simula	ang	0.073620
sa	simula	pa	0.067485
sa	simula	nang	0.030675
sa	simula	na	0.024540
sa	simula	at	0.018405
sa	simula	ngunit	0.018405
sa	sinag	ng	1.000000
sa	sinaunang	mga	0.321429
sa	sinaunang	panahon	0.107143
sa	sinaunang	kasaysayan	0.107143
sa	sining	ng	0.585106
sa	sining	at	0.159574
sa	sining	na	0.074468
sa	sining	sa	0.042553
sa	sinuman	na	0.500000
sa	sinuman	sa	0.500000
sa	sistema	ng	0.659574
sa	sistema	at	0.085106
sa	sistema	na	0.063830
sa	sitwasyon	ng	0.363636
sa	siya	ay	0.900000
sa	siyam	na	0.791667
sa	siyam	ang	0.125000
sa	solusyon	ng	0.500000
sa	sukat	ng	0.346154
sa	sukat	na	0.192308
sa	sukat	at	0.153846
sa	sulat	sa	0.333333
sa	sulok	ng	0.833333
sa	sumunod	na	0.987013
sa	sumusunod	na	0.769231
sa	suporta	ng	0.500000
sa	susunod	na	0.955357
sa	taas	ng	0.415094
sa	taas	na	0.339623
sa	taas	at	0.094340
sa	tabing	ilog	0.538462
sa	tabing	dagat	0.230769
sa	tag	init	0.803279
sa	tag	araw	0.147541
sa	tagapagsalita	ng	1.000000
sa	taglamig	ng	0.333333
sa	taglamig	ay	0.266667
sa	tagsibol	ng	0.428571
sa	tagumpay	ng	0.600000
sa	tagumpay	na	0.150000
sa	takip	ng	0.600000
sa	takot	na	0.318182
sa	takot	at	0.181818
sa	takot	sa	0.136364
sa	takot	ng	0.136364
sa	tala	ng	0.588235
sa	tala	na	0.235294
sa	talampas	ng	0.600000
sa	talento	sa	0.500000
sa	tampok	na	1.000000
sa	tanawin	ng	0.750000
sa	tanong	na	0.769231
sa	tanyag	na	1.000000
sa	tao	ang	0.173913
sa	tao	ay	0.152174
sa	tao	at	0.108696
sa	tao	na	0.086957
sa	tao	ng	0.065217
sa	tao	sa	0.065217
sa	taon	ng	0.387755
sa	taon	na	0.102041
sa	taon	ang	0.102041
sa	taon	at	0.061224
sa	taon	ito	0.061224
sa	tapat	ng	0.821429
sa	tapat	na	0.142857
sa	tatak	na	0.571429
sa	tatlo	o	0.363636
sa	tawag	na	0.897059
sa	tawag	ng	0.088235
sa	teatro	ng	0.400000
sa	teknikal	na	0.818182
sa	teknolohiya	ng	0.250000
sa	telebisyon	at	0.222798
sa	telebisyon	na	0.181347
sa	telebisyon	sa	0.139896
sa	telebisyon	ng	0.088083
sa	telebisyon	ang	0.051813
sa	telebisyon	ay	0.041451
sa	telebisyon	para	0.041451
sa	telebisyon	kung	0.015544
sa	telebisyon	kasama	0.015544
sa	telebisyon	o	0.015544
sa	telebisyon	nang	0.015544
sa	telebisyon	bilang	0.015544
sa	telebisyon	mula	0.015544
sa	tema	ng	1.000000
sa	temperatura	ng	0.375000
sa	templo	ng	0.384615
sa	templo	sa	0.230769
sa	teolohiya	ng	0.428571
sa	teorya	ng	0.800000
sa	teritoryo	ng	0.739130
sa	termino	ng	0.500000
sa	timbang	ng	0.437500
sa	timog	ng	0.222222
sa	timog	silangan	0.152778
sa	timog	na	0.145833
sa	timog	kanluran	0.138889
sa	timog	at	0.097222
sa	timog	ay	0.034722
sa	timog	ang	0.020833
sa	timog	sa	0.020833
sa	tinatawag	na	1.000000
sa	tindahan	ng	0.500000
sa	tindahan	sa	0.214286
sa	tipikal	na	1.000000
sa	tiyak	na	0.916667
sa	tiyan	ng	0.333333
sa	tiyan	at	0.222222
sa	trabaho	at	0.227273
sa	trabaho	sa	0.227273
sa	trabaho	ng	0.113636
sa	trabaho	ang	0.113636
sa	trabaho	dahil	0.068182
sa	tradisyon	ng	0.481481
sa	tradisyon	na	0.148148
sa	tradisyon	ang	0.111111
sa	tradisyonal	na	0.937500
sa	trapiko	ng	0.411765
sa	trapiko	sa	0.294118
sa	trono	ng	0.436364
sa	trono	ay	0.090909
sa	trono	at	0.090909
sa	trono	sa	0.072727
sa	trono	na	0.054545
sa	trono	ang	0.054545
sa	tropikal	na	0.666667
sa	tsart	ng	0.588235
sa	tsart	na	0.176471
sa	tubig	na	0.197368
sa	tubig	at	0.171053
sa	tubig	ay	0.078947
sa	tubig	sa	0.078947
sa	tubig	ang	0.065789
sa	tubig	ng	0.065789
sa	tubig	para	0.039474
sa	tugatog	nito	0.555556
sa	tugon	sa	0.600000
sa	tuhod	na	0.500000
sa	tuhod	sa	0.300000
sa	tulay	ng	0.454545
sa	tulay	na	0.227273
sa	tulay	ay	0.181818
sa	tulong	ng	0.868132
sa	tulong	na	0.043956
sa	tulong	sa	0.043956
sa	tumaas	na	1.000000
sa	tumpak	na	1.000000
sa	tunay	na	0.957447
sa	tungkol	sa	1.000000
sa	tungkulin	ng	0.354839
sa	tungkulin	sa	0.193548
sa	tungkulin	at	0.161290
sa	tunog	na	0.600000
sa	tv	sa	0.333333
sa	tv	na	0.185185
sa	tv	at	0.111111
sa	ugali	ng	0.555556
sa	ugat	na	0.300000
sa	ugat	ay	0.200000
sa	ugat	ng	0.150000
sa	ugnayan	sa	0.571429
sa	ulat	ng	0.615385
sa	ulo	ng	0.393939
sa	ulo	at	0.151515
sa	ulo	ay	0.121212
sa	ulo	na	0.090909
sa	umaga	ng	0.238095
sa	umaga	sa	0.190476
sa	umaga	at	0.190476
sa	umiiral	na	0.700000
sa	umuunlad	na	0.888889
sa	una	ay	0.283019
sa	una	at	0.264151
sa	una	ang	0.207547
sa	una	ito	0.056604
sa	unibersidad	ng	0.700935
sa	unibersidad	ay	0.065421
sa	unibersidad	sa	0.056075
sa	unibersidad	na	0.046729
sa	unibersidad	ang	0.037383
sa	uri	ng	0.714286
sa	uri	nito	0.122449
sa	uri	at	0.061224
sa	usapan	ng	0.375000
sa	usok	ng	1.000000
sa	utak	ng	0.333333
sa	utak	ay	0.133333
sa	utak	at	0.100000
sa	utak	o	0.100000
sa	utak	sa	0.100000
sa	utos	ng	0.692308
sa	video	ng	0.333333
sa	video	na	0.277778
sa	wakas	ay	0.412500
sa	wakas	ng	0.300000
sa	wakas	ang	0.062500
sa	wakas	na	0.050000
sa	walang	hanggang	0.312500
sa	website	ng	0.444444
sa	website	na	0.222222
sa	wika	ng	0.323529
sa	wika	at	0.205882
sa	wika	sa	0.117647
sa	wika	ang	0.088235
sa	yelo	ay	0.200000
sa	yugto	ng	0.888889
sa	yungib	ng	0.428571
sa	yunit	na	0.666667
saan	ang	mga	0.387268
saan	ang	isang	0.095491
saan	ang	kanyang	0.055703
saan	ang	bawat	0.034483
saan	ang	dalawang	0.023873
saan	ang	lahat	0.015915
saan	ang	ilang	0.013263
saan	ang	iba	0.013263
saan	ang	ay	0.010610
saan	ang	pangunahing	0.007958
saan	ang	isa	0.007958
saan	ang	lokasyon	0.007958
saan	ang	karamihan	0.007958
saan	ay	isang	0.144330
saan	ay	ang	0.051546
saan	ay	may	0.051546
saan	ay	walang	0.041237
saan	ay	hindi	0.041237
saan	ay	maaaring	0.030928
saan	ay	mga	0.030928
saan	doon	siya	1.000000
saan	ginamit	ang	1.000000
saan	gumanap	siya	0.500000
saan	gumawa	siya	0.750000
saan	higit	sa	1.000000
saan	ito	ay	0.723404
saan	kabilang	ang	1.000000
saan	kasama	ang	1.000000
saan	laganap	ang	1.000000
saan	lahat	ng	0.833333
saan	marami	sa	0.750000
saan	may	mga	0.217391
saan	may	isang	0.130435
saan	nagmula	ang	0.900000
saan	nakasulat	ang	0.750000
saan	pagkatapos	ay	0.750000
saan	sila	ay	0.709677
saan	siya	ay	0.741722
saan	siya	ang	0.079470
saan	siya	at	0.019868
sabado	at	linggo	0.714286
sabihin	ang	mga	0.266667
sabihin	ay	ang	0.162791
sabihin	ay	mga	0.093023
sabihin	ay	may	0.069767
sabihin	na	ang	0.222222
sabihin	na	may	0.166667
sabihin	na	siya	0.166667
sabihin	ng	mga	0.277778
sabihin	nito	ay	0.411765
sabihin	nito	ang	0.176471
sabon	at	tubig	1.000000
sagot	sa	mga	0.250000
sahod	na	mga	0.411765
sahod	ng	mga	0.500000
sahod	sa	mga	0.571429
sakay	ng	isang	0.333333
sakit	at	maaaring	0.125000
sakit	ay	maaaring	0.190476
sakit	kung	saan	1.000000
sakit	mula	sa	0.833333
sakit	na	ito	0.507937
sakit	na	kanser	0.047619
sakit	ng	ulo	0.323529
sakit	ng	mga	0.117647
sakit	ng	tiyan	0.088235
sakit	sa	puso	0.179104
sakit	sa	baga	0.134328
sakit	sa	mga	0.104478
sakit	sa	bato	0.089552
sakit	sa	utak	0.059701
sakit	sa	balat	0.059701
sakit	sa	isang	0.044776
saklaw	mula	sa	1.000000
saklaw	ng	mga	0.326531
saklaw	ng	panahon	0.061224
saklaw	nito	ay	0.428571
saklaw	nito	ang	0.428571
salaysay	na	ito	0.533333
salaysay	na	ang	0.200000
salaysay	ng	mga	0.333333
salaysay	tungkol	sa	1.000000
salik	na	ito	0.833333
salik	ng	panganib	0.800000
salita	ang	mga	0.173913
salita	ang	lahat	0.130435
salita	at	ang	0.250000
salita	at	mga	0.208333
salita	ay	hindi	0.137931
salita	ay	maaaring	0.103448
salita	ito	ay	0.750000
salita	mula	sa	1.000000
salita	na	may	0.333333
salita	ng	diyos	0.393939
salita	ng	mga	0.212121
salita	o	mga	0.214286
salita	para	sa	0.941176
salita	sa	mga	0.212121
salita	sa	isang	0.121212
samantala	ang	mga	0.365854
samantalang	ang	mga	0.382716
samantalang	ang	iba	0.172840
samantalang	ang	kanyang	0.123457
sanggol	pa	lamang	1.000000
sanggunian	ng	mga	0.500000
sanggunian	para	sa	1.000000
sanggunian	siya	ay	1.000000
sangkap	ng	mga	0.166667
sangkap	para	sa	1.000000
sangkap	sa	mga	0.285714
sangkatauhan	para	sa	1.000000
santo	ay	mga	0.428571
santo	papa	at	0.238095
santo	papa	ang	0.238095
santo	papa	sa	0.190476
santo	papa	na	0.190476
sapatos	na	may	0.600000
sarili	at	ang	0.250000
sarili	at	sa	0.142857
sarili	bilang	isang	0.428571
sarili	bilang	mga	0.214286
sarili	bilang	ang	0.071429
sarili	mula	sa	0.833333
sarili	na	hindi	0.142857
sarili	na	isang	0.142857
sarili	nito	sa	0.296296
sarili	nito	at	0.185185
sarili	nito	bilang	0.148148
sarili	o	sa	0.666667
sarili	para	sa	1.000000
sarili	sa	mga	0.160000
sarili	sa	isang	0.120000
sarili	sa	lahat	0.060000
sariling	mga	anak	0.113636
sariling	wika	ng	0.428571
sayaw	na	ito	0.333333
sayaw	ng	mga	0.600000
season	ang	mga	0.666667
season	at	ang	0.375000
season	ay	ang	0.400000
season	kung	saan	1.000000
season	na	may	0.727273
season	nito	at	0.500000
season	para	sa	0.500000
season	siya	ay	0.857143
sekswal	na	oryentasyon	0.169811
sekswal	na	aktibidad	0.094340
sekswal	na	gawain	0.075472
sekswal	na	paraan	0.056604
sekswal	na	kagustuhan	0.056604
sekswal	ng	mga	1.000000
seksyon	sa	pagitan	0.600000
sektor	ng	lipunan	0.142857
sentral	na	pamahalaan	0.153846
sentral	na	bahagi	0.128205
serbisyo	at	sa	0.187500
serbisyo	mula	sa	1.000000
serbisyo	ng	pasahero	0.192308
serbisyo	ng	tren	0.115385
serbisyo	papunta	at	1.000000
serbisyo	para	sa	1.000000
serbisyo	sa	mga	0.163636
serbisyo	sa	pagitan	0.090909
serye	ay	tungkol	0.185185
serye	ay	na	0.148148
serye	dahil	sa	0.750000
serye	na	ito	0.307692
serye	na	may	0.230769
serye	ng	mga	0.571429
serye	ng	telebisyon	0.038961
serye	ng	komiks	0.025974
serye	ng	kuwento	0.025974
serye	ng	laro	0.019481
serye	ng	drama	0.019481
serye	para	sa	0.888889
serye	sa	telebisyon	0.538462
serye	sa	tv	0.134615
serye	sa	mga	0.057692
serye	sa	isang	0.057692
serye	siya	ay	1.000000
sibil	ay	ang	0.500000
sibil	na	may	0.300000
sibil	ng	mga	0.500000
sikat	ang	mga	0.444444
sikat	din	sa	0.428571
sikat	din	ang	0.428571
sikat	ito	sa	0.750000
sikat	na	artista	0.101266
sikat	na	mga	0.063291
sikat	na	palabas	0.050633
sikat	na	kanta	0.050633
sikat	ng	araw	0.937500
sikat	sa	mga	0.461538
sikolohiya	ng	mga	0.750000
sila	ang	mga	0.424242
sila	ang	isa	0.090909
sila	at	ang	0.300000
sila	ay	mga	0.109890
sila	ay	may	0.093407
sila	ay	nasa	0.076923
sila	ay	hindi	0.054945
sila	ay	walang	0.027473
sila	ay	maaaring	0.027473
sila	ay	isang	0.027473
sila	ay	bahagi	0.021978
sila	ay	ang	0.021978
sila	ay	binubuo	0.021978
sila	ay	mas	0.016484
sila	ay	kabilang	0.016484
sila	ay	nabigo	0.016484
sila	ay	madalas	0.016484
sila	bilang	mga	0.629630
sila	dahil	sa	0.600000
sila	din	ay	0.800000
sila	kasama	ang	0.666667
sila	laban	sa	1.000000
sila	lamang	ang	1.000000
sila	mula	sa	0.933333
sila	na	ang	0.210526
sila	ng	mga	0.266447
sila	ng	isang	0.144737
sila	ng	dalawang	0.042763
sila	ng	kanilang	0.032895
sila	ng	kanyang	0.023026
sila	ng	ilang	0.019737
sila	ng	apat	0.016447
sila	ng	halos	0.009868
sila	ng	tulong	0.009868
sila	ng	diyos	0.009868
sila	ng	anim	0.009868
sila	ng	anak	0.009868
sila	ng	mas	0.009868
sila	para	sa	0.846154
sila	patungo	sa	0.800000
sila	sa	mga	0.227907
sila	sa	isang	0.102326
sila	sa	kanilang	0.088372
sila	sa	mas	0.018605
sila	sa	ilang	0.018605
sila	sa	iba	0.018605
sila	sa	paghahanap	0.013953
sila	sa	bahay	0.013953
sila	sa	lahat	0.013953
silid	aklatan	ng	0.235294
silid	aklatan	ay	0.176471
silid	aklatan	na	0.176471
silid	aklatan	sa	0.176471
silid	ng	mga	0.315789
silid	para	sa	1.000000
simbolo	ng	kapayapaan	0.076923
simbolo	ng	kultura	0.076923
simbolo	para	sa	1.000000
simula	ang	mga	0.384615
simula	at	ang	0.500000
simula	ay	hindi	0.300000
simula	nang	ang	0.285714
simula	ng	mga	0.070707
simula	ng	kanyang	0.060606
simula	ng	isang	0.060606
simula	ng	panahon	0.040404
simula	ng	aklat	0.030303
simula	nito	ang	0.600000
simula	pa	lamang	0.444444
simula	pa	ng	0.333333
simula	siya	ay	1.000000
sinag	ng	araw	0.923077
sinaunang	kaharian	ng	0.750000
sinaunang	kasaysayan	ng	0.833333
sinaunang	lungsod	ng	0.888889
sinaunang	panahon	ang	0.333333
sinaunang	panahon	at	0.142857
sining	at	agham	0.163265
sining	at	arkitektura	0.081633
sining	at	panitikan	0.081633
sining	at	kultura	0.061224
sining	at	sa	0.061224
sining	at	mga	0.061224
sining	gaya	ng	1.000000
sining	na	ito	0.200000
sining	ng	pelikula	0.600000
sining	ng	mga	0.066667
sining	para	sa	1.000000
sino	ang	may	0.200000
sino	ang	mga	0.125000
sino	ang	sumulat	0.075000
sino	ang	kanilang	0.075000
sino	ang	dapat	0.075000
sino	talaga	ang	1.000000
sintomas	at	ang	0.250000
sintomas	ay	maaaring	0.277778
sintomas	ay	hindi	0.277778
sintomas	ay	dapat	0.222222
sintomas	na	ito	0.444444
sintomas	na	nakikita	0.222222
sintomas	ng	sakit	0.333333
sintomas	sa	mga	0.428571
sinuman	ang	maaaring	0.333333
sinuman	na	may	0.600000
sisidlan	ng	dugo	0.600000
sistema	ang	kontrol	0.333333
sistema	at	ang	0.375000
sistema	ay	hindi	0.250000
sistema	ay	lumipat	0.150000
sistema	bago	ang	1.000000
sistema	bilang	isang	0.750000
sistema	kung	saan	0.750000
sistema	na	hindi	0.428571
sistema	ng	mga	0.176056
sistema	ng	pananalapi	0.049296
sistema	ng	edukasyon	0.049296
sistema	ng	pamamahala	0.035211
sistema	ng	pamahalaan	0.035211
sistema	ng	metro	0.035211
sistema	ng	pagpoproseso	0.021127
sistema	ng	kompyuter	0.021127
sistema	ng	katawan	0.021127
sistema	ng	bilang	0.021127
sistema	para	sa	0.857143
sitwasyon	ang	mga	0.600000
sitwasyon	kung	saan	0.833333
siyam	na	mga	0.183486
siyam	na	taon	0.100917
siyam	na	buwan	0.073394
siyam	na	araw	0.064220
siyam	na	siglo	0.036697
siyam	na	kolehiyo	0.036697
siyam	na	anak	0.027523
software	para	sa	1.000000
solusyon	ng	mga	0.636364
solusyon	sa	mga	0.333333
sona	ng	oras	0.625000
stock	ng	kumpanya	0.500000
subaybayan	ang	mga	0.375000
subukan	ang	mga	0.250000
sukat	ang	mga	0.600000
sukat	at	laki	0.272727
sukat	ay	ang	0.500000
sukat	ito	na	1.000000
sukat	na	mga	0.128205
sukat	na	may	0.076923
sukat	na	at	0.076923
sukat	na	sero	0.076923
sukat	ng	mga	0.258824
sukat	ng	lupa	0.070588
sukat	ng	isang	0.047059
sukat	ng	hakbang	0.047059
sukat	ng	dibdib	0.035294
sukat	o	laki	0.500000
sukat	para	sa	1.000000
sulat	kamay	na	0.500000
sulat	mula	sa	1.000000
sulat	na	ito	0.833333
sulat	ng	mga	0.454545
sulat	para	sa	1.000000
sulat	sa	mga	0.478261
sulat	sa	pagitan	0.130435
sumailalim	ito	sa	1.000000
sumailalim	sa	mga	0.225806
sumailalim	sa	isang	0.225806
sumailalim	sa	ilang	0.096774
sumasagot	sa	tanong	0.750000
sumasalamin	sa	mga	0.294118
sumasalungat	sa	mga	0.357143
sumikat	siya	sa	0.833333
sumunod	ang	mga	0.384615
sumunod	na	taon	0.338290
sumunod	na	araw	0.156134
sumunod	na	mga	0.089219
sumunod	na	buwan	0.044610
sumunod	na	pangyayari	0.029740
sumunod	na	linggo	0.026022
sumunod	na	season	0.018587
sumunod	na	apat	0.018587
sumunod	na	siglo	0.014870
sumunod	na	ilang	0.014870
sumunod	na	dekada	0.014870
sumunod	na	umaga	0.014870
sumunod	na	dalawang	0.014870
sumunod	na	laro	0.014870
sumunod	na	paglabas	0.011152
sumunod	na	serye	0.011152
sumunod	na	lamang	0.011152
sumunod	na	bersyon	0.011152
sumunod	nito	ang	0.750000
sumunod	sa	kanya	0.194444
sumunod	sa	mga	0.166667
sumunod	sa	kanyang	0.083333
sumusunod	ang	mga	0.300000
sumusunod	ay	ang	0.384615
sumusunod	ay	isang	0.269231
sumusunod	ay	mga	0.230769
sumusunod	mula	sa	1.000000
sumusunod	na	mga	0.196970
sumusunod	na	taon	0.121212
sumusunod	na	ang	0.090909
sumusunod	sa	mga	0.428571
sumusunod	sa	isang	0.171429
sundalo	at	mga	0.363636
suporta	mula	sa	0.937500
suporta	ng	mga	0.555556
suporta	para	sa	1.000000
suporta	sa	mga	0.444444
suriin	ang	mga	0.375000
suriin	ng	isang	0.750000
suweldo	ng	mga	1.000000
taas	na	metro	0.400000
taas	na	na	0.145455
taas	na	mga	0.090909
taas	na	mas	0.054545
taas	ng	dagat	0.176471
taas	ng	mga	0.088235
taas	nito	ay	1.000000
tag	araw	ng	0.333333
tag	araw	ay	0.166667
tag	araw	at	0.138889
tag	araw	sa	0.111111
tag	araw	ang	0.083333
tag	init	ng	0.250000
tag	init	at	0.150000
tag	init	ay	0.130000
tag	init	sa	0.110000
tag	init	na	0.100000
tag	init	ang	0.050000
tag	init	mula	0.030000
tag	init	o	0.030000
tag	ulan	at	0.307692
tag	ulan	na	0.153846
tag	ulan	sa	0.153846
tag	ulan	ang	0.115385
tagahanga	mula	sa	1.000000
tagapagsalita	para	sa	1.000000
tagapagtaguyod	ng	mga	0.500000
tagapagtatag	na	miyembro	0.625000
tagapagtatag	ng	isang	0.200000
tagapangasiwa	ng	mga	0.200000
tagapangulo	nito	ay	0.750000
takdang	panahon	ng	0.500000
takot	na	takot	0.312500
takot	ng	mga	0.333333
takot	sa	mga	0.423077
takot	sa	diyos	0.153846
takot	sa	kamatayan	0.115385
takot	siya	sa	0.750000
takutin	ang	mga	0.800000
tala	at	mga	0.600000
tala	ng	mga	0.463415
tala	ng	kasaysayan	0.073171
tala	ng	bilang	0.073171
tala	para	sa	1.000000
tala	tungkol	sa	1.000000
talakayin	ang	mga	0.375000
talento	ng	mga	0.800000
talento	sa	katotohanan	0.375000
tama	ang	isang	0.300000
tama	at	mali	0.300000
tama	o	mali	0.500000
tanawin	ng	bayan	0.176471
tanawin	ng	lungsod	0.176471
tanawin	ng	mga	0.176471
tandaan	na	ang	0.571429
tandaan	na	hindi	0.142857
tanggalin	ang	mga	0.333333
tanong	kung	ang	0.600000
tanong	na	ito	0.380952
tanong	na	ano	0.142857
tao	ang	mga	0.256637
tao	ang	kanilang	0.053097
tao	ang	isang	0.053097
tao	ang	kanyang	0.044248
tao	ang	lahat	0.026549
tao	ang	hindi	0.026549
tao	ang	nasawi	0.026549
tao	at	mga	0.160584
tao	at	sa	0.094891
tao	at	ang	0.080292
tao	at	ng	0.058394
tao	at	hayop	0.051095
tao	at	isang	0.029197
tao	at	hindi	0.029197
tao	at	iba	0.029197
tao	at	siya	0.029197
tao	ay	maaaring	0.119760
tao	ay	may	0.101796
tao	ay	hindi	0.071856
tao	ay	ang	0.053892
tao	ay	walang	0.041916
tao	ay	isang	0.035928
tao	ay	tinatawag	0.023952
tao	ay	mas	0.023952
tao	ay	nabubuhay	0.023952
tao	ay	nasa	0.023952
tao	ay	mga	0.017964
tao	ay	dapat	0.017964
tao	ay	maaari	0.017964
tao	dahil	sa	0.588235
tao	doon	ay	0.800000
tao	gamit	ang	1.000000
tao	gaya	ng	1.000000
tao	ito	ay	0.750000
tao	kabilang	ang	1.000000
tao	kahit	pa	0.600000
tao	katulad	ng	0.857143
tao	kung	saan	0.285714
tao	laban	sa	0.833333
tao	lalo	na	1.000000
tao	lamang	ang	0.600000
tao	mula	sa	0.911111
tao	na	may	0.233831
tao	na	hindi	0.084577
tao	na	nasa	0.049751
tao	na	ang	0.049751
tao	na	walang	0.029851
tao	na	ito	0.024876
tao	na	mga	0.024876
tao	na	kung	0.024876
tao	na	gumagawa	0.019900
tao	na	mas	0.019900
tao	na	sa	0.014925
tao	na	tinatawag	0.014925
tao	ng	mga	0.353846
tao	ng	agham	0.046154
tao	ngunit	hindi	0.428571
tao	nito	ang	0.750000
tao	o	bagay	0.166667
tao	o	hayop	0.111111
tao	o	mga	0.055556
tao	o	isang	0.055556
tao	para	sa	0.800000
tao	partikular	na	0.857143
tao	sa	mga	0.136126
tao	sa	isang	0.073298
tao	sa	mundo	0.057592
tao	sa	kanyang	0.031414
tao	sa	isa	0.026178
tao	sa	lahat	0.020942
tao	sa	kasaysayan	0.020942
tao	sa	kanilang	0.020942
tao	sa	bawat	0.020942
tao	sa	lipunan	0.015707
tao	sa	panahon	0.015707
tao	tinatawag	na	1.000000
tao	tungkol	sa	1.000000
taon	ang	mga	0.287671
taon	ang	kanyang	0.068493
taon	ang	nakaraan	0.054795
taon	ang	unibersidad	0.041096
taon	ang	isang	0.041096
taon	at	ang	0.164179
taon	at	sa	0.134328
taon	at	kalahati	0.074627
taon	at	pagkatapos	0.044776
taon	at	araw	0.044776
taon	ay	ang	0.121212
taon	ay	may	0.090909
taon	ay	hindi	0.090909
taon	ayon	sa	1.000000
taon	bago	ang	0.432432
taon	bago	siya	0.189189
taon	bago	ito	0.081081
taon	bilang	isang	0.500000
taon	bukod	sa	1.000000
taon	buwan	at	1.000000
taon	dahil	sa	0.800000
taon	gumanap	siya	0.750000
taon	hanggang	sa	0.750000
taon	ito	ay	0.750000
taon	kung	saan	0.636364
taon	mula	sa	0.391304
taon	mula	hanggang	0.304348
taon	mula	nang	0.130435
taon	na	ang	0.507463
taon	na	may	0.082090
taon	na	mas	0.052239
taon	na	ito	0.022388
taon	na	siya	0.022388
taon	ng	kanyang	0.163934
taon	ng	digmaan	0.057377
taon	ng	mga	0.057377
taon	ng	pamumuno	0.049180
taon	ng	kapanganakan	0.032787
taon	ng	pagsasanay	0.032787
taon	ng	operasyon	0.032787
taon	ng	ang	0.032787
taon	ng	paghahanap	0.032787
taon	ng	kasaysayan	0.024590
taon	ngunit	ang	0.416667
taon	nito	sa	0.500000
taon	pa	lamang	0.545455
taon	pagkatapos	ng	0.740000
taon	pagkatapos	nito	0.100000
taon	para	sa	0.923077
taon	sa	isang	0.125000
taon	sa	bilangguan	0.083333
taon	sa	kolehiyo	0.069444
taon	sa	paaralan	0.055556
taon	sa	edad	0.055556
taon	sa	pagitan	0.055556
taon	sa	kanyang	0.041667
taon	siya	ay	0.882353
taon	taon	ang	0.428571
tapat	ng	bahay	0.454545
tapos	na	ang	0.500000
target	sa	mga	0.666667
tatlo	at	kalahating	0.500000
tatlo	hanggang	apat	0.600000
tatlo	hanggang	anim	0.300000
tatlo	o	apat	0.461538
tatlo	o	higit	0.230769
tatlo	para	sa	1.000000
tatlo	sa	mga	0.416667
tatlo	sa	apat	0.208333
tatlo	sa	kanyang	0.125000
tauhan	ang	mga	0.750000
tauhan	at	mga	0.176471
tauhan	mula	sa	1.000000
tauhan	ng	militar	0.142857
tauhan	ng	mga	0.142857
tauhan	para	sa	1.000000
tauhan	sa	mga	0.120000
tauhan	sa	isang	0.120000
tauhan	sa	komiks	0.120000
taunang	kita	na	0.428571
taunang	pagdiriwang	ng	0.444444
taunang	paligsahan	ng	0.812500
taunang	temperatura	ay	0.600000
tayo	ng	mga	0.357143
teatro	at	pelikula	0.571429
teknikal	na	mga	0.113636
teknikal	na	dokumento	0.090909
teknolohiya	at	mga	0.187500
telebisyon	at	pelikula	0.235294
telebisyon	at	radyo	0.156863
telebisyon	at	mga	0.137255
telebisyon	at	sa	0.098039
telebisyon	at	isang	0.058824
telebisyon	at	teatro	0.058824
telebisyon	bilang	isang	0.750000
telebisyon	dahil	sa	1.000000
telebisyon	kabilang	ang	1.000000
telebisyon	kung	saan	1.000000
telebisyon	mula	sa	0.750000
telebisyon	ng	mga	0.444444
telebisyon	para	sa	1.000000
tema	ng	pelikula	0.206897
tema	ng	mga	0.103448
tema	o	paksa	1.000000
tema	para	sa	0.750000
tema	sa	mga	0.375000
temperatura	ay	mula	0.200000
temperatura	ng	katawan	0.272727
temperatura	ng	hangin	0.136364
templo	na	may	0.500000
templo	ng	mga	0.300000
tensyon	sa	pagitan	1.000000
teorya	ay	ang	0.272727
teorya	na	ang	0.571429
teorya	patungkol	sa	1.000000
teorya	tungkol	sa	1.000000
teritoryo	na	ito	0.375000
teritoryo	ng	mga	0.185185
teritoryo	nito	ay	0.583333
termino	ng	mga	0.187500
termino	ng	isang	0.187500
termino	para	sa	1.000000
timbang	ay	maaaring	0.750000
timbang	ng	mga	0.523810
timbang	ng	katawan	0.238095
tinatawag	ang	mga	0.444444
tinatawag	ang	kanilang	0.111111
tinatawag	bilang	mga	0.500000
tinatawag	din	na	0.416667
tinatawag	din	ang	0.229167
tinatawag	din	bilang	0.125000
tinatawag	din	sa	0.104167
tinatawag	din	ito	0.062500
tinatawag	na	mga	0.408360
tinatawag	na	ang	0.067524
tinatawag	na	isang	0.061093
tinatawag	na	hindi	0.016077
tinatawag	na	ngayong	0.009646
tinatawag	na	aklat	0.009646
tinatawag	na	lungsod	0.009646
tinatawag	na	sa	0.009646
tinatawag	na	ama	0.009646
tinatawag	ng	mga	0.800000
tinatawag	sa	ingles	0.500000
tindahan	at	mga	0.500000
tindahan	ng	mga	0.321429
tindahan	ng	pagkain	0.142857
tindahan	ng	musika	0.107143
tindahan	ng	aklat	0.107143
tindahan	sa	mga	0.500000
tingnan	ang	mga	0.206897
tingnan	din	ang	0.800000
tipak	ng	yelo	0.600000
tipikal	na	mga	0.156250
tipikal	ng	mga	0.600000
tipikal	para	sa	1.000000
tirahan	ng	mga	0.520000
tirahan	para	sa	1.000000
tiwala	ng	mga	0.800000
tiwala	sa	sarili	0.285714
tiwala	sa	mga	0.214286
tiyak	ang	pinagmulan	0.300000
tiyak	na	mga	0.124183
tiyak	na	bilang	0.052288
tiyak	na	halaga	0.032680
tiyak	na	oras	0.026144
tiyak	na	lugar	0.019608
tiyak	na	layunin	0.019608
tiyak	na	petsa	0.019608
tiyak	na	bahagi	0.019608
tiyak	na	kamatayan	0.019608
tiyan	at	mga	0.400000
tiyan	at	bituka	0.300000
tono	ng	kanyang	0.300000
tono	nito	ay	0.666667
toro	ng	langit	1.000000
trabaho	ang	kanyang	0.187500
trabaho	at	sa	0.130435
trabaho	ay	ang	0.157895
trabaho	ay	hindi	0.157895
trabaho	bilang	isang	0.714286
trabaho	dahil	sa	0.600000
trabaho	ng	mga	0.400000
trabaho	ng	kanyang	0.200000
trabaho	para	sa	0.714286
trabaho	sa	mga	0.179487
trabaho	sa	isang	0.102564
tradisyon	na	ito	0.333333
tradisyon	na	ang	0.250000
tradisyon	ng	mga	0.250000
tradisyon	ng	simbahan	0.150000
transportasyon	at	komunikasyon	0.500000
transportasyon	ng	mga	0.714286
transportasyon	sa	mga	0.272727
transportasyon	sa	lungsod	0.272727
trapiko	ng	pasahero	0.300000
trapiko	ng	mga	0.300000
trapiko	sa	mga	0.277778
tropikal	na	bagyo	0.350000
tropikal	na	depresyon	0.125000
tropikal	na	kaguluhan	0.075000
tropikal	na	klima	0.075000
tropikal	na	mga	0.075000
tubig	ang	mga	0.379310
tubig	at	ang	0.127273
tubig	at	mga	0.109091
tubig	at	sabon	0.072727
tubig	at	sa	0.054545
tubig	ay	ang	0.250000
tubig	ay	isang	0.125000
tubig	ay	may	0.125000
tubig	ay	hindi	0.125000
tubig	hanggang	sa	0.750000
tubig	kasama	ang	1.000000
tubig	kung	saan	1.000000
tubig	mula	sa	1.000000
tubig	na	may	0.172414
tubig	na	nasa	0.137931
tubig	ng	dagat	0.176471
tubig	para	sa	0.857143
tubig	rosas	at	1.000000
tubig	sa	katawan	0.147059
tubig	sa	mga	0.147059
tubig	sa	isang	0.088235
tubig	sa	ibabaw	0.088235
tubo	mula	sa	1.000000
tubo	na	may	0.428571
tukuyin	ang	mga	0.235294
tukuyin	ang	isang	0.147059
tula	na	kanyang	0.200000
tulay	na	lupa	0.333333
tulay	ng	ilog	0.500000
tulay	sa	mundo	0.200000
tulay	sa	ibabaw	0.200000
tulay	sa	ilog	0.150000
tumakbo	para	sa	1.000000
tumakbo	sa	pagkapangulo	0.263158
tumakbo	siya	sa	0.833333
tumanggap	din	siya	0.600000
tumanggap	ng	mga	0.270270
tumanggap	ng	isang	0.081081
tumanggap	siya	ng	1.000000
tumatakbo	ang	mga	0.461538
tumatakbo	mula	sa	0.875000
tumatakbo	sa	isang	0.150000
tumatakbo	sa	mga	0.150000
tumatawag	sa	mga	0.300000
tumpak	na	mga	0.107143
tumpak	na	petsa	0.107143
tumpak	na	kahulugan	0.107143
tumulong	din	siya	0.666667
tumulong	sa	mga	0.387097
tumulong	sa	kanya	0.096774
tumulong	sa	paglikha	0.096774
tumulong	siya	sa	0.833333
tunay	na	pangalan	0.072874
tunay	na	mga	0.060729
tunay	na	bilang	0.048583
tunay	na	buhay	0.036437
tunay	na	diyos	0.024291
tunay	na	ina	0.024291
tunay	na	ama	0.024291
tunay	na	anak	0.020243
tunay	na	halaga	0.016194
tunay	na	mundo	0.016194
tunay	na	tao	0.012146
tunay	na	kapangyarihan	0.012146
tunay	na	kalikasan	0.012146
tunay	na	pagkatao	0.012146
tunay	na	dahilan	0.012146
tunay	na	anyo	0.012146
tunay	na	sitwasyon	0.012146
tunay	na	kahulugan	0.012146
tunay	o	mga	0.500000
tungkol	ito	sa	1.000000
tungkol	sa	mga	0.276836
tungkol	sa	isang	0.077213
tungkol	sa	kanyang	0.077213
tungkol	sa	kanya	0.026365
tungkol	sa	buhay	0.024482
tungkol	sa	kung	0.024482
tungkol	sa	kanilang	0.022599
tungkol	sa	pagiging	0.011299
tungkol	sa	kalusugan	0.011299
tungkol	sa	kalikasan	0.011299
tungkol	sa	ng	0.009416
tungkol	sa	kamatayan	0.007533
tungkol	sa	kasaysayan	0.007533
tungkol	sa	pinagmulan	0.005650
tungkol	sa	pagkakaroon	0.005650
tungkol	sa	kwento	0.005650
tungkol	sa	lugar	0.005650
tungkol	sa	ating	0.005650
tungkol	sa	sa	0.005650
tungkol	sa	relasyon	0.005650
tungkol	sa	estado	0.005650
tungkol	sa	dalawang	0.005650
tungkol	sa	sining	0.005650
tungkulin	ang	mga	0.500000
tungkulin	bilang	isang	0.428571
tungkulin	ng	mga	0.317073
tungkulin	ng	isang	0.121951
tungkulin	ng	wika	0.097561
tungkulin	nito	ay	0.500000
tuntunin	ng	mga	0.333333
turista	mula	sa	1.000000
turuan	ang	mga	0.750000
tuwid	na	linya	0.333333
tv	at	mga	0.272727
tv	host	sa	0.500000
tv	host	at	0.375000
tv	para	sa	0.750000
ugat	na	daluyan	0.200000
ugat	ng	mga	0.272727
ugat	nito	ay	0.666667
ugnayan	ng	mga	0.388889
ugnayan	nito	sa	1.000000
ugnayan	sa	pagitan	0.390244
ugnayan	sa	mga	0.195122
ugnayan	sa	isang	0.048780
ugnayan	sa	bawat	0.036585
ugnayan	sa	isa	0.036585
ulam	na	may	0.600000
ulan	mula	sa	1.000000
ulan	ng	niyebe	0.500000
ulo	at	ang	0.153846
ulo	at	katawan	0.115385
ulo	na	may	0.400000
ulo	ng	mga	0.297297
ulo	ng	isang	0.081081
ulo	ng	tao	0.081081
ulo	ng	leon	0.081081
ulo	sa	mga	0.300000
umaasa	sa	mga	0.214286
umaasa	sa	kanilang	0.214286
umaga	hanggang	alas	0.750000
umaga	kung	saan	1.000000
umaga	ng	sumunod	0.200000
umaga	ng	martes	0.120000
umaga	ng	hunyo	0.120000
umaga	pagkatapos	ng	1.000000
umalis	ang	mga	0.600000
umalis	mula	sa	1.000000
umalis	na	sa	0.333333
umalis	ng	bansa	0.428571
umalis	para	sa	1.000000
umalis	sa	banda	0.218750
umalis	sa	kanilang	0.125000
umalis	sila	sa	0.600000
umalis	siya	sa	0.833333
umasa	sa	mga	0.600000
umiinom	ng	alak	0.625000
umiral	ang	isang	0.600000
umiral	bago	ang	1.000000
umunlad	ang	mga	0.500000
umunlad	mula	sa	1.000000
umunlad	sa	isang	0.375000
umupo	sa	trono	0.750000
umuunlad	na	bansa	0.545455
umuunlad	na	mga	0.272727
unibersidad	ay	may	0.272000
unibersidad	ay	binubuo	0.136000
unibersidad	ay	ang	0.080000
unibersidad	ay	isa	0.064000
unibersidad	ay	isang	0.056000
unibersidad	ay	madalas	0.024000
unibersidad	ay	miyembro	0.024000
unibersidad	ay	muling	0.024000
unibersidad	ay	nagpapatakbo	0.024000
unibersidad	na	may	0.550000
unibersidad	na	ito	0.150000
unibersidad	ng	santo	0.258065
unibersidad	ng	mga	0.193548
unibersidad	ng	estado	0.129032
unibersidad	sa	bansa	0.259259
unibersidad	sa	pananaliksik	0.185185
unibersidad	sa	mundo	0.148148
unibersidad	sa	estado	0.086420
unibersidad	sa	hapon	0.061728
unibersidad	sa	rehiyon	0.037037
unibersidad	sa	mga	0.037037
unibersidad	sa	kasalukuyan	0.037037
uniporme	ay	kulay	0.750000
uniporme	ng	mga	0.750000
update	para	sa	1.000000
uri	ang	mga	0.363636
uri	at	anyo	0.214286
uri	ay	ang	0.266667
uri	ayon	sa	1.000000
uri	ito	ng	1.000000
uri	katulad	ng	1.000000
uri	na	ito	0.166667
uri	ng	mga	0.278027
uri	ng	hayop	0.026906
uri	ng	halaman	0.020179
uri	ng	sakit	0.015695
uri	ng	pagkain	0.015695
uri	ng	musika	0.013453
uri	ng	tao	0.013453
uri	ng	kanser	0.013453
uri	ng	komunikasyon	0.011211
uri	ng	sasakyan	0.008969
uri	ng	laro	0.008969
uri	ng	maliit	0.006726
uri	ng	sayaw	0.006726
uri	ng	panahon	0.006726
uri	ng	trabaho	0.006726
uri	ng	kasal	0.006726
uri	ng	wika	0.006726
uri	ng	lokal	0.006726
uri	ng	karne	0.006726
uri	ng	gamot	0.006726
uri	ng	tanong	0.006726
uri	ng	pelikula	0.006726
uri	ng	sining	0.006726
uri	ng	sasakyang	0.006726
uri	ng	pamahalaan	0.006726
uri	nito	sa	0.333333
uri	nito	ang	0.250000
uri	sa	mga	0.571429
usok	ng	tabako	0.333333
utak	ng	tao	0.550000
utak	ng	isang	0.250000
utos	mula	sa	1.000000
utos	ng	isang	0.125000
utos	ng	mga	0.125000
video	ang	mga	0.750000
video	ng	musika	0.517241
video	ng	mga	0.103448
video	nito	ay	0.600000
video	para	sa	1.000000
video	sa	musika	0.250000
virus	na	ito	0.750000
wala	ang	mga	0.312500
wala	na	sa	0.454545
wala	na	ang	0.136364
wala	nang	iba	0.217391
wala	pa	sa	0.750000
wala	sa	mga	0.385965
wala	sa	lugar	0.070175
wala	sa	tubig	0.052632
wala	sa	dalawang	0.052632
walang	alam	sa	0.500000
walang	alam	na	0.333333
walang	bahay	na	0.750000
walang	bakas	ng	1.000000
walang	buhay	na	0.454545
walang	epekto	sa	0.750000
walang	hanggang	buhay	0.153846
walang	kakayahan	sa	0.500000
walang	katulad	na	0.789474
walang	katumbas	na	0.666667
walang	kulay	na	0.363636
walang	laman	na	0.454545
walang	laman	ang	0.181818
walang	magagamit	na	1.000000
walang	malinaw	na	1.000000
walang	maliwanag	na	1.000000
walang	matibay	na	0.750000
walang	mga	sintomas	0.136364
walang	mga	bagong	0.045455
walang	opisyal	na	1.000000
walang	pagbabago	sa	0.500000
walang	pagkakaiba	ang	0.714286
walang	pahintulot	mula	0.300000
walang	pahintulot	sa	0.300000
walang	partikular	na	1.000000
walang	pisikal	na	1.000000
walang	sapat	na	1.000000
walang	sinuman	ang	1.000000
walang	tirahan	na	0.428571
walang	tiyak	na	1.000000
walang	tunay	na	1.000000
walo	sa	mga	0.750000
web	komiks	ay	0.230769
website	ng	banda	0.333333
wika	ang	mga	0.200000
wika	at	ang	0.129032
wika	at	mga	0.129032
wika	at	sa	0.096774
wika	at	kultura	0.096774
wika	ay	ang	0.153846
wika	ay	may	0.153846
wika	ay	gumagamit	0.076923
wika	ay	tinatawag	0.076923
wika	ay	hindi	0.076923
wika	ayon	sa	0.750000
wika	dahil	sa	0.600000
wika	lalo	na	1.000000
wika	mula	sa	1.000000
wika	na	may	0.160000
wika	ng	mga	0.453125
wika	ng	pagtuturo	0.093750
wika	ng	katawan	0.046875
wika	nito	ay	0.500000
wika	para	sa	1.000000
wika	sa	mga	0.162162
wika	sa	iba	0.081081
wika	sa	mundo	0.081081
yelo	sa	mga	0.428571
yunit	ng	lokal	0.125000
yunit	ng	oras	0.100000
yunit	ng	sukat	0.075000
