가	가	장	0.191643
가	가	나	0.076369
가	가	지	0.051873
가	가	진	0.033141
가	가	상	0.024496
가	가	오	0.020173
가	가	아	0.018732
가	가	더	0.017291
가	가	하	0.017291
가	가	이	0.015850
가	가	정	0.015850
가	가	올	0.015850
가	가	해	0.014409
가	가	예	0.014409
가	가	전	0.012968
가	가	가	0.012968
가	가	대	0.011527
가	가	다	0.011527
가	가	중	0.010086
가	가	는	0.010086
가	가	되	0.010086
가	가	만	0.010086
가	가	필	0.010086
가	가	내	0.010086
가	가	참	0.008646
가	가	사	0.008646
가	가	어	0.008646
가	가	시	0.008646
가	가	된	0.008646
가	가	고	0.007205
가	각	각	0.812500
가	각	자	0.046875
가	간	다	0.166667
가	간	소	0.100000
가	갈	수	0.514286
가	갈	등	0.200000
가	강	한	0.181818
가	강	하	0.168831
가	강	화	0.116883
가	강	세	0.077922
가	강	제	0.077922
가	강	원	0.064935
가	강	해	0.051948
가	강	조	0.038961
가	강	점	0.038961
가	개	발	0.346535
가	개	인	0.168317
가	개	선	0.158416
가	개	설	0.049505
가	개	입	0.049505
가	개	통	0.039604
가	개	막	0.039604
가	개	방	0.029703
가	개	별	0.029703
가	거	의	0.363636
가	거	세	0.125000
가	거	리	0.102273
가	거	나	0.090909
가	거	부	0.068182
가	거	절	0.056818
가	거	주	0.056818
가	거	짓	0.045455
가	건	물	0.325000
가	건	강	0.225000
가	건	설	0.175000
가	건	조	0.125000
가	걸	린	0.666667
가	게	를	0.146552
가	게	에	0.112069
가	게	된	0.086207
가	게	하	0.068966
가	게	앞	0.060345
가	게	들	0.051724
가	게	문	0.043103
가	게	되	0.034483
가	게	주	0.034483
가	게	가	0.034483
가	게	재	0.025862
가	게	될	0.025862
가	게	사	0.025862
가	게	로	0.025862
가	경	제	0.400000
가	경	정	0.321739
가	경	영	0.121739
가	경	매	0.034783
가	고	자	0.075145
가	고	조	0.069364
가	고	시	0.069364
가	고	금	0.063584
가	고	의	0.034682
가	고	문	0.034682
가	고	정	0.028902
가	고	통	0.028902
가	고	인	0.023121
가	고	공	0.023121
가	고	소	0.017341
가	고	속	0.017341
가	고	사	0.017341
가	고	장	0.017341
가	고	대	0.017341
가	고	나	0.017341
가	고	위	0.017341
가	고	발	0.017341
가	곧	바	0.347826
가	곧	경	0.130435
가	곳	곳	1.000000
가	공	개	0.324074
가	공	무	0.083333
가	공	공	0.046296
가	공	정	0.046296
가	공	을	0.037037
가	공	해	0.037037
가	공	하	0.032407
가	공	사	0.027778
가	공	시	0.027778
가	공	인	0.023148
가	공	제	0.023148
가	공	중	0.018519
가	공	천	0.018519
가	공	장	0.018519
가	공	수	0.018519
가	공	존	0.013889
가	공	소	0.013889
가	공	원	0.013889
가	공	간	0.013889
가	과	거	0.410714
가	과	도	0.142857
가	과	정	0.089286
가	과	세	0.053571
가	과	중	0.053571
가	과	로	0.053571
가	구	의	0.095361
가	구	가	0.090206
가	구	에	0.077320
가	구	는	0.069588
가	구	를	0.067010
가	구	로	0.041237
가	구	조	0.033505
가	구	수	0.030928
가	구	와	0.028351
가	구	성	0.023196
가	구	속	0.023196
가	구	소	0.020619
가	구	대	0.020619
가	구	매	0.018041
가	구	중	0.018041
가	구	역	0.015464
가	구	원	0.015464
가	구	등	0.015464
가	구	주	0.015464
가	구	이	0.015464
가	구	전	0.012887
가	구	상	0.010309
가	구	입	0.010309
가	구	제	0.010309
가	구	글	0.010309
가	구	발	0.010309
가	구	다	0.010309
가	구	비	0.010309
가	구	공	0.010309
가	구	도	0.007732
가	군	사	0.458333
가	군	인	0.125000
가	그	린	0.080645
가	그	의	0.080645
가	그	것	0.080645
가	그	리	0.072581
가	그	를	0.072581
가	그	만	0.064516
가	그	대	0.056452
가	그	에	0.040323
가	그	어	0.040323
가	그	간	0.032258
가	그	와	0.024194
가	그	분	0.024194
가	그	때	0.024194
가	글	로	0.800000
가	금	리	0.458333
가	금	지	0.250000
가	금	강	0.062500
가	긴	장	0.400000
가	긴	요	0.300000
가	길	어	0.419355
가	길	을	0.129032
가	길	바	0.129032
가	길	거	0.096774
가	김	씨	0.090909
가	김	여	0.090909
가	김	포	0.090909
가	김	정	0.068182
가	김	대	0.068182
가	김	성	0.068182
가	김	의	0.068182
가	김	건	0.068182
가	꼭	필	0.636364
가	끝	나	0.463235
가	끝	난	0.441176
가	끝	날	0.058824
가	끝	내	0.029412
가	나	오	0.235474
가	나	온	0.226300
가	나	타	0.088685
가	나	올	0.074924
가	나	와	0.051988
가	나	는	0.030581
가	나	서	0.027523
가	나	를	0.019878
가	나	가	0.019878
가	나	에	0.018349
가	나	중	0.018349
가	나	전	0.018349
가	나	고	0.016820
가	나	아	0.015291
가	나	란	0.012232
가	나	자	0.009174
가	나	의	0.009174
가	나	지	0.007645
가	나	도	0.007645
가	나	정	0.006116
가	나	무	0.006116
가	나	머	0.004587
가	나	간	0.004587
가	나	다	0.004587
가	나	라	0.004587
가	나	주	0.004587
가	난	한	0.298851
가	난	다	0.172414
가	난	것	0.126437
가	난	하	0.057471
가	난	에	0.034483
가	날	아	0.416667
가	날	정	0.125000
가	내	리	0.238411
가	내	년	0.218543
가	내	린	0.099338
가	내	세	0.046358
가	내	장	0.033113
가	내	게	0.026490
가	내	일	0.026490
가	내	가	0.026490
가	내	수	0.026490
가	내	달	0.019868
가	내	이	0.019868
가	너	무	0.903226
가	노	사	0.117647
가	노	후	0.088235
가	노	인	0.088235
가	노	이	0.088235
가	놀	라	0.666667
가	눈	에	0.650000
가	는	것	0.109134
가	는	데	0.059312
가	는	이	0.045077
가	는	길	0.037960
가	는	지	0.029656
가	는	게	0.027284
가	는	과	0.026097
가	는	사	0.026097
가	는	가	0.023725
가	는	전	0.021352
가	는	한	0.016607
가	는	방	0.015421
가	는	중	0.014235
가	는	거	0.013049
가	는	걸	0.013049
가	는	자	0.013049
가	는	상	0.013049
가	는	경	0.013049
가	는	등	0.013049
가	는	우	0.013049
가	는	일	0.011862
가	는	그	0.011862
가	는	건	0.010676
가	는	대	0.010676
가	는	물	0.009490
가	는	아	0.009490
가	는	소	0.009490
가	는	노	0.009490
가	는	장	0.008304
가	는	시	0.008304
가	늘	어	0.631579
가	늘	고	0.323308
가	님	이	0.375000
가	다	시	0.366379
가	다	음	0.129310
가	다	수	0.099138
가	다	양	0.060345
가	다	소	0.060345
가	다	가	0.051724
가	다	니	0.021552
가	다	이	0.021552
가	다	주	0.017241
가	다	분	0.017241
가	단	순	0.258065
가	단	일	0.193548
가	단	지	0.129032
가	달	라	0.617021
가	달	린	0.212766
가	달	리	0.085106
가	대	통	0.159184
가	대	선	0.102041
가	대	부	0.102041
가	대	상	0.065306
가	대	비	0.057143
가	대	응	0.048980
가	대	만	0.044898
가	대	책	0.044898
가	대	한	0.040816
가	대	신	0.032653
가	대	단	0.028571
가	대	장	0.024490
가	대	법	0.020408
가	대	중	0.020408
가	대	거	0.020408
가	대	안	0.016327
가	대	다	0.016327
가	대	화	0.016327
가	대	세	0.016327
가	대	구	0.012245
가	대	우	0.012245
가	대	대	0.012245
가	더	나	0.076923
가	더	오	0.069231
가	더	해	0.069231
가	더	라	0.061538
가	더	적	0.053846
가	더	이	0.053846
가	더	불	0.053846
가	더	어	0.038462
가	더	중	0.038462
가	더	커	0.038462
가	더	확	0.030769
가	더	딘	0.023077
가	더	내	0.023077
가	더	가	0.023077
가	더	강	0.023077
가	더	필	0.023077
가	더	디	0.023077
가	데	이	0.666667
가	데	나	0.200000
가	도	입	0.155844
가	도	발	0.103896
가	도	로	0.064935
가	도	이	0.058442
가	도	시	0.025974
가	도	널	0.025974
가	도	나	0.019481
가	도	아	0.019481
가	도	구	0.019481
가	도	와	0.019481
가	도	전	0.019481
가	도	정	0.019481
가	돈	을	0.500000
가	돈	바	0.333333
가	돌	아	0.800000
가	돼	야	0.375000
가	돼	서	0.104167
가	되	는	0.263314
가	되	고	0.213018
가	되	지	0.177515
가	되	어	0.136095
가	되	길	0.047337
가	되	도	0.038462
가	되	게	0.020710
가	되	살	0.017751
가	되	자	0.014793
가	되	풀	0.011834
가	되	든	0.008876
가	된	다	0.537778
가	된	것	0.084444
가	된	사	0.035556
가	된	뒤	0.022222
가	된	상	0.017778
가	된	한	0.017778
가	된	이	0.017778
가	된	지	0.013333
가	된	선	0.013333
가	된	소	0.013333
가	된	경	0.013333
가	된	조	0.013333
가	될	것	0.639269
가	될	가	0.082192
가	될	지	0.068493
가	될	수	0.041096
가	될	만	0.022831
가	될	예	0.022831
가	될	거	0.018265
가	될	전	0.018265
가	두	드	0.161290
가	두	번	0.112903
가	두	리	0.064516
가	두	개	0.048387
가	두	고	0.048387
가	두	꺼	0.048387
가	두	시	0.048387
가	두	자	0.048387
가	둔	화	0.888889
가	둔	채	0.111111
가	뒤	를	0.400000
가	뒤	에	0.150000
가	뒤	로	0.150000
가	드	물	0.125000
가	드	를	0.100000
가	드	리	0.100000
가	드	라	0.075000
가	드	코	0.075000
가	들	은	0.314667
가	들	이	0.157333
가	들	의	0.140000
가	들	어	0.125333
가	들	과	0.076000
가	들	에	0.052000
가	들	을	0.040000
가	들	도	0.025333
가	들	사	0.013333
가	들	수	0.008000
가	들	리	0.006667
가	들	린	0.006667
가	들	로	0.005333
가	등	장	0.235294
가	등	이	0.117647
가	등	에	0.109244
가	등	을	0.100840
가	등	의	0.100840
가	등	으	0.033613
가	디	지	0.533333
가	디	자	0.333333
가	딸	을	0.500000
가	때	문	0.500000
가	떠	오	0.272727
가	떠	나	0.227273
가	떠	난	0.227273
가	떠	올	0.181818
가	또	다	0.296296
가	또	는	0.222222
가	라	고	0.597701
가	라	는	0.293103
가	로	막	0.074468
가	로	지	0.057447
가	로	수	0.051064
가	로	서	0.046809
가	로	세	0.046809
가	로	이	0.044681
가	로	확	0.036170
가	로	인	0.034043
가	로	구	0.029787
가	로	채	0.025532
가	로	주	0.023404
가	로	등	0.021277
가	로	공	0.019149
가	로	설	0.017021
가	로	발	0.017021
가	로	나	0.017021
가	로	부	0.017021
가	로	선	0.012766
가	로	드	0.012766
가	로	제	0.012766
가	로	경	0.012766
가	로	거	0.010638
가	로	적	0.010638
가	로	성	0.010638
가	로	질	0.010638
가	로	들	0.010638
가	로	도	0.010638
가	로	불	0.008511
가	로	일	0.008511
가	로	는	0.008511
가	루	가	0.210526
가	루	를	0.131579
가	루	등	0.078947
가	루	와	0.078947
가	를	위	0.054645
가	를	내	0.049180
가	를	통	0.043716
가	를	이	0.030055
가	를	거	0.027322
가	를	상	0.027322
가	를	신	0.027322
가	를	만	0.024590
가	를	부	0.021858
가	를	지	0.021858
가	를	경	0.021858
가	를	사	0.021858
가	를	방	0.019126
가	를	대	0.019126
가	를	하	0.016393
가	를	자	0.016393
가	를	주	0.016393
가	를	비	0.016393
가	를	발	0.016393
가	를	앞	0.013661
가	를	제	0.013661
가	를	돌	0.013661
가	를	다	0.013661
가	를	반	0.013661
가	를	해	0.010929
가	를	인	0.010929
가	를	시	0.010929
가	를	조	0.010929
가	를	확	0.010929
가	를	올	0.010929
가	리	지	0.216561
가	리	키	0.152866
가	리	는	0.095541
가	리	고	0.050955
가	리	아	0.050955
가	리	등	0.038217
가	리	의	0.031847
가	리	루	0.019108
가	리	타	0.019108
가	리	부	0.019108
가	마	무	0.238095
가	마	지	0.142857
가	마	음	0.085714
가	마	땅	0.076190
가	마	약	0.076190
가	마	비	0.047619
가	마	주	0.047619
가	마	을	0.047619
가	마	이	0.047619
가	마	다	0.038095
가	막	을	0.227273
가	막	혀	0.136364
가	만	들	0.314815
가	만	든	0.287037
가	만	나	0.111111
가	만	난	0.064815
가	만	약	0.046296
가	말	하	0.325000
가	말	을	0.175000
가	말	한	0.175000
가	말	이	0.075000
가	매	우	0.520408
가	매	년	0.091837
가	매	일	0.061224
가	매	달	0.040816
가	매	물	0.040816
가	매	장	0.040816
가	매	매	0.030612
가	매	수	0.030612
가	머	리	0.562500
가	머	물	0.375000
가	먼	저	0.851064
가	명	확	0.250000
가	명	백	0.145833
가	명	으	0.104167
가	명	분	0.104167
가	명	씨	0.083333
가	명	예	0.062500
가	목	숨	0.277778
가	목	소	0.166667
가	몸	을	0.363636
가	몸	에	0.272727
가	무	너	0.275000
가	무	대	0.075000
가	무	리	0.062500
가	무	산	0.062500
가	무	거	0.062500
가	무	형	0.062500
가	무	역	0.050000
가	무	서	0.037500
가	무	단	0.037500
가	문	제	0.250000
가	문	재	0.195652
가	문	을	0.108696
가	문	의	0.097826
가	문	이	0.054348
가	문	화	0.054348
가	문	자	0.043478
가	문	에	0.032609
가	물	가	0.325000
가	물	을	0.175000
가	물	에	0.100000
가	미	사	0.101449
가	미	데	0.101449
가	미	비	0.086957
가	미	된	0.057971
가	미	의	0.057971
가	미	리	0.043478
가	미	군	0.043478
가	미	는	0.043478
가	미	미	0.043478
가	미	수	0.043478
가	바	로	0.428571
가	바	라	0.214286
가	바	이	0.119048
가	바	다	0.095238
가	반	영	0.257732
가	반	드	0.164948
가	반	대	0.134021
가	반	도	0.092784
가	반	성	0.051546
가	반	전	0.051546
가	반	지	0.030928
가	반	발	0.030928
가	발	전	0.274194
가	발	사	0.225806
가	발	리	0.064516
가	발	을	0.064516
가	발	간	0.048387
가	발	달	0.048387
가	밤	에	0.272727
가	방	을	0.198020
가	방	에	0.108911
가	방	위	0.069307
가	방	역	0.069307
가	방	안	0.059406
가	방	문	0.059406
가	방	은	0.049505
가	방	이	0.049505
가	방	으	0.029703
가	방	한	0.029703
가	배	상	0.222222
가	배	달	0.222222
가	배	우	0.111111
가	백	신	0.815789
가	벌	어	0.932203
가	법	원	0.217391
가	법	상	0.130435
가	법	의	0.130435
가	법	정	0.065217
가	법	조	0.065217
가	법	무	0.065217
가	벨	라	0.800000
가	별	로	0.483871
가	별	도	0.193548
가	병	원	0.600000
가	본	적	0.166667
가	본	인	0.166667
가	부	폐	0.131356
가	부	는	0.084746
가	부	장	0.072034
가	부	가	0.046610
가	부	산	0.046610
가	부	상	0.046610
가	부	진	0.046610
가	부	의	0.042373
가	부	도	0.042373
가	부	과	0.042373
가	부	정	0.038136
가	부	각	0.038136
가	부	를	0.038136
가	부	채	0.033898
가	부	에	0.029661
가	부	여	0.021186
가	부	적	0.016949
가	부	인	0.012712
가	부	지	0.012712
가	부	문	0.012712
가	부	부	0.012712
가	분	명	0.280000
가	분	의	0.100000
가	분	을	0.080000
가	분	양	0.080000
가	분	열	0.060000
가	분	리	0.060000
가	불	가	0.327869
가	불	거	0.090164
가	불	안	0.081967
가	불	법	0.081967
가	불	투	0.081967
가	불	분	0.065574
가	불	에	0.032787
가	불	이	0.024590
가	불	명	0.024590
가	불	을	0.024590
가	불	필	0.024590
가	불	참	0.024590
가	비	상	0.117647
가	비	대	0.073529
가	비	공	0.073529
가	비	전	0.058824
가	비	어	0.058824
가	비	일	0.044118
가	비	정	0.044118
가	비	판	0.044118
가	비	는	0.044118
가	비	와	0.044118
가	빈	번	0.428571
가	사	라	0.171875
가	사	고	0.078125
가	사	는	0.062500
가	사	이	0.046875
가	사	랑	0.039062
가	사	를	0.039062
가	사	전	0.035156
가	사	건	0.035156
가	사	가	0.027344
가	사	의	0.023438
가	사	진	0.023438
가	사	키	0.023438
가	사	상	0.019531
가	사	서	0.019531
가	사	노	0.019531
가	사	들	0.015625
가	사	에	0.015625
가	사	무	0.015625
가	사	도	0.011719
가	사	드	0.011719
가	사	과	0.011719
가	사	소	0.011719
가	사	살	0.011719
가	사	형	0.011719
가	사	비	0.011719
가	사	간	0.011719
가	사	거	0.011719
가	산	정	0.130435
가	산	점	0.130435
가	산	금	0.108696
가	산	적	0.065217
가	산	단	0.065217
가	살	아	0.500000
가	살	인	0.150000
가	살	해	0.125000
가	살	고	0.100000
가	상	자	0.341646
가	상	화	0.134663
가	상	대	0.082294
가	상	현	0.062344
가	상	한	0.037406
가	상	의	0.037406
가	상	세	0.037406
가	상	인	0.034913
가	상	공	0.034913
가	상	으	0.017456
가	상	호	0.012469
가	상	장	0.009975
가	상	이	0.007481
가	상	오	0.007481
가	상	주	0.007481
가	상	을	0.007481
가	상	각	0.007481
가	상	위	0.007481
가	상	해	0.007481
가	새	로	0.460000
가	새	롭	0.240000
가	새	해	0.080000
가	새	정	0.060000
가	서	울	0.221649
가	서	로	0.092784
가	서	비	0.061856
가	서	서	0.041237
가	서	는	0.030928
가	서	도	0.025773
가	서	대	0.025773
가	서	명	0.020619
가	서	하	0.015464
가	서	경	0.015464
가	서	를	0.015464
가	선	거	0.201923
가	선	정	0.201923
가	선	대	0.076923
가	선	고	0.067308
가	선	수	0.057692
가	선	물	0.057692
가	선	진	0.048077
가	선	호	0.048077
가	선	발	0.028846
가	선	포	0.028846
가	선	제	0.028846
가	설	정	0.193548
가	설	이	0.161290
가	설	을	0.129032
가	설	명	0.096774
가	성	비	0.208791
가	성	공	0.153846
가	성	사	0.109890
가	성	장	0.098901
가	성	과	0.054945
가	성	소	0.043956
가	성	인	0.032967
가	성	상	0.032967
가	성	을	0.032967
가	세	를	0.172185
가	세	가	0.125828
가	세	다	0.072848
가	세	상	0.072848
가	세	로	0.066225
가	세	운	0.059603
가	세	금	0.039735
가	세	는	0.039735
가	세	하	0.039735
가	세	할	0.019868
가	세	사	0.019868
가	세	라	0.019868
가	세	와	0.019868
가	세	번	0.019868
가	소	비	0.157143
가	소	속	0.128571
가	소	중	0.071429
가	소	요	0.071429
가	소	상	0.042857
가	소	화	0.042857
가	소	개	0.042857
가	소	통	0.042857
가	소	집	0.042857
가	속	화	0.507692
가	속	도	0.146154
가	속	한	0.115385
가	속	하	0.053846
가	속	속	0.030769
가	속	해	0.023077
가	속	등	0.023077
가	손	님	0.227273
가	손	을	0.181818
가	손	해	0.136364
가	손	상	0.136364
가	수	사	0.130435
가	수	로	0.067194
가	수	리	0.051383
가	수	이	0.043478
가	수	들	0.035573
가	수	가	0.035573
가	수	백	0.031621
가	수	의	0.031621
가	수	준	0.027668
가	수	도	0.027668
가	수	는	0.023715
가	수	상	0.023715
가	수	술	0.019763
가	수	아	0.019763
가	수	김	0.019763
가	수	요	0.015810
가	수	입	0.015810
가	수	시	0.015810
가	수	주	0.015810
가	수	집	0.015810
가	수	싸	0.011858
가	수	두	0.011858
가	수	라	0.011858
가	수	영	0.011858
가	수	만	0.011858
가	수	원	0.011858
가	수	조	0.011858
가	수	중	0.011858
가	수	천	0.011858
가	술	에	0.428571
가	숨	진	0.533333
가	숨	지	0.200000
가	시	간	0.185393
가	시	화	0.134831
가	시	장	0.101124
가	시	키	0.067416
가	시	거	0.050562
가	시	대	0.033708
가	시	설	0.028090
가	시	공	0.028090
가	시	는	0.022472
가	시	고	0.022472
가	시	위	0.022472
가	시	가	0.022472
가	시	게	0.016854
가	시	적	0.016854
가	시	지	0.016854
가	시	상	0.016854
가	신	속	0.137931
가	신	분	0.103448
가	신	할	0.051724
가	신	다	0.051724
가	신	고	0.051724
가	아	니	0.797980
가	아	이	0.045455
가	아	무	0.037879
가	아	는	0.022727
가	아	시	0.020202
가	아	주	0.017677
가	아	들	0.015152
가	아	수	0.007576
가	아	예	0.007576
가	악	화	0.777778
가	안	정	0.310345
가	안	전	0.305419
가	안	된	0.078818
가	안	되	0.068966
가	안	나	0.029557
가	안	간	0.024631
가	안	위	0.019704
가	안	후	0.019704
가	안	돼	0.019704
가	안	도	0.014778
가	알	아	0.296296
가	알	고	0.222222
가	알	지	0.111111
가	앞	으	0.236842
가	앞	서	0.210526
가	앞	장	0.157895
가	앞	선	0.157895
가	앞	에	0.105263
가	애	도	0.583333
가	애	매	0.138889
가	야	한	0.430851
가	야	할	0.196809
가	야	하	0.186170
가	야	금	0.037234
가	야	간	0.021277
가	야	역	0.015957
가	야	지	0.015957
가	야	해	0.015957
가	약	간	0.171429
가	약	해	0.171429
가	약	세	0.171429
가	약	하	0.142857
가	약	한	0.085714
가	약	화	0.085714
가	약	속	0.085714
가	양	성	0.170732
가	양	역	0.146341
가	양	자	0.097561
가	양	쪽	0.073171
가	양	호	0.073171
가	양	도	0.073171
가	어	디	0.333333
가	어	린	0.208333
가	어	우	0.083333
가	어	제	0.083333
가	어	머	0.062500
가	어	두	0.062500
가	엄	중	0.300000
가	엄	마	0.300000
가	에	서	0.360202
가	에	대	0.110831
가	에	게	0.073048
가	에	도	0.032746
가	에	반	0.032746
가	에	너	0.025189
가	에	영	0.020151
가	에	는	0.020151
가	에	선	0.020151
가	에	이	0.012594
가	에	그	0.012594
가	에	미	0.012594
가	에	구	0.010076
가	에	만	0.010076
가	에	가	0.010076
가	에	비	0.010076
가	에	들	0.007557
가	에	팔	0.007557
가	에	매	0.007557
가	에	필	0.007557
가	여	전	0.333333
가	여	성	0.222222
가	여	부	0.074074
가	여	론	0.061728
가	여	가	0.061728
가	여	자	0.061728
가	역	대	0.262295
가	역	사	0.196721
가	역	시	0.147541
가	역	전	0.131148
가	역	적	0.081967
가	역	할	0.081967
가	열	리	0.475410
가	열	린	0.368852
가	열	되	0.040984
가	열	해	0.024590
가	영	장	0.200000
가	영	상	0.171429
가	영	화	0.114286
가	영	은	0.085714
가	예	상	0.557252
가	예	정	0.152672
가	예	고	0.061069
가	예	술	0.053435
가	예	산	0.053435
가	예	전	0.022901
가	예	년	0.022901
가	오	는	0.388235
가	오	늘	0.094118
가	오	후	0.076471
가	오	가	0.047059
가	오	미	0.047059
가	오	전	0.041176
가	오	고	0.035294
가	오	리	0.035294
가	오	를	0.029412
가	오	지	0.029412
가	오	루	0.017647
가	온	다	0.245283
가	온	라	0.207547
가	온	것	0.075472
가	온	전	0.075472
가	올	해	0.405797
가	올	라	0.181159
가	올	것	0.079710
가	올	바	0.043478
가	올	린	0.043478
가	올	시	0.028986
가	올	때	0.028986
가	올	들	0.028986
가	올	수	0.028986
가	올	미	0.021739
가	올	지	0.021739
가	올	상	0.021739
가	옷	을	0.750000
가	와	함	0.068966
가	와	도	0.062069
가	와	지	0.055172
가	와	사	0.048276
가	와	이	0.034483
가	와	인	0.034483
가	와	전	0.027586
가	와	공	0.027586
가	와	원	0.027586
가	와	서	0.020690
가	와	의	0.020690
가	와	금	0.020690
가	와	야	0.020690
가	와	고	0.020690
가	와	대	0.020690
가	와	비	0.020690
가	와	시	0.020690
가	와	곡	0.020690
가	왜	이	0.153846
가	요	구	0.288462
가	요	대	0.096154
가	요	제	0.076923
가	요	를	0.057692
가	요	소	0.057692
가	요	금	0.057692
가	우	리	0.485507
가	우	선	0.144928
가	우	세	0.086957
가	우	수	0.057971
가	우	주	0.057971
가	운	데	0.922001
가	운	영	0.044150
가	운	전	0.011773
가	운	명	0.002208
가	운	바	0.002208
가	운	마	0.002208
가	울	리	0.400000
가	워	하	0.300000
가	원	하	0.344444
가	원	인	0.100000
가	원	자	0.066667
가	원	전	0.066667
가	원	내	0.044444
가	원	수	0.044444
가	원	고	0.033333
가	원	천	0.033333
가	원	장	0.033333
가	원	에	0.033333
가	위	원	0.196078
가	위	해	0.098039
가	위	법	0.078431
가	위	로	0.078431
가	위	주	0.078431
가	위	를	0.058824
가	윌	리	1.000000
가	을	야	0.109756
가	을	에	0.097561
가	을	이	0.085366
가	을	부	0.060976
가	을	날	0.048780
가	을	시	0.048780
가	을	은	0.036585
가	을	하	0.036585
가	을	을	0.036585
가	을	들	0.036585
가	음	주	0.285714
가	음	악	0.285714
가	의	도	0.042904
가	의	상	0.036304
가	의	의	0.036304
가	의	무	0.033003
가	의	사	0.029703
가	의	경	0.026403
가	의	정	0.023102
가	의	지	0.023102
가	의	원	0.023102
가	의	수	0.023102
가	의	자	0.019802
가	의	미	0.019802
가	의	전	0.019802
가	의	중	0.019802
가	의	대	0.019802
가	의	문	0.016502
가	의	안	0.016502
가	의	시	0.016502
가	의	책	0.016502
가	의	아	0.016502
가	의	소	0.013201
가	의	일	0.013201
가	의	분	0.013201
가	의	부	0.013201
가	의	역	0.013201
가	의	삶	0.009901
가	의	가	0.009901
가	의	불	0.009901
가	의	법	0.009901
가	의	존	0.009901
가	이	어	0.202446
가	이	드	0.111413
가	이	번	0.074728
가	이	날	0.074728
가	이	를	0.055707
가	이	미	0.052989
가	이	후	0.025815
가	이	제	0.023098
가	이	루	0.023098
가	이	자	0.021739
가	이	재	0.020380
가	이	사	0.020380
가	이	달	0.020380
가	이	곳	0.017663
가	이	에	0.016304
가	이	상	0.014946
가	이	들	0.014946
가	이	전	0.013587
가	이	대	0.012228
가	이	란	0.012228
가	이	해	0.010870
가	이	야	0.009511
가	이	영	0.008152
가	이	중	0.006793
가	이	마	0.005435
가	이	씨	0.005435
가	이	성	0.005435
가	이	지	0.005435
가	이	주	0.005435
가	이	준	0.005435
가	인	상	0.137566
가	인	정	0.121693
가	인	수	0.068783
가	인	공	0.047619
가	인	간	0.042328
가	인	하	0.042328
가	인	도	0.037037
가	인	이	0.037037
가	인	사	0.031746
가	인	지	0.031746
가	인	구	0.026455
가	인	천	0.026455
가	인	재	0.021164
가	인	은	0.021164
가	인	제	0.015873
가	인	중	0.015873
가	일	어	0.208738
가	일	본	0.131068
가	일	부	0.111650
가	일	반	0.067961
가	일	하	0.048544
가	일	상	0.043689
가	일	제	0.043689
가	일	시	0.043689
가	일	정	0.033981
가	일	을	0.024272
가	일	단	0.024272
가	일	수	0.024272
가	일	방	0.019417
가	일	각	0.019417
가	일	주	0.014563
가	일	손	0.014563
가	일	으	0.014563
가	입	자	0.214689
가	입	하	0.098870
가	입	을	0.093220
가	입	할	0.056497
가	입	한	0.045198
가	입	해	0.036723
가	입	이	0.033898
가	입	신	0.031073
가	입	시	0.025424
가	입	은	0.019774
가	입	금	0.016949
가	입	문	0.014124
가	입	장	0.014124
가	입	고	0.014124
가	입	에	0.014124
가	입	가	0.014124
가	입	조	0.014124
가	입	소	0.011299
가	입	대	0.011299
가	입	으	0.011299
가	입	및	0.011299
가	입	과	0.011299
가	입	된	0.011299
가	입	수	0.011299
가	입	니	0.008475
가	입	주	0.008475
가	입	절	0.008475
가	입	원	0.008475
가	입	건	0.008475
가	입	포	0.008475
가	자	신	0.211765
가	자	들	0.179412
가	자	고	0.067647
가	자	는	0.061765
가	자	리	0.055882
가	자	주	0.044118
가	자	가	0.038235
가	자	진	0.032353
가	자	문	0.029412
가	자	를	0.020588
가	자	사	0.020588
가	자	에	0.017647
가	자	랑	0.014706
가	자	수	0.014706
가	자	발	0.011765
가	자	라	0.011765
가	자	전	0.011765
가	자	의	0.011765
가	자	금	0.008824
가	잘	못	0.271605
가	잘	되	0.123457
가	잘	할	0.061728
가	잘	하	0.061728
가	잘	나	0.049383
가	잘	해	0.049383
가	잘	한	0.037037
가	잘	들	0.037037
가	잠	시	0.250000
가	장	큰	0.219814
가	장	중	0.109391
가	장	먼	0.073271
가	장	적	0.028896
가	장	잘	0.025800
가	장	강	0.025800
가	장	가	0.023736
가	장	오	0.023736
가	장	자	0.022704
가	장	위	0.020640
가	장	필	0.015480
가	장	우	0.014448
가	장	시	0.014448
가	장	비	0.014448
가	장	인	0.013416
가	장	애	0.013416
가	장	어	0.010320
가	장	눈	0.010320
가	장	아	0.010320
가	장	앞	0.009288
가	장	긴	0.009288
가	장	안	0.008256
가	장	신	0.008256
가	장	성	0.007224
가	장	해	0.007224
가	장	고	0.007224
가	장	부	0.007224
가	장	두	0.007224
가	장	현	0.006192
가	장	길	0.006192
가	재	정	0.224490
가	재	개	0.173469
가	재	건	0.091837
가	재	난	0.091837
가	재	판	0.081633
가	재	발	0.081633
가	재	도	0.051020
가	재	미	0.030612
가	재	확	0.030612
가	저	지	0.206897
가	저	조	0.103448
가	적	인	0.308756
가	적	지	0.124424
가	적	은	0.069124
가	적	으	0.059908
가	적	절	0.050691
가	적	혀	0.046083
가	적	어	0.046083
가	적	재	0.036866
가	적	발	0.032258
가	적	고	0.032258
가	적	법	0.018433
가	적	위	0.018433
가	적	정	0.013825
가	적	게	0.013825
가	적	자	0.013825
가	적	다	0.013825
가	전	혀	0.082143
가	전	에	0.075000
가	전	제	0.067857
가	전	세	0.060714
가	전	을	0.060714
가	전	년	0.053571
가	전	문	0.042857
가	전	달	0.035714
가	전	날	0.032143
가	전	사	0.028571
가	전	화	0.028571
가	전	부	0.025000
가	전	이	0.025000
가	전	전	0.025000
가	전	통	0.025000
가	전	시	0.021429
가	전	해	0.021429
가	전	투	0.014286
가	전	과	0.014286
가	전	의	0.014286
가	전	신	0.010714
가	전	선	0.010714
가	전	수	0.010714
가	전	방	0.010714
가	전	반	0.010714
가	전	등	0.010714
가	전	소	0.010714
가	절	차	0.297297
가	절	하	0.216216
가	절	반	0.162162
가	절	대	0.162162
가	점	점	0.288462
가	점	차	0.230769
가	점	수	0.115385
가	점	제	0.076923
가	점	포	0.057692
가	점	자	0.057692
가	정	에	0.133663
가	정	상	0.081683
가	정	신	0.059406
가	정	부	0.054455
가	정	의	0.054455
가	정	해	0.044554
가	정	한	0.044554
가	정	말	0.037129
가	정	을	0.034653
가	정	하	0.032178
가	정	점	0.029703
가	정	책	0.027228
가	정	법	0.027228
가	정	지	0.024752
가	정	원	0.024752
가	정	과	0.022277
가	정	내	0.019802
가	정	간	0.019802
가	정	할	0.017327
가	정	이	0.017327
가	정	집	0.012376
가	정	형	0.012376
가	정	으	0.009901
가	정	확	0.009901
가	정	주	0.009901
가	정	사	0.009901
가	정	문	0.007426
가	정	등	0.007426
가	정	통	0.007426
가	제	대	0.209402
가	제	시	0.128205
가	제	공	0.115385
가	제	재	0.111111
가	제	한	0.068376
가	제	일	0.055556
가	제	도	0.051282
가	제	안	0.042735
가	제	주	0.038462
가	제	가	0.029915
가	제	때	0.017094
가	제	사	0.012821
가	제	조	0.012821
가	제	타	0.012821
가	제	각	0.012821
가	조	사	0.205882
가	조	금	0.196078
가	조	성	0.117647
가	조	만	0.107843
가	조	정	0.107843
가	조	선	0.078431
가	조	건	0.029412
가	존	재	0.789474
가	주	목	0.165644
가	주	도	0.128834
가	주	요	0.092025
가	주	로	0.067485
가	주	장	0.049080
가	주	인	0.049080
가	주	어	0.042945
가	주	춤	0.036810
가	주	의	0.030675
가	주	고	0.030675
가	주	를	0.024540
가	주	는	0.024540
가	주	거	0.024540
가	주	재	0.024540
가	주	말	0.024540
가	주	가	0.018405
가	준	비	0.720000
가	준	공	0.160000
가	줄	어	0.694444
가	줄	고	0.097222
가	줄	지	0.097222
가	줄	줄	0.055556
가	중	요	0.283784
가	중	단	0.117117
가	중	되	0.099099
가	중	시	0.063063
가	중	될	0.049550
가	중	대	0.049550
가	중	하	0.040541
가	중	간	0.036036
가	중	된	0.027027
가	중	한	0.018018
가	중	가	0.018018
가	중	재	0.013514
가	중	에	0.013514
가	중	고	0.013514
가	중	할	0.013514
가	중	장	0.013514
가	중	인	0.013514
가	즉	시	0.500000
가	즉	각	0.416667
가	지	난	0.205316
가	지	고	0.158140
가	지	로	0.071096
가	지	속	0.057143
가	지	수	0.046512
가	지	금	0.029900
가	지	원	0.029900
가	지	못	0.026578
가	지	다	0.025914
가	지	나	0.025914
가	지	를	0.019934
가	지	는	0.019269
가	지	가	0.017276
가	지	정	0.015282
가	지	방	0.015282
가	지	역	0.015282
가	지	지	0.012625
가	지	이	0.008638
가	지	도	0.007973
가	지	상	0.007309
가	지	배	0.007309
가	지	의	0.007309
가	지	라	0.006645
가	지	일	0.005980
가	지	목	0.005980
가	지	게	0.005316
가	지	만	0.005316
가	지	문	0.004651
가	지	구	0.004651
가	지	중	0.004651
가	진	단	0.125000
가	진	사	0.087838
가	진	다	0.074324
가	진	것	0.070946
가	진	정	0.054054
가	진	전	0.030405
가	진	자	0.023649
가	진	이	0.023649
가	진	지	0.020270
가	진	뒤	0.016892
가	진	시	0.013514
가	진	인	0.013514
가	진	공	0.013514
가	진	선	0.010135
가	진	아	0.010135
가	진	신	0.010135
가	진	한	0.010135
가	진	데	0.010135
가	진	해	0.010135
가	진	금	0.010135
가	진	우	0.010135
가	진	영	0.010135
가	진	화	0.010135
가	질	수	0.476190
가	질	예	0.126984
가	질	것	0.111111
가	질	문	0.063492
가	짐	이	0.400000
가	집	중	0.387755
가	집	단	0.204082
가	집	에	0.081633
가	집	주	0.061224
가	짓	수	1.000000
가	차	지	0.435484
가	차	원	0.145161
가	차	단	0.048387
가	차	오	0.048387
가	찬	성	0.666667
가	참	여	0.708861
가	참	가	0.113924
가	참	어	0.037975
가	채	무	0.794872
가	채	워	0.076923
가	책	정	0.428571
가	천	대	0.666667
가	초	미	0.178571
가	초	반	0.107143
가	총	리	0.363636
가	총	을	0.181818
가	총	장	0.136364
가	총	선	0.136364
가	커	지	0.666667
가	커	질	0.130081
가	커	진	0.065041
가	커	피	0.056911
가	커	서	0.032520
가	코	로	0.906977
가	큰	것	0.084746
가	큰	부	0.084746
가	큰	상	0.067797
가	큰	만	0.050847
가	큰	날	0.050847
가	키	이	0.500000
가	키	우	0.333333
가	타	현	0.264706
가	타	고	0.147059
가	타	이	0.147059
가	통	제	0.365854
가	통	신	0.317073
가	통	일	0.073171
가	통	하	0.073171
가	투	자	0.622222
가	투	입	0.222222
가	투	명	0.066667
가	판	매	0.500000
가	판	단	0.263158
가	판	대	0.078947
가	팔	라	0.545455
가	팔	을	0.272727
가	폐	지	0.700000
가	폐	사	0.150000
가	포	함	0.864407
가	폴	란	0.800000
가	풀	리	0.454545
가	풀	린	0.272727
가	피	하	0.303571
가	피	해	0.226190
가	피	한	0.184524
가	피	할	0.130952
가	피	고	0.041667
가	피	어	0.035714
가	피	성	0.017857
가	필	요	0.945619
가	필	수	0.039275
가	필	리	0.009063
가	하	는	0.351852
가	하	고	0.347222
가	하	지	0.055556
가	하	나	0.041667
가	하	루	0.039352
가	하	게	0.025463
가	하	다	0.023148
가	하	늘	0.013889
가	하	도	0.013889
가	하	반	0.009259
가	하	여	0.009259
가	하	긴	0.009259
가	하	시	0.006944
가	하	라	0.006944
가	하	든	0.006944
가	하	자	0.006944
가	한	다	0.186111
가	한	것	0.163889
가	한	반	0.058333
가	한	수	0.055556
가	한	미	0.025000
가	한	가	0.025000
가	한	번	0.022222
가	한	일	0.022222
가	한	뒤	0.016667
가	한	이	0.016667
가	한	꺼	0.013889
가	한	말	0.013889
가	한	데	0.013889
가	한	바	0.013889
가	한	산	0.013889
가	한	달	0.011111
가	한	때	0.011111
가	한	정	0.011111
가	한	강	0.011111
가	한	아	0.011111
가	한	영	0.011111
가	한	시	0.008333
가	한	중	0.008333
가	한	상	0.008333
가	한	명	0.008333
가	한	사	0.008333
가	한	장	0.008333
가	한	한	0.008333
가	한	몸	0.008333
가	한	경	0.008333
가	할	수	0.368421
가	할	것	0.254386
가	할	때	0.078947
가	할	예	0.078947
가	할	인	0.035088
가	할	경	0.035088
가	함	정	0.272727
가	함	에	0.272727
가	해	자	0.339286
가	해	야	0.083333
가	해	제	0.068452
가	해	지	0.041667
가	해	를	0.020833
가	해	사	0.020833
가	해	달	0.017857
가	해	라	0.017857
가	해	소	0.014881
가	해	양	0.014881
가	해	에	0.014881
가	해	발	0.011905
가	해	서	0.011905
가	해	명	0.011905
가	해	이	0.011905
가	해	산	0.011905
가	해	전	0.011905
가	해	한	0.011905
가	해	올	0.008929
가	해	설	0.008929
가	해	진	0.008929
가	해	주	0.008929
가	해	가	0.008929
가	해	재	0.008929
가	해	안	0.008929
가	허	가	0.307692
가	허	위	0.230769
가	현	재	0.267442
가	현	장	0.197674
가	현	지	0.127907
가	현	상	0.081395
가	현	대	0.069767
가	현	저	0.046512
가	형	성	0.444444
가	형	사	0.155556
가	형	수	0.066667
가	형	제	0.066667
가	호	날	0.214286
가	호	주	0.214286
가	화	물	0.303030
가	화	장	0.181818
가	화	제	0.090909
가	확	산	0.262032
가	확	인	0.208556
가	확	대	0.181818
가	확	정	0.171123
가	확	진	0.106952
가	확	장	0.021390
가	확	고	0.016043
가	확	줄	0.016043
가	후	원	0.375000
가	휴	대	0.307692
가	흥	미	0.750000
가	힘	들	0.451613
가	힘	을	0.290323
가	힘	든	0.225806
갈	거	라	0.500000
갈	것	이	0.786096
갈	것	으	0.122995
갈	것	을	0.053476
갈	것	인	0.021390
갈	경	우	1.000000
갈	과	의	0.538462
갈	과	경	0.307692
갈	길	이	0.692308
갈	등	이	0.253086
갈	등	을	0.250000
갈	등	은	0.067901
갈	등	과	0.061728
갈	등	에	0.058642
갈	등	의	0.055556
갈	등	으	0.021605
갈	등	조	0.021605
갈	등	하	0.018519
갈	등	도	0.018519
갈	등	해	0.018519
갈	등	구	0.015432
갈	등	속	0.012346
갈	등	요	0.009259
갈	등	등	0.009259
갈	등	만	0.009259
갈	때	마	0.250000
갈	때	도	0.187500
갈	때	는	0.093750
갈	라	지	0.210526
갈	라	서	0.157895
갈	라	만	0.157895
갈	리	는	0.320000
갈	리	고	0.280000
갈	리	시	0.160000
갈	린	다	0.555556
갈	린	것	0.166667
갈	무	리	1.000000
갈	비	를	0.300000
갈	비	뼈	0.300000
갈	뿐	이	1.000000
갈	수	도	0.518519
갈	수	는	0.259259
갈	수	가	0.185185
갈	아	타	0.325000
갈	아	입	0.175000
갈	아	탈	0.150000
갈	아	사	0.075000
갈	예	정	1.000000
갈	우	루	1.000000
갈	을	상	0.750000
갈	전	에	0.500000
갈	정	도	0.857143
갈	준	비	1.000000
갈	지	에	0.190476
갈	지	지	0.142857
갈	채	를	0.818182
갈	필	요	1.000000
게	가	장	0.386364
게	가	라	0.079545
게	가	지	0.045455
게	가	공	0.034091
게	가	가	0.034091
게	가	상	0.034091
게	각	각	0.533333
게	각	인	0.200000
게	갈	등	0.300000
게	갈	리	0.300000
게	강	제	0.294118
게	강	조	0.235294
게	개	선	0.257143
게	개	방	0.228571
게	개	인	0.171429
게	개	발	0.114286
게	개	입	0.114286
게	거	론	0.238095
게	거	짓	0.190476
게	건	강	0.571429
게	경	제	0.391304
게	경	고	0.217391
게	경	의	0.130435
게	고	통	0.193548
게	고	마	0.129032
게	고	성	0.129032
게	고	개	0.096774
게	공	개	0.380952
게	공	을	0.142857
게	공	정	0.079365
게	공	간	0.063492
게	공	포	0.063492
게	과	도	0.272727
게	구	성	0.344828
게	구	매	0.120690
게	구	입	0.103448
게	구	현	0.086207
게	구	상	0.068966
게	구	할	0.068966
게	구	조	0.051724
게	그	의	0.191489
게	그	리	0.106383
게	그	대	0.085106
게	그	는	0.063830
게	글	로	0.500000
게	글	을	0.500000
게	꿈	을	0.375000
게	끝	이	0.384615
게	끝	나	0.307692
게	나	타	0.320000
게	나	오	0.144000
게	나	온	0.080000
게	나	아	0.064000
게	나	마	0.064000
게	나	을	0.048000
게	나	를	0.040000
게	나	올	0.032000
게	나	가	0.024000
게	나	는	0.024000
게	내	가	0.212121
게	내	부	0.181818
게	너	무	0.600000
게	눈	에	0.428571
게	는	이	0.064935
게	는	사	0.045455
게	는	수	0.032468
게	는	큰	0.032468
게	는	지	0.025974
게	는	경	0.025974
게	는	그	0.025974
게	는	미	0.019481
게	는	도	0.019481
게	는	장	0.019481
게	는	가	0.019481
게	는	적	0.019481
게	는	주	0.019481
게	는	영	0.019481
게	늘	어	0.696970
게	늘	고	0.166667
게	늘	린	0.045455
게	다	가	0.684848
게	다	시	0.060606
게	다	쳐	0.054545
게	다	양	0.036364
게	다	음	0.024242
게	다	루	0.024242
게	단	순	0.428571
게	달	라	0.538462
게	달	리	0.153846
게	대	응	0.446429
게	대	피	0.089286
게	대	통	0.080357
게	대	중	0.044643
게	대	선	0.035714
게	대	한	0.035714
게	대	우	0.026786
게	더	나	0.137931
게	더	가	0.103448
게	도	이	0.065476
게	도	와	0.047619
게	도	전	0.029762
게	도	입	0.029762
게	도	지	0.029762
게	도	리	0.023810
게	도	그	0.023810
게	도	대	0.023810
게	도	피	0.017857
게	도	마	0.017857
게	도	저	0.017857
게	도	안	0.017857
게	도	사	0.017857
게	도	도	0.017857
게	도	달	0.017857
게	도	큰	0.017857
게	도	하	0.017857
게	도	미	0.017857
게	도	공	0.017857
게	도	시	0.017857
게	도	주	0.017857
게	도	일	0.017857
게	돈	을	0.666667
게	돈	이	0.166667
게	돌	아	0.880952
게	돼	영	0.098039
게	돼	서	0.098039
게	돼	매	0.078431
게	돼	지	0.078431
게	돼	무	0.058824
게	돼	다	0.058824
게	되	는	0.483871
게	되	어	0.150538
게	되	고	0.150538
게	되	자	0.048387
게	되	지	0.037634
게	되	길	0.026882
게	되	돌	0.021505
게	되	더	0.016129
게	된	다	0.725490
게	된	것	0.099822
게	된	이	0.023173
게	된	경	0.016043
게	된	사	0.010695
게	된	상	0.008913
게	된	과	0.005348
게	된	서	0.005348
게	된	한	0.005348
게	된	소	0.005348
게	된	지	0.005348
게	될	것	0.666667
게	될	지	0.123457
게	될	수	0.030864
게	될	전	0.024691
게	될	피	0.018519
게	두	가	0.333333
게	둔	화	1.000000
게	든	살	0.115385
게	들	어	0.360000
게	들	리	0.200000
게	들	이	0.120000
게	들	은	0.120000
게	등	장	0.750000
게	디	자	0.500000
게	또	다	1.000000
게	라	고	0.333333
게	라	도	0.333333
게	를	두	0.368421
게	마	무	0.261905
게	마	지	0.190476
게	마	음	0.190476
게	마	시	0.071429
게	마	약	0.071429
게	만	들	0.536585
게	만	든	0.170732
게	만	드	0.146341
게	만	나	0.020325
게	만	날	0.012195
게	말	해	0.250000
게	말	하	0.250000
게	말	이	0.157895
게	말	을	0.105263
게	말	할	0.105263
게	말	한	0.092105
게	매	우	0.368421
게	매	달	0.210526
게	머	리	0.666667
게	먼	저	1.000000
게	명	확	0.363636
게	목	적	0.416667
게	목	소	0.416667
게	몸	을	0.500000
게	무	죄	0.181818
게	무	리	0.121212
게	무	역	0.090909
게	문	제	0.441176
게	문	을	0.264706
게	문	화	0.117647
게	물	어	0.360000
게	물	을	0.200000
게	미	안	0.285714
게	미	군	0.142857
게	바	라	0.461538
게	바	로	0.410256
게	바	이	0.076923
게	반	발	0.387500
게	반	응	0.275000
게	반	대	0.075000
게	반	영	0.062500
게	반	성	0.050000
게	반	드	0.037500
게	발	전	0.444444
게	방	역	0.227273
게	방	해	0.181818
게	방	법	0.136364
게	방	문	0.136364
게	배	상	0.176471
게	백	신	0.750000
게	벌	어	0.588235
게	벌	금	0.235294
게	법	안	0.187500
게	법	적	0.187500
게	병	원	0.500000
게	본	다	0.545455
게	부	정	0.222222
게	부	어	0.111111
게	부	는	0.111111
게	부	상	0.111111
게	분	노	0.225806
게	분	리	0.161290
게	분	명	0.161290
게	분	포	0.129032
게	불	고	0.200000
게	불	리	0.175000
게	불	어	0.150000
게	비	판	0.539683
게	비	난	0.142857
게	비	대	0.095238
게	비	싼	0.047619
게	사	과	0.281250
게	사	랑	0.135417
게	사	전	0.072917
게	사	는	0.072917
게	사	고	0.072917
게	사	의	0.052083
게	사	죄	0.031250
게	사	장	0.031250
게	사	인	0.031250
게	사	라	0.031250
게	살	아	0.452830
게	살	고	0.132075
게	살	인	0.113208
게	살	피	0.094340
게	상	대	0.190476
게	상	세	0.142857
게	새	로	0.714286
게	서	비	0.100000
게	서	울	0.100000
게	서	도	0.057143
게	서	로	0.042857
게	서	해	0.042857
게	서	두	0.042857
게	선	물	0.424242
게	선	거	0.181818
게	설	명	0.687500
게	설	정	0.281250
게	성	장	0.666667
게	성	공	0.100000
게	세	가	0.181818
게	세	우	0.181818
게	세	금	0.136364
게	소	통	0.129032
게	소	개	0.129032
게	소	비	0.080645
게	소	에	0.064516
게	소	신	0.048387
게	소	리	0.048387
게	소	음	0.048387
게	소	속	0.048387
게	손	을	0.363636
게	손	상	0.181818
게	수	사	0.300000
게	수	여	0.150000
게	술	을	0.571429
게	쉬	운	0.600000
게	시	물	0.309179
게	시	글	0.159420
게	시	판	0.140097
게	시	간	0.067633
게	시	된	0.038647
게	시	하	0.033816
게	시	한	0.028986
게	시	장	0.028986
게	시	설	0.019324
게	시	자	0.014493
게	시	사	0.014493
게	시	공	0.014493
게	신	경	0.291667
게	신	고	0.166667
게	신	속	0.166667
게	아	니	0.886486
게	아	이	0.032432
게	아	주	0.021622
게	아	들	0.016216
게	악	화	0.555556
게	안	내	0.218750
게	안	전	0.187500
게	안	정	0.156250
게	안	타	0.093750
게	알	리	0.550000
게	알	아	0.200000
게	앞	으	0.238095
게	앞	에	0.190476
게	앞	서	0.190476
게	앞	선	0.142857
게	야	구	0.750000
게	약	속	0.666667
게	양	도	0.200000
게	어	디	0.235294
게	어	떠	0.176471
게	엄	정	0.600000
게	에	서	0.428571
게	여	긴	0.346154
게	여	전	0.230769
게	여	론	0.153846
게	여	가	0.115385
게	역	할	0.444444
게	열	어	0.600000
게	영	상	0.428571
게	예	의	0.166667
게	예	방	0.166667
게	예	상	0.166667
게	오	늘	0.250000
게	오	를	0.166667
게	오	갈	0.125000
게	올	라	0.608696
게	올	리	0.217391
게	올	해	0.130435
게	요	구	0.562500
게	요	라	0.125000
게	요	약	0.093750
게	우	리	0.603774
게	우	선	0.169811
게	운	영	0.933333
게	위	로	0.318182
게	위	반	0.181818
게	위	자	0.136364
게	을	리	1.000000
게	응	원	0.666667
게	의	존	0.217391
게	의	미	0.130435
게	의	무	0.130435
게	이	자	0.103448
게	이	라	0.088670
게	이	션	0.078818
게	이	해	0.073892
게	이	어	0.068966
게	이	야	0.049261
게	이	번	0.044335
게	이	머	0.044335
게	이	를	0.034483
게	이	루	0.029557
게	이	상	0.019704
게	이	길	0.019704
게	이	준	0.019704
게	이	지	0.019704
게	이	사	0.019704
게	이	제	0.014778
게	이	들	0.014778
게	이	쇼	0.014778
게	이	재	0.014778
게	인	사	0.396552
게	인	정	0.224138
게	인	지	0.086207
게	인	수	0.051724
게	인	상	0.051724
게	일	어	0.144737
게	일	하	0.144737
게	일	상	0.092105
게	일	반	0.078947
게	일	을	0.052632
게	일	본	0.052632
게	일	할	0.052632
게	일	으	0.039474
게	일	은	0.039474
게	일	정	0.039474
게	일	시	0.039474
게	입	을	0.157895
게	입	장	0.157895
게	자	신	0.486111
게	자	리	0.125000
게	자	라	0.069444
게	잘	하	0.125000
게	잘	못	0.125000
게	잘	라	0.093750
게	재	한	0.158730
게	재	하	0.126984
게	재	미	0.063492
게	재	된	0.063492
게	재	판	0.063492
게	재	등	0.047619
게	재	되	0.047619
게	재	해	0.047619
게	저	하	0.250000
게	적	절	0.360000
게	적	응	0.160000
게	적	발	0.120000
게	전	달	0.361702
게	전	화	0.156028
게	전	문	0.085106
게	전	하	0.063830
게	전	가	0.049645
게	전	혀	0.035461
게	전	부	0.035461
게	전	개	0.035461
게	전	세	0.028369
게	전	적	0.021277
게	전	시	0.021277
게	전	해	0.021277
게	전	자	0.021277
게	절	대	0.750000
게	정	리	0.162162
게	정	상	0.135135
게	정	부	0.121622
게	정	말	0.108108
게	정	확	0.081081
게	정	책	0.067568
게	정	년	0.040541
게	정	의	0.040541
게	제	공	0.328571
게	제	일	0.100000
게	제	가	0.085714
게	제	시	0.085714
게	제	대	0.085714
게	제	한	0.085714
게	제	안	0.042857
게	제	재	0.042857
게	조	정	0.250000
게	조	금	0.200000
게	조	사	0.175000
게	조	성	0.125000
게	조	절	0.075000
게	존	경	0.600000
게	주	어	0.232558
게	주	는	0.162791
게	주	목	0.081395
게	주	요	0.058140
게	주	장	0.058140
게	주	고	0.058140
게	주	인	0.046512
게	주	의	0.046512
게	주	시	0.034884
게	주	차	0.034884
게	준	비	0.846154
게	줄	어	0.485714
게	줄	일	0.171429
게	줄	이	0.085714
게	줄	을	0.085714
게	중	요	0.953125
게	지	시	0.120879
게	지	지	0.109890
게	지	원	0.087912
게	지	속	0.087912
게	지	나	0.076923
게	지	역	0.065934
게	지	내	0.054945
게	지	난	0.043956
게	지	금	0.043956
게	지	적	0.043956
게	지	방	0.043956
게	지	키	0.032967
게	진	단	0.173913
게	진	술	0.173913
게	진	정	0.130435
게	질	문	0.333333
게	집	중	0.312500
게	집	을	0.250000
게	차	별	0.285714
게	참	여	0.571429
게	채	워	0.500000
게	채	무	0.375000
게	책	정	0.900000
게	총	을	0.600000
게	친	구	0.600000
게	커	피	0.714286
게	코	로	0.714286
게	큰	절	0.107143
게	큰	부	0.107143
게	큰	인	0.107143
게	큰	위	0.107143
게	키	우	0.571429
게	털	어	1.000000
게	통	과	0.333333
게	투	자	0.250000
게	투	입	0.250000
게	판	매	0.416667
게	판	단	0.333333
게	판	정	0.166667
게	팔	아	0.461538
게	포	함	0.428571
게	풀	어	0.733333
게	피	해	0.600000
게	피	어	0.133333
게	필	요	0.933333
게	하	는	0.494774
게	하	고	0.222997
게	하	지	0.048780
게	하	거	0.034843
게	하	자	0.034843
게	하	나	0.024390
게	하	라	0.020906
게	하	루	0.017422
게	하	도	0.013937
게	하	더	0.013937
게	하	여	0.013937
게	한	다	0.465649
게	한	것	0.152672
게	한	건	0.022901
게	한	경	0.022901
게	할	것	0.365079
게	할	수	0.142857
게	할	지	0.063492
게	함	으	0.875000
게	해	야	0.282209
게	해	주	0.165644
게	해	준	0.110429
게	해	서	0.104294
게	해	달	0.067485
게	해	소	0.036810
게	해	줄	0.024540
게	해	오	0.024540
게	해	드	0.018405
게	해	명	0.018405
게	허	리	0.300000
게	허	위	0.300000
게	현	장	0.444444
게	현	재	0.222222
게	형	성	0.800000
게	확	인	0.415094
게	확	산	0.226415
게	확	대	0.226415
게	확	장	0.094340
게	후	원	0.600000
게	휴	가	0.500000
게	휴	대	0.500000
게	힘	을	0.421053
게	힘	들	0.263158
게	힘	든	0.157895
경	강	원	0.500000
경	개	선	0.906250
경	건	한	0.600000
경	경	영	0.714286
경	경	비	0.214286
경	고	하	0.150685
경	고	한	0.130137
경	고	를	0.095890
경	고	음	0.068493
경	고	가	0.054795
경	고	에	0.047945
경	고	해	0.041096
경	고	성	0.034247
경	고	등	0.034247
경	고	와	0.034247
경	고	라	0.027397
경	고	다	0.020548
경	고	방	0.020548
경	고	로	0.020548
경	고	의	0.020548
경	고	문	0.020548
경	고	장	0.020548
경	공	단	0.500000
경	과	를	0.068966
경	과	는	0.057471
경	과	의	0.045977
경	과	사	0.045977
경	과	가	0.045977
경	과	함	0.034483
경	과	와	0.034483
경	과	여	0.034483
경	과	등	0.034483
경	과	한	0.034483
경	구	조	0.250000
경	내	에	0.333333
경	노	선	0.600000
경	대	응	0.566667
경	도	시	0.281250
경	도	이	0.093750
경	된	다	0.333333
경	들	이	0.714286
경	등	을	0.297297
경	등	의	0.162162
경	등	이	0.081081
경	때	문	1.000000
경	란	질	0.800000
경	로	를	0.315068
경	로	로	0.178082
경	로	가	0.095890
경	로	등	0.095890
경	로	에	0.068493
경	로	는	0.068493
경	매	에	0.323529
경	매	를	0.088235
경	매	장	0.073529
경	매	물	0.044118
경	매	는	0.044118
경	매	등	0.044118
경	매	가	0.044118
경	문	제	0.750000
경	미	한	0.512195
경	미	화	0.121951
경	미	하	0.121951
경	미	디	0.073171
경	부	는	0.232000
경	부	장	0.128000
경	부	고	0.120000
경	부	산	0.072000
경	부	와	0.048000
경	부	암	0.048000
경	부	가	0.040000
경	부	의	0.040000
경	부	선	0.032000
경	부	등	0.024000
경	비	원	0.194030
경	비	를	0.119403
경	비	노	0.104478
경	비	함	0.104478
경	비	정	0.059701
경	사	로	0.176471
경	사	노	0.156863
경	사	가	0.137255
경	사	는	0.098039
경	사	장	0.058824
경	사	진	0.058824
경	산	시	0.529412
경	상	수	0.442308
경	상	을	0.153846
경	상	도	0.076923
경	상	서	0.057692
경	상	대	0.057692
경	서	울	0.629630
경	서	비	0.111111
경	서	해	0.111111
경	선	에	0.283019
경	선	을	0.176101
경	선	후	0.056604
경	선	과	0.050314
경	선	은	0.050314
경	선	이	0.037736
경	선	배	0.025157
경	선	주	0.025157
경	선	개	0.025157
경	선	방	0.025157
경	선	때	0.018868
경	선	자	0.018868
경	세	포	0.666667
경	소	재	0.750000
경	속	에	1.000000
경	손	상	1.000000
경	수	사	0.319149
경	수	전	0.212766
경	수	비	0.085106
경	수	소	0.063830
경	시	도	0.166667
경	시	설	0.166667
경	신	하	0.239130
경	신	한	0.152174
경	신	차	0.108696
경	신	할	0.108696
경	신	에	0.086957
경	신	고	0.065217
경	써	야	0.300000
경	써	서	0.300000
경	씨	의	0.409091
경	씨	가	0.181818
경	씨	는	0.181818
경	악	을	0.583333
경	안	을	0.340909
경	안	에	0.136364
경	안	이	0.136364
경	안	정	0.068182
경	안	과	0.068182
경	애	하	0.750000
경	에	서	0.325359
경	에	대	0.172249
경	에	는	0.119617
경	에	너	0.052632
경	에	미	0.043062
경	에	이	0.033493
경	에	도	0.033493
경	에	의	0.023923
경	에	가	0.014354
경	에	적	0.014354
경	영	자	0.210317
경	영	진	0.123016
경	영	을	0.105159
경	영	의	0.049603
경	영	에	0.043651
경	영	전	0.035714
경	영	지	0.033730
경	영	책	0.031746
경	영	이	0.027778
경	영	상	0.021825
경	영	대	0.021825
경	영	인	0.021825
경	영	난	0.021825
경	영	시	0.019841
경	영	과	0.017857
경	영	정	0.015873
경	영	하	0.013889
경	영	으	0.009921
경	영	원	0.009921
경	영	방	0.009921
경	영	위	0.007937
경	영	성	0.007937
경	영	일	0.007937
경	영	은	0.007937
경	영	강	0.007937
경	영	개	0.007937
경	영	공	0.007937
경	영	주	0.005952
경	영	비	0.005952
경	영	안	0.005952
경	예	산	0.692308
경	요	금	0.428571
경	우	가	0.146703
경	우	에	0.125841
경	우	도	0.052490
경	우	는	0.039704
경	우	이	0.027591
경	우	를	0.026918
경	우	지	0.017497
경	우	자	0.014805
경	우	현	0.014805
경	우	다	0.014132
경	우	대	0.014132
경	우	한	0.012786
경	우	일	0.012113
경	우	경	0.011440
경	우	사	0.011440
경	우	미	0.011440
경	우	전	0.010767
경	우	해	0.010767
경	우	소	0.008748
경	우	고	0.008748
경	우	공	0.008748
경	우	우	0.008748
경	우	인	0.008748
경	우	의	0.008748
경	우	상	0.008075
경	우	수	0.007402
경	우	법	0.007402
경	우	오	0.007402
경	우	정	0.006729
경	우	주	0.006729
경	원	전	0.470588
경	위	를	0.442478
경	위	등	0.115044
경	위	와	0.088496
경	위	에	0.070796
경	위	는	0.070796
경	위	가	0.035398
경	위	원	0.026549
경	으	로	1.000000
경	은	이	0.093333
경	은	그	0.053333
경	은	지	0.053333
경	은	아	0.053333
경	은	오	0.040000
경	은	현	0.040000
경	을	조	0.089623
경	을	만	0.084906
경	을	설	0.075472
경	을	위	0.051887
경	을	제	0.047170
경	을	개	0.037736
경	을	고	0.037736
경	을	통	0.028302
경	을	요	0.023585
경	을	지	0.023585
경	을	주	0.018868
경	을	그	0.018868
경	을	선	0.018868
경	을	바	0.018868
경	을	해	0.018868
경	을	마	0.018868
경	을	구	0.018868
경	을	자	0.014151
경	을	쓴	0.014151
경	을	배	0.014151
경	을	하	0.014151
경	을	전	0.014151
경	을	써	0.014151
경	을	이	0.014151
경	음	악	0.875000
경	의	원	0.227273
경	의	를	0.151515
경	의	중	0.090909
경	의	선	0.060606
경	이	라	0.125683
경	이	다	0.120219
경	이	어	0.043716
경	이	상	0.043716
경	이	가	0.043716
경	이	지	0.021858
경	이	되	0.021858
경	이	개	0.021858
경	이	제	0.016393
경	이	나	0.016393
경	이	한	0.016393
경	이	이	0.016393
경	이	아	0.016393
경	이	로	0.016393
경	이	된	0.016393
경	이	시	0.016393
경	이	필	0.016393
경	인	고	0.300000
경	인	지	0.166667
경	인	아	0.166667
경	장	이	0.187500
경	장	벽	0.187500
경	장	은	0.187500
경	재	원	0.400000
경	재	배	0.300000
경	적	인	0.272727
경	적	을	0.151515
경	적	이	0.151515
경	적	으	0.121212
경	전	이	0.270270
경	전	을	0.243243
경	전	에	0.081081
경	전	문	0.081081
경	정	예	0.513889
경	정	비	0.138889
경	정	책	0.138889
경	정	화	0.055556
경	정	경	0.041667
경	제	적	0.106667
경	제	성	0.073939
경	제	부	0.058788
경	제	가	0.053333
경	제	에	0.049697
경	제	의	0.046061
경	제	를	0.043030
경	제	위	0.038182
경	제	안	0.033939
경	제	정	0.030303
경	제	인	0.024848
경	제	전	0.024242
경	제	는	0.023636
경	제	수	0.023030
경	제	상	0.023030
경	제	대	0.022424
경	제	와	0.019394
경	제	제	0.019394
경	제	지	0.018182
경	제	사	0.016970
경	제	문	0.012121
경	제	주	0.012121
경	제	발	0.011515
경	제	단	0.011515
경	제	분	0.010303
경	제	산	0.010303
경	제	도	0.009091
경	제	공	0.009091
경	제	난	0.009091
경	제	개	0.007879
경	조	성	0.454545
경	조	사	0.136364
경	주	를	0.100000
경	주	시	0.100000
경	주	에	0.083333
경	주	대	0.083333
경	주	지	0.066667
경	주	가	0.050000
경	주	마	0.050000
경	지	역	0.408163
경	지	대	0.265306
경	지	에	0.081633
경	진	대	0.615385
경	질	병	0.333333
경	질	하	0.166667
경	질	은	0.125000
경	차	판	0.214286
경	차	의	0.107143
경	차	를	0.107143
경	책	을	0.600000
경	총	은	0.500000
경	통	과	0.600000
경	포	장	0.555556
경	포	호	0.333333
경	하	는	0.369231
경	하	고	0.215385
경	하	게	0.169231
경	하	지	0.092308
경	한	다	0.166667
경	한	입	0.166667
경	한	것	0.111111
경	한	양	0.083333
경	할	수	0.562500
경	해	야	0.250000
경	호	경	0.255814
경	호	부	0.193798
경	호	원	0.077519
경	호	를	0.038760
경	호	하	0.031008
경	호	와	0.031008
경	호	구	0.031008
경	호	시	0.031008
경	호	에	0.023256
경	호	문	0.023256
경	호	법	0.023256
경	호	의	0.023256
경	화	가	0.210526
곡	가	의	0.130435
곡	가	가	0.130435
곡	드	라	1.000000
곡	들	을	0.636364
곡	물	수	0.283784
곡	물	가	0.162162
곡	물	을	0.081081
곡	물	과	0.054054
곡	물	등	0.040541
곡	사	포	0.428571
곡	살	인	1.000000
곡	선	을	0.333333
곡	에	서	0.526316
곡	으	로	1.000000
곡	을	선	0.159091
곡	을	만	0.090909
곡	을	들	0.068182
곡	을	비	0.068182
곡	이	다	0.371429
곡	이	라	0.114286
곡	절	끝	0.571429
곡	절	이	0.214286
곡	점	이	0.444444
곡	차	곡	1.000000
곡	피	어	1.000000
곡	하	고	0.333333
곡	하	는	0.238095
곡	하	게	0.238095
곳	가	운	0.875000
곳	고	등	1.000000
곳	곳	에	0.772973
곳	곳	을	0.075676
곳	곳	의	0.064865
곳	곳	으	0.037838
곳	곳	이	0.027027
곳	들	이	0.428571
곳	등	을	0.625000
곳	마	다	0.800000
곳	뿐	이	0.636364
곳	에	서	0.608961
곳	에	는	0.034623
곳	에	선	0.020367
곳	에	설	0.016293
곳	에	대	0.014257
곳	에	사	0.014257
곳	에	도	0.014257
곳	에	불	0.014257
곳	에	이	0.014257
곳	에	들	0.012220
곳	에	다	0.010183
곳	에	소	0.010183
곳	에	머	0.010183
곳	에	비	0.008147
곳	에	위	0.008147
곳	에	주	0.008147
곳	에	과	0.006110
곳	에	숨	0.006110
곳	에	정	0.006110
곳	에	미	0.006110
곳	에	집	0.006110
곳	에	새	0.006110
곳	에	가	0.006110
곳	에	그	0.006110
곳	으	로	1.000000
곳	은	한	0.071429
곳	은	대	0.059524
곳	은	이	0.059524
곳	은	하	0.047619
곳	은	고	0.035714
곳	은	아	0.035714
곳	을	대	0.120370
곳	을	지	0.046296
곳	을	돌	0.046296
곳	을	선	0.046296
곳	을	다	0.027778
곳	을	가	0.027778
곳	을	구	0.027778
곳	을	차	0.027778
곳	을	인	0.027778
곳	을	만	0.027778
곳	을	제	0.027778
곳	의	지	0.127273
곳	의	소	0.072727
곳	의	수	0.054545
곳	의	운	0.054545
곳	이	다	0.336406
곳	이	라	0.129032
곳	이	고	0.032258
곳	이	상	0.032258
곳	이	나	0.027650
곳	이	아	0.023041
곳	이	지	0.023041
곳	이	어	0.023041
곳	이	적	0.018433
곳	이	문	0.018433
곳	이	자	0.013825
곳	이	늘	0.013825
곳	이	한	0.013825
곳	이	참	0.013825
곳	이	공	0.013825
곳	인	데	0.666667
곳	입	니	1.000000
곳	저	곳	1.000000
곳	초	등	1.000000
곳	하	지	0.666667
긴	것	으	0.397059
긴	것	이	0.294118
긴	것	은	0.102941
긴	것	도	0.073529
긴	것	에	0.058824
긴	다	고	0.446809
긴	다	는	0.425532
긴	데	다	0.500000
긴	데	이	0.500000
긴	마	찬	0.750000
긴	머	리	1.000000
긴	사	진	0.363636
긴	시	간	0.750000
긴	여	정	0.444444
긴	여	론	0.333333
긴	영	상	0.800000
긴	요	하	0.571429
긴	요	한	0.428571
긴	장	을	0.186207
긴	장	이	0.179310
긴	장	고	0.096552
긴	장	하	0.096552
긴	장	상	0.055172
긴	장	의	0.048276
긴	장	도	0.041379
긴	장	은	0.034483
긴	장	수	0.034483
긴	장	한	0.027586
긴	장	되	0.027586
긴	장	과	0.020690
긴	장	된	0.020690
긴	줄	을	0.600000
긴	하	지	0.775862
긴	하	다	0.086207
긴	하	나	0.068966
긴	한	데	0.416667
긴	힘	들	0.750000
꽃	가	루	0.571429
꽃	게	가	0.300000
꽃	길	을	0.375000
꽃	놀	이	1.000000
꽃	다	발	0.600000
꽃	으	로	1.000000
꽃	을	피	0.454545
꽃	이	사	0.150000
꽃	이	만	0.150000
꿈	나	무	1.000000
꿈	에	서	0.333333
꿈	에	도	0.277778
꿈	을	이	0.261905
꿈	을	키	0.166667
꿈	을	위	0.095238
꿈	을	그	0.071429
꿈	의	무	0.571429
꿈	이	라	0.307692
꿈	이	다	0.230769
꿈	한	다	0.500000
나	가	는	0.216667
나	가	고	0.127083
나	가	야	0.083333
나	가	자	0.056250
나	가	지	0.050000
나	가	서	0.022917
나	가	되	0.020833
나	가	다	0.020833
나	가	사	0.020833
나	가	게	0.018750
나	가	이	0.018750
나	가	도	0.014583
나	가	길	0.014583
나	가	라	0.012500
나	가	정	0.012500
나	가	나	0.012500
나	가	상	0.010417
나	가	전	0.010417
나	가	만	0.010417
나	가	더	0.008333
나	가	와	0.008333
나	가	수	0.008333
나	가	진	0.006250
나	가	바	0.006250
나	가	그	0.006250
나	가	배	0.006250
나	가	발	0.006250
나	가	공	0.006250
나	각	지	0.428571
나	간	다	0.414634
나	간	것	0.085366
나	간	게	0.060976
나	간	거	0.048780
나	간	뒤	0.036585
나	갈	것	0.433476
나	갈	수	0.184549
나	갈	예	0.128755
나	갈	때	0.051502
나	갈	필	0.038627
나	갈	지	0.034335
나	갈	방	0.025751
나	갈	등	0.012876
나	갈	준	0.012876
나	강	한	0.235294
나	강	제	0.235294
나	개	인	0.451613
나	개	발	0.161290
나	개	별	0.096774
나	거	나	0.391304
나	거	리	0.260870
나	거	주	0.130435
나	건	설	0.368421
나	건	강	0.263158
나	건	물	0.157895
나	게	된	0.197368
나	게	하	0.171053
나	게	되	0.105263
나	게	돼	0.052632
나	게	만	0.039474
나	게	될	0.039474
나	게	오	0.039474
나	경	제	0.382353
나	경	원	0.352941
나	고	자	0.069444
나	고	야	0.069444
나	고	나	0.048611
나	고	위	0.048611
나	고	사	0.034722
나	고	말	0.034722
나	고	대	0.034722
나	고	인	0.034722
나	고	이	0.034722
나	고	다	0.034722
나	고	어	0.020833
나	고	그	0.020833
나	고	정	0.020833
나	고	도	0.020833
나	곡	물	1.000000
나	공	공	0.163265
나	공	정	0.122449
나	공	군	0.122449
나	공	천	0.061224
나	공	소	0.061224
나	공	개	0.061224
나	과	일	0.266667
나	과	도	0.200000
나	과	거	0.200000
나	구	조	0.227273
나	구	속	0.181818
나	구	매	0.136364
나	구	니	0.136364
나	군	이	0.264286
나	군	은	0.200000
나	군	에	0.107143
나	군	의	0.107143
나	군	을	0.042857
나	군	사	0.042857
나	군	인	0.042857
나	군	과	0.028571
나	군	대	0.028571
나	군	지	0.021429
나	군	공	0.021429
나	그	네	0.068966
나	그	것	0.068966
나	그	에	0.068966
나	그	는	0.068966
나	그	사	0.051724
나	그	이	0.051724
나	금	리	0.500000
나	길	바	0.466667
나	김	건	0.166667
나	끝	내	1.000000
나	나	를	0.138889
나	나	라	0.083333
나	나	맛	0.083333
나	나	가	0.083333
나	날	이	0.444444
나	내	부	0.212121
나	내	무	0.151515
나	너	무	1.000000
나	네	이	0.375000
나	노	미	0.217391
나	노	입	0.086957
나	노	반	0.065217
나	노	선	0.065217
나	노	양	0.065217
나	눈	대	0.186047
나	눈	뒤	0.186047
나	눈	것	0.139535
나	눈	다	0.116279
나	눈	이	0.093023
나	는	것	0.084615
나	는	이	0.064615
나	는	지	0.036923
나	는	그	0.033846
나	는	자	0.027692
나	는	데	0.026154
나	는	시	0.026154
나	는	일	0.024615
나	는	어	0.023077
나	는	사	0.023077
나	는	우	0.020000
나	는	경	0.016923
나	는	대	0.016923
나	는	가	0.016923
나	는	아	0.016923
나	는	한	0.013846
나	는	등	0.013846
나	는	게	0.012308
나	는	공	0.012308
나	는	내	0.012308
나	는	바	0.010769
나	는	건	0.010769
나	는	전	0.010769
나	는	오	0.010769
나	는	상	0.010769
나	는	인	0.009231
나	는	개	0.009231
나	는	질	0.009231
나	는	미	0.009231
나	는	여	0.009231
나	늘	어	1.000000
나	님	의	0.500000
나	다	에	0.079602
나	다	와	0.064677
나	다	는	0.054726
나	다	순	0.049751
나	다	등	0.044776
나	다	음	0.044776
나	다	총	0.044776
나	다	의	0.039801
나	다	정	0.034826
나	다	시	0.034826
나	다	양	0.029851
나	다	를	0.029851
나	다	호	0.024876
나	다	가	0.024876
나	다	로	0.019900
나	다	오	0.019900
나	다	온	0.019900
나	다	영	0.014925
나	다	알	0.014925
나	다	미	0.014925
나	다	원	0.014925
나	다	리	0.014925
나	단	은	0.166667
나	단	순	0.125000
나	달	은	0.571429
나	달	라	0.190476
나	대	통	0.621053
나	대	사	0.073684
나	대	응	0.026316
나	대	중	0.026316
나	대	부	0.026316
나	대	화	0.026316
나	대	지	0.021053
나	대	만	0.015789
나	대	법	0.015789
나	대	한	0.015789
나	더	라	0.344828
나	더	나	0.137931
나	더	불	0.137931
나	데	이	1.000000
나	도	시	0.073684
나	도	그	0.052632
나	도	이	0.052632
나	도	마	0.031579
나	돈	바	0.666667
나	되	는	0.777778
나	된	다	0.733333
나	드	는	0.380952
나	드	라	0.142857
나	들	목	0.404255
나	들	이	0.297872
나	들	어	0.085106
나	들	을	0.063830
나	등	의	0.173913
나	등	산	0.130435
나	등	도	0.130435
나	땅	에	0.750000
나	때	문	1.000000
나	또	한	0.444444
나	또	다	0.333333
나	라	에	0.124868
나	라	의	0.122751
나	라	는	0.121693
나	라	고	0.106878
나	라	가	0.076190
나	라	를	0.071958
나	라	와	0.033862
나	라	도	0.030688
나	라	들	0.028571
나	라	로	0.026455
나	라	살	0.010582
나	라	인	0.010582
나	라	이	0.009524
나	라	사	0.009524
나	라	전	0.009524
나	라	하	0.008466
나	라	다	0.007407
나	라	정	0.007407
나	라	라	0.006349
나	라	등	0.005291
나	라	현	0.005291
나	라	장	0.004233
나	라	대	0.004233
나	라	과	0.004233
나	라	문	0.004233
나	라	군	0.004233
나	라	영	0.004233
나	라	선	0.004233
나	라	자	0.004233
나	라	일	0.004233
나	란	질	0.800000
나	로	인	0.104348
나	로	마	0.078261
나	로	우	0.060870
나	로	지	0.052174
나	로	이	0.043478
나	로	서	0.043478
나	로	선	0.034783
나	로	여	0.026087
나	로	들	0.026087
나	로	도	0.026087
나	로	내	0.026087
나	루	대	0.153846
나	루	가	0.115385
나	를	지	0.065934
나	를	위	0.049451
나	를	비	0.038462
나	를	둘	0.038462
나	를	진	0.032967
나	를	통	0.032967
나	를	공	0.027473
나	를	사	0.027473
나	를	상	0.027473
나	를	더	0.027473
나	를	이	0.027473
나	를	선	0.027473
나	를	제	0.021978
나	를	전	0.021978
나	를	일	0.016484
나	를	우	0.016484
나	를	해	0.016484
나	를	중	0.016484
나	를	아	0.016484
나	를	다	0.016484
나	를	방	0.016484
나	리	오	0.666667
나	리	타	0.051282
나	리	아	0.051282
나	마	찬	0.081633
나	마	음	0.061224
나	마	도	0.061224
나	마	지	0.061224
나	마	린	0.040816
나	마	이	0.040816
나	마	리	0.040816
나	마	을	0.040816
나	마	힘	0.030612
나	만	의	0.382979
나	만	으	0.148936
나	만	들	0.085106
나	만	약	0.063830
나	매	우	0.333333
나	머	지	0.973684
나	머	리	0.015789
나	명	단	0.333333
나	무	를	0.139130
나	무	가	0.130435
나	무	는	0.065217
나	무	와	0.056522
나	무	의	0.043478
나	무	에	0.034783
나	무	숲	0.034783
나	무	들	0.034783
나	무	재	0.034783
나	무	라	0.026087
나	무	등	0.026087
나	무	로	0.021739
나	무	다	0.017391
나	무	아	0.013043
나	무	단	0.013043
나	무	이	0.013043
나	무	줄	0.013043
나	무	꽃	0.013043
나	문	제	0.315789
나	문	화	0.157895
나	문	자	0.105263
나	문	재	0.078947
나	미	술	0.086957
나	미	아	0.065217
나	미	세	0.065217
나	미	는	0.065217
나	미	가	0.065217
나	미	경	0.065217
나	미	의	0.065217
나	바	이	0.980198
나	반	대	0.473684
나	발	니	0.478261
나	방	문	0.275000
나	방	역	0.250000
나	백	신	0.705882
나	법	원	0.375000
나	법	무	0.250000
나	법	정	0.166667
나	별	도	0.428571
나	병	원	0.384615
나	병	사	0.230769
나	본	인	0.428571
나	볼	수	0.862069
나	부	정	0.150000
나	부	에	0.100000
나	부	상	0.100000
나	부	산	0.075000
나	부	부	0.075000
나	부	장	0.075000
나	분	양	0.250000
나	불	안	0.291667
나	불	법	0.125000
나	불	필	0.125000
나	불	가	0.125000
나	비	상	0.159420
나	비	대	0.072464
나	비	판	0.057971
나	비	와	0.043478
나	비	서	0.043478
나	비	정	0.043478
나	비	를	0.043478
나	뿐	인	0.428571
나	뿐	만	0.428571
나	사	는	0.107527
나	사	건	0.064516
나	사	의	0.064516
나	사	진	0.053763
나	사	고	0.053763
나	사	적	0.043011
나	사	이	0.043011
나	사	가	0.043011
나	사	랑	0.032258
나	사	정	0.032258
나	사	상	0.032258
나	사	과	0.032258
나	사	은	0.032258
나	사	물	0.032258
나	살	해	0.500000
나	상	호	0.250000
나	상	속	0.175000
나	상	공	0.100000
나	상	대	0.100000
나	상	장	0.075000
나	새	로	0.736842
나	서	는	0.161593
나	서	고	0.156909
나	서	야	0.145199
나	서	지	0.081967
나	서	서	0.072600
나	서	부	0.035129
나	서	울	0.030445
나	서	도	0.018735
나	서	비	0.016393
나	서	자	0.014052
나	서	라	0.014052
나	서	줄	0.011710
나	서	다	0.011710
나	서	로	0.009368
나	서	주	0.009368
나	서	게	0.009368
나	서	경	0.009368
나	서	방	0.009368
나	서	이	0.009368
나	서	어	0.007026
나	서	노	0.007026
나	서	본	0.007026
나	서	해	0.007026
나	서	그	0.007026
나	선	다	0.363372
나	선	것	0.215116
나	선	김	0.037791
나	선	가	0.029070
나	선	이	0.029070
나	선	수	0.017442
나	선	상	0.017442
나	선	한	0.014535
나	선	경	0.014535
나	선	정	0.014535
나	선	대	0.011628
나	선	건	0.011628
나	선	배	0.011628
나	선	두	0.008721
나	선	거	0.008721
나	선	안	0.008721
나	선	일	0.008721
나	선	지	0.008721
나	설	것	0.329032
나	설	수	0.206452
나	설	예	0.116129
나	설	경	0.077419
나	설	가	0.077419
나	설	방	0.038710
나	설	명	0.032258
나	설	때	0.032258
나	성	적	0.230769
나	소	방	0.129032
나	소	중	0.129032
나	소	상	0.096774
나	소	속	0.096774
나	수	도	0.476190
나	수	사	0.126984
나	수	술	0.063492
나	수	입	0.047619
나	술	을	0.500000
나	시	대	0.203390
나	시	설	0.101695
나	시	간	0.101695
나	시	위	0.067797
나	시	장	0.067797
나	시	사	0.050847
나	시	공	0.050847
나	시	각	0.050847
나	시	가	0.050847
나	신	경	0.160000
나	신	장	0.160000
나	신	고	0.120000
나	아	가	0.562500
나	아	갈	0.089844
나	아	이	0.066406
나	아	간	0.054688
나	아	지	0.042969
나	아	니	0.035156
나	아	질	0.027344
나	아	예	0.027344
나	아	쉬	0.019531
나	아	무	0.015625
나	아	시	0.015625
나	악	수	0.400000
나	안	전	0.375000
나	안	정	0.125000
나	앞	으	0.777778
나	야	하	0.272727
나	야	한	0.250000
나	야	할	0.068182
나	야	채	0.068182
나	약	간	0.363636
나	어	린	0.388889
나	엄	마	0.800000
나	에	서	0.315436
나	에	대	0.187919
나	에	게	0.120805
나	에	무	0.043624
나	에	제	0.030201
나	에	너	0.023490
나	에	는	0.016779
나	에	전	0.016779
나	에	공	0.013423
나	에	도	0.013423
나	에	걸	0.010067
나	에	참	0.010067
나	에	지	0.010067
나	에	의	0.010067
나	에	이	0.010067
나	에	입	0.010067
나	여	전	0.290323
나	여	성	0.258065
나	여	가	0.096774
나	여	야	0.096774
나	역	시	0.666667
나	열	하	0.300000
나	열	해	0.200000
나	영	화	0.250000
나	영	상	0.250000
나	영	은	0.150000
나	예	방	0.294118
나	예	산	0.235294
나	예	약	0.176471
나	오	는	0.358744
나	오	고	0.264574
나	오	지	0.173393
나	오	자	0.065770
나	오	게	0.020927
나	오	도	0.014948
나	오	늘	0.013453
나	오	니	0.011958
나	오	미	0.010463
나	오	더	0.007474
나	오	긴	0.005979
나	오	다	0.005979
나	오	전	0.004484
나	온	다	0.772246
나	온	것	0.045551
나	온	뒤	0.013771
나	온	이	0.009534
나	온	사	0.007415
나	온	바	0.007415
나	온	상	0.006356
나	온	지	0.005297
나	온	내	0.004237
나	온	여	0.004237
나	온	말	0.004237
나	온	건	0.004237
나	온	경	0.004237
나	온	대	0.004237
나	온	가	0.004237
나	온	소	0.003178
나	온	물	0.003178
나	온	데	0.003178
나	온	조	0.003178
나	온	제	0.003178
나	온	듯	0.003178
나	온	의	0.003178
나	온	점	0.003178
나	온	만	0.003178
나	올	수	0.250000
나	올	것	0.204082
나	올	때	0.137755
나	올	해	0.076531
나	올	정	0.061224
나	올	가	0.045918
나	올	지	0.040816
나	올	만	0.030612
나	올	경	0.030612
나	올	예	0.025510
나	올	거	0.020408
나	올	법	0.015306
나	와	서	0.084821
나	와	의	0.084821
나	와	야	0.071429
나	와	도	0.049107
나	와	함	0.035714
나	와	이	0.026786
나	와	다	0.026786
나	와	현	0.026786
나	와	자	0.022321
나	와	제	0.022321
나	와	인	0.022321
나	와	미	0.017857
나	와	사	0.017857
나	와	우	0.017857
나	와	는	0.013393
나	와	성	0.013393
나	와	화	0.013393
나	요	양	0.235294
나	요	등	0.176471
나	우	리	0.489362
나	우	주	0.063830
나	우	선	0.063830
나	운	서	0.655172
나	운	전	0.137931
나	원	내	0.181818
나	원	자	0.181818
나	원	전	0.136364
나	위	로	0.214286
나	윌	리	1.000000
나	은	미	0.166667
나	은	세	0.136364
나	은	삶	0.121212
나	을	것	0.300000
나	음	악	0.272727
나	음	주	0.272727
나	의	중	0.068085
나	의	전	0.046809
나	의	시	0.034043
나	의	공	0.029787
나	의	수	0.025532
나	의	집	0.025532
나	의	사	0.021277
나	의	상	0.021277
나	의	나	0.021277
나	의	해	0.021277
나	의	자	0.021277
나	의	비	0.021277
나	의	세	0.021277
나	의	지	0.021277
나	의	영	0.021277
나	의	새	0.017021
나	의	거	0.017021
나	의	아	0.017021
나	의	부	0.017021
나	의	주	0.017021
나	의	원	0.017021
나	의	도	0.017021
나	의	가	0.017021
나	의	서	0.017021
나	의	안	0.012766
나	의	미	0.012766
나	의	꿈	0.012766
나	의	장	0.012766
나	의	곡	0.012766
나	의	친	0.012766
나	이	가	0.100244
나	이	에	0.078240
나	이	키	0.061125
나	이	지	0.056235
나	이	를	0.053790
나	이	후	0.046455
나	이	번	0.046455
나	이	전	0.044010
나	이	로	0.041565
나	이	는	0.034230
나	이	들	0.031785
나	이	날	0.024450
나	이	미	0.022005
나	이	사	0.019560
나	이	와	0.017115
나	이	것	0.017115
나	이	다	0.014670
나	이	제	0.014670
나	이	역	0.014670
나	이	어	0.009780
나	이	준	0.009780
나	이	재	0.009780
나	이	대	0.009780
나	이	든	0.009780
나	이	상	0.009780
나	이	도	0.007335
나	이	의	0.007335
나	이	장	0.007335
나	이	차	0.007335
나	이	등	0.007335
나	인	들	0.207921
나	인	구	0.069307
나	인	도	0.059406
나	인	상	0.049505
나	인	지	0.039604
나	인	과	0.039604
나	인	사	0.029703
나	인	을	0.029703
나	인	공	0.029703
나	일	부	0.232877
나	일	본	0.205479
나	일	각	0.082192
나	일	론	0.082192
나	일	정	0.041096
나	일	상	0.041096
나	일	반	0.041096
나	입	장	0.238095
나	자	신	0.279570
나	자	마	0.096774
나	자	이	0.043011
나	자	주	0.032258
나	자	영	0.032258
나	자	고	0.032258
나	자	산	0.032258
나	자	리	0.032258
나	자	전	0.032258
나	잘	못	0.300000
나	잠	수	1.000000
나	장	애	0.310345
나	장	소	0.103448
나	장	거	0.103448
나	재	판	0.264706
나	재	무	0.147059
나	재	정	0.117647
나	재	난	0.088235
나	저	는	0.214286
나	전	역	0.182927
나	전	문	0.146341
나	전	화	0.073171
나	전	에	0.048780
나	전	투	0.048780
나	전	의	0.036585
나	전	통	0.036585
나	전	장	0.036585
나	전	세	0.036585
나	전	자	0.036585
나	절	차	0.272727
나	정	부	0.434426
나	정	책	0.336066
나	정	확	0.040984
나	정	신	0.032787
나	정	말	0.024590
나	제	주	0.357143
나	제	도	0.178571
나	조	리	0.217391
나	조	정	0.130435
나	조	명	0.130435
나	조	금	0.130435
나	주	에	0.101449
나	주	지	0.072464
나	주	가	0.057971
나	주	시	0.057971
나	주	차	0.057971
나	주	장	0.057971
나	주	피	0.057971
나	주	요	0.043478
나	중	에	0.730000
나	중	요	0.070000
나	중	장	0.030000
나	지	못	0.175439
나	지	난	0.152047
나	지	역	0.099415
나	지	금	0.093567
나	지	원	0.076023
나	지	방	0.070175
나	지	만	0.070175
나	지	도	0.040936
나	지	하	0.035088
나	지	지	0.035088
나	지	구	0.023392
나	진	입	0.230769
나	진	술	0.230769
나	차	지	0.230769
나	참	여	0.333333
나	천	안	0.428571
나	초	콜	0.272727
나	총	선	0.300000
나	친	구	0.189189
나	친	이	0.135135
나	코	로	0.630435
나	코	시	0.065217
나	코	인	0.065217
나	키	이	0.714286
나	타	나	0.407674
나	타	난	0.213429
나	타	내	0.172662
나	타	날	0.122302
나	타	낸	0.040767
나	타	낼	0.009592
나	탈	리	0.714286
나	통	신	0.285714
나	통	화	0.214286
나	통	제	0.214286
나	투	어	0.375000
나	투	자	0.375000
나	팔	수	0.500000
나	폐	지	1.000000
나	폴	리	0.857143
나	폴	란	0.114286
나	피	해	0.535714
나	필	요	0.636364
나	하	나	0.397260
나	하	는	0.328767
나	하	고	0.109589
나	하	지	0.054795
나	한	일	0.244444
나	한	다	0.111111
나	한	번	0.088889
나	한	미	0.088889
나	해	양	0.214286
나	허	위	0.500000
나	현	재	0.378378
나	현	지	0.216216
나	현	장	0.135135
나	현	대	0.108108
나	형	사	0.750000
나	화	물	0.250000
나	화	장	0.150000
나	확	진	0.666667
나	확	산	0.222222
나	확	장	0.083333
나	후	반	0.375000
날	가	장	0.500000
날	강	원	0.625000
날	개	를	0.178571
날	개	가	0.178571
날	개	장	0.107143
날	것	이	0.458333
날	것	으	0.450000
날	것	을	0.041667
날	경	우	0.733333
날	고	발	0.300000
날	공	개	0.666667
날	구	속	0.250000
날	그	는	0.266667
날	그	의	0.266667
날	김	의	0.128205
날	김	총	0.102564
날	김	은	0.076923
날	김	위	0.076923
날	김	정	0.076923
날	김	진	0.076923
날	끝	난	1.000000
날	나	는	0.300000
날	내	린	0.500000
날	대	통	0.285714
날	대	비	0.163265
날	대	한	0.122449
날	대	구	0.102041
날	대	만	0.102041
날	대	전	0.061224
날	대	법	0.061224
날	더	불	1.000000
날	도	이	0.103448
날	두	는	0.320513
날	두	의	0.153846
날	두	가	0.153846
날	두	를	0.051282
날	두	맨	0.038462
날	드	매	0.250000
날	들	이	0.500000
날	때	마	0.458333
날	또	다	1.000000
날	라	디	0.636364
날	로	그	0.260000
날	로	부	0.240000
날	로	이	0.100000
날	로	정	0.060000
날	리	는	0.416667
날	리	고	0.291667
날	린	다	0.214286
날	마	다	0.363636
날	문	재	0.333333
날	문	대	0.238095
날	문	화	0.238095
날	문	을	0.190476
날	바	이	0.818182
날	발	사	0.625000
날	밤	에	0.107143
날	밤	대	0.107143
날	밤	부	0.107143
날	방	문	0.375000
날	백	악	0.666667
날	법	원	0.312500
날	법	무	0.250000
날	법	사	0.187500
날	별	도	1.000000
날	부	산	0.555556
날	비	대	0.478261
날	비	상	0.347826
날	비	공	0.130435
날	사	고	0.294118
날	사	전	0.176471
날	사	건	0.088235
날	상	원	0.600000
날	새	벽	0.909091
날	새	로	0.068182
날	서	울	0.959184
날	선	발	0.200000
날	선	거	0.160000
날	선	대	0.160000
날	선	비	0.120000
날	성	명	0.923077
날	수	도	0.666667
날	시	비	0.227273
날	시	상	0.181818
날	시	위	0.181818
날	씨	가	0.357143
날	씨	에	0.202381
날	씨	를	0.154762
날	씨	로	0.047619
날	씨	는	0.047619
날	씨	때	0.035714
날	아	가	0.246753
날	아	오	0.129870
날	아	간	0.103896
날	아	다	0.090909
날	아	들	0.077922
날	아	온	0.051948
날	아	갈	0.051948
날	아	라	0.038961
날	아	올	0.038961
날	에	는	0.375000
날	에	도	0.138889
날	에	이	0.083333
날	에	야	0.041667
날	에	비	0.041667
날	여	야	0.416667
날	열	린	0.904762
날	영	화	0.750000
날	예	정	0.833333
날	오	전	0.549376
날	오	후	0.437003
날	우	리	1.000000
날	울	산	0.750000
날	원	내	0.500000
날	위	중	0.600000
날	을	세	0.479167
날	을	하	0.104167
날	을	정	0.062500
날	의	총	0.216216
날	이	라	0.132867
날	이	다	0.062937
날	이	대	0.055944
날	이	후	0.048951
날	이	재	0.041958
날	이	오	0.034965
날	이	지	0.034965
날	이	상	0.034965
날	이	야	0.027972
날	이	아	0.027972
날	이	곳	0.027972
날	이	정	0.020979
날	이	더	0.020979
날	이	란	0.020979
날	인	지	0.396226
날	인	이	0.113208
날	인	천	0.113208
날	인	수	0.094340
날	인	사	0.094340
날	일	부	0.200000
날	일	본	0.160000
날	일	정	0.120000
날	입	장	0.904762
날	자	신	0.790323
날	자	리	0.048387
날	재	판	0.720000
날	정	부	0.400000
날	정	도	0.228571
날	정	오	0.085714
날	제	주	0.333333
날	조	바	0.208333
날	조	선	0.166667
날	주	요	0.428571
날	주	가	0.214286
날	지	난	0.214286
날	지	진	0.107143
날	질	병	0.750000
날	집	에	0.500000
날	총	리	0.750000
날	코	로	0.916667
날	키	이	0.833333
날	통	화	0.857143
날	하	루	0.789474
날	한	미	0.181818
날	한	은	0.136364
날	현	장	0.375000
날	현	재	0.333333
날	현	지	0.166667
날	화	물	0.444444
날	화	상	0.333333
날	확	진	0.769231
널	가	로	1.000000
널	드	라	0.363636
널	드	가	0.272727
널	들	을	0.600000
널	라	운	1.000000
널	리	알	0.581818
널	리	그	0.109091
널	리	사	0.072727
널	리	시	0.054545
널	부	문	0.500000
널	사	이	0.500000
널	시	리	1.000000
널	에	서	0.567164
널	에	이	0.059701
널	에	게	0.044776
널	운	영	1.000000
널	을	통	0.298507
널	을	만	0.089552
널	을	운	0.059701
널	을	개	0.044776
널	이	나	0.185185
널	한	문	0.777778
네	가	지	0.322581
네	가	이	0.096774
네	그	로	1.000000
네	글	자	1.000000
네	다	노	0.625000
네	덜	란	1.000000
네	디	우	0.285714
네	디	전	0.214286
네	라	고	0.500000
네	라	는	0.500000
네	명	의	0.600000
네	바	다	0.421053
네	바	에	0.368421
네	번	째	0.947368
네	벤	자	1.000000
네	병	의	0.684211
네	병	원	0.315789
네	소	타	1.000000
네	수	엘	1.000000
네	시	아	0.944056
네	시	주	0.027972
네	안	데	1.000000
네	에	서	0.550000
네	오	위	0.428571
네	오	니	0.214286
네	요	라	0.714286
네	의	원	0.692308
네	이	마	0.400000
네	이	션	0.271429
네	이	의	0.057143
네	이	도	0.057143
네	이	루	0.042857
네	이	가	0.042857
네	팔	로	0.333333
넷	서	비	1.000000
넷	에	서	0.562500
넷	으	로	1.000000
넷	을	이	0.375000
넷	전	문	0.714286
넷	제	로	1.000000
넷	진	흥	1.000000
넷	째	주	0.571429
님	과	함	0.179487
님	과	의	0.076923
님	너	무	1.000000
님	들	이	0.333333
님	들	의	0.180556
님	들	을	0.138889
님	들	에	0.097222
님	들	은	0.083333
님	들	도	0.069444
님	앞	에	1.000000
님	에	게	0.823529
님	오	신	0.500000
님	으	로	1.000000
님	은	다	0.071429
님	은	이	0.071429
님	은	전	0.071429
님	을	만	0.116279
님	을	비	0.093023
님	을	상	0.069767
님	의	가	0.086207
님	의	뜻	0.068966
님	의	말	0.051724
님	이	라	0.111111
님	이	다	0.055556
님	이	나	0.044444
님	이	지	0.044444
님	이	늘	0.044444
님	이	이	0.033333
님	이	어	0.033333
다	가	오	0.076164
다	가	지	0.043724
다	가	이	0.038082
다	가	가	0.036671
다	가	사	0.035261
다	가	올	0.033850
다	가	온	0.029619
다	가	는	0.023977
다	가	도	0.023977
다	가	갈	0.019746
다	가	다	0.019746
다	가	그	0.018336
다	가	와	0.015515
다	가	나	0.015515
다	가	아	0.014104
다	가	전	0.014104
다	가	서	0.014104
다	가	미	0.014104
다	가	우	0.014104
다	가	구	0.014104
다	가	경	0.012694
다	가	시	0.011283
다	가	내	0.009873
다	가	재	0.009873
다	가	소	0.008463
다	가	중	0.008463
다	가	하	0.008463
다	가	신	0.008463
다	가	대	0.008463
다	가	상	0.008463
다	각	화	0.362069
다	각	도	0.224138
다	각	적	0.206897
다	각	각	0.155172
다	강	화	0.312500
다	강	한	0.187500
다	개	인	0.636364
다	거	나	0.853659
다	거	짓	0.073171
다	건	너	0.294118
다	건	강	0.235294
다	경	제	0.625000
다	고	말	0.294324
다	고	설	0.066273
다	고	전	0.062569
다	고	강	0.053359
다	고	한	0.047853
다	고	주	0.046651
다	고	지	0.045550
다	고	판	0.024827
다	고	하	0.021223
다	고	해	0.020823
다	고	비	0.018620
다	고	발	0.016718
다	고	도	0.015117
다	고	분	0.012414
다	고	본	0.010411
다	고	진	0.008209
다	고	반	0.007608
다	고	선	0.007508
다	고	공	0.007308
다	고	약	0.007208
다	고	조	0.007108
다	고	이	0.006707
다	고	소	0.006307
다	고	부	0.006207
다	고	적	0.005806
다	고	경	0.005806
다	고	인	0.005606
다	고	우	0.005406
다	고	자	0.005306
다	고	입	0.004905
다	공	공	0.210526
다	공	정	0.157895
다	공	사	0.157895
다	과	도	0.571429
다	구	조	0.500000
다	그	리	0.160000
다	그	의	0.120000
다	금	리	0.750000
다	끝	나	0.428571
다	나	이	0.135135
다	나	오	0.108108
다	나	은	0.108108
다	나	는	0.081081
다	내	각	0.421053
다	내	가	0.157895
다	너	무	0.571429
다	년	간	0.833333
다	노	선	0.526316
다	눈	물	0.750000
다	는	것	0.153761
다	는	점	0.082525
다	는	의	0.071554
다	는	지	0.040865
다	는	이	0.037685
다	는	뜻	0.035459
다	는	입	0.034664
다	는	사	0.034346
다	는	분	0.023851
다	는	게	0.023692
다	는	말	0.023056
다	는	방	0.022897
다	는	주	0.019717
다	는	전	0.018604
다	는	내	0.018286
다	는	우	0.017332
다	는	목	0.015583
다	는	데	0.015424
다	는	비	0.015424
다	는	건	0.012562
다	는	걸	0.011290
다	는	소	0.010972
다	는	설	0.009381
다	는	응	0.008904
다	는	반	0.008586
다	는	신	0.007473
다	는	판	0.007314
다	는	등	0.006519
다	는	공	0.006360
다	는	조	0.005724
다	늘	어	0.727273
다	니	는	0.458647
다	니	엘	0.097744
다	니	고	0.090226
다	니	다	0.067669
다	니	지	0.052632
다	니	니	0.037594
다	니	라	0.022556
다	니	그	0.022556
다	다	양	0.151515
다	다	소	0.151515
다	다	시	0.121212
다	다	들	0.090909
다	대	통	0.212121
다	대	부	0.090909
다	대	화	0.090909
다	대	포	0.090909
다	대	는	0.090909
다	더	라	0.174419
다	더	니	0.081395
다	더	중	0.069767
다	더	나	0.069767
다	더	어	0.046512
다	더	커	0.034884
다	더	강	0.034884
다	도	더	0.128205
다	도	시	0.076923
다	돌	아	1.000000
다	두	배	0.428571
다	든	지	0.769231
다	든	가	0.230769
다	들	어	0.175000
다	들	정	0.075000
다	들	조	0.075000
다	들	그	0.075000
다	등	의	0.477612
다	등	자	0.044776
다	등	은	0.044776
다	등	반	0.044776
다	또	는	0.500000
다	라	고	0.843447
다	라	는	0.144417
다	라	거	0.004854
다	랑	어	0.800000
다	로	운	0.304348
다	로	워	0.152174
다	로	이	0.108696
다	롭	게	0.600000
다	롭	다	0.200000
다	롭	고	0.200000
다	루	는	0.602740
다	루	고	0.178082
다	루	지	0.123288
다	를	수	0.142857
다	를	바	0.091837
다	를	통	0.061224
다	를	뿐	0.051020
다	를	주	0.051020
다	를	지	0.030612
다	를	게	0.030612
다	를	경	0.030612
다	를	건	0.030612
다	를	것	0.030612
다	리	고	0.228464
다	리	는	0.161049
다	리	를	0.157303
다	리	에	0.089888
다	리	가	0.048689
다	리	다	0.037453
다	리	지	0.026217
다	리	로	0.022472
다	리	와	0.014981
다	리	라	0.011236
다	리	위	0.011236
다	리	부	0.011236
다	리	통	0.011236
다	리	거	0.011236
다	리	절	0.011236
다	린	다	0.500000
다	린	것	0.187500
다	마	음	0.217391
다	마	지	0.130435
다	만	이	0.121622
다	만	그	0.047297
다	만	일	0.030405
다	만	지	0.028716
다	만	정	0.025338
다	만	중	0.023649
다	만	대	0.021959
다	만	김	0.021959
다	만	피	0.021959
다	만	주	0.021959
다	만	현	0.020270
다	만	한	0.018581
다	만	아	0.018581
다	만	재	0.018581
다	만	전	0.016892
다	만	수	0.016892
다	만	올	0.015203
다	만	사	0.015203
다	만	강	0.013514
다	만	여	0.013514
다	만	오	0.011824
다	만	미	0.011824
다	만	시	0.011824
다	만	자	0.011824
다	만	코	0.011824
다	만	인	0.010135
다	만	법	0.010135
다	만	신	0.010135
다	만	공	0.010135
다	만	방	0.010135
다	먼	저	0.882353
다	명	확	1.000000
다	목	적	0.904762
다	못	한	0.526316
다	못	해	0.263158
다	무	거	0.333333
다	문	화	0.687500
다	문	제	0.093750
다	물	고	0.333333
다	미	수	0.300000
다	미	아	0.200000
다	발	성	0.296296
다	발	적	0.259259
다	발	을	0.148148
다	발	지	0.111111
다	본	다	0.444444
다	볼	수	0.500000
다	부	정	0.294118
다	분	하	0.333333
다	불	리	0.400000
다	비	드	0.172414
다	비	전	0.103448
다	비	싸	0.103448
다	비	싼	0.103448
다	비	대	0.103448
다	사	진	0.233333
다	사	고	0.233333
다	사	랑	0.200000
다	산	콜	0.444444
다	상	대	0.521739
다	새	로	0.428571
다	서	울	0.444444
다	서	비	0.333333
다	선	수	0.214286
다	세	대	0.730769
다	소	부	0.093458
다	소	줄	0.093458
다	소	시	0.046729
다	소	어	0.046729
다	소	비	0.037383
다	소	간	0.037383
다	소	진	0.037383
다	소	상	0.028037
다	소	주	0.028037
다	소	둔	0.028037
다	손	님	0.300000
다	수	의	0.331010
다	수	가	0.094077
다	수	를	0.062718
다	수	발	0.034843
다	수	인	0.031359
다	수	에	0.031359
다	수	는	0.031359
다	수	포	0.027875
다	수	정	0.017422
다	수	자	0.017422
다	수	올	0.017422
다	수	입	0.013937
다	수	나	0.010453
다	수	영	0.010453
다	수	대	0.010453
다	수	사	0.010453
다	수	백	0.010453
다	순	방	0.750000
다	쉬	운	0.600000
다	시	한	0.100728
다	시	는	0.049757
다	시	만	0.032767
다	시	시	0.031553
다	시	피	0.026699
다	시	금	0.020631
다	시	돌	0.019417
다	시	나	0.016990
다	시	사	0.016990
다	시	지	0.016990
다	시	불	0.014563
다	시	올	0.014563
다	시	이	0.014563
다	시	내	0.014563
다	시	선	0.013350
다	시	일	0.013350
다	시	말	0.013350
다	시	전	0.013350
다	시	공	0.013350
다	시	하	0.012136
다	시	인	0.010922
다	시	상	0.010922
다	시	강	0.010922
다	시	재	0.010922
다	시	부	0.009709
다	시	확	0.009709
다	시	가	0.009709
다	시	수	0.009709
다	시	열	0.009709
다	시	발	0.008495
다	신	이	0.600000
다	아	는	0.409091
다	아	이	0.181818
다	안	정	0.222222
다	안	전	0.185185
다	안	개	0.148148
다	안	다	0.111111
다	안	타	0.111111
다	알	고	0.461538
다	앞	서	0.428571
다	앞	선	0.285714
다	약	간	0.375000
다	양	한	0.849956
다	양	하	0.058252
다	양	성	0.058252
다	양	화	0.016770
다	양	해	0.009709
다	양	할	0.002648
다	어	린	0.428571
다	에	서	0.604938
다	에	방	0.037037
다	여	성	0.200000
다	역	사	0.375000
다	역	시	0.375000
다	영	화	0.333333
다	온	타	0.400000
다	올	해	0.500000
다	와	의	0.151515
다	와	산	0.090909
다	우	리	0.309524
다	우	존	0.214286
다	우	선	0.142857
다	우	지	0.095238
다	우	울	0.071429
다	운	로	0.115385
다	운	자	0.076923
다	운	사	0.076923
다	운	재	0.048077
다	운	이	0.038462
다	운	선	0.038462
다	운	을	0.028846
다	운	경	0.028846
다	운	나	0.028846
다	운	것	0.028846
다	원	주	0.214286
다	위	에	0.352941
다	위	쪽	0.352941
다	음	달	0.413317
다	음	날	0.164573
다	음	주	0.096734
다	음	으	0.055276
다	음	에	0.052764
다	음	정	0.023869
다	음	과	0.015075
다	음	단	0.011307
다	음	시	0.011307
다	음	세	0.010050
다	음	이	0.008794
다	음	경	0.007538
다	음	대	0.007538
다	음	은	0.007538
다	음	재	0.007538
다	음	총	0.006281
다	음	목	0.006281
다	음	해	0.006281
다	음	부	0.006281
다	음	선	0.005025
다	음	지	0.003769
다	음	번	0.003769
다	의	원	0.133333
다	의	수	0.088889
다	이	어	0.168724
다	이	아	0.106996
다	이	내	0.090535
다	이	노	0.074074
다	이	오	0.061728
다	이	라	0.049383
다	이	애	0.041152
다	이	번	0.037037
다	이	나	0.024691
다	이	를	0.016461
다	이	재	0.016461
다	이	후	0.016461
다	이	제	0.016461
다	이	미	0.016461
다	이	주	0.016461
다	이	해	0.012346
다	이	들	0.012346
다	이	너	0.012346
다	이	대	0.012346
다	이	다	0.012346
다	이	전	0.012346
다	인	간	0.173913
다	인	정	0.130435
다	인	원	0.130435
다	일	본	0.115385
다	자	주	0.200000
다	자	신	0.150000
다	자	세	0.100000
다	자	정	0.075000
다	잘	알	0.500000
다	재	다	0.500000
다	저	는	0.230769
다	적	은	0.322581
다	적	발	0.129032
다	전	문	0.294118
다	정	부	0.342105
다	정	한	0.131579
다	정	확	0.131579
다	정	하	0.105263
다	정	말	0.105263
다	제	주	0.266667
다	조	금	0.684211
다	주	세	0.147059
다	주	라	0.088235
다	준	다	0.333333
다	준	비	0.333333
다	줄	어	0.642857
다	중	요	0.417722
다	중	이	0.265823
다	중	채	0.088608
다	지	만	0.198113
다	지	난	0.198113
다	지	는	0.150943
다	지	고	0.084906
다	지	금	0.056604
다	지	역	0.028302
다	지	원	0.028302
다	질	수	0.375000
다	짐	하	0.500000
다	짐	을	0.117647
다	짐	은	0.088235
다	채	로	0.836066
다	채	롭	0.081967
다	쳐	병	0.190476
다	쳐	서	0.142857
다	총	리	0.950495
다	친	것	0.357143
다	친	사	0.214286
다	칠	수	0.833333
다	코	로	0.461538
다	코	타	0.307692
다	탄	두	0.555556
다	투	는	0.468750
다	투	고	0.187500
다	투	다	0.156250
다	투	자	0.093750
다	판	매	0.555556
다	판	단	0.333333
다	폴	란	1.000000
다	필	요	0.600000
다	하	고	0.335616
다	하	는	0.157534
다	하	지	0.143836
다	하	더	0.082192
다	하	루	0.054795
다	하	게	0.047945
다	하	나	0.034247
다	하	라	0.027397
다	하	다	0.027397
다	하	자	0.020548
다	한	다	0.159091
다	한	번	0.136364
다	한	단	0.113636
다	한	참	0.068182
다	한	정	0.068182
다	할	것	0.735294
다	할	수	0.073529
다	할	예	0.044118
다	해	야	0.200000
다	해	도	0.152381
다	해	주	0.142857
다	해	줄	0.047619
다	해	서	0.047619
다	해	나	0.038095
다	해	지	0.028571
다	해	달	0.028571
다	현	재	0.200000
다	호	주	0.818182
다	확	진	0.588235
다	확	대	0.176471
다	후	미	0.916667
다	후	반	0.069444
닭	이	다	0.666667
덜	고	자	0.750000
덜	란	드	1.000000
덜	어	주	0.380952
덜	어	줄	0.190476
덜	어	드	0.166667
덜	어	내	0.142857
덜	어	낼	0.071429
덜	하	다	0.555556
도	가	나	0.049065
도	가	더	0.042056
도	가	장	0.037383
도	가	지	0.030374
도	가	아	0.030374
도	가	중	0.023364
도	가	상	0.021028
도	가	개	0.021028
도	가	다	0.018692
도	가	되	0.018692
도	가	가	0.018692
도	가	제	0.016355
도	가	이	0.014019
도	가	사	0.014019
도	가	현	0.014019
도	가	될	0.011682
도	가	필	0.011682
도	가	전	0.011682
도	가	수	0.011682
도	가	매	0.009346
도	가	너	0.009346
도	가	세	0.009346
도	가	일	0.009346
도	가	속	0.009346
도	가	큰	0.009346
도	가	오	0.009346
도	가	만	0.009346
도	가	바	0.009346
도	가	거	0.009346
도	가	하	0.009346
도	각	각	0.666667
도	각	자	0.111111
도	각	별	0.092593
도	갈	등	0.500000
도	강	화	0.353535
도	강	조	0.202020
도	강	한	0.101010
도	강	도	0.050505
도	강	하	0.040404
도	강	제	0.040404
도	강	노	0.030303
도	강	점	0.030303
도	개	선	0.527950
도	개	발	0.161491
도	개	인	0.124224
도	개	정	0.049689
도	개	통	0.024845
도	거	론	0.171429
도	거	의	0.142857
도	거	리	0.142857
도	거	주	0.100000
도	거	부	0.085714
도	거	짓	0.071429
도	거	절	0.057143
도	거	세	0.057143
도	거	두	0.042857
도	건	설	0.380952
도	건	강	0.285714
도	건	드	0.071429
도	건	너	0.071429
도	걸	리	0.400000
도	걸	린	0.266667
도	경	제	0.558140
도	경	영	0.116279
도	경	선	0.069767
도	고	위	0.132075
도	고	양	0.113208
도	고	정	0.075472
도	고	마	0.056604
도	고	속	0.056604
도	곧	바	0.250000
도	곳	곳	1.000000
도	공	개	0.333333
도	공	사	0.145833
도	공	정	0.062500
도	공	원	0.062500
도	공	간	0.055556
도	공	무	0.041667
도	공	공	0.034722
도	공	약	0.027778
도	공	적	0.027778
도	공	소	0.020833
도	공	화	0.020833
도	과	거	0.216216
도	과	천	0.189189
도	과	세	0.108108
도	과	도	0.081081
도	구	를	0.216667
도	구	로	0.166667
도	구	조	0.041667
도	구	가	0.033333
도	구	등	0.033333
도	구	성	0.033333
도	구	속	0.025000
도	구	의	0.025000
도	구	와	0.025000
도	구	매	0.025000
도	구	에	0.025000
도	군	은	0.184211
도	군	의	0.131579
도	군	사	0.131579
도	군	포	0.078947
도	그	의	0.070423
도	그	대	0.063380
도	그	가	0.042254
도	그	때	0.042254
도	그	들	0.042254
도	그	리	0.042254
도	그	중	0.035211
도	그	와	0.035211
도	그	에	0.028169
도	그	만	0.028169
도	그	는	0.028169
도	그	책	0.021127
도	그	로	0.021127
도	그	날	0.021127
도	그	분	0.021127
도	그	걸	0.021127
도	그	정	0.021127
도	글	로	0.700000
도	금	리	0.260000
도	금	지	0.220000
도	금	대	0.120000
도	금	방	0.080000
도	긴	장	0.933333
도	길	주	0.666667
도	길	어	0.250000
도	김	씨	0.153846
도	김	대	0.128205
도	김	의	0.076923
도	김	위	0.076923
도	김	후	0.076923
도	김	포	0.076923
도	끝	내	0.230769
도	끝	에	0.230769
도	나	온	0.549180
도	나	오	0.117486
도	나	타	0.046448
도	나	는	0.032787
도	나	와	0.021858
도	나	서	0.019126
도	나	선	0.019126
도	나	의	0.016393
도	나	를	0.016393
도	나	라	0.010929
도	나	이	0.010929
도	나	란	0.010929
도	나	설	0.008197
도	나	아	0.008197
도	나	가	0.008197
도	난	이	0.230769
도	난	방	0.230769
도	날	드	0.789474
도	내	년	0.161616
도	내	에	0.090909
도	내	가	0.080808
도	내	비	0.060606
도	내	부	0.050505
도	내	일	0.050505
도	내	지	0.040404
도	내	한	0.040404
도	내	대	0.040404
도	내	전	0.030303
도	너	무	0.880000
도	널	드	0.961039
도	널	리	0.038961
도	네	시	0.964029
도	네	이	0.021583
도	노	조	0.560000
도	노	사	0.200000
도	눈	에	0.302326
도	눈	길	0.302326
도	눈	여	0.116279
도	눈	이	0.069767
도	눈	물	0.069767
도	는	이	0.053731
도	는	지	0.044776
도	는	아	0.038806
도	는	올	0.038806
도	는	더	0.035821
도	는	물	0.026866
도	는	대	0.026866
도	는	수	0.026866
도	는	사	0.023881
도	는	오	0.023881
도	는	제	0.020896
도	는	다	0.020896
도	는	가	0.020896
도	는	원	0.017910
도	는	전	0.014925
도	는	부	0.014925
도	는	일	0.014925
도	는	시	0.014925
도	는	현	0.011940
도	는	것	0.011940
도	는	매	0.011940
도	는	우	0.011940
도	는	소	0.011940
도	는	공	0.011940
도	는	그	0.011940
도	는	비	0.011940
도	는	약	0.011940
도	는	고	0.011940
도	는	마	0.011940
도	는	과	0.008955
도	늘	어	0.519231
도	늘	고	0.307692
도	니	아	0.600000
도	다	양	0.228571
도	다	시	0.185714
도	다	만	0.121429
도	다	음	0.085714
도	다	수	0.071429
도	다	소	0.028571
도	다	빈	0.028571
도	다	가	0.021429
도	다	주	0.021429
도	단	호	0.185185
도	단	일	0.185185
도	단	속	0.111111
도	단	순	0.111111
도	달	하	0.284211
도	달	라	0.231579
도	달	할	0.178947
도	달	한	0.105263
도	달	해	0.084211
도	달	성	0.042105
도	대	통	0.254658
도	대	부	0.105590
도	대	한	0.062112
도	대	만	0.062112
도	대	응	0.062112
도	대	선	0.062112
도	대	구	0.037267
도	대	전	0.031056
도	대	비	0.024845
도	대	법	0.024845
도	대	거	0.024845
도	대	중	0.024845
도	대	화	0.018634
도	대	형	0.018634
도	더	불	0.145833
도	더	살	0.062500
도	더	이	0.062500
도	더	주	0.062500
도	더	커	0.062500
도	더	나	0.062500
도	데	이	0.571429
도	도	입	0.194030
도	도	발	0.074627
도	도	시	0.074627
도	도	전	0.052239
도	도	인	0.044776
도	도	마	0.037313
도	도	한	0.029851
도	도	나	0.029851
도	도	개	0.022388
도	도	강	0.022388
도	도	로	0.022388
도	도	부	0.022388
도	돈	을	0.272727
도	되	는	0.484848
도	되	지	0.257576
도	되	고	0.090909
도	되	나	0.075758
도	된	다	0.692308
도	된	이	0.038462
도	된	것	0.038462
도	될	것	0.384615
도	될	정	0.307692
도	두	루	0.075000
도	두	고	0.075000
도	두	지	0.075000
도	두	각	0.075000
도	둔	화	1.000000
도	드	라	0.689655
도	든	다	0.666667
도	들	어	0.339286
도	들	이	0.160714
도	들	을	0.071429
도	들	여	0.071429
도	들	은	0.071429
도	들	린	0.053571
도	들	에	0.053571
도	들	리	0.053571
도	등	을	0.299065
도	등	에	0.102804
도	등	이	0.093458
도	등	장	0.065421
도	등	인	0.028037
도	등	의	0.028037
도	등	지	0.028037
도	등	공	0.028037
도	디	지	0.545455
도	때	문	0.500000
도	때	도	0.300000
도	또	다	0.416667
도	라	고	0.513158
도	라	는	0.157895
도	라	의	0.052632
도	라	도	0.039474
도	라	지	0.039474
도	라	에	0.039474
도	로	에	0.067039
도	로	가	0.041341
도	로	를	0.039106
도	로	공	0.034637
도	로	인	0.027933
도	로	위	0.024581
도	로	정	0.022346
도	로	사	0.022346
도	로	이	0.022346
도	로	지	0.020112
도	로	와	0.018994
도	로	통	0.017877
도	로	대	0.017877
도	로	예	0.016760
도	로	로	0.014525
도	로	는	0.014525
도	로	전	0.014525
도	로	풀	0.013408
도	로	마	0.013408
도	로	한	0.013408
도	로	진	0.013408
도	로	제	0.012291
도	로	상	0.012291
도	로	도	0.012291
도	로	건	0.012291
도	로	등	0.011173
도	로	확	0.011173
도	로	나	0.011173
도	로	의	0.011173
도	로	조	0.010056
도	를	내	0.088926
도	를	바	0.038591
도	를	통	0.038591
도	를	조	0.035235
도	를	도	0.025168
도	를	지	0.023490
도	를	낼	0.023490
도	를	강	0.023490
도	를	줄	0.021812
도	를	시	0.020134
도	를	확	0.020134
도	를	만	0.018456
도	를	하	0.018456
도	를	이	0.018456
도	를	건	0.018456
도	를	전	0.018456
도	를	한	0.016779
도	를	더	0.015101
도	를	운	0.015101
도	를	가	0.015101
도	를	개	0.015101
도	를	공	0.013423
도	를	제	0.013423
도	를	설	0.013423
도	를	해	0.011745
도	를	중	0.011745
도	를	포	0.011745
도	를	고	0.011745
도	를	적	0.011745
도	를	재	0.010067
도	리	라	0.175000
도	리	어	0.150000
도	리	가	0.100000
도	리	는	0.075000
도	리	더	0.075000
도	리	야	0.075000
도	마	찬	0.308511
도	마	음	0.159574
도	마	다	0.074468
도	마	위	0.063830
도	마	에	0.063830
도	마	지	0.053191
도	마	리	0.053191
도	마	이	0.042553
도	막	을	0.368421
도	막	아	0.210526
도	막	고	0.157895
도	만	들	0.214286
도	만	만	0.119048
도	만	전	0.071429
도	만	나	0.071429
도	만	날	0.059524
도	만	드	0.059524
도	만	이	0.047619
도	만	약	0.035714
도	만	든	0.035714
도	말	이	0.416667
도	말	을	0.250000
도	매	우	0.234375
도	매	시	0.109375
도	매	가	0.109375
도	매	일	0.093750
도	매	년	0.078125
도	매	상	0.046875
도	매	주	0.046875
도	머	리	0.666667
도	명	확	0.260870
도	명	단	0.130435
도	몇	가	0.300000
도	목	사	0.300000
도	목	숨	0.300000
도	못	하	0.307692
도	못	한	0.292308
도	못	미	0.076923
도	못	해	0.046154
도	무	지	0.107692
도	무	방	0.107692
도	무	리	0.092308
도	무	시	0.076923
도	무	역	0.061538
도	무	척	0.046154
도	무	더	0.046154
도	무	차	0.046154
도	무	인	0.046154
도	문	제	0.645833
도	문	재	0.062500
도	문	화	0.062500
도	문	을	0.052083
도	문	자	0.041667
도	문	대	0.041667
도	문	에	0.031250
도	물	가	0.343750
도	물	론	0.250000
도	미	사	0.868493
도	미	노	0.019178
도	미	니	0.016438
도	미	술	0.013699
도	미	리	0.010959
도	미	미	0.008219
도	바	이	0.322581
도	바	로	0.193548
도	바	라	0.096774
도	반	드	0.203704
도	반	대	0.203704
도	반	도	0.111111
도	반	영	0.092593
도	발	을	0.223077
도	발	에	0.173077
도	발	이	0.107692
도	발	적	0.050000
도	발	과	0.046154
도	발	은	0.042308
도	발	로	0.034615
도	발	가	0.030769
도	발	수	0.026923
도	발	전	0.023077
도	발	할	0.019231
도	발	의	0.019231
도	발	시	0.015385
도	발	위	0.015385
도	발	하	0.011538
도	발	도	0.011538
도	발	책	0.011538
도	발	등	0.011538
도	방	역	0.383333
도	방	법	0.166667
도	방	문	0.150000
도	방	어	0.066667
도	방	위	0.066667
도	배	제	0.491228
도	배	우	0.070175
도	배	수	0.052632
도	백	신	0.500000
도	벌	어	0.523810
도	벌	써	0.190476
도	벌	이	0.142857
도	법	인	0.240000
도	법	무	0.140000
도	법	원	0.100000
도	법	적	0.100000
도	법	정	0.080000
도	법	위	0.060000
도	별	로	0.340909
도	별	도	0.227273
도	별	다	0.113636
도	병	원	0.666667
도	본	인	0.375000
도	부	가	0.144068
도	부	는	0.110169
도	부	를	0.088983
도	부	와	0.080508
도	부	의	0.055085
도	부	산	0.050847
도	부	에	0.042373
도	부	정	0.042373
도	부	인	0.042373
도	부	구	0.025424
도	부	지	0.025424
도	부	천	0.025424
도	부	도	0.021186
도	부	적	0.016949
도	부	부	0.012712
도	부	진	0.012712
도	부	상	0.012712
도	분	명	0.454545
도	불	구	0.642512
도	불	리	0.043478
도	불	사	0.043478
도	불	가	0.038647
도	불	안	0.033816
도	불	린	0.028986
도	불	법	0.028986
도	불	거	0.019324
도	불	이	0.014493
도	불	만	0.014493
도	불	발	0.014493
도	불	확	0.014493
도	비	판	0.238095
도	비	중	0.095238
도	비	대	0.063492
도	비	싸	0.047619
도	비	상	0.047619
도	비	를	0.047619
도	빈	번	0.333333
도	빈	소	0.250000
도	사	고	0.122951
도	사	진	0.106557
도	사	이	0.065574
도	사	라	0.057377
도	사	전	0.057377
도	사	건	0.057377
도	사	상	0.049180
도	사	에	0.032787
도	사	들	0.024590
도	사	랑	0.024590
도	사	와	0.024590
도	사	장	0.024590
도	사	우	0.024590
도	산	지	0.225000
도	산	하	0.125000
도	산	불	0.125000
도	살	아	0.450000
도	살	인	0.250000
도	상	대	0.168831
도	상	공	0.103896
도	상	속	0.077922
도	상	해	0.064935
도	상	에	0.051948
도	상	가	0.051948
도	상	하	0.051948
도	상	반	0.051948
도	상	시	0.038961
도	상	장	0.038961
도	상	을	0.038961
도	새	로	0.621622
도	새	롭	0.135135
도	서	울	0.279279
도	서	전	0.117117
도	서	로	0.099099
도	서	비	0.072072
도	서	를	0.045045
도	서	지	0.027027
도	서	둘	0.027027
도	선	수	0.148148
도	선	거	0.129630
도	선	제	0.092593
도	선	을	0.074074
도	선	발	0.055556
도	선	의	0.055556
도	선	정	0.055556
도	설	명	0.571429
도	설	정	0.142857
도	성	장	0.294118
도	성	공	0.191176
도	성	명	0.117647
도	성	과	0.088235
도	성	인	0.044118
도	성	역	0.044118
도	성	적	0.044118
도	세	중	0.227848
도	세	가	0.088608
도	세	상	0.075949
도	세	를	0.063291
도	세	금	0.063291
도	세	운	0.037975
도	세	부	0.037975
도	세	자	0.037975
도	소	에	0.146154
도	소	비	0.107692
도	소	개	0.092308
도	소	요	0.061538
도	소	방	0.061538
도	소	로	0.038462
도	소	를	0.038462
도	소	매	0.038462
도	소	재	0.030769
도	소	리	0.030769
도	소	중	0.023077
도	소	는	0.023077
도	소	이	0.023077
도	소	수	0.023077
도	속	도	0.555556
도	속	에	0.111111
도	손	흥	0.230769
도	손	상	0.153846
도	손	해	0.115385
도	손	에	0.115385
도	수	사	0.148515
도	수	도	0.079208
도	수	시	0.069307
도	수	원	0.069307
도	수	입	0.059406
도	수	백	0.049505
도	수	준	0.039604
도	수	신	0.039604
도	수	년	0.029703
도	수	요	0.029703
도	수	수	0.029703
도	수	비	0.029703
도	순	차	0.333333
도	쉬	지	0.800000
도	시	에	0.094059
도	시	개	0.074257
도	시	로	0.065594
도	시	를	0.061881
도	시	의	0.042079
도	시	가	0.042079
도	시	공	0.037129
도	시	인	0.032178
도	시	는	0.024752
도	시	재	0.023515
도	시	와	0.022277
도	시	사	0.021040
도	시	간	0.019802
도	시	장	0.019802
도	시	지	0.016089
도	시	들	0.016089
도	시	대	0.014851
도	시	정	0.014851
도	시	경	0.014851
도	시	내	0.013614
도	시	마	0.012376
도	시	전	0.012376
도	시	오	0.012376
도	시	주	0.011139
도	시	이	0.011139
도	시	하	0.011139
도	시	설	0.009901
도	시	상	0.008663
도	시	나	0.008663
도	시	서	0.008663
도	신	속	0.163934
도	신	경	0.114754
도	신	고	0.114754
도	신	공	0.114754
도	신	설	0.081967
도	신	호	0.049180
도	신	선	0.049180
도	아	니	0.557971
도	아	이	0.086957
도	아	무	0.050725
도	아	주	0.043478
도	아	는	0.028986
도	아	마	0.028986
도	아	내	0.028986
도	아	시	0.028986
도	아	랑	0.021739
도	아	들	0.021739
도	아	쉬	0.021739
도	악	영	0.428571
도	악	화	0.285714
도	안	되	0.195531
도	안	전	0.150838
도	안	된	0.089385
도	안	정	0.072626
도	안	돼	0.055866
도	안	하	0.050279
도	안	에	0.033520
도	안	대	0.033520
도	안	타	0.022346
도	안	내	0.022346
도	안	성	0.022346
도	안	후	0.016760
도	안	산	0.016760
도	안	리	0.016760
도	알	게	0.285714
도	알	아	0.238095
도	알	고	0.238095
도	앞	으	0.242424
도	앞	장	0.242424
도	앞	두	0.121212
도	앞	선	0.090909
도	앞	서	0.090909
도	약	하	0.257426
도	약	을	0.128713
도	약	할	0.099010
도	약	속	0.069307
도	약	의	0.069307
도	약	한	0.059406
도	약	시	0.049505
도	약	해	0.049505
도	약	이	0.039604
도	약	장	0.029703
도	양	자	0.153846
도	양	주	0.153846
도	양	도	0.115385
도	어	린	0.131148
도	어	의	0.098361
도	어	를	0.065574
도	어	머	0.065574
도	어	디	0.049180
도	엄	마	0.300000
도	에	서	0.366133
도	에	대	0.125858
도	에	는	0.043478
도	에	도	0.034325
도	에	이	0.025172
도	에	비	0.018307
도	에	오	0.013730
도	에	전	0.011442
도	에	불	0.011442
도	에	게	0.011442
도	에	내	0.009153
도	에	나	0.009153
도	에	사	0.009153
도	에	올	0.009153
도	에	들	0.009153
도	에	가	0.009153
도	에	영	0.009153
도	에	위	0.009153
도	에	너	0.009153
도	에	더	0.009153
도	에	강	0.009153
도	에	거	0.009153
도	에	선	0.009153
도	에	그	0.006865
도	에	제	0.006865
도	에	만	0.006865
도	에	진	0.006865
도	에	지	0.006865
도	에	집	0.006865
도	에	해	0.006865
도	여	전	0.394737
도	여	성	0.105263
도	여	론	0.092105
도	여	야	0.078947
도	여	주	0.065789
도	여	가	0.052632
도	여	서	0.039474
도	여	자	0.039474
도	역	시	0.333333
도	역	대	0.274510
도	역	사	0.098039
도	역	할	0.078431
도	역	에	0.058824
도	열	어	0.444444
도	열	린	0.185185
도	영	상	0.269231
도	영	하	0.192308
도	영	화	0.153846
도	예	산	0.508621
도	예	정	0.086207
도	예	고	0.077586
도	예	상	0.068966
도	예	방	0.051724
도	예	술	0.051724
도	예	의	0.034483
도	예	비	0.025862
도	예	전	0.025862
도	오	미	0.185185
도	오	늘	0.185185
도	오	후	0.111111
도	오	는	0.111111
도	오	를	0.092593
도	오	전	0.055556
도	온	라	0.416667
도	올	해	0.584906
도	올	라	0.188679
도	올	시	0.056604
도	올	하	0.056604
도	와	주	0.167939
도	와	달	0.091603
도	와	줄	0.030534
도	와	야	0.026718
도	와	대	0.022901
도	와	함	0.022901
도	와	시	0.019084
도	와	지	0.019084
도	와	비	0.019084
도	와	인	0.015267
도	와	그	0.015267
도	와	드	0.015267
도	와	준	0.015267
도	와	역	0.015267
도	와	이	0.015267
도	와	서	0.015267
도	와	한	0.015267
도	와	다	0.011450
도	와	의	0.011450
도	와	강	0.011450
도	와	위	0.011450
도	와	경	0.011450
도	와	전	0.011450
도	와	포	0.011450
도	와	성	0.011450
도	와	상	0.011450
도	와	일	0.011450
도	와	안	0.011450
도	와	제	0.011450
도	와	사	0.011450
도	요	타	0.548387
도	요	금	0.161290
도	요	구	0.129032
도	요	원	0.096774
도	우	리	0.666667
도	우	수	0.064815
도	우	미	0.055556
도	우	주	0.027778
도	우	선	0.027778
도	운	영	0.682927
도	운	전	0.073171
도	울	것	0.227273
도	울	수	0.227273
도	원	주	0.100000
도	원	하	0.100000
도	원	자	0.060000
도	원	전	0.060000
도	원	인	0.060000
도	원	에	0.060000
도	위	성	0.166667
도	위	반	0.166667
도	위	원	0.138889
도	위	에	0.083333
도	위	로	0.083333
도	위	법	0.083333
도	의	미	0.054945
도	의	원	0.030220
도	의	자	0.027473
도	의	사	0.027473
도	의	문	0.024725
도	의	경	0.024725
도	의	지	0.024725
도	의	뜻	0.024725
도	의	한	0.024725
도	의	공	0.021978
도	의	시	0.021978
도	의	고	0.021978
도	의	정	0.019231
도	의	수	0.019231
도	의	전	0.019231
도	의	소	0.019231
도	의	왕	0.019231
도	의	차	0.016484
도	의	일	0.016484
도	의	입	0.013736
도	의	장	0.013736
도	의	신	0.013736
도	의	안	0.013736
도	의	도	0.010989
도	의	성	0.010989
도	의	대	0.010989
도	의	조	0.010989
도	의	개	0.010989
도	의	의	0.010989
도	의	강	0.010989
도	이	날	0.212766
도	이	어	0.103110
도	이	상	0.065466
도	이	번	0.060556
도	이	를	0.055646
도	이	미	0.034370
도	이	제	0.029460
도	이	후	0.024550
도	이	재	0.024550
도	이	들	0.022913
도	이	전	0.022913
도	이	해	0.019640
도	이	곳	0.019640
도	이	에	0.018003
도	이	달	0.018003
도	이	때	0.016367
도	이	대	0.016367
도	이	하	0.016367
도	이	와	0.013093
도	이	사	0.009820
도	이	부	0.009820
도	이	다	0.009820
도	이	란	0.008183
도	이	문	0.008183
도	이	일	0.006547
도	이	의	0.006547
도	이	정	0.006547
도	이	점	0.006547
도	이	자	0.006547
도	이	니	0.004910
도	인	정	0.135593
도	인	지	0.101695
도	인	데	0.084746
도	인	도	0.084746
도	인	천	0.076271
도	인	수	0.059322
도	인	상	0.059322
도	인	사	0.050847
도	인	간	0.050847
도	인	구	0.050847
도	인	시	0.042373
도	인	키	0.025424
도	일	부	0.190476
도	일	본	0.156463
도	일	반	0.102041
도	일	정	0.068027
도	일	상	0.047619
도	일	어	0.040816
도	일	제	0.040816
도	일	하	0.034014
도	일	대	0.034014
도	일	주	0.027211
도	일	뿐	0.020408
도	일	방	0.020408
도	일	고	0.020408
도	일	자	0.020408
도	입	하	0.192857
도	입	을	0.101786
도	입	한	0.101786
도	입	해	0.083929
도	입	된	0.062500
도	입	등	0.039286
도	입	할	0.039286
도	입	이	0.037500
도	입	되	0.033929
도	입	에	0.033929
도	입	으	0.021429
도	입	시	0.016071
도	입	장	0.014286
도	입	과	0.014286
도	입	돼	0.014286
도	입	될	0.012500
도	입	니	0.010714
도	입	및	0.007143
도	입	여	0.007143
도	입	의	0.007143
도	입	부	0.007143
도	입	확	0.007143
도	입	구	0.005357
도	입	필	0.005357
도	입	대	0.005357
도	입	도	0.005357
도	입	은	0.005357
도	입	후	0.005357
도	자	들	0.194215
도	자	신	0.136364
도	자	가	0.070248
도	자	의	0.061983
도	자	주	0.049587
도	자	로	0.037190
도	자	리	0.024793
도	자	를	0.024793
도	자	는	0.024793
도	자	와	0.020661
도	자	라	0.020661
도	자	인	0.020661
도	자	폐	0.020661
도	자	이	0.020661
도	자	위	0.016529
도	자	본	0.012397
도	자	세	0.012397
도	자	수	0.012397
도	자	에	0.012397
도	자	사	0.012397
도	잘	못	0.142857
도	잘	어	0.111111
도	잘	하	0.111111
도	잘	알	0.095238
도	잘	살	0.063492
도	잘	되	0.047619
도	잠	시	0.714286
도	장	을	0.200000
도	장	애	0.166667
도	장	점	0.133333
도	재	차	0.125000
도	재	정	0.125000
도	재	건	0.100000
도	재	발	0.100000
도	재	개	0.100000
도	재	무	0.075000
도	재	난	0.075000
도	저	는	0.222222
도	저	자	0.083333
도	저	하	0.083333
도	저	지	0.083333
도	저	장	0.083333
도	적	으	0.274648
도	적	지	0.214789
도	적	인	0.200704
도	적	이	0.042254
도	적	정	0.024648
도	적	장	0.021127
도	적	다	0.021127
도	적	자	0.014085
도	적	절	0.014085
도	적	대	0.014085
도	적	사	0.014085
도	적	발	0.010563
도	적	위	0.010563
도	전	에	0.122685
도	전	하	0.106481
도	전	한	0.060185
도	전	을	0.057870
도	전	날	0.053241
도	전	이	0.048611
도	전	의	0.046296
도	전	혀	0.037037
도	전	할	0.034722
도	전	해	0.025463
도	전	세	0.025463
도	전	적	0.023148
도	전	년	0.023148
도	전	문	0.020833
도	전	과	0.020833
도	전	으	0.018519
도	전	장	0.018519
도	전	반	0.016204
도	전	은	0.016204
도	전	달	0.016204
도	전	자	0.011574
도	전	시	0.011574
도	전	부	0.011574
도	전	화	0.011574
도	전	역	0.011574
도	전	개	0.009259
도	전	통	0.006944
도	전	공	0.006944
도	전	주	0.006944
도	전	정	0.006944
도	절	대	0.307692
도	절	도	0.230769
도	점	차	0.468750
도	점	점	0.218750
도	점	쳐	0.156250
도	점	수	0.093750
도	정	부	0.294872
도	정	세	0.115385
도	정	상	0.076923
도	정	말	0.051282
도	정	해	0.051282
도	정	확	0.051282
도	정	책	0.038462
도	정	신	0.032051
도	정	리	0.025641
도	정	도	0.025641
도	정	비	0.019231
도	정	후	0.019231
도	제	공	0.197674
도	제	대	0.168605
도	제	한	0.122093
도	제	시	0.104651
도	제	재	0.058140
도	제	가	0.046512
도	제	안	0.029070
도	제	도	0.029070
도	제	주	0.029070
도	제	로	0.017442
도	제	약	0.017442
도	제	조	0.017442
도	제	발	0.017442
도	조	사	0.283019
도	조	절	0.226415
도	조	금	0.103774
도	조	만	0.103774
도	조	선	0.066038
도	조	정	0.028302
도	조	속	0.028302
도	조	바	0.028302
도	존	재	0.666667
도	존	중	0.190476
도	좀	더	0.272727
도	주	의	0.209302
도	주	목	0.133721
도	주	한	0.087209
도	주	요	0.058140
도	주	장	0.058140
도	주	우	0.052326
도	주	문	0.023256
도	주	어	0.023256
도	주	를	0.023256
도	주	거	0.023256
도	주	가	0.023256
도	주	로	0.023256
도	주	해	0.023256
도	주	및	0.023256
도	주	중	0.017442
도	주	차	0.017442
도	주	주	0.017442
도	주	하	0.017442
도	준	비	0.619048
도	준	수	0.119048
도	준	다	0.119048
도	줄	여	0.184211
도	줄	어	0.184211
도	줄	줄	0.157895
도	줄	일	0.157895
도	줄	인	0.105263
도	줄	이	0.105263
도	중	요	0.296512
도	중	에	0.081395
도	중	단	0.046512
도	중	소	0.029070
도	중	대	0.029070
도	중	총	0.029070
도	중	저	0.023256
도	중	사	0.023256
도	중	일	0.023256
도	중	이	0.023256
도	중	인	0.017442
도	즉	각	0.500000
도	지	사	0.263393
도	지	난	0.247768
도	지	속	0.095982
도	지	금	0.064732
도	지	원	0.058036
도	지	역	0.049107
도	지	나	0.037946
도	지	적	0.031250
도	지	지	0.024554
도	지	키	0.013393
도	지	구	0.011161
도	지	만	0.011161
도	지	방	0.011161
도	지	하	0.008929
도	지	자	0.006696
도	지	도	0.006696
도	지	어	0.006696
도	진	입	0.208333
도	진	단	0.125000
도	진	상	0.125000
도	질	문	0.666667
도	집	중	0.300000
도	집	을	0.150000
도	쪽	으	0.500000
도	차	이	0.315789
도	차	질	0.184211
도	차	가	0.105263
도	차	별	0.105263
도	찬	성	0.800000
도	참	여	0.600000
도	참	가	0.183333
도	참	고	0.116667
도	참	사	0.050000
도	채	되	0.411765
도	천	안	0.250000
도	초	과	0.307692
도	총	리	0.666667
도	총	선	0.166667
도	친	구	0.272727
도	커	지	0.666667
도	커	질	0.155556
도	커	진	0.088889
도	커	피	0.066667
도	코	로	0.896552
도	큰	도	0.166667
도	큰	문	0.119048
도	큰	부	0.095238
도	키	이	0.654545
도	키	예	0.254545
도	키	우	0.054545
도	타	인	0.461538
도	탄	소	0.176471
도	통	신	0.270270
도	통	화	0.162162
도	통	일	0.135135
도	통	과	0.108108
도	통	할	0.108108
도	통	제	0.081081
도	투	자	0.720000
도	투	입	0.120000
도	판	매	0.421053
도	판	단	0.315789
도	폐	지	0.800000
도	포	함	0.911765
도	풀	이	0.375000
도	피	해	0.606557
도	피	고	0.065574
도	필	요	0.803571
도	필	수	0.107143
도	하	다	0.228933
도	하	고	0.221910
도	하	는	0.212079
도	하	지	0.147472
도	하	게	0.053371
도	하	나	0.014045
도	하	루	0.014045
도	하	의	0.011236
도	하	에	0.009831
도	하	알	0.009831
도	하	거	0.008427
도	하	자	0.007022
도	하	늘	0.005618
도	하	시	0.004213
도	하	듯	0.004213
도	하	도	0.004213
도	하	반	0.004213
도	한	다	0.393285
도	한	것	0.035971
도	한	바	0.023981
도	한	경	0.016787
도	한	정	0.016787
도	한	사	0.016787
도	한	미	0.016787
도	한	대	0.014388
도	한	이	0.014388
도	한	강	0.014388
도	한	조	0.011990
도	한	마	0.011990
도	한	금	0.011990
도	한	참	0.011990
도	한	두	0.011990
도	한	자	0.011990
도	한	손	0.009592
도	한	달	0.009592
도	한	물	0.009592
도	한	해	0.009592
도	한	반	0.009592
도	한	내	0.009592
도	한	번	0.007194
도	한	공	0.007194
도	한	요	0.007194
도	한	발	0.007194
도	한	비	0.007194
도	한	세	0.007194
도	한	우	0.007194
도	한	음	0.007194
도	할	수	0.421875
도	할	것	0.171875
도	할	인	0.078125
도	할	예	0.062500
도	할	때	0.046875
도	함	으	0.428571
도	해	야	0.196721
도	해	온	0.073770
도	해	서	0.057377
도	해	나	0.057377
도	해	상	0.057377
도	해	요	0.049180
도	해	주	0.040984
도	해	인	0.032787
도	해	양	0.032787
도	해	달	0.024590
도	해	법	0.024590
도	해	명	0.024590
도	해	소	0.024590
도	허	위	0.500000
도	현	재	0.482759
도	현	장	0.189655
도	현	대	0.120690
도	현	지	0.051724
도	현	상	0.051724
도	형	성	0.272727
도	호	주	0.411765
도	화	하	0.117647
도	화	를	0.075630
도	화	에	0.075630
도	화	된	0.058824
도	화	사	0.050420
도	화	물	0.050420
도	화	할	0.042017
도	화	상	0.033613
도	화	제	0.025210
도	화	장	0.025210
도	화	가	0.025210
도	화	재	0.025210
도	화	해	0.025210
도	화	및	0.025210
도	화	선	0.025210
도	화	와	0.025210
도	화	한	0.025210
도	확	인	0.353535
도	확	대	0.343434
도	확	진	0.161616
도	확	산	0.070707
도	확	고	0.030303
도	힘	든	0.314286
도	힘	을	0.257143
도	힘	들	0.228571
도	힘	이	0.114286
돼	가	는	0.600000
돼	글	로	1.000000
돼	너	무	1.000000
돼	눈	길	0.750000
돼	도	시	0.157895
돼	라	는	0.666667
돼	매	우	1.000000
돼	병	원	1.000000
돼	서	는	0.230769
돼	서	야	0.102564
돼	서	대	0.076923
돼	서	울	0.076923
돼	선	안	0.833333
돼	수	사	0.384615
돼	안	전	0.428571
돼	야	한	0.702703
돼	야	하	0.099099
돼	야	할	0.090090
돼	야	지	0.013514
돼	야	가	0.013514
돼	오	후	0.428571
돼	온	대	0.136364
돼	올	해	0.800000
돼	우	리	0.800000
돼	의	원	0.750000
돼	재	판	0.800000
돼	조	사	0.833333
돼	지	고	0.172414
돼	지	난	0.126437
돼	지	의	0.068966
돼	지	역	0.045977
돼	지	는	0.045977
돼	지	열	0.045977
돼	지	를	0.045977
돼	지	가	0.034483
돼	지	로	0.034483
돼	지	금	0.034483
돼	현	재	0.571429
돼	화	제	0.800000
된	가	운	0.676923
된	가	장	0.138462
된	가	상	0.046154
된	강	원	0.466667
된	개	인	0.312500
된	개	정	0.187500
된	거	다	0.272727
된	건	물	0.321429
된	건	아	0.178571
된	건	강	0.142857
된	것	으	0.327309
된	것	이	0.325301
된	것	은	0.142570
된	것	을	0.058233
된	것	도	0.030120
된	것	에	0.026104
된	것	과	0.020080
된	것	아	0.014056
된	것	만	0.014056
된	것	인	0.012048
된	것	들	0.008032
된	게	아	0.636364
된	경	우	0.568627
된	경	제	0.176471
된	경	위	0.117647
된	고	양	0.157895
된	곳	이	0.347826
된	곳	에	0.304348
된	곳	은	0.173913
된	공	간	0.400000
된	공	무	0.171429
된	공	약	0.085714
된	공	정	0.085714
된	과	정	0.625000
된	구	조	0.625000
된	군	인	0.230769
된	그	는	0.384615
된	그	의	0.230769
된	글	로	0.625000
된	김	성	0.166667
된	나	라	0.300000
된	나	무	0.300000
된	노	후	0.272727
된	다	고	0.645327
된	다	는	0.266325
된	다	라	0.028169
된	다	양	0.015365
된	다	음	0.008963
된	다	거	0.005122
된	다	이	0.003841
된	다	니	0.003841
된	대	통	0.288889
된	대	법	0.066667
된	대	상	0.066667
된	대	응	0.066667
된	대	피	0.066667
된	대	형	0.066667
된	대	선	0.066667
된	데	이	0.319149
된	데	다	0.319149
된	데	대	0.255319
된	데	에	0.063830
된	도	시	0.263158
된	도	발	0.210526
된	뒤	에	0.183673
된	뒤	이	0.102041
된	뒤	로	0.081633
된	뒤	인	0.081633
된	듯	한	0.428571
된	디	자	0.666667
된	디	지	0.250000
된	마	이	0.400000
된	무	인	0.250000
된	문	제	0.391304
된	문	화	0.304348
된	미	사	0.538462
된	미	군	0.230769
된	바	는	0.300000
된	바	로	0.150000
된	바	가	0.150000
된	바	이	0.150000
된	반	응	0.500000
된	발	전	0.714286
된	방	역	0.571429
된	배	경	0.666667
된	백	신	0.600000
된	번	호	1.000000
된	법	안	0.277778
된	법	인	0.222222
된	법	정	0.166667
된	부	분	0.642857
된	부	산	0.142857
된	부	정	0.071429
된	분	위	0.285714
된	분	들	0.285714
된	불	만	0.300000
된	비	가	0.166667
된	사	건	0.250000
된	사	진	0.237500
된	사	안	0.112500
된	사	드	0.075000
된	사	전	0.050000
된	사	이	0.037500
된	사	상	0.037500
된	산	불	0.428571
된	삶	을	0.500000
된	상	거	0.272727
된	새	로	0.444444
된	서	울	0.650000
된	서	비	0.250000
된	선	수	0.227273
된	선	거	0.181818
된	성	과	0.214286
된	성	인	0.214286
된	소	방	0.181818
된	손	배	0.428571
된	수	사	0.363636
된	수	도	0.136364
된	순	간	0.500000
된	시	위	0.163265
된	시	점	0.163265
된	시	간	0.142857
된	시	대	0.102041
된	시	장	0.081633
된	시	신	0.061224
된	시	각	0.061224
된	신	속	0.181818
된	아	이	0.545455
된	아	들	0.136364
된	아	리	0.136364
된	안	전	0.428571
된	안	건	0.214286
된	약	물	0.666667
된	어	린	0.555556
된	에	너	0.400000
된	여	성	0.411765
된	여	론	0.235294
된	역	사	0.833333
된	영	상	0.666667
된	예	산	0.500000
된	예	비	0.150000
된	오	후	0.176471
된	올	해	0.750000
된	와	이	0.750000
된	요	소	0.333333
된	우	리	0.600000
된	원	인	0.333333
된	원	내	0.125000
된	원	자	0.125000
된	의	미	0.166667
된	의	사	0.166667
된	의	원	0.166667
된	이	후	0.401130
된	이	번	0.096045
된	이	들	0.090395
된	이	상	0.039548
된	이	미	0.033898
된	이	대	0.028249
된	이	준	0.022599
된	이	야	0.022599
된	이	날	0.016949
된	이	산	0.016949
된	이	재	0.016949
된	이	곳	0.016949
된	이	주	0.016949
된	이	씨	0.016949
된	이	란	0.016949
된	인	사	0.361111
된	인	물	0.166667
된	인	천	0.138889
된	인	도	0.083333
된	인	원	0.083333
된	일	본	0.416667
된	일	정	0.111111
된	일	반	0.111111
된	일	인	0.083333
된	일	이	0.083333
된	일	부	0.083333
된	입	장	0.583333
된	자	세	0.181818
된	자	원	0.136364
된	장	소	0.272727
된	재	판	0.285714
된	재	난	0.190476
된	적	이	0.550000
된	적	은	0.150000
된	전	통	0.128205
된	전	세	0.102564
된	전	문	0.102564
된	전	현	0.076923
된	전	씨	0.076923
된	전	시	0.076923
된	절	차	1.000000
된	점	을	0.444444
된	점	에	0.166667
된	정	부	0.260870
된	정	책	0.217391
된	정	신	0.130435
된	제	도	0.285714
된	제	재	0.214286
된	제	주	0.214286
된	조	선	0.304348
된	조	사	0.130435
된	주	요	0.160000
된	주	거	0.120000
된	주	장	0.120000
된	중	대	0.500000
된	지	난	0.273973
된	지	역	0.232877
된	지	하	0.082192
된	지	방	0.054795
된	지	속	0.041096
된	지	금	0.041096
된	채	널	0.461538
된	첫	사	0.333333
된	첫	날	0.333333
된	커	탄	1.000000
된	코	로	0.785714
된	코	인	0.214286
된	탄	도	0.636364
된	투	자	0.777778
된	판	단	0.600000
된	피	해	0.562500
된	피	의	0.250000
된	하	이	0.416667
된	한	미	0.423077
된	해	양	0.454545
된	형	사	0.428571
된	화	이	0.230769
된	확	진	0.800000
된	후	진	0.090909
된	후	에	0.090909
된	후	로	0.090909
된	후	새	0.090909
딸	과	함	0.476190
딸	과	아	0.142857
딸	아	이	0.571429
딸	에	게	0.666667
딸	에	대	0.200000
딸	을	키	0.093750
딸	을	위	0.093750
딸	을	공	0.093750
딸	의	이	0.210526
딸	이	다	0.108696
딸	이	이	0.065217
딸	이	라	0.065217
딸	인	김	0.500000
땅	돼	지	1.000000
땅	속	에	0.750000
땅	에	서	0.409091
땅	으	로	1.000000
땅	이	라	0.230769
땅	하	다	0.750000
뜻	대	로	1.000000
뜻	에	서	0.750000
뜻	으	로	1.000000
뜻	은	아	0.625000
뜻	을	전	0.284483
뜻	을	내	0.103448
뜻	을	분	0.068966
뜻	을	거	0.051724
뜻	을	이	0.051724
뜻	을	함	0.034483
뜻	을	잘	0.034483
뜻	을	존	0.034483
뜻	을	나	0.034483
뜻	을	재	0.025862
뜻	을	어	0.025862
뜻	을	비	0.025862
뜻	이	다	0.709091
뜻	이	라	0.145455
뜻	이	아	0.027273
뜻	인	가	0.444444
뜻	인	지	0.333333
뜻	입	니	1.000000
뜻	하	는	0.560976
뜻	하	게	0.158537
뜻	하	고	0.134146
뜻	하	지	0.073171
뜻	한	다	0.474747
뜻	한	물	0.050505
뜻	한	분	0.040404
뜻	한	위	0.040404
뜻	한	마	0.040404
뜻	한	손	0.030303
뜻	한	공	0.030303
뜻	한	사	0.030303
뜻	한	인	0.030303
뜻	함	을	0.400000
뜻	함	이	0.300000
뜻	해	진	0.500000
로	가	장	0.290000
로	가	는	0.136000
로	가	고	0.054000
로	가	야	0.050000
로	가	서	0.022000
로	가	입	0.020000
로	가	상	0.020000
로	가	시	0.018000
로	가	라	0.016000
로	가	정	0.016000
로	가	해	0.014000
로	가	통	0.012000
로	가	이	0.012000
로	가	자	0.012000
로	가	지	0.012000
로	가	수	0.012000
로	가	아	0.010000
로	가	미	0.010000
로	가	을	0.010000
로	가	더	0.010000
로	가	공	0.010000
로	가	된	0.010000
로	가	전	0.008000
로	가	마	0.006000
로	가	세	0.006000
로	가	방	0.006000
로	가	필	0.006000
로	가	되	0.006000
로	가	나	0.006000
로	가	구	0.006000
로	각	각	0.622951
로	각	부	0.065574
로	각	인	0.065574
로	각	자	0.065574
로	간	주	0.546667
로	간	다	0.120000
로	간	단	0.093333
로	간	호	0.040000
로	갈	수	0.227273
로	갈	아	0.196970
로	갈	라	0.136364
로	갈	것	0.075758
로	갈	등	0.075758
로	갈	음	0.060606
로	강	화	0.247312
로	강	조	0.096774
로	강	하	0.086022
로	강	한	0.075269
로	강	제	0.075269
로	강	원	0.053763
로	강	등	0.043011
로	강	구	0.032258
로	강	서	0.032258
로	개	발	0.377907
로	개	선	0.162791
로	개	인	0.116279
로	개	방	0.063953
로	개	설	0.034884
로	개	통	0.029070
로	개	척	0.029070
로	개	정	0.029070
로	개	입	0.023256
로	개	성	0.017442
로	개	막	0.017442
로	거	론	0.518519
로	거	부	0.086420
로	거	리	0.061728
로	거	주	0.061728
로	거	들	0.049383
로	거	의	0.049383
로	건	설	0.284314
로	건	강	0.166667
로	건	너	0.107843
로	건	물	0.098039
로	건	으	0.078431
로	건	을	0.058824
로	건	은	0.049020
로	건	조	0.039216
로	건	전	0.029412
로	건	에	0.029412
로	걸	어	0.789474
로	게	시	0.800000
로	경	제	0.500000
로	경	영	0.138889
로	경	주	0.055556
로	경	미	0.041667
로	경	비	0.041667
로	고	발	0.216931
로	고	통	0.137566
로	고	소	0.095238
로	고	가	0.079365
로	고	개	0.042328
로	고	를	0.042328
로	고	위	0.031746
로	고	정	0.031746
로	고	지	0.026455
로	고	조	0.021164
로	고	전	0.021164
로	고	물	0.015873
로	고	성	0.015873
로	곡	을	0.333333
로	곧	바	0.500000
로	공	개	0.260870
로	공	사	0.184783
로	공	공	0.048913
로	공	을	0.043478
로	공	원	0.043478
로	공	장	0.038043
로	공	약	0.032609
로	공	부	0.032609
로	공	간	0.021739
로	공	시	0.021739
로	공	정	0.016304
로	공	수	0.016304
로	공	이	0.016304
로	공	단	0.016304
로	공	무	0.016304
로	공	적	0.016304
로	공	중	0.016304
로	과	거	0.258065
로	과	세	0.193548
로	과	도	0.096774
로	과	적	0.096774
로	과	일	0.096774
로	과	반	0.096774
로	구	성	0.386824
로	구	속	0.097973
로	구	통	0.079392
로	구	조	0.045608
로	구	매	0.045608
로	구	정	0.042230
로	구	분	0.040541
로	구	현	0.038851
로	구	세	0.025338
로	구	입	0.011824
로	구	서	0.010135
로	구	대	0.010135
로	구	한	0.008446
로	구	글	0.008446
로	구	의	0.008446
로	구	고	0.008446
로	구	금	0.006757
로	구	에	0.006757
로	구	예	0.006757
로	구	간	0.006757
로	구	인	0.006757
로	구	별	0.005068
로	구	상	0.005068
로	군	사	0.434783
로	군	중	0.130435
로	귀	화	0.375000
로	그	는	0.088398
로	그	를	0.088398
로	그	리	0.082873
로	그	인	0.077348
로	그	의	0.060773
로	그	에	0.055249
로	그	가	0.038674
로	그	들	0.033149
로	그	간	0.027624
로	그	대	0.022099
로	그	방	0.022099
로	그	중	0.022099
로	그	것	0.022099
로	그	뒤	0.022099
로	그	린	0.016575
로	그	곳	0.016575
로	그	때	0.016575
로	그	자	0.016575
로	그	시	0.016575
로	그	주	0.016575
로	그	라	0.016575
로	글	로	0.872340
로	글	을	0.063830
로	금	리	0.472222
로	금	지	0.111111
로	금	속	0.083333
로	긴	장	0.500000
로	길	게	0.333333
로	김	씨	0.111111
로	김	여	0.111111
로	김	정	0.088889
로	김	포	0.088889
로	김	대	0.066667
로	김	부	0.066667
로	꿈	을	0.600000
로	끝	나	0.483871
로	끝	난	0.161290
로	끝	날	0.129032
로	나	타	0.351127
로	나	바	0.231317
로	나	서	0.035587
로	나	선	0.030249
로	나	아	0.027284
로	나	오	0.026097
로	나	가	0.025504
로	나	정	0.021352
로	나	와	0.017794
로	나	로	0.016607
로	나	확	0.015421
로	나	온	0.014828
로	나	이	0.014235
로	나	를	0.012456
로	나	시	0.012456
로	나	에	0.011269
로	나	대	0.007711
로	나	올	0.007117
로	나	사	0.006524
로	나	상	0.006524
로	나	피	0.006524
로	나	의	0.005931
로	나	비	0.004745
로	나	백	0.004745
로	나	라	0.004745
로	나	방	0.004745
로	나	는	0.004152
로	나	눈	0.004152
로	나	위	0.003559
로	나	지	0.003559
로	날	아	0.578947
로	내	다	0.278539
로	내	세	0.232877
로	내	년	0.082192
로	내	걸	0.059361
로	내	건	0.050228
로	내	야	0.031963
로	내	가	0.027397
로	내	부	0.027397
로	내	정	0.027397
로	내	리	0.027397
로	내	수	0.022831
로	내	린	0.018265
로	내	달	0.013699
로	낸	손	0.217391
로	널	드	0.700000
로	널	리	0.300000
로	노	후	0.176471
로	노	리	0.147059
로	노	사	0.117647
로	노	가	0.088235
로	노	조	0.088235
로	노	미	0.088235
로	노	선	0.088235
로	눈	을	0.424242
로	눈	길	0.212121
로	눈	에	0.121212
로	는	이	0.063934
로	는	지	0.040984
로	는	대	0.026230
로	는	미	0.026230
로	는	아	0.026230
로	는	부	0.024590
로	는	한	0.021311
로	는	중	0.021311
로	는	전	0.021311
로	는	고	0.018033
로	는	자	0.018033
로	는	경	0.014754
로	는	사	0.014754
로	는	그	0.013115
로	는	제	0.013115
로	는	세	0.013115
로	는	조	0.013115
로	는	현	0.013115
로	는	진	0.011475
로	는	우	0.011475
로	는	하	0.011475
로	는	주	0.011475
로	는	도	0.011475
로	는	더	0.011475
로	는	다	0.009836
로	는	불	0.009836
로	는	인	0.009836
로	는	가	0.009836
로	는	물	0.009836
로	는	선	0.009836
로	늘	어	0.574803
로	늘	리	0.283465
로	늘	린	0.070866
로	늘	고	0.031496
로	니	대	0.173913
로	니	이	0.173913
로	니	가	0.130435
로	니	위	0.130435
로	다	시	0.276018
로	다	양	0.185520
로	다	가	0.158371
로	다	음	0.076923
로	다	루	0.054299
로	다	수	0.027149
로	다	소	0.022624
로	다	자	0.018100
로	다	이	0.013575
로	다	주	0.013575
로	단	일	0.292308
로	단	거	0.138462
로	단	백	0.092308
로	단	순	0.092308
로	단	속	0.092308
로	단	호	0.046154
로	달	아	0.236842
로	달	성	0.210526
로	달	리	0.184211
로	달	라	0.157895
로	대	응	0.250000
로	대	통	0.114583
로	대	한	0.055556
로	대	피	0.048611
로	대	만	0.041667
로	대	중	0.038194
로	대	화	0.034722
로	대	형	0.034722
로	대	신	0.031250
로	대	하	0.027778
로	대	장	0.024306
로	대	비	0.024306
로	대	부	0.024306
로	대	선	0.020833
로	대	책	0.017361
로	대	우	0.017361
로	대	대	0.017361
로	대	상	0.013889
로	대	단	0.013889
로	대	법	0.013889
로	대	구	0.010417
로	더	나	0.097561
로	더	불	0.097561
로	데	이	0.578947
로	데	리	0.263158
로	도	약	0.083871
로	도	입	0.060215
로	도	전	0.036559
로	도	네	0.036559
로	도	이	0.027957
로	도	불	0.025806
로	도	지	0.023656
로	도	시	0.023656
로	도	나	0.023656
로	도	주	0.021505
로	도	우	0.021505
로	도	사	0.021505
로	도	가	0.021505
로	도	확	0.019355
로	도	로	0.019355
로	도	서	0.015054
로	도	발	0.015054
로	도	의	0.012903
로	도	어	0.012903
로	도	신	0.012903
로	도	피	0.010753
로	도	대	0.010753
로	도	배	0.010753
로	도	정	0.010753
로	도	제	0.010753
로	도	알	0.010753
로	도	해	0.010753
로	도	그	0.010753
로	도	부	0.010753
로	도	한	0.010753
로	돈	을	0.592593
로	돈	이	0.259259
로	돈	바	0.111111
로	돌	아	0.889222
로	돌	리	0.056886
로	돌	린	0.014970
로	돌	진	0.014970
로	돌	입	0.011976
로	되	돌	0.400000
로	되	지	0.254545
로	되	어	0.109091
로	되	는	0.090909
로	되	고	0.054545
로	되	살	0.054545
로	된	조	0.066667
로	두	고	0.262500
로	두	사	0.100000
로	두	차	0.075000
로	두	후	0.062500
로	두	번	0.050000
로	두	개	0.037500
로	두	자	0.037500
로	두	배	0.037500
로	둔	다	0.300000
로	뒤	를	0.500000
로	뒤	집	0.125000
로	뒤	진	0.125000
로	뒤	지	0.104167
로	드	리	0.134328
로	드	를	0.089552
로	드	라	0.074627
로	드	에	0.059701
로	드	론	0.059701
로	드	는	0.044776
로	드	상	0.044776
로	드	하	0.044776
로	드	비	0.044776
로	든	다	0.115385
로	들	어	0.815534
로	들	여	0.053398
로	들	이	0.029126
로	들	고	0.029126
로	들	을	0.014563
로	등	장	0.280488
로	등	을	0.097561
로	등	재	0.073171
로	등	에	0.060976
로	등	의	0.048780
로	등	주	0.036585
로	등	일	0.036585
로	등	도	0.036585
로	등	단	0.036585
로	디	미	0.701613
로	디	지	0.088710
로	디	자	0.080645
로	디	가	0.024194
로	디	를	0.024194
로	디	폴	0.024194
로	딸	을	0.500000
로	땅	을	0.500000
로	때	린	0.500000
로	떠	오	0.490000
로	떠	올	0.220000
로	떠	나	0.140000
로	떠	날	0.050000
로	떠	난	0.050000
로	또	다	0.238095
로	또	는	0.142857
로	뜻	을	0.800000
로	라	도	0.291667
로	라	이	0.187500
로	라	고	0.104167
로	라	는	0.083333
로	라	하	0.062500
로	라	인	0.062500
로	로	나	0.074627
로	로	이	0.074627
로	로	지	0.044776
로	로	대	0.044776
로	로	사	0.044776
로	로	인	0.044776
로	로	우	0.044776
로	를	통	0.084112
로	를	인	0.065421
로	를	지	0.042056
로	를	전	0.042056
로	를	확	0.042056
로	를	가	0.037383
로	를	이	0.037383
로	를	개	0.028037
로	를	건	0.023364
로	를	제	0.023364
로	를	주	0.018692
로	를	위	0.018692
로	를	막	0.018692
로	를	거	0.014019
로	를	몸	0.014019
로	를	구	0.014019
로	를	마	0.014019
로	를	일	0.014019
로	를	달	0.014019
로	를	선	0.014019
로	리	다	0.434783
로	리	를	0.072464
로	리	그	0.057971
로	리	안	0.043478
로	마	무	0.155738
로	마	약	0.090164
로	마	음	0.081967
로	마	에	0.081967
로	마	시	0.065574
로	마	이	0.057377
로	마	을	0.049180
로	마	주	0.049180
로	마	의	0.040984
로	마	제	0.024590
로	마	가	0.024590
로	마	로	0.024590
로	막	는	0.250000
로	막	고	0.173077
로	막	아	0.115385
로	막	은	0.115385
로	막	을	0.076923
로	막	혀	0.057692
로	막	대	0.057692
로	만	들	0.438799
로	만	든	0.224018
로	만	드	0.066975
로	만	나	0.032333
로	만	구	0.016166
로	만	가	0.011547
로	만	난	0.011547
로	만	사	0.011547
로	만	하	0.009238
로	만	이	0.009238
로	만	전	0.009238
로	만	제	0.009238
로	만	알	0.006928
로	만	날	0.006928
로	말	하	0.382979
로	말	한	0.170213
로	말	을	0.085106
로	말	할	0.063830
로	매	우	0.239316
로	매	수	0.111111
로	매	각	0.102564
로	매	년	0.085470
로	매	달	0.076923
로	매	장	0.059829
로	매	주	0.051282
로	매	도	0.042735
로	매	일	0.042735
로	매	물	0.042735
로	매	입	0.034188
로	매	번	0.025641
로	맥	주	0.800000
로	머	리	0.800000
로	먼	저	0.857143
로	명	시	0.244444
로	명	명	0.200000
로	명	확	0.133333
로	명	단	0.066667
로	명	백	0.066667
로	목	숨	0.545455
로	목	을	0.136364
로	몸	을	0.437500
로	못	하	0.444444
로	무	장	0.141176
로	무	너	0.094118
로	무	대	0.094118
로	무	조	0.070588
로	무	리	0.058824
로	무	산	0.047059
로	무	시	0.047059
로	무	더	0.047059
로	무	한	0.047059
로	무	게	0.035294
로	문	제	0.379310
로	문	화	0.155172
로	문	자	0.103448
로	문	을	0.103448
로	문	대	0.068966
로	문	재	0.068966
로	물	가	0.295082
로	물	건	0.081967
로	물	이	0.081967
로	물	들	0.065574
로	물	어	0.065574
로	물	리	0.065574
로	물	에	0.049180
로	물	든	0.049180
로	미	사	0.212121
로	미	술	0.090909
로	미	중	0.060606
로	미	오	0.060606
로	미	소	0.045455
로	미	분	0.045455
로	바	이	0.322314
로	바	키	0.214876
로	바	라	0.165289
로	바	로	0.140496
로	바	다	0.033058
로	반	영	0.342593
로	반	대	0.129630
로	반	도	0.111111
로	반	드	0.092593
로	반	전	0.083333
로	반	성	0.055556
로	반	응	0.037037
로	반	하	0.027778
로	반	등	0.027778
로	발	전	0.333333
로	발	사	0.311111
로	발	달	0.051852
로	발	걸	0.044444
로	발	의	0.029630
로	발	주	0.029630
로	발	간	0.022222
로	발	길	0.022222
로	발	매	0.022222
로	방	문	0.260870
로	방	역	0.217391
로	방	탄	0.086957
로	방	어	0.072464
로	방	해	0.057971
로	방	한	0.043478
로	방	위	0.043478
로	배	우	0.183333
로	배	구	0.150000
로	배	정	0.133333
로	배	포	0.100000
로	배	달	0.100000
로	배	제	0.050000
로	배	수	0.050000
로	배	운	0.050000
로	백	신	0.333333
로	번	지	0.425000
로	번	역	0.225000
로	번	질	0.150000
로	번	진	0.075000
로	벌	경	0.078247
로	벌	공	0.078247
로	벌	시	0.073552
로	벌	금	0.071987
로	벌	사	0.029734
로	벌	인	0.028169
로	벌	어	0.026604
로	벌	전	0.026604
로	벌	타	0.023474
로	벌	리	0.021909
로	벌	진	0.017214
로	벌	반	0.017214
로	벌	화	0.015649
로	벌	포	0.014085
로	벌	이	0.014085
로	벌	아	0.014085
로	벌	중	0.012520
로	벌	투	0.012520
로	벌	대	0.012520
로	벌	빅	0.010955
로	벌	정	0.010955
로	벌	달	0.010955
로	벌	바	0.010955
로	벌	주	0.010955
로	벌	미	0.010955
로	벌	차	0.009390
로	벌	로	0.009390
로	벌	제	0.009390
로	벌	비	0.009390
로	벌	자	0.009390
로	법	원	0.186047
로	법	적	0.139535
로	법	정	0.116279
로	법	사	0.093023
로	법	개	0.069767
로	별	도	0.333333
로	병	원	0.693878
로	병	역	0.122449
로	병	사	0.061224
로	본	다	0.607143
로	본	인	0.095238
로	본	사	0.095238
로	본	것	0.035714
로	본	부	0.035714
로	본	선	0.035714
로	볼	수	0.300000
로	볼	것	0.150000
로	부	상	0.168421
로	부	각	0.073684
로	부	과	0.073684
로	부	정	0.063158
로	부	진	0.063158
로	부	를	0.052632
로	부	산	0.052632
로	부	드	0.042105
로	부	부	0.042105
로	부	인	0.031579
로	부	문	0.031579
로	부	지	0.031579
로	분	양	0.184211
로	분	리	0.144737
로	분	산	0.118421
로	분	위	0.092105
로	분	열	0.065789
로	분	주	0.052632
로	분	해	0.052632
로	분	할	0.052632
로	분	명	0.039474
로	분	장	0.039474
로	분	사	0.039474
로	불	리	0.514423
로	불	린	0.120192
로	불	구	0.076923
로	불	가	0.038462
로	불	어	0.038462
로	불	안	0.033654
로	불	거	0.033654
로	불	을	0.019231
로	불	만	0.019231
로	불	법	0.019231
로	불	이	0.014423
로	비	드	0.173684
로	비	대	0.100000
로	비	판	0.089474
로	비	난	0.057895
로	비	를	0.052632
로	비	에	0.052632
로	비	상	0.036842
로	비	쳐	0.031579
로	비	칠	0.031579
로	비	자	0.031579
로	비	가	0.031579
로	비	화	0.021053
로	비	긴	0.021053
로	비	중	0.021053
로	비	공	0.015789
로	비	는	0.015789
로	비	전	0.015789
로	비	의	0.015789
로	비	타	0.015789
로	빌	라	0.500000
로	빛	을	0.375000
로	빼	돌	0.333333
로	사	과	0.148718
로	사	고	0.092308
로	사	건	0.076923
로	사	진	0.076923
로	사	상	0.076923
로	사	랑	0.066667
로	사	라	0.066667
로	사	는	0.051282
로	사	들	0.030769
로	사	가	0.025641
로	사	전	0.025641
로	사	우	0.020513
로	사	무	0.020513
로	사	적	0.015385
로	사	형	0.015385
로	사	명	0.015385
로	사	안	0.015385
로	산	정	0.260870
로	산	불	0.173913
로	살	아	0.333333
로	살	해	0.259259
로	살	피	0.111111
로	살	고	0.092593
로	삶	의	0.500000
로	삶	을	0.333333
로	상	대	0.250000
로	상	호	0.118421
로	상	장	0.092105
로	상	하	0.052632
로	상	의	0.039474
로	상	위	0.039474
로	새	로	0.508197
로	새	롭	0.163934
로	새	정	0.114754
로	새	벽	0.081967
로	서	의	0.136024
로	서	는	0.131540
로	서	울	0.107623
로	서	비	0.040359
로	서	도	0.028401
로	서	이	0.026906
로	서	사	0.014948
로	서	가	0.014948
로	서	정	0.013453
로	서	역	0.013453
로	서	책	0.013453
로	서	경	0.013453
로	서	그	0.013453
로	서	지	0.013453
로	서	방	0.011958
로	서	로	0.011958
로	서	자	0.011958
로	서	한	0.010463
로	서	서	0.010463
로	서	부	0.008969
로	서	제	0.008969
로	서	리	0.008969
로	서	어	0.007474
로	서	현	0.007474
로	서	개	0.007474
로	서	존	0.007474
로	서	무	0.007474
로	서	중	0.007474
로	서	저	0.007474
로	서	인	0.007474
로	선	정	0.456067
로	선	거	0.075314
로	선	발	0.075314
로	선	수	0.037657
로	선	전	0.033473
로	선	별	0.020921
로	선	진	0.016736
로	선	포	0.016736
로	선	사	0.012552
로	선	방	0.012552
로	선	일	0.012552
로	선	대	0.012552
로	선	이	0.012552
로	설	정	0.480000
로	설	명	0.333333
로	설	문	0.106667
로	성	장	0.727891
로	성	공	0.068027
로	성	사	0.020408
로	성	별	0.020408
로	성	적	0.020408
로	성	전	0.020408
로	성	과	0.020408
로	세	로	0.147887
로	세	상	0.140845
로	세	우	0.133803
로	세	서	0.133803
로	세	분	0.070423
로	세	워	0.056338
로	세	금	0.042254
로	세	입	0.028169
로	세	수	0.021127
로	세	번	0.021127
로	세	운	0.021127
로	소	비	0.232394
로	소	개	0.133803
로	소	통	0.119718
로	소	화	0.042254
로	소	상	0.035211
로	소	방	0.028169
로	소	명	0.028169
로	소	집	0.028169
로	소	수	0.028169
로	소	주	0.028169
로	소	형	0.021127
로	소	문	0.021127
로	소	중	0.021127
로	속	도	0.416667
로	손	해	0.210526
로	손	을	0.184211
로	손	상	0.131579
로	손	흥	0.105263
로	손	님	0.105263
로	수	사	0.201031
로	수	요	0.067010
로	수	도	0.067010
로	수	입	0.051546
로	수	소	0.051546
로	수	길	0.036082
로	수	위	0.036082
로	수	정	0.036082
로	수	시	0.036082
로	수	집	0.030928
로	수	술	0.030928
로	수	원	0.030928
로	수	상	0.025773
로	수	가	0.025773
로	수	천	0.020619
로	수	리	0.015464
로	수	백	0.015464
로	수	개	0.015464
로	수	세	0.015464
로	수	수	0.015464
로	순	위	0.250000
로	순	방	0.166667
로	순	차	0.125000
로	술	을	0.800000
로	숨	진	0.520000
로	숨	지	0.240000
로	시	간	0.209059
로	시	의	0.191638
로	시	장	0.121951
로	시	미	0.083624
로	시	마	0.048780
로	시	사	0.024390
로	시	신	0.020906
로	시	가	0.020906
로	시	하	0.020906
로	시	공	0.017422
로	시	대	0.017422
로	시	위	0.017422
로	시	를	0.017422
로	시	중	0.017422
로	시	야	0.013937
로	시	설	0.013937
로	시	는	0.013937
로	시	술	0.013937
로	시	에	0.010453
로	시	각	0.010453
로	시	세	0.010453
로	시	리	0.010453
로	신	고	0.311688
로	신	속	0.168831
로	신	경	0.077922
로	신	설	0.051948
로	신	세	0.038961
로	신	형	0.038961
로	싸	우	0.400000
로	써	미	0.043210
로	써	사	0.043210
로	써	대	0.037037
로	써	이	0.037037
로	써	전	0.030864
로	써	지	0.030864
로	써	서	0.024691
로	써	자	0.024691
로	써	발	0.024691
로	써	공	0.018519
로	써	일	0.018519
로	써	그	0.018519
로	써	아	0.018519
로	써	가	0.018519
로	써	고	0.018519
로	써	피	0.018519
로	써	경	0.018519
로	쓴	다	0.250000
로	아	이	0.246575
로	아	무	0.123288
로	아	시	0.095890
로	아	바	0.068493
로	아	쉬	0.054795
로	아	들	0.054795
로	아	내	0.041096
로	아	주	0.041096
로	악	화	0.541667
로	악	명	0.166667
로	안	다	0.251852
로	안	전	0.222222
로	안	정	0.140741
로	안	내	0.111111
로	안	건	0.029630
로	안	되	0.029630
로	안	타	0.022222
로	알	고	0.760563
로	알	아	0.056338
로	알	리	0.056338
로	앞	으	0.258065
로	앞	선	0.225806
로	앞	서	0.193548
로	앞	에	0.177419
로	야	구	0.887324
로	약	속	0.458333
로	약	화	0.083333
로	약	정	0.083333
로	약	을	0.062500
로	약	수	0.062500
로	약	물	0.062500
로	양	자	0.129032
로	양	성	0.129032
로	양	호	0.096774
로	양	재	0.096774
로	어	린	0.196078
로	어	머	0.117647
로	어	디	0.058824
로	어	를	0.058824
로	어	리	0.058824
로	엄	정	0.428571
로	에	서	0.429293
로	에	게	0.106061
로	에	대	0.085859
로	에	너	0.065657
로	에	는	0.025253
로	에	어	0.020202
로	에	차	0.015152
로	에	도	0.015152
로	에	설	0.015152
로	에	비	0.015152
로	여	성	0.333333
로	여	야	0.140351
로	여	긴	0.087719
로	여	전	0.087719
로	여	자	0.070175
로	여	는	0.052632
로	여	길	0.052632
로	역	대	0.519481
로	역	전	0.142857
로	역	할	0.103896
로	역	시	0.064935
로	역	사	0.051948
로	역	에	0.038961
로	열	린	0.584270
로	열	리	0.123596
로	열	어	0.044944
로	열	악	0.033708
로	열	차	0.033708
로	열	게	0.033708
로	영	화	0.195652
로	영	입	0.195652
로	영	상	0.173913
로	영	양	0.086957
로	영	장	0.086957
로	영	역	0.065217
로	옆	에	0.478261
로	옆	집	0.130435
로	예	상	0.829412
로	예	정	0.068627
로	예	산	0.017647
로	예	약	0.017647
로	예	고	0.015686
로	예	술	0.007843
로	예	방	0.007843
로	예	비	0.005882
로	예	배	0.005882
로	예	년	0.005882
로	예	매	0.005882
로	오	는	0.203704
로	오	늘	0.111111
로	오	후	0.111111
로	오	를	0.064815
로	오	미	0.055556
로	오	전	0.055556
로	오	인	0.046296
로	오	해	0.037037
로	오	세	0.037037
로	오	차	0.027778
로	오	피	0.027778
로	오	리	0.027778
로	온	라	0.523810
로	올	해	0.374332
로	올	라	0.358289
로	올	리	0.106952
로	올	린	0.069519
로	올	시	0.021390
로	올	바	0.016043
로	와	서	0.092593
로	와	인	0.074074
로	와	공	0.074074
로	와	지	0.055556
로	와	이	0.055556
로	왜	곡	1.000000
로	요	구	0.411765
로	요	약	0.205882
로	요	금	0.088235
로	요	리	0.088235
로	우	리	0.515528
로	우	주	0.093168
로	우	수	0.049689
로	우	선	0.043478
로	우	서	0.018634
로	우	를	0.018634
로	우	바	0.018634
로	우	울	0.018634
로	운	영	0.138991
로	운	시	0.040590
로	운	사	0.033210
로	운	전	0.033210
로	운	정	0.025830
로	운	경	0.022140
로	운	대	0.020910
로	운	인	0.019680
로	운	물	0.019680
로	운	비	0.018450
로	운	지	0.018450
로	운	미	0.017220
로	운	세	0.017220
로	운	제	0.017220
로	운	가	0.015990
로	운	도	0.015990
로	운	이	0.014760
로	운	공	0.014760
로	운	형	0.014760
로	운	일	0.013530
로	운	아	0.013530
로	운	방	0.013530
로	운	것	0.012300
로	운	상	0.012300
로	운	의	0.011070
로	운	자	0.011070
로	운	삶	0.009840
로	운	분	0.009840
로	운	서	0.009840
로	운	선	0.008610
로	울	수	0.238095
로	울	산	0.190476
로	워	진	0.159091
로	워	서	0.136364
로	워	수	0.136364
로	워	하	0.136364
로	워	지	0.090909
로	워	가	0.068182
로	워	들	0.068182
로	원	자	0.184615
로	원	하	0.107692
로	원	화	0.076923
로	원	전	0.061538
로	원	구	0.046154
로	원	상	0.046154
로	위	반	0.140351
로	위	장	0.140351
로	위	원	0.105263
로	위	에	0.105263
로	위	상	0.070175
로	위	를	0.070175
로	위	로	0.052632
로	위	법	0.052632
로	으	로	1.000000
로	음	주	0.333333
로	음	악	0.333333
로	응	원	0.466667
로	의	전	0.110638
로	의	사	0.063830
로	의	말	0.046809
로	의	이	0.038298
로	의	미	0.038298
로	의	정	0.029787
로	의	대	0.025532
로	의	원	0.025532
로	의	마	0.025532
로	의	수	0.025532
로	의	지	0.021277
로	의	확	0.021277
로	의	진	0.021277
로	의	한	0.021277
로	의	상	0.021277
로	의	삶	0.017021
로	의	도	0.017021
로	의	소	0.017021
로	의	존	0.012766
로	의	무	0.012766
로	의	약	0.012766
로	의	역	0.012766
로	의	아	0.012766
로	의	자	0.012766
로	의	제	0.012766
로	이	어	0.325472
로	이	드	0.066038
로	이	전	0.048349
로	이	해	0.044811
로	이	미	0.031840
로	이	번	0.031840
로	이	루	0.029481
로	이	날	0.029481
로	이	사	0.025943
로	이	를	0.024764
로	이	야	0.021226
로	이	재	0.018868
로	이	들	0.017689
로	이	대	0.015330
로	이	주	0.015330
로	이	자	0.014151
로	이	적	0.014151
로	이	란	0.012972
로	이	씨	0.010613
로	이	의	0.009434
로	이	제	0.008255
로	이	후	0.008255
로	이	는	0.008255
로	이	정	0.007075
로	이	탈	0.007075
로	이	중	0.007075
로	이	시	0.007075
로	이	달	0.007075
로	이	문	0.005896
로	이	길	0.005896
로	인	해	0.413761
로	인	한	0.347706
로	인	정	0.083486
로	인	상	0.020183
로	인	사	0.018349
로	인	천	0.014679
로	인	수	0.012844
로	인	도	0.011927
로	인	하	0.011009
로	인	구	0.010092
로	인	지	0.007339
로	인	명	0.007339
로	인	간	0.006422
로	인	선	0.003670
로	일	본	0.147826
로	일	부	0.143478
로	일	하	0.139130
로	일	반	0.073913
로	일	단	0.043478
로	일	대	0.043478
로	일	정	0.043478
로	일	상	0.043478
로	일	을	0.039130
로	일	자	0.034783
로	일	어	0.030435
로	일	한	0.030435
로	일	할	0.017391
로	일	일	0.017391
로	일	원	0.013043
로	일	주	0.013043
로	일	제	0.013043
로	입	건	0.293233
로	입	장	0.165414
로	입	원	0.082707
로	입	소	0.045113
로	입	법	0.037594
로	입	양	0.037594
로	입	주	0.037594
로	입	구	0.030075
로	입	성	0.022556
로	입	지	0.022556
로	입	은	0.022556
로	입	대	0.022556
로	입	단	0.022556
로	입	금	0.022556
로	자	리	0.291892
로	자	신	0.116216
로	자	들	0.075676
로	자	의	0.059459
로	자	가	0.054054
로	자	대	0.035135
로	자	금	0.029730
로	자	는	0.024324
로	자	를	0.024324
로	자	주	0.018919
로	자	에	0.018919
로	자	로	0.013514
로	자	세	0.010811
로	자	사	0.010811
로	자	도	0.010811
로	자	수	0.010811
로	자	원	0.008108
로	자	제	0.008108
로	자	라	0.008108
로	자	영	0.008108
로	자	와	0.008108
로	잘	알	0.263158
로	잘	못	0.236842
로	잘	라	0.105263
로	잠	정	0.541667
로	잠	시	0.166667
로	잠	수	0.125000
로	장	애	0.272727
로	장	을	0.181818
로	장	악	0.090909
로	재	판	0.454082
로	재	탄	0.081633
로	재	정	0.066327
로	재	현	0.045918
로	재	해	0.045918
로	재	배	0.030612
로	재	난	0.025510
로	재	개	0.025510
로	재	단	0.020408
로	재	산	0.020408
로	재	조	0.020408
로	재	건	0.020408
로	재	분	0.015306
로	재	구	0.015306
로	재	선	0.015306
로	저	장	0.131579
로	저	는	0.078947
로	저	를	0.078947
로	저	소	0.078947
로	저	가	0.078947
로	저	지	0.078947
로	적	시	0.186047
로	적	은	0.116279
로	적	절	0.093023
로	적	을	0.093023
로	적	혀	0.069767
로	적	다	0.069767
로	적	발	0.069767
로	전	해	0.498571
로	전	년	0.110000
로	전	달	0.080000
로	전	세	0.047143
로	전	날	0.047143
로	전	주	0.035714
로	전	문	0.022857
로	전	개	0.017143
로	전	화	0.015714
로	전	시	0.014286
로	전	반	0.007143
로	전	이	0.005714
로	전	하	0.004286
로	전	원	0.004286
로	전	셋	0.004286
로	전	통	0.004286
로	전	방	0.004286
로	전	혀	0.004286
로	전	분	0.004286
로	전	일	0.004286
로	절	반	0.458333
로	절	대	0.208333
로	절	차	0.125000
로	절	단	0.125000
로	점	차	0.333333
로	점	수	0.333333
로	정	부	0.236934
로	정	리	0.097561
로	정	상	0.094077
로	정	하	0.090592
로	정	해	0.076655
로	정	확	0.069686
로	정	의	0.055749
로	정	책	0.045296
로	정	신	0.034843
로	정	한	0.020906
로	정	점	0.017422
로	정	말	0.013937
로	정	비	0.013937
로	정	무	0.013937
로	정	할	0.013937
로	정	지	0.013937
로	제	공	0.221402
로	제	한	0.217712
로	제	시	0.154982
로	제	안	0.040590
로	제	거	0.036900
로	제	도	0.029520
로	제	주	0.029520
로	제	재	0.025830
로	제	어	0.025830
로	제	가	0.022140
로	제	정	0.022140
로	제	조	0.018450
로	제	약	0.014760
로	제	대	0.014760
로	제	자	0.014760
로	제	를	0.011070
로	제	로	0.011070
로	조	사	0.539216
로	조	성	0.166667
로	조	정	0.094771
로	조	절	0.045752
로	조	금	0.026144
로	조	선	0.022876
로	조	명	0.009804
로	조	속	0.009804
로	조	바	0.009804
로	조	달	0.009804
로	존	재	0.526316
로	존	중	0.210526
로	주	목	0.241830
로	주	요	0.078431
로	주	장	0.071895
로	주	문	0.065359
로	주	거	0.045752
로	주	가	0.039216
로	주	차	0.039216
로	주	고	0.039216
로	주	저	0.039216
로	주	의	0.032680
로	주	로	0.026144
로	주	말	0.026144
로	주	인	0.019608
로	주	재	0.019608
로	주	간	0.019608
로	준	비	0.696970
로	줄	어	0.469136
로	줄	이	0.259259
로	줄	인	0.074074
로	줄	고	0.049383
로	줄	여	0.049383
로	중	단	0.229730
로	중	요	0.202703
로	중	대	0.094595
로	중	장	0.054054
로	중	간	0.054054
로	중	고	0.040541
로	중	소	0.040541
로	즉	시	0.500000
로	즉	각	0.416667
로	지	난	0.268983
로	지	정	0.186615
로	지	원	0.088803
로	지	목	0.052767
로	지	역	0.051480
로	지	명	0.033462
로	지	지	0.029601
로	지	적	0.023166
로	지	속	0.023166
로	지	하	0.021879
로	지	금	0.020592
로	지	어	0.018018
로	지	방	0.015444
로	지	도	0.011583
로	지	내	0.009009
로	지	구	0.009009
로	지	친	0.009009
로	지	는	0.007722
로	지	자	0.006435
로	지	나	0.006435
로	지	불	0.006435
로	지	가	0.006435
로	지	키	0.006435
로	지	배	0.005148
로	지	탄	0.003861
로	지	선	0.003861
로	지	반	0.003861
로	지	대	0.003861
로	지	상	0.003861
로	진	입	0.318584
로	진	화	0.176991
로	진	단	0.115044
로	진	술	0.097345
로	진	정	0.044248
로	진	로	0.035398
로	진	전	0.026549
로	질	의	0.315789
로	질	병	0.157895
로	짐	을	0.750000
로	집	중	0.227273
로	집	을	0.181818
로	집	에	0.136364
로	집	무	0.113636
로	집	필	0.068182
로	집	주	0.068182
로	집	어	0.068182
로	짓	는	1.000000
로	차	별	0.237288
로	차	단	0.169492
로	차	이	0.084746
로	차	질	0.067797
로	차	를	0.067797
로	차	분	0.050847
로	찬	성	0.500000
로	참	여	0.804348
로	참	사	0.086957
로	참	가	0.076087
로	채	워	0.416667
로	채	우	0.166667
로	채	울	0.083333
로	채	고	0.083333
로	책	정	0.791667
로	천	천	0.363636
로	첫	발	0.266667
로	초	대	0.300000
로	초	등	0.100000
로	초	반	0.100000
로	총	리	0.157895
로	총	을	0.157895
로	총	지	0.157895
로	친	구	0.307692
로	친	해	0.230769
로	커	의	0.131148
로	커	는	0.081967
로	커	진	0.081967
로	커	피	0.065574
로	커	지	0.065574
로	커	질	0.065574
로	커	를	0.065574
로	커	로	0.065574
로	커	조	0.049180
로	커	다	0.049180
로	커	들	0.049180
로	코	로	0.773109
로	코	는	0.033613
로	코	인	0.033613
로	코	의	0.033613
로	콜	리	0.500000
로	큰	피	0.102041
로	큰	호	0.102041
로	큰	도	0.102041
로	큰	사	0.081633
로	큰	인	0.081633
로	큰	돈	0.061224
로	큰	차	0.061224
로	키	우	0.480000
로	키	워	0.240000
로	키	이	0.160000
로	타	이	0.166667
로	탄	소	0.421053
로	탄	도	0.210526
로	탈	바	0.800000
로	통	과	0.292929
로	통	하	0.141414
로	통	제	0.111111
로	통	한	0.090909
로	통	화	0.060606
로	통	일	0.050505
로	통	신	0.040404
로	통	의	0.030303
로	통	산	0.030303
로	통	역	0.030303
로	투	자	0.507937
로	투	입	0.190476
로	투	병	0.079365
로	투	명	0.063492
로	투	영	0.047619
로	투	약	0.047619
로	팀	을	0.428571
로	팀	에	0.190476
로	팀	의	0.190476
로	판	단	0.709677
로	판	매	0.172043
로	판	정	0.064516
로	판	명	0.016129
로	폐	허	0.428571
로	폐	지	0.357143
로	포	함	0.175000
로	포	돌	0.175000
로	포	노	0.075000
로	포	를	0.075000
로	포	니	0.075000
로	폰	을	0.304348
로	폰	투	0.130435
로	폴	리	0.642857
로	풀	이	0.889952
로	풀	어	0.071770
로	풀	리	0.014354
로	피	해	0.493506
로	피	를	0.181818
로	피	고	0.045455
로	피	에	0.032468
로	피	의	0.025974
로	피	란	0.019481
로	피	로	0.019481
로	피	는	0.019481
로	피	난	0.019481
로	필	요	0.444444
로	필	을	0.133333
로	필	수	0.111111
로	하	는	0.466200
로	하	고	0.193473
로	하	지	0.079254
로	하	루	0.062937
로	하	여	0.039627
로	하	자	0.020979
로	하	늘	0.018648
로	하	나	0.016317
로	하	라	0.011655
로	하	되	0.011655
로	하	도	0.011655
로	하	반	0.011655
로	하	이	0.009324
로	하	위	0.009324
로	한	다	0.200000
로	한	것	0.073333
로	한	미	0.057778
로	한	가	0.037778
로	한	정	0.033333
로	한	반	0.024444
로	한	전	0.022222
로	한	화	0.020000
로	한	이	0.015556
로	한	일	0.015556
로	한	달	0.015556
로	한	방	0.015556
로	한	차	0.015556
로	한	시	0.015556
로	한	중	0.013333
로	한	대	0.011111
로	한	상	0.011111
로	한	사	0.011111
로	한	자	0.011111
로	한	성	0.011111
로	한	약	0.011111
로	한	장	0.008889
로	한	신	0.008889
로	한	단	0.008889
로	한	조	0.008889
로	한	수	0.008889
로	한	양	0.008889
로	한	바	0.008889
로	한	만	0.008889
로	한	강	0.008889
로	할	지	0.375000
로	할	것	0.250000
로	해	서	0.160920
로	해	소	0.137931
로	해	야	0.091954
로	해	주	0.045977
로	해	명	0.034483
로	해	지	0.034483
로	해	내	0.034483
로	해	마	0.034483
로	해	양	0.034483
로	허	가	0.320000
로	허	위	0.280000
로	허	리	0.200000
로	현	재	0.428571
로	현	장	0.255102
로	현	대	0.122449
로	현	지	0.071429
로	현	금	0.030612
로	형	성	0.391304
로	형	사	0.304348
로	형	집	0.130435
로	형	상	0.130435
로	호	주	0.200000
로	호	명	0.160000
로	호	우	0.120000
로	호	투	0.120000
로	화	물	0.210526
로	화	제	0.171053
로	화	상	0.105263
로	화	재	0.078947
로	화	가	0.065789
로	화	를	0.052632
로	화	장	0.052632
로	화	사	0.052632
로	화	성	0.039474
로	화	천	0.039474
로	확	인	0.424299
로	확	대	0.306542
로	확	산	0.085981
로	확	장	0.078505
로	확	정	0.052336
로	확	진	0.029907
로	확	신	0.013084
로	후	원	0.400000
로	휴	대	0.500000
로	휴	가	0.187500
로	휴	게	0.187500
로	흥	을	0.750000
로	힘	들	0.423077
로	힘	을	0.384615
로	힘	든	0.115385
론	가	는	0.535714
론	가	들	0.107143
론	개	인	1.000000
론	과	의	0.140000
론	과	정	0.100000
론	과	인	0.080000
론	과	대	0.060000
론	과	거	0.060000
론	내	리	0.500000
론	노	조	0.875000
론	대	응	0.535714
론	도	나	0.153846
론	도	이	0.115385
론	되	는	0.478261
론	되	고	0.347826
론	되	지	0.108696
론	된	다	0.862069
론	들	은	0.645161
론	들	이	0.225806
론	등	을	0.333333
론	등	이	0.185185
론	등	의	0.148148
론	무	인	0.750000
론	바	이	1.000000
론	분	열	0.750000
론	사	를	0.119048
론	사	의	0.119048
론	사	에	0.095238
론	사	라	0.071429
론	에	서	0.371134
론	에	대	0.097938
론	에	도	0.041237
론	에	공	0.041237
론	에	참	0.036082
론	에	이	0.025773
론	에	나	0.020619
론	에	선	0.020619
론	에	알	0.020619
론	에	배	0.020619
론	에	는	0.020619
론	에	재	0.015464
론	에	힘	0.015464
론	에	여	0.015464
론	에	게	0.015464
론	우	리	0.875000
론	위	원	0.571429
론	으	로	1.000000
론	은	이	0.061538
론	은	지	0.061538
론	은	아	0.061538
론	은	부	0.046154
론	은	어	0.046154
론	은	한	0.046154
론	은	인	0.046154
론	은	정	0.046154
론	을	내	0.233051
론	을	통	0.063559
론	을	제	0.063559
론	을	정	0.029661
론	을	하	0.025424
론	을	주	0.025424
론	을	만	0.021186
론	을	공	0.021186
론	을	의	0.021186
론	을	이	0.021186
론	을	벌	0.016949
론	을	들	0.016949
론	을	발	0.016949
론	을	더	0.012712
론	을	도	0.012712
론	을	거	0.012712
론	을	부	0.012712
론	을	낼	0.012712
론	을	분	0.012712
론	을	강	0.012712
론	을	인	0.012712
론	을	진	0.012712
론	을	조	0.012712
론	의	자	0.152778
론	의	주	0.055556
론	의	중	0.055556
론	의	역	0.041667
론	의	확	0.041667
론	의	하	0.041667
론	이	고	0.322981
론	이	나	0.080745
론	이	다	0.040373
론	이	이	0.037267
론	이	아	0.031056
론	이	라	0.031056
론	이	불	0.021739
론	이	커	0.015528
론	이	거	0.015528
론	이	만	0.012422
론	이	지	0.012422
론	이	일	0.012422
론	이	들	0.012422
론	이	제	0.012422
론	이	자	0.012422
론	이	갈	0.009317
론	이	든	0.009317
론	이	어	0.009317
론	이	대	0.009317
론	이	란	0.009317
론	이	조	0.009317
론	이	우	0.009317
론	이	전	0.009317
론	이	열	0.009317
론	인	이	0.290323
론	인	들	0.096774
론	인	을	0.096774
론	입	니	1.000000
론	자	들	0.300000
론	자	로	0.250000
론	자	라	0.150000
론	적	인	0.333333
론	적	으	0.208333
론	적	입	0.125000
론	전	에	0.250000
론	전	을	0.250000
론	정	부	0.333333
론	조	사	0.982143
론	중	재	0.833333
론	지	형	0.200000
론	지	역	0.200000
론	진	흥	0.750000
론	참	여	0.750000
론	통	제	1.000000
론	하	고	0.392157
론	하	는	0.215686
론	하	지	0.156863
론	하	위	0.078431
론	한	다	0.363636
론	할	때	0.600000
론	화	를	0.193548
론	화	과	0.193548
론	화	해	0.129032
론	확	산	0.629630
론	확	진	0.370370
롭	게	선	0.075556
롭	게	도	0.057778
롭	게	구	0.040000
롭	게	시	0.035556
롭	게	하	0.031111
롭	게	만	0.031111
롭	게	이	0.031111
롭	게	진	0.031111
롭	게	개	0.022222
롭	게	한	0.022222
롭	게	주	0.022222
롭	게	문	0.017778
롭	게	해	0.017778
롭	게	말	0.017778
롭	게	영	0.017778
롭	게	대	0.013333
롭	게	나	0.013333
롭	게	조	0.013333
롭	게	정	0.013333
롭	게	발	0.013333
롭	게	무	0.013333
롭	게	마	0.013333
롭	게	사	0.013333
롭	게	일	0.013333
롭	게	가	0.013333
롭	게	부	0.013333
롭	고	개	0.156250
롭	고	안	0.093750
롭	고	열	0.093750
롭	다	는	0.500000
롭	다	고	0.500000
롭	지	못	0.615385
롭	지	만	0.307692
롭	초	등	1.000000
롭	힘	을	0.272727
롭	힘	이	0.181818
롭	힘	의	0.121212
롭	힘	으	0.090909
롭	힘	문	0.090909
만	가	구	0.373134
만	가	지	0.119403
만	가	장	0.089552
만	가	입	0.044776
만	간	발	0.111111
만	간	이	0.063492
만	간	해	0.047619
만	간	우	0.047619
만	간	김	0.047619
만	강	원	0.250000
만	강	제	0.150000
만	개	의	0.160920
만	개	를	0.114943
만	개	이	0.091954
만	개	인	0.080460
만	개	정	0.068966
만	개	사	0.057471
만	개	가	0.034483
만	개	에	0.034483
만	개	나	0.034483
만	거	리	0.312500
만	거	주	0.250000
만	건	으	0.122449
만	건	을	0.122449
만	건	이	0.102041
만	건	의	0.102041
만	건	물	0.081633
만	건	설	0.081633
만	건	강	0.081633
만	건	에	0.081633
만	건	대	0.081633
만	것	이	1.000000
만	경	제	0.437500
만	경	영	0.250000
만	고	위	0.230769
만	공	사	0.212766
만	공	수	0.085106
만	공	개	0.063830
만	공	공	0.063830
만	과	의	0.128205
만	과	거	0.128205
만	과	미	0.076923
만	과	세	0.076923
만	구	매	0.368421
만	구	성	0.263158
만	군	이	0.230769
만	그	는	0.173184
만	그	것	0.072626
만	그	의	0.061453
만	그	때	0.055866
만	그	루	0.039106
만	그	에	0.033520
만	그	중	0.033520
만	그	이	0.033520
만	그	가	0.027933
만	그	게	0.027933
만	그	간	0.022346
만	그	건	0.022346
만	그	린	0.022346
만	그	만	0.022346
만	그	들	0.022346
만	그	시	0.016760
만	그	뒤	0.016760
만	그	여	0.016760
만	그	사	0.016760
만	글	로	0.571429
만	금	리	0.388889
만	금	지	0.222222
만	길	이	1.000000
만	김	대	0.172414
만	김	의	0.103448
만	김	씨	0.103448
만	끝	내	0.666667
만	나	는	0.115970
만	나	고	0.068441
만	나	이	0.055133
만	나	볼	0.049430
만	나	지	0.041825
만	나	오	0.034221
만	나	서	0.032319
만	나	게	0.022814
만	나	한	0.020913
만	나	자	0.019011
만	나	대	0.019011
만	나	사	0.015209
만	나	아	0.011407
만	나	인	0.011407
만	나	저	0.011407
만	나	의	0.011407
만	나	전	0.011407
만	나	일	0.011407
만	나	와	0.011407
만	나	라	0.009506
만	나	안	0.009506
만	나	다	0.009506
만	나	현	0.009506
만	나	양	0.009506
만	나	중	0.009506
만	나	야	0.009506
만	나	우	0.009506
만	나	공	0.007605
만	나	해	0.007605
만	나	상	0.007605
만	난	다	0.187845
만	난	자	0.093923
만	난	것	0.088398
만	난	이	0.060773
만	난	적	0.049724
만	난	뒤	0.049724
만	난	사	0.038674
만	난	한	0.027624
만	난	그	0.022099
만	난	주	0.022099
만	난	시	0.016575
만	난	노	0.016575
만	날	수	0.500000
만	날	예	0.141026
만	날	때	0.089744
만	날	것	0.076923
만	내	부	0.225000
만	내	가	0.175000
만	내	년	0.150000
만	너	무	0.833333
만	년	전	0.705882
만	노	조	0.230769
만	늘	어	0.583333
만	다	음	0.179487
만	다	시	0.153846
만	다	수	0.128205
만	다	양	0.076923
만	다	를	0.076923
만	단	순	0.307692
만	달	리	0.400000
만	달	라	0.300000
만	대	통	0.188235
만	대	를	0.105882
만	대	로	0.082353
만	대	부	0.064706
만	대	에	0.058824
만	대	선	0.035294
만	대	이	0.035294
만	대	법	0.029412
만	대	의	0.029412
만	대	가	0.029412
만	대	만	0.023529
만	대	응	0.023529
만	대	전	0.023529
만	대	장	0.017647
만	대	다	0.017647
만	대	사	0.017647
만	대	판	0.017647
만	대	수	0.017647
만	더	불	0.160000
만	더	하	0.160000
만	더	이	0.120000
만	도	시	0.187500
만	도	못	0.093750
만	돈	을	0.666667
만	돌	아	0.545455
만	되	풀	0.714286
만	두	고	0.145833
만	두	라	0.125000
만	두	는	0.104167
만	두	등	0.083333
만	드	는	0.976923
만	드	라	0.019231
만	든	다	0.245223
만	든	것	0.076433
만	든	뒤	0.035032
만	든	사	0.031847
만	든	전	0.028662
만	든	이	0.028662
만	든	제	0.028662
만	든	조	0.022293
만	든	그	0.019108
만	든	영	0.019108
만	든	가	0.019108
만	든	음	0.012739
만	든	공	0.012739
만	든	법	0.009554
만	든	대	0.009554
만	든	인	0.009554
만	든	비	0.009554
만	든	상	0.009554
만	든	우	0.009554
만	든	한	0.009554
만	든	소	0.009554
만	든	지	0.009554
만	든	게	0.009554
만	든	정	0.009554
만	든	방	0.009554
만	들	어	0.672821
만	들	고	0.147692
만	들	수	0.067692
만	들	지	0.024615
만	들	것	0.021538
만	들	때	0.011282
만	들	자	0.008205
만	들	예	0.006154
만	들	거	0.006154
만	들	게	0.006154
만	들	도	0.004103
만	들	필	0.004103
만	등	의	0.230769
만	때	로	0.666667
만	또	다	1.000000
만	마	리	0.277778
만	마	음	0.166667
만	마	지	0.166667
만	마	시	0.083333
만	막	상	0.428571
만	막	판	0.357143
만	만	들	0.208333
만	만	약	0.125000
만	만	한	0.125000
만	만	해	0.125000
만	만	일	0.125000
만	매	달	0.217391
만	머	물	0.700000
만	먼	저	1.000000
만	명	이	0.277696
만	명	을	0.181684
만	명	의	0.112260
만	명	에	0.096012
만	명	대	0.072378
만	명	으	0.054653
만	명	가	0.028065
만	명	정	0.016248
만	명	분	0.016248
만	명	인	0.014771
만	명	수	0.013294
만	명	은	0.010340
만	명	아	0.010340
만	명	양	0.008863
만	명	늘	0.007386
만	명	확	0.005908
만	명	안	0.005908
만	명	시	0.004431
만	명	미	0.004431
만	명	선	0.004431
만	명	돌	0.004431
만	명	전	0.004431
만	문	제	0.545455
만	문	재	0.136364
만	문	화	0.113636
만	문	대	0.090909
만	물	가	0.400000
만	물	을	0.150000
만	미	정	0.200000
만	바	라	0.400000
만	바	이	0.266667
만	바	로	0.166667
만	반	의	0.400000
만	반	영	0.133333
만	반	대	0.100000
만	발	한	0.176471
만	방	문	0.596491
만	방	역	0.157895
만	방	어	0.087719
만	방	위	0.052632
만	배	씨	0.600000
만	배	우	0.054545
만	배	후	0.054545
만	백	신	0.375000
만	벌	써	0.714286
만	법	원	0.400000
만	법	인	0.171429
만	법	적	0.114286
만	법	안	0.085714
만	별	다	0.300000
만	병	원	0.500000
만	본	인	0.368421
만	본	다	0.157895
만	본	섬	0.157895
만	부	정	0.100000
만	부	가	0.100000
만	부	인	0.100000
만	부	상	0.100000
만	분	명	0.200000
만	분	의	0.200000
만	불	법	0.200000
만	불	과	0.200000
만	비	대	0.190476
만	빼	고	0.375000
만	사	우	0.122449
만	사	이	0.102041
만	사	고	0.102041
만	사	전	0.061224
만	사	적	0.061224
만	살	아	0.875000
만	상	대	0.636364
만	새	로	0.388889
만	새	정	0.277778
만	서	울	0.464286
만	서	방	0.142857
만	서	비	0.107143
만	서	로	0.107143
만	선	거	0.357143
만	선	별	0.107143
만	성	질	0.296296
만	성	적	0.148148
만	성	공	0.074074
만	성	인	0.055556
만	세	대	0.233333
만	세	를	0.166667
만	세	금	0.100000
만	세	부	0.100000
만	세	제	0.100000
만	세	번	0.100000
만	소	비	0.312500
만	소	속	0.125000
만	수	사	0.266667
만	수	도	0.155556
만	시	장	0.282609
만	시	간	0.260870
만	시	설	0.108696
만	신	경	0.166667
만	아	니	0.866013
만	아	무	0.045752
만	아	이	0.029412
만	아	쉬	0.016340
만	아	내	0.009804
만	악	에	0.750000
만	안	전	0.218750
만	안	정	0.093750
만	안	구	0.093750
만	알	고	0.500000
만	앞	으	0.633333
만	앞	서	0.233333
만	약	이	0.120690
만	약	에	0.068966
만	약	대	0.043103
만	약	그	0.034483
만	약	의	0.034483
만	약	우	0.034483
만	약	소	0.025862
만	약	여	0.025862
만	약	사	0.025862
만	약	내	0.025862
만	약	가	0.025862
만	약	한	0.025862
만	약	속	0.025862
만	어	린	0.500000
만	어	머	0.166667
만	어	제	0.166667
만	엄	마	0.800000
만	에	가	0.088099
만	에	다	0.046368
만	에	대	0.043277
만	에	서	0.038640
만	에	재	0.024730
만	에	열	0.023184
만	에	사	0.023184
만	에	이	0.021638
만	에	나	0.021638
만	에	하	0.020093
만	에	정	0.018547
만	에	한	0.017002
만	에	첫	0.015456
만	에	역	0.013910
만	에	개	0.013910
만	에	공	0.012365
만	에	만	0.012365
만	에	마	0.012365
만	에	선	0.012365
만	에	도	0.012365
만	에	인	0.010819
만	에	무	0.010819
만	에	지	0.010819
만	에	돌	0.010819
만	에	전	0.010819
만	에	주	0.009274
만	에	불	0.009274
만	에	자	0.009274
만	에	고	0.009274
만	에	조	0.009274
만	여	명	0.297619
만	여	전	0.267857
만	여	개	0.083333
만	여	원	0.065476
만	여	성	0.047619
만	여	야	0.047619
만	여	론	0.023810
만	여	의	0.023810
만	여	대	0.023810
만	여	자	0.017857
만	여	건	0.017857
만	역	시	0.230769
만	역	대	0.230769
만	열	어	0.272727
만	영	화	0.461538
만	예	산	0.210526
만	예	금	0.157895
만	예	상	0.157895
만	오	미	0.240000
만	오	늘	0.200000
만	오	피	0.120000
만	올	해	0.790698
만	올	들	0.069767
만	왕	세	0.913043
만	우	리	0.811321
만	운	영	0.625000
만	운	전	0.375000
만	원	을	0.213650
만	원	이	0.171365
만	원	에	0.101632
만	원	으	0.089021
만	원	의	0.074184
만	원	대	0.035608
만	원	상	0.031899
만	원	과	0.020030
만	원	수	0.015579
만	원	를	0.015579
만	원	가	0.012611
만	원	등	0.012611
만	원	정	0.011869
만	원	인	0.011869
만	원	은	0.011128
만	원	지	0.008160
만	원	중	0.007418
만	원	미	0.006677
만	원	한	0.006677
만	원	로	0.006677
만	원	하	0.005935
만	원	늘	0.005935
만	원	와	0.005935
만	원	도	0.005193
만	원	만	0.005193
만	원	올	0.005193
만	원	부	0.005193
만	원	전	0.004451
만	원	선	0.004451
만	원	시	0.003709
만	위	원	0.437500
만	위	중	0.187500
만	위	안	0.187500
만	으	로	0.981818
만	으	론	0.018182
만	은	아	0.160714
만	은	더	0.053571
만	은	이	0.053571
만	은	중	0.053571
만	은	지	0.053571
만	은	세	0.053571
만	을	위	0.118056
만	을	방	0.111111
만	을	드	0.055556
만	을	제	0.055556
만	을	가	0.034722
만	을	사	0.034722
만	을	다	0.027778
만	을	중	0.027778
만	을	선	0.027778
만	을	바	0.020833
만	을	무	0.020833
만	을	고	0.020833
만	을	이	0.020833
만	을	공	0.020833
만	음	악	0.444444
만	의	시	0.039326
만	의	이	0.033708
만	의	존	0.033708
만	의	인	0.033708
만	의	차	0.033708
만	의	일	0.028090
만	의	미	0.028090
만	의	사	0.028090
만	의	비	0.028090
만	의	방	0.022472
만	의	무	0.022472
만	의	대	0.022472
만	의	아	0.022472
만	의	수	0.022472
만	의	장	0.022472
만	의	공	0.022472
만	의	자	0.016854
만	의	정	0.016854
만	의	제	0.016854
만	의	주	0.016854
만	의	도	0.016854
만	의	문	0.016854
만	의	중	0.016854
만	의	리	0.016854
만	의	첫	0.016854
만	의	경	0.016854
만	이	다	0.149786
만	이	번	0.101284
만	이	후	0.049929
만	이	날	0.049929
만	이	아	0.048502
만	이	를	0.042796
만	이	라	0.039943
만	이	는	0.035663
만	이	들	0.035663
만	이	제	0.031384
만	이	미	0.025678
만	이	대	0.022825
만	이	에	0.017118
만	이	와	0.012839
만	이	전	0.011412
만	이	것	0.011412
만	이	내	0.011412
만	이	사	0.009986
만	이	가	0.009986
만	이	지	0.008559
만	이	씨	0.008559
만	이	재	0.008559
만	이	커	0.008559
만	이	주	0.008559
만	이	란	0.008559
만	이	나	0.008559
만	이	자	0.008559
만	이	역	0.007133
만	이	경	0.005706
만	이	때	0.005706
만	인	지	0.200000
만	인	이	0.090000
만	인	사	0.060000
만	인	수	0.050000
만	인	도	0.050000
만	인	구	0.050000
만	인	천	0.050000
만	인	오	0.050000
만	인	정	0.040000
만	인	간	0.040000
만	인	데	0.030000
만	인	들	0.030000
만	인	경	0.030000
만	인	것	0.030000
만	인	올	0.030000
만	일	본	0.240000
만	일	부	0.160000
만	일	각	0.086667
만	일	반	0.073333
만	일	의	0.060000
만	일	단	0.040000
만	일	대	0.033333
만	일	에	0.026667
만	일	으	0.020000
만	일	이	0.020000
만	일	한	0.020000
만	일	상	0.020000
만	입	법	0.200000
만	입	장	0.150000
만	자	신	0.344828
만	장	일	0.363636
만	장	자	0.181818
만	장	을	0.106061
만	장	의	0.060606
만	장	애	0.045455
만	재	판	0.516129
만	재	산	0.129032
만	재	정	0.096774
만	저	는	0.250000
만	저	만	0.125000
만	적	어	0.304348
만	적	인	0.260870
만	적	이	0.173913
만	전	을	0.354839
만	전	문	0.139785
만	전	세	0.064516
만	전	자	0.064516
만	전	반	0.043011
만	전	정	0.032258
만	전	화	0.032258
만	전	년	0.032258
만	절	대	0.600000
만	점	을	0.269231
만	점	이	0.153846
만	점	에	0.153846
만	점	점	0.115385
만	점	자	0.115385
만	정	부	0.475610
만	정	확	0.109756
만	정	책	0.073171
만	정	도	0.036585
만	정	말	0.036585
만	정	해	0.036585
만	제	가	0.236842
만	제	대	0.236842
만	제	공	0.131579
만	제	한	0.105263
만	제	도	0.078947
만	조	금	0.153846
만	조	바	0.153846
만	조	사	0.115385
만	존	재	1.000000
만	주	로	0.117647
만	주	가	0.117647
만	주	의	0.078431
만	주	를	0.078431
만	주	고	0.058824
만	중	소	0.200000
만	중	장	0.160000
만	중	요	0.120000
만	중	대	0.120000
만	즉	시	1.000000
만	지	난	0.372781
만	지	금	0.213018
만	지	원	0.094675
만	지	역	0.047337
만	지	나	0.035503
만	지	지	0.023669
만	지	는	0.023669
만	지	도	0.017751
만	지	속	0.017751
만	지	하	0.017751
만	진	정	0.266667
만	집	중	0.708333
만	찬	에	0.347826
만	찬	을	0.304348
만	찬	은	0.086957
만	찬	장	0.086957
만	찬	자	0.057971
만	참	여	0.466667
만	채	를	0.250000
만	천	하	0.600000
만	초	대	0.400000
만	초	점	0.300000
만	총	통	0.571429
만	코	로	1.000000
만	키	울	0.428571
만	타	이	0.625000
만	통	일	0.611111
만	투	자	0.687500
만	투	입	0.187500
만	판	매	0.545455
만	피	해	0.457143
만	피	고	0.257143
만	필	수	0.375000
만	하	다	0.320000
만	하	는	0.200000
만	하	게	0.120000
만	하	고	0.114286
만	하	지	0.057143
만	하	더	0.034286
만	하	루	0.034286
만	하	자	0.028571
만	하	라	0.017143
만	하	이	0.017143
만	한	다	0.075472
만	한	사	0.061321
만	한	정	0.051887
만	한	장	0.047170
만	한	것	0.037736
만	한	상	0.033019
만	한	곳	0.033019
만	한	일	0.028302
만	한	성	0.028302
만	한	번	0.028302
만	한	전	0.028302
만	한	가	0.023585
만	한	은	0.023585
만	한	자	0.018868
만	한	수	0.018868
만	한	시	0.018868
만	한	여	0.014151
만	한	경	0.014151
만	한	신	0.014151
만	한	점	0.014151
만	한	나	0.014151
만	할	것	0.461538
만	해	도	0.763514
만	해	역	0.027027
만	해	서	0.020270
만	현	재	0.521739
만	현	장	0.159420
만	현	지	0.086957
만	현	대	0.086957
만	현	상	0.057971
만	호	공	0.250000
만	호	주	0.150000
만	호	를	0.150000
만	화	영	0.127273
만	화	가	0.109091
만	화	물	0.090909
만	화	책	0.072727
만	화	재	0.054545
만	화	에	0.054545
만	화	공	0.054545
만	화	를	0.054545
만	확	인	0.437500
만	확	진	0.437500
만	후	반	0.444444
맛	볼	수	1.000000
맛	비	가	0.666667
맛	에	대	0.375000
맛	으	로	1.000000
맛	을	내	0.137931
맛	을	선	0.103448
맛	이	나	0.200000
맛	집	을	0.263158
맛	집	으	0.263158
머	금	은	0.571429
머	금	고	0.428571
머	나	먼	0.833333
머	노	이	1.000000
머	니	가	0.148615
머	니	를	0.141058
머	니	는	0.138539
머	니	와	0.105793
머	니	의	0.080605
머	니	에	0.078086
머	니	들	0.035264
머	니	도	0.022670
머	니	사	0.015113
머	니	라	0.012594
머	니	로	0.012594
머	니	등	0.012594
머	니	김	0.010076
머	니	이	0.010076
머	니	인	0.010076
머	니	투	0.010076
머	니	장	0.007557
머	니	나	0.007557
머	니	전	0.007557
머	니	한	0.007557
머	니	하	0.007557
머	라	사	0.300000
머	라	이	0.300000
머	리	를	0.378601
머	리	에	0.139918
머	리	가	0.069959
머	리	위	0.049383
머	리	와	0.041152
머	리	부	0.024691
머	리	는	0.020576
머	리	발	0.020576
머	리	장	0.016461
머	리	채	0.016461
머	리	등	0.016461
머	리	만	0.012346
머	리	이	0.012346
머	리	의	0.012346
머	리	로	0.012346
머	무	는	0.666667
머	무	를	0.305556
머	물	고	0.514286
머	물	다	0.128571
머	물	지	0.085714
머	물	것	0.057143
머	물	예	0.057143
머	물	게	0.042857
머	신	에	0.307692
머	지	는	0.178947
머	지	지	0.084211
머	지	선	0.042105
머	지	부	0.042105
머	지	대	0.031579
머	지	인	0.031579
머	지	금	0.031579
몇	가	지	1.000000
몇	개	의	0.300000
몇	군	데	1.000000
몇	년	간	0.437500
몇	년	이	0.156250
몇	년	전	0.125000
몇	년	사	0.093750
몇	달	간	0.312500
몇	달	째	0.250000
몇	달	사	0.187500
몇	만	원	0.750000
몇	명	이	0.521739
몇	몇	의	0.115385
몇	백	만	0.636364
몇	번	을	0.400000
몇	번	이	0.300000
몇	분	이	0.500000
몇	시	간	1.000000
몇	의	원	1.000000
몇	점	의	1.000000
몇	주	간	0.428571
몇	해	전	1.000000
몸	과	마	1.000000
몸	노	인	1.000000
몸	도	마	0.800000
몸	무	게	1.000000
몸	살	을	0.444444
몸	속	에	0.750000
몸	안	에	1.000000
몸	에	서	0.151515
몸	에	이	0.090909
몸	으	로	1.000000
몸	을	만	0.106383
몸	을	가	0.085106
몸	을	고	0.063830
몸	을	날	0.063830
몸	을	풀	0.063830
몸	이	아	0.175000
몸	이	불	0.125000
몸	이	돼	0.075000
몸	집	을	0.500000
몸	짓	으	0.333333
몸	통	이	0.333333
물	가	상	0.278383
물	가	가	0.141524
물	가	지	0.085537
물	가	를	0.073095
물	가	안	0.069984
물	가	는	0.038880
물	가	에	0.038880
물	가	와	0.027994
물	가	오	0.024883
물	가	고	0.023328
물	가	로	0.018663
물	가	대	0.015552
물	가	등	0.013997
물	가	도	0.013997
물	가	인	0.009331
물	가	공	0.009331
물	가	및	0.007776
물	가	전	0.007776
물	가	운	0.007776
물	가	의	0.007776
물	가	정	0.007776
물	가	시	0.006221
물	가	부	0.006221
물	가	불	0.004666
물	가	하	0.004666
물	가	금	0.004666
물	가	경	0.004666
물	갈	이	1.000000
물	건	을	0.425926
물	건	이	0.138889
물	건	너	0.055556
물	건	의	0.055556
물	건	은	0.055556
물	건	들	0.037037
물	건	과	0.037037
물	건	에	0.027778
물	게	된	0.250000
물	경	제	0.928571
물	고	늘	0.263158
물	공	여	0.500000
물	공	장	0.200000
물	과	함	0.121212
물	구	조	0.444444
물	금	리	0.875000
물	길	이	0.600000
물	난	리	0.625000
물	내	부	0.444444
물	놀	이	1.000000
물	다	양	0.619048
물	단	지	0.625000
물	단	백	0.375000
물	대	신	0.333333
물	대	포	0.333333
물	들	이	0.310680
물	들	을	0.155340
물	들	은	0.145631
물	들	의	0.116505
물	들	과	0.067961
물	들	로	0.058252
물	들	에	0.029126
물	들	어	0.029126
물	등	을	0.333333
물	등	이	0.142857
물	등	에	0.119048
물	또	는	0.800000
물	로	지	0.129630
물	로	인	0.101852
물	로	나	0.064815
물	로	만	0.046296
물	로	구	0.037037
물	로	알	0.027778
물	로	들	0.027778
물	로	확	0.027778
물	론	이	0.312500
물	론	그	0.030000
물	론	지	0.025000
물	론	공	0.020000
물	론	대	0.020000
물	론	미	0.020000
물	론	우	0.020000
물	론	다	0.017500
물	론	소	0.017500
물	론	전	0.015000
물	론	사	0.012500
물	론	정	0.012500
물	론	고	0.012500
물	론	아	0.012500
물	론	도	0.010000
물	론	위	0.010000
물	론	강	0.010000
물	론	여	0.010000
물	론	해	0.010000
물	론	개	0.010000
물	론	시	0.010000
물	론	중	0.010000
물	론	주	0.010000
물	론	성	0.010000
물	론	장	0.010000
물	론	선	0.007500
물	론	저	0.007500
물	론	현	0.007500
물	론	바	0.007500
물	론	한	0.007500
물	리	적	0.697368
물	리	는	0.118421
물	막	이	1.000000
물	방	지	0.307692
물	방	울	0.230769
물	배	수	0.750000
물	병	원	0.846154
물	분	자	0.333333
물	불	가	0.500000
물	불	법	0.500000
물	사	진	0.416667
물	산	과	0.130435
물	산	은	0.130435
물	살	을	0.916667
물	선	이	0.294118
물	선	물	0.176471
물	성	단	0.305556
물	성	대	0.138889
물	성	오	0.083333
물	소	지	0.300000
물	소	리	0.200000
물	소	재	0.150000
물	소	비	0.150000
물	속	에	0.500000
물	속	으	0.285714
물	수	수	0.538462
물	수	입	0.102564
물	수	요	0.102564
물	시	장	0.823529
물	안	전	0.277778
물	안	정	0.222222
물	안	개	0.222222
물	안	에	0.166667
물	앞	에	0.857143
물	어	야	0.491228
물	어	볼	0.122807
물	어	본	0.070175
물	에	서	0.212766
물	에	대	0.159574
물	에	잠	0.047872
물	에	게	0.042553
물	에	는	0.031915
물	에	도	0.031915
물	에	비	0.026596
물	에	들	0.026596
물	에	반	0.021277
물	에	타	0.021277
물	에	너	0.021277
물	에	적	0.021277
물	에	의	0.021277
물	에	오	0.015957
물	에	거	0.015957
물	열	차	1.000000
물	예	정	1.000000
물	요	리	0.750000
물	우	주	1.000000
물	운	반	0.428571
물	원	에	0.270270
물	원	과	0.108108
물	원	이	0.108108
물	원	의	0.081081
물	원	으	0.081081
물	원	은	0.081081
물	원	을	0.081081
물	위	원	0.315789
물	위	를	0.157895
물	위	로	0.157895
물	위	에	0.157895
물	으	니	1.000000
물	은	지	0.082353
물	은	것	0.047059
물	은	대	0.047059
물	은	사	0.035294
물	은	아	0.035294
물	은	뒤	0.035294
물	을	제	0.058824
물	을	사	0.042781
물	을	지	0.040107
물	을	만	0.032086
물	을	것	0.029412
물	을	마	0.029412
물	을	수	0.021390
물	을	이	0.021390
물	을	전	0.021390
물	을	소	0.021390
물	을	주	0.018717
물	을	발	0.018717
물	을	올	0.018717
물	을	가	0.018717
물	을	공	0.016043
물	을	내	0.016043
물	을	안	0.013369
물	을	본	0.013369
물	을	재	0.013369
물	을	통	0.013369
물	을	설	0.013369
물	을	매	0.013369
물	을	줄	0.013369
물	을	고	0.010695
물	을	정	0.010695
물	을	타	0.010695
물	을	준	0.010695
물	을	확	0.010695
물	을	조	0.010695
물	을	비	0.010695
물	음	에	0.783784
물	음	을	0.081081
물	의	를	0.161538
물	의	길	0.061538
물	의	소	0.038462
물	의	수	0.038462
물	의	양	0.038462
물	의	비	0.030769
물	의	공	0.030769
물	의	지	0.030769
물	의	경	0.030769
물	의	눈	0.023077
물	이	다	0.189759
물	이	나	0.114458
물	이	라	0.096386
물	이	아	0.039157
물	이	들	0.030120
물	이	가	0.027108
물	이	지	0.024096
물	이	무	0.018072
물	이	자	0.018072
물	이	되	0.012048
물	이	전	0.012048
물	이	사	0.012048
물	이	고	0.012048
물	이	차	0.012048
물	이	늘	0.012048
물	이	상	0.012048
물	이	난	0.009036
물	이	도	0.009036
물	이	공	0.009036
물	이	등	0.009036
물	이	대	0.009036
물	이	발	0.009036
물	이	중	0.009036
물	이	수	0.009036
물	이	될	0.009036
물	인	지	0.166667
물	인	데	0.166667
물	일	부	0.600000
물	자	원	0.325581
물	자	산	0.116279
물	자	를	0.116279
물	재	배	0.571429
물	적	분	0.720000
물	적	자	0.160000
물	전	시	0.375000
물	전	문	0.375000
물	절	약	1.000000
물	제	거	0.666667
물	주	가	0.421053
물	주	와	0.157895
물	중	하	0.307692
물	중	에	0.230769
물	지	하	0.285714
물	지	수	0.214286
물	지	정	0.214286
물	질	이	0.281879
물	질	을	0.181208
물	질	에	0.073826
물	질	로	0.060403
물	질	의	0.053691
물	질	들	0.046980
물	질	인	0.046980
물	질	은	0.033557
물	질	중	0.020134
물	질	제	0.020134
물	질	배	0.020134
물	질	등	0.020134
물	차	주	0.255814
물	차	운	0.162791
물	차	와	0.093023
물	판	매	1.000000
물	피	해	1.000000
물	하	고	0.333333
물	할	수	0.500000
물	해	주	0.428571
물	형	사	1.000000
미	가	명	0.041667
미	가	이	0.041667
미	간	긴	0.136364
미	간	금	0.136364
미	개	발	0.500000
미	건	설	0.750000
미	경	제	0.500000
미	경	부	0.088235
미	고	위	0.235294
미	공	군	0.423077
미	공	개	0.250000
미	공	조	0.173077
미	군	이	0.129252
미	군	의	0.122449
미	군	은	0.115646
미	군	사	0.102041
미	군	을	0.068027
미	군	과	0.054422
미	군	전	0.047619
미	군	부	0.027211
미	군	에	0.027211
미	군	인	0.020408
미	군	및	0.020408
미	군	병	0.020408
미	군	공	0.020408
미	군	장	0.020408
미	군	위	0.020408
미	글	로	1.000000
미	금	리	1.000000
미	나	에	0.265625
미	나	를	0.171875
미	나	리	0.093750
미	나	미	0.062500
미	나	는	0.062500
미	널	에	0.254545
미	널	등	0.109091
미	널	을	0.090909
미	널	이	0.072727
미	널	점	0.054545
미	널	역	0.054545
미	네	이	0.473684
미	네	소	0.473684
미	노	산	0.333333
미	노	펜	0.090909
미	는	아	0.136364
미	는	이	0.136364
미	는	지	0.090909
미	는	전	0.045455
미	니	의	0.106383
미	니	가	0.085106
미	니	는	0.085106
미	달	이	0.200000
미	달	하	0.200000
미	달	한	0.133333
미	달	성	0.100000
미	대	통	0.474576
미	대	사	0.203390
미	대	화	0.050847
미	더	머	1.000000
미	드	필	0.571429
미	드	호	0.071429
미	드	저	0.071429
미	들	이	0.300000
미	들	은	0.200000
미	들	의	0.150000
미	등	을	0.214286
미	디	어	0.931559
미	디	엄	0.011407
미	라	고	0.275862
미	라	는	0.137931
미	란	성	0.444444
미	로	운	0.256757
미	로	해	0.081081
미	로	이	0.081081
미	로	풀	0.081081
미	롭	다	0.555556
미	롭	게	0.333333
미	루	고	0.357143
미	루	는	0.321429
미	루	어	0.107143
미	루	거	0.107143
미	를	더	0.094488
미	를	부	0.094488
미	를	가	0.062992
미	를	두	0.055118
미	를	거	0.055118
미	를	제	0.047244
미	를	지	0.039370
미	를	선	0.031496
미	를	되	0.031496
미	를	강	0.031496
미	를	자	0.031496
미	를	발	0.031496
미	를	비	0.023622
미	를	만	0.023622
미	리	알	0.089286
미	리	준	0.080357
미	리	정	0.053571
미	리	대	0.053571
미	리	배	0.035714
미	리	예	0.035714
미	리	구	0.035714
미	리	사	0.026786
미	리	부	0.026786
미	리	주	0.026786
미	리	확	0.026786
미	리	공	0.026786
미	만	의	0.246154
미	만	이	0.138462
미	만	인	0.115385
미	만	으	0.107692
미	만	사	0.053846
미	만	어	0.023077
미	만	거	0.023077
미	만	중	0.023077
미	만	영	0.023077
미	문	의	0.571429
미	미	하	0.285714
미	미	한	0.178571
미	미	사	0.107143
미	바	이	0.800000
미	백	악	0.750000
미	법	무	0.625000
미	법	원	0.375000
미	분	양	0.923077
미	비	한	0.344828
미	비	로	0.103448
미	비	난	0.103448
미	사	일	0.972837
미	사	에	0.006036
미	사	이	0.005030
미	사	라	0.003018
미	산	전	0.615385
미	상	무	0.132075
미	상	시	0.113208
미	상	원	0.113208
미	상	에	0.113208
미	상	수	0.094340
미	상	의	0.075472
미	상	으	0.056604
미	상	을	0.056604
미	선	은	0.357143
미	성	년	0.964912
미	세	먼	0.679245
미	세	한	0.075472
미	세	조	0.047170
미	세	공	0.047170
미	세	하	0.037736
미	션	을	0.333333
미	션	투	0.142857
미	소	를	0.340000
미	소	짓	0.120000
미	소	비	0.060000
미	소	재	0.060000
미	소	로	0.060000
미	소	와	0.060000
미	소	년	0.060000
미	수	에	0.372093
미	수	금	0.209302
미	수	등	0.116279
미	수	사	0.069767
미	술	시	0.141304
미	술	전	0.119565
미	술	의	0.108696
미	술	사	0.086957
미	술	을	0.054348
미	술	가	0.054348
미	술	대	0.043478
미	술	이	0.032609
미	술	에	0.032609
미	시	간	0.322581
미	시	장	0.274194
미	시	상	0.161290
미	시	건	0.048387
미	신	고	0.666667
미	씨	는	0.375000
미	씨	가	0.375000
미	아	니	0.181818
미	아	이	0.181818
미	안	한	0.294118
미	안	하	0.294118
미	안	해	0.117647
미	안	함	0.078431
미	애	전	0.526316
미	애	법	0.157895
미	야	코	0.363636
미	야	자	0.272727
미	약	한	0.500000
미	어	리	0.701299
미	어	워	0.194805
미	엄	아	0.097826
미	엄	이	0.076087
미	엄	을	0.065217
미	엄	제	0.043478
미	엄	소	0.043478
미	엄	에	0.032609
미	엄	전	0.032609
미	엄	상	0.032609
미	엄	폰	0.032609
미	엄	리	0.032609
미	엄	라	0.032609
미	에	서	0.492754
미	에	대	0.086957
미	에	게	0.086957
미	에	는	0.043478
미	오	일	0.625000
미	오	총	0.125000
미	온	적	1.000000
미	와	가	0.142857
미	우	리	0.638889
미	우	주	0.111111
미	운	우	0.444444
미	워	하	0.750000
미	의	원	0.151515
미	의	노	0.090909
미	이	대	0.423077
미	인	지	0.333333
미	인	도	0.200000
미	일	안	0.117647
미	일	정	0.117647
미	일	은	0.088235
미	일	간	0.078431
미	일	대	0.068627
미	일	공	0.058824
미	일	군	0.049020
미	일	이	0.049020
미	일	한	0.039216
미	일	의	0.029412
미	일	양	0.029412
미	일	미	0.029412
미	일	과	0.029412
미	일	금	0.029412
미	입	니	0.600000
미	자	는	0.315789
미	재	무	0.739130
미	적	분	0.625000
미	전	역	0.210526
미	정	상	0.627660
미	정	부	0.180851
미	정	책	0.063830
미	정	의	0.042553
미	정	이	0.031915
미	제	사	0.173913
미	제	라	0.130435
미	주	리	0.175000
미	주	는	0.125000
미	주	한	0.125000
미	주	가	0.100000
미	주	지	0.100000
미	준	비	0.428571
미	중	갈	0.383333
미	중	간	0.133333
미	중	정	0.116667
미	중	사	0.083333
미	중	양	0.050000
미	중	의	0.050000
미	지	를	0.225806
미	지	수	0.088710
미	지	가	0.076613
미	지	역	0.068548
미	지	난	0.068548
미	지	와	0.056452
미	지	의	0.056452
미	지	로	0.048387
미	지	는	0.044355
미	지	에	0.036290
미	지	인	0.016129
미	지	만	0.016129
미	지	도	0.012097
미	지	나	0.012097
미	지	들	0.012097
미	지	제	0.012097
미	지	코	0.012097
미	지	구	0.012097
미	진	한	0.272727
미	친	다	0.333333
미	친	것	0.280000
미	친	듯	0.053333
미	친	영	0.053333
미	칠	수	0.314607
미	칠	것	0.224719
미	칠	영	0.157303
미	칠	지	0.067416
미	칠	가	0.067416
미	칼	은	0.321429
미	칼	이	0.214286
미	칼	과	0.142857
미	코	로	0.428571
미	콜	라	1.000000
미	키	마	0.250000
미	키	오	0.250000
미	통	화	0.857143
미	투	자	0.666667
미	포	조	0.600000
미	필	적	1.000000
미	하	는	0.268041
미	하	일	0.175258
미	하	원	0.175258
미	하	다	0.103093
미	하	지	0.082474
미	하	고	0.072165
미	하	게	0.061856
미	한	다	0.528000
미	한	미	0.064000
미	한	일	0.032000
미	한	수	0.032000
미	한	사	0.032000
미	한	차	0.032000
미	한	영	0.024000
미	한	경	0.024000
미	해	군	0.560000
미	해	병	0.120000
미	현	씨	0.428571
미	화	원	0.500000
미	확	인	0.600000
미	확	진	0.200000
및	가	상	0.312500
및	가	구	0.187500
및	개	발	0.454545
및	건	설	0.500000
및	경	제	0.384615
및	공	공	0.250000
및	공	시	0.187500
및	글	로	1.000000
및	금	리	1.000000
및	노	하	0.428571
및	대	응	0.214286
및	도	시	0.571429
및	디	지	0.666667
및	무	선	0.428571
및	문	화	0.800000
및	바	이	1.000000
및	반	도	0.750000
및	방	역	0.555556
및	법	인	0.375000
및	불	법	0.750000
및	비	대	0.214286
및	사	고	0.333333
및	서	비	0.750000
및	선	거	0.500000
및	성	장	0.272727
및	세	제	0.500000
및	소	비	0.400000
및	수	도	0.312500
및	시	위	0.476190
및	시	사	0.190476
및	시	설	0.142857
및	신	경	0.307692
및	안	전	0.684211
및	안	정	0.157895
및	양	성	0.500000
및	에	너	1.000000
및	여	타	0.500000
및	온	라	1.000000
및	운	영	0.900000
및	인	허	0.210526
및	인	도	0.157895
및	일	반	0.352941
및	일	본	0.176471
및	자	원	0.235294
및	자	산	0.176471
및	자	문	0.176471
및	자	본	0.176471
및	장	애	0.428571
및	재	정	0.150000
및	재	발	0.150000
및	전	문	0.250000
및	전	세	0.125000
및	정	비	0.400000
및	정	제	0.200000
및	제	조	0.300000
및	주	요	0.352941
및	주	거	0.294118
및	지	원	0.318182
및	지	역	0.227273
및	지	자	0.136364
및	코	로	0.714286
및	통	화	0.428571
및	투	자	0.846154
및	판	매	0.571429
및	피	해	0.777778
및	하	이	0.375000
및	한	미	0.444444
및	현	장	0.714286
및	형	사	0.750000
및	확	산	0.333333
및	확	대	0.333333
바	가	지	0.312500
바	구	니	1.000000
바	그	너	0.647059
바	그	다	0.176471
바	꿈	한	0.400000
바	꿈	시	0.266667
바	나	나	0.608696
바	나	의	0.130435
바	노	란	0.750000
바	는	아	0.156250
바	는	이	0.125000
바	는	전	0.093750
바	니	아	0.285714
바	니	지	0.214286
바	다	에	0.246377
바	다	를	0.135266
바	다	의	0.091787
바	다	와	0.077295
바	다	가	0.072464
바	다	는	0.067633
바	다	로	0.053140
바	다	거	0.033816
바	다	위	0.024155
바	다	주	0.024155
바	다	건	0.014493
바	다	안	0.014493
바	다	숲	0.014493
바	라	는	0.413793
바	라	고	0.163793
바	라	본	0.155172
바	라	볼	0.120690
바	라	지	0.086207
바	란	다	1.000000
바	로	그	0.070707
바	로	이	0.065657
바	로	옆	0.063131
바	로	세	0.040404
바	로	사	0.035354
바	로	앞	0.035354
바	로	아	0.030303
바	로	지	0.025253
바	로	전	0.022727
바	로	시	0.022727
바	로	한	0.020202
바	로	바	0.020202
바	로	다	0.017677
바	로	오	0.017677
바	로	대	0.017677
바	로	서	0.015152
바	로	인	0.015152
바	로	구	0.012626
바	로	우	0.012626
바	로	미	0.012626
바	로	뒤	0.012626
바	로	가	0.012626
바	로	소	0.010101
바	로	현	0.010101
바	로	자	0.010101
바	로	조	0.010101
바	로	알	0.010101
바	로	신	0.010101
바	로	집	0.010101
바	로	일	0.007576
바	리	가	0.200000
바	마	대	0.350000
바	마	전	0.300000
바	미	사	0.800000
바	바	의	0.263158
바	씨	는	0.750000
바	야	가	0.300000
바	에	서	0.657143
바	에	의	0.085714
바	예	바	1.000000
바	운	드	1.000000
바	위	에	0.230769
바	위	나	0.115385
바	이	든	0.605286
바	이	오	0.230837
바	이	어	0.018502
바	이	올	0.016740
바	이	낸	0.014978
바	이	에	0.013216
바	이	를	0.009692
바	이	벌	0.008811
바	이	저	0.006167
바	이	너	0.003524
바	이	이	0.003524
바	이	킹	0.003524
바	이	와	0.002643
바	이	운	0.002643
바	이	미	0.002643
바	이	포	0.002643
바	이	로	0.002643
바	이	아	0.002643
바	이	가	0.002643
바	이	투	0.002643
바	이	애	0.002643
바	이	마	0.002643
바	이	두	0.002643
바	이	잔	0.002643
바	일	게	0.137255
바	일	운	0.068627
바	일	서	0.049020
바	일	상	0.049020
바	일	등	0.049020
바	일	신	0.039216
바	일	은	0.029412
바	일	비	0.029412
바	일	이	0.029412
바	일	애	0.029412
바	일	인	0.029412
바	일	을	0.029412
바	주	재	0.428571
바	지	를	0.192308
바	지	에	0.153846
바	지	하	0.076923
바	지	한	0.076923
바	지	사	0.057692
바	총	재	0.500000
바	코	드	0.333333
바	코	비	0.250000
바	키	아	0.866667
바	타	를	0.263158
바	타	물	0.210526
바	타	의	0.131579
바	타	가	0.131579
바	하	마	0.600000
벌	강	화	0.750000
벌	경	제	0.800000
벌	경	영	0.200000
벌	과	함	0.400000
벌	그	린	1.000000
벌	금	형	0.585714
벌	금	에	0.142857
벌	금	을	0.085714
벌	대	상	0.684211
벌	될	수	0.750000
벌	등	에	0.862745
벌	등	을	0.058824
벌	리	더	0.285714
벌	리	고	0.238095
벌	무	대	0.666667
벌	미	술	0.500000
벌	바	이	0.875000
벌	반	도	1.000000
벌	방	산	0.600000
벌	법	상	0.175258
벌	법	위	0.154639
벌	법	시	0.103093
벌	법	적	0.092784
벌	법	이	0.072165
벌	법	개	0.061856
벌	법	에	0.061856
벌	법	의	0.061856
벌	법	은	0.051546
벌	법	을	0.030928
벌	법	으	0.030928
벌	법	등	0.030928
벌	불	원	1.000000
벌	성	장	1.000000
벌	수	준	0.500000
벌	시	장	0.977778
벌	써	부	0.454545
벌	써	한	0.090909
벌	써	다	0.054545
벌	써	네	0.054545
벌	어	지	0.393701
벌	어	진	0.354331
벌	어	질	0.106299
벌	어	들	0.082677
벌	어	서	0.011811
벌	에	서	0.500000
벌	에	너	0.150000
벌	여	온	0.277778
벌	오	피	0.750000
벌	온	라	0.750000
벌	요	인	0.750000
벌	위	원	0.625000
벌	을	원	0.174603
벌	을	탄	0.126984
벌	을	내	0.063492
벌	을	강	0.063492
벌	을	요	0.063492
벌	을	개	0.047619
벌	을	위	0.047619
벌	을	하	0.047619
벌	음	원	1.000000
벌	이	고	0.413043
벌	이	는	0.228261
벌	이	가	0.070652
벌	이	다	0.059783
벌	이	이	0.038043
벌	이	게	0.016304
벌	이	자	0.016304
벌	이	를	0.016304
벌	인	다	0.323077
벌	인	것	0.092308
벌	인	바	0.061538
벌	인	이	0.061538
벌	인	뒤	0.046154
벌	일	때	0.235294
벌	일	수	0.176471
벌	재	발	0.800000
벌	적	손	0.444444
벌	제	약	0.800000
벌	주	의	0.375000
벌	주	요	0.375000
벌	지	못	0.625000
벌	집	막	0.750000
벌	차	원	1.000000
벌	투	자	1.000000
벌	판	매	1.000000
벌	하	는	0.413793
벌	하	지	0.206897
벌	하	라	0.103448
벌	할	수	0.833333
벌	해	야	0.500000
벌	해	달	0.166667
벌	현	장	0.571429
벌	화	를	0.333333
법	개	정	0.963303
법	개	발	0.018349
법	경	영	1.000000
법	과	원	0.338583
법	과	정	0.094488
법	과	제	0.086614
법	과	법	0.039370
법	과	상	0.023622
법	과	자	0.023622
법	대	선	0.240000
법	대	로	0.160000
법	대	부	0.120000
법	도	입	0.129032
법	들	이	0.428571
법	들	을	0.428571
법	등	을	0.365385
법	등	에	0.153846
법	등	의	0.076923
법	등	이	0.057692
법	등	다	0.057692
법	때	문	1.000000
법	론	으	0.272727
법	론	에	0.272727
법	리	를	0.346154
법	리	에	0.192308
법	리	적	0.192308
법	마	약	1.000000
법	무	부	0.867368
법	무	법	0.061053
법	무	장	0.025263
법	무	정	0.008421
법	무	비	0.006316
법	문	제	0.428571
법	및	형	0.272727
법	반	대	0.750000
법	방	해	1.000000
법	부	의	0.178571
법	부	가	0.142857
법	부	인	0.107143
법	부	에	0.107143
법	부	를	0.107143
법	사	위	0.752381
법	사	채	0.047619
법	사	전	0.028571
법	사	금	0.028571
법	상	허	0.085714
법	상	사	0.085714
법	상	의	0.066667
법	상	뇌	0.057143
법	상	대	0.047619
법	상	총	0.038095
법	상	이	0.028571
법	상	정	0.028571
법	상	중	0.028571
법	상	방	0.028571
법	상	음	0.028571
법	선	거	1.000000
법	성	과	0.300000
법	소	년	0.548387
법	소	원	0.322581
법	수	호	0.333333
법	수	집	0.250000
법	안	을	0.258065
법	안	이	0.167742
법	안	에	0.141935
법	안	은	0.087097
법	안	의	0.058065
법	안	통	0.048387
법	안	발	0.032258
법	안	들	0.022581
법	안	소	0.022581
법	안	으	0.019355
법	안	과	0.019355
법	안	마	0.012903
법	안	내	0.009677
법	안	개	0.009677
법	안	도	0.009677
법	앞	에	1.000000
법	에	서	0.282723
법	에	대	0.219895
법	에	는	0.078534
법	에	의	0.041885
법	에	명	0.036649
법	에	도	0.026178
법	에	위	0.026178
법	에	사	0.020942
법	에	반	0.020942
법	에	정	0.015707
법	에	이	0.015707
법	에	상	0.015707
법	여	부	0.750000
법	예	고	0.944444
법	원	에	0.247041
법	원	은	0.171598
법	원	이	0.140533
법	원	의	0.097633
법	원	판	0.088757
법	원	장	0.072485
법	원	으	0.019231
법	원	을	0.016272
법	원	도	0.011834
법	원	전	0.010355
법	원	소	0.010355
법	원	제	0.007396
법	원	앞	0.007396
법	원	과	0.005917
법	원	내	0.005917
법	원	조	0.004438
법	원	주	0.004438
법	원	재	0.004438
법	원	양	0.004438
법	원	정	0.004438
법	원	형	0.004438
법	위	반	0.790323
법	위	원	0.187097
법	위	에	0.016129
법	으	로	1.000000
법	은	이	0.054688
법	은	지	0.046875
법	은	사	0.039062
법	은	전	0.039062
법	은	대	0.031250
법	은	소	0.031250
법	은	반	0.023438
법	은	시	0.023438
법	은	무	0.023438
법	은	다	0.023438
법	은	공	0.023438
법	은	신	0.023438
법	을	제	0.087500
법	을	통	0.065625
법	을	위	0.056250
법	을	개	0.043750
법	을	만	0.037500
법	을	강	0.037500
법	을	고	0.037500
법	을	지	0.031250
법	을	알	0.028125
법	을	가	0.025000
법	을	바	0.025000
법	을	적	0.021875
법	을	배	0.021875
법	을	어	0.018750
법	을	무	0.018750
법	을	사	0.015625
법	을	자	0.015625
법	을	발	0.015625
법	을	수	0.015625
법	을	이	0.015625
법	을	공	0.015625
법	을	대	0.015625
법	을	주	0.012500
법	을	시	0.012500
법	을	비	0.012500
법	을	한	0.012500
법	을	하	0.009375
법	을	확	0.009375
법	을	내	0.009375
법	을	다	0.009375
법	의	경	0.051282
법	의	문	0.038462
법	의	영	0.038462
법	의	제	0.038462
법	의	시	0.038462
법	의	적	0.038462
법	의	전	0.038462
법	의	조	0.038462
법	의	입	0.038462
법	이	다	0.163043
법	이	라	0.152174
법	이	아	0.047101
법	이	정	0.039855
법	이	나	0.032609
법	이	필	0.028986
법	이	개	0.028986
법	이	시	0.025362
법	이	자	0.021739
법	이	지	0.021739
법	이	적	0.018116
법	이	통	0.018116
법	이	발	0.014493
법	이	이	0.014493
법	이	란	0.010870
법	이	금	0.010870
법	이	성	0.010870
법	이	사	0.010870
법	이	허	0.010870
법	이	되	0.010870
법	이	일	0.010870
법	이	과	0.010870
법	이	불	0.010870
법	이	제	0.010870
법	인	세	0.342193
법	인	을	0.083056
법	인	이	0.056478
법	인	은	0.049834
법	인	의	0.043189
법	인	에	0.043189
법	인	으	0.033223
법	인	대	0.026578
법	인	등	0.019934
법	인	소	0.019934
법	인	화	0.019934
법	인	장	0.016611
법	인	설	0.016611
법	인	명	0.016611
법	인	인	0.016611
법	인	차	0.013289
법	인	과	0.009967
법	인	제	0.009967
법	인	판	0.009967
법	인	고	0.009967
법	인	한	0.009967
법	일	부	0.785714
법	일	뿐	0.214286
법	입	법	0.666667
법	자	금	0.600000
법	자	로	0.300000
법	재	판	0.860000
법	재	하	0.060000
법	적	으	0.207317
법	적	인	0.174797
법	적	책	0.097561
법	적	조	0.093496
법	적	대	0.085366
법	적	절	0.040650
법	적	이	0.024390
법	적	의	0.024390
법	적	공	0.024390
법	적	제	0.020325
법	적	구	0.016260
법	적	사	0.012195
법	적	지	0.012195
법	전	문	0.500000
법	절	차	1.000000
법	점	거	0.800000
법	정	에	0.348148
법	정	대	0.088889
법	정	신	0.081481
법	정	구	0.081481
법	정	시	0.044444
법	정	다	0.037037
법	정	의	0.029630
법	정	화	0.029630
법	정	을	0.029630
법	정	제	0.029630
법	정	공	0.022222
법	정	은	0.022222
법	제	사	0.371795
법	제	정	0.314103
법	제	화	0.160256
법	제	도	0.102564
법	제	개	0.032051
법	조	인	0.526316
법	조	사	0.210526
법	주	차	0.833333
법	준	수	1.000000
법	중	하	0.333333
법	질	서	1.000000
법	천	지	0.750000
법	판	단	0.600000
법	하	다	0.437500
법	하	게	0.156250
법	하	지	0.156250
법	하	도	0.125000
법	한	사	0.090909
법	형	사	1.000000
법	화	하	0.250000
법	화	된	0.250000
벨	경	제	1.000000
벨	고	로	1.000000
벨	라	루	0.949367
벨	리	우	0.500000
벨	상	수	0.375000
벨	상	으	0.187500
벨	상	을	0.187500
벨	에	포	0.800000
볼	거	리	0.956522
볼	것	이	0.666667
볼	것	으	0.148148
볼	네	이	1.000000
볼	넷	을	0.454545
볼	넷	으	0.272727
볼	때	는	0.192308
볼	때	마	0.115385
볼	때	가	0.115385
볼	로	디	0.935484
볼	루	션	0.727273
볼	루	아	0.272727
볼	리	비	0.454545
볼	리	그	0.363636
볼	만	하	0.666667
볼	만	한	0.291667
볼	수	는	0.600000
볼	수	도	0.300000
볼	여	지	0.750000
볼	예	정	1.000000
볼	을	다	0.545455
볼	일	이	0.500000
볼	판	정	1.000000
볼	필	요	1.000000
빵	공	장	1.000000
빵	을	사	0.176471
빵	을	팔	0.176471
빵	집	을	0.444444
빼	고	는	0.250000
빼	곡	하	0.571429
빼	는	것	0.363636
빼	돌	린	0.827586
빼	돌	리	0.172414
빼	빼	로	1.000000
빼	앗	아	0.257143
빼	앗	는	0.171429
빼	앗	길	0.114286
빼	앗	긴	0.114286
빼	앗	은	0.114286
빼	앗	을	0.085714
빼	앗	고	0.085714
빼	어	난	1.000000
사	가	이	0.063715
사	가	진	0.050756
사	가	지	0.042117
사	가	아	0.029158
사	가	발	0.025918
사	가	공	0.024838
사	가	시	0.023758
사	가	가	0.023758
사	가	필	0.020518
사	가	한	0.019438
사	가	열	0.019438
사	가	운	0.017279
사	가	전	0.016199
사	가	부	0.016199
사	가	사	0.015119
사	가	참	0.015119
사	가	대	0.014039
사	가	정	0.014039
사	가	되	0.014039
사	가	중	0.012959
사	가	제	0.012959
사	가	도	0.012959
사	가	나	0.012959
사	가	마	0.012959
사	가	일	0.012959
사	가	문	0.011879
사	가	재	0.011879
사	가	어	0.010799
사	가	인	0.009719
사	가	적	0.009719
사	각	지	0.822581
사	각	형	0.096774
사	간	병	0.148148
사	간	의	0.111111
사	갈	등	0.818182
사	강	백	0.454545
사	개	시	0.411765
사	개	입	0.235294
사	개	발	0.147059
사	개	요	0.088235
사	거	리	0.843750
사	거	나	0.062500
사	건	을	0.205955
사	건	이	0.167907
사	건	에	0.107527
사	건	은	0.086849
사	건	의	0.084367
사	건	과	0.073615
사	건	으	0.045492
사	건	수	0.032258
사	건	등	0.018197
사	건	경	0.015715
사	건	들	0.014888
사	건	피	0.014061
사	건	발	0.014061
사	건	사	0.009926
사	건	대	0.008271
사	건	도	0.008271
사	건	전	0.007444
사	건	현	0.007444
사	건	진	0.006617
사	건	재	0.005790
사	건	물	0.004963
사	건	공	0.004963
사	건	조	0.004136
사	건	입	0.003309
사	건	초	0.002481
사	건	중	0.002481
사	건	또	0.002481
사	건	때	0.002481
사	건	인	0.002481
사	건	건	0.002481
사	경	선	0.266667
사	경	영	0.266667
사	경	제	0.100000
사	고	가	0.174188
사	고	를	0.131769
사	고	로	0.088448
사	고	현	0.051444
사	고	수	0.047834
사	고	에	0.040614
사	고	원	0.040614
사	고	와	0.037004
사	고	발	0.037004
사	고	는	0.029783
사	고	의	0.027978
사	고	경	0.020758
사	고	예	0.018051
사	고	사	0.018051
사	고	위	0.017148
사	고	이	0.014440
사	고	조	0.013538
사	고	등	0.008123
사	고	라	0.008123
사	고	다	0.007220
사	고	소	0.007220
사	고	대	0.007220
사	고	전	0.006318
사	고	도	0.006318
사	고	나	0.006318
사	고	후	0.006318
사	고	방	0.006318
사	고	장	0.005415
사	고	상	0.005415
사	고	팔	0.005415
사	공	정	0.172414
사	공	판	0.103448
사	공	원	0.103448
사	과	하	0.202353
사	과	정	0.143529
사	과	를	0.141176
사	과	와	0.072941
사	과	의	0.065882
사	과	드	0.063529
사	과	문	0.037647
사	과	가	0.030588
사	과	한	0.025882
사	과	해	0.023529
사	과	는	0.018824
사	과	로	0.016471
사	과	에	0.016471
사	과	할	0.014118
사	과	도	0.014118
사	과	등	0.011765
사	과	라	0.009412
사	과	나	0.009412
사	과	배	0.009412
사	과	요	0.007059
사	과	이	0.007059
사	과	수	0.007059
사	과	부	0.007059
사	구	시	0.176471
사	구	성	0.176471
사	구	간	0.176471
사	그	라	0.461538
사	그	리	0.384615
사	끝	에	1.000000
사	나	이	0.172414
사	나	상	0.068966
사	나	시	0.051724
사	나	사	0.051724
사	내	부	0.140351
사	내	에	0.087719
사	내	사	0.070175
사	내	벤	0.070175
사	내	하	0.052632
사	내	이	0.052632
사	노	조	0.500000
사	노	위	0.210526
사	노	다	0.105263
사	는	이	0.114257
사	는	지	0.055612
사	는	대	0.033367
사	는	사	0.030334
사	는	아	0.025278
사	는	전	0.025278
사	는	일	0.018200
사	는	그	0.017189
사	는	정	0.017189
사	는	한	0.017189
사	는	우	0.016178
사	는	공	0.015167
사	는	인	0.015167
사	는	오	0.015167
사	는	자	0.015167
사	는	수	0.015167
사	는	다	0.013145
사	는	현	0.013145
사	는	미	0.011122
사	는	세	0.011122
사	는	것	0.010111
사	는	내	0.010111
사	는	영	0.010111
사	는	어	0.009100
사	는	문	0.009100
사	는	데	0.009100
사	는	도	0.009100
사	는	경	0.009100
사	는	나	0.008089
사	는	주	0.008089
사	님	은	0.157895
사	님	을	0.157895
사	님	의	0.157895
사	님	이	0.157895
사	다	리	0.450000
사	단	법	0.196078
사	단	을	0.117647
사	단	은	0.117647
사	단	이	0.098039
사	단	장	0.098039
사	단	의	0.088235
사	단	에	0.039216
사	단	소	0.039216
사	단	일	0.029412
사	대	상	0.414894
사	대	는	0.117021
사	대	비	0.063830
사	대	에	0.047872
사	대	리	0.031915
사	대	부	0.031915
사	대	와	0.026596
사	대	장	0.026596
사	대	책	0.026596
사	대	가	0.021277
사	대	금	0.021277
사	대	통	0.015957
사	대	로	0.015957
사	대	응	0.015957
사	도	이	0.067901
사	도	하	0.049383
사	도	발	0.049383
사	도	진	0.043210
사	도	시	0.043210
사	도	지	0.037037
사	도	중	0.037037
사	도	가	0.030864
사	도	함	0.030864
사	도	전	0.030864
사	도	우	0.024691
사	도	열	0.024691
사	도	해	0.018519
사	도	예	0.018519
사	도	개	0.018519
사	도	서	0.018519
사	도	세	0.018519
사	도	입	0.018519
사	돼	야	0.500000
사	되	는	0.380952
사	되	지	0.333333
사	되	더	0.142857
사	된	다	0.234043
사	된	미	0.106383
사	된	탄	0.085106
사	된	것	0.063830
사	될	것	0.272727
사	될	예	0.272727
사	드	린	0.385246
사	드	배	0.114754
사	드	를	0.106557
사	드	리	0.081967
사	드	등	0.032787
사	드	문	0.032787
사	드	가	0.032787
사	드	의	0.032787
사	드	는	0.024590
사	드	와	0.024590
사	들	이	0.323752
사	들	의	0.192133
사	들	은	0.177005
사	들	을	0.074130
사	들	에	0.072617
사	들	도	0.045386
사	들	과	0.037821
사	들	인	0.027231
사	들	일	0.007564
사	들	여	0.007564
사	들	로	0.007564
사	들	중	0.004539
사	등	을	0.220096
사	등	이	0.148325
사	등	에	0.110048
사	등	의	0.095694
사	등	으	0.057416
사	등	다	0.033493
사	등	은	0.028708
사	등	전	0.023923
사	등	공	0.023923
사	등	과	0.023923
사	등	대	0.014354
사	등	일	0.014354
사	등	사	0.014354
사	등	주	0.014354
사	때	마	0.285714
사	때	문	0.190476
사	때	도	0.190476
사	또	는	0.888889
사	라	지	0.346863
사	라	진	0.191882
사	라	는	0.169742
사	라	고	0.136531
사	라	질	0.066421
사	라	도	0.014760
사	라	인	0.011070
사	랑	하	0.237975
사	랑	을	0.177215
사	랑	의	0.108861
사	랑	이	0.068354
사	랑	한	0.065823
사	랑	과	0.050633
사	랑	에	0.043038
사	랑	해	0.035443
사	랑	은	0.032911
사	랑	상	0.030380
사	랑	으	0.020253
사	랑	나	0.015190
사	랑	제	0.012658
사	랑	방	0.010127
사	랑	만	0.007595
사	랑	벌	0.007595
사	랑	도	0.007595
사	로	부	0.098361
사	로	이	0.081967
사	로	서	0.076503
사	로	일	0.038251
사	로	인	0.024590
사	로	나	0.024590
사	로	선	0.024590
사	로	는	0.024590
사	로	확	0.024590
사	로	알	0.021858
사	로	재	0.021858
사	로	전	0.021858
사	로	참	0.021858
사	로	들	0.016393
사	로	불	0.016393
사	로	도	0.016393
사	로	대	0.016393
사	로	진	0.013661
사	로	가	0.013661
사	로	성	0.013661
사	로	사	0.013661
사	로	고	0.013661
사	로	돌	0.013661
사	로	의	0.013661
사	로	만	0.010929
사	로	한	0.010929
사	로	구	0.010929
사	로	마	0.008197
사	로	자	0.008197
사	로	시	0.008197
사	를	통	0.085522
사	를	하	0.073305
사	를	진	0.067196
사	를	마	0.029933
사	를	위	0.026878
사	를	지	0.026268
사	를	전	0.024435
사	를	시	0.021991
사	를	거	0.021991
사	를	대	0.019548
사	를	이	0.018937
사	를	비	0.018326
사	를	나	0.017715
사	를	요	0.017715
사	를	벌	0.016494
사	를	한	0.016494
사	를	공	0.016494
사	를	해	0.015883
사	를	제	0.015272
사	를	만	0.015272
사	를	수	0.012828
사	를	중	0.012217
사	를	열	0.010385
사	를	의	0.009774
사	를	확	0.009774
사	를	개	0.009163
사	를	두	0.008552
사	를	강	0.008552
사	를	가	0.008552
사	를	앞	0.008552
사	마	다	0.148148
사	마	빈	0.148148
사	마	저	0.111111
사	마	지	0.111111
사	막	에	0.350000
사	막	의	0.200000
사	만	루	0.190476
사	말	을	0.682927
사	말	에	0.121951
사	말	이	0.073171
사	명	을	0.363636
사	명	이	0.181818
사	명	에	0.090909
사	무	총	0.452381
사	무	소	0.285714
사	무	를	0.040816
사	무	원	0.037415
사	무	차	0.030612
사	무	장	0.023810
사	무	공	0.020408
사	무	부	0.013605
사	무	라	0.010204
사	무	대	0.010204
사	무	마	0.010204
사	무	엘	0.010204
사	문	화	0.493827
사	문	제	0.333333
사	문	서	0.123457
사	물	인	0.340426
사	물	을	0.170213
사	물	들	0.085106
사	물	이	0.063830
사	물	의	0.063830
사	미	성	0.400000
사	바	이	0.333333
사	바	나	0.333333
사	반	대	0.187500
사	반	장	0.187500
사	방	해	0.292683
사	방	이	0.073171
사	방	법	0.073171
사	방	지	0.073171
사	방	위	0.073171
사	방	에	0.073171
사	법	위	0.259259
사	법	리	0.119342
사	법	부	0.102881
사	법	시	0.061728
사	법	경	0.057613
사	법	개	0.053498
사	법	적	0.028807
사	법	무	0.028807
사	법	제	0.024691
사	법	의	0.024691
사	법	이	0.020576
사	법	인	0.020576
사	법	원	0.020576
사	법	절	0.016461
사	법	정	0.016461
사	법	을	0.012346
사	법	방	0.012346
사	법	에	0.012346
사	별	로	0.454545
사	본	부	0.790323
사	본	을	0.064516
사	부	부	0.180851
사	부	재	0.138298
사	부	서	0.127660
사	부	장	0.127660
사	부	일	0.053191
사	부	에	0.042553
사	부	지	0.031915
사	부	인	0.031915
사	부	로	0.031915
사	부	사	0.031915
사	부	는	0.031915
사	분	야	0.357143
사	불	란	0.416667
사	불	벌	0.250000
사	비	대	0.160000
사	비	서	0.130000
사	비	를	0.100000
사	비	로	0.090000
사	비	지	0.080000
사	비	가	0.070000
사	비	와	0.050000
사	비	판	0.030000
사	비	에	0.030000
사	비	중	0.030000
사	뿐	아	0.750000
사	사	건	0.229885
사	사	고	0.201149
사	사	장	0.120690
사	사	법	0.109195
사	사	무	0.097701
사	사	진	0.051724
사	사	구	0.028736
사	사	상	0.017241
사	사	키	0.017241
사	사	로	0.017241
사	살	된	0.200000
사	살	한	0.200000
사	상	자	0.271845
사	상	가	0.116505
사	상	첫	0.077670
사	상	초	0.072816
사	상	은	0.043689
사	상	과	0.029126
사	상	을	0.024272
사	상	불	0.019417
사	상	의	0.019417
사	상	이	0.019417
사	상	정	0.019417
사	상	등	0.019417
사	상	손	0.019417
사	상	장	0.019417
사	상	에	0.014563
사	상	책	0.014563
사	상	네	0.014563
사	서	비	0.239130
사	서	울	0.239130
사	선	거	0.232143
사	선	정	0.142857
사	선	이	0.089286
사	선	상	0.053571
사	선	을	0.053571
사	선	사	0.053571
사	성	물	0.304348
사	성	공	0.195652
사	성	폐	0.130435
사	성	과	0.086957
사	성	을	0.065217
사	소	통	0.204301
사	소	한	0.182796
사	소	를	0.118280
사	소	에	0.107527
사	소	위	0.096774
사	소	속	0.053763
사	소	가	0.032258
사	소	등	0.032258
사	속	도	0.384615
사	속	에	0.230769
사	수	사	0.160000
사	수	를	0.080000
사	수	가	0.080000
사	수	에	0.080000
사	수	신	0.060000
사	수	술	0.060000
사	수	수	0.060000
사	수	요	0.060000
사	시	절	0.193548
사	시	설	0.172043
사	시	간	0.075269
사	시	키	0.053763
사	시	에	0.043011
사	시	는	0.032258
사	시	미	0.032258
사	시	를	0.032258
사	시	점	0.032258
사	아	미	0.450000
사	아	이	0.200000
사	악	한	0.600000
사	안	이	0.343891
사	안	에	0.171946
사	안	을	0.140271
사	안	은	0.063348
사	안	의	0.045249
사	안	으	0.040724
사	안	들	0.036199
사	안	인	0.031674
사	안	전	0.027149
사	안	만	0.013575
사	안	내	0.013575
사	앞	에	0.882353
사	야	하	0.400000
사	양	을	0.210526
사	양	으	0.175439
사	양	성	0.157895
사	양	이	0.122807
사	양	등	0.070175
사	양	과	0.052632
사	어	머	0.750000
사	에	서	0.496741
사	에	대	0.107562
사	에	게	0.054759
사	에	참	0.050196
사	에	나	0.038462
사	에	는	0.028031
사	에	선	0.015645
사	에	이	0.014993
사	에	도	0.013038
사	에	성	0.011082
사	에	들	0.007171
사	에	개	0.004563
사	에	적	0.004563
사	에	응	0.004563
사	에	앞	0.003911
사	에	전	0.003911
사	에	집	0.003911
사	에	반	0.003911
사	에	사	0.003911
사	에	요	0.003259
사	에	의	0.003259
사	에	열	0.003259
사	에	필	0.003259
사	에	불	0.003259
사	에	재	0.003259
사	에	공	0.003259
사	에	힘	0.002608
사	에	지	0.002608
사	에	통	0.002608
사	에	입	0.002608
사	여	부	0.687500
사	역	시	0.370370
사	역	할	0.148148
사	영	역	0.400000
사	영	입	0.300000
사	예	정	0.333333
사	와	함	0.092838
사	와	의	0.061008
사	와	이	0.034483
사	와	정	0.029178
사	와	김	0.029178
사	와	상	0.029178
사	와	공	0.029178
사	와	수	0.026525
사	와	문	0.026525
사	와	소	0.026525
사	와	대	0.023873
사	와	전	0.021220
사	와	한	0.021220
사	와	법	0.021220
사	와	인	0.018568
사	와	사	0.018568
사	와	일	0.013263
사	와	성	0.013263
사	와	부	0.013263
사	와	만	0.013263
사	와	자	0.013263
사	와	재	0.010610
사	와	시	0.010610
사	와	비	0.010610
사	와	거	0.010610
사	와	그	0.010610
사	와	서	0.010610
사	와	는	0.010610
사	와	개	0.010610
사	와	나	0.010610
사	왜	곡	1.000000
사	요	구	0.862069
사	요	금	0.103448
사	우	디	0.796000
사	우	영	0.076000
사	우	나	0.044000
사	우	루	0.020000
사	우	드	0.016000
사	운	드	0.735294
사	운	영	0.191176
사	원	은	0.214953
사	원	이	0.144860
사	원	의	0.098131
사	원	에	0.070093
사	원	장	0.065421
사	원	을	0.046729
사	원	공	0.032710
사	원	인	0.032710
사	원	들	0.032710
사	원	조	0.028037
사	원	법	0.023364
사	원	과	0.023364
사	원	사	0.018692
사	원	으	0.018692
사	원	등	0.014019
사	위	원	0.622881
사	위	는	0.046610
사	위	가	0.042373
사	위	에	0.038136
사	위	로	0.033898
사	위	소	0.021186
사	위	를	0.016949
사	위	전	0.016949
사	위	의	0.012712
사	위	인	0.012712
사	위	이	0.012712
사	을	마	0.250000
사	의	를	0.068071
사	의	사	0.050243
사	의	자	0.034036
사	의	경	0.032415
사	의	책	0.024311
사	의	대	0.021070
사	의	지	0.021070
사	의	공	0.019449
사	의	뜻	0.019449
사	의	수	0.017828
사	의	말	0.017828
사	의	부	0.017828
사	의	원	0.014587
사	의	도	0.014587
사	의	인	0.014587
사	의	신	0.014587
사	의	성	0.014587
사	의	진	0.012966
사	의	재	0.012966
사	의	의	0.012966
사	의	명	0.012966
사	의	일	0.012966
사	의	한	0.012966
사	의	정	0.012966
사	의	영	0.011345
사	의	시	0.011345
사	의	손	0.011345
사	의	마	0.011345
사	의	전	0.011345
사	의	입	0.011345
사	이	에	0.367105
사	이	의	0.102632
사	이	드	0.061842
사	이	후	0.039474
사	이	전	0.031579
사	이	로	0.030263
사	이	다	0.021053
사	이	가	0.021053
사	이	를	0.018421
사	이	자	0.017105
사	이	먼	0.013158
사	이	니	0.010526
사	이	인	0.009211
사	이	더	0.007895
사	이	준	0.007895
사	이	어	0.007895
사	이	고	0.006579
사	이	코	0.006579
사	이	라	0.006579
사	이	지	0.006579
사	이	상	0.006579
사	이	거	0.005263
사	이	사	0.005263
사	이	타	0.005263
사	이	이	0.005263
사	이	세	0.005263
사	이	강	0.005263
사	이	경	0.005263
사	이	판	0.005263
사	이	시	0.005263
사	인	을	0.090452
사	인	이	0.080402
사	인	사	0.075377
사	인	김	0.070352
사	인	에	0.040201
사	인	지	0.030151
사	인	현	0.030151
사	인	비	0.030151
사	인	데	0.025126
사	인	하	0.025126
사	인	볼	0.020101
사	인	인	0.020101
사	인	은	0.020101
사	인	호	0.015075
사	인	만	0.015075
사	인	한	0.015075
사	인	그	0.015075
사	인	아	0.015075
사	인	오	0.015075
사	일	을	0.162733
사	일	발	0.140373
사	일	방	0.080745
사	일	이	0.057143
사	일	로	0.044720
사	일	은	0.042236
사	일	시	0.039752
사	일	위	0.036025
사	일	공	0.034783
사	일	개	0.033540
사	일	도	0.032298
사	일	정	0.031056
사	일	과	0.029814
사	일	의	0.027329
사	일	에	0.023602
사	일	등	0.017391
사	일	사	0.014907
사	일	전	0.011180
사	일	지	0.008696
사	일	부	0.007453
사	일	대	0.007453
사	일	화	0.006211
사	일	경	0.004969
사	일	인	0.004969
사	일	가	0.004969
사	일	뿐	0.003727
사	일	들	0.003727
사	일	재	0.003727
사	일	무	0.003727
사	일	드	0.003727
사	입	장	0.363636
사	입	구	0.227273
사	입	니	0.181818
사	자	들	0.175000
사	자	의	0.095833
사	자	가	0.095833
사	자	에	0.045833
사	자	인	0.045833
사	자	로	0.041667
사	자	금	0.041667
사	자	를	0.037500
사	자	리	0.029167
사	자	는	0.029167
사	자	등	0.029167
사	자	와	0.020833
사	자	나	0.020833
사	자	수	0.020833
사	자	성	0.016667
사	자	라	0.016667
사	자	상	0.016667
사	자	문	0.012500
사	자	간	0.012500
사	자	분	0.012500
사	자	도	0.012500
사	장	은	0.286477
사	장	이	0.133452
사	장	을	0.092527
사	장	에	0.080071
사	장	의	0.048043
사	장	으	0.042705
사	장	등	0.030249
사	장	님	0.030249
사	장	과	0.024911
사	장	인	0.024911
사	장	사	0.016014
사	장	비	0.016014
사	장	도	0.016014
사	장	단	0.014235
사	장	김	0.012456
사	장	정	0.008897
사	장	전	0.007117
사	장	수	0.005338
사	장	소	0.005338
사	장	주	0.005338
사	장	안	0.005338
사	장	들	0.005338
사	장	후	0.005338
사	재	판	0.405405
사	재	개	0.162162
사	재	단	0.108108
사	재	무	0.108108
사	저	에	0.241379
사	저	앞	0.224138
사	저	가	0.120690
사	저	로	0.068966
사	저	를	0.068966
사	저	인	0.068966
사	적	인	0.181481
사	적	으	0.148148
사	적	채	0.092593
사	적	긴	0.048148
사	적	사	0.037037
사	적	대	0.037037
사	적	지	0.037037
사	적	위	0.033333
사	적	의	0.029630
사	적	이	0.029630
사	적	영	0.022222
사	적	공	0.018519
사	적	가	0.018519
사	적	경	0.014815
사	적	책	0.014815
사	적	발	0.014815
사	적	도	0.014815
사	적	순	0.011111
사	적	자	0.011111
사	적	정	0.011111
사	적	허	0.011111
사	적	문	0.011111
사	적	진	0.011111
사	전	투	0.273913
사	전	에	0.204348
사	전	예	0.078261
사	전	문	0.065217
사	전	통	0.026087
사	전	공	0.023913
사	전	대	0.021739
사	전	조	0.017391
사	전	신	0.017391
사	전	준	0.015217
사	전	제	0.013043
사	전	을	0.010870
사	전	등	0.010870
사	전	경	0.010870
사	전	의	0.008696
사	전	현	0.008696
사	전	달	0.008696
사	전	인	0.008696
사	전	입	0.008696
사	전	이	0.006522
사	전	방	0.006522
사	전	허	0.006522
사	전	날	0.006522
사	전	구	0.006522
사	전	시	0.006522
사	전	사	0.006522
사	절	단	0.437500
사	절	차	0.343750
사	점	을	0.352941
사	점	이	0.176471
사	정	이	0.215569
사	정	을	0.101796
사	정	에	0.065868
사	정	으	0.065868
사	정	리	0.053892
사	정	정	0.041916
사	정	도	0.035928
사	정	포	0.029940
사	정	은	0.023952
사	정	들	0.023952
사	정	과	0.023952
사	정	대	0.023952
사	정	부	0.023952
사	정	원	0.023952
사	정	상	0.017964
사	정	책	0.017964
사	정	영	0.017964
사	제	도	0.238095
사	제	공	0.119048
사	제	를	0.071429
사	제	가	0.071429
사	제	와	0.059524
사	제	에	0.035714
사	제	총	0.035714
사	조	차	0.250000
사	조	사	0.200000
사	죄	드	0.243243
사	죄	하	0.189189
사	죄	와	0.162162
사	죄	해	0.108108
사	죄	를	0.081081
사	주	의	0.339286
사	주	를	0.089286
사	주	간	0.071429
사	주	는	0.053571
사	준	비	0.769231
사	중	이	0.472906
사	중	인	0.270936
사	중	에	0.054187
사	중	단	0.054187
사	중	지	0.019704
사	지	원	0.362637
사	지	만	0.054945
사	지	역	0.043956
사	지	점	0.043956
사	지	로	0.032967
사	지	하	0.032967
사	지	지	0.032967
사	지	구	0.032967
사	진	을	0.262840
사	진	이	0.123867
사	진	은	0.096677
사	진	공	0.093656
사	진	과	0.065458
사	진	에	0.062437
사	진	가	0.044310
사	진	속	0.027190
사	진	도	0.018127
사	진	으	0.016113
사	진	의	0.015106
사	진	전	0.013092
사	진	는	0.013092
사	진	등	0.011078
사	진	상	0.011078
사	진	를	0.010070
사	진	들	0.009063
사	진	영	0.008056
사	진	앞	0.005035
사	진	한	0.005035
사	진	부	0.005035
사	진	제	0.004028
사	진	집	0.004028
사	진	만	0.004028
사	진	중	0.004028
사	진	와	0.004028
사	진	오	0.004028
사	진	구	0.003021
사	진	자	0.003021
사	쪽	의	0.272727
사	쪽	이	0.227273
사	쪽	은	0.181818
사	쪽	에	0.136364
사	쪽	으	0.136364
사	차	원	0.428571
사	참	사	0.571429
사	참	여	0.190476
사	채	발	0.250000
사	채	를	0.208333
사	채	시	0.104167
사	천	시	0.391304
사	천	공	0.130435
사	천	에	0.130435
사	첫	날	0.500000
사	코	로	0.428571
사	키	백	0.391304
사	키	미	0.130435
사	탄	도	0.937500
사	통	제	0.428571
사	투	자	0.307692
사	투	를	0.230769
사	투	리	0.230769
사	팀	은	0.210526
사	팀	이	0.184211
사	팀	을	0.131579
사	팀	의	0.118421
사	팀	장	0.065789
사	팀	에	0.052632
사	팀	과	0.039474
사	판	이	0.428571
사	포	다	0.200000
사	포	함	0.150000
사	피	해	0.470588
사	필	요	0.615385
사	필	귀	0.307692
사	하	고	0.392241
사	하	는	0.286638
사	하	다	0.150862
사	하	지	0.045259
사	하	게	0.040948
사	하	거	0.017241
사	하	라	0.012931
사	하	자	0.010776
사	하	시	0.006466
사	하	나	0.006466
사	하	이	0.006466
사	한	것	0.191489
사	한	다	0.158055
사	한	뒤	0.048632
사	한	마	0.036474
사	한	지	0.036474
사	한	미	0.033435
사	한	사	0.030395
사	한	일	0.024316
사	한	후	0.024316
사	한	데	0.021277
사	한	바	0.021277
사	한	경	0.018237
사	한	탄	0.018237
사	한	수	0.015198
사	한	신	0.015198
사	한	구	0.012158
사	한	아	0.012158
사	한	단	0.012158
사	한	건	0.009119
사	한	내	0.009119
사	한	정	0.009119
사	한	전	0.009119
사	한	제	0.009119
사	한	상	0.009119
사	한	인	0.009119
사	한	이	0.009119
사	한	현	0.009119
사	한	중	0.009119
사	한	자	0.009119
사	할	수	0.367647
사	할	예	0.183824
사	할	것	0.147059
사	할	방	0.110294
사	할	린	0.036765
사	할	때	0.036765
사	해	야	0.215909
사	해	서	0.068182
사	해	달	0.068182
사	해	온	0.045455
사	해	사	0.034091
사	현	장	0.910256
사	현	대	0.038462
사	형	선	0.184211
사	형	집	0.184211
사	형	제	0.131579
사	형	을	0.078947
사	형	사	0.078947
사	화	이	0.428571
사	확	대	0.625000
사	후	에	0.137931
사	후	수	0.068966
사	후	조	0.068966
사	후	확	0.068966
사	후	세	0.051724
사	후	통	0.051724
사	후	대	0.051724
살	게	하	0.300000
살	게	된	0.300000
살	공	무	0.888889
살	길	이	0.750000
살	다	가	0.571429
살	된	해	0.285714
살	된	사	0.214286
살	라	리	0.428571
살	라	는	0.214286
살	로	이	0.333333
살	리	는	0.391304
살	리	고	0.304348
살	리	지	0.108696
살	리	되	0.065217
살	린	다	0.750000
살	만	왕	0.636364
살	만	사	0.121212
살	미	만	1.000000
살	바	도	0.857143
살	벌	한	0.600000
살	사	건	0.975610
살	상	무	0.730769
살	상	이	0.115385
살	소	년	0.714286
살	시	도	0.500000
살	아	가	0.260870
살	아	갈	0.103261
살	아	야	0.103261
살	아	나	0.097826
살	아	온	0.065217
살	아	오	0.054348
살	아	들	0.043478
살	아	서	0.038043
살	아	난	0.038043
살	아	이	0.038043
살	아	날	0.032609
살	아	간	0.027174
살	어	린	1.000000
살	에	서	0.363636
살	예	방	1.000000
살	을	빼	0.121212
살	을	탈	0.090909
살	이	상	0.411348
살	이	하	0.141844
살	이	를	0.042553
살	이	라	0.035461
살	이	가	0.028369
살	이	되	0.028369
살	이	다	0.028369
살	이	된	0.028369
살	이	란	0.021277
살	이	와	0.021277
살	이	후	0.021277
살	인	사	0.269737
살	인	을	0.078947
살	인	미	0.078947
살	인	자	0.052632
살	인	이	0.046053
살	인	으	0.039474
살	인	의	0.039474
살	인	등	0.039474
살	인	죄	0.032895
살	인	마	0.032895
살	인	에	0.026316
살	인	과	0.019737
살	인	강	0.019737
살	집	을	0.750000
살	피	고	0.509091
살	피	는	0.254545
살	피	지	0.145455
살	핀	다	0.500000
살	필	수	0.500000
살	하	는	0.600000
살	하	고	0.300000
살	해	한	0.435374
살	해	하	0.244898
살	해	사	0.047619
살	해	에	0.034014
살	해	해	0.027211
살	해	된	0.027211
살	해	를	0.020408
살	해	되	0.020408
서	가	장	0.498715
서	가	상	0.030848
서	가	아	0.028278
서	가	정	0.023136
서	가	는	0.020566
서	가	진	0.020566
서	가	나	0.020566
서	가	이	0.017995
서	가	로	0.017995
서	가	지	0.015424
서	가	발	0.010283
서	가	공	0.010283
서	가	입	0.010283
서	가	전	0.007712
서	가	수	0.007712
서	가	야	0.007712
서	가	대	0.007712
서	가	난	0.007712
서	가	확	0.007712
서	가	강	0.007712
서	가	채	0.007712
서	가	설	0.007712
서	가	필	0.007712
서	가	미	0.007712
서	각	각	0.600000
서	각	자	0.100000
서	간	단	0.333333
서	갈	등	0.545455
서	강	대	0.205479
서	강	제	0.150685
서	강	원	0.082192
서	강	한	0.068493
서	강	화	0.054795
서	강	도	0.041096
서	강	조	0.041096
서	강	경	0.041096
서	개	인	0.368932
서	개	발	0.262136
서	개	막	0.106796
서	개	별	0.038835
서	개	선	0.038835
서	거	리	0.186667
서	거	대	0.120000
서	거	주	0.120000
서	거	한	0.080000
서	거	의	0.053333
서	거	둔	0.040000
서	거	절	0.040000
서	거	짓	0.040000
서	거	친	0.040000
서	건	강	0.250000
서	건	설	0.225000
서	건	물	0.200000
서	건	조	0.100000
서	걸	어	0.750000
서	게	된	0.400000
서	경	제	0.512195
서	경	영	0.134146
서	경	비	0.048780
서	경	선	0.048780
서	경	고	0.048780
서	경	호	0.048780
서	경	대	0.036585
서	고	양	0.061404
서	고	개	0.052632
서	고	통	0.052632
서	고	문	0.043860
서	고	대	0.035088
서	고	전	0.035088
서	고	속	0.035088
서	고	인	0.035088
서	고	강	0.026316
서	고	사	0.026316
서	고	등	0.026316
서	고	발	0.026316
서	고	물	0.026316
서	고	마	0.026316
서	고	금	0.026316
서	고	정	0.026316
서	고	병	0.026316
서	곳	곳	1.000000
서	공	개	0.209756
서	공	부	0.078049
서	공	공	0.078049
서	공	정	0.058537
서	공	사	0.058537
서	공	화	0.053659
서	공	무	0.043902
서	공	천	0.039024
서	공	을	0.034146
서	공	시	0.029268
서	공	수	0.029268
서	공	중	0.024390
서	공	간	0.024390
서	공	소	0.024390
서	공	군	0.024390
서	공	약	0.014634
서	공	방	0.014634
서	공	장	0.014634
서	공	원	0.014634
서	과	거	0.566667
서	과	도	0.166667
서	구	의	0.100917
서	구	조	0.100917
서	구	화	0.068807
서	구	에	0.050459
서	구	는	0.050459
서	구	글	0.041284
서	구	매	0.036697
서	구	속	0.027523
서	구	입	0.027523
서	구	현	0.022936
서	구	마	0.022936
서	구	부	0.022936
서	구	사	0.018349
서	구	가	0.018349
서	구	경	0.018349
서	구	하	0.018349
서	구	김	0.013761
서	구	와	0.013761
서	구	주	0.013761
서	구	두	0.013761
서	구	로	0.013761
서	구	공	0.013761
서	구	한	0.013761
서	군	사	0.466667
서	귀	포	0.813953
서	귀	성	0.093023
서	그	는	0.165899
서	그	의	0.087558
서	그	들	0.059908
서	그	리	0.055300
서	그	가	0.041475
서	그	를	0.041475
서	그	것	0.036866
서	그	린	0.032258
서	그	간	0.027650
서	그	때	0.023041
서	그	만	0.023041
서	그	에	0.018433
서	그	이	0.018433
서	그	사	0.018433
서	그	분	0.018433
서	그	대	0.018433
서	그	저	0.018433
서	그	전	0.013825
서	그	내	0.013825
서	그	건	0.013825
서	글	로	0.911765
서	금	리	0.439024
서	금	지	0.146341
서	긴	장	0.636364
서	길	을	0.375000
서	길	게	0.312500
서	김	씨	0.130435
서	김	의	0.094203
서	김	정	0.072464
서	김	건	0.072464
서	김	여	0.065217
서	김	총	0.043478
서	김	위	0.043478
서	김	진	0.043478
서	김	영	0.036232
서	김	후	0.028986
서	김	만	0.028986
서	김	대	0.021739
서	김	포	0.021739
서	김	은	0.021739
서	김	부	0.021739
서	꺼	낸	0.600000
서	꼭	필	0.444444
서	끝	난	0.400000
서	나	온	0.270992
서	나	오	0.167939
서	나	는	0.076336
서	나	타	0.072519
서	나	를	0.038168
서	나	와	0.038168
서	나	라	0.026718
서	나	고	0.026718
서	나	이	0.022901
서	나	무	0.019084
서	나	중	0.019084
서	나	도	0.015267
서	나	가	0.015267
서	나	란	0.015267
서	나	의	0.015267
서	나	살	0.011450
서	나	올	0.011450
서	나	에	0.011450
서	나	간	0.011450
서	날	아	0.583333
서	내	년	0.319149
서	내	가	0.234043
서	내	부	0.127660
서	내	린	0.053191
서	내	리	0.031915
서	너	무	0.676471
서	널	리	1.000000
서	네	이	0.304348
서	네	번	0.217391
서	네	가	0.130435
서	네	덜	0.130435
서	노	사	0.219512
서	노	조	0.146341
서	노	인	0.146341
서	노	란	0.073171
서	노	무	0.073171
서	놀	라	0.416667
서	놀	고	0.250000
서	눈	물	0.275000
서	눈	을	0.225000
서	눈	에	0.225000
서	눈	길	0.125000
서	는	이	0.065795
서	는	안	0.050924
서	는	지	0.033348
서	는	대	0.023434
서	는	사	0.021181
서	는	아	0.019829
서	는	정	0.019829
서	는	우	0.019378
서	는	전	0.019378
서	는	한	0.018477
서	는	오	0.015322
서	는	공	0.013970
서	는	다	0.013970
서	는	인	0.013069
서	는	여	0.013069
서	는	어	0.012618
서	는	수	0.012618
서	는	가	0.012618
서	는	고	0.012618
서	는	신	0.012168
서	는	시	0.011717
서	는	경	0.011717
서	는	그	0.011717
서	는	현	0.011266
서	는	조	0.011266
서	는	것	0.011266
서	는	자	0.010816
서	는	주	0.010365
서	는	제	0.009914
서	는	서	0.009914
서	늘	어	0.538462
서	니	노	0.333333
서	다	시	0.294444
서	다	양	0.250000
서	다	음	0.100000
서	다	수	0.066667
서	다	만	0.044444
서	다	소	0.033333
서	다	운	0.022222
서	다	가	0.022222
서	다	중	0.022222
서	다	라	0.016667
서	다	우	0.016667
서	단	일	0.476190
서	단	순	0.095238
서	단	하	0.071429
서	달	라	0.266667
서	달	리	0.200000
서	대	통	0.203704
서	대	문	0.156085
서	대	한	0.079365
서	대	선	0.050265
서	대	만	0.044974
서	대	형	0.039683
서	대	중	0.037037
서	대	화	0.034392
서	대	부	0.034392
서	대	전	0.031746
서	대	응	0.029101
서	대	로	0.021164
서	대	상	0.021164
서	대	구	0.021164
서	대	피	0.013228
서	대	법	0.013228
서	대	장	0.010582
서	대	안	0.010582
서	대	우	0.010582
서	대	대	0.010582
서	대	책	0.007937
서	대	인	0.007937
서	더	불	0.293333
서	더	이	0.093333
서	더	나	0.093333
서	더	로	0.053333
서	더	서	0.053333
서	더	위	0.040000
서	데	이	1.000000
서	도	이	0.058616
서	도	지	0.030367
서	도	그	0.026130
서	도	우	0.024718
서	도	다	0.021893
서	도	한	0.020480
서	도	정	0.020480
서	도	시	0.018362
서	도	대	0.016949
서	도	안	0.016949
서	도	전	0.016243
서	도	가	0.016243
서	도	사	0.015537
서	도	비	0.014831
서	도	자	0.014831
서	도	여	0.014124
서	도	인	0.013418
서	도	일	0.012006
서	도	주	0.012006
서	도	공	0.012006
서	도	현	0.011299
서	도	확	0.011299
서	도	아	0.011299
서	도	의	0.010593
서	도	미	0.010593
서	도	부	0.010593
서	도	선	0.009887
서	도	저	0.009887
서	도	성	0.009887
서	도	중	0.009887
서	돈	을	0.791667
서	돈	이	0.166667
서	돌	아	0.882353
서	두	번	0.200000
서	두	사	0.082353
서	두	각	0.070588
서	두	차	0.058824
서	두	드	0.047059
서	두	개	0.035294
서	두	나	0.035294
서	두	를	0.035294
서	두	가	0.035294
서	뒤	로	0.300000
서	뒤	집	0.300000
서	드	론	0.190476
서	드	라	0.190476
서	드	미	0.142857
서	들	어	0.292683
서	들	여	0.170732
서	들	은	0.146341
서	들	을	0.097561
서	들	이	0.073171
서	들	의	0.073171
서	등	을	0.351852
서	등	의	0.148148
서	등	에	0.129630
서	등	장	0.092593
서	디	지	0.684211
서	딸	을	0.428571
서	땅	을	0.800000
서	때	로	0.750000
서	또	다	0.384615
서	라	도	0.521368
서	라	고	0.170940
서	라	는	0.102564
서	라	운	0.085470
서	라	이	0.042735
서	로	를	0.105072
서	로	의	0.101449
서	로	다	0.094203
서	로	에	0.057971
서	로	이	0.054348
서	로	가	0.036232
서	로	부	0.018116
서	로	대	0.018116
서	로	상	0.014493
서	로	신	0.014493
서	로	공	0.014493
서	로	경	0.014493
서	로	진	0.014493
서	로	인	0.014493
서	로	도	0.014493
서	로	비	0.010870
서	로	간	0.010870
서	로	일	0.010870
서	로	는	0.010870
서	로	재	0.010870
서	로	양	0.010870
서	로	책	0.010870
서	로	잘	0.010870
서	로	만	0.010870
서	로	운	0.010870
서	로	소	0.010870
서	를	제	0.179775
서	를	통	0.106742
서	를	발	0.084270
서	를	내	0.050562
서	를	공	0.036517
서	를	전	0.033708
서	를	만	0.028090
서	를	위	0.022472
서	를	들	0.016854
서	를	지	0.014045
서	를	써	0.014045
서	를	확	0.014045
서	를	가	0.014045
서	를	정	0.014045
서	를	수	0.014045
서	를	뒤	0.011236
서	를	구	0.011236
서	를	이	0.011236
서	를	의	0.011236
서	를	사	0.011236
서	를	올	0.008427
서	를	포	0.008427
서	를	강	0.008427
서	를	채	0.008427
서	를	대	0.008427
서	를	비	0.008427
서	를	요	0.008427
서	를	하	0.008427
서	를	조	0.008427
서	를	떠	0.008427
서	리	를	0.086957
서	리	풀	0.072464
서	리	가	0.072464
서	리	그	0.072464
서	리	는	0.057971
서	리	더	0.043478
서	리	로	0.043478
서	리	나	0.043478
서	리	등	0.043478
서	마	지	0.183099
서	마	음	0.140845
서	마	약	0.126761
서	마	이	0.112676
서	마	무	0.098592
서	마	주	0.084507
서	마	라	0.042254
서	막	을	0.307692
서	막	대	0.153846
서	막	말	0.115385
서	만	난	0.228916
서	만	나	0.196787
서	만	들	0.068273
서	만	든	0.068273
서	만	날	0.036145
서	만	찬	0.032129
서	만	일	0.024096
서	만	가	0.020080
서	만	약	0.016064
서	만	이	0.016064
서	만	장	0.012048
서	만	사	0.012048
서	말	하	0.214286
서	말	할	0.119048
서	말	을	0.119048
서	말	이	0.095238
서	말	한	0.071429
서	말	로	0.071429
서	맛	집	0.600000
서	매	우	0.383562
서	매	일	0.123288
서	매	년	0.109589
서	매	도	0.082192
서	매	매	0.068493
서	매	각	0.054795
서	매	장	0.041096
서	맥	주	0.666667
서	머	리	0.233333
서	머	물	0.233333
서	머	너	0.166667
서	머	무	0.133333
서	먼	저	0.823529
서	명	운	0.209877
서	명	한	0.160494
서	명	하	0.160494
서	명	을	0.098765
서	명	할	0.037037
서	명	만	0.037037
서	명	해	0.037037
서	목	소	0.307692
서	목	숨	0.307692
서	몸	을	0.416667
서	무	죄	0.178082
서	무	리	0.109589
서	무	조	0.082192
서	무	거	0.054795
서	무	상	0.041096
서	무	단	0.041096
서	무	대	0.041096
서	무	주	0.041096
서	문	재	0.260163
서	문	제	0.243902
서	문	대	0.113821
서	문	화	0.089431
서	문	시	0.065041
서	문	과	0.040650
서	문	을	0.040650
서	문	전	0.032520
서	물	가	0.350000
서	물	을	0.125000
서	물	이	0.075000
서	물	리	0.075000
서	물	건	0.075000
서	미	군	0.115942
서	미	사	0.101449
서	미	리	0.072464
서	미	술	0.057971
서	미	확	0.057971
서	미	디	0.057971
서	미	달	0.043478
서	미	세	0.043478
서	미	일	0.043478
서	바	이	0.516854
서	바	라	0.168539
서	바	로	0.157303
서	바	다	0.044944
서	반	드	0.175000
서	반	대	0.175000
서	반	도	0.162500
서	반	성	0.075000
서	반	발	0.075000
서	반	전	0.062500
서	반	정	0.037500
서	반	등	0.037500
서	발	사	0.300000
서	발	간	0.116667
서	발	전	0.116667
서	발	달	0.083333
서	발	리	0.066667
서	밥	을	1.000000
서	방	의	0.225352
서	방	역	0.131455
서	방	이	0.098592
서	방	에	0.079812
서	방	과	0.051643
서	방	은	0.051643
서	방	정	0.042254
서	방	제	0.042254
서	방	문	0.023474
서	방	탄	0.023474
서	방	사	0.014085
서	방	세	0.014085
서	배	제	0.393443
서	배	우	0.196721
서	배	달	0.081967
서	배	운	0.049180
서	백	신	0.382353
서	백	악	0.147059
서	번	역	0.750000
서	벌	어	0.814815
서	벌	인	0.074074
서	벌	금	0.061728
서	법	원	0.140845
서	법	정	0.112676
서	법	인	0.112676
서	법	사	0.084507
서	법	안	0.070423
서	법	을	0.070423
서	법	적	0.070423
서	법	무	0.070423
서	법	과	0.056338
서	법	집	0.042254
서	벤	투	1.000000
서	별	도	0.666667
서	병	수	0.310345
서	병	원	0.206897
서	병	사	0.103448
서	본	인	0.375000
서	본	질	0.093750
서	볼	로	0.400000
서	부	지	0.240000
서	부	정	0.070000
서	부	경	0.055000
서	부	대	0.045000
서	부	와	0.045000
서	부	상	0.040000
서	부	내	0.035000
서	부	에	0.030000
서	부	전	0.030000
서	부	산	0.030000
서	부	도	0.025000
서	부	인	0.025000
서	부	적	0.020000
서	부	중	0.020000
서	부	가	0.015000
서	부	부	0.015000
서	부	아	0.015000
서	부	의	0.015000
서	부	발	0.015000
서	부	간	0.015000
서	분	양	0.305556
서	분	리	0.166667
서	분	명	0.111111
서	분	노	0.111111
서	분	위	0.083333
서	불	법	0.158537
서	불	이	0.146341
서	불	과	0.121951
서	불	안	0.109756
서	불	거	0.085366
서	불	필	0.060976
서	불	만	0.060976
서	불	꽃	0.036585
서	불	확	0.036585
서	불	가	0.036585
서	비	대	0.158537
서	비	판	0.134146
서	비	상	0.097561
서	비	공	0.060976
서	비	가	0.036585
서	비	속	0.036585
서	빛	을	1.000000
서	사	고	0.109375
서	사	전	0.062500
서	사	는	0.057292
서	사	건	0.057292
서	사	라	0.046875
서	사	과	0.041667
서	사	드	0.041667
서	사	법	0.036458
서	사	우	0.036458
서	사	를	0.036458
서	사	이	0.031250
서	사	진	0.031250
서	사	랑	0.026042
서	사	상	0.026042
서	사	적	0.020833
서	사	시	0.020833
서	사	물	0.015625
서	사	각	0.015625
서	사	가	0.015625
서	산	불	0.162791
서	산	시	0.139535
서	산	사	0.069767
서	산	화	0.069767
서	살	아	0.377358
서	살	고	0.226415
서	살	인	0.094340
서	살	다	0.056604
서	상	대	0.312500
서	상	위	0.114583
서	상	영	0.062500
서	상	을	0.052083
서	상	원	0.052083
서	상	호	0.041667
서	상	장	0.031250
서	상	반	0.031250
서	새	로	0.552941
서	새	정	0.129412
서	새	롭	0.094118
서	새	해	0.047059
서	새	벽	0.035294
서	서	울	0.355330
서	서	로	0.081218
서	서	해	0.055838
서	서	비	0.045685
서	서	대	0.040609
서	서	방	0.030457
서	서	장	0.015228
서	서	하	0.015228
서	서	는	0.015228
서	서	그	0.015228
서	선	거	0.250000
서	선	수	0.133333
서	선	발	0.100000
서	선	전	0.066667
서	선	진	0.050000
서	선	대	0.041667
서	선	고	0.033333
서	선	도	0.033333
서	선	물	0.025000
서	선	제	0.025000
서	설	명	0.363636
서	성	공	0.259259
서	성	장	0.185185
서	성	인	0.092593
서	성	적	0.055556
서	성	사	0.055556
서	세	금	0.164179
서	세	상	0.149254
서	세	번	0.134328
서	세	부	0.104478
서	세	입	0.059701
서	세	대	0.044776
서	세	차	0.044776
서	세	자	0.044776
서	소	비	0.231481
서	소	상	0.101852
서	소	방	0.092593
서	소	속	0.092593
서	소	개	0.055556
서	소	중	0.046296
서	소	수	0.046296
서	소	리	0.037037
서	소	명	0.027778
서	속	도	0.636364
서	손	흥	0.409091
서	손	님	0.159091
서	손	을	0.136364
서	손	해	0.068182
서	수	사	0.173913
서	수	요	0.118012
서	수	도	0.074534
서	수	입	0.062112
서	수	천	0.055901
서	수	집	0.055901
서	수	수	0.031056
서	수	상	0.031056
서	수	정	0.031056
서	수	백	0.024845
서	수	술	0.018634
서	수	년	0.018634
서	수	거	0.018634
서	수	주	0.018634
서	수	확	0.018634
서	수	비	0.018634
서	수	리	0.018634
서	수	원	0.018634
서	순	차	0.230769
서	순	위	0.230769
서	술	을	0.421053
서	술	에	0.210526
서	숨	진	0.676471
서	숨	을	0.117647
서	숨	은	0.088235
서	시	장	0.208054
서	시	위	0.093960
서	시	진	0.087248
서	시	간	0.073826
서	시	속	0.067114
서	시	주	0.060403
서	시	도	0.020134
서	시	너	0.020134
서	시	가	0.020134
서	시	정	0.020134
서	시	설	0.020134
서	시	신	0.020134
서	시	리	0.020134
서	시	상	0.020134
서	신	고	0.102564
서	신	속	0.102564
서	신	중	0.051282
서	신	선	0.038462
서	신	경	0.038462
서	신	원	0.038462
서	신	분	0.038462
서	신	년	0.038462
서	신	호	0.038462
서	신	차	0.038462
서	싸	우	0.583333
서	싸	울	0.166667
서	싸	운	0.138889
서	싸	워	0.083333
서	씨	는	0.428571
서	씨	의	0.214286
서	아	이	0.344262
서	아	무	0.114754
서	아	시	0.081967
서	아	들	0.073770
서	아	내	0.073770
서	아	쉬	0.049180
서	아	주	0.040984
서	아	마	0.040984
서	아	예	0.032787
서	악	수	0.416667
서	안	전	0.322314
서	안	후	0.090909
서	안	정	0.090909
서	안	타	0.057851
서	안	내	0.057851
서	안	의	0.033058
서	안	대	0.033058
서	안	가	0.024793
서	안	경	0.024793
서	안	된	0.024793
서	안	나	0.024793
서	안	위	0.024793
서	알	게	0.421053
서	알	고	0.157895
서	알	아	0.157895
서	앞	으	0.584906
서	앞	서	0.245283
서	앞	선	0.094340
서	야	한	0.389831
서	야	할	0.084746
서	야	구	0.050847
서	야	하	0.050847
서	야	이	0.033898
서	야	되	0.025424
서	야	만	0.025424
서	야	비	0.025424
서	약	을	0.200000
서	약	서	0.150000
서	양	조	0.439759
서	양	성	0.132530
서	양	화	0.048193
서	양	의	0.036145
서	양	에	0.030120
서	양	자	0.024096
서	양	쪽	0.018072
서	양	제	0.018072
서	양	을	0.018072
서	양	현	0.018072
서	양	인	0.018072
서	양	도	0.018072
서	어	린	0.250000
서	어	머	0.178571
서	어	제	0.160714
서	어	디	0.089286
서	어	떠	0.071429
서	엄	마	0.333333
서	에	서	0.443662
서	에	는	0.088028
서	에	너	0.042254
서	에	이	0.038732
서	에	대	0.035211
서	에	도	0.024648
서	에	고	0.021127
서	에	게	0.017606
서	에	신	0.017606
서	에	어	0.014085
서	에	반	0.014085
서	에	자	0.014085
서	에	제	0.014085
서	에	배	0.010563
서	에	부	0.010563
서	에	사	0.010563
서	엘	리	1.000000
서	여	성	0.310000
서	여	야	0.260000
서	여	가	0.090000
서	여	론	0.080000
서	여	자	0.060000
서	역	대	0.258621
서	역	할	0.206897
서	역	사	0.103448
서	역	주	0.068966
서	역	내	0.051724
서	역	시	0.051724
서	역	전	0.051724
서	열	린	0.873055
서	열	리	0.096642
서	열	차	0.006552
서	열	병	0.002457
서	열	세	0.002457
서	열	을	0.002457
서	영	화	0.290323
서	영	상	0.209677
서	영	어	0.064516
서	영	장	0.064516
서	예	산	0.132075
서	예	약	0.113208
서	예	를	0.075472
서	예	지	0.075472
서	예	비	0.075472
서	예	상	0.075472
서	예	금	0.056604
서	예	술	0.056604
서	예	정	0.056604
서	오	는	0.239726
서	오	늘	0.212329
서	오	후	0.075342
서	오	미	0.075342
서	오	전	0.068493
서	오	로	0.027397
서	오	해	0.027397
서	오	리	0.027397
서	오	세	0.027397
서	오	시	0.020548
서	오	산	0.020548
서	오	지	0.020548
서	온	라	0.283019
서	온	전	0.094340
서	온	사	0.075472
서	온	다	0.075472
서	온	아	0.056604
서	올	해	0.833333
서	올	라	0.037037
서	올	린	0.027778
서	와	인	0.188406
서	와	함	0.144928
서	와	의	0.043478
서	와	사	0.043478
서	요	구	0.481481
서	요	리	0.148148
서	요	양	0.111111
서	우	리	0.714876
서	우	두	0.041322
서	우	선	0.041322
서	우	수	0.033058
서	우	위	0.033058
서	우	상	0.020661
서	우	주	0.020661
서	우	루	0.020661
서	우	울	0.016529
서	우	산	0.012397
서	운	영	0.445783
서	운	전	0.180723
서	운	함	0.072289
서	울	시	0.207432
서	울	중	0.092903
서	울	여	0.076759
서	울	대	0.057569
서	울	강	0.056655
서	울	서	0.050259
서	울	에	0.043558
서	울	의	0.033811
서	울	지	0.032897
서	울	경	0.029242
서	울	마	0.019190
서	울	과	0.018276
서	울	아	0.017667
서	울	영	0.016448
서	울	고	0.014925
서	울	은	0.013707
서	울	역	0.012184
서	울	도	0.011270
서	울	을	0.010661
서	울	성	0.010052
서	울	이	0.009443
서	울	한	0.007310
서	울	병	0.006092
서	울	로	0.006092
서	울	잠	0.006092
서	울	양	0.005787
서	울	구	0.005787
서	울	전	0.005787
서	울	세	0.005787
서	울	공	0.005178
서	워	하	0.600000
서	원	달	0.192000
서	원	고	0.128000
서	원	전	0.088000
서	원	자	0.072000
서	원	하	0.048000
서	원	주	0.040000
서	원	구	0.040000
서	원	내	0.040000
서	원	가	0.040000
서	원	장	0.032000
서	원	화	0.032000
서	위	조	0.211538
서	위	원	0.153846
서	위	로	0.096154
서	위	안	0.096154
서	위	상	0.096154
서	위	중	0.096154
서	위	성	0.057692
서	위	법	0.057692
서	을	지	0.600000
서	음	주	0.343750
서	음	성	0.312500
서	음	악	0.218750
서	응	원	0.555556
서	의	원	0.094340
서	의	사	0.056604
서	의	역	0.032345
서	의	성	0.032345
서	의	경	0.029650
서	의	미	0.029650
서	의	지	0.026954
서	의	수	0.024259
서	의	자	0.024259
서	의	장	0.021563
서	의	안	0.021563
서	의	정	0.021563
서	의	대	0.021563
서	의	소	0.021563
서	의	일	0.018868
서	의	위	0.018868
서	의	책	0.016173
서	의	문	0.016173
서	의	여	0.013477
서	의	삶	0.013477
서	의	마	0.013477
서	의	진	0.013477
서	의	이	0.013477
서	의	주	0.010782
서	의	상	0.010782
서	의	조	0.010782
서	의	발	0.010782
서	의	전	0.010782
서	의	가	0.010782
서	의	반	0.008086
서	이	번	0.110078
서	이	날	0.074419
서	이	재	0.062016
서	이	를	0.052713
서	이	후	0.049612
서	이	대	0.048062
서	이	미	0.041860
서	이	들	0.029457
서	이	란	0.027907
서	이	상	0.024806
서	이	씨	0.024806
서	이	제	0.021705
서	이	준	0.020155
서	이	탈	0.018605
서	이	장	0.017054
서	이	사	0.015504
서	이	의	0.015504
서	이	어	0.013953
서	이	야	0.013953
서	이	문	0.013953
서	이	에	0.013953
서	이	길	0.012403
서	이	것	0.012403
서	이	달	0.012403
서	이	부	0.010853
서	이	주	0.010853
서	이	는	0.009302
서	이	정	0.009302
서	이	전	0.007752
서	이	루	0.007752
서	인	사	0.242938
서	인	지	0.096045
서	인	수	0.073446
서	인	천	0.062147
서	인	정	0.062147
서	인	공	0.056497
서	인	도	0.056497
서	인	구	0.050847
서	인	간	0.045198
서	인	명	0.039548
서	인	상	0.028249
서	인	건	0.022599
서	인	데	0.022599
서	인	디	0.022599
서	일	하	0.210210
서	일	본	0.156156
서	일	부	0.108108
서	일	어	0.102102
서	일	반	0.084084
서	일	정	0.051051
서	일	한	0.030030
서	일	단	0.027027
서	일	상	0.027027
서	일	을	0.018018
서	일	할	0.018018
서	일	제	0.018018
서	일	자	0.015015
서	일	산	0.012012
서	일	각	0.009009
서	일	대	0.009009
서	일	명	0.009009
서	일	선	0.009009
서	일	손	0.009009
서	일	주	0.009009
서	일	일	0.009009
서	입	장	0.214286
서	입	법	0.119048
서	입	주	0.095238
서	입	은	0.095238
서	입	원	0.071429
서	자	신	0.417476
서	자	금	0.063107
서	자	가	0.053398
서	자	리	0.048544
서	자	주	0.038835
서	자	사	0.033981
서	자	란	0.033981
서	자	산	0.029126
서	자	본	0.024272
서	자	전	0.019417
서	자	라	0.019417
서	자	문	0.014563
서	자	세	0.014563
서	자	수	0.014563
서	자	영	0.014563
서	자	마	0.014563
서	자	다	0.014563
서	잔	재	0.333333
서	잘	못	0.368421
서	잘	하	0.078947
서	잘	해	0.078947
서	잠	시	0.370370
서	잠	수	0.148148
서	잠	재	0.111111
서	장	이	0.157534
서	장	은	0.157534
서	장	애	0.102740
서	장	의	0.082192
서	장	을	0.047945
서	장	에	0.041096
서	장	제	0.027397
서	장	과	0.027397
서	장	등	0.027397
서	장	들	0.020548
서	장	사	0.020548
서	장	병	0.020548
서	장	중	0.020548
서	재	판	0.173333
서	재	정	0.106667
서	재	선	0.066667
서	재	배	0.066667
서	재	해	0.053333
서	재	고	0.053333
서	재	산	0.053333
서	재	현	0.040000
서	재	도	0.040000
서	재	난	0.040000
서	재	무	0.040000
서	저	는	0.253731
서	저	의	0.074627
서	저	소	0.074627
서	저	에	0.059701
서	저	도	0.059701
서	저	와	0.044776
서	저	를	0.044776
서	적	절	0.239130
서	적	지	0.086957
서	적	자	0.086957
서	적	으	0.065217
서	적	을	0.065217
서	적	인	0.065217
서	전	세	0.152709
서	전	날	0.108374
서	전	문	0.093596
서	전	시	0.049261
서	전	반	0.044335
서	전	에	0.044335
서	전	화	0.044335
서	전	장	0.039409
서	전	투	0.034483
서	전	을	0.029557
서	전	자	0.029557
서	전	원	0.019704
서	전	부	0.019704
서	전	혀	0.019704
서	전	달	0.019704
서	전	정	0.014778
서	전	주	0.014778
서	전	방	0.014778
서	전	통	0.014778
서	전	산	0.014778
서	전	지	0.014778
서	전	사	0.014778
서	절	대	0.400000
서	절	차	0.200000
서	점	점	0.148936
서	점	에	0.106383
서	점	을	0.106383
서	점	차	0.063830
서	점	가	0.063830
서	정	부	0.358491
서	정	상	0.105660
서	정	말	0.090566
서	정	책	0.045283
서	정	확	0.041509
서	정	리	0.033962
서	정	의	0.030189
서	정	후	0.030189
서	정	한	0.026415
서	정	신	0.022642
서	정	적	0.018868
서	정	하	0.011321
서	정	무	0.011321
서	정	진	0.011321
서	정	차	0.011321
서	정	년	0.011321
서	제	가	0.189542
서	제	시	0.124183
서	제	대	0.104575
서	제	공	0.084967
서	제	도	0.058824
서	제	조	0.058824
서	제	주	0.052288
서	제	일	0.039216
서	제	이	0.039216
서	제	명	0.026144
서	제	안	0.026144
서	제	한	0.026144
서	제	재	0.026144
서	제	로	0.019608
서	조	차	0.111111
서	조	선	0.111111
서	조	바	0.103175
서	조	금	0.103175
서	조	사	0.095238
서	조	속	0.047619
서	조	정	0.047619
서	조	달	0.039683
서	조	현	0.023810
서	조	코	0.023810
서	조	성	0.023810
서	조	수	0.023810
서	조	문	0.023810
서	조	만	0.023810
서	존	재	0.375000
서	존	중	0.312500
서	주	목	0.152318
서	주	요	0.112583
서	주	재	0.072848
서	주	장	0.052980
서	주	차	0.052980
서	주	로	0.052980
서	주	거	0.052980
서	주	인	0.046358
서	주	어	0.039735
서	주	의	0.033113
서	주	말	0.026490
서	주	위	0.026490
서	주	문	0.026490
서	주	가	0.026490
서	주	한	0.019868
서	주	호	0.019868
서	주	하	0.019868
서	주	주	0.019868
서	주	도	0.019868
서	준	비	0.421053
서	준	우	0.210526
서	줄	것	0.277778
서	줄	어	0.222222
서	줄	줄	0.166667
서	중	요	0.301205
서	중	대	0.096386
서	중	소	0.072289
서	중	도	0.060241
서	중	단	0.036145
서	중	재	0.036145
서	중	위	0.036145
서	중	고	0.036145
서	중	구	0.036145
서	즉	각	0.400000
서	즉	시	0.300000
서	지	난	0.436782
서	지	금	0.114943
서	지	역	0.059387
서	지	지	0.045977
서	지	원	0.038314
서	지	방	0.036398
서	지	속	0.036398
서	지	못	0.034483
서	지	하	0.026820
서	지	내	0.015326
서	지	적	0.013410
서	지	자	0.013410
서	지	도	0.013410
서	지	구	0.013410
서	지	나	0.011494
서	지	정	0.011494
서	지	낼	0.007663
서	지	키	0.005747
서	지	상	0.005747
서	진	정	0.142857
서	진	화	0.107143
서	진	전	0.071429
서	진	하	0.071429
서	진	술	0.053571
서	진	은	0.053571
서	진	입	0.053571
서	진	이	0.053571
서	질	의	0.421053
서	질	문	0.368421
서	짐	을	1.000000
서	집	에	0.217391
서	집	단	0.173913
서	집	무	0.152174
서	집	중	0.130435
서	집	사	0.086957
서	집	으	0.065217
서	집	필	0.065217
서	쪽	에	0.223881
서	쪽	으	0.194030
서	쪽	지	0.119403
서	쪽	약	0.089552
서	쪽	해	0.044776
서	쪽	의	0.044776
서	차	별	0.316667
서	차	지	0.200000
서	차	세	0.083333
서	차	분	0.050000
서	차	를	0.050000
서	차	고	0.050000
서	찬	성	0.428571
서	참	사	0.384615
서	참	여	0.256410
서	참	배	0.076923
서	채	무	0.444444
서	채	소	0.333333
서	책	을	0.500000
서	천	안	0.176471
서	천	군	0.176471
서	초	구	0.697674
서	초	대	0.046512
서	초	등	0.034884
서	초	경	0.023256
서	초	는	0.023256
서	초	안	0.017442
서	총	리	0.434783
서	총	수	0.130435
서	춤	을	0.800000
서	친	구	0.526316
서	칼	리	0.600000
서	커	피	0.800000
서	코	로	0.910112
서	큰	인	0.117647
서	키	우	0.300000
서	타	인	0.285714
서	탄	소	0.384615
서	탄	도	0.307692
서	탈	피	0.500000
서	통	과	0.345455
서	통	일	0.181818
서	통	화	0.127273
서	통	신	0.090909
서	통	산	0.090909
서	통	상	0.072727
서	투	자	0.652174
서	판	매	0.735849
서	판	단	0.169811
서	폴	란	0.600000
서	풀	어	0.375000
서	피	해	0.617284
서	피	고	0.086420
서	피	를	0.049383
서	피	의	0.049383
서	피	아	0.037037
서	필	요	0.658537
서	필	로	0.170732
서	필	리	0.073171
서	하	루	0.224490
서	하	는	0.183673
서	하	나	0.102041
서	하	차	0.102041
서	하	지	0.102041
서	하	고	0.051020
서	하	이	0.051020
서	하	라	0.030612
서	하	반	0.030612
서	한	미	0.144444
서	한	일	0.081481
서	한	을	0.055556
서	한	번	0.040741
서	한	반	0.037037
서	한	장	0.037037
서	한	중	0.029630
서	한	에	0.025926
서	한	때	0.025926
서	한	시	0.025926
서	한	후	0.022222
서	한	말	0.018519
서	한	쪽	0.018519
서	한	가	0.018519
서	한	다	0.014815
서	한	꺼	0.014815
서	한	사	0.014815
서	한	전	0.014815
서	한	글	0.014815
서	한	화	0.011111
서	한	소	0.011111
서	한	것	0.011111
서	한	이	0.011111
서	한	인	0.011111
서	한	은	0.011111
서	한	달	0.011111
서	한	마	0.011111
서	한	발	0.011111
서	한	경	0.011111
서	할	일	0.233333
서	할	머	0.133333
서	할	것	0.100000
서	할	수	0.100000
서	할	아	0.100000
서	해	공	0.206140
서	해	안	0.114035
서	해	상	0.105263
서	해	제	0.048246
서	해	위	0.035088
서	해	사	0.035088
서	해	야	0.030702
서	해	피	0.026316
서	해	주	0.026316
서	해	에	0.026316
서	해	군	0.021930
서	해	지	0.021930
서	해	양	0.021930
서	해	해	0.021930
서	해	수	0.021930
서	해	선	0.013158
서	해	방	0.013158
서	해	고	0.013158
서	해	로	0.013158
서	해	그	0.013158
서	허	가	0.333333
서	허	위	0.333333
서	현	재	0.328125
서	현	대	0.132812
서	현	지	0.132812
서	현	장	0.125000
서	현	금	0.078125
서	현	정	0.046875
서	현	명	0.023438
서	형	사	0.588235
서	형	성	0.176471
서	호	주	0.230769
서	호	날	0.192308
서	화	물	0.253333
서	화	재	0.173333
서	화	장	0.093333
서	화	제	0.093333
서	화	상	0.080000
서	화	된	0.040000
서	화	성	0.040000
서	확	인	0.457944
서	확	진	0.224299
서	확	산	0.112150
서	확	대	0.065421
서	확	정	0.056075
서	확	장	0.037383
서	확	고	0.028037
서	후	반	0.384615
서	후	원	0.230769
서	후	속	0.115385
서	휴	대	0.466667
서	휴	가	0.400000
서	힘	든	0.277778
서	힘	들	0.277778
서	힘	을	0.222222
선	가	운	0.333333
선	가	장	0.166667
선	개	입	0.428571
선	개	인	0.190476
선	개	발	0.142857
선	개	통	0.142857
선	거	에	0.186623
선	거	를	0.095789
선	거	대	0.089182
선	거	법	0.075145
선	거	운	0.069364
선	거	가	0.053675
선	거	구	0.027250
선	거	의	0.025599
선	거	후	0.024773
선	거	전	0.023947
선	거	는	0.023947
선	거	와	0.021470
선	거	때	0.021470
선	거	사	0.021470
선	거	공	0.012386
선	거	과	0.012386
선	거	인	0.011561
선	거	방	0.010735
선	거	제	0.009909
선	거	여	0.009909
선	거	이	0.009083
선	거	캠	0.009083
선	거	개	0.007432
선	거	라	0.007432
선	거	비	0.007432
선	거	투	0.006606
선	거	일	0.006606
선	거	도	0.005780
선	거	리	0.005780
선	거	등	0.004955
선	건	조	0.375000
선	것	이	0.418367
선	것	으	0.214286
선	것	은	0.163265
선	것	과	0.061224
선	것	을	0.040816
선	경	선	0.588235
선	고	한	0.201439
선	고	를	0.122302
선	고	공	0.107914
선	고	하	0.086331
선	고	가	0.071942
선	고	해	0.043165
선	고	에	0.035971
선	고	일	0.028777
선	고	는	0.028777
선	고	되	0.028777
선	고	된	0.028777
선	고	될	0.021583
선	고	할	0.021583
선	고	속	0.021583
선	고	와	0.021583
선	공	약	0.389831
선	공	천	0.186441
선	공	정	0.084746
선	공	개	0.084746
선	공	사	0.050847
선	공	무	0.050847
선	과	정	0.317460
선	과	제	0.158730
선	과	지	0.063492
선	과	함	0.039683
선	과	인	0.023810
선	과	반	0.023810
선	과	가	0.023810
선	구	자	0.351351
선	구	성	0.081081
선	구	간	0.081081
선	구	매	0.081081
선	군	사	0.272727
선	그	의	0.176471
선	글	라	0.833333
선	김	포	0.166667
선	내	에	0.555556
선	네	이	0.600000
선	노	선	0.375000
선	다	는	0.377778
선	다	고	0.200000
선	다	음	0.133333
선	다	시	0.066667
선	단	일	0.333333
선	대	위	0.556667
선	대	본	0.226667
선	대	통	0.060000
선	대	책	0.016667
선	대	선	0.013333
선	대	장	0.013333
선	대	도	0.010000
선	대	전	0.010000
선	데	이	0.666667
선	도	하	0.238806
선	도	적	0.097015
선	도	로	0.089552
선	도	할	0.074627
선	도	전	0.074627
선	도	해	0.059701
선	도	대	0.044776
선	도	입	0.037313
선	도	한	0.037313
선	도	를	0.022388
선	도	가	0.022388
선	도	지	0.022388
선	돼	야	0.941176
선	되	고	0.350000
선	되	지	0.250000
선	되	는	0.225000
선	되	어	0.075000
선	된	다	0.187500
선	된	뒤	0.156250
선	된	것	0.093750
선	될	것	0.459459
선	될	수	0.216216
선	될	전	0.081081
선	될	여	0.081081
선	두	에	0.157143
선	두	로	0.157143
선	두	를	0.128571
선	두	타	0.100000
선	두	울	0.057143
선	두	주	0.057143
선	두	후	0.042857
선	두	번	0.042857
선	두	자	0.042857
선	뒤	에	0.200000
선	들	이	0.454545
선	등	을	0.217391
선	등	에	0.173913
선	등	다	0.108696
선	등	의	0.086957
선	등	으	0.065217
선	등	이	0.065217
선	디	지	0.857143
선	때	는	0.166667
선	때	부	0.125000
선	때	도	0.125000
선	뜻	공	0.375000
선	로	를	0.200000
선	로	로	0.200000
선	명	하	0.407407
선	명	한	0.370370
선	명	도	0.148148
선	목	적	0.500000
선	무	대	0.440000
선	무	라	0.160000
선	문	재	0.333333
선	문	제	0.238095
선	문	대	0.190476
선	물	을	0.177665
선	물	세	0.177665
선	물	이	0.096447
선	물	하	0.065990
선	물	로	0.060914
선	물	은	0.045685
선	물	가	0.040609
선	물	한	0.035533
선	물	거	0.035533
선	물	해	0.030457
선	물	에	0.025381
선	물	할	0.025381
선	물	위	0.020305
선	물	시	0.020305
선	물	도	0.015228
선	미	의	0.210526
선	바	이	0.600000
선	반	도	0.560000
선	반	영	0.200000
선	발	로	0.111111
선	발	투	0.095238
선	발	전	0.089947
선	발	등	0.084656
선	발	해	0.063492
선	발	에	0.052910
선	발	된	0.052910
선	발	한	0.052910
선	발	하	0.047619
선	발	명	0.031746
선	발	라	0.031746
선	발	자	0.021164
선	발	과	0.021164
선	발	을	0.021164
선	발	진	0.021164
선	발	되	0.015873
선	발	이	0.015873
선	발	은	0.015873
선	방	안	0.580645
선	방	역	0.080645
선	방	에	0.064516
선	방	하	0.048387
선	배	들	0.190476
선	배	정	0.095238
선	배	이	0.079365
선	배	의	0.079365
선	배	로	0.063492
선	배	는	0.047619
선	배	와	0.047619
선	배	우	0.047619
선	벌	써	1.000000
선	법	을	0.200000
선	법	적	0.200000
선	별	진	0.554054
선	별	해	0.135135
선	별	하	0.081081
선	별	로	0.054054
선	별	적	0.040541
선	별	된	0.040541
선	본	인	0.666667
선	부	정	0.222222
선	부	문	0.166667
선	부	에	0.166667
선	분	리	0.333333
선	불	법	0.272727
선	비	판	0.181818
선	비	대	0.181818
선	비	들	0.136364
선	뿐	아	0.500000
선	사	한	0.211765
선	사	할	0.152941
선	사	전	0.117647
선	사	하	0.105882
선	사	들	0.094118
선	사	해	0.047059
선	사	진	0.047059
선	사	건	0.035294
선	사	의	0.035294
선	사	고	0.035294
선	상	에	0.636364
선	새	로	0.500000
선	새	정	0.500000
선	서	울	0.487179
선	서	를	0.076923
선	선	거	0.307692
선	선	수	0.153846
선	선	한	0.115385
선	소	에	0.125000
선	소	가	0.075000
선	소	제	0.075000
선	수	들	0.349322
선	수	가	0.103233
선	수	로	0.077164
선	수	단	0.072993
선	수	는	0.046924
선	수	를	0.042753
선	수	의	0.035454
선	수	에	0.028154
선	수	이	0.018770
선	수	와	0.018770
선	수	다	0.017727
선	수	중	0.015641
선	수	도	0.015641
선	수	상	0.011470
선	수	시	0.008342
선	수	사	0.007299
선	수	재	0.007299
선	수	인	0.007299
선	수	등	0.006257
선	수	라	0.006257
선	수	금	0.004171
선	수	대	0.004171
선	수	역	0.004171
선	수	두	0.003128
선	수	군	0.003128
선	수	엘	0.003128
선	순	위	0.925926
선	시	대	0.449275
선	시	하	0.144928
선	시	장	0.057971
선	시	한	0.057971
선	시	진	0.043478
선	신	중	0.285714
선	신	설	0.190476
선	신	속	0.142857
선	아	이	0.210526
선	아	시	0.210526
선	안	된	0.604651
선	안	을	0.104651
선	안	되	0.069767
선	안	이	0.058140
선	에	서	0.535211
선	에	대	0.061033
선	에	도	0.046948
선	에	나	0.044601
선	에	진	0.032864
선	에	올	0.021127
선	에	이	0.018779
선	에	선	0.018779
선	에	성	0.018779
선	에	는	0.016432
선	에	투	0.009390
선	에	참	0.009390
선	에	속	0.007042
선	에	노	0.007042
선	에	오	0.007042
선	에	아	0.007042
선	에	힘	0.007042
선	에	의	0.007042
선	여	전	0.230769
선	역	시	0.384615
선	열	들	0.333333
선	열	차	0.333333
선	영	후	0.187500
선	오	는	0.266667
선	올	해	0.416667
선	왕	조	0.500000
선	요	구	0.571429
선	우	는	0.344828
선	우	가	0.137931
선	우	은	0.103448
선	운	영	0.500000
선	원	들	0.179487
선	원	강	0.102564
선	원	에	0.076923
선	원	이	0.076923
선	원	장	0.076923
선	원	은	0.076923
선	으	로	1.000000
선	은	대	0.058824
선	은	아	0.049020
선	은	이	0.049020
선	은	부	0.039216
선	은	전	0.039216
선	은	정	0.029412
선	은	사	0.029412
선	은	서	0.029412
선	은	그	0.029412
선	을	다	0.341791
선	을	그	0.110448
선	을	위	0.065672
선	을	통	0.059701
선	을	앞	0.047761
선	을	이	0.016418
선	을	지	0.014925
선	을	타	0.014925
선	을	사	0.013433
선	을	확	0.013433
선	을	요	0.011940
선	을	운	0.010448
선	을	돌	0.008955
선	을	발	0.008955
선	을	주	0.008955
선	을	하	0.007463
선	을	개	0.007463
선	을	거	0.007463
선	을	구	0.007463
선	을	바	0.007463
선	을	중	0.005970
선	을	만	0.005970
선	을	두	0.005970
선	을	상	0.005970
선	을	초	0.004478
선	을	해	0.004478
선	을	강	0.004478
선	을	불	0.004478
선	을	부	0.004478
선	을	달	0.004478
선	의	원	0.222222
선	의	노	0.096618
선	의	방	0.048309
선	의	의	0.043478
선	의	지	0.038647
선	의	무	0.033816
선	의	이	0.028986
선	의	전	0.024155
선	의	경	0.019324
선	의	가	0.014493
선	의	에	0.014493
선	의	주	0.014493
선	의	도	0.014493
선	의	안	0.014493
선	의	운	0.014493
선	이	라	0.107042
선	이	후	0.098592
선	이	필	0.053521
선	이	다	0.045070
선	이	번	0.039437
선	이	이	0.030986
선	이	어	0.028169
선	이	나	0.025352
선	이	상	0.022535
선	이	시	0.019718
선	이	날	0.019718
선	이	되	0.016901
선	이	아	0.016901
선	이	확	0.016901
선	이	미	0.016901
선	이	개	0.016901
선	이	무	0.016901
선	이	가	0.014085
선	이	끝	0.014085
선	이	재	0.014085
선	이	주	0.014085
선	이	반	0.011268
선	이	사	0.011268
선	이	열	0.011268
선	이	지	0.011268
선	이	역	0.011268
선	이	를	0.011268
선	이	들	0.011268
선	이	전	0.011268
선	이	와	0.008451
선	인	은	0.265672
선	인	이	0.200000
선	인	의	0.185075
선	인	과	0.056716
선	인	대	0.046269
선	인	에	0.032836
선	인	비	0.020896
선	인	을	0.019403
선	인	도	0.011940
선	인	사	0.011940
선	인	으	0.010448
선	인	간	0.008955
선	인	집	0.007463
선	인	수	0.005970
선	인	강	0.005970
선	인	신	0.005970
선	인	천	0.005970
선	인	지	0.004478
선	인	들	0.004478
선	인	운	0.004478
선	일	부	0.250000
선	일	본	0.166667
선	자	가	0.256410
선	자	는	0.194872
선	자	의	0.143590
선	자	금	0.112821
선	자	문	0.035897
선	자	와	0.035897
선	자	쪽	0.030769
선	자	에	0.030769
선	자	대	0.020513
선	자	비	0.020513
선	장	이	0.111111
선	재	도	0.176471
선	저	도	0.375000
선	적	으	0.552239
선	적	인	0.074627
선	적	이	0.059701
선	적	대	0.044776
선	전	에	0.096296
선	전	전	0.088889
선	전	매	0.081481
선	전	하	0.074074
선	전	을	0.066667
선	전	화	0.059259
선	전	과	0.051852
선	전	선	0.029630
선	전	할	0.029630
선	전	은	0.029630
선	전	문	0.022222
선	전	시	0.022222
선	전	자	0.022222
선	전	이	0.022222
선	전	한	0.022222
선	전	부	0.022222
선	전	중	0.022222
선	전	으	0.022222
선	절	차	0.428571
선	점	하	0.320000
선	점	할	0.200000
선	점	에	0.120000
선	점	을	0.120000
선	정	된	0.165680
선	정	한	0.142012
선	정	해	0.115385
선	정	하	0.091716
선	정	되	0.076923
선	정	부	0.035503
선	정	에	0.035503
선	정	돼	0.032544
선	정	을	0.029586
선	정	이	0.026627
선	정	위	0.020710
선	정	과	0.014793
선	정	책	0.014793
선	정	등	0.014793
선	정	은	0.011834
선	정	말	0.008876
선	정	할	0.008876
선	정	대	0.008876
선	제	적	0.515385
선	제	타	0.115385
선	제	공	0.084615
선	제	대	0.061538
선	제	가	0.061538
선	제	도	0.023077
선	제	조	0.023077
선	조	들	0.185185
선	조	를	0.111111
선	주	자	0.343750
선	주	의	0.109375
선	주	문	0.078125
선	주	는	0.062500
선	주	요	0.046875
선	주	들	0.046875
선	중	대	0.142857
선	중	진	0.142857
선	지	난	0.215190
선	지	금	0.151899
선	지	역	0.126582
선	지	원	0.101266
선	지	방	0.063291
선	지	하	0.037975
선	진	화	0.409091
선	진	적	0.068182
선	진	시	0.068182
선	집	중	0.846154
선	책	마	0.272727
선	천	적	0.285714
선	천	성	0.285714
선	총	선	0.600000
선	코	로	0.909091
선	통	신	0.692308
선	투	자	0.857143
선	포	한	0.326087
선	포	하	0.260870
선	포	되	0.086957
선	포	할	0.065217
선	포	를	0.065217
선	피	해	0.750000
선	필	요	0.750000
선	하	는	0.395833
선	하	고	0.322917
선	하	다	0.062500
선	하	지	0.052083
선	하	게	0.041667
선	하	나	0.031250
선	한	다	0.183099
선	한	미	0.070423
선	한	영	0.056338
선	한	것	0.056338
선	한	장	0.042254
선	한	사	0.042254
선	할	수	0.480000
선	할	것	0.160000
선	할	방	0.120000
선	해	양	0.531746
선	해	야	0.142857
선	해	나	0.063492
선	해	준	0.023810
선	해	경	0.023810
선	해	전	0.023810
선	현	대	0.622222
선	현	장	0.155556
선	현	재	0.111111
선	형	은	0.214286
선	호	하	0.401575
선	호	도	0.314961
선	호	한	0.062992
선	호	현	0.062992
선	호	가	0.047244
선	화	물	0.230769
선	후	배	0.409091
선	후	반	0.227273
설	가	로	0.111111
설	개	선	0.833333
설	거	지	1.000000
설	것	이	0.541667
설	것	으	0.305556
설	것	을	0.125000
설	경	우	0.608696
설	경	구	0.173913
설	공	사	0.551724
설	공	단	0.172414
설	공	제	0.103448
설	과	함	0.080645
설	과	대	0.064516
설	과	현	0.064516
설	과	인	0.048387
설	과	소	0.048387
설	노	조	1.000000
설	도	중	0.096774
설	도	마	0.096774
설	되	는	0.428571
설	된	다	0.285714
설	된	이	0.214286
설	들	을	0.545455
설	등	을	0.263158
설	등	이	0.092105
설	등	에	0.092105
설	등	의	0.078947
설	등	과	0.065789
설	등	주	0.052632
설	등	은	0.039474
설	등	으	0.039474
설	등	도	0.039474
설	로	부	0.100000
설	로	이	0.080000
설	로	인	0.080000
설	로	구	0.060000
설	로	지	0.060000
설	리	번	0.916667
설	명	이	0.260000
설	명	하	0.216000
설	명	을	0.122000
설	명	한	0.098000
설	명	할	0.048000
설	명	해	0.044000
설	명	절	0.044000
설	명	자	0.026000
설	명	에	0.026000
설	명	서	0.020000
설	명	드	0.016000
설	명	되	0.014000
설	명	은	0.014000
설	명	과	0.010000
설	명	도	0.008000
설	명	부	0.006000
설	문	조	0.712766
설	문	에	0.106383
설	문	을	0.042553
설	물	이	0.172414
설	물	을	0.137931
설	물	과	0.103448
설	법	인	0.571429
설	본	부	0.750000
설	부	문	0.750000
설	분	양	0.714286
설	비	를	0.198347
설	비	투	0.132231
설	비	가	0.090909
설	비	의	0.049587
설	비	도	0.049587
설	비	등	0.041322
설	비	공	0.033058
설	비	에	0.033058
설	비	개	0.033058
설	비	는	0.033058
설	비	상	0.024793
설	비	로	0.024793
설	비	와	0.024793
설	비	구	0.024793
설	뿐	아	1.000000
설	사	들	0.156250
설	사	가	0.093750
설	사	로	0.062500
설	사	는	0.046875
설	사	와	0.046875
설	상	가	0.500000
설	수	설	0.312500
설	수	에	0.250000
설	시	장	0.400000
설	악	산	0.833333
설	안	전	0.727273
설	에	서	0.523013
설	에	대	0.138075
설	에	반	0.046025
설	에	나	0.037657
설	에	는	0.025105
설	에	오	0.016736
설	에	도	0.016736
설	에	투	0.012552
설	에	필	0.012552
설	영	상	0.750000
설	예	정	0.892857
설	예	산	0.107143
설	운	영	1.000000
설	원	자	0.500000
설	위	원	0.968750
설	은	이	0.105882
설	은	경	0.058824
설	은	지	0.058824
설	은	서	0.047059
설	은	대	0.035294
설	은	사	0.035294
설	은	법	0.035294
설	은	올	0.035294
설	을	통	0.114815
설	을	하	0.092593
설	을	설	0.051852
설	을	이	0.037037
설	을	공	0.037037
설	을	한	0.033333
설	을	마	0.029630
설	을	확	0.025926
설	을	지	0.025926
설	을	할	0.022222
설	을	제	0.022222
설	을	원	0.022222
설	을	짓	0.018519
설	을	일	0.018519
설	을	시	0.018519
설	을	운	0.018519
설	을	대	0.014815
설	을	위	0.014815
설	을	건	0.014815
설	을	개	0.011111
설	을	앞	0.011111
설	을	둘	0.011111
설	을	들	0.011111
설	을	강	0.011111
설	을	반	0.011111
설	을	내	0.011111
설	을	가	0.011111
설	을	포	0.011111
설	을	방	0.011111
설	을	부	0.011111
설	의	영	0.078125
설	의	원	0.062500
설	의	정	0.062500
설	의	신	0.046875
설	의	대	0.046875
설	의	제	0.046875
설	의	경	0.046875
설	이	나	0.115000
설	이	다	0.105000
설	이	아	0.040000
설	이	라	0.035000
설	이	지	0.035000
설	이	후	0.035000
설	이	제	0.035000
설	이	불	0.030000
설	이	중	0.020000
설	이	란	0.020000
설	이	들	0.020000
설	이	개	0.020000
설	이	전	0.020000
설	이	조	0.015000
설	이	는	0.015000
설	이	고	0.015000
설	이	미	0.015000
설	이	돌	0.015000
설	이	부	0.015000
설	이	자	0.015000
설	이	설	0.015000
설	이	마	0.015000
설	이	무	0.015000
설	이	이	0.015000
설	이	대	0.015000
설	입	소	0.666667
설	자	재	0.363636
설	자	로	0.136364
설	자	리	0.136364
설	자	금	0.136364
설	장	은	0.428571
설	장	비	0.428571
설	적	인	0.366667
설	적	으	0.300000
설	전	을	0.416667
설	전	시	0.291667
설	정	하	0.204819
설	정	한	0.126506
설	정	할	0.108434
설	정	해	0.102410
설	정	을	0.072289
설	정	된	0.060241
설	정	책	0.042169
설	정	이	0.036145
설	정	등	0.030120
설	정	은	0.024096
설	정	도	0.024096
설	정	돼	0.024096
설	제	한	0.500000
설	제	공	0.500000
설	조	성	0.428571
설	주	의	0.416667
설	중	인	0.363636
설	중	이	0.181818
설	지	원	0.333333
설	지	역	0.250000
설	투	자	1.000000
설	피	해	1.000000
설	하	고	0.494253
설	하	는	0.367816
설	하	거	0.045977
설	한	다	0.326087
설	한	것	0.108696
설	한	뒤	0.086957
설	할	수	0.375000
설	할	예	0.187500
설	해	야	0.133333
설	허	가	1.000000
설	현	장	0.879310
설	현	대	0.068966
설	화	수	0.333333
설	화	와	0.250000
성	가	수	0.166667
성	강	화	0.880000
성	개	선	0.500000
성	개	발	0.375000
성	건	강	0.363636
성	건	설	0.272727
성	경	제	0.368421
성	고	정	0.375000
성	공	적	0.211712
성	공	한	0.164414
성	공	을	0.119369
성	공	하	0.112613
성	공	시	0.065315
성	공	할	0.049550
성	공	사	0.031532
성	공	해	0.029279
성	공	이	0.024775
성	공	단	0.022523
성	공	의	0.015766
성	공	은	0.013514
성	공	비	0.013514
성	공	에	0.011261
성	공	으	0.011261
성	공	과	0.009009
성	공	정	0.006757
성	공	여	0.006757
성	공	요	0.006757
성	과	를	0.261011
성	과	가	0.068515
성	과	로	0.040783
성	과	정	0.039152
성	과	는	0.037520
성	과	에	0.030995
성	과	지	0.022838
성	과	와	0.022838
성	과	이	0.017945
성	과	공	0.016313
성	과	다	0.016313
성	과	함	0.016313
성	과	중	0.014682
성	과	여	0.014682
성	과	사	0.013051
성	과	경	0.013051
성	과	의	0.013051
성	과	시	0.011419
성	과	라	0.011419
성	과	안	0.011419
성	과	성	0.009788
성	과	전	0.009788
성	과	신	0.009788
성	과	적	0.008157
성	과	비	0.008157
성	과	개	0.008157
성	과	인	0.008157
성	과	투	0.008157
성	과	상	0.008157
성	과	도	0.006525
성	구	을	0.185185
성	구	에	0.148148
성	군	인	0.136364
성	군	의	0.113636
성	군	에	0.090909
성	군	과	0.068182
성	군	수	0.068182
성	군	을	0.068182
성	군	은	0.068182
성	그	리	0.375000
성	금	을	0.500000
성	금	은	0.166667
성	김	정	0.500000
성	년	자	0.800000
성	노	조	0.400000
성	뇌	질	0.500000
성	단	백	0.916667
성	대	장	0.127273
성	대	응	0.090909
성	대	하	0.090909
성	대	상	0.072727
성	대	를	0.072727
성	대	법	0.072727
성	대	구	0.054545
성	대	로	0.054545
성	도	를	0.158228
성	도	배	0.151899
성	도	제	0.101266
성	도	열	0.056962
성	도	가	0.050633
성	도	커	0.044304
성	도	거	0.025316
성	도	나	0.025316
성	도	와	0.018987
성	도	도	0.018987
성	도	점	0.018987
성	도	고	0.018987
성	도	시	0.018987
성	돼	야	0.150000
성	되	는	0.461538
성	되	어	0.205128
성	되	고	0.179487
성	되	지	0.102564
성	된	다	0.331579
성	된	것	0.052632
성	된	이	0.031579
성	된	지	0.026316
성	된	한	0.021053
성	된	상	0.021053
성	된	신	0.021053
성	된	자	0.015789
성	된	노	0.015789
성	된	조	0.015789
성	된	재	0.015789
성	된	전	0.015789
성	된	주	0.015789
성	된	바	0.015789
성	될	수	0.368421
성	될	예	0.315789
성	두	통	0.357143
성	두	명	0.214286
성	들	이	0.242647
성	들	의	0.213235
성	들	은	0.191176
성	들	을	0.154412
성	들	에	0.110294
성	들	과	0.029412
성	등	을	0.384615
성	등	이	0.128205
성	등	에	0.085470
성	등	도	0.068376
성	등	다	0.051282
성	등	지	0.042735
성	등	의	0.042735
성	디	지	0.750000
성	때	문	0.882353
성	또	는	0.555556
성	또	한	0.444444
성	라	이	0.882353
성	마	인	0.307692
성	매	매	0.866667
성	매	수	0.100000
성	명	을	0.574163
성	명	에	0.191388
성	명	서	0.090909
성	명	불	0.023923
성	명	은	0.019139
성	명	이	0.019139
성	명	등	0.014354
성	명	주	0.014354
성	문	제	0.709677
성	물	질	0.525424
성	물	산	0.389831
성	및	배	0.103448
성	바	이	0.888889
성	반	응	0.894737
성	발	사	0.809524
성	방	안	0.416667
성	방	위	0.250000
성	배	우	0.500000
성	백	제	0.272727
성	별	로	0.171875
성	별	이	0.171875
성	별	과	0.078125
성	별	에	0.078125
성	별	을	0.078125
성	별	정	0.062500
성	별	영	0.046875
성	병	원	0.625000
성	부	가	0.150000
성	분	이	0.250000
성	분	을	0.155172
성	분	은	0.077586
성	분	의	0.068966
성	분	으	0.068966
성	분	인	0.068966
성	분	분	0.043103
성	분	들	0.025862
성	분	에	0.025862
성	비	위	0.207547
성	비	가	0.113208
성	비	를	0.094340
성	비	타	0.075472
성	비	만	0.056604
성	뿐	만	0.800000
성	사	진	0.234694
성	사	되	0.193878
성	사	시	0.091837
성	사	된	0.091837
성	사	를	0.051020
성	사	에	0.040816
성	사	될	0.040816
성	사	돼	0.030612
성	사	여	0.030612
성	사	가	0.030612
성	상	가	0.088235
성	상	이	0.088235
성	서	울	0.617647
성	선	수	0.500000
성	설	이	0.714286
성	성	분	0.333333
성	성	소	0.200000
성	세	대	0.750000
성	소	수	0.769231
성	소	재	0.076923
성	손	흥	0.500000
성	손	님	0.500000
성	수	에	0.125000
성	수	지	0.093750
성	수	신	0.093750
성	수	준	0.093750
성	시	대	0.098361
성	시	비	0.098361
성	시	에	0.081967
성	시	장	0.065574
성	시	는	0.049180
성	신	여	0.227273
성	신	호	0.136364
성	신	장	0.136364
성	아	이	0.428571
성	악	가	0.380952
성	악	화	0.333333
성	안	전	0.266667
성	애	자	0.227273
성	애	를	0.181818
성	애	와	0.136364
성	어	로	0.277778
성	에	대	0.354005
성	에	게	0.100775
성	에	서	0.100775
성	에	도	0.046512
성	에	주	0.028424
성	에	참	0.020672
성	에	는	0.020672
성	에	무	0.018088
성	에	의	0.018088
성	에	공	0.015504
성	에	나	0.012920
성	에	힘	0.012920
성	에	필	0.010336
성	에	어	0.010336
성	에	가	0.010336
성	에	들	0.010336
성	에	큰	0.007752
성	에	문	0.007752
성	에	개	0.007752
성	에	영	0.007752
성	에	초	0.007752
성	에	이	0.007752
성	에	속	0.007752
성	여	부	0.714286
성	여	대	0.285714
성	역	무	0.250000
성	역	시	0.214286
성	영	양	0.428571
성	예	산	0.444444
성	요	건	0.312500
성	요	소	0.250000
성	우	는	0.120000
성	운	영	0.250000
성	운	반	0.250000
성	운	전	0.250000
성	원	들	0.285714
성	원	전	0.107143
성	원	을	0.071429
성	원	으	0.071429
성	원	에	0.044643
성	원	의	0.044643
성	원	과	0.044643
성	원	인	0.044643
성	원	간	0.035714
성	원	이	0.035714
성	원	은	0.026786
성	위	원	0.562500
성	으	로	1.000000
성	은	이	0.076642
성	은	여	0.036496
성	은	더	0.036496
성	은	물	0.036496
성	은	전	0.029197
성	은	지	0.029197
성	은	자	0.025547
성	은	거	0.025547
성	은	약	0.021898
성	은	인	0.018248
성	은	미	0.018248
성	은	경	0.018248
성	은	씨	0.014599
성	은	가	0.014599
성	은	일	0.014599
성	은	그	0.014599
성	은	사	0.014599
성	은	어	0.014599
성	은	정	0.014599
성	은	현	0.010949
성	은	발	0.010949
성	은	주	0.010949
성	은	매	0.010949
성	은	커	0.010949
성	은	해	0.010949
성	은	후	0.010949
성	은	적	0.010949
성	은	제	0.010949
성	은	대	0.010949
성	은	팀	0.010949
성	을	강	0.083095
성	을	위	0.080229
성	을	확	0.062082
성	을	지	0.041070
성	을	인	0.039160
성	을	고	0.030564
성	을	열	0.023878
성	을	시	0.022923
성	을	제	0.021968
성	을	이	0.021968
성	을	배	0.020057
성	을	주	0.020057
성	을	가	0.019102
성	을	살	0.016237
성	을	더	0.015282
성	을	부	0.015282
성	을	우	0.015282
성	을	알	0.014327
성	을	내	0.014327
성	을	조	0.013372
성	을	다	0.012416
성	을	공	0.012416
성	을	해	0.011461
성	을	설	0.011461
성	을	비	0.010506
성	을	의	0.010506
성	을	입	0.009551
성	을	거	0.009551
성	을	대	0.009551
성	을	통	0.008596
성	의	원	0.073469
성	의	장	0.061224
성	의	상	0.032653
성	의	전	0.032653
성	의	지	0.028571
성	의	자	0.024490
성	의	일	0.024490
성	의	경	0.024490
성	의	중	0.020408
성	의	시	0.020408
성	의	사	0.020408
성	의	성	0.020408
성	의	인	0.020408
성	의	역	0.020408
성	의	이	0.020408
성	의	반	0.020408
성	의	신	0.020408
성	의	를	0.016327
성	의	문	0.016327
성	의	대	0.016327
성	의	집	0.016327
성	의	위	0.016327
성	의	한	0.016327
성	의	다	0.012245
성	의	주	0.012245
성	의	날	0.012245
성	의	정	0.012245
성	의	아	0.012245
성	이	커	0.077608
성	이	나	0.067430
성	이	다	0.047074
성	이	큰	0.040712
성	이	라	0.040712
성	이	강	0.030534
성	이	제	0.029262
성	이	더	0.027990
성	이	경	0.027990
성	이	지	0.020356
성	이	확	0.020356
성	이	인	0.020356
성	이	매	0.017812
성	이	사	0.017812
성	이	가	0.016539
성	이	적	0.015267
성	이	이	0.013995
성	이	거	0.013995
성	이	대	0.013995
성	이	전	0.012723
성	이	우	0.012723
성	이	부	0.012723
성	이	여	0.012723
성	이	어	0.011450
성	이	필	0.011450
성	이	자	0.010178
성	이	오	0.008906
성	이	그	0.008906
성	이	주	0.008906
성	이	약	0.008906
성	인	이	0.185841
성	인	지	0.088496
성	인	의	0.079646
성	인	사	0.061947
성	인	여	0.053097
성	인	가	0.044248
성	인	들	0.035398
성	인	구	0.026549
성	인	과	0.026549
성	인	병	0.026549
성	인	대	0.026549
성	인	을	0.026549
성	일	본	0.222222
성	자	산	0.232558
성	자	가	0.116279
성	자	는	0.069767
성	자	와	0.069767
성	장	을	0.174312
성	장	하	0.112713
성	장	할	0.077326
성	장	에	0.068152
성	장	세	0.066841
성	장	이	0.052425
성	장	한	0.047182
성	장	과	0.045872
성	장	의	0.035387
성	장	시	0.027523
성	장	해	0.024902
성	장	가	0.023591
성	장	성	0.020970
성	장	애	0.018349
성	장	호	0.015727
성	장	속	0.013106
성	장	은	0.010485
성	장	으	0.009174
성	장	전	0.009174
성	장	위	0.009174
성	장	산	0.006553
성	장	정	0.006553
성	장	중	0.006553
성	장	단	0.005242
성	장	둔	0.005242
성	장	인	0.005242
성	장	주	0.005242
성	장	등	0.005242
성	장	잠	0.003932
성	장	질	0.003932
성	재	는	0.333333
성	재	단	0.125000
성	저	온	0.428571
성	적	을	0.273632
성	적	인	0.189055
성	적	이	0.164179
성	적	은	0.054726
성	적	으	0.049751
성	적	에	0.034826
성	적	자	0.034826
성	적	지	0.029851
성	적	수	0.019900
성	적	도	0.014925
성	전	자	0.935841
성	전	대	0.008850
성	정	책	0.612903
성	정	저	0.096774
성	제	고	0.545455
성	조	사	0.536585
성	조	선	0.243902
성	조	차	0.073171
성	조	지	0.073171
성	주	의	0.304348
성	주	에	0.086957
성	주	군	0.086957
성	주	사	0.065217
성	주	대	0.065217
성	준	더	0.333333
성	중	인	0.400000
성	중	이	0.133333
성	중	공	0.100000
성	지	원	0.217391
성	지	지	0.159420
성	지	방	0.115942
성	지	도	0.072464
성	지	순	0.057971
성	지	로	0.057971
성	지	구	0.043478
성	지	린	0.043478
성	진	대	0.375000
성	진	아	0.166667
성	질	병	0.384615
성	질	을	0.230769
성	차	별	0.500000
성	차	원	0.071429
성	차	를	0.071429
성	차	와	0.071429
성	채	널	0.500000
성	코	드	0.800000
성	탄	절	0.692308
성	판	정	0.813953
성	피	부	0.454545
성	하	는	0.398148
성	하	고	0.342593
성	하	게	0.080247
성	하	지	0.064815
성	하	자	0.015432
성	하	여	0.015432
성	하	도	0.012346
성	하	거	0.009259
성	하	라	0.009259
성	하	에	0.009259
성	하	다	0.009259
성	하	이	0.009259
성	한	다	0.318919
성	한	것	0.113514
성	한	뒤	0.037838
성	한	사	0.032432
성	한	이	0.027027
성	한	주	0.021622
성	한	게	0.021622
성	한	후	0.016216
성	한	대	0.016216
성	한	바	0.016216
성	한	도	0.016216
성	할	수	0.446154
성	할	것	0.200000
성	할	가	0.046154
성	할	예	0.046154
성	할	정	0.046154
성	해	야	0.198276
성	해	나	0.043103
성	해	사	0.034483
성	해	서	0.025862
성	해	소	0.025862
성	해	지	0.025862
성	해	선	0.025862
성	해	진	0.025862
성	해	도	0.025862
성	해	현	0.025862
성	해	수	0.025862
성	현	은	0.157895
성	현	의	0.157895
성	호	의	0.240000
성	호	는	0.200000
성	호	암	0.120000
성	화	를	0.187075
성	화	하	0.095238
성	화	에	0.091837
성	화	되	0.064626
성	화	재	0.064626
성	화	시	0.040816
성	화	와	0.037415
성	화	해	0.034014
성	화	가	0.030612
성	화	될	0.027211
성	화	할	0.023810
성	화	는	0.023810
성	화	한	0.020408
성	화	방	0.017007
성	화	정	0.017007
성	화	의	0.017007
성	화	된	0.017007
성	화	고	0.013605
성	화	돼	0.013605
성	화	지	0.013605
성	화	및	0.010204
성	화	점	0.010204
성	화	등	0.010204
성	화	사	0.010204
성	확	인	0.750000
성	확	대	0.194444
성	휴	게	1.000000
손	과	발	0.600000
손	글	씨	1.000000
손	길	이	0.470588
손	길	을	0.411765
손	님	들	0.303030
손	님	이	0.265152
손	님	을	0.128788
손	님	에	0.045455
손	님	으	0.045455
손	님	은	0.037879
손	님	등	0.037879
손	님	의	0.030303
손	님	과	0.022727
손	대	지	0.750000
손	되	는	0.400000
손	되	고	0.333333
손	될	수	0.700000
손	들	이	0.375000
손	목	과	0.230769
손	반	장	1.000000
손	발	을	0.444444
손	발	이	0.333333
손	배	소	0.888889
손	상	이	0.207792
손	상	된	0.129870
손	상	을	0.090909
손	상	되	0.090909
손	상	될	0.077922
손	상	시	0.064935
손	상	등	0.064935
손	상	으	0.051948
손	선	수	1.000000
손	수	건	0.500000
손	시	키	0.428571
손	에	서	0.208333
손	에	쥐	0.125000
손	에	들	0.083333
손	에	든	0.083333
손	예	진	1.000000
손	으	로	1.000000
손	을	들	0.333333
손	을	내	0.091954
손	을	대	0.068966
손	을	떠	0.045977
손	을	못	0.034483
손	인	사	0.600000
손	자	를	0.142857
손	준	성	0.700000
손	준	호	0.300000
손	지	역	0.777778
손	질	한	0.230769
손	질	을	0.230769
손	질	하	0.230769
손	하	는	0.437500
손	하	고	0.312500
손	하	게	0.145833
손	하	지	0.062500
손	한	다	0.285714
손	해	배	0.577922
손	해	를	0.246753
손	해	에	0.019481
손	해	가	0.019481
손	해	만	0.019481
손	호	영	1.000000
쉬	나	드	1.000000
쉬	는	시	0.227273
쉬	는	게	0.136364
쉬	는	날	0.136364
쉬	시	위	0.777778
쉬	어	야	0.333333
쉬	운	점	0.173913
쉬	운	것	0.101449
쉬	운	부	0.072464
쉬	운	일	0.057971
쉬	운	한	0.043478
쉬	운	데	0.043478
쉬	운	조	0.043478
쉬	울	수	0.500000
쉬	워	하	0.428571
쉬	워	진	0.285714
쉬	지	못	0.500000
쉬	지	도	0.500000
시	가	총	0.127726
시	가	지	0.065421
시	가	전	0.046729
시	가	이	0.043614
시	가	되	0.040498
시	가	장	0.024922
시	가	나	0.024922
시	가	가	0.021807
시	가	내	0.021807
시	가	아	0.021807
시	가	현	0.018692
시	가	사	0.015576
시	가	주	0.015576
시	가	운	0.015576
시	가	약	0.012461
시	가	대	0.012461
시	가	공	0.012461
시	가	발	0.012461
시	가	개	0.012461
시	가	중	0.012461
시	가	신	0.012461
시	가	부	0.009346
시	가	로	0.009346
시	가	오	0.009346
시	가	배	0.009346
시	가	불	0.009346
시	가	하	0.009346
시	가	산	0.009346
시	가	된	0.009346
시	가	열	0.009346
시	각	이	0.139194
시	각	에	0.076923
시	각	미	0.076923
시	각	장	0.069597
시	각	도	0.047619
시	각	으	0.047619
시	각	을	0.043956
시	각	오	0.040293
시	각	적	0.032967
시	각	과	0.029304
시	각	은	0.029304
시	각	각	0.025641
시	각	영	0.025641
시	각	화	0.021978
시	각	인	0.021978
시	각	서	0.014652
시	각	예	0.014652
시	각	열	0.010989
시	각	자	0.010989
시	각	별	0.010989
시	각	한	0.010989
시	각	발	0.010989
시	간	이	0.214865
시	간	을	0.138830
시	간	에	0.066211
시	간	대	0.042290
시	간	은	0.041008
시	간	으	0.040154
시	간	미	0.032892
시	간	만	0.022640
시	간	제	0.022213
시	간	가	0.019650
시	간	도	0.017514
시	간	과	0.016232
시	간	전	0.015805
시	간	내	0.014097
시	간	의	0.012815
시	간	정	0.011534
시	간	여	0.008543
시	간	영	0.008543
시	간	오	0.007262
시	간	등	0.006835
시	간	안	0.006835
시	간	인	0.006835
시	간	우	0.006835
시	간	적	0.006408
시	간	마	0.005980
시	간	주	0.005553
시	간	반	0.005126
시	간	발	0.005126
시	간	통	0.005126
시	간	자	0.004272
시	강	화	0.321429
시	강	조	0.142857
시	강	원	0.107143
시	개	발	0.666667
시	개	방	0.077778
시	개	정	0.066667
시	개	선	0.044444
시	거	리	0.314286
시	거	주	0.200000
시	거	나	0.142857
시	거	부	0.085714
시	거	론	0.085714
시	건	설	0.400000
시	경	제	0.343750
시	경	부	0.062500
시	경	서	0.062500
시	경	을	0.052083
시	경	경	0.041667
시	경	이	0.041667
시	경	영	0.031250
시	고	속	0.063291
시	고	그	0.037975
시	고	이	0.037975
시	고	조	0.037975
시	곳	곳	1.000000
시	공	사	0.238806
시	공	간	0.119403
시	공	을	0.059701
시	공	개	0.039801
시	공	원	0.039801
시	공	무	0.034826
시	공	에	0.029851
시	공	단	0.029851
시	공	한	0.024876
시	공	장	0.024876
시	공	중	0.024876
시	공	이	0.019900
시	공	하	0.019900
시	공	도	0.019900
시	공	할	0.019900
시	공	수	0.014925
시	공	해	0.014925
시	공	화	0.014925
시	공	은	0.014925
시	구	속	0.250000
시	구	조	0.125000
시	군	구	0.222222
시	군	에	0.177778
시	군	별	0.066667
시	군	이	0.066667
시	그	니	0.320000
시	그	널	0.186667
시	그	는	0.146667
시	그	넷	0.053333
시	글	을	0.428571
시	글	에	0.250000
시	글	로	0.107143
시	길	바	0.605263
시	길	부	0.157895
시	길	이	0.078947
시	김	씨	0.153846
시	꺼	내	0.800000
시	나	리	0.468468
시	나	무	0.054054
시	나	마	0.045045
시	나	타	0.045045
시	나	이	0.045045
시	나	는	0.036036
시	나	하	0.027027
시	나	요	0.027027
시	나	서	0.027027
시	내	한	0.160377
시	내	에	0.103774
시	내	중	0.075472
시	내	의	0.066038
시	내	주	0.066038
시	내	를	0.056604
시	내	곳	0.047170
시	내	부	0.037736
시	내	점	0.028302
시	내	손	0.028302
시	너	지	0.933333
시	네	마	0.652174
시	네	이	0.173913
시	노	부	0.458333
시	는	이	0.113786
시	는	지	0.085339
시	는	분	0.048140
시	는	데	0.032823
시	는	것	0.030635
시	는	시	0.028446
시	는	그	0.028446
시	는	전	0.026258
시	는	대	0.021882
시	는	일	0.021882
시	는	공	0.017505
시	는	서	0.015317
시	는	자	0.015317
시	는	사	0.015317
시	는	올	0.015317
시	는	건	0.013129
시	는	게	0.013129
시	는	거	0.013129
시	는	발	0.010941
시	는	안	0.010941
시	는	물	0.010941
시	는	코	0.010941
시	는	앞	0.010941
시	는	해	0.010941
시	는	어	0.010941
시	는	불	0.008753
시	는	노	0.008753
시	는	인	0.008753
시	는	주	0.008753
시	는	비	0.008753
시	늘	어	1.000000
시	니	어	0.833333
시	다	총	0.407583
시	다	후	0.312796
시	다	발	0.042654
시	다	내	0.037915
시	다	라	0.033175
시	다	시	0.028436
시	다	음	0.018957
시	다	정	0.014218
시	다	양	0.014218
시	다	가	0.014218
시	달	리	0.885246
시	달	린	0.098361
시	대	에	0.153722
시	대	를	0.147249
시	대	의	0.100324
시	대	가	0.092233
시	대	정	0.037217
시	대	통	0.033981
시	대	적	0.024272
시	대	장	0.022654
시	대	와	0.019417
시	대	이	0.019417
시	대	로	0.017799
시	대	전	0.017799
시	대	상	0.016181
시	대	선	0.014563
시	대	는	0.014563
시	대	비	0.012945
시	대	라	0.012945
시	대	부	0.012945
시	대	법	0.011327
시	대	다	0.009709
시	대	응	0.008091
시	대	한	0.008091
시	대	만	0.008091
시	대	왕	0.008091
시	대	준	0.008091
시	대	인	0.006472
시	대	위	0.006472
시	대	피	0.006472
시	대	사	0.006472
시	대	책	0.004854
시	더	라	0.500000
시	도	하	0.148649
시	도	를	0.108108
시	도	한	0.067568
시	도	가	0.064865
시	도	에	0.054054
시	도	지	0.051351
시	도	해	0.045946
시	도	할	0.037838
시	도	시	0.037838
시	도	는	0.032432
시	도	로	0.029730
시	도	경	0.024324
시	도	라	0.018919
시	도	와	0.018919
시	도	별	0.018919
시	도	입	0.016216
시	도	중	0.016216
시	도	선	0.016216
시	도	이	0.013514
시	도	자	0.010811
시	도	의	0.010811
시	도	때	0.008108
시	도	만	0.008108
시	도	들	0.008108
시	도	도	0.008108
시	도	끝	0.008108
시	돌	아	0.875000
시	되	는	0.328358
시	되	고	0.313433
시	되	지	0.149254
시	되	어	0.059701
시	되	자	0.044776
시	된	다	0.254902
시	된	아	0.049020
시	된	한	0.039216
시	된	이	0.039216
시	된	원	0.029412
시	된	것	0.029412
시	된	지	0.029412
시	될	예	0.391304
시	될	수	0.173913
시	될	가	0.130435
시	될	것	0.130435
시	두	번	0.230769
시	두	사	0.230769
시	드	니	0.325000
시	드	볼	0.125000
시	드	폴	0.075000
시	드	투	0.075000
시	드	는	0.075000
시	들	이	0.310345
시	들	어	0.137931
시	들	에	0.137931
시	들	해	0.103448
시	등	에	0.132075
시	등	이	0.113208
시	등	을	0.075472
시	등	대	0.056604
시	등	은	0.056604
시	또	는	0.600000
시	라	고	0.290323
시	라	는	0.258065
시	라	도	0.258065
시	라	라	0.064516
시	로	만	0.063694
시	로	도	0.038217
시	로	바	0.038217
시	로	부	0.031847
시	로	지	0.031847
시	로	발	0.031847
시	로	비	0.025478
시	로	이	0.025478
시	로	돌	0.025478
시	로	확	0.025478
시	로	조	0.025478
시	로	가	0.025478
시	로	하	0.019108
시	로	서	0.019108
시	로	공	0.019108
시	로	전	0.019108
시	로	대	0.019108
시	로	는	0.019108
시	를	통	0.074074
시	를	하	0.061728
시	를	내	0.049383
시	를	위	0.041152
시	를	만	0.032922
시	를	앞	0.032922
시	를	시	0.028807
시	를	제	0.028807
시	를	중	0.028807
시	를	목	0.024691
시	를	이	0.024691
시	를	진	0.024691
시	를	선	0.020576
시	를	타	0.020576
시	를	지	0.020576
시	를	거	0.020576
시	를	한	0.016461
시	를	강	0.016461
시	를	구	0.016461
시	를	해	0.016461
시	를	전	0.016461
시	를	인	0.016461
시	를	떠	0.016461
시	를	대	0.016461
시	를	방	0.016461
시	를	쓴	0.012346
시	를	주	0.012346
시	를	운	0.012346
시	를	발	0.012346
시	를	포	0.012346
시	리	아	0.781818
시	리	라	0.054545
시	리	비	0.054545
시	마	사	0.103093
시	마	원	0.072165
시	마	리	0.061856
시	마	찬	0.051546
시	마	와	0.051546
시	마	에	0.051546
시	마	린	0.051546
시	마	을	0.041237
시	마	산	0.041237
시	마	의	0.041237
시	마	제	0.041237
시	마	현	0.041237
시	마	약	0.030928
시	마	를	0.030928
시	마	지	0.030928
시	마	다	0.030928
시	마	네	0.030928
시	만	나	0.234043
시	만	해	0.191489
시	만	들	0.170213
시	만	날	0.127660
시	만	난	0.085106
시	만	안	0.063830
시	말	해	0.421053
시	매	우	0.230769
시	무	라	0.214286
시	문	화	0.285714
시	문	제	0.200000
시	문	대	0.142857
시	문	구	0.085714
시	문	재	0.085714
시	문	을	0.085714
시	물	을	0.478261
시	물	에	0.231884
시	물	이	0.101449
시	물	과	0.043478
시	미	하	0.214286
시	미	군	0.142857
시	미	어	0.107143
시	미	사	0.107143
시	반	경	0.342857
시	발	점	0.466667
시	발	전	0.333333
시	방	역	0.347826
시	방	문	0.130435
시	백	현	0.214286
시	백	신	0.214286
시	법	무	0.333333
시	법	원	0.166667
시	벨	리	0.416667
시	벨	이	0.250000
시	병	원	0.833333
시	부	산	0.191489
시	부	제	0.085106
시	부	로	0.085106
시	부	분	0.063830
시	비	에	0.238806
시	비	가	0.164179
시	비	를	0.119403
시	비	리	0.059701
시	비	걸	0.044776
시	사	한	0.123457
시	사	하	0.111111
시	사	이	0.104938
시	사	점	0.086420
시	사	무	0.061728
시	사	고	0.049383
시	사	전	0.037037
시	사	건	0.037037
시	사	에	0.037037
시	사	진	0.030864
시	사	해	0.024691
시	사	과	0.018519
시	사	인	0.018519
시	사	저	0.018519
시	사	와	0.018519
시	살	아	0.750000
시	상	대	0.204082
시	상	자	0.142857
시	상	하	0.102041
시	상	장	0.081633
시	새	로	0.230769
시	서	울	0.678161
시	서	구	0.114943
시	서	비	0.057471
시	선	을	0.196721
시	선	별	0.169399
시	선	집	0.120219
시	선	이	0.114754
시	선	으	0.081967
시	선	은	0.065574
시	선	거	0.060109
시	선	에	0.049180
시	선	도	0.038251
시	선	수	0.016393
시	설	을	0.176856
시	설	이	0.137555
시	설	에	0.113537
시	설	등	0.058952
시	설	과	0.052402
시	설	의	0.049127
시	설	로	0.045852
시	설	은	0.029476
시	설	물	0.029476
시	설	도	0.024017
시	설	인	0.022926
시	설	공	0.018559
시	설	확	0.013100
시	설	투	0.012009
시	설	설	0.010917
시	설	입	0.010917
시	설	내	0.009825
시	설	들	0.008734
시	설	및	0.007642
시	설	안	0.007642
시	설	정	0.007642
시	설	조	0.006550
시	설	개	0.006550
시	설	지	0.005459
시	설	건	0.005459
시	설	장	0.005459
시	설	가	0.005459
시	설	부	0.005459
시	설	운	0.005459
시	설	전	0.004367
시	성	공	0.208333
시	성	비	0.125000
시	세	차	0.154639
시	세	는	0.134021
시	세	조	0.082474
시	세	가	0.082474
시	세	의	0.082474
시	세	를	0.072165
시	세	에	0.061856
시	세	상	0.061856
시	세	와	0.051546
시	세	대	0.041237
시	세	하	0.030928
시	소	재	0.297297
시	소	방	0.216216
시	소	사	0.081081
시	수	사	0.238095
시	수	정	0.119048
시	수	원	0.095238
시	수	요	0.071429
시	수	영	0.071429
시	술	을	0.240741
시	술	이	0.185185
시	술	에	0.092593
시	술	은	0.055556
시	술	후	0.055556
시	시	장	0.132075
시	시	각	0.132075
시	시	마	0.113208
시	시	설	0.075472
시	시	한	0.056604
시	시	도	0.056604
시	신	을	0.256198
시	신	이	0.206612
시	신	은	0.099174
시	신	소	0.041322
시	신	들	0.041322
시	신	부	0.033058
시	신	발	0.024793
시	신	의	0.024793
시	신	속	0.024793
시	신	에	0.024793
시	신	고	0.024793
시	아	의	0.157202
시	아	군	0.147578
시	아	가	0.108438
시	아	에	0.070581
시	아	는	0.067052
시	아	와	0.052294
시	아	대	0.047802
시	아	를	0.032082
시	아	산	0.023099
시	아	인	0.018928
시	아	정	0.015399
시	아	지	0.012191
시	아	제	0.010908
시	아	경	0.010266
시	아	우	0.009625
시	아	선	0.008983
시	아	나	0.008662
시	아	로	0.008341
시	아	발	0.007058
시	아	전	0.006737
시	아	등	0.006737
시	아	주	0.005454
시	아	영	0.005133
시	아	내	0.004812
시	아	중	0.004812
시	아	안	0.004491
시	아	은	0.004491
시	아	어	0.004171
시	아	시	0.003850
시	아	사	0.003850
시	악	화	1.000000
시	안	게	0.238095
시	안	전	0.142857
시	안	에	0.119048
시	안	공	0.047619
시	안	이	0.047619
시	안	내	0.047619
시	안	정	0.047619
시	안	양	0.035714
시	안	은	0.035714
시	알	리	0.375000
시	야	를	0.384615
시	야	가	0.230769
시	야	확	0.115385
시	야	에	0.115385
시	어	머	0.388889
시	어	지	0.222222
시	어	부	0.166667
시	엄	이	0.216216
시	엄	은	0.135135
시	엄	을	0.135135
시	엄	에	0.108108
시	엄	의	0.081081
시	에	서	0.221898
시	에	는	0.100730
시	에	도	0.065693
시	에	이	0.032117
시	에	대	0.029197
시	에	사	0.023358
시	에	열	0.020438
시	에	가	0.018978
시	에	전	0.017518
시	에	시	0.016058
시	에	공	0.013139
시	에	한	0.013139
시	에	위	0.011679
시	에	일	0.011679
시	에	정	0.011679
시	에	나	0.010219
시	에	자	0.010219
시	에	발	0.010219
시	에	우	0.010219
시	에	진	0.010219
시	에	거	0.008759
시	에	미	0.008759
시	에	수	0.008759
시	에	선	0.008759
시	에	라	0.008759
시	에	경	0.008759
시	에	적	0.007299
시	에	지	0.007299
시	에	방	0.007299
시	에	중	0.005839
시	여	성	0.380952
시	여	수	0.142857
시	역	시	0.272727
시	역	대	0.272727
시	열	린	0.263158
시	열	어	0.157895
시	영	화	0.157895
시	영	통	0.157895
시	영	상	0.157895
시	예	정	0.500000
시	예	산	0.181818
시	오	후	0.274510
시	오	데	0.098039
시	오	라	0.078431
시	오	그	0.078431
시	오	산	0.078431
시	오	전	0.058824
시	온	다	0.230769
시	온	라	0.230769
시	올	해	0.454545
시	올	라	0.363636
시	와	함	0.090909
시	와	경	0.060606
시	와	비	0.045455
시	와	의	0.045455
시	와	대	0.037879
시	와	인	0.037879
시	와	마	0.030303
시	와	공	0.030303
시	와	오	0.030303
시	와	정	0.022727
시	와	는	0.022727
시	와	수	0.022727
시	와	도	0.022727
시	와	서	0.022727
시	요	시	0.400000
시	요	금	0.360000
시	요	구	0.120000
시	우	리	0.312500
시	우	수	0.156250
시	우	는	0.093750
시	우	루	0.093750
시	우	바	0.093750
시	우	미	0.093750
시	운	전	0.642857
시	운	영	0.214286
시	울	을	0.600000
시	울	산	0.266667
시	원	한	0.246753
시	원	하	0.194805
시	원	이	0.064935
시	원	내	0.051948
시	원	해	0.038961
시	원	은	0.038961
시	원	을	0.038961
시	위	를	0.268722
시	위	에	0.136564
시	위	가	0.132159
시	위	대	0.103524
시	위	는	0.046256
시	위	로	0.046256
시	위	안	0.019824
시	위	하	0.017621
시	위	와	0.017621
시	위	의	0.015419
시	위	자	0.015419
시	위	참	0.013216
시	위	현	0.013216
시	위	도	0.011013
시	위	확	0.008811
시	위	방	0.006608
시	위	라	0.006608
시	위	장	0.006608
시	위	인	0.006608
시	위	금	0.006608
시	위	진	0.006608
시	음	주	0.333333
시	음	악	0.333333
시	의	장	0.238494
시	의	원	0.100418
시	의	한	0.087866
시	의	사	0.025105
시	의	경	0.025105
시	의	소	0.020921
시	의	다	0.016736
시	의	적	0.016736
시	의	무	0.016736
시	의	대	0.016736
시	의	정	0.016736
시	의	주	0.012552
시	의	미	0.012552
시	의	공	0.012552
시	의	왕	0.012552
시	의	가	0.012552
시	의	구	0.012552
시	의	자	0.012552
시	이	후	0.188406
시	이	날	0.057971
시	이	재	0.050725
시	이	미	0.050725
시	이	번	0.050725
시	이	전	0.043478
시	이	에	0.036232
시	이	자	0.028986
시	이	준	0.028986
시	이	상	0.028986
시	이	대	0.021739
시	이	명	0.021739
시	이	고	0.021739
시	이	들	0.021739
시	이	란	0.021739
시	이	를	0.021739
시	이	제	0.021739
시	이	달	0.021739
시	인	은	0.166667
시	인	이	0.090909
시	인	의	0.075758
시	인	하	0.068182
시	인	천	0.053030
시	인	사	0.045455
시	인	수	0.037879
시	인	을	0.037879
시	인	들	0.037879
시	인	도	0.030303
시	인	과	0.022727
시	인	지	0.022727
시	인	한	0.022727
시	일	내	0.310000
시	일	본	0.160000
시	일	이	0.090000
시	일	반	0.070000
시	일	어	0.060000
시	일	산	0.050000
시	일	안	0.030000
시	일	자	0.030000
시	자	신	0.142857
시	자	산	0.081633
시	자	리	0.081633
시	자	들	0.061224
시	자	이	0.061224
시	장	에	0.237148
시	장	이	0.099917
시	장	의	0.098673
시	장	은	0.093698
시	장	을	0.077114
시	장	과	0.025290
시	장	진	0.021144
시	장	조	0.018242
시	장	경	0.018242
시	장	점	0.018242
시	장	상	0.016169
시	장	위	0.015755
시	장	안	0.015340
시	장	후	0.014925
시	장	으	0.014511
시	장	전	0.012438
시	장	개	0.012438
시	장	불	0.010779
시	장	가	0.008706
시	장	성	0.007877
시	장	선	0.007877
시	장	공	0.007877
시	장	금	0.007877
시	장	법	0.007048
시	장	도	0.006633
시	장	등	0.006633
시	장	인	0.005804
시	장	예	0.004561
시	장	분	0.004561
시	장	내	0.004146
시	재	판	0.312500
시	재	정	0.218750
시	재	개	0.125000
시	재	건	0.093750
시	저	장	0.750000
시	적	으	0.473684
시	적	인	0.195489
시	적	이	0.060150
시	적	일	0.030075
시	적	현	0.022556
시	적	성	0.022556
시	전	문	0.102941
시	전	세	0.073529
시	전	화	0.058824
시	전	에	0.058824
시	전	날	0.044118
시	전	역	0.044118
시	전	형	0.044118
시	전	개	0.044118
시	절	부	0.093458
시	절	에	0.093458
시	절	을	0.084112
시	절	이	0.080997
시	절	의	0.059190
시	절	인	0.059190
시	절	대	0.043614
시	절	수	0.021807
시	절	경	0.018692
시	절	친	0.015576
시	절	가	0.015576
시	절	로	0.015576
시	절	법	0.015576
시	절	자	0.015576
시	절	정	0.015576
시	절	불	0.012461
시	절	은	0.012461
시	절	공	0.012461
시	절	그	0.009346
시	절	주	0.009346
시	절	과	0.009346
시	절	서	0.009346
시	절	전	0.009346
시	절	총	0.009346
시	점	에	0.349810
시	점	이	0.186312
시	점	을	0.129278
시	점	은	0.083650
시	점	과	0.049430
시	점	부	0.045627
시	점	의	0.030418
시	점	인	0.026616
시	점	도	0.019011
시	점	으	0.019011
시	점	등	0.011407
시	정	부	0.281437
시	정	명	0.101796
시	정	책	0.083832
시	정	지	0.059880
시	정	비	0.053892
시	정	하	0.029940
시	정	신	0.029940
시	정	의	0.023952
시	정	위	0.023952
시	정	에	0.023952
시	정	도	0.017964
시	정	을	0.017964
시	정	상	0.017964
시	정	요	0.017964
시	정	조	0.017964
시	제	공	0.409091
시	제	도	0.136364
시	제	일	0.090909
시	제	주	0.068182
시	조	선	0.187500
시	조	사	0.125000
시	조	성	0.125000
시	주	요	0.119048
시	주	의	0.095238
시	주	차	0.071429
시	주	한	0.071429
시	주	목	0.071429
시	주	거	0.071429
시	주	총	0.071429
시	준	수	0.571429
시	준	비	0.428571
시	줄	사	1.000000
시	중	은	0.219697
시	중	단	0.174242
시	중	에	0.166667
시	중	공	0.106061
시	중	이	0.053030
시	중	구	0.045455
시	중	인	0.037879
시	중	요	0.022727
시	중	대	0.022727
시	즉	각	0.800000
시	지	를	0.390519
시	지	가	0.106095
시	지	는	0.051919
시	지	에	0.049661
시	지	로	0.038375
시	지	원	0.036117
시	지	역	0.033860
시	지	방	0.031603
시	지	난	0.024831
시	지	라	0.020316
시	지	만	0.018059
시	지	등	0.015801
시	지	전	0.015801
시	지	도	0.013544
시	지	와	0.013544
시	지	부	0.011287
시	지	구	0.009029
시	지	상	0.009029
시	지	금	0.006772
시	지	의	0.006772
시	지	발	0.006772
시	진	영	0.266667
시	집	을	0.133333
시	집	무	0.133333
시	집	에	0.100000
시	집	중	0.100000
시	쪽	은	0.500000
시	쯤	에	0.088889
시	쯤	부	0.088889
시	쯤	제	0.066667
시	차	를	0.322581
시	차	가	0.193548
시	차	는	0.096774
시	참	여	0.416667
시	참	사	0.250000
시	총	리	0.444444
시	칠	리	1.000000
시	코	로	0.173913
시	코	에	0.115942
시	코	와	0.072464
시	코	대	0.072464
시	코	의	0.057971
시	코	는	0.043478
시	코	인	0.043478
시	코	가	0.043478
시	코	다	0.043478
시	키	는	0.532710
시	키	고	0.310748
시	키	지	0.079439
시	키	도	0.016355
시	키	거	0.014019
시	키	자	0.009346
시	키	라	0.007009
시	타	고	0.187500
시	타	를	0.187500
시	통	화	0.333333
시	투	자	0.500000
시	판	에	0.447368
시	판	매	0.105263
시	판	을	0.078947
시	피	해	0.244444
시	피	한	0.111111
시	피	가	0.088889
시	피	고	0.066667
시	필	요	0.851852
시	하	는	0.387244
시	하	고	0.371298
시	하	지	0.097950
시	하	자	0.018223
시	하	게	0.013667
시	하	라	0.013667
시	하	원	0.013667
시	하	도	0.013667
시	하	루	0.011390
시	하	거	0.011390
시	하	여	0.006834
시	하	리	0.006834
시	한	다	0.216981
시	한	번	0.147170
시	한	것	0.077358
시	한	여	0.032075
시	한	이	0.030189
시	한	을	0.026415
시	한	바	0.024528
시	한	뒤	0.018868
시	한	조	0.016981
시	한	데	0.015094
시	한	설	0.015094
시	한	부	0.013208
시	한	강	0.013208
시	한	지	0.011321
시	한	주	0.011321
시	한	은	0.009434
시	한	인	0.009434
시	한	적	0.009434
시	한	상	0.009434
시	한	대	0.009434
시	한	미	0.007547
시	한	채	0.007547
시	한	내	0.007547
시	한	사	0.007547
시	한	후	0.007547
시	한	한	0.007547
시	한	올	0.007547
시	한	위	0.005660
시	한	반	0.005660
시	한	분	0.005660
시	할	수	0.305085
시	할	예	0.245763
시	할	것	0.203390
시	할	필	0.033898
시	할	방	0.033898
시	할	때	0.033898
시	할	인	0.025424
시	해	야	0.261682
시	해	온	0.093458
시	해	경	0.046729
시	해	주	0.037383
시	해	달	0.037383
시	해	자	0.037383
시	해	양	0.028037
시	해	소	0.028037
시	허	위	0.750000
시	현	장	0.415094
시	현	재	0.358491
시	현	대	0.075472
시	현	지	0.056604
시	화	되	0.209302
시	화	될	0.139535
시	화	성	0.139535
시	화	하	0.093023
시	화	재	0.069767
시	확	인	0.500000
시	확	대	0.200000
시	확	진	0.150000
시	휴	무	0.333333
시	흥	시	0.304348
시	흥	에	0.173913
쓴	것	으	0.444444
쓴	것	이	0.222222
쓴	것	입	0.166667
쓴	글	을	0.428571
쓴	글	이	0.428571
쓴	다	는	0.785714
쓴	다	고	0.214286
쓴	소	리	1.000000
쓴	이	는	0.333333
쓴	적	이	1.000000
씨	가	이	0.061404
씨	가	자	0.061404
씨	가	지	0.054825
씨	가	대	0.030702
씨	가	공	0.026316
씨	가	아	0.024123
씨	가	사	0.024123
씨	가	경	0.024123
씨	가	운	0.024123
씨	가	마	0.017544
씨	가	일	0.013158
씨	가	나	0.013158
씨	가	구	0.013158
씨	가	한	0.013158
씨	가	가	0.013158
씨	가	제	0.010965
씨	가	피	0.010965
씨	가	그	0.010965
씨	가	고	0.010965
씨	가	서	0.010965
씨	가	거	0.010965
씨	가	수	0.010965
씨	가	형	0.010965
씨	가	숨	0.010965
씨	가	새	0.008772
씨	가	조	0.008772
씨	가	인	0.008772
씨	가	오	0.008772
씨	가	말	0.008772
씨	가	불	0.008772
씨	간	장	1.000000
씨	게	이	1.000000
씨	는	지	0.170775
씨	는	이	0.080106
씨	는	경	0.030810
씨	는	아	0.030810
씨	는	전	0.029930
씨	는	자	0.028169
씨	는	사	0.021127
씨	는	한	0.017606
씨	는	그	0.017606
씨	는	다	0.016725
씨	는	현	0.014965
씨	는	인	0.014085
씨	는	가	0.013204
씨	는	오	0.012324
씨	는	부	0.011444
씨	는	수	0.010563
씨	는	서	0.009683
씨	는	대	0.009683
씨	는	정	0.009683
씨	는	집	0.009683
씨	는	피	0.008803
씨	는	또	0.008803
씨	는	병	0.008803
씨	는	저	0.007923
씨	는	제	0.007923
씨	는	어	0.007923
씨	는	주	0.007923
씨	는	공	0.007923
씨	는	차	0.007042
씨	는	재	0.007042
씨	도	자	0.096774
씨	등	은	0.442308
씨	등	을	0.115385
씨	등	이	0.115385
씨	등	에	0.076923
씨	등	의	0.057692
씨	때	문	1.000000
씨	또	한	1.000000
씨	라	는	0.500000
씨	라	고	0.500000
씨	로	부	0.705882
씨	를	상	0.083333
씨	를	불	0.061404
씨	를	살	0.052632
씨	를	구	0.052632
씨	를	포	0.039474
씨	를	만	0.030702
씨	를	도	0.030702
씨	를	긴	0.030702
씨	를	발	0.030702
씨	를	입	0.026316
씨	를	통	0.021930
씨	를	성	0.021930
씨	를	현	0.021930
씨	를	소	0.017544
씨	를	경	0.017544
씨	를	피	0.017544
씨	를	대	0.017544
씨	를	공	0.017544
씨	를	제	0.017544
씨	를	지	0.017544
씨	를	말	0.013158
씨	를	마	0.013158
씨	를	강	0.013158
씨	를	비	0.013158
씨	를	둘	0.013158
씨	를	고	0.013158
씨	를	조	0.013158
씨	부	부	0.600000
씨	부	친	0.300000
씨	사	건	0.571429
씨	아	내	0.666667
씨	앗	을	0.333333
씨	앗	이	0.333333
씨	앤	씨	0.625000
씨	에	게	0.707581
씨	에	대	0.238267
씨	에	도	0.018051
씨	역	시	1.000000
씨	와	조	0.140127
씨	와	함	0.114650
씨	와	공	0.057325
씨	와	의	0.044586
씨	와	김	0.044586
씨	와	그	0.044586
씨	와	아	0.038217
씨	와	친	0.031847
씨	와	이	0.031847
씨	와	한	0.025478
씨	와	통	0.025478
씨	와	자	0.025478
씨	와	딸	0.025478
씨	와	재	0.019108
씨	의	사	0.056497
씨	의	아	0.039548
씨	의	부	0.033898
씨	의	주	0.033898
씨	의	경	0.031073
씨	의	신	0.028249
씨	의	진	0.028249
씨	의	차	0.028249
씨	의	어	0.025424
씨	의	이	0.025424
씨	의	휴	0.025424
씨	의	도	0.019774
씨	의	집	0.019774
씨	의	구	0.019774
씨	의	지	0.019774
씨	의	전	0.016949
씨	의	가	0.016949
씨	의	말	0.016949
씨	의	상	0.016949
씨	의	소	0.014124
씨	의	배	0.014124
씨	의	대	0.014124
씨	의	선	0.014124
씨	의	친	0.014124
씨	의	여	0.014124
씨	의	장	0.014124
씨	의	발	0.014124
씨	의	재	0.014124
씨	의	법	0.011299
씨	의	성	0.011299
씨	일	가	1.000000
씨	제	이	0.805556
씨	제	공	0.194444
씨	주	장	0.500000
씨	주	거	0.500000
씨	진	술	1.000000
씨	통	화	0.750000
씨	피	살	1.000000
악	가	들	0.250000
악	과	함	0.200000
악	구	신	0.280000
악	구	의	0.120000
악	구	에	0.120000
악	단	과	0.235294
악	단	이	0.176471
악	대	법	0.571429
악	되	지	0.666667
악	되	고	0.277778
악	된	다	0.750000
악	마	의	0.450000
악	명	이	1.000000
악	미	술	1.000000
악	법	을	0.750000
악	산	과	0.200000
악	산	에	0.150000
악	성	사	0.217391
악	성	코	0.173913
악	수	를	0.523810
악	수	하	0.333333
악	시	도	0.333333
악	시	상	0.333333
악	어	를	0.375000
악	에	서	0.333333
악	에	나	0.166667
악	열	차	1.000000
악	영	화	1.000000
악	으	로	1.000000
악	을	하	0.123077
악	을	금	0.107692
악	을	위	0.092308
악	을	들	0.092308
악	을	만	0.076923
악	의	적	0.275229
악	의	상	0.137615
악	의	경	0.091743
악	의	하	0.027523
악	의	소	0.027523
악	의	시	0.027523
악	의	인	0.027523
악	이	라	0.257143
악	이	나	0.114286
악	이	어	0.085714
악	재	로	0.266667
악	재	가	0.233333
악	재	를	0.133333
악	재	에	0.100000
악	저	지	1.000000
악	전	고	0.666667
악	조	건	0.714286
악	중	이	0.727273
악	지	역	0.416667
악	지	형	0.250000
악	천	후	1.000000
악	하	고	0.660000
악	하	는	0.180000
악	하	지	0.080000
악	하	다	0.033333
악	한	뒤	0.103896
악	한	다	0.090909
악	한	지	0.090909
악	한	이	0.051948
악	한	것	0.038961
악	한	탈	0.038961
악	할	수	0.714286
악	할	것	0.085714
악	해	야	0.200000
악	해	서	0.120000
악	화	시	0.165138
악	화	되	0.165138
악	화	될	0.100917
악	화	하	0.077982
악	화	된	0.064220
악	화	로	0.064220
악	화	가	0.041284
악	화	를	0.041284
악	화	할	0.041284
악	화	에	0.036697
악	화	등	0.027523
악	화	와	0.022936
악	화	는	0.018349
악	화	해	0.018349
악	화	돼	0.013761
악	화	우	0.013761
앗	길	수	1.000000
앗	수	마	1.000000
앗	아	간	0.400000
앗	을	수	0.600000
야	가	더	0.057971
야	가	어	0.057971
야	가	제	0.057971
야	가	이	0.057971
야	가	다	0.043478
야	가	정	0.043478
야	가	운	0.043478
야	간	에	0.196970
야	간	사	0.151515
야	간	공	0.075758
야	간	산	0.045455
야	간	이	0.045455
야	간	경	0.045455
야	간	시	0.045455
야	갈	등	1.000000
야	공	약	0.214286
야	구	장	0.168831
야	구	를	0.116883
야	구	단	0.064935
야	구	에	0.064935
야	구	선	0.045455
야	구	위	0.038961
야	구	가	0.032468
야	구	로	0.032468
야	구	경	0.025974
야	구	원	0.025974
야	구	부	0.019481
야	구	방	0.019481
야	구	사	0.019481
야	구	인	0.019481
야	구	첫	0.019481
야	금	야	0.333333
야	나	라	0.307692
야	놀	자	1.000000
야	는	이	0.212766
야	는	주	0.063830
야	는	우	0.063830
야	는	전	0.063830
야	다	음	0.444444
야	다	시	0.333333
야	대	정	0.275862
야	대	선	0.206897
야	대	상	0.172414
야	되	는	0.606061
야	되	지	0.272727
야	된	다	1.000000
야	될	것	0.333333
야	드	에	0.392857
야	드	알	0.142857
야	드	의	0.107143
야	등	에	0.272727
야	라	고	0.730769
야	라	는	0.269231
야	로	확	0.363636
야	로	는	0.272727
야	를	확	0.108696
야	를	가	0.086957
야	를	선	0.065217
야	를	아	0.065217
야	를	주	0.065217
야	를	대	0.065217
야	마	가	0.368421
야	마	땅	0.210526
야	마	구	0.175439
야	만	하	0.169811
야	만	한	0.169811
야	만	적	0.094340
야	만	할	0.075472
야	말	로	0.987179
야	별	로	0.444444
야	별	전	0.166667
야	비	로	1.000000
야	사	고	0.363636
야	산	에	0.727273
야	수	들	0.136364
야	시	간	0.485714
야	시	요	0.257143
야	시	엘	0.085714
야	알	게	1.000000
야	에	서	0.750000
야	에	대	0.051887
야	에	걸	0.037736
야	에	투	0.018868
야	에	선	0.018868
야	역	사	0.600000
야	영	장	0.555556
야	와	의	0.333333
야	요	이	1.000000
야	우	리	0.454545
야	우	수	0.272727
야	원	내	0.947368
야	의	원	0.219512
야	의	경	0.073171
야	의	세	0.060976
야	의	미	0.060976
야	의	대	0.048780
야	의	공	0.036585
야	의	인	0.036585
야	의	전	0.036585
야	입	장	1.000000
야	자	신	0.187500
야	자	키	0.187500
야	전	문	0.615385
야	전	사	0.115385
야	정	상	0.272727
야	제	대	0.800000
야	지	도	0.086957
야	지	원	0.086957
야	지	라	0.065217
야	채	를	0.333333
야	커	피	1.000000
야	투	자	1.000000
야	피	해	0.750000
야	하	는	0.714286
야	하	고	0.113757
야	하	지	0.103175
야	하	나	0.042328
야	하	니	0.017196
야	하	다	0.005291
야	한	다	0.998890
야	한	단	0.001110
야	할	것	0.251812
야	할	지	0.117754
야	할	때	0.063406
야	할	일	0.057971
야	할	사	0.039855
야	할	정	0.030797
야	할	과	0.027174
야	할	이	0.027174
야	할	문	0.025362
야	할	시	0.021739
야	할	대	0.019928
야	할	부	0.018116
야	할	길	0.016304
야	할	곳	0.014493
야	할	필	0.010870
야	할	자	0.010870
야	할	수	0.010870
야	할	의	0.009058
야	할	산	0.009058
야	할	책	0.009058
야	할	분	0.009058
야	할	상	0.009058
야	할	점	0.007246
야	할	선	0.007246
야	할	역	0.007246
야	할	공	0.005435
야	할	돈	0.005435
야	할	만	0.005435
야	할	내	0.005435
야	할	방	0.005435
야	함	에	0.600000
야	함	을	0.300000
야	해	서	0.300000
야	해	요	0.125000
양	가	상	0.202703
양	가	가	0.175676
양	가	는	0.162162
양	가	를	0.148649
양	가	에	0.094595
양	가	의	0.040541
양	강	후	0.375000
양	경	제	0.756757
양	경	수	0.189189
양	고	속	0.272727
양	공	장	0.500000
양	과	함	0.090909
양	구	의	0.166667
양	구	군	0.133333
양	구	에	0.100000
양	군	은	0.266667
양	귀	비	1.000000
양	날	의	1.000000
양	내	과	1.000000
양	단	지	1.000000
양	대	노	0.081081
양	대	경	0.081081
양	대	산	0.081081
양	도	세	0.379845
양	도	소	0.209302
양	도	시	0.069767
양	도	차	0.054264
양	도	하	0.046512
양	도	에	0.023256
양	도	서	0.023256
양	도	가	0.023256
양	도	할	0.023256
양	된	다	0.363636
양	두	구	1.000000
양	등	을	0.238095
양	등	이	0.238095
양	때	문	0.750000
양	로	원	0.750000
양	말	을	0.583333
양	문	화	0.600000
양	반	들	0.300000
양	발	을	0.428571
양	병	원	0.982143
양	분	을	0.250000
양	분	하	0.187500
양	사	의	0.264706
양	사	는	0.147059
양	사	무	0.147059
양	사	가	0.088235
양	산	을	0.119048
양	산	시	0.107143
양	산	에	0.107143
양	산	하	0.083333
양	산	사	0.083333
양	산	과	0.047619
양	산	화	0.035714
양	상	이	0.397059
양	상	을	0.250000
양	상	으	0.073529
양	상	에	0.073529
양	상	과	0.044118
양	상	은	0.044118
양	새	다	0.731343
양	새	를	0.074627
양	새	가	0.044776
양	성	을	0.148594
양	성	이	0.128514
양	성	판	0.072289
양	성	에	0.068273
양	성	반	0.064257
양	성	과	0.056225
양	성	하	0.056225
양	성	사	0.028112
양	성	은	0.024096
양	성	분	0.024096
양	성	등	0.020080
양	성	의	0.016064
양	성	자	0.016064
양	성	방	0.016064
양	성	으	0.016064
양	성	일	0.012048
양	성	할	0.012048
양	성	대	0.012048
양	성	지	0.012048
양	성	인	0.012048
양	성	화	0.012048
양	소	를	0.228571
양	소	로	0.171429
양	소	가	0.085714
양	소	개	0.085714
양	손	을	0.454545
양	수	산	0.733333
양	수	자	0.055556
양	수	수	0.044444
양	수	선	0.033333
양	순	안	1.000000
양	시	설	0.255814
양	시	장	0.209302
양	시	에	0.081395
양	시	는	0.069767
양	시	일	0.058140
양	시	안	0.034884
양	시	와	0.034884
양	시	만	0.034884
양	신	산	0.600000
양	씨	는	0.571429
양	양	군	0.363636
양	양	은	0.227273
양	양	에	0.181818
양	양	고	0.181818
양	에	서	0.423077
양	에	나	0.115385
양	에	대	0.064103
양	에	너	0.051282
양	에	선	0.038462
양	에	게	0.038462
양	옆	으	0.428571
양	원	에	0.217391
양	원	가	0.173913
양	원	을	0.130435
양	위	원	0.500000
양	으	로	1.000000
양	은	이	0.075472
양	은	서	0.075472
양	은	인	0.056604
양	은	지	0.056604
양	은	두	0.056604
양	을	만	0.076087
양	을	위	0.054348
양	을	이	0.043478
양	을	에	0.032609
양	을	지	0.032609
양	을	건	0.032609
양	을	도	0.032609
양	을	진	0.032609
양	의	원	0.216216
양	의	아	0.054054
양	의	이	0.036036
양	의	무	0.036036
양	의	경	0.036036
양	의	부	0.027027
양	의	수	0.027027
양	의	지	0.027027
양	의	한	0.027027
양	이	다	0.117978
양	이	가	0.095506
양	이	의	0.067416
양	이	를	0.044944
양	이	와	0.039326
양	이	라	0.039326
양	이	들	0.033708
양	이	원	0.033708
양	이	나	0.028090
양	이	에	0.028090
양	이	사	0.022472
양	이	한	0.022472
양	이	인	0.016854
양	이	도	0.016854
양	일	간	0.500000
양	일	정	0.285714
양	자	시	0.096154
양	자	정	0.096154
양	자	대	0.076923
양	자	역	0.076923
양	자	로	0.057692
양	자	등	0.057692
양	자	암	0.057692
양	자	의	0.057692
양	자	간	0.057692
양	잠	산	0.750000
양	재	역	0.235294
양	재	천	0.235294
양	재	점	0.176471
양	적	긴	0.250000
양	적	질	0.200000
양	적	으	0.200000
양	적	성	0.150000
양	전	지	0.454545
양	정	상	0.285714
양	정	책	0.190476
양	정	원	0.142857
양	제	를	0.166667
양	조	약	0.723810
양	조	장	0.085714
양	조	위	0.047619
양	조	사	0.047619
양	조	정	0.028571
양	주	시	0.385965
양	주	왕	0.105263
양	주	지	0.052632
양	주	사	0.052632
양	중	이	0.500000
양	중	인	0.214286
양	지	역	0.491525
양	지	구	0.118644
양	지	차	0.050847
양	지	로	0.050847
양	질	의	0.969697
양	쪽	에	0.268293
양	쪽	의	0.170732
양	쪽	이	0.073171
양	쪽	은	0.073171
양	책	을	0.333333
양	천	구	0.694444
양	천	강	0.083333
양	팀	이	0.454545
양	팔	을	0.571429
양	하	게	0.418605
양	하	고	0.232558
양	하	다	0.151163
양	하	는	0.127907
양	한	방	0.065649
양	한	분	0.061069
양	한	사	0.051908
양	한	이	0.042748
양	한	형	0.029008
양	한	지	0.027481
양	한	경	0.024427
양	한	제	0.022901
양	한	시	0.022901
양	한	정	0.022901
양	한	문	0.021374
양	한	의	0.021374
양	한	전	0.019847
양	한	주	0.018321
양	한	공	0.018321
양	한	수	0.018321
양	한	산	0.016794
양	한	가	0.016794
양	한	고	0.016794
양	한	영	0.015267
양	한	장	0.015267
양	한	상	0.013740
양	한	다	0.013740
양	한	인	0.012214
양	한	서	0.012214
양	한	노	0.010687
양	한	예	0.010687
양	한	미	0.010687
양	한	개	0.009160
양	한	해	0.009160
양	할	예	0.520000
양	할	수	0.240000
양	할	머	0.120000
양	함	대	0.700000
양	해	각	0.265625
양	해	를	0.203125
양	해	해	0.093750
양	해	야	0.078125
양	해	부	0.078125
양	해	진	0.062500
양	해	지	0.046875
양	현	준	0.400000
양	형	이	0.560976
양	형	조	0.073171
양	형	에	0.073171
양	형	위	0.073171
양	호	하	0.483871
양	호	한	0.290323
양	화	하	0.151515
양	화	를	0.121212
양	화	가	0.090909
엄	경	영	1.000000
엄	군	의	0.571429
엄	단	하	0.428571
엄	두	를	0.500000
엄	마	가	0.248649
엄	마	의	0.151351
엄	마	는	0.118919
엄	마	와	0.064865
엄	마	를	0.054054
엄	마	아	0.048649
엄	마	들	0.043243
엄	마	인	0.021622
엄	마	이	0.021622
엄	마	로	0.021622
엄	마	라	0.016216
엄	마	그	0.016216
엄	마	다	0.016216
엄	벌	을	0.400000
엄	벌	해	0.200000
엄	벌	이	0.150000
엄	선	해	0.461538
엄	아	울	1.000000
엄	에	서	0.500000
엄	원	상	0.875000
엄	으	로	1.000000
엄	을	지	0.222222
엄	정	하	0.340909
엄	정	대	0.250000
엄	정	한	0.227273
엄	정	조	0.113636
엄	중	한	0.409091
엄	중	하	0.284091
엄	중	해	0.056818
엄	중	경	0.056818
엄	중	대	0.045455
엄	중	조	0.034091
엄	중	함	0.034091
엄	중	단	0.034091
엄	지	손	0.416667
엄	포	를	0.750000
엄	하	게	0.600000
에	가	장	0.372727
에	가	입	0.175758
에	가	서	0.124242
에	가	는	0.039394
에	가	해	0.036364
에	가	지	0.024242
에	가	고	0.024242
에	가	속	0.021212
에	가	상	0.021212
에	가	정	0.018182
에	가	로	0.018182
에	가	야	0.012121
에	가	시	0.012121
에	가	두	0.009091
에	가	세	0.009091
에	가	도	0.009091
에	각	각	0.549020
에	각	별	0.294118
에	각	자	0.078431
에	간	다	0.250000
에	갈	등	0.200000
에	갈	아	0.200000
에	강	한	0.283784
에	강	하	0.121622
에	강	점	0.094595
에	강	제	0.094595
에	강	아	0.054054
에	강	원	0.054054
에	강	도	0.054054
에	강	화	0.040541
에	강	경	0.040541
에	강	수	0.040541
에	개	입	0.237624
에	개	인	0.188119
에	개	발	0.138614
에	개	장	0.059406
에	개	방	0.049505
에	개	설	0.049505
에	개	정	0.039604
에	개	선	0.039604
에	개	별	0.039604
에	거	주	0.628319
에	거	의	0.088496
에	거	부	0.070796
에	거	짓	0.044248
에	거	점	0.026549
에	거	대	0.026549
에	건	설	0.275000
에	건	물	0.225000
에	건	강	0.150000
에	건	의	0.125000
에	걸	쳐	0.645695
에	걸	친	0.132450
에	걸	린	0.125828
에	걸	리	0.069536
에	걸	어	0.013245
에	걸	고	0.009934
에	게	는	0.070556
에	게	도	0.058684
에	게	이	0.032225
에	게	전	0.031886
에	게	사	0.027815
에	게	서	0.024423
에	게	지	0.019674
에	게	주	0.016621
에	게	공	0.016621
에	게	제	0.015943
에	게	다	0.014247
에	게	대	0.014247
에	게	자	0.012890
에	게	인	0.012890
에	게	만	0.012551
에	게	그	0.011872
에	게	재	0.011872
에	게	가	0.011533
에	게	우	0.011533
에	게	시	0.011533
에	게	정	0.011194
에	게	무	0.010516
에	게	선	0.009837
에	게	큰	0.009498
에	게	어	0.009159
에	게	한	0.009159
에	게	경	0.009159
에	게	미	0.008820
에	게	위	0.008820
에	게	돌	0.008820
에	경	제	0.211538
에	경	고	0.153846
에	경	악	0.096154
에	경	비	0.096154
에	경	호	0.057692
에	경	영	0.057692
에	고	발	0.358974
에	고	소	0.102564
에	고	통	0.051282
에	고	정	0.051282
에	고	개	0.044872
에	고	인	0.038462
에	고	전	0.038462
에	고	의	0.025641
에	고	성	0.019231
에	고	속	0.019231
에	고	대	0.019231
에	고	고	0.019231
에	곧	바	0.666667
에	공	개	0.475138
에	공	을	0.077348
에	공	정	0.038674
에	공	문	0.033149
에	공	공	0.027624
에	공	포	0.022099
에	공	장	0.022099
에	공	적	0.022099
에	공	시	0.022099
에	공	조	0.016575
에	공	사	0.016575
에	공	지	0.016575
에	공	원	0.016575
에	과	도	0.303030
에	과	거	0.242424
에	과	세	0.121212
에	구	매	0.205479
에	구	조	0.150685
에	구	애	0.109589
에	구	속	0.109589
에	구	금	0.068493
에	구	입	0.054795
에	구	단	0.041096
에	군	사	0.541667
에	군	함	0.125000
에	귀	를	0.421053
에	그	친	0.170732
에	그	칠	0.085366
에	그	대	0.079268
에	그	는	0.060976
에	그	쳐	0.048780
에	그	들	0.042683
에	그	가	0.036585
에	그	때	0.030488
에	그	의	0.030488
에	그	것	0.030488
에	그	부	0.030488
에	그	간	0.030488
에	그	린	0.024390
에	그	에	0.018293
에	그	만	0.018293
에	글	을	0.530612
에	글	로	0.204082
에	글	라	0.163265
에	금	리	0.428571
에	금	이	0.142857
에	금	속	0.142857
에	긴	장	1.000000
에	길	이	0.571429
에	김	씨	0.119403
에	김	정	0.089552
에	김	영	0.074627
에	김	여	0.074627
에	김	건	0.059701
에	김	준	0.059701
에	김	대	0.044776
에	김	의	0.044776
에	김	위	0.044776
에	꼭	필	0.476190
에	끝	내	0.500000
에	나	선	0.297297
에	나	서	0.259459
에	나	설	0.169730
에	나	온	0.045405
에	나	오	0.044324
에	나	가	0.044324
에	나	와	0.040000
에	나	타	0.027027
에	나	올	0.011892
에	나	는	0.010811
에	나	란	0.007568
에	나	무	0.006486
에	나	갈	0.004324
에	나	도	0.003243
에	나	이	0.003243
에	나	머	0.003243
에	난	입	0.416667
에	날	아	0.363636
에	내	린	0.144330
에	내	세	0.092784
에	내	년	0.092784
에	내	가	0.092784
에	내	재	0.072165
에	내	정	0.061856
에	내	리	0.051546
에	내	부	0.041237
에	내	장	0.030928
에	너	지	0.963659
에	너	무	0.022556
에	너	빌	0.006266
에	널	리	0.666667
에	노	조	0.129032
에	노	벨	0.129032
에	노	사	0.096774
에	노	미	0.096774
에	노	란	0.096774
에	놀	란	0.466667
에	놀	라	0.400000
에	눈	을	0.281250
에	눈	이	0.218750
에	눈	물	0.187500
에	눈	에	0.125000
에	눈	길	0.093750
에	는	이	0.047474
에	는	전	0.028310
에	는	지	0.027003
에	는	대	0.026568
에	는	한	0.024390
에	는	아	0.022648
에	는	미	0.020470
에	는	정	0.018728
에	는	사	0.017857
에	는	경	0.017857
에	는	그	0.017857
에	는	김	0.016986
에	는	일	0.015244
에	는	공	0.014373
에	는	여	0.014373
에	는	가	0.014373
에	는	자	0.013502
에	는	중	0.013502
에	는	다	0.013502
에	는	인	0.013066
에	는	시	0.013066
에	는	수	0.013066
에	는	소	0.012631
에	는	우	0.012195
에	는	어	0.011760
에	는	오	0.011760
에	는	조	0.011760
에	는	신	0.011324
에	는	주	0.010453
에	는	부	0.010453
에	늘	어	0.800000
에	다	시	0.404545
에	다	니	0.118182
에	다	가	0.077273
에	다	양	0.068182
에	다	다	0.054545
에	다	수	0.045455
에	다	음	0.036364
에	다	소	0.022727
에	다	이	0.018182
에	다	의	0.013636
에	단	호	0.142857
에	단	일	0.142857
에	단	단	0.142857
에	달	하	0.468635
에	달	한	0.328413
에	달	할	0.066421
에	달	해	0.055351
에	달	린	0.033210
에	달	라	0.011070
에	달	성	0.011070
에	대	한	0.498562
에	대	해	0.438578
에	대	응	0.020518
에	대	비	0.018557
에	대	통	0.005750
에	대	하	0.003528
에	대	만	0.001568
에	대	부	0.001307
에	대	형	0.001307
에	대	리	0.000915
에	대	화	0.000915
에	대	피	0.000784
에	대	선	0.000653
에	대	거	0.000653
에	대	전	0.000523
에	대	장	0.000523
에	대	설	0.000392
에	대	중	0.000392
에	더	해	0.423077
에	더	불	0.057692
에	더	집	0.057692
에	더	는	0.038462
에	더	가	0.038462
에	더	이	0.038462
에	더	더	0.028846
에	더	오	0.028846
에	더	신	0.028846
에	데	이	0.857143
에	도	불	0.075792
에	도	전	0.053167
에	도	이	0.040158
에	도	달	0.037896
에	도	대	0.023190
에	도	영	0.020928
에	도	지	0.019231
에	도	한	0.017534
에	도	입	0.017534
에	도	적	0.016968
에	도	나	0.016968
에	도	참	0.016968
에	도	도	0.014706
에	도	여	0.013575
에	도	수	0.013575
에	도	주	0.013009
에	도	그	0.012443
에	도	정	0.012443
에	도	공	0.012443
에	도	일	0.011878
에	도	시	0.011878
에	도	우	0.011312
에	도	부	0.011312
에	도	미	0.010181
에	도	사	0.009615
에	도	자	0.009050
에	도	서	0.009050
에	도	가	0.009050
에	도	김	0.009050
에	도	경	0.008484
에	돈	을	0.833333
에	돌	입	0.641509
에	돌	아	0.283019
에	돌	리	0.025157
에	돌	을	0.018868
에	되	지	0.750000
에	두	고	0.553191
에	두	차	0.078014
에	두	는	0.035461
에	두	세	0.028369
에	두	명	0.028369
에	두	아	0.028369
에	두	어	0.021277
에	두	사	0.021277
에	둔	것	0.350000
에	둔	발	0.150000
에	드	는	0.311111
에	드	워	0.133333
에	드	론	0.111111
에	드	리	0.066667
에	드	먼	0.066667
에	든	다	0.230769
에	들	어	0.932854
에	들	지	0.026379
에	들	여	0.009592
에	등	장	0.736111
에	등	재	0.138889
에	등	판	0.041667
에	디	션	0.620000
에	디	지	0.180000
에	디	자	0.060000
에	딱	들	1.000000
에	딸	을	0.375000
에	또	다	0.304348
에	또	한	0.173913
에	뜻	을	0.428571
에	뜻	하	0.428571
에	라	이	0.296296
에	라	도	0.259259
에	라	리	0.148148
에	라	는	0.111111
에	로	비	0.266667
에	마	약	0.172414
에	마	지	0.155172
에	마	음	0.120690
에	마	무	0.103448
에	마	이	0.068966
에	마	을	0.068966
에	마	주	0.051724
에	막	대	0.432432
에	막	혀	0.243243
에	만	전	0.135000
에	만	들	0.055000
에	만	집	0.045000
에	만	난	0.040000
에	만	의	0.035000
에	만	나	0.035000
에	만	머	0.030000
에	만	한	0.030000
에	만	매	0.030000
에	만	적	0.030000
에	만	사	0.025000
에	만	세	0.025000
에	만	반	0.020000
에	만	수	0.020000
에	만	약	0.020000
에	만	초	0.015000
에	만	든	0.015000
에	만	주	0.015000
에	만	신	0.015000
에	만	영	0.015000
에	만	총	0.015000
에	말	하	0.150000
에	말	도	0.150000
에	매	달	0.189655
에	매	우	0.172414
에	매	진	0.163793
에	매	각	0.112069
에	매	수	0.077586
에	매	입	0.068966
에	매	일	0.051724
에	매	물	0.034483
에	매	년	0.025862
에	매	장	0.025862
에	머	물	0.656250
에	머	무	0.218750
에	머	리	0.075000
에	머	문	0.031250
에	먼	저	0.833333
에	먼	지	0.166667
에	명	시	0.424242
에	명	확	0.212121
에	명	예	0.090909
에	목	소	0.190476
에	목	숨	0.190476
에	목	매	0.142857
에	목	적	0.142857
에	몸	을	0.588235
에	못	미	0.575758
에	못	이	0.121212
에	못	나	0.121212
에	못	지	0.121212
에	무	게	0.220930
에	무	단	0.116279
에	무	리	0.104651
에	무	너	0.069767
에	무	인	0.046512
에	무	지	0.046512
에	무	사	0.034884
에	무	차	0.034884
에	무	한	0.034884
에	무	죄	0.034884
에	무	방	0.034884
에	문	제	0.512195
에	문	의	0.113821
에	문	을	0.113821
에	문	화	0.089431
에	문	대	0.065041
에	문	재	0.048780
에	물	가	0.137255
에	물	리	0.117647
에	물	이	0.117647
에	물	을	0.098039
에	물	어	0.098039
에	물	건	0.098039
에	물	고	0.078431
에	미	리	0.276316
에	미	상	0.184211
에	미	칠	0.125000
에	미	군	0.078947
에	미	사	0.072368
에	미	달	0.052632
에	미	친	0.046053
에	미	술	0.019737
에	바	이	0.318182
에	바	로	0.250000
에	바	다	0.113636
에	바	총	0.090909
에	반	대	0.324921
에	반	영	0.223975
에	반	발	0.141956
에	반	하	0.069401
에	반	해	0.047319
에	반	응	0.037855
에	반	도	0.034700
에	반	드	0.028391
에	반	한	0.018927
에	반	전	0.009464
에	반	지	0.009464
에	반	사	0.009464
에	발	을	0.232143
에	발	목	0.160714
에	발	사	0.142857
에	발	매	0.071429
에	발	전	0.053571
에	발	이	0.053571
에	발	의	0.053571
에	방	문	0.336957
에	방	점	0.141304
에	방	역	0.097826
에	방	해	0.065217
에	방	지	0.065217
에	방	탄	0.043478
에	방	화	0.043478
에	방	사	0.032609
에	배	포	0.196078
에	배	정	0.176471
에	배	달	0.156863
에	배	우	0.117647
에	배	상	0.078431
에	배	속	0.058824
에	백	신	0.529412
에	백	지	0.176471
에	벌	써	0.411765
에	벌	금	0.352941
에	벌	어	0.176471
에	법	원	0.222222
에	법	적	0.138889
에	법	인	0.138889
에	법	무	0.138889
에	법	안	0.111111
에	법	정	0.111111
에	별	도	0.409091
에	별	다	0.409091
에	병	원	0.500000
에	본	인	0.296296
에	본	사	0.259259
에	본	부	0.222222
에	볼	루	0.600000
에	부	정	0.256881
에	부	응	0.174312
에	부	과	0.064220
에	부	적	0.055046
에	부	산	0.055046
에	부	여	0.045872
에	부	분	0.027523
에	부	쳐	0.027523
에	부	상	0.027523
에	분	양	0.291667
에	분	노	0.270833
에	분	명	0.083333
에	분	산	0.083333
에	분	포	0.062500
에	분	말	0.062500
에	불	과	0.620795
에	불	을	0.073394
에	불	참	0.058104
에	불	이	0.051988
에	불	만	0.036697
에	불	리	0.030581
에	불	구	0.021407
에	불	안	0.018349
에	불	법	0.015291
에	불	응	0.015291
에	불	확	0.009174
에	불	길	0.009174
에	비	해	0.697270
에	비	하	0.052109
에	비	상	0.039702
에	비	가	0.029777
에	비	판	0.019851
에	비	대	0.017370
에	비	친	0.017370
에	비	중	0.009926
에	비	로	0.009926
에	비	명	0.007444
에	빛	나	0.666667
에	빼	곡	0.750000
에	사	는	0.344037
에	사	과	0.064220
에	사	로	0.059633
에	사	전	0.050459
에	사	고	0.045872
에	사	진	0.045872
에	사	드	0.045872
에	사	무	0.041284
에	사	건	0.032110
에	사	라	0.032110
에	사	랑	0.027523
에	사	적	0.022936
에	사	죄	0.018349
에	사	상	0.018349
에	사	인	0.018349
에	사	의	0.013761
에	사	들	0.013761
에	산	다	0.272727
에	산	불	0.181818
에	산	이	0.136364
에	살	고	0.479167
에	살	아	0.125000
에	살	지	0.104167
에	살	다	0.062500
에	상	응	0.191011
에	상	정	0.191011
에	상	장	0.157303
에	상	대	0.067416
에	상	주	0.044944
에	상	병	0.044944
에	상	시	0.033708
에	상	을	0.033708
에	새	로	0.658824
에	새	롭	0.129412
에	새	정	0.035294
에	서	는	0.103151
에	서	열	0.068415
에	서	도	0.063191
에	서	이	0.034569
에	서	한	0.019063
에	서	발	0.018896
에	서	의	0.017451
에	서	가	0.016229
에	서	대	0.015173
에	서	일	0.015117
에	서	지	0.014784
에	서	시	0.014117
에	서	만	0.014117
에	서	제	0.013839
에	서	사	0.013783
에	서	정	0.013116
에	서	자	0.012949
에	서	우	0.012394
에	서	나	0.011949
에	서	공	0.011949
에	서	다	0.010838
에	서	전	0.010782
에	서	인	0.009726
에	서	진	0.009670
에	서	경	0.009504
에	서	수	0.009393
에	서	오	0.009059
에	서	개	0.007670
에	서	중	0.007670
에	서	주	0.007670
에	선	이	0.086567
에	선	정	0.073134
에	선	발	0.035821
에	선	대	0.034328
에	선	을	0.028358
에	선	제	0.026866
에	선	수	0.023881
에	선	한	0.020896
에	선	그	0.020896
에	선	지	0.020896
에	선	다	0.019403
에	선	아	0.014925
에	선	오	0.014925
에	선	거	0.014925
에	선	공	0.013433
에	선	김	0.013433
에	선	전	0.013433
에	선	현	0.011940
에	선	미	0.011940
에	선	인	0.011940
에	선	어	0.010448
에	선	주	0.010448
에	선	해	0.010448
에	선	마	0.010448
에	선	올	0.010448
에	선	무	0.008955
에	선	재	0.008955
에	선	구	0.008955
에	선	코	0.008955
에	선	문	0.008955
에	설	명	0.434783
에	설	정	0.391304
에	성	공	0.905028
에	성	사	0.016760
에	세	이	0.242857
에	세	워	0.185714
에	세	상	0.071429
에	세	금	0.057143
에	세	입	0.042857
에	세	운	0.042857
에	세	우	0.042857
에	셋	자	0.250000
에	소	개	0.156863
에	소	속	0.137255
에	소	비	0.098039
에	소	집	0.058824
에	소	화	0.049020
에	소	통	0.049020
에	소	형	0.039216
에	소	장	0.039216
에	소	요	0.039216
에	소	나	0.039216
에	속	도	0.390625
에	속	한	0.250000
에	속	하	0.148438
에	속	해	0.062500
에	속	속	0.039062
에	속	아	0.023438
에	속	할	0.023438
에	손	을	0.409091
에	손	해	0.136364
에	손	흥	0.068182
에	손	바	0.068182
에	수	사	0.310000
에	수	도	0.060000
에	수	차	0.060000
에	수	술	0.040000
에	수	시	0.040000
에	수	천	0.040000
에	수	입	0.040000
에	수	신	0.030000
에	수	요	0.030000
에	수	여	0.030000
에	수	분	0.030000
에	수	소	0.030000
에	순	수	0.363636
에	순	응	0.272727
에	순	차	0.272727
에	숨	어	0.447368
에	숨	진	0.157895
에	숨	는	0.105263
에	숨	통	0.078947
에	숨	은	0.078947
에	시	달	0.500000
에	시	간	0.131579
에	시	장	0.089474
에	시	선	0.031579
에	시	가	0.021053
에	시	주	0.021053
에	시	신	0.015789
에	시	속	0.015789
에	시	상	0.015789
에	신	고	0.449367
에	신	경	0.101266
에	신	속	0.101266
에	신	중	0.082278
에	신	선	0.025316
에	신	설	0.025316
에	신	세	0.018987
에	신	호	0.018987
에	신	곡	0.018987
에	신	약	0.018987
에	싸	여	0.333333
에	싸	인	0.222222
에	싸	우	0.166667
에	싸	이	0.166667
에	아	무	0.333333
에	아	이	0.214286
에	아	주	0.071429
에	아	내	0.059524
에	아	들	0.047619
에	아	시	0.035714
에	악	영	0.782609
에	악	성	0.130435
에	안	전	0.155340
에	안	정	0.087379
에	안	위	0.067961
에	안	내	0.058252
에	안	된	0.058252
에	안	타	0.048544
에	안	방	0.048544
에	안	가	0.048544
에	안	나	0.038835
에	안	고	0.038835
에	안	주	0.029126
에	안	되	0.029126
에	안	든	0.029126
에	알	리	0.480000
에	알	고	0.120000
에	알	지	0.100000
에	알	아	0.080000
에	알	린	0.060000
에	암	호	0.500000
에	앞	서	0.771028
에	앞	장	0.130841
에	앞	으	0.046729
에	앞	선	0.023364
에	애	정	0.250000
에	야	다	0.060000
에	야	끝	0.060000
에	야	사	0.060000
에	약	속	0.421053
에	약	간	0.263158
에	양	산	0.266667
에	어	로	0.174242
에	어	울	0.090909
에	어	린	0.068182
에	어	리	0.060606
에	어	떠	0.053030
에	어	포	0.045455
에	어	아	0.037879
에	어	쇼	0.037879
에	어	비	0.030303
에	어	제	0.030303
에	어	머	0.030303
에	어	부	0.030303
에	어	선	0.022727
에	어	대	0.022727
에	엄	마	0.357143
에	엄	중	0.285714
에	엄	두	0.214286
에	에	너	0.250000
에	에	어	0.208333
에	에	이	0.125000
에	엘	리	1.000000
에	여	성	0.265625
에	여	야	0.187500
에	여	전	0.156250
에	여	자	0.109375
에	여	가	0.062500
에	여	왕	0.062500
에	여	론	0.046875
에	역	대	0.363636
에	역	점	0.121212
에	역	사	0.121212
에	역	전	0.121212
에	역	성	0.090909
에	열	리	0.406250
에	열	린	0.171875
에	열	을	0.125000
에	열	중	0.078125
에	영	상	0.225806
에	영	화	0.193548
에	영	입	0.129032
에	영	원	0.096774
에	영	구	0.096774
에	예	정	0.187500
에	예	산	0.166667
에	예	방	0.104167
에	예	비	0.104167
에	예	술	0.083333
에	예	속	0.062500
에	예	약	0.062500
에	예	상	0.062500
에	예	금	0.062500
에	오	를	0.329787
에	오	늘	0.085106
에	오	는	0.085106
에	오	후	0.074468
에	오	시	0.063830
에	오	고	0.042553
에	오	피	0.031915
에	오	미	0.031915
에	오	갈	0.031915
에	온	라	0.146341
에	온	이	0.073171
에	온	아	0.073171
에	온	몸	0.073171
에	온	전	0.073171
에	온	것	0.073171
에	온	힘	0.073171
에	올	라	0.552174
에	올	린	0.230435
에	올	리	0.113043
에	올	해	0.056522
에	올	가	0.013043
에	와	서	0.633333
에	요	구	0.606061
에	요	라	0.121212
에	우	리	0.696429
에	우	선	0.142857
에	우	호	0.044643
에	우	제	0.026786
에	운	영	0.538462
에	운	전	0.384615
에	울	산	0.600000
에	워	싸	0.666667
에	원	전	0.157895
에	원	하	0.105263
에	원	자	0.105263
에	위	배	0.425532
에	위	해	0.127660
에	위	반	0.085106
에	위	안	0.085106
에	위	장	0.063830
에	음	성	0.444444
에	응	하	0.404255
에	응	시	0.170213
에	응	해	0.148936
에	응	할	0.127660
에	응	한	0.085106
에	의	해	0.380855
에	의	한	0.309572
에	의	존	0.097760
에	의	하	0.061100
에	의	문	0.028513
에	의	지	0.028513
에	의	미	0.016293
에	의	구	0.010183
에	의	거	0.008147
에	의	장	0.006110
에	의	도	0.006110
에	의	사	0.006110
에	이	어	0.404506
에	이	를	0.093348
에	이	미	0.039700
에	이	은	0.031116
에	이	대	0.025751
에	이	번	0.023605
에	이	고	0.023605
에	이	상	0.022532
에	이	전	0.022532
에	이	들	0.016094
에	이	션	0.015021
에	이	재	0.013948
에	이	피	0.013948
에	이	후	0.011803
에	이	아	0.011803
에	이	바	0.009657
에	이	사	0.009657
에	이	날	0.008584
에	이	에	0.008584
에	이	수	0.007511
에	이	의	0.007511
에	이	해	0.006438
에	이	투	0.006438
에	이	는	0.005365
에	이	명	0.005365
에	이	제	0.005365
에	이	비	0.005365
에	이	달	0.005365
에	이	성	0.004292
에	이	곳	0.004292
에	인	수	0.172043
에	인	도	0.139785
에	인	사	0.107527
에	인	공	0.086022
에	인	절	0.086022
에	인	천	0.064516
에	인	상	0.053763
에	일	부	0.157233
에	일	본	0.138365
에	일	어	0.125786
에	일	반	0.081761
에	일	정	0.056604
에	일	시	0.050314
에	일	상	0.037736
에	일	일	0.037736
에	일	단	0.031447
에	일	각	0.031447
에	일	하	0.025157
에	일	을	0.025157
에	일	조	0.018868
에	일	린	0.018868
에	일	방	0.018868
에	일	제	0.018868
에	입	원	0.178771
에	입	장	0.134078
에	입	주	0.111732
에	입	사	0.094972
에	입	문	0.083799
에	입	성	0.067039
에	입	점	0.061453
에	입	각	0.055866
에	입	소	0.044693
에	입	단	0.044693
에	입	대	0.027933
에	입	양	0.016760
에	입	건	0.016760
에	자	리	0.316770
에	자	신	0.229814
에	자	주	0.055901
에	자	금	0.055901
에	자	수	0.043478
에	자	가	0.031056
에	자	원	0.024845
에	자	제	0.018634
에	자	세	0.018634
에	자	산	0.018634
에	자	본	0.018634
에	자	발	0.018634
에	잘	못	0.200000
에	잘	대	0.120000
에	잠	시	0.346154
에	잠	정	0.153846
에	잠	재	0.115385
에	잠	을	0.115385
에	잠	긴	0.115385
에	장	애	0.225000
에	장	을	0.150000
에	재	개	0.187500
에	재	차	0.109375
에	재	판	0.093750
에	재	정	0.078125
에	재	미	0.078125
에	재	단	0.046875
에	저	장	0.271186
에	저	는	0.186441
에	저	도	0.050847
에	저	를	0.050847
에	저	절	0.050847
에	저	의	0.050847
에	적	응	0.283784
에	적	발	0.175676
에	적	절	0.148649
에	적	지	0.040541
에	적	정	0.040541
에	적	어	0.040541
에	적	시	0.040541
에	전	달	0.201794
에	전	화	0.112108
에	전	혀	0.085202
에	전	세	0.085202
에	전	시	0.067265
에	전	가	0.049327
에	전	개	0.040359
에	전	투	0.035874
에	전	문	0.026906
에	전	방	0.022422
에	전	반	0.022422
에	전	원	0.022422
에	전	적	0.013453
에	전	한	0.013453
에	전	진	0.013453
에	전	통	0.013453
에	전	술	0.013453
에	전	주	0.013453
에	전	날	0.013453
에	절	대	0.312500
에	절	반	0.250000
에	점	점	0.428571
에	점	수	0.214286
에	정	부	0.296296
에	정	상	0.074074
에	정	점	0.067901
에	정	신	0.061728
에	정	확	0.055556
에	정	통	0.049383
에	정	의	0.037037
에	정	해	0.037037
에	정	책	0.037037
에	정	말	0.030864
에	정	성	0.024691
에	정	리	0.024691
에	정	후	0.018519
에	정	한	0.018519
에	정	차	0.018519
에	제	공	0.183007
에	제	가	0.111111
에	제	대	0.084967
에	제	재	0.084967
에	제	한	0.071895
에	제	약	0.071895
에	제	주	0.065359
에	제	시	0.058824
에	제	안	0.058824
에	제	도	0.032680
에	제	소	0.026144
에	제	로	0.026144
에	제	조	0.026144
에	조	성	0.270270
에	조	금	0.216216
에	조	사	0.108108
에	조	선	0.054054
에	조	정	0.054054
에	조	속	0.054054
에	조	바	0.040541
에	존	재	0.947368
에	좀	더	0.600000
에	주	목	0.355670
에	주	차	0.097938
에	주	의	0.072165
에	주	요	0.061856
에	주	로	0.061856
에	주	둔	0.061856
에	주	는	0.036082
에	주	문	0.025773
에	주	입	0.020619
에	주	거	0.020619
에	주	어	0.015464
에	주	안	0.015464
에	주	저	0.015464
에	주	소	0.015464
에	준	하	0.666667
에	준	비	0.138889
에	준	해	0.111111
에	줄	이	0.500000
에	줄	을	0.400000
에	중	요	0.272727
에	중	점	0.250000
에	중	대	0.136364
에	중	간	0.079545
에	중	소	0.034091
에	중	고	0.034091
에	즉	각	0.583333
에	즉	시	0.416667
에	지	원	0.182171
에	지	난	0.155039
에	지	장	0.085271
에	지	금	0.062016
에	지	속	0.062016
에	지	하	0.058140
에	지	나	0.042636
에	지	방	0.042636
에	지	지	0.038760
에	지	역	0.031008
에	지	친	0.023256
에	지	도	0.019380
에	지	명	0.019380
에	지	상	0.015504
에	지	어	0.015504
에	지	정	0.011628
에	지	사	0.011628
에	지	시	0.011628
에	진	입	0.612903
에	진	정	0.112903
에	진	지	0.032258
에	진	술	0.032258
에	진	화	0.032258
에	진	열	0.024194
에	진	단	0.024194
에	질	문	0.571429
에	집	중	0.886957
에	집	을	0.039130
에	집	단	0.021739
에	집	에	0.017391
에	집	무	0.017391
에	짓	는	0.625000
에	짓	고	0.375000
에	차	질	0.379310
에	차	이	0.149425
에	차	를	0.114943
에	차	단	0.057471
에	차	지	0.045977
에	차	가	0.045977
에	차	별	0.034483
에	찬	성	0.666667
에	찬	물	0.185185
에	참	여	0.731308
에	참	가	0.210280
에	참	전	0.023364
에	참	고	0.011682
에	참	사	0.011682
에	참	배	0.007009
에	천	문	0.357143
에	첫	발	0.238095
에	첫	인	0.142857
에	초	점	0.687500
에	초	대	0.112500
에	초	등	0.050000
에	총	리	0.333333
에	총	을	0.333333
에	친	구	0.416667
에	커	다	0.571429
에	코	로	0.566038
에	코	시	0.056604
에	큰	영	0.232558
에	큰	도	0.127907
에	큰	의	0.046512
에	큰	문	0.046512
에	큰	부	0.046512
에	큰	차	0.034884
에	큰	어	0.034884
에	큰	타	0.034884
에	큰	위	0.034884
에	큰	공	0.034884
에	큰	역	0.034884
에	타	고	0.593750
에	탄	소	0.210526
에	탄	올	0.210526
에	탄	도	0.157895
에	통	상	0.217391
에	통	일	0.173913
에	통	신	0.130435
에	통	과	0.130435
에	투	자	0.526882
에	투	입	0.387097
에	투	알	0.016129
에	판	매	0.828571
에	판	단	0.085714
에	팔	리	0.200000
에	포	함	0.901840
에	포	진	0.030675
에	포	위	0.024540
에	폴	란	0.750000
에	풀	리	0.400000
에	풀	어	0.300000
에	피	해	0.417722
에	피	소	0.278481
에	피	의	0.050633
에	피	가	0.037975
에	피	고	0.037975
에	필	요	0.805369
에	필	수	0.154362
에	하	루	0.241935
에	하	나	0.161290
에	하	는	0.112903
에	하	자	0.064516
에	하	이	0.048387
에	한	해	0.227979
에	한	번	0.139896
에	한	미	0.072539
에	한	정	0.051813
에	한	참	0.036269
에	한	반	0.031088
에	한	장	0.031088
에	한	차	0.025907
에	한	시	0.020725
에	한	후	0.020725
에	한	방	0.015544
에	한	자	0.015544
에	한	은	0.015544
에	한	걸	0.015544
에	한	명	0.015544
에	할	애	0.272727
에	해	야	0.085714
에	해	상	0.085714
에	해	로	0.085714
에	해	소	0.085714
에	해	제	0.085714
에	허	위	0.296296
에	허	리	0.222222
에	허	가	0.111111
에	현	재	0.283019
에	현	장	0.207547
에	현	대	0.169811
에	현	지	0.113208
에	현	금	0.056604
에	형	성	0.600000
에	형	사	0.300000
에	호	응	0.272727
에	호	소	0.181818
에	호	우	0.181818
에	화	재	0.222222
에	화	상	0.203704
에	화	물	0.166667
에	화	가	0.111111
에	화	성	0.074074
에	화	살	0.055556
에	확	진	0.441176
에	확	인	0.191176
에	확	대	0.102941
에	확	산	0.088235
에	확	정	0.073529
에	확	고	0.044118
에	확	장	0.044118
에	휴	대	0.375000
에	흥	미	1.000000
에	힘	을	0.425926
에	힘	입	0.388889
에	힘	이	0.092593
에	힘	써	0.037037
에	힘	들	0.018519
엘	군	은	0.571429
엘	그	로	0.857143
엘	나	달	1.000000
엘	라	와	0.266667
엘	라	정	0.200000
엘	리	자	0.811594
엘	리	제	0.043478
엘	살	바	1.000000
엘	에	이	0.615385
엘	에	서	0.230769
엘	이	다	0.375000
엘	지	전	0.263158
엘	총	리	0.875000
엘	코	리	1.000000
여	가	부	0.595000
여	가	구	0.050000
여	가	지	0.035000
여	가	필	0.025000
여	가	는	0.025000
여	가	가	0.025000
여	가	위	0.020000
여	가	고	0.015000
여	가	를	0.015000
여	가	시	0.015000
여	간	의	0.166667
여	개	의	0.267241
여	개	가	0.112069
여	개	를	0.094828
여	개	에	0.068966
여	개	소	0.043103
여	개	도	0.034483
여	개	지	0.025862
여	개	이	0.025862
여	개	시	0.025862
여	개	매	0.025862
여	건	을	0.208633
여	건	이	0.208633
여	건	에	0.107914
여	건	의	0.100719
여	건	등	0.064748
여	건	개	0.050360
여	건	으	0.043165
여	건	속	0.021583
여	건	과	0.021583
여	경	선	0.750000
여	곡	절	0.866667
여	곳	에	0.322581
여	곳	이	0.290323
여	곳	을	0.129032
여	공	공	0.333333
여	금	을	0.200000
여	금	지	0.120000
여	긴	다	0.590909
여	나	가	0.333333
여	나	갈	0.333333
여	년	간	0.371795
여	년	전	0.217949
여	년	만	0.205128
여	년	이	0.076923
여	는	것	0.120000
여	는	등	0.060000
여	는	데	0.060000
여	는	방	0.060000
여	다	볼	0.521739
여	다	본	0.217391
여	다	양	0.130435
여	달	라	0.882353
여	대	를	0.108696
여	대	상	0.086957
여	대	경	0.086957
여	대	가	0.076087
여	대	의	0.065217
여	대	는	0.054348
여	대	에	0.043478
여	대	사	0.043478
여	대	로	0.043478
여	대	와	0.043478
여	대	한	0.032609
여	대	정	0.032609
여	도	가	0.235294
여	도	를	0.088235
여	도	는	0.088235
여	되	는	0.888889
여	된	다	0.538462
여	드	리	0.880000
여	등	을	0.272727
여	론	조	0.561713
여	론	이	0.141058
여	론	을	0.080605
여	론	의	0.057935
여	론	에	0.027708
여	론	전	0.025189
여	론	은	0.017632
여	론	도	0.012594
여	론	과	0.010076
여	를	지	0.084337
여	를	위	0.060241
여	를	통	0.048193
여	를	하	0.048193
여	를	한	0.048193
여	를	제	0.048193
여	를	부	0.036145
여	를	할	0.036145
여	를	원	0.036145
여	마	리	0.625000
여	만	에	0.494382
여	만	원	0.269663
여	만	명	0.056180
여	만	든	0.044944
여	만	이	0.044944
여	만	인	0.033708
여	명	이	0.366162
여	명	의	0.219697
여	명	을	0.131313
여	명	에	0.053030
여	명	은	0.050505
여	명	으	0.040404
여	명	과	0.035354
여	명	정	0.012626
여	명	도	0.010101
여	명	인	0.007576
여	명	수	0.007576
여	발	의	0.307692
여	발	을	0.307692
여	방	법	0.600000
여	배	우	1.000000
여	백	신	0.500000
여	부	를	0.444030
여	부	에	0.113806
여	부	는	0.097015
여	부	와	0.069030
여	부	등	0.065299
여	부	가	0.059701
여	부	도	0.035448
여	부	조	0.013060
여	부	로	0.009328
여	부	및	0.009328
여	부	확	0.007463
여	부	다	0.007463
여	부	여	0.005597
여	부	또	0.005597
여	부	만	0.005597
여	분	만	0.268293
여	분	을	0.146341
여	분	간	0.121951
여	분	이	0.121951
여	분	뒤	0.097561
여	사	가	0.282392
여	사	의	0.202658
여	사	는	0.172757
여	사	와	0.102990
여	사	에	0.046512
여	사	를	0.043189
여	사	과	0.023256
여	사	죄	0.009967
여	사	님	0.009967
여	서	법	0.044776
여	서	는	0.044776
여	선	안	0.500000
여	성	이	0.140830
여	성	의	0.114629
여	성	가	0.106987
여	성	들	0.102620
여	성	은	0.070961
여	성	을	0.060044
여	성	에	0.037118
여	성	과	0.034934
여	성	인	0.029476
여	성	정	0.019651
여	성	노	0.018559
여	성	단	0.017467
여	성	으	0.012009
여	성	사	0.010917
여	성	대	0.010917
여	성	장	0.009825
여	성	아	0.009825
여	성	역	0.009825
여	성	비	0.007642
여	성	고	0.007642
여	성	지	0.006550
여	성	등	0.006550
여	성	부	0.006550
여	성	성	0.006550
여	성	공	0.005459
여	성	중	0.005459
여	성	시	0.004367
여	성	도	0.004367
여	성	운	0.004367
여	성	주	0.003275
여	소	야	0.700000
여	수	시	0.188679
여	수	에	0.113208
여	수	사	0.056604
여	수	경	0.056604
여	수	지	0.056604
여	수	공	0.056604
여	순	사	0.750000
여	숨	진	0.571429
여	숨	지	0.428571
여	시	장	0.214286
여	시	키	0.214286
여	신	강	0.115385
여	앞	으	0.500000
여	야	가	0.198492
여	야	한	0.168342
여	야	는	0.113065
여	야	의	0.095477
여	야	간	0.080402
여	야	하	0.060302
여	야	원	0.047739
여	야	할	0.035176
여	야	대	0.030151
여	야	정	0.027638
여	야	지	0.017588
여	야	를	0.015075
여	야	후	0.012563
여	야	와	0.010050
여	야	사	0.007538
여	야	중	0.007538
여	야	갈	0.007538
여	에	대	0.416667
여	여	부	0.600000
여	오	는	0.428571
여	온	것	0.150000
여	왕	의	0.362745
여	왕	이	0.137255
여	왕	은	0.117647
여	왕	김	0.078431
여	왕	을	0.049020
여	왕	에	0.039216
여	왕	님	0.029412
여	왕	장	0.029412
여	우	주	0.190476
여	우	조	0.190476
여	원	을	0.436364
여	원	의	0.145455
여	원	이	0.090909
여	원	으	0.072727
여	원	세	0.054545
여	의	도	0.928367
여	의	사	0.014327
여	의	지	0.011461
여	인	이	0.200000
여	인	상	0.114286
여	인	원	0.114286
여	인	사	0.085714
여	인	천	0.085714
여	일	만	0.142857
여	일	앞	0.142857
여	일	본	0.107143
여	자	친	0.192308
여	자	부	0.066434
여	자	아	0.059441
여	자	가	0.055944
여	자	선	0.045455
여	자	들	0.045455
여	자	대	0.041958
여	자	오	0.038462
여	자	는	0.034965
여	자	화	0.034965
여	자	단	0.034965
여	자	쇼	0.031469
여	자	배	0.024476
여	자	의	0.024476
여	자	를	0.020979
여	자	로	0.017483
여	자	라	0.013986
여	자	하	0.013986
여	자	피	0.013986
여	자	간	0.010490
여	자	고	0.010490
여	자	에	0.010490
여	자	팀	0.010490
여	재	판	0.642857
여	전	하	0.350877
여	전	한	0.263158
여	전	시	0.087719
여	전	부	0.070175
여	전	세	0.052632
여	점	을	0.500000
여	점	이	0.214286
여	정	을	0.188406
여	정	부	0.130435
여	정	이	0.115942
여	정	은	0.101449
여	정	에	0.086957
여	정	의	0.057971
여	정	노	0.043478
여	정	과	0.043478
여	정	조	0.043478
여	죄	를	0.600000
여	주	는	0.447761
여	주	고	0.242537
여	주	지	0.085821
여	주	시	0.063433
여	주	신	0.014925
여	주	길	0.014925
여	주	자	0.011194
여	준	다	0.731250
여	준	것	0.081250
여	준	이	0.025000
여	줄	수	0.243243
여	줄	것	0.216216
여	줄	지	0.162162
여	줄	예	0.081081
여	지	가	0.388889
여	지	지	0.166667
여	지	는	0.097222
여	지	를	0.090278
여	지	도	0.090278
여	지	역	0.027778
여	지	고	0.020833
여	진	다	0.406250
여	진	이	0.156250
여	진	정	0.093750
여	질	가	0.428571
여	코	로	1.000000
여	판	매	0.750000
여	피	해	0.800000
여	하	는	0.497191
여	하	고	0.269663
여	하	지	0.106742
여	하	게	0.033708
여	하	도	0.014045
여	하	라	0.014045
여	하	거	0.011236
여	하	에	0.008427
여	하	여	0.008427
여	한	다	0.265625
여	한	것	0.130208
여	한	공	0.046875
여	한	바	0.041667
여	한	사	0.036458
여	한	가	0.036458
여	한	이	0.031250
여	한	인	0.026042
여	한	부	0.015625
여	한	구	0.015625
여	한	김	0.015625
여	한	조	0.015625
여	한	뒤	0.015625
여	할	수	0.578512
여	할	것	0.190083
여	할	예	0.074380
여	할	필	0.033058
여	할	때	0.024793
여	해	야	0.123810
여	해	주	0.066667
여	해	서	0.066667
여	해	달	0.066667
여	해	나	0.047619
여	해	온	0.047619
여	해	대	0.038095
여	해	자	0.028571
여	해	총	0.028571
여	현	재	0.666667
여	형	방	0.272727
여	확	대	0.428571
역	가	입	0.520000
역	가	는	0.120000
역	갈	등	1.000000
역	강	화	0.555556
역	개	발	1.000000
역	거	부	0.400000
역	거	주	0.333333
역	거	점	0.266667
역	경	제	0.838710
역	경	속	0.064516
역	곳	곳	1.000000
역	공	공	0.227273
역	공	에	0.136364
역	과	함	0.071429
역	과	지	0.042857
역	과	우	0.042857
역	과	인	0.042857
역	과	의	0.042857
역	구	에	0.264706
역	구	인	0.205882
역	구	의	0.147059
역	구	로	0.117647
역	구	는	0.088235
역	구	간	0.088235
역	군	인	0.500000
역	그	리	1.000000
역	글	로	1.000000
역	난	방	1.000000
역	내	에	0.213333
역	내	포	0.053333
역	내	안	0.040000
역	내	와	0.040000
역	내	의	0.040000
역	내	긴	0.040000
역	내	부	0.040000
역	단	위	0.875000
역	대	책	0.328704
역	대	대	0.097222
역	대	정	0.092593
역	대	가	0.074074
역	대	두	0.060185
역	대	전	0.055556
역	대	한	0.018519
역	대	를	0.018519
역	대	올	0.018519
역	대	걸	0.013889
역	대	장	0.013889
역	대	응	0.013889
역	대	일	0.013889
역	도	가	0.103448
역	들	이	0.300000
역	들	을	0.250000
역	들	머	0.150000
역	등	을	0.275862
역	등	에	0.172414
역	또	는	1.000000
역	마	다	0.500000
역	매	장	1.000000
역	무	원	0.937500
역	문	화	0.562500
역	문	제	0.375000
역	및	투	0.187500
역	반	응	0.750000
역	발	전	0.933333
역	배	우	0.400000
역	법	인	0.250000
역	법	개	0.250000
역	법	위	0.250000
역	별	로	0.594937
역	별	주	0.050633
역	별	비	0.037975
역	별	전	0.037975
역	본	부	0.894737
역	비	리	0.428571
역	사	를	0.181495
역	사	적	0.154804
역	사	상	0.147687
역	사	의	0.085409
역	사	에	0.060498
역	사	문	0.056940
역	사	와	0.053381
역	사	가	0.033808
역	사	는	0.026690
역	사	속	0.016014
역	사	로	0.014235
역	사	인	0.010676
역	사	랑	0.008897
역	사	성	0.007117
역	사	이	0.007117
역	사	공	0.007117
역	사	재	0.007117
역	사	거	0.007117
역	사	왜	0.005338
역	사	내	0.005338
역	사	책	0.005338
역	사	건	0.005338
역	사	지	0.005338
역	사	개	0.005338
역	사	전	0.005338
역	사	등	0.005338
역	살	인	0.777778
역	상	공	0.300000
역	서	울	0.437500
역	서	점	0.187500
역	선	거	0.307692
역	선	수	0.230769
역	선	포	0.230769
역	설	정	0.312500
역	설	적	0.312500
역	성	장	0.642857
역	세	포	0.846154
역	수	지	0.730769
역	시	이	0.084536
역	시	지	0.039175
역	시	도	0.030928
역	시	중	0.028866
역	시	그	0.026804
역	시	한	0.024742
역	시	전	0.022680
역	시	사	0.022680
역	시	대	0.020619
역	시	자	0.016495
역	시	다	0.016495
역	시	아	0.016495
역	시	마	0.016495
역	시	절	0.016495
역	시	인	0.014433
역	시	공	0.014433
역	시	의	0.014433
역	시	매	0.012371
역	시	김	0.012371
역	시	군	0.010309
역	시	수	0.010309
역	시	상	0.010309
역	시	우	0.010309
역	시	경	0.010309
역	시	개	0.010309
역	시	새	0.008247
역	시	와	0.008247
역	시	나	0.008247
역	시	제	0.008247
역	시	안	0.008247
역	신	문	0.300000
역	안	에	0.333333
역	앞	에	0.866667
역	에	서	0.610687
역	에	대	0.053435
역	에	는	0.035623
역	에	도	0.024173
역	에	선	0.015267
역	에	비	0.010178
역	에	거	0.010178
역	에	위	0.008906
역	에	주	0.008906
역	에	배	0.007634
역	에	공	0.007634
역	에	집	0.006361
역	에	한	0.006361
역	에	가	0.006361
역	에	속	0.006361
역	에	걸	0.006361
역	에	해	0.005089
역	에	정	0.005089
역	에	내	0.005089
역	에	진	0.005089
역	에	방	0.005089
역	에	들	0.005089
역	에	발	0.005089
역	에	다	0.003817
역	에	사	0.003817
역	에	미	0.003817
역	에	약	0.003817
역	에	나	0.003817
역	에	총	0.003817
역	에	신	0.003817
역	여	자	0.500000
역	여	론	0.300000
역	예	선	0.400000
역	예	정	0.300000
역	요	원	0.909091
역	위	원	0.947368
역	으	로	1.000000
역	은	대	0.107143
역	은	지	0.062500
역	은	이	0.062500
역	은	전	0.044643
역	은	아	0.035714
역	은	사	0.035714
역	은	오	0.026786
역	은	무	0.026786
역	은	수	0.026786
역	을	중	0.075085
역	을	확	0.044369
역	을	통	0.040956
역	을	대	0.040956
역	을	지	0.037543
역	을	위	0.037543
역	을	방	0.037543
역	을	하	0.030717
역	을	이	0.030717
역	을	제	0.030717
역	을	선	0.020478
역	을	강	0.020478
역	을	포	0.017065
역	을	신	0.017065
역	을	설	0.013652
역	을	진	0.013652
역	을	해	0.013652
역	을	정	0.013652
역	을	구	0.013652
역	을	공	0.013652
역	을	오	0.013652
역	을	잘	0.013652
역	을	시	0.013652
역	을	비	0.013652
역	을	세	0.010239
역	을	고	0.010239
역	을	여	0.010239
역	을	개	0.010239
역	을	일	0.010239
역	을	수	0.010239
역	의	원	0.109649
역	의	무	0.061404
역	의	경	0.052632
역	의	주	0.035088
역	의	안	0.030702
역	의	전	0.030702
역	의	이	0.030702
역	의	대	0.026316
역	의	미	0.021930
역	의	공	0.021930
역	의	가	0.021930
역	의	문	0.017544
역	의	역	0.017544
역	의	코	0.017544
역	의	사	0.017544
역	의	재	0.017544
역	의	소	0.017544
역	의	상	0.017544
역	의	신	0.017544
역	의	우	0.013158
역	의	수	0.013158
역	의	인	0.013158
역	의	통	0.013158
역	의	한	0.013158
역	이	라	0.186170
역	이	다	0.117021
역	이	나	0.090426
역	이	확	0.037234
역	이	되	0.031915
역	이	아	0.031915
역	이	가	0.021277
역	이	이	0.021277
역	이	더	0.015957
역	이	어	0.015957
역	이	발	0.015957
역	이	수	0.015957
역	이	란	0.015957
역	인	재	0.148148
역	인	천	0.074074
역	인	경	0.074074
역	인	구	0.055556
역	인	데	0.055556
역	인	서	0.055556
역	인	사	0.055556
역	일	대	0.371429
역	일	부	0.200000
역	일	자	0.142857
역	일	간	0.114286
역	입	니	0.500000
역	자	원	0.500000
역	장	악	0.214286
역	저	하	1.000000
역	적	자	0.750000
역	적	인	0.187500
역	전	을	0.115385
역	전	이	0.102564
역	전	현	0.089744
역	전	시	0.076923
역	전	문	0.064103
역	전	에	0.064103
역	전	우	0.064103
역	전	될	0.051282
역	전	반	0.038462
역	전	되	0.038462
역	점	을	0.666667
역	정	책	0.739130
역	정	가	0.108696
역	제	도	0.333333
역	제	안	0.333333
역	주	의	0.363636
역	주	도	0.272727
역	중	이	0.444444
역	중	인	0.166667
역	중	소	0.166667
역	지	원	0.416667
역	지	정	0.145833
역	지	사	0.104167
역	지	방	0.104167
역	지	자	0.062500
역	집	중	1.000000
역	차	별	0.777778
역	초	등	0.400000
역	통	상	0.428571
역	투	자	0.750000
역	판	정	0.750000
역	피	해	0.500000
역	하	는	0.384615
역	하	고	0.230769
역	한	양	0.200000
역	한	뒤	0.150000
역	할	을	0.683206
역	할	이	0.097328
역	할	에	0.032443
역	할	과	0.030534
역	할	은	0.026718
역	할	도	0.024809
역	할	수	0.024809
역	할	분	0.007634
역	할	의	0.005725
역	할	해	0.005725
역	할	로	0.005725
역	해	제	0.666667
역	현	장	0.800000
역	형	을	0.342857
역	형	의	0.228571
역	형	집	0.142857
역	형	과	0.114286
역	화	폐	0.857143
역	확	장	0.400000
역	확	대	0.300000
옆	구	리	1.000000
옆	도	로	1.000000
옆	방	에	0.750000
옆	에	서	0.480769
옆	에	는	0.134615
옆	으	로	1.000000
옆	자	리	1.000000
옆	집	에	0.250000
옆	집	이	0.187500
옛	날	에	0.294118
옛	말	이	0.666667
옛	현	대	1.000000
온	가	운	0.800000
온	것	이	0.403846
온	것	으	0.259615
온	것	은	0.076923
온	것	도	0.067308
온	것	에	0.067308
온	것	을	0.048077
온	것	아	0.028846
온	과	정	0.230769
온	그	는	0.461538
온	그	의	0.230769
온	나	라	0.800000
온	난	화	1.000000
온	다	고	0.417722
온	다	는	0.316456
온	다	음	0.037975
온	데	대	0.375000
온	도	가	0.215909
온	도	를	0.170455
온	도	는	0.102273
온	도	차	0.079545
온	도	상	0.068182
온	도	의	0.056818
온	도	와	0.045455
온	도	입	0.034091
온	뒤	에	0.388889
온	듯	한	0.666667
온	라	인	0.998316
온	마	인	0.444444
온	말	이	0.800000
온	몸	을	0.400000
온	몸	으	0.280000
온	몸	이	0.200000
온	몸	에	0.120000
온	상	으	0.375000
온	서	울	0.666667
온	선	수	0.428571
온	성	과	0.375000
온	수	를	0.400000
온	아	이	0.625000
온	에	서	0.333333
온	여	성	0.833333
온	열	질	0.666667
온	영	상	0.600000
온	으	로	1.000000
온	은	영	0.179487
온	은	이	0.076923
온	은	전	0.076923
온	을	위	0.176471
온	이	영	0.202899
온	이	올	0.101449
온	이	오	0.086957
온	이	들	0.086957
온	이	후	0.057971
온	이	상	0.043478
온	이	다	0.043478
온	이	더	0.043478
온	인	물	0.555556
온	장	애	0.800000
온	적	이	0.666667
온	전	한	0.400000
온	전	하	0.280000
온	점	을	0.600000
온	정	주	0.384615
온	제	약	0.400000
온	차	가	1.000000
온	코	로	0.750000
온	타	리	1.000000
온	피	해	0.500000
온	한	미	0.333333
온	현	상	0.500000
온	힘	을	1.000000
옷	가	게	0.500000
옷	가	지	0.500000
옷	으	로	1.000000
옷	을	입	0.619048
옷	을	만	0.071429
옷	을	통	0.071429
왜	곡	하	0.320000
왜	곡	된	0.180000
왜	곡	이	0.080000
왜	곡	해	0.080000
왜	곡	되	0.060000
왜	우	리	0.857143
왜	지	금	0.444444
왜	필	요	1.000000
요	가	늘	0.298851
요	가	줄	0.114943
요	가	상	0.045977
요	가	더	0.034483
요	가	대	0.034483
요	가	커	0.034483
요	거	점	0.750000
요	건	을	0.347368
요	건	이	0.115789
요	건	에	0.105263
요	건	과	0.063158
요	건	으	0.042105
요	건	도	0.031579
요	건	설	0.031579
요	건	및	0.031579
요	경	제	0.692308
요	공	약	0.636364
요	과	제	1.000000
요	구	하	0.338182
요	구	한	0.126061
요	구	를	0.094545
요	구	에	0.082424
요	구	가	0.056970
요	구	해	0.046061
요	구	사	0.035152
요	구	할	0.035152
요	구	서	0.029091
요	구	되	0.015758
요	구	는	0.014545
요	구	와	0.014545
요	구	안	0.012121
요	구	로	0.010909
요	구	된	0.009697
요	구	등	0.008485
요	구	도	0.008485
요	구	대	0.006061
요	구	라	0.004848
요	구	자	0.004848
요	구	중	0.003636
요	구	성	0.003636
요	구	조	0.003636
요	군	사	1.000000
요	금	인	0.167969
요	금	을	0.148438
요	금	제	0.136719
요	금	이	0.109375
요	금	은	0.105469
요	금	조	0.031250
요	금	도	0.031250
요	금	등	0.027344
요	금	에	0.023438
요	금	소	0.023438
요	금	지	0.019531
요	금	부	0.015625
요	금	통	0.011719
요	금	의	0.011719
요	금	으	0.011719
요	금	만	0.011719
요	나	구	0.600000
요	노	선	0.833333
요	는	줄	0.150000
요	는	지	0.150000
요	단	지	1.000000
요	대	선	0.222222
요	대	비	0.222222
요	데	이	1.000000
요	도	시	0.583333
요	도	로	0.083333
요	도	가	0.050000
요	도	늘	0.050000
요	되	는	0.833333
요	된	다	0.846154
요	될	것	0.684211
요	될	수	0.210526
요	둔	화	1.000000
요	등	의	0.333333
요	등	을	0.166667
요	라	고	0.616438
요	라	는	0.383562
요	란	한	0.500000
요	란	하	0.375000
요	로	하	0.765957
요	로	운	0.085106
요	로	한	0.063830
요	를	분	0.105263
요	를	반	0.078947
요	를	고	0.078947
요	리	를	0.175000
요	리	사	0.125000
요	리	에	0.125000
요	리	하	0.062500
요	리	도	0.037500
요	리	경	0.037500
요	리	로	0.037500
요	리	제	0.037500
요	무	대	0.800000
요	미	우	0.791667
요	반	도	0.444444
요	방	산	0.625000
요	법	을	0.178571
요	법	에	0.178571
요	법	의	0.107143
요	부	서	0.375000
요	분	야	1.000000
요	사	안	0.230769
요	사	건	0.230769
요	새	는	0.300000
요	서	비	0.600000
요	선	진	0.600000
요	성	을	0.514170
요	성	이	0.218623
요	성	에	0.117409
요	성	도	0.048583
요	성	과	0.036437
요	성	은	0.024291
요	소	를	0.177515
요	소	로	0.165680
요	소	가	0.142012
요	소	는	0.094675
요	소	수	0.076923
요	소	들	0.071006
요	소	라	0.041420
요	소	다	0.041420
요	소	인	0.035503
요	소	와	0.023669
요	소	등	0.023669
요	소	에	0.017751
요	소	이	0.017751
요	소	중	0.017751
요	수	사	0.750000
요	시	마	0.138462
요	시	장	0.138462
요	시	다	0.138462
요	시	간	0.092308
요	시	설	0.076923
요	시	하	0.061538
요	약	된	0.235294
요	약	하	0.176471
요	양	병	0.565657
요	양	시	0.202020
요	양	원	0.141414
요	에	대	0.333333
요	에	서	0.190476
요	예	산	1.000000
요	와	공	0.294118
요	우	리	0.857143
요	원	들	0.241379
요	원	인	0.114943
요	원	을	0.114943
요	원	이	0.114943
요	원	으	0.080460
요	원	의	0.045977
요	원	한	0.034483
요	원	자	0.034483
요	의	제	0.285714
요	인	이	0.297521
요	인	으	0.239669
요	인	을	0.099174
요	인	은	0.070248
요	인	에	0.057851
요	인	들	0.045455
요	인	사	0.045455
요	인	중	0.037190
요	인	과	0.020661
요	인	의	0.016529
요	인	등	0.012397
요	인	도	0.012397
요	일	인	0.145161
요	일	에	0.139785
요	일	오	0.086022
요	일	발	0.075269
요	일	이	0.059140
요	일	저	0.043011
요	일	부	0.037634
요	일	과	0.037634
요	일	은	0.037634
요	일	밤	0.037634
요	일	확	0.026882
요	일	마	0.021505
요	일	시	0.016129
요	일	만	0.016129
요	일	수	0.016129
요	일	일	0.016129
요	자	들	0.578125
요	자	가	0.078125
요	자	는	0.062500
요	자	의	0.046875
요	재	건	0.500000
요	정	책	0.809524
요	조	사	0.500000
요	주	의	0.500000
요	지	역	0.483871
요	지	수	0.129032
요	코	하	0.571429
요	타	는	0.357143
요	하	다	0.804651
요	하	지	0.084651
요	하	게	0.033488
요	하	고	0.032558
요	하	는	0.024186
요	하	니	0.005581
요	하	나	0.004651
요	하	거	0.002791
요	한	것	0.084806
요	한	시	0.056537
요	한	사	0.040047
요	한	경	0.038869
요	한	이	0.037691
요	한	데	0.036514
요	한	지	0.035336
요	한	역	0.030624
요	한	건	0.029446
요	한	조	0.028269
요	한	상	0.025913
요	한	과	0.023557
요	한	정	0.023557
요	한	부	0.022379
요	한	요	0.020024
요	한	문	0.018846
요	한	자	0.018846
요	한	일	0.017668
요	한	만	0.014134
요	한	가	0.012956
요	한	때	0.011779
요	한	인	0.011779
요	한	게	0.011779
요	한	의	0.011779
요	한	곳	0.010601
요	한	공	0.009423
요	한	성	0.008245
요	한	여	0.008245
요	한	예	0.008245
요	한	중	0.008245
요	할	것	0.313725
요	할	때	0.294118
요	할	수	0.176471
요	할	경	0.098039
요	할	정	0.058824
요	함	을	0.666667
요	해	진	0.184211
요	해	지	0.184211
요	해	질	0.105263
요	해	서	0.078947
요	해	현	0.078947
요	현	안	0.714286
우	가	대	0.110294
우	가	적	0.080882
우	가	내	0.044118
우	가	다	0.029412
우	가	더	0.029412
우	가	발	0.029412
우	가	상	0.029412
우	가	늘	0.029412
우	가	수	0.029412
우	가	장	0.029412
우	가	비	0.022059
우	가	전	0.022059
우	가	아	0.022059
우	가	여	0.022059
우	가	고	0.022059
우	가	거	0.022059
우	가	집	0.022059
우	간	다	0.600000
우	강	하	0.282051
우	강	한	0.179487
우	강	수	0.153846
우	개	선	0.681818
우	개	인	0.181818
우	거	나	0.800000
우	건	설	0.789474
우	건	조	0.131579
우	게	된	0.400000
우	경	화	0.285714
우	경	제	0.285714
우	고	자	0.069307
우	고	이	0.049505
우	고	무	0.039604
우	고	다	0.039604
우	고	상	0.029703
우	공	장	0.533333
우	군	사	0.375000
우	글	로	1.000000
우	금	리	1.000000
우	김	호	0.176471
우	김	하	0.176471
우	내	년	0.600000
우	는	것	0.132841
우	는	데	0.044280
우	는	게	0.040590
우	는	사	0.040590
우	는	이	0.033210
우	는	지	0.033210
우	는	한	0.025830
우	는	소	0.022140
우	는	가	0.022140
우	는	등	0.022140
우	는	건	0.018450
우	는	아	0.018450
우	는	과	0.018450
우	는	전	0.014760
우	는	일	0.014760
우	는	중	0.014760
우	는	거	0.014760
우	는	대	0.014760
우	는	우	0.014760
우	는	고	0.011070
우	는	미	0.011070
우	는	자	0.011070
우	는	공	0.011070
우	는	현	0.011070
우	는	비	0.011070
우	는	수	0.011070
우	는	상	0.011070
우	는	예	0.011070
우	는	다	0.011070
우	는	조	0.011070
우	다	양	0.200000
우	다	시	0.120000
우	다	가	0.120000
우	대	금	0.296296
우	대	한	0.092593
우	대	형	0.074074
우	대	통	0.074074
우	더	불	0.250000
우	데	자	0.500000
우	도	적	0.156250
우	두	머	0.300000
우	드	에	0.101852
우	드	서	0.083333
우	드	배	0.074074
우	드	사	0.064815
우	드	와	0.055556
우	드	시	0.046296
우	드	를	0.046296
우	드	영	0.037037
우	드	비	0.037037
우	드	대	0.037037
우	드	는	0.037037
우	드	물	0.027778
우	드	리	0.027778
우	드	로	0.027778
우	들	이	0.377358
우	들	의	0.207547
우	들	과	0.132075
우	들	은	0.094340
우	들	을	0.075472
우	들	에	0.056604
우	등	에	0.217391
우	등	을	0.217391
우	등	주	0.173913
우	디	아	0.389474
우	디	는	0.100000
우	디	의	0.073684
우	디	가	0.052632
우	디	를	0.047368
우	디	에	0.036842
우	디	와	0.036842
우	디	왕	0.026316
우	디	방	0.021053
우	디	등	0.015789
우	디	전	0.015789
우	디	비	0.015789
우	라	는	0.300000
우	라	고	0.200000
우	라	이	0.150000
우	라	와	0.100000
우	라	라	0.100000
우	로	인	0.212500
우	로	서	0.150000
우	로	돌	0.062500
우	로	피	0.062500
우	로	지	0.050000
우	로	자	0.037500
우	루	과	0.855556
우	루	무	0.133333
우	를	제	0.067227
우	를	대	0.058824
우	를	방	0.050420
우	를	하	0.033613
우	를	포	0.033613
우	를	전	0.033613
우	를	살	0.025210
우	를	개	0.025210
우	를	바	0.025210
우	를	의	0.025210
우	를	공	0.025210
우	를	말	0.025210
우	를	점	0.025210
우	를	가	0.025210
우	리	는	0.165721
우	리	나	0.155592
우	리	가	0.144652
우	리	의	0.074554
우	리	사	0.042139
우	리	정	0.037682
우	리	군	0.031199
우	리	에	0.030794
우	리	경	0.021475
우	리	도	0.020259
우	리	를	0.019449
우	리	은	0.018233
우	리	와	0.012156
우	리	공	0.010940
우	리	대	0.010130
우	리	몸	0.009724
우	리	아	0.008509
우	리	금	0.007699
우	리	신	0.006483
우	리	문	0.005673
우	리	집	0.005673
우	리	시	0.005673
우	리	주	0.005673
우	리	팀	0.005673
우	리	말	0.005267
우	리	들	0.004862
우	리	영	0.004457
우	리	만	0.004457
우	리	선	0.003647
우	리	인	0.003647
우	린	그	0.176471
우	마	무	0.179487
우	마	를	0.153846
우	마	가	0.128205
우	마	에	0.076923
우	물	을	0.217391
우	물	이	0.130435
우	미	린	0.290323
우	미	건	0.258065
우	및	지	0.750000
우	바	이	0.555556
우	반	드	0.800000
우	발	적	0.760000
우	방	역	0.272727
우	배	달	0.428571
우	백	신	0.750000
우	법	정	0.272727
우	별	도	0.800000
우	병	사	0.333333
우	본	인	0.666667
우	부	적	0.272727
우	분	명	0.600000
우	비	대	0.384615
우	뿐	아	1.000000
우	사	전	0.187500
우	산	을	0.275000
우	산	어	0.175000
우	산	은	0.100000
우	상	호	0.706667
우	상	을	0.040000
우	상	화	0.040000
우	서	울	0.571429
우	선	순	0.107399
우	선	적	0.102625
우	선	으	0.076372
우	선	시	0.050119
우	선	이	0.047733
우	선	과	0.033413
우	선	주	0.033413
우	선	지	0.028640
우	선	돼	0.019093
우	선	공	0.019093
우	선	수	0.019093
우	선	하	0.016706
우	선	배	0.016706
우	선	도	0.014320
우	선	의	0.014320
우	선	해	0.014320
우	선	정	0.014320
우	선	은	0.014320
우	선	대	0.011933
우	선	전	0.011933
우	선	고	0.011933
우	선	구	0.011933
우	선	할	0.009547
우	선	인	0.009547
우	선	조	0.009547
우	선	목	0.009547
우	선	선	0.009547
우	선	사	0.007160
우	선	제	0.007160
우	선	에	0.007160
우	성	수	0.166667
우	세	하	0.394737
우	세	를	0.157895
우	세	한	0.105263
우	세	해	0.078947
우	소	나	0.607143
우	소	비	0.178571
우	소	장	0.107143
우	쇼	을	1.000000
우	수	한	0.318367
우	수	선	0.102041
우	수	상	0.089796
우	수	하	0.061224
우	수	인	0.061224
우	수	성	0.048980
우	수	사	0.028571
우	수	자	0.024490
우	수	지	0.020408
우	수	의	0.016327
우	수	아	0.012245
우	수	고	0.012245
우	수	법	0.012245
우	수	대	0.012245
우	수	해	0.012245
우	수	과	0.012245
우	수	등	0.012245
우	수	원	0.012245
우	시	장	0.294118
우	시	의	0.088235
우	시	에	0.088235
우	씨	가	0.470588
우	아	한	0.425000
우	아	시	0.175000
우	아	함	0.150000
우	아	하	0.075000
우	아	무	0.075000
우	안	타	0.294118
우	안	전	0.235294
우	엄	중	0.800000
우	에	는	0.405858
우	에	도	0.179916
우	에	서	0.112971
우	에	만	0.062762
우	에	대	0.046025
우	에	게	0.037657
우	에	한	0.020921
우	여	곡	0.866667
우	영	우	0.830769
우	영	이	0.046154
우	영	은	0.046154
우	오	는	0.357143
우	오	영	0.214286
우	와	함	0.162791
우	와	이	0.069767
우	우	리	0.750000
우	울	한	0.250000
우	울	불	0.250000
우	위	를	0.465753
우	위	원	0.191781
우	위	에	0.082192
우	의	원	0.154930
우	의	수	0.070423
우	의	개	0.042254
우	의	영	0.042254
우	의	사	0.042254
우	이	정	0.157895
우	이	를	0.092105
우	이	자	0.052632
우	이	상	0.052632
우	이	성	0.039474
우	이	들	0.039474
우	이	재	0.039474
우	이	미	0.039474
우	이	하	0.039474
우	일	시	0.235294
우	일	반	0.176471
우	자	김	0.184466
우	자	가	0.135922
우	자	의	0.077670
우	자	는	0.058252
우	자	를	0.048544
우	자	와	0.048544
우	자	에	0.038835
우	자	인	0.038835
우	자	라	0.029126
우	자	랑	0.029126
우	자	본	0.029126
우	자	명	0.029126
우	자	살	0.029126
우	잘	못	0.600000
우	적	대	0.300000
우	전	대	0.210526
우	정	을	0.148936
우	정	부	0.127660
우	정	본	0.106383
우	정	의	0.085106
우	정	이	0.063830
우	제	비	0.263158
우	제	한	0.157895
우	제	주	0.157895
우	조	선	0.895652
우	주	선	0.127148
우	주	에	0.068729
우	주	비	0.065292
우	주	발	0.061856
우	주	정	0.061856
우	주	의	0.051546
우	주	산	0.051546
우	주	로	0.044674
우	주	인	0.041237
우	주	공	0.037801
우	주	개	0.030928
우	주	전	0.024055
우	주	군	0.024055
우	주	고	0.024055
우	주	는	0.017182
우	주	경	0.013746
우	주	지	0.013746
우	주	여	0.013746
우	주	먼	0.013746
우	주	가	0.010309
우	주	이	0.010309
우	주	방	0.010309
우	주	위	0.010309
우	주	를	0.010309
우	주	사	0.010309
우	중	요	0.875000
우	즉	시	0.714286
우	지	난	0.205479
우	지	못	0.178082
우	지	역	0.136986
우	지	하	0.068493
우	지	원	0.068493
우	지	말	0.054795
우	지	수	0.054795
우	진	이	0.281250
우	진	은	0.250000
우	코	로	1.000000
우	키	예	1.000000
우	탄	이	0.750000
우	폴	에	0.302632
우	폴	의	0.144737
우	폴	은	0.131579
우	폴	시	0.065789
우	폴	등	0.039474
우	폴	이	0.039474
우	피	해	0.913043
우	하	는	0.583333
우	한	다	0.190476
우	한	시	0.142857
우	한	미	0.119048
우	할	것	0.600000
우	현	재	0.541667
우	호	적	0.758621
우	화	장	0.428571
울	강	서	0.911765
울	거	주	0.416667
울	것	이	0.702128
울	것	으	0.244681
울	것	입	0.031915
울	경	우	0.166667
울	경	제	0.166667
울	경	지	0.125000
울	고	법	0.542857
울	고	등	0.171429
울	고	척	0.142857
울	곳	곳	1.000000
울	과	경	0.314286
울	과	부	0.114286
울	과	수	0.114286
울	과	인	0.085714
울	구	로	1.000000
울	김	포	1.000000
울	노	원	0.928571
울	대	병	0.201389
울	대	경	0.111111
울	대	법	0.090278
울	대	공	0.076389
울	대	의	0.041667
울	대	정	0.041667
울	대	전	0.034722
울	대	를	0.034722
울	대	수	0.027778
울	대	총	0.027778
울	대	가	0.027778
울	대	에	0.020833
울	대	미	0.020833
울	도	시	0.818182
울	들	어	0.750000
울	등	수	0.250000
울	등	전	0.250000
울	때	일	0.130435
울	란	바	1.000000
울	로	돌	0.210526
울	루	벤	0.911765
울	리	는	0.521739
울	리	지	0.188406
울	리	고	0.101449
울	리	자	0.043478
울	린	다	0.642857
울	린	후	0.214286
울	마	포	0.936508
울	마	라	0.063492
울	미	술	0.750000
울	및	수	0.750000
울	반	포	0.750000
울	병	원	1.000000
울	부	산	1.000000
울	분	을	0.600000
울	불	안	1.000000
울	사	랑	0.461538
울	사	무	0.307692
울	사	이	0.230769
울	산	시	0.212121
울	산	경	0.121212
울	산	에	0.055556
울	산	의	0.055556
울	산	지	0.050505
울	산	을	0.045455
울	산	중	0.040404
울	산	울	0.040404
울	산	이	0.040404
울	산	은	0.035354
울	산	대	0.030303
울	산	현	0.030303
울	산	공	0.030303
울	산	과	0.025253
울	산	도	0.015152
울	산	앞	0.015152
울	상	을	0.500000
울	서	초	0.641975
울	서	대	0.172840
울	서	부	0.154321
울	성	수	1.000000
울	소	재	0.428571
울	소	공	0.214286
울	소	방	0.214286
울	수	도	0.800000
울	시	장	0.234962
울	시	는	0.195489
울	시	가	0.101504
울	시	의	0.090226
울	시	내	0.067669
울	시	와	0.037594
울	시	에	0.033835
울	시	도	0.020677
울	시	정	0.013158
울	시	전	0.011278
울	시	공	0.011278
울	시	한	0.011278
울	시	등	0.009398
울	시	주	0.009398
울	시	사	0.005639
울	시	및	0.005639
울	시	제	0.005639
울	시	지	0.005639
울	시	자	0.005639
울	시	를	0.005639
울	시	중	0.005639
울	시	강	0.005639
울	신	문	0.333333
울	신	라	0.333333
울	아	산	0.894737
울	양	천	0.571429
울	양	양	0.190476
울	어	진	0.545455
울	에	서	0.678832
울	에	도	0.029197
울	에	선	0.029197
울	에	이	0.021898
울	에	사	0.021898
울	에	는	0.021898
울	여	의	0.867596
울	여	야	0.048780
울	여	주	0.020906
울	여	달	0.010453
울	역	에	0.222222
울	역	사	0.148148
울	역	등	0.111111
울	영	등	0.981132
울	예	술	0.600000
울	예	정	0.300000
울	원	전	0.800000
울	은	전	0.111111
울	은	여	0.111111
울	은	서	0.111111
울	을	포	0.127660
울	을	비	0.085106
울	을	방	0.063830
울	음	을	0.466667
울	음	소	0.400000
울	의	한	0.351648
울	의	소	0.109890
울	의	대	0.043956
울	의	아	0.043956
울	의	도	0.043956
울	의	다	0.032967
울	이	고	0.420290
울	이	지	0.101449
울	이	라	0.057971
울	이	게	0.057971
울	이	는	0.043478
울	인	천	0.631579
울	일	이	0.157895
울	자	이	0.333333
울	잠	수	1.000000
울	전	역	0.416667
울	점	이	1.000000
울	정	도	0.954545
울	제	공	0.750000
울	주	군	0.647059
울	주	요	0.176471
울	중	구	0.927536
울	중	랑	0.036232
울	지	역	0.383333
울	지	하	0.366667
울	지	방	0.083333
울	지	부	0.041667
울	지	경	0.033333
울	진	군	0.441860
울	진	산	0.186047
울	진	에	0.162791
울	진	과	0.093023
울	질	하	0.692308
울	타	리	0.909091
울	통	의	1.000000
울	투	자	0.750000
울	하	게	0.421053
울	하	루	0.263158
울	하	다	0.210526
울	한	강	0.200000
울	한	분	0.100000
울	한	전	0.100000
울	함	을	0.714286
을	가	지	0.248132
을	가	진	0.239163
을	가	장	0.074738
을	가	리	0.070254
을	가	로	0.061286
을	가	하	0.052317
을	가	질	0.049327
을	가	속	0.028401
을	가	중	0.025411
을	가	해	0.020927
을	가	한	0.013453
을	가	정	0.011958
을	가	는	0.008969
을	가	고	0.007474
을	가	야	0.007474
을	가	라	0.005979
을	가	상	0.005979
을	가	할	0.005979
을	가	다	0.005979
을	가	방	0.004484
을	가	입	0.004484
을	가	를	0.004484
을	가	린	0.004484
을	각	각	0.741935
을	각	오	0.048387
을	간	곡	0.277778
을	간	과	0.222222
을	갈	아	0.558824
을	갈	라	0.205882
을	갈	무	0.088235
을	강	화	0.458457
을	강	조	0.359050
을	강	제	0.043027
을	강	하	0.043027
을	강	요	0.038576
을	강	구	0.029674
을	강	타	0.004451
을	강	경	0.004451
을	개	발	0.388199
을	개	선	0.226708
을	개	정	0.111801
을	개	설	0.065217
을	개	척	0.031056
을	개	인	0.031056
을	개	방	0.027950
을	개	조	0.027950
을	개	진	0.018634
을	개	별	0.015528
을	개	시	0.015528
을	거	쳐	0.335893
을	거	부	0.153551
을	거	두	0.082534
을	거	론	0.080614
을	거	라	0.061420
을	거	둔	0.036468
을	거	친	0.034549
을	거	머	0.032630
을	거	의	0.028791
을	거	절	0.024952
을	거	리	0.015355
을	거	는	0.015355
을	거	란	0.013436
을	거	다	0.013436
을	거	둘	0.009597
을	거	칠	0.007678
을	거	들	0.007678
을	거	예	0.005758
을	거	야	0.005758
을	거	짓	0.005758
을	거	점	0.005758
을	건	설	0.267327
을	건	너	0.188119
을	건	네	0.148515
을	건	의	0.089109
을	건	드	0.079208
을	건	조	0.039604
을	건	것	0.029703
을	걸	고	0.390244
을	걸	어	0.341463
을	걸	으	0.060976
을	걸	지	0.048780
을	걸	을	0.036585
을	것	이	0.703671
을	것	으	0.252462
을	것	을	0.015219
을	것	입	0.014324
을	것	인	0.007162
을	게	재	0.529412
을	게	시	0.352941
을	경	우	0.629412
을	경	신	0.129412
을	경	제	0.076471
을	경	고	0.064706
을	경	영	0.035294
을	고	수	0.141176
을	고	발	0.117647
을	고	도	0.088235
을	고	조	0.082353
을	고	집	0.070588
을	고	소	0.058824
을	고	백	0.052941
을	고	쳐	0.047059
을	고	정	0.041176
을	고	의	0.035294
을	고	지	0.023529
을	고	통	0.023529
을	고	를	0.023529
을	고	안	0.023529
을	고	사	0.023529
을	고	등	0.023529
을	곧	바	0.500000
을	곳	곳	1.000000
을	공	개	0.683673
을	공	약	0.037415
을	공	지	0.030612
을	공	제	0.027211
을	공	부	0.023810
을	공	정	0.020408
을	공	원	0.020408
을	공	시	0.020408
을	공	공	0.017007
을	공	론	0.017007
을	공	고	0.017007
을	공	무	0.010204
을	공	수	0.010204
을	과	시	0.468750
을	과	소	0.078125
을	과	신	0.062500
을	과	도	0.046875
을	구	성	0.173410
을	구	하	0.132948
을	구	현	0.118497
을	구	매	0.106936
을	구	입	0.089595
을	구	형	0.069364
을	구	조	0.054913
을	구	상	0.031792
을	구	분	0.031792
을	구	해	0.028902
을	구	속	0.026012
을	구	할	0.023121
을	구	경	0.020231
을	구	사	0.020231
을	구	한	0.014451
을	구	긴	0.011561
을	구	비	0.011561
을	구	별	0.008671
을	귀	하	0.750000
을	그	대	0.311377
을	그	린	0.209581
을	그	리	0.167665
을	그	만	0.095808
을	그	어	0.035928
을	그	은	0.035928
을	그	것	0.017964
을	그	으	0.017964
을	그	의	0.017964
을	글	로	0.857143
을	금	지	0.747253
을	금	고	0.087912
을	금	할	0.065934
을	금	방	0.032967
을	길	게	0.571429
을	꺼	내	0.588235
을	꺼	리	0.205882
을	꺼	낸	0.117647
을	꼭	가	0.176471
을	끝	내	0.465116
을	끝	으	0.232558
을	끝	낼	0.162791
을	끝	낸	0.116279
을	나	타	0.475309
을	나	서	0.135802
을	나	가	0.067901
을	나	오	0.055556
을	나	와	0.043210
을	나	는	0.030864
을	나	눈	0.024691
을	나	란	0.024691
을	나	열	0.018519
을	나	중	0.018519
을	날	리	0.323529
을	날	린	0.323529
을	날	고	0.117647
을	날	씨	0.088235
을	내	고	0.190053
을	내	리	0.104796
을	내	린	0.092362
을	내	세	0.088810
을	내	비	0.087034
을	내	는	0.071048
을	내	어	0.069272
을	내	지	0.040853
을	내	걸	0.024867
을	내	년	0.023091
을	내	주	0.021314
을	내	야	0.017762
을	내	다	0.014210
을	내	건	0.010657
을	내	쉬	0.010657
을	내	준	0.010657
을	내	게	0.010657
을	내	디	0.010657
을	내	달	0.008881
을	내	도	0.008881
을	내	포	0.007105
을	내	가	0.005329
을	내	정	0.005329
을	내	일	0.005329
을	낸	것	0.484848
을	낸	다	0.242424
을	낼	것	0.357143
을	너	무	0.769231
을	널	리	1.000000
을	노	리	0.524590
을	노	린	0.311475
을	노	조	0.065574
을	놀	라	0.600000
을	눈	여	0.461538
을	눈	앞	0.307692
을	늘	리	0.835821
을	늘	린	0.104478
을	다	하	0.279699
을	다	시	0.195489
을	다	해	0.118797
을	다	할	0.090226
을	다	루	0.045113
을	다	양	0.034586
을	다	지	0.031579
을	다	음	0.030075
을	다	짐	0.024060
을	다	투	0.018045
을	다	수	0.016541
을	다	한	0.012030
을	다	니	0.012030
을	다	소	0.010526
을	다	각	0.009023
을	다	채	0.006015
을	다	쳐	0.004511
을	다	들	0.004511
을	다	물	0.004511
을	다	가	0.004511
을	다	질	0.004511
을	다	이	0.004511
을	단	순	0.142857
을	단	장	0.107143
을	단	일	0.089286
을	단	호	0.089286
을	단	적	0.071429
을	단	속	0.071429
을	단	죄	0.053571
을	단	지	0.053571
을	달	성	0.519685
을	달	리	0.165354
을	달	고	0.141732
을	달	아	0.078740
을	달	라	0.039370
을	대	상	0.615984
을	대	신	0.079922
을	대	거	0.058480
을	대	비	0.038986
을	대	통	0.025341
을	대	하	0.017544
을	대	중	0.011696
을	대	부	0.011696
을	대	리	0.011696
을	대	여	0.011696
을	대	한	0.007797
을	대	선	0.007797
을	대	대	0.007797
을	대	만	0.007797
을	대	응	0.007797
을	대	피	0.007797
을	대	안	0.005848
을	더	하	0.161677
을	더	해	0.143713
을	더	한	0.083832
을	더	이	0.047904
을	더	강	0.041916
을	더	확	0.035928
을	더	는	0.029940
을	더	늘	0.029940
을	더	불	0.023952
을	더	나	0.017964
을	더	자	0.017964
을	더	사	0.017964
을	더	선	0.017964
을	덜	어	0.767442
을	덜	고	0.116279
을	데	리	0.705882
을	도	입	0.580838
을	도	와	0.137725
을	도	울	0.041916
을	도	는	0.041916
을	도	운	0.035928
을	도	저	0.029940
을	도	로	0.029940
을	도	우	0.017964
을	돌	아	0.363636
을	돌	리	0.348485
을	돌	린	0.151515
을	돌	이	0.060606
을	되	살	0.265306
을	되	돌	0.244898
을	되	풀	0.244898
을	되	새	0.163265
을	두	고	0.788043
을	두	드	0.051630
을	두	는	0.048913
을	두	루	0.035326
을	두	지	0.016304
을	두	게	0.016304
을	두	둔	0.010870
을	두	차	0.008152
을	둔	다	0.100000
을	둔	것	0.100000
을	둘	것	0.428571
을	뒤	집	0.692308
을	뒤	로	0.128205
을	드	리	0.469880
을	드	린	0.397590
을	드	는	0.036145
을	드	나	0.036145
을	든	든	0.416667
을	들	어	0.284507
을	들	고	0.233803
을	들	여	0.222535
을	들	이	0.090141
을	들	은	0.061972
을	들	을	0.042254
을	들	으	0.028169
을	들	인	0.016901
을	듯	하	0.727273
을	등	에	0.352941
을	등	장	0.176471
을	디	지	0.434783
을	디	자	0.304348
을	디	디	0.130435
을	딴	김	0.150000
을	때	는	0.119760
을	때	도	0.091816
을	때	부	0.047904
을	때	가	0.045908
을	때	만	0.035928
을	때	마	0.031936
을	때	이	0.025948
을	때	나	0.025948
을	때	대	0.023952
을	때	어	0.019960
을	때	에	0.019960
을	때	의	0.017964
을	때	수	0.017964
을	때	그	0.017964
을	때	아	0.017964
을	때	와	0.015968
을	때	리	0.015968
을	때	를	0.013972
을	때	사	0.011976
을	때	린	0.011976
을	때	한	0.011976
을	때	우	0.009980
을	때	주	0.009980
을	때	무	0.009980
을	때	인	0.007984
을	때	지	0.007984
을	때	세	0.007984
을	때	전	0.007984
을	때	비	0.007984
을	때	조	0.007984
을	떠	나	0.411429
을	떠	난	0.285714
을	떠	올	0.217143
을	떠	안	0.022857
을	떠	들	0.022857
을	떠	날	0.017143
을	또	다	0.888889
을	뜻	한	0.539683
을	뜻	하	0.428571
을	리	하	0.500000
을	마	친	0.402098
을	마	무	0.195804
을	마	시	0.111888
을	마	음	0.066434
을	마	주	0.052448
을	마	지	0.041958
을	마	신	0.041958
을	마	쳐	0.031469
을	마	비	0.010490
을	마	구	0.010490
을	막	아	0.227586
을	막	는	0.213793
을	막	을	0.179310
을	막	고	0.124138
을	막	으	0.082759
을	막	은	0.055172
을	막	지	0.027586
을	막	론	0.027586
을	만	들	0.538653
을	만	나	0.163342
을	만	드	0.114713
을	만	든	0.066085
을	만	난	0.052369
을	만	한	0.023691
을	만	날	0.021197
을	만	하	0.008728
을	만	지	0.006234
을	말	한	0.482456
을	말	하	0.289474
을	말	해	0.061404
을	말	할	0.043860
을	말	리	0.035088
을	매	입	0.185567
을	매	각	0.164948
을	매	우	0.123711
을	매	일	0.103093
을	매	개	0.092784
을	매	수	0.082474
을	매	도	0.072165
을	매	매	0.041237
을	매	년	0.030928
을	머	리	0.428571
을	먼	저	1.000000
을	명	확	0.459459
을	명	분	0.189189
을	명	시	0.189189
을	명	백	0.067568
을	명	중	0.040541
을	몇	번	0.200000
을	목	에	0.477612
을	목	적	0.417910
을	못	하	0.400000
을	못	해	0.100000
을	못	한	0.083333
을	못	쉬	0.050000
을	못	마	0.050000
을	못	내	0.050000
을	못	대	0.050000
을	무	시	0.336957
을	무	너	0.086957
을	무	사	0.076087
을	무	조	0.076087
을	무	마	0.054348
을	무	대	0.043478
을	무	한	0.043478
을	무	리	0.043478
을	무	단	0.032609
을	문	제	0.538462
을	문	화	0.134615
을	문	의	0.096154
을	문	서	0.057692
을	물	어	0.464789
을	물	리	0.154930
을	물	을	0.126761
을	물	적	0.042254
을	물	게	0.042254
을	미	칠	0.368715
을	미	친	0.251397
을	미	리	0.173184
을	미	루	0.094972
을	미	쳐	0.022346
을	바	라	0.547009
을	바	로	0.307692
을	바	이	0.051282
을	바	란	0.025641
을	반	영	0.555556
을	반	대	0.160494
을	반	드	0.154321
을	반	성	0.024691
을	반	도	0.018519
을	발	사	0.438776
을	발	부	0.137755
을	발	의	0.132653
을	발	전	0.071429
을	발	로	0.035714
을	발	매	0.030612
을	발	하	0.025510
을	발	산	0.020408
을	발	명	0.015306
을	발	판	0.015306
을	방	문	0.659824
을	방	해	0.126100
을	방	지	0.085044
을	방	어	0.035191
을	방	법	0.029326
을	방	불	0.023460
을	방	역	0.008798
을	배	제	0.326667
을	배	경	0.120000
을	배	우	0.100000
을	배	운	0.060000
을	배	상	0.053333
을	배	포	0.053333
을	배	울	0.046667
을	배	달	0.046667
을	배	정	0.040000
을	배	분	0.040000
을	배	워	0.026667
을	배	신	0.020000
을	백	지	0.333333
을	번	다	0.333333
을	벌	이	0.509615
을	벌	인	0.177885
을	벌	여	0.100962
을	벌	일	0.072115
을	벌	어	0.062500
을	벌	지	0.028846
을	벌	고	0.024038
을	벌	리	0.019231
을	법	원	0.204082
을	법	한	0.163265
을	법	무	0.122449
을	법	으	0.102041
을	법	적	0.061224
을	법	제	0.061224
을	법	에	0.061224
을	법	사	0.061224
을	법	정	0.061224
을	별	도	0.714286
을	본	다	0.200000
을	본	인	0.145455
을	본	적	0.072727
을	본	사	0.072727
을	본	부	0.072727
을	볼	수	0.416667
을	볼	때	0.333333
을	부	여	0.210970
을	부	인	0.181435
을	부	과	0.181435
을	부	각	0.084388
을	부	정	0.075949
을	부	리	0.046414
을	부	채	0.033755
을	부	수	0.025316
을	부	풀	0.021097
을	부	분	0.016878
을	부	를	0.012658
을	부	양	0.012658
을	부	산	0.012658
을	분	명	0.487179
을	분	리	0.136752
을	분	양	0.094017
을	분	산	0.068376
을	분	열	0.051282
을	분	해	0.042735
을	분	할	0.025641
을	불	어	0.328947
을	불	법	0.236842
을	불	구	0.144737
을	불	과	0.078947
을	불	리	0.039474
을	비	판	0.546763
을	비	난	0.115108
을	비	하	0.050360
을	비	공	0.035971
을	비	워	0.035971
을	비	운	0.035971
을	비	대	0.028777
을	빈	다	0.857143
을	빌	미	0.393939
을	빌	리	0.272727
을	빌	린	0.242424
을	빼	앗	0.308642
을	빼	돌	0.271605
을	빼	고	0.172840
을	빼	는	0.074074
을	빼	낸	0.037037
을	뼈	대	0.600000
을	뿐	이	0.396552
을	뿐	아	0.146552
을	뿐	더	0.103448
을	뿐	인	0.051724
을	뿐	만	0.043103
을	사	로	0.154545
을	사	랑	0.127273
을	사	전	0.109091
을	사	는	0.077273
을	사	고	0.072727
을	사	들	0.072727
을	사	과	0.036364
을	사	이	0.036364
을	사	저	0.031818
을	사	서	0.031818
을	사	장	0.022727
을	사	진	0.022727
을	사	적	0.018182
을	사	지	0.013636
을	사	상	0.013636
을	사	주	0.013636
을	사	살	0.013636
을	산	정	0.321429
을	산	책	0.142857
을	살	해	0.250000
을	살	리	0.166667
을	살	피	0.166667
을	살	아	0.151515
을	살	고	0.068182
을	살	린	0.045455
을	상	대	0.719149
을	상	정	0.072340
을	상	세	0.051064
을	상	상	0.021277
을	상	속	0.021277
을	상	시	0.017021
을	상	단	0.017021
을	상	의	0.012766
을	상	장	0.012766
을	새	로	0.464789
을	새	롭	0.267606
을	새	정	0.042254
을	새	긴	0.042254
을	서	울	0.342593
을	서	둘	0.120370
을	서	두	0.101852
을	서	로	0.092593
을	서	비	0.064815
을	서	서	0.046296
을	서	고	0.046296
을	서	성	0.027778
을	서	는	0.027778
을	선	고	0.435484
을	선	정	0.092166
을	선	사	0.087558
을	선	도	0.069124
을	선	호	0.057604
을	선	발	0.052995
을	선	포	0.046083
을	선	물	0.032258
을	선	점	0.023041
을	선	별	0.020737
을	선	제	0.016129
을	선	거	0.013825
을	선	진	0.006912
을	선	수	0.006912
을	설	명	0.750000
을	설	정	0.191667
을	설	의	0.025000
을	성	공	0.490196
을	성	장	0.137255
을	성	과	0.117647
을	성	적	0.078431
을	성	사	0.058824
을	세	우	0.397661
을	세	운	0.163743
을	세	워	0.152047
을	세	울	0.087719
을	세	상	0.035088
을	세	척	0.029240
을	세	부	0.023392
을	세	차	0.023392
을	세	분	0.023392
을	소	개	0.510989
을	소	화	0.192308
을	소	지	0.054945
을	소	비	0.049451
을	소	재	0.043956
을	소	중	0.021978
을	소	장	0.016484
을	소	진	0.016484
을	속	이	0.333333
을	속	속	0.222222
을	속	도	0.148148
을	속	여	0.111111
을	손	에	0.190476
을	손	으	0.190476
을	수	상	0.193853
을	수	사	0.191489
을	수	도	0.151300
을	수	수	0.052009
을	수	정	0.047281
을	수	여	0.040189
을	수	는	0.037825
을	수	차	0.037825
을	수	주	0.028369
을	수	시	0.026005
을	수	호	0.021277
을	수	가	0.021277
을	수	거	0.021277
을	수	집	0.018913
을	수	확	0.016548
을	수	입	0.011820
을	수	리	0.009456
을	수	반	0.007092
을	수	소	0.007092
을	순	매	0.346154
을	순	차	0.192308
을	순	방	0.153846
을	순	간	0.115385
을	숨	지	0.625000
을	시	도	0.398104
을	시	사	0.255924
을	시	인	0.052133
을	시	장	0.037915
을	시	정	0.028436
을	시	키	0.023697
을	시	각	0.018957
을	시	간	0.018957
을	시	의	0.018957
을	시	공	0.018957
을	시	가	0.018957
을	시	세	0.014218
을	신	설	0.362069
을	신	고	0.267241
을	신	속	0.172414
을	신	경	0.043103
을	신	중	0.025862
을	신	선	0.025862
을	써	야	0.384615
을	써	서	0.192308
을	써	가	0.153846
을	써	내	0.115385
을	쓴	다	0.500000
을	쓴	것	0.214286
을	쓸	어	0.312500
을	아	는	0.166667
을	아	우	0.166667
을	아	예	0.142857
을	아	무	0.119048
을	아	이	0.095238
을	아	주	0.083333
을	아	시	0.059524
을	아	쉬	0.047619
을	악	화	0.894737
을	안	정	0.187919
을	안	내	0.147651
을	안	고	0.093960
을	안	긴	0.080537
을	안	전	0.073826
을	안	하	0.060403
을	안	다	0.046980
을	안	해	0.046980
을	안	한	0.026846
을	안	에	0.026846
을	안	길	0.020134
을	안	타	0.020134
을	안	날	0.020134
을	알	리	0.313305
을	알	게	0.206009
을	알	아	0.184549
을	알	고	0.175966
을	알	린	0.042918
을	알	지	0.038627
을	알	선	0.017167
을	암	시	0.615385
을	앗	아	1.000000
을	앞	두	0.651515
을	앞	세	0.163636
을	앞	둔	0.121212
을	앞	으	0.018182
을	앞	질	0.012121
을	앞	다	0.009091
을	앞	서	0.009091
을	앞	에	0.009091
을	애	도	0.375000
을	야	구	0.500000
을	야	간	0.166667
을	야	만	0.166667
을	약	속	0.782609
을	약	화	0.115942
을	약	탈	0.057971
을	약	정	0.043478
을	양	성	0.321429
을	양	도	0.285714
을	양	산	0.142857
을	양	해	0.107143
을	양	분	0.107143
을	어	긴	0.320000
을	어	디	0.120000
을	엄	중	0.388889
을	엄	선	0.333333
을	에	서	0.375000
을	에	는	0.046875
을	에	거	0.046875
을	여	는	0.283019
을	여	야	0.150943
을	여	성	0.150943
을	여	의	0.075472
을	여	론	0.075472
을	여	과	0.075472
을	여	전	0.056604
을	역	사	0.357143
을	열	고	0.489051
을	열	어	0.394161
을	열	지	0.029197
을	열	자	0.021898
을	열	예	0.018248
을	영	위	0.244898
을	영	입	0.224490
을	영	상	0.183673
을	영	원	0.081633
을	영	어	0.081633
을	영	구	0.061224
을	예	고	0.296651
을	예	정	0.267943
을	예	방	0.157895
을	예	상	0.105263
을	예	의	0.047847
을	예	로	0.033493
을	예	술	0.023923
을	예	약	0.019139
을	예	우	0.014354
을	오	가	0.431034
을	오	는	0.224138
을	오	후	0.051724
을	오	전	0.051724
을	온	라	0.421053
을	온	전	0.421053
을	온	몸	0.078947
을	올	리	0.549020
을	올	린	0.338235
을	올	해	0.049020
을	올	라	0.024510
을	왜	곡	0.555556
을	왜	이	0.166667
을	요	구	0.966443
을	요	하	0.013423
을	우	선	0.506329
을	우	리	0.417722
을	운	영	0.937198
을	운	반	0.033816
을	운	전	0.024155
을	울	리	0.833333
을	원	하	0.511111
을	원	한	0.144444
을	원	천	0.055556
을	원	만	0.033333
을	원	할	0.033333
을	원	형	0.033333
을	위	해	0.504636
을	위	한	0.443631
을	위	반	0.023914
을	위	로	0.010249
을	위	하	0.005368
을	위	원	0.002928
을	위	장	0.001952
을	위	주	0.001952
을	위	배	0.001952
을	은	폐	0.218750
을	은	닉	0.187500
을	은	대	0.093750
을	을	방	0.217391
을	응	원	0.742857
을	응	시	0.171429
을	응	대	0.085714
을	의	미	0.679688
을	의	무	0.156250
을	의	도	0.031250
을	이	어	0.458029
을	이	루	0.100365
을	이	해	0.085766
을	이	야	0.032847
을	이	미	0.029197
을	이	전	0.029197
을	이	달	0.023723
을	이	날	0.021898
을	이	번	0.018248
을	이	탈	0.014599
을	이	수	0.012774
을	이	재	0.012774
을	이	사	0.010949
을	이	길	0.009124
을	이	제	0.009124
을	이	들	0.007299
을	이	긴	0.007299
을	이	상	0.007299
을	이	라	0.007299
을	이	후	0.005474
을	이	곳	0.005474
을	인	정	0.522491
을	인	지	0.121107
을	인	수	0.100346
을	인	상	0.076125
을	인	간	0.027682
을	인	하	0.020761
을	인	도	0.020761
을	인	천	0.017301
을	인	질	0.013841
을	인	공	0.013841
을	인	사	0.010381
을	일	으	0.473118
을	일	부	0.129032
을	일	일	0.046595
을	일	정	0.039427
을	일	본	0.039427
을	일	시	0.039427
을	일	반	0.025090
을	일	구	0.021505
을	일	방	0.021505
을	일	단	0.014337
을	일	대	0.010753
을	일	원	0.010753
을	일	선	0.010753
을	일	주	0.010753
을	일	군	0.010753
을	일	하	0.010753
을	입	고	0.276995
을	입	은	0.267606
을	입	어	0.051643
을	입	는	0.051643
을	입	을	0.046948
을	입	수	0.042254
을	입	법	0.037559
을	입	혀	0.032864
을	입	에	0.028169
을	입	게	0.028169
을	입	건	0.023474
을	입	양	0.018779
을	입	점	0.018779
을	입	지	0.014085
을	자	랑	0.211538
을	자	아	0.184615
을	자	주	0.165385
을	자	제	0.126923
을	자	신	0.080769
을	자	초	0.042308
을	자	세	0.026923
을	자	진	0.015385
을	자	백	0.015385
을	자	각	0.011538
을	자	의	0.011538
을	자	인	0.011538
을	자	본	0.011538
을	자	고	0.011538
을	자	사	0.011538
을	잔	인	0.600000
을	잘	알	0.145833
을	잘	하	0.097222
을	잘	못	0.076389
을	잘	아	0.069444
을	잘	살	0.062500
을	잘	이	0.055556
을	잘	지	0.055556
을	잘	해	0.048611
을	잘	수	0.034722
을	잘	할	0.034722
을	잘	구	0.027778
을	잘	게	0.020833
을	잘	한	0.020833
을	잠	재	0.363636
을	잠	정	0.272727
을	잠	시	0.272727
을	장	악	0.800000
을	장	애	0.075000
을	재	개	0.262443
을	재	확	0.149321
을	재	차	0.140271
을	재	정	0.063348
을	재	현	0.058824
을	재	판	0.040724
을	재	건	0.031674
을	재	고	0.031674
을	재	배	0.031674
을	재	가	0.031674
을	재	조	0.018100
을	재	해	0.013575
을	재	점	0.013575
을	재	산	0.013575
을	재	구	0.013575
을	저	지	0.398374
을	저	질	0.325203
을	저	해	0.113821
을	저	장	0.048780
을	적	발	0.188679
을	적	게	0.132075
을	적	은	0.094340
을	적	어	0.094340
을	적	시	0.094340
을	적	절	0.094340
을	적	고	0.056604
을	적	대	0.056604
을	전	달	0.245742
을	전	하	0.136253
을	전	한	0.077859
을	전	개	0.072993
을	전	제	0.068127
을	전	시	0.051095
을	전	혀	0.048662
을	전	공	0.036496
을	전	해	0.036496
을	전	세	0.031630
을	전	문	0.026764
을	전	전	0.021898
을	전	부	0.019465
을	전	수	0.019465
을	전	후	0.017032
을	전	할	0.014599
을	전	가	0.014599
을	전	적	0.012165
을	전	년	0.012165
을	전	반	0.009732
을	절	대	0.379310
을	절	약	0.310345
을	절	반	0.137931
을	점	거	0.277778
을	점	차	0.222222
을	점	진	0.166667
을	정	도	0.301508
을	정	리	0.133166
을	정	하	0.100503
을	정	부	0.085427
을	정	확	0.067839
을	정	상	0.062814
을	정	지	0.037688
을	정	해	0.035176
을	정	한	0.027638
을	정	말	0.020101
을	정	비	0.020101
을	정	할	0.020101
을	정	책	0.015075
을	정	조	0.015075
을	정	신	0.010050
을	제	공	0.320896
을	제	시	0.231343
을	제	안	0.106965
을	제	대	0.094527
을	제	한	0.070896
을	제	거	0.041045
을	제	정	0.034826
을	제	조	0.019900
을	제	고	0.016169
을	제	재	0.013682
을	제	어	0.009950
을	제	때	0.004975
을	제	지	0.004975
을	제	명	0.003731
을	제	약	0.003731
을	제	가	0.003731
을	제	하	0.003731
을	조	사	0.272480
을	조	성	0.226158
을	조	정	0.128065
을	조	금	0.062670
을	조	절	0.054496
을	조	달	0.051771
을	조	속	0.040872
을	조	장	0.038147
을	조	명	0.032698
을	조	건	0.021798
을	조	만	0.019074
을	조	목	0.016349
을	조	선	0.008174
을	조	화	0.008174
을	존	중	0.909091
을	주	는	0.186047
을	주	고	0.148479
을	주	도	0.130590
을	주	장	0.112701
을	주	제	0.084079
을	주	문	0.080501
을	주	로	0.053667
을	주	요	0.039356
을	주	지	0.037567
을	주	시	0.023256
을	주	목	0.014311
을	주	게	0.007156
을	주	선	0.007156
을	주	신	0.007156
을	주	저	0.007156
을	준	비	0.583942
을	준	다	0.175182
을	준	수	0.098540
을	준	것	0.062044
을	준	사	0.025547
을	줄	이	0.483755
을	줄	여	0.187726
을	줄	일	0.093863
을	줄	것	0.090253
을	줄	인	0.032491
을	줄	곧	0.018051
을	줄	가	0.014440
을	줄	수	0.014440
을	줄	전	0.014440
을	중	단	0.604444
을	중	시	0.124444
을	중	점	0.066667
을	중	지	0.053333
을	중	요	0.040000
을	중	개	0.017778
을	중	재	0.013333
을	쥐	고	0.466667
을	쥐	어	0.266667
을	즉	각	0.685714
을	즉	시	0.314286
을	지	원	0.214514
을	지	키	0.115630
을	지	속	0.090909
을	지	지	0.057416
을	지	낸	0.051037
을	지	나	0.045455
을	지	적	0.044657
을	지	난	0.036683
을	지	시	0.030303
을	지	도	0.025518
을	지	고	0.019936
을	지	정	0.019139
을	지	불	0.019139
을	지	로	0.016746
을	지	는	0.015949
을	지	금	0.012759
을	지	우	0.011164
을	지	배	0.010367
을	지	어	0.009569
을	지	역	0.009569
을	지	내	0.008772
을	지	방	0.007974
을	지	주	0.007974
을	지	니	0.007177
을	지	에	0.007177
을	지	을	0.007177
을	지	명	0.006380
을	지	의	0.005582
을	지	목	0.004785
을	지	구	0.004785
을	진	단	0.297297
을	진	정	0.108108
을	진	다	0.081081
을	진	두	0.081081
을	질	주	0.166667
을	질	병	0.166667
을	집	중	0.710744
을	집	어	0.041322
을	집	단	0.041322
을	집	필	0.033058
을	집	에	0.024793
을	집	도	0.024793
을	집	으	0.024793
을	짓	는	0.437500
을	짓	고	0.343750
을	차	지	0.677536
을	차	단	0.170290
을	차	리	0.036232
을	차	질	0.025362
을	차	별	0.025362
을	차	분	0.014493
을	차	고	0.014493
을	찬	성	0.500000
을	참	고	0.404762
을	참	배	0.190476
을	참	아	0.119048
을	참	지	0.095238
을	참	조	0.071429
을	채	우	0.534884
을	채	워	0.255814
을	채	운	0.116279
을	채	울	0.093023
을	책	정	0.714286
을	천	명	0.615385
을	천	천	0.230769
을	쳐	다	0.375000
을	초	과	0.647059
을	초	대	0.215686
을	친	구	0.214286
을	코	로	0.615385
을	코	앞	0.384615
을	키	우	0.555556
을	키	워	0.234568
을	키	운	0.123457
을	키	울	0.074074
을	타	고	0.641026
을	타	개	0.076923
을	타	는	0.064103
을	탄	원	0.615385
을	털	어	0.913043
을	통	해	0.840621
을	통	한	0.085096
을	통	과	0.048425
을	통	제	0.017395
을	통	하	0.003291
을	통	일	0.001410
을	투	입	0.491979
을	투	자	0.385027
을	투	약	0.064171
을	투	명	0.021390
을	투	여	0.016043
을	판	매	0.686567
을	판	단	0.223881
을	팔	아	0.615385
을	팔	고	0.128205
을	팔	지	0.102564
을	팔	거	0.076923
을	폐	지	0.925926
을	포	함	0.959799
을	포	위	0.017588
을	포	장	0.007538
을	풀	어	0.628571
을	풀	고	0.142857
을	피	하	0.397260
을	피	해	0.280822
을	피	할	0.123288
을	피	의	0.047945
을	피	우	0.047945
을	피	한	0.034247
을	피	운	0.027397
을	필	요	0.622222
을	필	두	0.288889
을	필	수	0.088889
을	하	고	0.401454
을	하	는	0.227787
을	하	지	0.123586
을	하	게	0.045234
을	하	다	0.035541
을	하	나	0.034733
을	하	루	0.033118
을	하	자	0.021002
을	하	거	0.012116
을	하	라	0.010501
을	하	더	0.010501
을	하	든	0.008885
을	하	도	0.007270
을	하	니	0.005654
을	하	늘	0.004039
을	하	우	0.002423
을	하	시	0.002423
을	하	긴	0.002423
을	한	다	0.335038
을	한	것	0.150895
을	한	번	0.058824
을	한	사	0.043478
을	한	적	0.033248
을	한	꺼	0.023018
을	한	이	0.020460
을	한	참	0.020460
을	한	차	0.015345
을	한	정	0.015345
을	한	눈	0.015345
을	한	단	0.015345
을	한	마	0.012788
을	한	반	0.012788
을	한	경	0.010230
을	한	상	0.010230
을	한	데	0.007673
을	한	화	0.007673
을	한	달	0.007673
을	한	채	0.007673
을	한	뒤	0.007673
을	한	조	0.007673
을	한	시	0.007673
을	할	것	0.234043
을	할	때	0.163121
을	할	수	0.156028
을	할	경	0.063830
을	할	가	0.049645
을	할	예	0.049645
을	할	지	0.042553
을	할	필	0.035461
을	할	인	0.035461
을	할	거	0.028369
을	할	애	0.028369
을	함	부	0.545455
을	함	으	0.272727
을	해	야	0.255528
을	해	소	0.142506
을	해	서	0.088452
을	해	주	0.083538
을	해	온	0.036855
을	해	도	0.034398
을	해	나	0.027027
을	해	제	0.024570
을	해	달	0.024570
을	해	지	0.024570
을	해	준	0.022113
을	해	칠	0.017199
을	해	내	0.017199
을	해	고	0.014742
을	해	줄	0.014742
을	해	오	0.012285
을	해	본	0.012285
을	해	드	0.009828
을	해	볼	0.009828
을	해	친	0.009828
을	해	방	0.009828
을	해	킹	0.009828
을	해	예	0.007371
을	허	가	0.280000
을	허	위	0.240000
을	허	물	0.160000
을	허	무	0.120000
을	허	비	0.120000
을	현	재	0.333333
을	현	장	0.313725
을	현	금	0.078431
을	현	저	0.078431
을	현	대	0.058824
을	현	지	0.058824
을	형	성	0.564103
을	형	상	0.230769
을	형	사	0.153846
을	호	소	0.824176
을	호	도	0.076923
을	화	나	0.375000
을	확	인	0.443719
을	확	대	0.290375
을	확	정	0.158238
을	확	장	0.063622
을	확	고	0.014682
을	확	신	0.013051
을	확	진	0.006525
을	확	산	0.004894
을	후	원	0.733333
을	휴	대	0.833333
을	힘	들	0.333333
입	각	한	0.466667
입	각	해	0.200000
입	간	판	1.000000
입	거	나	1.000000
입	건	해	0.301587
입	건	된	0.174603
입	건	하	0.158730
입	건	전	0.063492
입	건	할	0.063492
입	건	되	0.047619
입	게	된	0.875000
입	고	병	0.088235
입	고	등	0.073529
입	고	나	0.058824
입	고	인	0.044118
입	곡	물	1.000000
입	과	정	0.093750
입	구	에	0.345679
입	구	를	0.074074
입	구	역	0.061728
입	구	주	0.049383
입	구	로	0.037037
입	구	와	0.037037
입	구	부	0.037037
입	구	는	0.037037
입	금	지	0.555556
입	금	내	0.066667
입	금	시	0.066667
입	금	된	0.066667
입	길	에	1.000000
입	는	다	0.315789
입	는	것	0.157895
입	니	다	1.000000
입	단	가	0.238095
입	단	한	0.238095
입	대	를	0.159091
입	대	한	0.113636
입	대	상	0.090909
입	대	전	0.068182
입	대	금	0.068182
입	도	를	0.388889
입	돼	야	0.142857
입	되	는	0.549020
입	되	고	0.215686
입	되	지	0.156863
입	된	다	0.278481
입	된	이	0.164557
입	된	것	0.050633
입	된	장	0.037975
입	될	수	0.392857
입	될	것	0.214286
입	될	예	0.214286
입	등	을	0.272727
입	등	으	0.136364
입	등	이	0.068182
입	등	에	0.068182
입	로	를	0.230769
입	마	개	1.000000
입	만	열	0.375000
입	맛	에	0.571429
입	맛	을	0.285714
입	명	부	0.800000
입	문	하	0.131579
입	문	제	0.131579
입	문	을	0.131579
입	문	한	0.131579
입	문	해	0.105263
입	물	가	1.000000
입	방	미	0.600000
입	법	을	0.140351
입	법	과	0.105263
입	법	이	0.105263
입	법	예	0.099415
입	법	에	0.064327
입	법	절	0.052632
입	법	조	0.046784
입	법	부	0.040936
입	법	의	0.040936
입	법	으	0.029240
입	법	화	0.029240
입	법	원	0.023392
입	법	안	0.023392
입	법	시	0.017544
입	법	은	0.017544
입	비	중	0.700000
입	사	한	0.238806
입	사	원	0.223881
입	사	지	0.119403
입	사	해	0.074627
입	사	건	0.074627
입	사	하	0.044776
입	상	한	0.200000
입	성	한	0.250000
입	성	을	0.156250
입	성	하	0.125000
입	소	문	0.271186
입	소	자	0.254237
입	소	하	0.118644
입	소	시	0.067797
입	소	한	0.067797
입	소	를	0.050847
입	수	한	0.481481
입	수	하	0.111111
입	수	요	0.111111
입	수	해	0.111111
입	술	을	0.375000
입	시	에	0.202899
입	시	키	0.115942
입	시	전	0.101449
입	시	경	0.057971
입	시	장	0.057971
입	시	비	0.057971
입	시	를	0.043478
입	신	고	1.000000
입	안	에	0.250000
입	양	된	0.122449
입	양	을	0.102041
입	양	한	0.081633
입	양	문	0.061224
입	양	하	0.061224
입	양	해	0.061224
입	양	이	0.061224
입	어	야	0.104167
입	어	전	0.083333
입	어	올	0.062500
입	어	서	0.062500
입	에	대	0.208333
입	에	서	0.156250
입	에	나	0.072917
입	에	의	0.062500
입	에	올	0.052083
입	에	도	0.052083
입	에	성	0.052083
입	에	물	0.041667
입	에	는	0.031250
입	여	부	0.888889
입	영	통	0.333333
입	원	한	0.146789
입	원	해	0.119266
입	원	을	0.073394
입	원	중	0.064220
입	원	이	0.064220
입	원	하	0.055046
입	원	과	0.045872
입	원	시	0.045872
입	원	입	0.045872
입	원	자	0.045872
입	원	할	0.036697
입	위	원	0.800000
입	으	로	0.957447
입	은	것	0.084416
입	은	사	0.051948
입	은	이	0.038961
입	은	여	0.038961
입	은	주	0.032468
입	은	상	0.032468
입	은	한	0.032468
입	은	소	0.032468
입	은	시	0.032468
입	은	지	0.032468
입	은	채	0.025974
입	은	피	0.025974
입	은	부	0.025974
입	은	손	0.025974
입	은	경	0.025974
입	은	포	0.019481
입	은	다	0.019481
입	은	개	0.019481
입	은	전	0.019481
입	을	막	0.072727
입	을	위	0.068182
입	을	통	0.054545
입	을	금	0.050000
입	을	수	0.036364
입	을	열	0.036364
입	을	시	0.027273
입	을	허	0.027273
입	을	앞	0.022727
입	을	신	0.022727
입	을	다	0.022727
입	을	늘	0.022727
입	을	제	0.018182
입	을	일	0.018182
입	을	중	0.018182
입	을	차	0.018182
입	을	의	0.018182
입	을	강	0.018182
입	을	것	0.018182
입	을	전	0.018182
입	을	요	0.013636
입	을	확	0.013636
입	을	벌	0.013636
입	을	줄	0.013636
입	을	꺼	0.013636
입	을	주	0.013636
입	을	즉	0.013636
입	을	포	0.013636
입	의	경	0.272727
입	의	존	0.227273
입	의	마	0.136364
입	이	가	0.089109
입	이	필	0.079208
입	이	라	0.059406
입	이	나	0.059406
입	이	후	0.059406
입	이	어	0.049505
입	이	전	0.039604
입	이	다	0.029703
입	이	적	0.029703
입	이	금	0.029703
입	이	통	0.029703
입	이	불	0.029703
입	인	구	0.428571
입	자	가	0.198795
입	자	에	0.114458
입	자	들	0.108434
입	자	의	0.102410
입	자	를	0.096386
입	자	수	0.060241
입	자	는	0.054217
입	자	로	0.042169
입	자	금	0.042169
입	자	와	0.018072
입	자	라	0.018072
입	장	을	0.411335
입	장	이	0.186472
입	장	에	0.124314
입	장	문	0.097806
입	장	은	0.022852
입	장	하	0.022852
입	장	벽	0.015539
입	장	과	0.015539
입	장	차	0.015539
입	장	으	0.011883
입	장	인	0.010055
입	장	도	0.010055
입	장	발	0.008227
입	장	할	0.007313
입	장	만	0.007313
입	장	전	0.004570
입	장	해	0.003656
입	장	입	0.002742
입	장	등	0.002742
입	전	형	0.363636
입	절	차	0.857143
입	점	한	0.212121
입	점	해	0.212121
입	점	시	0.090909
입	제	도	0.615385
입	제	한	0.230769
입	조	건	0.750000
입	주	자	0.104478
입	주	한	0.097015
입	주	하	0.097015
입	주	가	0.089552
입	주	를	0.059701
입	주	할	0.052239
입	주	물	0.052239
입	주	해	0.052239
입	주	시	0.044776
입	주	는	0.037313
입	주	예	0.029851
입	주	지	0.029851
입	주	의	0.029851
입	주	경	0.022388
입	중	이	0.300000
입	중	단	0.300000
입	지	를	0.328125
입	지	에	0.093750
입	지	는	0.078125
입	지	선	0.078125
입	지	가	0.062500
입	지	조	0.046875
입	지	와	0.046875
입	지	로	0.046875
입	차	전	0.187500
입	통	제	1.000000
입	필	요	1.000000
입	하	는	0.488189
입	하	고	0.244094
입	하	지	0.098425
입	하	여	0.039370
입	하	도	0.035433
입	하	거	0.035433
입	하	게	0.023622
입	하	자	0.019685
입	한	다	0.312796
입	한	것	0.175355
입	한	이	0.037915
입	한	뒤	0.033175
입	한	상	0.028436
입	한	후	0.023697
입	한	바	0.018957
입	한	지	0.018957
입	한	건	0.018957
입	한	차	0.018957
입	한	대	0.014218
입	한	경	0.014218
입	한	곳	0.014218
입	한	사	0.014218
입	한	인	0.014218
입	할	수	0.459016
입	할	것	0.155738
입	할	예	0.081967
입	할	경	0.065574
입	할	때	0.057377
입	할	가	0.049180
입	할	여	0.024590
입	할	방	0.024590
입	해	야	0.150327
입	해	서	0.091503
입	해	전	0.045752
입	해	시	0.032680
입	해	가	0.032680
입	해	집	0.026144
입	해	도	0.019608
입	해	우	0.019608
입	해	수	0.019608
입	해	지	0.019608
입	해	주	0.019608
입	해	진	0.019608
입	해	이	0.019608
입	확	진	0.500000
입	확	대	0.437500
장	가	운	0.428571
장	가	입	0.163265
장	가	에	0.061224
장	간	이	0.176471
장	강	한	0.250000
장	강	백	0.187500
장	개	입	0.235294
장	개	방	0.176471
장	개	척	0.176471
장	개	발	0.088235
장	거	리	0.937500
장	건	설	0.500000
장	건	강	0.321429
장	경	제	0.685714
장	경	선	0.142857
장	고	조	0.241379
장	고	를	0.086207
장	고	와	0.068966
장	고	가	0.051724
장	고	문	0.051724
장	곳	곳	1.000000
장	공	간	0.218750
장	공	개	0.125000
장	공	사	0.093750
장	과	의	0.047516
장	과	김	0.047516
장	과	이	0.043197
장	과	함	0.043197
장	과	정	0.036717
장	과	경	0.032397
장	과	한	0.028078
장	과	대	0.023758
장	과	전	0.019438
장	과	만	0.019438
장	과	상	0.019438
장	과	서	0.019438
장	과	는	0.017279
장	과	주	0.017279
장	과	부	0.017279
장	과	도	0.015119
장	과	노	0.015119
장	과	장	0.015119
장	과	일	0.015119
장	과	지	0.015119
장	과	그	0.012959
장	과	사	0.012959
장	과	발	0.012959
장	과	공	0.012959
장	과	신	0.010799
장	과	중	0.010799
장	과	소	0.010799
장	과	가	0.010799
장	과	조	0.010799
장	과	현	0.010799
장	구	조	0.222222
장	구	하	0.166667
장	군	의	0.148936
장	군	이	0.127660
장	군	을	0.106383
장	군	수	0.085106
장	군	과	0.063830
장	군	님	0.063830
장	군	일	0.063830
장	그	리	0.625000
장	글	로	1.000000
장	금	리	0.730769
장	길	에	0.428571
장	길	다	0.428571
장	김	병	0.107143
장	김	형	0.107143
장	나	라	0.285714
장	난	을	0.294118
장	난	이	0.235294
장	내	정	0.102041
장	내	성	0.091837
장	내	미	0.081633
장	내	에	0.071429
장	내	부	0.061224
장	내	년	0.040816
장	내	시	0.040816
장	내	과	0.040816
장	내	세	0.030612
장	내	역	0.030612
장	내	경	0.030612
장	내	일	0.030612
장	내	마	0.030612
장	내	자	0.030612
장	널	리	1.000000
장	눈	에	0.727273
장	님	이	0.256410
장	님	들	0.128205
장	님	의	0.102564
장	님	은	0.076923
장	단	선	0.093023
장	단	과	0.093023
장	단	인	0.093023
장	단	을	0.069767
장	단	점	0.069767
장	단	도	0.069767
장	대	응	0.161765
장	대	비	0.117647
장	대	로	0.102941
장	대	한	0.088235
장	대	를	0.044118
장	대	책	0.044118
장	대	통	0.044118
장	대	중	0.044118
장	도	이	0.127273
장	도	나	0.090909
장	도	전	0.066667
장	도	로	0.036364
장	도	지	0.036364
장	도	가	0.030303
장	도	사	0.024242
장	도	제	0.024242
장	도	마	0.024242
장	도	포	0.018182
장	도	반	0.018182
장	돼	야	1.000000
장	되	는	0.236842
장	되	고	0.236842
장	되	지	0.210526
장	되	어	0.157895
장	되	도	0.078947
장	된	다	0.277778
장	된	것	0.083333
장	될	수	0.300000
장	두	드	0.500000
장	둔	화	1.000000
장	들	이	0.271605
장	들	은	0.172840
장	들	을	0.160494
장	들	의	0.148148
장	들	과	0.086420
장	들	에	0.061728
장	들	도	0.049383
장	등	을	0.230435
장	등	이	0.178261
장	등	에	0.086957
장	등	의	0.052174
장	등	은	0.043478
장	등	과	0.039130
장	등	주	0.034783
장	등	도	0.030435
장	등	전	0.026087
장	등	으	0.021739
장	등	다	0.013043
장	등	수	0.013043
장	등	부	0.013043
장	등	지	0.013043
장	등	경	0.013043
장	등	대	0.013043
장	또	한	0.600000
장	또	는	0.400000
장	마	가	0.169811
장	마	비	0.132075
장	마	전	0.094340
장	마	음	0.075472
장	마	로	0.056604
장	마	시	0.056604
장	만	한	0.153846
장	만	하	0.115385
장	맛	비	0.666667
장	먼	저	1.000000
장	명	의	0.307692
장	명	진	0.230769
장	무	대	0.428571
장	문	을	0.639706
장	문	에	0.132353
장	문	제	0.088235
장	문	의	0.044118
장	문	화	0.036765
장	물	가	0.363636
장	물	을	0.272727
장	바	구	0.619048
장	바	로	0.142857
장	반	응	0.230769
장	발	부	0.533333
장	발	전	0.200000
장	방	문	0.655172
장	방	역	0.103448
장	방	안	0.103448
장	배	분	0.625000
장	법	위	0.242424
장	법	을	0.151515
장	법	안	0.121212
장	법	인	0.090909
장	벽	을	0.369565
장	벽	이	0.282609
장	벽	에	0.065217
장	병	들	0.490566
장	병	원	0.075472
장	병	과	0.056604
장	병	이	0.056604
장	병	어	0.056604
장	본	인	0.875000
장	부	지	0.166667
장	부	사	0.104167
장	부	인	0.062500
장	부	정	0.062500
장	부	부	0.062500
장	부	를	0.062500
장	부	진	0.062500
장	분	위	0.611111
장	분	야	0.166667
장	불	안	0.709677
장	불	법	0.129032
장	비	를	0.241245
장	비	가	0.081712
장	비	에	0.058366
장	비	와	0.058366
장	비	의	0.042802
장	비	는	0.042802
장	비	등	0.031128
장	비	서	0.027237
장	비	도	0.023346
장	비	수	0.023346
장	비	로	0.019455
장	비	인	0.019455
장	비	및	0.015564
장	비	분	0.015564
장	비	중	0.015564
장	비	제	0.015564
장	비	싼	0.015564
장	비	지	0.011673
장	비	전	0.011673
장	비	운	0.011673
장	비	자	0.011673
장	비	구	0.011673
장	비	사	0.011673
장	뿐	아	0.666667
장	사	진	0.270073
장	사	를	0.080292
장	사	장	0.080292
장	사	에	0.051095
장	사	이	0.043796
장	사	정	0.043796
장	사	하	0.029197
장	사	우	0.021898
장	사	가	0.021898
장	사	무	0.021898
장	사	랑	0.021898
장	사	는	0.021898
장	사	본	0.021898
장	사	서	0.021898
장	사	인	0.021898
장	산	하	0.300000
장	상	장	0.250000
장	상	인	0.200000
장	상	을	0.150000
장	서	고	0.264706
장	서	울	0.117647
장	서	야	0.058824
장	서	서	0.058824
장	서	는	0.058824
장	서	주	0.044118
장	선	거	0.442857
장	선	상	0.128571
장	선	에	0.071429
장	선	이	0.071429
장	선	호	0.042857
장	설	것	0.312500
장	설	비	0.312500
장	성	이	0.192308
장	성	을	0.128205
장	성	장	0.102564
장	성	과	0.089744
장	성	공	0.076923
장	성	에	0.051282
장	성	들	0.051282
장	성	군	0.038462
장	세	를	0.366667
장	세	가	0.316667
장	세	둔	0.050000
장	소	에	0.265060
장	소	를	0.164659
장	소	로	0.072289
장	소	가	0.064257
장	소	는	0.052209
장	소	인	0.048193
장	소	의	0.036145
장	소	와	0.032129
장	소	장	0.028112
장	소	중	0.024096
장	소	도	0.020080
장	소	라	0.016064
장	소	등	0.016064
장	소	다	0.016064
장	소	이	0.016064
장	소	재	0.012048
장	소	나	0.012048
장	속	도	0.588235
장	속	에	0.235294
장	손	흥	0.555556
장	손	상	0.166667
장	수	여	0.130952
장	수	술	0.107143
장	수	사	0.095238
장	수	요	0.083333
장	수	준	0.059524
장	수	위	0.059524
장	수	를	0.035714
장	시	절	0.275000
장	시	간	0.250000
장	시	키	0.133333
장	시	설	0.116667
장	시	장	0.050000
장	시	대	0.050000
장	신	구	0.321429
장	씨	는	0.411765
장	씨	에	0.352941
장	아	이	0.285714
장	아	장	0.190476
장	아	무	0.142857
장	악	한	0.339286
장	악	하	0.285714
장	악	할	0.062500
장	악	을	0.053571
장	악	해	0.044643
장	악	시	0.026786
장	안	정	0.353535
장	안	전	0.202020
장	안	에	0.191919
장	안	을	0.070707
장	안	으	0.040404
장	암	을	0.166667
장	앞	에	0.484848
장	앞	줄	0.181818
장	앞	선	0.121212
장	애	인	0.627451
장	애	가	0.065359
장	애	를	0.063725
장	애	로	0.026144
장	애	물	0.019608
장	애	에	0.014706
장	애	발	0.013072
장	애	등	0.011438
장	애	진	0.011438
장	애	와	0.011438
장	애	는	0.011438
장	애	의	0.009804
장	애	자	0.008170
장	애	사	0.008170
장	애	아	0.008170
장	애	나	0.006536
장	애	정	0.006536
장	애	문	0.004902
장	애	예	0.004902
장	애	수	0.004902
장	에	서	0.580349
장	에	대	0.066575
장	에	게	0.057851
장	에	는	0.032599
장	에	선	0.026171
장	에	도	0.024334
장	에	나	0.011938
장	에	이	0.010101
장	에	투	0.008724
장	에	진	0.007346
장	에	가	0.005969
장	에	마	0.005510
장	에	들	0.004591
장	에	오	0.004591
장	에	상	0.004591
장	에	미	0.004132
장	에	전	0.004132
장	에	큰	0.004132
장	에	적	0.004132
장	에	발	0.004132
장	에	어	0.003673
장	에	공	0.002755
장	에	만	0.002755
장	에	내	0.002755
장	에	차	0.002755
장	에	반	0.002755
장	에	본	0.002755
장	에	다	0.002296
장	에	자	0.002296
장	에	안	0.002296
장	여	부	0.437500
장	여	건	0.187500
장	역	시	0.650000
장	영	상	0.347826
장	영	란	0.304348
장	영	수	0.130435
장	옆	에	0.800000
장	예	상	0.375000
장	예	정	0.125000
장	오	늘	0.230769
장	요	구	0.600000
장	우	선	0.250000
장	우	수	0.200000
장	우	루	0.150000
장	운	영	1.000000
장	원	내	0.193548
장	원	인	0.161290
장	원	영	0.161290
장	원	리	0.096774
장	위	원	0.590909
장	위	구	0.106061
장	위	에	0.090909
장	위	대	0.075758
장	위	주	0.045455
장	으	로	1.000000
장	은	이	0.197719
장	은	지	0.076046
장	은	전	0.030418
장	은	한	0.024443
장	은	대	0.022271
장	은	현	0.021184
장	은	오	0.019011
장	은	사	0.017925
장	은	아	0.015752
장	은	자	0.015752
장	은	그	0.015209
장	은	우	0.014666
장	은	정	0.014666
장	은	공	0.014123
장	은	미	0.013580
장	은	경	0.011407
장	은	또	0.011407
장	은	서	0.009777
장	은	시	0.009777
장	은	수	0.009777
장	은	코	0.009777
장	은	다	0.009234
장	은	중	0.009234
장	은	소	0.009234
장	은	세	0.009234
장	은	일	0.008691
장	은	앞	0.008691
장	은	물	0.008691
장	은	비	0.008148
장	은	가	0.008148
장	을	지	0.058707
장	을	위	0.045515
장	을	비	0.040897
장	을	내	0.035620
장	을	신	0.031662
장	을	이	0.031003
장	을	발	0.025066
장	을	만	0.023747
장	을	하	0.022427
장	을	방	0.022427
장	을	선	0.022427
장	을	전	0.021108
장	을	가	0.020449
장	을	통	0.018470
장	을	고	0.017810
장	을	포	0.015831
장	을	주	0.014512
장	을	재	0.014512
장	을	대	0.013852
장	을	제	0.013852
장	을	바	0.013852
장	을	마	0.013852
장	을	공	0.013193
장	을	나	0.010554
장	을	수	0.010554
장	을	다	0.010554
장	을	상	0.010554
장	을	중	0.009894
장	을	두	0.009894
장	을	확	0.009894
장	의	사	0.073171
장	의	원	0.067073
장	의	대	0.045732
장	의	이	0.028963
장	의	공	0.028963
장	의	중	0.027439
장	의	경	0.022866
장	의	지	0.021341
장	의	발	0.021341
장	의	성	0.019817
장	의	재	0.016768
장	의	아	0.016768
장	의	의	0.016768
장	의	문	0.015244
장	의	거	0.015244
장	의	부	0.015244
장	의	안	0.013720
장	의	수	0.013720
장	의	불	0.013720
장	의	우	0.013720
장	의	구	0.012195
장	의	인	0.012195
장	의	신	0.010671
장	의	주	0.010671
장	의	목	0.010671
장	의	개	0.009146
장	의	자	0.009146
장	의	선	0.009146
장	의	판	0.009146
장	의	투	0.007622
장	이	다	0.121708
장	이	라	0.064769
장	이	지	0.051957
장	이	사	0.044840
장	이	나	0.041993
장	이	제	0.030605
장	이	이	0.025623
장	이	대	0.022776
장	이	전	0.019929
장	이	아	0.016370
장	이	자	0.014947
장	이	상	0.014235
장	이	되	0.012811
장	이	고	0.011388
장	이	주	0.010676
장	이	한	0.010676
장	이	어	0.010676
장	이	가	0.010676
장	이	참	0.009964
장	이	서	0.009253
장	이	공	0.009253
장	이	정	0.009253
장	이	중	0.008541
장	이	더	0.008541
장	이	발	0.007829
장	이	조	0.007829
장	이	경	0.007117
장	이	후	0.007117
장	이	현	0.007117
장	이	해	0.007117
장	인	들	0.133603
장	인	이	0.097166
장	인	정	0.064777
장	인	김	0.060729
장	인	선	0.048583
장	인	사	0.028340
장	인	미	0.028340
장	인	은	0.024291
장	인	지	0.024291
장	인	데	0.020243
장	인	의	0.020243
장	인	원	0.020243
장	인	것	0.016194
장	인	상	0.016194
장	인	자	0.016194
장	인	어	0.016194
장	인	한	0.012146
장	인	수	0.012146
장	인	도	0.012146
장	인	물	0.012146
장	인	하	0.012146
장	인	강	0.012146
장	인	성	0.012146
장	일	대	0.227273
장	일	때	0.136364
장	일	원	0.136364
장	입	구	0.344828
장	입	니	0.206897
장	입	장	0.206897
장	자	리	0.523810
장	자	커	0.079365
장	자	들	0.047619
장	자	문	0.047619
장	자	가	0.047619
장	잠	재	1.000000
장	장	을	0.200000
장	재	를	0.188679
장	재	판	0.056604
장	재	정	0.056604
장	재	도	0.056604
장	적	은	0.428571
장	전	문	0.122807
장	전	반	0.105263
장	전	주	0.087719
장	전	입	0.070175
장	전	달	0.070175
장	전	무	0.070175
장	점	이	0.348485
장	점	을	0.265152
장	점	은	0.106061
장	점	과	0.060606
장	점	으	0.045455
장	점	도	0.045455
장	점	거	0.037879
장	점	인	0.037879
장	정	책	0.204082
장	정	의	0.163265
장	정	지	0.102041
장	정	을	0.061224
장	정	문	0.061224
장	제	원	0.637500
장	제	도	0.087500
장	제	안	0.037500
장	제	의	0.037500
장	제	세	0.037500
장	조	사	0.800000
장	조	성	0.062500
장	주	재	0.360656
장	주	인	0.081967
장	주	목	0.065574
장	주	도	0.065574
장	주	의	0.065574
장	주	들	0.049180
장	준	공	0.400000
장	중	요	0.671233
장	중	재	0.075342
장	중	한	0.047945
장	중	단	0.034247
장	중	인	0.034247
장	중	사	0.020548
장	지	원	0.134328
장	지	대	0.119403
장	지	수	0.104478
장	지	배	0.089552
장	지	를	0.074627
장	지	에	0.044776
장	지	위	0.044776
장	지	하	0.044776
장	진	입	0.423077
장	진	흥	0.192308
장	진	은	0.115385
장	질	서	0.583333
장	질	병	0.250000
장	집	무	0.833333
장	쪽	은	0.500000
장	차	를	0.461538
장	차	가	0.192308
장	참	여	0.800000
장	초	반	0.625000
장	총	경	0.750000
장	큰	이	0.132450
장	큰	원	0.079470
장	큰	문	0.072848
장	큰	위	0.052980
장	큰	성	0.033113
장	큰	장	0.033113
장	큰	하	0.033113
장	큰	고	0.026490
장	큰	차	0.026490
장	큰	피	0.026490
장	큰	책	0.019868
장	큰	시	0.019868
장	큰	타	0.019868
장	큰	요	0.019868
장	큰	부	0.019868
장	큰	대	0.019868
장	큰	수	0.019868
장	큰	지	0.019868
장	타	를	0.428571
장	탈	의	0.600000
장	통	제	0.400000
장	투	자	0.600000
장	판	사	0.765766
장	판	이	0.063063
장	판	매	0.054054
장	판	도	0.027027
장	폐	지	0.958333
장	포	함	0.833333
장	피	에	0.600000
장	필	요	0.727273
장	필	순	0.136364
장	하	는	0.518587
장	하	고	0.299257
장	하	지	0.052045
장	하	게	0.018587
장	하	자	0.016729
장	하	거	0.014870
장	하	나	0.011152
장	하	도	0.011152
장	하	다	0.009294
장	하	라	0.007435
장	하	여	0.007435
장	하	드	0.007435
장	하	성	0.005576
장	하	되	0.005576
장	한	다	0.387900
장	한	것	0.106762
장	한	바	0.035587
장	한	이	0.028470
장	한	뒤	0.024911
장	한	나	0.014235
장	한	게	0.014235
장	한	반	0.014235
장	한	데	0.014235
장	한	대	0.014235
장	한	배	0.010676
장	한	성	0.010676
장	한	악	0.010676
장	한	쪽	0.010676
장	한	저	0.010676
장	한	가	0.010676
장	한	그	0.010676
장	한	강	0.010676
장	한	한	0.010676
장	한	인	0.010676
장	할	수	0.503401
장	할	것	0.183673
장	할	가	0.054422
장	할	때	0.040816
장	할	필	0.027211
장	할	예	0.027211
장	할	방	0.020408
장	할	인	0.020408
장	해	야	0.132743
장	해	온	0.115044
장	해	주	0.070796
장	해	나	0.061947
장	해	도	0.044248
장	해	서	0.035398
장	해	달	0.026549
장	해	가	0.026549
장	해	눈	0.026549
장	해	오	0.026549
장	허	가	0.500000
장	현	장	0.235294
장	현	대	0.176471
장	화	재	0.263158
장	화	를	0.157895
장	확	대	0.625000
장	확	인	0.187500
장	후	반	0.857143
장	힘	들	0.600000
잭	서	포	1.000000
저	가	주	0.095890
저	가	아	0.095890
저	가	형	0.068493
저	가	로	0.068493
저	가	매	0.068493
저	가	를	0.054795
저	가	는	0.041096
저	개	발	0.375000
저	개	인	0.375000
저	고	리	0.625000
저	곳	을	0.571429
저	공	개	0.437500
저	공	사	0.375000
저	귀	등	0.600000
저	금	리	0.891892
저	나	온	0.272727
저	나	오	0.272727
저	널	에	0.277778
저	널	리	0.194444
저	널	이	0.138889
저	널	오	0.083333
저	눈	에	0.750000
저	는	이	0.101695
저	는	그	0.050847
저	는	지	0.045198
저	는	아	0.045198
저	는	제	0.039548
저	는	정	0.028249
저	는	무	0.028249
저	는	대	0.028249
저	는	오	0.022599
저	는	전	0.022599
저	는	저	0.022599
저	는	사	0.022599
저	는	고	0.022599
저	는	올	0.016949
저	는	김	0.016949
저	는	책	0.016949
저	는	의	0.016949
저	는	다	0.016949
저	는	수	0.016949
저	는	선	0.016949
저	는	손	0.016949
저	는	한	0.016949
저	는	공	0.016949
저	니	를	1.000000
저	도	이	0.067416
저	도	그	0.056180
저	도	제	0.044944
저	도	고	0.044944
저	도	한	0.033708
저	도	대	0.033708
저	도	지	0.033708
저	도	사	0.033708
저	도	입	0.033708
저	돌	적	0.600000
저	든	다	0.750000
저	들	은	0.214286
저	들	의	0.214286
저	떠	올	0.333333
저	떠	오	0.333333
저	라	고	0.750000
저	로	인	0.172414
저	로	서	0.137931
저	로	불	0.103448
저	를	지	0.090909
저	를	통	0.072727
저	를	사	0.054545
저	리	그	0.652174
저	리	게	0.072464
저	리	거	0.072464
저	리	로	0.057971
저	리	대	0.043478
저	마	다	0.818182
저	명	한	0.750000
저	반	대	0.750000
저	방	문	0.750000
저	번	에	0.666667
저	분	자	0.500000
저	사	라	0.300000
저	산	소	1.000000
저	서	로	0.150000
저	성	장	0.818182
저	세	상	1.000000
저	소	음	0.750000
저	수	준	0.500000
저	수	지	0.289474
저	신	다	0.700000
저	앞	에	0.400000
저	앞	시	0.333333
저	에	서	0.384615
저	에	게	0.186813
저	에	대	0.120879
저	에	입	0.043956
저	에	너	0.032967
저	역	시	0.800000
저	역	할	0.200000
저	영	화	0.428571
저	온	물	0.333333
저	우	공	0.195122
저	우	아	0.146341
저	우	시	0.121951
저	우	에	0.073171
저	울	질	0.928571
저	의	경	0.055556
저	의	책	0.055556
저	의	의	0.055556
저	이	전	0.136364
저	인	가	0.187500
저	자	는	0.377049
저	자	의	0.114754
저	자	신	0.081967
저	자	가	0.081967
저	자	인	0.081967
저	자	로	0.057377
저	자	들	0.049180
저	자	세	0.040984
저	장	하	0.184783
저	장	소	0.119565
저	장	된	0.086957
저	장	시	0.076087
저	장	고	0.076087
저	장	장	0.076087
저	장	공	0.065217
저	장	해	0.054348
저	장	성	0.043478
저	장	을	0.043478
저	장	한	0.043478
저	절	로	1.000000
저	점	이	0.333333
저	점	을	0.200000
저	점	에	0.200000
저	제	안	0.428571
저	조	한	0.433333
저	조	하	0.233333
저	조	함	0.100000
저	주	와	0.333333
저	지	하	0.210000
저	지	대	0.110000
저	지	를	0.080000
저	지	는	0.080000
저	지	에	0.060000
저	지	주	0.060000
저	지	할	0.040000
저	지	원	0.030000
저	지	의	0.030000
저	지	해	0.030000
저	탄	소	0.950000
저	하	게	0.273885
저	하	자	0.178344
저	하	고	0.063694
저	하	는	0.050955
저	하	를	0.050955
저	하	로	0.044586
저	하	되	0.038217
저	하	등	0.038217
저	하	와	0.031847
저	하	된	0.031847
저	하	시	0.025478
저	하	나	0.019108
저	하	도	0.019108
저	한	진	0.127660
저	한	조	0.106383
저	한	사	0.085106
저	한	준	0.085106
저	한	수	0.085106
저	해	하	0.315789
저	해	할	0.105263
저	해	야	0.078947
저	해	제	0.078947
저	현	상	0.363636
저	현	장	0.272727
저	현	재	0.272727
저	확	인	0.750000
정	가	가	0.125000
정	가	운	0.093750
정	가	대	0.093750
정	가	에	0.093750
정	강	화	0.500000
정	개	발	0.384615
정	거	장	0.648649
정	거	리	0.108108
정	거	부	0.108108
정	건	전	0.812500
정	경	제	0.680851
정	경	호	0.148936
정	고	시	0.684211
정	공	약	0.214286
정	공	백	0.142857
정	공	정	0.142857
정	공	방	0.107143
정	과	제	0.311538
정	과	정	0.130769
정	과	상	0.069231
정	과	공	0.019231
정	과	이	0.015385
정	과	도	0.015385
정	과	배	0.011538
정	과	의	0.011538
정	과	전	0.011538
정	과	일	0.011538
정	과	경	0.011538
정	과	부	0.011538
정	과	수	0.011538
정	과	는	0.011538
정	과	장	0.011538
정	구	속	0.279070
정	구	조	0.162791
정	구	단	0.139535
정	구	역	0.116279
정	그	리	1.000000
정	글	에	0.571429
정	금	리	0.891892
정	길	에	0.750000
정	난	을	0.428571
정	년	이	0.500000
정	년	을	0.333333
정	다	수	0.857143
정	단	가	0.600000
정	단	장	0.200000
정	대	상	0.269565
정	대	로	0.217391
정	대	응	0.095652
정	대	선	0.086957
정	대	리	0.078261
정	대	책	0.069565
정	대	가	0.034783
정	대	전	0.026087
정	더	불	1.000000
정	데	이	1.000000
정	도	로	0.345070
정	도	의	0.083501
정	도	가	0.079477
정	도	는	0.047284
정	도	다	0.047284
정	도	에	0.030181
정	도	를	0.030181
정	도	라	0.022133
정	도	인	0.020121
정	도	지	0.016097
정	도	만	0.015091
정	도	이	0.015091
정	도	걸	0.010060
정	도	등	0.007042
정	도	소	0.007042
정	도	나	0.007042
정	도	와	0.007042
정	도	사	0.007042
정	도	상	0.006036
정	도	더	0.006036
정	도	되	0.005030
정	도	차	0.005030
정	도	진	0.005030
정	도	확	0.005030
정	도	정	0.005030
정	도	된	0.005030
정	도	안	0.004024
정	도	구	0.004024
정	도	예	0.004024
정	도	입	0.004024
정	돼	야	0.317073
정	돼	수	0.146341
정	돼	서	0.121951
정	되	는	0.587234
정	되	지	0.208511
정	되	고	0.085106
정	되	어	0.072340
정	되	자	0.021277
정	된	다	0.391403
정	된	것	0.067873
정	된	대	0.024887
정	된	바	0.024887
정	된	상	0.018100
정	된	후	0.018100
정	된	가	0.015837
정	된	시	0.013575
정	된	부	0.013575
정	된	뒤	0.013575
정	된	한	0.011312
정	된	이	0.011312
정	된	제	0.011312
정	된	지	0.011312
정	된	만	0.009050
정	된	예	0.009050
정	된	건	0.009050
정	된	미	0.009050
정	된	전	0.009050
정	된	인	0.009050
정	된	곳	0.009050
정	된	조	0.009050
정	된	정	0.009050
정	된	사	0.009050
정	된	강	0.006787
정	된	금	0.006787
정	된	장	0.006787
정	된	경	0.006787
정	된	개	0.006787
정	된	데	0.006787
정	될	것	0.215385
정	될	경	0.169231
정	될	수	0.138462
정	될	예	0.138462
정	될	때	0.076923
정	될	가	0.061538
정	될	전	0.046154
정	들	이	0.400000
정	들	을	0.333333
정	들	은	0.100000
정	등	을	0.313725
정	등	에	0.117647
정	등	의	0.117647
정	등	이	0.058824
정	등	으	0.058824
정	등	다	0.039216
정	때	문	0.615385
정	또	한	0.666667
정	또	는	0.333333
정	리	하	0.242268
정	리	해	0.231959
정	리	한	0.118557
정	리	할	0.067010
정	리	되	0.051546
정	리	가	0.051546
정	리	를	0.046392
정	리	위	0.046392
정	리	등	0.020619
정	리	될	0.015464
정	만	으	0.500000
정	만	해	0.187500
정	말	로	0.100000
정	말	어	0.050000
정	말	큰	0.038889
정	말	열	0.038889
정	말	아	0.033333
정	말	그	0.033333
정	말	고	0.033333
정	말	마	0.027778
정	말	잘	0.022222
정	말	다	0.022222
정	말	사	0.022222
정	말	이	0.022222
정	말	중	0.016667
정	말	말	0.016667
정	말	정	0.016667
정	말	자	0.016667
정	말	우	0.016667
정	말	필	0.016667
정	말	너	0.016667
정	말	무	0.016667
정	말	문	0.016667
정	말	놀	0.016667
정	목	적	1.000000
정	무	수	0.232323
정	무	위	0.232323
정	무	조	0.212121
정	무	적	0.090909
정	무	사	0.060606
정	무	라	0.030303
정	무	비	0.030303
정	문	앞	0.158730
정	문	에	0.142857
정	문	화	0.126984
정	문	제	0.111111
정	문	을	0.095238
정	문	으	0.079365
정	문	과	0.047619
정	미	경	0.476190
정	미	정	0.142857
정	반	대	0.909091
정	발	목	0.500000
정	방	법	0.444444
정	방	안	0.407407
정	배	경	0.571429
정	백	서	0.666667
정	법	원	0.460000
정	법	을	0.100000
정	법	노	0.060000
정	법	상	0.060000
정	병	의	0.300000
정	본	부	1.000000
정	부	는	0.205250
정	부	가	0.188052
정	부	의	0.148676
정	부	에	0.074904
정	부	와	0.051822
정	부	를	0.025798
정	부	서	0.019914
정	부	시	0.019235
정	부	장	0.016972
정	부	조	0.011767
정	부	여	0.011541
정	부	지	0.011541
정	부	도	0.010410
정	부	로	0.009731
정	부	때	0.009504
정	부	부	0.008826
정	부	대	0.008147
정	부	세	0.007241
정	부	차	0.006789
정	부	정	0.006110
정	부	초	0.006110
정	부	인	0.005884
정	부	들	0.005657
정	부	예	0.005657
정	부	질	0.005205
정	부	첫	0.004752
정	부	과	0.004752
정	부	분	0.004526
정	부	안	0.004526
정	부	내	0.004300
정	분	과	0.705882
정	분	야	0.176471
정	비	사	0.188406
정	비	를	0.086957
정	비	하	0.077295
정	비	해	0.053140
정	비	할	0.053140
정	비	대	0.053140
정	비	와	0.033816
정	비	한	0.033816
정	비	구	0.033816
정	비	에	0.028986
정	비	공	0.028986
정	비	서	0.024155
정	비	전	0.024155
정	비	등	0.024155
정	비	법	0.019324
정	비	소	0.019324
정	비	가	0.019324
정	사	장	0.150000
정	사	상	0.150000
정	사	이	0.125000
정	사	진	0.100000
정	사	무	0.075000
정	사	에	0.075000
정	산	금	0.139535
정	산	하	0.116279
정	산	시	0.069767
정	상	화	0.232061
정	상	적	0.187786
정	상	에	0.070229
정	상	들	0.070229
정	상	이	0.065649
정	상	은	0.044275
정	상	운	0.032061
정	상	을	0.029008
정	상	간	0.025954
정	상	으	0.024427
정	상	의	0.024427
정	상	가	0.019847
정	상	과	0.016794
정	상	등	0.015267
정	상	인	0.010687
정	상	수	0.010687
정	상	비	0.006107
정	상	부	0.004580
정	상	조	0.004580
정	상	배	0.004580
정	상	세	0.004580
정	상	사	0.004580
정	상	중	0.004580
정	상	개	0.004580
정	상	참	0.004580
정	상	주	0.004580
정	상	한	0.004580
정	서	를	0.217391
정	서	적	0.152174
정	서	가	0.141304
정	서	에	0.108696
정	서	울	0.108696
정	서	는	0.054348
정	서	와	0.043478
정	서	의	0.032609
정	선	거	0.395349
정	선	군	0.116279
정	선	수	0.093023
정	선	은	0.093023
정	성	을	0.272277
정	성	이	0.163366
정	성	과	0.128713
정	성	호	0.054455
정	성	에	0.044554
정	성	확	0.034653
정	성	화	0.024752
정	성	은	0.024752
정	성	으	0.019802
정	성	문	0.019802
정	성	등	0.019802
정	성	장	0.019802
정	성	시	0.014851
정	세	를	0.250000
정	세	에	0.125000
정	세	와	0.090909
정	세	로	0.090909
정	세	가	0.079545
정	세	는	0.045455
정	세	의	0.045455
정	세	대	0.045455
정	세	불	0.034091
정	소	위	0.176471
정	속	에	0.600000
정	손	해	1.000000
정	수	준	0.178947
정	수	지	0.157895
정	수	소	0.073684
정	수	도	0.063158
정	수	를	0.042105
정	수	요	0.042105
정	수	장	0.031579
정	수	입	0.031579
정	수	는	0.031579
정	수	원	0.031579
정	수	반	0.031579
정	시	키	0.200000
정	시	장	0.150000
정	시	간	0.090000
정	시	한	0.080000
정	시	에	0.060000
정	시	안	0.040000
정	시	대	0.040000
정	시	설	0.040000
정	시	비	0.030000
정	신	을	0.198492
정	신	건	0.150754
정	신	적	0.143216
정	신	이	0.085427
정	신	질	0.070352
정	신	으	0.057789
정	신	과	0.050251
정	신	은	0.042714
정	신	병	0.032663
정	신	의	0.027638
정	신	에	0.022613
정	신	선	0.010050
정	신	차	0.010050
정	신	무	0.007538
정	신	대	0.007538
정	신	응	0.007538
정	신	장	0.007538
정	신	성	0.007538
정	씨	는	0.542857
정	씨	가	0.228571
정	씨	와	0.085714
정	아	이	0.578947
정	아	무	0.078947
정	악	화	1.000000
정	안	전	0.419922
정	안	을	0.191406
정	안	이	0.095703
정	안	은	0.087891
정	안	에	0.064453
정	안	의	0.017578
정	안	도	0.015625
정	안	발	0.013672
정	안	과	0.013672
정	안	등	0.011719
정	안	시	0.009766
정	안	통	0.005859
정	안	으	0.005859
정	안	정	0.005859
정	안	제	0.005859
정	앞	에	1.000000
정	양	산	0.500000
정	어	리	0.428571
정	어	린	0.428571
정	에	서	0.685345
정	에	대	0.077586
정	에	도	0.017241
정	에	는	0.016379
정	에	이	0.012931
정	에	너	0.010345
정	에	참	0.009483
정	에	나	0.007759
정	에	적	0.007759
정	에	선	0.006897
정	에	불	0.006034
정	에	영	0.005172
정	에	반	0.005172
정	에	필	0.004310
정	에	올	0.004310
정	에	사	0.004310
정	에	의	0.004310
정	에	게	0.004310
정	에	정	0.003448
정	에	부	0.003448
정	에	만	0.003448
정	에	위	0.003448
정	에	초	0.003448
정	에	간	0.002586
정	에	들	0.002586
정	에	즉	0.002586
정	에	달	0.002586
정	에	가	0.002586
정	에	고	0.002586
정	에	마	0.002586
정	여	부	0.566667
정	여	건	0.266667
정	역	시	0.285714
정	역	에	0.190476
정	열	차	0.875000
정	예	산	0.693548
정	예	고	0.145161
정	온	도	0.800000
정	요	원	0.555556
정	요	구	0.222222
정	요	건	0.166667
정	우	영	0.305556
정	우	성	0.222222
정	우	포	0.111111
정	운	영	0.906250
정	운	천	0.052083
정	원	장	0.159574
정	원	을	0.138298
정	원	에	0.106383
정	원	은	0.095745
정	원	의	0.063830
정	원	이	0.058511
정	원	으	0.042553
정	원	등	0.031915
정	원	두	0.026596
정	원	법	0.021277
정	원	과	0.021277
정	원	일	0.015957
정	원	내	0.015957
정	원	씨	0.015957
정	원	고	0.015957
정	원	도	0.015957
정	위	원	0.547368
정	위	는	0.136842
정	위	가	0.078947
정	위	반	0.052632
정	위	에	0.036842
정	위	를	0.031579
정	위	조	0.026316
정	위	의	0.015789
정	으	로	1.000000
정	은	이	0.072848
정	은	지	0.049669
정	은	은	0.049669
정	은	경	0.043046
정	은	총	0.036424
정	은	정	0.033113
정	은	노	0.029801
정	은	조	0.029801
정	은	한	0.026490
정	은	아	0.026490
정	은	그	0.019868
정	은	대	0.019868
정	은	의	0.019868
정	은	우	0.019868
정	은	위	0.016556
정	은	서	0.016556
정	은	오	0.016556
정	은	중	0.016556
정	은	부	0.016556
정	은	주	0.013245
정	은	어	0.013245
정	은	바	0.013245
정	은	하	0.013245
정	은	불	0.013245
정	은	시	0.013245
정	은	원	0.013245
정	은	다	0.013245
정	은	물	0.009934
정	은	전	0.009934
정	은	미	0.009934
정	을	위	0.082661
정	을	내	0.065524
정	을	통	0.063508
정	을	거	0.062500
정	을	지	0.036290
정	을	마	0.036290
정	을	이	0.024194
정	을	하	0.021169
정	을	소	0.021169
정	을	조	0.018145
정	을	시	0.018145
정	을	드	0.016129
정	을	해	0.016129
정	을	확	0.015121
정	을	다	0.014113
정	을	비	0.013105
정	을	자	0.012097
정	을	전	0.012097
정	을	한	0.011089
정	을	정	0.011089
정	을	가	0.010081
정	을	앞	0.010081
정	을	수	0.010081
정	을	운	0.010081
정	을	그	0.010081
정	을	요	0.010081
정	을	고	0.009073
정	을	강	0.008065
정	을	존	0.008065
정	을	어	0.008065
정	의	원	0.138264
정	의	선	0.086817
정	의	가	0.045016
정	의	한	0.038585
정	의	를	0.035370
정	의	와	0.025723
정	의	전	0.022508
정	의	하	0.022508
정	의	로	0.022508
정	의	는	0.019293
정	의	해	0.019293
정	의	부	0.019293
정	의	달	0.016077
정	의	위	0.012862
정	의	의	0.012862
정	의	도	0.012862
정	의	할	0.012862
정	의	에	0.012862
정	의	개	0.009646
정	의	롭	0.009646
정	의	여	0.009646
정	의	시	0.009646
정	의	건	0.009646
정	의	사	0.009646
정	의	지	0.009646
정	의	무	0.009646
정	의	목	0.009646
정	의	정	0.009646
정	의	구	0.009646
정	의	되	0.009646
정	이	다	0.546009
정	이	라	0.214523
정	이	나	0.019956
정	이	필	0.018847
정	이	지	0.014967
정	이	이	0.013858
정	이	어	0.012749
정	이	후	0.007761
정	이	가	0.006652
정	이	전	0.004989
정	이	내	0.004435
정	이	아	0.003880
정	이	불	0.003880
정	이	란	0.003880
정	이	끝	0.003880
정	이	매	0.003326
정	이	되	0.002772
정	이	절	0.002772
정	이	하	0.002772
정	이	주	0.002772
정	이	자	0.002772
정	이	적	0.002772
정	이	먼	0.002217
정	이	안	0.002217
정	이	대	0.002217
정	이	한	0.002217
정	이	예	0.002217
정	이	더	0.002217
정	이	포	0.002217
정	이	정	0.002217
정	인	것	0.055556
정	인	의	0.055556
정	인	데	0.055556
정	인	을	0.046296
정	인	사	0.046296
정	인	가	0.037037
정	인	지	0.037037
정	인	이	0.037037
정	인	만	0.037037
정	인	물	0.027778
정	인	원	0.027778
정	인	부	0.027778
정	인	고	0.027778
정	인	신	0.027778
정	일	자	0.096774
정	일	은	0.096774
정	일	의	0.096774
정	입	니	0.631579
정	입	법	0.157895
정	자	는	0.155844
정	자	를	0.116883
정	자	수	0.077922
정	자	금	0.064935
정	자	들	0.051948
정	자	에	0.051948
정	자	와	0.051948
정	자	로	0.051948
정	자	원	0.038961
정	자	만	0.038961
정	장	소	0.300000
정	장	차	0.300000
정	장	을	0.200000
정	재	는	0.207547
정	재	원	0.169811
정	재	가	0.132075
정	재	의	0.075472
정	재	호	0.056604
정	재	와	0.056604
정	저	우	0.823529
정	저	지	0.176471
정	적	인	0.455017
정	적	으	0.223183
정	적	이	0.083045
정	적	영	0.046713
정	적	자	0.020761
정	적	일	0.012111
정	적	공	0.010381
정	적	여	0.010381
정	적	제	0.006920
정	적	성	0.006920
정	적	지	0.006920
정	적	정	0.005190
정	적	요	0.005190
정	적	의	0.005190
정	적	입	0.005190
정	적	시	0.005190
정	전	이	0.138462
정	전	에	0.138462
정	전	반	0.061538
정	전	사	0.046154
정	전	돼	0.046154
정	절	차	0.956522
정	점	을	0.403509
정	점	이	0.192982
정	점	에	0.184211
정	점	으	0.035088
정	점	시	0.026316
정	점	고	0.026316
정	정	의	0.438356
정	정	책	0.164384
정	정	도	0.041096
정	정	하	0.041096
정	제	를	0.159091
정	제	재	0.136364
정	제	된	0.090909
정	제	도	0.090909
정	조	사	0.771930
정	조	준	0.070175
정	조	대	0.040936
정	조	건	0.017544
정	조	선	0.017544
정	주	의	0.354839
정	주	년	0.129032
정	주	부	0.129032
정	준	하	0.357143
정	준	호	0.357143
정	중	단	0.382979
정	중	에	0.127660
정	중	지	0.085106
정	중	이	0.085106
정	중	하	0.063830
정	지	원	0.090592
정	지	가	0.080139
정	지	를	0.069686
정	지	역	0.052265
정	지	상	0.052265
정	지	신	0.052265
정	지	된	0.045296
정	지	하	0.034843
정	지	는	0.031359
정	지	지	0.027875
정	지	을	0.024390
정	지	로	0.024390
정	지	되	0.024390
정	지	도	0.024390
정	지	은	0.024390
정	지	시	0.024390
정	지	해	0.024390
정	지	에	0.017422
정	지	등	0.017422
정	지	영	0.013937
정	지	와	0.013937
정	지	한	0.013937
정	지	자	0.013937
정	지	소	0.010453
정	지	점	0.010453
정	지	위	0.010453
정	진	상	0.600000
정	진	해	0.080000
정	진	아	0.060000
정	진	우	0.060000
정	질	서	0.750000
정	집	에	0.500000
정	짓	는	0.529412
정	짓	고	0.235294
정	차	통	0.292683
정	차	하	0.121951
정	차	원	0.097561
정	찬	성	0.571429
정	책	을	0.228636
정	책	에	0.104948
정	책	이	0.103448
정	책	과	0.053973
정	책	의	0.044978
정	책	방	0.038231
정	책	위	0.032984
정	책	으	0.029235
정	책	은	0.028486
정	책	적	0.024738
정	책	수	0.020990
정	책	공	0.017241
정	책	금	0.016492
정	책	조	0.016492
정	책	대	0.016492
정	책	도	0.013493
정	책	전	0.013493
정	책	본	0.011244
정	책	등	0.008996
정	책	인	0.008246
정	책	들	0.007496
정	책	간	0.006747
정	책	지	0.006747
정	책	사	0.005247
정	책	자	0.005247
정	책	차	0.004498
정	책	제	0.004498
정	책	정	0.004498
정	책	발	0.003748
정	책	운	0.003748
정	통	부	0.400000
정	통	한	0.181818
정	통	성	0.163636
정	통	신	0.072727
정	투	입	0.363636
정	투	자	0.363636
정	팀	을	0.428571
정	판	매	0.291667
정	판	으	0.125000
정	필	요	0.750000
정	하	고	0.358830
정	하	는	0.322835
정	하	지	0.112486
정	하	게	0.080990
정	하	라	0.019123
정	하	도	0.017998
정	하	자	0.015748
정	하	다	0.014623
정	하	거	0.008999
정	하	여	0.007874
정	하	나	0.006749
정	하	진	0.005624
정	하	더	0.004499
정	하	시	0.003375
정	하	수	0.003375
정	한	다	0.212066
정	한	것	0.146252
정	한	이	0.032907
정	한	바	0.023766
정	한	뒤	0.021938
정	한	시	0.018282
정	한	상	0.018282
정	한	데	0.018282
정	한	조	0.018282
정	한	정	0.016453
정	한	경	0.016453
정	한	수	0.016453
정	한	가	0.016453
정	한	사	0.016453
정	한	대	0.016453
정	한	전	0.014625
정	한	지	0.014625
정	한	방	0.012797
정	한	공	0.010969
정	한	인	0.010969
정	한	의	0.009141
정	한	법	0.009141
정	한	애	0.009141
정	한	영	0.009141
정	한	건	0.009141
정	한	세	0.009141
정	한	돈	0.007313
정	한	만	0.007313
정	한	절	0.007313
정	한	비	0.007313
정	할	수	0.437500
정	할	것	0.110294
정	할	예	0.077206
정	할	때	0.069853
정	할	방	0.062500
정	할	필	0.051471
정	할	가	0.022059
정	할	경	0.018382
정	할	만	0.014706
정	할	지	0.014706
정	할	일	0.011029
정	할	문	0.011029
정	함	으	0.444444
정	함	에	0.444444
정	해	진	0.188235
정	해	야	0.173529
정	해	주	0.073529
정	해	지	0.064706
정	해	달	0.038235
정	해	서	0.029412
정	해	발	0.026471
정	해	시	0.020588
정	해	인	0.020588
정	해	나	0.017647
정	해	전	0.017647
정	해	준	0.017647
정	해	줄	0.014706
정	해	공	0.011765
정	해	수	0.008824
정	해	질	0.008824
정	해	두	0.008824
정	해	온	0.008824
정	해	도	0.008824
정	해	해	0.008824
정	해	영	0.008824
정	해	이	0.008824
정	해	신	0.008824
정	해	재	0.008824
정	현	안	0.285714
정	현	이	0.142857
정	현	대	0.142857
정	형	화	0.277778
정	호	영	0.696970
정	호	는	0.121212
정	화	를	0.125000
정	화	하	0.125000
정	화	조	0.068182
정	화	시	0.056818
정	화	되	0.045455
정	화	에	0.045455
정	화	는	0.045455
정	화	가	0.045455
정	화	폐	0.045455
정	화	법	0.034091
정	화	와	0.034091
정	화	정	0.034091
정	확	한	0.660131
정	확	하	0.202614
정	확	도	0.078431
정	확	성	0.026144
정	확	대	0.009804
정	후	는	0.291667
정	후	원	0.166667
제	가	아	0.067867
제	가	발	0.065097
제	가	되	0.063712
제	가	된	0.037396
제	가	가	0.031856
제	가	이	0.027701
제	가	될	0.024931
제	가	지	0.022161
제	가	어	0.019391
제	가	해	0.018006
제	가	제	0.018006
제	가	그	0.015235
제	가	정	0.015235
제	가	전	0.015235
제	가	대	0.015235
제	가	한	0.015235
제	가	불	0.015235
제	가	다	0.013850
제	가	여	0.012465
제	가	자	0.012465
제	가	더	0.012465
제	가	조	0.011080
제	가	무	0.011080
제	가	부	0.009695
제	가	적	0.009695
제	가	잘	0.009695
제	가	열	0.009695
제	가	성	0.008310
제	가	필	0.008310
제	가	경	0.008310
제	각	각	0.812500
제	강	점	0.352381
제	강	화	0.276190
제	강	제	0.180952
제	강	사	0.047619
제	강	은	0.038095
제	개	선	0.418919
제	개	발	0.364865
제	개	정	0.108108
제	개	인	0.040541
제	개	막	0.040541
제	거	하	0.373832
제	거	해	0.093458
제	거	한	0.074766
제	거	할	0.056075
제	거	리	0.046729
제	거	를	0.046729
제	거	된	0.037383
제	거	와	0.028037
제	거	의	0.028037
제	거	가	0.028037
제	거	되	0.028037
제	건	설	0.400000
제	경	제	0.533333
제	고	를	0.222222
제	고	하	0.188889
제	고	에	0.055556
제	고	등	0.055556
제	고	방	0.044444
제	고	해	0.033333
제	고	와	0.033333
제	고	할	0.033333
제	곡	물	0.857143
제	공	하	0.367031
제	공	한	0.163934
제	공	할	0.090164
제	공	해	0.043716
제	공	된	0.022769
제	공	되	0.018215
제	공	이	0.017304
제	공	서	0.012750
제	공	을	0.012750
제	공	전	0.010929
제	공	조	0.010018
제	공	에	0.009107
제	공	경	0.009107
제	공	등	0.008197
제	공	자	0.007286
제	공	함	0.007286
제	공	대	0.007286
제	공	인	0.006375
제	공	약	0.006375
제	공	신	0.006375
제	공	문	0.006375
제	공	중	0.006375
제	공	정	0.005464
제	공	과	0.004554
제	공	현	0.004554
제	공	아	0.004554
제	공	방	0.003643
제	공	돼	0.003643
제	공	부	0.003643
제	공	사	0.003643
제	과	정	0.200000
제	과	는	0.200000
제	과	와	0.200000
제	구	조	0.214286
제	구	호	0.178571
제	구	간	0.142857
제	구	를	0.107143
제	군	사	0.500000
제	그	만	0.352941
제	금	지	0.500000
제	끝	에	0.500000
제	나	는	0.093023
제	나	마	0.069767
제	난	으	0.285714
제	난	에	0.214286
제	너	시	0.500000
제	네	시	0.614035
제	네	바	0.298246
제	노	역	0.705882
제	는	이	0.066496
제	는	아	0.048593
제	는	한	0.035806
제	는	그	0.035806
제	는	중	0.023018
제	는	지	0.023018
제	는	정	0.023018
제	는	전	0.020460
제	는	오	0.020460
제	는	대	0.017903
제	는	현	0.017903
제	는	공	0.017903
제	는	코	0.017903
제	는	일	0.015345
제	는	어	0.015345
제	는	가	0.015345
제	는	시	0.015345
제	는	다	0.015345
제	는	사	0.012788
제	는	제	0.012788
제	는	물	0.012788
제	는	더	0.012788
제	는	고	0.012788
제	는	미	0.012788
제	는	올	0.012788
제	는	도	0.012788
제	는	과	0.012788
제	는	인	0.012788
제	는	단	0.010230
제	는	선	0.010230
제	대	로	0.842412
제	대	응	0.035019
제	대	통	0.027237
제	대	상	0.023346
제	대	책	0.015564
제	대	한	0.011673
제	대	군	0.005837
제	대	해	0.005837
제	대	만	0.005837
제	대	신	0.005837
제	더	이	0.625000
제	데	이	1.000000
제	도	를	0.158690
제	도	개	0.112091
제	도	가	0.062972
제	도	입	0.061713
제	도	적	0.061713
제	도	는	0.044081
제	도	에	0.042821
제	도	도	0.041562
제	도	의	0.040302
제	도	다	0.039043
제	도	시	0.035264
제	도	로	0.025189
제	도	와	0.023929
제	도	등	0.017632
제	도	인	0.015113
제	도	서	0.013854
제	도	전	0.012594
제	도	화	0.011335
제	도	라	0.011335
제	도	정	0.008816
제	도	이	0.007557
제	도	운	0.007557
제	도	여	0.007557
제	도	자	0.006297
제	도	발	0.006297
제	도	아	0.005038
제	도	강	0.005038
제	도	지	0.005038
제	도	신	0.005038
제	도	확	0.005038
제	되	는	0.431818
제	되	고	0.227273
제	되	지	0.181818
제	되	어	0.090909
제	된	다	0.222222
제	된	것	0.111111
제	된	가	0.092593
제	된	상	0.092593
제	된	이	0.074074
제	된	채	0.055556
제	될	것	0.454545
제	될	수	0.272727
제	든	지	0.306122
제	든	우	0.061224
제	들	이	0.432836
제	들	을	0.268657
제	들	의	0.089552
제	들	은	0.074627
제	들	에	0.044776
제	등	을	0.231405
제	등	이	0.107438
제	등	에	0.099174
제	등	으	0.090909
제	등	의	0.082645
제	등	도	0.033058
제	등	다	0.033058
제	등	과	0.024793
제	등	전	0.024793
제	등	신	0.024793
제	등	은	0.024793
제	때	문	0.285714
제	때	지	0.085714
제	때	확	0.085714
제	또	는	0.600000
제	또	한	0.300000
제	라	고	0.514085
제	라	는	0.246479
제	라	도	0.140845
제	라	인	0.028169
제	로	코	0.076700
제	로	한	0.041968
제	로	이	0.041968
제	로	전	0.040521
제	로	는	0.040521
제	로	인	0.033285
제	로	지	0.028944
제	로	대	0.023155
제	로	하	0.015919
제	로	다	0.015919
제	로	자	0.014472
제	로	일	0.014472
제	로	정	0.013025
제	로	선	0.013025
제	로	사	0.013025
제	로	구	0.013025
제	로	부	0.011577
제	로	운	0.011577
제	로	바	0.011577
제	로	설	0.010130
제	로	개	0.010130
제	로	만	0.010130
제	로	내	0.010130
제	로	가	0.010130
제	로	여	0.010130
제	로	금	0.010130
제	로	제	0.010130
제	로	서	0.008683
제	로	비	0.008683
제	로	도	0.008683
제	를	해	0.120000
제	를	제	0.047778
제	를	위	0.041111
제	를	지	0.033333
제	를	도	0.030000
제	를	적	0.030000
제	를	요	0.025556
제	를	통	0.025556
제	를	다	0.023333
제	를	정	0.018889
제	를	시	0.018889
제	를	일	0.017778
제	를	주	0.017778
제	를	개	0.016667
제	를	풀	0.016667
제	를	이	0.015556
제	를	만	0.014444
제	를	발	0.014444
제	를	하	0.014444
제	를	조	0.013333
제	를	대	0.013333
제	를	구	0.012222
제	를	살	0.012222
제	를	강	0.012222
제	를	사	0.012222
제	를	선	0.012222
제	를	비	0.012222
제	를	수	0.010000
제	를	가	0.008889
제	를	피	0.008889
제	마	라	0.230769
제	마	음	0.153846
제	마	는	0.115385
제	만	화	0.166667
제	맥	주	0.800000
제	명	시	0.142857
제	목	의	0.488372
제	목	으	0.116279
제	목	이	0.077519
제	목	에	0.069767
제	목	을	0.062016
제	목	은	0.031008
제	목	적	0.023256
제	목	만	0.023256
제	무	역	0.526316
제	무	대	0.368421
제	문	제	0.500000
제	문	화	0.431818
제	물	포	0.214286
제	미	술	0.357143
제	및	금	0.176471
제	반	대	0.227273
제	반	비	0.181818
제	반	사	0.136364
제	발	전	0.571429
제	방	안	0.521739
제	방	역	0.217391
제	배	구	0.583333
제	백	신	1.000000
제	법	위	0.189189
제	법	안	0.135135
제	법	에	0.108108
제	법	과	0.081081
제	법	을	0.081081
제	법	제	0.081081
제	법	적	0.081081
제	부	총	0.683673
제	부	장	0.051020
제	부	지	0.040816
제	부	시	0.030612
제	분	야	0.517241
제	분	위	0.172414
제	분	과	0.103448
제	불	안	0.333333
제	불	확	0.333333
제	불	가	0.333333
제	비	갈	0.157895
제	사	법	0.575472
제	사	건	0.066038
제	사	를	0.047170
제	서	비	0.480000
제	서	울	0.240000
제	선	운	0.194444
제	선	거	0.166667
제	선	여	0.083333
제	성	장	0.696296
제	성	과	0.081481
제	성	을	0.037037
제	성	은	0.029630
제	성	등	0.029630
제	성	이	0.022222
제	성	소	0.022222
제	소	를	0.160000
제	속	에	1.000000
제	수	사	0.250000
제	수	단	0.152778
제	수	역	0.152778
제	수	수	0.097222
제	수	도	0.055556
제	수	영	0.055556
제	수	준	0.041667
제	시	한	0.300578
제	시	하	0.289017
제	시	할	0.098266
제	시	해	0.066474
제	시	된	0.040462
제	시	되	0.034682
제	시	장	0.028902
제	시	는	0.011561
제	시	등	0.008671
제	시	에	0.008671
제	시	키	0.008671
제	시	대	0.008671
제	시	점	0.008671
제	신	문	0.307692
제	아	내	0.333333
제	아	이	0.166667
제	안	한	0.229508
제	안	을	0.186885
제	안	하	0.134426
제	안	에	0.085246
제	안	이	0.072131
제	안	서	0.032787
제	안	전	0.029508
제	안	은	0.029508
제	안	도	0.026230
제	안	할	0.022951
제	안	정	0.022951
제	안	해	0.022951
제	안	으	0.016393
제	안	설	0.009836
제	야	의	0.210526
제	약	이	0.164286
제	약	사	0.164286
제	약	은	0.107143
제	약	을	0.092857
제	약	바	0.071429
제	약	에	0.057143
제	약	하	0.050000
제	약	의	0.035714
제	약	과	0.021429
제	어	디	0.189873
제	어	하	0.126582
제	어	할	0.101266
제	어	시	0.063291
제	어	가	0.063291
제	어	해	0.050633
제	어	에	0.037975
제	어	장	0.037975
제	에	대	0.345622
제	에	서	0.179724
제	에	도	0.034562
제	에	너	0.032258
제	에	는	0.029954
제	에	미	0.020737
제	에	참	0.016129
제	에	반	0.016129
제	에	큰	0.016129
제	에	선	0.013825
제	에	집	0.011521
제	에	나	0.011521
제	에	초	0.011521
제	에	부	0.011521
제	에	가	0.011521
제	에	악	0.009217
제	에	이	0.009217
제	에	의	0.009217
제	에	공	0.006912
제	에	포	0.006912
제	에	투	0.006912
제	에	사	0.006912
제	에	주	0.006912
제	에	위	0.006912
제	에	적	0.006912
제	여	부	0.379310
제	여	건	0.172414
제	여	우	0.103448
제	역	할	0.423077
제	역	사	0.153846
제	역	시	0.153846
제	열	린	1.000000
제	영	화	0.725000
제	영	이	0.075000
제	예	방	0.923077
제	오	늘	0.666667
제	올	해	0.750000
제	와	서	0.086957
제	와	금	0.043478
제	와	함	0.043478
제	와	수	0.043478
제	와	안	0.034783
제	와	공	0.026087
제	와	의	0.026087
제	와	신	0.026087
제	와	소	0.026087
제	와	이	0.026087
제	와	대	0.026087
제	왕	적	0.636364
제	요	구	0.416667
제	우	리	0.535714
제	우	주	0.321429
제	원	자	0.363636
제	원	의	0.261364
제	원	을	0.068182
제	원	비	0.045455
제	원	에	0.034091
제	원	대	0.034091
제	음	악	0.444444
제	음	반	0.333333
제	의	발	0.047170
제	의	성	0.037736
제	의	한	0.037736
제	의	중	0.037736
제	의	경	0.033019
제	의	어	0.028302
제	의	전	0.028302
제	의	해	0.028302
제	의	원	0.028302
제	의	대	0.023585
제	의	를	0.023585
제	의	방	0.018868
제	의	지	0.018868
제	의	무	0.018868
제	의	일	0.018868
제	의	본	0.018868
제	의	장	0.018868
제	의	약	0.018868
제	의	강	0.014151
제	의	신	0.014151
제	의	이	0.014151
제	의	시	0.014151
제	의	공	0.014151
제	의	허	0.014151
제	의	정	0.014151
제	의	가	0.014151
제	의	안	0.014151
제	의	개	0.014151
제	의	영	0.014151
제	이	후	0.091603
제	이	제	0.076336
제	이	두	0.061069
제	이	에	0.053435
제	이	미	0.045802
제	이	대	0.045802
제	이	자	0.038168
제	이	지	0.038168
제	이	쓴	0.038168
제	이	다	0.038168
제	이	날	0.030534
제	이	션	0.030534
제	이	는	0.030534
제	이	와	0.022901
제	이	고	0.022901
제	인	사	0.103448
제	인	지	0.068966
제	인	들	0.068966
제	인	도	0.057471
제	인	간	0.057471
제	인	가	0.057471
제	인	만	0.045977
제	인	데	0.034483
제	인	정	0.034483
제	일	제	0.238095
제	일	중	0.087302
제	일	먼	0.063492
제	일	장	0.055556
제	일	본	0.039683
제	일	주	0.031746
제	일	수	0.031746
제	일	어	0.031746
제	일	부	0.023810
제	일	반	0.023810
제	일	차	0.023810
제	입	니	0.352941
제	입	장	0.176471
제	자	리	0.294118
제	자	들	0.117647
제	자	문	0.102941
제	자	를	0.058824
제	자	신	0.044118
제	재	를	0.230404
제	재	에	0.135392
제	재	대	0.080760
제	재	가	0.071259
제	재	로	0.049881
제	재	조	0.040380
제	재	등	0.030879
제	재	하	0.030879
제	재	는	0.030879
제	재	와	0.021378
제	재	안	0.021378
제	재	해	0.019002
제	재	도	0.019002
제	재	할	0.016627
제	재	이	0.011876
제	재	의	0.011876
제	재	방	0.011876
제	재	위	0.011876
제	재	명	0.011876
제	재	수	0.009501
제	재	강	0.009501
제	재	리	0.007126
제	재	전	0.007126
제	적	으	0.286232
제	적	인	0.148551
제	적	이	0.047101
제	적	부	0.036232
제	적	어	0.032609
제	적	불	0.028986
제	적	대	0.028986
제	적	지	0.028986
제	적	손	0.025362
제	적	피	0.021739
제	적	자	0.021739
제	적	여	0.018116
제	적	위	0.018116
제	적	공	0.018116
제	적	비	0.014493
제	적	성	0.014493
제	적	가	0.014493
제	적	문	0.014493
제	적	사	0.010870
제	적	타	0.010870
제	적	상	0.010870
제	적	의	0.010870
제	적	도	0.010870
제	전	문	0.282609
제	전	반	0.173913
제	전	시	0.108696
제	전	투	0.065217
제	전	세	0.065217
제	점	을	0.507042
제	점	이	0.183099
제	점	등	0.070423
제	점	들	0.056338
제	점	은	0.042254
제	점	에	0.042254
제	정	책	0.278302
제	정	을	0.113208
제	정	세	0.084906
제	정	하	0.075472
제	정	한	0.051887
제	정	된	0.047170
제	정	해	0.037736
제	정	등	0.037736
제	정	이	0.023585
제	정	안	0.023585
제	정	의	0.023585
제	정	신	0.014151
제	정	은	0.014151
제	정	과	0.014151
제	제	재	0.452055
제	제	도	0.136986
제	제	를	0.054795
제	제	한	0.041096
제	제	의	0.041096
제	조	사	0.242009
제	조	공	0.077626
제	조	건	0.068493
제	조	하	0.059361
제	조	에	0.041096
제	조	한	0.027397
제	조	시	0.027397
제	조	판	0.027397
제	조	법	0.022831
제	조	를	0.022831
제	조	설	0.018265
제	조	정	0.018265
제	조	및	0.018265
제	조	지	0.013699
제	조	원	0.013699
제	조	현	0.013699
제	조	과	0.013699
제	조	할	0.013699
제	조	장	0.013699
제	조	역	0.013699
제	조	수	0.013699
제	조	라	0.013699
제	조	전	0.013699
제	주	도	0.305263
제	주	지	0.077895
제	주	시	0.071579
제	주	에	0.069474
제	주	서	0.037895
제	주	의	0.035789
제	주	를	0.027368
제	주	는	0.023158
제	주	해	0.018947
제	주	제	0.016842
제	주	대	0.012632
제	주	로	0.012632
제	주	가	0.012632
제	주	등	0.012632
제	주	공	0.012632
제	주	한	0.010526
제	주	인	0.010526
제	주	영	0.010526
제	주	와	0.008421
제	주	여	0.006316
제	주	사	0.006316
제	주	요	0.006316
제	주	어	0.006316
제	주	자	0.006316
제	주	신	0.006316
제	주	목	0.006316
제	주	올	0.006316
제	중	하	0.322581
제	중	이	0.096774
제	중	재	0.096774
제	지	역	0.381944
제	지	원	0.166667
제	지	만	0.097222
제	지	하	0.083333
제	지	속	0.055556
제	지	주	0.048611
제	지	시	0.034722
제	지	를	0.020833
제	지	난	0.020833
제	진	흥	0.428571
제	질	서	0.868421
제	질	문	0.078947
제	차	단	0.300000
제	차	를	0.300000
제	참	사	0.625000
제	천	시	0.357143
제	커	피	0.750000
제	통	화	0.563636
제	통	영	0.218182
제	통	상	0.163636
제	투	자	0.350000
제	투	여	0.250000
제	투	약	0.200000
제	투	성	0.200000
제	폐	지	0.866667
제	포	커	0.333333
제	풀	이	0.666667
제	피	해	0.666667
제	필	요	0.800000
제	하	는	0.415541
제	하	고	0.300676
제	하	지	0.091216
제	하	라	0.057432
제	하	도	0.033784
제	하	에	0.027027
제	하	거	0.016892
제	하	게	0.010135
제	하	자	0.010135
제	하	여	0.010135
제	한	하	0.150909
제	한	을	0.089091
제	한	적	0.076364
제	한	된	0.063636
제	한	이	0.056364
제	한	다	0.054545
제	한	되	0.047273
제	한	조	0.041818
제	한	해	0.038182
제	한	한	0.027273
제	한	도	0.025455
제	한	돼	0.021818
제	한	은	0.021818
제	한	할	0.020000
제	한	등	0.018182
제	한	것	0.016364
제	한	시	0.016364
제	한	으	0.016364
제	한	에	0.010909
제	한	속	0.010909
제	한	법	0.009091
제	한	과	0.009091
제	한	뒤	0.009091
제	한	지	0.007273
제	한	수	0.007273
제	한	전	0.005455
제	한	데	0.005455
제	한	채	0.005455
제	한	상	0.005455
제	한	후	0.005455
제	할	수	0.568421
제	할	것	0.126316
제	할	때	0.094737
제	할	방	0.052632
제	함	으	0.750000
제	해	야	0.250000
제	해	달	0.135417
제	해	주	0.104167
제	해	사	0.062500
제	해	제	0.052083
제	해	법	0.031250
제	해	부	0.031250
제	해	줄	0.031250
제	허	가	0.750000
제	현	안	0.583333
제	현	장	0.333333
제	형	사	0.631579
제	화	를	0.233333
제	화	한	0.100000
제	화	하	0.100000
제	확	대	0.500000
제	확	진	0.333333
제	휴	를	0.280000
조	가	이	0.077670
조	가	된	0.038835
조	가	중	0.029126
조	가	가	0.029126
조	가	고	0.029126
조	각	이	0.171429
조	각	가	0.142857
조	각	으	0.114286
조	각	을	0.100000
조	각	상	0.071429
조	각	과	0.057143
조	각	들	0.042857
조	간	부	0.600000
조	강	화	0.833333
조	개	선	0.500000
조	개	정	0.178571
조	거	제	0.900000
조	건	을	0.261494
조	건	으	0.146552
조	건	이	0.137931
조	건	에	0.117816
조	건	부	0.043103
조	건	과	0.017241
조	건	인	0.017241
조	건	등	0.014368
조	건	은	0.014368
조	건	속	0.014368
조	건	들	0.014368
조	건	도	0.011494
조	건	의	0.011494
조	건	적	0.011494
조	건	우	0.008621
조	건	대	0.008621
조	건	반	0.008621
조	경	영	0.451613
조	경	제	0.225806
조	공	정	0.307692
조	공	장	0.269231
조	공	사	0.192308
조	과	정	0.428571
조	그	마	0.428571
조	그	만	0.428571
조	금	이	0.162577
조	금	더	0.162577
조	금	을	0.110429
조	금	만	0.061350
조	금	지	0.061350
조	금	은	0.055215
조	금	도	0.030675
조	금	전	0.027607
조	금	의	0.018405
조	금	차	0.015337
조	금	다	0.015337
조	금	으	0.015337
조	금	아	0.012270
조	금	부	0.012270
조	금	사	0.012270
조	금	수	0.009202
조	금	과	0.009202
조	금	어	0.009202
조	금	덜	0.009202
조	금	법	0.009202
조	금	조	0.009202
조	나	주	0.387097
조	나	단	0.290323
조	는	이	0.120879
조	는	지	0.109890
조	는	전	0.065934
조	는	사	0.032967
조	달	하	0.157303
조	달	비	0.146067
조	달	이	0.078652
조	달	할	0.056180
조	달	에	0.044944
조	달	을	0.044944
조	달	한	0.044944
조	달	방	0.033708
조	달	해	0.033708
조	대	원	0.253731
조	대	가	0.119403
조	대	에	0.119403
조	대	왕	0.104478
조	대	법	0.089552
조	대	응	0.044776
조	대	는	0.044776
조	돼	병	0.375000
조	되	고	0.470588
조	되	는	0.313725
조	되	자	0.098039
조	된	다	0.115385
조	두	형	0.500000
조	들	이	0.714286
조	등	의	0.250000
조	등	에	0.208333
조	등	을	0.125000
조	또	는	0.571429
조	또	한	0.428571
조	라	고	0.416667
조	라	는	0.333333
조	라	인	0.125000
조	로	설	0.079365
조	로	운	0.063492
조	로	이	0.063492
조	로	전	0.047619
조	로	하	0.047619
조	롭	게	0.909091
조	를	이	0.101695
조	를	구	0.062147
조	를	요	0.050847
조	를	지	0.050847
조	를	만	0.050847
조	를	개	0.045198
조	를	위	0.045198
조	를	강	0.039548
조	를	통	0.033898
조	를	적	0.028249
조	를	바	0.028249
조	를	가	0.028249
조	를	해	0.016949
조	를	대	0.016949
조	를	상	0.016949
조	를	나	0.016949
조	를	설	0.016949
조	를	탈	0.016949
조	리	원	0.123077
조	리	하	0.061538
조	리	개	0.061538
조	리	도	0.046154
조	리	에	0.046154
조	리	가	0.046154
조	리	를	0.046154
조	리	한	0.046154
조	리	는	0.046154
조	리	사	0.046154
조	마	타	0.333333
조	만	간	0.968750
조	명	하	0.160000
조	명	을	0.140000
조	명	이	0.120000
조	명	되	0.090000
조	명	한	0.080000
조	명	등	0.060000
조	명	으	0.040000
조	명	해	0.040000
조	명	아	0.040000
조	명	과	0.030000
조	명	은	0.030000
조	목	조	0.500000
조	목	반	0.218750
조	목	지	0.093750
조	문	하	0.177778
조	문	제	0.133333
조	문	을	0.133333
조	문	소	0.088889
조	문	사	0.066667
조	물	을	0.366667
조	물	에	0.166667
조	물	이	0.100000
조	바	이	0.992063
조	방	안	0.666667
조	법	을	0.375000
조	별	리	0.965517
조	별	예	0.025862
조	불	법	0.750000
조	사	를	0.199058
조	사	에	0.183746
조	사	하	0.070671
조	사	한	0.057126
조	사	중	0.047703
조	사	가	0.045936
조	사	는	0.038869
조	사	할	0.027091
조	사	해	0.023557
조	사	와	0.021201
조	사	도	0.020612
조	사	위	0.018846
조	사	대	0.014134
조	사	요	0.013545
조	사	단	0.011190
조	사	로	0.010012
조	사	과	0.010012
조	사	등	0.010012
조	사	의	0.010012
조	사	전	0.008245
조	사	들	0.007656
조	사	방	0.007067
조	사	인	0.006478
조	사	및	0.006478
조	사	부	0.006478
조	사	시	0.005300
조	사	장	0.005300
조	사	공	0.005300
조	사	이	0.004711
조	사	지	0.004711
조	상	의	0.153846
조	상	을	0.115385
조	서	울	0.266667
조	서	비	0.266667
조	선	해	0.141350
조	선	인	0.105485
조	선	의	0.069620
조	선	시	0.067511
조	선	소	0.065401
조	선	중	0.052743
조	선	하	0.048523
조	선	노	0.042194
조	선	대	0.033755
조	선	반	0.029536
조	선	에	0.029536
조	선	은	0.027426
조	선	일	0.021097
조	선	을	0.018987
조	선	왕	0.014768
조	선	호	0.014768
조	선	후	0.014768
조	선	이	0.014768
조	선	과	0.012658
조	선	전	0.010549
조	선	사	0.010549
조	선	수	0.010549
조	선	지	0.010549
조	선	산	0.008439
조	선	군	0.006329
조	선	초	0.006329
조	선	조	0.006329
조	선	서	0.006329
조	선	으	0.006329
조	설	비	1.000000
조	성	하	0.180822
조	성	된	0.109589
조	성	해	0.098630
조	성	한	0.090411
조	성	을	0.079452
조	성	사	0.060274
조	성	되	0.054795
조	성	할	0.035616
조	성	에	0.032877
조	성	돼	0.030137
조	성	등	0.027397
조	성	진	0.019178
조	성	공	0.016438
조	성	은	0.013699
조	성	과	0.013699
조	성	이	0.013699
조	성	될	0.013699
조	성	중	0.010959
조	성	으	0.010959
조	성	비	0.008219
조	세	원	0.100000
조	세	저	0.100000
조	세	정	0.100000
조	세	부	0.075000
조	세	재	0.075000
조	세	전	0.075000
조	세	형	0.075000
조	소	속	0.400000
조	속	한	0.625000
조	속	에	0.200000
조	속	하	0.125000
조	수	진	0.250000
조	수	미	0.166667
조	수	입	0.125000
조	수	사	0.125000
조	시	키	0.434783
조	시	설	0.304348
조	씨	는	0.250000
조	씨	의	0.232143
조	씨	가	0.178571
조	씨	를	0.160714
조	씨	에	0.071429
조	아	이	0.375000
조	안	전	0.400000
조	안	에	0.300000
조	약	에	0.318182
조	약	을	0.181818
조	약	돌	0.136364
조	약	이	0.136364
조	양	의	0.208333
조	양	이	0.166667
조	양	호	0.125000
조	양	가	0.125000
조	에	서	0.220000
조	에	대	0.130000
조	에	속	0.080000
조	에	는	0.060000
조	에	의	0.050000
조	에	도	0.040000
조	에	필	0.040000
조	에	나	0.030000
조	여	오	0.375000
조	영	달	0.363636
조	와	사	0.075000
조	요	구	1.000000
조	원	을	0.196126
조	원	이	0.193705
조	원	에	0.125908
조	원	의	0.060533
조	원	으	0.046005
조	원	가	0.041162
조	원	대	0.041162
조	원	들	0.038741
조	원	로	0.033898
조	원	를	0.026634
조	원	늘	0.019370
조	원	정	0.019370
조	원	수	0.016949
조	원	장	0.009685
조	원	과	0.009685
조	원	안	0.007264
조	원	어	0.007264
조	원	인	0.007264
조	원	지	0.007264
조	위	원	0.638889
조	위	가	0.111111
조	위	는	0.083333
조	응	천	1.000000
조	의	원	0.230000
조	의	를	0.070000
조	의	불	0.050000
조	의	사	0.030000
조	의	의	0.030000
조	의	요	0.030000
조	의	아	0.030000
조	인	을	0.115385
조	잔	디	1.000000
조	장	하	0.375000
조	장	비	0.150000
조	장	한	0.125000
조	장	이	0.075000
조	재	정	0.357143
조	적	인	0.264706
조	적	문	0.161765
조	적	으	0.147059
조	적	이	0.117647
조	적	도	0.073529
조	적	원	0.044118
조	전	일	0.325000
조	전	장	0.175000
조	전	총	0.175000
조	전	을	0.075000
조	전	문	0.075000
조	절	하	0.283333
조	절	을	0.108333
조	절	할	0.100000
조	절	해	0.091667
조	절	이	0.083333
조	절	에	0.075000
조	절	가	0.041667
조	절	한	0.033333
조	절	과	0.033333
조	절	등	0.025000
조	정	하	0.150794
조	정	위	0.087302
조	정	이	0.071429
조	정	을	0.055556
조	정	대	0.055556
조	정	안	0.049603
조	정	과	0.047619
조	정	에	0.041667
조	정	해	0.039683
조	정	할	0.037698
조	정	등	0.031746
조	정	한	0.029762
조	정	되	0.027778
조	정	단	0.017857
조	정	방	0.017857
조	정	된	0.013889
조	정	법	0.011905
조	정	중	0.011905
조	정	분	0.011905
조	정	은	0.011905
조	정	으	0.009921
조	정	부	0.009921
조	정	여	0.009921
조	정	절	0.007937
조	정	소	0.007937
조	정	지	0.007937
조	정	의	0.005952
조	정	금	0.005952
조	정	저	0.005952
조	정	신	0.005952
조	제	가	0.250000
조	조	정	0.821429
조	조	별	0.125000
조	주	빈	0.750000
조	준	하	0.384615
조	준	한	0.230769
조	지	아	0.611765
조	지	부	0.047059
조	지	워	0.035294
조	지	오	0.035294
조	지	타	0.035294
조	짐	을	0.425000
조	짐	이	0.400000
조	차	도	0.123077
조	차	하	0.107692
조	차	못	0.053846
조	차	이	0.038462
조	차	되	0.038462
조	차	제	0.030769
조	차	어	0.023077
조	차	거	0.023077
조	차	해	0.023077
조	차	불	0.023077
조	차	미	0.023077
조	첫	경	0.750000
조	코	비	0.702128
조	코	위	0.276596
조	판	매	0.750000
조	하	는	0.479592
조	하	고	0.301020
조	하	지	0.056122
조	하	에	0.045918
조	하	다	0.035714
조	하	게	0.020408
조	하	거	0.015306
조	한	다	0.230263
조	한	것	0.197368
조	한	바	0.046053
조	한	공	0.046053
조	한	이	0.026316
조	한	가	0.026316
조	한	곳	0.026316
조	한	데	0.026316
조	한	뒤	0.019737
조	한	만	0.019737
조	한	상	0.019737
조	한	성	0.019737
조	한	소	0.019737
조	할	수	0.387097
조	할	것	0.193548
조	해	온	0.146067
조	해	주	0.123596
조	해	야	0.078652
조	해	달	0.056180
조	해	줄	0.044944
조	해	진	0.044944
조	해	병	0.044944
조	해	오	0.033708
조	해	서	0.033708
조	해	지	0.033708
조	현	수	0.422222
조	현	장	0.111111
조	현	병	0.111111
조	현	진	0.066667
조	형	물	0.650000
조	화	물	0.283951
조	화	를	0.271605
조	화	롭	0.074074
조	화	로	0.049383
조	화	가	0.049383
조	화	와	0.049383
존	경	하	0.400000
존	경	과	0.200000
존	경	을	0.171429
존	경	한	0.085714
존	과	번	0.384615
존	대	비	0.333333
존	대	로	0.266667
존	대	책	0.200000
존	도	가	0.480000
존	도	를	0.266667
존	도	는	0.106667
존	문	제	0.500000
존	백	신	0.800000
존	서	비	0.500000
존	속	과	0.300000
존	시	설	0.500000
존	엄	을	0.250000
존	엄	성	0.125000
존	엄	과	0.125000
존	엄	하	0.093750
존	에	는	0.308824
존	에	서	0.132353
존	에	이	0.058824
존	여	부	0.600000
존	원	전	0.750000
존	윌	리	1.000000
존	을	위	0.525000
존	의	정	0.058824
존	의	수	0.047059
존	의	안	0.035294
존	의	문	0.035294
존	의	이	0.035294
존	의	대	0.035294
존	의	아	0.035294
존	입	장	0.823529
존	자	들	0.280000
존	자	가	0.120000
존	재	하	0.299559
존	재	한	0.127753
존	재	가	0.096916
존	재	를	0.066079
존	재	할	0.048458
존	재	라	0.039648
존	재	의	0.039648
존	재	들	0.035242
존	재	이	0.030837
존	재	는	0.026432
존	재	자	0.026432
존	재	로	0.022026
존	재	해	0.017621
존	재	인	0.017621
존	재	여	0.013216
존	적	채	0.500000
존	정	상	0.375000
존	중	하	0.359375
존	중	해	0.148438
존	중	한	0.070312
존	중	할	0.054688
존	중	과	0.046875
존	중	돼	0.046875
존	중	의	0.039062
존	중	고	0.039062
존	중	이	0.031250
존	중	을	0.031250
존	중	에	0.023438
존	지	역	0.444444
존	커	비	1.000000
존	코	로	0.750000
존	투	자	1.000000
존	하	는	0.594937
존	하	고	0.303797
존	한	다	0.545455
존	할	수	0.454545
존	해	야	0.333333
존	해	온	0.166667
좀	도	와	1.000000
좀	비	정	0.214286
죄	가	중	0.421569
죄	가	확	0.137255
죄	가	성	0.078431
죄	가	선	0.039216
죄	단	속	0.833333
죄	대	응	0.923077
죄	도	시	0.714286
죄	도	만	0.214286
죄	드	린	0.714286
죄	등	으	0.285714
죄	라	고	0.750000
죄	로	인	0.163265
죄	로	부	0.142857
죄	로	판	0.142857
죄	를	선	0.250000
죄	를	저	0.144231
죄	를	예	0.057692
죄	를	확	0.057692
죄	를	수	0.048077
죄	를	다	0.038462
죄	를	적	0.038462
죄	를	만	0.028846
죄	를	주	0.028846
죄	를	목	0.028846
죄	를	인	0.028846
죄	만	적	0.600000
죄	부	를	0.857143
죄	사	건	1.000000
죄	선	고	1.000000
죄	수	사	0.977528
죄	신	고	1.000000
죄	엄	정	1.000000
죄	에	대	0.459016
죄	에	해	0.131148
죄	에	악	0.081967
죄	에	상	0.065574
죄	예	방	1.000000
죄	와	의	0.214286
죄	와	배	0.214286
죄	의	경	0.166667
죄	의	영	0.100000
죄	의	중	0.100000
죄	인	인	0.222222
죄	인	이	0.166667
죄	자	가	0.155556
죄	자	들	0.133333
죄	자	로	0.111111
죄	자	의	0.088889
죄	자	에	0.088889
죄	자	는	0.066667
죄	자	라	0.066667
죄	조	사	1.000000
죄	질	이	0.941176
죄	집	단	1.000000
죄	책	이	0.800000
죄	판	단	1.000000
죄	피	해	0.933333
죄	하	고	0.333333
죄	하	라	0.333333
죄	하	는	0.333333
죄	해	야	1.000000
죄	확	정	1.000000
쥐	는	것	0.428571
지	가	이	0.034562
지	가	중	0.032258
지	가	나	0.032258
지	가	아	0.032258
지	가	가	0.025346
지	가	다	0.023041
지	가	되	0.023041
지	가	지	0.023041
지	가	는	0.023041
지	가	사	0.023041
지	가	강	0.020737
지	가	발	0.018433
지	가	필	0.016129
지	가	세	0.016129
지	가	더	0.016129
지	가	정	0.013825
지	가	어	0.013825
지	가	큰	0.013825
지	가	확	0.013825
지	가	상	0.013825
지	가	줄	0.013825
지	가	부	0.011521
지	가	될	0.011521
지	가	공	0.011521
지	가	들	0.011521
지	가	제	0.011521
지	가	서	0.009217
지	가	매	0.009217
지	가	장	0.009217
지	가	주	0.009217
지	간	에	0.214286
지	간	다	0.214286
지	갈	무	0.800000
지	강	화	0.285714
지	강	원	0.238095
지	강	한	0.142857
지	개	발	0.458333
지	개	를	0.104167
지	개	정	0.104167
지	개	는	0.062500
지	거	나	0.653061
지	거	의	0.081633
지	거	론	0.081633
지	건	설	0.333333
지	건	물	0.277778
지	건	강	0.166667
지	걸	리	0.500000
지	걸	어	0.187500
지	걸	린	0.187500
지	게	된	0.275862
지	게	한	0.250000
지	게	되	0.120690
지	게	하	0.094828
지	게	만	0.051724
지	게	차	0.034483
지	게	설	0.025862
지	경	이	0.282609
지	경	제	0.152174
지	경	고	0.108696
지	경	에	0.108696
지	경	영	0.086957
지	고	이	0.046667
지	고	사	0.030000
지	고	대	0.026667
지	고	전	0.026667
지	고	경	0.023333
지	고	그	0.023333
지	고	시	0.020000
지	고	수	0.020000
지	고	소	0.020000
지	고	다	0.020000
지	고	주	0.020000
지	고	나	0.020000
지	고	서	0.016667
지	고	공	0.016667
지	고	일	0.016667
지	고	지	0.013333
지	고	우	0.013333
지	고	조	0.013333
지	고	장	0.013333
지	고	인	0.010000
지	고	화	0.010000
지	고	는	0.010000
지	고	만	0.010000
지	고	강	0.010000
지	고	여	0.010000
지	고	마	0.010000
지	고	위	0.010000
지	고	성	0.010000
지	고	가	0.010000
지	고	내	0.010000
지	곳	곳	0.750000
지	공	약	0.144231
지	공	단	0.144231
지	공	개	0.134615
지	공	간	0.086538
지	공	사	0.067308
지	공	공	0.048077
지	공	정	0.038462
지	공	천	0.028846
지	공	장	0.028846
지	공	시	0.028846
지	과	정	0.363636
지	구	에	0.125000
지	구	를	0.091667
지	구	역	0.069444
지	구	의	0.058333
지	구	온	0.058333
지	구	대	0.052778
지	구	가	0.050000
지	구	로	0.047222
지	구	와	0.044444
지	구	는	0.036111
지	구	상	0.022222
지	구	개	0.019444
지	구	내	0.013889
지	구	성	0.013889
지	구	단	0.013889
지	구	군	0.013889
지	구	별	0.013889
지	구	적	0.011111
지	구	저	0.011111
지	구	및	0.008333
지	구	인	0.008333
지	구	신	0.008333
지	구	지	0.008333
지	구	입	0.008333
지	구	일	0.008333
지	구	등	0.008333
지	구	우	0.008333
지	구	사	0.008333
지	구	라	0.008333
지	구	공	0.008333
지	군	사	0.285714
지	그	리	0.138889
지	그	대	0.083333
지	그	가	0.069444
지	그	걸	0.055556
지	그	것	0.041667
지	그	의	0.041667
지	글	로	0.692308
지	글	을	0.230769
지	금	은	0.235537
지	금	도	0.118457
지	금	의	0.100551
지	금	이	0.079890
지	금	우	0.044077
지	금	부	0.024793
지	금	상	0.019284
지	금	시	0.019284
지	금	과	0.019284
지	금	한	0.013774
지	금	현	0.012397
지	금	리	0.012397
지	금	여	0.011019
지	금	가	0.011019
지	금	수	0.011019
지	금	으	0.009642
지	금	그	0.009642
지	금	사	0.009642
지	금	어	0.008264
지	금	대	0.008264
지	금	조	0.008264
지	금	정	0.008264
지	금	에	0.008264
지	금	비	0.006887
지	금	제	0.006887
지	금	다	0.005510
지	금	문	0.005510
지	금	나	0.005510
지	금	인	0.005510
지	금	하	0.005510
지	길	바	0.800000
지	꺼	내	1.000000
지	나	가	0.126100
지	나	친	0.090909
지	나	지	0.090909
지	나	서	0.073314
지	나	도	0.055718
지	나	간	0.052786
지	나	는	0.049853
지	나	고	0.046921
지	나	오	0.043988
지	나	갈	0.035191
지	나	온	0.035191
지	나	자	0.026393
지	나	야	0.026393
지	나	무	0.014663
지	나	아	0.014663
지	나	다	0.014663
지	나	타	0.011730
지	나	공	0.011730
지	나	사	0.008798
지	난	해	0.578584
지	난	달	0.297557
지	난	주	0.037256
지	난	시	0.017271
지	난	대	0.011350
지	난	정	0.007895
지	난	번	0.003948
지	난	뒤	0.003701
지	난	한	0.003454
지	난	몇	0.002221
지	난	지	0.001974
지	난	후	0.001974
지	난	여	0.001727
지	난	밤	0.001727
지	난	사	0.001727
지	난	세	0.001480
지	난	조	0.001480
지	난	현	0.001480
지	난	이	0.001480
지	난	경	0.001234
지	난	날	0.001234
지	난	오	0.001234
지	난	문	0.000987
지	난	선	0.000987
지	난	전	0.000987
지	난	총	0.000740
지	난	수	0.000740
지	난	반	0.000740
지	난	방	0.000740
지	난	두	0.000740
지	날	수	0.480000
지	날	때	0.160000
지	날	것	0.160000
지	날	아	0.120000
지	내	고	0.132653
지	내	는	0.112245
지	내	다	0.061224
지	내	에	0.051020
지	내	부	0.051020
지	내	가	0.040816
지	내	지	0.030612
지	내	야	0.030612
지	내	온	0.030612
지	내	상	0.030612
지	내	주	0.030612
지	낸	김	0.142857
지	낸	이	0.100000
지	낸	정	0.057143
지	낸	한	0.057143
지	낸	것	0.057143
지	낸	강	0.042857
지	낸	사	0.042857
지	낸	다	0.042857
지	낸	고	0.042857
지	낸	조	0.042857
지	낸	신	0.042857
지	낼	수	0.400000
지	낼	때	0.266667
지	너	무	0.857143
지	널	시	0.259259
지	널	오	0.148148
지	널	드	0.148148
지	네	이	0.384615
지	노	선	0.388889
지	노	조	0.083333
지	눈	이	0.500000
지	는	것	0.087693
지	는	가	0.037583
지	는	지	0.034635
지	는	이	0.033161
지	는	못	0.030214
지	는	아	0.028740
지	는	데	0.028003
지	는	등	0.026529
지	는	사	0.025055
지	는	상	0.023581
지	는	일	0.017686
지	는	전	0.015475
지	는	시	0.013265
지	는	경	0.013265
지	는	공	0.013265
지	는	대	0.013265
지	는	여	0.012528
지	는	건	0.012528
지	는	그	0.012528
지	는	확	0.012528
지	는	미	0.012528
지	는	현	0.011791
지	는	자	0.010317
지	는	중	0.009580
지	는	한	0.009580
지	는	의	0.008843
지	는	곳	0.008843
지	는	만	0.008843
지	는	장	0.008843
지	는	다	0.008106
지	늘	어	0.421053
지	늘	리	0.421053
지	니	어	0.562500
지	니	고	0.107143
지	니	아	0.107143
지	니	는	0.035714
지	니	코	0.035714
지	다	양	0.391304
지	다	가	0.101449
지	다	시	0.086957
지	다	들	0.043478
지	다	채	0.043478
지	단	일	0.307692
지	달	아	0.333333
지	대	책	0.132812
지	대	에	0.117188
지	대	공	0.093750
지	대	를	0.085938
지	대	가	0.058594
지	대	통	0.058594
지	대	지	0.042969
지	대	한	0.027344
지	대	응	0.023438
지	대	는	0.019531
지	대	화	0.019531
지	대	로	0.015625
지	대	인	0.015625
지	대	해	0.015625
지	대	등	0.015625
지	대	부	0.015625
지	대	전	0.015625
지	대	발	0.011719
지	대	나	0.011719
지	대	란	0.011719
지	대	정	0.011719
지	대	대	0.011719
지	대	라	0.011719
지	대	사	0.011719
지	대	의	0.011719
지	대	조	0.011719
지	더	해	0.311111
지	더	라	0.288889
지	더	한	0.088889
지	더	니	0.066667
지	데	이	0.750000
지	도	부	0.259777
지	도	자	0.206704
지	도	를	0.057263
지	도	못	0.048883
지	도	가	0.034916
지	도	와	0.020950
지	도	하	0.018156
지	도	는	0.013966
지	도	에	0.013966
지	도	의	0.009777
지	도	이	0.009777
지	도	선	0.009777
지	도	확	0.008380
지	도	내	0.008380
지	도	상	0.008380
지	도	사	0.006983
지	도	달	0.006983
지	도	위	0.006983
지	도	주	0.005587
지	도	무	0.005587
지	도	일	0.005587
지	도	나	0.005587
지	도	반	0.005587
지	도	등	0.005587
지	도	그	0.005587
지	도	해	0.005587
지	도	한	0.005587
지	도	저	0.004190
지	도	알	0.004190
지	도	정	0.004190
지	돌	아	0.900000
지	돼	야	0.400000
지	돼	온	0.400000
지	되	고	0.391304
지	되	는	0.347826
지	되	지	0.101449
지	되	더	0.043478
지	된	다	0.696078
지	된	이	0.029412
지	된	상	0.029412
지	될	것	0.368421
지	될	수	0.210526
지	두	사	0.250000
지	두	달	0.250000
지	두	고	0.187500
지	드	론	0.300000
지	들	이	0.181818
지	들	과	0.136364
지	들	어	0.121212
지	들	을	0.106061
지	들	은	0.106061
지	들	여	0.060606
지	들	도	0.060606
지	들	의	0.045455
지	듯	이	0.600000
지	등	을	0.335000
지	등	에	0.125000
지	등	의	0.070000
지	등	이	0.070000
지	등	장	0.040000
지	등	다	0.025000
지	등	현	0.020000
지	등	으	0.020000
지	등	중	0.020000
지	등	은	0.015000
지	등	미	0.015000
지	등	일	0.015000
지	등	사	0.015000
지	디	지	0.272727
지	디	피	0.272727
지	때	문	0.833333
지	또	는	0.473684
지	또	다	0.157895
지	또	한	0.157895
지	라	고	0.365672
지	라	는	0.253731
지	라	도	0.194030
지	라	시	0.022388
지	로	이	0.063158
지	로	말	0.031579
지	로	지	0.028947
지	로	서	0.026316
지	로	전	0.026316
지	로	주	0.023684
지	로	해	0.023684
지	로	진	0.023684
지	로	발	0.023684
지	로	선	0.023684
지	로	불	0.018421
지	로	제	0.018421
지	로	조	0.018421
지	로	돌	0.015789
지	로	가	0.015789
지	로	풀	0.015789
지	로	나	0.015789
지	로	대	0.015789
지	로	만	0.015789
지	로	내	0.015789
지	로	거	0.015789
지	로	하	0.015789
지	로	부	0.015789
지	로	의	0.013158
지	로	바	0.013158
지	로	설	0.013158
지	로	도	0.013158
지	로	공	0.013158
지	로	우	0.013158
지	로	인	0.010526
지	론	을	0.375000
지	루	하	0.384615
지	루	한	0.230769
지	를	통	0.072277
지	를	위	0.072277
지	를	전	0.045545
지	를	확	0.027723
지	를	제	0.025743
지	를	내	0.023762
지	를	다	0.023762
지	를	호	0.023762
지	를	발	0.022772
지	를	선	0.021782
지	를	이	0.020792
지	를	강	0.019802
지	를	주	0.017822
지	를	조	0.017822
지	를	가	0.014851
지	를	공	0.014851
지	를	만	0.011881
지	를	개	0.011881
지	를	요	0.011881
지	를	사	0.011881
지	를	더	0.010891
지	를	중	0.010891
지	를	설	0.010891
지	를	고	0.010891
지	를	적	0.010891
지	를	입	0.009901
지	를	하	0.009901
지	를	구	0.009901
지	를	소	0.008911
지	를	두	0.008911
지	리	아	0.339286
지	리	산	0.196429
지	리	적	0.160714
지	리	라	0.053571
지	린	성	0.833333
지	마	라	0.283333
지	마	시	0.066667
지	마	세	0.066667
지	마	무	0.066667
지	마	음	0.050000
지	마	리	0.050000
지	막	으	0.227397
지	막	날	0.112329
지	막	경	0.065753
지	막	에	0.052055
지	막	이	0.043836
지	막	주	0.030137
지	막	단	0.021918
지	막	해	0.021918
지	막	순	0.019178
지	막	인	0.013699
지	막	사	0.013699
지	막	한	0.013699
지	막	공	0.010959
지	막	고	0.010959
지	막	막	0.010959
지	막	라	0.010959
지	막	시	0.010959
지	막	장	0.008219
지	막	문	0.008219
지	막	안	0.008219
지	막	정	0.008219
지	막	부	0.008219
지	막	일	0.008219
지	막	다	0.008219
지	막	을	0.008219
지	막	가	0.008219
지	막	투	0.008219
지	막	금	0.008219
지	막	성	0.008219
지	만	이	0.116606
지	만	그	0.055515
지	만	지	0.029818
지	만	아	0.025697
지	만	여	0.022545
지	만	일	0.022061
지	만	정	0.021818
지	만	한	0.020848
지	만	대	0.019879
지	만	사	0.019152
지	만	우	0.017212
지	만	전	0.015758
지	만	해	0.015515
지	만	현	0.015515
지	만	경	0.014545
지	만	다	0.013576
지	만	미	0.011879
지	만	공	0.010667
지	만	가	0.010424
지	만	어	0.010182
지	만	인	0.009697
지	만	올	0.009697
지	만	주	0.009212
지	만	수	0.009212
지	만	중	0.008727
지	만	자	0.008727
지	만	시	0.008727
지	만	소	0.008485
지	만	나	0.008242
지	만	내	0.008000
지	말	라	0.337931
지	말	고	0.320690
지	말	아	0.182759
지	말	자	0.058621
지	말	것	0.034483
지	말	지	0.017241
지	말	을	0.010345
지	말	란	0.010345
지	매	년	0.275862
지	매	일	0.137931
지	매	입	0.137931
지	매	장	0.103448
지	매	주	0.103448
지	머	리	0.800000
지	먼	저	0.800000
지	명	한	0.115385
지	명	된	0.096154
지	명	하	0.076923
지	명	을	0.076923
지	명	확	0.057692
지	명	이	0.057692
지	명	자	0.057692
지	명	되	0.048077
지	명	수	0.048077
지	명	에	0.038462
지	명	할	0.038462
지	명	타	0.038462
지	명	도	0.028846
지	명	될	0.028846
지	몇	년	0.375000
지	목	된	0.264151
지	목	하	0.188679
지	목	한	0.188679
지	목	되	0.113208
지	목	돼	0.075472
지	못	하	0.501115
지	못	한	0.313755
지	못	해	0.105576
지	못	할	0.074349
지	문	제	0.273973
지	문	을	0.150685
지	문	화	0.109589
지	문	이	0.068493
지	문	수	0.068493
지	문	재	0.054795
지	문	에	0.041096
지	문	인	0.041096
지	물	이	0.351351
지	물	어	0.270270
지	물	가	0.081081
지	미	사	0.406250
지	미	지	0.093750
지	미	리	0.093750
지	및	안	0.125000
지	바	우	0.266667
지	바	이	0.233333
지	바	로	0.100000
지	반	대	0.190476
지	반	드	0.142857
지	반	영	0.095238
지	반	성	0.071429
지	반	도	0.071429
지	발	전	0.722222
지	방	선	0.274406
지	방	자	0.138522
지	방	법	0.058047
지	방	의	0.052770
지	방	정	0.044855
지	방	에	0.044855
지	방	을	0.032982
지	방	세	0.025066
지	방	공	0.023747
지	방	대	0.022427
지	방	은	0.021108
지	방	이	0.019789
지	방	과	0.018470
지	방	소	0.015831
지	방	으	0.011873
지	방	문	0.011873
지	방	안	0.010554
지	방	간	0.010554
지	방	재	0.010554
지	방	도	0.010554
지	방	시	0.009235
지	방	채	0.009235
지	방	중	0.006596
지	방	산	0.006596
지	방	분	0.006596
지	방	역	0.006596
지	방	경	0.005277
지	방	일	0.005277
지	방	부	0.005277
지	방	저	0.005277
지	배	구	0.337931
지	배	하	0.220690
지	배	적	0.124138
지	배	를	0.034483
지	배	에	0.034483
지	배	주	0.027586
지	배	한	0.027586
지	배	가	0.020690
지	배	로	0.020690
지	배	인	0.020690
지	백	신	0.900000
지	번	지	0.600000
지	벌	어	0.500000
지	벌	써	0.250000
지	법	형	0.182573
지	법	에	0.153527
지	법	제	0.132780
지	법	위	0.070539
지	법	은	0.066390
지	법	인	0.041494
지	법	을	0.037344
지	법	이	0.037344
지	법	원	0.033195
지	법	으	0.033195
지	법	안	0.024896
지	법	과	0.020747
지	법	의	0.016598
지	법	정	0.012448
지	법	전	0.012448
지	법	상	0.012448
지	법	포	0.012448
지	별	로	0.333333
지	별	다	0.333333
지	병	원	0.538462
지	본	인	0.500000
지	부	장	0.209877
지	부	는	0.135802
지	부	가	0.057613
지	부	진	0.053498
지	부	를	0.045267
지	부	지	0.037037
지	부	와	0.037037
지	부	에	0.032922
지	부	산	0.032922
지	부	분	0.028807
지	부	중	0.024691
지	부	로	0.020576
지	부	대	0.020576
지	부	문	0.016461
지	부	제	0.016461
지	부	조	0.016461
지	부	의	0.012346
지	부	차	0.012346
지	부	시	0.012346
지	부	질	0.012346
지	부	사	0.012346
지	분	을	0.385135
지	분	야	0.074324
지	분	명	0.054054
지	분	매	0.054054
지	분	양	0.054054
지	분	이	0.047297
지	분	과	0.033784
지	분	은	0.033784
지	분	투	0.027027
지	분	의	0.027027
지	분	만	0.020270
지	분	가	0.020270
지	분	전	0.020270
지	불	하	0.262626
지	불	해	0.131313
지	불	투	0.060606
지	불	할	0.050505
지	불	한	0.040404
지	불	거	0.040404
지	불	분	0.040404
지	불	과	0.040404
지	불	을	0.040404
지	불	방	0.030303
지	비	대	0.127660
지	비	가	0.106383
지	비	상	0.085106
지	비	중	0.085106
지	비	공	0.063830
지	비	비	0.063830
지	뿐	아	0.500000
지	뿐	만	0.375000
지	사	는	0.206128
지	사	가	0.089136
지	사	후	0.061281
지	사	의	0.055710
지	사	를	0.055710
지	사	와	0.044568
지	사	에	0.044568
지	사	시	0.041783
지	사	등	0.030641
지	사	선	0.030641
지	사	각	0.027855
지	사	이	0.025070
지	사	로	0.022284
지	사	도	0.022284
지	사	들	0.019499
지	사	지	0.013928
지	사	랑	0.013928
지	사	라	0.008357
지	사	장	0.008357
지	사	경	0.008357
지	사	오	0.008357
지	사	건	0.008357
지	사	진	0.008357
지	사	정	0.008357
지	사	재	0.008357
지	사	부	0.008357
지	사	주	0.008357
지	산	에	0.200000
지	상	에	0.146341
지	상	대	0.048780
지	상	상	0.048780
지	상	군	0.048780
지	상	을	0.048780
지	상	의	0.036585
지	상	호	0.036585
지	상	정	0.036585
지	상	공	0.036585
지	상	전	0.036585
지	상	으	0.036585
지	서	울	0.427083
지	서	비	0.187500
지	서	를	0.145833
지	서	로	0.031250
지	서	에	0.031250
지	서	발	0.031250
지	서	해	0.031250
지	선	정	0.278689
지	선	수	0.098361
지	선	거	0.098361
지	선	에	0.081967
지	선	을	0.081967
지	선	발	0.065574
지	설	명	0.333333
지	성	이	0.114754
지	성	과	0.098361
지	성	공	0.081967
지	성	은	0.081967
지	성	을	0.065574
지	성	장	0.065574
지	성	의	0.049180
지	성	주	0.049180
지	성	손	0.049180
지	성	전	0.049180
지	세	금	0.200000
지	션	에	0.233333
지	션	들	0.166667
지	소	비	0.297872
지	소	미	0.127660
지	소	재	0.106383
지	속	적	0.333333
지	속	가	0.190639
지	속	되	0.121005
지	속	될	0.087900
지	속	해	0.055936
지	속	하	0.046804
지	속	할	0.026256
지	속	된	0.025114
지	속	성	0.020548
지	속	한	0.007991
지	속	확	0.006849
지	속	에	0.005708
지	속	시	0.005708
지	속	발	0.005708
지	속	강	0.005708
지	속	이	0.004566
지	속	전	0.004566
지	속	돼	0.004566
지	속	지	0.004566
지	속	과	0.004566
지	속	불	0.003425
지	속	중	0.003425
지	손	가	0.363636
지	수	는	0.264706
지	수	가	0.157754
지	수	도	0.074866
지	수	다	0.053476
지	수	를	0.045455
지	수	입	0.045455
지	수	에	0.040107
지	수	사	0.037433
지	수	상	0.037433
지	수	요	0.029412
지	수	와	0.024064
지	수	의	0.010695
지	수	씨	0.010695
지	수	순	0.010695
지	수	준	0.008021
지	수	하	0.008021
지	수	조	0.008021
지	수	확	0.008021
지	순	차	0.500000
지	시	간	0.553079
지	시	각	0.133758
지	시	를	0.049894
지	시	한	0.039278
지	시	설	0.032909
지	시	에	0.021231
지	시	가	0.019108
지	시	하	0.018047
지	시	장	0.018047
지	시	로	0.016985
지	시	도	0.010616
지	시	위	0.007431
지	시	키	0.007431
지	시	사	0.006369
지	시	할	0.005308
지	시	와	0.005308
지	시	의	0.004246
지	시	는	0.004246
지	시	나	0.004246
지	시	등	0.003185
지	시	해	0.003185
지	신	경	0.187500
지	신	속	0.125000
지	신	고	0.125000
지	신	중	0.093750
지	신	선	0.093750
지	싸	우	0.571429
지	싸	울	0.428571
지	씨	는	0.363636
지	아	주	0.283333
지	아	니	0.166667
지	아	는	0.058333
지	아	우	0.058333
지	아	에	0.050000
지	아	무	0.033333
지	아	이	0.033333
지	아	가	0.033333
지	아	와	0.025000
지	아	공	0.025000
지	아	시	0.025000
지	아	잔	0.025000
지	악	화	0.833333
지	안	에	0.151515
지	안	전	0.151515
지	안	정	0.090909
지	알	아	0.303030
지	알	고	0.212121
지	알	수	0.212121
지	알	지	0.121212
지	알	게	0.090909
지	앞	으	0.636364
지	야	드	0.500000
지	약	물	0.625000
지	양	해	0.166667
지	양	하	0.166667
지	어	진	0.090909
지	어	내	0.045455
지	어	는	0.045455
지	어	야	0.037879
지	어	지	0.037879
지	어	이	0.037879
지	어	디	0.030303
지	어	대	0.030303
지	어	주	0.022727
지	어	서	0.022727
지	어	질	0.022727
지	엄	에	0.212121
지	엄	한	0.090909
지	엄	을	0.090909
지	엄	은	0.090909
지	에	서	0.348806
지	에	대	0.217507
지	에	는	0.035809
지	에	도	0.030504
지	에	게	0.026525
지	에	이	0.025199
지	에	공	0.021220
지	에	나	0.013263
지	에	올	0.011936
지	에	지	0.010610
지	에	전	0.010610
지	에	달	0.007958
지	에	정	0.007958
지	에	세	0.007958
지	에	더	0.006631
지	에	입	0.006631
지	에	만	0.005305
지	에	반	0.005305
지	에	위	0.005305
지	에	집	0.005305
지	에	선	0.005305
지	에	들	0.005305
지	에	오	0.005305
지	에	가	0.005305
지	에	제	0.003979
지	에	힘	0.003979
지	에	포	0.003979
지	에	적	0.003979
지	에	진	0.003979
지	에	너	0.003979
지	엘	라	1.000000
지	여	부	0.766234
지	여	성	0.090909
지	역	에	0.244560
지	역	의	0.087032
지	역	을	0.065274
지	역	사	0.046562
지	역	은	0.046127
지	역	이	0.045692
지	역	으	0.037859
지	역	별	0.032637
지	역	경	0.026545
지	역	주	0.025674
지	역	인	0.023064
지	역	과	0.020017
지	역	구	0.019147
지	역	내	0.018712
지	역	발	0.012185
지	역	대	0.010444
지	역	화	0.008703
지	역	위	0.008703
지	역	일	0.007833
지	역	가	0.007833
지	역	도	0.007833
지	역	정	0.007398
지	역	본	0.007398
지	역	시	0.006963
지	역	상	0.006092
지	역	해	0.006092
지	역	전	0.006092
지	역	공	0.006092
지	역	아	0.005222
지	역	지	0.004787
지	열	린	0.416667
지	열	병	0.208333
지	영	상	0.121951
지	영	역	0.097561
지	영	은	0.073171
지	영	의	0.073171
지	영	이	0.073171
지	영	씨	0.073171
지	옆	에	1.000000
지	예	산	0.270270
지	예	정	0.135135
지	예	수	0.108108
지	예	전	0.108108
지	예	약	0.081081
지	예	상	0.081081
지	오	를	0.135135
지	오	늘	0.094595
지	오	는	0.081081
지	오	더	0.081081
지	오	피	0.067568
지	오	의	0.054054
지	오	게	0.040541
지	오	에	0.040541
지	오	비	0.040541
지	온	라	0.625000
지	올	라	0.711111
지	올	리	0.133333
지	올	해	0.088889
지	와	함	0.066667
지	와	인	0.046154
지	와	상	0.035897
지	와	사	0.035897
지	와	자	0.030769
지	와	달	0.030769
지	와	경	0.030769
지	와	의	0.030769
지	와	이	0.025641
지	와	소	0.025641
지	와	전	0.025641
지	와	지	0.020513
지	와	성	0.020513
지	와	대	0.020513
지	와	비	0.020513
지	와	안	0.020513
지	와	어	0.020513
지	와	가	0.020513
지	와	아	0.020513
지	와	바	0.020513
지	와	는	0.015385
지	와	공	0.015385
지	와	무	0.015385
지	와	친	0.015385
지	요	금	0.285714
지	요	구	0.250000
지	요	법	0.107143
지	우	리	0.269841
지	우	지	0.158730
지	우	고	0.095238
지	우	는	0.079365
지	우	주	0.047619
지	우	선	0.047619
지	운	영	0.750000
지	울	수	0.666667
지	워	지	0.285714
지	원	하	0.173892
지	원	을	0.150289
지	원	한	0.056840
지	원	금	0.052987
지	원	사	0.050578
지	원	이	0.039981
지	원	할	0.039499
지	원	에	0.037091
지	원	해	0.032274
지	원	대	0.031310
지	원	과	0.029865
지	원	등	0.026975
지	원	은	0.017341
지	원	단	0.016378
지	원	전	0.015896
지	원	방	0.015896
지	원	자	0.015414
지	원	도	0.010116
지	원	의	0.008671
지	원	정	0.008189
지	원	서	0.008189
지	원	책	0.007707
지	원	제	0.007707
지	원	법	0.007225
지	원	으	0.006744
지	원	비	0.005780
지	원	예	0.005780
지	원	강	0.005780
지	원	된	0.005299
지	원	시	0.005299
지	위	를	0.366412
지	위	에	0.099237
지	위	가	0.083969
지	위	원	0.083969
지	위	주	0.068702
지	위	반	0.053435
지	위	와	0.022901
지	위	부	0.022901
지	은	이	0.360000
지	은	뒤	0.080000
지	은	것	0.060000
지	은	대	0.060000
지	은	지	0.060000
지	을	수	0.318182
지	을	때	0.136364
지	을	예	0.136364
지	응	원	0.750000
지	의	문	0.093750
지	의	발	0.043750
지	의	사	0.040625
지	의	구	0.031250
지	의	영	0.028125
지	의	질	0.028125
지	의	대	0.028125
지	의	무	0.028125
지	의	주	0.025000
지	의	말	0.021875
지	의	미	0.018750
지	의	원	0.018750
지	의	존	0.018750
지	의	과	0.018750
지	의	경	0.018750
지	의	의	0.015625
지	의	인	0.015625
지	의	진	0.015625
지	의	왕	0.012500
지	의	해	0.012500
지	의	시	0.012500
지	의	중	0.012500
지	의	수	0.012500
지	의	비	0.012500
지	의	개	0.012500
지	의	부	0.012500
지	의	이	0.012500
지	의	마	0.009375
지	의	조	0.009375
지	의	전	0.009375
지	이	어	0.294118
지	이	해	0.096257
지	이	상	0.048128
지	이	전	0.048128
지	이	야	0.037433
지	이	를	0.037433
지	이	사	0.032086
지	이	대	0.032086
지	이	미	0.026738
지	이	자	0.026738
지	이	고	0.026738
지	이	날	0.021390
지	이	란	0.021390
지	이	지	0.021390
지	이	후	0.016043
지	이	목	0.016043
지	이	코	0.016043
지	이	번	0.016043
지	인	들	0.160000
지	인	이	0.092000
지	인	에	0.068000
지	인	의	0.052000
지	인	을	0.032000
지	인	인	0.032000
지	인	과	0.028000
지	인	공	0.024000
지	인	정	0.024000
지	인	지	0.020000
지	인	천	0.020000
지	인	서	0.020000
지	인	간	0.016000
지	인	등	0.016000
지	인	아	0.016000
지	인	데	0.016000
지	인	부	0.016000
지	인	상	0.016000
지	인	마	0.012000
지	인	가	0.012000
지	인	고	0.012000
지	인	사	0.012000
지	인	구	0.012000
지	인	신	0.012000
지	인	으	0.012000
지	일	부	0.125000
지	일	본	0.112500
지	일	원	0.087500
지	일	하	0.062500
지	일	대	0.062500
지	일	주	0.062500
지	일	것	0.050000
지	일	반	0.037500
지	일	자	0.037500
지	일	일	0.037500
지	일	할	0.037500
지	입	니	0.242424
지	입	장	0.242424
지	입	주	0.090909
지	자	들	0.265918
지	자	이	0.048689
지	자	원	0.033708
지	자	신	0.033708
지	자	중	0.033708
지	자	가	0.029963
지	자	의	0.026217
지	자	는	0.022472
지	자	를	0.018727
지	자	지	0.018727
지	자	정	0.018727
지	자	리	0.018727
지	자	고	0.018727
지	자	한	0.018727
지	자	대	0.018727
지	자	에	0.014981
지	자	와	0.011236
지	자	여	0.011236
지	자	우	0.011236
지	자	경	0.011236
지	자	주	0.011236
지	자	조	0.011236
지	자	미	0.011236
지	장	이	0.354167
지	장	을	0.333333
지	장	소	0.083333
지	장	애	0.062500
지	재	단	0.470588
지	재	정	0.117647
지	재	원	0.088235
지	저	장	0.222222
지	저	지	0.166667
지	적	이	0.335025
지	적	도	0.131980
지	적	하	0.120135
지	적	에	0.111675
지	적	한	0.093063
지	적	을	0.055838
지	적	자	0.049069
지	적	장	0.013536
지	적	된	0.010152
지	적	되	0.010152
지	적	해	0.008460
지	적	할	0.006768
지	적	재	0.006768
지	적	참	0.005076
지	적	응	0.005076
지	전	세	0.153846
지	전	달	0.115385
지	전	문	0.076923
지	전	자	0.064103
지	전	혀	0.051282
지	전	해	0.038462
지	전	과	0.038462
지	전	시	0.038462
지	전	이	0.038462
지	전	통	0.038462
지	절	차	0.500000
지	절	약	0.300000
지	점	에	0.321678
지	점	이	0.160839
지	점	을	0.146853
지	점	장	0.055944
지	점	은	0.055944
지	점	인	0.041958
지	점	들	0.020979
지	점	으	0.020979
지	점	의	0.020979
지	정	된	0.138028
지	정	하	0.115493
지	정	책	0.092958
지	정	해	0.092958
지	정	한	0.070423
지	정	확	0.042254
지	정	되	0.039437
지	정	을	0.036620
지	정	의	0.033803
지	정	문	0.025352
지	정	돼	0.022535
지	정	말	0.019718
지	정	부	0.019718
지	정	상	0.019718
지	정	할	0.019718
지	정	및	0.016901
지	정	은	0.014085
지	정	에	0.014085
지	정	병	0.014085
지	정	도	0.011268
지	정	비	0.011268
지	정	후	0.008451
지	정	될	0.008451
지	제	공	0.171875
지	제	도	0.156250
지	제	대	0.093750
지	제	주	0.093750
지	제	조	0.062500
지	제	한	0.062500
지	제	재	0.062500
지	제	시	0.046875
지	제	거	0.046875
지	조	성	0.271186
지	조	사	0.237288
지	조	차	0.101695
지	조	달	0.067797
지	조	각	0.067797
지	조	건	0.050847
지	조	약	0.050847
지	주	목	0.270492
지	주	사	0.081967
지	주	장	0.057377
지	주	소	0.049180
지	주	요	0.040984
지	주	거	0.032787
지	주	가	0.032787
지	주	문	0.032787
지	주	는	0.032787
지	주	들	0.024590
지	주	와	0.024590
지	주	어	0.024590
지	주	의	0.024590
지	준	비	0.833333
지	줄	이	0.250000
지	중	해	0.239130
지	중	이	0.152174
지	중	하	0.108696
지	중	단	0.086957
지	중	에	0.086957
지	중	대	0.065217
지	지	를	0.178994
지	지	자	0.162722
지	지	하	0.134615
지	지	한	0.062130
지	지	원	0.044379
지	지	도	0.042899
지	지	해	0.029586
지	지	만	0.025148
지	지	속	0.023669
지	지	못	0.022189
지	지	부	0.019231
지	지	대	0.017751
지	지	는	0.017751
지	지	역	0.016272
지	지	방	0.014793
지	지	가	0.013314
지	지	선	0.011834
지	지	금	0.010355
지	지	의	0.010355
지	지	할	0.010355
지	지	후	0.010355
지	지	구	0.008876
지	지	세	0.008876
지	지	통	0.007396
지	지	난	0.007396
지	지	성	0.005917
지	지	와	0.005917
지	지	에	0.005917
지	지	로	0.004438
지	지	분	0.004438
지	진	이	0.244898
지	진	으	0.091837
지	진	은	0.061224
지	진	의	0.051020
지	진	을	0.040816
지	진	입	0.040816
지	진	정	0.030612
지	진	에	0.030612
지	진	위	0.030612
지	진	화	0.030612
지	진	속	0.030612
지	진	드	0.030612
지	질	공	0.240000
지	질	조	0.240000
지	질	자	0.120000
지	질	문	0.120000
지	집	무	0.300000
지	차	원	0.156250
지	차	지	0.125000
지	차	별	0.125000
지	차	라	0.093750
지	차	오	0.093750
지	차	올	0.093750
지	참	해	0.400000
지	참	하	0.266667
지	참	여	0.200000
지	책	을	0.409091
지	책	이	0.227273
지	초	상	0.272727
지	초	등	0.272727
지	총	리	0.400000
지	코	로	0.454545
지	코	리	0.181818
지	키	고	0.342246
지	키	는	0.299465
지	키	지	0.224599
지	키	라	0.037433
지	키	워	0.016043
지	키	도	0.016043
지	키	울	0.016043
지	키	자	0.016043
지	킴	이	0.833333
지	타	운	0.400000
지	탄	을	0.500000
지	털	전	0.124260
지	털	성	0.100592
지	털	자	0.076923
지	털	화	0.071006
지	털	아	0.041420
지	털	사	0.032544
지	털	신	0.029586
지	털	대	0.026627
지	털	세	0.026627
지	털	미	0.026627
지	털	이	0.023669
지	털	로	0.023669
지	털	인	0.023669
지	털	포	0.020710
지	털	시	0.020710
지	털	경	0.017751
지	털	산	0.014793
지	털	리	0.011834
지	털	상	0.011834
지	털	금	0.011834
지	털	역	0.011834
지	털	소	0.011834
지	털	분	0.011834
지	털	마	0.011834
지	털	정	0.008876
지	털	데	0.008876
지	털	영	0.008876
지	털	문	0.008876
지	털	서	0.008876
지	통	신	0.321429
지	통	고	0.214286
지	통	제	0.142857
지	투	자	0.708333
지	투	입	0.125000
지	판	단	0.416667
지	판	에	0.125000
지	판	매	0.125000
지	폐	와	0.375000
지	포	함	0.675676
지	포	린	0.108108
지	풀	어	1.000000
지	피	해	0.631579
지	필	요	0.444444
지	하	는	0.358011
지	하	고	0.287293
지	하	지	0.066298
지	하	주	0.051934
지	하	게	0.037569
지	하	루	0.020994
지	하	에	0.019890
지	하	도	0.016575
지	하	거	0.014365
지	하	화	0.014365
지	하	다	0.013260
지	하	자	0.013260
지	하	되	0.009945
지	하	시	0.007735
지	하	수	0.005525
지	하	로	0.005525
지	하	차	0.005525
지	하	나	0.005525
지	하	상	0.005525
지	하	라	0.004420
지	하	가	0.003315
지	하	이	0.003315
지	한	다	0.391892
지	한	것	0.077703
지	한	이	0.037162
지	한	달	0.037162
지	한	번	0.030405
지	한	시	0.023649
지	한	사	0.020270
지	한	만	0.020270
지	한	반	0.013514
지	한	데	0.013514
지	한	채	0.013514
지	한	가	0.010135
지	한	배	0.010135
지	한	바	0.010135
지	한	지	0.010135
지	한	제	0.010135
지	한	후	0.010135
지	한	김	0.010135
지	한	상	0.010135
지	할	수	0.450617
지	할	것	0.246914
지	할	인	0.049383
지	할	정	0.037037
지	할	필	0.037037
지	할	예	0.037037
지	할	경	0.030864
지	할	방	0.024691
지	함	으	0.363636
지	해	야	0.316456
지	해	주	0.094937
지	해	달	0.063291
지	해	온	0.063291
지	해	나	0.031646
지	해	이	0.018987
지	해	서	0.018987
지	해	가	0.018987
지	해	경	0.018987
지	해	줄	0.018987
지	현	전	0.157143
지	현	은	0.128571
지	현	더	0.114286
지	현	공	0.100000
지	현	대	0.071429
지	현	장	0.057143
지	현	인	0.057143
지	현	비	0.042857
지	현	이	0.042857
지	형	이	0.256410
지	형	에	0.102564
지	형	을	0.076923
지	형	과	0.076923
지	형	은	0.076923
지	호	주	0.411765
지	호	소	0.176471
지	화	재	0.173913
지	화	를	0.130435
지	확	인	0.423423
지	확	대	0.369369
지	확	장	0.063063
지	확	산	0.054054
지	확	진	0.036036
지	확	정	0.036036
지	휴	대	0.428571
짐	으	로	1.000000
짐	을	싸	0.190476
짐	을	지	0.142857
짐	이	나	0.312500
짐	이	다	0.187500
짐	하	고	0.384615
짐	하	는	0.384615
쪽	공	간	1.000000
쪽	과	김	0.100000
쪽	과	이	0.075000
쪽	나	라	1.000000
쪽	네	번	1.000000
쪽	다	리	0.875000
쪽	두	번	1.000000
쪽	바	다	1.000000
쪽	사	진	0.983607
쪽	에	서	0.531792
쪽	에	선	0.086705
쪽	에	는	0.063584
쪽	에	이	0.017341
쪽	에	설	0.017341
쪽	에	대	0.017341
쪽	에	위	0.017341
쪽	에	전	0.017341
쪽	으	로	0.994681
쪽	은	이	0.133333
쪽	은	대	0.055556
쪽	은	지	0.055556
쪽	은	인	0.033333
쪽	은	아	0.033333
쪽	은	정	0.033333
쪽	은	전	0.033333
쪽	은	통	0.033333
쪽	이	지	0.070000
쪽	이	이	0.060000
쪽	이	의	0.060000
쪽	이	가	0.060000
쪽	이	마	0.040000
쪽	이	에	0.040000
쪽	이	사	0.040000
쪽	이	는	0.040000
쪽	이	라	0.030000
쪽	이	다	0.030000
쪽	이	아	0.030000
쪽	지	역	0.315789
쪽	지	를	0.210526
쪽	팔	과	0.500000
쪽	해	상	0.692308
채	가	운	0.125000
채	건	물	1.000000
채	걸	리	1.000000
채	금	리	1.000000
채	널	을	0.263959
채	널	에	0.172589
채	널	이	0.071066
채	널	의	0.040609
채	널	로	0.040609
채	널	가	0.035533
채	널	한	0.035533
채	널	은	0.030457
채	널	구	0.030457
채	널	과	0.030457
채	널	인	0.025381
채	널	도	0.015228
채	널	성	0.015228
채	널	사	0.015228
채	되	지	1.000000
채	로	운	0.671053
채	로	전	0.039474
채	롭	게	0.571429
채	를	공	0.117647
채	를	상	0.098039
채	를	발	0.078431
채	를	더	0.058824
채	매	입	0.500000
채	무	자	0.164286
채	무	를	0.157143
채	무	비	0.085714
채	무	조	0.085714
채	무	불	0.064286
채	무	상	0.057143
채	무	가	0.057143
채	무	인	0.050000
채	무	는	0.050000
채	무	의	0.035714
채	무	재	0.028571
채	무	에	0.021429
채	문	제	1.000000
채	비	를	0.500000
채	산	성	1.000000
채	소	가	0.205128
채	소	등	0.128205
채	소	를	0.128205
채	소	와	0.076923
채	시	장	0.750000
채	에	대	0.375000
채	에	서	0.250000
채	에	불	0.187500
채	우	는	0.305556
채	우	고	0.250000
채	우	지	0.194444
채	우	거	0.083333
채	운	다	0.222222
채	울	수	0.454545
채	워	지	0.200000
채	워	가	0.100000
채	워	야	0.100000
채	워	나	0.075000
채	워	진	0.075000
채	워	서	0.075000
채	원	리	0.631579
채	위	원	1.000000
채	은	성	0.800000
채	이	자	0.227273
채	이	배	0.181818
채	이	상	0.181818
채	지	못	0.357143
채	질	하	0.666667
쳐	가	는	0.666667
쳐	나	가	0.375000
쳐	나	갈	0.125000
쳐	나	는	0.125000
쳐	나	고	0.093750
쳐	난	다	1.000000
쳐	내	년	0.250000
쳐	다	시	0.454545
쳐	달	아	0.555556
쳐	달	라	0.444444
쳐	대	통	0.333333
쳐	드	린	0.750000
쳐	만	든	1.000000
쳐	병	원	1.000000
쳐	서	는	0.107143
쳐	야	한	0.413043
쳐	야	하	0.347826
쳐	야	할	0.086957
쳐	여	성	1.000000
쳐	올	해	0.571429
쳐	이	달	0.285714
쳐	이	를	0.214286
쳐	주	는	0.625000
쳐	지	는	0.562500
쳐	지	고	0.187500
쳐	지	난	0.078125
쳐	지	나	0.062500
쳐	진	다	0.725490
쳐	질	수	0.272727
쳐	현	재	0.363636
쳐	현	금	0.272727
쳐	현	지	0.272727
쳐	확	정	1.000000
춤	으	로	1.000000
춤	하	고	0.800000
춤	형	으	0.106667
춤	형	서	0.080000
춤	형	지	0.080000
춤	형	건	0.066667
춤	형	대	0.040000
춤	형	진	0.040000
친	가	운	0.750000
친	것	으	0.578947
친	것	이	0.184211
친	것	은	0.078947
친	것	아	0.039474
친	것	을	0.039474
친	구	들	0.317507
친	구	가	0.145401
친	구	는	0.083086
친	구	를	0.074184
친	구	와	0.074184
친	구	의	0.050445
친	구	에	0.035608
친	구	라	0.023739
친	구	나	0.023739
친	구	로	0.017804
친	구	이	0.014837
친	구	도	0.014837
친	구	등	0.011869
친	구	인	0.011869
친	구	사	0.008902
친	귀	금	1.000000
친	노	친	0.428571
친	다	는	0.517241
친	다	고	0.310345
친	데	대	0.375000
친	뒤	이	0.111111
친	뒤	에	0.095238
친	뒤	자	0.063492
친	뒤	사	0.047619
친	뒤	인	0.047619
친	명	친	0.571429
친	문	재	0.444444
친	문	친	0.277778
친	문	비	0.083333
친	분	이	0.500000
친	분	을	0.214286
친	상	을	0.375000
친	서	를	0.378378
친	서	방	0.243243
친	서	에	0.216216
친	선	경	0.476190
친	선	전	0.285714
친	에	게	0.714286
친	여	성	0.750000
친	이	재	0.324324
친	인	척	0.384615
친	인	고	0.115385
친	일	이	0.294118
친	일	부	0.176471
친	절	하	0.454545
친	절	한	0.272727
친	정	책	0.181818
친	정	부	0.181818
친	정	팀	0.181818
친	정	명	0.136364
친	지	들	0.454545
친	척	들	0.411765
친	척	이	0.176471
친	코	는	0.368421
친	코	가	0.157895
친	한	친	0.461538
친	해	지	0.300000
친	형	이	0.266667
친	형	부	0.200000
친	화	적	0.785714
칼	날	을	0.500000
칼	라	일	0.285714
칼	라	이	0.214286
칼	로	리	0.875000
칼	리	지	0.666667
칼	은	지	0.333333
칼	을	들	0.333333
캠	코	더	0.833333
커	는	지	0.230769
커	다	란	0.937500
커	들	은	0.307692
커	들	을	0.230769
커	로	나	0.384615
커	리	어	0.758621
커	비	미	0.294118
커	비	조	0.235294
커	비	대	0.176471
커	비	백	0.176471
커	상	인	0.600000
커	서	다	0.375000
커	에	서	0.500000
커	지	고	0.633205
커	지	는	0.185328
커	지	자	0.127413
커	지	게	0.027027
커	지	지	0.019305
커	진	다	0.413793
커	진	것	0.137931
커	진	상	0.086207
커	진	만	0.051724
커	질	것	0.435644
커	질	수	0.326733
커	질	가	0.049505
커	질	전	0.049505
커	질	경	0.039604
커	짐	에	1.000000
커	탄	지	1.000000
커	피	를	0.244681
커	피	와	0.106383
커	피	가	0.063830
커	피	는	0.053191
커	피	한	0.053191
커	피	빈	0.042553
커	피	주	0.031915
커	피	전	0.031915
커	피	차	0.031915
커	피	산	0.031915
털	경	제	1.000000
털	대	전	0.666667
털	데	이	1.000000
털	미	디	0.888889
털	분	야	0.750000
털	사	이	0.914286
털	시	대	1.000000
털	어	내	0.571429
털	에	서	0.363636
털	이	미	0.230769
털	인	재	0.714286
털	자	산	1.000000
털	화	를	0.173913
털	화	가	0.130435
팀	가	운	0.833333
팀	과	함	0.161290
팀	과	지	0.096774
팀	과	의	0.096774
팀	과	장	0.096774
팀	구	성	1.000000
팀	들	이	0.285714
팀	들	을	0.214286
팀	들	은	0.214286
팀	목	이	0.500000
팀	분	위	1.000000
팀	선	수	0.928571
팀	소	속	0.818182
팀	손	흥	1.000000
팀	수	비	0.800000
팀	에	서	0.426966
팀	에	도	0.067416
팀	에	게	0.044944
팀	에	배	0.033708
팀	에	는	0.033708
팀	에	대	0.033708
팀	에	이	0.033708
팀	역	대	0.555556
팀	역	시	0.333333
팀	운	영	1.000000
팀	원	들	0.529412
팀	원	이	0.235294
팀	으	로	1.000000
팀	은	이	0.108844
팀	은	지	0.081633
팀	은	오	0.047619
팀	은	그	0.034014
팀	은	우	0.020408
팀	은	수	0.020408
팀	은	설	0.020408
팀	은	정	0.020408
팀	은	경	0.020408
팀	은	자	0.020408
팀	은	또	0.020408
팀	은	두	0.020408
팀	을	이	0.180952
팀	을	구	0.171429
팀	을	상	0.057143
팀	을	만	0.057143
팀	을	운	0.047619
팀	을	응	0.047619
팀	을	가	0.038095
팀	을	떠	0.038095
팀	을	지	0.038095
팀	을	통	0.028571
팀	을	위	0.028571
팀	을	발	0.028571
팀	을	비	0.028571
팀	의	주	0.066667
팀	의	경	0.066667
팀	의	조	0.053333
팀	의	이	0.053333
팀	의	리	0.040000
팀	의	전	0.040000
팀	의	성	0.040000
팀	의	선	0.040000
팀	의	수	0.040000
팀	이	다	0.069231
팀	이	우	0.053846
팀	이	라	0.046154
팀	이	지	0.038462
팀	이	상	0.038462
팀	이	이	0.030769
팀	이	참	0.030769
팀	이	고	0.023077
팀	이	공	0.023077
팀	이	의	0.023077
팀	이	사	0.023077
팀	이	전	0.023077
팀	장	은	0.518248
팀	장	이	0.065693
팀	장	을	0.065693
팀	장	과	0.051095
팀	장	으	0.043796
팀	장	에	0.036496
팀	장	도	0.029197
팀	장	등	0.021898
팀	장	인	0.021898
팀	주	장	0.916667
팀	킴	은	0.800000
팀	팀	장	1.000000
팔	거	나	1.000000
팔	과	다	0.545455
팔	다	리	1.000000
팔	라	지	0.375000
팔	로	워	0.473684
팔	로	어	0.342105
팔	루	자	1.000000
팔	리	는	0.578947
팔	리	지	0.157895
팔	리	고	0.157895
팔	린	다	0.250000
팔	아	도	0.137931
팔	아	야	0.137931
팔	아	수	0.137931
팔	아	주	0.103448
포	가	되	0.105263
포	과	정	1.000000
포	구	에	0.119658
포	구	서	0.111111
포	구	의	0.111111
포	구	여	0.085470
포	구	한	0.059829
포	구	는	0.042735
포	구	등	0.034188
포	구	금	0.034188
포	구	상	0.034188
포	구	노	0.025641
포	구	공	0.025641
포	구	가	0.025641
포	노	마	0.857143
포	니	아	0.875000
포	니	오	0.052083
포	대	를	0.142857
포	도	주	0.125000
포	돼	조	0.363636
포	되	는	0.416667
포	되	고	0.333333
포	된	뒤	0.166667
포	된	이	0.111111
포	드	는	0.277778
포	드	의	0.166667
포	들	의	0.444444
포	들	은	0.148148
포	들	과	0.111111
포	들	을	0.111111
포	들	이	0.111111
포	등	을	0.285714
포	로	로	0.139535
포	로	들	0.093023
포	로	돌	0.069767
포	로	인	0.069767
포	를	이	0.063492
포	를	지	0.047619
포	를	적	0.047619
포	리	자	0.846154
포	리	서	0.076923
포	린	폴	0.750000
포	마	리	0.500000
포	문	을	0.545455
포	미	사	1.000000
포	발	사	1.000000
포	배	양	1.000000
포	병	부	0.190476
포	병	사	0.190476
포	부	를	0.571429
포	상	금	0.500000
포	상	을	0.166667
포	성	장	0.600000
포	쉬	마	1.000000
포	시	대	0.181818
포	시	에	0.151515
포	시	의	0.121212
포	시	장	0.090909
포	시	는	0.090909
포	신	도	0.428571
포	에	서	0.525000
포	에	대	0.100000
포	영	장	0.684211
포	영	사	0.157895
포	워	드	1.000000
포	위	하	0.250000
포	위	론	0.178571
포	위	해	0.142857
포	위	된	0.107143
포	자	를	0.250000
포	장	재	0.229358
포	장	을	0.082569
포	장	하	0.064220
포	장	해	0.055046
포	장	지	0.045872
포	장	도	0.036697
포	장	과	0.036697
포	장	이	0.036697
포	장	된	0.036697
포	조	선	1.000000
포	지	션	0.391304
포	지	엄	0.391304
포	지	역	0.108696
포	지	드	0.065217
포	진	해	0.388889
포	진	시	0.222222
포	집	저	0.571429
포	집	하	0.214286
포	천	시	0.352941
포	천	이	0.176471
포	탄	을	0.333333
포	탄	이	0.333333
포	털	사	0.511111
포	털	에	0.111111
포	털	이	0.066667
포	폐	암	1.000000
포	포	포	0.333333
포	하	는	0.315789
포	하	고	0.280702
포	하	네	0.210526
포	하	거	0.052632
포	한	다	0.204545
포	한	강	0.159091
포	한	것	0.090909
포	한	이	0.090909
포	한	뒤	0.068182
포	한	자	0.068182
포	할	수	0.500000
포	함	한	0.290541
포	함	해	0.256757
포	함	된	0.123552
포	함	하	0.071429
포	함	되	0.071429
포	함	돼	0.067568
포	함	시	0.037645
포	함	될	0.019305
포	함	가	0.004826
포	함	총	0.004826
포	함	에	0.003861
포	함	이	0.003861
포	함	으	0.003861
포	함	을	0.003861
포	함	할	0.002896
포	해	조	0.190476
포	해	경	0.190476
포	해	수	0.142857
포	해	구	0.142857
포	화	지	0.230769
폰	과	대	0.200000
폰	데	어	1.000000
폰	등	을	0.416667
폰	사	진	0.750000
폰	시	장	0.909091
폰	신	제	0.833333
폰	에	서	0.500000
폰	요	금	1.000000
폰	으	로	1.000000
폰	을	통	0.111111
폰	을	제	0.111111
폰	을	사	0.074074
폰	을	구	0.055556
폰	이	나	0.350000
폰	제	조	0.857143
폰	투	약	1.000000
폴	란	드	1.000000
폴	리	오	0.426829
폴	리	에	0.097561
폴	리	탄	0.085366
폴	리	의	0.060976
폴	리	시	0.048780
폴	바	셋	1.000000
폴	시	장	0.600000
폴	에	서	0.600000
폴	의	아	0.230769
피	가	나	0.161290
피	가	전	0.129032
피	가	아	0.096774
피	가	장	0.096774
피	고	인	0.888889
피	고	발	0.020202
피	고	가	0.015152
피	난	지	0.300000
피	난	을	0.300000
피	노	키	0.333333
피	는	전	0.173913
피	는	지	0.130435
피	는	아	0.065217
피	는	꽃	0.065217
피	데	이	1.000000
피	드	백	0.487805
피	드	를	0.195122
피	드	에	0.097561
피	디	수	0.416667
피	라	미	0.583333
피	란	을	0.555556
피	로	도	0.180000
피	로	를	0.180000
피	로	해	0.140000
피	로	가	0.120000
피	로	와	0.080000
피	를	들	0.200000
피	를	마	0.120000
피	를	내	0.053333
피	를	만	0.053333
피	를	위	0.040000
피	를	도	0.040000
피	를	하	0.040000
피	부	양	0.126582
피	부	에	0.126582
피	부	가	0.126582
피	부	과	0.075949
피	부	를	0.075949
피	부	발	0.050633
피	부	및	0.037975
피	비	에	0.500000
피	살	사	0.600000
피	살	된	0.163636
피	살	공	0.145455
피	상	장	0.571429
피	선	거	0.888889
피	성	을	0.272727
피	세	포	1.000000
피	소	드	0.511628
피	소	에	0.209302
피	소	로	0.139535
피	소	를	0.069767
피	시	장	0.200000
피	시	아	0.133333
피	시	키	0.100000
피	시	가	0.100000
피	신	하	0.571429
피	아	노	0.353383
피	아	니	0.187970
피	아	는	0.052632
피	아	에	0.052632
피	아	의	0.045113
피	아	코	0.037594
피	아	이	0.022556
피	안	타	0.733333
피	안	내	0.133333
피	어	리	0.171429
피	어	난	0.142857
피	어	오	0.114286
피	어	를	0.085714
피	어	올	0.085714
피	에	서	0.250000
피	에	타	0.150000
피	오	리	0.375000
피	우	는	0.444444
피	우	고	0.222222
피	의	자	0.875862
피	의	사	0.041379
피	이	에	0.625000
피	자	금	0.187500
피	전	문	1.000000
피	지	수	0.380952
피	지	에	0.238095
피	지	못	0.142857
피	커	로	0.185185
피	커	를	0.148148
피	커	폰	0.111111
피	커	등	0.111111
피	커	가	0.111111
피	털	이	0.181818
피	털	인	0.181818
피	털	사	0.136364
피	폐	해	1.000000
피	하	는	0.264901
피	하	다	0.218543
피	하	고	0.205298
피	하	지	0.099338
피	하	게	0.099338
피	하	라	0.033113
피	하	자	0.026490
피	한	상	0.125000
피	한	사	0.107143
피	한	것	0.089286
피	한	다	0.071429
피	한	잔	0.071429
피	한	조	0.071429
피	한	경	0.053571
피	한	채	0.053571
피	할	수	0.555556
피	할	것	0.259259
피	할	전	0.061728
피	해	자	0.406173
피	해	를	0.185185
피	해	가	0.107407
피	해	는	0.038272
피	해	지	0.024074
피	해	사	0.019136
피	해	상	0.019136
피	해	에	0.012346
피	해	로	0.011111
피	해	야	0.009259
피	해	도	0.008642
피	해	아	0.008642
피	해	현	0.006790
피	해	주	0.006790
피	해	금	0.006790
피	해	와	0.006173
피	해	신	0.006173
피	해	여	0.005556
피	해	정	0.005556
피	해	의	0.005556
피	해	예	0.005556
피	해	구	0.005556
피	해	서	0.004321
피	해	등	0.003704
피	해	호	0.003704
피	해	차	0.003704
피	해	대	0.003704
피	해	이	0.003086
피	해	갈	0.002469
피	해	방	0.002469
필	귀	정	1.000000
필	두	로	1.000000
필	드	에	0.359375
필	드	는	0.093750
필	드	로	0.062500
필	드	운	0.046875
필	드	대	0.046875
필	드	코	0.046875
필	로	폰	0.857143
필	리	핀	0.986111
필	사	적	0.500000
필	수	적	0.410256
필	수	인	0.064103
필	수	의	0.051282
필	수	라	0.038462
필	수	가	0.038462
필	수	로	0.032051
필	수	다	0.025641
필	수	과	0.025641
필	수	정	0.019231
필	수	이	0.019231
필	수	조	0.019231
필	수	사	0.019231
필	수	아	0.019231
필	수	요	0.019231
필	수	시	0.019231
필	요	하	0.364095
필	요	한	0.292990
필	요	가	0.144226
필	요	성	0.084720
필	요	할	0.024710
필	요	로	0.020171
필	요	해	0.019163
필	요	는	0.012103
필	요	시	0.009077
필	요	에	0.008069
필	요	도	0.007060
필	요	인	0.002017
필	요	를	0.001513
필	자	는	0.437500
필	자	가	0.281250
하	가	정	0.102564
하	가	가	0.076923
하	가	걸	0.076923
하	가	구	0.076923
하	거	나	0.982036
하	거	든	0.009980
하	거	주	0.005988
하	게	된	0.091072
하	게	되	0.054284
하	게	하	0.050695
하	게	만	0.045312
하	게	대	0.033199
하	게	이	0.030956
하	게	될	0.027815
하	게	반	0.024226
하	게	해	0.019740
하	게	지	0.019740
하	게	한	0.019291
하	게	나	0.016599
하	게	사	0.016151
하	게	돼	0.015253
하	게	살	0.015253
하	게	다	0.014356
하	게	여	0.013459
하	게	구	0.012113
하	게	말	0.012113
하	게	비	0.011664
하	게	전	0.011216
하	게	정	0.011216
하	게	진	0.010319
하	게	조	0.010319
하	게	부	0.009870
하	게	수	0.009421
하	게	제	0.009421
하	게	요	0.008973
하	게	고	0.008973
하	게	불	0.008524
하	고	자	0.055054
하	고	이	0.048511
하	고	그	0.027527
하	고	나	0.027301
하	고	지	0.025271
하	고	사	0.024143
하	고	대	0.020984
하	고	정	0.018953
하	고	경	0.016697
하	고	공	0.015569
하	고	다	0.015569
하	고	도	0.015117
하	고	전	0.014440
하	고	우	0.013538
하	고	주	0.013312
하	고	부	0.012635
하	고	수	0.012635
하	고	미	0.012410
하	고	인	0.011958
하	고	한	0.011056
하	고	일	0.011056
하	고	해	0.011056
하	고	시	0.010830
하	고	비	0.010605
하	고	안	0.009928
하	고	고	0.009928
하	고	조	0.009702
하	고	중	0.009477
하	고	아	0.009025
하	고	소	0.009025
하	공	공	0.545455
하	긴	어	0.500000
하	긴	하	0.125000
하	긴	이	0.125000
하	길	바	0.560976
하	길	원	0.146341
하	길	고	0.073171
하	길	간	0.073171
하	나	의	0.145540
하	나	로	0.139671
하	나	다	0.064554
하	나	인	0.063380
하	나	는	0.058685
하	나	가	0.058685
하	나	라	0.053991
하	나	를	0.041080
하	나	은	0.039906
하	나	금	0.031690
하	나	하	0.030516
하	나	도	0.029343
하	나	만	0.025822
하	나	둘	0.021127
하	나	요	0.010563
하	나	에	0.009390
하	나	님	0.008216
하	나	고	0.008216
하	나	이	0.008216
하	나	원	0.008216
하	나	투	0.007042
하	나	더	0.007042
하	나	시	0.007042
하	나	우	0.007042
하	나	대	0.005869
하	나	일	0.004695
하	나	정	0.003521
하	나	입	0.003521
하	나	아	0.003521
하	나	어	0.003521
하	네	다	0.515152
하	네	요	0.303030
하	노	이	0.733333
하	는	것	0.164900
하	는	데	0.072149
하	는	등	0.053099
하	는	방	0.043531
하	는	사	0.031980
하	는	게	0.026722
하	는	이	0.025429
하	는	경	0.021722
하	는	지	0.021033
하	는	일	0.017929
하	는	대	0.016464
하	는	시	0.015344
하	는	과	0.015257
하	는	한	0.014482
하	는	상	0.014223
하	는	내	0.013447
하	는	가	0.012413
하	는	건	0.012240
하	는	정	0.011551
하	는	수	0.010603
하	는	공	0.009827
하	는	비	0.009654
하	는	자	0.009310
하	는	제	0.008792
하	는	전	0.008706
하	는	중	0.007930
하	는	부	0.006982
하	는	주	0.006896
하	는	인	0.006896
하	는	분	0.006637
하	늘	을	0.255639
하	늘	에	0.150376
하	늘	이	0.105263
하	늘	로	0.090226
하	늘	의	0.067669
하	늘	과	0.052632
하	늘	은	0.037594
하	늘	나	0.030075
하	늘	길	0.030075
하	늘	하	0.022556
하	니	하	0.068966
하	니	어	0.051724
하	다	고	0.531594
하	다	는	0.271304
하	다	가	0.088116
하	다	라	0.023768
하	다	니	0.003478
하	다	다	0.002899
하	다	사	0.002899
하	다	거	0.002899
하	다	등	0.002899
하	다	지	0.002319
하	다	돌	0.002319
하	다	이	0.002319
하	다	적	0.002319
하	다	하	0.002319
하	다	마	0.001739
하	다	대	0.001739
하	다	일	0.001739
하	다	경	0.001739
하	다	그	0.001739
하	다	불	0.001739
하	다	올	0.001739
하	단	에	0.391304
하	단	의	0.217391
하	대	성	0.173913
하	대	소	0.130435
하	더	라	0.877934
하	더	니	0.103286
하	더	군	0.018779
하	도	상	0.222222
하	도	로	0.222222
하	되	는	0.112903
하	되	다	0.048387
하	되	정	0.048387
하	되	어	0.048387
하	되	대	0.048387
하	될	것	0.428571
하	드	린	0.214286
하	든	지	0.450000
하	듯	이	0.277778
하	듯	말	0.083333
하	등	으	0.130435
하	등	을	0.130435
하	디	드	0.600000
하	또	는	1.000000
하	라	고	0.605263
하	라	는	0.330144
하	라	라	0.007177
하	로	이	0.142857
하	로	줄	0.122449
하	로	확	0.081633
하	로	내	0.081633
하	루	만	0.131291
하	루	앞	0.102845
하	루	에	0.087527
하	루	전	0.072210
하	루	확	0.048140
하	루	가	0.045952
하	루	하	0.043764
하	루	를	0.041575
하	루	아	0.037199
하	루	사	0.035011
하	루	신	0.028446
하	루	라	0.026258
하	루	도	0.024070
하	루	이	0.021882
하	루	뒤	0.017505
하	루	새	0.017505
하	루	속	0.013129
하	루	일	0.013129
하	루	두	0.010941
하	루	한	0.010941
하	루	입	0.008753
하	루	단	0.008753
하	루	배	0.008753
하	루	약	0.008753
하	루	쉬	0.006565
하	루	지	0.006565
하	루	의	0.006565
하	루	중	0.006565
하	루	키	0.006565
하	를	위	0.125000
하	를	막	0.075000
하	를	단	0.075000
하	리	라	0.322581
하	리	수	0.161290
하	리	코	0.161290
하	마	을	0.406250
하	마	드	0.218750
하	마	다	0.156250
하	무	대	0.571429
하	반	신	0.636364
하	방	리	0.214286
하	방	요	0.214286
하	부	구	0.250000
하	부	에	0.187500
하	비	에	0.500000
하	사	의	0.235294
하	사	는	0.235294
하	상	가	0.666667
하	서	한	0.600000
하	성	은	0.392857
하	성	이	0.142857
하	성	의	0.142857
하	성	운	0.107143
하	세	요	0.880000
하	소	서	0.466667
하	소	아	0.200000
하	수	도	0.333333
하	수	가	0.111111
하	시	는	0.425926
하	시	고	0.138889
하	시	길	0.083333
하	시	라	0.074074
하	시	설	0.037037
하	시	키	0.027778
하	시	인	0.027778
하	시	마	0.027778
하	신	분	0.311475
하	신	것	0.229508
하	신	다	0.081967
하	알	에	1.000000
하	야	시	0.882353
하	에	서	0.314961
하	에	대	0.055118
하	에	사	0.031496
하	에	게	0.023622
하	에	이	0.023622
하	에	해	0.023622
하	에	우	0.023622
하	여	야	0.064220
하	여	금	0.048930
하	여	이	0.036697
하	여	지	0.027523
하	여	전	0.024465
하	여	사	0.024465
하	여	고	0.021407
하	여	대	0.021407
하	여	일	0.021407
하	여	안	0.018349
하	여	인	0.018349
하	여	조	0.018349
하	여	다	0.018349
하	여	공	0.018349
하	여	상	0.015291
하	여	자	0.015291
하	여	확	0.012232
하	여	신	0.012232
하	여	성	0.012232
하	여	제	0.012232
하	여	현	0.012232
하	여	코	0.012232
하	여	아	0.009174
하	여	재	0.009174
하	여	경	0.009174
하	여	주	0.009174
하	여	는	0.009174
하	여	도	0.009174
하	여	단	0.009174
하	여	수	0.009174
하	역	시	0.300000
하	역	장	0.300000
하	와	이	0.693878
하	요	구	0.750000
하	우	를	0.581081
하	우	가	0.148649
하	우	시	0.054054
하	우	등	0.040541
하	원	의	0.538462
하	원	에	0.092308
하	원	은	0.084615
하	원	이	0.061538
하	원	을	0.046154
하	원	군	0.023077
하	위	원	0.125000
하	은	의	0.428571
하	의	원	0.213592
하	의	벌	0.194175
하	의	말	0.029126
하	의	아	0.029126
하	의	과	0.029126
하	이	닉	0.212230
하	이	머	0.071942
하	이	오	0.071942
하	이	에	0.064748
하	이	시	0.046763
하	이	드	0.043165
하	이	와	0.032374
하	이	라	0.028777
하	이	는	0.028777
하	이	마	0.025180
하	이	원	0.025180
하	이	다	0.021583
하	이	주	0.017986
하	이	의	0.017986
하	이	난	0.017986
하	이	등	0.014388
하	이	투	0.014388
하	이	서	0.010791
하	이	고	0.010791
하	이	를	0.010791
하	이	볼	0.010791
하	이	킹	0.010791
하	이	디	0.010791
하	이	넷	0.010791
하	이	든	0.010791
하	인	사	0.266667
하	인	드	0.166667
하	인	경	0.100000
하	일	로	0.428571
하	자	는	0.220779
하	자	고	0.166976
하	자	이	0.068646
하	자	마	0.040816
하	자	가	0.027829
하	자	한	0.022263
하	자	그	0.020408
하	자	아	0.016698
하	자	김	0.014842
하	자	지	0.014842
하	자	사	0.012987
하	자	자	0.012987
하	자	일	0.011132
하	자	전	0.009276
하	자	요	0.009276
하	자	미	0.009276
하	자	중	0.009276
하	자	여	0.009276
하	자	대	0.009276
하	자	등	0.009276
하	자	정	0.007421
하	자	주	0.007421
하	자	와	0.007421
하	자	조	0.005566
하	자	바	0.005566
하	자	저	0.005566
하	자	에	0.005566
하	자	수	0.005566
하	자	금	0.005566
하	자	영	0.005566
하	장	이	0.235294
하	정	우	0.214286
하	정	책	0.214286
하	정	도	0.214286
하	제	일	1.000000
하	주	차	0.885714
하	준	경	0.600000
하	중	을	0.307692
하	중	이	0.192308
하	지	만	0.648509
하	지	못	0.239234
하	지	말	0.046743
하	지	는	0.031285
하	지	도	0.016194
하	지	마	0.004785
하	지	라	0.002944
하	지	가	0.001104
하	지	아	0.001104
하	지	점	0.001104
하	차	한	0.150000
하	차	도	0.125000
하	차	를	0.100000
하	차	시	0.100000
하	차	질	0.100000
하	천	이	0.137931
하	천	에	0.137931
하	천	의	0.103448
하	필	이	0.428571
하	하	는	0.462687
하	하	고	0.179104
하	하	지	0.044776
하	한	다	0.370370
하	한	것	0.185185
하	해	주	0.250000
하	화	하	0.230769
하	화	사	0.230769
한	가	운	0.496875
한	가	지	0.096875
한	가	상	0.053125
한	가	정	0.037500
한	가	구	0.031250
한	가	을	0.028125
한	가	이	0.028125
한	가	장	0.028125
한	가	게	0.021875
한	가	하	0.012500
한	가	입	0.012500
한	가	라	0.012500
한	가	롭	0.012500
한	가	수	0.012500
한	가	사	0.012500
한	가	요	0.009375
한	가	에	0.009375
한	가	위	0.009375
한	가	로	0.009375
한	각	도	0.214286
한	간	호	0.277778
한	간	의	0.166667
한	갈	등	0.750000
한	강	공	0.187050
한	강	수	0.086331
한	강	사	0.071942
한	강	이	0.071942
한	강	대	0.043165
한	강	의	0.043165
한	강	을	0.035971
한	강	경	0.035971
한	강	제	0.028777
한	강	과	0.028777
한	강	한	0.028777
한	강	에	0.021583
한	강	도	0.021583
한	강	화	0.021583
한	강	진	0.021583
한	강	원	0.021583
한	개	인	0.307692
한	개	발	0.186813
한	개	선	0.109890
한	개	정	0.076923
한	개	도	0.043956
한	개	별	0.032967
한	개	방	0.032967
한	거	리	0.229508
한	거	부	0.098361
한	거	지	0.081967
한	거	짓	0.065574
한	거	의	0.049180
한	거	아	0.049180
한	건	물	0.101351
한	건	설	0.101351
한	건	강	0.087838
한	건	이	0.074324
한	건	아	0.054054
한	건	지	0.054054
한	건	전	0.040541
한	건	대	0.027027
한	건	사	0.027027
한	건	데	0.027027
한	건	의	0.027027
한	건	배	0.020270
한	건	정	0.020270
한	건	도	0.020270
한	걸	음	0.555556
한	걸	로	0.259259
한	것	으	0.370370
한	것	이	0.300154
한	것	은	0.130787
한	것	을	0.044367
한	것	에	0.042052
한	것	과	0.027778
한	것	도	0.023920
한	것	인	0.013117
한	것	아	0.010417
한	것	일	0.005787
한	것	입	0.003858
한	것	만	0.003472
한	것	들	0.003472
한	것	자	0.002315
한	것	뿐	0.001543
한	것	역	0.001157
한	것	부	0.001157
한	것	또	0.001157
한	것	대	0.001157
한	게	아	0.533333
한	게	시	0.106667
한	경	우	0.474074
한	경	제	0.285185
한	경	영	0.077778
한	경	고	0.044444
한	경	각	0.029630
한	경	위	0.018519
한	경	로	0.014815
한	경	선	0.014815
한	경	주	0.011111
한	고	위	0.147287
한	고	발	0.093023
한	고	등	0.069767
한	고	통	0.069767
한	고	지	0.038760
한	고	양	0.038760
한	고	정	0.038760
한	고	속	0.038760
한	고	인	0.031008
한	고	리	0.031008
한	고	마	0.031008
한	고	소	0.031008
한	고	도	0.023256
한	고	성	0.023256
한	곡	이	0.363636
한	곡	물	0.227273
한	곡	을	0.181818
한	곳	이	0.285714
한	곳	에	0.285714
한	곳	으	0.134454
한	곳	은	0.084034
한	곳	을	0.042017
한	곳	의	0.042017
한	곳	도	0.033613
한	곳	만	0.025210
한	공	간	0.168103
한	공	공	0.094828
한	공	사	0.064655
한	공	로	0.051724
한	공	약	0.047414
한	공	세	0.043103
한	공	조	0.043103
한	공	무	0.043103
한	공	정	0.038793
한	공	수	0.038793
한	공	포	0.034483
한	공	개	0.034483
한	공	화	0.025862
한	공	천	0.025862
한	공	부	0.021552
한	공	인	0.021552
한	공	을	0.017241
한	공	적	0.017241
한	공	통	0.012931
한	공	소	0.012931
한	공	시	0.012931
한	공	방	0.012931
한	과	제	0.247934
한	과	정	0.132231
한	과	거	0.132231
한	과	의	0.099174
한	과	도	0.066116
한	과	목	0.033058
한	과	일	0.024793
한	과	세	0.024793
한	구	속	0.261261
한	구	상	0.234234
한	구	조	0.189189
한	구	역	0.054054
한	구	성	0.027027
한	구	분	0.027027
한	군	사	0.330097
한	군	에	0.116505
한	군	인	0.067961
한	군	이	0.058252
한	군	은	0.058252
한	군	의	0.048544
한	군	데	0.038835
한	군	수	0.029126
한	군	총	0.029126
한	그	는	0.390244
한	그	의	0.182927
한	그	루	0.060976
한	그	들	0.060976
한	그	리	0.048780
한	그	어	0.036585
한	그	린	0.036585
한	글	로	0.471264
한	글	을	0.080460
한	글	날	0.080460
한	글	과	0.057471
한	글	이	0.057471
한	글	자	0.045977
한	글	에	0.045977
한	금	리	0.439024
한	금	강	0.146341
한	금	요	0.097561
한	긴	장	0.875000
한	길	을	0.260870
한	길	이	0.217391
한	김	정	0.145631
한	김	씨	0.077670
한	김	준	0.058252
한	김	수	0.048544
한	김	주	0.048544
한	김	의	0.038835
한	김	부	0.038835
한	김	총	0.029126
한	김	재	0.029126
한	꺼	번	0.925000
한	꼴	이	0.714286
한	꿈	이	0.230769
한	꿈	과	0.230769
한	끝	에	1.000000
한	나	라	0.634615
한	나	머	0.125000
한	나	를	0.038462
한	나	무	0.028846
한	난	제	0.428571
한	날	이	0.317073
한	날	씨	0.219512
한	날	에	0.121951
한	날	은	0.073171
한	내	부	0.260274
한	내	년	0.109589
한	내	에	0.054795
한	내	조	0.054795
한	내	일	0.054795
한	내	예	0.041096
한	내	인	0.041096
한	내	분	0.041096
한	네	이	0.357143
한	노	인	0.188679
한	노	년	0.113208
한	노	하	0.075472
한	노	후	0.075472
한	노	조	0.056604
한	노	바	0.056604
한	노	무	0.056604
한	노	선	0.056604
한	뇌	경	0.444444
한	눈	에	0.500000
한	눈	빛	0.100000
한	눈	을	0.075000
한	눈	으	0.075000
한	다	고	0.618544
한	다	는	0.310113
한	다	라	0.019457
한	다	양	0.016334
한	다	음	0.006245
한	다	이	0.002883
한	다	수	0.001922
한	다	해	0.001681
한	다	든	0.001681
한	다	거	0.001441
한	다	니	0.001441
한	다	지	0.001201
한	다	각	0.001201
한	다	채	0.001201
한	다	하	0.000961
한	다	가	0.000961
한	다	등	0.000721
한	다	중	0.000721
한	다	목	0.000721
한	단	속	0.127273
한	단	백	0.109091
한	단	어	0.109091
한	단	순	0.090909
한	단	지	0.090909
한	단	일	0.072727
한	단	맛	0.072727
한	단	거	0.072727
한	단	호	0.054545
한	달	간	0.246269
한	달	에	0.111940
한	달	이	0.082090
한	달	전	0.059701
한	달	을	0.059701
한	달	만	0.059701
한	달	가	0.052239
한	달	여	0.052239
한	달	도	0.044776
한	달	뒤	0.044776
한	달	째	0.029851
한	달	반	0.022388
한	대	응	0.168293
한	대	통	0.092683
한	대	책	0.090244
한	대	형	0.068293
한	대	가	0.056098
한	대	로	0.053659
한	대	한	0.051220
한	대	선	0.043902
한	대	비	0.031707
한	대	화	0.026829
한	대	목	0.024390
한	대	안	0.024390
한	대	중	0.024390
한	대	장	0.019512
한	대	전	0.017073
한	대	대	0.017073
한	대	의	0.014634
한	대	우	0.014634
한	대	부	0.014634
한	대	상	0.014634
한	대	사	0.012195
한	대	만	0.009756
한	대	리	0.009756
한	대	구	0.009756
한	대	피	0.007317
한	대	입	0.007317
한	대	신	0.007317
한	대	공	0.007317
한	더	불	0.500000
한	데	이	0.394834
한	데	대	0.221402
한	데	다	0.103321
한	데	도	0.025830
한	데	비	0.018450
한	데	서	0.014760
한	데	뒤	0.014760
한	데	어	0.014760
한	데	그	0.014760
한	데	에	0.014760
한	데	는	0.011070
한	데	사	0.011070
한	도	를	0.123894
한	도	발	0.110619
한	도	전	0.106195
한	도	시	0.101770
한	도	로	0.084071
한	도	가	0.057522
한	도	는	0.057522
한	도	도	0.048673
한	도	내	0.039823
한	도	구	0.022124
한	도	에	0.022124
한	도	리	0.017699
한	도	입	0.017699
한	도	의	0.013274
한	도	널	0.013274
한	도	상	0.013274
한	도	인	0.013274
한	도	초	0.013274
한	돈	을	0.350000
한	돈	은	0.200000
한	돈	이	0.150000
한	되	는	0.391304
한	되	고	0.173913
한	되	어	0.173913
한	되	지	0.130435
한	된	다	0.321429
한	된	것	0.107143
한	된	수	0.107143
한	두	번	0.245614
한	두	사	0.070175
한	두	가	0.070175
한	두	명	0.070175
한	두	잔	0.052632
한	두	통	0.052632
한	두	개	0.052632
한	두	시	0.052632
한	뒤	이	0.097744
한	뒤	에	0.060150
한	뒤	사	0.027569
한	뒤	대	0.025063
한	뒤	다	0.025063
한	뒤	전	0.022556
한	뒤	현	0.022556
한	뒤	지	0.022556
한	뒤	경	0.020050
한	뒤	자	0.017544
한	뒤	곧	0.017544
한	뒤	일	0.017544
한	뒤	조	0.015038
한	뒤	오	0.015038
한	뒤	나	0.015038
한	뒤	수	0.015038
한	뒤	부	0.012531
한	뒤	한	0.012531
한	뒤	양	0.012531
한	뒤	제	0.012531
한	뒤	미	0.012531
한	뒤	아	0.012531
한	뒤	마	0.010025
한	뒤	우	0.010025
한	뒤	인	0.010025
한	뒤	시	0.010025
한	뒤	공	0.010025
한	뒤	정	0.010025
한	뒤	소	0.010025
한	뒤	로	0.010025
한	드	라	0.545455
한	드	론	0.227273
한	드	로	0.136364
한	듯	한	0.217391
한	듯	하	0.130435
한	등	정	0.093750
한	등	을	0.093750
한	디	지	0.466667
한	디	자	0.416667
한	딸	을	0.500000
한	딸	이	0.375000
한	땅	에	0.333333
한	때	는	0.100000
한	때	에	0.087500
한	때	사	0.062500
한	때	라	0.062500
한	때	일	0.037500
한	때	우	0.037500
한	때	한	0.037500
한	때	이	0.037500
한	때	시	0.037500
한	또	다	0.777778
한	라	산	0.290909
한	라	이	0.218182
한	라	디	0.109091
한	라	비	0.054545
한	라	가	0.054545
한	로	드	0.400000
한	로	그	0.160000
한	로	비	0.120000
한	루	머	0.750000
한	리	더	0.357143
한	리	시	0.107143
한	리	디	0.107143
한	마	음	0.409756
한	마	디	0.282927
한	마	리	0.136585
한	마	을	0.063415
한	마	무	0.019512
한	마	약	0.014634
한	마	이	0.014634
한	말	이	0.405405
한	말	을	0.108108
한	말	과	0.081081
한	말	들	0.081081
한	맛	을	0.473684
한	맛	이	0.263158
한	맛	과	0.210526
한	매	장	0.208333
한	매	수	0.166667
한	매	각	0.125000
한	맥	도	0.600000
한	머	리	0.600000
한	명	이	0.258621
한	명	도	0.172414
한	명	의	0.094828
한	명	예	0.086207
한	명	확	0.077586
한	명	은	0.043103
한	명	백	0.034483
한	명	을	0.034483
한	명	인	0.034483
한	명	으	0.025862
한	명	분	0.025862
한	명	단	0.025862
한	명	만	0.025862
한	목	소	0.518519
한	목	적	0.407407
한	몸	이	0.259259
한	몸	에	0.222222
한	몸	싸	0.148148
한	몸	매	0.111111
한	무	인	0.212121
한	무	대	0.136364
한	무	역	0.136364
한	무	경	0.075758
한	무	드	0.060606
한	무	차	0.045455
한	문	제	0.504348
한	문	화	0.160870
한	문	장	0.065217
한	문	재	0.056522
한	문	대	0.039130
한	문	서	0.026087
한	문	책	0.021739
한	문	자	0.017391
한	문	구	0.013043
한	문	의	0.013043
한	물	가	0.215686
한	물	건	0.176471
한	물	을	0.098039
한	물	음	0.058824
한	물	질	0.058824
한	미	일	0.230483
한	미	정	0.139405
한	미	군	0.102230
한	미	사	0.076208
한	미	양	0.044610
한	미	간	0.042751
한	미	공	0.037175
한	미	가	0.029740
한	미	는	0.027881
한	미	약	0.022305
한	미	소	0.018587
한	미	한	0.018587
한	미	자	0.016729
한	미	세	0.013011
한	미	술	0.011152
한	미	안	0.011152
한	미	경	0.011152
한	미	통	0.009294
한	미	의	0.009294
한	미	우	0.007435
한	미	니	0.007435
한	미	금	0.007435
한	미	미	0.007435
한	미	해	0.005576
한	미	글	0.005576
한	미	션	0.005576
한	미	성	0.005576
한	미	상	0.005576
한	미	대	0.005576
한	미	장	0.005576
한	및	한	0.600000
한	바	이	0.309091
한	바	가	0.163636
한	바	다	0.127273
한	바	에	0.109091
한	바	는	0.054545
한	반	도	0.739726
한	반	응	0.057534
한	반	대	0.052055
한	반	발	0.046575
한	반	성	0.032877
한	반	영	0.010959
한	발	전	0.211268
한	발	물	0.140845
한	발	사	0.098592
한	발	자	0.056338
한	발	상	0.042254
한	발	걸	0.042254
한	밤	중	0.687500
한	밤	에	0.187500
한	방	법	0.229885
한	방	역	0.229885
한	방	안	0.183908
한	방	어	0.045977
한	방	위	0.040230
한	방	탄	0.034483
한	방	에	0.034483
한	방	병	0.028736
한	방	의	0.022989
한	방	을	0.022989
한	배	경	0.357143
한	배	우	0.257143
한	배	달	0.085714
한	백	신	0.464286
한	백	화	0.178571
한	백	인	0.107143
한	번	에	0.212121
한	번	도	0.208333
한	번	은	0.037879
한	번	쯤	0.034091
한	번	의	0.030303
한	번	해	0.026515
한	번	더	0.026515
한	번	진	0.022727
한	번	만	0.022727
한	번	이	0.018939
한	번	확	0.015152
한	번	들	0.011364
한	번	점	0.011364
한	번	하	0.011364
한	번	사	0.011364
한	번	주	0.011364
한	번	말	0.011364
한	번	정	0.011364
한	번	으	0.011364
한	번	강	0.011364
한	법	적	0.274336
한	법	안	0.212389
한	법	무	0.070796
한	법	원	0.061947
한	법	개	0.044248
한	법	이	0.044248
한	법	리	0.044248
한	법	인	0.044248
한	법	정	0.044248
한	법	조	0.035398
한	법	제	0.035398
한	벤	투	0.750000
한	별	도	0.600000
한	별	장	0.150000
한	병	원	0.500000
한	병	사	0.117647
한	병	역	0.088235
한	병	도	0.088235
한	볼	거	0.692308
한	볼	로	0.307692
한	부	분	0.446809
한	부	정	0.095745
한	부	장	0.053191
한	부	상	0.053191
한	부	산	0.047872
한	부	대	0.037234
한	부	가	0.031915
한	부	위	0.021277
한	부	서	0.015957
한	부	적	0.015957
한	부	인	0.015957
한	부	부	0.015957
한	부	선	0.015957
한	분	위	0.300000
한	분	야	0.293750
한	분	들	0.087500
한	분	이	0.068750
한	분	양	0.043750
한	분	노	0.031250
한	분	의	0.025000
한	분	배	0.025000
한	분	산	0.018750
한	불	법	0.189655
한	불	만	0.181034
한	불	안	0.172414
한	불	신	0.112069
한	불	이	0.043103
한	불	확	0.043103
한	불	로	0.025862
한	불	길	0.025862
한	불	공	0.025862
한	불	꽃	0.025862
한	비	판	0.317073
한	비	난	0.103659
한	비	가	0.067073
한	비	대	0.060976
한	비	상	0.048780
한	비	전	0.042683
한	비	주	0.036585
한	비	자	0.030488
한	비	중	0.024390
한	비	공	0.024390
한	비	정	0.024390
한	비	서	0.018293
한	비	장	0.018293
한	비	속	0.018293
한	빌	라	0.571429
한	뿐	만	0.571429
한	뿐	아	0.428571
한	사	건	0.190104
한	사	고	0.145833
한	사	안	0.101562
한	사	진	0.101562
한	사	랑	0.062500
한	사	전	0.057292
한	사	과	0.046875
한	사	정	0.046875
한	사	이	0.046875
한	사	상	0.023438
한	사	법	0.015625
한	사	인	0.015625
한	사	무	0.015625
한	사	명	0.013021
한	사	적	0.013021
한	사	우	0.010417
한	사	내	0.010417
한	사	개	0.007812
한	사	물	0.007812
한	사	장	0.007812
한	산	불	0.264151
한	산	한	0.113208
한	산	악	0.075472
한	산	도	0.056604
한	산	성	0.056604
한	살	인	0.285714
한	삶	을	0.500000
한	삶	의	0.230769
한	상	공	0.196581
한	상	의	0.162393
한	상	호	0.094017
한	상	대	0.068376
한	상	상	0.059829
한	상	가	0.034188
한	상	장	0.034188
한	상	자	0.025641
한	상	세	0.025641
한	상	인	0.025641
한	상	어	0.025641
한	상	위	0.025641
한	새	로	0.676923
한	새	해	0.061538
한	새	벽	0.046154
한	서	울	0.388060
한	서	비	0.320896
한	서	방	0.082090
한	서	사	0.029851
한	서	해	0.029851
한	서	한	0.022388
한	서	부	0.022388
한	선	수	0.219178
한	선	거	0.150685
한	선	물	0.082192
한	선	제	0.068493
한	선	을	0.068493
한	선	호	0.061644
한	선	두	0.041096
한	선	주	0.034247
한	선	진	0.034247
한	선	원	0.034247
한	선	고	0.027397
한	선	발	0.020548
한	설	명	0.576923
한	설	문	0.307692
한	설	비	0.057692
한	성	과	0.208333
한	성	장	0.201389
한	성	적	0.104167
한	성	명	0.083333
한	성	인	0.069444
한	성	분	0.055556
한	성	공	0.034722
한	성	대	0.027778
한	성	상	0.020833
한	성	자	0.020833
한	성	백	0.020833
한	세	상	0.345679
한	세	부	0.111111
한	세	제	0.086420
한	세	대	0.086420
한	세	입	0.049383
한	세	수	0.049383
한	세	리	0.037037
한	소	비	0.264865
한	소	방	0.102703
한	소	통	0.097297
한	소	상	0.064865
한	소	재	0.059459
한	소	리	0.054054
한	소	설	0.037838
한	소	형	0.032432
한	소	속	0.027027
한	소	아	0.027027
한	소	절	0.016216
한	소	년	0.016216
한	소	나	0.016216
한	속	도	0.619048
한	속	내	0.238095
한	손	해	0.375000
한	손	흥	0.208333
한	손	으	0.083333
한	손	에	0.083333
한	손	길	0.062500
한	손	상	0.062500
한	수	준	0.251366
한	수	사	0.213115
한	수	원	0.101093
한	수	요	0.090164
한	수	단	0.062842
한	수	도	0.035519
한	수	입	0.021858
한	수	술	0.021858
한	수	소	0.016393
한	수	순	0.010929
한	수	분	0.010929
한	수	리	0.010929
한	수	가	0.008197
한	수	해	0.008197
한	수	산	0.008197
한	수	법	0.008197
한	수	주	0.008197
한	순	간	0.886364
한	술	집	0.428571
한	숨	을	0.500000
한	숨	돌	0.115385
한	시	간	0.290960
한	시	적	0.107345
한	시	점	0.101695
한	시	장	0.076271
한	시	도	0.059322
한	시	대	0.048023
한	시	설	0.048023
한	시	각	0.033898
한	시	나	0.025424
한	시	위	0.019774
한	시	선	0.016949
한	시	일	0.014124
한	시	중	0.014124
한	시	너	0.014124
한	시	정	0.014124
한	시	라	0.011299
한	시	상	0.011299
한	시	의	0.008475
한	시	주	0.008475
한	신	경	0.107143
한	신	속	0.089286
한	신	호	0.071429
한	신	제	0.053571
한	신	발	0.053571
한	신	약	0.053571
한	신	분	0.044643
한	신	원	0.044643
한	신	상	0.044643
한	신	형	0.044643
한	신	인	0.026786
한	신	고	0.026786
한	신	선	0.026786
한	씨	는	0.611111
한	아	이	0.443396
한	아	시	0.132075
한	아	세	0.066038
한	아	들	0.066038
한	아	쉬	0.056604
한	아	무	0.056604
한	아	우	0.028302
한	악	성	0.350000
한	악	의	0.150000
한	안	전	0.445652
한	안	정	0.076087
한	안	내	0.076087
한	안	건	0.043478
한	안	타	0.032609
한	안	이	0.032609
한	안	일	0.032609
한	암	호	0.428571
한	애	정	0.515152
한	애	도	0.333333
한	앤	코	0.600000
한	야	산	0.307692
한	약	속	0.411765
한	약	물	0.176471
한	약	사	0.088235
한	양	대	0.242424
한	양	수	0.080808
한	양	도	0.070707
한	양	해	0.060606
한	양	이	0.060606
한	양	상	0.060606
한	양	적	0.040404
한	양	은	0.040404
한	양	의	0.040404
한	양	사	0.030303
한	양	질	0.030303
한	어	린	0.309524
한	어	조	0.190476
한	어	떠	0.166667
한	어	머	0.095238
한	어	부	0.095238
한	어	선	0.071429
한	엄	마	0.500000
한	엄	중	0.227273
한	엄	정	0.136364
한	에	서	0.216561
한	에	너	0.210191
한	에	대	0.127389
한	에	이	0.038217
한	에	마	0.025478
한	에	경	0.019108
한	에	게	0.019108
한	에	의	0.019108
한	엘	리	0.750000
한	여	성	0.362319
한	여	론	0.282609
한	여	야	0.094203
한	여	자	0.086957
한	여	인	0.036232
한	여	지	0.028986
한	여	정	0.021739
한	역	사	0.378947
한	역	할	0.378947
한	역	대	0.052632
한	역	내	0.052632
한	열	정	0.241379
한	열	열	0.241379
한	열	병	0.137931
한	영	상	0.296296
한	영	화	0.157407
한	영	양	0.129630
한	영	장	0.092593
한	영	역	0.083333
한	예	산	0.401961
한	예	술	0.176471
한	예	비	0.117647
한	예	방	0.068627
한	예	우	0.049020
한	예	로	0.029412
한	오	미	0.205882
한	오	해	0.088235
한	오	후	0.088235
한	오	는	0.088235
한	오	디	0.073529
한	오	은	0.058824
한	오	리	0.058824
한	오	늘	0.058824
한	오	세	0.058824
한	오	피	0.044118
한	온	라	0.666667
한	온	도	0.095238
한	올	해	0.642857
한	올	바	0.107143
한	와	인	0.600000
한	요	구	0.316456
한	요	소	0.291139
한	요	인	0.126582
한	요	리	0.063291
한	요	양	0.063291
한	요	금	0.050633
한	요	건	0.037975
한	우	리	0.404110
한	우	주	0.123288
한	우	선	0.041096
한	우	를	0.034247
한	우	상	0.034247
한	우	대	0.027397
한	우	위	0.027397
한	우	물	0.020548
한	우	정	0.020548
한	우	의	0.020548
한	운	전	0.461538
한	운	영	0.307692
한	울	산	0.416667
한	울	원	0.416667
한	원	인	0.313433
한	원	자	0.149254
한	원	주	0.044776
한	원	전	0.044776
한	위	원	0.229167
한	위	로	0.187500
한	위	성	0.187500
한	위	반	0.104167
한	으	로	1.000000
한	은	이	0.220472
한	은	은	0.114173
한	은	지	0.082677
한	은	의	0.066929
한	은	총	0.035433
한	은	금	0.035433
한	은	전	0.031496
한	은	우	0.027559
한	은	김	0.023622
한	은	올	0.023622
한	은	에	0.023622
한	은	그	0.019685
한	은	한	0.015748
한	은	과	0.015748
한	은	부	0.015748
한	은	안	0.011811
한	은	다	0.011811
한	은	비	0.011811
한	은	조	0.011811
한	은	앞	0.011811
한	을	가	0.073333
한	을	정	0.046667
한	을	풀	0.046667
한	을	지	0.040000
한	을	대	0.033333
한	을	전	0.033333
한	을	자	0.033333
한	을	두	0.033333
한	을	적	0.033333
한	을	다	0.026667
한	을	부	0.026667
한	을	위	0.026667
한	을	강	0.026667
한	을	비	0.020000
한	을	명	0.020000
한	을	하	0.020000
한	을	이	0.020000
한	을	현	0.020000
한	음	악	0.550000
한	음	주	0.250000
한	응	원	0.857143
한	의	지	0.092251
한	의	미	0.084871
한	의	사	0.077491
한	의	원	0.071956
한	의	도	0.066421
한	의	무	0.038745
한	의	대	0.036900
한	의	탄	0.033210
한	의	이	0.027675
한	의	문	0.023985
한	의	약	0.023985
한	의	비	0.020295
한	의	전	0.020295
한	의	위	0.020295
한	의	존	0.020295
한	의	공	0.016605
한	의	제	0.012915
한	의	고	0.012915
한	의	안	0.012915
한	의	어	0.011070
한	의	의	0.009225
한	의	상	0.009225
한	의	구	0.009225
한	의	주	0.009225
한	의	인	0.009225
한	의	자	0.009225
한	의	단	0.009225
한	의	코	0.007380
한	의	군	0.007380
한	의	선	0.007380
한	이	후	0.138955
한	이	야	0.072447
한	이	들	0.068884
한	이	해	0.046318
한	이	지	0.035629
한	이	번	0.030879
한	이	미	0.029691
한	이	상	0.028504
한	이	이	0.027316
한	이	대	0.019002
한	이	재	0.016627
한	이	라	0.015439
한	이	비	0.014252
한	이	도	0.014252
한	이	탄	0.011876
한	이	한	0.011876
한	이	사	0.010689
한	이	전	0.010689
한	이	란	0.010689
한	이	주	0.009501
한	이	준	0.009501
한	이	의	0.009501
한	이	자	0.009501
한	이	날	0.009501
한	이	발	0.009501
한	이	다	0.009501
한	이	나	0.009501
한	이	정	0.009501
한	이	그	0.008314
한	이	제	0.008314
한	인	사	0.248996
한	인	물	0.116466
한	인	도	0.084337
한	인	재	0.060241
한	인	천	0.052209
한	인	공	0.044177
한	인	간	0.040161
한	인	수	0.040161
한	인	구	0.036145
한	인	선	0.028112
한	인	원	0.028112
한	인	상	0.024096
한	인	적	0.024096
한	인	과	0.024096
한	인	명	0.020080
한	인	정	0.016064
한	인	준	0.012048
한	인	지	0.012048
한	일	이	0.243243
한	일	정	0.142506
한	일	본	0.066339
한	일	상	0.058968
한	일	부	0.051597
한	일	을	0.041769
한	일	양	0.031941
한	일	반	0.029484
한	일	은	0.027027
한	일	간	0.019656
한	일	군	0.019656
한	일	자	0.017199
한	일	들	0.014742
한	일	에	0.012285
한	일	일	0.012285
한	일	도	0.012285
한	일	인	0.009828
한	일	한	0.009828
한	일	방	0.009828
한	일	화	0.009828
한	일	로	0.007371
한	일	과	0.007371
한	일	의	0.007371
한	일	전	0.007371
한	일	시	0.007371
한	입	장	0.655172
한	입	법	0.086207
한	입	지	0.060345
한	입	주	0.051724
한	자	리	0.193416
한	자	금	0.102881
한	자	산	0.094650
한	자	신	0.086420
한	자	세	0.069959
한	자	원	0.061728
한	자	문	0.032922
한	자	가	0.032922
한	자	본	0.032922
한	자	영	0.032922
한	자	위	0.016461
한	자	구	0.016461
한	자	질	0.016461
한	자	제	0.016461
한	자	들	0.012346
한	자	부	0.012346
한	자	의	0.012346
한	자	에	0.012346
한	잔	을	0.380952
한	잔	마	0.190476
한	잘	못	0.909091
한	잠	사	0.384615
한	잠	수	0.307692
한	잠	재	0.230769
한	장	소	0.224138
한	장	애	0.163793
한	장	거	0.068966
한	장	점	0.060345
한	장	을	0.051724
한	장	의	0.043103
한	장	군	0.034483
한	장	비	0.025862
한	장	사	0.025862
한	장	이	0.025862
한	장	타	0.025862
한	장	중	0.025862
한	재	정	0.185185
한	재	발	0.111111
한	재	판	0.086420
한	재	원	0.086420
한	재	난	0.061728
한	재	선	0.049383
한	재	해	0.049383
한	재	산	0.049383
한	재	개	0.037037
한	재	일	0.037037
한	재	단	0.037037
한	저	의	0.133333
한	저	장	0.100000
한	저	소	0.100000
한	적	이	0.476684
한	적	도	0.119171
한	적	으	0.077720
한	적	은	0.077720
한	적	인	0.046632
한	적	일	0.041451
한	적	한	0.031088
한	적	대	0.025907
한	적	응	0.020725
한	적	자	0.015544
한	적	절	0.015544
한	전	문	0.103896
한	전	의	0.071429
한	전	투	0.058442
한	전	이	0.055195
한	전	세	0.048701
한	전	은	0.045455
한	전	시	0.042208
한	전	방	0.029221
한	전	자	0.025974
한	전	과	0.025974
한	전	법	0.022727
한	전	통	0.022727
한	전	술	0.022727
한	전	제	0.019481
한	전	반	0.019481
한	전	공	0.019481
한	전	사	0.016234
한	전	채	0.016234
한	전	화	0.016234
한	전	적	0.016234
한	전	수	0.012987
한	전	원	0.012987
한	전	장	0.012987
한	전	지	0.012987
한	전	진	0.012987
한	전	에	0.012987
한	전	역	0.012987
한	전	신	0.009740
한	전	현	0.009740
한	전	주	0.009740
한	절	차	0.735294
한	절	대	0.117647
한	점	을	0.233871
한	점	에	0.145161
한	점	도	0.120968
한	점	이	0.112903
한	점	은	0.112903
한	점	등	0.096774
한	정	책	0.266476
한	정	부	0.183381
한	정	판	0.077364
한	정	상	0.042980
한	정	의	0.040115
한	정	된	0.040115
한	정	확	0.028653
한	정	도	0.028653
한	정	적	0.025788
한	정	신	0.025788
한	정	리	0.022923
한	정	해	0.020057
한	정	원	0.014327
한	정	하	0.014327
한	정	한	0.011461
한	정	수	0.011461
한	정	으	0.011461
한	정	전	0.008596
한	정	호	0.008596
한	정	어	0.008596
한	정	비	0.008596
한	제	재	0.223464
한	제	도	0.189944
한	제	를	0.078212
한	제	주	0.072626
한	제	한	0.044693
한	제	안	0.044693
한	제	가	0.033520
한	제	조	0.027933
한	제	적	0.022346
한	제	공	0.022346
한	제	사	0.022346
한	제	로	0.022346
한	제	에	0.016760
한	제	개	0.016760
한	제	약	0.016760
한	조	사	0.365169
한	조	선	0.151685
한	조	건	0.117978
한	조	바	0.033708
한	조	형	0.028090
한	조	정	0.022472
한	조	명	0.022472
한	조	각	0.022472
한	조	에	0.016854
한	조	경	0.016854
한	조	씨	0.016854
한	조	를	0.016854
한	존	재	0.588235
한	존	중	0.264706
한	존	경	0.117647
한	주	요	0.253425
한	주	거	0.164384
한	주	장	0.082192
한	주	의	0.082192
한	주	간	0.068493
한	주	전	0.034247
한	주	제	0.034247
한	주	인	0.034247
한	주	차	0.027397
한	주	가	0.020548
한	주	상	0.020548
한	주	점	0.020548
한	준	비	0.600000
한	준	중	0.100000
한	줄	이	0.421053
한	중	요	0.118750
한	중	간	0.075000
한	중	소	0.062500
한	중	대	0.062500
한	중	장	0.056250
한	중	진	0.050000
한	중	고	0.050000
한	중	일	0.050000
한	중	양	0.037500
한	중	수	0.037500
한	중	재	0.031250
한	중	부	0.031250
한	중	거	0.031250
한	중	정	0.025000
한	중	인	0.025000
한	중	년	0.018750
한	중	상	0.018750
한	중	단	0.018750
한	즉	시	0.750000
한	지	역	0.185185
한	지	원	0.154684
한	지	지	0.076253
한	지	난	0.065359
한	지	도	0.039216
한	지	방	0.039216
한	지	하	0.032680
한	지	를	0.032680
한	지	시	0.028322
한	지	자	0.021786
한	지	점	0.019608
한	지	속	0.017429
한	지	인	0.017429
한	지	적	0.017429
한	지	금	0.013072
한	지	위	0.010893
한	지	한	0.010893
한	지	사	0.010893
한	지	이	0.010893
한	지	나	0.008715
한	지	에	0.008715
한	지	의	0.008715
한	지	분	0.008715
한	지	배	0.008715
한	지	오	0.008715
한	지	여	0.006536
한	지	등	0.006536
한	지	불	0.006536
한	지	는	0.006536
한	지	주	0.006536
한	진	상	0.216867
한	진	단	0.096386
한	진	그	0.096386
한	진	정	0.084337
한	진	전	0.060241
한	진	은	0.060241
한	진	지	0.060241
한	진	리	0.036145
한	진	술	0.036145
한	질	문	0.726190
한	질	의	0.142857
한	질	병	0.059524
한	집	중	0.250000
한	집	단	0.183333
한	집	에	0.150000
한	집	안	0.116667
한	집	을	0.066667
한	쪽	에	0.246377
한	쪽	이	0.159420
한	쪽	으	0.115942
한	쪽	은	0.072464
한	쪽	의	0.057971
한	쪽	팔	0.057971
한	쪽	다	0.057971
한	쪽	방	0.043478
한	차	별	0.308824
한	차	원	0.147059
한	차	이	0.147059
한	차	세	0.117647
한	차	주	0.058824
한	찬	반	0.571429
한	찬	사	0.428571
한	참	가	0.150943
한	참	못	0.150943
한	참	을	0.132075
한	참	여	0.113208
한	참	사	0.075472
한	참	고	0.075472
한	채	널	0.074766
한	채	이	0.065421
한	채	로	0.065421
한	채	지	0.056075
한	채	소	0.056075
한	채	사	0.046729
한	채	무	0.037383
한	채	아	0.028037
한	채	매	0.028037
한	책	이	0.250000
한	책	을	0.200000
한	책	무	0.150000
한	첫	번	0.181818
한	첫	사	0.121212
한	첫	걸	0.090909
한	초	등	0.452381
한	초	선	0.095238
한	초	대	0.095238
한	초	과	0.095238
한	초	안	0.071429
한	총	리	0.885965
한	친	구	0.640000
한	커	피	0.600000
한	코	로	0.789474
한	코	인	0.078947
한	타	이	0.400000
한	탄	강	0.264706
한	탄	소	0.264706
한	탄	도	0.235294
한	통	화	0.363636
한	통	운	0.290909
한	통	제	0.081818
한	통	신	0.036364
한	통	로	0.027273
한	통	과	0.027273
한	통	고	0.027273
한	투	자	0.906977
한	팀	을	0.272727
한	팀	이	0.181818
한	팀	은	0.090909
한	판	단	0.547170
한	판	매	0.113208
한	판	이	0.094340
한	판	정	0.056604
한	판	타	0.056604
한	판	에	0.056604
한	포	장	0.272727
한	포	인	0.136364
한	폴	란	0.714286
한	피	해	0.677966
한	피	고	0.076271
한	피	아	0.050847
한	피	부	0.042373
한	피	의	0.042373
한	핀	란	1.000000
한	필	수	0.535714
한	필	요	0.214286
한	필	리	0.107143
한	하	는	0.359375
한	하	고	0.179688
한	하	나	0.101562
한	하	루	0.062500
한	하	이	0.054688
한	하	지	0.031250
한	하	자	0.023438
한	하	위	0.023438
한	한	미	0.242236
한	한	다	0.074534
한	한	일	0.049689
한	한	반	0.037267
한	한	채	0.031056
한	한	의	0.031056
한	한	이	0.024845
한	한	정	0.024845
한	한	마	0.018634
한	한	상	0.018634
한	한	것	0.018634
한	한	강	0.018634
한	한	은	0.018634
한	한	화	0.018634
한	한	시	0.018634
한	한	중	0.018634
한	한	전	0.018634
한	한	장	0.018634
한	할	머	0.210526
한	할	수	0.210526
한	함	경	0.750000
한	해	양	0.101351
한	해	서	0.067568
한	해	법	0.067568
한	해	에	0.047297
한	해	를	0.040541
한	해	야	0.033784
한	해	명	0.033784
한	해	상	0.027027
한	해	역	0.027027
한	해	수	0.027027
한	해	커	0.027027
한	해	도	0.020270
한	해	고	0.020270
한	해	설	0.020270
한	해	지	0.020270
한	해	온	0.020270
한	허	위	0.700000
한	현	장	0.275510
한	현	안	0.132653
한	현	상	0.132653
한	현	대	0.132653
한	현	재	0.122449
한	현	지	0.071429
한	현	금	0.040816
한	형	사	0.294118
한	형	제	0.264706
한	형	벌	0.088235
한	형	은	0.088235
한	화	재	0.094017
한	화	그	0.094017
한	화	는	0.076923
한	화	건	0.072650
한	화	이	0.068376
한	화	에	0.068376
한	화	포	0.055556
한	화	진	0.047009
한	화	가	0.038462
한	화	시	0.034188
한	화	물	0.029915
한	화	약	0.029915
한	화	의	0.025641
한	화	성	0.025641
한	화	와	0.021368
한	화	전	0.017094
한	화	정	0.017094
한	화	상	0.017094
한	화	디	0.017094
한	화	로	0.017094
한	화	장	0.012821
한	확	진	0.315789
한	확	장	0.157895
한	확	고	0.131579
한	확	인	0.131579
한	확	산	0.105263
한	확	신	0.078947
한	후	에	0.131783
한	후	다	0.054264
한	후	원	0.046512
한	후	진	0.031008
한	후	이	0.031008
한	후	지	0.031008
한	후	속	0.023256
한	후	수	0.023256
한	후	배	0.023256
한	후	대	0.023256
한	후	방	0.023256
한	후	사	0.023256
한	후	시	0.023256
한	휴	대	0.357143
한	힘	을	0.473684
한	힘	이	0.210526
할	거	라	0.538462
할	거	예	0.115385
할	것	이	0.562117
할	것	으	0.270752
할	것	을	0.102507
할	것	인	0.031755
할	것	은	0.010028
할	것	입	0.010028
할	것	들	0.002786
할	것	과	0.001671
할	것	고	0.001671
할	것	도	0.001671
할	게	아	0.500000
할	경	우	0.993289
할	곳	이	0.294118
할	곳	을	0.235294
할	곳	에	0.176471
할	과	제	0.592593
할	과	책	0.185185
할	구	역	0.800000
할	길	이	0.666667
할	나	위	0.833333
할	대	상	0.259259
할	대	목	0.222222
할	대	책	0.111111
할	대	통	0.111111
할	데	대	0.857143
할	도	한	0.307692
할	도	해	0.230769
할	도	하	0.230769
할	듯	하	0.500000
할	때	는	0.137712
할	때	도	0.093220
할	때	가	0.086864
할	때	마	0.057203
할	때	라	0.055085
할	때	부	0.036017
할	때	에	0.033898
할	때	사	0.029661
할	때	만	0.023305
할	때	다	0.023305
할	때	주	0.019068
할	때	이	0.019068
할	때	소	0.014831
할	때	입	0.012712
할	때	그	0.010593
할	때	아	0.010593
할	때	정	0.010593
할	때	일	0.010593
할	때	자	0.008475
할	때	한	0.008475
할	때	인	0.008475
할	때	반	0.008475
할	때	공	0.008475
할	때	세	0.008475
할	때	시	0.008475
할	때	제	0.008475
할	때	와	0.006356
할	때	해	0.006356
할	때	우	0.006356
할	때	성	0.006356
할	뜻	을	0.692308
할	뜻	이	0.230769
할	리	우	0.775000
할	리	가	0.075000
할	마	음	0.571429
할	만	한	0.778947
할	만	하	0.200000
할	말	이	0.458333
할	말	을	0.250000
할	말	인	0.125000
할	머	니	0.989247
할	명	분	0.800000
할	목	적	1.000000
할	문	제	0.960000
할	물	리	0.600000
할	방	법	0.628571
할	방	안	0.285714
할	법	적	0.545455
할	법	안	0.363636
할	부	분	0.680000
할	부	대	0.200000
할	뿐	이	0.366667
할	뿐	만	0.216667
할	뿐	아	0.200000
할	사	안	0.636364
할	산	이	0.833333
할	새	로	0.428571
할	선	수	0.555556
할	소	방	0.375000
할	수	도	0.559829
할	수	는	0.252137
할	수	가	0.106838
할	수	준	0.029915
할	수	단	0.021368
할	시	간	0.580000
할	시	점	0.100000
할	에	대	0.529412
할	여	지	0.826087
할	역	할	0.833333
할	예	정	1.000000
할	우	주	0.600000
할	을	하	0.334545
할	을	한	0.134545
할	을	해	0.109091
할	을	할	0.080000
할	을	수	0.069091
할	을	다	0.036364
할	을	강	0.021818
할	을	분	0.021818
할	을	잘	0.018182
할	을	주	0.018182
할	을	부	0.010909
할	을	요	0.010909
할	을	포	0.010909
할	을	제	0.010909
할	의	무	0.358974
할	의	사	0.333333
할	의	도	0.128205
할	의	지	0.076923
할	이	라	0.157895
할	이	중	0.122807
할	인	판	0.171171
할	인	된	0.117117
할	인	을	0.063063
할	인	이	0.063063
할	인	해	0.063063
할	인	대	0.045045
할	인	사	0.036036
할	인	과	0.036036
할	인	가	0.036036
할	인	도	0.027027
할	인	등	0.027027
할	인	점	0.027027
할	인	한	0.027027
할	일	이	0.597561
할	일	은	0.121951
할	일	을	0.097561
할	일	만	0.036585
할	일	에	0.036585
할	자	원	0.272727
할	잠	재	1.000000
할	전	문	0.500000
할	점	은	0.600000
할	정	도	0.934959
할	정	책	0.024390
할	정	부	0.024390
할	주	의	0.333333
할	준	비	1.000000
할	줄	알	0.500000
할	중	요	0.500000
할	지	는	0.132275
할	지	도	0.089947
할	지	에	0.079365
할	지	여	0.063492
할	지	를	0.058201
할	지	고	0.052910
할	지	가	0.042328
할	지	라	0.037037
할	지	역	0.031746
할	지	막	0.031746
할	지	의	0.026455
할	지	등	0.015873
할	지	아	0.015873
할	지	어	0.015873
할	지	집	0.015873
할	지	경	0.015873
할	필	요	0.995614
할	하	는	0.555556
할	후	속	0.600000
허	가	를	0.379310
허	가	제	0.049261
허	가	가	0.044335
허	가	된	0.044335
허	가	절	0.039409
허	가	구	0.029557
허	가	등	0.024631
허	가	물	0.024631
허	가	대	0.024631
허	가	하	0.024631
허	가	되	0.019704
허	가	주	0.019704
허	가	로	0.019704
허	가	해	0.014778
허	가	조	0.014778
허	가	여	0.014778
허	가	사	0.014778
허	경	영	1.000000
허	공	에	0.428571
허	난	성	0.545455
허	난	설	0.363636
허	니	제	0.428571
허	들	을	0.800000
허	리	를	0.259259
허	리	가	0.129630
허	리	디	0.092593
허	리	통	0.092593
허	무	하	0.400000
허	무	한	0.400000
허	물	어	0.500000
허	물	고	0.300000
허	비	하	0.800000
허	설	을	0.285714
허	수	아	1.000000
허	술	한	0.571429
허	시	장	1.000000
허	에	대	0.750000
허	우	적	1.000000
허	운	전	1.000000
허	위	사	0.420765
허	위	로	0.087432
허	위	경	0.060109
허	위	공	0.043716
허	위	정	0.043716
허	위	이	0.032787
허	위	진	0.027322
허	위	라	0.027322
허	위	서	0.021858
허	위	리	0.021858
허	위	인	0.021858
허	위	조	0.021858
허	위	글	0.021858
허	위	주	0.016393
허	위	발	0.016393
허	은	아	1.000000
허	점	이	0.750000
허	정	지	0.888889
허	준	이	0.750000
허	탈	하	0.800000
허	투	루	1.000000
허	하	게	0.750000
허	함	을	0.600000
형	개	발	0.714286
형	건	설	0.500000
형	건	강	0.285714
형	건	물	0.214286
형	공	간	0.368421
형	공	공	0.210526
형	과	타	0.096774
형	구	조	0.666667
형	군	집	1.000000
형	니	로	1.000000
형	대	법	0.437500
형	데	일	0.600000
형	두	의	0.750000
형	드	론	1.000000
형	들	이	0.454545
형	등	을	0.294118
형	등	의	0.176471
형	디	자	0.571429
형	매	장	1.000000
형	무	소	0.714286
형	무	인	0.214286
형	문	화	0.954545
형	물	이	0.352941
형	미	사	0.545455
형	발	전	0.741935
형	발	사	0.241935
형	방	사	0.300000
형	배	의	0.411765
형	배	탈	0.176471
형	법	상	0.250000
형	법	이	0.166667
형	법	제	0.166667
형	별	로	0.777778
형	병	원	1.000000
형	부	부	0.600000
형	비	리	0.857143
형	사	부	0.169154
형	사	사	0.159204
형	사	소	0.154229
형	사	고	0.079602
형	사	재	0.059701
형	사	상	0.034826
형	사	법	0.034826
형	사	공	0.019900
형	사	무	0.019900
형	사	미	0.019900
형	사	책	0.014925
형	사	경	0.014925
형	사	의	0.014925
형	사	들	0.014925
형	사	건	0.014925
형	사	진	0.014925
형	사	마	0.014925
형	산	불	0.842105
형	상	화	0.500000
형	상	을	0.200000
형	서	비	0.882353
형	선	고	0.619048
형	선	대	0.142857
형	성	되	0.235714
형	성	된	0.150000
형	성	하	0.150000
형	성	돼	0.078571
형	성	을	0.050000
형	성	장	0.050000
형	성	할	0.042857
형	성	이	0.035714
형	성	한	0.028571
형	성	될	0.028571
형	성	에	0.028571
형	성	해	0.021429
형	성	및	0.021429
형	세	단	0.615385
형	소	형	0.571429
형	소	법	0.428571
형	수	소	0.185185
형	수	를	0.148148
형	아	이	0.857143
형	에	대	0.177778
형	에	서	0.155556
형	에	는	0.111111
형	에	앞	0.066667
형	오	피	0.875000
형	온	라	0.750000
형	우	주	0.600000
형	원	전	0.444444
형	위	성	0.478261
형	위	주	0.304348
형	위	원	0.130435
형	으	로	1.000000
형	은	이	0.115385
형	은	인	0.057692
형	은	그	0.057692
형	을	선	0.380952
형	을	정	0.101190
형	을	통	0.035714
형	을	이	0.035714
형	을	확	0.035714
형	을	공	0.023810
형	을	설	0.017857
형	을	만	0.017857
형	을	구	0.017857
형	을	내	0.017857
형	을	시	0.017857
형	의	원	0.138889
형	의	집	0.125000
형	의	경	0.069444
형	의	공	0.041667
형	의	선	0.041667
형	의	암	0.041667
형	이	선	0.126984
형	이	확	0.119048
형	이	다	0.087302
형	이	라	0.079365
형	이	나	0.079365
형	이	너	0.055556
형	이	가	0.031746
형	이	이	0.031746
형	이	벤	0.031746
형	이	상	0.031746
형	이	아	0.023810
형	이	후	0.023810
형	인	재	0.108108
형	인	명	0.108108
형	일	자	0.888889
형	자	산	0.250000
형	자	등	0.250000
형	적	인	0.724138
형	적	으	0.137931
형	정	책	0.500000
형	제	들	0.333333
형	제	의	0.078431
형	제	와	0.078431
형	제	를	0.078431
형	제	인	0.058824
형	제	는	0.058824
형	제	가	0.058824
형	조	건	0.272727
형	조	선	0.272727
형	주	중	0.176471
형	준	부	0.210526
형	준	시	0.157895
형	지	원	0.571429
형	질	을	0.600000
형	참	사	1.000000
형	타	입	0.600000
형	투	자	0.750000
형	하	는	0.363636
형	하	고	0.272727
형	해	소	0.555556
형	해	화	0.333333
형	화	재	0.304348
형	화	된	0.260870
형	화	물	0.130435
호	가	들	0.066667
호	가	적	0.038095
호	가	가	0.038095
호	가	나	0.038095
호	가	아	0.028571
호	가	공	0.028571
호	가	도	0.028571
호	가	한	0.028571
호	가	될	0.028571
호	강	화	0.500000
호	개	발	0.800000
호	건	주	0.500000
호	경	제	0.857143
호	공	약	0.416667
호	과	장	0.428571
호	구	역	0.947368
호	김	지	0.600000
호	날	두	1.000000
호	는	이	0.122449
호	는	지	0.091837
호	는	자	0.040816
호	는	올	0.040816
호	는	김	0.030612
호	는	아	0.030612
호	는	한	0.030612
호	대	상	0.333333
호	대	책	0.333333
호	더	불	0.950000
호	도	가	0.346154
호	도	하	0.211538
호	도	조	0.096154
호	도	를	0.076923
호	돼	야	1.000000
호	등	이	0.272727
호	등	을	0.181818
호	등	에	0.136364
호	등	의	0.090909
호	라	는	0.375000
호	라	고	0.250000
호	라	인	0.187500
호	랑	이	0.933333
호	로	지	0.125000
호	를	위	0.323741
호	를	발	0.050360
호	를	이	0.028777
호	를	더	0.028777
호	를	포	0.028777
호	를	부	0.021583
호	를	주	0.021583
호	를	타	0.021583
호	를	비	0.021583
호	무	역	0.571429
호	문	제	0.500000
호	문	화	0.500000
호	반	건	0.500000
호	반	써	0.142857
호	반	그	0.107143
호	발	사	1.000000
호	방	위	0.428571
호	방	안	0.428571
호	법	위	0.288889
호	법	을	0.111111
호	법	개	0.088889
호	법	이	0.088889
호	법	에	0.066667
호	법	은	0.066667
호	법	제	0.066667
호	부	총	0.833333
호	불	호	0.750000
호	비	상	0.714286
호	비	대	0.190476
호	사	는	0.316532
호	사	가	0.118952
호	사	를	0.052419
호	사	의	0.050403
호	사	들	0.044355
호	사	비	0.042339
호	사	우	0.038306
호	사	에	0.032258
호	사	로	0.032258
호	사	도	0.028226
호	사	와	0.026210
호	사	등	0.024194
호	사	사	0.016129
호	사	법	0.014113
호	사	인	0.012097
호	사	건	0.012097
호	사	자	0.012097
호	사	무	0.008065
호	사	정	0.008065
호	사	분	0.006048
호	사	님	0.006048
호	사	조	0.006048
호	서	울	0.821429
호	서	비	0.107143
호	선	신	0.076190
호	선	경	0.066667
호	선	을	0.066667
호	선	이	0.057143
호	선	은	0.057143
호	선	수	0.047619
호	선	에	0.047619
호	선	으	0.038095
호	선	서	0.038095
호	선	과	0.038095
호	선	열	0.028571
호	선	내	0.028571
호	선	도	0.028571
호	성	을	0.227273
호	세	이	0.272727
호	소	하	0.518750
호	소	한	0.118750
호	소	에	0.050000
호	소	문	0.043750
호	소	해	0.037500
호	소	인	0.037500
호	소	가	0.025000
호	소	할	0.018750
호	소	드	0.018750
호	수	비	0.120000
호	수	공	0.100000
호	수	가	0.080000
호	수	에	0.080000
호	수	와	0.060000
호	수	단	0.060000
호	수	상	0.060000
호	수	인	0.060000
호	시	설	0.631579
호	씨	는	0.666667
호	안	전	0.750000
호	암	상	0.714286
호	에	서	0.257143
호	에	대	0.100000
호	에	게	0.085714
호	에	소	0.042857
호	에	는	0.042857
호	영	원	0.317757
호	영	비	0.149533
호	영	의	0.093458
호	영	이	0.056075
호	영	전	0.046729
호	영	은	0.046729
호	영	위	0.037383
호	영	후	0.028037
호	영	수	0.028037
호	우	로	0.280000
호	우	가	0.133333
호	우	피	0.093333
호	우	와	0.053333
호	우	대	0.053333
호	우	는	0.040000
호	우	때	0.040000
호	우	주	0.040000
호	우	에	0.040000
호	우	경	0.040000
호	울	산	0.800000
호	위	원	0.323529
호	위	반	0.235294
호	위	함	0.117647
호	응	을	0.610169
호	응	해	0.118644
호	응	하	0.084746
호	응	이	0.067797
호	의	원	0.367521
호	의	무	0.076923
호	의	날	0.042735
호	의	대	0.042735
호	의	적	0.034188
호	의	사	0.034188
호	의	주	0.025641
호	의	자	0.025641
호	의	은	0.025641
호	인	은	0.290698
호	인	단	0.174419
호	인	의	0.104651
호	인	을	0.081395
호	인	이	0.069767
호	인	들	0.046512
호	인	도	0.034884
호	자	가	0.269231
호	자	는	0.115385
호	자	의	0.115385
호	자	들	0.096154
호	자	인	0.057692
호	자	를	0.057692
호	장	비	0.428571
호	재	로	0.208333
호	적	인	0.550000
호	적	이	0.200000
호	전	되	0.241379
호	전	문	0.103448
호	점	을	0.222222
호	점	은	0.166667
호	정	책	0.500000
호	제	도	1.000000
호	조	로	0.250000
호	조	를	0.214286
호	조	에	0.178571
호	존	중	1.000000
호	주	에	0.153846
호	주	총	0.100592
호	주	의	0.088757
호	주	오	0.071006
호	주	와	0.053254
호	주	는	0.041420
호	주	등	0.035503
호	주	가	0.035503
호	주	인	0.035503
호	주	머	0.023669
호	주	정	0.023669
호	주	멜	0.023669
호	주	를	0.017751
호	주	일	0.017751
호	주	시	0.017751
호	주	이	0.017751
호	중	비	0.277778
호	중	더	0.250000
호	중	공	0.222222
호	중	원	0.083333
호	참	사	1.000000
호	타	이	1.000000
호	탄	을	0.384615
호	탄	이	0.307692
호	투	자	0.444444
호	판	을	0.307692
호	판	이	0.230769
호	하	는	0.497797
호	하	고	0.207048
호	하	게	0.114537
호	하	다	0.079295
호	하	지	0.039648
호	하	거	0.017621
호	한	다	0.224490
호	한	대	0.142857
호	한	조	0.061224
호	한	도	0.061224
호	한	수	0.061224
호	할	수	0.518519
호	할	것	0.148148
호	해	야	0.636364
호	현	상	0.615385
호	화	폐	0.761905
호	화	요	0.079365
호	화	로	0.047619
확	고	한	0.645833
확	고	하	0.291667
확	대	하	0.240741
확	대	해	0.102881
확	대	를	0.089506
확	대	되	0.077160
확	대	할	0.062757
확	대	한	0.049383
확	대	등	0.044239
확	대	될	0.037037
확	대	에	0.036008
확	대	된	0.024691
확	대	와	0.024691
확	대	가	0.019547
확	대	시	0.017490
확	대	및	0.012346
확	대	로	0.011317
확	대	는	0.011317
확	대	적	0.008230
확	대	운	0.008230
확	대	방	0.008230
확	대	개	0.008230
확	대	도	0.007202
확	대	중	0.007202
확	대	전	0.005144
확	대	의	0.005144
확	대	라	0.004115
확	대	돼	0.004115
확	대	정	0.004115
확	대	경	0.003086
확	대	재	0.003086
확	대	여	0.003086
확	도	가	0.318182
확	도	를	0.181818
확	도	도	0.136364
확	산	되	0.163265
확	산	을	0.098330
확	산	으	0.092764
확	산	세	0.090909
확	산	하	0.087199
확	산	에	0.070501
확	산	이	0.064935
확	산	시	0.027829
확	산	과	0.027829
확	산	한	0.022263
확	산	방	0.022263
확	산	될	0.020408
확	산	된	0.018553
확	산	속	0.016698
확	산	의	0.016698
확	산	중	0.016698
확	산	등	0.016698
확	산	여	0.014842
확	산	가	0.007421
확	산	및	0.007421
확	산	해	0.007421
확	산	돼	0.005566
확	산	금	0.005566
확	산	상	0.005566
확	산	초	0.005566
확	산	위	0.005566
확	성	을	0.333333
확	신	한	0.258621
확	신	하	0.224138
확	신	이	0.189655
확	신	할	0.103448
확	신	을	0.103448
확	인	하	0.249489
확	인	할	0.169734
확	인	한	0.101227
확	인	해	0.081800
확	인	되	0.080777
확	인	된	0.053170
확	인	서	0.034765
확	인	이	0.032720
확	인	을	0.029652
확	인	돼	0.018405
확	인	제	0.017382
확	인	시	0.013292
확	인	중	0.012270
확	인	후	0.011247
확	인	등	0.010225
확	인	절	0.009202
확	인	가	0.008180
확	인	소	0.007157
확	인	자	0.005112
확	인	될	0.005112
확	인	에	0.005112
확	인	지	0.005112
확	인	도	0.005112
확	인	비	0.004090
확	인	및	0.003067
확	장	하	0.166008
확	장	할	0.094862
확	장	을	0.090909
확	장	에	0.075099
확	장	해	0.071146
확	장	된	0.047431
확	장	되	0.039526
확	장	이	0.039526
확	장	및	0.035573
확	장	성	0.035573
확	장	시	0.035573
확	장	한	0.031621
확	장	과	0.023715
확	장	은	0.019763
확	장	될	0.015810
확	장	술	0.015810
확	장	재	0.011858
확	장	으	0.011858
확	장	세	0.011858
확	장	현	0.011858
확	전	을	0.250000
확	정	된	0.210909
확	정	되	0.200000
확	정	하	0.083636
확	정	한	0.069091
확	정	지	0.058182
확	정	할	0.058182
확	정	판	0.043636
확	정	될	0.043636
확	정	돼	0.043636
확	정	짓	0.029091
확	정	해	0.025455
확	정	을	0.018182
확	정	이	0.014545
확	정	적	0.014545
확	줄	어	0.750000
확	진	자	0.818692
확	진	판	0.064486
확	진	된	0.016822
확	진	이	0.013084
확	진	으	0.011215
확	진	사	0.010280
확	진	되	0.009346
확	진	돼	0.007477
확	진	을	0.004673
확	진	수	0.003738
확	진	건	0.003738
확	진	여	0.002804
확	진	에	0.002804
확	진	일	0.002804
확	진	후	0.002804
확	하	게	0.725000
확	하	지	0.125000
확	하	다	0.083333
확	하	고	0.058333
확	한	사	0.253731
확	한	원	0.054726
확	한	입	0.049751
확	한	화	0.044776
확	한	위	0.034826
확	한	지	0.029851
확	한	피	0.029851
확	한	수	0.024876
확	한	정	0.019900
확	한	이	0.019900
확	한	발	0.019900
확	한	예	0.019900
확	한	판	0.019900
확	한	대	0.014925
확	한	의	0.014925
확	한	진	0.014925
확	한	조	0.014925
확	한	세	0.014925
확	한	비	0.014925
확	한	공	0.014925
확	한	경	0.014925
확	한	여	0.014925
확	해	야	0.600000
흥	공	단	0.619048
흥	공	사	0.380952
흥	나	로	1.000000
흥	미	로	0.543478
흥	미	를	0.217391
흥	미	롭	0.195652
흥	분	상	0.142857
흥	분	한	0.142857
흥	분	을	0.142857
흥	시	장	0.450000
흥	시	설	0.200000
흥	신	소	0.875000
흥	에	서	0.666667
흥	원	과	0.188679
흥	원	에	0.169811
흥	원	이	0.132075
흥	원	의	0.075472
흥	원	장	0.075472
흥	원	은	0.075472
흥	위	원	0.800000
흥	을	위	0.300000
흥	일	대	1.000000
흥	재	단	0.571429
흥	재	벌	0.428571
흥	주	점	0.600000
흥	주	거	0.300000
힘	간	사	0.875000
힘	경	선	1.000000
힘	과	정	0.333333
힘	과	의	0.133333
힘	과	더	0.100000
힘	김	은	0.444444
힘	내	부	0.444444
힘	내	에	0.277778
힘	대	선	0.965812
힘	대	구	0.025641
힘	든	시	0.150943
힘	든	일	0.094340
힘	든	상	0.094340
힘	든	것	0.056604
힘	든	성	0.028302
힘	든	데	0.028302
힘	든	이	0.028302
힘	든	게	0.028302
힘	든	줄	0.028302
힘	든	사	0.028302
힘	든	건	0.028302
힘	들	다	0.330049
힘	들	어	0.261084
힘	들	게	0.108374
힘	들	것	0.068966
힘	들	지	0.054187
힘	들	고	0.034483
힘	들	정	0.034483
힘	들	수	0.029557
힘	들	거	0.019704
힘	라	이	1.000000
힘	만	으	0.800000
힘	문	제	0.750000
힘	바	로	1.000000
힘	비	상	0.757576
힘	비	대	0.242424
힘	서	울	0.666667
힘	선	대	0.593750
힘	선	거	0.406250
힘	성	일	1.000000
힘	소	속	1.000000
힘	써	달	0.500000
힘	에	서	0.261905
힘	에	의	0.142857
힘	에	대	0.119048
힘	역	시	1.000000
힘	원	내	0.987179
힘	으	로	1.000000
힘	은	이	0.216783
힘	은	지	0.076923
힘	은	사	0.041958
힘	은	여	0.034965
힘	은	양	0.034965
힘	은	김	0.034965
힘	은	비	0.027972
힘	은	문	0.027972
힘	은	정	0.020979
힘	은	전	0.020979
힘	은	대	0.020979
힘	은	경	0.020979
힘	은	의	0.020979
힘	을	다	0.121622
힘	을	가	0.108108
힘	을	더	0.067568
힘	을	주	0.054054
힘	을	발	0.054054
힘	을	지	0.054054
힘	을	빼	0.040541
힘	의	원	0.820896
힘	의	한	0.024876
힘	의	주	0.019900
힘	의	반	0.014925
힘	이	준	0.145078
힘	이	이	0.051813
힘	이	되	0.046632
힘	이	라	0.041451
힘	이	제	0.036269
힘	이	다	0.031088
힘	이	부	0.025907
힘	이	약	0.025907
힘	이	나	0.025907
힘	이	김	0.020725
힘	이	아	0.020725
힘	이	양	0.020725
힘	이	더	0.015544
힘	이	전	0.015544
힘	이	강	0.015544
힘	이	지	0.015544
힘	이	고	0.015544
힘	이	비	0.015544
힘	이	참	0.015544
힘	이	재	0.015544
힘	입	어	0.921875
힘	입	은	0.062500
힘	자	랑	1.000000
힘	장	제	1.000000
힘	전	대	0.250000
힘	전	원	0.250000
힘	정	진	0.444444
힘	정	책	0.333333
힘	주	호	0.750000
힘	주	장	0.125000
힘	주	어	0.125000
힘	지	지	0.535714
힘	지	도	0.428571
힘	쪽	은	0.384615
힘	쪽	에	0.384615
힘	차	게	0.923077
힘	허	은	1.000000
