a	good	morning	0.0240
a	good	night	0.0216
about	it	is	0.0600
about	it	was	0.0432
about	it	will	0.0192
about	it	has	0.0192
about	that	is	0.0440
about	that	was	0.0240
about	this	is	0.0480
about	you	are	0.0200
after	a	lot	0.0450
after	a	good	0.0270
after	a	little	0.0225
after	a	few	0.0225
after	a	bit	0.0180
after	a	great	0.0180
after	my	name	0.0400
after	my	phone	0.0240
after	my	email	0.0240
after	my	address	0.0160
after	my	opinion	0.0160
after	our	time	0.0240
after	our	day	0.0228
after	our	week	0.0216
after	our	month	0.0204
after	our	year	0.0192
after	our	way	0.0180
after	our	place	0.0168
after	our	thing	0.0156
after	that	is	0.0330
after	that	was	0.0180
after	the	best	0.0250
after	the	same	0.0200
after	the	first	0.0200
after	the	other	0.0200
after	the	next	0.0200
after	the	last	0.0200
after	the	only	0.0150
after	the	main	0.0150
after	their	time	0.0200
after	their	day	0.0190
after	their	week	0.0180
after	their	month	0.0170
after	their	year	0.0160
after	their	way	0.0150
after	this	is	0.0600
after	this	was	0.0160
after	your	name	0.0280
after	your	email	0.0210
after	your	phone	0.0210
afternoon	at	the	0.0176
afternoon	in	the	0.0180
afternoon	is	it	0.0150
afternoon	on	the	0.0168
airport	airport	flight	0.0330
airport	airport	hotel	0.0312
airport	airport	trip	0.0295
airport	airport	vacation	0.0277
airport	airport	beach	0.0260
airport	airport	airport	0.0242
airport	airport	booking	0.0224
airport	airport	passport	0.0207
airport	beach	flight	0.0354
airport	beach	hotel	0.0335
airport	beach	trip	0.0316
airport	beach	vacation	0.0297
airport	beach	beach	0.0278
airport	beach	airport	0.0260
airport	beach	booking	0.0241
airport	beach	passport	0.0222
airport	booking	flight	0.0306
airport	booking	hotel	0.0290
airport	booking	trip	0.0273
airport	booking	vacation	0.0257
airport	booking	beach	0.0241
airport	booking	airport	0.0224
airport	booking	booking	0.0208
airport	booking	passport	0.0192
airport	destination	flight	0.0234
airport	destination	hotel	0.0222
airport	destination	trip	0.0209
airport	destination	vacation	0.0197
airport	destination	beach	0.0184
airport	destination	airport	0.0172
airport	destination	booking	0.0159
airport	flight	flight	0.0450
airport	flight	hotel	0.0426
airport	flight	trip	0.0402
airport	flight	vacation	0.0378
airport	flight	beach	0.0354
airport	flight	airport	0.0330
airport	flight	booking	0.0306
airport	flight	passport	0.0282
airport	hotel	flight	0.0426
airport	hotel	hotel	0.0403
airport	hotel	trip	0.0381
airport	hotel	vacation	0.0358
airport	hotel	beach	0.0335
airport	hotel	airport	0.0312
airport	hotel	booking	0.0290
airport	hotel	passport	0.0267
airport	luggage	flight	0.0258
airport	luggage	hotel	0.0244
airport	luggage	trip	0.0230
airport	luggage	vacation	0.0217
airport	luggage	beach	0.0203
airport	luggage	airport	0.0189
airport	luggage	booking	0.0175
airport	luggage	passport	0.0162
airport	passport	flight	0.0282
airport	passport	hotel	0.0267
airport	passport	trip	0.0252
airport	passport	vacation	0.0237
airport	passport	beach	0.0222
airport	passport	airport	0.0207
airport	passport	booking	0.0192
airport	passport	passport	0.0177
airport	trip	flight	0.0402
airport	trip	hotel	0.0381
airport	trip	trip	0.0359
airport	trip	vacation	0.0338
airport	trip	beach	0.0316
airport	trip	airport	0.0295
airport	trip	booking	0.0273
airport	trip	passport	0.0252
airport	vacation	flight	0.0378
airport	vacation	hotel	0.0358
airport	vacation	trip	0.0338
airport	vacation	vacation	0.0318
airport	vacation	beach	0.0297
airport	vacation	airport	0.0277
airport	vacation	booking	0.0257
airport	vacation	passport	0.0237
album	book	movie	0.0330
album	book	music	0.0312
album	book	game	0.0295
album	book	show	0.0277
album	book	concert	0.0260
album	book	book	0.0242
album	book	video	0.0224
album	book	stream	0.0207
album	concert	movie	0.0354
album	concert	music	0.0335
album	concert	game	0.0316
album	concert	show	0.0297
album	concert	concert	0.0278
album	concert	book	0.0260
album	concert	video	0.0241
album	concert	stream	0.0222
album	game	game	0.0402
album	game	team	0.0381
album	game	score	0.0359
album	game	match	0.0338
album	game	player	0.0316
album	game	win	0.0295
album	game	lose	0.0273
album	game	goal	0.0252
album	listen	movie	0.0234
album	listen	music	0.0222
album	listen	game	0.0209
album	listen	show	0.0197
album	listen	concert	0.0184
album	listen	book	0.0172
album	listen	video	0.0159
album	movie	movie	0.0450
album	movie	music	0.0426
album	movie	game	0.0402
album	movie	show	0.0378
album	movie	concert	0.0354
album	movie	book	0.0330
album	movie	video	0.0306
album	movie	stream	0.0282
album	music	movie	0.0426
album	music	music	0.0403
album	music	game	0.0381
album	music	show	0.0358
album	music	concert	0.0335
album	music	book	0.0312
album	music	video	0.0290
album	music	stream	0.0267
album	show	movie	0.0378
album	show	music	0.0358
album	show	game	0.0338
album	show	show	0.0318
album	show	concert	0.0297
album	show	book	0.0277
album	show	video	0.0257
album	show	stream	0.0237
album	stream	movie	0.0282
album	stream	music	0.0267
album	stream	game	0.0252
album	stream	show	0.0237
album	stream	concert	0.0222
album	stream	book	0.0207
album	stream	video	0.0192
album	stream	stream	0.0177
album	video	movie	0.0306
album	video	music	0.0290
album	video	game	0.0273
album	video	show	0.0257
album	video	concert	0.0241
album	video	book	0.0224
album	video	video	0.0208
album	video	stream	0.0192
album	watch	movie	0.0258
album	watch	music	0.0244
album	watch	game	0.0230
album	watch	show	0.0217
album	watch	concert	0.0203
album	watch	book	0.0189
album	watch	video	0.0175
album	watch	stream	0.0162
apartment	apartment	house	0.0426
apartment	apartment	apartment	0.0403
apartment	apartment	room	0.0381
apartment	apartment	kitchen	0.0358
apartment	apartment	bedroom	0.0335
apartment	apartment	bathroom	0.0312
apartment	apartment	clean	0.0290
apartment	apartment	repair	0.0267
apartment	bedroom	house	0.0354
apartment	bedroom	apartment	0.0335
apartment	bedroom	room	0.0316
apartment	bedroom	kitchen	0.0297
apartment	bedroom	bedroom	0.0278
apartment	bedroom	bathroom	0.0260
apartment	bedroom	clean	0.0241
apartment	bedroom	repair	0.0222
apartment	clean	house	0.0306
apartment	clean	apartment	0.0290
apartment	clean	room	0.0273
apartment	clean	kitchen	0.0257
apartment	clean	bedroom	0.0241
apartment	clean	bathroom	0.0224
apartment	clean	clean	0.0208
apartment	clean	repair	0.0192
apartment	furniture	house	0.0258
apartment	furniture	apartment	0.0244
apartment	furniture	room	0.0230
apartment	furniture	kitchen	0.0217
apartment	furniture	bedroom	0.0203
apartment	furniture	bathroom	0.0189
apartment	furniture	clean	0.0175
apartment	furniture	repair	0.0162
apartment	house	house	0.0450
apartment	house	apartment	0.0426
apartment	house	room	0.0402
apartment	house	kitchen	0.0378
apartment	house	bedroom	0.0354
apartment	house	bathroom	0.0330
apartment	house	clean	0.0306
apartment	house	repair	0.0282
apartment	kitchen	house	0.0378
apartment	kitchen	apartment	0.0358
apartment	kitchen	room	0.0338
apartment	kitchen	kitchen	0.0318
apartment	kitchen	bedroom	0.0297
apartment	kitchen	bathroom	0.0277
apartment	kitchen	clean	0.0257
apartment	kitchen	repair	0.0237
apartment	rent	house	0.0234
apartment	rent	apartment	0.0222
apartment	rent	room	0.0209
apartment	rent	kitchen	0.0197
apartment	rent	bedroom	0.0184
apartment	rent	bathroom	0.0172
apartment	rent	clean	0.0159
apartment	repair	house	0.0282
apartment	repair	apartment	0.0267
apartment	repair	room	0.0252
apartment	repair	kitchen	0.0237
apartment	repair	bedroom	0.0222
apartment	repair	bathroom	0.0207
apartment	repair	clean	0.0192
apartment	repair	repair	0.0177
apartment	room	house	0.0402
apartment	room	apartment	0.0381
apartment	room	room	0.0359
apartment	room	kitchen	0.0338
apartment	room	bedroom	0.0316
apartment	room	bathroom	0.0295
apartment	room	clean	0.0273
apartment	room	repair	0.0252
app	app	code	0.0426
app	app	app	0.0403
app	app	phone	0.0381
app	app	laptop	0.0358
app	app	software	0.0335
app	app	update	0.0312
app	app	bug	0.0290
app	app	server	0.0267
app	bug	code	0.0306
app	bug	app	0.0290
app	bug	phone	0.0273
app	bug	laptop	0.0257
app	bug	software	0.0241
app	bug	update	0.0224
app	bug	bug	0.0208
app	bug	server	0.0192
app	code	code	0.0450
app	code	app	0.0426
app	code	phone	0.0402
app	code	laptop	0.0378
app	code	software	0.0354
app	code	update	0.0330
app	code	bug	0.0306
app	code	server	0.0282
app	data	code	0.0258
app	data	app	0.0244
app	data	phone	0.0230
app	data	laptop	0.0217
app	data	software	0.0203
app	data	update	0.0189
app	data	bug	0.0175
app	data	server	0.0162
app	internet	code	0.0234
app	internet	app	0.0222
app	internet	phone	0.0209
app	internet	laptop	0.0197
app	internet	software	0.0184
app	internet	update	0.0172
app	internet	bug	0.0159
app	laptop	code	0.0378
app	laptop	app	0.0358
app	laptop	phone	0.0338
app	laptop	laptop	0.0318
app	laptop	software	0.0297
app	laptop	update	0.0277
app	laptop	bug	0.0257
app	laptop	server	0.0237
app	phone	code	0.0402
app	phone	app	0.0381
app	phone	phone	0.0359
app	phone	laptop	0.0338
app	phone	software	0.0316
app	phone	update	0.0295
app	phone	bug	0.0273
app	phone	server	0.0252
app	server	code	0.0282
app	server	app	0.0267
app	server	phone	0.0252
app	server	laptop	0.0237
app	server	software	0.0222
app	server	update	0.0207
app	server	bug	0.0192
app	server	server	0.0177
app	software	code	0.0354
app	software	app	0.0335
app	software	phone	0.0316
app	software	laptop	0.0297
app	software	software	0.0278
app	software	update	0.0260
app	software	bug	0.0241
app	software	server	0.0222
app	update	code	0.0330
app	update	app	0.0312
app	update	phone	0.0295
app	update	laptop	0.0277
app	update	software	0.0260
app	update	update	0.0242
app	update	bug	0.0224
app	update	server	0.0207
appointment	diet	doctor	0.0234
appointment	diet	hospital	0.0222
appointment	diet	medicine	0.0209
appointment	diet	pain	0.0197
appointment	diet	sick	0.0184
appointment	diet	fever	0.0172
appointment	diet	headache	0.0159
appointment	doctor	doctor	0.0450
appointment	doctor	hospital	0.0426
appointment	doctor	medicine	0.0402
appointment	doctor	pain	0.0378
appointment	doctor	sick	0.0354
appointment	doctor	fever	0.0330
appointment	doctor	headache	0.0306
appointment	doctor	exercise	0.0282
appointment	exercise	doctor	0.0282
appointment	exercise	hospital	0.0267
appointment	exercise	medicine	0.0252
appointment	exercise	pain	0.0237
appointment	exercise	sick	0.0222
appointment	exercise	fever	0.0207
appointment	exercise	headache	0.0192
appointment	exercise	exercise	0.0177
appointment	fever	doctor	0.0330
appointment	fever	hospital	0.0312
appointment	fever	medicine	0.0295
appointment	fever	pain	0.0277
appointment	fever	sick	0.0260
appointment	fever	fever	0.0242
appointment	fever	headache	0.0224
appointment	fever	exercise	0.0207
appointment	headache	doctor	0.0306
appointment	headache	hospital	0.0290
appointment	headache	medicine	0.0273
appointment	headache	pain	0.0257
appointment	headache	sick	0.0241
appointment	headache	fever	0.0224
appointment	headache	headache	0.0208
appointment	headache	exercise	0.0192
appointment	hospital	doctor	0.0426
appointment	hospital	hospital	0.0403
appointment	hospital	medicine	0.0381
appointment	hospital	pain	0.0358
appointment	hospital	sick	0.0335
appointment	hospital	fever	0.0312
appointment	hospital	headache	0.0290
appointment	hospital	exercise	0.0267
appointment	medicine	doctor	0.0402
appointment	medicine	hospital	0.0381
appointment	medicine	medicine	0.0359
appointment	medicine	pain	0.0338
appointment	medicine	sick	0.0316
appointment	medicine	fever	0.0295
appointment	medicine	headache	0.0273
appointment	medicine	exercise	0.0252
appointment	pain	doctor	0.0378
appointment	pain	hospital	0.0358
appointment	pain	medicine	0.0338
appointment	pain	pain	0.0318
appointment	pain	sick	0.0297
appointment	pain	fever	0.0277
appointment	pain	headache	0.0257
appointment	pain	exercise	0.0237
appointment	sick	doctor	0.0354
appointment	sick	hospital	0.0335
appointment	sick	medicine	0.0316
appointment	sick	pain	0.0297
appointment	sick	sick	0.0278
appointment	sick	fever	0.0260
appointment	sick	headache	0.0241
appointment	sick	exercise	0.0222
appointment	sleep	doctor	0.0258
appointment	sleep	hospital	0.0244
appointment	sleep	medicine	0.0230
appointment	sleep	pain	0.0217
appointment	sleep	sick	0.0203
appointment	sleep	fever	0.0189
appointment	sleep	headache	0.0175
appointment	sleep	exercise	0.0162
are	going	to	0.0440
are	there	is	0.0240
are	there	are	0.0200
are	they	are	0.0240
are	we	are	0.0216
are	you	are	0.1800
are	you	ok	0.1500
are	you	can	0.1260
are	you	sure	0.1200
are	you	ready	0.1000
are	you	will	0.0900
are	you	free	0.0800
are	you	know	0.0720
are	you	have	0.0720
are	you	busy	0.0600
are	you	should	0.0540
are	you	coming	0.0500
are	you	need	0.0450
are	you	want	0.0450
are	you	leaving	0.0400
are	you	going	0.0400
are	you	there	0.0300
are	you	home	0.0200
are	you	available	0.0200
are	you	interested	0.0200
are	you	serious	0.0200
are	you	kidding	0.0200
are	you	awake	0.0200
arent	going	to	0.0660
arent	there	is	0.0480
arent	there	are	0.0400
arent	there	was	0.0192
arent	there	were	0.0160
arent	they	are	0.0400
arent	they	will	0.0200
arent	they	have	0.0200
arent	they	were	0.0160
arent	we	are	0.0432
arent	we	will	0.0288
arent	we	can	0.0288
arent	we	have	0.0240
arent	we	should	0.0192
arent	you	are	0.0800
arent	you	can	0.0560
arent	you	will	0.0400
arent	you	know	0.0320
arent	you	have	0.0320
arent	you	should	0.0240
arent	you	need	0.0200
arent	you	want	0.0200
artist	book	movie	0.0330
artist	book	music	0.0312
artist	book	game	0.0295
artist	book	show	0.0277
artist	book	concert	0.0260
artist	book	book	0.0242
artist	book	video	0.0224
artist	book	stream	0.0207
artist	concert	movie	0.0354
artist	concert	music	0.0335
artist	concert	game	0.0316
artist	concert	show	0.0297
artist	concert	concert	0.0278
artist	concert	book	0.0260
artist	concert	video	0.0241
artist	concert	stream	0.0222
artist	game	game	0.0402
artist	game	team	0.0381
artist	game	score	0.0359
artist	game	match	0.0338
artist	game	player	0.0316
artist	game	win	0.0295
artist	game	lose	0.0273
artist	game	goal	0.0252
artist	listen	movie	0.0234
artist	listen	music	0.0222
artist	listen	game	0.0209
artist	listen	show	0.0197
artist	listen	concert	0.0184
artist	listen	book	0.0172
artist	listen	video	0.0159
artist	movie	movie	0.0450
artist	movie	music	0.0426
artist	movie	game	0.0402
artist	movie	show	0.0378
artist	movie	concert	0.0354
artist	movie	book	0.0330
artist	movie	video	0.0306
artist	movie	stream	0.0282
artist	music	movie	0.0426
artist	music	music	0.0403
artist	music	game	0.0381
artist	music	show	0.0358
artist	music	concert	0.0335
artist	music	book	0.0312
artist	music	video	0.0290
artist	music	stream	0.0267
artist	show	movie	0.0378
artist	show	music	0.0358
artist	show	game	0.0338
artist	show	show	0.0318
artist	show	concert	0.0297
artist	show	book	0.0277
artist	show	video	0.0257
artist	show	stream	0.0237
artist	stream	movie	0.0282
artist	stream	music	0.0267
artist	stream	game	0.0252
artist	stream	show	0.0237
artist	stream	concert	0.0222
artist	stream	book	0.0207
artist	stream	video	0.0192
artist	stream	stream	0.0177
artist	video	movie	0.0306
artist	video	music	0.0290
artist	video	game	0.0273
artist	video	show	0.0257
artist	video	concert	0.0241
artist	video	book	0.0224
artist	video	video	0.0208
artist	video	stream	0.0192
artist	watch	movie	0.0258
artist	watch	music	0.0244
artist	watch	game	0.0230
artist	watch	show	0.0217
artist	watch	concert	0.0203
artist	watch	book	0.0189
artist	watch	video	0.0175
artist	watch	stream	0.0162
ask	about	it	0.0192
ask	about	that	0.0160
ask	for	the	0.0360
ask	for	a	0.0200
ask	for	you	0.0160
ask	how	are	0.0180
ask	you	are	0.0600
ask	you	can	0.0420
ask	you	will	0.0300
ask	you	know	0.0240
ask	you	have	0.0240
ask	you	should	0.0180
ask	you	need	0.0150
ask	you	want	0.0150
assignment	assignment	school	0.0234
assignment	assignment	class	0.0222
assignment	assignment	homework	0.0209
assignment	assignment	exam	0.0197
assignment	assignment	study	0.0184
assignment	assignment	teacher	0.0172
assignment	assignment	student	0.0159
assignment	class	school	0.0426
assignment	class	class	0.0403
assignment	class	homework	0.0381
assignment	class	exam	0.0358
assignment	class	study	0.0335
assignment	class	teacher	0.0312
assignment	class	student	0.0290
assignment	class	course	0.0267
assignment	course	school	0.0282
assignment	course	class	0.0267
assignment	course	homework	0.0252
assignment	course	exam	0.0237
assignment	course	study	0.0222
assignment	course	teacher	0.0207
assignment	course	student	0.0192
assignment	course	course	0.0177
assignment	exam	school	0.0378
assignment	exam	class	0.0358
assignment	exam	homework	0.0338
assignment	exam	exam	0.0318
assignment	exam	study	0.0297
assignment	exam	teacher	0.0277
assignment	exam	student	0.0257
assignment	exam	course	0.0237
assignment	homework	school	0.0402
assignment	homework	class	0.0381
assignment	homework	homework	0.0359
assignment	homework	exam	0.0338
assignment	homework	study	0.0316
assignment	homework	teacher	0.0295
assignment	homework	student	0.0273
assignment	homework	course	0.0252
assignment	lecture	school	0.0258
assignment	lecture	class	0.0244
assignment	lecture	homework	0.0230
assignment	lecture	exam	0.0217
assignment	lecture	study	0.0203
assignment	lecture	teacher	0.0189
assignment	lecture	student	0.0175
assignment	lecture	course	0.0162
assignment	school	school	0.0450
assignment	school	class	0.0426
assignment	school	homework	0.0402
assignment	school	exam	0.0378
assignment	school	study	0.0354
assignment	school	teacher	0.0330
assignment	school	student	0.0306
assignment	school	course	0.0282
assignment	student	school	0.0306
assignment	student	class	0.0290
assignment	student	homework	0.0273
assignment	student	exam	0.0257
assignment	student	study	0.0241
assignment	student	teacher	0.0224
assignment	student	student	0.0208
assignment	student	course	0.0192
assignment	study	school	0.0354
assignment	study	class	0.0335
assignment	study	homework	0.0316
assignment	study	exam	0.0297
assignment	study	study	0.0278
assignment	study	teacher	0.0260
assignment	study	student	0.0241
assignment	study	course	0.0222
assignment	teacher	school	0.0330
assignment	teacher	class	0.0312
assignment	teacher	homework	0.0295
assignment	teacher	exam	0.0277
assignment	teacher	study	0.0260
assignment	teacher	teacher	0.0242
assignment	teacher	student	0.0224
assignment	teacher	course	0.0207
at	a	lot	0.0200
at	the	office	0.1200
at	the	store	0.0800
at	the	airport	0.0600
at	the	station	0.0500
at	the	restaurant	0.0500
at	the	hotel	0.0400
at	the	hospital	0.0300
at	the	school	0.0300
at	the	best	0.0220
at	the	meeting	0.0200
at	the	event	0.0200
at	the	party	0.0200
at	the	game	0.0200
at	the	concert	0.0200
at	the	mall	0.0200
at	the	park	0.0200
at	the	same	0.0176
at	the	first	0.0176
at	the	other	0.0176
at	the	next	0.0176
at	the	last	0.0176
at	work	on	0.0160
baby	baby	mom	0.0234
baby	baby	dad	0.0222
baby	baby	sister	0.0209
baby	baby	brother	0.0197
baby	baby	son	0.0184
baby	baby	daughter	0.0172
baby	baby	family	0.0159
baby	brother	mom	0.0378
baby	brother	dad	0.0358
baby	brother	sister	0.0338
baby	brother	brother	0.0318
baby	brother	son	0.0297
baby	brother	daughter	0.0277
baby	brother	family	0.0257
baby	brother	kids	0.0237
baby	dad	mom	0.0426
baby	dad	dad	0.0403
baby	dad	sister	0.0381
baby	dad	brother	0.0358
baby	dad	son	0.0335
baby	dad	daughter	0.0312
baby	dad	family	0.0290
baby	dad	kids	0.0267
baby	daughter	mom	0.0330
baby	daughter	dad	0.0312
baby	daughter	sister	0.0295
baby	daughter	brother	0.0277
baby	daughter	son	0.0260
baby	daughter	daughter	0.0242
baby	daughter	family	0.0224
baby	daughter	kids	0.0207
baby	family	mom	0.0306
baby	family	dad	0.0290
baby	family	sister	0.0273
baby	family	brother	0.0257
baby	family	son	0.0241
baby	family	daughter	0.0224
baby	family	family	0.0208
baby	family	kids	0.0192
baby	kids	mom	0.0282
baby	kids	dad	0.0267
baby	kids	sister	0.0252
baby	kids	brother	0.0237
baby	kids	son	0.0222
baby	kids	daughter	0.0207
baby	kids	family	0.0192
baby	kids	kids	0.0177
baby	mom	mom	0.0450
baby	mom	dad	0.0426
baby	mom	sister	0.0402
baby	mom	brother	0.0378
baby	mom	son	0.0354
baby	mom	daughter	0.0330
baby	mom	family	0.0306
baby	mom	kids	0.0282
baby	parents	mom	0.0258
baby	parents	dad	0.0244
baby	parents	sister	0.0230
baby	parents	brother	0.0217
baby	parents	son	0.0203
baby	parents	daughter	0.0189
baby	parents	family	0.0175
baby	parents	kids	0.0162
baby	sister	mom	0.0402
baby	sister	dad	0.0381
baby	sister	sister	0.0359
baby	sister	brother	0.0338
baby	sister	son	0.0316
baby	sister	daughter	0.0295
baby	sister	family	0.0273
baby	sister	kids	0.0252
baby	son	mom	0.0354
baby	son	dad	0.0335
baby	son	sister	0.0316
baby	son	brother	0.0297
baby	son	son	0.0278
baby	son	daughter	0.0260
baby	son	family	0.0241
baby	son	kids	0.0222
bank	bank	money	0.0426
bank	bank	bank	0.0403
bank	bank	payment	0.0381
bank	bank	budget	0.0358
bank	bank	cost	0.0335
bank	bank	price	0.0312
bank	bank	bill	0.0290
bank	bank	invoice	0.0267
bank	bill	money	0.0306
bank	bill	bank	0.0290
bank	bill	payment	0.0273
bank	bill	budget	0.0257
bank	bill	cost	0.0241
bank	bill	price	0.0224
bank	bill	bill	0.0208
bank	bill	invoice	0.0192
bank	budget	meeting	0.0378
bank	budget	project	0.0358
bank	budget	deadline	0.0338
bank	budget	report	0.0318
bank	budget	client	0.0297
bank	budget	email	0.0277
bank	budget	office	0.0257
bank	budget	manager	0.0237
bank	cost	money	0.0354
bank	cost	bank	0.0335
bank	cost	payment	0.0316
bank	cost	budget	0.0297
bank	cost	cost	0.0278
bank	cost	price	0.0260
bank	cost	bill	0.0241
bank	cost	invoice	0.0222
bank	invoice	money	0.0282
bank	invoice	bank	0.0267
bank	invoice	payment	0.0252
bank	invoice	budget	0.0237
bank	invoice	cost	0.0222
bank	invoice	price	0.0207
bank	invoice	bill	0.0192
bank	invoice	invoice	0.0177
bank	money	money	0.0450
bank	money	bank	0.0426
bank	money	payment	0.0402
bank	money	budget	0.0378
bank	money	cost	0.0354
bank	money	price	0.0330
bank	money	bill	0.0306
bank	money	invoice	0.0282
bank	payment	buy	0.0402
bank	payment	store	0.0381
bank	payment	order	0.0359
bank	payment	delivery	0.0338
bank	payment	price	0.0316
bank	payment	sale	0.0295
bank	payment	discount	0.0273
bank	payment	cart	0.0252
bank	price	buy	0.0330
bank	price	store	0.0312
bank	price	order	0.0295
bank	price	delivery	0.0277
bank	price	price	0.0260
bank	price	sale	0.0242
bank	price	discount	0.0224
bank	price	cart	0.0207
bank	salary	money	0.0258
bank	salary	bank	0.0244
bank	salary	payment	0.0230
bank	salary	budget	0.0217
bank	salary	cost	0.0203
bank	salary	price	0.0189
bank	salary	bill	0.0175
bank	salary	invoice	0.0162
bank	tax	money	0.0234
bank	tax	bank	0.0222
bank	tax	payment	0.0209
bank	tax	budget	0.0197
bank	tax	cost	0.0184
bank	tax	price	0.0172
bank	tax	bill	0.0159
basketball	football	game	0.0234
basketball	football	team	0.0222
basketball	football	score	0.0209
basketball	football	match	0.0197
basketball	football	player	0.0184
basketball	football	win	0.0172
basketball	football	lose	0.0159
basketball	game	game	0.0450
basketball	game	team	0.0426
basketball	game	score	0.0402
basketball	game	match	0.0378
basketball	game	player	0.0354
basketball	game	win	0.0330
basketball	game	lose	0.0306
basketball	game	goal	0.0282
basketball	match	game	0.0378
basketball	match	team	0.0358
basketball	match	score	0.0338
basketball	match	match	0.0318
basketball	match	player	0.0297
basketball	match	win	0.0277
basketball	match	lose	0.0257
basketball	match	goal	0.0237
basketball	player	game	0.0354
basketball	player	team	0.0335
basketball	player	score	0.0316
basketball	player	match	0.0297
basketball	player	player	0.0278
basketball	player	win	0.0260
basketball	player	lose	0.0241
basketball	player	goal	0.0222
basketball	score	game	0.0402
basketball	score	team	0.0381
basketball	score	score	0.0359
basketball	score	match	0.0338
basketball	score	player	0.0316
basketball	score	win	0.0295
basketball	score	lose	0.0273
basketball	score	goal	0.0252
basketball	team	game	0.0426
basketball	team	team	0.0403
basketball	team	score	0.0381
basketball	team	match	0.0358
basketball	team	player	0.0335
basketball	team	win	0.0312
basketball	team	lose	0.0290
basketball	team	goal	0.0267
basketball	win	game	0.0330
basketball	win	team	0.0312
basketball	win	score	0.0295
basketball	win	match	0.0277
basketball	win	player	0.0260
basketball	win	win	0.0242
basketball	win	lose	0.0224
basketball	win	goal	0.0207
beach	airport	flight	0.0330
beach	airport	hotel	0.0312
beach	airport	trip	0.0295
beach	airport	vacation	0.0277
beach	airport	beach	0.0260
beach	airport	airport	0.0242
beach	airport	booking	0.0224
beach	airport	passport	0.0207
beach	beach	flight	0.0354
beach	beach	hotel	0.0335
beach	beach	trip	0.0316
beach	beach	vacation	0.0297
beach	beach	beach	0.0278
beach	beach	airport	0.0260
beach	beach	booking	0.0241
beach	beach	passport	0.0222
beach	booking	flight	0.0306
beach	booking	hotel	0.0290
beach	booking	trip	0.0273
beach	booking	vacation	0.0257
beach	booking	beach	0.0241
beach	booking	airport	0.0224
beach	booking	booking	0.0208
beach	booking	passport	0.0192
beach	destination	flight	0.0234
beach	destination	hotel	0.0222
beach	destination	trip	0.0209
beach	destination	vacation	0.0197
beach	destination	beach	0.0184
beach	destination	airport	0.0172
beach	destination	booking	0.0159
beach	flight	flight	0.0450
beach	flight	hotel	0.0426
beach	flight	trip	0.0402
beach	flight	vacation	0.0378
beach	flight	beach	0.0354
beach	flight	airport	0.0330
beach	flight	booking	0.0306
beach	flight	passport	0.0282
beach	hotel	flight	0.0426
beach	hotel	hotel	0.0403
beach	hotel	trip	0.0381
beach	hotel	vacation	0.0358
beach	hotel	beach	0.0335
beach	hotel	airport	0.0312
beach	hotel	booking	0.0290
beach	hotel	passport	0.0267
beach	luggage	flight	0.0258
beach	luggage	hotel	0.0244
beach	luggage	trip	0.0230
beach	luggage	vacation	0.0217
beach	luggage	beach	0.0203
beach	luggage	airport	0.0189
beach	luggage	booking	0.0175
beach	luggage	passport	0.0162
beach	passport	flight	0.0282
beach	passport	hotel	0.0267
beach	passport	trip	0.0252
beach	passport	vacation	0.0237
beach	passport	beach	0.0222
beach	passport	airport	0.0207
beach	passport	booking	0.0192
beach	passport	passport	0.0177
beach	trip	flight	0.0402
beach	trip	hotel	0.0381
beach	trip	trip	0.0359
beach	trip	vacation	0.0338
beach	trip	beach	0.0316
beach	trip	airport	0.0295
beach	trip	booking	0.0273
beach	trip	passport	0.0252
beach	vacation	flight	0.0378
beach	vacation	hotel	0.0358
beach	vacation	trip	0.0338
beach	vacation	vacation	0.0318
beach	vacation	beach	0.0297
beach	vacation	airport	0.0277
beach	vacation	booking	0.0257
beach	vacation	passport	0.0237
because	i	am	0.0432
because	i	have	0.0288
because	i	will	0.0240
because	it	is	0.0300
because	it	was	0.0216
because	of	the	0.0600
because	of	a	0.0200
because	you	are	0.0200
bedroom	apartment	house	0.0426
bedroom	apartment	apartment	0.0403
bedroom	apartment	room	0.0381
bedroom	apartment	kitchen	0.0358
bedroom	apartment	bedroom	0.0335
bedroom	apartment	bathroom	0.0312
bedroom	apartment	clean	0.0290
bedroom	apartment	repair	0.0267
bedroom	bedroom	house	0.0354
bedroom	bedroom	apartment	0.0335
bedroom	bedroom	room	0.0316
bedroom	bedroom	kitchen	0.0297
bedroom	bedroom	bedroom	0.0278
bedroom	bedroom	bathroom	0.0260
bedroom	bedroom	clean	0.0241
bedroom	bedroom	repair	0.0222
bedroom	clean	house	0.0306
bedroom	clean	apartment	0.0290
bedroom	clean	room	0.0273
bedroom	clean	kitchen	0.0257
bedroom	clean	bedroom	0.0241
bedroom	clean	bathroom	0.0224
bedroom	clean	clean	0.0208
bedroom	clean	repair	0.0192
bedroom	furniture	house	0.0258
bedroom	furniture	apartment	0.0244
bedroom	furniture	room	0.0230
bedroom	furniture	kitchen	0.0217
bedroom	furniture	bedroom	0.0203
bedroom	furniture	bathroom	0.0189
bedroom	furniture	clean	0.0175
bedroom	furniture	repair	0.0162
bedroom	house	house	0.0450
bedroom	house	apartment	0.0426
bedroom	house	room	0.0402
bedroom	house	kitchen	0.0378
bedroom	house	bedroom	0.0354
bedroom	house	bathroom	0.0330
bedroom	house	clean	0.0306
bedroom	house	repair	0.0282
bedroom	kitchen	house	0.0378
bedroom	kitchen	apartment	0.0358
bedroom	kitchen	room	0.0338
bedroom	kitchen	kitchen	0.0318
bedroom	kitchen	bedroom	0.0297
bedroom	kitchen	bathroom	0.0277
bedroom	kitchen	clean	0.0257
bedroom	kitchen	repair	0.0237
bedroom	rent	house	0.0234
bedroom	rent	apartment	0.0222
bedroom	rent	room	0.0209
bedroom	rent	kitchen	0.0197
bedroom	rent	bedroom	0.0184
bedroom	rent	bathroom	0.0172
bedroom	rent	clean	0.0159
bedroom	repair	house	0.0282
bedroom	repair	apartment	0.0267
bedroom	repair	room	0.0252
bedroom	repair	kitchen	0.0237
bedroom	repair	bedroom	0.0222
bedroom	repair	bathroom	0.0207
bedroom	repair	clean	0.0192
bedroom	repair	repair	0.0177
bedroom	room	house	0.0402
bedroom	room	apartment	0.0381
bedroom	room	room	0.0359
bedroom	room	kitchen	0.0338
bedroom	room	bedroom	0.0316
bedroom	room	bathroom	0.0295
bedroom	room	clean	0.0273
bedroom	room	repair	0.0252
before	a	lot	0.0450
before	a	good	0.0270
before	a	little	0.0225
before	a	few	0.0225
before	a	bit	0.0180
before	a	great	0.0180
before	my	name	0.0400
before	my	phone	0.0240
before	my	email	0.0240
before	my	address	0.0160
before	my	opinion	0.0160
before	our	time	0.0240
before	our	day	0.0228
before	our	week	0.0216
before	our	month	0.0204
before	our	year	0.0192
before	our	way	0.0180
before	our	place	0.0168
before	our	thing	0.0156
before	that	is	0.0330
before	that	was	0.0180
before	the	best	0.0250
before	the	same	0.0200
before	the	first	0.0200
before	the	other	0.0200
before	the	next	0.0200
before	the	last	0.0200
before	the	only	0.0150
before	the	main	0.0150
before	their	time	0.0200
before	their	day	0.0190
before	their	week	0.0180
before	their	month	0.0170
before	their	year	0.0160
before	their	way	0.0150
before	this	is	0.0600
before	this	was	0.0160
before	your	name	0.0280
before	your	email	0.0210
before	your	phone	0.0210
between	a	lot	0.0450
between	a	good	0.0270
between	a	little	0.0225
between	a	few	0.0225
between	a	bit	0.0180
between	a	great	0.0180
between	my	name	0.0400
between	my	phone	0.0240
between	my	email	0.0240
between	my	address	0.0160
between	my	opinion	0.0160
between	our	time	0.0240
between	our	day	0.0228
between	our	week	0.0216
between	our	month	0.0204
between	our	year	0.0192
between	our	way	0.0180
between	our	place	0.0168
between	our	thing	0.0156
between	that	is	0.0330
between	that	was	0.0180
between	the	best	0.0250
between	the	same	0.0200
between	the	first	0.0200
between	the	other	0.0200
between	the	next	0.0200
between	the	last	0.0200
between	the	only	0.0150
between	the	main	0.0150
between	their	time	0.0200
between	their	day	0.0190
between	their	week	0.0180
between	their	month	0.0170
between	their	year	0.0160
between	their	way	0.0150
between	this	is	0.0600
between	this	was	0.0160
between	your	name	0.0280
between	your	email	0.0210
between	your	phone	0.0210
bill	bank	money	0.0426
bill	bank	bank	0.0403
bill	bank	payment	0.0381
bill	bank	budget	0.0358
bill	bank	cost	0.0335
bill	bank	price	0.0312
bill	bank	bill	0.0290
bill	bank	invoice	0.0267
bill	bill	money	0.0306
bill	bill	bank	0.0290
bill	bill	payment	0.0273
bill	bill	budget	0.0257
bill	bill	cost	0.0241
bill	bill	price	0.0224
bill	bill	bill	0.0208
bill	bill	invoice	0.0192
bill	budget	meeting	0.0378
bill	budget	project	0.0358
bill	budget	deadline	0.0338
bill	budget	report	0.0318
bill	budget	client	0.0297
bill	budget	email	0.0277
bill	budget	office	0.0257
bill	budget	manager	0.0237
bill	cost	money	0.0354
bill	cost	bank	0.0335
bill	cost	payment	0.0316
bill	cost	budget	0.0297
bill	cost	cost	0.0278
bill	cost	price	0.0260
bill	cost	bill	0.0241
bill	cost	invoice	0.0222
bill	invoice	money	0.0282
bill	invoice	bank	0.0267
bill	invoice	payment	0.0252
bill	invoice	budget	0.0237
bill	invoice	cost	0.0222
bill	invoice	price	0.0207
bill	invoice	bill	0.0192
bill	invoice	invoice	0.0177
bill	money	money	0.0450
bill	money	bank	0.0426
bill	money	payment	0.0402
bill	money	budget	0.0378
bill	money	cost	0.0354
bill	money	price	0.0330
bill	money	bill	0.0306
bill	money	invoice	0.0282
bill	payment	buy	0.0402
bill	payment	store	0.0381
bill	payment	order	0.0359
bill	payment	delivery	0.0338
bill	payment	price	0.0316
bill	payment	sale	0.0295
bill	payment	discount	0.0273
bill	payment	cart	0.0252
bill	price	buy	0.0330
bill	price	store	0.0312
bill	price	order	0.0295
bill	price	delivery	0.0277
bill	price	price	0.0260
bill	price	sale	0.0242
bill	price	discount	0.0224
bill	price	cart	0.0207
bill	salary	money	0.0258
bill	salary	bank	0.0244
bill	salary	payment	0.0230
bill	salary	budget	0.0217
bill	salary	cost	0.0203
bill	salary	price	0.0189
bill	salary	bill	0.0175
bill	salary	invoice	0.0162
bill	tax	money	0.0234
bill	tax	bank	0.0222
bill	tax	payment	0.0209
bill	tax	budget	0.0197
bill	tax	cost	0.0184
bill	tax	price	0.0172
bill	tax	bill	0.0159
book	book	movie	0.0330
book	book	music	0.0312
book	book	game	0.0295
book	book	show	0.0277
book	book	concert	0.0260
book	book	book	0.0242
book	book	video	0.0224
book	book	stream	0.0207
book	concert	movie	0.0354
book	concert	music	0.0335
book	concert	game	0.0316
book	concert	show	0.0297
book	concert	concert	0.0278
book	concert	book	0.0260
book	concert	video	0.0241
book	concert	stream	0.0222
book	game	game	0.0402
book	game	team	0.0381
book	game	score	0.0359
book	game	match	0.0338
book	game	player	0.0316
book	game	win	0.0295
book	game	lose	0.0273
book	game	goal	0.0252
book	listen	movie	0.0234
book	listen	music	0.0222
book	listen	game	0.0209
book	listen	show	0.0197
book	listen	concert	0.0184
book	listen	book	0.0172
book	listen	video	0.0159
book	movie	movie	0.0450
book	movie	music	0.0426
book	movie	game	0.0402
book	movie	show	0.0378
book	movie	concert	0.0354
book	movie	book	0.0330
book	movie	video	0.0306
book	movie	stream	0.0282
book	music	movie	0.0426
book	music	music	0.0403
book	music	game	0.0381
book	music	show	0.0358
book	music	concert	0.0335
book	music	book	0.0312
book	music	video	0.0290
book	music	stream	0.0267
book	show	movie	0.0378
book	show	music	0.0358
book	show	game	0.0338
book	show	show	0.0318
book	show	concert	0.0297
book	show	book	0.0277
book	show	video	0.0257
book	show	stream	0.0237
book	stream	movie	0.0282
book	stream	music	0.0267
book	stream	game	0.0252
book	stream	show	0.0237
book	stream	concert	0.0222
book	stream	book	0.0207
book	stream	video	0.0192
book	stream	stream	0.0177
book	video	movie	0.0306
book	video	music	0.0290
book	video	game	0.0273
book	video	show	0.0257
book	video	concert	0.0241
book	video	book	0.0224
book	video	video	0.0208
book	video	stream	0.0192
book	watch	movie	0.0258
book	watch	music	0.0244
book	watch	game	0.0230
book	watch	show	0.0217
book	watch	concert	0.0203
book	watch	book	0.0189
book	watch	video	0.0175
book	watch	stream	0.0162
booking	airport	flight	0.0330
booking	airport	hotel	0.0312
booking	airport	trip	0.0295
booking	airport	vacation	0.0277
booking	airport	beach	0.0260
booking	airport	airport	0.0242
booking	airport	booking	0.0224
booking	airport	passport	0.0207
booking	beach	flight	0.0354
booking	beach	hotel	0.0335
booking	beach	trip	0.0316
booking	beach	vacation	0.0297
booking	beach	beach	0.0278
booking	beach	airport	0.0260
booking	beach	booking	0.0241
booking	beach	passport	0.0222
booking	booking	flight	0.0306
booking	booking	hotel	0.0290
booking	booking	trip	0.0273
booking	booking	vacation	0.0257
booking	booking	beach	0.0241
booking	booking	airport	0.0224
booking	booking	booking	0.0208
booking	booking	passport	0.0192
booking	destination	flight	0.0234
booking	destination	hotel	0.0222
booking	destination	trip	0.0209
booking	destination	vacation	0.0197
booking	destination	beach	0.0184
booking	destination	airport	0.0172
booking	destination	booking	0.0159
booking	flight	flight	0.0450
booking	flight	hotel	0.0426
booking	flight	trip	0.0402
booking	flight	vacation	0.0378
booking	flight	beach	0.0354
booking	flight	airport	0.0330
booking	flight	booking	0.0306
booking	flight	passport	0.0282
booking	hotel	flight	0.0426
booking	hotel	hotel	0.0403
booking	hotel	trip	0.0381
booking	hotel	vacation	0.0358
booking	hotel	beach	0.0335
booking	hotel	airport	0.0312
booking	hotel	booking	0.0290
booking	hotel	passport	0.0267
booking	luggage	flight	0.0258
booking	luggage	hotel	0.0244
booking	luggage	trip	0.0230
booking	luggage	vacation	0.0217
booking	luggage	beach	0.0203
booking	luggage	airport	0.0189
booking	luggage	booking	0.0175
booking	luggage	passport	0.0162
booking	passport	flight	0.0282
booking	passport	hotel	0.0267
booking	passport	trip	0.0252
booking	passport	vacation	0.0237
booking	passport	beach	0.0222
booking	passport	airport	0.0207
booking	passport	booking	0.0192
booking	passport	passport	0.0177
booking	trip	flight	0.0402
booking	trip	hotel	0.0381
booking	trip	trip	0.0359
booking	trip	vacation	0.0338
booking	trip	beach	0.0316
booking	trip	airport	0.0295
booking	trip	booking	0.0273
booking	trip	passport	0.0252
booking	vacation	flight	0.0378
booking	vacation	hotel	0.0358
booking	vacation	trip	0.0338
booking	vacation	vacation	0.0318
booking	vacation	beach	0.0297
booking	vacation	airport	0.0277
booking	vacation	booking	0.0257
booking	vacation	passport	0.0237
breakfast	breakfast	eat	0.0306
breakfast	breakfast	cook	0.0290
breakfast	breakfast	order	0.0273
breakfast	breakfast	restaurant	0.0257
breakfast	breakfast	lunch	0.0241
breakfast	breakfast	dinner	0.0224
breakfast	breakfast	breakfast	0.0208
breakfast	breakfast	coffee	0.0192
breakfast	coffee	eat	0.0282
breakfast	coffee	cook	0.0267
breakfast	coffee	order	0.0252
breakfast	coffee	restaurant	0.0237
breakfast	coffee	lunch	0.0222
breakfast	coffee	dinner	0.0207
breakfast	coffee	breakfast	0.0192
breakfast	coffee	coffee	0.0177
breakfast	cook	eat	0.0426
breakfast	cook	cook	0.0403
breakfast	cook	order	0.0381
breakfast	cook	restaurant	0.0358
breakfast	cook	lunch	0.0335
breakfast	cook	dinner	0.0312
breakfast	cook	breakfast	0.0290
breakfast	cook	coffee	0.0267
breakfast	dinner	eat	0.0330
breakfast	dinner	cook	0.0312
breakfast	dinner	order	0.0295
breakfast	dinner	restaurant	0.0277
breakfast	dinner	lunch	0.0260
breakfast	dinner	dinner	0.0242
breakfast	dinner	breakfast	0.0224
breakfast	dinner	coffee	0.0207
breakfast	eat	eat	0.0450
breakfast	eat	cook	0.0426
breakfast	eat	order	0.0402
breakfast	eat	restaurant	0.0378
breakfast	eat	lunch	0.0354
breakfast	eat	dinner	0.0330
breakfast	eat	breakfast	0.0306
breakfast	eat	coffee	0.0282
breakfast	hungry	eat	0.0234
breakfast	hungry	cook	0.0222
breakfast	hungry	order	0.0209
breakfast	hungry	restaurant	0.0197
breakfast	hungry	lunch	0.0184
breakfast	hungry	dinner	0.0172
breakfast	hungry	breakfast	0.0159
breakfast	lunch	eat	0.0354
breakfast	lunch	cook	0.0335
breakfast	lunch	order	0.0316
breakfast	lunch	restaurant	0.0297
breakfast	lunch	lunch	0.0278
breakfast	lunch	dinner	0.0260
breakfast	lunch	breakfast	0.0241
breakfast	lunch	coffee	0.0222
breakfast	order	eat	0.0402
breakfast	order	cook	0.0381
breakfast	order	order	0.0359
breakfast	order	restaurant	0.0338
breakfast	order	lunch	0.0316
breakfast	order	dinner	0.0295
breakfast	order	breakfast	0.0273
breakfast	order	coffee	0.0252
breakfast	pizza	eat	0.0258
breakfast	pizza	cook	0.0244
breakfast	pizza	order	0.0230
breakfast	pizza	restaurant	0.0217
breakfast	pizza	lunch	0.0203
breakfast	pizza	dinner	0.0189
breakfast	pizza	breakfast	0.0175
breakfast	pizza	coffee	0.0162
breakfast	restaurant	eat	0.0378
breakfast	restaurant	cook	0.0358
breakfast	restaurant	order	0.0338
breakfast	restaurant	restaurant	0.0318
breakfast	restaurant	lunch	0.0297
breakfast	restaurant	dinner	0.0277
breakfast	restaurant	breakfast	0.0257
breakfast	restaurant	coffee	0.0237
brother	baby	mom	0.0234
brother	baby	dad	0.0222
brother	baby	sister	0.0209
brother	baby	brother	0.0197
brother	baby	son	0.0184
brother	baby	daughter	0.0172
brother	baby	family	0.0159
brother	brother	mom	0.0378
brother	brother	dad	0.0358
brother	brother	sister	0.0338
brother	brother	brother	0.0318
brother	brother	son	0.0297
brother	brother	daughter	0.0277
brother	brother	family	0.0257
brother	brother	kids	0.0237
brother	dad	mom	0.0426
brother	dad	dad	0.0403
brother	dad	sister	0.0381
brother	dad	brother	0.0358
brother	dad	son	0.0335
brother	dad	daughter	0.0312
brother	dad	family	0.0290
brother	dad	kids	0.0267
brother	daughter	mom	0.0330
brother	daughter	dad	0.0312
brother	daughter	sister	0.0295
brother	daughter	brother	0.0277
brother	daughter	son	0.0260
brother	daughter	daughter	0.0242
brother	daughter	family	0.0224
brother	daughter	kids	0.0207
brother	family	mom	0.0306
brother	family	dad	0.0290
brother	family	sister	0.0273
brother	family	brother	0.0257
brother	family	son	0.0241
brother	family	daughter	0.0224
brother	family	family	0.0208
brother	family	kids	0.0192
brother	kids	mom	0.0282
brother	kids	dad	0.0267
brother	kids	sister	0.0252
brother	kids	brother	0.0237
brother	kids	son	0.0222
brother	kids	daughter	0.0207
brother	kids	family	0.0192
brother	kids	kids	0.0177
brother	mom	mom	0.0450
brother	mom	dad	0.0426
brother	mom	sister	0.0402
brother	mom	brother	0.0378
brother	mom	son	0.0354
brother	mom	daughter	0.0330
brother	mom	family	0.0306
brother	mom	kids	0.0282
brother	parents	mom	0.0258
brother	parents	dad	0.0244
brother	parents	sister	0.0230
brother	parents	brother	0.0217
brother	parents	son	0.0203
brother	parents	daughter	0.0189
brother	parents	family	0.0175
brother	parents	kids	0.0162
brother	sister	mom	0.0402
brother	sister	dad	0.0381
brother	sister	sister	0.0359
brother	sister	brother	0.0338
brother	sister	son	0.0316
brother	sister	daughter	0.0295
brother	sister	family	0.0273
brother	sister	kids	0.0252
brother	son	mom	0.0354
brother	son	dad	0.0335
brother	son	sister	0.0316
brother	son	brother	0.0297
brother	son	son	0.0278
brother	son	daughter	0.0260
brother	son	family	0.0241
brother	son	kids	0.0222
budget	client	meeting	0.0354
budget	client	project	0.0335
budget	client	deadline	0.0316
budget	client	report	0.0297
budget	client	client	0.0278
budget	client	email	0.0260
budget	client	office	0.0241
budget	client	manager	0.0222
budget	deadline	meeting	0.0402
budget	deadline	project	0.0381
budget	deadline	deadline	0.0359
budget	deadline	report	0.0338
budget	deadline	client	0.0316
budget	deadline	email	0.0295
budget	deadline	office	0.0273
budget	deadline	manager	0.0252
budget	email	code	0.0330
budget	email	app	0.0312
budget	email	phone	0.0295
budget	email	laptop	0.0277
budget	email	software	0.0260
budget	email	update	0.0242
budget	email	bug	0.0224
budget	email	server	0.0207
budget	manager	meeting	0.0282
budget	manager	project	0.0267
budget	manager	deadline	0.0252
budget	manager	report	0.0237
budget	manager	client	0.0222
budget	manager	email	0.0207
budget	manager	office	0.0192
budget	manager	manager	0.0177
budget	meeting	meeting	0.0450
budget	meeting	project	0.0426
budget	meeting	deadline	0.0402
budget	meeting	report	0.0378
budget	meeting	client	0.0354
budget	meeting	email	0.0330
budget	meeting	office	0.0306
budget	meeting	manager	0.0282
budget	office	meeting	0.0306
budget	office	project	0.0290
budget	office	deadline	0.0273
budget	office	report	0.0257
budget	office	client	0.0241
budget	office	email	0.0224
budget	office	office	0.0208
budget	office	manager	0.0192
budget	project	meeting	0.0426
budget	project	project	0.0403
budget	project	deadline	0.0381
budget	project	report	0.0358
budget	project	client	0.0335
budget	project	email	0.0312
budget	project	office	0.0290
budget	project	manager	0.0267
budget	report	meeting	0.0378
budget	report	project	0.0358
budget	report	deadline	0.0338
budget	report	report	0.0318
budget	report	client	0.0297
budget	report	email	0.0277
budget	report	office	0.0257
budget	report	manager	0.0237
budget	schedule	meeting	0.0234
budget	schedule	project	0.0222
budget	schedule	deadline	0.0209
budget	schedule	report	0.0197
budget	schedule	client	0.0184
budget	schedule	email	0.0172
budget	schedule	office	0.0159
budget	task	meeting	0.0258
budget	task	project	0.0244
budget	task	deadline	0.0230
budget	task	report	0.0217
budget	task	client	0.0203
budget	task	email	0.0189
budget	task	office	0.0175
budget	task	manager	0.0162
bug	app	code	0.0426
bug	app	app	0.0403
bug	app	phone	0.0381
bug	app	laptop	0.0358
bug	app	software	0.0335
bug	app	update	0.0312
bug	app	bug	0.0290
bug	app	server	0.0267
bug	bug	code	0.0306
bug	bug	app	0.0290
bug	bug	phone	0.0273
bug	bug	laptop	0.0257
bug	bug	software	0.0241
bug	bug	update	0.0224
bug	bug	bug	0.0208
bug	bug	server	0.0192
bug	code	code	0.0450
bug	code	app	0.0426
bug	code	phone	0.0402
bug	code	laptop	0.0378
bug	code	software	0.0354
bug	code	update	0.0330
bug	code	bug	0.0306
bug	code	server	0.0282
bug	data	code	0.0258
bug	data	app	0.0244
bug	data	phone	0.0230
bug	data	laptop	0.0217
bug	data	software	0.0203
bug	data	update	0.0189
bug	data	bug	0.0175
bug	data	server	0.0162
bug	internet	code	0.0234
bug	internet	app	0.0222
bug	internet	phone	0.0209
bug	internet	laptop	0.0197
bug	internet	software	0.0184
bug	internet	update	0.0172
bug	internet	bug	0.0159
bug	laptop	code	0.0378
bug	laptop	app	0.0358
bug	laptop	phone	0.0338
bug	laptop	laptop	0.0318
bug	laptop	software	0.0297
bug	laptop	update	0.0277
bug	laptop	bug	0.0257
bug	laptop	server	0.0237
bug	phone	code	0.0402
bug	phone	app	0.0381
bug	phone	phone	0.0359
bug	phone	laptop	0.0338
bug	phone	software	0.0316
bug	phone	update	0.0295
bug	phone	bug	0.0273
bug	phone	server	0.0252
bug	server	code	0.0282
bug	server	app	0.0267
bug	server	phone	0.0252
bug	server	laptop	0.0237
bug	server	software	0.0222
bug	server	update	0.0207
bug	server	bug	0.0192
bug	server	server	0.0177
bug	software	code	0.0354
bug	software	app	0.0335
bug	software	phone	0.0316
bug	software	laptop	0.0297
bug	software	software	0.0278
bug	software	update	0.0260
bug	software	bug	0.0241
bug	software	server	0.0222
bug	update	code	0.0330
bug	update	app	0.0312
bug	update	phone	0.0295
bug	update	laptop	0.0277
bug	update	software	0.0260
bug	update	update	0.0242
bug	update	bug	0.0224
bug	update	server	0.0207
bus	bus	car	0.0426
bus	bus	bus	0.0403
bus	bus	train	0.0381
bus	bus	flight	0.0358
bus	bus	drive	0.0335
bus	bus	ride	0.0312
bus	bus	traffic	0.0290
bus	bus	parking	0.0267
bus	car	car	0.0450
bus	car	bus	0.0426
bus	car	train	0.0402
bus	car	flight	0.0378
bus	car	drive	0.0354
bus	car	ride	0.0330
bus	car	traffic	0.0306
bus	car	parking	0.0282
bus	drive	car	0.0354
bus	drive	bus	0.0335
bus	drive	train	0.0316
bus	drive	flight	0.0297
bus	drive	drive	0.0278
bus	drive	ride	0.0260
bus	drive	traffic	0.0241
bus	drive	parking	0.0222
bus	flight	flight	0.0378
bus	flight	hotel	0.0358
bus	flight	trip	0.0338
bus	flight	vacation	0.0318
bus	flight	beach	0.0297
bus	flight	airport	0.0277
bus	flight	booking	0.0257
bus	flight	passport	0.0237
bus	fuel	car	0.0234
bus	fuel	bus	0.0222
bus	fuel	train	0.0209
bus	fuel	flight	0.0197
bus	fuel	drive	0.0184
bus	fuel	ride	0.0172
bus	fuel	traffic	0.0159
bus	gas	car	0.0258
bus	gas	bus	0.0244
bus	gas	train	0.0230
bus	gas	flight	0.0217
bus	gas	drive	0.0203
bus	gas	ride	0.0189
bus	gas	traffic	0.0175
bus	gas	parking	0.0162
bus	parking	car	0.0282
bus	parking	bus	0.0267
bus	parking	train	0.0252
bus	parking	flight	0.0237
bus	parking	drive	0.0222
bus	parking	ride	0.0207
bus	parking	traffic	0.0192
bus	parking	parking	0.0177
bus	ride	car	0.0330
bus	ride	bus	0.0312
bus	ride	train	0.0295
bus	ride	flight	0.0277
bus	ride	drive	0.0260
bus	ride	ride	0.0242
bus	ride	traffic	0.0224
bus	ride	parking	0.0207
bus	traffic	car	0.0306
bus	traffic	bus	0.0290
bus	traffic	train	0.0273
bus	traffic	flight	0.0257
bus	traffic	drive	0.0241
bus	traffic	ride	0.0224
bus	traffic	traffic	0.0208
bus	traffic	parking	0.0192
bus	train	car	0.0402
bus	train	bus	0.0381
bus	train	train	0.0359
bus	train	flight	0.0338
bus	train	drive	0.0316
bus	train	ride	0.0295
bus	train	traffic	0.0273
bus	train	parking	0.0252
buy	buy	buy	0.0450
buy	buy	store	0.0426
buy	buy	order	0.0402
buy	buy	delivery	0.0378
buy	buy	price	0.0354
buy	buy	sale	0.0330
buy	buy	discount	0.0306
buy	buy	cart	0.0282
buy	cart	buy	0.0282
buy	cart	store	0.0267
buy	cart	order	0.0252
buy	cart	delivery	0.0237
buy	cart	price	0.0222
buy	cart	sale	0.0207
buy	cart	discount	0.0192
buy	cart	cart	0.0177
buy	checkout	buy	0.0258
buy	checkout	store	0.0244
buy	checkout	order	0.0230
buy	checkout	delivery	0.0217
buy	checkout	price	0.0203
buy	checkout	sale	0.0189
buy	checkout	discount	0.0175
buy	checkout	cart	0.0162
buy	delivery	buy	0.0378
buy	delivery	store	0.0358
buy	delivery	order	0.0338
buy	delivery	delivery	0.0318
buy	delivery	price	0.0297
buy	delivery	sale	0.0277
buy	delivery	discount	0.0257
buy	delivery	cart	0.0237
buy	discount	buy	0.0306
buy	discount	store	0.0290
buy	discount	order	0.0273
buy	discount	delivery	0.0257
buy	discount	price	0.0241
buy	discount	sale	0.0224
buy	discount	discount	0.0208
buy	discount	cart	0.0192
buy	order	eat	0.0402
buy	order	cook	0.0381
buy	order	order	0.0359
buy	order	restaurant	0.0338
buy	order	lunch	0.0316
buy	order	dinner	0.0295
buy	order	breakfast	0.0273
buy	order	coffee	0.0252
buy	payment	buy	0.0234
buy	payment	store	0.0222
buy	payment	order	0.0209
buy	payment	delivery	0.0197
buy	payment	price	0.0184
buy	payment	sale	0.0172
buy	payment	discount	0.0159
buy	price	buy	0.0354
buy	price	store	0.0335
buy	price	order	0.0316
buy	price	delivery	0.0297
buy	price	price	0.0278
buy	price	sale	0.0260
buy	price	discount	0.0241
buy	price	cart	0.0222
buy	sale	buy	0.0330
buy	sale	store	0.0312
buy	sale	order	0.0295
buy	sale	delivery	0.0277
buy	sale	price	0.0260
buy	sale	sale	0.0242
buy	sale	discount	0.0224
buy	sale	cart	0.0207
buy	store	buy	0.0426
buy	store	store	0.0403
buy	store	order	0.0381
buy	store	delivery	0.0358
buy	store	price	0.0335
buy	store	sale	0.0312
buy	store	discount	0.0290
buy	store	cart	0.0267
by	a	lot	0.0450
by	a	good	0.0270
by	a	little	0.0225
by	a	few	0.0225
by	a	bit	0.0180
by	a	great	0.0180
by	my	name	0.0400
by	my	phone	0.0240
by	my	email	0.0240
by	my	address	0.0160
by	my	opinion	0.0160
by	our	time	0.0240
by	our	day	0.0228
by	our	week	0.0216
by	our	month	0.0204
by	our	year	0.0192
by	our	way	0.0180
by	our	place	0.0168
by	our	thing	0.0156
by	that	is	0.0330
by	that	was	0.0180
by	the	way	0.2500
by	the	time	0.1500
by	the	end	0.1000
by	the	phone	0.0400
by	the	road	0.0300
by	the	best	0.0250
by	the	store	0.0200
by	the	office	0.0200
by	the	airport	0.0200
by	the	station	0.0200
by	the	restaurant	0.0200
by	the	hotel	0.0200
by	the	hospital	0.0200
by	the	school	0.0200
by	the	meeting	0.0200
by	the	same	0.0200
by	the	first	0.0200
by	the	other	0.0200
by	the	next	0.0200
by	the	last	0.0200
by	the	only	0.0150
by	the	main	0.0150
by	their	time	0.0200
by	their	day	0.0190
by	their	week	0.0180
by	their	month	0.0170
by	their	year	0.0160
by	their	way	0.0150
by	this	is	0.0600
by	this	was	0.0160
by	your	name	0.0280
by	your	email	0.0210
by	your	phone	0.0210
call	me	back	0.2000
call	me	when	0.1200
call	me	if	0.1000
call	me	later	0.0800
call	me	please	0.0600
call	me	soon	0.0400
call	me	now	0.0300
call	me	tomorrow	0.0200
call	me	today	0.0200
call	me	again	0.0200
call	you	are	0.0480
call	you	can	0.0336
call	you	will	0.0240
call	you	know	0.0192
call	you	have	0.0192
can	do	you	0.0240
can	he	is	0.0176
can	i	get	0.1200
can	i	have	0.1200
can	i	help	0.0800
can	i	ask	0.0600
can	i	am	0.0540
can	i	try	0.0500
can	i	see	0.0400
can	i	call	0.0300
can	i	send	0.0300
can	i	will	0.0300
can	i	check	0.0200
can	i	come	0.0200
can	i	go	0.0200
can	i	make	0.0200
can	i	take	0.0200
can	i	borrow	0.0200
can	i	use	0.0200
can	i	think	0.0180
can	i	know	0.0180
can	i	want	0.0180
can	i	dont	0.0150
can	i	love	0.0150
can	it	is	0.0300
can	it	was	0.0216
can	she	is	0.0176
can	they	are	0.0160
can	we	meet	0.1500
can	we	talk	0.1200
can	we	go	0.1000
can	we	try	0.0800
can	we	start	0.0600
can	we	are	0.0432
can	we	finish	0.0400
can	we	help	0.0300
can	we	work	0.0300
can	we	will	0.0288
can	we	can	0.0288
can	we	have	0.0240
can	we	leave	0.0200
can	we	come	0.0200
can	we	do	0.0200
can	we	make	0.0200
can	we	take	0.0200
can	we	schedule	0.0200
can	we	plan	0.0200
can	we	should	0.0192
can	you	please	0.2000
can	you	are	0.1200
can	you	send	0.1000
can	you	can	0.0840
can	you	call	0.0800
can	you	check	0.0800
can	you	help	0.0600
can	you	will	0.0600
can	you	confirm	0.0500
can	you	know	0.0480
can	you	have	0.0480
can	you	update	0.0400
can	you	should	0.0360
can	you	share	0.0300
can	you	review	0.0300
can	you	need	0.0300
can	you	want	0.0300
can	you	find	0.0200
can	you	bring	0.0200
can	you	wait	0.0200
can	you	come	0.0200
can	you	go	0.0200
can	you	try	0.0200
cant	do	you	0.0240
cant	find	out	0.0240
cant	help	me	0.0200
cant	help	you	0.0150
cant	make	sure	0.0240
cant	see	you	0.0300
cant	wait	for	0.0800
cant	wait	a	0.0400
cant	wait	me	0.0320
cant	wait	until	0.0240
cant	wait	till	0.0160
cant	wait	here	0.0160
car	bus	car	0.0426
car	bus	bus	0.0403
car	bus	train	0.0381
car	bus	flight	0.0358
car	bus	drive	0.0335
car	bus	ride	0.0312
car	bus	traffic	0.0290
car	bus	parking	0.0267
car	car	car	0.0450
car	car	bus	0.0426
car	car	train	0.0402
car	car	flight	0.0378
car	car	drive	0.0354
car	car	ride	0.0330
car	car	traffic	0.0306
car	car	parking	0.0282
car	drive	car	0.0354
car	drive	bus	0.0335
car	drive	train	0.0316
car	drive	flight	0.0297
car	drive	drive	0.0278
car	drive	ride	0.0260
car	drive	traffic	0.0241
car	drive	parking	0.0222
car	flight	flight	0.0378
car	flight	hotel	0.0358
car	flight	trip	0.0338
car	flight	vacation	0.0318
car	flight	beach	0.0297
car	flight	airport	0.0277
car	flight	booking	0.0257
car	flight	passport	0.0237
car	fuel	car	0.0234
car	fuel	bus	0.0222
car	fuel	train	0.0209
car	fuel	flight	0.0197
car	fuel	drive	0.0184
car	fuel	ride	0.0172
car	fuel	traffic	0.0159
car	gas	car	0.0258
car	gas	bus	0.0244
car	gas	train	0.0230
car	gas	flight	0.0217
car	gas	drive	0.0203
car	gas	ride	0.0189
car	gas	traffic	0.0175
car	gas	parking	0.0162
car	parking	car	0.0282
car	parking	bus	0.0267
car	parking	train	0.0252
car	parking	flight	0.0237
car	parking	drive	0.0222
car	parking	ride	0.0207
car	parking	traffic	0.0192
car	parking	parking	0.0177
car	ride	car	0.0330
car	ride	bus	0.0312
car	ride	train	0.0295
car	ride	flight	0.0277
car	ride	drive	0.0260
car	ride	ride	0.0242
car	ride	traffic	0.0224
car	ride	parking	0.0207
car	traffic	car	0.0306
car	traffic	bus	0.0290
car	traffic	train	0.0273
car	traffic	flight	0.0257
car	traffic	drive	0.0241
car	traffic	ride	0.0224
car	traffic	traffic	0.0208
car	traffic	parking	0.0192
car	train	car	0.0402
car	train	bus	0.0381
car	train	train	0.0359
car	train	flight	0.0338
car	train	drive	0.0316
car	train	ride	0.0295
car	train	traffic	0.0273
car	train	parking	0.0252
cart	buy	buy	0.0450
cart	buy	store	0.0426
cart	buy	order	0.0402
cart	buy	delivery	0.0378
cart	buy	price	0.0354
cart	buy	sale	0.0330
cart	buy	discount	0.0306
cart	buy	cart	0.0282
cart	cart	buy	0.0282
cart	cart	store	0.0267
cart	cart	order	0.0252
cart	cart	delivery	0.0237
cart	cart	price	0.0222
cart	cart	sale	0.0207
cart	cart	discount	0.0192
cart	cart	cart	0.0177
cart	checkout	buy	0.0258
cart	checkout	store	0.0244
cart	checkout	order	0.0230
cart	checkout	delivery	0.0217
cart	checkout	price	0.0203
cart	checkout	sale	0.0189
cart	checkout	discount	0.0175
cart	checkout	cart	0.0162
cart	delivery	buy	0.0378
cart	delivery	store	0.0358
cart	delivery	order	0.0338
cart	delivery	delivery	0.0318
cart	delivery	price	0.0297
cart	delivery	sale	0.0277
cart	delivery	discount	0.0257
cart	delivery	cart	0.0237
cart	discount	buy	0.0306
cart	discount	store	0.0290
cart	discount	order	0.0273
cart	discount	delivery	0.0257
cart	discount	price	0.0241
cart	discount	sale	0.0224
cart	discount	discount	0.0208
cart	discount	cart	0.0192
cart	order	eat	0.0402
cart	order	cook	0.0381
cart	order	order	0.0359
cart	order	restaurant	0.0338
cart	order	lunch	0.0316
cart	order	dinner	0.0295
cart	order	breakfast	0.0273
cart	order	coffee	0.0252
cart	payment	buy	0.0234
cart	payment	store	0.0222
cart	payment	order	0.0209
cart	payment	delivery	0.0197
cart	payment	price	0.0184
cart	payment	sale	0.0172
cart	payment	discount	0.0159
cart	price	buy	0.0354
cart	price	store	0.0335
cart	price	order	0.0316
cart	price	delivery	0.0297
cart	price	price	0.0278
cart	price	sale	0.0260
cart	price	discount	0.0241
cart	price	cart	0.0222
cart	sale	buy	0.0330
cart	sale	store	0.0312
cart	sale	order	0.0295
cart	sale	delivery	0.0277
cart	sale	price	0.0260
cart	sale	sale	0.0242
cart	sale	discount	0.0224
cart	sale	cart	0.0207
cart	store	buy	0.0426
cart	store	store	0.0403
cart	store	order	0.0381
cart	store	delivery	0.0358
cart	store	price	0.0335
cart	store	sale	0.0312
cart	store	discount	0.0290
cart	store	cart	0.0267
change	it	is	0.0600
change	it	was	0.0432
change	it	will	0.0192
change	it	has	0.0192
chat	chat	friend	0.0330
chat	chat	party	0.0312
chat	chat	event	0.0295
chat	chat	invite	0.0277
chat	chat	message	0.0260
chat	chat	chat	0.0242
chat	chat	post	0.0224
chat	chat	share	0.0207
chat	comment	friend	0.0234
chat	comment	party	0.0222
chat	comment	event	0.0209
chat	comment	invite	0.0197
chat	comment	message	0.0184
chat	comment	chat	0.0172
chat	comment	post	0.0159
chat	event	friend	0.0402
chat	event	party	0.0381
chat	event	event	0.0359
chat	event	invite	0.0338
chat	event	message	0.0316
chat	event	chat	0.0295
chat	event	post	0.0273
chat	event	share	0.0252
chat	friend	friend	0.0450
chat	friend	party	0.0426
chat	friend	event	0.0402
chat	friend	invite	0.0378
chat	friend	message	0.0354
chat	friend	chat	0.0330
chat	friend	post	0.0306
chat	friend	share	0.0282
chat	invite	friend	0.0378
chat	invite	party	0.0358
chat	invite	event	0.0338
chat	invite	invite	0.0318
chat	invite	message	0.0297
chat	invite	chat	0.0277
chat	invite	post	0.0257
chat	invite	share	0.0237
chat	like	friend	0.0258
chat	like	party	0.0244
chat	like	event	0.0230
chat	like	invite	0.0217
chat	like	message	0.0203
chat	like	chat	0.0189
chat	like	post	0.0175
chat	like	share	0.0162
chat	message	friend	0.0354
chat	message	party	0.0335
chat	message	event	0.0316
chat	message	invite	0.0297
chat	message	message	0.0278
chat	message	chat	0.0260
chat	message	post	0.0241
chat	message	share	0.0222
chat	party	friend	0.0426
chat	party	party	0.0403
chat	party	event	0.0381
chat	party	invite	0.0358
chat	party	message	0.0335
chat	party	chat	0.0312
chat	party	post	0.0290
chat	party	share	0.0267
chat	post	friend	0.0306
chat	post	party	0.0290
chat	post	event	0.0273
chat	post	invite	0.0257
chat	post	message	0.0241
chat	post	chat	0.0224
chat	post	post	0.0208
chat	post	share	0.0192
chat	share	friend	0.0282
chat	share	party	0.0267
chat	share	event	0.0252
chat	share	invite	0.0237
chat	share	message	0.0222
chat	share	chat	0.0207
chat	share	post	0.0192
chat	share	share	0.0177
check	in	the	0.0180
check	it	is	0.0600
check	it	was	0.0432
check	it	will	0.0192
check	it	has	0.0192
check	on	the	0.0168
check	this	is	0.0360
checkout	buy	buy	0.0450
checkout	buy	store	0.0426
checkout	buy	order	0.0402
checkout	buy	delivery	0.0378
checkout	buy	price	0.0354
checkout	buy	sale	0.0330
checkout	buy	discount	0.0306
checkout	buy	cart	0.0282
checkout	cart	buy	0.0282
checkout	cart	store	0.0267
checkout	cart	order	0.0252
checkout	cart	delivery	0.0237
checkout	cart	price	0.0222
checkout	cart	sale	0.0207
checkout	cart	discount	0.0192
checkout	cart	cart	0.0177
checkout	checkout	buy	0.0258
checkout	checkout	store	0.0244
checkout	checkout	order	0.0230
checkout	checkout	delivery	0.0217
checkout	checkout	price	0.0203
checkout	checkout	sale	0.0189
checkout	checkout	discount	0.0175
checkout	checkout	cart	0.0162
checkout	delivery	buy	0.0378
checkout	delivery	store	0.0358
checkout	delivery	order	0.0338
checkout	delivery	delivery	0.0318
checkout	delivery	price	0.0297
checkout	delivery	sale	0.0277
checkout	delivery	discount	0.0257
checkout	delivery	cart	0.0237
checkout	discount	buy	0.0306
checkout	discount	store	0.0290
checkout	discount	order	0.0273
checkout	discount	delivery	0.0257
checkout	discount	price	0.0241
checkout	discount	sale	0.0224
checkout	discount	discount	0.0208
checkout	discount	cart	0.0192
checkout	order	eat	0.0402
checkout	order	cook	0.0381
checkout	order	order	0.0359
checkout	order	restaurant	0.0338
checkout	order	lunch	0.0316
checkout	order	dinner	0.0295
checkout	order	breakfast	0.0273
checkout	order	coffee	0.0252
checkout	payment	buy	0.0234
checkout	payment	store	0.0222
checkout	payment	order	0.0209
checkout	payment	delivery	0.0197
checkout	payment	price	0.0184
checkout	payment	sale	0.0172
checkout	payment	discount	0.0159
checkout	price	buy	0.0354
checkout	price	store	0.0335
checkout	price	order	0.0316
checkout	price	delivery	0.0297
checkout	price	price	0.0278
checkout	price	sale	0.0260
checkout	price	discount	0.0241
checkout	price	cart	0.0222
checkout	sale	buy	0.0330
checkout	sale	store	0.0312
checkout	sale	order	0.0295
checkout	sale	delivery	0.0277
checkout	sale	price	0.0260
checkout	sale	sale	0.0242
checkout	sale	discount	0.0224
checkout	sale	cart	0.0207
checkout	store	buy	0.0426
checkout	store	store	0.0403
checkout	store	order	0.0381
checkout	store	delivery	0.0358
checkout	store	price	0.0335
checkout	store	sale	0.0312
checkout	store	discount	0.0290
checkout	store	cart	0.0267
class	assignment	school	0.0234
class	assignment	class	0.0222
class	assignment	homework	0.0209
class	assignment	exam	0.0197
class	assignment	study	0.0184
class	assignment	teacher	0.0172
class	assignment	student	0.0159
class	class	school	0.0426
class	class	class	0.0403
class	class	homework	0.0381
class	class	exam	0.0358
class	class	study	0.0335
class	class	teacher	0.0312
class	class	student	0.0290
class	class	course	0.0267
class	course	school	0.0282
class	course	class	0.0267
class	course	homework	0.0252
class	course	exam	0.0237
class	course	study	0.0222
class	course	teacher	0.0207
class	course	student	0.0192
class	course	course	0.0177
class	exam	school	0.0378
class	exam	class	0.0358
class	exam	homework	0.0338
class	exam	exam	0.0318
class	exam	study	0.0297
class	exam	teacher	0.0277
class	exam	student	0.0257
class	exam	course	0.0237
class	homework	school	0.0402
class	homework	class	0.0381
class	homework	homework	0.0359
class	homework	exam	0.0338
class	homework	study	0.0316
class	homework	teacher	0.0295
class	homework	student	0.0273
class	homework	course	0.0252
class	lecture	school	0.0258
class	lecture	class	0.0244
class	lecture	homework	0.0230
class	lecture	exam	0.0217
class	lecture	study	0.0203
class	lecture	teacher	0.0189
class	lecture	student	0.0175
class	lecture	course	0.0162
class	school	school	0.0450
class	school	class	0.0426
class	school	homework	0.0402
class	school	exam	0.0378
class	school	study	0.0354
class	school	teacher	0.0330
class	school	student	0.0306
class	school	course	0.0282
class	student	school	0.0306
class	student	class	0.0290
class	student	homework	0.0273
class	student	exam	0.0257
class	student	study	0.0241
class	student	teacher	0.0224
class	student	student	0.0208
class	student	course	0.0192
class	study	school	0.0354
class	study	class	0.0335
class	study	homework	0.0316
class	study	exam	0.0297
class	study	study	0.0278
class	study	teacher	0.0260
class	study	student	0.0241
class	study	course	0.0222
class	teacher	school	0.0330
class	teacher	class	0.0312
class	teacher	homework	0.0295
class	teacher	exam	0.0277
class	teacher	study	0.0260
class	teacher	teacher	0.0242
class	teacher	student	0.0224
class	teacher	course	0.0207
clean	apartment	house	0.0426
clean	apartment	apartment	0.0403
clean	apartment	room	0.0381
clean	apartment	kitchen	0.0358
clean	apartment	bedroom	0.0335
clean	apartment	bathroom	0.0312
clean	apartment	clean	0.0290
clean	apartment	repair	0.0267
clean	bedroom	house	0.0354
clean	bedroom	apartment	0.0335
clean	bedroom	room	0.0316
clean	bedroom	kitchen	0.0297
clean	bedroom	bedroom	0.0278
clean	bedroom	bathroom	0.0260
clean	bedroom	clean	0.0241
clean	bedroom	repair	0.0222
clean	clean	house	0.0306
clean	clean	apartment	0.0290
clean	clean	room	0.0273
clean	clean	kitchen	0.0257
clean	clean	bedroom	0.0241
clean	clean	bathroom	0.0224
clean	clean	clean	0.0208
clean	clean	repair	0.0192
clean	furniture	house	0.0258
clean	furniture	apartment	0.0244
clean	furniture	room	0.0230
clean	furniture	kitchen	0.0217
clean	furniture	bedroom	0.0203
clean	furniture	bathroom	0.0189
clean	furniture	clean	0.0175
clean	furniture	repair	0.0162
clean	house	house	0.0450
clean	house	apartment	0.0426
clean	house	room	0.0402
clean	house	kitchen	0.0378
clean	house	bedroom	0.0354
clean	house	bathroom	0.0330
clean	house	clean	0.0306
clean	house	repair	0.0282
clean	kitchen	house	0.0378
clean	kitchen	apartment	0.0358
clean	kitchen	room	0.0338
clean	kitchen	kitchen	0.0318
clean	kitchen	bedroom	0.0297
clean	kitchen	bathroom	0.0277
clean	kitchen	clean	0.0257
clean	kitchen	repair	0.0237
clean	rent	house	0.0234
clean	rent	apartment	0.0222
clean	rent	room	0.0209
clean	rent	kitchen	0.0197
clean	rent	bedroom	0.0184
clean	rent	bathroom	0.0172
clean	rent	clean	0.0159
clean	repair	house	0.0282
clean	repair	apartment	0.0267
clean	repair	room	0.0252
clean	repair	kitchen	0.0237
clean	repair	bedroom	0.0222
clean	repair	bathroom	0.0207
clean	repair	clean	0.0192
clean	repair	repair	0.0177
clean	room	house	0.0402
clean	room	apartment	0.0381
clean	room	room	0.0359
clean	room	kitchen	0.0338
clean	room	bedroom	0.0316
clean	room	bathroom	0.0295
clean	room	clean	0.0273
clean	room	repair	0.0252
client	client	meeting	0.0354
client	client	project	0.0335
client	client	deadline	0.0316
client	client	report	0.0297
client	client	client	0.0278
client	client	email	0.0260
client	client	office	0.0241
client	client	manager	0.0222
client	deadline	meeting	0.0402
client	deadline	project	0.0381
client	deadline	deadline	0.0359
client	deadline	report	0.0338
client	deadline	client	0.0316
client	deadline	email	0.0295
client	deadline	office	0.0273
client	deadline	manager	0.0252
client	email	code	0.0330
client	email	app	0.0312
client	email	phone	0.0295
client	email	laptop	0.0277
client	email	software	0.0260
client	email	update	0.0242
client	email	bug	0.0224
client	email	server	0.0207
client	manager	meeting	0.0282
client	manager	project	0.0267
client	manager	deadline	0.0252
client	manager	report	0.0237
client	manager	client	0.0222
client	manager	email	0.0207
client	manager	office	0.0192
client	manager	manager	0.0177
client	meeting	meeting	0.0450
client	meeting	project	0.0426
client	meeting	deadline	0.0402
client	meeting	report	0.0378
client	meeting	client	0.0354
client	meeting	email	0.0330
client	meeting	office	0.0306
client	meeting	manager	0.0282
client	office	meeting	0.0306
client	office	project	0.0290
client	office	deadline	0.0273
client	office	report	0.0257
client	office	client	0.0241
client	office	email	0.0224
client	office	office	0.0208
client	office	manager	0.0192
client	project	meeting	0.0426
client	project	project	0.0403
client	project	deadline	0.0381
client	project	report	0.0358
client	project	client	0.0335
client	project	email	0.0312
client	project	office	0.0290
client	project	manager	0.0267
client	report	meeting	0.0378
client	report	project	0.0358
client	report	deadline	0.0338
client	report	report	0.0318
client	report	client	0.0297
client	report	email	0.0277
client	report	office	0.0257
client	report	manager	0.0237
client	schedule	meeting	0.0234
client	schedule	project	0.0222
client	schedule	deadline	0.0209
client	schedule	report	0.0197
client	schedule	client	0.0184
client	schedule	email	0.0172
client	schedule	office	0.0159
client	task	meeting	0.0258
client	task	project	0.0244
client	task	deadline	0.0230
client	task	report	0.0217
client	task	client	0.0203
client	task	email	0.0189
client	task	office	0.0175
client	task	manager	0.0162
close	it	is	0.0750
close	it	was	0.0540
close	it	will	0.0240
close	it	has	0.0240
close	it	would	0.0150
close	it	could	0.0150
cloudy	cloudy	rain	0.0282
cloudy	cloudy	sunny	0.0267
cloudy	cloudy	cold	0.0252
cloudy	cloudy	hot	0.0237
cloudy	cloudy	snow	0.0222
cloudy	cloudy	storm	0.0207
cloudy	cloudy	wind	0.0192
cloudy	cloudy	cloudy	0.0177
cloudy	cold	rain	0.0402
cloudy	cold	sunny	0.0381
cloudy	cold	cold	0.0359
cloudy	cold	hot	0.0338
cloudy	cold	snow	0.0316
cloudy	cold	storm	0.0295
cloudy	cold	wind	0.0273
cloudy	cold	cloudy	0.0252
cloudy	forecast	rain	0.0234
cloudy	forecast	sunny	0.0222
cloudy	forecast	cold	0.0209
cloudy	forecast	hot	0.0197
cloudy	forecast	snow	0.0184
cloudy	forecast	storm	0.0172
cloudy	forecast	wind	0.0159
cloudy	hot	rain	0.0378
cloudy	hot	sunny	0.0358
cloudy	hot	cold	0.0338
cloudy	hot	hot	0.0318
cloudy	hot	snow	0.0297
cloudy	hot	storm	0.0277
cloudy	hot	wind	0.0257
cloudy	hot	cloudy	0.0237
cloudy	rain	rain	0.0450
cloudy	rain	sunny	0.0426
cloudy	rain	cold	0.0402
cloudy	rain	hot	0.0378
cloudy	rain	snow	0.0354
cloudy	rain	storm	0.0330
cloudy	rain	wind	0.0306
cloudy	rain	cloudy	0.0282
cloudy	snow	rain	0.0354
cloudy	snow	sunny	0.0335
cloudy	snow	cold	0.0316
cloudy	snow	hot	0.0297
cloudy	snow	snow	0.0278
cloudy	snow	storm	0.0260
cloudy	snow	wind	0.0241
cloudy	snow	cloudy	0.0222
cloudy	storm	rain	0.0330
cloudy	storm	sunny	0.0312
cloudy	storm	cold	0.0295
cloudy	storm	hot	0.0277
cloudy	storm	snow	0.0260
cloudy	storm	storm	0.0242
cloudy	storm	wind	0.0224
cloudy	storm	cloudy	0.0207
cloudy	sunny	rain	0.0426
cloudy	sunny	sunny	0.0403
cloudy	sunny	cold	0.0381
cloudy	sunny	hot	0.0358
cloudy	sunny	snow	0.0335
cloudy	sunny	storm	0.0312
cloudy	sunny	wind	0.0290
cloudy	sunny	cloudy	0.0267
cloudy	temperature	rain	0.0258
cloudy	temperature	sunny	0.0244
cloudy	temperature	cold	0.0230
cloudy	temperature	hot	0.0217
cloudy	temperature	snow	0.0203
cloudy	temperature	storm	0.0189
cloudy	temperature	wind	0.0175
cloudy	temperature	cloudy	0.0162
cloudy	wind	rain	0.0306
cloudy	wind	sunny	0.0290
cloudy	wind	cold	0.0273
cloudy	wind	hot	0.0257
cloudy	wind	snow	0.0241
cloudy	wind	storm	0.0224
cloudy	wind	wind	0.0208
cloudy	wind	cloudy	0.0192
coach	football	game	0.0234
coach	football	team	0.0222
coach	football	score	0.0209
coach	football	match	0.0197
coach	football	player	0.0184
coach	football	win	0.0172
coach	football	lose	0.0159
coach	game	game	0.0450
coach	game	team	0.0426
coach	game	score	0.0402
coach	game	match	0.0378
coach	game	player	0.0354
coach	game	win	0.0330
coach	game	lose	0.0306
coach	game	goal	0.0282
coach	match	game	0.0378
coach	match	team	0.0358
coach	match	score	0.0338
coach	match	match	0.0318
coach	match	player	0.0297
coach	match	win	0.0277
coach	match	lose	0.0257
coach	match	goal	0.0237
coach	player	game	0.0354
coach	player	team	0.0335
coach	player	score	0.0316
coach	player	match	0.0297
coach	player	player	0.0278
coach	player	win	0.0260
coach	player	lose	0.0241
coach	player	goal	0.0222
coach	score	game	0.0402
coach	score	team	0.0381
coach	score	score	0.0359
coach	score	match	0.0338
coach	score	player	0.0316
coach	score	win	0.0295
coach	score	lose	0.0273
coach	score	goal	0.0252
coach	team	game	0.0426
coach	team	team	0.0403
coach	team	score	0.0381
coach	team	match	0.0358
coach	team	player	0.0335
coach	team	win	0.0312
coach	team	lose	0.0290
coach	team	goal	0.0267
coach	win	game	0.0330
coach	win	team	0.0312
coach	win	score	0.0295
coach	win	match	0.0277
coach	win	player	0.0260
coach	win	win	0.0242
coach	win	lose	0.0224
coach	win	goal	0.0207
code	app	code	0.0426
code	app	app	0.0403
code	app	phone	0.0381
code	app	laptop	0.0358
code	app	software	0.0335
code	app	update	0.0312
code	app	bug	0.0290
code	app	server	0.0267
code	bug	code	0.0306
code	bug	app	0.0290
code	bug	phone	0.0273
code	bug	laptop	0.0257
code	bug	software	0.0241
code	bug	update	0.0224
code	bug	bug	0.0208
code	bug	server	0.0192
code	code	code	0.0450
code	code	app	0.0426
code	code	phone	0.0402
code	code	laptop	0.0378
code	code	software	0.0354
code	code	update	0.0330
code	code	bug	0.0306
code	code	server	0.0282
code	data	code	0.0258
code	data	app	0.0244
code	data	phone	0.0230
code	data	laptop	0.0217
code	data	software	0.0203
code	data	update	0.0189
code	data	bug	0.0175
code	data	server	0.0162
code	internet	code	0.0234
code	internet	app	0.0222
code	internet	phone	0.0209
code	internet	laptop	0.0197
code	internet	software	0.0184
code	internet	update	0.0172
code	internet	bug	0.0159
code	laptop	code	0.0378
code	laptop	app	0.0358
code	laptop	phone	0.0338
code	laptop	laptop	0.0318
code	laptop	software	0.0297
code	laptop	update	0.0277
code	laptop	bug	0.0257
code	laptop	server	0.0237
code	phone	code	0.0402
code	phone	app	0.0381
code	phone	phone	0.0359
code	phone	laptop	0.0338
code	phone	software	0.0316
code	phone	update	0.0295
code	phone	bug	0.0273
code	phone	server	0.0252
code	server	code	0.0282
code	server	app	0.0267
code	server	phone	0.0252
code	server	laptop	0.0237
code	server	software	0.0222
code	server	update	0.0207
code	server	bug	0.0192
code	server	server	0.0177
code	software	code	0.0354
code	software	app	0.0335
code	software	phone	0.0316
code	software	laptop	0.0297
code	software	software	0.0278
code	software	update	0.0260
code	software	bug	0.0241
code	software	server	0.0222
code	update	code	0.0330
code	update	app	0.0312
code	update	phone	0.0295
code	update	laptop	0.0277
code	update	software	0.0260
code	update	update	0.0242
code	update	bug	0.0224
code	update	server	0.0207
coffee	breakfast	eat	0.0306
coffee	breakfast	cook	0.0290
coffee	breakfast	order	0.0273
coffee	breakfast	restaurant	0.0257
coffee	breakfast	lunch	0.0241
coffee	breakfast	dinner	0.0224
coffee	breakfast	breakfast	0.0208
coffee	breakfast	coffee	0.0192
coffee	coffee	eat	0.0282
coffee	coffee	cook	0.0267
coffee	coffee	order	0.0252
coffee	coffee	restaurant	0.0237
coffee	coffee	lunch	0.0222
coffee	coffee	dinner	0.0207
coffee	coffee	breakfast	0.0192
coffee	coffee	coffee	0.0177
coffee	cook	eat	0.0426
coffee	cook	cook	0.0403
coffee	cook	order	0.0381
coffee	cook	restaurant	0.0358
coffee	cook	lunch	0.0335
coffee	cook	dinner	0.0312
coffee	cook	breakfast	0.0290
coffee	cook	coffee	0.0267
coffee	dinner	eat	0.0330
coffee	dinner	cook	0.0312
coffee	dinner	order	0.0295
coffee	dinner	restaurant	0.0277
coffee	dinner	lunch	0.0260
coffee	dinner	dinner	0.0242
coffee	dinner	breakfast	0.0224
coffee	dinner	coffee	0.0207
coffee	eat	eat	0.0450
coffee	eat	cook	0.0426
coffee	eat	order	0.0402
coffee	eat	restaurant	0.0378
coffee	eat	lunch	0.0354
coffee	eat	dinner	0.0330
coffee	eat	breakfast	0.0306
coffee	eat	coffee	0.0282
coffee	hungry	eat	0.0234
coffee	hungry	cook	0.0222
coffee	hungry	order	0.0209
coffee	hungry	restaurant	0.0197
coffee	hungry	lunch	0.0184
coffee	hungry	dinner	0.0172
coffee	hungry	breakfast	0.0159
coffee	lunch	eat	0.0354
coffee	lunch	cook	0.0335
coffee	lunch	order	0.0316
coffee	lunch	restaurant	0.0297
coffee	lunch	lunch	0.0278
coffee	lunch	dinner	0.0260
coffee	lunch	breakfast	0.0241
coffee	lunch	coffee	0.0222
coffee	order	eat	0.0402
coffee	order	cook	0.0381
coffee	order	order	0.0359
coffee	order	restaurant	0.0338
coffee	order	lunch	0.0316
coffee	order	dinner	0.0295
coffee	order	breakfast	0.0273
coffee	order	coffee	0.0252
coffee	pizza	eat	0.0258
coffee	pizza	cook	0.0244
coffee	pizza	order	0.0230
coffee	pizza	restaurant	0.0217
coffee	pizza	lunch	0.0203
coffee	pizza	dinner	0.0189
coffee	pizza	breakfast	0.0175
coffee	pizza	coffee	0.0162
coffee	restaurant	eat	0.0378
coffee	restaurant	cook	0.0358
coffee	restaurant	order	0.0338
coffee	restaurant	restaurant	0.0318
coffee	restaurant	lunch	0.0297
coffee	restaurant	dinner	0.0277
coffee	restaurant	breakfast	0.0257
coffee	restaurant	coffee	0.0237
cold	cloudy	rain	0.0282
cold	cloudy	sunny	0.0267
cold	cloudy	cold	0.0252
cold	cloudy	hot	0.0237
cold	cloudy	snow	0.0222
cold	cloudy	storm	0.0207
cold	cloudy	wind	0.0192
cold	cloudy	cloudy	0.0177
cold	cold	rain	0.0402
cold	cold	sunny	0.0381
cold	cold	cold	0.0359
cold	cold	hot	0.0338
cold	cold	snow	0.0316
cold	cold	storm	0.0295
cold	cold	wind	0.0273
cold	cold	cloudy	0.0252
cold	forecast	rain	0.0234
cold	forecast	sunny	0.0222
cold	forecast	cold	0.0209
cold	forecast	hot	0.0197
cold	forecast	snow	0.0184
cold	forecast	storm	0.0172
cold	forecast	wind	0.0159
cold	hot	rain	0.0378
cold	hot	sunny	0.0358
cold	hot	cold	0.0338
cold	hot	hot	0.0318
cold	hot	snow	0.0297
cold	hot	storm	0.0277
cold	hot	wind	0.0257
cold	hot	cloudy	0.0237
cold	rain	rain	0.0450
cold	rain	sunny	0.0426
cold	rain	cold	0.0402
cold	rain	hot	0.0378
cold	rain	snow	0.0354
cold	rain	storm	0.0330
cold	rain	wind	0.0306
cold	rain	cloudy	0.0282
cold	snow	rain	0.0354
cold	snow	sunny	0.0335
cold	snow	cold	0.0316
cold	snow	hot	0.0297
cold	snow	snow	0.0278
cold	snow	storm	0.0260
cold	snow	wind	0.0241
cold	snow	cloudy	0.0222
cold	storm	rain	0.0330
cold	storm	sunny	0.0312
cold	storm	cold	0.0295
cold	storm	hot	0.0277
cold	storm	snow	0.0260
cold	storm	storm	0.0242
cold	storm	wind	0.0224
cold	storm	cloudy	0.0207
cold	sunny	rain	0.0426
cold	sunny	sunny	0.0403
cold	sunny	cold	0.0381
cold	sunny	hot	0.0358
cold	sunny	snow	0.0335
cold	sunny	storm	0.0312
cold	sunny	wind	0.0290
cold	sunny	cloudy	0.0267
cold	temperature	rain	0.0258
cold	temperature	sunny	0.0244
cold	temperature	cold	0.0230
cold	temperature	hot	0.0217
cold	temperature	snow	0.0203
cold	temperature	storm	0.0189
cold	temperature	wind	0.0175
cold	temperature	cloudy	0.0162
cold	wind	rain	0.0306
cold	wind	sunny	0.0290
cold	wind	cold	0.0273
cold	wind	hot	0.0257
cold	wind	snow	0.0241
cold	wind	storm	0.0224
cold	wind	wind	0.0208
cold	wind	cloudy	0.0192
college	assignment	school	0.0234
college	assignment	class	0.0222
college	assignment	homework	0.0209
college	assignment	exam	0.0197
college	assignment	study	0.0184
college	assignment	teacher	0.0172
college	assignment	student	0.0159
college	class	school	0.0426
college	class	class	0.0403
college	class	homework	0.0381
college	class	exam	0.0358
college	class	study	0.0335
college	class	teacher	0.0312
college	class	student	0.0290
college	class	course	0.0267
college	course	school	0.0282
college	course	class	0.0267
college	course	homework	0.0252
college	course	exam	0.0237
college	course	study	0.0222
college	course	teacher	0.0207
college	course	student	0.0192
college	course	course	0.0177
college	exam	school	0.0378
college	exam	class	0.0358
college	exam	homework	0.0338
college	exam	exam	0.0318
college	exam	study	0.0297
college	exam	teacher	0.0277
college	exam	student	0.0257
college	exam	course	0.0237
college	homework	school	0.0402
college	homework	class	0.0381
college	homework	homework	0.0359
college	homework	exam	0.0338
college	homework	study	0.0316
college	homework	teacher	0.0295
college	homework	student	0.0273
college	homework	course	0.0252
college	lecture	school	0.0258
college	lecture	class	0.0244
college	lecture	homework	0.0230
college	lecture	exam	0.0217
college	lecture	study	0.0203
college	lecture	teacher	0.0189
college	lecture	student	0.0175
college	lecture	course	0.0162
college	school	school	0.0450
college	school	class	0.0426
college	school	homework	0.0402
college	school	exam	0.0378
college	school	study	0.0354
college	school	teacher	0.0330
college	school	student	0.0306
college	school	course	0.0282
college	student	school	0.0306
college	student	class	0.0290
college	student	homework	0.0273
college	student	exam	0.0257
college	student	study	0.0241
college	student	teacher	0.0224
college	student	student	0.0208
college	student	course	0.0192
college	study	school	0.0354
college	study	class	0.0335
college	study	homework	0.0316
college	study	exam	0.0297
college	study	study	0.0278
college	study	teacher	0.0260
college	study	student	0.0241
college	study	course	0.0222
college	teacher	school	0.0330
college	teacher	class	0.0312
college	teacher	homework	0.0295
college	teacher	exam	0.0277
college	teacher	study	0.0260
college	teacher	teacher	0.0242
college	teacher	student	0.0224
college	teacher	course	0.0207
come	by	the	0.0200
come	by	a	0.0180
come	by	my	0.0160
come	in	the	0.0300
come	on	the	0.0280
come	over	the	0.0600
come	over	a	0.0540
come	over	my	0.0480
come	over	your	0.0420
come	over	our	0.0360
come	over	their	0.0300
come	over	this	0.0240
come	over	that	0.0180
come	to	the	0.0320
come	to	a	0.0160
come	with	the	0.0192
comment	chat	friend	0.0330
comment	chat	party	0.0312
comment	chat	event	0.0295
comment	chat	invite	0.0277
comment	chat	message	0.0260
comment	chat	chat	0.0242
comment	chat	post	0.0224
comment	chat	share	0.0207
comment	comment	friend	0.0234
comment	comment	party	0.0222
comment	comment	event	0.0209
comment	comment	invite	0.0197
comment	comment	message	0.0184
comment	comment	chat	0.0172
comment	comment	post	0.0159
comment	event	friend	0.0402
comment	event	party	0.0381
comment	event	event	0.0359
comment	event	invite	0.0338
comment	event	message	0.0316
comment	event	chat	0.0295
comment	event	post	0.0273
comment	event	share	0.0252
comment	friend	friend	0.0450
comment	friend	party	0.0426
comment	friend	event	0.0402
comment	friend	invite	0.0378
comment	friend	message	0.0354
comment	friend	chat	0.0330
comment	friend	post	0.0306
comment	friend	share	0.0282
comment	invite	friend	0.0378
comment	invite	party	0.0358
comment	invite	event	0.0338
comment	invite	invite	0.0318
comment	invite	message	0.0297
comment	invite	chat	0.0277
comment	invite	post	0.0257
comment	invite	share	0.0237
comment	like	friend	0.0258
comment	like	party	0.0244
comment	like	event	0.0230
comment	like	invite	0.0217
comment	like	message	0.0203
comment	like	chat	0.0189
comment	like	post	0.0175
comment	like	share	0.0162
comment	message	friend	0.0354
comment	message	party	0.0335
comment	message	event	0.0316
comment	message	invite	0.0297
comment	message	message	0.0278
comment	message	chat	0.0260
comment	message	post	0.0241
comment	message	share	0.0222
comment	party	friend	0.0426
comment	party	party	0.0403
comment	party	event	0.0381
comment	party	invite	0.0358
comment	party	message	0.0335
comment	party	chat	0.0312
comment	party	post	0.0290
comment	party	share	0.0267
comment	post	friend	0.0306
comment	post	party	0.0290
comment	post	event	0.0273
comment	post	invite	0.0257
comment	post	message	0.0241
comment	post	chat	0.0224
comment	post	post	0.0208
comment	post	share	0.0192
comment	share	friend	0.0282
comment	share	party	0.0267
comment	share	event	0.0252
comment	share	invite	0.0237
comment	share	message	0.0222
comment	share	chat	0.0207
comment	share	post	0.0192
comment	share	share	0.0177
community	chat	friend	0.0330
community	chat	party	0.0312
community	chat	event	0.0295
community	chat	invite	0.0277
community	chat	message	0.0260
community	chat	chat	0.0242
community	chat	post	0.0224
community	chat	share	0.0207
community	comment	friend	0.0234
community	comment	party	0.0222
community	comment	event	0.0209
community	comment	invite	0.0197
community	comment	message	0.0184
community	comment	chat	0.0172
community	comment	post	0.0159
community	event	friend	0.0402
community	event	party	0.0381
community	event	event	0.0359
community	event	invite	0.0338
community	event	message	0.0316
community	event	chat	0.0295
community	event	post	0.0273
community	event	share	0.0252
community	friend	friend	0.0450
community	friend	party	0.0426
community	friend	event	0.0402
community	friend	invite	0.0378
community	friend	message	0.0354
community	friend	chat	0.0330
community	friend	post	0.0306
community	friend	share	0.0282
community	invite	friend	0.0378
community	invite	party	0.0358
community	invite	event	0.0338
community	invite	invite	0.0318
community	invite	message	0.0297
community	invite	chat	0.0277
community	invite	post	0.0257
community	invite	share	0.0237
community	like	friend	0.0258
community	like	party	0.0244
community	like	event	0.0230
community	like	invite	0.0217
community	like	message	0.0203
community	like	chat	0.0189
community	like	post	0.0175
community	like	share	0.0162
community	message	friend	0.0354
community	message	party	0.0335
community	message	event	0.0316
community	message	invite	0.0297
community	message	message	0.0278
community	message	chat	0.0260
community	message	post	0.0241
community	message	share	0.0222
community	party	friend	0.0426
community	party	party	0.0403
community	party	event	0.0381
community	party	invite	0.0358
community	party	message	0.0335
community	party	chat	0.0312
community	party	post	0.0290
community	party	share	0.0267
community	post	friend	0.0306
community	post	party	0.0290
community	post	event	0.0273
community	post	invite	0.0257
community	post	message	0.0241
community	post	chat	0.0224
community	post	post	0.0208
community	post	share	0.0192
community	share	friend	0.0282
community	share	party	0.0267
community	share	event	0.0252
community	share	invite	0.0237
community	share	message	0.0222
community	share	chat	0.0207
community	share	post	0.0192
community	share	share	0.0177
commute	bus	car	0.0426
commute	bus	bus	0.0403
commute	bus	train	0.0381
commute	bus	flight	0.0358
commute	bus	drive	0.0335
commute	bus	ride	0.0312
commute	bus	traffic	0.0290
commute	bus	parking	0.0267
commute	car	car	0.0450
commute	car	bus	0.0426
commute	car	train	0.0402
commute	car	flight	0.0378
commute	car	drive	0.0354
commute	car	ride	0.0330
commute	car	traffic	0.0306
commute	car	parking	0.0282
commute	drive	car	0.0354
commute	drive	bus	0.0335
commute	drive	train	0.0316
commute	drive	flight	0.0297
commute	drive	drive	0.0278
commute	drive	ride	0.0260
commute	drive	traffic	0.0241
commute	drive	parking	0.0222
commute	flight	flight	0.0378
commute	flight	hotel	0.0358
commute	flight	trip	0.0338
commute	flight	vacation	0.0318
commute	flight	beach	0.0297
commute	flight	airport	0.0277
commute	flight	booking	0.0257
commute	flight	passport	0.0237
commute	fuel	car	0.0234
commute	fuel	bus	0.0222
commute	fuel	train	0.0209
commute	fuel	flight	0.0197
commute	fuel	drive	0.0184
commute	fuel	ride	0.0172
commute	fuel	traffic	0.0159
commute	gas	car	0.0258
commute	gas	bus	0.0244
commute	gas	train	0.0230
commute	gas	flight	0.0217
commute	gas	drive	0.0203
commute	gas	ride	0.0189
commute	gas	traffic	0.0175
commute	gas	parking	0.0162
commute	parking	car	0.0282
commute	parking	bus	0.0267
commute	parking	train	0.0252
commute	parking	flight	0.0237
commute	parking	drive	0.0222
commute	parking	ride	0.0207
commute	parking	traffic	0.0192
commute	parking	parking	0.0177
commute	ride	car	0.0330
commute	ride	bus	0.0312
commute	ride	train	0.0295
commute	ride	flight	0.0277
commute	ride	drive	0.0260
commute	ride	ride	0.0242
commute	ride	traffic	0.0224
commute	ride	parking	0.0207
commute	traffic	car	0.0306
commute	traffic	bus	0.0290
commute	traffic	train	0.0273
commute	traffic	flight	0.0257
commute	traffic	drive	0.0241
commute	traffic	ride	0.0224
commute	traffic	traffic	0.0208
commute	traffic	parking	0.0192
commute	train	car	0.0402
commute	train	bus	0.0381
commute	train	train	0.0359
commute	train	flight	0.0338
commute	train	drive	0.0316
commute	train	ride	0.0295
commute	train	traffic	0.0273
commute	train	parking	0.0252
concert	book	movie	0.0330
concert	book	music	0.0312
concert	book	game	0.0295
concert	book	show	0.0277
concert	book	concert	0.0260
concert	book	book	0.0242
concert	book	video	0.0224
concert	book	stream	0.0207
concert	concert	movie	0.0354
concert	concert	music	0.0335
concert	concert	game	0.0316
concert	concert	show	0.0297
concert	concert	concert	0.0278
concert	concert	book	0.0260
concert	concert	video	0.0241
concert	concert	stream	0.0222
concert	game	game	0.0402
concert	game	team	0.0381
concert	game	score	0.0359
concert	game	match	0.0338
concert	game	player	0.0316
concert	game	win	0.0295
concert	game	lose	0.0273
concert	game	goal	0.0252
concert	listen	movie	0.0234
concert	listen	music	0.0222
concert	listen	game	0.0209
concert	listen	show	0.0197
concert	listen	concert	0.0184
concert	listen	book	0.0172
concert	listen	video	0.0159
concert	movie	movie	0.0450
concert	movie	music	0.0426
concert	movie	game	0.0402
concert	movie	show	0.0378
concert	movie	concert	0.0354
concert	movie	book	0.0330
concert	movie	video	0.0306
concert	movie	stream	0.0282
concert	music	movie	0.0426
concert	music	music	0.0403
concert	music	game	0.0381
concert	music	show	0.0358
concert	music	concert	0.0335
concert	music	book	0.0312
concert	music	video	0.0290
concert	music	stream	0.0267
concert	show	movie	0.0378
concert	show	music	0.0358
concert	show	game	0.0338
concert	show	show	0.0318
concert	show	concert	0.0297
concert	show	book	0.0277
concert	show	video	0.0257
concert	show	stream	0.0237
concert	stream	movie	0.0282
concert	stream	music	0.0267
concert	stream	game	0.0252
concert	stream	show	0.0237
concert	stream	concert	0.0222
concert	stream	book	0.0207
concert	stream	video	0.0192
concert	stream	stream	0.0177
concert	video	movie	0.0306
concert	video	music	0.0290
concert	video	game	0.0273
concert	video	show	0.0257
concert	video	concert	0.0241
concert	video	book	0.0224
concert	video	video	0.0208
concert	video	stream	0.0192
concert	watch	movie	0.0258
concert	watch	music	0.0244
concert	watch	game	0.0230
concert	watch	show	0.0217
concert	watch	concert	0.0203
concert	watch	book	0.0189
concert	watch	video	0.0175
concert	watch	stream	0.0162
confirm	by	the	0.0200
confirm	by	a	0.0180
confirm	by	my	0.0160
confirm	it	is	0.0750
confirm	it	was	0.0540
confirm	it	will	0.0240
confirm	it	has	0.0240
confirm	it	would	0.0150
confirm	it	could	0.0150
confirm	with	the	0.0192
connect	chat	friend	0.0330
connect	chat	party	0.0312
connect	chat	event	0.0295
connect	chat	invite	0.0277
connect	chat	message	0.0260
connect	chat	chat	0.0242
connect	chat	post	0.0224
connect	chat	share	0.0207
connect	comment	friend	0.0234
connect	comment	party	0.0222
connect	comment	event	0.0209
connect	comment	invite	0.0197
connect	comment	message	0.0184
connect	comment	chat	0.0172
connect	comment	post	0.0159
connect	event	friend	0.0402
connect	event	party	0.0381
connect	event	event	0.0359
connect	event	invite	0.0338
connect	event	message	0.0316
connect	event	chat	0.0295
connect	event	post	0.0273
connect	event	share	0.0252
connect	friend	friend	0.0450
connect	friend	party	0.0426
connect	friend	event	0.0402
connect	friend	invite	0.0378
connect	friend	message	0.0354
connect	friend	chat	0.0330
connect	friend	post	0.0306
connect	friend	share	0.0282
connect	invite	friend	0.0378
connect	invite	party	0.0358
connect	invite	event	0.0338
connect	invite	invite	0.0318
connect	invite	message	0.0297
connect	invite	chat	0.0277
connect	invite	post	0.0257
connect	invite	share	0.0237
connect	like	friend	0.0258
connect	like	party	0.0244
connect	like	event	0.0230
connect	like	invite	0.0217
connect	like	message	0.0203
connect	like	chat	0.0189
connect	like	post	0.0175
connect	like	share	0.0162
connect	message	friend	0.0354
connect	message	party	0.0335
connect	message	event	0.0316
connect	message	invite	0.0297
connect	message	message	0.0278
connect	message	chat	0.0260
connect	message	post	0.0241
connect	message	share	0.0222
connect	party	friend	0.0426
connect	party	party	0.0403
connect	party	event	0.0381
connect	party	invite	0.0358
connect	party	message	0.0335
connect	party	chat	0.0312
connect	party	post	0.0290
connect	party	share	0.0267
connect	post	friend	0.0306
connect	post	party	0.0290
connect	post	event	0.0273
connect	post	invite	0.0257
connect	post	message	0.0241
connect	post	chat	0.0224
connect	post	post	0.0208
connect	post	share	0.0192
connect	share	friend	0.0282
connect	share	party	0.0267
connect	share	event	0.0252
connect	share	invite	0.0237
connect	share	message	0.0222
connect	share	chat	0.0207
connect	share	post	0.0192
connect	share	share	0.0177
cook	breakfast	eat	0.0306
cook	breakfast	cook	0.0290
cook	breakfast	order	0.0273
cook	breakfast	restaurant	0.0257
cook	breakfast	lunch	0.0241
cook	breakfast	dinner	0.0224
cook	breakfast	breakfast	0.0208
cook	breakfast	coffee	0.0192
cook	coffee	eat	0.0282
cook	coffee	cook	0.0267
cook	coffee	order	0.0252
cook	coffee	restaurant	0.0237
cook	coffee	lunch	0.0222
cook	coffee	dinner	0.0207
cook	coffee	breakfast	0.0192
cook	coffee	coffee	0.0177
cook	cook	eat	0.0426
cook	cook	cook	0.0403
cook	cook	order	0.0381
cook	cook	restaurant	0.0358
cook	cook	lunch	0.0335
cook	cook	dinner	0.0312
cook	cook	breakfast	0.0290
cook	cook	coffee	0.0267
cook	dinner	eat	0.0330
cook	dinner	cook	0.0312
cook	dinner	order	0.0295
cook	dinner	restaurant	0.0277
cook	dinner	lunch	0.0260
cook	dinner	dinner	0.0242
cook	dinner	breakfast	0.0224
cook	dinner	coffee	0.0207
cook	eat	eat	0.0450
cook	eat	cook	0.0426
cook	eat	order	0.0402
cook	eat	restaurant	0.0378
cook	eat	lunch	0.0354
cook	eat	dinner	0.0330
cook	eat	breakfast	0.0306
cook	eat	coffee	0.0282
cook	hungry	eat	0.0234
cook	hungry	cook	0.0222
cook	hungry	order	0.0209
cook	hungry	restaurant	0.0197
cook	hungry	lunch	0.0184
cook	hungry	dinner	0.0172
cook	hungry	breakfast	0.0159
cook	lunch	eat	0.0354
cook	lunch	cook	0.0335
cook	lunch	order	0.0316
cook	lunch	restaurant	0.0297
cook	lunch	lunch	0.0278
cook	lunch	dinner	0.0260
cook	lunch	breakfast	0.0241
cook	lunch	coffee	0.0222
cook	order	eat	0.0402
cook	order	cook	0.0381
cook	order	order	0.0359
cook	order	restaurant	0.0338
cook	order	lunch	0.0316
cook	order	dinner	0.0295
cook	order	breakfast	0.0273
cook	order	coffee	0.0252
cook	pizza	eat	0.0258
cook	pizza	cook	0.0244
cook	pizza	order	0.0230
cook	pizza	restaurant	0.0217
cook	pizza	lunch	0.0203
cook	pizza	dinner	0.0189
cook	pizza	breakfast	0.0175
cook	pizza	coffee	0.0162
cook	restaurant	eat	0.0378
cook	restaurant	cook	0.0358
cook	restaurant	order	0.0338
cook	restaurant	restaurant	0.0318
cook	restaurant	lunch	0.0297
cook	restaurant	dinner	0.0277
cook	restaurant	breakfast	0.0257
cook	restaurant	coffee	0.0237
cost	bank	money	0.0426
cost	bank	bank	0.0403
cost	bank	payment	0.0381
cost	bank	budget	0.0358
cost	bank	cost	0.0335
cost	bank	price	0.0312
cost	bank	bill	0.0290
cost	bank	invoice	0.0267
cost	bill	money	0.0306
cost	bill	bank	0.0290
cost	bill	payment	0.0273
cost	bill	budget	0.0257
cost	bill	cost	0.0241
cost	bill	price	0.0224
cost	bill	bill	0.0208
cost	bill	invoice	0.0192
cost	budget	meeting	0.0378
cost	budget	project	0.0358
cost	budget	deadline	0.0338
cost	budget	report	0.0318
cost	budget	client	0.0297
cost	budget	email	0.0277
cost	budget	office	0.0257
cost	budget	manager	0.0237
cost	cost	money	0.0354
cost	cost	bank	0.0335
cost	cost	payment	0.0316
cost	cost	budget	0.0297
cost	cost	cost	0.0278
cost	cost	price	0.0260
cost	cost	bill	0.0241
cost	cost	invoice	0.0222
cost	invoice	money	0.0282
cost	invoice	bank	0.0267
cost	invoice	payment	0.0252
cost	invoice	budget	0.0237
cost	invoice	cost	0.0222
cost	invoice	price	0.0207
cost	invoice	bill	0.0192
cost	invoice	invoice	0.0177
cost	money	money	0.0450
cost	money	bank	0.0426
cost	money	payment	0.0402
cost	money	budget	0.0378
cost	money	cost	0.0354
cost	money	price	0.0330
cost	money	bill	0.0306
cost	money	invoice	0.0282
cost	payment	buy	0.0402
cost	payment	store	0.0381
cost	payment	order	0.0359
cost	payment	delivery	0.0338
cost	payment	price	0.0316
cost	payment	sale	0.0295
cost	payment	discount	0.0273
cost	payment	cart	0.0252
cost	price	buy	0.0330
cost	price	store	0.0312
cost	price	order	0.0295
cost	price	delivery	0.0277
cost	price	price	0.0260
cost	price	sale	0.0242
cost	price	discount	0.0224
cost	price	cart	0.0207
cost	salary	money	0.0258
cost	salary	bank	0.0244
cost	salary	payment	0.0230
cost	salary	budget	0.0217
cost	salary	cost	0.0203
cost	salary	price	0.0189
cost	salary	bill	0.0175
cost	salary	invoice	0.0162
cost	tax	money	0.0234
cost	tax	bank	0.0222
cost	tax	payment	0.0209
cost	tax	budget	0.0197
cost	tax	cost	0.0184
cost	tax	price	0.0172
cost	tax	bill	0.0159
could	do	you	0.0240
could	have	to	0.0192
could	have	a	0.0168
could	i	am	0.0180
could	we	are	0.0180
could	you	are	0.0800
could	you	can	0.0560
could	you	will	0.0400
could	you	know	0.0320
could	you	have	0.0320
could	you	should	0.0240
could	you	need	0.0200
could	you	want	0.0200
couldnt	do	you	0.0240
couldnt	find	out	0.0480
couldnt	find	a	0.0288
couldnt	find	the	0.0240
couldnt	help	me	0.0240
couldnt	help	you	0.0180
couldnt	make	sure	0.0240
couldnt	see	you	0.0250
couldnt	sleep	doctor	0.0450
couldnt	sleep	hospital	0.0426
couldnt	sleep	medicine	0.0402
couldnt	sleep	pain	0.0378
couldnt	sleep	sick	0.0354
couldnt	sleep	fever	0.0330
couldnt	sleep	headache	0.0306
couldnt	sleep	exercise	0.0282
course	assignment	school	0.0234
course	assignment	class	0.0222
course	assignment	homework	0.0209
course	assignment	exam	0.0197
course	assignment	study	0.0184
course	assignment	teacher	0.0172
course	assignment	student	0.0159
course	class	school	0.0426
course	class	class	0.0403
course	class	homework	0.0381
course	class	exam	0.0358
course	class	study	0.0335
course	class	teacher	0.0312
course	class	student	0.0290
course	class	course	0.0267
course	course	school	0.0282
course	course	class	0.0267
course	course	homework	0.0252
course	course	exam	0.0237
course	course	study	0.0222
course	course	teacher	0.0207
course	course	student	0.0192
course	course	course	0.0177
course	exam	school	0.0378
course	exam	class	0.0358
course	exam	homework	0.0338
course	exam	exam	0.0318
course	exam	study	0.0297
course	exam	teacher	0.0277
course	exam	student	0.0257
course	exam	course	0.0237
course	homework	school	0.0402
course	homework	class	0.0381
course	homework	homework	0.0359
course	homework	exam	0.0338
course	homework	study	0.0316
course	homework	teacher	0.0295
course	homework	student	0.0273
course	homework	course	0.0252
course	lecture	school	0.0258
course	lecture	class	0.0244
course	lecture	homework	0.0230
course	lecture	exam	0.0217
course	lecture	study	0.0203
course	lecture	teacher	0.0189
course	lecture	student	0.0175
course	lecture	course	0.0162
course	school	school	0.0450
course	school	class	0.0426
course	school	homework	0.0402
course	school	exam	0.0378
course	school	study	0.0354
course	school	teacher	0.0330
course	school	student	0.0306
course	school	course	0.0282
course	student	school	0.0306
course	student	class	0.0290
course	student	homework	0.0273
course	student	exam	0.0257
course	student	study	0.0241
course	student	teacher	0.0224
course	student	student	0.0208
course	student	course	0.0192
course	study	school	0.0354
course	study	class	0.0335
course	study	homework	0.0316
course	study	exam	0.0297
course	study	study	0.0278
course	study	teacher	0.0260
course	study	student	0.0241
course	study	course	0.0222
course	teacher	school	0.0330
course	teacher	class	0.0312
course	teacher	homework	0.0295
course	teacher	exam	0.0277
course	teacher	study	0.0260
course	teacher	teacher	0.0242
course	teacher	student	0.0224
course	teacher	course	0.0207
credit	bank	money	0.0426
credit	bank	bank	0.0403
credit	bank	payment	0.0381
credit	bank	budget	0.0358
credit	bank	cost	0.0335
credit	bank	price	0.0312
credit	bank	bill	0.0290
credit	bank	invoice	0.0267
credit	bill	money	0.0306
credit	bill	bank	0.0290
credit	bill	payment	0.0273
credit	bill	budget	0.0257
credit	bill	cost	0.0241
credit	bill	price	0.0224
credit	bill	bill	0.0208
credit	bill	invoice	0.0192
credit	budget	meeting	0.0378
credit	budget	project	0.0358
credit	budget	deadline	0.0338
credit	budget	report	0.0318
credit	budget	client	0.0297
credit	budget	email	0.0277
credit	budget	office	0.0257
credit	budget	manager	0.0237
credit	cost	money	0.0354
credit	cost	bank	0.0335
credit	cost	payment	0.0316
credit	cost	budget	0.0297
credit	cost	cost	0.0278
credit	cost	price	0.0260
credit	cost	bill	0.0241
credit	cost	invoice	0.0222
credit	invoice	money	0.0282
credit	invoice	bank	0.0267
credit	invoice	payment	0.0252
credit	invoice	budget	0.0237
credit	invoice	cost	0.0222
credit	invoice	price	0.0207
credit	invoice	bill	0.0192
credit	invoice	invoice	0.0177
credit	money	money	0.0450
credit	money	bank	0.0426
credit	money	payment	0.0402
credit	money	budget	0.0378
credit	money	cost	0.0354
credit	money	price	0.0330
credit	money	bill	0.0306
credit	money	invoice	0.0282
credit	payment	buy	0.0402
credit	payment	store	0.0381
credit	payment	order	0.0359
credit	payment	delivery	0.0338
credit	payment	price	0.0316
credit	payment	sale	0.0295
credit	payment	discount	0.0273
credit	payment	cart	0.0252
credit	price	buy	0.0330
credit	price	store	0.0312
credit	price	order	0.0295
credit	price	delivery	0.0277
credit	price	price	0.0260
credit	price	sale	0.0242
credit	price	discount	0.0224
credit	price	cart	0.0207
credit	salary	money	0.0258
credit	salary	bank	0.0244
credit	salary	payment	0.0230
credit	salary	budget	0.0217
credit	salary	cost	0.0203
credit	salary	price	0.0189
credit	salary	bill	0.0175
credit	salary	invoice	0.0162
credit	tax	money	0.0234
credit	tax	bank	0.0222
credit	tax	payment	0.0209
credit	tax	budget	0.0197
credit	tax	cost	0.0184
credit	tax	price	0.0172
credit	tax	bill	0.0159
dad	baby	mom	0.0234
dad	baby	dad	0.0222
dad	baby	sister	0.0209
dad	baby	brother	0.0197
dad	baby	son	0.0184
dad	baby	daughter	0.0172
dad	baby	family	0.0159
dad	brother	mom	0.0378
dad	brother	dad	0.0358
dad	brother	sister	0.0338
dad	brother	brother	0.0318
dad	brother	son	0.0297
dad	brother	daughter	0.0277
dad	brother	family	0.0257
dad	brother	kids	0.0237
dad	dad	mom	0.0426
dad	dad	dad	0.0403
dad	dad	sister	0.0381
dad	dad	brother	0.0358
dad	dad	son	0.0335
dad	dad	daughter	0.0312
dad	dad	family	0.0290
dad	dad	kids	0.0267
dad	daughter	mom	0.0330
dad	daughter	dad	0.0312
dad	daughter	sister	0.0295
dad	daughter	brother	0.0277
dad	daughter	son	0.0260
dad	daughter	daughter	0.0242
dad	daughter	family	0.0224
dad	daughter	kids	0.0207
dad	family	mom	0.0306
dad	family	dad	0.0290
dad	family	sister	0.0273
dad	family	brother	0.0257
dad	family	son	0.0241
dad	family	daughter	0.0224
dad	family	family	0.0208
dad	family	kids	0.0192
dad	kids	mom	0.0282
dad	kids	dad	0.0267
dad	kids	sister	0.0252
dad	kids	brother	0.0237
dad	kids	son	0.0222
dad	kids	daughter	0.0207
dad	kids	family	0.0192
dad	kids	kids	0.0177
dad	mom	mom	0.0450
dad	mom	dad	0.0426
dad	mom	sister	0.0402
dad	mom	brother	0.0378
dad	mom	son	0.0354
dad	mom	daughter	0.0330
dad	mom	family	0.0306
dad	mom	kids	0.0282
dad	parents	mom	0.0258
dad	parents	dad	0.0244
dad	parents	sister	0.0230
dad	parents	brother	0.0217
dad	parents	son	0.0203
dad	parents	daughter	0.0189
dad	parents	family	0.0175
dad	parents	kids	0.0162
dad	sister	mom	0.0402
dad	sister	dad	0.0381
dad	sister	sister	0.0359
dad	sister	brother	0.0338
dad	sister	son	0.0316
dad	sister	daughter	0.0295
dad	sister	family	0.0273
dad	sister	kids	0.0252
dad	son	mom	0.0354
dad	son	dad	0.0335
dad	son	sister	0.0316
dad	son	brother	0.0297
dad	son	son	0.0278
dad	son	daughter	0.0260
dad	son	family	0.0241
dad	son	kids	0.0222
data	app	code	0.0426
data	app	app	0.0403
data	app	phone	0.0381
data	app	laptop	0.0358
data	app	software	0.0335
data	app	update	0.0312
data	app	bug	0.0290
data	app	server	0.0267
data	bug	code	0.0306
data	bug	app	0.0290
data	bug	phone	0.0273
data	bug	laptop	0.0257
data	bug	software	0.0241
data	bug	update	0.0224
data	bug	bug	0.0208
data	bug	server	0.0192
data	code	code	0.0450
data	code	app	0.0426
data	code	phone	0.0402
data	code	laptop	0.0378
data	code	software	0.0354
data	code	update	0.0330
data	code	bug	0.0306
data	code	server	0.0282
data	data	code	0.0258
data	data	app	0.0244
data	data	phone	0.0230
data	data	laptop	0.0217
data	data	software	0.0203
data	data	update	0.0189
data	data	bug	0.0175
data	data	server	0.0162
data	internet	code	0.0234
data	internet	app	0.0222
data	internet	phone	0.0209
data	internet	laptop	0.0197
data	internet	software	0.0184
data	internet	update	0.0172
data	internet	bug	0.0159
data	laptop	code	0.0378
data	laptop	app	0.0358
data	laptop	phone	0.0338
data	laptop	laptop	0.0318
data	laptop	software	0.0297
data	laptop	update	0.0277
data	laptop	bug	0.0257
data	laptop	server	0.0237
data	phone	code	0.0402
data	phone	app	0.0381
data	phone	phone	0.0359
data	phone	laptop	0.0338
data	phone	software	0.0316
data	phone	update	0.0295
data	phone	bug	0.0273
data	phone	server	0.0252
data	server	code	0.0282
data	server	app	0.0267
data	server	phone	0.0252
data	server	laptop	0.0237
data	server	software	0.0222
data	server	update	0.0207
data	server	bug	0.0192
data	server	server	0.0177
data	software	code	0.0354
data	software	app	0.0335
data	software	phone	0.0316
data	software	laptop	0.0297
data	software	software	0.0278
data	software	update	0.0260
data	software	bug	0.0241
data	software	server	0.0222
data	update	code	0.0330
data	update	app	0.0312
data	update	phone	0.0295
data	update	laptop	0.0277
data	update	software	0.0260
data	update	update	0.0242
data	update	bug	0.0224
data	update	server	0.0207
daughter	baby	mom	0.0234
daughter	baby	dad	0.0222
daughter	baby	sister	0.0209
daughter	baby	brother	0.0197
daughter	baby	son	0.0184
daughter	baby	daughter	0.0172
daughter	baby	family	0.0159
daughter	brother	mom	0.0378
daughter	brother	dad	0.0358
daughter	brother	sister	0.0338
daughter	brother	brother	0.0318
daughter	brother	son	0.0297
daughter	brother	daughter	0.0277
daughter	brother	family	0.0257
daughter	brother	kids	0.0237
daughter	dad	mom	0.0426
daughter	dad	dad	0.0403
daughter	dad	sister	0.0381
daughter	dad	brother	0.0358
daughter	dad	son	0.0335
daughter	dad	daughter	0.0312
daughter	dad	family	0.0290
daughter	dad	kids	0.0267
daughter	daughter	mom	0.0330
daughter	daughter	dad	0.0312
daughter	daughter	sister	0.0295
daughter	daughter	brother	0.0277
daughter	daughter	son	0.0260
daughter	daughter	daughter	0.0242
daughter	daughter	family	0.0224
daughter	daughter	kids	0.0207
daughter	family	mom	0.0306
daughter	family	dad	0.0290
daughter	family	sister	0.0273
daughter	family	brother	0.0257
daughter	family	son	0.0241
daughter	family	daughter	0.0224
daughter	family	family	0.0208
daughter	family	kids	0.0192
daughter	kids	mom	0.0282
daughter	kids	dad	0.0267
daughter	kids	sister	0.0252
daughter	kids	brother	0.0237
daughter	kids	son	0.0222
daughter	kids	daughter	0.0207
daughter	kids	family	0.0192
daughter	kids	kids	0.0177
daughter	mom	mom	0.0450
daughter	mom	dad	0.0426
daughter	mom	sister	0.0402
daughter	mom	brother	0.0378
daughter	mom	son	0.0354
daughter	mom	daughter	0.0330
daughter	mom	family	0.0306
daughter	mom	kids	0.0282
daughter	parents	mom	0.0258
daughter	parents	dad	0.0244
daughter	parents	sister	0.0230
daughter	parents	brother	0.0217
daughter	parents	son	0.0203
daughter	parents	daughter	0.0189
daughter	parents	family	0.0175
daughter	parents	kids	0.0162
daughter	sister	mom	0.0402
daughter	sister	dad	0.0381
daughter	sister	sister	0.0359
daughter	sister	brother	0.0338
daughter	sister	son	0.0316
daughter	sister	daughter	0.0295
daughter	sister	family	0.0273
daughter	sister	kids	0.0252
daughter	son	mom	0.0354
daughter	son	dad	0.0335
daughter	son	sister	0.0316
daughter	son	brother	0.0297
daughter	son	son	0.0278
daughter	son	daughter	0.0260
daughter	son	family	0.0241
daughter	son	kids	0.0222
deadline	client	meeting	0.0354
deadline	client	project	0.0335
deadline	client	deadline	0.0316
deadline	client	report	0.0297
deadline	client	client	0.0278
deadline	client	email	0.0260
deadline	client	office	0.0241
deadline	client	manager	0.0222
deadline	deadline	meeting	0.0402
deadline	deadline	project	0.0381
deadline	deadline	deadline	0.0359
deadline	deadline	report	0.0338
deadline	deadline	client	0.0316
deadline	deadline	email	0.0295
deadline	deadline	office	0.0273
deadline	deadline	manager	0.0252
deadline	email	code	0.0330
deadline	email	app	0.0312
deadline	email	phone	0.0295
deadline	email	laptop	0.0277
deadline	email	software	0.0260
deadline	email	update	0.0242
deadline	email	bug	0.0224
deadline	email	server	0.0207
deadline	manager	meeting	0.0282
deadline	manager	project	0.0267
deadline	manager	deadline	0.0252
deadline	manager	report	0.0237
deadline	manager	client	0.0222
deadline	manager	email	0.0207
deadline	manager	office	0.0192
deadline	manager	manager	0.0177
deadline	meeting	meeting	0.0450
deadline	meeting	project	0.0426
deadline	meeting	deadline	0.0402
deadline	meeting	report	0.0378
deadline	meeting	client	0.0354
deadline	meeting	email	0.0330
deadline	meeting	office	0.0306
deadline	meeting	manager	0.0282
deadline	office	meeting	0.0306
deadline	office	project	0.0290
deadline	office	deadline	0.0273
deadline	office	report	0.0257
deadline	office	client	0.0241
deadline	office	email	0.0224
deadline	office	office	0.0208
deadline	office	manager	0.0192
deadline	project	meeting	0.0426
deadline	project	project	0.0403
deadline	project	deadline	0.0381
deadline	project	report	0.0358
deadline	project	client	0.0335
deadline	project	email	0.0312
deadline	project	office	0.0290
deadline	project	manager	0.0267
deadline	report	meeting	0.0378
deadline	report	project	0.0358
deadline	report	deadline	0.0338
deadline	report	report	0.0318
deadline	report	client	0.0297
deadline	report	email	0.0277
deadline	report	office	0.0257
deadline	report	manager	0.0237
deadline	schedule	meeting	0.0234
deadline	schedule	project	0.0222
deadline	schedule	deadline	0.0209
deadline	schedule	report	0.0197
deadline	schedule	client	0.0184
deadline	schedule	email	0.0172
deadline	schedule	office	0.0159
deadline	task	meeting	0.0258
deadline	task	project	0.0244
deadline	task	deadline	0.0230
deadline	task	report	0.0217
deadline	task	client	0.0203
deadline	task	email	0.0189
deadline	task	office	0.0175
deadline	task	manager	0.0162
delicious	breakfast	eat	0.0306
delicious	breakfast	cook	0.0290
delicious	breakfast	order	0.0273
delicious	breakfast	restaurant	0.0257
delicious	breakfast	lunch	0.0241
delicious	breakfast	dinner	0.0224
delicious	breakfast	breakfast	0.0208
delicious	breakfast	coffee	0.0192
delicious	coffee	eat	0.0282
delicious	coffee	cook	0.0267
delicious	coffee	order	0.0252
delicious	coffee	restaurant	0.0237
delicious	coffee	lunch	0.0222
delicious	coffee	dinner	0.0207
delicious	coffee	breakfast	0.0192
delicious	coffee	coffee	0.0177
delicious	cook	eat	0.0426
delicious	cook	cook	0.0403
delicious	cook	order	0.0381
delicious	cook	restaurant	0.0358
delicious	cook	lunch	0.0335
delicious	cook	dinner	0.0312
delicious	cook	breakfast	0.0290
delicious	cook	coffee	0.0267
delicious	dinner	eat	0.0330
delicious	dinner	cook	0.0312
delicious	dinner	order	0.0295
delicious	dinner	restaurant	0.0277
delicious	dinner	lunch	0.0260
delicious	dinner	dinner	0.0242
delicious	dinner	breakfast	0.0224
delicious	dinner	coffee	0.0207
delicious	eat	eat	0.0450
delicious	eat	cook	0.0426
delicious	eat	order	0.0402
delicious	eat	restaurant	0.0378
delicious	eat	lunch	0.0354
delicious	eat	dinner	0.0330
delicious	eat	breakfast	0.0306
delicious	eat	coffee	0.0282
delicious	hungry	eat	0.0234
delicious	hungry	cook	0.0222
delicious	hungry	order	0.0209
delicious	hungry	restaurant	0.0197
delicious	hungry	lunch	0.0184
delicious	hungry	dinner	0.0172
delicious	hungry	breakfast	0.0159
delicious	lunch	eat	0.0354
delicious	lunch	cook	0.0335
delicious	lunch	order	0.0316
delicious	lunch	restaurant	0.0297
delicious	lunch	lunch	0.0278
delicious	lunch	dinner	0.0260
delicious	lunch	breakfast	0.0241
delicious	lunch	coffee	0.0222
delicious	order	eat	0.0402
delicious	order	cook	0.0381
delicious	order	order	0.0359
delicious	order	restaurant	0.0338
delicious	order	lunch	0.0316
delicious	order	dinner	0.0295
delicious	order	breakfast	0.0273
delicious	order	coffee	0.0252
delicious	pizza	eat	0.0258
delicious	pizza	cook	0.0244
delicious	pizza	order	0.0230
delicious	pizza	restaurant	0.0217
delicious	pizza	lunch	0.0203
delicious	pizza	dinner	0.0189
delicious	pizza	breakfast	0.0175
delicious	pizza	coffee	0.0162
delicious	restaurant	eat	0.0378
delicious	restaurant	cook	0.0358
delicious	restaurant	order	0.0338
delicious	restaurant	restaurant	0.0318
delicious	restaurant	lunch	0.0297
delicious	restaurant	dinner	0.0277
delicious	restaurant	breakfast	0.0257
delicious	restaurant	coffee	0.0237
delivery	buy	buy	0.0450
delivery	buy	store	0.0426
delivery	buy	order	0.0402
delivery	buy	delivery	0.0378
delivery	buy	price	0.0354
delivery	buy	sale	0.0330
delivery	buy	discount	0.0306
delivery	buy	cart	0.0282
delivery	cart	buy	0.0282
delivery	cart	store	0.0267
delivery	cart	order	0.0252
delivery	cart	delivery	0.0237
delivery	cart	price	0.0222
delivery	cart	sale	0.0207
delivery	cart	discount	0.0192
delivery	cart	cart	0.0177
delivery	checkout	buy	0.0258
delivery	checkout	store	0.0244
delivery	checkout	order	0.0230
delivery	checkout	delivery	0.0217
delivery	checkout	price	0.0203
delivery	checkout	sale	0.0189
delivery	checkout	discount	0.0175
delivery	checkout	cart	0.0162
delivery	delivery	buy	0.0378
delivery	delivery	store	0.0358
delivery	delivery	order	0.0338
delivery	delivery	delivery	0.0318
delivery	delivery	price	0.0297
delivery	delivery	sale	0.0277
delivery	delivery	discount	0.0257
delivery	delivery	cart	0.0237
delivery	discount	buy	0.0306
delivery	discount	store	0.0290
delivery	discount	order	0.0273
delivery	discount	delivery	0.0257
delivery	discount	price	0.0241
delivery	discount	sale	0.0224
delivery	discount	discount	0.0208
delivery	discount	cart	0.0192
delivery	order	eat	0.0402
delivery	order	cook	0.0381
delivery	order	order	0.0359
delivery	order	restaurant	0.0338
delivery	order	lunch	0.0316
delivery	order	dinner	0.0295
delivery	order	breakfast	0.0273
delivery	order	coffee	0.0252
delivery	payment	buy	0.0234
delivery	payment	store	0.0222
delivery	payment	order	0.0209
delivery	payment	delivery	0.0197
delivery	payment	price	0.0184
delivery	payment	sale	0.0172
delivery	payment	discount	0.0159
delivery	price	buy	0.0354
delivery	price	store	0.0335
delivery	price	order	0.0316
delivery	price	delivery	0.0297
delivery	price	price	0.0278
delivery	price	sale	0.0260
delivery	price	discount	0.0241
delivery	price	cart	0.0222
delivery	sale	buy	0.0330
delivery	sale	store	0.0312
delivery	sale	order	0.0295
delivery	sale	delivery	0.0277
delivery	sale	price	0.0260
delivery	sale	sale	0.0242
delivery	sale	discount	0.0224
delivery	sale	cart	0.0207
delivery	store	buy	0.0426
delivery	store	store	0.0403
delivery	store	order	0.0381
delivery	store	delivery	0.0358
delivery	store	price	0.0335
delivery	store	sale	0.0312
delivery	store	discount	0.0290
delivery	store	cart	0.0267
destination	airport	flight	0.0330
destination	airport	hotel	0.0312
destination	airport	trip	0.0295
destination	airport	vacation	0.0277
destination	airport	beach	0.0260
destination	airport	airport	0.0242
destination	airport	booking	0.0224
destination	airport	passport	0.0207
destination	beach	flight	0.0354
destination	beach	hotel	0.0335
destination	beach	trip	0.0316
destination	beach	vacation	0.0297
destination	beach	beach	0.0278
destination	beach	airport	0.0260
destination	beach	booking	0.0241
destination	beach	passport	0.0222
destination	booking	flight	0.0306
destination	booking	hotel	0.0290
destination	booking	trip	0.0273
destination	booking	vacation	0.0257
destination	booking	beach	0.0241
destination	booking	airport	0.0224
destination	booking	booking	0.0208
destination	booking	passport	0.0192
destination	destination	flight	0.0234
destination	destination	hotel	0.0222
destination	destination	trip	0.0209
destination	destination	vacation	0.0197
destination	destination	beach	0.0184
destination	destination	airport	0.0172
destination	destination	booking	0.0159
destination	flight	flight	0.0450
destination	flight	hotel	0.0426
destination	flight	trip	0.0402
destination	flight	vacation	0.0378
destination	flight	beach	0.0354
destination	flight	airport	0.0330
destination	flight	booking	0.0306
destination	flight	passport	0.0282
destination	hotel	flight	0.0426
destination	hotel	hotel	0.0403
destination	hotel	trip	0.0381
destination	hotel	vacation	0.0358
destination	hotel	beach	0.0335
destination	hotel	airport	0.0312
destination	hotel	booking	0.0290
destination	hotel	passport	0.0267
destination	luggage	flight	0.0258
destination	luggage	hotel	0.0244
destination	luggage	trip	0.0230
destination	luggage	vacation	0.0217
destination	luggage	beach	0.0203
destination	luggage	airport	0.0189
destination	luggage	booking	0.0175
destination	luggage	passport	0.0162
destination	passport	flight	0.0282
destination	passport	hotel	0.0267
destination	passport	trip	0.0252
destination	passport	vacation	0.0237
destination	passport	beach	0.0222
destination	passport	airport	0.0207
destination	passport	booking	0.0192
destination	passport	passport	0.0177
destination	trip	flight	0.0402
destination	trip	hotel	0.0381
destination	trip	trip	0.0359
destination	trip	vacation	0.0338
destination	trip	beach	0.0316
destination	trip	airport	0.0295
destination	trip	booking	0.0273
destination	trip	passport	0.0252
destination	vacation	flight	0.0378
destination	vacation	hotel	0.0358
destination	vacation	trip	0.0338
destination	vacation	vacation	0.0318
destination	vacation	beach	0.0297
destination	vacation	airport	0.0277
destination	vacation	booking	0.0257
destination	vacation	passport	0.0237
did	he	is	0.0176
did	it	is	0.0200
did	not	sure	0.0192
did	she	is	0.0176
did	they	are	0.0240
did	we	are	0.0216
did	you	get	0.1500
did	you	see	0.1400
did	you	are	0.1400
did	you	hear	0.1000
did	you	can	0.0980
did	you	know	0.0800
did	you	will	0.0700
did	you	find	0.0600
did	you	have	0.0560
did	you	call	0.0500
did	you	should	0.0420
did	you	send	0.0400
did	you	check	0.0400
did	you	need	0.0350
did	you	want	0.0350
did	you	try	0.0300
did	you	finish	0.0300
did	you	start	0.0200
did	you	leave	0.0200
did	you	come	0.0200
did	you	go	0.0200
did	you	make	0.0200
didnt	know	what	0.0360
didnt	know	if	0.0300
didnt	know	that	0.0300
didnt	know	you	0.0240
didnt	know	how	0.0180
didnt	know	when	0.0150
didnt	see	you	0.0300
didnt	tell	me	0.0160
didnt	think	about	0.0360
didnt	think	so	0.0240
didnt	think	it	0.0192
didnt	think	that	0.0192
didnt	want	to	0.0900
didnt	want	you	0.0160
diet	diet	doctor	0.0234
diet	diet	hospital	0.0222
diet	diet	medicine	0.0209
diet	diet	pain	0.0197
diet	diet	sick	0.0184
diet	diet	fever	0.0172
diet	diet	headache	0.0159
diet	doctor	doctor	0.0450
diet	doctor	hospital	0.0426
diet	doctor	medicine	0.0402
diet	doctor	pain	0.0378
diet	doctor	sick	0.0354
diet	doctor	fever	0.0330
diet	doctor	headache	0.0306
diet	doctor	exercise	0.0282
diet	exercise	doctor	0.0282
diet	exercise	hospital	0.0267
diet	exercise	medicine	0.0252
diet	exercise	pain	0.0237
diet	exercise	sick	0.0222
diet	exercise	fever	0.0207
diet	exercise	headache	0.0192
diet	exercise	exercise	0.0177
diet	fever	doctor	0.0330
diet	fever	hospital	0.0312
diet	fever	medicine	0.0295
diet	fever	pain	0.0277
diet	fever	sick	0.0260
diet	fever	fever	0.0242
diet	fever	headache	0.0224
diet	fever	exercise	0.0207
diet	headache	doctor	0.0306
diet	headache	hospital	0.0290
diet	headache	medicine	0.0273
diet	headache	pain	0.0257
diet	headache	sick	0.0241
diet	headache	fever	0.0224
diet	headache	headache	0.0208
diet	headache	exercise	0.0192
diet	hospital	doctor	0.0426
diet	hospital	hospital	0.0403
diet	hospital	medicine	0.0381
diet	hospital	pain	0.0358
diet	hospital	sick	0.0335
diet	hospital	fever	0.0312
diet	hospital	headache	0.0290
diet	hospital	exercise	0.0267
diet	medicine	doctor	0.0402
diet	medicine	hospital	0.0381
diet	medicine	medicine	0.0359
diet	medicine	pain	0.0338
diet	medicine	sick	0.0316
diet	medicine	fever	0.0295
diet	medicine	headache	0.0273
diet	medicine	exercise	0.0252
diet	pain	doctor	0.0378
diet	pain	hospital	0.0358
diet	pain	medicine	0.0338
diet	pain	pain	0.0318
diet	pain	sick	0.0297
diet	pain	fever	0.0277
diet	pain	headache	0.0257
diet	pain	exercise	0.0237
diet	sick	doctor	0.0354
diet	sick	hospital	0.0335
diet	sick	medicine	0.0316
diet	sick	pain	0.0297
diet	sick	sick	0.0278
diet	sick	fever	0.0260
diet	sick	headache	0.0241
diet	sick	exercise	0.0222
diet	sleep	doctor	0.0258
diet	sleep	hospital	0.0244
diet	sleep	medicine	0.0230
diet	sleep	pain	0.0217
diet	sleep	sick	0.0203
diet	sleep	fever	0.0189
diet	sleep	headache	0.0175
diet	sleep	exercise	0.0162
dinner	breakfast	eat	0.0306
dinner	breakfast	cook	0.0290
dinner	breakfast	order	0.0273
dinner	breakfast	restaurant	0.0257
dinner	breakfast	lunch	0.0241
dinner	breakfast	dinner	0.0224
dinner	breakfast	breakfast	0.0208
dinner	breakfast	coffee	0.0192
dinner	coffee	eat	0.0282
dinner	coffee	cook	0.0267
dinner	coffee	order	0.0252
dinner	coffee	restaurant	0.0237
dinner	coffee	lunch	0.0222
dinner	coffee	dinner	0.0207
dinner	coffee	breakfast	0.0192
dinner	coffee	coffee	0.0177
dinner	cook	eat	0.0426
dinner	cook	cook	0.0403
dinner	cook	order	0.0381
dinner	cook	restaurant	0.0358
dinner	cook	lunch	0.0335
dinner	cook	dinner	0.0312
dinner	cook	breakfast	0.0290
dinner	cook	coffee	0.0267
dinner	dinner	eat	0.0330
dinner	dinner	cook	0.0312
dinner	dinner	order	0.0295
dinner	dinner	restaurant	0.0277
dinner	dinner	lunch	0.0260
dinner	dinner	dinner	0.0242
dinner	dinner	breakfast	0.0224
dinner	dinner	coffee	0.0207
dinner	eat	eat	0.0450
dinner	eat	cook	0.0426
dinner	eat	order	0.0402
dinner	eat	restaurant	0.0378
dinner	eat	lunch	0.0354
dinner	eat	dinner	0.0330
dinner	eat	breakfast	0.0306
dinner	eat	coffee	0.0282
dinner	hungry	eat	0.0234
dinner	hungry	cook	0.0222
dinner	hungry	order	0.0209
dinner	hungry	restaurant	0.0197
dinner	hungry	lunch	0.0184
dinner	hungry	dinner	0.0172
dinner	hungry	breakfast	0.0159
dinner	lunch	eat	0.0354
dinner	lunch	cook	0.0335
dinner	lunch	order	0.0316
dinner	lunch	restaurant	0.0297
dinner	lunch	lunch	0.0278
dinner	lunch	dinner	0.0260
dinner	lunch	breakfast	0.0241
dinner	lunch	coffee	0.0222
dinner	order	eat	0.0402
dinner	order	cook	0.0381
dinner	order	order	0.0359
dinner	order	restaurant	0.0338
dinner	order	lunch	0.0316
dinner	order	dinner	0.0295
dinner	order	breakfast	0.0273
dinner	order	coffee	0.0252
dinner	pizza	eat	0.0258
dinner	pizza	cook	0.0244
dinner	pizza	order	0.0230
dinner	pizza	restaurant	0.0217
dinner	pizza	lunch	0.0203
dinner	pizza	dinner	0.0189
dinner	pizza	breakfast	0.0175
dinner	pizza	coffee	0.0162
dinner	restaurant	eat	0.0378
dinner	restaurant	cook	0.0358
dinner	restaurant	order	0.0338
dinner	restaurant	restaurant	0.0318
dinner	restaurant	lunch	0.0297
dinner	restaurant	dinner	0.0277
dinner	restaurant	breakfast	0.0257
dinner	restaurant	coffee	0.0237
discount	buy	buy	0.0450
discount	buy	store	0.0426
discount	buy	order	0.0402
discount	buy	delivery	0.0378
discount	buy	price	0.0354
discount	buy	sale	0.0330
discount	buy	discount	0.0306
discount	buy	cart	0.0282
discount	cart	buy	0.0282
discount	cart	store	0.0267
discount	cart	order	0.0252
discount	cart	delivery	0.0237
discount	cart	price	0.0222
discount	cart	sale	0.0207
discount	cart	discount	0.0192
discount	cart	cart	0.0177
discount	checkout	buy	0.0258
discount	checkout	store	0.0244
discount	checkout	order	0.0230
discount	checkout	delivery	0.0217
discount	checkout	price	0.0203
discount	checkout	sale	0.0189
discount	checkout	discount	0.0175
discount	checkout	cart	0.0162
discount	delivery	buy	0.0378
discount	delivery	store	0.0358
discount	delivery	order	0.0338
discount	delivery	delivery	0.0318
discount	delivery	price	0.0297
discount	delivery	sale	0.0277
discount	delivery	discount	0.0257
discount	delivery	cart	0.0237
discount	discount	buy	0.0306
discount	discount	store	0.0290
discount	discount	order	0.0273
discount	discount	delivery	0.0257
discount	discount	price	0.0241
discount	discount	sale	0.0224
discount	discount	discount	0.0208
discount	discount	cart	0.0192
discount	order	eat	0.0402
discount	order	cook	0.0381
discount	order	order	0.0359
discount	order	restaurant	0.0338
discount	order	lunch	0.0316
discount	order	dinner	0.0295
discount	order	breakfast	0.0273
discount	order	coffee	0.0252
discount	payment	buy	0.0234
discount	payment	store	0.0222
discount	payment	order	0.0209
discount	payment	delivery	0.0197
discount	payment	price	0.0184
discount	payment	sale	0.0172
discount	payment	discount	0.0159
discount	price	buy	0.0354
discount	price	store	0.0335
discount	price	order	0.0316
discount	price	delivery	0.0297
discount	price	price	0.0278
discount	price	sale	0.0260
discount	price	discount	0.0241
discount	price	cart	0.0222
discount	sale	buy	0.0330
discount	sale	store	0.0312
discount	sale	order	0.0295
discount	sale	delivery	0.0277
discount	sale	price	0.0260
discount	sale	sale	0.0242
discount	sale	discount	0.0224
discount	sale	cart	0.0207
discount	store	buy	0.0426
discount	store	store	0.0403
discount	store	order	0.0381
discount	store	delivery	0.0358
discount	store	price	0.0335
discount	store	sale	0.0312
discount	store	discount	0.0290
discount	store	cart	0.0267
do	i	am	0.0180
do	it	is	0.0200
do	not	sure	0.0240
do	not	yet	0.0160
do	they	are	0.0240
do	this	is	0.0180
do	we	are	0.0252
do	we	will	0.0168
do	we	can	0.0168
do	you	want	0.2000
do	you	know	0.1800
do	you	have	0.1800
do	you	are	0.1600
do	you	can	0.1120
do	you	think	0.1000
do	you	need	0.0800
do	you	will	0.0800
do	you	like	0.0600
do	you	should	0.0480
do	you	mind	0.0400
do	you	remember	0.0300
do	you	see	0.0300
do	you	feel	0.0200
do	you	believe	0.0200
do	you	agree	0.0200
do	you	understand	0.0200
do	you	mean	0.0200
do	you	work	0.0200
doctor	diet	doctor	0.0234
doctor	diet	hospital	0.0222
doctor	diet	medicine	0.0209
doctor	diet	pain	0.0197
doctor	diet	sick	0.0184
doctor	diet	fever	0.0172
doctor	diet	headache	0.0159
doctor	doctor	doctor	0.0450
doctor	doctor	hospital	0.0426
doctor	doctor	medicine	0.0402
doctor	doctor	pain	0.0378
doctor	doctor	sick	0.0354
doctor	doctor	fever	0.0330
doctor	doctor	headache	0.0306
doctor	doctor	exercise	0.0282
doctor	exercise	doctor	0.0282
doctor	exercise	hospital	0.0267
doctor	exercise	medicine	0.0252
doctor	exercise	pain	0.0237
doctor	exercise	sick	0.0222
doctor	exercise	fever	0.0207
doctor	exercise	headache	0.0192
doctor	exercise	exercise	0.0177
doctor	fever	doctor	0.0330
doctor	fever	hospital	0.0312
doctor	fever	medicine	0.0295
doctor	fever	pain	0.0277
doctor	fever	sick	0.0260
doctor	fever	fever	0.0242
doctor	fever	headache	0.0224
doctor	fever	exercise	0.0207
doctor	headache	doctor	0.0306
doctor	headache	hospital	0.0290
doctor	headache	medicine	0.0273
doctor	headache	pain	0.0257
doctor	headache	sick	0.0241
doctor	headache	fever	0.0224
doctor	headache	headache	0.0208
doctor	headache	exercise	0.0192
doctor	hospital	doctor	0.0426
doctor	hospital	hospital	0.0403
doctor	hospital	medicine	0.0381
doctor	hospital	pain	0.0358
doctor	hospital	sick	0.0335
doctor	hospital	fever	0.0312
doctor	hospital	headache	0.0290
doctor	hospital	exercise	0.0267
doctor	medicine	doctor	0.0402
doctor	medicine	hospital	0.0381
doctor	medicine	medicine	0.0359
doctor	medicine	pain	0.0338
doctor	medicine	sick	0.0316
doctor	medicine	fever	0.0295
doctor	medicine	headache	0.0273
doctor	medicine	exercise	0.0252
doctor	pain	doctor	0.0378
doctor	pain	hospital	0.0358
doctor	pain	medicine	0.0338
doctor	pain	pain	0.0318
doctor	pain	sick	0.0297
doctor	pain	fever	0.0277
doctor	pain	headache	0.0257
doctor	pain	exercise	0.0237
doctor	sick	doctor	0.0354
doctor	sick	hospital	0.0335
doctor	sick	medicine	0.0316
doctor	sick	pain	0.0297
doctor	sick	sick	0.0278
doctor	sick	fever	0.0260
doctor	sick	headache	0.0241
doctor	sick	exercise	0.0222
doctor	sleep	doctor	0.0258
doctor	sleep	hospital	0.0244
doctor	sleep	medicine	0.0230
doctor	sleep	pain	0.0217
doctor	sleep	sick	0.0203
doctor	sleep	fever	0.0189
doctor	sleep	headache	0.0175
doctor	sleep	exercise	0.0162
doesnt	feel	like	0.0200
doesnt	help	me	0.0160
doesnt	look	at	0.0240
doesnt	look	for	0.0180
doesnt	make	sure	0.0240
doesnt	work	on	0.0480
doesnt	work	with	0.0288
doesnt	work	for	0.0240
doesnt	work	at	0.0192
dont	know	what	0.0480
dont	know	if	0.0400
dont	know	that	0.0400
dont	know	you	0.0320
dont	know	how	0.0240
dont	know	when	0.0200
dont	know	where	0.0160
dont	know	why	0.0160
dont	need	to	0.0672
dont	think	about	0.0360
dont	think	so	0.0240
dont	think	it	0.0192
dont	think	that	0.0192
dont	want	to	0.0900
dont	want	you	0.0160
download	app	code	0.0426
download	app	app	0.0403
download	app	phone	0.0381
download	app	laptop	0.0358
download	app	software	0.0335
download	app	update	0.0312
download	app	bug	0.0290
download	app	server	0.0267
download	bug	code	0.0306
download	bug	app	0.0290
download	bug	phone	0.0273
download	bug	laptop	0.0257
download	bug	software	0.0241
download	bug	update	0.0224
download	bug	bug	0.0208
download	bug	server	0.0192
download	code	code	0.0450
download	code	app	0.0426
download	code	phone	0.0402
download	code	laptop	0.0378
download	code	software	0.0354
download	code	update	0.0330
download	code	bug	0.0306
download	code	server	0.0282
download	data	code	0.0258
download	data	app	0.0244
download	data	phone	0.0230
download	data	laptop	0.0217
download	data	software	0.0203
download	data	update	0.0189
download	data	bug	0.0175
download	data	server	0.0162
download	internet	code	0.0234
download	internet	app	0.0222
download	internet	phone	0.0209
download	internet	laptop	0.0197
download	internet	software	0.0184
download	internet	update	0.0172
download	internet	bug	0.0159
download	laptop	code	0.0378
download	laptop	app	0.0358
download	laptop	phone	0.0338
download	laptop	laptop	0.0318
download	laptop	software	0.0297
download	laptop	update	0.0277
download	laptop	bug	0.0257
download	laptop	server	0.0237
download	phone	code	0.0402
download	phone	app	0.0381
download	phone	phone	0.0359
download	phone	laptop	0.0338
download	phone	software	0.0316
download	phone	update	0.0295
download	phone	bug	0.0273
download	phone	server	0.0252
download	server	code	0.0282
download	server	app	0.0267
download	server	phone	0.0252
download	server	laptop	0.0237
download	server	software	0.0222
download	server	update	0.0207
download	server	bug	0.0192
download	server	server	0.0177
download	software	code	0.0354
download	software	app	0.0335
download	software	phone	0.0316
download	software	laptop	0.0297
download	software	software	0.0278
download	software	update	0.0260
download	software	bug	0.0241
download	software	server	0.0222
download	update	code	0.0330
download	update	app	0.0312
download	update	phone	0.0295
download	update	laptop	0.0277
download	update	software	0.0260
download	update	update	0.0242
download	update	bug	0.0224
download	update	server	0.0207
drink	coffee	eat	0.0360
drink	coffee	cook	0.0341
drink	coffee	order	0.0322
drink	coffee	restaurant	0.0302
drink	coffee	lunch	0.0283
drink	coffee	dinner	0.0264
drink	coffee	breakfast	0.0245
drink	coffee	coffee	0.0226
drive	bus	car	0.0426
drive	bus	bus	0.0403
drive	bus	train	0.0381
drive	bus	flight	0.0358
drive	bus	drive	0.0335
drive	bus	ride	0.0312
drive	bus	traffic	0.0290
drive	bus	parking	0.0267
drive	car	car	0.0450
drive	car	bus	0.0426
drive	car	train	0.0402
drive	car	flight	0.0378
drive	car	drive	0.0354
drive	car	ride	0.0330
drive	car	traffic	0.0306
drive	car	parking	0.0282
drive	drive	car	0.0354
drive	drive	bus	0.0335
drive	drive	train	0.0316
drive	drive	flight	0.0297
drive	drive	drive	0.0278
drive	drive	ride	0.0260
drive	drive	traffic	0.0241
drive	drive	parking	0.0222
drive	flight	flight	0.0378
drive	flight	hotel	0.0358
drive	flight	trip	0.0338
drive	flight	vacation	0.0318
drive	flight	beach	0.0297
drive	flight	airport	0.0277
drive	flight	booking	0.0257
drive	flight	passport	0.0237
drive	fuel	car	0.0234
drive	fuel	bus	0.0222
drive	fuel	train	0.0209
drive	fuel	flight	0.0197
drive	fuel	drive	0.0184
drive	fuel	ride	0.0172
drive	fuel	traffic	0.0159
drive	gas	car	0.0258
drive	gas	bus	0.0244
drive	gas	train	0.0230
drive	gas	flight	0.0217
drive	gas	drive	0.0203
drive	gas	ride	0.0189
drive	gas	traffic	0.0175
drive	gas	parking	0.0162
drive	parking	car	0.0282
drive	parking	bus	0.0267
drive	parking	train	0.0252
drive	parking	flight	0.0237
drive	parking	drive	0.0222
drive	parking	ride	0.0207
drive	parking	traffic	0.0192
drive	parking	parking	0.0177
drive	ride	car	0.0330
drive	ride	bus	0.0312
drive	ride	train	0.0295
drive	ride	flight	0.0277
drive	ride	drive	0.0260
drive	ride	ride	0.0242
drive	ride	traffic	0.0224
drive	ride	parking	0.0207
drive	traffic	car	0.0306
drive	traffic	bus	0.0290
drive	traffic	train	0.0273
drive	traffic	flight	0.0257
drive	traffic	drive	0.0241
drive	traffic	ride	0.0224
drive	traffic	traffic	0.0208
drive	traffic	parking	0.0192
drive	train	car	0.0402
drive	train	bus	0.0381
drive	train	train	0.0359
drive	train	flight	0.0338
drive	train	drive	0.0316
drive	train	ride	0.0295
drive	train	traffic	0.0273
drive	train	parking	0.0252
early	at	the	0.0176
early	in	the	0.0180
early	is	it	0.0150
early	on	the	0.0168
eat	breakfast	eat	0.0306
eat	breakfast	cook	0.0290
eat	breakfast	order	0.0273
eat	breakfast	restaurant	0.0257
eat	breakfast	lunch	0.0241
eat	breakfast	dinner	0.0224
eat	breakfast	breakfast	0.0208
eat	breakfast	coffee	0.0192
eat	coffee	eat	0.0282
eat	coffee	cook	0.0267
eat	coffee	order	0.0252
eat	coffee	restaurant	0.0237
eat	coffee	lunch	0.0222
eat	coffee	dinner	0.0207
eat	coffee	breakfast	0.0192
eat	coffee	coffee	0.0177
eat	cook	eat	0.0426
eat	cook	cook	0.0403
eat	cook	order	0.0381
eat	cook	restaurant	0.0358
eat	cook	lunch	0.0335
eat	cook	dinner	0.0312
eat	cook	breakfast	0.0290
eat	cook	coffee	0.0267
eat	dinner	eat	0.0330
eat	dinner	cook	0.0312
eat	dinner	order	0.0295
eat	dinner	restaurant	0.0277
eat	dinner	lunch	0.0260
eat	dinner	dinner	0.0242
eat	dinner	breakfast	0.0224
eat	dinner	coffee	0.0207
eat	eat	eat	0.0450
eat	eat	cook	0.0426
eat	eat	order	0.0402
eat	eat	restaurant	0.0378
eat	eat	lunch	0.0354
eat	eat	dinner	0.0330
eat	eat	breakfast	0.0306
eat	eat	coffee	0.0282
eat	hungry	eat	0.0234
eat	hungry	cook	0.0222
eat	hungry	order	0.0209
eat	hungry	restaurant	0.0197
eat	hungry	lunch	0.0184
eat	hungry	dinner	0.0172
eat	hungry	breakfast	0.0159
eat	lunch	eat	0.0354
eat	lunch	cook	0.0335
eat	lunch	order	0.0316
eat	lunch	restaurant	0.0297
eat	lunch	lunch	0.0278
eat	lunch	dinner	0.0260
eat	lunch	breakfast	0.0241
eat	lunch	coffee	0.0222
eat	order	eat	0.0402
eat	order	cook	0.0381
eat	order	order	0.0359
eat	order	restaurant	0.0338
eat	order	lunch	0.0316
eat	order	dinner	0.0295
eat	order	breakfast	0.0273
eat	order	coffee	0.0252
eat	pizza	eat	0.0258
eat	pizza	cook	0.0244
eat	pizza	order	0.0230
eat	pizza	restaurant	0.0217
eat	pizza	lunch	0.0203
eat	pizza	dinner	0.0189
eat	pizza	breakfast	0.0175
eat	pizza	coffee	0.0162
eat	restaurant	eat	0.0378
eat	restaurant	cook	0.0358
eat	restaurant	order	0.0338
eat	restaurant	restaurant	0.0318
eat	restaurant	lunch	0.0297
eat	restaurant	dinner	0.0277
eat	restaurant	breakfast	0.0257
eat	restaurant	coffee	0.0237
email	app	code	0.0426
email	app	app	0.0403
email	app	phone	0.0381
email	app	laptop	0.0358
email	app	software	0.0335
email	app	update	0.0312
email	app	bug	0.0290
email	app	server	0.0267
email	bug	code	0.0306
email	bug	app	0.0290
email	bug	phone	0.0273
email	bug	laptop	0.0257
email	bug	software	0.0241
email	bug	update	0.0224
email	bug	bug	0.0208
email	bug	server	0.0192
email	code	code	0.0450
email	code	app	0.0426
email	code	phone	0.0402
email	code	laptop	0.0378
email	code	software	0.0354
email	code	update	0.0330
email	code	bug	0.0306
email	code	server	0.0282
email	data	code	0.0258
email	data	app	0.0244
email	data	phone	0.0230
email	data	laptop	0.0217
email	data	software	0.0203
email	data	update	0.0189
email	data	bug	0.0175
email	data	server	0.0162
email	internet	code	0.0234
email	internet	app	0.0222
email	internet	phone	0.0209
email	internet	laptop	0.0197
email	internet	software	0.0184
email	internet	update	0.0172
email	internet	bug	0.0159
email	laptop	code	0.0378
email	laptop	app	0.0358
email	laptop	phone	0.0338
email	laptop	laptop	0.0318
email	laptop	software	0.0297
email	laptop	update	0.0277
email	laptop	bug	0.0257
email	laptop	server	0.0237
email	phone	code	0.0402
email	phone	app	0.0381
email	phone	phone	0.0359
email	phone	laptop	0.0338
email	phone	software	0.0316
email	phone	update	0.0295
email	phone	bug	0.0273
email	phone	server	0.0252
email	server	code	0.0282
email	server	app	0.0267
email	server	phone	0.0252
email	server	laptop	0.0237
email	server	software	0.0222
email	server	update	0.0207
email	server	bug	0.0192
email	server	server	0.0177
email	software	code	0.0354
email	software	app	0.0335
email	software	phone	0.0316
email	software	laptop	0.0297
email	software	software	0.0278
email	software	update	0.0260
email	software	bug	0.0241
email	software	server	0.0222
email	update	code	0.0330
email	update	app	0.0312
email	update	phone	0.0295
email	update	laptop	0.0277
email	update	software	0.0260
email	update	update	0.0242
email	update	bug	0.0224
email	update	server	0.0207
episode	book	movie	0.0330
episode	book	music	0.0312
episode	book	game	0.0295
episode	book	show	0.0277
episode	book	concert	0.0260
episode	book	book	0.0242
episode	book	video	0.0224
episode	book	stream	0.0207
episode	concert	movie	0.0354
episode	concert	music	0.0335
episode	concert	game	0.0316
episode	concert	show	0.0297
episode	concert	concert	0.0278
episode	concert	book	0.0260
episode	concert	video	0.0241
episode	concert	stream	0.0222
episode	game	game	0.0402
episode	game	team	0.0381
episode	game	score	0.0359
episode	game	match	0.0338
episode	game	player	0.0316
episode	game	win	0.0295
episode	game	lose	0.0273
episode	game	goal	0.0252
episode	listen	movie	0.0234
episode	listen	music	0.0222
episode	listen	game	0.0209
episode	listen	show	0.0197
episode	listen	concert	0.0184
episode	listen	book	0.0172
episode	listen	video	0.0159
episode	movie	movie	0.0450
episode	movie	music	0.0426
episode	movie	game	0.0402
episode	movie	show	0.0378
episode	movie	concert	0.0354
episode	movie	book	0.0330
episode	movie	video	0.0306
episode	movie	stream	0.0282
episode	music	movie	0.0426
episode	music	music	0.0403
episode	music	game	0.0381
episode	music	show	0.0358
episode	music	concert	0.0335
episode	music	book	0.0312
episode	music	video	0.0290
episode	music	stream	0.0267
episode	show	movie	0.0378
episode	show	music	0.0358
episode	show	game	0.0338
episode	show	show	0.0318
episode	show	concert	0.0297
episode	show	book	0.0277
episode	show	video	0.0257
episode	show	stream	0.0237
episode	stream	movie	0.0282
episode	stream	music	0.0267
episode	stream	game	0.0252
episode	stream	show	0.0237
episode	stream	concert	0.0222
episode	stream	book	0.0207
episode	stream	video	0.0192
episode	stream	stream	0.0177
episode	video	movie	0.0306
episode	video	music	0.0290
episode	video	game	0.0273
episode	video	show	0.0257
episode	video	concert	0.0241
episode	video	book	0.0224
episode	video	video	0.0208
episode	video	stream	0.0192
episode	watch	movie	0.0258
episode	watch	music	0.0244
episode	watch	game	0.0230
episode	watch	show	0.0217
episode	watch	concert	0.0203
episode	watch	book	0.0189
episode	watch	video	0.0175
episode	watch	stream	0.0162
evening	at	the	0.0176
evening	in	the	0.0180
evening	is	it	0.0150
evening	on	the	0.0168
event	chat	friend	0.0330
event	chat	party	0.0312
event	chat	event	0.0295
event	chat	invite	0.0277
event	chat	message	0.0260
event	chat	chat	0.0242
event	chat	post	0.0224
event	chat	share	0.0207
event	comment	friend	0.0234
event	comment	party	0.0222
event	comment	event	0.0209
event	comment	invite	0.0197
event	comment	message	0.0184
event	comment	chat	0.0172
event	comment	post	0.0159
event	event	friend	0.0402
event	event	party	0.0381
event	event	event	0.0359
event	event	invite	0.0338
event	event	message	0.0316
event	event	chat	0.0295
event	event	post	0.0273
event	event	share	0.0252
event	friend	friend	0.0450
event	friend	party	0.0426
event	friend	event	0.0402
event	friend	invite	0.0378
event	friend	message	0.0354
event	friend	chat	0.0330
event	friend	post	0.0306
event	friend	share	0.0282
event	invite	friend	0.0378
event	invite	party	0.0358
event	invite	event	0.0338
event	invite	invite	0.0318
event	invite	message	0.0297
event	invite	chat	0.0277
event	invite	post	0.0257
event	invite	share	0.0237
event	like	friend	0.0258
event	like	party	0.0244
event	like	event	0.0230
event	like	invite	0.0217
event	like	message	0.0203
event	like	chat	0.0189
event	like	post	0.0175
event	like	share	0.0162
event	message	friend	0.0354
event	message	party	0.0335
event	message	event	0.0316
event	message	invite	0.0297
event	message	message	0.0278
event	message	chat	0.0260
event	message	post	0.0241
event	message	share	0.0222
event	party	friend	0.0426
event	party	party	0.0403
event	party	event	0.0381
event	party	invite	0.0358
event	party	message	0.0335
event	party	chat	0.0312
event	party	post	0.0290
event	party	share	0.0267
event	post	friend	0.0306
event	post	party	0.0290
event	post	event	0.0273
event	post	invite	0.0257
event	post	message	0.0241
event	post	chat	0.0224
event	post	post	0.0208
event	post	share	0.0192
event	share	friend	0.0282
event	share	party	0.0267
event	share	event	0.0252
event	share	invite	0.0237
event	share	message	0.0222
event	share	chat	0.0207
event	share	post	0.0192
event	share	share	0.0177
exam	assignment	school	0.0234
exam	assignment	class	0.0222
exam	assignment	homework	0.0209
exam	assignment	exam	0.0197
exam	assignment	study	0.0184
exam	assignment	teacher	0.0172
exam	assignment	student	0.0159
exam	class	school	0.0426
exam	class	class	0.0403
exam	class	homework	0.0381
exam	class	exam	0.0358
exam	class	study	0.0335
exam	class	teacher	0.0312
exam	class	student	0.0290
exam	class	course	0.0267
exam	course	school	0.0282
exam	course	class	0.0267
exam	course	homework	0.0252
exam	course	exam	0.0237
exam	course	study	0.0222
exam	course	teacher	0.0207
exam	course	student	0.0192
exam	course	course	0.0177
exam	exam	school	0.0378
exam	exam	class	0.0358
exam	exam	homework	0.0338
exam	exam	exam	0.0318
exam	exam	study	0.0297
exam	exam	teacher	0.0277
exam	exam	student	0.0257
exam	exam	course	0.0237
exam	homework	school	0.0402
exam	homework	class	0.0381
exam	homework	homework	0.0359
exam	homework	exam	0.0338
exam	homework	study	0.0316
exam	homework	teacher	0.0295
exam	homework	student	0.0273
exam	homework	course	0.0252
exam	lecture	school	0.0258
exam	lecture	class	0.0244
exam	lecture	homework	0.0230
exam	lecture	exam	0.0217
exam	lecture	study	0.0203
exam	lecture	teacher	0.0189
exam	lecture	student	0.0175
exam	lecture	course	0.0162
exam	school	school	0.0450
exam	school	class	0.0426
exam	school	homework	0.0402
exam	school	exam	0.0378
exam	school	study	0.0354
exam	school	teacher	0.0330
exam	school	student	0.0306
exam	school	course	0.0282
exam	student	school	0.0306
exam	student	class	0.0290
exam	student	homework	0.0273
exam	student	exam	0.0257
exam	student	study	0.0241
exam	student	teacher	0.0224
exam	student	student	0.0208
exam	student	course	0.0192
exam	study	school	0.0354
exam	study	class	0.0335
exam	study	homework	0.0316
exam	study	exam	0.0297
exam	study	study	0.0278
exam	study	teacher	0.0260
exam	study	student	0.0241
exam	study	course	0.0222
exam	teacher	school	0.0330
exam	teacher	class	0.0312
exam	teacher	homework	0.0295
exam	teacher	exam	0.0277
exam	teacher	study	0.0260
exam	teacher	teacher	0.0242
exam	teacher	student	0.0224
exam	teacher	course	0.0207
exercise	diet	doctor	0.0234
exercise	diet	hospital	0.0222
exercise	diet	medicine	0.0209
exercise	diet	pain	0.0197
exercise	diet	sick	0.0184
exercise	diet	fever	0.0172
exercise	diet	headache	0.0159
exercise	doctor	doctor	0.0450
exercise	doctor	hospital	0.0426
exercise	doctor	medicine	0.0402
exercise	doctor	pain	0.0378
exercise	doctor	sick	0.0354
exercise	doctor	fever	0.0330
exercise	doctor	headache	0.0306
exercise	doctor	exercise	0.0282
exercise	exercise	doctor	0.0282
exercise	exercise	hospital	0.0267
exercise	exercise	medicine	0.0252
exercise	exercise	pain	0.0237
exercise	exercise	sick	0.0222
exercise	exercise	fever	0.0207
exercise	exercise	headache	0.0192
exercise	exercise	exercise	0.0177
exercise	fever	doctor	0.0330
exercise	fever	hospital	0.0312
exercise	fever	medicine	0.0295
exercise	fever	pain	0.0277
exercise	fever	sick	0.0260
exercise	fever	fever	0.0242
exercise	fever	headache	0.0224
exercise	fever	exercise	0.0207
exercise	headache	doctor	0.0306
exercise	headache	hospital	0.0290
exercise	headache	medicine	0.0273
exercise	headache	pain	0.0257
exercise	headache	sick	0.0241
exercise	headache	fever	0.0224
exercise	headache	headache	0.0208
exercise	headache	exercise	0.0192
exercise	hospital	doctor	0.0426
exercise	hospital	hospital	0.0403
exercise	hospital	medicine	0.0381
exercise	hospital	pain	0.0358
exercise	hospital	sick	0.0335
exercise	hospital	fever	0.0312
exercise	hospital	headache	0.0290
exercise	hospital	exercise	0.0267
exercise	medicine	doctor	0.0402
exercise	medicine	hospital	0.0381
exercise	medicine	medicine	0.0359
exercise	medicine	pain	0.0338
exercise	medicine	sick	0.0316
exercise	medicine	fever	0.0295
exercise	medicine	headache	0.0273
exercise	medicine	exercise	0.0252
exercise	pain	doctor	0.0378
exercise	pain	hospital	0.0358
exercise	pain	medicine	0.0338
exercise	pain	pain	0.0318
exercise	pain	sick	0.0297
exercise	pain	fever	0.0277
exercise	pain	headache	0.0257
exercise	pain	exercise	0.0237
exercise	sick	doctor	0.0354
exercise	sick	hospital	0.0335
exercise	sick	medicine	0.0316
exercise	sick	pain	0.0297
exercise	sick	sick	0.0278
exercise	sick	fever	0.0260
exercise	sick	headache	0.0241
exercise	sick	exercise	0.0222
exercise	sleep	doctor	0.0258
exercise	sleep	hospital	0.0244
exercise	sleep	medicine	0.0230
exercise	sleep	pain	0.0217
exercise	sleep	sick	0.0203
exercise	sleep	fever	0.0189
exercise	sleep	headache	0.0175
exercise	sleep	exercise	0.0162
family	baby	mom	0.0234
family	baby	dad	0.0222
family	baby	sister	0.0209
family	baby	brother	0.0197
family	baby	son	0.0184
family	baby	daughter	0.0172
family	baby	family	0.0159
family	brother	mom	0.0378
family	brother	dad	0.0358
family	brother	sister	0.0338
family	brother	brother	0.0318
family	brother	son	0.0297
family	brother	daughter	0.0277
family	brother	family	0.0257
family	brother	kids	0.0237
family	dad	mom	0.0426
family	dad	dad	0.0403
family	dad	sister	0.0381
family	dad	brother	0.0358
family	dad	son	0.0335
family	dad	daughter	0.0312
family	dad	family	0.0290
family	dad	kids	0.0267
family	daughter	mom	0.0330
family	daughter	dad	0.0312
family	daughter	sister	0.0295
family	daughter	brother	0.0277
family	daughter	son	0.0260
family	daughter	daughter	0.0242
family	daughter	family	0.0224
family	daughter	kids	0.0207
family	family	mom	0.0306
family	family	dad	0.0290
family	family	sister	0.0273
family	family	brother	0.0257
family	family	son	0.0241
family	family	daughter	0.0224
family	family	family	0.0208
family	family	kids	0.0192
family	kids	mom	0.0282
family	kids	dad	0.0267
family	kids	sister	0.0252
family	kids	brother	0.0237
family	kids	son	0.0222
family	kids	daughter	0.0207
family	kids	family	0.0192
family	kids	kids	0.0177
family	mom	mom	0.0450
family	mom	dad	0.0426
family	mom	sister	0.0402
family	mom	brother	0.0378
family	mom	son	0.0354
family	mom	daughter	0.0330
family	mom	family	0.0306
family	mom	kids	0.0282
family	parents	mom	0.0258
family	parents	dad	0.0244
family	parents	sister	0.0230
family	parents	brother	0.0217
family	parents	son	0.0203
family	parents	daughter	0.0189
family	parents	family	0.0175
family	parents	kids	0.0162
family	sister	mom	0.0402
family	sister	dad	0.0381
family	sister	sister	0.0359
family	sister	brother	0.0338
family	sister	son	0.0316
family	sister	daughter	0.0295
family	sister	family	0.0273
family	sister	kids	0.0252
family	son	mom	0.0354
family	son	dad	0.0335
family	son	sister	0.0316
family	son	brother	0.0297
family	son	son	0.0278
family	son	daughter	0.0260
family	son	family	0.0241
family	son	kids	0.0222
fee	bank	money	0.0426
fee	bank	bank	0.0403
fee	bank	payment	0.0381
fee	bank	budget	0.0358
fee	bank	cost	0.0335
fee	bank	price	0.0312
fee	bank	bill	0.0290
fee	bank	invoice	0.0267
fee	bill	money	0.0306
fee	bill	bank	0.0290
fee	bill	payment	0.0273
fee	bill	budget	0.0257
fee	bill	cost	0.0241
fee	bill	price	0.0224
fee	bill	bill	0.0208
fee	bill	invoice	0.0192
fee	budget	meeting	0.0378
fee	budget	project	0.0358
fee	budget	deadline	0.0338
fee	budget	report	0.0318
fee	budget	client	0.0297
fee	budget	email	0.0277
fee	budget	office	0.0257
fee	budget	manager	0.0237
fee	cost	money	0.0354
fee	cost	bank	0.0335
fee	cost	payment	0.0316
fee	cost	budget	0.0297
fee	cost	cost	0.0278
fee	cost	price	0.0260
fee	cost	bill	0.0241
fee	cost	invoice	0.0222
fee	invoice	money	0.0282
fee	invoice	bank	0.0267
fee	invoice	payment	0.0252
fee	invoice	budget	0.0237
fee	invoice	cost	0.0222
fee	invoice	price	0.0207
fee	invoice	bill	0.0192
fee	invoice	invoice	0.0177
fee	money	money	0.0450
fee	money	bank	0.0426
fee	money	payment	0.0402
fee	money	budget	0.0378
fee	money	cost	0.0354
fee	money	price	0.0330
fee	money	bill	0.0306
fee	money	invoice	0.0282
fee	payment	buy	0.0402
fee	payment	store	0.0381
fee	payment	order	0.0359
fee	payment	delivery	0.0338
fee	payment	price	0.0316
fee	payment	sale	0.0295
fee	payment	discount	0.0273
fee	payment	cart	0.0252
fee	price	buy	0.0330
fee	price	store	0.0312
fee	price	order	0.0295
fee	price	delivery	0.0277
fee	price	price	0.0260
fee	price	sale	0.0242
fee	price	discount	0.0224
fee	price	cart	0.0207
fee	salary	money	0.0258
fee	salary	bank	0.0244
fee	salary	payment	0.0230
fee	salary	budget	0.0217
fee	salary	cost	0.0203
fee	salary	price	0.0189
fee	salary	bill	0.0175
fee	salary	invoice	0.0162
fee	tax	money	0.0234
fee	tax	bank	0.0222
fee	tax	payment	0.0209
fee	tax	budget	0.0197
fee	tax	cost	0.0184
fee	tax	price	0.0172
fee	tax	bill	0.0159
feel	good	morning	0.0480
feel	good	night	0.0432
feel	good	luck	0.0288
feel	good	to	0.0240
feel	good	job	0.0192
feel	like	friend	0.0600
feel	like	party	0.0568
feel	like	event	0.0536
feel	like	invite	0.0504
feel	like	message	0.0472
feel	like	chat	0.0440
feel	like	post	0.0408
feel	like	share	0.0376
fever	diet	doctor	0.0234
fever	diet	hospital	0.0222
fever	diet	medicine	0.0209
fever	diet	pain	0.0197
fever	diet	sick	0.0184
fever	diet	fever	0.0172
fever	diet	headache	0.0159
fever	doctor	doctor	0.0450
fever	doctor	hospital	0.0426
fever	doctor	medicine	0.0402
fever	doctor	pain	0.0378
fever	doctor	sick	0.0354
fever	doctor	fever	0.0330
fever	doctor	headache	0.0306
fever	doctor	exercise	0.0282
fever	exercise	doctor	0.0282
fever	exercise	hospital	0.0267
fever	exercise	medicine	0.0252
fever	exercise	pain	0.0237
fever	exercise	sick	0.0222
fever	exercise	fever	0.0207
fever	exercise	headache	0.0192
fever	exercise	exercise	0.0177
fever	fever	doctor	0.0330
fever	fever	hospital	0.0312
fever	fever	medicine	0.0295
fever	fever	pain	0.0277
fever	fever	sick	0.0260
fever	fever	fever	0.0242
fever	fever	headache	0.0224
fever	fever	exercise	0.0207
fever	headache	doctor	0.0306
fever	headache	hospital	0.0290
fever	headache	medicine	0.0273
fever	headache	pain	0.0257
fever	headache	sick	0.0241
fever	headache	fever	0.0224
fever	headache	headache	0.0208
fever	headache	exercise	0.0192
fever	hospital	doctor	0.0426
fever	hospital	hospital	0.0403
fever	hospital	medicine	0.0381
fever	hospital	pain	0.0358
fever	hospital	sick	0.0335
fever	hospital	fever	0.0312
fever	hospital	headache	0.0290
fever	hospital	exercise	0.0267
fever	medicine	doctor	0.0402
fever	medicine	hospital	0.0381
fever	medicine	medicine	0.0359
fever	medicine	pain	0.0338
fever	medicine	sick	0.0316
fever	medicine	fever	0.0295
fever	medicine	headache	0.0273
fever	medicine	exercise	0.0252
fever	pain	doctor	0.0378
fever	pain	hospital	0.0358
fever	pain	medicine	0.0338
fever	pain	pain	0.0318
fever	pain	sick	0.0297
fever	pain	fever	0.0277
fever	pain	headache	0.0257
fever	pain	exercise	0.0237
fever	sick	doctor	0.0354
fever	sick	hospital	0.0335
fever	sick	medicine	0.0316
fever	sick	pain	0.0297
fever	sick	sick	0.0278
fever	sick	fever	0.0260
fever	sick	headache	0.0241
fever	sick	exercise	0.0222
fever	sleep	doctor	0.0258
fever	sleep	hospital	0.0244
fever	sleep	medicine	0.0230
fever	sleep	pain	0.0217
fever	sleep	sick	0.0203
fever	sleep	fever	0.0189
fever	sleep	headache	0.0175
fever	sleep	exercise	0.0162
find	a	lot	0.0240
find	it	is	0.0300
find	it	was	0.0216
finish	it	is	0.0600
finish	it	was	0.0432
finish	it	will	0.0192
finish	it	has	0.0192
finish	my	name	0.0160
finish	the	best	0.0150
finish	work	on	0.0240
flight	airport	flight	0.0330
flight	airport	hotel	0.0312
flight	airport	trip	0.0295
flight	airport	vacation	0.0277
flight	airport	beach	0.0260
flight	airport	airport	0.0242
flight	airport	booking	0.0224
flight	airport	passport	0.0207
flight	beach	flight	0.0354
flight	beach	hotel	0.0335
flight	beach	trip	0.0316
flight	beach	vacation	0.0297
flight	beach	beach	0.0278
flight	beach	airport	0.0260
flight	beach	booking	0.0241
flight	beach	passport	0.0222
flight	booking	flight	0.0306
flight	booking	hotel	0.0290
flight	booking	trip	0.0273
flight	booking	vacation	0.0257
flight	booking	beach	0.0241
flight	booking	airport	0.0224
flight	booking	booking	0.0208
flight	booking	passport	0.0192
flight	destination	flight	0.0234
flight	destination	hotel	0.0222
flight	destination	trip	0.0209
flight	destination	vacation	0.0197
flight	destination	beach	0.0184
flight	destination	airport	0.0172
flight	destination	booking	0.0159
flight	flight	flight	0.0450
flight	flight	hotel	0.0426
flight	flight	trip	0.0402
flight	flight	vacation	0.0378
flight	flight	beach	0.0354
flight	flight	airport	0.0330
flight	flight	booking	0.0306
flight	flight	passport	0.0282
flight	hotel	flight	0.0426
flight	hotel	hotel	0.0403
flight	hotel	trip	0.0381
flight	hotel	vacation	0.0358
flight	hotel	beach	0.0335
flight	hotel	airport	0.0312
flight	hotel	booking	0.0290
flight	hotel	passport	0.0267
flight	luggage	flight	0.0258
flight	luggage	hotel	0.0244
flight	luggage	trip	0.0230
flight	luggage	vacation	0.0217
flight	luggage	beach	0.0203
flight	luggage	airport	0.0189
flight	luggage	booking	0.0175
flight	luggage	passport	0.0162
flight	passport	flight	0.0282
flight	passport	hotel	0.0267
flight	passport	trip	0.0252
flight	passport	vacation	0.0237
flight	passport	beach	0.0222
flight	passport	airport	0.0207
flight	passport	booking	0.0192
flight	passport	passport	0.0177
flight	trip	flight	0.0402
flight	trip	hotel	0.0381
flight	trip	trip	0.0359
flight	trip	vacation	0.0338
flight	trip	beach	0.0316
flight	trip	airport	0.0295
flight	trip	booking	0.0273
flight	trip	passport	0.0252
flight	vacation	flight	0.0378
flight	vacation	hotel	0.0358
flight	vacation	trip	0.0338
flight	vacation	vacation	0.0318
flight	vacation	beach	0.0297
flight	vacation	airport	0.0277
flight	vacation	booking	0.0257
flight	vacation	passport	0.0237
follow	chat	friend	0.0330
follow	chat	party	0.0312
follow	chat	event	0.0295
follow	chat	invite	0.0277
follow	chat	message	0.0260
follow	chat	chat	0.0242
follow	chat	post	0.0224
follow	chat	share	0.0207
follow	comment	friend	0.0234
follow	comment	party	0.0222
follow	comment	event	0.0209
follow	comment	invite	0.0197
follow	comment	message	0.0184
follow	comment	chat	0.0172
follow	comment	post	0.0159
follow	event	friend	0.0402
follow	event	party	0.0381
follow	event	event	0.0359
follow	event	invite	0.0338
follow	event	message	0.0316
follow	event	chat	0.0295
follow	event	post	0.0273
follow	event	share	0.0252
follow	friend	friend	0.0450
follow	friend	party	0.0426
follow	friend	event	0.0402
follow	friend	invite	0.0378
follow	friend	message	0.0354
follow	friend	chat	0.0330
follow	friend	post	0.0306
follow	friend	share	0.0282
follow	invite	friend	0.0378
follow	invite	party	0.0358
follow	invite	event	0.0338
follow	invite	invite	0.0318
follow	invite	message	0.0297
follow	invite	chat	0.0277
follow	invite	post	0.0257
follow	invite	share	0.0237
follow	like	friend	0.0258
follow	like	party	0.0244
follow	like	event	0.0230
follow	like	invite	0.0217
follow	like	message	0.0203
follow	like	chat	0.0189
follow	like	post	0.0175
follow	like	share	0.0162
follow	message	friend	0.0354
follow	message	party	0.0335
follow	message	event	0.0316
follow	message	invite	0.0297
follow	message	message	0.0278
follow	message	chat	0.0260
follow	message	post	0.0241
follow	message	share	0.0222
follow	party	friend	0.0426
follow	party	party	0.0403
follow	party	event	0.0381
follow	party	invite	0.0358
follow	party	message	0.0335
follow	party	chat	0.0312
follow	party	post	0.0290
follow	party	share	0.0267
follow	post	friend	0.0306
follow	post	party	0.0290
follow	post	event	0.0273
follow	post	invite	0.0257
follow	post	message	0.0241
follow	post	chat	0.0224
follow	post	post	0.0208
follow	post	share	0.0192
follow	share	friend	0.0282
follow	share	party	0.0267
follow	share	event	0.0252
follow	share	invite	0.0237
follow	share	message	0.0222
follow	share	chat	0.0207
follow	share	post	0.0192
follow	share	share	0.0177
food	breakfast	eat	0.0306
food	breakfast	cook	0.0290
food	breakfast	order	0.0273
food	breakfast	restaurant	0.0257
food	breakfast	lunch	0.0241
food	breakfast	dinner	0.0224
food	breakfast	breakfast	0.0208
food	breakfast	coffee	0.0192
food	coffee	eat	0.0282
food	coffee	cook	0.0267
food	coffee	order	0.0252
food	coffee	restaurant	0.0237
food	coffee	lunch	0.0222
food	coffee	dinner	0.0207
food	coffee	breakfast	0.0192
food	coffee	coffee	0.0177
food	cook	eat	0.0426
food	cook	cook	0.0403
food	cook	order	0.0381
food	cook	restaurant	0.0358
food	cook	lunch	0.0335
food	cook	dinner	0.0312
food	cook	breakfast	0.0290
food	cook	coffee	0.0267
food	dinner	eat	0.0330
food	dinner	cook	0.0312
food	dinner	order	0.0295
food	dinner	restaurant	0.0277
food	dinner	lunch	0.0260
food	dinner	dinner	0.0242
food	dinner	breakfast	0.0224
food	dinner	coffee	0.0207
food	eat	eat	0.0450
food	eat	cook	0.0426
food	eat	order	0.0402
food	eat	restaurant	0.0378
food	eat	lunch	0.0354
food	eat	dinner	0.0330
food	eat	breakfast	0.0306
food	eat	coffee	0.0282
food	hungry	eat	0.0234
food	hungry	cook	0.0222
food	hungry	order	0.0209
food	hungry	restaurant	0.0197
food	hungry	lunch	0.0184
food	hungry	dinner	0.0172
food	hungry	breakfast	0.0159
food	lunch	eat	0.0354
food	lunch	cook	0.0335
food	lunch	order	0.0316
food	lunch	restaurant	0.0297
food	lunch	lunch	0.0278
food	lunch	dinner	0.0260
food	lunch	breakfast	0.0241
food	lunch	coffee	0.0222
food	order	eat	0.0402
food	order	cook	0.0381
food	order	order	0.0359
food	order	restaurant	0.0338
food	order	lunch	0.0316
food	order	dinner	0.0295
food	order	breakfast	0.0273
food	order	coffee	0.0252
food	pizza	eat	0.0258
food	pizza	cook	0.0244
food	pizza	order	0.0230
food	pizza	restaurant	0.0217
food	pizza	lunch	0.0203
food	pizza	dinner	0.0189
food	pizza	breakfast	0.0175
food	pizza	coffee	0.0162
food	restaurant	eat	0.0378
food	restaurant	cook	0.0358
food	restaurant	order	0.0338
food	restaurant	restaurant	0.0318
food	restaurant	lunch	0.0297
food	restaurant	dinner	0.0277
food	restaurant	breakfast	0.0257
food	restaurant	coffee	0.0237
football	football	game	0.0234
football	football	team	0.0222
football	football	score	0.0209
football	football	match	0.0197
football	football	player	0.0184
football	football	win	0.0172
football	football	lose	0.0159
football	game	game	0.0450
football	game	team	0.0426
football	game	score	0.0402
football	game	match	0.0378
football	game	player	0.0354
football	game	win	0.0330
football	game	lose	0.0306
football	game	goal	0.0282
football	match	game	0.0378
football	match	team	0.0358
football	match	score	0.0338
football	match	match	0.0318
football	match	player	0.0297
football	match	win	0.0277
football	match	lose	0.0257
football	match	goal	0.0237
football	player	game	0.0354
football	player	team	0.0335
football	player	score	0.0316
football	player	match	0.0297
football	player	player	0.0278
football	player	win	0.0260
football	player	lose	0.0241
football	player	goal	0.0222
football	score	game	0.0402
football	score	team	0.0381
football	score	score	0.0359
football	score	match	0.0338
football	score	player	0.0316
football	score	win	0.0295
football	score	lose	0.0273
football	score	goal	0.0252
football	team	game	0.0426
football	team	team	0.0403
football	team	score	0.0381
football	team	match	0.0358
football	team	player	0.0335
football	team	win	0.0312
football	team	lose	0.0290
football	team	goal	0.0267
football	win	game	0.0330
football	win	team	0.0312
football	win	score	0.0295
football	win	match	0.0277
football	win	player	0.0260
football	win	win	0.0242
football	win	lose	0.0224
football	win	goal	0.0207
for	a	lot	0.0200
for	the	meeting	0.1200
for	the	project	0.0800
for	the	team	0.0600
for	the	company	0.0500
for	the	client	0.0400
for	the	report	0.0300
for	the	update	0.0300
for	the	review	0.0200
for	the	call	0.0200
for	the	email	0.0200
for	the	event	0.0200
for	the	party	0.0200
for	the	game	0.0200
for	the	trip	0.0200
for	the	vacation	0.0200
for	the	best	0.0180
for	you	are	0.0320
for	you	can	0.0224
for	you	will	0.0160
forecast	cloudy	rain	0.0282
forecast	cloudy	sunny	0.0267
forecast	cloudy	cold	0.0252
forecast	cloudy	hot	0.0237
forecast	cloudy	snow	0.0222
forecast	cloudy	storm	0.0207
forecast	cloudy	wind	0.0192
forecast	cloudy	cloudy	0.0177
forecast	cold	rain	0.0402
forecast	cold	sunny	0.0381
forecast	cold	cold	0.0359
forecast	cold	hot	0.0338
forecast	cold	snow	0.0316
forecast	cold	storm	0.0295
forecast	cold	wind	0.0273
forecast	cold	cloudy	0.0252
forecast	forecast	rain	0.0234
forecast	forecast	sunny	0.0222
forecast	forecast	cold	0.0209
forecast	forecast	hot	0.0197
forecast	forecast	snow	0.0184
forecast	forecast	storm	0.0172
forecast	forecast	wind	0.0159
forecast	hot	rain	0.0378
forecast	hot	sunny	0.0358
forecast	hot	cold	0.0338
forecast	hot	hot	0.0318
forecast	hot	snow	0.0297
forecast	hot	storm	0.0277
forecast	hot	wind	0.0257
forecast	hot	cloudy	0.0237
forecast	rain	rain	0.0450
forecast	rain	sunny	0.0426
forecast	rain	cold	0.0402
forecast	rain	hot	0.0378
forecast	rain	snow	0.0354
forecast	rain	storm	0.0330
forecast	rain	wind	0.0306
forecast	rain	cloudy	0.0282
forecast	snow	rain	0.0354
forecast	snow	sunny	0.0335
forecast	snow	cold	0.0316
forecast	snow	hot	0.0297
forecast	snow	snow	0.0278
forecast	snow	storm	0.0260
forecast	snow	wind	0.0241
forecast	snow	cloudy	0.0222
forecast	storm	rain	0.0330
forecast	storm	sunny	0.0312
forecast	storm	cold	0.0295
forecast	storm	hot	0.0277
forecast	storm	snow	0.0260
forecast	storm	storm	0.0242
forecast	storm	wind	0.0224
forecast	storm	cloudy	0.0207
forecast	sunny	rain	0.0426
forecast	sunny	sunny	0.0403
forecast	sunny	cold	0.0381
forecast	sunny	hot	0.0358
forecast	sunny	snow	0.0335
forecast	sunny	storm	0.0312
forecast	sunny	wind	0.0290
forecast	sunny	cloudy	0.0267
forecast	temperature	rain	0.0258
forecast	temperature	sunny	0.0244
forecast	temperature	cold	0.0230
forecast	temperature	hot	0.0217
forecast	temperature	snow	0.0203
forecast	temperature	storm	0.0189
forecast	temperature	wind	0.0175
forecast	temperature	cloudy	0.0162
forecast	wind	rain	0.0306
forecast	wind	sunny	0.0290
forecast	wind	cold	0.0273
forecast	wind	hot	0.0257
forecast	wind	snow	0.0241
forecast	wind	storm	0.0224
forecast	wind	wind	0.0208
forecast	wind	cloudy	0.0192
forward	it	is	0.0200
forward	to	the	0.3400
forward	to	a	0.1700
forward	to	be	0.1360
forward	to	do	0.1020
forward	to	get	0.0850
forward	to	make	0.0680
forward	to	see	0.0680
forward	to	go	0.0680
freezing	cloudy	rain	0.0282
freezing	cloudy	sunny	0.0267
freezing	cloudy	cold	0.0252
freezing	cloudy	hot	0.0237
freezing	cloudy	snow	0.0222
freezing	cloudy	storm	0.0207
freezing	cloudy	wind	0.0192
freezing	cloudy	cloudy	0.0177
freezing	cold	rain	0.0402
freezing	cold	sunny	0.0381
freezing	cold	cold	0.0359
freezing	cold	hot	0.0338
freezing	cold	snow	0.0316
freezing	cold	storm	0.0295
freezing	cold	wind	0.0273
freezing	cold	cloudy	0.0252
freezing	forecast	rain	0.0234
freezing	forecast	sunny	0.0222
freezing	forecast	cold	0.0209
freezing	forecast	hot	0.0197
freezing	forecast	snow	0.0184
freezing	forecast	storm	0.0172
freezing	forecast	wind	0.0159
freezing	hot	rain	0.0378
freezing	hot	sunny	0.0358
freezing	hot	cold	0.0338
freezing	hot	hot	0.0318
freezing	hot	snow	0.0297
freezing	hot	storm	0.0277
freezing	hot	wind	0.0257
freezing	hot	cloudy	0.0237
freezing	rain	rain	0.0450
freezing	rain	sunny	0.0426
freezing	rain	cold	0.0402
freezing	rain	hot	0.0378
freezing	rain	snow	0.0354
freezing	rain	storm	0.0330
freezing	rain	wind	0.0306
freezing	rain	cloudy	0.0282
freezing	snow	rain	0.0354
freezing	snow	sunny	0.0335
freezing	snow	cold	0.0316
freezing	snow	hot	0.0297
freezing	snow	snow	0.0278
freezing	snow	storm	0.0260
freezing	snow	wind	0.0241
freezing	snow	cloudy	0.0222
freezing	storm	rain	0.0330
freezing	storm	sunny	0.0312
freezing	storm	cold	0.0295
freezing	storm	hot	0.0277
freezing	storm	snow	0.0260
freezing	storm	storm	0.0242
freezing	storm	wind	0.0224
freezing	storm	cloudy	0.0207
freezing	sunny	rain	0.0426
freezing	sunny	sunny	0.0403
freezing	sunny	cold	0.0381
freezing	sunny	hot	0.0358
freezing	sunny	snow	0.0335
freezing	sunny	storm	0.0312
freezing	sunny	wind	0.0290
freezing	sunny	cloudy	0.0267
freezing	temperature	rain	0.0258
freezing	temperature	sunny	0.0244
freezing	temperature	cold	0.0230
freezing	temperature	hot	0.0217
freezing	temperature	snow	0.0203
freezing	temperature	storm	0.0189
freezing	temperature	wind	0.0175
freezing	temperature	cloudy	0.0162
freezing	wind	rain	0.0306
freezing	wind	sunny	0.0290
freezing	wind	cold	0.0273
freezing	wind	hot	0.0257
freezing	wind	snow	0.0241
freezing	wind	storm	0.0224
freezing	wind	wind	0.0208
freezing	wind	cloudy	0.0192
friday	at	the	0.0176
friday	in	the	0.0180
friday	is	it	0.0150
friday	on	the	0.0168
friend	chat	friend	0.0330
friend	chat	party	0.0312
friend	chat	event	0.0295
friend	chat	invite	0.0277
friend	chat	message	0.0260
friend	chat	chat	0.0242
friend	chat	post	0.0224
friend	chat	share	0.0207
friend	comment	friend	0.0234
friend	comment	party	0.0222
friend	comment	event	0.0209
friend	comment	invite	0.0197
friend	comment	message	0.0184
friend	comment	chat	0.0172
friend	comment	post	0.0159
friend	event	friend	0.0402
friend	event	party	0.0381
friend	event	event	0.0359
friend	event	invite	0.0338
friend	event	message	0.0316
friend	event	chat	0.0295
friend	event	post	0.0273
friend	event	share	0.0252
friend	friend	friend	0.0450
friend	friend	party	0.0426
friend	friend	event	0.0402
friend	friend	invite	0.0378
friend	friend	message	0.0354
friend	friend	chat	0.0330
friend	friend	post	0.0306
friend	friend	share	0.0282
friend	invite	friend	0.0378
friend	invite	party	0.0358
friend	invite	event	0.0338
friend	invite	invite	0.0318
friend	invite	message	0.0297
friend	invite	chat	0.0277
friend	invite	post	0.0257
friend	invite	share	0.0237
friend	like	friend	0.0258
friend	like	party	0.0244
friend	like	event	0.0230
friend	like	invite	0.0217
friend	like	message	0.0203
friend	like	chat	0.0189
friend	like	post	0.0175
friend	like	share	0.0162
friend	message	friend	0.0354
friend	message	party	0.0335
friend	message	event	0.0316
friend	message	invite	0.0297
friend	message	message	0.0278
friend	message	chat	0.0260
friend	message	post	0.0241
friend	message	share	0.0222
friend	party	friend	0.0426
friend	party	party	0.0403
friend	party	event	0.0381
friend	party	invite	0.0358
friend	party	message	0.0335
friend	party	chat	0.0312
friend	party	post	0.0290
friend	party	share	0.0267
friend	post	friend	0.0306
friend	post	party	0.0290
friend	post	event	0.0273
friend	post	invite	0.0257
friend	post	message	0.0241
friend	post	chat	0.0224
friend	post	post	0.0208
friend	post	share	0.0192
friend	share	friend	0.0282
friend	share	party	0.0267
friend	share	event	0.0252
friend	share	invite	0.0237
friend	share	message	0.0222
friend	share	chat	0.0207
friend	share	post	0.0192
friend	share	share	0.0177
from	a	lot	0.0160
from	the	best	0.0200
from	the	same	0.0160
from	the	first	0.0160
from	the	other	0.0160
from	the	next	0.0160
from	the	last	0.0160
from	there	is	0.0180
from	there	are	0.0150
from	work	on	0.0160
fuel	bus	car	0.0426
fuel	bus	bus	0.0403
fuel	bus	train	0.0381
fuel	bus	flight	0.0358
fuel	bus	drive	0.0335
fuel	bus	ride	0.0312
fuel	bus	traffic	0.0290
fuel	bus	parking	0.0267
fuel	car	car	0.0450
fuel	car	bus	0.0426
fuel	car	train	0.0402
fuel	car	flight	0.0378
fuel	car	drive	0.0354
fuel	car	ride	0.0330
fuel	car	traffic	0.0306
fuel	car	parking	0.0282
fuel	drive	car	0.0354
fuel	drive	bus	0.0335
fuel	drive	train	0.0316
fuel	drive	flight	0.0297
fuel	drive	drive	0.0278
fuel	drive	ride	0.0260
fuel	drive	traffic	0.0241
fuel	drive	parking	0.0222
fuel	flight	flight	0.0378
fuel	flight	hotel	0.0358
fuel	flight	trip	0.0338
fuel	flight	vacation	0.0318
fuel	flight	beach	0.0297
fuel	flight	airport	0.0277
fuel	flight	booking	0.0257
fuel	flight	passport	0.0237
fuel	fuel	car	0.0234
fuel	fuel	bus	0.0222
fuel	fuel	train	0.0209
fuel	fuel	flight	0.0197
fuel	fuel	drive	0.0184
fuel	fuel	ride	0.0172
fuel	fuel	traffic	0.0159
fuel	gas	car	0.0258
fuel	gas	bus	0.0244
fuel	gas	train	0.0230
fuel	gas	flight	0.0217
fuel	gas	drive	0.0203
fuel	gas	ride	0.0189
fuel	gas	traffic	0.0175
fuel	gas	parking	0.0162
fuel	parking	car	0.0282
fuel	parking	bus	0.0267
fuel	parking	train	0.0252
fuel	parking	flight	0.0237
fuel	parking	drive	0.0222
fuel	parking	ride	0.0207
fuel	parking	traffic	0.0192
fuel	parking	parking	0.0177
fuel	ride	car	0.0330
fuel	ride	bus	0.0312
fuel	ride	train	0.0295
fuel	ride	flight	0.0277
fuel	ride	drive	0.0260
fuel	ride	ride	0.0242
fuel	ride	traffic	0.0224
fuel	ride	parking	0.0207
fuel	traffic	car	0.0306
fuel	traffic	bus	0.0290
fuel	traffic	train	0.0273
fuel	traffic	flight	0.0257
fuel	traffic	drive	0.0241
fuel	traffic	ride	0.0224
fuel	traffic	traffic	0.0208
fuel	traffic	parking	0.0192
fuel	train	car	0.0402
fuel	train	bus	0.0381
fuel	train	train	0.0359
fuel	train	flight	0.0338
fuel	train	drive	0.0316
fuel	train	ride	0.0295
fuel	train	traffic	0.0273
fuel	train	parking	0.0252
furniture	apartment	house	0.0426
furniture	apartment	apartment	0.0403
furniture	apartment	room	0.0381
furniture	apartment	kitchen	0.0358
furniture	apartment	bedroom	0.0335
furniture	apartment	bathroom	0.0312
furniture	apartment	clean	0.0290
furniture	apartment	repair	0.0267
furniture	bedroom	house	0.0354
furniture	bedroom	apartment	0.0335
furniture	bedroom	room	0.0316
furniture	bedroom	kitchen	0.0297
furniture	bedroom	bedroom	0.0278
furniture	bedroom	bathroom	0.0260
furniture	bedroom	clean	0.0241
furniture	bedroom	repair	0.0222
furniture	clean	house	0.0306
furniture	clean	apartment	0.0290
furniture	clean	room	0.0273
furniture	clean	kitchen	0.0257
furniture	clean	bedroom	0.0241
furniture	clean	bathroom	0.0224
furniture	clean	clean	0.0208
furniture	clean	repair	0.0192
furniture	furniture	house	0.0258
furniture	furniture	apartment	0.0244
furniture	furniture	room	0.0230
furniture	furniture	kitchen	0.0217
furniture	furniture	bedroom	0.0203
furniture	furniture	bathroom	0.0189
furniture	furniture	clean	0.0175
furniture	furniture	repair	0.0162
furniture	house	house	0.0450
furniture	house	apartment	0.0426
furniture	house	room	0.0402
furniture	house	kitchen	0.0378
furniture	house	bedroom	0.0354
furniture	house	bathroom	0.0330
furniture	house	clean	0.0306
furniture	house	repair	0.0282
furniture	kitchen	house	0.0378
furniture	kitchen	apartment	0.0358
furniture	kitchen	room	0.0338
furniture	kitchen	kitchen	0.0318
furniture	kitchen	bedroom	0.0297
furniture	kitchen	bathroom	0.0277
furniture	kitchen	clean	0.0257
furniture	kitchen	repair	0.0237
furniture	rent	house	0.0234
furniture	rent	apartment	0.0222
furniture	rent	room	0.0209
furniture	rent	kitchen	0.0197
furniture	rent	bedroom	0.0184
furniture	rent	bathroom	0.0172
furniture	rent	clean	0.0159
furniture	repair	house	0.0282
furniture	repair	apartment	0.0267
furniture	repair	room	0.0252
furniture	repair	kitchen	0.0237
furniture	repair	bedroom	0.0222
furniture	repair	bathroom	0.0207
furniture	repair	clean	0.0192
furniture	repair	repair	0.0177
furniture	room	house	0.0402
furniture	room	apartment	0.0381
furniture	room	room	0.0359
furniture	room	kitchen	0.0338
furniture	room	bedroom	0.0316
furniture	room	bathroom	0.0295
furniture	room	clean	0.0273
furniture	room	repair	0.0252
game	football	game	0.0234
game	football	team	0.0222
game	football	score	0.0209
game	football	match	0.0197
game	football	player	0.0184
game	football	win	0.0172
game	football	lose	0.0159
game	game	game	0.0450
game	game	team	0.0426
game	game	score	0.0402
game	game	match	0.0378
game	game	player	0.0354
game	game	win	0.0330
game	game	lose	0.0306
game	game	goal	0.0282
game	match	game	0.0378
game	match	team	0.0358
game	match	score	0.0338
game	match	match	0.0318
game	match	player	0.0297
game	match	win	0.0277
game	match	lose	0.0257
game	match	goal	0.0237
game	player	game	0.0354
game	player	team	0.0335
game	player	score	0.0316
game	player	match	0.0297
game	player	player	0.0278
game	player	win	0.0260
game	player	lose	0.0241
game	player	goal	0.0222
game	score	game	0.0402
game	score	team	0.0381
game	score	score	0.0359
game	score	match	0.0338
game	score	player	0.0316
game	score	win	0.0295
game	score	lose	0.0273
game	score	goal	0.0252
game	team	game	0.0426
game	team	team	0.0403
game	team	score	0.0381
game	team	match	0.0358
game	team	player	0.0335
game	team	win	0.0312
game	team	lose	0.0290
game	team	goal	0.0267
game	win	game	0.0330
game	win	team	0.0312
game	win	score	0.0295
game	win	match	0.0277
game	win	player	0.0260
game	win	win	0.0242
game	win	lose	0.0224
game	win	goal	0.0207
garden	apartment	house	0.0426
garden	apartment	apartment	0.0403
garden	apartment	room	0.0381
garden	apartment	kitchen	0.0358
garden	apartment	bedroom	0.0335
garden	apartment	bathroom	0.0312
garden	apartment	clean	0.0290
garden	apartment	repair	0.0267
garden	bedroom	house	0.0354
garden	bedroom	apartment	0.0335
garden	bedroom	room	0.0316
garden	bedroom	kitchen	0.0297
garden	bedroom	bedroom	0.0278
garden	bedroom	bathroom	0.0260
garden	bedroom	clean	0.0241
garden	bedroom	repair	0.0222
garden	clean	house	0.0306
garden	clean	apartment	0.0290
garden	clean	room	0.0273
garden	clean	kitchen	0.0257
garden	clean	bedroom	0.0241
garden	clean	bathroom	0.0224
garden	clean	clean	0.0208
garden	clean	repair	0.0192
garden	furniture	house	0.0258
garden	furniture	apartment	0.0244
garden	furniture	room	0.0230
garden	furniture	kitchen	0.0217
garden	furniture	bedroom	0.0203
garden	furniture	bathroom	0.0189
garden	furniture	clean	0.0175
garden	furniture	repair	0.0162
garden	house	house	0.0450
garden	house	apartment	0.0426
garden	house	room	0.0402
garden	house	kitchen	0.0378
garden	house	bedroom	0.0354
garden	house	bathroom	0.0330
garden	house	clean	0.0306
garden	house	repair	0.0282
garden	kitchen	house	0.0378
garden	kitchen	apartment	0.0358
garden	kitchen	room	0.0338
garden	kitchen	kitchen	0.0318
garden	kitchen	bedroom	0.0297
garden	kitchen	bathroom	0.0277
garden	kitchen	clean	0.0257
garden	kitchen	repair	0.0237
garden	rent	house	0.0234
garden	rent	apartment	0.0222
garden	rent	room	0.0209
garden	rent	kitchen	0.0197
garden	rent	bedroom	0.0184
garden	rent	bathroom	0.0172
garden	rent	clean	0.0159
garden	repair	house	0.0282
garden	repair	apartment	0.0267
garden	repair	room	0.0252
garden	repair	kitchen	0.0237
garden	repair	bedroom	0.0222
garden	repair	bathroom	0.0207
garden	repair	clean	0.0192
garden	repair	repair	0.0177
garden	room	house	0.0402
garden	room	apartment	0.0381
garden	room	room	0.0359
garden	room	kitchen	0.0338
garden	room	bedroom	0.0316
garden	room	bathroom	0.0295
garden	room	clean	0.0273
garden	room	repair	0.0252
gas	bus	car	0.0426
gas	bus	bus	0.0403
gas	bus	train	0.0381
gas	bus	flight	0.0358
gas	bus	drive	0.0335
gas	bus	ride	0.0312
gas	bus	traffic	0.0290
gas	bus	parking	0.0267
gas	car	car	0.0450
gas	car	bus	0.0426
gas	car	train	0.0402
gas	car	flight	0.0378
gas	car	drive	0.0354
gas	car	ride	0.0330
gas	car	traffic	0.0306
gas	car	parking	0.0282
gas	drive	car	0.0354
gas	drive	bus	0.0335
gas	drive	train	0.0316
gas	drive	flight	0.0297
gas	drive	drive	0.0278
gas	drive	ride	0.0260
gas	drive	traffic	0.0241
gas	drive	parking	0.0222
gas	flight	flight	0.0378
gas	flight	hotel	0.0358
gas	flight	trip	0.0338
gas	flight	vacation	0.0318
gas	flight	beach	0.0297
gas	flight	airport	0.0277
gas	flight	booking	0.0257
gas	flight	passport	0.0237
gas	fuel	car	0.0234
gas	fuel	bus	0.0222
gas	fuel	train	0.0209
gas	fuel	flight	0.0197
gas	fuel	drive	0.0184
gas	fuel	ride	0.0172
gas	fuel	traffic	0.0159
gas	gas	car	0.0258
gas	gas	bus	0.0244
gas	gas	train	0.0230
gas	gas	flight	0.0217
gas	gas	drive	0.0203
gas	gas	ride	0.0189
gas	gas	traffic	0.0175
gas	gas	parking	0.0162
gas	parking	car	0.0282
gas	parking	bus	0.0267
gas	parking	train	0.0252
gas	parking	flight	0.0237
gas	parking	drive	0.0222
gas	parking	ride	0.0207
gas	parking	traffic	0.0192
gas	parking	parking	0.0177
gas	ride	car	0.0330
gas	ride	bus	0.0312
gas	ride	train	0.0295
gas	ride	flight	0.0277
gas	ride	drive	0.0260
gas	ride	ride	0.0242
gas	ride	traffic	0.0224
gas	ride	parking	0.0207
gas	traffic	car	0.0306
gas	traffic	bus	0.0290
gas	traffic	train	0.0273
gas	traffic	flight	0.0257
gas	traffic	drive	0.0241
gas	traffic	ride	0.0224
gas	traffic	traffic	0.0208
gas	traffic	parking	0.0192
gas	train	car	0.0402
gas	train	bus	0.0381
gas	train	train	0.0359
gas	train	flight	0.0338
gas	train	drive	0.0316
gas	train	ride	0.0295
gas	train	traffic	0.0273
gas	train	parking	0.0252
get	going	to	0.0220
get	it	is	0.0250
get	it	was	0.0180
get	to	the	0.0320
get	to	a	0.0160
give	it	is	0.0150
give	me	a	0.1500
give	me	the	0.1200
give	me	some	0.0800
give	me	your	0.0600
give	me	call	0.0400
give	me	update	0.0300
give	me	minute	0.0200
give	me	second	0.0200
give	me	moment	0.0200
give	me	chance	0.0200
give	me	break	0.0200
give	me	hand	0.0200
give	me	hint	0.0200
give	me	feedback	0.0200
give	me	info	0.0200
give	you	are	0.0600
give	you	can	0.0420
give	you	will	0.0300
give	you	know	0.0240
give	you	have	0.0240
give	you	should	0.0180
give	you	need	0.0150
give	you	want	0.0150
going	home	mom	0.0150
going	on	the	0.0448
going	on	a	0.0160
going	to	be	0.2000
going	to	the	0.1200
going	to	a	0.1100
going	to	go	0.1000
going	to	do	0.0660
going	to	see	0.0600
going	to	get	0.0550
going	to	make	0.0500
going	to	try	0.0400
going	to	call	0.0300
going	to	send	0.0300
going	to	check	0.0300
going	to	meet	0.0200
going	to	eat	0.0200
going	to	sleep	0.0200
going	to	leave	0.0200
going	to	come	0.0200
going	to	work	0.0200
good	morning	everyone	0.1500
good	morning	team	0.1200
good	morning	all	0.1000
good	morning	how	0.0800
good	morning	hope	0.0600
good	morning	have	0.0500
good	morning	i	0.0400
good	morning	morning	0.0320
good	morning	just	0.0300
good	morning	afternoon	0.0240
good	morning	evening	0.0240
good	morning	night	0.0240
good	morning	quick	0.0200
good	morning	sorry	0.0200
good	morning	is	0.0200
good	morning	was	0.0160
good	morning	will	0.0160
good	morning	at	0.0160
good	night	everyone	0.1200
good	night	all	0.1000
good	night	sleep	0.0800
good	night	sweet	0.0600
good	night	dreams	0.0500
good	night	see	0.0400
good	night	take	0.0300
good	night	morning	0.0288
good	night	afternoon	0.0216
good	night	evening	0.0216
good	night	night	0.0216
good	night	rest	0.0200
good	night	well	0.0200
good	night	is	0.0180
good	to	see	0.2000
good	to	hear	0.1500
good	to	know	0.1200
good	to	go	0.0800
good	to	have	0.0600
good	to	be	0.0500
good	to	talk	0.0400
good	to	the	0.0400
good	to	meet	0.0300
good	to	work	0.0200
good	to	help	0.0200
good	to	share	0.0200
good	to	connect	0.0200
good	to	collaborate	0.0200
good	to	catch	0.0200
good	to	check	0.0200
good	to	a	0.0200
grade	assignment	school	0.0234
grade	assignment	class	0.0222
grade	assignment	homework	0.0209
grade	assignment	exam	0.0197
grade	assignment	study	0.0184
grade	assignment	teacher	0.0172
grade	assignment	student	0.0159
grade	class	school	0.0426
grade	class	class	0.0403
grade	class	homework	0.0381
grade	class	exam	0.0358
grade	class	study	0.0335
grade	class	teacher	0.0312
grade	class	student	0.0290
grade	class	course	0.0267
grade	course	school	0.0282
grade	course	class	0.0267
grade	course	homework	0.0252
grade	course	exam	0.0237
grade	course	study	0.0222
grade	course	teacher	0.0207
grade	course	student	0.0192
grade	course	course	0.0177
grade	exam	school	0.0378
grade	exam	class	0.0358
grade	exam	homework	0.0338
grade	exam	exam	0.0318
grade	exam	study	0.0297
grade	exam	teacher	0.0277
grade	exam	student	0.0257
grade	exam	course	0.0237
grade	homework	school	0.0402
grade	homework	class	0.0381
grade	homework	homework	0.0359
grade	homework	exam	0.0338
grade	homework	study	0.0316
grade	homework	teacher	0.0295
grade	homework	student	0.0273
grade	homework	course	0.0252
grade	lecture	school	0.0258
grade	lecture	class	0.0244
grade	lecture	homework	0.0230
grade	lecture	exam	0.0217
grade	lecture	study	0.0203
grade	lecture	teacher	0.0189
grade	lecture	student	0.0175
grade	lecture	course	0.0162
grade	school	school	0.0450
grade	school	class	0.0426
grade	school	homework	0.0402
grade	school	exam	0.0378
grade	school	study	0.0354
grade	school	teacher	0.0330
grade	school	student	0.0306
grade	school	course	0.0282
grade	student	school	0.0306
grade	student	class	0.0290
grade	student	homework	0.0273
grade	student	exam	0.0257
grade	student	study	0.0241
grade	student	teacher	0.0224
grade	student	student	0.0208
grade	student	course	0.0192
grade	study	school	0.0354
grade	study	class	0.0335
grade	study	homework	0.0316
grade	study	exam	0.0297
grade	study	study	0.0278
grade	study	teacher	0.0260
grade	study	student	0.0241
grade	study	course	0.0222
grade	teacher	school	0.0330
grade	teacher	class	0.0312
grade	teacher	homework	0.0295
grade	teacher	exam	0.0277
grade	teacher	study	0.0260
grade	teacher	teacher	0.0242
grade	teacher	student	0.0224
grade	teacher	course	0.0207
grandma	baby	mom	0.0234
grandma	baby	dad	0.0222
grandma	baby	sister	0.0209
grandma	baby	brother	0.0197
grandma	baby	son	0.0184
grandma	baby	daughter	0.0172
grandma	baby	family	0.0159
grandma	brother	mom	0.0378
grandma	brother	dad	0.0358
grandma	brother	sister	0.0338
grandma	brother	brother	0.0318
grandma	brother	son	0.0297
grandma	brother	daughter	0.0277
grandma	brother	family	0.0257
grandma	brother	kids	0.0237
grandma	dad	mom	0.0426
grandma	dad	dad	0.0403
grandma	dad	sister	0.0381
grandma	dad	brother	0.0358
grandma	dad	son	0.0335
grandma	dad	daughter	0.0312
grandma	dad	family	0.0290
grandma	dad	kids	0.0267
grandma	daughter	mom	0.0330
grandma	daughter	dad	0.0312
grandma	daughter	sister	0.0295
grandma	daughter	brother	0.0277
grandma	daughter	son	0.0260
grandma	daughter	daughter	0.0242
grandma	daughter	family	0.0224
grandma	daughter	kids	0.0207
grandma	family	mom	0.0306
grandma	family	dad	0.0290
grandma	family	sister	0.0273
grandma	family	brother	0.0257
grandma	family	son	0.0241
grandma	family	daughter	0.0224
grandma	family	family	0.0208
grandma	family	kids	0.0192
grandma	kids	mom	0.0282
grandma	kids	dad	0.0267
grandma	kids	sister	0.0252
grandma	kids	brother	0.0237
grandma	kids	son	0.0222
grandma	kids	daughter	0.0207
grandma	kids	family	0.0192
grandma	kids	kids	0.0177
grandma	mom	mom	0.0450
grandma	mom	dad	0.0426
grandma	mom	sister	0.0402
grandma	mom	brother	0.0378
grandma	mom	son	0.0354
grandma	mom	daughter	0.0330
grandma	mom	family	0.0306
grandma	mom	kids	0.0282
grandma	parents	mom	0.0258
grandma	parents	dad	0.0244
grandma	parents	sister	0.0230
grandma	parents	brother	0.0217
grandma	parents	son	0.0203
grandma	parents	daughter	0.0189
grandma	parents	family	0.0175
grandma	parents	kids	0.0162
grandma	sister	mom	0.0402
grandma	sister	dad	0.0381
grandma	sister	sister	0.0359
grandma	sister	brother	0.0338
grandma	sister	son	0.0316
grandma	sister	daughter	0.0295
grandma	sister	family	0.0273
grandma	sister	kids	0.0252
grandma	son	mom	0.0354
grandma	son	dad	0.0335
grandma	son	sister	0.0316
grandma	son	brother	0.0297
grandma	son	son	0.0278
grandma	son	daughter	0.0260
grandma	son	family	0.0241
grandma	son	kids	0.0222
grandpa	baby	mom	0.0234
grandpa	baby	dad	0.0222
grandpa	baby	sister	0.0209
grandpa	baby	brother	0.0197
grandpa	baby	son	0.0184
grandpa	baby	daughter	0.0172
grandpa	baby	family	0.0159
grandpa	brother	mom	0.0378
grandpa	brother	dad	0.0358
grandpa	brother	sister	0.0338
grandpa	brother	brother	0.0318
grandpa	brother	son	0.0297
grandpa	brother	daughter	0.0277
grandpa	brother	family	0.0257
grandpa	brother	kids	0.0237
grandpa	dad	mom	0.0426
grandpa	dad	dad	0.0403
grandpa	dad	sister	0.0381
grandpa	dad	brother	0.0358
grandpa	dad	son	0.0335
grandpa	dad	daughter	0.0312
grandpa	dad	family	0.0290
grandpa	dad	kids	0.0267
grandpa	daughter	mom	0.0330
grandpa	daughter	dad	0.0312
grandpa	daughter	sister	0.0295
grandpa	daughter	brother	0.0277
grandpa	daughter	son	0.0260
grandpa	daughter	daughter	0.0242
grandpa	daughter	family	0.0224
grandpa	daughter	kids	0.0207
grandpa	family	mom	0.0306
grandpa	family	dad	0.0290
grandpa	family	sister	0.0273
grandpa	family	brother	0.0257
grandpa	family	son	0.0241
grandpa	family	daughter	0.0224
grandpa	family	family	0.0208
grandpa	family	kids	0.0192
grandpa	kids	mom	0.0282
grandpa	kids	dad	0.0267
grandpa	kids	sister	0.0252
grandpa	kids	brother	0.0237
grandpa	kids	son	0.0222
grandpa	kids	daughter	0.0207
grandpa	kids	family	0.0192
grandpa	kids	kids	0.0177
grandpa	mom	mom	0.0450
grandpa	mom	dad	0.0426
grandpa	mom	sister	0.0402
grandpa	mom	brother	0.0378
grandpa	mom	son	0.0354
grandpa	mom	daughter	0.0330
grandpa	mom	family	0.0306
grandpa	mom	kids	0.0282
grandpa	parents	mom	0.0258
grandpa	parents	dad	0.0244
grandpa	parents	sister	0.0230
grandpa	parents	brother	0.0217
grandpa	parents	son	0.0203
grandpa	parents	daughter	0.0189
grandpa	parents	family	0.0175
grandpa	parents	kids	0.0162
grandpa	sister	mom	0.0402
grandpa	sister	dad	0.0381
grandpa	sister	sister	0.0359
grandpa	sister	brother	0.0338
grandpa	sister	son	0.0316
grandpa	sister	daughter	0.0295
grandpa	sister	family	0.0273
grandpa	sister	kids	0.0252
grandpa	son	mom	0.0354
grandpa	son	dad	0.0335
grandpa	son	sister	0.0316
grandpa	son	brother	0.0297
grandpa	son	son	0.0278
grandpa	son	daughter	0.0260
grandpa	son	family	0.0241
grandpa	son	kids	0.0222
great	work	on	0.0240
group	chat	friend	0.0330
group	chat	party	0.0312
group	chat	event	0.0295
group	chat	invite	0.0277
group	chat	message	0.0260
group	chat	chat	0.0242
group	chat	post	0.0224
group	chat	share	0.0207
group	comment	friend	0.0234
group	comment	party	0.0222
group	comment	event	0.0209
group	comment	invite	0.0197
group	comment	message	0.0184
group	comment	chat	0.0172
group	comment	post	0.0159
group	event	friend	0.0402
group	event	party	0.0381
group	event	event	0.0359
group	event	invite	0.0338
group	event	message	0.0316
group	event	chat	0.0295
group	event	post	0.0273
group	event	share	0.0252
group	friend	friend	0.0450
group	friend	party	0.0426
group	friend	event	0.0402
group	friend	invite	0.0378
group	friend	message	0.0354
group	friend	chat	0.0330
group	friend	post	0.0306
group	friend	share	0.0282
group	invite	friend	0.0378
group	invite	party	0.0358
group	invite	event	0.0338
group	invite	invite	0.0318
group	invite	message	0.0297
group	invite	chat	0.0277
group	invite	post	0.0257
group	invite	share	0.0237
group	like	friend	0.0258
group	like	party	0.0244
group	like	event	0.0230
group	like	invite	0.0217
group	like	message	0.0203
group	like	chat	0.0189
group	like	post	0.0175
group	like	share	0.0162
group	message	friend	0.0354
group	message	party	0.0335
group	message	event	0.0316
group	message	invite	0.0297
group	message	message	0.0278
group	message	chat	0.0260
group	message	post	0.0241
group	message	share	0.0222
group	party	friend	0.0426
group	party	party	0.0403
group	party	event	0.0381
group	party	invite	0.0358
group	party	message	0.0335
group	party	chat	0.0312
group	party	post	0.0290
group	party	share	0.0267
group	post	friend	0.0306
group	post	party	0.0290
group	post	event	0.0273
group	post	invite	0.0257
group	post	message	0.0241
group	post	chat	0.0224
group	post	post	0.0208
group	post	share	0.0192
group	share	friend	0.0282
group	share	party	0.0267
group	share	event	0.0252
group	share	invite	0.0237
group	share	message	0.0222
group	share	chat	0.0207
group	share	post	0.0192
group	share	share	0.0177
gym	football	game	0.0234
gym	football	team	0.0222
gym	football	score	0.0209
gym	football	match	0.0197
gym	football	player	0.0184
gym	football	win	0.0172
gym	football	lose	0.0159
gym	game	game	0.0450
gym	game	team	0.0426
gym	game	score	0.0402
gym	game	match	0.0378
gym	game	player	0.0354
gym	game	win	0.0330
gym	game	lose	0.0306
gym	game	goal	0.0282
gym	match	game	0.0378
gym	match	team	0.0358
gym	match	score	0.0338
gym	match	match	0.0318
gym	match	player	0.0297
gym	match	win	0.0277
gym	match	lose	0.0257
gym	match	goal	0.0237
gym	player	game	0.0354
gym	player	team	0.0335
gym	player	score	0.0316
gym	player	match	0.0297
gym	player	player	0.0278
gym	player	win	0.0260
gym	player	lose	0.0241
gym	player	goal	0.0222
gym	score	game	0.0402
gym	score	team	0.0381
gym	score	score	0.0359
gym	score	match	0.0338
gym	score	player	0.0316
gym	score	win	0.0295
gym	score	lose	0.0273
gym	score	goal	0.0252
gym	team	game	0.0426
gym	team	team	0.0403
gym	team	score	0.0381
gym	team	match	0.0358
gym	team	player	0.0335
gym	team	win	0.0312
gym	team	lose	0.0290
gym	team	goal	0.0267
gym	win	game	0.0330
gym	win	team	0.0312
gym	win	score	0.0295
gym	win	match	0.0277
gym	win	player	0.0260
gym	win	win	0.0242
gym	win	lose	0.0224
gym	win	goal	0.0207
had	a	lot	0.0360
had	a	good	0.0216
had	a	little	0.0180
had	a	few	0.0180
had	to	the	0.0480
had	to	a	0.0240
had	to	be	0.0192
happy	birthday	to	0.4000
happy	birthday	hope	0.1200
happy	birthday	wish	0.0800
happy	birthday	have	0.0600
happy	birthday	enjoy	0.0400
happy	birthday	celebrate	0.0300
happy	birthday	party	0.0200
happy	birthday	cake	0.0200
happy	for	the	0.0288
happy	for	a	0.0160
happy	this	is	0.0180
happy	to	the	0.0600
happy	to	a	0.0300
happy	to	be	0.0240
happy	to	do	0.0180
happy	to	get	0.0150
happy	you	are	0.0240
happy	you	can	0.0168
has	a	lot	0.0240
has	to	the	0.0200
have	a	good	0.2000
have	a	great	0.1500
have	a	nice	0.1200
have	a	wonderful	0.0600
have	a	safe	0.0500
have	a	fun	0.0500
have	a	look	0.0400
have	a	question	0.0300
have	a	lot	0.0280
have	a	meeting	0.0200
have	a	call	0.0200
have	a	day	0.0200
have	a	weekend	0.0200
have	a	trip	0.0200
have	a	break	0.0200
have	a	rest	0.0200
have	to	the	0.0640
have	to	a	0.0320
have	to	be	0.0256
have	to	do	0.0192
have	to	get	0.0160
have	you	seen	0.1500
have	you	heard	0.1200
have	you	tried	0.0800
have	you	been	0.0600
have	you	done	0.0600
have	you	are	0.0480
have	you	got	0.0400
have	you	can	0.0336
have	you	met	0.0300
have	you	called	0.0300
have	you	will	0.0240
have	you	checked	0.0200
have	you	asked	0.0200
have	you	told	0.0200
have	you	received	0.0200
have	you	sent	0.0200
have	you	paid	0.0200
have	you	ordered	0.0200
have	you	know	0.0192
have	you	have	0.0192
he	can	you	0.0360
he	can	i	0.0180
he	could	you	0.0160
he	had	a	0.0180
he	has	been	0.0500
he	has	a	0.0240
he	has	the	0.0200
he	is	it	0.0660
he	is	this	0.0528
he	is	there	0.0440
he	is	the	0.0352
he	is	a	0.0264
he	is	not	0.0264
he	is	that	0.0220
he	is	he	0.0176
he	was	the	0.0450
he	was	a	0.0360
he	was	not	0.0240
he	was	so	0.0150
he	will	be	0.0288
he	will	you	0.0160
headache	diet	doctor	0.0234
headache	diet	hospital	0.0222
headache	diet	medicine	0.0209
headache	diet	pain	0.0197
headache	diet	sick	0.0184
headache	diet	fever	0.0172
headache	diet	headache	0.0159
headache	doctor	doctor	0.0450
headache	doctor	hospital	0.0426
headache	doctor	medicine	0.0402
headache	doctor	pain	0.0378
headache	doctor	sick	0.0354
headache	doctor	fever	0.0330
headache	doctor	headache	0.0306
headache	doctor	exercise	0.0282
headache	exercise	doctor	0.0282
headache	exercise	hospital	0.0267
headache	exercise	medicine	0.0252
headache	exercise	pain	0.0237
headache	exercise	sick	0.0222
headache	exercise	fever	0.0207
headache	exercise	headache	0.0192
headache	exercise	exercise	0.0177
headache	fever	doctor	0.0330
headache	fever	hospital	0.0312
headache	fever	medicine	0.0295
headache	fever	pain	0.0277
headache	fever	sick	0.0260
headache	fever	fever	0.0242
headache	fever	headache	0.0224
headache	fever	exercise	0.0207
headache	headache	doctor	0.0306
headache	headache	hospital	0.0290
headache	headache	medicine	0.0273
headache	headache	pain	0.0257
headache	headache	sick	0.0241
headache	headache	fever	0.0224
headache	headache	headache	0.0208
headache	headache	exercise	0.0192
headache	hospital	doctor	0.0426
headache	hospital	hospital	0.0403
headache	hospital	medicine	0.0381
headache	hospital	pain	0.0358
headache	hospital	sick	0.0335
headache	hospital	fever	0.0312
headache	hospital	headache	0.0290
headache	hospital	exercise	0.0267
headache	medicine	doctor	0.0402
headache	medicine	hospital	0.0381
headache	medicine	medicine	0.0359
headache	medicine	pain	0.0338
headache	medicine	sick	0.0316
headache	medicine	fever	0.0295
headache	medicine	headache	0.0273
headache	medicine	exercise	0.0252
headache	pain	doctor	0.0378
headache	pain	hospital	0.0358
headache	pain	medicine	0.0338
headache	pain	pain	0.0318
headache	pain	sick	0.0297
headache	pain	fever	0.0277
headache	pain	headache	0.0257
headache	pain	exercise	0.0237
headache	sick	doctor	0.0354
headache	sick	hospital	0.0335
headache	sick	medicine	0.0316
headache	sick	pain	0.0297
headache	sick	sick	0.0278
headache	sick	fever	0.0260
headache	sick	headache	0.0241
headache	sick	exercise	0.0222
headache	sleep	doctor	0.0258
headache	sleep	hospital	0.0244
headache	sleep	medicine	0.0230
headache	sleep	pain	0.0217
headache	sleep	sick	0.0203
headache	sleep	fever	0.0189
headache	sleep	headache	0.0175
headache	sleep	exercise	0.0162
hello	how	are	0.0600
hello	how	do	0.0240
hello	how	is	0.0200
hello	how	about	0.0160
hello	team	game	0.0150
hello	there	is	0.1200
hello	there	are	0.1000
hello	there	was	0.0480
hello	there	were	0.0400
hello	there	will	0.0200
help	me	with	0.2000
help	me	find	0.1200
help	me	understand	0.0800
help	me	decide	0.0600
help	me	out	0.0500
help	me	please	0.0400
help	me	here	0.0200
help	me	now	0.0200
help	me	later	0.0200
help	me	again	0.0200
help	this	is	0.0180
help	with	the	0.0256
help	you	are	0.0600
help	you	can	0.0420
help	you	will	0.0300
help	you	know	0.0240
help	you	have	0.0240
help	you	should	0.0180
help	you	need	0.0150
help	you	want	0.0150
hey	are	you	0.0450
hey	how	are	0.0720
hey	how	do	0.0288
hey	how	is	0.0240
hey	how	about	0.0192
hey	there	is	0.1200
hey	there	are	0.1000
hey	there	was	0.0480
hey	there	were	0.0400
hey	there	will	0.0200
hey	what	is	0.0320
hey	what	are	0.0240
hey	what	do	0.0192
hey	you	are	0.0200
hi	how	are	0.0600
hi	how	do	0.0240
hi	how	is	0.0200
hi	how	about	0.0160
hi	team	game	0.0150
hi	there	is	0.1500
hi	there	are	0.1250
hi	there	was	0.0600
hi	there	were	0.0500
hi	there	will	0.0250
hi	there	might	0.0150
hi	there	could	0.0150
home	baby	mom	0.0234
home	baby	dad	0.0222
home	baby	sister	0.0209
home	baby	brother	0.0197
home	baby	son	0.0184
home	baby	daughter	0.0172
home	baby	family	0.0159
home	brother	mom	0.0378
home	brother	dad	0.0358
home	brother	sister	0.0338
home	brother	brother	0.0318
home	brother	son	0.0297
home	brother	daughter	0.0277
home	brother	family	0.0257
home	brother	kids	0.0237
home	dad	mom	0.0426
home	dad	dad	0.0403
home	dad	sister	0.0381
home	dad	brother	0.0358
home	dad	son	0.0335
home	dad	daughter	0.0312
home	dad	family	0.0290
home	dad	kids	0.0267
home	daughter	mom	0.0330
home	daughter	dad	0.0312
home	daughter	sister	0.0295
home	daughter	brother	0.0277
home	daughter	son	0.0260
home	daughter	daughter	0.0242
home	daughter	family	0.0224
home	daughter	kids	0.0207
home	family	mom	0.0306
home	family	dad	0.0290
home	family	sister	0.0273
home	family	brother	0.0257
home	family	son	0.0241
home	family	daughter	0.0224
home	family	family	0.0208
home	family	kids	0.0192
home	kids	mom	0.0282
home	kids	dad	0.0267
home	kids	sister	0.0252
home	kids	brother	0.0237
home	kids	son	0.0222
home	kids	daughter	0.0207
home	kids	family	0.0192
home	kids	kids	0.0177
home	mom	mom	0.0450
home	mom	dad	0.0426
home	mom	sister	0.0402
home	mom	brother	0.0378
home	mom	son	0.0354
home	mom	daughter	0.0330
home	mom	family	0.0306
home	mom	kids	0.0282
home	parents	mom	0.0258
home	parents	dad	0.0244
home	parents	sister	0.0230
home	parents	brother	0.0217
home	parents	son	0.0203
home	parents	daughter	0.0189
home	parents	family	0.0175
home	parents	kids	0.0162
home	sister	mom	0.0402
home	sister	dad	0.0381
home	sister	sister	0.0359
home	sister	brother	0.0338
home	sister	son	0.0316
home	sister	daughter	0.0295
home	sister	family	0.0273
home	sister	kids	0.0252
home	son	mom	0.0354
home	son	dad	0.0335
home	son	sister	0.0316
home	son	brother	0.0297
home	son	son	0.0278
home	son	daughter	0.0260
home	son	family	0.0241
home	son	kids	0.0222
homework	assignment	school	0.0234
homework	assignment	class	0.0222
homework	assignment	homework	0.0209
homework	assignment	exam	0.0197
homework	assignment	study	0.0184
homework	assignment	teacher	0.0172
homework	assignment	student	0.0159
homework	class	school	0.0426
homework	class	class	0.0403
homework	class	homework	0.0381
homework	class	exam	0.0358
homework	class	study	0.0335
homework	class	teacher	0.0312
homework	class	student	0.0290
homework	class	course	0.0267
homework	course	school	0.0282
homework	course	class	0.0267
homework	course	homework	0.0252
homework	course	exam	0.0237
homework	course	study	0.0222
homework	course	teacher	0.0207
homework	course	student	0.0192
homework	course	course	0.0177
homework	exam	school	0.0378
homework	exam	class	0.0358
homework	exam	homework	0.0338
homework	exam	exam	0.0318
homework	exam	study	0.0297
homework	exam	teacher	0.0277
homework	exam	student	0.0257
homework	exam	course	0.0237
homework	homework	school	0.0402
homework	homework	class	0.0381
homework	homework	homework	0.0359
homework	homework	exam	0.0338
homework	homework	study	0.0316
homework	homework	teacher	0.0295
homework	homework	student	0.0273
homework	homework	course	0.0252
homework	lecture	school	0.0258
homework	lecture	class	0.0244
homework	lecture	homework	0.0230
homework	lecture	exam	0.0217
homework	lecture	study	0.0203
homework	lecture	teacher	0.0189
homework	lecture	student	0.0175
homework	lecture	course	0.0162
homework	school	school	0.0450
homework	school	class	0.0426
homework	school	homework	0.0402
homework	school	exam	0.0378
homework	school	study	0.0354
homework	school	teacher	0.0330
homework	school	student	0.0306
homework	school	course	0.0282
homework	student	school	0.0306
homework	student	class	0.0290
homework	student	homework	0.0273
homework	student	exam	0.0257
homework	student	study	0.0241
homework	student	teacher	0.0224
homework	student	student	0.0208
homework	student	course	0.0192
homework	study	school	0.0354
homework	study	class	0.0335
homework	study	homework	0.0316
homework	study	exam	0.0297
homework	study	study	0.0278
homework	study	teacher	0.0260
homework	study	student	0.0241
homework	study	course	0.0222
homework	teacher	school	0.0330
homework	teacher	class	0.0312
homework	teacher	homework	0.0295
homework	teacher	exam	0.0277
homework	teacher	study	0.0260
homework	teacher	teacher	0.0242
homework	teacher	student	0.0224
homework	teacher	course	0.0207
hope	it	is	0.0200
hope	this	is	0.0300
hope	to	the	0.0400
hope	to	a	0.0200
hope	to	be	0.0160
hope	you	are	0.3000
hope	you	have	0.2000
hope	you	feel	0.0800
hope	you	enjoy	0.0600
hope	you	like	0.0400
hope	you	get	0.0400
hope	you	had	0.0300
hope	you	know	0.0288
hope	you	should	0.0216
hope	you	were	0.0200
hope	you	will	0.0200
hope	you	can	0.0200
hope	you	understand	0.0200
hope	you	forgive	0.0200
hope	you	accept	0.0200
hope	you	approve	0.0200
hope	you	consider	0.0200
hope	you	need	0.0180
hope	you	want	0.0180
hospital	diet	doctor	0.0234
hospital	diet	hospital	0.0222
hospital	diet	medicine	0.0209
hospital	diet	pain	0.0197
hospital	diet	sick	0.0184
hospital	diet	fever	0.0172
hospital	diet	headache	0.0159
hospital	doctor	doctor	0.0450
hospital	doctor	hospital	0.0426
hospital	doctor	medicine	0.0402
hospital	doctor	pain	0.0378
hospital	doctor	sick	0.0354
hospital	doctor	fever	0.0330
hospital	doctor	headache	0.0306
hospital	doctor	exercise	0.0282
hospital	exercise	doctor	0.0282
hospital	exercise	hospital	0.0267
hospital	exercise	medicine	0.0252
hospital	exercise	pain	0.0237
hospital	exercise	sick	0.0222
hospital	exercise	fever	0.0207
hospital	exercise	headache	0.0192
hospital	exercise	exercise	0.0177
hospital	fever	doctor	0.0330
hospital	fever	hospital	0.0312
hospital	fever	medicine	0.0295
hospital	fever	pain	0.0277
hospital	fever	sick	0.0260
hospital	fever	fever	0.0242
hospital	fever	headache	0.0224
hospital	fever	exercise	0.0207
hospital	headache	doctor	0.0306
hospital	headache	hospital	0.0290
hospital	headache	medicine	0.0273
hospital	headache	pain	0.0257
hospital	headache	sick	0.0241
hospital	headache	fever	0.0224
hospital	headache	headache	0.0208
hospital	headache	exercise	0.0192
hospital	hospital	doctor	0.0426
hospital	hospital	hospital	0.0403
hospital	hospital	medicine	0.0381
hospital	hospital	pain	0.0358
hospital	hospital	sick	0.0335
hospital	hospital	fever	0.0312
hospital	hospital	headache	0.0290
hospital	hospital	exercise	0.0267
hospital	medicine	doctor	0.0402
hospital	medicine	hospital	0.0381
hospital	medicine	medicine	0.0359
hospital	medicine	pain	0.0338
hospital	medicine	sick	0.0316
hospital	medicine	fever	0.0295
hospital	medicine	headache	0.0273
hospital	medicine	exercise	0.0252
hospital	pain	doctor	0.0378
hospital	pain	hospital	0.0358
hospital	pain	medicine	0.0338
hospital	pain	pain	0.0318
hospital	pain	sick	0.0297
hospital	pain	fever	0.0277
hospital	pain	headache	0.0257
hospital	pain	exercise	0.0237
hospital	sick	doctor	0.0354
hospital	sick	hospital	0.0335
hospital	sick	medicine	0.0316
hospital	sick	pain	0.0297
hospital	sick	sick	0.0278
hospital	sick	fever	0.0260
hospital	sick	headache	0.0241
hospital	sick	exercise	0.0222
hospital	sleep	doctor	0.0258
hospital	sleep	hospital	0.0244
hospital	sleep	medicine	0.0230
hospital	sleep	pain	0.0217
hospital	sleep	sick	0.0203
hospital	sleep	fever	0.0189
hospital	sleep	headache	0.0175
hospital	sleep	exercise	0.0162
hot	cloudy	rain	0.0282
hot	cloudy	sunny	0.0267
hot	cloudy	cold	0.0252
hot	cloudy	hot	0.0237
hot	cloudy	snow	0.0222
hot	cloudy	storm	0.0207
hot	cloudy	wind	0.0192
hot	cloudy	cloudy	0.0177
hot	cold	rain	0.0402
hot	cold	sunny	0.0381
hot	cold	cold	0.0359
hot	cold	hot	0.0338
hot	cold	snow	0.0316
hot	cold	storm	0.0295
hot	cold	wind	0.0273
hot	cold	cloudy	0.0252
hot	forecast	rain	0.0234
hot	forecast	sunny	0.0222
hot	forecast	cold	0.0209
hot	forecast	hot	0.0197
hot	forecast	snow	0.0184
hot	forecast	storm	0.0172
hot	forecast	wind	0.0159
hot	hot	rain	0.0378
hot	hot	sunny	0.0358
hot	hot	cold	0.0338
hot	hot	hot	0.0318
hot	hot	snow	0.0297
hot	hot	storm	0.0277
hot	hot	wind	0.0257
hot	hot	cloudy	0.0237
hot	rain	rain	0.0450
hot	rain	sunny	0.0426
hot	rain	cold	0.0402
hot	rain	hot	0.0378
hot	rain	snow	0.0354
hot	rain	storm	0.0330
hot	rain	wind	0.0306
hot	rain	cloudy	0.0282
hot	snow	rain	0.0354
hot	snow	sunny	0.0335
hot	snow	cold	0.0316
hot	snow	hot	0.0297
hot	snow	snow	0.0278
hot	snow	storm	0.0260
hot	snow	wind	0.0241
hot	snow	cloudy	0.0222
hot	storm	rain	0.0330
hot	storm	sunny	0.0312
hot	storm	cold	0.0295
hot	storm	hot	0.0277
hot	storm	snow	0.0260
hot	storm	storm	0.0242
hot	storm	wind	0.0224
hot	storm	cloudy	0.0207
hot	sunny	rain	0.0426
hot	sunny	sunny	0.0403
hot	sunny	cold	0.0381
hot	sunny	hot	0.0358
hot	sunny	snow	0.0335
hot	sunny	storm	0.0312
hot	sunny	wind	0.0290
hot	sunny	cloudy	0.0267
hot	temperature	rain	0.0258
hot	temperature	sunny	0.0244
hot	temperature	cold	0.0230
hot	temperature	hot	0.0217
hot	temperature	snow	0.0203
hot	temperature	storm	0.0189
hot	temperature	wind	0.0175
hot	temperature	cloudy	0.0162
hot	wind	rain	0.0306
hot	wind	sunny	0.0290
hot	wind	cold	0.0273
hot	wind	hot	0.0257
hot	wind	snow	0.0241
hot	wind	storm	0.0224
hot	wind	wind	0.0208
hot	wind	cloudy	0.0192
hotel	airport	flight	0.0330
hotel	airport	hotel	0.0312
hotel	airport	trip	0.0295
hotel	airport	vacation	0.0277
hotel	airport	beach	0.0260
hotel	airport	airport	0.0242
hotel	airport	booking	0.0224
hotel	airport	passport	0.0207
hotel	beach	flight	0.0354
hotel	beach	hotel	0.0335
hotel	beach	trip	0.0316
hotel	beach	vacation	0.0297
hotel	beach	beach	0.0278
hotel	beach	airport	0.0260
hotel	beach	booking	0.0241
hotel	beach	passport	0.0222
hotel	booking	flight	0.0306
hotel	booking	hotel	0.0290
hotel	booking	trip	0.0273
hotel	booking	vacation	0.0257
hotel	booking	beach	0.0241
hotel	booking	airport	0.0224
hotel	booking	booking	0.0208
hotel	booking	passport	0.0192
hotel	destination	flight	0.0234
hotel	destination	hotel	0.0222
hotel	destination	trip	0.0209
hotel	destination	vacation	0.0197
hotel	destination	beach	0.0184
hotel	destination	airport	0.0172
hotel	destination	booking	0.0159
hotel	flight	flight	0.0450
hotel	flight	hotel	0.0426
hotel	flight	trip	0.0402
hotel	flight	vacation	0.0378
hotel	flight	beach	0.0354
hotel	flight	airport	0.0330
hotel	flight	booking	0.0306
hotel	flight	passport	0.0282
hotel	hotel	flight	0.0426
hotel	hotel	hotel	0.0403
hotel	hotel	trip	0.0381
hotel	hotel	vacation	0.0358
hotel	hotel	beach	0.0335
hotel	hotel	airport	0.0312
hotel	hotel	booking	0.0290
hotel	hotel	passport	0.0267
hotel	luggage	flight	0.0258
hotel	luggage	hotel	0.0244
hotel	luggage	trip	0.0230
hotel	luggage	vacation	0.0217
hotel	luggage	beach	0.0203
hotel	luggage	airport	0.0189
hotel	luggage	booking	0.0175
hotel	luggage	passport	0.0162
hotel	passport	flight	0.0282
hotel	passport	hotel	0.0267
hotel	passport	trip	0.0252
hotel	passport	vacation	0.0237
hotel	passport	beach	0.0222
hotel	passport	airport	0.0207
hotel	passport	booking	0.0192
hotel	passport	passport	0.0177
hotel	trip	flight	0.0402
hotel	trip	hotel	0.0381
hotel	trip	trip	0.0359
hotel	trip	vacation	0.0338
hotel	trip	beach	0.0316
hotel	trip	airport	0.0295
hotel	trip	booking	0.0273
hotel	trip	passport	0.0252
hotel	vacation	flight	0.0378
hotel	vacation	hotel	0.0358
hotel	vacation	trip	0.0338
hotel	vacation	vacation	0.0318
hotel	vacation	beach	0.0297
hotel	vacation	airport	0.0277
hotel	vacation	booking	0.0257
hotel	vacation	passport	0.0237
hour	at	the	0.0176
hour	in	the	0.0180
hour	is	it	0.0150
hour	on	the	0.0168
house	apartment	house	0.0426
house	apartment	apartment	0.0403
house	apartment	room	0.0381
house	apartment	kitchen	0.0358
house	apartment	bedroom	0.0335
house	apartment	bathroom	0.0312
house	apartment	clean	0.0290
house	apartment	repair	0.0267
house	bedroom	house	0.0354
house	bedroom	apartment	0.0335
house	bedroom	room	0.0316
house	bedroom	kitchen	0.0297
house	bedroom	bedroom	0.0278
house	bedroom	bathroom	0.0260
house	bedroom	clean	0.0241
house	bedroom	repair	0.0222
house	clean	house	0.0306
house	clean	apartment	0.0290
house	clean	room	0.0273
house	clean	kitchen	0.0257
house	clean	bedroom	0.0241
house	clean	bathroom	0.0224
house	clean	clean	0.0208
house	clean	repair	0.0192
house	furniture	house	0.0258
house	furniture	apartment	0.0244
house	furniture	room	0.0230
house	furniture	kitchen	0.0217
house	furniture	bedroom	0.0203
house	furniture	bathroom	0.0189
house	furniture	clean	0.0175
house	furniture	repair	0.0162
house	house	house	0.0450
house	house	apartment	0.0426
house	house	room	0.0402
house	house	kitchen	0.0378
house	house	bedroom	0.0354
house	house	bathroom	0.0330
house	house	clean	0.0306
house	house	repair	0.0282
house	kitchen	house	0.0378
house	kitchen	apartment	0.0358
house	kitchen	room	0.0338
house	kitchen	kitchen	0.0318
house	kitchen	bedroom	0.0297
house	kitchen	bathroom	0.0277
house	kitchen	clean	0.0257
house	kitchen	repair	0.0237
house	rent	house	0.0234
house	rent	apartment	0.0222
house	rent	room	0.0209
house	rent	kitchen	0.0197
house	rent	bedroom	0.0184
house	rent	bathroom	0.0172
house	rent	clean	0.0159
house	repair	house	0.0282
house	repair	apartment	0.0267
house	repair	room	0.0252
house	repair	kitchen	0.0237
house	repair	bedroom	0.0222
house	repair	bathroom	0.0207
house	repair	clean	0.0192
house	repair	repair	0.0177
house	room	house	0.0402
house	room	apartment	0.0381
house	room	room	0.0359
house	room	kitchen	0.0338
house	room	bedroom	0.0316
house	room	bathroom	0.0295
house	room	clean	0.0273
house	room	repair	0.0252
how	about	we	0.2000
how	about	you	0.1800
how	about	it	0.1500
how	about	that	0.1200
how	about	this	0.1000
how	about	tomorrow	0.0800
how	are	you	0.8000
how	are	we	0.0600
how	are	they	0.0500
how	are	things	0.0400
how	are	the	0.0300
how	are	there	0.0240
how	are	going	0.0240
how	are	not	0.0240
how	are	doing	0.0200
how	are	so	0.0180
how	can	i	0.3000
how	can	you	0.2500
how	can	we	0.1500
how	can	he	0.0500
how	can	she	0.0500
how	can	they	0.0400
how	did	it	0.3000
how	did	you	0.2500
how	did	that	0.1200
how	did	the	0.1000
how	did	everything	0.0800
how	did	we	0.0500
how	do	you	0.7000
how	do	we	0.0800
how	do	i	0.0600
how	do	they	0.0500
how	do	know	0.0300
how	do	not	0.0240
how	is	it	0.4000
how	is	everything	0.2000
how	is	your	0.1500
how	is	the	0.1000
how	is	work	0.0500
how	is	life	0.0400
how	is	this	0.0240
how	is	there	0.0200
how	long	will	0.2500
how	long	does	0.2000
how	long	is	0.1500
how	long	do	0.1200
how	long	are	0.0800
how	long	have	0.0600
how	many	are	0.3000
how	many	do	0.2000
how	many	people	0.1000
how	many	times	0.0800
how	many	hours	0.0600
how	many	days	0.0500
how	much	is	0.4000
how	much	does	0.2500
how	much	do	0.1500
how	much	will	0.1000
how	much	are	0.0500
how	much	was	0.0300
how	was	it	0.3500
how	was	your	0.2500
how	was	the	0.1500
how	was	everything	0.1000
how	was	work	0.0500
how	was	day	0.0400
humid	cloudy	rain	0.0282
humid	cloudy	sunny	0.0267
humid	cloudy	cold	0.0252
humid	cloudy	hot	0.0237
humid	cloudy	snow	0.0222
humid	cloudy	storm	0.0207
humid	cloudy	wind	0.0192
humid	cloudy	cloudy	0.0177
humid	cold	rain	0.0402
humid	cold	sunny	0.0381
humid	cold	cold	0.0359
humid	cold	hot	0.0338
humid	cold	snow	0.0316
humid	cold	storm	0.0295
humid	cold	wind	0.0273
humid	cold	cloudy	0.0252
humid	forecast	rain	0.0234
humid	forecast	sunny	0.0222
humid	forecast	cold	0.0209
humid	forecast	hot	0.0197
humid	forecast	snow	0.0184
humid	forecast	storm	0.0172
humid	forecast	wind	0.0159
humid	hot	rain	0.0378
humid	hot	sunny	0.0358
humid	hot	cold	0.0338
humid	hot	hot	0.0318
humid	hot	snow	0.0297
humid	hot	storm	0.0277
humid	hot	wind	0.0257
humid	hot	cloudy	0.0237
humid	rain	rain	0.0450
humid	rain	sunny	0.0426
humid	rain	cold	0.0402
humid	rain	hot	0.0378
humid	rain	snow	0.0354
humid	rain	storm	0.0330
humid	rain	wind	0.0306
humid	rain	cloudy	0.0282
humid	snow	rain	0.0354
humid	snow	sunny	0.0335
humid	snow	cold	0.0316
humid	snow	hot	0.0297
humid	snow	snow	0.0278
humid	snow	storm	0.0260
humid	snow	wind	0.0241
humid	snow	cloudy	0.0222
humid	storm	rain	0.0330
humid	storm	sunny	0.0312
humid	storm	cold	0.0295
humid	storm	hot	0.0277
humid	storm	snow	0.0260
humid	storm	storm	0.0242
humid	storm	wind	0.0224
humid	storm	cloudy	0.0207
humid	sunny	rain	0.0426
humid	sunny	sunny	0.0403
humid	sunny	cold	0.0381
humid	sunny	hot	0.0358
humid	sunny	snow	0.0335
humid	sunny	storm	0.0312
humid	sunny	wind	0.0290
humid	sunny	cloudy	0.0267
humid	temperature	rain	0.0258
humid	temperature	sunny	0.0244
humid	temperature	cold	0.0230
humid	temperature	hot	0.0217
humid	temperature	snow	0.0203
humid	temperature	storm	0.0189
humid	temperature	wind	0.0175
humid	temperature	cloudy	0.0162
humid	wind	rain	0.0306
humid	wind	sunny	0.0290
humid	wind	cold	0.0273
humid	wind	hot	0.0257
humid	wind	snow	0.0241
humid	wind	storm	0.0224
humid	wind	wind	0.0208
humid	wind	cloudy	0.0192
hungry	breakfast	eat	0.0306
hungry	breakfast	cook	0.0290
hungry	breakfast	order	0.0273
hungry	breakfast	restaurant	0.0257
hungry	breakfast	lunch	0.0241
hungry	breakfast	dinner	0.0224
hungry	breakfast	breakfast	0.0208
hungry	breakfast	coffee	0.0192
hungry	coffee	eat	0.0282
hungry	coffee	cook	0.0267
hungry	coffee	order	0.0252
hungry	coffee	restaurant	0.0237
hungry	coffee	lunch	0.0222
hungry	coffee	dinner	0.0207
hungry	coffee	breakfast	0.0192
hungry	coffee	coffee	0.0177
hungry	cook	eat	0.0426
hungry	cook	cook	0.0403
hungry	cook	order	0.0381
hungry	cook	restaurant	0.0358
hungry	cook	lunch	0.0335
hungry	cook	dinner	0.0312
hungry	cook	breakfast	0.0290
hungry	cook	coffee	0.0267
hungry	dinner	eat	0.0330
hungry	dinner	cook	0.0312
hungry	dinner	order	0.0295
hungry	dinner	restaurant	0.0277
hungry	dinner	lunch	0.0260
hungry	dinner	dinner	0.0242
hungry	dinner	breakfast	0.0224
hungry	dinner	coffee	0.0207
hungry	eat	eat	0.0450
hungry	eat	cook	0.0426
hungry	eat	order	0.0402
hungry	eat	restaurant	0.0378
hungry	eat	lunch	0.0354
hungry	eat	dinner	0.0330
hungry	eat	breakfast	0.0306
hungry	eat	coffee	0.0282
hungry	hungry	eat	0.0234
hungry	hungry	cook	0.0222
hungry	hungry	order	0.0209
hungry	hungry	restaurant	0.0197
hungry	hungry	lunch	0.0184
hungry	hungry	dinner	0.0172
hungry	hungry	breakfast	0.0159
hungry	lunch	eat	0.0354
hungry	lunch	cook	0.0335
hungry	lunch	order	0.0316
hungry	lunch	restaurant	0.0297
hungry	lunch	lunch	0.0278
hungry	lunch	dinner	0.0260
hungry	lunch	breakfast	0.0241
hungry	lunch	coffee	0.0222
hungry	order	eat	0.0402
hungry	order	cook	0.0381
hungry	order	order	0.0359
hungry	order	restaurant	0.0338
hungry	order	lunch	0.0316
hungry	order	dinner	0.0295
hungry	order	breakfast	0.0273
hungry	order	coffee	0.0252
hungry	pizza	eat	0.0258
hungry	pizza	cook	0.0244
hungry	pizza	order	0.0230
hungry	pizza	restaurant	0.0217
hungry	pizza	lunch	0.0203
hungry	pizza	dinner	0.0189
hungry	pizza	breakfast	0.0175
hungry	pizza	coffee	0.0162
hungry	restaurant	eat	0.0378
hungry	restaurant	cook	0.0358
hungry	restaurant	order	0.0338
hungry	restaurant	restaurant	0.0318
hungry	restaurant	lunch	0.0297
hungry	restaurant	dinner	0.0277
hungry	restaurant	breakfast	0.0257
hungry	restaurant	coffee	0.0237
husband	baby	mom	0.0234
husband	baby	dad	0.0222
husband	baby	sister	0.0209
husband	baby	brother	0.0197
husband	baby	son	0.0184
husband	baby	daughter	0.0172
husband	baby	family	0.0159
husband	brother	mom	0.0378
husband	brother	dad	0.0358
husband	brother	sister	0.0338
husband	brother	brother	0.0318
husband	brother	son	0.0297
husband	brother	daughter	0.0277
husband	brother	family	0.0257
husband	brother	kids	0.0237
husband	dad	mom	0.0426
husband	dad	dad	0.0403
husband	dad	sister	0.0381
husband	dad	brother	0.0358
husband	dad	son	0.0335
husband	dad	daughter	0.0312
husband	dad	family	0.0290
husband	dad	kids	0.0267
husband	daughter	mom	0.0330
husband	daughter	dad	0.0312
husband	daughter	sister	0.0295
husband	daughter	brother	0.0277
husband	daughter	son	0.0260
husband	daughter	daughter	0.0242
husband	daughter	family	0.0224
husband	daughter	kids	0.0207
husband	family	mom	0.0306
husband	family	dad	0.0290
husband	family	sister	0.0273
husband	family	brother	0.0257
husband	family	son	0.0241
husband	family	daughter	0.0224
husband	family	family	0.0208
husband	family	kids	0.0192
husband	kids	mom	0.0282
husband	kids	dad	0.0267
husband	kids	sister	0.0252
husband	kids	brother	0.0237
husband	kids	son	0.0222
husband	kids	daughter	0.0207
husband	kids	family	0.0192
husband	kids	kids	0.0177
husband	mom	mom	0.0450
husband	mom	dad	0.0426
husband	mom	sister	0.0402
husband	mom	brother	0.0378
husband	mom	son	0.0354
husband	mom	daughter	0.0330
husband	mom	family	0.0306
husband	mom	kids	0.0282
husband	parents	mom	0.0258
husband	parents	dad	0.0244
husband	parents	sister	0.0230
husband	parents	brother	0.0217
husband	parents	son	0.0203
husband	parents	daughter	0.0189
husband	parents	family	0.0175
husband	parents	kids	0.0162
husband	sister	mom	0.0402
husband	sister	dad	0.0381
husband	sister	sister	0.0359
husband	sister	brother	0.0338
husband	sister	son	0.0316
husband	sister	daughter	0.0295
husband	sister	family	0.0273
husband	sister	kids	0.0252
husband	son	mom	0.0354
husband	son	dad	0.0335
husband	son	sister	0.0316
husband	son	brother	0.0297
husband	son	son	0.0278
husband	son	daughter	0.0260
husband	son	family	0.0241
husband	son	kids	0.0222
i	am	going	0.2000
i	am	not	0.1500
i	am	so	0.1200
i	am	here	0.0800
i	am	fine	0.0600
i	am	good	0.0500
i	am	sorry	0.0500
i	am	glad	0.0400
i	am	happy	0.0400
i	am	sure	0.0300
i	am	ready	0.0300
i	am	busy	0.0200
i	am	tired	0.0200
i	am	excited	0.0200
i	am	working	0.0200
i	dont	know	0.2500
i	dont	think	0.1500
i	dont	want	0.1000
i	dont	need	0.0800
i	dont	care	0.0500
i	dont	mind	0.0400
i	dont	like	0.0300
i	dont	see	0.0200
i	dont	feel	0.0200
i	dont	believe	0.0200
i	dont	understand	0.0200
i	dont	expect	0.0200
i	dont	mean	0.0200
i	dont	say	0.0200
i	dont	remember	0.0200
i	have	to	0.2500
i	have	been	0.1800
i	have	a	0.1000
i	have	no	0.0600
i	have	the	0.0500
i	have	some	0.0400
i	have	an	0.0300
i	have	you	0.0288
i	have	questions	0.0200
i	have	plans	0.0200
i	have	work	0.0200
i	have	class	0.0200
i	have	meeting	0.0200
i	have	appointment	0.0200
i	have	idea	0.0200
i	have	problem	0.0200
i	hope	you	0.2500
i	hope	so	0.1200
i	hope	this	0.0800
i	hope	it	0.0600
i	hope	everything	0.0500
i	hope	all	0.0400
i	hope	we	0.0300
i	hope	they	0.0200
i	hope	he	0.0200
i	hope	she	0.0200
i	hope	things	0.0200
i	hope	everyone	0.0200
i	hope	your	0.0200
i	hope	the	0.0200
i	hope	works	0.0200
i	know	what	0.1200
i	know	that	0.1000
i	know	you	0.0800
i	know	it	0.0600
i	know	how	0.0500
i	know	if	0.0400
i	know	when	0.0300
i	know	where	0.0200
i	know	why	0.0200
i	know	who	0.0200
i	know	the	0.0200
i	know	this	0.0200
i	know	about	0.0200
i	know	for	0.0200
i	know	sure	0.0200
i	love	you	0.3000
i	love	it	0.1000
i	love	this	0.0800
i	love	that	0.0600
i	love	how	0.0400
i	love	your	0.0300
i	love	my	0.0200
i	love	food	0.0200
i	love	music	0.0200
i	love	movies	0.0200
i	love	sports	0.0200
i	love	travel	0.0200
i	love	work	0.0200
i	love	them	0.0200
i	love	everything	0.0200
i	need	to	0.7000
i	need	a	0.0800
i	need	help	0.0600
i	need	the	0.0400
i	need	you	0.0300
i	need	more	0.0200
i	need	food	0.0200
i	need	rest	0.0200
i	need	sleep	0.0200
i	need	time	0.0200
i	need	answer	0.0200
i	need	favor	0.0200
i	need	ride	0.0200
i	need	info	0.0200
i	need	update	0.0200
i	think	so	0.1500
i	think	it	0.1200
i	think	that	0.1000
i	think	this	0.0800
i	think	you	0.0600
i	think	we	0.0400
i	think	they	0.0300
i	think	he	0.0200
i	think	she	0.0200
i	think	i	0.0200
i	think	the	0.0200
i	think	about	0.0200
i	think	its	0.0200
i	want	to	0.7000
i	want	you	0.0800
i	want	a	0.0500
i	want	the	0.0400
i	want	this	0.0300
i	want	that	0.0300
i	want	more	0.0200
i	want	help	0.0200
i	want	food	0.0200
i	want	coffee	0.0200
i	want	sleep	0.0200
i	want	rest	0.0200
i	want	out	0.0200
i	want	home	0.0200
i	want	back	0.0200
i	was	the	0.0240
i	was	a	0.0192
i	will	be	0.3000
i	will	let	0.1200
i	will	call	0.0800
i	will	send	0.0600
i	will	check	0.0500
i	will	try	0.0400
i	will	do	0.0400
i	will	get	0.0300
i	will	see	0.0300
i	will	go	0.0200
i	will	come	0.0200
i	will	help	0.0200
i	will	update	0.0200
i	will	confirm	0.0200
i	will	reply	0.0200
i	will	you	0.0200
i	will	not	0.0160
i	would	like	0.4000
i	would	love	0.1500
i	would	be	0.1000
i	would	appreciate	0.0600
i	would	prefer	0.0400
i	would	recommend	0.0200
i	would	suggest	0.0200
i	would	think	0.0200
i	would	say	0.0200
i	would	know	0.0200
i	would	want	0.0200
i	would	need	0.0200
i	would	mind	0.0200
i	would	hope	0.0200
i	would	guess	0.0200
ill	call	me	0.0320
ill	call	you	0.0192
ill	do	you	0.0240
ill	let	me	0.0480
ill	see	you	0.0600
ill	see	if	0.0192
ill	send	me	0.0216
im	going	to	0.8500
im	going	out	0.0400
im	going	home	0.0300
im	going	back	0.0200
im	going	on	0.0200
im	going	for	0.0200
im	going	with	0.0200
im	good	morning	0.0200
im	good	night	0.0180
im	happy	birthday	0.0320
im	not	sure	0.2500
im	not	going	0.1200
im	not	ready	0.1000
im	not	feeling	0.0600
im	not	kidding	0.0500
im	not	available	0.0400
im	not	working	0.0300
im	not	coming	0.0300
im	not	leaving	0.0200
im	not	staying	0.0200
im	not	sleeping	0.0200
im	not	eating	0.0200
im	not	driving	0.0200
im	not	walking	0.0200
im	not	running	0.0200
im	not	yet	0.0160
im	so	sorry	0.2000
im	so	happy	0.1200
im	so	tired	0.1000
im	so	excited	0.0800
im	so	glad	0.0600
im	so	busy	0.0400
im	so	late	0.0400
im	so	hungry	0.0300
im	so	cold	0.0200
im	so	hot	0.0200
im	so	sick	0.0200
im	so	stressed	0.0200
im	so	worried	0.0200
im	so	confused	0.0200
im	so	grateful	0.0200
im	so	much	0.0168
im	sorry	for	0.2500
im	sorry	about	0.1500
im	sorry	to	0.1200
im	sorry	but	0.0600
im	sorry	if	0.0500
im	sorry	that	0.0400
im	sorry	this	0.0300
im	sorry	again	0.0200
im	sorry	you	0.0200
im	sorry	we	0.0200
im	sorry	he	0.0200
im	sorry	she	0.0200
im	sorry	they	0.0200
im	sorry	im	0.0200
im	sorry	its	0.0200
in	a	lot	0.0240
in	that	is	0.0176
in	the	morning	0.1000
in	the	evening	0.0800
in	the	afternoon	0.0600
in	the	meantime	0.0500
in	the	future	0.0400
in	the	past	0.0300
in	the	end	0.0300
in	the	best	0.0300
in	the	same	0.0240
in	the	first	0.0240
in	the	other	0.0240
in	the	next	0.0240
in	the	last	0.0240
in	the	beginning	0.0200
in	the	middle	0.0200
in	the	meanwhile	0.0200
in	the	process	0.0200
in	the	office	0.0200
in	the	store	0.0200
in	the	restaurant	0.0200
in	the	only	0.0180
in	the	main	0.0180
in	this	is	0.0240
install	app	code	0.0426
install	app	app	0.0403
install	app	phone	0.0381
install	app	laptop	0.0358
install	app	software	0.0335
install	app	update	0.0312
install	app	bug	0.0290
install	app	server	0.0267
install	bug	code	0.0306
install	bug	app	0.0290
install	bug	phone	0.0273
install	bug	laptop	0.0257
install	bug	software	0.0241
install	bug	update	0.0224
install	bug	bug	0.0208
install	bug	server	0.0192
install	code	code	0.0450
install	code	app	0.0426
install	code	phone	0.0402
install	code	laptop	0.0378
install	code	software	0.0354
install	code	update	0.0330
install	code	bug	0.0306
install	code	server	0.0282
install	data	code	0.0258
install	data	app	0.0244
install	data	phone	0.0230
install	data	laptop	0.0217
install	data	software	0.0203
install	data	update	0.0189
install	data	bug	0.0175
install	data	server	0.0162
install	internet	code	0.0234
install	internet	app	0.0222
install	internet	phone	0.0209
install	internet	laptop	0.0197
install	internet	software	0.0184
install	internet	update	0.0172
install	internet	bug	0.0159
install	laptop	code	0.0378
install	laptop	app	0.0358
install	laptop	phone	0.0338
install	laptop	laptop	0.0318
install	laptop	software	0.0297
install	laptop	update	0.0277
install	laptop	bug	0.0257
install	laptop	server	0.0237
install	phone	code	0.0402
install	phone	app	0.0381
install	phone	phone	0.0359
install	phone	laptop	0.0338
install	phone	software	0.0316
install	phone	update	0.0295
install	phone	bug	0.0273
install	phone	server	0.0252
install	server	code	0.0282
install	server	app	0.0267
install	server	phone	0.0252
install	server	laptop	0.0237
install	server	software	0.0222
install	server	update	0.0207
install	server	bug	0.0192
install	server	server	0.0177
install	software	code	0.0354
install	software	app	0.0335
install	software	phone	0.0316
install	software	laptop	0.0297
install	software	software	0.0278
install	software	update	0.0260
install	software	bug	0.0241
install	software	server	0.0222
install	update	code	0.0330
install	update	app	0.0312
install	update	phone	0.0295
install	update	laptop	0.0277
install	update	software	0.0260
install	update	update	0.0242
install	update	bug	0.0224
install	update	server	0.0207
internet	app	code	0.0426
internet	app	app	0.0403
internet	app	phone	0.0381
internet	app	laptop	0.0358
internet	app	software	0.0335
internet	app	update	0.0312
internet	app	bug	0.0290
internet	app	server	0.0267
internet	bug	code	0.0306
internet	bug	app	0.0290
internet	bug	phone	0.0273
internet	bug	laptop	0.0257
internet	bug	software	0.0241
internet	bug	update	0.0224
internet	bug	bug	0.0208
internet	bug	server	0.0192
internet	code	code	0.0450
internet	code	app	0.0426
internet	code	phone	0.0402
internet	code	laptop	0.0378
internet	code	software	0.0354
internet	code	update	0.0330
internet	code	bug	0.0306
internet	code	server	0.0282
internet	data	code	0.0258
internet	data	app	0.0244
internet	data	phone	0.0230
internet	data	laptop	0.0217
internet	data	software	0.0203
internet	data	update	0.0189
internet	data	bug	0.0175
internet	data	server	0.0162
internet	internet	code	0.0234
internet	internet	app	0.0222
internet	internet	phone	0.0209
internet	internet	laptop	0.0197
internet	internet	software	0.0184
internet	internet	update	0.0172
internet	internet	bug	0.0159
internet	laptop	code	0.0378
internet	laptop	app	0.0358
internet	laptop	phone	0.0338
internet	laptop	laptop	0.0318
internet	laptop	software	0.0297
internet	laptop	update	0.0277
internet	laptop	bug	0.0257
internet	laptop	server	0.0237
internet	phone	code	0.0402
internet	phone	app	0.0381
internet	phone	phone	0.0359
internet	phone	laptop	0.0338
internet	phone	software	0.0316
internet	phone	update	0.0295
internet	phone	bug	0.0273
internet	phone	server	0.0252
internet	server	code	0.0282
internet	server	app	0.0267
internet	server	phone	0.0252
internet	server	laptop	0.0237
internet	server	software	0.0222
internet	server	update	0.0207
internet	server	bug	0.0192
internet	server	server	0.0177
internet	software	code	0.0354
internet	software	app	0.0335
internet	software	phone	0.0316
internet	software	laptop	0.0297
internet	software	software	0.0278
internet	software	update	0.0260
internet	software	bug	0.0241
internet	software	server	0.0222
internet	update	code	0.0330
internet	update	app	0.0312
internet	update	phone	0.0295
internet	update	laptop	0.0277
internet	update	software	0.0260
internet	update	update	0.0242
internet	update	bug	0.0224
internet	update	server	0.0207
invest	bank	money	0.0426
invest	bank	bank	0.0403
invest	bank	payment	0.0381
invest	bank	budget	0.0358
invest	bank	cost	0.0335
invest	bank	price	0.0312
invest	bank	bill	0.0290
invest	bank	invoice	0.0267
invest	bill	money	0.0306
invest	bill	bank	0.0290
invest	bill	payment	0.0273
invest	bill	budget	0.0257
invest	bill	cost	0.0241
invest	bill	price	0.0224
invest	bill	bill	0.0208
invest	bill	invoice	0.0192
invest	budget	meeting	0.0378
invest	budget	project	0.0358
invest	budget	deadline	0.0338
invest	budget	report	0.0318
invest	budget	client	0.0297
invest	budget	email	0.0277
invest	budget	office	0.0257
invest	budget	manager	0.0237
invest	cost	money	0.0354
invest	cost	bank	0.0335
invest	cost	payment	0.0316
invest	cost	budget	0.0297
invest	cost	cost	0.0278
invest	cost	price	0.0260
invest	cost	bill	0.0241
invest	cost	invoice	0.0222
invest	invoice	money	0.0282
invest	invoice	bank	0.0267
invest	invoice	payment	0.0252
invest	invoice	budget	0.0237
invest	invoice	cost	0.0222
invest	invoice	price	0.0207
invest	invoice	bill	0.0192
invest	invoice	invoice	0.0177
invest	money	money	0.0450
invest	money	bank	0.0426
invest	money	payment	0.0402
invest	money	budget	0.0378
invest	money	cost	0.0354
invest	money	price	0.0330
invest	money	bill	0.0306
invest	money	invoice	0.0282
invest	payment	buy	0.0402
invest	payment	store	0.0381
invest	payment	order	0.0359
invest	payment	delivery	0.0338
invest	payment	price	0.0316
invest	payment	sale	0.0295
invest	payment	discount	0.0273
invest	payment	cart	0.0252
invest	price	buy	0.0330
invest	price	store	0.0312
invest	price	order	0.0295
invest	price	delivery	0.0277
invest	price	price	0.0260
invest	price	sale	0.0242
invest	price	discount	0.0224
invest	price	cart	0.0207
invest	salary	money	0.0258
invest	salary	bank	0.0244
invest	salary	payment	0.0230
invest	salary	budget	0.0217
invest	salary	cost	0.0203
invest	salary	price	0.0189
invest	salary	bill	0.0175
invest	salary	invoice	0.0162
invest	tax	money	0.0234
invest	tax	bank	0.0222
invest	tax	payment	0.0209
invest	tax	budget	0.0197
invest	tax	cost	0.0184
invest	tax	price	0.0172
invest	tax	bill	0.0159
invite	chat	friend	0.0330
invite	chat	party	0.0312
invite	chat	event	0.0295
invite	chat	invite	0.0277
invite	chat	message	0.0260
invite	chat	chat	0.0242
invite	chat	post	0.0224
invite	chat	share	0.0207
invite	comment	friend	0.0234
invite	comment	party	0.0222
invite	comment	event	0.0209
invite	comment	invite	0.0197
invite	comment	message	0.0184
invite	comment	chat	0.0172
invite	comment	post	0.0159
invite	event	friend	0.0402
invite	event	party	0.0381
invite	event	event	0.0359
invite	event	invite	0.0338
invite	event	message	0.0316
invite	event	chat	0.0295
invite	event	post	0.0273
invite	event	share	0.0252
invite	friend	friend	0.0450
invite	friend	party	0.0426
invite	friend	event	0.0402
invite	friend	invite	0.0378
invite	friend	message	0.0354
invite	friend	chat	0.0330
invite	friend	post	0.0306
invite	friend	share	0.0282
invite	invite	friend	0.0378
invite	invite	party	0.0358
invite	invite	event	0.0338
invite	invite	invite	0.0318
invite	invite	message	0.0297
invite	invite	chat	0.0277
invite	invite	post	0.0257
invite	invite	share	0.0237
invite	like	friend	0.0258
invite	like	party	0.0244
invite	like	event	0.0230
invite	like	invite	0.0217
invite	like	message	0.0203
invite	like	chat	0.0189
invite	like	post	0.0175
invite	like	share	0.0162
invite	message	friend	0.0354
invite	message	party	0.0335
invite	message	event	0.0316
invite	message	invite	0.0297
invite	message	message	0.0278
invite	message	chat	0.0260
invite	message	post	0.0241
invite	message	share	0.0222
invite	party	friend	0.0426
invite	party	party	0.0403
invite	party	event	0.0381
invite	party	invite	0.0358
invite	party	message	0.0335
invite	party	chat	0.0312
invite	party	post	0.0290
invite	party	share	0.0267
invite	post	friend	0.0306
invite	post	party	0.0290
invite	post	event	0.0273
invite	post	invite	0.0257
invite	post	message	0.0241
invite	post	chat	0.0224
invite	post	post	0.0208
invite	post	share	0.0192
invite	share	friend	0.0282
invite	share	party	0.0267
invite	share	event	0.0252
invite	share	invite	0.0237
invite	share	message	0.0222
invite	share	chat	0.0207
invite	share	post	0.0192
invite	share	share	0.0177
invoice	bank	money	0.0426
invoice	bank	bank	0.0403
invoice	bank	payment	0.0381
invoice	bank	budget	0.0358
invoice	bank	cost	0.0335
invoice	bank	price	0.0312
invoice	bank	bill	0.0290
invoice	bank	invoice	0.0267
invoice	bill	money	0.0306
invoice	bill	bank	0.0290
invoice	bill	payment	0.0273
invoice	bill	budget	0.0257
invoice	bill	cost	0.0241
invoice	bill	price	0.0224
invoice	bill	bill	0.0208
invoice	bill	invoice	0.0192
invoice	budget	meeting	0.0378
invoice	budget	project	0.0358
invoice	budget	deadline	0.0338
invoice	budget	report	0.0318
invoice	budget	client	0.0297
invoice	budget	email	0.0277
invoice	budget	office	0.0257
invoice	budget	manager	0.0237
invoice	cost	money	0.0354
invoice	cost	bank	0.0335
invoice	cost	payment	0.0316
invoice	cost	budget	0.0297
invoice	cost	cost	0.0278
invoice	cost	price	0.0260
invoice	cost	bill	0.0241
invoice	cost	invoice	0.0222
invoice	invoice	money	0.0282
invoice	invoice	bank	0.0267
invoice	invoice	payment	0.0252
invoice	invoice	budget	0.0237
invoice	invoice	cost	0.0222
invoice	invoice	price	0.0207
invoice	invoice	bill	0.0192
invoice	invoice	invoice	0.0177
invoice	money	money	0.0450
invoice	money	bank	0.0426
invoice	money	payment	0.0402
invoice	money	budget	0.0378
invoice	money	cost	0.0354
invoice	money	price	0.0330
invoice	money	bill	0.0306
invoice	money	invoice	0.0282
invoice	payment	buy	0.0402
invoice	payment	store	0.0381
invoice	payment	order	0.0359
invoice	payment	delivery	0.0338
invoice	payment	price	0.0316
invoice	payment	sale	0.0295
invoice	payment	discount	0.0273
invoice	payment	cart	0.0252
invoice	price	buy	0.0330
invoice	price	store	0.0312
invoice	price	order	0.0295
invoice	price	delivery	0.0277
invoice	price	price	0.0260
invoice	price	sale	0.0242
invoice	price	discount	0.0224
invoice	price	cart	0.0207
invoice	salary	money	0.0258
invoice	salary	bank	0.0244
invoice	salary	payment	0.0230
invoice	salary	budget	0.0217
invoice	salary	cost	0.0203
invoice	salary	price	0.0189
invoice	salary	bill	0.0175
invoice	salary	invoice	0.0162
invoice	tax	money	0.0234
invoice	tax	bank	0.0222
invoice	tax	payment	0.0209
invoice	tax	budget	0.0197
invoice	tax	cost	0.0184
invoice	tax	price	0.0172
invoice	tax	bill	0.0159
is	he	is	0.0176
is	it	is	0.0750
is	it	was	0.0540
is	it	will	0.0240
is	it	has	0.0240
is	it	would	0.0150
is	it	could	0.0150
is	she	is	0.0176
is	that	is	0.0220
is	there	is	0.0600
is	there	are	0.0500
is	there	was	0.0240
is	there	were	0.0200
is	this	is	0.0720
is	this	was	0.0192
isnt	good	morning	0.0160
isnt	it	is	0.0750
isnt	it	was	0.0540
isnt	it	will	0.0240
isnt	it	has	0.0240
isnt	it	would	0.0150
isnt	it	could	0.0150
isnt	that	is	0.0528
isnt	that	was	0.0288
isnt	this	is	0.0600
isnt	this	was	0.0160
it	could	you	0.0200
it	has	been	0.0400
it	has	a	0.0192
it	has	the	0.0160
it	is	a	0.1200
it	is	not	0.1000
it	is	the	0.0800
it	is	it	0.0750
it	is	this	0.0600
it	is	there	0.0500
it	is	very	0.0400
it	is	so	0.0400
it	is	going	0.0300
it	is	that	0.0250
it	is	time	0.0200
it	is	good	0.0200
it	is	okay	0.0200
it	is	fine	0.0200
it	is	great	0.0200
it	is	bad	0.0200
it	is	true	0.0200
it	is	false	0.0200
it	is	possible	0.0200
it	is	he	0.0200
it	was	a	0.1500
it	was	the	0.1200
it	was	not	0.0800
it	was	so	0.0500
it	was	very	0.0400
it	was	just	0.0400
it	was	going	0.0300
it	was	great	0.0200
it	was	nice	0.0200
it	was	fun	0.0200
it	was	hard	0.0200
it	was	easy	0.0200
it	was	long	0.0200
it	was	short	0.0200
it	was	late	0.0200
it	will	be	0.0288
it	will	you	0.0160
it	would	you	0.0180
it	would	be	0.0160
journey	airport	flight	0.0330
journey	airport	hotel	0.0312
journey	airport	trip	0.0295
journey	airport	vacation	0.0277
journey	airport	beach	0.0260
journey	airport	airport	0.0242
journey	airport	booking	0.0224
journey	airport	passport	0.0207
journey	beach	flight	0.0354
journey	beach	hotel	0.0335
journey	beach	trip	0.0316
journey	beach	vacation	0.0297
journey	beach	beach	0.0278
journey	beach	airport	0.0260
journey	beach	booking	0.0241
journey	beach	passport	0.0222
journey	booking	flight	0.0306
journey	booking	hotel	0.0290
journey	booking	trip	0.0273
journey	booking	vacation	0.0257
journey	booking	beach	0.0241
journey	booking	airport	0.0224
journey	booking	booking	0.0208
journey	booking	passport	0.0192
journey	destination	flight	0.0234
journey	destination	hotel	0.0222
journey	destination	trip	0.0209
journey	destination	vacation	0.0197
journey	destination	beach	0.0184
journey	destination	airport	0.0172
journey	destination	booking	0.0159
journey	flight	flight	0.0450
journey	flight	hotel	0.0426
journey	flight	trip	0.0402
journey	flight	vacation	0.0378
journey	flight	beach	0.0354
journey	flight	airport	0.0330
journey	flight	booking	0.0306
journey	flight	passport	0.0282
journey	hotel	flight	0.0426
journey	hotel	hotel	0.0403
journey	hotel	trip	0.0381
journey	hotel	vacation	0.0358
journey	hotel	beach	0.0335
journey	hotel	airport	0.0312
journey	hotel	booking	0.0290
journey	hotel	passport	0.0267
journey	luggage	flight	0.0258
journey	luggage	hotel	0.0244
journey	luggage	trip	0.0230
journey	luggage	vacation	0.0217
journey	luggage	beach	0.0203
journey	luggage	airport	0.0189
journey	luggage	booking	0.0175
journey	luggage	passport	0.0162
journey	passport	flight	0.0282
journey	passport	hotel	0.0267
journey	passport	trip	0.0252
journey	passport	vacation	0.0237
journey	passport	beach	0.0222
journey	passport	airport	0.0207
journey	passport	booking	0.0192
journey	passport	passport	0.0177
journey	trip	flight	0.0402
journey	trip	hotel	0.0381
journey	trip	trip	0.0359
journey	trip	vacation	0.0338
journey	trip	beach	0.0316
journey	trip	airport	0.0295
journey	trip	booking	0.0273
journey	trip	passport	0.0252
journey	vacation	flight	0.0378
journey	vacation	hotel	0.0358
journey	vacation	trip	0.0338
journey	vacation	vacation	0.0318
journey	vacation	beach	0.0297
journey	vacation	airport	0.0277
journey	vacation	booking	0.0257
journey	vacation	passport	0.0237
just	a	lot	0.0240
just	need	to	0.0252
just	to	the	0.0240
keep	going	to	0.0330
keep	in	the	0.0360
keep	it	is	0.0400
keep	it	was	0.0288
keep	on	the	0.0224
keep	trying	to	0.0240
keep	you	are	0.0480
keep	you	can	0.0336
keep	you	will	0.0240
keep	you	know	0.0192
keep	you	have	0.0192
kids	baby	mom	0.0234
kids	baby	dad	0.0222
kids	baby	sister	0.0209
kids	baby	brother	0.0197
kids	baby	son	0.0184
kids	baby	daughter	0.0172
kids	baby	family	0.0159
kids	brother	mom	0.0378
kids	brother	dad	0.0358
kids	brother	sister	0.0338
kids	brother	brother	0.0318
kids	brother	son	0.0297
kids	brother	daughter	0.0277
kids	brother	family	0.0257
kids	brother	kids	0.0237
kids	dad	mom	0.0426
kids	dad	dad	0.0403
kids	dad	sister	0.0381
kids	dad	brother	0.0358
kids	dad	son	0.0335
kids	dad	daughter	0.0312
kids	dad	family	0.0290
kids	dad	kids	0.0267
kids	daughter	mom	0.0330
kids	daughter	dad	0.0312
kids	daughter	sister	0.0295
kids	daughter	brother	0.0277
kids	daughter	son	0.0260
kids	daughter	daughter	0.0242
kids	daughter	family	0.0224
kids	daughter	kids	0.0207
kids	family	mom	0.0306
kids	family	dad	0.0290
kids	family	sister	0.0273
kids	family	brother	0.0257
kids	family	son	0.0241
kids	family	daughter	0.0224
kids	family	family	0.0208
kids	family	kids	0.0192
kids	kids	mom	0.0282
kids	kids	dad	0.0267
kids	kids	sister	0.0252
kids	kids	brother	0.0237
kids	kids	son	0.0222
kids	kids	daughter	0.0207
kids	kids	family	0.0192
kids	kids	kids	0.0177
kids	mom	mom	0.0450
kids	mom	dad	0.0426
kids	mom	sister	0.0402
kids	mom	brother	0.0378
kids	mom	son	0.0354
kids	mom	daughter	0.0330
kids	mom	family	0.0306
kids	mom	kids	0.0282
kids	parents	mom	0.0258
kids	parents	dad	0.0244
kids	parents	sister	0.0230
kids	parents	brother	0.0217
kids	parents	son	0.0203
kids	parents	daughter	0.0189
kids	parents	family	0.0175
kids	parents	kids	0.0162
kids	sister	mom	0.0402
kids	sister	dad	0.0381
kids	sister	sister	0.0359
kids	sister	brother	0.0338
kids	sister	son	0.0316
kids	sister	daughter	0.0295
kids	sister	family	0.0273
kids	sister	kids	0.0252
kids	son	mom	0.0354
kids	son	dad	0.0335
kids	son	sister	0.0316
kids	son	brother	0.0297
kids	son	son	0.0278
kids	son	daughter	0.0260
kids	son	family	0.0241
kids	son	kids	0.0222
kitchen	apartment	house	0.0426
kitchen	apartment	apartment	0.0403
kitchen	apartment	room	0.0381
kitchen	apartment	kitchen	0.0358
kitchen	apartment	bedroom	0.0335
kitchen	apartment	bathroom	0.0312
kitchen	apartment	clean	0.0290
kitchen	apartment	repair	0.0267
kitchen	bedroom	house	0.0354
kitchen	bedroom	apartment	0.0335
kitchen	bedroom	room	0.0316
kitchen	bedroom	kitchen	0.0297
kitchen	bedroom	bedroom	0.0278
kitchen	bedroom	bathroom	0.0260
kitchen	bedroom	clean	0.0241
kitchen	bedroom	repair	0.0222
kitchen	clean	house	0.0306
kitchen	clean	apartment	0.0290
kitchen	clean	room	0.0273
kitchen	clean	kitchen	0.0257
kitchen	clean	bedroom	0.0241
kitchen	clean	bathroom	0.0224
kitchen	clean	clean	0.0208
kitchen	clean	repair	0.0192
kitchen	furniture	house	0.0258
kitchen	furniture	apartment	0.0244
kitchen	furniture	room	0.0230
kitchen	furniture	kitchen	0.0217
kitchen	furniture	bedroom	0.0203
kitchen	furniture	bathroom	0.0189
kitchen	furniture	clean	0.0175
kitchen	furniture	repair	0.0162
kitchen	house	house	0.0450
kitchen	house	apartment	0.0426
kitchen	house	room	0.0402
kitchen	house	kitchen	0.0378
kitchen	house	bedroom	0.0354
kitchen	house	bathroom	0.0330
kitchen	house	clean	0.0306
kitchen	house	repair	0.0282
kitchen	kitchen	house	0.0378
kitchen	kitchen	apartment	0.0358
kitchen	kitchen	room	0.0338
kitchen	kitchen	kitchen	0.0318
kitchen	kitchen	bedroom	0.0297
kitchen	kitchen	bathroom	0.0277
kitchen	kitchen	clean	0.0257
kitchen	kitchen	repair	0.0237
kitchen	rent	house	0.0234
kitchen	rent	apartment	0.0222
kitchen	rent	room	0.0209
kitchen	rent	kitchen	0.0197
kitchen	rent	bedroom	0.0184
kitchen	rent	bathroom	0.0172
kitchen	rent	clean	0.0159
kitchen	repair	house	0.0282
kitchen	repair	apartment	0.0267
kitchen	repair	room	0.0252
kitchen	repair	kitchen	0.0237
kitchen	repair	bedroom	0.0222
kitchen	repair	bathroom	0.0207
kitchen	repair	clean	0.0192
kitchen	repair	repair	0.0177
kitchen	room	house	0.0402
kitchen	room	apartment	0.0381
kitchen	room	room	0.0359
kitchen	room	kitchen	0.0338
kitchen	room	bedroom	0.0316
kitchen	room	bathroom	0.0295
kitchen	room	clean	0.0273
kitchen	room	repair	0.0252
know	how	are	0.0360
know	that	is	0.0440
know	that	was	0.0240
know	what	is	0.0480
know	what	are	0.0360
know	what	do	0.0288
know	what	about	0.0192
know	you	are	0.0320
know	you	can	0.0224
know	you	will	0.0160
laptop	app	code	0.0426
laptop	app	app	0.0403
laptop	app	phone	0.0381
laptop	app	laptop	0.0358
laptop	app	software	0.0335
laptop	app	update	0.0312
laptop	app	bug	0.0290
laptop	app	server	0.0267
laptop	bug	code	0.0306
laptop	bug	app	0.0290
laptop	bug	phone	0.0273
laptop	bug	laptop	0.0257
laptop	bug	software	0.0241
laptop	bug	update	0.0224
laptop	bug	bug	0.0208
laptop	bug	server	0.0192
laptop	code	code	0.0450
laptop	code	app	0.0426
laptop	code	phone	0.0402
laptop	code	laptop	0.0378
laptop	code	software	0.0354
laptop	code	update	0.0330
laptop	code	bug	0.0306
laptop	code	server	0.0282
laptop	data	code	0.0258
laptop	data	app	0.0244
laptop	data	phone	0.0230
laptop	data	laptop	0.0217
laptop	data	software	0.0203
laptop	data	update	0.0189
laptop	data	bug	0.0175
laptop	data	server	0.0162
laptop	internet	code	0.0234
laptop	internet	app	0.0222
laptop	internet	phone	0.0209
laptop	internet	laptop	0.0197
laptop	internet	software	0.0184
laptop	internet	update	0.0172
laptop	internet	bug	0.0159
laptop	laptop	code	0.0378
laptop	laptop	app	0.0358
laptop	laptop	phone	0.0338
laptop	laptop	laptop	0.0318
laptop	laptop	software	0.0297
laptop	laptop	update	0.0277
laptop	laptop	bug	0.0257
laptop	laptop	server	0.0237
laptop	phone	code	0.0402
laptop	phone	app	0.0381
laptop	phone	phone	0.0359
laptop	phone	laptop	0.0338
laptop	phone	software	0.0316
laptop	phone	update	0.0295
laptop	phone	bug	0.0273
laptop	phone	server	0.0252
laptop	server	code	0.0282
laptop	server	app	0.0267
laptop	server	phone	0.0252
laptop	server	laptop	0.0237
laptop	server	software	0.0222
laptop	server	update	0.0207
laptop	server	bug	0.0192
laptop	server	server	0.0177
laptop	software	code	0.0354
laptop	software	app	0.0335
laptop	software	phone	0.0316
laptop	software	laptop	0.0297
laptop	software	software	0.0278
laptop	software	update	0.0260
laptop	software	bug	0.0241
laptop	software	server	0.0222
laptop	update	code	0.0330
laptop	update	app	0.0312
laptop	update	phone	0.0295
laptop	update	laptop	0.0277
laptop	update	software	0.0260
laptop	update	update	0.0242
laptop	update	bug	0.0224
laptop	update	server	0.0207
late	at	the	0.0176
late	in	the	0.0180
late	is	it	0.0150
late	on	the	0.0168
later	at	the	0.0176
later	in	the	0.0180
later	is	it	0.0150
later	on	the	0.0168
league	football	game	0.0234
league	football	team	0.0222
league	football	score	0.0209
league	football	match	0.0197
league	football	player	0.0184
league	football	win	0.0172
league	football	lose	0.0159
league	game	game	0.0450
league	game	team	0.0426
league	game	score	0.0402
league	game	match	0.0378
league	game	player	0.0354
league	game	win	0.0330
league	game	lose	0.0306
league	game	goal	0.0282
league	match	game	0.0378
league	match	team	0.0358
league	match	score	0.0338
league	match	match	0.0318
league	match	player	0.0297
league	match	win	0.0277
league	match	lose	0.0257
league	match	goal	0.0237
league	player	game	0.0354
league	player	team	0.0335
league	player	score	0.0316
league	player	match	0.0297
league	player	player	0.0278
league	player	win	0.0260
league	player	lose	0.0241
league	player	goal	0.0222
league	score	game	0.0402
league	score	team	0.0381
league	score	score	0.0359
league	score	match	0.0338
league	score	player	0.0316
league	score	win	0.0295
league	score	lose	0.0273
league	score	goal	0.0252
league	team	game	0.0426
league	team	team	0.0403
league	team	score	0.0381
league	team	match	0.0358
league	team	player	0.0335
league	team	win	0.0312
league	team	lose	0.0290
league	team	goal	0.0267
league	win	game	0.0330
league	win	team	0.0312
league	win	score	0.0295
league	win	match	0.0277
league	win	player	0.0260
league	win	win	0.0242
league	win	lose	0.0224
league	win	goal	0.0207
learn	assignment	school	0.0234
learn	assignment	class	0.0222
learn	assignment	homework	0.0209
learn	assignment	exam	0.0197
learn	assignment	study	0.0184
learn	assignment	teacher	0.0172
learn	assignment	student	0.0159
learn	class	school	0.0426
learn	class	class	0.0403
learn	class	homework	0.0381
learn	class	exam	0.0358
learn	class	study	0.0335
learn	class	teacher	0.0312
learn	class	student	0.0290
learn	class	course	0.0267
learn	course	school	0.0282
learn	course	class	0.0267
learn	course	homework	0.0252
learn	course	exam	0.0237
learn	course	study	0.0222
learn	course	teacher	0.0207
learn	course	student	0.0192
learn	course	course	0.0177
learn	exam	school	0.0378
learn	exam	class	0.0358
learn	exam	homework	0.0338
learn	exam	exam	0.0318
learn	exam	study	0.0297
learn	exam	teacher	0.0277
learn	exam	student	0.0257
learn	exam	course	0.0237
learn	homework	school	0.0402
learn	homework	class	0.0381
learn	homework	homework	0.0359
learn	homework	exam	0.0338
learn	homework	study	0.0316
learn	homework	teacher	0.0295
learn	homework	student	0.0273
learn	homework	course	0.0252
learn	lecture	school	0.0258
learn	lecture	class	0.0244
learn	lecture	homework	0.0230
learn	lecture	exam	0.0217
learn	lecture	study	0.0203
learn	lecture	teacher	0.0189
learn	lecture	student	0.0175
learn	lecture	course	0.0162
learn	school	school	0.0450
learn	school	class	0.0426
learn	school	homework	0.0402
learn	school	exam	0.0378
learn	school	study	0.0354
learn	school	teacher	0.0330
learn	school	student	0.0306
learn	school	course	0.0282
learn	student	school	0.0306
learn	student	class	0.0290
learn	student	homework	0.0273
learn	student	exam	0.0257
learn	student	study	0.0241
learn	student	teacher	0.0224
learn	student	student	0.0208
learn	student	course	0.0192
learn	study	school	0.0354
learn	study	class	0.0335
learn	study	homework	0.0316
learn	study	exam	0.0297
learn	study	study	0.0278
learn	study	teacher	0.0260
learn	study	student	0.0241
learn	study	course	0.0222
learn	teacher	school	0.0330
learn	teacher	class	0.0312
learn	teacher	homework	0.0295
learn	teacher	exam	0.0277
learn	teacher	study	0.0260
learn	teacher	teacher	0.0242
learn	teacher	student	0.0224
learn	teacher	course	0.0207
lease	apartment	house	0.0426
lease	apartment	apartment	0.0403
lease	apartment	room	0.0381
lease	apartment	kitchen	0.0358
lease	apartment	bedroom	0.0335
lease	apartment	bathroom	0.0312
lease	apartment	clean	0.0290
lease	apartment	repair	0.0267
lease	bedroom	house	0.0354
lease	bedroom	apartment	0.0335
lease	bedroom	room	0.0316
lease	bedroom	kitchen	0.0297
lease	bedroom	bedroom	0.0278
lease	bedroom	bathroom	0.0260
lease	bedroom	clean	0.0241
lease	bedroom	repair	0.0222
lease	clean	house	0.0306
lease	clean	apartment	0.0290
lease	clean	room	0.0273
lease	clean	kitchen	0.0257
lease	clean	bedroom	0.0241
lease	clean	bathroom	0.0224
lease	clean	clean	0.0208
lease	clean	repair	0.0192
lease	furniture	house	0.0258
lease	furniture	apartment	0.0244
lease	furniture	room	0.0230
lease	furniture	kitchen	0.0217
lease	furniture	bedroom	0.0203
lease	furniture	bathroom	0.0189
lease	furniture	clean	0.0175
lease	furniture	repair	0.0162
lease	house	house	0.0450
lease	house	apartment	0.0426
lease	house	room	0.0402
lease	house	kitchen	0.0378
lease	house	bedroom	0.0354
lease	house	bathroom	0.0330
lease	house	clean	0.0306
lease	house	repair	0.0282
lease	kitchen	house	0.0378
lease	kitchen	apartment	0.0358
lease	kitchen	room	0.0338
lease	kitchen	kitchen	0.0318
lease	kitchen	bedroom	0.0297
lease	kitchen	bathroom	0.0277
lease	kitchen	clean	0.0257
lease	kitchen	repair	0.0237
lease	rent	house	0.0234
lease	rent	apartment	0.0222
lease	rent	room	0.0209
lease	rent	kitchen	0.0197
lease	rent	bedroom	0.0184
lease	rent	bathroom	0.0172
lease	rent	clean	0.0159
lease	repair	house	0.0282
lease	repair	apartment	0.0267
lease	repair	room	0.0252
lease	repair	kitchen	0.0237
lease	repair	bedroom	0.0222
lease	repair	bathroom	0.0207
lease	repair	clean	0.0192
lease	repair	repair	0.0177
lease	room	house	0.0402
lease	room	apartment	0.0381
lease	room	room	0.0359
lease	room	kitchen	0.0338
lease	room	bedroom	0.0316
lease	room	bathroom	0.0295
lease	room	clean	0.0273
lease	room	repair	0.0252
leave	at	the	0.0264
leave	for	the	0.0288
leave	for	a	0.0160
leave	it	is	0.0200
leave	now	morning	0.0160
lecture	assignment	school	0.0234
lecture	assignment	class	0.0222
lecture	assignment	homework	0.0209
lecture	assignment	exam	0.0197
lecture	assignment	study	0.0184
lecture	assignment	teacher	0.0172
lecture	assignment	student	0.0159
lecture	class	school	0.0426
lecture	class	class	0.0403
lecture	class	homework	0.0381
lecture	class	exam	0.0358
lecture	class	study	0.0335
lecture	class	teacher	0.0312
lecture	class	student	0.0290
lecture	class	course	0.0267
lecture	course	school	0.0282
lecture	course	class	0.0267
lecture	course	homework	0.0252
lecture	course	exam	0.0237
lecture	course	study	0.0222
lecture	course	teacher	0.0207
lecture	course	student	0.0192
lecture	course	course	0.0177
lecture	exam	school	0.0378
lecture	exam	class	0.0358
lecture	exam	homework	0.0338
lecture	exam	exam	0.0318
lecture	exam	study	0.0297
lecture	exam	teacher	0.0277
lecture	exam	student	0.0257
lecture	exam	course	0.0237
lecture	homework	school	0.0402
lecture	homework	class	0.0381
lecture	homework	homework	0.0359
lecture	homework	exam	0.0338
lecture	homework	study	0.0316
lecture	homework	teacher	0.0295
lecture	homework	student	0.0273
lecture	homework	course	0.0252
lecture	lecture	school	0.0258
lecture	lecture	class	0.0244
lecture	lecture	homework	0.0230
lecture	lecture	exam	0.0217
lecture	lecture	study	0.0203
lecture	lecture	teacher	0.0189
lecture	lecture	student	0.0175
lecture	lecture	course	0.0162
lecture	school	school	0.0450
lecture	school	class	0.0426
lecture	school	homework	0.0402
lecture	school	exam	0.0378
lecture	school	study	0.0354
lecture	school	teacher	0.0330
lecture	school	student	0.0306
lecture	school	course	0.0282
lecture	student	school	0.0306
lecture	student	class	0.0290
lecture	student	homework	0.0273
lecture	student	exam	0.0257
lecture	student	study	0.0241
lecture	student	teacher	0.0224
lecture	student	student	0.0208
lecture	student	course	0.0192
lecture	study	school	0.0354
lecture	study	class	0.0335
lecture	study	homework	0.0316
lecture	study	exam	0.0297
lecture	study	study	0.0278
lecture	study	teacher	0.0260
lecture	study	student	0.0241
lecture	study	course	0.0222
lecture	teacher	school	0.0330
lecture	teacher	class	0.0312
lecture	teacher	homework	0.0295
lecture	teacher	exam	0.0277
lecture	teacher	study	0.0260
lecture	teacher	teacher	0.0242
lecture	teacher	student	0.0224
lecture	teacher	course	0.0207
let	me	know	0.5500
let	me	check	0.1000
let	me	see	0.0800
let	me	try	0.0500
let	me	think	0.0400
let	me	ask	0.0300
let	me	explain	0.0300
let	me	help	0.0200
let	me	find	0.0200
let	me	wait	0.0200
let	me	call	0.0200
let	me	send	0.0200
let	me	update	0.0200
let	me	confirm	0.0200
let	me	get	0.0200
let	see	you	0.0200
let	us	know	0.3000
let	us	see	0.1200
let	us	try	0.1000
let	us	go	0.0800
let	us	start	0.0600
let	us	finish	0.0400
let	us	help	0.0300
let	us	work	0.0300
let	us	meet	0.0200
let	us	talk	0.0200
let	us	plan	0.0200
let	us	schedule	0.0200
let	us	discuss	0.0200
let	us	decide	0.0200
let	us	move	0.0200
let	you	are	0.0320
let	you	can	0.0224
let	you	will	0.0160
like	chat	friend	0.0330
like	chat	party	0.0312
like	chat	event	0.0295
like	chat	invite	0.0277
like	chat	message	0.0260
like	chat	chat	0.0242
like	chat	post	0.0224
like	chat	share	0.0207
like	comment	friend	0.0234
like	comment	party	0.0222
like	comment	event	0.0209
like	comment	invite	0.0197
like	comment	message	0.0184
like	comment	chat	0.0172
like	comment	post	0.0159
like	event	friend	0.0402
like	event	party	0.0381
like	event	event	0.0359
like	event	invite	0.0338
like	event	message	0.0316
like	event	chat	0.0295
like	event	post	0.0273
like	event	share	0.0252
like	friend	friend	0.0450
like	friend	party	0.0426
like	friend	event	0.0402
like	friend	invite	0.0378
like	friend	message	0.0354
like	friend	chat	0.0330
like	friend	post	0.0306
like	friend	share	0.0282
like	invite	friend	0.0378
like	invite	party	0.0358
like	invite	event	0.0338
like	invite	invite	0.0318
like	invite	message	0.0297
like	invite	chat	0.0277
like	invite	post	0.0257
like	invite	share	0.0237
like	like	friend	0.0258
like	like	party	0.0244
like	like	event	0.0230
like	like	invite	0.0217
like	like	message	0.0203
like	like	chat	0.0189
like	like	post	0.0175
like	like	share	0.0162
like	message	friend	0.0354
like	message	party	0.0335
like	message	event	0.0316
like	message	invite	0.0297
like	message	message	0.0278
like	message	chat	0.0260
like	message	post	0.0241
like	message	share	0.0222
like	party	friend	0.0426
like	party	party	0.0403
like	party	event	0.0381
like	party	invite	0.0358
like	party	message	0.0335
like	party	chat	0.0312
like	party	post	0.0290
like	party	share	0.0267
like	post	friend	0.0306
like	post	party	0.0290
like	post	event	0.0273
like	post	invite	0.0257
like	post	message	0.0241
like	post	chat	0.0224
like	post	post	0.0208
like	post	share	0.0192
like	share	friend	0.0282
like	share	party	0.0267
like	share	event	0.0252
like	share	invite	0.0237
like	share	message	0.0222
like	share	chat	0.0207
like	share	post	0.0192
like	share	share	0.0177
listen	book	movie	0.0330
listen	book	music	0.0312
listen	book	game	0.0295
listen	book	show	0.0277
listen	book	concert	0.0260
listen	book	book	0.0242
listen	book	video	0.0224
listen	book	stream	0.0207
listen	concert	movie	0.0354
listen	concert	music	0.0335
listen	concert	game	0.0316
listen	concert	show	0.0297
listen	concert	concert	0.0278
listen	concert	book	0.0260
listen	concert	video	0.0241
listen	concert	stream	0.0222
listen	game	game	0.0402
listen	game	team	0.0381
listen	game	score	0.0359
listen	game	match	0.0338
listen	game	player	0.0316
listen	game	win	0.0295
listen	game	lose	0.0273
listen	game	goal	0.0252
listen	listen	movie	0.0234
listen	listen	music	0.0222
listen	listen	game	0.0209
listen	listen	show	0.0197
listen	listen	concert	0.0184
listen	listen	book	0.0172
listen	listen	video	0.0159
listen	movie	movie	0.0450
listen	movie	music	0.0426
listen	movie	game	0.0402
listen	movie	show	0.0378
listen	movie	concert	0.0354
listen	movie	book	0.0330
listen	movie	video	0.0306
listen	movie	stream	0.0282
listen	music	movie	0.0426
listen	music	music	0.0403
listen	music	game	0.0381
listen	music	show	0.0358
listen	music	concert	0.0335
listen	music	book	0.0312
listen	music	video	0.0290
listen	music	stream	0.0267
listen	show	movie	0.0378
listen	show	music	0.0358
listen	show	game	0.0338
listen	show	show	0.0318
listen	show	concert	0.0297
listen	show	book	0.0277
listen	show	video	0.0257
listen	show	stream	0.0237
listen	stream	movie	0.0282
listen	stream	music	0.0267
listen	stream	game	0.0252
listen	stream	show	0.0237
listen	stream	concert	0.0222
listen	stream	book	0.0207
listen	stream	video	0.0192
listen	stream	stream	0.0177
listen	video	movie	0.0306
listen	video	music	0.0290
listen	video	game	0.0273
listen	video	show	0.0257
listen	video	concert	0.0241
listen	video	book	0.0224
listen	video	video	0.0208
listen	video	stream	0.0192
listen	watch	movie	0.0258
listen	watch	music	0.0244
listen	watch	game	0.0230
listen	watch	show	0.0217
listen	watch	concert	0.0203
listen	watch	book	0.0189
listen	watch	video	0.0175
listen	watch	stream	0.0162
loan	bank	money	0.0426
loan	bank	bank	0.0403
loan	bank	payment	0.0381
loan	bank	budget	0.0358
loan	bank	cost	0.0335
loan	bank	price	0.0312
loan	bank	bill	0.0290
loan	bank	invoice	0.0267
loan	bill	money	0.0306
loan	bill	bank	0.0290
loan	bill	payment	0.0273
loan	bill	budget	0.0257
loan	bill	cost	0.0241
loan	bill	price	0.0224
loan	bill	bill	0.0208
loan	bill	invoice	0.0192
loan	budget	meeting	0.0378
loan	budget	project	0.0358
loan	budget	deadline	0.0338
loan	budget	report	0.0318
loan	budget	client	0.0297
loan	budget	email	0.0277
loan	budget	office	0.0257
loan	budget	manager	0.0237
loan	cost	money	0.0354
loan	cost	bank	0.0335
loan	cost	payment	0.0316
loan	cost	budget	0.0297
loan	cost	cost	0.0278
loan	cost	price	0.0260
loan	cost	bill	0.0241
loan	cost	invoice	0.0222
loan	invoice	money	0.0282
loan	invoice	bank	0.0267
loan	invoice	payment	0.0252
loan	invoice	budget	0.0237
loan	invoice	cost	0.0222
loan	invoice	price	0.0207
loan	invoice	bill	0.0192
loan	invoice	invoice	0.0177
loan	money	money	0.0450
loan	money	bank	0.0426
loan	money	payment	0.0402
loan	money	budget	0.0378
loan	money	cost	0.0354
loan	money	price	0.0330
loan	money	bill	0.0306
loan	money	invoice	0.0282
loan	payment	buy	0.0402
loan	payment	store	0.0381
loan	payment	order	0.0359
loan	payment	delivery	0.0338
loan	payment	price	0.0316
loan	payment	sale	0.0295
loan	payment	discount	0.0273
loan	payment	cart	0.0252
loan	price	buy	0.0330
loan	price	store	0.0312
loan	price	order	0.0295
loan	price	delivery	0.0277
loan	price	price	0.0260
loan	price	sale	0.0242
loan	price	discount	0.0224
loan	price	cart	0.0207
loan	salary	money	0.0258
loan	salary	bank	0.0244
loan	salary	payment	0.0230
loan	salary	budget	0.0217
loan	salary	cost	0.0203
loan	salary	price	0.0189
loan	salary	bill	0.0175
loan	salary	invoice	0.0162
loan	tax	money	0.0234
loan	tax	bank	0.0222
loan	tax	payment	0.0209
loan	tax	budget	0.0197
loan	tax	cost	0.0184
loan	tax	price	0.0172
loan	tax	bill	0.0159
login	app	code	0.0426
login	app	app	0.0403
login	app	phone	0.0381
login	app	laptop	0.0358
login	app	software	0.0335
login	app	update	0.0312
login	app	bug	0.0290
login	app	server	0.0267
login	bug	code	0.0306
login	bug	app	0.0290
login	bug	phone	0.0273
login	bug	laptop	0.0257
login	bug	software	0.0241
login	bug	update	0.0224
login	bug	bug	0.0208
login	bug	server	0.0192
login	code	code	0.0450
login	code	app	0.0426
login	code	phone	0.0402
login	code	laptop	0.0378
login	code	software	0.0354
login	code	update	0.0330
login	code	bug	0.0306
login	code	server	0.0282
login	data	code	0.0258
login	data	app	0.0244
login	data	phone	0.0230
login	data	laptop	0.0217
login	data	software	0.0203
login	data	update	0.0189
login	data	bug	0.0175
login	data	server	0.0162
login	internet	code	0.0234
login	internet	app	0.0222
login	internet	phone	0.0209
login	internet	laptop	0.0197
login	internet	software	0.0184
login	internet	update	0.0172
login	internet	bug	0.0159
login	laptop	code	0.0378
login	laptop	app	0.0358
login	laptop	phone	0.0338
login	laptop	laptop	0.0318
login	laptop	software	0.0297
login	laptop	update	0.0277
login	laptop	bug	0.0257
login	laptop	server	0.0237
login	phone	code	0.0402
login	phone	app	0.0381
login	phone	phone	0.0359
login	phone	laptop	0.0338
login	phone	software	0.0316
login	phone	update	0.0295
login	phone	bug	0.0273
login	phone	server	0.0252
login	server	code	0.0282
login	server	app	0.0267
login	server	phone	0.0252
login	server	laptop	0.0237
login	server	software	0.0222
login	server	update	0.0207
login	server	bug	0.0192
login	server	server	0.0177
login	software	code	0.0354
login	software	app	0.0335
login	software	phone	0.0316
login	software	laptop	0.0297
login	software	software	0.0278
login	software	update	0.0260
login	software	bug	0.0241
login	software	server	0.0222
login	update	code	0.0330
login	update	app	0.0312
login	update	phone	0.0295
login	update	laptop	0.0277
login	update	software	0.0260
login	update	update	0.0242
login	update	bug	0.0224
login	update	server	0.0207
look	at	the	0.0880
look	at	a	0.0400
look	at	my	0.0240
look	at	your	0.0200
look	at	home	0.0160
look	at	work	0.0160
look	at	least	0.0160
look	for	the	0.0540
look	for	a	0.0300
look	for	you	0.0240
look	for	me	0.0150
look	forward	to	0.0510
look	good	morning	0.0240
look	good	night	0.0216
look	like	friend	0.0300
look	like	party	0.0284
look	like	event	0.0268
look	like	invite	0.0252
look	like	message	0.0236
look	like	chat	0.0220
look	like	post	0.0204
look	like	share	0.0188
look	nice	to	0.0160
looking	at	the	0.0352
looking	at	a	0.0160
looking	for	a	0.1500
looking	for	the	0.1200
looking	for	help	0.0800
looking	for	work	0.0600
looking	for	you	0.0480
looking	for	food	0.0400
looking	for	place	0.0400
looking	for	answer	0.0300
looking	for	solution	0.0300
looking	for	me	0.0300
looking	for	us	0.0240
looking	for	now	0.0240
looking	for	info	0.0200
looking	for	details	0.0200
looking	for	update	0.0200
looking	for	confirmation	0.0200
looking	for	approval	0.0200
looking	for	support	0.0200
looking	for	advice	0.0200
looking	for	today	0.0180
looking	for	tomorrow	0.0180
looking	forward	to	0.9500
looking	forward	it	0.0240
looking	forward	for	0.0200
looking	forward	the	0.0180
looking	forward	toward	0.0100
looking	forward	into	0.0100
looking	forward	ahead	0.0100
looking	good	morning	0.0160
looking	to	the	0.0240
love	how	are	0.0180
love	it	is	0.0400
love	it	was	0.0288
love	that	is	0.0220
love	this	is	0.0360
love	to	the	0.0200
love	you	are	0.1000
love	you	can	0.0700
love	you	will	0.0500
love	you	know	0.0400
love	you	have	0.0400
love	you	should	0.0300
love	you	need	0.0250
love	you	want	0.0250
luggage	airport	flight	0.0330
luggage	airport	hotel	0.0312
luggage	airport	trip	0.0295
luggage	airport	vacation	0.0277
luggage	airport	beach	0.0260
luggage	airport	airport	0.0242
luggage	airport	booking	0.0224
luggage	airport	passport	0.0207
luggage	beach	flight	0.0354
luggage	beach	hotel	0.0335
luggage	beach	trip	0.0316
luggage	beach	vacation	0.0297
luggage	beach	beach	0.0278
luggage	beach	airport	0.0260
luggage	beach	booking	0.0241
luggage	beach	passport	0.0222
luggage	booking	flight	0.0306
luggage	booking	hotel	0.0290
luggage	booking	trip	0.0273
luggage	booking	vacation	0.0257
luggage	booking	beach	0.0241
luggage	booking	airport	0.0224
luggage	booking	booking	0.0208
luggage	booking	passport	0.0192
luggage	destination	flight	0.0234
luggage	destination	hotel	0.0222
luggage	destination	trip	0.0209
luggage	destination	vacation	0.0197
luggage	destination	beach	0.0184
luggage	destination	airport	0.0172
luggage	destination	booking	0.0159
luggage	flight	flight	0.0450
luggage	flight	hotel	0.0426
luggage	flight	trip	0.0402
luggage	flight	vacation	0.0378
luggage	flight	beach	0.0354
luggage	flight	airport	0.0330
luggage	flight	booking	0.0306
luggage	flight	passport	0.0282
luggage	hotel	flight	0.0426
luggage	hotel	hotel	0.0403
luggage	hotel	trip	0.0381
luggage	hotel	vacation	0.0358
luggage	hotel	beach	0.0335
luggage	hotel	airport	0.0312
luggage	hotel	booking	0.0290
luggage	hotel	passport	0.0267
luggage	luggage	flight	0.0258
luggage	luggage	hotel	0.0244
luggage	luggage	trip	0.0230
luggage	luggage	vacation	0.0217
luggage	luggage	beach	0.0203
luggage	luggage	airport	0.0189
luggage	luggage	booking	0.0175
luggage	luggage	passport	0.0162
luggage	passport	flight	0.0282
luggage	passport	hotel	0.0267
luggage	passport	trip	0.0252
luggage	passport	vacation	0.0237
luggage	passport	beach	0.0222
luggage	passport	airport	0.0207
luggage	passport	booking	0.0192
luggage	passport	passport	0.0177
luggage	trip	flight	0.0402
luggage	trip	hotel	0.0381
luggage	trip	trip	0.0359
luggage	trip	vacation	0.0338
luggage	trip	beach	0.0316
luggage	trip	airport	0.0295
luggage	trip	booking	0.0273
luggage	trip	passport	0.0252
luggage	vacation	flight	0.0378
luggage	vacation	hotel	0.0358
luggage	vacation	trip	0.0338
luggage	vacation	vacation	0.0318
luggage	vacation	beach	0.0297
luggage	vacation	airport	0.0277
luggage	vacation	booking	0.0257
luggage	vacation	passport	0.0237
lunch	breakfast	eat	0.0306
lunch	breakfast	cook	0.0290
lunch	breakfast	order	0.0273
lunch	breakfast	restaurant	0.0257
lunch	breakfast	lunch	0.0241
lunch	breakfast	dinner	0.0224
lunch	breakfast	breakfast	0.0208
lunch	breakfast	coffee	0.0192
lunch	coffee	eat	0.0282
lunch	coffee	cook	0.0267
lunch	coffee	order	0.0252
lunch	coffee	restaurant	0.0237
lunch	coffee	lunch	0.0222
lunch	coffee	dinner	0.0207
lunch	coffee	breakfast	0.0192
lunch	coffee	coffee	0.0177
lunch	cook	eat	0.0426
lunch	cook	cook	0.0403
lunch	cook	order	0.0381
lunch	cook	restaurant	0.0358
lunch	cook	lunch	0.0335
lunch	cook	dinner	0.0312
lunch	cook	breakfast	0.0290
lunch	cook	coffee	0.0267
lunch	dinner	eat	0.0330
lunch	dinner	cook	0.0312
lunch	dinner	order	0.0295
lunch	dinner	restaurant	0.0277
lunch	dinner	lunch	0.0260
lunch	dinner	dinner	0.0242
lunch	dinner	breakfast	0.0224
lunch	dinner	coffee	0.0207
lunch	eat	eat	0.0450
lunch	eat	cook	0.0426
lunch	eat	order	0.0402
lunch	eat	restaurant	0.0378
lunch	eat	lunch	0.0354
lunch	eat	dinner	0.0330
lunch	eat	breakfast	0.0306
lunch	eat	coffee	0.0282
lunch	hungry	eat	0.0234
lunch	hungry	cook	0.0222
lunch	hungry	order	0.0209
lunch	hungry	restaurant	0.0197
lunch	hungry	lunch	0.0184
lunch	hungry	dinner	0.0172
lunch	hungry	breakfast	0.0159
lunch	lunch	eat	0.0354
lunch	lunch	cook	0.0335
lunch	lunch	order	0.0316
lunch	lunch	restaurant	0.0297
lunch	lunch	lunch	0.0278
lunch	lunch	dinner	0.0260
lunch	lunch	breakfast	0.0241
lunch	lunch	coffee	0.0222
lunch	order	eat	0.0402
lunch	order	cook	0.0381
lunch	order	order	0.0359
lunch	order	restaurant	0.0338
lunch	order	lunch	0.0316
lunch	order	dinner	0.0295
lunch	order	breakfast	0.0273
lunch	order	coffee	0.0252
lunch	pizza	eat	0.0258
lunch	pizza	cook	0.0244
lunch	pizza	order	0.0230
lunch	pizza	restaurant	0.0217
lunch	pizza	lunch	0.0203
lunch	pizza	dinner	0.0189
lunch	pizza	breakfast	0.0175
lunch	pizza	coffee	0.0162
lunch	restaurant	eat	0.0378
lunch	restaurant	cook	0.0358
lunch	restaurant	order	0.0338
lunch	restaurant	restaurant	0.0318
lunch	restaurant	lunch	0.0297
lunch	restaurant	dinner	0.0277
lunch	restaurant	breakfast	0.0257
lunch	restaurant	coffee	0.0237
make	a	lot	0.0160
make	it	is	0.0300
make	it	was	0.0216
manager	client	meeting	0.0354
manager	client	project	0.0335
manager	client	deadline	0.0316
manager	client	report	0.0297
manager	client	client	0.0278
manager	client	email	0.0260
manager	client	office	0.0241
manager	client	manager	0.0222
manager	deadline	meeting	0.0402
manager	deadline	project	0.0381
manager	deadline	deadline	0.0359
manager	deadline	report	0.0338
manager	deadline	client	0.0316
manager	deadline	email	0.0295
manager	deadline	office	0.0273
manager	deadline	manager	0.0252
manager	email	code	0.0330
manager	email	app	0.0312
manager	email	phone	0.0295
manager	email	laptop	0.0277
manager	email	software	0.0260
manager	email	update	0.0242
manager	email	bug	0.0224
manager	email	server	0.0207
manager	manager	meeting	0.0282
manager	manager	project	0.0267
manager	manager	deadline	0.0252
manager	manager	report	0.0237
manager	manager	client	0.0222
manager	manager	email	0.0207
manager	manager	office	0.0192
manager	manager	manager	0.0177
manager	meeting	meeting	0.0450
manager	meeting	project	0.0426
manager	meeting	deadline	0.0402
manager	meeting	report	0.0378
manager	meeting	client	0.0354
manager	meeting	email	0.0330
manager	meeting	office	0.0306
manager	meeting	manager	0.0282
manager	office	meeting	0.0306
manager	office	project	0.0290
manager	office	deadline	0.0273
manager	office	report	0.0257
manager	office	client	0.0241
manager	office	email	0.0224
manager	office	office	0.0208
manager	office	manager	0.0192
manager	project	meeting	0.0426
manager	project	project	0.0403
manager	project	deadline	0.0381
manager	project	report	0.0358
manager	project	client	0.0335
manager	project	email	0.0312
manager	project	office	0.0290
manager	project	manager	0.0267
manager	report	meeting	0.0378
manager	report	project	0.0358
manager	report	deadline	0.0338
manager	report	report	0.0318
manager	report	client	0.0297
manager	report	email	0.0277
manager	report	office	0.0257
manager	report	manager	0.0237
manager	schedule	meeting	0.0234
manager	schedule	project	0.0222
manager	schedule	deadline	0.0209
manager	schedule	report	0.0197
manager	schedule	client	0.0184
manager	schedule	email	0.0172
manager	schedule	office	0.0159
manager	task	meeting	0.0258
manager	task	project	0.0244
manager	task	deadline	0.0230
manager	task	report	0.0217
manager	task	client	0.0203
manager	task	email	0.0189
manager	task	office	0.0175
manager	task	manager	0.0162
match	football	game	0.0234
match	football	team	0.0222
match	football	score	0.0209
match	football	match	0.0197
match	football	player	0.0184
match	football	win	0.0172
match	football	lose	0.0159
match	game	game	0.0450
match	game	team	0.0426
match	game	score	0.0402
match	game	match	0.0378
match	game	player	0.0354
match	game	win	0.0330
match	game	lose	0.0306
match	game	goal	0.0282
match	match	game	0.0378
match	match	team	0.0358
match	match	score	0.0338
match	match	match	0.0318
match	match	player	0.0297
match	match	win	0.0277
match	match	lose	0.0257
match	match	goal	0.0237
match	player	game	0.0354
match	player	team	0.0335
match	player	score	0.0316
match	player	match	0.0297
match	player	player	0.0278
match	player	win	0.0260
match	player	lose	0.0241
match	player	goal	0.0222
match	score	game	0.0402
match	score	team	0.0381
match	score	score	0.0359
match	score	match	0.0338
match	score	player	0.0316
match	score	win	0.0295
match	score	lose	0.0273
match	score	goal	0.0252
match	team	game	0.0426
match	team	team	0.0403
match	team	score	0.0381
match	team	match	0.0358
match	team	player	0.0335
match	team	win	0.0312
match	team	lose	0.0290
match	team	goal	0.0267
match	win	game	0.0330
match	win	team	0.0312
match	win	score	0.0295
match	win	match	0.0277
match	win	player	0.0260
match	win	win	0.0242
match	win	lose	0.0224
match	win	goal	0.0207
meal	breakfast	eat	0.0306
meal	breakfast	cook	0.0290
meal	breakfast	order	0.0273
meal	breakfast	restaurant	0.0257
meal	breakfast	lunch	0.0241
meal	breakfast	dinner	0.0224
meal	breakfast	breakfast	0.0208
meal	breakfast	coffee	0.0192
meal	coffee	eat	0.0282
meal	coffee	cook	0.0267
meal	coffee	order	0.0252
meal	coffee	restaurant	0.0237
meal	coffee	lunch	0.0222
meal	coffee	dinner	0.0207
meal	coffee	breakfast	0.0192
meal	coffee	coffee	0.0177
meal	cook	eat	0.0426
meal	cook	cook	0.0403
meal	cook	order	0.0381
meal	cook	restaurant	0.0358
meal	cook	lunch	0.0335
meal	cook	dinner	0.0312
meal	cook	breakfast	0.0290
meal	cook	coffee	0.0267
meal	dinner	eat	0.0330
meal	dinner	cook	0.0312
meal	dinner	order	0.0295
meal	dinner	restaurant	0.0277
meal	dinner	lunch	0.0260
meal	dinner	dinner	0.0242
meal	dinner	breakfast	0.0224
meal	dinner	coffee	0.0207
meal	eat	eat	0.0450
meal	eat	cook	0.0426
meal	eat	order	0.0402
meal	eat	restaurant	0.0378
meal	eat	lunch	0.0354
meal	eat	dinner	0.0330
meal	eat	breakfast	0.0306
meal	eat	coffee	0.0282
meal	hungry	eat	0.0234
meal	hungry	cook	0.0222
meal	hungry	order	0.0209
meal	hungry	restaurant	0.0197
meal	hungry	lunch	0.0184
meal	hungry	dinner	0.0172
meal	hungry	breakfast	0.0159
meal	lunch	eat	0.0354
meal	lunch	cook	0.0335
meal	lunch	order	0.0316
meal	lunch	restaurant	0.0297
meal	lunch	lunch	0.0278
meal	lunch	dinner	0.0260
meal	lunch	breakfast	0.0241
meal	lunch	coffee	0.0222
meal	order	eat	0.0402
meal	order	cook	0.0381
meal	order	order	0.0359
meal	order	restaurant	0.0338
meal	order	lunch	0.0316
meal	order	dinner	0.0295
meal	order	breakfast	0.0273
meal	order	coffee	0.0252
meal	pizza	eat	0.0258
meal	pizza	cook	0.0244
meal	pizza	order	0.0230
meal	pizza	restaurant	0.0217
meal	pizza	lunch	0.0203
meal	pizza	dinner	0.0189
meal	pizza	breakfast	0.0175
meal	pizza	coffee	0.0162
meal	restaurant	eat	0.0378
meal	restaurant	cook	0.0358
meal	restaurant	order	0.0338
meal	restaurant	restaurant	0.0318
meal	restaurant	lunch	0.0297
meal	restaurant	dinner	0.0277
meal	restaurant	breakfast	0.0257
meal	restaurant	coffee	0.0237
medicine	diet	doctor	0.0234
medicine	diet	hospital	0.0222
medicine	diet	medicine	0.0209
medicine	diet	pain	0.0197
medicine	diet	sick	0.0184
medicine	diet	fever	0.0172
medicine	diet	headache	0.0159
medicine	doctor	doctor	0.0450
medicine	doctor	hospital	0.0426
medicine	doctor	medicine	0.0402
medicine	doctor	pain	0.0378
medicine	doctor	sick	0.0354
medicine	doctor	fever	0.0330
medicine	doctor	headache	0.0306
medicine	doctor	exercise	0.0282
medicine	exercise	doctor	0.0282
medicine	exercise	hospital	0.0267
medicine	exercise	medicine	0.0252
medicine	exercise	pain	0.0237
medicine	exercise	sick	0.0222
medicine	exercise	fever	0.0207
medicine	exercise	headache	0.0192
medicine	exercise	exercise	0.0177
medicine	fever	doctor	0.0330
medicine	fever	hospital	0.0312
medicine	fever	medicine	0.0295
medicine	fever	pain	0.0277
medicine	fever	sick	0.0260
medicine	fever	fever	0.0242
medicine	fever	headache	0.0224
medicine	fever	exercise	0.0207
medicine	headache	doctor	0.0306
medicine	headache	hospital	0.0290
medicine	headache	medicine	0.0273
medicine	headache	pain	0.0257
medicine	headache	sick	0.0241
medicine	headache	fever	0.0224
medicine	headache	headache	0.0208
medicine	headache	exercise	0.0192
medicine	hospital	doctor	0.0426
medicine	hospital	hospital	0.0403
medicine	hospital	medicine	0.0381
medicine	hospital	pain	0.0358
medicine	hospital	sick	0.0335
medicine	hospital	fever	0.0312
medicine	hospital	headache	0.0290
medicine	hospital	exercise	0.0267
medicine	medicine	doctor	0.0402
medicine	medicine	hospital	0.0381
medicine	medicine	medicine	0.0359
medicine	medicine	pain	0.0338
medicine	medicine	sick	0.0316
medicine	medicine	fever	0.0295
medicine	medicine	headache	0.0273
medicine	medicine	exercise	0.0252
medicine	pain	doctor	0.0378
medicine	pain	hospital	0.0358
medicine	pain	medicine	0.0338
medicine	pain	pain	0.0318
medicine	pain	sick	0.0297
medicine	pain	fever	0.0277
medicine	pain	headache	0.0257
medicine	pain	exercise	0.0237
medicine	sick	doctor	0.0354
medicine	sick	hospital	0.0335
medicine	sick	medicine	0.0316
medicine	sick	pain	0.0297
medicine	sick	sick	0.0278
medicine	sick	fever	0.0260
medicine	sick	headache	0.0241
medicine	sick	exercise	0.0222
medicine	sleep	doctor	0.0258
medicine	sleep	hospital	0.0244
medicine	sleep	medicine	0.0230
medicine	sleep	pain	0.0217
medicine	sleep	sick	0.0203
medicine	sleep	fever	0.0189
medicine	sleep	headache	0.0175
medicine	sleep	exercise	0.0162
meet	at	the	0.0352
meet	at	a	0.0160
meet	me	at	0.2500
meet	me	there	0.1500
meet	me	here	0.1200
meet	me	later	0.0800
meet	me	tomorrow	0.0600
meet	me	today	0.0400
meet	me	soon	0.0300
meet	me	outside	0.0200
meet	me	inside	0.0200
meet	me	halfway	0.0200
meet	there	is	0.0240
meet	there	are	0.0200
meet	with	the	0.0160
meet	you	are	0.0800
meet	you	can	0.0560
meet	you	will	0.0400
meet	you	know	0.0320
meet	you	have	0.0320
meet	you	should	0.0240
meet	you	need	0.0200
meet	you	want	0.0200
meeting	client	meeting	0.0354
meeting	client	project	0.0335
meeting	client	deadline	0.0316
meeting	client	report	0.0297
meeting	client	client	0.0278
meeting	client	email	0.0260
meeting	client	office	0.0241
meeting	client	manager	0.0222
meeting	deadline	meeting	0.0402
meeting	deadline	project	0.0381
meeting	deadline	deadline	0.0359
meeting	deadline	report	0.0338
meeting	deadline	client	0.0316
meeting	deadline	email	0.0295
meeting	deadline	office	0.0273
meeting	deadline	manager	0.0252
meeting	email	code	0.0330
meeting	email	app	0.0312
meeting	email	phone	0.0295
meeting	email	laptop	0.0277
meeting	email	software	0.0260
meeting	email	update	0.0242
meeting	email	bug	0.0224
meeting	email	server	0.0207
meeting	manager	meeting	0.0282
meeting	manager	project	0.0267
meeting	manager	deadline	0.0252
meeting	manager	report	0.0237
meeting	manager	client	0.0222
meeting	manager	email	0.0207
meeting	manager	office	0.0192
meeting	manager	manager	0.0177
meeting	meeting	meeting	0.0450
meeting	meeting	project	0.0426
meeting	meeting	deadline	0.0402
meeting	meeting	report	0.0378
meeting	meeting	client	0.0354
meeting	meeting	email	0.0330
meeting	meeting	office	0.0306
meeting	meeting	manager	0.0282
meeting	office	meeting	0.0306
meeting	office	project	0.0290
meeting	office	deadline	0.0273
meeting	office	report	0.0257
meeting	office	client	0.0241
meeting	office	email	0.0224
meeting	office	office	0.0208
meeting	office	manager	0.0192
meeting	project	meeting	0.0426
meeting	project	project	0.0403
meeting	project	deadline	0.0381
meeting	project	report	0.0358
meeting	project	client	0.0335
meeting	project	email	0.0312
meeting	project	office	0.0290
meeting	project	manager	0.0267
meeting	report	meeting	0.0378
meeting	report	project	0.0358
meeting	report	deadline	0.0338
meeting	report	report	0.0318
meeting	report	client	0.0297
meeting	report	email	0.0277
meeting	report	office	0.0257
meeting	report	manager	0.0237
meeting	schedule	meeting	0.0234
meeting	schedule	project	0.0222
meeting	schedule	deadline	0.0209
meeting	schedule	report	0.0197
meeting	schedule	client	0.0184
meeting	schedule	email	0.0172
meeting	schedule	office	0.0159
meeting	task	meeting	0.0258
meeting	task	project	0.0244
meeting	task	deadline	0.0230
meeting	task	report	0.0217
meeting	task	client	0.0203
meeting	task	email	0.0189
meeting	task	office	0.0175
meeting	task	manager	0.0162
message	chat	friend	0.0330
message	chat	party	0.0312
message	chat	event	0.0295
message	chat	invite	0.0277
message	chat	message	0.0260
message	chat	chat	0.0242
message	chat	post	0.0224
message	chat	share	0.0207
message	comment	friend	0.0234
message	comment	party	0.0222
message	comment	event	0.0209
message	comment	invite	0.0197
message	comment	message	0.0184
message	comment	chat	0.0172
message	comment	post	0.0159
message	event	friend	0.0402
message	event	party	0.0381
message	event	event	0.0359
message	event	invite	0.0338
message	event	message	0.0316
message	event	chat	0.0295
message	event	post	0.0273
message	event	share	0.0252
message	friend	friend	0.0450
message	friend	party	0.0426
message	friend	event	0.0402
message	friend	invite	0.0378
message	friend	message	0.0354
message	friend	chat	0.0330
message	friend	post	0.0306
message	friend	share	0.0282
message	invite	friend	0.0378
message	invite	party	0.0358
message	invite	event	0.0338
message	invite	invite	0.0318
message	invite	message	0.0297
message	invite	chat	0.0277
message	invite	post	0.0257
message	invite	share	0.0237
message	like	friend	0.0258
message	like	party	0.0244
message	like	event	0.0230
message	like	invite	0.0217
message	like	message	0.0203
message	like	chat	0.0189
message	like	post	0.0175
message	like	share	0.0162
message	message	friend	0.0354
message	message	party	0.0335
message	message	event	0.0316
message	message	invite	0.0297
message	message	message	0.0278
message	message	chat	0.0260
message	message	post	0.0241
message	message	share	0.0222
message	party	friend	0.0426
message	party	party	0.0403
message	party	event	0.0381
message	party	invite	0.0358
message	party	message	0.0335
message	party	chat	0.0312
message	party	post	0.0290
message	party	share	0.0267
message	post	friend	0.0306
message	post	party	0.0290
message	post	event	0.0273
message	post	invite	0.0257
message	post	message	0.0241
message	post	chat	0.0224
message	post	post	0.0208
message	post	share	0.0192
message	share	friend	0.0282
message	share	party	0.0267
message	share	event	0.0252
message	share	invite	0.0237
message	share	message	0.0222
message	share	chat	0.0207
message	share	post	0.0192
message	share	share	0.0177
minute	at	the	0.0176
minute	in	the	0.0180
minute	is	it	0.0150
minute	on	the	0.0168
miss	it	is	0.0400
miss	it	was	0.0288
miss	you	are	0.1200
miss	you	can	0.0840
miss	you	will	0.0600
miss	you	know	0.0480
miss	you	have	0.0480
miss	you	should	0.0360
miss	you	need	0.0300
miss	you	want	0.0300
mom	baby	mom	0.0234
mom	baby	dad	0.0222
mom	baby	sister	0.0209
mom	baby	brother	0.0197
mom	baby	son	0.0184
mom	baby	daughter	0.0172
mom	baby	family	0.0159
mom	brother	mom	0.0378
mom	brother	dad	0.0358
mom	brother	sister	0.0338
mom	brother	brother	0.0318
mom	brother	son	0.0297
mom	brother	daughter	0.0277
mom	brother	family	0.0257
mom	brother	kids	0.0237
mom	dad	mom	0.0426
mom	dad	dad	0.0403
mom	dad	sister	0.0381
mom	dad	brother	0.0358
mom	dad	son	0.0335
mom	dad	daughter	0.0312
mom	dad	family	0.0290
mom	dad	kids	0.0267
mom	daughter	mom	0.0330
mom	daughter	dad	0.0312
mom	daughter	sister	0.0295
mom	daughter	brother	0.0277
mom	daughter	son	0.0260
mom	daughter	daughter	0.0242
mom	daughter	family	0.0224
mom	daughter	kids	0.0207
mom	family	mom	0.0306
mom	family	dad	0.0290
mom	family	sister	0.0273
mom	family	brother	0.0257
mom	family	son	0.0241
mom	family	daughter	0.0224
mom	family	family	0.0208
mom	family	kids	0.0192
mom	kids	mom	0.0282
mom	kids	dad	0.0267
mom	kids	sister	0.0252
mom	kids	brother	0.0237
mom	kids	son	0.0222
mom	kids	daughter	0.0207
mom	kids	family	0.0192
mom	kids	kids	0.0177
mom	mom	mom	0.0450
mom	mom	dad	0.0426
mom	mom	sister	0.0402
mom	mom	brother	0.0378
mom	mom	son	0.0354
mom	mom	daughter	0.0330
mom	mom	family	0.0306
mom	mom	kids	0.0282
mom	parents	mom	0.0258
mom	parents	dad	0.0244
mom	parents	sister	0.0230
mom	parents	brother	0.0217
mom	parents	son	0.0203
mom	parents	daughter	0.0189
mom	parents	family	0.0175
mom	parents	kids	0.0162
mom	sister	mom	0.0402
mom	sister	dad	0.0381
mom	sister	sister	0.0359
mom	sister	brother	0.0338
mom	sister	son	0.0316
mom	sister	daughter	0.0295
mom	sister	family	0.0273
mom	sister	kids	0.0252
mom	son	mom	0.0354
mom	son	dad	0.0335
mom	son	sister	0.0316
mom	son	brother	0.0297
mom	son	son	0.0278
mom	son	daughter	0.0260
mom	son	family	0.0241
mom	son	kids	0.0222
monday	at	the	0.0176
monday	in	the	0.0180
monday	is	it	0.0150
monday	on	the	0.0168
money	bank	money	0.0426
money	bank	bank	0.0403
money	bank	payment	0.0381
money	bank	budget	0.0358
money	bank	cost	0.0335
money	bank	price	0.0312
money	bank	bill	0.0290
money	bank	invoice	0.0267
money	bill	money	0.0306
money	bill	bank	0.0290
money	bill	payment	0.0273
money	bill	budget	0.0257
money	bill	cost	0.0241
money	bill	price	0.0224
money	bill	bill	0.0208
money	bill	invoice	0.0192
money	budget	meeting	0.0378
money	budget	project	0.0358
money	budget	deadline	0.0338
money	budget	report	0.0318
money	budget	client	0.0297
money	budget	email	0.0277
money	budget	office	0.0257
money	budget	manager	0.0237
money	cost	money	0.0354
money	cost	bank	0.0335
money	cost	payment	0.0316
money	cost	budget	0.0297
money	cost	cost	0.0278
money	cost	price	0.0260
money	cost	bill	0.0241
money	cost	invoice	0.0222
money	invoice	money	0.0282
money	invoice	bank	0.0267
money	invoice	payment	0.0252
money	invoice	budget	0.0237
money	invoice	cost	0.0222
money	invoice	price	0.0207
money	invoice	bill	0.0192
money	invoice	invoice	0.0177
money	money	money	0.0450
money	money	bank	0.0426
money	money	payment	0.0402
money	money	budget	0.0378
money	money	cost	0.0354
money	money	price	0.0330
money	money	bill	0.0306
money	money	invoice	0.0282
money	payment	buy	0.0402
money	payment	store	0.0381
money	payment	order	0.0359
money	payment	delivery	0.0338
money	payment	price	0.0316
money	payment	sale	0.0295
money	payment	discount	0.0273
money	payment	cart	0.0252
money	price	buy	0.0330
money	price	store	0.0312
money	price	order	0.0295
money	price	delivery	0.0277
money	price	price	0.0260
money	price	sale	0.0242
money	price	discount	0.0224
money	price	cart	0.0207
money	salary	money	0.0258
money	salary	bank	0.0244
money	salary	payment	0.0230
money	salary	budget	0.0217
money	salary	cost	0.0203
money	salary	price	0.0189
money	salary	bill	0.0175
money	salary	invoice	0.0162
money	tax	money	0.0234
money	tax	bank	0.0222
money	tax	payment	0.0209
money	tax	budget	0.0197
money	tax	cost	0.0184
money	tax	price	0.0172
money	tax	bill	0.0159
month	at	the	0.0176
month	in	the	0.0180
month	is	it	0.0150
month	on	the	0.0168
morning	at	the	0.0176
morning	in	the	0.0180
morning	is	it	0.0150
morning	on	the	0.0168
move	apartment	house	0.0426
move	apartment	apartment	0.0403
move	apartment	room	0.0381
move	apartment	kitchen	0.0358
move	apartment	bedroom	0.0335
move	apartment	bathroom	0.0312
move	apartment	clean	0.0290
move	apartment	repair	0.0267
move	bedroom	house	0.0354
move	bedroom	apartment	0.0335
move	bedroom	room	0.0316
move	bedroom	kitchen	0.0297
move	bedroom	bedroom	0.0278
move	bedroom	bathroom	0.0260
move	bedroom	clean	0.0241
move	bedroom	repair	0.0222
move	clean	house	0.0306
move	clean	apartment	0.0290
move	clean	room	0.0273
move	clean	kitchen	0.0257
move	clean	bedroom	0.0241
move	clean	bathroom	0.0224
move	clean	clean	0.0208
move	clean	repair	0.0192
move	furniture	house	0.0258
move	furniture	apartment	0.0244
move	furniture	room	0.0230
move	furniture	kitchen	0.0217
move	furniture	bedroom	0.0203
move	furniture	bathroom	0.0189
move	furniture	clean	0.0175
move	furniture	repair	0.0162
move	house	house	0.0450
move	house	apartment	0.0426
move	house	room	0.0402
move	house	kitchen	0.0378
move	house	bedroom	0.0354
move	house	bathroom	0.0330
move	house	clean	0.0306
move	house	repair	0.0282
move	kitchen	house	0.0378
move	kitchen	apartment	0.0358
move	kitchen	room	0.0338
move	kitchen	kitchen	0.0318
move	kitchen	bedroom	0.0297
move	kitchen	bathroom	0.0277
move	kitchen	clean	0.0257
move	kitchen	repair	0.0237
move	rent	house	0.0234
move	rent	apartment	0.0222
move	rent	room	0.0209
move	rent	kitchen	0.0197
move	rent	bedroom	0.0184
move	rent	bathroom	0.0172
move	rent	clean	0.0159
move	repair	house	0.0282
move	repair	apartment	0.0267
move	repair	room	0.0252
move	repair	kitchen	0.0237
move	repair	bedroom	0.0222
move	repair	bathroom	0.0207
move	repair	clean	0.0192
move	repair	repair	0.0177
move	room	house	0.0402
move	room	apartment	0.0381
move	room	room	0.0359
move	room	kitchen	0.0338
move	room	bedroom	0.0316
move	room	bathroom	0.0295
move	room	clean	0.0273
move	room	repair	0.0252
movie	book	movie	0.0330
movie	book	music	0.0312
movie	book	game	0.0295
movie	book	show	0.0277
movie	book	concert	0.0260
movie	book	book	0.0242
movie	book	video	0.0224
movie	book	stream	0.0207
movie	concert	movie	0.0354
movie	concert	music	0.0335
movie	concert	game	0.0316
movie	concert	show	0.0297
movie	concert	concert	0.0278
movie	concert	book	0.0260
movie	concert	video	0.0241
movie	concert	stream	0.0222
movie	game	game	0.0402
movie	game	team	0.0381
movie	game	score	0.0359
movie	game	match	0.0338
movie	game	player	0.0316
movie	game	win	0.0295
movie	game	lose	0.0273
movie	game	goal	0.0252
movie	listen	movie	0.0234
movie	listen	music	0.0222
movie	listen	game	0.0209
movie	listen	show	0.0197
movie	listen	concert	0.0184
movie	listen	book	0.0172
movie	listen	video	0.0159
movie	movie	movie	0.0450
movie	movie	music	0.0426
movie	movie	game	0.0402
movie	movie	show	0.0378
movie	movie	concert	0.0354
movie	movie	book	0.0330
movie	movie	video	0.0306
movie	movie	stream	0.0282
movie	music	movie	0.0426
movie	music	music	0.0403
movie	music	game	0.0381
movie	music	show	0.0358
movie	music	concert	0.0335
movie	music	book	0.0312
movie	music	video	0.0290
movie	music	stream	0.0267
movie	show	movie	0.0378
movie	show	music	0.0358
movie	show	game	0.0338
movie	show	show	0.0318
movie	show	concert	0.0297
movie	show	book	0.0277
movie	show	video	0.0257
movie	show	stream	0.0237
movie	stream	movie	0.0282
movie	stream	music	0.0267
movie	stream	game	0.0252
movie	stream	show	0.0237
movie	stream	concert	0.0222
movie	stream	book	0.0207
movie	stream	video	0.0192
movie	stream	stream	0.0177
movie	video	movie	0.0306
movie	video	music	0.0290
movie	video	game	0.0273
movie	video	show	0.0257
movie	video	concert	0.0241
movie	video	book	0.0224
movie	video	video	0.0208
movie	video	stream	0.0192
movie	watch	movie	0.0258
movie	watch	music	0.0244
movie	watch	game	0.0230
movie	watch	show	0.0217
movie	watch	concert	0.0203
movie	watch	book	0.0189
movie	watch	video	0.0175
movie	watch	stream	0.0162
music	book	movie	0.0330
music	book	music	0.0312
music	book	game	0.0295
music	book	show	0.0277
music	book	concert	0.0260
music	book	book	0.0242
music	book	video	0.0224
music	book	stream	0.0207
music	concert	movie	0.0354
music	concert	music	0.0335
music	concert	game	0.0316
music	concert	show	0.0297
music	concert	concert	0.0278
music	concert	book	0.0260
music	concert	video	0.0241
music	concert	stream	0.0222
music	game	game	0.0402
music	game	team	0.0381
music	game	score	0.0359
music	game	match	0.0338
music	game	player	0.0316
music	game	win	0.0295
music	game	lose	0.0273
music	game	goal	0.0252
music	listen	movie	0.0234
music	listen	music	0.0222
music	listen	game	0.0209
music	listen	show	0.0197
music	listen	concert	0.0184
music	listen	book	0.0172
music	listen	video	0.0159
music	movie	movie	0.0450
music	movie	music	0.0426
music	movie	game	0.0402
music	movie	show	0.0378
music	movie	concert	0.0354
music	movie	book	0.0330
music	movie	video	0.0306
music	movie	stream	0.0282
music	music	movie	0.0426
music	music	music	0.0403
music	music	game	0.0381
music	music	show	0.0358
music	music	concert	0.0335
music	music	book	0.0312
music	music	video	0.0290
music	music	stream	0.0267
music	show	movie	0.0378
music	show	music	0.0358
music	show	game	0.0338
music	show	show	0.0318
music	show	concert	0.0297
music	show	book	0.0277
music	show	video	0.0257
music	show	stream	0.0237
music	stream	movie	0.0282
music	stream	music	0.0267
music	stream	game	0.0252
music	stream	show	0.0237
music	stream	concert	0.0222
music	stream	book	0.0207
music	stream	video	0.0192
music	stream	stream	0.0177
music	video	movie	0.0306
music	video	music	0.0290
music	video	game	0.0273
music	video	show	0.0257
music	video	concert	0.0241
music	video	book	0.0224
music	video	video	0.0208
music	video	stream	0.0192
music	watch	movie	0.0258
music	watch	music	0.0244
music	watch	game	0.0230
music	watch	show	0.0217
music	watch	concert	0.0203
music	watch	book	0.0189
music	watch	video	0.0175
music	watch	stream	0.0162
my	email	code	0.0180
my	email	app	0.0170
my	email	phone	0.0161
my	email	laptop	0.0151
my	phone	code	0.0180
my	phone	app	0.0170
my	phone	phone	0.0161
my	phone	laptop	0.0151
need	a	lot	0.0160
need	help	me	0.0200
need	help	you	0.0150
need	to	the	0.1680
need	to	go	0.1500
need	to	get	0.1400
need	to	a	0.0840
need	to	talk	0.0800
need	to	be	0.0672
need	to	check	0.0600
need	to	do	0.0504
need	to	finish	0.0500
need	to	start	0.0400
need	to	leave	0.0400
need	to	make	0.0336
need	to	see	0.0336
need	to	call	0.0300
need	to	send	0.0300
need	to	meet	0.0300
need	to	eat	0.0200
need	to	sleep	0.0200
need	to	rest	0.0200
need	to	work	0.0200
need	to	study	0.0200
need	you	are	0.0160
neighbor	apartment	house	0.0426
neighbor	apartment	apartment	0.0403
neighbor	apartment	room	0.0381
neighbor	apartment	kitchen	0.0358
neighbor	apartment	bedroom	0.0335
neighbor	apartment	bathroom	0.0312
neighbor	apartment	clean	0.0290
neighbor	apartment	repair	0.0267
neighbor	bedroom	house	0.0354
neighbor	bedroom	apartment	0.0335
neighbor	bedroom	room	0.0316
neighbor	bedroom	kitchen	0.0297
neighbor	bedroom	bedroom	0.0278
neighbor	bedroom	bathroom	0.0260
neighbor	bedroom	clean	0.0241
neighbor	bedroom	repair	0.0222
neighbor	clean	house	0.0306
neighbor	clean	apartment	0.0290
neighbor	clean	room	0.0273
neighbor	clean	kitchen	0.0257
neighbor	clean	bedroom	0.0241
neighbor	clean	bathroom	0.0224
neighbor	clean	clean	0.0208
neighbor	clean	repair	0.0192
neighbor	furniture	house	0.0258
neighbor	furniture	apartment	0.0244
neighbor	furniture	room	0.0230
neighbor	furniture	kitchen	0.0217
neighbor	furniture	bedroom	0.0203
neighbor	furniture	bathroom	0.0189
neighbor	furniture	clean	0.0175
neighbor	furniture	repair	0.0162
neighbor	house	house	0.0450
neighbor	house	apartment	0.0426
neighbor	house	room	0.0402
neighbor	house	kitchen	0.0378
neighbor	house	bedroom	0.0354
neighbor	house	bathroom	0.0330
neighbor	house	clean	0.0306
neighbor	house	repair	0.0282
neighbor	kitchen	house	0.0378
neighbor	kitchen	apartment	0.0358
neighbor	kitchen	room	0.0338
neighbor	kitchen	kitchen	0.0318
neighbor	kitchen	bedroom	0.0297
neighbor	kitchen	bathroom	0.0277
neighbor	kitchen	clean	0.0257
neighbor	kitchen	repair	0.0237
neighbor	rent	house	0.0234
neighbor	rent	apartment	0.0222
neighbor	rent	room	0.0209
neighbor	rent	kitchen	0.0197
neighbor	rent	bedroom	0.0184
neighbor	rent	bathroom	0.0172
neighbor	rent	clean	0.0159
neighbor	repair	house	0.0282
neighbor	repair	apartment	0.0267
neighbor	repair	room	0.0252
neighbor	repair	kitchen	0.0237
neighbor	repair	bedroom	0.0222
neighbor	repair	bathroom	0.0207
neighbor	repair	clean	0.0192
neighbor	repair	repair	0.0177
neighbor	room	house	0.0402
neighbor	room	apartment	0.0381
neighbor	room	room	0.0359
neighbor	room	kitchen	0.0338
neighbor	room	bedroom	0.0316
neighbor	room	bathroom	0.0295
neighbor	room	clean	0.0273
neighbor	room	repair	0.0252
network	chat	friend	0.0330
network	chat	party	0.0312
network	chat	event	0.0295
network	chat	invite	0.0277
network	chat	message	0.0260
network	chat	chat	0.0242
network	chat	post	0.0224
network	chat	share	0.0207
network	comment	friend	0.0234
network	comment	party	0.0222
network	comment	event	0.0209
network	comment	invite	0.0197
network	comment	message	0.0184
network	comment	chat	0.0172
network	comment	post	0.0159
network	event	friend	0.0402
network	event	party	0.0381
network	event	event	0.0359
network	event	invite	0.0338
network	event	message	0.0316
network	event	chat	0.0295
network	event	post	0.0273
network	event	share	0.0252
network	friend	friend	0.0450
network	friend	party	0.0426
network	friend	event	0.0402
network	friend	invite	0.0378
network	friend	message	0.0354
network	friend	chat	0.0330
network	friend	post	0.0306
network	friend	share	0.0282
network	invite	friend	0.0378
network	invite	party	0.0358
network	invite	event	0.0338
network	invite	invite	0.0318
network	invite	message	0.0297
network	invite	chat	0.0277
network	invite	post	0.0257
network	invite	share	0.0237
network	like	friend	0.0258
network	like	party	0.0244
network	like	event	0.0230
network	like	invite	0.0217
network	like	message	0.0203
network	like	chat	0.0189
network	like	post	0.0175
network	like	share	0.0162
network	message	friend	0.0354
network	message	party	0.0335
network	message	event	0.0316
network	message	invite	0.0297
network	message	message	0.0278
network	message	chat	0.0260
network	message	post	0.0241
network	message	share	0.0222
network	party	friend	0.0426
network	party	party	0.0403
network	party	event	0.0381
network	party	invite	0.0358
network	party	message	0.0335
network	party	chat	0.0312
network	party	post	0.0290
network	party	share	0.0267
network	post	friend	0.0306
network	post	party	0.0290
network	post	event	0.0273
network	post	invite	0.0257
network	post	message	0.0241
network	post	chat	0.0224
network	post	post	0.0208
network	post	share	0.0192
network	share	friend	0.0282
network	share	party	0.0267
network	share	event	0.0252
network	share	invite	0.0237
network	share	message	0.0222
network	share	chat	0.0207
network	share	post	0.0192
network	share	share	0.0177
nice	to	meet	0.5500
nice	to	see	0.3000
nice	to	hear	0.0800
nice	to	the	0.0800
nice	to	talk	0.0400
nice	to	a	0.0400
nice	to	be	0.0320
nice	to	do	0.0240
nice	to	know	0.0200
nice	to	have	0.0200
nice	to	work	0.0200
nice	to	chat	0.0200
nice	to	connect	0.0200
nice	to	collaborate	0.0200
nice	to	get	0.0200
nice	to	make	0.0160
nice	to	go	0.0160
nice	work	on	0.0160
night	at	the	0.0176
night	in	the	0.0180
night	is	it	0.0150
night	on	the	0.0168
now	at	the	0.0176
now	in	the	0.0180
now	is	it	0.0150
now	on	the	0.0168
of	a	lot	0.0200
of	the	day	0.1000
of	the	week	0.0800
of	the	month	0.0600
of	the	year	0.0500
of	the	time	0.0400
of	the	world	0.0300
of	the	best	0.0300
of	the	same	0.0240
of	the	first	0.0240
of	the	other	0.0240
of	the	next	0.0240
of	the	last	0.0240
of	the	country	0.0200
of	the	city	0.0200
of	the	team	0.0200
of	the	company	0.0200
of	the	project	0.0200
of	the	meeting	0.0200
of	the	report	0.0200
of	the	issue	0.0200
of	the	problem	0.0200
of	the	only	0.0180
of	the	main	0.0180
office	client	meeting	0.0354
office	client	project	0.0335
office	client	deadline	0.0316
office	client	report	0.0297
office	client	client	0.0278
office	client	email	0.0260
office	client	office	0.0241
office	client	manager	0.0222
office	deadline	meeting	0.0402
office	deadline	project	0.0381
office	deadline	deadline	0.0359
office	deadline	report	0.0338
office	deadline	client	0.0316
office	deadline	email	0.0295
office	deadline	office	0.0273
office	deadline	manager	0.0252
office	email	code	0.0330
office	email	app	0.0312
office	email	phone	0.0295
office	email	laptop	0.0277
office	email	software	0.0260
office	email	update	0.0242
office	email	bug	0.0224
office	email	server	0.0207
office	manager	meeting	0.0282
office	manager	project	0.0267
office	manager	deadline	0.0252
office	manager	report	0.0237
office	manager	client	0.0222
office	manager	email	0.0207
office	manager	office	0.0192
office	manager	manager	0.0177
office	meeting	meeting	0.0450
office	meeting	project	0.0426
office	meeting	deadline	0.0402
office	meeting	report	0.0378
office	meeting	client	0.0354
office	meeting	email	0.0330
office	meeting	office	0.0306
office	meeting	manager	0.0282
office	office	meeting	0.0306
office	office	project	0.0290
office	office	deadline	0.0273
office	office	report	0.0257
office	office	client	0.0241
office	office	email	0.0224
office	office	office	0.0208
office	office	manager	0.0192
office	project	meeting	0.0426
office	project	project	0.0403
office	project	deadline	0.0381
office	project	report	0.0358
office	project	client	0.0335
office	project	email	0.0312
office	project	office	0.0290
office	project	manager	0.0267
office	report	meeting	0.0378
office	report	project	0.0358
office	report	deadline	0.0338
office	report	report	0.0318
office	report	client	0.0297
office	report	email	0.0277
office	report	office	0.0257
office	report	manager	0.0237
office	schedule	meeting	0.0234
office	schedule	project	0.0222
office	schedule	deadline	0.0209
office	schedule	report	0.0197
office	schedule	client	0.0184
office	schedule	email	0.0172
office	schedule	office	0.0159
office	task	meeting	0.0258
office	task	project	0.0244
office	task	deadline	0.0230
office	task	report	0.0217
office	task	client	0.0203
office	task	email	0.0189
office	task	office	0.0175
office	task	manager	0.0162
on	a	lot	0.0200
on	that	is	0.0176
on	the	way	0.2000
on	the	phone	0.1200
on	the	road	0.0800
on	the	bus	0.0400
on	the	train	0.0400
on	the	plane	0.0300
on	the	site	0.0300
on	the	best	0.0280
on	the	same	0.0224
on	the	first	0.0224
on	the	other	0.0224
on	the	next	0.0224
on	the	last	0.0224
on	the	page	0.0200
on	the	line	0.0200
on	the	board	0.0200
on	the	track	0.0200
on	the	clock	0.0200
on	the	table	0.0200
on	the	floor	0.0200
on	the	wall	0.0200
on	the	only	0.0168
on	the	main	0.0168
on	this	is	0.0240
open	it	is	0.0750
open	it	was	0.0540
open	it	will	0.0240
open	it	has	0.0240
open	it	would	0.0150
open	it	could	0.0150
order	breakfast	eat	0.0306
order	breakfast	cook	0.0290
order	breakfast	order	0.0273
order	breakfast	restaurant	0.0257
order	breakfast	lunch	0.0241
order	breakfast	dinner	0.0224
order	breakfast	breakfast	0.0208
order	breakfast	coffee	0.0192
order	coffee	eat	0.0282
order	coffee	cook	0.0267
order	coffee	order	0.0252
order	coffee	restaurant	0.0237
order	coffee	lunch	0.0222
order	coffee	dinner	0.0207
order	coffee	breakfast	0.0192
order	coffee	coffee	0.0177
order	cook	eat	0.0426
order	cook	cook	0.0403
order	cook	order	0.0381
order	cook	restaurant	0.0358
order	cook	lunch	0.0335
order	cook	dinner	0.0312
order	cook	breakfast	0.0290
order	cook	coffee	0.0267
order	dinner	eat	0.0330
order	dinner	cook	0.0312
order	dinner	order	0.0295
order	dinner	restaurant	0.0277
order	dinner	lunch	0.0260
order	dinner	dinner	0.0242
order	dinner	breakfast	0.0224
order	dinner	coffee	0.0207
order	eat	eat	0.0450
order	eat	cook	0.0426
order	eat	order	0.0402
order	eat	restaurant	0.0378
order	eat	lunch	0.0354
order	eat	dinner	0.0330
order	eat	breakfast	0.0306
order	eat	coffee	0.0282
order	hungry	eat	0.0234
order	hungry	cook	0.0222
order	hungry	order	0.0209
order	hungry	restaurant	0.0197
order	hungry	lunch	0.0184
order	hungry	dinner	0.0172
order	hungry	breakfast	0.0159
order	lunch	eat	0.0354
order	lunch	cook	0.0335
order	lunch	order	0.0316
order	lunch	restaurant	0.0297
order	lunch	lunch	0.0278
order	lunch	dinner	0.0260
order	lunch	breakfast	0.0241
order	lunch	coffee	0.0222
order	order	eat	0.0402
order	order	cook	0.0381
order	order	order	0.0359
order	order	restaurant	0.0338
order	order	lunch	0.0316
order	order	dinner	0.0295
order	order	breakfast	0.0273
order	order	coffee	0.0252
order	pizza	eat	0.0258
order	pizza	cook	0.0244
order	pizza	order	0.0230
order	pizza	restaurant	0.0217
order	pizza	lunch	0.0203
order	pizza	dinner	0.0189
order	pizza	breakfast	0.0175
order	pizza	coffee	0.0162
order	restaurant	eat	0.0378
order	restaurant	cook	0.0358
order	restaurant	order	0.0338
order	restaurant	restaurant	0.0318
order	restaurant	lunch	0.0297
order	restaurant	dinner	0.0277
order	restaurant	breakfast	0.0257
order	restaurant	coffee	0.0237
over	a	lot	0.0450
over	a	good	0.0270
over	a	little	0.0225
over	a	few	0.0225
over	a	bit	0.0180
over	a	great	0.0180
over	my	name	0.0400
over	my	phone	0.0240
over	my	email	0.0240
over	my	address	0.0160
over	my	opinion	0.0160
over	our	time	0.0240
over	our	day	0.0228
over	our	week	0.0216
over	our	month	0.0204
over	our	year	0.0192
over	our	way	0.0180
over	our	place	0.0168
over	our	thing	0.0156
over	that	is	0.0330
over	that	was	0.0180
over	the	best	0.0250
over	the	same	0.0200
over	the	first	0.0200
over	the	other	0.0200
over	the	next	0.0200
over	the	last	0.0200
over	the	only	0.0150
over	the	main	0.0150
over	their	time	0.0200
over	their	day	0.0190
over	their	week	0.0180
over	their	month	0.0170
over	their	year	0.0160
over	their	way	0.0150
over	this	is	0.0600
over	this	was	0.0160
over	your	name	0.0280
over	your	email	0.0210
over	your	phone	0.0210
pack	apartment	house	0.0426
pack	apartment	apartment	0.0403
pack	apartment	room	0.0381
pack	apartment	kitchen	0.0358
pack	apartment	bedroom	0.0335
pack	apartment	bathroom	0.0312
pack	apartment	clean	0.0290
pack	apartment	repair	0.0267
pack	bedroom	house	0.0354
pack	bedroom	apartment	0.0335
pack	bedroom	room	0.0316
pack	bedroom	kitchen	0.0297
pack	bedroom	bedroom	0.0278
pack	bedroom	bathroom	0.0260
pack	bedroom	clean	0.0241
pack	bedroom	repair	0.0222
pack	clean	house	0.0306
pack	clean	apartment	0.0290
pack	clean	room	0.0273
pack	clean	kitchen	0.0257
pack	clean	bedroom	0.0241
pack	clean	bathroom	0.0224
pack	clean	clean	0.0208
pack	clean	repair	0.0192
pack	furniture	house	0.0258
pack	furniture	apartment	0.0244
pack	furniture	room	0.0230
pack	furniture	kitchen	0.0217
pack	furniture	bedroom	0.0203
pack	furniture	bathroom	0.0189
pack	furniture	clean	0.0175
pack	furniture	repair	0.0162
pack	house	house	0.0450
pack	house	apartment	0.0426
pack	house	room	0.0402
pack	house	kitchen	0.0378
pack	house	bedroom	0.0354
pack	house	bathroom	0.0330
pack	house	clean	0.0306
pack	house	repair	0.0282
pack	kitchen	house	0.0378
pack	kitchen	apartment	0.0358
pack	kitchen	room	0.0338
pack	kitchen	kitchen	0.0318
pack	kitchen	bedroom	0.0297
pack	kitchen	bathroom	0.0277
pack	kitchen	clean	0.0257
pack	kitchen	repair	0.0237
pack	rent	house	0.0234
pack	rent	apartment	0.0222
pack	rent	room	0.0209
pack	rent	kitchen	0.0197
pack	rent	bedroom	0.0184
pack	rent	bathroom	0.0172
pack	rent	clean	0.0159
pack	repair	house	0.0282
pack	repair	apartment	0.0267
pack	repair	room	0.0252
pack	repair	kitchen	0.0237
pack	repair	bedroom	0.0222
pack	repair	bathroom	0.0207
pack	repair	clean	0.0192
pack	repair	repair	0.0177
pack	room	house	0.0402
pack	room	apartment	0.0381
pack	room	room	0.0359
pack	room	kitchen	0.0338
pack	room	bedroom	0.0316
pack	room	bathroom	0.0295
pack	room	clean	0.0273
pack	room	repair	0.0252
package	buy	buy	0.0450
package	buy	store	0.0426
package	buy	order	0.0402
package	buy	delivery	0.0378
package	buy	price	0.0354
package	buy	sale	0.0330
package	buy	discount	0.0306
package	buy	cart	0.0282
package	cart	buy	0.0282
package	cart	store	0.0267
package	cart	order	0.0252
package	cart	delivery	0.0237
package	cart	price	0.0222
package	cart	sale	0.0207
package	cart	discount	0.0192
package	cart	cart	0.0177
package	checkout	buy	0.0258
package	checkout	store	0.0244
package	checkout	order	0.0230
package	checkout	delivery	0.0217
package	checkout	price	0.0203
package	checkout	sale	0.0189
package	checkout	discount	0.0175
package	checkout	cart	0.0162
package	delivery	buy	0.0378
package	delivery	store	0.0358
package	delivery	order	0.0338
package	delivery	delivery	0.0318
package	delivery	price	0.0297
package	delivery	sale	0.0277
package	delivery	discount	0.0257
package	delivery	cart	0.0237
package	discount	buy	0.0306
package	discount	store	0.0290
package	discount	order	0.0273
package	discount	delivery	0.0257
package	discount	price	0.0241
package	discount	sale	0.0224
package	discount	discount	0.0208
package	discount	cart	0.0192
package	order	eat	0.0402
package	order	cook	0.0381
package	order	order	0.0359
package	order	restaurant	0.0338
package	order	lunch	0.0316
package	order	dinner	0.0295
package	order	breakfast	0.0273
package	order	coffee	0.0252
package	payment	buy	0.0234
package	payment	store	0.0222
package	payment	order	0.0209
package	payment	delivery	0.0197
package	payment	price	0.0184
package	payment	sale	0.0172
package	payment	discount	0.0159
package	price	buy	0.0354
package	price	store	0.0335
package	price	order	0.0316
package	price	delivery	0.0297
package	price	price	0.0278
package	price	sale	0.0260
package	price	discount	0.0241
package	price	cart	0.0222
package	sale	buy	0.0330
package	sale	store	0.0312
package	sale	order	0.0295
package	sale	delivery	0.0277
package	sale	price	0.0260
package	sale	sale	0.0242
package	sale	discount	0.0224
package	sale	cart	0.0207
package	store	buy	0.0426
package	store	store	0.0403
package	store	order	0.0381
package	store	delivery	0.0358
package	store	price	0.0335
package	store	sale	0.0312
package	store	discount	0.0290
package	store	cart	0.0267
pain	diet	doctor	0.0234
pain	diet	hospital	0.0222
pain	diet	medicine	0.0209
pain	diet	pain	0.0197
pain	diet	sick	0.0184
pain	diet	fever	0.0172
pain	diet	headache	0.0159
pain	doctor	doctor	0.0450
pain	doctor	hospital	0.0426
pain	doctor	medicine	0.0402
pain	doctor	pain	0.0378
pain	doctor	sick	0.0354
pain	doctor	fever	0.0330
pain	doctor	headache	0.0306
pain	doctor	exercise	0.0282
pain	exercise	doctor	0.0282
pain	exercise	hospital	0.0267
pain	exercise	medicine	0.0252
pain	exercise	pain	0.0237
pain	exercise	sick	0.0222
pain	exercise	fever	0.0207
pain	exercise	headache	0.0192
pain	exercise	exercise	0.0177
pain	fever	doctor	0.0330
pain	fever	hospital	0.0312
pain	fever	medicine	0.0295
pain	fever	pain	0.0277
pain	fever	sick	0.0260
pain	fever	fever	0.0242
pain	fever	headache	0.0224
pain	fever	exercise	0.0207
pain	headache	doctor	0.0306
pain	headache	hospital	0.0290
pain	headache	medicine	0.0273
pain	headache	pain	0.0257
pain	headache	sick	0.0241
pain	headache	fever	0.0224
pain	headache	headache	0.0208
pain	headache	exercise	0.0192
pain	hospital	doctor	0.0426
pain	hospital	hospital	0.0403
pain	hospital	medicine	0.0381
pain	hospital	pain	0.0358
pain	hospital	sick	0.0335
pain	hospital	fever	0.0312
pain	hospital	headache	0.0290
pain	hospital	exercise	0.0267
pain	medicine	doctor	0.0402
pain	medicine	hospital	0.0381
pain	medicine	medicine	0.0359
pain	medicine	pain	0.0338
pain	medicine	sick	0.0316
pain	medicine	fever	0.0295
pain	medicine	headache	0.0273
pain	medicine	exercise	0.0252
pain	pain	doctor	0.0378
pain	pain	hospital	0.0358
pain	pain	medicine	0.0338
pain	pain	pain	0.0318
pain	pain	sick	0.0297
pain	pain	fever	0.0277
pain	pain	headache	0.0257
pain	pain	exercise	0.0237
pain	sick	doctor	0.0354
pain	sick	hospital	0.0335
pain	sick	medicine	0.0316
pain	sick	pain	0.0297
pain	sick	sick	0.0278
pain	sick	fever	0.0260
pain	sick	headache	0.0241
pain	sick	exercise	0.0222
pain	sleep	doctor	0.0258
pain	sleep	hospital	0.0244
pain	sleep	medicine	0.0230
pain	sleep	pain	0.0217
pain	sleep	sick	0.0203
pain	sleep	fever	0.0189
pain	sleep	headache	0.0175
pain	sleep	exercise	0.0162
parents	baby	mom	0.0234
parents	baby	dad	0.0222
parents	baby	sister	0.0209
parents	baby	brother	0.0197
parents	baby	son	0.0184
parents	baby	daughter	0.0172
parents	baby	family	0.0159
parents	brother	mom	0.0378
parents	brother	dad	0.0358
parents	brother	sister	0.0338
parents	brother	brother	0.0318
parents	brother	son	0.0297
parents	brother	daughter	0.0277
parents	brother	family	0.0257
parents	brother	kids	0.0237
parents	dad	mom	0.0426
parents	dad	dad	0.0403
parents	dad	sister	0.0381
parents	dad	brother	0.0358
parents	dad	son	0.0335
parents	dad	daughter	0.0312
parents	dad	family	0.0290
parents	dad	kids	0.0267
parents	daughter	mom	0.0330
parents	daughter	dad	0.0312
parents	daughter	sister	0.0295
parents	daughter	brother	0.0277
parents	daughter	son	0.0260
parents	daughter	daughter	0.0242
parents	daughter	family	0.0224
parents	daughter	kids	0.0207
parents	family	mom	0.0306
parents	family	dad	0.0290
parents	family	sister	0.0273
parents	family	brother	0.0257
parents	family	son	0.0241
parents	family	daughter	0.0224
parents	family	family	0.0208
parents	family	kids	0.0192
parents	kids	mom	0.0282
parents	kids	dad	0.0267
parents	kids	sister	0.0252
parents	kids	brother	0.0237
parents	kids	son	0.0222
parents	kids	daughter	0.0207
parents	kids	family	0.0192
parents	kids	kids	0.0177
parents	mom	mom	0.0450
parents	mom	dad	0.0426
parents	mom	sister	0.0402
parents	mom	brother	0.0378
parents	mom	son	0.0354
parents	mom	daughter	0.0330
parents	mom	family	0.0306
parents	mom	kids	0.0282
parents	parents	mom	0.0258
parents	parents	dad	0.0244
parents	parents	sister	0.0230
parents	parents	brother	0.0217
parents	parents	son	0.0203
parents	parents	daughter	0.0189
parents	parents	family	0.0175
parents	parents	kids	0.0162
parents	sister	mom	0.0402
parents	sister	dad	0.0381
parents	sister	sister	0.0359
parents	sister	brother	0.0338
parents	sister	son	0.0316
parents	sister	daughter	0.0295
parents	sister	family	0.0273
parents	sister	kids	0.0252
parents	son	mom	0.0354
parents	son	dad	0.0335
parents	son	sister	0.0316
parents	son	brother	0.0297
parents	son	son	0.0278
parents	son	daughter	0.0260
parents	son	family	0.0241
parents	son	kids	0.0222
parking	bus	car	0.0426
parking	bus	bus	0.0403
parking	bus	train	0.0381
parking	bus	flight	0.0358
parking	bus	drive	0.0335
parking	bus	ride	0.0312
parking	bus	traffic	0.0290
parking	bus	parking	0.0267
parking	car	car	0.0450
parking	car	bus	0.0426
parking	car	train	0.0402
parking	car	flight	0.0378
parking	car	drive	0.0354
parking	car	ride	0.0330
parking	car	traffic	0.0306
parking	car	parking	0.0282
parking	drive	car	0.0354
parking	drive	bus	0.0335
parking	drive	train	0.0316
parking	drive	flight	0.0297
parking	drive	drive	0.0278
parking	drive	ride	0.0260
parking	drive	traffic	0.0241
parking	drive	parking	0.0222
parking	flight	flight	0.0378
parking	flight	hotel	0.0358
parking	flight	trip	0.0338
parking	flight	vacation	0.0318
parking	flight	beach	0.0297
parking	flight	airport	0.0277
parking	flight	booking	0.0257
parking	flight	passport	0.0237
parking	fuel	car	0.0234
parking	fuel	bus	0.0222
parking	fuel	train	0.0209
parking	fuel	flight	0.0197
parking	fuel	drive	0.0184
parking	fuel	ride	0.0172
parking	fuel	traffic	0.0159
parking	gas	car	0.0258
parking	gas	bus	0.0244
parking	gas	train	0.0230
parking	gas	flight	0.0217
parking	gas	drive	0.0203
parking	gas	ride	0.0189
parking	gas	traffic	0.0175
parking	gas	parking	0.0162
parking	parking	car	0.0282
parking	parking	bus	0.0267
parking	parking	train	0.0252
parking	parking	flight	0.0237
parking	parking	drive	0.0222
parking	parking	ride	0.0207
parking	parking	traffic	0.0192
parking	parking	parking	0.0177
parking	ride	car	0.0330
parking	ride	bus	0.0312
parking	ride	train	0.0295
parking	ride	flight	0.0277
parking	ride	drive	0.0260
parking	ride	ride	0.0242
parking	ride	traffic	0.0224
parking	ride	parking	0.0207
parking	traffic	car	0.0306
parking	traffic	bus	0.0290
parking	traffic	train	0.0273
parking	traffic	flight	0.0257
parking	traffic	drive	0.0241
parking	traffic	ride	0.0224
parking	traffic	traffic	0.0208
parking	traffic	parking	0.0192
parking	train	car	0.0402
parking	train	bus	0.0381
parking	train	train	0.0359
parking	train	flight	0.0338
parking	train	drive	0.0316
parking	train	ride	0.0295
parking	train	traffic	0.0273
parking	train	parking	0.0252
party	chat	friend	0.0330
party	chat	party	0.0312
party	chat	event	0.0295
party	chat	invite	0.0277
party	chat	message	0.0260
party	chat	chat	0.0242
party	chat	post	0.0224
party	chat	share	0.0207
party	comment	friend	0.0234
party	comment	party	0.0222
party	comment	event	0.0209
party	comment	invite	0.0197
party	comment	message	0.0184
party	comment	chat	0.0172
party	comment	post	0.0159
party	event	friend	0.0402
party	event	party	0.0381
party	event	event	0.0359
party	event	invite	0.0338
party	event	message	0.0316
party	event	chat	0.0295
party	event	post	0.0273
party	event	share	0.0252
party	friend	friend	0.0450
party	friend	party	0.0426
party	friend	event	0.0402
party	friend	invite	0.0378
party	friend	message	0.0354
party	friend	chat	0.0330
party	friend	post	0.0306
party	friend	share	0.0282
party	invite	friend	0.0378
party	invite	party	0.0358
party	invite	event	0.0338
party	invite	invite	0.0318
party	invite	message	0.0297
party	invite	chat	0.0277
party	invite	post	0.0257
party	invite	share	0.0237
party	like	friend	0.0258
party	like	party	0.0244
party	like	event	0.0230
party	like	invite	0.0217
party	like	message	0.0203
party	like	chat	0.0189
party	like	post	0.0175
party	like	share	0.0162
party	message	friend	0.0354
party	message	party	0.0335
party	message	event	0.0316
party	message	invite	0.0297
party	message	message	0.0278
party	message	chat	0.0260
party	message	post	0.0241
party	message	share	0.0222
party	party	friend	0.0426
party	party	party	0.0403
party	party	event	0.0381
party	party	invite	0.0358
party	party	message	0.0335
party	party	chat	0.0312
party	party	post	0.0290
party	party	share	0.0267
party	post	friend	0.0306
party	post	party	0.0290
party	post	event	0.0273
party	post	invite	0.0257
party	post	message	0.0241
party	post	chat	0.0224
party	post	post	0.0208
party	post	share	0.0192
party	share	friend	0.0282
party	share	party	0.0267
party	share	event	0.0252
party	share	invite	0.0237
party	share	message	0.0222
party	share	chat	0.0207
party	share	post	0.0192
party	share	share	0.0177
passport	airport	flight	0.0330
passport	airport	hotel	0.0312
passport	airport	trip	0.0295
passport	airport	vacation	0.0277
passport	airport	beach	0.0260
passport	airport	airport	0.0242
passport	airport	booking	0.0224
passport	airport	passport	0.0207
passport	beach	flight	0.0354
passport	beach	hotel	0.0335
passport	beach	trip	0.0316
passport	beach	vacation	0.0297
passport	beach	beach	0.0278
passport	beach	airport	0.0260
passport	beach	booking	0.0241
passport	beach	passport	0.0222
passport	booking	flight	0.0306
passport	booking	hotel	0.0290
passport	booking	trip	0.0273
passport	booking	vacation	0.0257
passport	booking	beach	0.0241
passport	booking	airport	0.0224
passport	booking	booking	0.0208
passport	booking	passport	0.0192
passport	destination	flight	0.0234
passport	destination	hotel	0.0222
passport	destination	trip	0.0209
passport	destination	vacation	0.0197
passport	destination	beach	0.0184
passport	destination	airport	0.0172
passport	destination	booking	0.0159
passport	flight	flight	0.0450
passport	flight	hotel	0.0426
passport	flight	trip	0.0402
passport	flight	vacation	0.0378
passport	flight	beach	0.0354
passport	flight	airport	0.0330
passport	flight	booking	0.0306
passport	flight	passport	0.0282
passport	hotel	flight	0.0426
passport	hotel	hotel	0.0403
passport	hotel	trip	0.0381
passport	hotel	vacation	0.0358
passport	hotel	beach	0.0335
passport	hotel	airport	0.0312
passport	hotel	booking	0.0290
passport	hotel	passport	0.0267
passport	luggage	flight	0.0258
passport	luggage	hotel	0.0244
passport	luggage	trip	0.0230
passport	luggage	vacation	0.0217
passport	luggage	beach	0.0203
passport	luggage	airport	0.0189
passport	luggage	booking	0.0175
passport	luggage	passport	0.0162
passport	passport	flight	0.0282
passport	passport	hotel	0.0267
passport	passport	trip	0.0252
passport	passport	vacation	0.0237
passport	passport	beach	0.0222
passport	passport	airport	0.0207
passport	passport	booking	0.0192
passport	passport	passport	0.0177
passport	trip	flight	0.0402
passport	trip	hotel	0.0381
passport	trip	trip	0.0359
passport	trip	vacation	0.0338
passport	trip	beach	0.0316
passport	trip	airport	0.0295
passport	trip	booking	0.0273
passport	trip	passport	0.0252
passport	vacation	flight	0.0378
passport	vacation	hotel	0.0358
passport	vacation	trip	0.0338
passport	vacation	vacation	0.0318
passport	vacation	beach	0.0297
passport	vacation	airport	0.0277
passport	vacation	booking	0.0257
passport	vacation	passport	0.0237
password	app	code	0.0426
password	app	app	0.0403
password	app	phone	0.0381
password	app	laptop	0.0358
password	app	software	0.0335
password	app	update	0.0312
password	app	bug	0.0290
password	app	server	0.0267
password	bug	code	0.0306
password	bug	app	0.0290
password	bug	phone	0.0273
password	bug	laptop	0.0257
password	bug	software	0.0241
password	bug	update	0.0224
password	bug	bug	0.0208
password	bug	server	0.0192
password	code	code	0.0450
password	code	app	0.0426
password	code	phone	0.0402
password	code	laptop	0.0378
password	code	software	0.0354
password	code	update	0.0330
password	code	bug	0.0306
password	code	server	0.0282
password	data	code	0.0258
password	data	app	0.0244
password	data	phone	0.0230
password	data	laptop	0.0217
password	data	software	0.0203
password	data	update	0.0189
password	data	bug	0.0175
password	data	server	0.0162
password	internet	code	0.0234
password	internet	app	0.0222
password	internet	phone	0.0209
password	internet	laptop	0.0197
password	internet	software	0.0184
password	internet	update	0.0172
password	internet	bug	0.0159
password	laptop	code	0.0378
password	laptop	app	0.0358
password	laptop	phone	0.0338
password	laptop	laptop	0.0318
password	laptop	software	0.0297
password	laptop	update	0.0277
password	laptop	bug	0.0257
password	laptop	server	0.0237
password	phone	code	0.0402
password	phone	app	0.0381
password	phone	phone	0.0359
password	phone	laptop	0.0338
password	phone	software	0.0316
password	phone	update	0.0295
password	phone	bug	0.0273
password	phone	server	0.0252
password	server	code	0.0282
password	server	app	0.0267
password	server	phone	0.0252
password	server	laptop	0.0237
password	server	software	0.0222
password	server	update	0.0207
password	server	bug	0.0192
password	server	server	0.0177
password	software	code	0.0354
password	software	app	0.0335
password	software	phone	0.0316
password	software	laptop	0.0297
password	software	software	0.0278
password	software	update	0.0260
password	software	bug	0.0241
password	software	server	0.0222
password	update	code	0.0330
password	update	app	0.0312
password	update	phone	0.0295
password	update	laptop	0.0277
password	update	software	0.0260
password	update	update	0.0242
password	update	bug	0.0224
password	update	server	0.0207
pay	for	the	0.0720
pay	for	a	0.0400
pay	for	you	0.0320
pay	for	me	0.0200
pay	for	us	0.0160
pay	for	now	0.0160
pay	it	is	0.0300
pay	it	was	0.0216
pay	you	are	0.0240
pay	you	can	0.0168
payment	buy	buy	0.0450
payment	buy	store	0.0426
payment	buy	order	0.0402
payment	buy	delivery	0.0378
payment	buy	price	0.0354
payment	buy	sale	0.0330
payment	buy	discount	0.0306
payment	buy	cart	0.0282
payment	cart	buy	0.0282
payment	cart	store	0.0267
payment	cart	order	0.0252
payment	cart	delivery	0.0237
payment	cart	price	0.0222
payment	cart	sale	0.0207
payment	cart	discount	0.0192
payment	cart	cart	0.0177
payment	checkout	buy	0.0258
payment	checkout	store	0.0244
payment	checkout	order	0.0230
payment	checkout	delivery	0.0217
payment	checkout	price	0.0203
payment	checkout	sale	0.0189
payment	checkout	discount	0.0175
payment	checkout	cart	0.0162
payment	delivery	buy	0.0378
payment	delivery	store	0.0358
payment	delivery	order	0.0338
payment	delivery	delivery	0.0318
payment	delivery	price	0.0297
payment	delivery	sale	0.0277
payment	delivery	discount	0.0257
payment	delivery	cart	0.0237
payment	discount	buy	0.0306
payment	discount	store	0.0290
payment	discount	order	0.0273
payment	discount	delivery	0.0257
payment	discount	price	0.0241
payment	discount	sale	0.0224
payment	discount	discount	0.0208
payment	discount	cart	0.0192
payment	order	eat	0.0402
payment	order	cook	0.0381
payment	order	order	0.0359
payment	order	restaurant	0.0338
payment	order	lunch	0.0316
payment	order	dinner	0.0295
payment	order	breakfast	0.0273
payment	order	coffee	0.0252
payment	payment	buy	0.0234
payment	payment	store	0.0222
payment	payment	order	0.0209
payment	payment	delivery	0.0197
payment	payment	price	0.0184
payment	payment	sale	0.0172
payment	payment	discount	0.0159
payment	price	buy	0.0354
payment	price	store	0.0335
payment	price	order	0.0316
payment	price	delivery	0.0297
payment	price	price	0.0278
payment	price	sale	0.0260
payment	price	discount	0.0241
payment	price	cart	0.0222
payment	sale	buy	0.0330
payment	sale	store	0.0312
payment	sale	order	0.0295
payment	sale	delivery	0.0277
payment	sale	price	0.0260
payment	sale	sale	0.0242
payment	sale	discount	0.0224
payment	sale	cart	0.0207
payment	store	buy	0.0426
payment	store	store	0.0403
payment	store	order	0.0381
payment	store	delivery	0.0358
payment	store	price	0.0335
payment	store	sale	0.0312
payment	store	discount	0.0290
payment	store	cart	0.0267
phone	app	code	0.0426
phone	app	app	0.0403
phone	app	phone	0.0381
phone	app	laptop	0.0358
phone	app	software	0.0335
phone	app	update	0.0312
phone	app	bug	0.0290
phone	app	server	0.0267
phone	bug	code	0.0306
phone	bug	app	0.0290
phone	bug	phone	0.0273
phone	bug	laptop	0.0257
phone	bug	software	0.0241
phone	bug	update	0.0224
phone	bug	bug	0.0208
phone	bug	server	0.0192
phone	code	code	0.0450
phone	code	app	0.0426
phone	code	phone	0.0402
phone	code	laptop	0.0378
phone	code	software	0.0354
phone	code	update	0.0330
phone	code	bug	0.0306
phone	code	server	0.0282
phone	data	code	0.0258
phone	data	app	0.0244
phone	data	phone	0.0230
phone	data	laptop	0.0217
phone	data	software	0.0203
phone	data	update	0.0189
phone	data	bug	0.0175
phone	data	server	0.0162
phone	internet	code	0.0234
phone	internet	app	0.0222
phone	internet	phone	0.0209
phone	internet	laptop	0.0197
phone	internet	software	0.0184
phone	internet	update	0.0172
phone	internet	bug	0.0159
phone	laptop	code	0.0378
phone	laptop	app	0.0358
phone	laptop	phone	0.0338
phone	laptop	laptop	0.0318
phone	laptop	software	0.0297
phone	laptop	update	0.0277
phone	laptop	bug	0.0257
phone	laptop	server	0.0237
phone	phone	code	0.0402
phone	phone	app	0.0381
phone	phone	phone	0.0359
phone	phone	laptop	0.0338
phone	phone	software	0.0316
phone	phone	update	0.0295
phone	phone	bug	0.0273
phone	phone	server	0.0252
phone	server	code	0.0282
phone	server	app	0.0267
phone	server	phone	0.0252
phone	server	laptop	0.0237
phone	server	software	0.0222
phone	server	update	0.0207
phone	server	bug	0.0192
phone	server	server	0.0177
phone	software	code	0.0354
phone	software	app	0.0335
phone	software	phone	0.0316
phone	software	laptop	0.0297
phone	software	software	0.0278
phone	software	update	0.0260
phone	software	bug	0.0241
phone	software	server	0.0222
phone	update	code	0.0330
phone	update	app	0.0312
phone	update	phone	0.0295
phone	update	laptop	0.0277
phone	update	software	0.0260
phone	update	update	0.0242
phone	update	bug	0.0224
phone	update	server	0.0207
pick	it	is	0.0150
pick	me	up	0.6000
pick	me	from	0.1200
pick	me	at	0.0800
pick	me	later	0.0400
pick	me	tomorrow	0.0300
pick	me	today	0.0200
pick	me	soon	0.0200
pick	me	now	0.0200
pick	me	please	0.0200
pick	you	are	0.0320
pick	you	can	0.0224
pick	you	will	0.0160
pizza	breakfast	eat	0.0306
pizza	breakfast	cook	0.0290
pizza	breakfast	order	0.0273
pizza	breakfast	restaurant	0.0257
pizza	breakfast	lunch	0.0241
pizza	breakfast	dinner	0.0224
pizza	breakfast	breakfast	0.0208
pizza	breakfast	coffee	0.0192
pizza	coffee	eat	0.0282
pizza	coffee	cook	0.0267
pizza	coffee	order	0.0252
pizza	coffee	restaurant	0.0237
pizza	coffee	lunch	0.0222
pizza	coffee	dinner	0.0207
pizza	coffee	breakfast	0.0192
pizza	coffee	coffee	0.0177
pizza	cook	eat	0.0426
pizza	cook	cook	0.0403
pizza	cook	order	0.0381
pizza	cook	restaurant	0.0358
pizza	cook	lunch	0.0335
pizza	cook	dinner	0.0312
pizza	cook	breakfast	0.0290
pizza	cook	coffee	0.0267
pizza	dinner	eat	0.0330
pizza	dinner	cook	0.0312
pizza	dinner	order	0.0295
pizza	dinner	restaurant	0.0277
pizza	dinner	lunch	0.0260
pizza	dinner	dinner	0.0242
pizza	dinner	breakfast	0.0224
pizza	dinner	coffee	0.0207
pizza	eat	eat	0.0450
pizza	eat	cook	0.0426
pizza	eat	order	0.0402
pizza	eat	restaurant	0.0378
pizza	eat	lunch	0.0354
pizza	eat	dinner	0.0330
pizza	eat	breakfast	0.0306
pizza	eat	coffee	0.0282
pizza	hungry	eat	0.0234
pizza	hungry	cook	0.0222
pizza	hungry	order	0.0209
pizza	hungry	restaurant	0.0197
pizza	hungry	lunch	0.0184
pizza	hungry	dinner	0.0172
pizza	hungry	breakfast	0.0159
pizza	lunch	eat	0.0354
pizza	lunch	cook	0.0335
pizza	lunch	order	0.0316
pizza	lunch	restaurant	0.0297
pizza	lunch	lunch	0.0278
pizza	lunch	dinner	0.0260
pizza	lunch	breakfast	0.0241
pizza	lunch	coffee	0.0222
pizza	order	eat	0.0402
pizza	order	cook	0.0381
pizza	order	order	0.0359
pizza	order	restaurant	0.0338
pizza	order	lunch	0.0316
pizza	order	dinner	0.0295
pizza	order	breakfast	0.0273
pizza	order	coffee	0.0252
pizza	pizza	eat	0.0258
pizza	pizza	cook	0.0244
pizza	pizza	order	0.0230
pizza	pizza	restaurant	0.0217
pizza	pizza	lunch	0.0203
pizza	pizza	dinner	0.0189
pizza	pizza	breakfast	0.0175
pizza	pizza	coffee	0.0162
pizza	restaurant	eat	0.0378
pizza	restaurant	cook	0.0358
pizza	restaurant	order	0.0338
pizza	restaurant	restaurant	0.0318
pizza	restaurant	lunch	0.0297
pizza	restaurant	dinner	0.0277
pizza	restaurant	breakfast	0.0257
pizza	restaurant	coffee	0.0237
play	book	movie	0.0330
play	book	music	0.0312
play	book	game	0.0295
play	book	show	0.0277
play	book	concert	0.0260
play	book	book	0.0242
play	book	video	0.0224
play	book	stream	0.0207
play	concert	movie	0.0354
play	concert	music	0.0335
play	concert	game	0.0316
play	concert	show	0.0297
play	concert	concert	0.0278
play	concert	book	0.0260
play	concert	video	0.0241
play	concert	stream	0.0222
play	game	game	0.0402
play	game	team	0.0381
play	game	score	0.0359
play	game	match	0.0338
play	game	player	0.0316
play	game	win	0.0295
play	game	lose	0.0273
play	game	goal	0.0252
play	listen	movie	0.0234
play	listen	music	0.0222
play	listen	game	0.0209
play	listen	show	0.0197
play	listen	concert	0.0184
play	listen	book	0.0172
play	listen	video	0.0159
play	movie	movie	0.0450
play	movie	music	0.0426
play	movie	game	0.0402
play	movie	show	0.0378
play	movie	concert	0.0354
play	movie	book	0.0330
play	movie	video	0.0306
play	movie	stream	0.0282
play	music	movie	0.0426
play	music	music	0.0403
play	music	game	0.0381
play	music	show	0.0358
play	music	concert	0.0335
play	music	book	0.0312
play	music	video	0.0290
play	music	stream	0.0267
play	show	movie	0.0378
play	show	music	0.0358
play	show	game	0.0338
play	show	show	0.0318
play	show	concert	0.0297
play	show	book	0.0277
play	show	video	0.0257
play	show	stream	0.0237
play	stream	movie	0.0282
play	stream	music	0.0267
play	stream	game	0.0252
play	stream	show	0.0237
play	stream	concert	0.0222
play	stream	book	0.0207
play	stream	video	0.0192
play	stream	stream	0.0177
play	video	movie	0.0306
play	video	music	0.0290
play	video	game	0.0273
play	video	show	0.0257
play	video	concert	0.0241
play	video	book	0.0224
play	video	video	0.0208
play	video	stream	0.0192
play	watch	movie	0.0258
play	watch	music	0.0244
play	watch	game	0.0230
play	watch	show	0.0217
play	watch	concert	0.0203
play	watch	book	0.0189
play	watch	video	0.0175
play	watch	stream	0.0162
player	football	game	0.0234
player	football	team	0.0222
player	football	score	0.0209
player	football	match	0.0197
player	football	player	0.0184
player	football	win	0.0172
player	football	lose	0.0159
player	game	game	0.0450
player	game	team	0.0426
player	game	score	0.0402
player	game	match	0.0378
player	game	player	0.0354
player	game	win	0.0330
player	game	lose	0.0306
player	game	goal	0.0282
player	match	game	0.0378
player	match	team	0.0358
player	match	score	0.0338
player	match	match	0.0318
player	match	player	0.0297
player	match	win	0.0277
player	match	lose	0.0257
player	match	goal	0.0237
player	player	game	0.0354
player	player	team	0.0335
player	player	score	0.0316
player	player	match	0.0297
player	player	player	0.0278
player	player	win	0.0260
player	player	lose	0.0241
player	player	goal	0.0222
player	score	game	0.0402
player	score	team	0.0381
player	score	score	0.0359
player	score	match	0.0338
player	score	player	0.0316
player	score	win	0.0295
player	score	lose	0.0273
player	score	goal	0.0252
player	team	game	0.0426
player	team	team	0.0403
player	team	score	0.0381
player	team	match	0.0358
player	team	player	0.0335
player	team	win	0.0312
player	team	lose	0.0290
player	team	goal	0.0267
player	win	game	0.0330
player	win	team	0.0312
player	win	score	0.0295
player	win	match	0.0277
player	win	player	0.0260
player	win	win	0.0242
player	win	lose	0.0224
player	win	goal	0.0207
please	call	me	0.0240
please	confirm	it	0.0150
please	help	me	0.0160
please	let	me	0.0960
please	let	us	0.0240
please	let	you	0.0192
please	reply	to	0.0200
please	send	me	0.0288
please	send	you	0.0160
post	chat	friend	0.0330
post	chat	party	0.0312
post	chat	event	0.0295
post	chat	invite	0.0277
post	chat	message	0.0260
post	chat	chat	0.0242
post	chat	post	0.0224
post	chat	share	0.0207
post	comment	friend	0.0234
post	comment	party	0.0222
post	comment	event	0.0209
post	comment	invite	0.0197
post	comment	message	0.0184
post	comment	chat	0.0172
post	comment	post	0.0159
post	event	friend	0.0402
post	event	party	0.0381
post	event	event	0.0359
post	event	invite	0.0338
post	event	message	0.0316
post	event	chat	0.0295
post	event	post	0.0273
post	event	share	0.0252
post	friend	friend	0.0450
post	friend	party	0.0426
post	friend	event	0.0402
post	friend	invite	0.0378
post	friend	message	0.0354
post	friend	chat	0.0330
post	friend	post	0.0306
post	friend	share	0.0282
post	invite	friend	0.0378
post	invite	party	0.0358
post	invite	event	0.0338
post	invite	invite	0.0318
post	invite	message	0.0297
post	invite	chat	0.0277
post	invite	post	0.0257
post	invite	share	0.0237
post	like	friend	0.0258
post	like	party	0.0244
post	like	event	0.0230
post	like	invite	0.0217
post	like	message	0.0203
post	like	chat	0.0189
post	like	post	0.0175
post	like	share	0.0162
post	message	friend	0.0354
post	message	party	0.0335
post	message	event	0.0316
post	message	invite	0.0297
post	message	message	0.0278
post	message	chat	0.0260
post	message	post	0.0241
post	message	share	0.0222
post	party	friend	0.0426
post	party	party	0.0403
post	party	event	0.0381
post	party	invite	0.0358
post	party	message	0.0335
post	party	chat	0.0312
post	party	post	0.0290
post	party	share	0.0267
post	post	friend	0.0306
post	post	party	0.0290
post	post	event	0.0273
post	post	invite	0.0257
post	post	message	0.0241
post	post	chat	0.0224
post	post	post	0.0208
post	post	share	0.0192
post	share	friend	0.0282
post	share	party	0.0267
post	share	event	0.0252
post	share	invite	0.0237
post	share	message	0.0222
post	share	chat	0.0207
post	share	post	0.0192
post	share	share	0.0177
presentation	client	meeting	0.0354
presentation	client	project	0.0335
presentation	client	deadline	0.0316
presentation	client	report	0.0297
presentation	client	client	0.0278
presentation	client	email	0.0260
presentation	client	office	0.0241
presentation	client	manager	0.0222
presentation	deadline	meeting	0.0402
presentation	deadline	project	0.0381
presentation	deadline	deadline	0.0359
presentation	deadline	report	0.0338
presentation	deadline	client	0.0316
presentation	deadline	email	0.0295
presentation	deadline	office	0.0273
presentation	deadline	manager	0.0252
presentation	email	code	0.0330
presentation	email	app	0.0312
presentation	email	phone	0.0295
presentation	email	laptop	0.0277
presentation	email	software	0.0260
presentation	email	update	0.0242
presentation	email	bug	0.0224
presentation	email	server	0.0207
presentation	manager	meeting	0.0282
presentation	manager	project	0.0267
presentation	manager	deadline	0.0252
presentation	manager	report	0.0237
presentation	manager	client	0.0222
presentation	manager	email	0.0207
presentation	manager	office	0.0192
presentation	manager	manager	0.0177
presentation	meeting	meeting	0.0450
presentation	meeting	project	0.0426
presentation	meeting	deadline	0.0402
presentation	meeting	report	0.0378
presentation	meeting	client	0.0354
presentation	meeting	email	0.0330
presentation	meeting	office	0.0306
presentation	meeting	manager	0.0282
presentation	office	meeting	0.0306
presentation	office	project	0.0290
presentation	office	deadline	0.0273
presentation	office	report	0.0257
presentation	office	client	0.0241
presentation	office	email	0.0224
presentation	office	office	0.0208
presentation	office	manager	0.0192
presentation	project	meeting	0.0426
presentation	project	project	0.0403
presentation	project	deadline	0.0381
presentation	project	report	0.0358
presentation	project	client	0.0335
presentation	project	email	0.0312
presentation	project	office	0.0290
presentation	project	manager	0.0267
presentation	report	meeting	0.0378
presentation	report	project	0.0358
presentation	report	deadline	0.0338
presentation	report	report	0.0318
presentation	report	client	0.0297
presentation	report	email	0.0277
presentation	report	office	0.0257
presentation	report	manager	0.0237
presentation	schedule	meeting	0.0234
presentation	schedule	project	0.0222
presentation	schedule	deadline	0.0209
presentation	schedule	report	0.0197
presentation	schedule	client	0.0184
presentation	schedule	email	0.0172
presentation	schedule	office	0.0159
presentation	task	meeting	0.0258
presentation	task	project	0.0244
presentation	task	deadline	0.0230
presentation	task	report	0.0217
presentation	task	client	0.0203
presentation	task	email	0.0189
presentation	task	office	0.0175
presentation	task	manager	0.0162
price	buy	buy	0.0450
price	buy	store	0.0426
price	buy	order	0.0402
price	buy	delivery	0.0378
price	buy	price	0.0354
price	buy	sale	0.0330
price	buy	discount	0.0306
price	buy	cart	0.0282
price	cart	buy	0.0282
price	cart	store	0.0267
price	cart	order	0.0252
price	cart	delivery	0.0237
price	cart	price	0.0222
price	cart	sale	0.0207
price	cart	discount	0.0192
price	cart	cart	0.0177
price	checkout	buy	0.0258
price	checkout	store	0.0244
price	checkout	order	0.0230
price	checkout	delivery	0.0217
price	checkout	price	0.0203
price	checkout	sale	0.0189
price	checkout	discount	0.0175
price	checkout	cart	0.0162
price	delivery	buy	0.0378
price	delivery	store	0.0358
price	delivery	order	0.0338
price	delivery	delivery	0.0318
price	delivery	price	0.0297
price	delivery	sale	0.0277
price	delivery	discount	0.0257
price	delivery	cart	0.0237
price	discount	buy	0.0306
price	discount	store	0.0290
price	discount	order	0.0273
price	discount	delivery	0.0257
price	discount	price	0.0241
price	discount	sale	0.0224
price	discount	discount	0.0208
price	discount	cart	0.0192
price	order	eat	0.0402
price	order	cook	0.0381
price	order	order	0.0359
price	order	restaurant	0.0338
price	order	lunch	0.0316
price	order	dinner	0.0295
price	order	breakfast	0.0273
price	order	coffee	0.0252
price	payment	buy	0.0234
price	payment	store	0.0222
price	payment	order	0.0209
price	payment	delivery	0.0197
price	payment	price	0.0184
price	payment	sale	0.0172
price	payment	discount	0.0159
price	price	buy	0.0354
price	price	store	0.0335
price	price	order	0.0316
price	price	delivery	0.0297
price	price	price	0.0278
price	price	sale	0.0260
price	price	discount	0.0241
price	price	cart	0.0222
price	sale	buy	0.0330
price	sale	store	0.0312
price	sale	order	0.0295
price	sale	delivery	0.0277
price	sale	price	0.0260
price	sale	sale	0.0242
price	sale	discount	0.0224
price	sale	cart	0.0207
price	store	buy	0.0426
price	store	store	0.0403
price	store	order	0.0381
price	store	delivery	0.0358
price	store	price	0.0335
price	store	sale	0.0312
price	store	discount	0.0290
price	store	cart	0.0267
product	buy	buy	0.0450
product	buy	store	0.0426
product	buy	order	0.0402
product	buy	delivery	0.0378
product	buy	price	0.0354
product	buy	sale	0.0330
product	buy	discount	0.0306
product	buy	cart	0.0282
product	cart	buy	0.0282
product	cart	store	0.0267
product	cart	order	0.0252
product	cart	delivery	0.0237
product	cart	price	0.0222
product	cart	sale	0.0207
product	cart	discount	0.0192
product	cart	cart	0.0177
product	checkout	buy	0.0258
product	checkout	store	0.0244
product	checkout	order	0.0230
product	checkout	delivery	0.0217
product	checkout	price	0.0203
product	checkout	sale	0.0189
product	checkout	discount	0.0175
product	checkout	cart	0.0162
product	delivery	buy	0.0378
product	delivery	store	0.0358
product	delivery	order	0.0338
product	delivery	delivery	0.0318
product	delivery	price	0.0297
product	delivery	sale	0.0277
product	delivery	discount	0.0257
product	delivery	cart	0.0237
product	discount	buy	0.0306
product	discount	store	0.0290
product	discount	order	0.0273
product	discount	delivery	0.0257
product	discount	price	0.0241
product	discount	sale	0.0224
product	discount	discount	0.0208
product	discount	cart	0.0192
product	order	eat	0.0402
product	order	cook	0.0381
product	order	order	0.0359
product	order	restaurant	0.0338
product	order	lunch	0.0316
product	order	dinner	0.0295
product	order	breakfast	0.0273
product	order	coffee	0.0252
product	payment	buy	0.0234
product	payment	store	0.0222
product	payment	order	0.0209
product	payment	delivery	0.0197
product	payment	price	0.0184
product	payment	sale	0.0172
product	payment	discount	0.0159
product	price	buy	0.0354
product	price	store	0.0335
product	price	order	0.0316
product	price	delivery	0.0297
product	price	price	0.0278
product	price	sale	0.0260
product	price	discount	0.0241
product	price	cart	0.0222
product	sale	buy	0.0330
product	sale	store	0.0312
product	sale	order	0.0295
product	sale	delivery	0.0277
product	sale	price	0.0260
product	sale	sale	0.0242
product	sale	discount	0.0224
product	sale	cart	0.0207
product	store	buy	0.0426
product	store	store	0.0403
product	store	order	0.0381
product	store	delivery	0.0358
product	store	price	0.0335
product	store	sale	0.0312
product	store	discount	0.0290
product	store	cart	0.0267
project	client	meeting	0.0354
project	client	project	0.0335
project	client	deadline	0.0316
project	client	report	0.0297
project	client	client	0.0278
project	client	email	0.0260
project	client	office	0.0241
project	client	manager	0.0222
project	deadline	meeting	0.0402
project	deadline	project	0.0381
project	deadline	deadline	0.0359
project	deadline	report	0.0338
project	deadline	client	0.0316
project	deadline	email	0.0295
project	deadline	office	0.0273
project	deadline	manager	0.0252
project	email	code	0.0330
project	email	app	0.0312
project	email	phone	0.0295
project	email	laptop	0.0277
project	email	software	0.0260
project	email	update	0.0242
project	email	bug	0.0224
project	email	server	0.0207
project	manager	meeting	0.0282
project	manager	project	0.0267
project	manager	deadline	0.0252
project	manager	report	0.0237
project	manager	client	0.0222
project	manager	email	0.0207
project	manager	office	0.0192
project	manager	manager	0.0177
project	meeting	meeting	0.0450
project	meeting	project	0.0426
project	meeting	deadline	0.0402
project	meeting	report	0.0378
project	meeting	client	0.0354
project	meeting	email	0.0330
project	meeting	office	0.0306
project	meeting	manager	0.0282
project	office	meeting	0.0306
project	office	project	0.0290
project	office	deadline	0.0273
project	office	report	0.0257
project	office	client	0.0241
project	office	email	0.0224
project	office	office	0.0208
project	office	manager	0.0192
project	project	meeting	0.0426
project	project	project	0.0403
project	project	deadline	0.0381
project	project	report	0.0358
project	project	client	0.0335
project	project	email	0.0312
project	project	office	0.0290
project	project	manager	0.0267
project	report	meeting	0.0378
project	report	project	0.0358
project	report	deadline	0.0338
project	report	report	0.0318
project	report	client	0.0297
project	report	email	0.0277
project	report	office	0.0257
project	report	manager	0.0237
project	schedule	meeting	0.0234
project	schedule	project	0.0222
project	schedule	deadline	0.0209
project	schedule	report	0.0197
project	schedule	client	0.0184
project	schedule	email	0.0172
project	schedule	office	0.0159
project	task	meeting	0.0258
project	task	project	0.0244
project	task	deadline	0.0230
project	task	report	0.0217
project	task	client	0.0203
project	task	email	0.0189
project	task	office	0.0175
project	task	manager	0.0162
proposal	client	meeting	0.0354
proposal	client	project	0.0335
proposal	client	deadline	0.0316
proposal	client	report	0.0297
proposal	client	client	0.0278
proposal	client	email	0.0260
proposal	client	office	0.0241
proposal	client	manager	0.0222
proposal	deadline	meeting	0.0402
proposal	deadline	project	0.0381
proposal	deadline	deadline	0.0359
proposal	deadline	report	0.0338
proposal	deadline	client	0.0316
proposal	deadline	email	0.0295
proposal	deadline	office	0.0273
proposal	deadline	manager	0.0252
proposal	email	code	0.0330
proposal	email	app	0.0312
proposal	email	phone	0.0295
proposal	email	laptop	0.0277
proposal	email	software	0.0260
proposal	email	update	0.0242
proposal	email	bug	0.0224
proposal	email	server	0.0207
proposal	manager	meeting	0.0282
proposal	manager	project	0.0267
proposal	manager	deadline	0.0252
proposal	manager	report	0.0237
proposal	manager	client	0.0222
proposal	manager	email	0.0207
proposal	manager	office	0.0192
proposal	manager	manager	0.0177
proposal	meeting	meeting	0.0450
proposal	meeting	project	0.0426
proposal	meeting	deadline	0.0402
proposal	meeting	report	0.0378
proposal	meeting	client	0.0354
proposal	meeting	email	0.0330
proposal	meeting	office	0.0306
proposal	meeting	manager	0.0282
proposal	office	meeting	0.0306
proposal	office	project	0.0290
proposal	office	deadline	0.0273
proposal	office	report	0.0257
proposal	office	client	0.0241
proposal	office	email	0.0224
proposal	office	office	0.0208
proposal	office	manager	0.0192
proposal	project	meeting	0.0426
proposal	project	project	0.0403
proposal	project	deadline	0.0381
proposal	project	report	0.0358
proposal	project	client	0.0335
proposal	project	email	0.0312
proposal	project	office	0.0290
proposal	project	manager	0.0267
proposal	report	meeting	0.0378
proposal	report	project	0.0358
proposal	report	deadline	0.0338
proposal	report	report	0.0318
proposal	report	client	0.0297
proposal	report	email	0.0277
proposal	report	office	0.0257
proposal	report	manager	0.0237
proposal	schedule	meeting	0.0234
proposal	schedule	project	0.0222
proposal	schedule	deadline	0.0209
proposal	schedule	report	0.0197
proposal	schedule	client	0.0184
proposal	schedule	email	0.0172
proposal	schedule	office	0.0159
proposal	task	meeting	0.0258
proposal	task	project	0.0244
proposal	task	deadline	0.0230
proposal	task	report	0.0217
proposal	task	client	0.0203
proposal	task	email	0.0189
proposal	task	office	0.0175
proposal	task	manager	0.0162
rain	cloudy	rain	0.0282
rain	cloudy	sunny	0.0267
rain	cloudy	cold	0.0252
rain	cloudy	hot	0.0237
rain	cloudy	snow	0.0222
rain	cloudy	storm	0.0207
rain	cloudy	wind	0.0192
rain	cloudy	cloudy	0.0177
rain	cold	rain	0.0402
rain	cold	sunny	0.0381
rain	cold	cold	0.0359
rain	cold	hot	0.0338
rain	cold	snow	0.0316
rain	cold	storm	0.0295
rain	cold	wind	0.0273
rain	cold	cloudy	0.0252
rain	forecast	rain	0.0234
rain	forecast	sunny	0.0222
rain	forecast	cold	0.0209
rain	forecast	hot	0.0197
rain	forecast	snow	0.0184
rain	forecast	storm	0.0172
rain	forecast	wind	0.0159
rain	hot	rain	0.0378
rain	hot	sunny	0.0358
rain	hot	cold	0.0338
rain	hot	hot	0.0318
rain	hot	snow	0.0297
rain	hot	storm	0.0277
rain	hot	wind	0.0257
rain	hot	cloudy	0.0237
rain	rain	rain	0.0450
rain	rain	sunny	0.0426
rain	rain	cold	0.0402
rain	rain	hot	0.0378
rain	rain	snow	0.0354
rain	rain	storm	0.0330
rain	rain	wind	0.0306
rain	rain	cloudy	0.0282
rain	snow	rain	0.0354
rain	snow	sunny	0.0335
rain	snow	cold	0.0316
rain	snow	hot	0.0297
rain	snow	snow	0.0278
rain	snow	storm	0.0260
rain	snow	wind	0.0241
rain	snow	cloudy	0.0222
rain	storm	rain	0.0330
rain	storm	sunny	0.0312
rain	storm	cold	0.0295
rain	storm	hot	0.0277
rain	storm	snow	0.0260
rain	storm	storm	0.0242
rain	storm	wind	0.0224
rain	storm	cloudy	0.0207
rain	sunny	rain	0.0426
rain	sunny	sunny	0.0403
rain	sunny	cold	0.0381
rain	sunny	hot	0.0358
rain	sunny	snow	0.0335
rain	sunny	storm	0.0312
rain	sunny	wind	0.0290
rain	sunny	cloudy	0.0267
rain	temperature	rain	0.0258
rain	temperature	sunny	0.0244
rain	temperature	cold	0.0230
rain	temperature	hot	0.0217
rain	temperature	snow	0.0203
rain	temperature	storm	0.0189
rain	temperature	wind	0.0175
rain	temperature	cloudy	0.0162
rain	wind	rain	0.0306
rain	wind	sunny	0.0290
rain	wind	cold	0.0273
rain	wind	hot	0.0257
rain	wind	snow	0.0241
rain	wind	storm	0.0224
rain	wind	wind	0.0208
rain	wind	cloudy	0.0192
read	it	is	0.0750
read	it	was	0.0540
read	it	will	0.0240
read	it	has	0.0240
read	it	would	0.0150
read	it	could	0.0150
read	this	is	0.0600
read	this	was	0.0160
recipe	breakfast	eat	0.0306
recipe	breakfast	cook	0.0290
recipe	breakfast	order	0.0273
recipe	breakfast	restaurant	0.0257
recipe	breakfast	lunch	0.0241
recipe	breakfast	dinner	0.0224
recipe	breakfast	breakfast	0.0208
recipe	breakfast	coffee	0.0192
recipe	coffee	eat	0.0282
recipe	coffee	cook	0.0267
recipe	coffee	order	0.0252
recipe	coffee	restaurant	0.0237
recipe	coffee	lunch	0.0222
recipe	coffee	dinner	0.0207
recipe	coffee	breakfast	0.0192
recipe	coffee	coffee	0.0177
recipe	cook	eat	0.0426
recipe	cook	cook	0.0403
recipe	cook	order	0.0381
recipe	cook	restaurant	0.0358
recipe	cook	lunch	0.0335
recipe	cook	dinner	0.0312
recipe	cook	breakfast	0.0290
recipe	cook	coffee	0.0267
recipe	dinner	eat	0.0330
recipe	dinner	cook	0.0312
recipe	dinner	order	0.0295
recipe	dinner	restaurant	0.0277
recipe	dinner	lunch	0.0260
recipe	dinner	dinner	0.0242
recipe	dinner	breakfast	0.0224
recipe	dinner	coffee	0.0207
recipe	eat	eat	0.0450
recipe	eat	cook	0.0426
recipe	eat	order	0.0402
recipe	eat	restaurant	0.0378
recipe	eat	lunch	0.0354
recipe	eat	dinner	0.0330
recipe	eat	breakfast	0.0306
recipe	eat	coffee	0.0282
recipe	hungry	eat	0.0234
recipe	hungry	cook	0.0222
recipe	hungry	order	0.0209
recipe	hungry	restaurant	0.0197
recipe	hungry	lunch	0.0184
recipe	hungry	dinner	0.0172
recipe	hungry	breakfast	0.0159
recipe	lunch	eat	0.0354
recipe	lunch	cook	0.0335
recipe	lunch	order	0.0316
recipe	lunch	restaurant	0.0297
recipe	lunch	lunch	0.0278
recipe	lunch	dinner	0.0260
recipe	lunch	breakfast	0.0241
recipe	lunch	coffee	0.0222
recipe	order	eat	0.0402
recipe	order	cook	0.0381
recipe	order	order	0.0359
recipe	order	restaurant	0.0338
recipe	order	lunch	0.0316
recipe	order	dinner	0.0295
recipe	order	breakfast	0.0273
recipe	order	coffee	0.0252
recipe	pizza	eat	0.0258
recipe	pizza	cook	0.0244
recipe	pizza	order	0.0230
recipe	pizza	restaurant	0.0217
recipe	pizza	lunch	0.0203
recipe	pizza	dinner	0.0189
recipe	pizza	breakfast	0.0175
recipe	pizza	coffee	0.0162
recipe	restaurant	eat	0.0378
recipe	restaurant	cook	0.0358
recipe	restaurant	order	0.0338
recipe	restaurant	restaurant	0.0318
recipe	restaurant	lunch	0.0297
recipe	restaurant	dinner	0.0277
recipe	restaurant	breakfast	0.0257
recipe	restaurant	coffee	0.0237
rent	apartment	house	0.0426
rent	apartment	apartment	0.0403
rent	apartment	room	0.0381
rent	apartment	kitchen	0.0358
rent	apartment	bedroom	0.0335
rent	apartment	bathroom	0.0312
rent	apartment	clean	0.0290
rent	apartment	repair	0.0267
rent	bedroom	house	0.0354
rent	bedroom	apartment	0.0335
rent	bedroom	room	0.0316
rent	bedroom	kitchen	0.0297
rent	bedroom	bedroom	0.0278
rent	bedroom	bathroom	0.0260
rent	bedroom	clean	0.0241
rent	bedroom	repair	0.0222
rent	clean	house	0.0306
rent	clean	apartment	0.0290
rent	clean	room	0.0273
rent	clean	kitchen	0.0257
rent	clean	bedroom	0.0241
rent	clean	bathroom	0.0224
rent	clean	clean	0.0208
rent	clean	repair	0.0192
rent	furniture	house	0.0258
rent	furniture	apartment	0.0244
rent	furniture	room	0.0230
rent	furniture	kitchen	0.0217
rent	furniture	bedroom	0.0203
rent	furniture	bathroom	0.0189
rent	furniture	clean	0.0175
rent	furniture	repair	0.0162
rent	house	house	0.0450
rent	house	apartment	0.0426
rent	house	room	0.0402
rent	house	kitchen	0.0378
rent	house	bedroom	0.0354
rent	house	bathroom	0.0330
rent	house	clean	0.0306
rent	house	repair	0.0282
rent	kitchen	house	0.0378
rent	kitchen	apartment	0.0358
rent	kitchen	room	0.0338
rent	kitchen	kitchen	0.0318
rent	kitchen	bedroom	0.0297
rent	kitchen	bathroom	0.0277
rent	kitchen	clean	0.0257
rent	kitchen	repair	0.0237
rent	rent	house	0.0234
rent	rent	apartment	0.0222
rent	rent	room	0.0209
rent	rent	kitchen	0.0197
rent	rent	bedroom	0.0184
rent	rent	bathroom	0.0172
rent	rent	clean	0.0159
rent	repair	house	0.0282
rent	repair	apartment	0.0267
rent	repair	room	0.0252
rent	repair	kitchen	0.0237
rent	repair	bedroom	0.0222
rent	repair	bathroom	0.0207
rent	repair	clean	0.0192
rent	repair	repair	0.0177
rent	room	house	0.0402
rent	room	apartment	0.0381
rent	room	room	0.0359
rent	room	kitchen	0.0338
rent	room	bedroom	0.0316
rent	room	bathroom	0.0295
rent	room	clean	0.0273
rent	room	repair	0.0252
repair	apartment	house	0.0426
repair	apartment	apartment	0.0403
repair	apartment	room	0.0381
repair	apartment	kitchen	0.0358
repair	apartment	bedroom	0.0335
repair	apartment	bathroom	0.0312
repair	apartment	clean	0.0290
repair	apartment	repair	0.0267
repair	bedroom	house	0.0354
repair	bedroom	apartment	0.0335
repair	bedroom	room	0.0316
repair	bedroom	kitchen	0.0297
repair	bedroom	bedroom	0.0278
repair	bedroom	bathroom	0.0260
repair	bedroom	clean	0.0241
repair	bedroom	repair	0.0222
repair	clean	house	0.0306
repair	clean	apartment	0.0290
repair	clean	room	0.0273
repair	clean	kitchen	0.0257
repair	clean	bedroom	0.0241
repair	clean	bathroom	0.0224
repair	clean	clean	0.0208
repair	clean	repair	0.0192
repair	furniture	house	0.0258
repair	furniture	apartment	0.0244
repair	furniture	room	0.0230
repair	furniture	kitchen	0.0217
repair	furniture	bedroom	0.0203
repair	furniture	bathroom	0.0189
repair	furniture	clean	0.0175
repair	furniture	repair	0.0162
repair	house	house	0.0450
repair	house	apartment	0.0426
repair	house	room	0.0402
repair	house	kitchen	0.0378
repair	house	bedroom	0.0354
repair	house	bathroom	0.0330
repair	house	clean	0.0306
repair	house	repair	0.0282
repair	kitchen	house	0.0378
repair	kitchen	apartment	0.0358
repair	kitchen	room	0.0338
repair	kitchen	kitchen	0.0318
repair	kitchen	bedroom	0.0297
repair	kitchen	bathroom	0.0277
repair	kitchen	clean	0.0257
repair	kitchen	repair	0.0237
repair	rent	house	0.0234
repair	rent	apartment	0.0222
repair	rent	room	0.0209
repair	rent	kitchen	0.0197
repair	rent	bedroom	0.0184
repair	rent	bathroom	0.0172
repair	rent	clean	0.0159
repair	repair	house	0.0282
repair	repair	apartment	0.0267
repair	repair	room	0.0252
repair	repair	kitchen	0.0237
repair	repair	bedroom	0.0222
repair	repair	bathroom	0.0207
repair	repair	clean	0.0192
repair	repair	repair	0.0177
repair	room	house	0.0402
repair	room	apartment	0.0381
repair	room	room	0.0359
repair	room	kitchen	0.0338
repair	room	bedroom	0.0316
repair	room	bathroom	0.0295
repair	room	clean	0.0273
repair	room	repair	0.0252
reply	to	the	0.0800
reply	to	a	0.0400
reply	to	be	0.0320
reply	to	do	0.0240
reply	to	get	0.0200
reply	to	make	0.0160
reply	to	see	0.0160
reply	to	go	0.0160
report	client	meeting	0.0354
report	client	project	0.0335
report	client	deadline	0.0316
report	client	report	0.0297
report	client	client	0.0278
report	client	email	0.0260
report	client	office	0.0241
report	client	manager	0.0222
report	deadline	meeting	0.0402
report	deadline	project	0.0381
report	deadline	deadline	0.0359
report	deadline	report	0.0338
report	deadline	client	0.0316
report	deadline	email	0.0295
report	deadline	office	0.0273
report	deadline	manager	0.0252
report	email	code	0.0330
report	email	app	0.0312
report	email	phone	0.0295
report	email	laptop	0.0277
report	email	software	0.0260
report	email	update	0.0242
report	email	bug	0.0224
report	email	server	0.0207
report	manager	meeting	0.0282
report	manager	project	0.0267
report	manager	deadline	0.0252
report	manager	report	0.0237
report	manager	client	0.0222
report	manager	email	0.0207
report	manager	office	0.0192
report	manager	manager	0.0177
report	meeting	meeting	0.0450
report	meeting	project	0.0426
report	meeting	deadline	0.0402
report	meeting	report	0.0378
report	meeting	client	0.0354
report	meeting	email	0.0330
report	meeting	office	0.0306
report	meeting	manager	0.0282
report	office	meeting	0.0306
report	office	project	0.0290
report	office	deadline	0.0273
report	office	report	0.0257
report	office	client	0.0241
report	office	email	0.0224
report	office	office	0.0208
report	office	manager	0.0192
report	project	meeting	0.0426
report	project	project	0.0403
report	project	deadline	0.0381
report	project	report	0.0358
report	project	client	0.0335
report	project	email	0.0312
report	project	office	0.0290
report	project	manager	0.0267
report	report	meeting	0.0378
report	report	project	0.0358
report	report	deadline	0.0338
report	report	report	0.0318
report	report	client	0.0297
report	report	email	0.0277
report	report	office	0.0257
report	report	manager	0.0237
report	schedule	meeting	0.0234
report	schedule	project	0.0222
report	schedule	deadline	0.0209
report	schedule	report	0.0197
report	schedule	client	0.0184
report	schedule	email	0.0172
report	schedule	office	0.0159
report	task	meeting	0.0258
report	task	project	0.0244
report	task	deadline	0.0230
report	task	report	0.0217
report	task	client	0.0203
report	task	email	0.0189
report	task	office	0.0175
report	task	manager	0.0162
resort	airport	flight	0.0330
resort	airport	hotel	0.0312
resort	airport	trip	0.0295
resort	airport	vacation	0.0277
resort	airport	beach	0.0260
resort	airport	airport	0.0242
resort	airport	booking	0.0224
resort	airport	passport	0.0207
resort	beach	flight	0.0354
resort	beach	hotel	0.0335
resort	beach	trip	0.0316
resort	beach	vacation	0.0297
resort	beach	beach	0.0278
resort	beach	airport	0.0260
resort	beach	booking	0.0241
resort	beach	passport	0.0222
resort	booking	flight	0.0306
resort	booking	hotel	0.0290
resort	booking	trip	0.0273
resort	booking	vacation	0.0257
resort	booking	beach	0.0241
resort	booking	airport	0.0224
resort	booking	booking	0.0208
resort	booking	passport	0.0192
resort	destination	flight	0.0234
resort	destination	hotel	0.0222
resort	destination	trip	0.0209
resort	destination	vacation	0.0197
resort	destination	beach	0.0184
resort	destination	airport	0.0172
resort	destination	booking	0.0159
resort	flight	flight	0.0450
resort	flight	hotel	0.0426
resort	flight	trip	0.0402
resort	flight	vacation	0.0378
resort	flight	beach	0.0354
resort	flight	airport	0.0330
resort	flight	booking	0.0306
resort	flight	passport	0.0282
resort	hotel	flight	0.0426
resort	hotel	hotel	0.0403
resort	hotel	trip	0.0381
resort	hotel	vacation	0.0358
resort	hotel	beach	0.0335
resort	hotel	airport	0.0312
resort	hotel	booking	0.0290
resort	hotel	passport	0.0267
resort	luggage	flight	0.0258
resort	luggage	hotel	0.0244
resort	luggage	trip	0.0230
resort	luggage	vacation	0.0217
resort	luggage	beach	0.0203
resort	luggage	airport	0.0189
resort	luggage	booking	0.0175
resort	luggage	passport	0.0162
resort	passport	flight	0.0282
resort	passport	hotel	0.0267
resort	passport	trip	0.0252
resort	passport	vacation	0.0237
resort	passport	beach	0.0222
resort	passport	airport	0.0207
resort	passport	booking	0.0192
resort	passport	passport	0.0177
resort	trip	flight	0.0402
resort	trip	hotel	0.0381
resort	trip	trip	0.0359
resort	trip	vacation	0.0338
resort	trip	beach	0.0316
resort	trip	airport	0.0295
resort	trip	booking	0.0273
resort	trip	passport	0.0252
resort	vacation	flight	0.0378
resort	vacation	hotel	0.0358
resort	vacation	trip	0.0338
resort	vacation	vacation	0.0318
resort	vacation	beach	0.0297
resort	vacation	airport	0.0277
resort	vacation	booking	0.0257
resort	vacation	passport	0.0237
restaurant	breakfast	eat	0.0306
restaurant	breakfast	cook	0.0290
restaurant	breakfast	order	0.0273
restaurant	breakfast	restaurant	0.0257
restaurant	breakfast	lunch	0.0241
restaurant	breakfast	dinner	0.0224
restaurant	breakfast	breakfast	0.0208
restaurant	breakfast	coffee	0.0192
restaurant	coffee	eat	0.0282
restaurant	coffee	cook	0.0267
restaurant	coffee	order	0.0252
restaurant	coffee	restaurant	0.0237
restaurant	coffee	lunch	0.0222
restaurant	coffee	dinner	0.0207
restaurant	coffee	breakfast	0.0192
restaurant	coffee	coffee	0.0177
restaurant	cook	eat	0.0426
restaurant	cook	cook	0.0403
restaurant	cook	order	0.0381
restaurant	cook	restaurant	0.0358
restaurant	cook	lunch	0.0335
restaurant	cook	dinner	0.0312
restaurant	cook	breakfast	0.0290
restaurant	cook	coffee	0.0267
restaurant	dinner	eat	0.0330
restaurant	dinner	cook	0.0312
restaurant	dinner	order	0.0295
restaurant	dinner	restaurant	0.0277
restaurant	dinner	lunch	0.0260
restaurant	dinner	dinner	0.0242
restaurant	dinner	breakfast	0.0224
restaurant	dinner	coffee	0.0207
restaurant	eat	eat	0.0450
restaurant	eat	cook	0.0426
restaurant	eat	order	0.0402
restaurant	eat	restaurant	0.0378
restaurant	eat	lunch	0.0354
restaurant	eat	dinner	0.0330
restaurant	eat	breakfast	0.0306
restaurant	eat	coffee	0.0282
restaurant	hungry	eat	0.0234
restaurant	hungry	cook	0.0222
restaurant	hungry	order	0.0209
restaurant	hungry	restaurant	0.0197
restaurant	hungry	lunch	0.0184
restaurant	hungry	dinner	0.0172
restaurant	hungry	breakfast	0.0159
restaurant	lunch	eat	0.0354
restaurant	lunch	cook	0.0335
restaurant	lunch	order	0.0316
restaurant	lunch	restaurant	0.0297
restaurant	lunch	lunch	0.0278
restaurant	lunch	dinner	0.0260
restaurant	lunch	breakfast	0.0241
restaurant	lunch	coffee	0.0222
restaurant	order	eat	0.0402
restaurant	order	cook	0.0381
restaurant	order	order	0.0359
restaurant	order	restaurant	0.0338
restaurant	order	lunch	0.0316
restaurant	order	dinner	0.0295
restaurant	order	breakfast	0.0273
restaurant	order	coffee	0.0252
restaurant	pizza	eat	0.0258
restaurant	pizza	cook	0.0244
restaurant	pizza	order	0.0230
restaurant	pizza	restaurant	0.0217
restaurant	pizza	lunch	0.0203
restaurant	pizza	dinner	0.0189
restaurant	pizza	breakfast	0.0175
restaurant	pizza	coffee	0.0162
restaurant	restaurant	eat	0.0378
restaurant	restaurant	cook	0.0358
restaurant	restaurant	order	0.0338
restaurant	restaurant	restaurant	0.0318
restaurant	restaurant	lunch	0.0297
restaurant	restaurant	dinner	0.0277
restaurant	restaurant	breakfast	0.0257
restaurant	restaurant	coffee	0.0237
return	buy	buy	0.0450
return	buy	store	0.0426
return	buy	order	0.0402
return	buy	delivery	0.0378
return	buy	price	0.0354
return	buy	sale	0.0330
return	buy	discount	0.0306
return	buy	cart	0.0282
return	cart	buy	0.0282
return	cart	store	0.0267
return	cart	order	0.0252
return	cart	delivery	0.0237
return	cart	price	0.0222
return	cart	sale	0.0207
return	cart	discount	0.0192
return	cart	cart	0.0177
return	checkout	buy	0.0258
return	checkout	store	0.0244
return	checkout	order	0.0230
return	checkout	delivery	0.0217
return	checkout	price	0.0203
return	checkout	sale	0.0189
return	checkout	discount	0.0175
return	checkout	cart	0.0162
return	delivery	buy	0.0378
return	delivery	store	0.0358
return	delivery	order	0.0338
return	delivery	delivery	0.0318
return	delivery	price	0.0297
return	delivery	sale	0.0277
return	delivery	discount	0.0257
return	delivery	cart	0.0237
return	discount	buy	0.0306
return	discount	store	0.0290
return	discount	order	0.0273
return	discount	delivery	0.0257
return	discount	price	0.0241
return	discount	sale	0.0224
return	discount	discount	0.0208
return	discount	cart	0.0192
return	order	eat	0.0402
return	order	cook	0.0381
return	order	order	0.0359
return	order	restaurant	0.0338
return	order	lunch	0.0316
return	order	dinner	0.0295
return	order	breakfast	0.0273
return	order	coffee	0.0252
return	payment	buy	0.0234
return	payment	store	0.0222
return	payment	order	0.0209
return	payment	delivery	0.0197
return	payment	price	0.0184
return	payment	sale	0.0172
return	payment	discount	0.0159
return	price	buy	0.0354
return	price	store	0.0335
return	price	order	0.0316
return	price	delivery	0.0297
return	price	price	0.0278
return	price	sale	0.0260
return	price	discount	0.0241
return	price	cart	0.0222
return	sale	buy	0.0330
return	sale	store	0.0312
return	sale	order	0.0295
return	sale	delivery	0.0277
return	sale	price	0.0260
return	sale	sale	0.0242
return	sale	discount	0.0224
return	sale	cart	0.0207
return	store	buy	0.0426
return	store	store	0.0403
return	store	order	0.0381
return	store	delivery	0.0358
return	store	price	0.0335
return	store	sale	0.0312
return	store	discount	0.0290
return	store	cart	0.0267
ride	bus	car	0.0426
ride	bus	bus	0.0403
ride	bus	train	0.0381
ride	bus	flight	0.0358
ride	bus	drive	0.0335
ride	bus	ride	0.0312
ride	bus	traffic	0.0290
ride	bus	parking	0.0267
ride	car	car	0.0450
ride	car	bus	0.0426
ride	car	train	0.0402
ride	car	flight	0.0378
ride	car	drive	0.0354
ride	car	ride	0.0330
ride	car	traffic	0.0306
ride	car	parking	0.0282
ride	drive	car	0.0354
ride	drive	bus	0.0335
ride	drive	train	0.0316
ride	drive	flight	0.0297
ride	drive	drive	0.0278
ride	drive	ride	0.0260
ride	drive	traffic	0.0241
ride	drive	parking	0.0222
ride	flight	flight	0.0378
ride	flight	hotel	0.0358
ride	flight	trip	0.0338
ride	flight	vacation	0.0318
ride	flight	beach	0.0297
ride	flight	airport	0.0277
ride	flight	booking	0.0257
ride	flight	passport	0.0237
ride	fuel	car	0.0234
ride	fuel	bus	0.0222
ride	fuel	train	0.0209
ride	fuel	flight	0.0197
ride	fuel	drive	0.0184
ride	fuel	ride	0.0172
ride	fuel	traffic	0.0159
ride	gas	car	0.0258
ride	gas	bus	0.0244
ride	gas	train	0.0230
ride	gas	flight	0.0217
ride	gas	drive	0.0203
ride	gas	ride	0.0189
ride	gas	traffic	0.0175
ride	gas	parking	0.0162
ride	parking	car	0.0282
ride	parking	bus	0.0267
ride	parking	train	0.0252
ride	parking	flight	0.0237
ride	parking	drive	0.0222
ride	parking	ride	0.0207
ride	parking	traffic	0.0192
ride	parking	parking	0.0177
ride	ride	car	0.0330
ride	ride	bus	0.0312
ride	ride	train	0.0295
ride	ride	flight	0.0277
ride	ride	drive	0.0260
ride	ride	ride	0.0242
ride	ride	traffic	0.0224
ride	ride	parking	0.0207
ride	traffic	car	0.0306
ride	traffic	bus	0.0290
ride	traffic	train	0.0273
ride	traffic	flight	0.0257
ride	traffic	drive	0.0241
ride	traffic	ride	0.0224
ride	traffic	traffic	0.0208
ride	traffic	parking	0.0192
ride	train	car	0.0402
ride	train	bus	0.0381
ride	train	train	0.0359
ride	train	flight	0.0338
ride	train	drive	0.0316
ride	train	ride	0.0295
ride	train	traffic	0.0273
ride	train	parking	0.0252
room	apartment	house	0.0426
room	apartment	apartment	0.0403
room	apartment	room	0.0381
room	apartment	kitchen	0.0358
room	apartment	bedroom	0.0335
room	apartment	bathroom	0.0312
room	apartment	clean	0.0290
room	apartment	repair	0.0267
room	bedroom	house	0.0354
room	bedroom	apartment	0.0335
room	bedroom	room	0.0316
room	bedroom	kitchen	0.0297
room	bedroom	bedroom	0.0278
room	bedroom	bathroom	0.0260
room	bedroom	clean	0.0241
room	bedroom	repair	0.0222
room	clean	house	0.0306
room	clean	apartment	0.0290
room	clean	room	0.0273
room	clean	kitchen	0.0257
room	clean	bedroom	0.0241
room	clean	bathroom	0.0224
room	clean	clean	0.0208
room	clean	repair	0.0192
room	furniture	house	0.0258
room	furniture	apartment	0.0244
room	furniture	room	0.0230
room	furniture	kitchen	0.0217
room	furniture	bedroom	0.0203
room	furniture	bathroom	0.0189
room	furniture	clean	0.0175
room	furniture	repair	0.0162
room	house	house	0.0450
room	house	apartment	0.0426
room	house	room	0.0402
room	house	kitchen	0.0378
room	house	bedroom	0.0354
room	house	bathroom	0.0330
room	house	clean	0.0306
room	house	repair	0.0282
room	kitchen	house	0.0378
room	kitchen	apartment	0.0358
room	kitchen	room	0.0338
room	kitchen	kitchen	0.0318
room	kitchen	bedroom	0.0297
room	kitchen	bathroom	0.0277
room	kitchen	clean	0.0257
room	kitchen	repair	0.0237
room	rent	house	0.0234
room	rent	apartment	0.0222
room	rent	room	0.0209
room	rent	kitchen	0.0197
room	rent	bedroom	0.0184
room	rent	bathroom	0.0172
room	rent	clean	0.0159
room	repair	house	0.0282
room	repair	apartment	0.0267
room	repair	room	0.0252
room	repair	kitchen	0.0237
room	repair	bedroom	0.0222
room	repair	bathroom	0.0207
room	repair	clean	0.0192
room	repair	repair	0.0177
room	room	house	0.0402
room	room	apartment	0.0381
room	room	room	0.0359
room	room	kitchen	0.0338
room	room	bedroom	0.0316
room	room	bathroom	0.0295
room	room	clean	0.0273
room	room	repair	0.0252
run	football	game	0.0234
run	football	team	0.0222
run	football	score	0.0209
run	football	match	0.0197
run	football	player	0.0184
run	football	win	0.0172
run	football	lose	0.0159
run	game	game	0.0450
run	game	team	0.0426
run	game	score	0.0402
run	game	match	0.0378
run	game	player	0.0354
run	game	win	0.0330
run	game	lose	0.0306
run	game	goal	0.0282
run	match	game	0.0378
run	match	team	0.0358
run	match	score	0.0338
run	match	match	0.0318
run	match	player	0.0297
run	match	win	0.0277
run	match	lose	0.0257
run	match	goal	0.0237
run	player	game	0.0354
run	player	team	0.0335
run	player	score	0.0316
run	player	match	0.0297
run	player	player	0.0278
run	player	win	0.0260
run	player	lose	0.0241
run	player	goal	0.0222
run	score	game	0.0402
run	score	team	0.0381
run	score	score	0.0359
run	score	match	0.0338
run	score	player	0.0316
run	score	win	0.0295
run	score	lose	0.0273
run	score	goal	0.0252
run	team	game	0.0426
run	team	team	0.0403
run	team	score	0.0381
run	team	match	0.0358
run	team	player	0.0335
run	team	win	0.0312
run	team	lose	0.0290
run	team	goal	0.0267
run	win	game	0.0330
run	win	team	0.0312
run	win	score	0.0295
run	win	match	0.0277
run	win	player	0.0260
run	win	win	0.0242
run	win	lose	0.0224
run	win	goal	0.0207
running	late	for	0.3000
running	late	to	0.2000
running	late	sorry	0.1000
running	late	again	0.0500
running	late	today	0.0400
running	late	morning	0.0320
running	late	tomorrow	0.0300
running	late	afternoon	0.0240
running	late	evening	0.0240
running	late	night	0.0240
running	late	as	0.0200
running	late	but	0.0200
running	late	so	0.0200
running	late	very	0.0200
running	late	is	0.0200
running	late	was	0.0160
running	late	will	0.0160
running	late	at	0.0160
running	on	the	0.0168
running	to	the	0.0320
running	to	a	0.0160
salary	bank	money	0.0426
salary	bank	bank	0.0403
salary	bank	payment	0.0381
salary	bank	budget	0.0358
salary	bank	cost	0.0335
salary	bank	price	0.0312
salary	bank	bill	0.0290
salary	bank	invoice	0.0267
salary	bill	money	0.0306
salary	bill	bank	0.0290
salary	bill	payment	0.0273
salary	bill	budget	0.0257
salary	bill	cost	0.0241
salary	bill	price	0.0224
salary	bill	bill	0.0208
salary	bill	invoice	0.0192
salary	budget	meeting	0.0378
salary	budget	project	0.0358
salary	budget	deadline	0.0338
salary	budget	report	0.0318
salary	budget	client	0.0297
salary	budget	email	0.0277
salary	budget	office	0.0257
salary	budget	manager	0.0237
salary	cost	money	0.0354
salary	cost	bank	0.0335
salary	cost	payment	0.0316
salary	cost	budget	0.0297
salary	cost	cost	0.0278
salary	cost	price	0.0260
salary	cost	bill	0.0241
salary	cost	invoice	0.0222
salary	invoice	money	0.0282
salary	invoice	bank	0.0267
salary	invoice	payment	0.0252
salary	invoice	budget	0.0237
salary	invoice	cost	0.0222
salary	invoice	price	0.0207
salary	invoice	bill	0.0192
salary	invoice	invoice	0.0177
salary	money	money	0.0450
salary	money	bank	0.0426
salary	money	payment	0.0402
salary	money	budget	0.0378
salary	money	cost	0.0354
salary	money	price	0.0330
salary	money	bill	0.0306
salary	money	invoice	0.0282
salary	payment	buy	0.0402
salary	payment	store	0.0381
salary	payment	order	0.0359
salary	payment	delivery	0.0338
salary	payment	price	0.0316
salary	payment	sale	0.0295
salary	payment	discount	0.0273
salary	payment	cart	0.0252
salary	price	buy	0.0330
salary	price	store	0.0312
salary	price	order	0.0295
salary	price	delivery	0.0277
salary	price	price	0.0260
salary	price	sale	0.0242
salary	price	discount	0.0224
salary	price	cart	0.0207
salary	salary	money	0.0258
salary	salary	bank	0.0244
salary	salary	payment	0.0230
salary	salary	budget	0.0217
salary	salary	cost	0.0203
salary	salary	price	0.0189
salary	salary	bill	0.0175
salary	salary	invoice	0.0162
salary	tax	money	0.0234
salary	tax	bank	0.0222
salary	tax	payment	0.0209
salary	tax	budget	0.0197
salary	tax	cost	0.0184
salary	tax	price	0.0172
salary	tax	bill	0.0159
sale	buy	buy	0.0450
sale	buy	store	0.0426
sale	buy	order	0.0402
sale	buy	delivery	0.0378
sale	buy	price	0.0354
sale	buy	sale	0.0330
sale	buy	discount	0.0306
sale	buy	cart	0.0282
sale	cart	buy	0.0282
sale	cart	store	0.0267
sale	cart	order	0.0252
sale	cart	delivery	0.0237
sale	cart	price	0.0222
sale	cart	sale	0.0207
sale	cart	discount	0.0192
sale	cart	cart	0.0177
sale	checkout	buy	0.0258
sale	checkout	store	0.0244
sale	checkout	order	0.0230
sale	checkout	delivery	0.0217
sale	checkout	price	0.0203
sale	checkout	sale	0.0189
sale	checkout	discount	0.0175
sale	checkout	cart	0.0162
sale	delivery	buy	0.0378
sale	delivery	store	0.0358
sale	delivery	order	0.0338
sale	delivery	delivery	0.0318
sale	delivery	price	0.0297
sale	delivery	sale	0.0277
sale	delivery	discount	0.0257
sale	delivery	cart	0.0237
sale	discount	buy	0.0306
sale	discount	store	0.0290
sale	discount	order	0.0273
sale	discount	delivery	0.0257
sale	discount	price	0.0241
sale	discount	sale	0.0224
sale	discount	discount	0.0208
sale	discount	cart	0.0192
sale	order	eat	0.0402
sale	order	cook	0.0381
sale	order	order	0.0359
sale	order	restaurant	0.0338
sale	order	lunch	0.0316
sale	order	dinner	0.0295
sale	order	breakfast	0.0273
sale	order	coffee	0.0252
sale	payment	buy	0.0234
sale	payment	store	0.0222
sale	payment	order	0.0209
sale	payment	delivery	0.0197
sale	payment	price	0.0184
sale	payment	sale	0.0172
sale	payment	discount	0.0159
sale	price	buy	0.0354
sale	price	store	0.0335
sale	price	order	0.0316
sale	price	delivery	0.0297
sale	price	price	0.0278
sale	price	sale	0.0260
sale	price	discount	0.0241
sale	price	cart	0.0222
sale	sale	buy	0.0330
sale	sale	store	0.0312
sale	sale	order	0.0295
sale	sale	delivery	0.0277
sale	sale	price	0.0260
sale	sale	sale	0.0242
sale	sale	discount	0.0224
sale	sale	cart	0.0207
sale	store	buy	0.0426
sale	store	store	0.0403
sale	store	order	0.0381
sale	store	delivery	0.0358
sale	store	price	0.0335
sale	store	sale	0.0312
sale	store	discount	0.0290
sale	store	cart	0.0267
saturday	at	the	0.0176
saturday	in	the	0.0180
saturday	is	it	0.0150
saturday	on	the	0.0168
savings	bank	money	0.0426
savings	bank	bank	0.0403
savings	bank	payment	0.0381
savings	bank	budget	0.0358
savings	bank	cost	0.0335
savings	bank	price	0.0312
savings	bank	bill	0.0290
savings	bank	invoice	0.0267
savings	bill	money	0.0306
savings	bill	bank	0.0290
savings	bill	payment	0.0273
savings	bill	budget	0.0257
savings	bill	cost	0.0241
savings	bill	price	0.0224
savings	bill	bill	0.0208
savings	bill	invoice	0.0192
savings	budget	meeting	0.0378
savings	budget	project	0.0358
savings	budget	deadline	0.0338
savings	budget	report	0.0318
savings	budget	client	0.0297
savings	budget	email	0.0277
savings	budget	office	0.0257
savings	budget	manager	0.0237
savings	cost	money	0.0354
savings	cost	bank	0.0335
savings	cost	payment	0.0316
savings	cost	budget	0.0297
savings	cost	cost	0.0278
savings	cost	price	0.0260
savings	cost	bill	0.0241
savings	cost	invoice	0.0222
savings	invoice	money	0.0282
savings	invoice	bank	0.0267
savings	invoice	payment	0.0252
savings	invoice	budget	0.0237
savings	invoice	cost	0.0222
savings	invoice	price	0.0207
savings	invoice	bill	0.0192
savings	invoice	invoice	0.0177
savings	money	money	0.0450
savings	money	bank	0.0426
savings	money	payment	0.0402
savings	money	budget	0.0378
savings	money	cost	0.0354
savings	money	price	0.0330
savings	money	bill	0.0306
savings	money	invoice	0.0282
savings	payment	buy	0.0402
savings	payment	store	0.0381
savings	payment	order	0.0359
savings	payment	delivery	0.0338
savings	payment	price	0.0316
savings	payment	sale	0.0295
savings	payment	discount	0.0273
savings	payment	cart	0.0252
savings	price	buy	0.0330
savings	price	store	0.0312
savings	price	order	0.0295
savings	price	delivery	0.0277
savings	price	price	0.0260
savings	price	sale	0.0242
savings	price	discount	0.0224
savings	price	cart	0.0207
savings	salary	money	0.0258
savings	salary	bank	0.0244
savings	salary	payment	0.0230
savings	salary	budget	0.0217
savings	salary	cost	0.0203
savings	salary	price	0.0189
savings	salary	bill	0.0175
savings	salary	invoice	0.0162
savings	tax	money	0.0234
savings	tax	bank	0.0222
savings	tax	payment	0.0209
savings	tax	budget	0.0197
savings	tax	cost	0.0184
savings	tax	price	0.0172
savings	tax	bill	0.0159
schedule	client	meeting	0.0354
schedule	client	project	0.0335
schedule	client	deadline	0.0316
schedule	client	report	0.0297
schedule	client	client	0.0278
schedule	client	email	0.0260
schedule	client	office	0.0241
schedule	client	manager	0.0222
schedule	deadline	meeting	0.0402
schedule	deadline	project	0.0381
schedule	deadline	deadline	0.0359
schedule	deadline	report	0.0338
schedule	deadline	client	0.0316
schedule	deadline	email	0.0295
schedule	deadline	office	0.0273
schedule	deadline	manager	0.0252
schedule	email	code	0.0330
schedule	email	app	0.0312
schedule	email	phone	0.0295
schedule	email	laptop	0.0277
schedule	email	software	0.0260
schedule	email	update	0.0242
schedule	email	bug	0.0224
schedule	email	server	0.0207
schedule	manager	meeting	0.0282
schedule	manager	project	0.0267
schedule	manager	deadline	0.0252
schedule	manager	report	0.0237
schedule	manager	client	0.0222
schedule	manager	email	0.0207
schedule	manager	office	0.0192
schedule	manager	manager	0.0177
schedule	meeting	meeting	0.0450
schedule	meeting	project	0.0426
schedule	meeting	deadline	0.0402
schedule	meeting	report	0.0378
schedule	meeting	client	0.0354
schedule	meeting	email	0.0330
schedule	meeting	office	0.0306
schedule	meeting	manager	0.0282
schedule	office	meeting	0.0306
schedule	office	project	0.0290
schedule	office	deadline	0.0273
schedule	office	report	0.0257
schedule	office	client	0.0241
schedule	office	email	0.0224
schedule	office	office	0.0208
schedule	office	manager	0.0192
schedule	project	meeting	0.0426
schedule	project	project	0.0403
schedule	project	deadline	0.0381
schedule	project	report	0.0358
schedule	project	client	0.0335
schedule	project	email	0.0312
schedule	project	office	0.0290
schedule	project	manager	0.0267
schedule	report	meeting	0.0378
schedule	report	project	0.0358
schedule	report	deadline	0.0338
schedule	report	report	0.0318
schedule	report	client	0.0297
schedule	report	email	0.0277
schedule	report	office	0.0257
schedule	report	manager	0.0237
schedule	schedule	meeting	0.0234
schedule	schedule	project	0.0222
schedule	schedule	deadline	0.0209
schedule	schedule	report	0.0197
schedule	schedule	client	0.0184
schedule	schedule	email	0.0172
schedule	schedule	office	0.0159
schedule	task	meeting	0.0258
schedule	task	project	0.0244
schedule	task	deadline	0.0230
schedule	task	report	0.0217
schedule	task	client	0.0203
schedule	task	email	0.0189
schedule	task	office	0.0175
schedule	task	manager	0.0162
school	assignment	school	0.0234
school	assignment	class	0.0222
school	assignment	homework	0.0209
school	assignment	exam	0.0197
school	assignment	study	0.0184
school	assignment	teacher	0.0172
school	assignment	student	0.0159
school	class	school	0.0426
school	class	class	0.0403
school	class	homework	0.0381
school	class	exam	0.0358
school	class	study	0.0335
school	class	teacher	0.0312
school	class	student	0.0290
school	class	course	0.0267
school	course	school	0.0282
school	course	class	0.0267
school	course	homework	0.0252
school	course	exam	0.0237
school	course	study	0.0222
school	course	teacher	0.0207
school	course	student	0.0192
school	course	course	0.0177
school	exam	school	0.0378
school	exam	class	0.0358
school	exam	homework	0.0338
school	exam	exam	0.0318
school	exam	study	0.0297
school	exam	teacher	0.0277
school	exam	student	0.0257
school	exam	course	0.0237
school	homework	school	0.0402
school	homework	class	0.0381
school	homework	homework	0.0359
school	homework	exam	0.0338
school	homework	study	0.0316
school	homework	teacher	0.0295
school	homework	student	0.0273
school	homework	course	0.0252
school	lecture	school	0.0258
school	lecture	class	0.0244
school	lecture	homework	0.0230
school	lecture	exam	0.0217
school	lecture	study	0.0203
school	lecture	teacher	0.0189
school	lecture	student	0.0175
school	lecture	course	0.0162
school	school	school	0.0450
school	school	class	0.0426
school	school	homework	0.0402
school	school	exam	0.0378
school	school	study	0.0354
school	school	teacher	0.0330
school	school	student	0.0306
school	school	course	0.0282
school	student	school	0.0306
school	student	class	0.0290
school	student	homework	0.0273
school	student	exam	0.0257
school	student	study	0.0241
school	student	teacher	0.0224
school	student	student	0.0208
school	student	course	0.0192
school	study	school	0.0354
school	study	class	0.0335
school	study	homework	0.0316
school	study	exam	0.0297
school	study	study	0.0278
school	study	teacher	0.0260
school	study	student	0.0241
school	study	course	0.0222
school	teacher	school	0.0330
school	teacher	class	0.0312
school	teacher	homework	0.0295
school	teacher	exam	0.0277
school	teacher	study	0.0260
school	teacher	teacher	0.0242
school	teacher	student	0.0224
school	teacher	course	0.0207
score	football	game	0.0234
score	football	team	0.0222
score	football	score	0.0209
score	football	match	0.0197
score	football	player	0.0184
score	football	win	0.0172
score	football	lose	0.0159
score	game	game	0.0450
score	game	team	0.0426
score	game	score	0.0402
score	game	match	0.0378
score	game	player	0.0354
score	game	win	0.0330
score	game	lose	0.0306
score	game	goal	0.0282
score	match	game	0.0378
score	match	team	0.0358
score	match	score	0.0338
score	match	match	0.0318
score	match	player	0.0297
score	match	win	0.0277
score	match	lose	0.0257
score	match	goal	0.0237
score	player	game	0.0354
score	player	team	0.0335
score	player	score	0.0316
score	player	match	0.0297
score	player	player	0.0278
score	player	win	0.0260
score	player	lose	0.0241
score	player	goal	0.0222
score	score	game	0.0402
score	score	team	0.0381
score	score	score	0.0359
score	score	match	0.0338
score	score	player	0.0316
score	score	win	0.0295
score	score	lose	0.0273
score	score	goal	0.0252
score	team	game	0.0426
score	team	team	0.0403
score	team	score	0.0381
score	team	match	0.0358
score	team	player	0.0335
score	team	win	0.0312
score	team	lose	0.0290
score	team	goal	0.0267
score	win	game	0.0330
score	win	team	0.0312
score	win	score	0.0295
score	win	match	0.0277
score	win	player	0.0260
score	win	win	0.0242
score	win	lose	0.0224
score	win	goal	0.0207
season	book	movie	0.0330
season	book	music	0.0312
season	book	game	0.0295
season	book	show	0.0277
season	book	concert	0.0260
season	book	book	0.0242
season	book	video	0.0224
season	book	stream	0.0207
season	concert	movie	0.0354
season	concert	music	0.0335
season	concert	game	0.0316
season	concert	show	0.0297
season	concert	concert	0.0278
season	concert	book	0.0260
season	concert	video	0.0241
season	concert	stream	0.0222
season	game	game	0.0402
season	game	team	0.0381
season	game	score	0.0359
season	game	match	0.0338
season	game	player	0.0316
season	game	win	0.0295
season	game	lose	0.0273
season	game	goal	0.0252
season	listen	movie	0.0234
season	listen	music	0.0222
season	listen	game	0.0209
season	listen	show	0.0197
season	listen	concert	0.0184
season	listen	book	0.0172
season	listen	video	0.0159
season	movie	movie	0.0450
season	movie	music	0.0426
season	movie	game	0.0402
season	movie	show	0.0378
season	movie	concert	0.0354
season	movie	book	0.0330
season	movie	video	0.0306
season	movie	stream	0.0282
season	music	movie	0.0426
season	music	music	0.0403
season	music	game	0.0381
season	music	show	0.0358
season	music	concert	0.0335
season	music	book	0.0312
season	music	video	0.0290
season	music	stream	0.0267
season	show	movie	0.0378
season	show	music	0.0358
season	show	game	0.0338
season	show	show	0.0318
season	show	concert	0.0297
season	show	book	0.0277
season	show	video	0.0257
season	show	stream	0.0237
season	stream	movie	0.0282
season	stream	music	0.0267
season	stream	game	0.0252
season	stream	show	0.0237
season	stream	concert	0.0222
season	stream	book	0.0207
season	stream	video	0.0192
season	stream	stream	0.0177
season	video	movie	0.0306
season	video	music	0.0290
season	video	game	0.0273
season	video	show	0.0257
season	video	concert	0.0241
season	video	book	0.0224
season	video	video	0.0208
season	video	stream	0.0192
season	watch	movie	0.0258
season	watch	music	0.0244
season	watch	game	0.0230
season	watch	show	0.0217
season	watch	concert	0.0203
season	watch	book	0.0189
season	watch	video	0.0175
season	watch	stream	0.0162
second	at	the	0.0176
second	in	the	0.0180
second	is	it	0.0150
second	on	the	0.0168
see	how	are	0.0240
see	it	is	0.0150
see	this	is	0.0180
see	what	is	0.0240
see	what	are	0.0180
see	you	soon	0.3000
see	you	later	0.2500
see	you	tomorrow	0.1500
see	you	are	0.1000
see	you	there	0.0800
see	you	can	0.0700
see	you	then	0.0500
see	you	will	0.0500
see	you	at	0.0400
see	you	know	0.0400
see	you	have	0.0400
see	you	on	0.0300
see	you	should	0.0300
see	you	need	0.0250
see	you	want	0.0250
see	you	in	0.0200
see	you	around	0.0200
see	you	again	0.0200
sell	it	is	0.0750
sell	it	was	0.0540
sell	it	will	0.0240
sell	it	has	0.0240
sell	it	would	0.0150
sell	it	could	0.0150
sell	my	name	0.0160
send	it	is	0.0400
send	it	was	0.0288
send	me	a	0.1500
send	me	the	0.1200
send	me	an	0.0800
send	me	your	0.0600
send	me	details	0.0500
send	me	info	0.0400
send	me	update	0.0300
send	me	link	0.0200
send	me	file	0.0200
send	me	address	0.0200
send	me	location	0.0200
send	me	confirmation	0.0200
send	me	receipt	0.0200
send	me	invoice	0.0200
send	me	report	0.0200
send	over	the	0.0150
send	you	are	0.0400
send	you	can	0.0280
send	you	will	0.0200
send	you	know	0.0160
send	you	have	0.0160
server	app	code	0.0426
server	app	app	0.0403
server	app	phone	0.0381
server	app	laptop	0.0358
server	app	software	0.0335
server	app	update	0.0312
server	app	bug	0.0290
server	app	server	0.0267
server	bug	code	0.0306
server	bug	app	0.0290
server	bug	phone	0.0273
server	bug	laptop	0.0257
server	bug	software	0.0241
server	bug	update	0.0224
server	bug	bug	0.0208
server	bug	server	0.0192
server	code	code	0.0450
server	code	app	0.0426
server	code	phone	0.0402
server	code	laptop	0.0378
server	code	software	0.0354
server	code	update	0.0330
server	code	bug	0.0306
server	code	server	0.0282
server	data	code	0.0258
server	data	app	0.0244
server	data	phone	0.0230
server	data	laptop	0.0217
server	data	software	0.0203
server	data	update	0.0189
server	data	bug	0.0175
server	data	server	0.0162
server	internet	code	0.0234
server	internet	app	0.0222
server	internet	phone	0.0209
server	internet	laptop	0.0197
server	internet	software	0.0184
server	internet	update	0.0172
server	internet	bug	0.0159
server	laptop	code	0.0378
server	laptop	app	0.0358
server	laptop	phone	0.0338
server	laptop	laptop	0.0318
server	laptop	software	0.0297
server	laptop	update	0.0277
server	laptop	bug	0.0257
server	laptop	server	0.0237
server	phone	code	0.0402
server	phone	app	0.0381
server	phone	phone	0.0359
server	phone	laptop	0.0338
server	phone	software	0.0316
server	phone	update	0.0295
server	phone	bug	0.0273
server	phone	server	0.0252
server	server	code	0.0282
server	server	app	0.0267
server	server	phone	0.0252
server	server	laptop	0.0237
server	server	software	0.0222
server	server	update	0.0207
server	server	bug	0.0192
server	server	server	0.0177
server	software	code	0.0354
server	software	app	0.0335
server	software	phone	0.0316
server	software	laptop	0.0297
server	software	software	0.0278
server	software	update	0.0260
server	software	bug	0.0241
server	software	server	0.0222
server	update	code	0.0330
server	update	app	0.0312
server	update	phone	0.0295
server	update	laptop	0.0277
server	update	software	0.0260
server	update	update	0.0242
server	update	bug	0.0224
server	update	server	0.0207
share	chat	friend	0.0330
share	chat	party	0.0312
share	chat	event	0.0295
share	chat	invite	0.0277
share	chat	message	0.0260
share	chat	chat	0.0242
share	chat	post	0.0224
share	chat	share	0.0207
share	comment	friend	0.0234
share	comment	party	0.0222
share	comment	event	0.0209
share	comment	invite	0.0197
share	comment	message	0.0184
share	comment	chat	0.0172
share	comment	post	0.0159
share	event	friend	0.0402
share	event	party	0.0381
share	event	event	0.0359
share	event	invite	0.0338
share	event	message	0.0316
share	event	chat	0.0295
share	event	post	0.0273
share	event	share	0.0252
share	friend	friend	0.0450
share	friend	party	0.0426
share	friend	event	0.0402
share	friend	invite	0.0378
share	friend	message	0.0354
share	friend	chat	0.0330
share	friend	post	0.0306
share	friend	share	0.0282
share	invite	friend	0.0378
share	invite	party	0.0358
share	invite	event	0.0338
share	invite	invite	0.0318
share	invite	message	0.0297
share	invite	chat	0.0277
share	invite	post	0.0257
share	invite	share	0.0237
share	like	friend	0.0258
share	like	party	0.0244
share	like	event	0.0230
share	like	invite	0.0217
share	like	message	0.0203
share	like	chat	0.0189
share	like	post	0.0175
share	like	share	0.0162
share	message	friend	0.0354
share	message	party	0.0335
share	message	event	0.0316
share	message	invite	0.0297
share	message	message	0.0278
share	message	chat	0.0260
share	message	post	0.0241
share	message	share	0.0222
share	party	friend	0.0426
share	party	party	0.0403
share	party	event	0.0381
share	party	invite	0.0358
share	party	message	0.0335
share	party	chat	0.0312
share	party	post	0.0290
share	party	share	0.0267
share	post	friend	0.0306
share	post	party	0.0290
share	post	event	0.0273
share	post	invite	0.0257
share	post	message	0.0241
share	post	chat	0.0224
share	post	post	0.0208
share	post	share	0.0192
share	share	friend	0.0282
share	share	party	0.0267
share	share	event	0.0252
share	share	invite	0.0237
share	share	message	0.0222
share	share	chat	0.0207
share	share	post	0.0192
share	share	share	0.0177
she	can	you	0.0360
she	can	i	0.0180
she	could	you	0.0160
she	had	a	0.0180
she	has	been	0.0500
she	has	a	0.0240
she	has	the	0.0200
she	is	it	0.0660
she	is	this	0.0528
she	is	there	0.0440
she	is	the	0.0352
she	is	a	0.0264
she	is	not	0.0264
she	is	that	0.0220
she	is	he	0.0176
she	was	the	0.0450
she	was	a	0.0360
she	was	not	0.0240
she	was	so	0.0150
she	will	be	0.0288
she	will	you	0.0160
shipping	buy	buy	0.0450
shipping	buy	store	0.0426
shipping	buy	order	0.0402
shipping	buy	delivery	0.0378
shipping	buy	price	0.0354
shipping	buy	sale	0.0330
shipping	buy	discount	0.0306
shipping	buy	cart	0.0282
shipping	cart	buy	0.0282
shipping	cart	store	0.0267
shipping	cart	order	0.0252
shipping	cart	delivery	0.0237
shipping	cart	price	0.0222
shipping	cart	sale	0.0207
shipping	cart	discount	0.0192
shipping	cart	cart	0.0177
shipping	checkout	buy	0.0258
shipping	checkout	store	0.0244
shipping	checkout	order	0.0230
shipping	checkout	delivery	0.0217
shipping	checkout	price	0.0203
shipping	checkout	sale	0.0189
shipping	checkout	discount	0.0175
shipping	checkout	cart	0.0162
shipping	delivery	buy	0.0378
shipping	delivery	store	0.0358
shipping	delivery	order	0.0338
shipping	delivery	delivery	0.0318
shipping	delivery	price	0.0297
shipping	delivery	sale	0.0277
shipping	delivery	discount	0.0257
shipping	delivery	cart	0.0237
shipping	discount	buy	0.0306
shipping	discount	store	0.0290
shipping	discount	order	0.0273
shipping	discount	delivery	0.0257
shipping	discount	price	0.0241
shipping	discount	sale	0.0224
shipping	discount	discount	0.0208
shipping	discount	cart	0.0192
shipping	order	eat	0.0402
shipping	order	cook	0.0381
shipping	order	order	0.0359
shipping	order	restaurant	0.0338
shipping	order	lunch	0.0316
shipping	order	dinner	0.0295
shipping	order	breakfast	0.0273
shipping	order	coffee	0.0252
shipping	payment	buy	0.0234
shipping	payment	store	0.0222
shipping	payment	order	0.0209
shipping	payment	delivery	0.0197
shipping	payment	price	0.0184
shipping	payment	sale	0.0172
shipping	payment	discount	0.0159
shipping	price	buy	0.0354
shipping	price	store	0.0335
shipping	price	order	0.0316
shipping	price	delivery	0.0297
shipping	price	price	0.0278
shipping	price	sale	0.0260
shipping	price	discount	0.0241
shipping	price	cart	0.0222
shipping	sale	buy	0.0330
shipping	sale	store	0.0312
shipping	sale	order	0.0295
shipping	sale	delivery	0.0277
shipping	sale	price	0.0260
shipping	sale	sale	0.0242
shipping	sale	discount	0.0224
shipping	sale	cart	0.0207
shipping	store	buy	0.0426
shipping	store	store	0.0403
shipping	store	order	0.0381
shipping	store	delivery	0.0358
shipping	store	price	0.0335
shipping	store	sale	0.0312
shipping	store	discount	0.0290
shipping	store	cart	0.0267
should	do	you	0.0400
should	have	to	0.0192
should	have	a	0.0168
should	we	are	0.0288
should	we	will	0.0192
should	we	can	0.0192
should	we	have	0.0160
should	you	are	0.0480
should	you	can	0.0336
should	you	will	0.0240
should	you	know	0.0192
should	you	have	0.0192
shouldnt	do	you	0.0640
shouldnt	do	not	0.0160
shouldnt	have	to	0.0384
shouldnt	have	a	0.0336
shouldnt	have	you	0.0288
shouldnt	have	been	0.0240
shouldnt	tell	me	0.0160
show	book	movie	0.0330
show	book	music	0.0312
show	book	game	0.0295
show	book	show	0.0277
show	book	concert	0.0260
show	book	book	0.0242
show	book	video	0.0224
show	book	stream	0.0207
show	concert	movie	0.0354
show	concert	music	0.0335
show	concert	game	0.0316
show	concert	show	0.0297
show	concert	concert	0.0278
show	concert	book	0.0260
show	concert	video	0.0241
show	concert	stream	0.0222
show	game	game	0.0402
show	game	team	0.0381
show	game	score	0.0359
show	game	match	0.0338
show	game	player	0.0316
show	game	win	0.0295
show	game	lose	0.0273
show	game	goal	0.0252
show	listen	movie	0.0234
show	listen	music	0.0222
show	listen	game	0.0209
show	listen	show	0.0197
show	listen	concert	0.0184
show	listen	book	0.0172
show	listen	video	0.0159
show	me	the	0.2000
show	me	what	0.1200
show	me	how	0.0800
show	me	where	0.0600
show	me	your	0.0400
show	me	a	0.0300
show	me	more	0.0200
show	me	later	0.0200
show	me	now	0.0200
show	me	again	0.0200
show	me	please	0.0200
show	movie	movie	0.0450
show	movie	music	0.0426
show	movie	game	0.0402
show	movie	show	0.0378
show	movie	concert	0.0354
show	movie	book	0.0330
show	movie	video	0.0306
show	movie	stream	0.0282
show	music	movie	0.0426
show	music	music	0.0403
show	music	game	0.0381
show	music	show	0.0358
show	music	concert	0.0335
show	music	book	0.0312
show	music	video	0.0290
show	music	stream	0.0267
show	show	movie	0.0378
show	show	music	0.0358
show	show	game	0.0338
show	show	show	0.0318
show	show	concert	0.0297
show	show	book	0.0277
show	show	video	0.0257
show	show	stream	0.0237
show	stream	movie	0.0282
show	stream	music	0.0267
show	stream	game	0.0252
show	stream	show	0.0237
show	stream	concert	0.0222
show	stream	book	0.0207
show	stream	video	0.0192
show	stream	stream	0.0177
show	video	movie	0.0306
show	video	music	0.0290
show	video	game	0.0273
show	video	show	0.0257
show	video	concert	0.0241
show	video	book	0.0224
show	video	video	0.0208
show	video	stream	0.0192
show	watch	movie	0.0258
show	watch	music	0.0244
show	watch	game	0.0230
show	watch	show	0.0217
show	watch	concert	0.0203
show	watch	book	0.0189
show	watch	video	0.0175
show	watch	stream	0.0162
sick	diet	doctor	0.0234
sick	diet	hospital	0.0222
sick	diet	medicine	0.0209
sick	diet	pain	0.0197
sick	diet	sick	0.0184
sick	diet	fever	0.0172
sick	diet	headache	0.0159
sick	doctor	doctor	0.0450
sick	doctor	hospital	0.0426
sick	doctor	medicine	0.0402
sick	doctor	pain	0.0378
sick	doctor	sick	0.0354
sick	doctor	fever	0.0330
sick	doctor	headache	0.0306
sick	doctor	exercise	0.0282
sick	exercise	doctor	0.0282
sick	exercise	hospital	0.0267
sick	exercise	medicine	0.0252
sick	exercise	pain	0.0237
sick	exercise	sick	0.0222
sick	exercise	fever	0.0207
sick	exercise	headache	0.0192
sick	exercise	exercise	0.0177
sick	fever	doctor	0.0330
sick	fever	hospital	0.0312
sick	fever	medicine	0.0295
sick	fever	pain	0.0277
sick	fever	sick	0.0260
sick	fever	fever	0.0242
sick	fever	headache	0.0224
sick	fever	exercise	0.0207
sick	headache	doctor	0.0306
sick	headache	hospital	0.0290
sick	headache	medicine	0.0273
sick	headache	pain	0.0257
sick	headache	sick	0.0241
sick	headache	fever	0.0224
sick	headache	headache	0.0208
sick	headache	exercise	0.0192
sick	hospital	doctor	0.0426
sick	hospital	hospital	0.0403
sick	hospital	medicine	0.0381
sick	hospital	pain	0.0358
sick	hospital	sick	0.0335
sick	hospital	fever	0.0312
sick	hospital	headache	0.0290
sick	hospital	exercise	0.0267
sick	medicine	doctor	0.0402
sick	medicine	hospital	0.0381
sick	medicine	medicine	0.0359
sick	medicine	pain	0.0338
sick	medicine	sick	0.0316
sick	medicine	fever	0.0295
sick	medicine	headache	0.0273
sick	medicine	exercise	0.0252
sick	pain	doctor	0.0378
sick	pain	hospital	0.0358
sick	pain	medicine	0.0338
sick	pain	pain	0.0318
sick	pain	sick	0.0297
sick	pain	fever	0.0277
sick	pain	headache	0.0257
sick	pain	exercise	0.0237
sick	sick	doctor	0.0354
sick	sick	hospital	0.0335
sick	sick	medicine	0.0316
sick	sick	pain	0.0297
sick	sick	sick	0.0278
sick	sick	fever	0.0260
sick	sick	headache	0.0241
sick	sick	exercise	0.0222
sick	sleep	doctor	0.0258
sick	sleep	hospital	0.0244
sick	sleep	medicine	0.0230
sick	sleep	pain	0.0217
sick	sleep	sick	0.0203
sick	sleep	fever	0.0189
sick	sleep	headache	0.0175
sick	sleep	exercise	0.0162
sister	baby	mom	0.0234
sister	baby	dad	0.0222
sister	baby	sister	0.0209
sister	baby	brother	0.0197
sister	baby	son	0.0184
sister	baby	daughter	0.0172
sister	baby	family	0.0159
sister	brother	mom	0.0378
sister	brother	dad	0.0358
sister	brother	sister	0.0338
sister	brother	brother	0.0318
sister	brother	son	0.0297
sister	brother	daughter	0.0277
sister	brother	family	0.0257
sister	brother	kids	0.0237
sister	dad	mom	0.0426
sister	dad	dad	0.0403
sister	dad	sister	0.0381
sister	dad	brother	0.0358
sister	dad	son	0.0335
sister	dad	daughter	0.0312
sister	dad	family	0.0290
sister	dad	kids	0.0267
sister	daughter	mom	0.0330
sister	daughter	dad	0.0312
sister	daughter	sister	0.0295
sister	daughter	brother	0.0277
sister	daughter	son	0.0260
sister	daughter	daughter	0.0242
sister	daughter	family	0.0224
sister	daughter	kids	0.0207
sister	family	mom	0.0306
sister	family	dad	0.0290
sister	family	sister	0.0273
sister	family	brother	0.0257
sister	family	son	0.0241
sister	family	daughter	0.0224
sister	family	family	0.0208
sister	family	kids	0.0192
sister	kids	mom	0.0282
sister	kids	dad	0.0267
sister	kids	sister	0.0252
sister	kids	brother	0.0237
sister	kids	son	0.0222
sister	kids	daughter	0.0207
sister	kids	family	0.0192
sister	kids	kids	0.0177
sister	mom	mom	0.0450
sister	mom	dad	0.0426
sister	mom	sister	0.0402
sister	mom	brother	0.0378
sister	mom	son	0.0354
sister	mom	daughter	0.0330
sister	mom	family	0.0306
sister	mom	kids	0.0282
sister	parents	mom	0.0258
sister	parents	dad	0.0244
sister	parents	sister	0.0230
sister	parents	brother	0.0217
sister	parents	son	0.0203
sister	parents	daughter	0.0189
sister	parents	family	0.0175
sister	parents	kids	0.0162
sister	sister	mom	0.0402
sister	sister	dad	0.0381
sister	sister	sister	0.0359
sister	sister	brother	0.0338
sister	sister	son	0.0316
sister	sister	daughter	0.0295
sister	sister	family	0.0273
sister	sister	kids	0.0252
sister	son	mom	0.0354
sister	son	dad	0.0335
sister	son	sister	0.0316
sister	son	brother	0.0297
sister	son	son	0.0278
sister	son	daughter	0.0260
sister	son	family	0.0241
sister	son	kids	0.0222
sleep	diet	doctor	0.0234
sleep	diet	hospital	0.0222
sleep	diet	medicine	0.0209
sleep	diet	pain	0.0197
sleep	diet	sick	0.0184
sleep	diet	fever	0.0172
sleep	diet	headache	0.0159
sleep	doctor	doctor	0.0450
sleep	doctor	hospital	0.0426
sleep	doctor	medicine	0.0402
sleep	doctor	pain	0.0378
sleep	doctor	sick	0.0354
sleep	doctor	fever	0.0330
sleep	doctor	headache	0.0306
sleep	doctor	exercise	0.0282
sleep	exercise	doctor	0.0282
sleep	exercise	hospital	0.0267
sleep	exercise	medicine	0.0252
sleep	exercise	pain	0.0237
sleep	exercise	sick	0.0222
sleep	exercise	fever	0.0207
sleep	exercise	headache	0.0192
sleep	exercise	exercise	0.0177
sleep	fever	doctor	0.0330
sleep	fever	hospital	0.0312
sleep	fever	medicine	0.0295
sleep	fever	pain	0.0277
sleep	fever	sick	0.0260
sleep	fever	fever	0.0242
sleep	fever	headache	0.0224
sleep	fever	exercise	0.0207
sleep	headache	doctor	0.0306
sleep	headache	hospital	0.0290
sleep	headache	medicine	0.0273
sleep	headache	pain	0.0257
sleep	headache	sick	0.0241
sleep	headache	fever	0.0224
sleep	headache	headache	0.0208
sleep	headache	exercise	0.0192
sleep	hospital	doctor	0.0426
sleep	hospital	hospital	0.0403
sleep	hospital	medicine	0.0381
sleep	hospital	pain	0.0358
sleep	hospital	sick	0.0335
sleep	hospital	fever	0.0312
sleep	hospital	headache	0.0290
sleep	hospital	exercise	0.0267
sleep	medicine	doctor	0.0402
sleep	medicine	hospital	0.0381
sleep	medicine	medicine	0.0359
sleep	medicine	pain	0.0338
sleep	medicine	sick	0.0316
sleep	medicine	fever	0.0295
sleep	medicine	headache	0.0273
sleep	medicine	exercise	0.0252
sleep	pain	doctor	0.0378
sleep	pain	hospital	0.0358
sleep	pain	medicine	0.0338
sleep	pain	pain	0.0318
sleep	pain	sick	0.0297
sleep	pain	fever	0.0277
sleep	pain	headache	0.0257
sleep	pain	exercise	0.0237
sleep	sick	doctor	0.0354
sleep	sick	hospital	0.0335
sleep	sick	medicine	0.0316
sleep	sick	pain	0.0297
sleep	sick	sick	0.0278
sleep	sick	fever	0.0260
sleep	sick	headache	0.0241
sleep	sick	exercise	0.0222
sleep	sleep	doctor	0.0258
sleep	sleep	hospital	0.0244
sleep	sleep	medicine	0.0230
sleep	sleep	pain	0.0217
sleep	sleep	sick	0.0203
sleep	sleep	fever	0.0189
sleep	sleep	headache	0.0175
sleep	sleep	exercise	0.0162
snack	breakfast	eat	0.0306
snack	breakfast	cook	0.0290
snack	breakfast	order	0.0273
snack	breakfast	restaurant	0.0257
snack	breakfast	lunch	0.0241
snack	breakfast	dinner	0.0224
snack	breakfast	breakfast	0.0208
snack	breakfast	coffee	0.0192
snack	coffee	eat	0.0282
snack	coffee	cook	0.0267
snack	coffee	order	0.0252
snack	coffee	restaurant	0.0237
snack	coffee	lunch	0.0222
snack	coffee	dinner	0.0207
snack	coffee	breakfast	0.0192
snack	coffee	coffee	0.0177
snack	cook	eat	0.0426
snack	cook	cook	0.0403
snack	cook	order	0.0381
snack	cook	restaurant	0.0358
snack	cook	lunch	0.0335
snack	cook	dinner	0.0312
snack	cook	breakfast	0.0290
snack	cook	coffee	0.0267
snack	dinner	eat	0.0330
snack	dinner	cook	0.0312
snack	dinner	order	0.0295
snack	dinner	restaurant	0.0277
snack	dinner	lunch	0.0260
snack	dinner	dinner	0.0242
snack	dinner	breakfast	0.0224
snack	dinner	coffee	0.0207
snack	eat	eat	0.0450
snack	eat	cook	0.0426
snack	eat	order	0.0402
snack	eat	restaurant	0.0378
snack	eat	lunch	0.0354
snack	eat	dinner	0.0330
snack	eat	breakfast	0.0306
snack	eat	coffee	0.0282
snack	hungry	eat	0.0234
snack	hungry	cook	0.0222
snack	hungry	order	0.0209
snack	hungry	restaurant	0.0197
snack	hungry	lunch	0.0184
snack	hungry	dinner	0.0172
snack	hungry	breakfast	0.0159
snack	lunch	eat	0.0354
snack	lunch	cook	0.0335
snack	lunch	order	0.0316
snack	lunch	restaurant	0.0297
snack	lunch	lunch	0.0278
snack	lunch	dinner	0.0260
snack	lunch	breakfast	0.0241
snack	lunch	coffee	0.0222
snack	order	eat	0.0402
snack	order	cook	0.0381
snack	order	order	0.0359
snack	order	restaurant	0.0338
snack	order	lunch	0.0316
snack	order	dinner	0.0295
snack	order	breakfast	0.0273
snack	order	coffee	0.0252
snack	pizza	eat	0.0258
snack	pizza	cook	0.0244
snack	pizza	order	0.0230
snack	pizza	restaurant	0.0217
snack	pizza	lunch	0.0203
snack	pizza	dinner	0.0189
snack	pizza	breakfast	0.0175
snack	pizza	coffee	0.0162
snack	restaurant	eat	0.0378
snack	restaurant	cook	0.0358
snack	restaurant	order	0.0338
snack	restaurant	restaurant	0.0318
snack	restaurant	lunch	0.0297
snack	restaurant	dinner	0.0277
snack	restaurant	breakfast	0.0257
snack	restaurant	coffee	0.0237
snow	cloudy	rain	0.0282
snow	cloudy	sunny	0.0267
snow	cloudy	cold	0.0252
snow	cloudy	hot	0.0237
snow	cloudy	snow	0.0222
snow	cloudy	storm	0.0207
snow	cloudy	wind	0.0192
snow	cloudy	cloudy	0.0177
snow	cold	rain	0.0402
snow	cold	sunny	0.0381
snow	cold	cold	0.0359
snow	cold	hot	0.0338
snow	cold	snow	0.0316
snow	cold	storm	0.0295
snow	cold	wind	0.0273
snow	cold	cloudy	0.0252
snow	forecast	rain	0.0234
snow	forecast	sunny	0.0222
snow	forecast	cold	0.0209
snow	forecast	hot	0.0197
snow	forecast	snow	0.0184
snow	forecast	storm	0.0172
snow	forecast	wind	0.0159
snow	hot	rain	0.0378
snow	hot	sunny	0.0358
snow	hot	cold	0.0338
snow	hot	hot	0.0318
snow	hot	snow	0.0297
snow	hot	storm	0.0277
snow	hot	wind	0.0257
snow	hot	cloudy	0.0237
snow	rain	rain	0.0450
snow	rain	sunny	0.0426
snow	rain	cold	0.0402
snow	rain	hot	0.0378
snow	rain	snow	0.0354
snow	rain	storm	0.0330
snow	rain	wind	0.0306
snow	rain	cloudy	0.0282
snow	snow	rain	0.0354
snow	snow	sunny	0.0335
snow	snow	cold	0.0316
snow	snow	hot	0.0297
snow	snow	snow	0.0278
snow	snow	storm	0.0260
snow	snow	wind	0.0241
snow	snow	cloudy	0.0222
snow	storm	rain	0.0330
snow	storm	sunny	0.0312
snow	storm	cold	0.0295
snow	storm	hot	0.0277
snow	storm	snow	0.0260
snow	storm	storm	0.0242
snow	storm	wind	0.0224
snow	storm	cloudy	0.0207
snow	sunny	rain	0.0426
snow	sunny	sunny	0.0403
snow	sunny	cold	0.0381
snow	sunny	hot	0.0358
snow	sunny	snow	0.0335
snow	sunny	storm	0.0312
snow	sunny	wind	0.0290
snow	sunny	cloudy	0.0267
snow	temperature	rain	0.0258
snow	temperature	sunny	0.0244
snow	temperature	cold	0.0230
snow	temperature	hot	0.0217
snow	temperature	snow	0.0203
snow	temperature	storm	0.0189
snow	temperature	wind	0.0175
snow	temperature	cloudy	0.0162
snow	wind	rain	0.0306
snow	wind	sunny	0.0290
snow	wind	cold	0.0273
snow	wind	hot	0.0257
snow	wind	snow	0.0241
snow	wind	storm	0.0224
snow	wind	wind	0.0208
snow	wind	cloudy	0.0192
so	good	morning	0.0200
so	good	night	0.0180
so	happy	birthday	0.0240
so	i	am	0.0288
so	i	have	0.0192
so	i	will	0.0160
so	that	is	0.0264
soccer	football	game	0.0234
soccer	football	team	0.0222
soccer	football	score	0.0209
soccer	football	match	0.0197
soccer	football	player	0.0184
soccer	football	win	0.0172
soccer	football	lose	0.0159
soccer	game	game	0.0450
soccer	game	team	0.0426
soccer	game	score	0.0402
soccer	game	match	0.0378
soccer	game	player	0.0354
soccer	game	win	0.0330
soccer	game	lose	0.0306
soccer	game	goal	0.0282
soccer	match	game	0.0378
soccer	match	team	0.0358
soccer	match	score	0.0338
soccer	match	match	0.0318
soccer	match	player	0.0297
soccer	match	win	0.0277
soccer	match	lose	0.0257
soccer	match	goal	0.0237
soccer	player	game	0.0354
soccer	player	team	0.0335
soccer	player	score	0.0316
soccer	player	match	0.0297
soccer	player	player	0.0278
soccer	player	win	0.0260
soccer	player	lose	0.0241
soccer	player	goal	0.0222
soccer	score	game	0.0402
soccer	score	team	0.0381
soccer	score	score	0.0359
soccer	score	match	0.0338
soccer	score	player	0.0316
soccer	score	win	0.0295
soccer	score	lose	0.0273
soccer	score	goal	0.0252
soccer	team	game	0.0426
soccer	team	team	0.0403
soccer	team	score	0.0381
soccer	team	match	0.0358
soccer	team	player	0.0335
soccer	team	win	0.0312
soccer	team	lose	0.0290
soccer	team	goal	0.0267
soccer	win	game	0.0330
soccer	win	team	0.0312
soccer	win	score	0.0295
soccer	win	match	0.0277
soccer	win	player	0.0260
soccer	win	win	0.0242
soccer	win	lose	0.0224
soccer	win	goal	0.0207
software	app	code	0.0426
software	app	app	0.0403
software	app	phone	0.0381
software	app	laptop	0.0358
software	app	software	0.0335
software	app	update	0.0312
software	app	bug	0.0290
software	app	server	0.0267
software	bug	code	0.0306
software	bug	app	0.0290
software	bug	phone	0.0273
software	bug	laptop	0.0257
software	bug	software	0.0241
software	bug	update	0.0224
software	bug	bug	0.0208
software	bug	server	0.0192
software	code	code	0.0450
software	code	app	0.0426
software	code	phone	0.0402
software	code	laptop	0.0378
software	code	software	0.0354
software	code	update	0.0330
software	code	bug	0.0306
software	code	server	0.0282
software	data	code	0.0258
software	data	app	0.0244
software	data	phone	0.0230
software	data	laptop	0.0217
software	data	software	0.0203
software	data	update	0.0189
software	data	bug	0.0175
software	data	server	0.0162
software	internet	code	0.0234
software	internet	app	0.0222
software	internet	phone	0.0209
software	internet	laptop	0.0197
software	internet	software	0.0184
software	internet	update	0.0172
software	internet	bug	0.0159
software	laptop	code	0.0378
software	laptop	app	0.0358
software	laptop	phone	0.0338
software	laptop	laptop	0.0318
software	laptop	software	0.0297
software	laptop	update	0.0277
software	laptop	bug	0.0257
software	laptop	server	0.0237
software	phone	code	0.0402
software	phone	app	0.0381
software	phone	phone	0.0359
software	phone	laptop	0.0338
software	phone	software	0.0316
software	phone	update	0.0295
software	phone	bug	0.0273
software	phone	server	0.0252
software	server	code	0.0282
software	server	app	0.0267
software	server	phone	0.0252
software	server	laptop	0.0237
software	server	software	0.0222
software	server	update	0.0207
software	server	bug	0.0192
software	server	server	0.0177
software	software	code	0.0354
software	software	app	0.0335
software	software	phone	0.0316
software	software	laptop	0.0297
software	software	software	0.0278
software	software	update	0.0260
software	software	bug	0.0241
software	software	server	0.0222
software	update	code	0.0330
software	update	app	0.0312
software	update	phone	0.0295
software	update	laptop	0.0277
software	update	software	0.0260
software	update	update	0.0242
software	update	bug	0.0224
software	update	server	0.0207
son	baby	mom	0.0234
son	baby	dad	0.0222
son	baby	sister	0.0209
son	baby	brother	0.0197
son	baby	son	0.0184
son	baby	daughter	0.0172
son	baby	family	0.0159
son	brother	mom	0.0378
son	brother	dad	0.0358
son	brother	sister	0.0338
son	brother	brother	0.0318
son	brother	son	0.0297
son	brother	daughter	0.0277
son	brother	family	0.0257
son	brother	kids	0.0237
son	dad	mom	0.0426
son	dad	dad	0.0403
son	dad	sister	0.0381
son	dad	brother	0.0358
son	dad	son	0.0335
son	dad	daughter	0.0312
son	dad	family	0.0290
son	dad	kids	0.0267
son	daughter	mom	0.0330
son	daughter	dad	0.0312
son	daughter	sister	0.0295
son	daughter	brother	0.0277
son	daughter	son	0.0260
son	daughter	daughter	0.0242
son	daughter	family	0.0224
son	daughter	kids	0.0207
son	family	mom	0.0306
son	family	dad	0.0290
son	family	sister	0.0273
son	family	brother	0.0257
son	family	son	0.0241
son	family	daughter	0.0224
son	family	family	0.0208
son	family	kids	0.0192
son	kids	mom	0.0282
son	kids	dad	0.0267
son	kids	sister	0.0252
son	kids	brother	0.0237
son	kids	son	0.0222
son	kids	daughter	0.0207
son	kids	family	0.0192
son	kids	kids	0.0177
son	mom	mom	0.0450
son	mom	dad	0.0426
son	mom	sister	0.0402
son	mom	brother	0.0378
son	mom	son	0.0354
son	mom	daughter	0.0330
son	mom	family	0.0306
son	mom	kids	0.0282
son	parents	mom	0.0258
son	parents	dad	0.0244
son	parents	sister	0.0230
son	parents	brother	0.0217
son	parents	son	0.0203
son	parents	daughter	0.0189
son	parents	family	0.0175
son	parents	kids	0.0162
son	sister	mom	0.0402
son	sister	dad	0.0381
son	sister	sister	0.0359
son	sister	brother	0.0338
son	sister	son	0.0316
son	sister	daughter	0.0295
son	sister	family	0.0273
son	sister	kids	0.0252
son	son	mom	0.0354
son	son	dad	0.0335
son	son	sister	0.0316
son	son	brother	0.0297
son	son	son	0.0278
son	son	daughter	0.0260
son	son	family	0.0241
son	son	kids	0.0222
soon	at	the	0.0176
soon	in	the	0.0180
soon	is	it	0.0150
soon	on	the	0.0168
sorry	about	that	0.2000
sorry	about	this	0.1500
sorry	about	the	0.1000
sorry	about	it	0.0800
sorry	about	yesterday	0.0400
sorry	about	last	0.0300
sorry	about	earlier	0.0200
sorry	about	everything	0.0200
sorry	for	the	0.2500
sorry	for	your	0.1200
sorry	for	any	0.0800
sorry	for	all	0.0600
sorry	for	this	0.0500
sorry	for	that	0.0400
sorry	for	a	0.0400
sorry	for	you	0.0320
sorry	for	inconvenience	0.0300
sorry	for	delay	0.0200
sorry	for	confusion	0.0200
sorry	for	mistake	0.0200
sorry	for	me	0.0200
sorry	for	us	0.0160
sorry	for	now	0.0160
sorry	i	am	0.0216
sorry	this	is	0.0180
sorry	to	bother	0.1500
sorry	to	hear	0.1200
sorry	to	interrupt	0.0800
sorry	to	keep	0.0600
sorry	to	ask	0.0500
sorry	to	inform	0.0400
sorry	to	the	0.0400
sorry	to	say	0.0300
sorry	to	tell	0.0200
sorry	to	disturb	0.0200
sorry	to	trouble	0.0200
sorry	to	a	0.0200
sorry	to	be	0.0160
start	a	lot	0.0160
start	at	the	0.0176
start	from	the	0.0160
start	on	the	0.0224
start	to	the	0.0480
start	to	a	0.0240
start	to	be	0.0192
start	with	the	0.0480
start	with	a	0.0240
start	with	you	0.0180
station	bus	car	0.0426
station	bus	bus	0.0403
station	bus	train	0.0381
station	bus	flight	0.0358
station	bus	drive	0.0335
station	bus	ride	0.0312
station	bus	traffic	0.0290
station	bus	parking	0.0267
station	car	car	0.0450
station	car	bus	0.0426
station	car	train	0.0402
station	car	flight	0.0378
station	car	drive	0.0354
station	car	ride	0.0330
station	car	traffic	0.0306
station	car	parking	0.0282
station	drive	car	0.0354
station	drive	bus	0.0335
station	drive	train	0.0316
station	drive	flight	0.0297
station	drive	drive	0.0278
station	drive	ride	0.0260
station	drive	traffic	0.0241
station	drive	parking	0.0222
station	flight	flight	0.0378
station	flight	hotel	0.0358
station	flight	trip	0.0338
station	flight	vacation	0.0318
station	flight	beach	0.0297
station	flight	airport	0.0277
station	flight	booking	0.0257
station	flight	passport	0.0237
station	fuel	car	0.0234
station	fuel	bus	0.0222
station	fuel	train	0.0209
station	fuel	flight	0.0197
station	fuel	drive	0.0184
station	fuel	ride	0.0172
station	fuel	traffic	0.0159
station	gas	car	0.0258
station	gas	bus	0.0244
station	gas	train	0.0230
station	gas	flight	0.0217
station	gas	drive	0.0203
station	gas	ride	0.0189
station	gas	traffic	0.0175
station	gas	parking	0.0162
station	parking	car	0.0282
station	parking	bus	0.0267
station	parking	train	0.0252
station	parking	flight	0.0237
station	parking	drive	0.0222
station	parking	ride	0.0207
station	parking	traffic	0.0192
station	parking	parking	0.0177
station	ride	car	0.0330
station	ride	bus	0.0312
station	ride	train	0.0295
station	ride	flight	0.0277
station	ride	drive	0.0260
station	ride	ride	0.0242
station	ride	traffic	0.0224
station	ride	parking	0.0207
station	traffic	car	0.0306
station	traffic	bus	0.0290
station	traffic	train	0.0273
station	traffic	flight	0.0257
station	traffic	drive	0.0241
station	traffic	ride	0.0224
station	traffic	traffic	0.0208
station	traffic	parking	0.0192
station	train	car	0.0402
station	train	bus	0.0381
station	train	train	0.0359
station	train	flight	0.0338
station	train	drive	0.0316
station	train	ride	0.0295
station	train	traffic	0.0273
station	train	parking	0.0252
stay	at	the	0.0352
stay	at	a	0.0160
stay	home	mom	0.0450
stay	home	dad	0.0426
stay	home	sister	0.0402
stay	home	brother	0.0378
stay	home	son	0.0354
stay	home	daughter	0.0330
stay	home	family	0.0306
stay	home	kids	0.0282
stay	in	the	0.0360
stay	there	is	0.0480
stay	there	are	0.0400
stay	there	was	0.0192
stay	there	were	0.0160
stay	with	the	0.0192
stop	at	the	0.0528
stop	at	a	0.0240
stop	by	the	0.0750
stop	by	a	0.0675
stop	by	my	0.0600
stop	by	your	0.0525
stop	by	our	0.0450
stop	by	their	0.0375
stop	by	this	0.0300
stop	by	that	0.0225
stop	for	the	0.0216
stop	going	to	0.0440
stop	it	is	0.0150
store	buy	buy	0.0450
store	buy	store	0.0426
store	buy	order	0.0402
store	buy	delivery	0.0378
store	buy	price	0.0354
store	buy	sale	0.0330
store	buy	discount	0.0306
store	buy	cart	0.0282
store	cart	buy	0.0282
store	cart	store	0.0267
store	cart	order	0.0252
store	cart	delivery	0.0237
store	cart	price	0.0222
store	cart	sale	0.0207
store	cart	discount	0.0192
store	cart	cart	0.0177
store	checkout	buy	0.0258
store	checkout	store	0.0244
store	checkout	order	0.0230
store	checkout	delivery	0.0217
store	checkout	price	0.0203
store	checkout	sale	0.0189
store	checkout	discount	0.0175
store	checkout	cart	0.0162
store	delivery	buy	0.0378
store	delivery	store	0.0358
store	delivery	order	0.0338
store	delivery	delivery	0.0318
store	delivery	price	0.0297
store	delivery	sale	0.0277
store	delivery	discount	0.0257
store	delivery	cart	0.0237
store	discount	buy	0.0306
store	discount	store	0.0290
store	discount	order	0.0273
store	discount	delivery	0.0257
store	discount	price	0.0241
store	discount	sale	0.0224
store	discount	discount	0.0208
store	discount	cart	0.0192
store	order	eat	0.0402
store	order	cook	0.0381
store	order	order	0.0359
store	order	restaurant	0.0338
store	order	lunch	0.0316
store	order	dinner	0.0295
store	order	breakfast	0.0273
store	order	coffee	0.0252
store	payment	buy	0.0234
store	payment	store	0.0222
store	payment	order	0.0209
store	payment	delivery	0.0197
store	payment	price	0.0184
store	payment	sale	0.0172
store	payment	discount	0.0159
store	price	buy	0.0354
store	price	store	0.0335
store	price	order	0.0316
store	price	delivery	0.0297
store	price	price	0.0278
store	price	sale	0.0260
store	price	discount	0.0241
store	price	cart	0.0222
store	sale	buy	0.0330
store	sale	store	0.0312
store	sale	order	0.0295
store	sale	delivery	0.0277
store	sale	price	0.0260
store	sale	sale	0.0242
store	sale	discount	0.0224
store	sale	cart	0.0207
store	store	buy	0.0426
store	store	store	0.0403
store	store	order	0.0381
store	store	delivery	0.0358
store	store	price	0.0335
store	store	sale	0.0312
store	store	discount	0.0290
store	store	cart	0.0267
storm	cloudy	rain	0.0282
storm	cloudy	sunny	0.0267
storm	cloudy	cold	0.0252
storm	cloudy	hot	0.0237
storm	cloudy	snow	0.0222
storm	cloudy	storm	0.0207
storm	cloudy	wind	0.0192
storm	cloudy	cloudy	0.0177
storm	cold	rain	0.0402
storm	cold	sunny	0.0381
storm	cold	cold	0.0359
storm	cold	hot	0.0338
storm	cold	snow	0.0316
storm	cold	storm	0.0295
storm	cold	wind	0.0273
storm	cold	cloudy	0.0252
storm	forecast	rain	0.0234
storm	forecast	sunny	0.0222
storm	forecast	cold	0.0209
storm	forecast	hot	0.0197
storm	forecast	snow	0.0184
storm	forecast	storm	0.0172
storm	forecast	wind	0.0159
storm	hot	rain	0.0378
storm	hot	sunny	0.0358
storm	hot	cold	0.0338
storm	hot	hot	0.0318
storm	hot	snow	0.0297
storm	hot	storm	0.0277
storm	hot	wind	0.0257
storm	hot	cloudy	0.0237
storm	rain	rain	0.0450
storm	rain	sunny	0.0426
storm	rain	cold	0.0402
storm	rain	hot	0.0378
storm	rain	snow	0.0354
storm	rain	storm	0.0330
storm	rain	wind	0.0306
storm	rain	cloudy	0.0282
storm	snow	rain	0.0354
storm	snow	sunny	0.0335
storm	snow	cold	0.0316
storm	snow	hot	0.0297
storm	snow	snow	0.0278
storm	snow	storm	0.0260
storm	snow	wind	0.0241
storm	snow	cloudy	0.0222
storm	storm	rain	0.0330
storm	storm	sunny	0.0312
storm	storm	cold	0.0295
storm	storm	hot	0.0277
storm	storm	snow	0.0260
storm	storm	storm	0.0242
storm	storm	wind	0.0224
storm	storm	cloudy	0.0207
storm	sunny	rain	0.0426
storm	sunny	sunny	0.0403
storm	sunny	cold	0.0381
storm	sunny	hot	0.0358
storm	sunny	snow	0.0335
storm	sunny	storm	0.0312
storm	sunny	wind	0.0290
storm	sunny	cloudy	0.0267
storm	temperature	rain	0.0258
storm	temperature	sunny	0.0244
storm	temperature	cold	0.0230
storm	temperature	hot	0.0217
storm	temperature	snow	0.0203
storm	temperature	storm	0.0189
storm	temperature	wind	0.0175
storm	temperature	cloudy	0.0162
storm	wind	rain	0.0306
storm	wind	sunny	0.0290
storm	wind	cold	0.0273
storm	wind	hot	0.0257
storm	wind	snow	0.0241
storm	wind	storm	0.0224
storm	wind	wind	0.0208
storm	wind	cloudy	0.0192
stream	book	movie	0.0330
stream	book	music	0.0312
stream	book	game	0.0295
stream	book	show	0.0277
stream	book	concert	0.0260
stream	book	book	0.0242
stream	book	video	0.0224
stream	book	stream	0.0207
stream	concert	movie	0.0354
stream	concert	music	0.0335
stream	concert	game	0.0316
stream	concert	show	0.0297
stream	concert	concert	0.0278
stream	concert	book	0.0260
stream	concert	video	0.0241
stream	concert	stream	0.0222
stream	game	game	0.0402
stream	game	team	0.0381
stream	game	score	0.0359
stream	game	match	0.0338
stream	game	player	0.0316
stream	game	win	0.0295
stream	game	lose	0.0273
stream	game	goal	0.0252
stream	listen	movie	0.0234
stream	listen	music	0.0222
stream	listen	game	0.0209
stream	listen	show	0.0197
stream	listen	concert	0.0184
stream	listen	book	0.0172
stream	listen	video	0.0159
stream	movie	movie	0.0450
stream	movie	music	0.0426
stream	movie	game	0.0402
stream	movie	show	0.0378
stream	movie	concert	0.0354
stream	movie	book	0.0330
stream	movie	video	0.0306
stream	movie	stream	0.0282
stream	music	movie	0.0426
stream	music	music	0.0403
stream	music	game	0.0381
stream	music	show	0.0358
stream	music	concert	0.0335
stream	music	book	0.0312
stream	music	video	0.0290
stream	music	stream	0.0267
stream	show	movie	0.0378
stream	show	music	0.0358
stream	show	game	0.0338
stream	show	show	0.0318
stream	show	concert	0.0297
stream	show	book	0.0277
stream	show	video	0.0257
stream	show	stream	0.0237
stream	stream	movie	0.0282
stream	stream	music	0.0267
stream	stream	game	0.0252
stream	stream	show	0.0237
stream	stream	concert	0.0222
stream	stream	book	0.0207
stream	stream	video	0.0192
stream	stream	stream	0.0177
stream	video	movie	0.0306
stream	video	music	0.0290
stream	video	game	0.0273
stream	video	show	0.0257
stream	video	concert	0.0241
stream	video	book	0.0224
stream	video	video	0.0208
stream	video	stream	0.0192
stream	watch	movie	0.0258
stream	watch	music	0.0244
stream	watch	game	0.0230
stream	watch	show	0.0217
stream	watch	concert	0.0203
stream	watch	book	0.0189
stream	watch	video	0.0175
stream	watch	stream	0.0162
stress	diet	doctor	0.0234
stress	diet	hospital	0.0222
stress	diet	medicine	0.0209
stress	diet	pain	0.0197
stress	diet	sick	0.0184
stress	diet	fever	0.0172
stress	diet	headache	0.0159
stress	doctor	doctor	0.0450
stress	doctor	hospital	0.0426
stress	doctor	medicine	0.0402
stress	doctor	pain	0.0378
stress	doctor	sick	0.0354
stress	doctor	fever	0.0330
stress	doctor	headache	0.0306
stress	doctor	exercise	0.0282
stress	exercise	doctor	0.0282
stress	exercise	hospital	0.0267
stress	exercise	medicine	0.0252
stress	exercise	pain	0.0237
stress	exercise	sick	0.0222
stress	exercise	fever	0.0207
stress	exercise	headache	0.0192
stress	exercise	exercise	0.0177
stress	fever	doctor	0.0330
stress	fever	hospital	0.0312
stress	fever	medicine	0.0295
stress	fever	pain	0.0277
stress	fever	sick	0.0260
stress	fever	fever	0.0242
stress	fever	headache	0.0224
stress	fever	exercise	0.0207
stress	headache	doctor	0.0306
stress	headache	hospital	0.0290
stress	headache	medicine	0.0273
stress	headache	pain	0.0257
stress	headache	sick	0.0241
stress	headache	fever	0.0224
stress	headache	headache	0.0208
stress	headache	exercise	0.0192
stress	hospital	doctor	0.0426
stress	hospital	hospital	0.0403
stress	hospital	medicine	0.0381
stress	hospital	pain	0.0358
stress	hospital	sick	0.0335
stress	hospital	fever	0.0312
stress	hospital	headache	0.0290
stress	hospital	exercise	0.0267
stress	medicine	doctor	0.0402
stress	medicine	hospital	0.0381
stress	medicine	medicine	0.0359
stress	medicine	pain	0.0338
stress	medicine	sick	0.0316
stress	medicine	fever	0.0295
stress	medicine	headache	0.0273
stress	medicine	exercise	0.0252
stress	pain	doctor	0.0378
stress	pain	hospital	0.0358
stress	pain	medicine	0.0338
stress	pain	pain	0.0318
stress	pain	sick	0.0297
stress	pain	fever	0.0277
stress	pain	headache	0.0257
stress	pain	exercise	0.0237
stress	sick	doctor	0.0354
stress	sick	hospital	0.0335
stress	sick	medicine	0.0316
stress	sick	pain	0.0297
stress	sick	sick	0.0278
stress	sick	fever	0.0260
stress	sick	headache	0.0241
stress	sick	exercise	0.0222
stress	sleep	doctor	0.0258
stress	sleep	hospital	0.0244
stress	sleep	medicine	0.0230
stress	sleep	pain	0.0217
stress	sleep	sick	0.0203
stress	sleep	fever	0.0189
stress	sleep	headache	0.0175
stress	sleep	exercise	0.0162
student	assignment	school	0.0234
student	assignment	class	0.0222
student	assignment	homework	0.0209
student	assignment	exam	0.0197
student	assignment	study	0.0184
student	assignment	teacher	0.0172
student	assignment	student	0.0159
student	class	school	0.0426
student	class	class	0.0403
student	class	homework	0.0381
student	class	exam	0.0358
student	class	study	0.0335
student	class	teacher	0.0312
student	class	student	0.0290
student	class	course	0.0267
student	course	school	0.0282
student	course	class	0.0267
student	course	homework	0.0252
student	course	exam	0.0237
student	course	study	0.0222
student	course	teacher	0.0207
student	course	student	0.0192
student	course	course	0.0177
student	exam	school	0.0378
student	exam	class	0.0358
student	exam	homework	0.0338
student	exam	exam	0.0318
student	exam	study	0.0297
student	exam	teacher	0.0277
student	exam	student	0.0257
student	exam	course	0.0237
student	homework	school	0.0402
student	homework	class	0.0381
student	homework	homework	0.0359
student	homework	exam	0.0338
student	homework	study	0.0316
student	homework	teacher	0.0295
student	homework	student	0.0273
student	homework	course	0.0252
student	lecture	school	0.0258
student	lecture	class	0.0244
student	lecture	homework	0.0230
student	lecture	exam	0.0217
student	lecture	study	0.0203
student	lecture	teacher	0.0189
student	lecture	student	0.0175
student	lecture	course	0.0162
student	school	school	0.0450
student	school	class	0.0426
student	school	homework	0.0402
student	school	exam	0.0378
student	school	study	0.0354
student	school	teacher	0.0330
student	school	student	0.0306
student	school	course	0.0282
student	student	school	0.0306
student	student	class	0.0290
student	student	homework	0.0273
student	student	exam	0.0257
student	student	study	0.0241
student	student	teacher	0.0224
student	student	student	0.0208
student	student	course	0.0192
student	study	school	0.0354
student	study	class	0.0335
student	study	homework	0.0316
student	study	exam	0.0297
student	study	study	0.0278
student	study	teacher	0.0260
student	study	student	0.0241
student	study	course	0.0222
student	teacher	school	0.0330
student	teacher	class	0.0312
student	teacher	homework	0.0295
student	teacher	exam	0.0277
student	teacher	study	0.0260
student	teacher	teacher	0.0242
student	teacher	student	0.0224
student	teacher	course	0.0207
study	assignment	school	0.0234
study	assignment	class	0.0222
study	assignment	homework	0.0209
study	assignment	exam	0.0197
study	assignment	study	0.0184
study	assignment	teacher	0.0172
study	assignment	student	0.0159
study	class	school	0.0426
study	class	class	0.0403
study	class	homework	0.0381
study	class	exam	0.0358
study	class	study	0.0335
study	class	teacher	0.0312
study	class	student	0.0290
study	class	course	0.0267
study	course	school	0.0282
study	course	class	0.0267
study	course	homework	0.0252
study	course	exam	0.0237
study	course	study	0.0222
study	course	teacher	0.0207
study	course	student	0.0192
study	course	course	0.0177
study	exam	school	0.0378
study	exam	class	0.0358
study	exam	homework	0.0338
study	exam	exam	0.0318
study	exam	study	0.0297
study	exam	teacher	0.0277
study	exam	student	0.0257
study	exam	course	0.0237
study	homework	school	0.0402
study	homework	class	0.0381
study	homework	homework	0.0359
study	homework	exam	0.0338
study	homework	study	0.0316
study	homework	teacher	0.0295
study	homework	student	0.0273
study	homework	course	0.0252
study	lecture	school	0.0258
study	lecture	class	0.0244
study	lecture	homework	0.0230
study	lecture	exam	0.0217
study	lecture	study	0.0203
study	lecture	teacher	0.0189
study	lecture	student	0.0175
study	lecture	course	0.0162
study	school	school	0.0450
study	school	class	0.0426
study	school	homework	0.0402
study	school	exam	0.0378
study	school	study	0.0354
study	school	teacher	0.0330
study	school	student	0.0306
study	school	course	0.0282
study	student	school	0.0306
study	student	class	0.0290
study	student	homework	0.0273
study	student	exam	0.0257
study	student	study	0.0241
study	student	teacher	0.0224
study	student	student	0.0208
study	student	course	0.0192
study	study	school	0.0354
study	study	class	0.0335
study	study	homework	0.0316
study	study	exam	0.0297
study	study	study	0.0278
study	study	teacher	0.0260
study	study	student	0.0241
study	study	course	0.0222
study	teacher	school	0.0330
study	teacher	class	0.0312
study	teacher	homework	0.0295
study	teacher	exam	0.0277
study	teacher	study	0.0260
study	teacher	teacher	0.0242
study	teacher	student	0.0224
study	teacher	course	0.0207
sunday	at	the	0.0176
sunday	in	the	0.0180
sunday	is	it	0.0150
sunday	on	the	0.0168
sunny	cloudy	rain	0.0282
sunny	cloudy	sunny	0.0267
sunny	cloudy	cold	0.0252
sunny	cloudy	hot	0.0237
sunny	cloudy	snow	0.0222
sunny	cloudy	storm	0.0207
sunny	cloudy	wind	0.0192
sunny	cloudy	cloudy	0.0177
sunny	cold	rain	0.0402
sunny	cold	sunny	0.0381
sunny	cold	cold	0.0359
sunny	cold	hot	0.0338
sunny	cold	snow	0.0316
sunny	cold	storm	0.0295
sunny	cold	wind	0.0273
sunny	cold	cloudy	0.0252
sunny	forecast	rain	0.0234
sunny	forecast	sunny	0.0222
sunny	forecast	cold	0.0209
sunny	forecast	hot	0.0197
sunny	forecast	snow	0.0184
sunny	forecast	storm	0.0172
sunny	forecast	wind	0.0159
sunny	hot	rain	0.0378
sunny	hot	sunny	0.0358
sunny	hot	cold	0.0338
sunny	hot	hot	0.0318
sunny	hot	snow	0.0297
sunny	hot	storm	0.0277
sunny	hot	wind	0.0257
sunny	hot	cloudy	0.0237
sunny	rain	rain	0.0450
sunny	rain	sunny	0.0426
sunny	rain	cold	0.0402
sunny	rain	hot	0.0378
sunny	rain	snow	0.0354
sunny	rain	storm	0.0330
sunny	rain	wind	0.0306
sunny	rain	cloudy	0.0282
sunny	snow	rain	0.0354
sunny	snow	sunny	0.0335
sunny	snow	cold	0.0316
sunny	snow	hot	0.0297
sunny	snow	snow	0.0278
sunny	snow	storm	0.0260
sunny	snow	wind	0.0241
sunny	snow	cloudy	0.0222
sunny	storm	rain	0.0330
sunny	storm	sunny	0.0312
sunny	storm	cold	0.0295
sunny	storm	hot	0.0277
sunny	storm	snow	0.0260
sunny	storm	storm	0.0242
sunny	storm	wind	0.0224
sunny	storm	cloudy	0.0207
sunny	sunny	rain	0.0426
sunny	sunny	sunny	0.0403
sunny	sunny	cold	0.0381
sunny	sunny	hot	0.0358
sunny	sunny	snow	0.0335
sunny	sunny	storm	0.0312
sunny	sunny	wind	0.0290
sunny	sunny	cloudy	0.0267
sunny	temperature	rain	0.0258
sunny	temperature	sunny	0.0244
sunny	temperature	cold	0.0230
sunny	temperature	hot	0.0217
sunny	temperature	snow	0.0203
sunny	temperature	storm	0.0189
sunny	temperature	wind	0.0175
sunny	temperature	cloudy	0.0162
sunny	wind	rain	0.0306
sunny	wind	sunny	0.0290
sunny	wind	cold	0.0273
sunny	wind	hot	0.0257
sunny	wind	snow	0.0241
sunny	wind	storm	0.0224
sunny	wind	wind	0.0208
sunny	wind	cloudy	0.0192
symptoms	diet	doctor	0.0234
symptoms	diet	hospital	0.0222
symptoms	diet	medicine	0.0209
symptoms	diet	pain	0.0197
symptoms	diet	sick	0.0184
symptoms	diet	fever	0.0172
symptoms	diet	headache	0.0159
symptoms	doctor	doctor	0.0450
symptoms	doctor	hospital	0.0426
symptoms	doctor	medicine	0.0402
symptoms	doctor	pain	0.0378
symptoms	doctor	sick	0.0354
symptoms	doctor	fever	0.0330
symptoms	doctor	headache	0.0306
symptoms	doctor	exercise	0.0282
symptoms	exercise	doctor	0.0282
symptoms	exercise	hospital	0.0267
symptoms	exercise	medicine	0.0252
symptoms	exercise	pain	0.0237
symptoms	exercise	sick	0.0222
symptoms	exercise	fever	0.0207
symptoms	exercise	headache	0.0192
symptoms	exercise	exercise	0.0177
symptoms	fever	doctor	0.0330
symptoms	fever	hospital	0.0312
symptoms	fever	medicine	0.0295
symptoms	fever	pain	0.0277
symptoms	fever	sick	0.0260
symptoms	fever	fever	0.0242
symptoms	fever	headache	0.0224
symptoms	fever	exercise	0.0207
symptoms	headache	doctor	0.0306
symptoms	headache	hospital	0.0290
symptoms	headache	medicine	0.0273
symptoms	headache	pain	0.0257
symptoms	headache	sick	0.0241
symptoms	headache	fever	0.0224
symptoms	headache	headache	0.0208
symptoms	headache	exercise	0.0192
symptoms	hospital	doctor	0.0426
symptoms	hospital	hospital	0.0403
symptoms	hospital	medicine	0.0381
symptoms	hospital	pain	0.0358
symptoms	hospital	sick	0.0335
symptoms	hospital	fever	0.0312
symptoms	hospital	headache	0.0290
symptoms	hospital	exercise	0.0267
symptoms	medicine	doctor	0.0402
symptoms	medicine	hospital	0.0381
symptoms	medicine	medicine	0.0359
symptoms	medicine	pain	0.0338
symptoms	medicine	sick	0.0316
symptoms	medicine	fever	0.0295
symptoms	medicine	headache	0.0273
symptoms	medicine	exercise	0.0252
symptoms	pain	doctor	0.0378
symptoms	pain	hospital	0.0358
symptoms	pain	medicine	0.0338
symptoms	pain	pain	0.0318
symptoms	pain	sick	0.0297
symptoms	pain	fever	0.0277
symptoms	pain	headache	0.0257
symptoms	pain	exercise	0.0237
symptoms	sick	doctor	0.0354
symptoms	sick	hospital	0.0335
symptoms	sick	medicine	0.0316
symptoms	sick	pain	0.0297
symptoms	sick	sick	0.0278
symptoms	sick	fever	0.0260
symptoms	sick	headache	0.0241
symptoms	sick	exercise	0.0222
symptoms	sleep	doctor	0.0258
symptoms	sleep	hospital	0.0244
symptoms	sleep	medicine	0.0230
symptoms	sleep	pain	0.0217
symptoms	sleep	sick	0.0203
symptoms	sleep	fever	0.0189
symptoms	sleep	headache	0.0175
symptoms	sleep	exercise	0.0162
take	a	lot	0.0240
take	care	of	0.3000
take	care	and	0.0800
take	care	everyone	0.0400
take	care	yourself	0.0400
take	care	there	0.0300
take	care	too	0.0200
take	care	now	0.0200
take	care	later	0.0200
take	care	please	0.0200
take	care	ok	0.0200
take	it	is	0.0300
take	it	was	0.0216
take	this	is	0.0180
talk	about	it	0.0192
talk	about	that	0.0160
talk	soon	morning	0.0160
talk	to	you	0.4000
talk	to	me	0.1000
talk	to	them	0.0600
talk	to	him	0.0500
talk	to	her	0.0500
talk	to	us	0.0400
talk	to	a	0.0360
talk	to	the	0.0300
talk	to	be	0.0288
talk	to	do	0.0216
talk	to	about	0.0200
talk	to	later	0.0200
talk	to	soon	0.0200
talk	to	tomorrow	0.0200
talk	to	today	0.0200
talk	to	again	0.0200
talk	to	more	0.0200
talk	to	when	0.0200
talk	to	get	0.0180
talk	with	the	0.0192
task	client	meeting	0.0354
task	client	project	0.0335
task	client	deadline	0.0316
task	client	report	0.0297
task	client	client	0.0278
task	client	email	0.0260
task	client	office	0.0241
task	client	manager	0.0222
task	deadline	meeting	0.0402
task	deadline	project	0.0381
task	deadline	deadline	0.0359
task	deadline	report	0.0338
task	deadline	client	0.0316
task	deadline	email	0.0295
task	deadline	office	0.0273
task	deadline	manager	0.0252
task	email	code	0.0330
task	email	app	0.0312
task	email	phone	0.0295
task	email	laptop	0.0277
task	email	software	0.0260
task	email	update	0.0242
task	email	bug	0.0224
task	email	server	0.0207
task	manager	meeting	0.0282
task	manager	project	0.0267
task	manager	deadline	0.0252
task	manager	report	0.0237
task	manager	client	0.0222
task	manager	email	0.0207
task	manager	office	0.0192
task	manager	manager	0.0177
task	meeting	meeting	0.0450
task	meeting	project	0.0426
task	meeting	deadline	0.0402
task	meeting	report	0.0378
task	meeting	client	0.0354
task	meeting	email	0.0330
task	meeting	office	0.0306
task	meeting	manager	0.0282
task	office	meeting	0.0306
task	office	project	0.0290
task	office	deadline	0.0273
task	office	report	0.0257
task	office	client	0.0241
task	office	email	0.0224
task	office	office	0.0208
task	office	manager	0.0192
task	project	meeting	0.0426
task	project	project	0.0403
task	project	deadline	0.0381
task	project	report	0.0358
task	project	client	0.0335
task	project	email	0.0312
task	project	office	0.0290
task	project	manager	0.0267
task	report	meeting	0.0378
task	report	project	0.0358
task	report	deadline	0.0338
task	report	report	0.0318
task	report	client	0.0297
task	report	email	0.0277
task	report	office	0.0257
task	report	manager	0.0237
task	schedule	meeting	0.0234
task	schedule	project	0.0222
task	schedule	deadline	0.0209
task	schedule	report	0.0197
task	schedule	client	0.0184
task	schedule	email	0.0172
task	schedule	office	0.0159
task	task	meeting	0.0258
task	task	project	0.0244
task	task	deadline	0.0230
task	task	report	0.0217
task	task	client	0.0203
task	task	email	0.0189
task	task	office	0.0175
task	task	manager	0.0162
tax	bank	money	0.0426
tax	bank	bank	0.0403
tax	bank	payment	0.0381
tax	bank	budget	0.0358
tax	bank	cost	0.0335
tax	bank	price	0.0312
tax	bank	bill	0.0290
tax	bank	invoice	0.0267
tax	bill	money	0.0306
tax	bill	bank	0.0290
tax	bill	payment	0.0273
tax	bill	budget	0.0257
tax	bill	cost	0.0241
tax	bill	price	0.0224
tax	bill	bill	0.0208
tax	bill	invoice	0.0192
tax	budget	meeting	0.0378
tax	budget	project	0.0358
tax	budget	deadline	0.0338
tax	budget	report	0.0318
tax	budget	client	0.0297
tax	budget	email	0.0277
tax	budget	office	0.0257
tax	budget	manager	0.0237
tax	cost	money	0.0354
tax	cost	bank	0.0335
tax	cost	payment	0.0316
tax	cost	budget	0.0297
tax	cost	cost	0.0278
tax	cost	price	0.0260
tax	cost	bill	0.0241
tax	cost	invoice	0.0222
tax	invoice	money	0.0282
tax	invoice	bank	0.0267
tax	invoice	payment	0.0252
tax	invoice	budget	0.0237
tax	invoice	cost	0.0222
tax	invoice	price	0.0207
tax	invoice	bill	0.0192
tax	invoice	invoice	0.0177
tax	money	money	0.0450
tax	money	bank	0.0426
tax	money	payment	0.0402
tax	money	budget	0.0378
tax	money	cost	0.0354
tax	money	price	0.0330
tax	money	bill	0.0306
tax	money	invoice	0.0282
tax	payment	buy	0.0402
tax	payment	store	0.0381
tax	payment	order	0.0359
tax	payment	delivery	0.0338
tax	payment	price	0.0316
tax	payment	sale	0.0295
tax	payment	discount	0.0273
tax	payment	cart	0.0252
tax	price	buy	0.0330
tax	price	store	0.0312
tax	price	order	0.0295
tax	price	delivery	0.0277
tax	price	price	0.0260
tax	price	sale	0.0242
tax	price	discount	0.0224
tax	price	cart	0.0207
tax	salary	money	0.0258
tax	salary	bank	0.0244
tax	salary	payment	0.0230
tax	salary	budget	0.0217
tax	salary	cost	0.0203
tax	salary	price	0.0189
tax	salary	bill	0.0175
tax	salary	invoice	0.0162
tax	tax	money	0.0234
tax	tax	bank	0.0222
tax	tax	payment	0.0209
tax	tax	budget	0.0197
tax	tax	cost	0.0184
tax	tax	price	0.0172
tax	tax	bill	0.0159
taxi	bus	car	0.0426
taxi	bus	bus	0.0403
taxi	bus	train	0.0381
taxi	bus	flight	0.0358
taxi	bus	drive	0.0335
taxi	bus	ride	0.0312
taxi	bus	traffic	0.0290
taxi	bus	parking	0.0267
taxi	car	car	0.0450
taxi	car	bus	0.0426
taxi	car	train	0.0402
taxi	car	flight	0.0378
taxi	car	drive	0.0354
taxi	car	ride	0.0330
taxi	car	traffic	0.0306
taxi	car	parking	0.0282
taxi	drive	car	0.0354
taxi	drive	bus	0.0335
taxi	drive	train	0.0316
taxi	drive	flight	0.0297
taxi	drive	drive	0.0278
taxi	drive	ride	0.0260
taxi	drive	traffic	0.0241
taxi	drive	parking	0.0222
taxi	flight	flight	0.0378
taxi	flight	hotel	0.0358
taxi	flight	trip	0.0338
taxi	flight	vacation	0.0318
taxi	flight	beach	0.0297
taxi	flight	airport	0.0277
taxi	flight	booking	0.0257
taxi	flight	passport	0.0237
taxi	fuel	car	0.0234
taxi	fuel	bus	0.0222
taxi	fuel	train	0.0209
taxi	fuel	flight	0.0197
taxi	fuel	drive	0.0184
taxi	fuel	ride	0.0172
taxi	fuel	traffic	0.0159
taxi	gas	car	0.0258
taxi	gas	bus	0.0244
taxi	gas	train	0.0230
taxi	gas	flight	0.0217
taxi	gas	drive	0.0203
taxi	gas	ride	0.0189
taxi	gas	traffic	0.0175
taxi	gas	parking	0.0162
taxi	parking	car	0.0282
taxi	parking	bus	0.0267
taxi	parking	train	0.0252
taxi	parking	flight	0.0237
taxi	parking	drive	0.0222
taxi	parking	ride	0.0207
taxi	parking	traffic	0.0192
taxi	parking	parking	0.0177
taxi	ride	car	0.0330
taxi	ride	bus	0.0312
taxi	ride	train	0.0295
taxi	ride	flight	0.0277
taxi	ride	drive	0.0260
taxi	ride	ride	0.0242
taxi	ride	traffic	0.0224
taxi	ride	parking	0.0207
taxi	traffic	car	0.0306
taxi	traffic	bus	0.0290
taxi	traffic	train	0.0273
taxi	traffic	flight	0.0257
taxi	traffic	drive	0.0241
taxi	traffic	ride	0.0224
taxi	traffic	traffic	0.0208
taxi	traffic	parking	0.0192
taxi	train	car	0.0402
taxi	train	bus	0.0381
taxi	train	train	0.0359
taxi	train	flight	0.0338
taxi	train	drive	0.0316
taxi	train	ride	0.0295
taxi	train	traffic	0.0273
taxi	train	parking	0.0252
teacher	assignment	school	0.0234
teacher	assignment	class	0.0222
teacher	assignment	homework	0.0209
teacher	assignment	exam	0.0197
teacher	assignment	study	0.0184
teacher	assignment	teacher	0.0172
teacher	assignment	student	0.0159
teacher	class	school	0.0426
teacher	class	class	0.0403
teacher	class	homework	0.0381
teacher	class	exam	0.0358
teacher	class	study	0.0335
teacher	class	teacher	0.0312
teacher	class	student	0.0290
teacher	class	course	0.0267
teacher	course	school	0.0282
teacher	course	class	0.0267
teacher	course	homework	0.0252
teacher	course	exam	0.0237
teacher	course	study	0.0222
teacher	course	teacher	0.0207
teacher	course	student	0.0192
teacher	course	course	0.0177
teacher	exam	school	0.0378
teacher	exam	class	0.0358
teacher	exam	homework	0.0338
teacher	exam	exam	0.0318
teacher	exam	study	0.0297
teacher	exam	teacher	0.0277
teacher	exam	student	0.0257
teacher	exam	course	0.0237
teacher	homework	school	0.0402
teacher	homework	class	0.0381
teacher	homework	homework	0.0359
teacher	homework	exam	0.0338
teacher	homework	study	0.0316
teacher	homework	teacher	0.0295
teacher	homework	student	0.0273
teacher	homework	course	0.0252
teacher	lecture	school	0.0258
teacher	lecture	class	0.0244
teacher	lecture	homework	0.0230
teacher	lecture	exam	0.0217
teacher	lecture	study	0.0203
teacher	lecture	teacher	0.0189
teacher	lecture	student	0.0175
teacher	lecture	course	0.0162
teacher	school	school	0.0450
teacher	school	class	0.0426
teacher	school	homework	0.0402
teacher	school	exam	0.0378
teacher	school	study	0.0354
teacher	school	teacher	0.0330
teacher	school	student	0.0306
teacher	school	course	0.0282
teacher	student	school	0.0306
teacher	student	class	0.0290
teacher	student	homework	0.0273
teacher	student	exam	0.0257
teacher	student	study	0.0241
teacher	student	teacher	0.0224
teacher	student	student	0.0208
teacher	student	course	0.0192
teacher	study	school	0.0354
teacher	study	class	0.0335
teacher	study	homework	0.0316
teacher	study	exam	0.0297
teacher	study	study	0.0278
teacher	study	teacher	0.0260
teacher	study	student	0.0241
teacher	study	course	0.0222
teacher	teacher	school	0.0330
teacher	teacher	class	0.0312
teacher	teacher	homework	0.0295
teacher	teacher	exam	0.0277
teacher	teacher	study	0.0260
teacher	teacher	teacher	0.0242
teacher	teacher	student	0.0224
teacher	teacher	course	0.0207
team	football	game	0.0234
team	football	team	0.0222
team	football	score	0.0209
team	football	match	0.0197
team	football	player	0.0184
team	football	win	0.0172
team	football	lose	0.0159
team	game	game	0.0450
team	game	team	0.0426
team	game	score	0.0402
team	game	match	0.0378
team	game	player	0.0354
team	game	win	0.0330
team	game	lose	0.0306
team	game	goal	0.0282
team	match	game	0.0378
team	match	team	0.0358
team	match	score	0.0338
team	match	match	0.0318
team	match	player	0.0297
team	match	win	0.0277
team	match	lose	0.0257
team	match	goal	0.0237
team	player	game	0.0354
team	player	team	0.0335
team	player	score	0.0316
team	player	match	0.0297
team	player	player	0.0278
team	player	win	0.0260
team	player	lose	0.0241
team	player	goal	0.0222
team	score	game	0.0402
team	score	team	0.0381
team	score	score	0.0359
team	score	match	0.0338
team	score	player	0.0316
team	score	win	0.0295
team	score	lose	0.0273
team	score	goal	0.0252
team	team	game	0.0426
team	team	team	0.0403
team	team	score	0.0381
team	team	match	0.0358
team	team	player	0.0335
team	team	win	0.0312
team	team	lose	0.0290
team	team	goal	0.0267
team	win	game	0.0330
team	win	team	0.0312
team	win	score	0.0295
team	win	match	0.0277
team	win	player	0.0260
team	win	win	0.0242
team	win	lose	0.0224
team	win	goal	0.0207
tell	me	when	0.1500
tell	me	if	0.1200
tell	me	about	0.1000
tell	me	what	0.0800
tell	me	how	0.0600
tell	me	where	0.0400
tell	me	why	0.0300
tell	me	more	0.0200
tell	me	later	0.0200
tell	me	soon	0.0200
tell	me	now	0.0200
tell	me	again	0.0200
tell	me	please	0.0200
tell	me	the	0.0200
tell	me	your	0.0200
tell	you	are	0.0600
tell	you	can	0.0420
tell	you	will	0.0300
tell	you	know	0.0240
tell	you	have	0.0240
tell	you	should	0.0180
tell	you	need	0.0150
tell	you	want	0.0150
temperature	cloudy	rain	0.0282
temperature	cloudy	sunny	0.0267
temperature	cloudy	cold	0.0252
temperature	cloudy	hot	0.0237
temperature	cloudy	snow	0.0222
temperature	cloudy	storm	0.0207
temperature	cloudy	wind	0.0192
temperature	cloudy	cloudy	0.0177
temperature	cold	rain	0.0402
temperature	cold	sunny	0.0381
temperature	cold	cold	0.0359
temperature	cold	hot	0.0338
temperature	cold	snow	0.0316
temperature	cold	storm	0.0295
temperature	cold	wind	0.0273
temperature	cold	cloudy	0.0252
temperature	forecast	rain	0.0234
temperature	forecast	sunny	0.0222
temperature	forecast	cold	0.0209
temperature	forecast	hot	0.0197
temperature	forecast	snow	0.0184
temperature	forecast	storm	0.0172
temperature	forecast	wind	0.0159
temperature	hot	rain	0.0378
temperature	hot	sunny	0.0358
temperature	hot	cold	0.0338
temperature	hot	hot	0.0318
temperature	hot	snow	0.0297
temperature	hot	storm	0.0277
temperature	hot	wind	0.0257
temperature	hot	cloudy	0.0237
temperature	rain	rain	0.0450
temperature	rain	sunny	0.0426
temperature	rain	cold	0.0402
temperature	rain	hot	0.0378
temperature	rain	snow	0.0354
temperature	rain	storm	0.0330
temperature	rain	wind	0.0306
temperature	rain	cloudy	0.0282
temperature	snow	rain	0.0354
temperature	snow	sunny	0.0335
temperature	snow	cold	0.0316
temperature	snow	hot	0.0297
temperature	snow	snow	0.0278
temperature	snow	storm	0.0260
temperature	snow	wind	0.0241
temperature	snow	cloudy	0.0222
temperature	storm	rain	0.0330
temperature	storm	sunny	0.0312
temperature	storm	cold	0.0295
temperature	storm	hot	0.0277
temperature	storm	snow	0.0260
temperature	storm	storm	0.0242
temperature	storm	wind	0.0224
temperature	storm	cloudy	0.0207
temperature	sunny	rain	0.0426
temperature	sunny	sunny	0.0403
temperature	sunny	cold	0.0381
temperature	sunny	hot	0.0358
temperature	sunny	snow	0.0335
temperature	sunny	storm	0.0312
temperature	sunny	wind	0.0290
temperature	sunny	cloudy	0.0267
temperature	temperature	rain	0.0258
temperature	temperature	sunny	0.0244
temperature	temperature	cold	0.0230
temperature	temperature	hot	0.0217
temperature	temperature	snow	0.0203
temperature	temperature	storm	0.0189
temperature	temperature	wind	0.0175
temperature	temperature	cloudy	0.0162
temperature	wind	rain	0.0306
temperature	wind	sunny	0.0290
temperature	wind	cold	0.0273
temperature	wind	hot	0.0257
temperature	wind	snow	0.0241
temperature	wind	storm	0.0224
temperature	wind	wind	0.0208
temperature	wind	cloudy	0.0192
text	me	when	0.1500
text	me	if	0.1200
text	me	later	0.1000
text	me	back	0.0800
text	me	please	0.0600
text	me	soon	0.0400
text	me	now	0.0300
text	me	tomorrow	0.0200
text	me	today	0.0200
text	me	again	0.0200
thank	you	so	0.3000
thank	you	are	0.2800
thank	you	for	0.2500
thank	you	very	0.2000
thank	you	can	0.1960
thank	you	will	0.1400
thank	you	know	0.1120
thank	you	have	0.1120
thank	you	should	0.0840
thank	you	again	0.0800
thank	you	need	0.0700
thank	you	want	0.0700
thank	you	all	0.0400
thank	you	everyone	0.0200
thank	you	team	0.0200
thank	you	much	0.0200
thank	you	anyway	0.0200
thanks	a	lot	0.0160
thanks	for	your	0.2000
thanks	for	the	0.1500
thanks	for	help	0.1200
thanks	for	letting	0.0800
thanks	for	coming	0.0600
thanks	for	a	0.0600
thanks	for	sharing	0.0500
thanks	for	you	0.0480
thanks	for	everything	0.0400
thanks	for	understanding	0.0300
thanks	for	me	0.0300
thanks	for	us	0.0240
thanks	for	now	0.0240
thanks	for	waiting	0.0200
thanks	for	calling	0.0200
thanks	for	sending	0.0200
thanks	for	checking	0.0200
thanks	for	confirming	0.0200
thanks	for	updating	0.0200
thanks	for	replying	0.0200
thanks	for	today	0.0180
thanks	for	tomorrow	0.0180
thanks	so	much	0.7000
thanks	so	i	0.0240
thanks	so	that	0.0180
thanks	so	many	0.0180
thanks	so	good	0.0150
thanks	you	are	0.0240
thanks	you	can	0.0168
that	could	you	0.0200
that	has	been	0.0200
that	is	a	0.1000
that	is	the	0.0800
that	is	it	0.0660
that	is	not	0.0600
that	is	this	0.0528
that	is	there	0.0440
that	is	so	0.0400
that	is	very	0.0300
that	is	going	0.0300
that	is	that	0.0220
that	is	true	0.0200
that	is	good	0.0200
that	is	bad	0.0200
that	is	right	0.0200
that	is	wrong	0.0200
that	is	fair	0.0200
that	is	possible	0.0200
that	is	important	0.0200
that	is	interesting	0.0200
that	is	he	0.0176
that	was	the	0.0360
that	was	a	0.0288
that	was	not	0.0192
that	will	be	0.0216
that	would	you	0.0180
that	would	be	0.0160
therapy	diet	doctor	0.0234
therapy	diet	hospital	0.0222
therapy	diet	medicine	0.0209
therapy	diet	pain	0.0197
therapy	diet	sick	0.0184
therapy	diet	fever	0.0172
therapy	diet	headache	0.0159
therapy	doctor	doctor	0.0450
therapy	doctor	hospital	0.0426
therapy	doctor	medicine	0.0402
therapy	doctor	pain	0.0378
therapy	doctor	sick	0.0354
therapy	doctor	fever	0.0330
therapy	doctor	headache	0.0306
therapy	doctor	exercise	0.0282
therapy	exercise	doctor	0.0282
therapy	exercise	hospital	0.0267
therapy	exercise	medicine	0.0252
therapy	exercise	pain	0.0237
therapy	exercise	sick	0.0222
therapy	exercise	fever	0.0207
therapy	exercise	headache	0.0192
therapy	exercise	exercise	0.0177
therapy	fever	doctor	0.0330
therapy	fever	hospital	0.0312
therapy	fever	medicine	0.0295
therapy	fever	pain	0.0277
therapy	fever	sick	0.0260
therapy	fever	fever	0.0242
therapy	fever	headache	0.0224
therapy	fever	exercise	0.0207
therapy	headache	doctor	0.0306
therapy	headache	hospital	0.0290
therapy	headache	medicine	0.0273
therapy	headache	pain	0.0257
therapy	headache	sick	0.0241
therapy	headache	fever	0.0224
therapy	headache	headache	0.0208
therapy	headache	exercise	0.0192
therapy	hospital	doctor	0.0426
therapy	hospital	hospital	0.0403
therapy	hospital	medicine	0.0381
therapy	hospital	pain	0.0358
therapy	hospital	sick	0.0335
therapy	hospital	fever	0.0312
therapy	hospital	headache	0.0290
therapy	hospital	exercise	0.0267
therapy	medicine	doctor	0.0402
therapy	medicine	hospital	0.0381
therapy	medicine	medicine	0.0359
therapy	medicine	pain	0.0338
therapy	medicine	sick	0.0316
therapy	medicine	fever	0.0295
therapy	medicine	headache	0.0273
therapy	medicine	exercise	0.0252
therapy	pain	doctor	0.0378
therapy	pain	hospital	0.0358
therapy	pain	medicine	0.0338
therapy	pain	pain	0.0318
therapy	pain	sick	0.0297
therapy	pain	fever	0.0277
therapy	pain	headache	0.0257
therapy	pain	exercise	0.0237
therapy	sick	doctor	0.0354
therapy	sick	hospital	0.0335
therapy	sick	medicine	0.0316
therapy	sick	pain	0.0297
therapy	sick	sick	0.0278
therapy	sick	fever	0.0260
therapy	sick	headache	0.0241
therapy	sick	exercise	0.0222
therapy	sleep	doctor	0.0258
therapy	sleep	hospital	0.0244
therapy	sleep	medicine	0.0230
therapy	sleep	pain	0.0217
therapy	sleep	sick	0.0203
therapy	sleep	fever	0.0189
therapy	sleep	headache	0.0175
therapy	sleep	exercise	0.0162
there	are	you	0.2250
there	are	we	0.0300
there	are	they	0.0300
there	are	the	0.0250
there	are	there	0.0200
there	are	going	0.0200
there	are	not	0.0200
there	are	so	0.0150
there	has	been	0.0150
there	is	it	0.0900
there	is	this	0.0720
there	is	there	0.0600
there	is	the	0.0480
there	is	a	0.0360
there	is	not	0.0360
there	is	that	0.0300
there	is	he	0.0240
there	was	the	0.0360
there	was	a	0.0288
there	was	not	0.0192
there	will	be	0.0180
they	are	you	0.1800
they	are	going	0.1200
they	are	not	0.0800
they	are	so	0.0500
they	are	still	0.0400
they	are	all	0.0300
they	are	ready	0.0300
they	are	we	0.0240
they	are	they	0.0240
they	are	here	0.0200
they	are	there	0.0200
they	are	sure	0.0200
they	are	okay	0.0200
they	are	fine	0.0200
they	are	busy	0.0200
they	are	free	0.0200
they	are	available	0.0200
they	are	coming	0.0200
they	are	the	0.0200
they	can	you	0.0360
they	can	i	0.0180
they	could	you	0.0160
they	dont	know	0.0160
they	have	to	0.0320
they	have	a	0.0280
they	have	you	0.0240
they	have	been	0.0200
they	need	to	0.0252
they	should	be	0.0150
they	will	be	0.0360
they	will	you	0.0200
they	will	not	0.0160
think	about	it	0.0360
think	about	that	0.0300
think	about	this	0.0240
think	about	the	0.0180
think	about	you	0.0150
think	it	is	0.0400
think	it	was	0.0288
think	so	much	0.0240
think	so	i	0.0160
think	that	is	0.0352
think	that	was	0.0192
think	this	is	0.0360
think	you	are	0.0200
this	could	you	0.0160
this	has	been	0.0250
this	is	a	0.1200
this	is	the	0.1000
this	is	it	0.0900
this	is	this	0.0720
this	is	not	0.0600
this	is	there	0.0600
this	is	so	0.0400
this	is	very	0.0300
this	is	going	0.0300
this	is	that	0.0300
this	is	he	0.0240
this	is	time	0.0200
this	is	good	0.0200
this	is	okay	0.0200
this	is	fine	0.0200
this	is	great	0.0200
this	is	bad	0.0200
this	is	true	0.0200
this	is	important	0.0200
this	is	urgent	0.0200
this	was	the	0.0240
this	was	a	0.0192
this	will	be	0.0216
through	a	lot	0.0450
through	a	good	0.0270
through	a	little	0.0225
through	a	few	0.0225
through	a	bit	0.0180
through	a	great	0.0180
through	my	name	0.0400
through	my	phone	0.0240
through	my	email	0.0240
through	my	address	0.0160
through	my	opinion	0.0160
through	our	time	0.0240
through	our	day	0.0228
through	our	week	0.0216
through	our	month	0.0204
through	our	year	0.0192
through	our	way	0.0180
through	our	place	0.0168
through	our	thing	0.0156
through	that	is	0.0330
through	that	was	0.0180
through	the	best	0.0250
through	the	same	0.0200
through	the	first	0.0200
through	the	other	0.0200
through	the	next	0.0200
through	the	last	0.0200
through	the	only	0.0150
through	the	main	0.0150
through	their	time	0.0200
through	their	day	0.0190
through	their	week	0.0180
through	their	month	0.0170
through	their	year	0.0160
through	their	way	0.0150
through	this	is	0.0600
through	this	was	0.0160
through	your	name	0.0280
through	your	email	0.0210
through	your	phone	0.0210
thursday	at	the	0.0176
thursday	in	the	0.0180
thursday	is	it	0.0150
thursday	on	the	0.0168
ticket	airport	flight	0.0330
ticket	airport	hotel	0.0312
ticket	airport	trip	0.0295
ticket	airport	vacation	0.0277
ticket	airport	beach	0.0260
ticket	airport	airport	0.0242
ticket	airport	booking	0.0224
ticket	airport	passport	0.0207
ticket	beach	flight	0.0354
ticket	beach	hotel	0.0335
ticket	beach	trip	0.0316
ticket	beach	vacation	0.0297
ticket	beach	beach	0.0278
ticket	beach	airport	0.0260
ticket	beach	booking	0.0241
ticket	beach	passport	0.0222
ticket	booking	flight	0.0306
ticket	booking	hotel	0.0290
ticket	booking	trip	0.0273
ticket	booking	vacation	0.0257
ticket	booking	beach	0.0241
ticket	booking	airport	0.0224
ticket	booking	booking	0.0208
ticket	booking	passport	0.0192
ticket	destination	flight	0.0234
ticket	destination	hotel	0.0222
ticket	destination	trip	0.0209
ticket	destination	vacation	0.0197
ticket	destination	beach	0.0184
ticket	destination	airport	0.0172
ticket	destination	booking	0.0159
ticket	flight	flight	0.0450
ticket	flight	hotel	0.0426
ticket	flight	trip	0.0402
ticket	flight	vacation	0.0378
ticket	flight	beach	0.0354
ticket	flight	airport	0.0330
ticket	flight	booking	0.0306
ticket	flight	passport	0.0282
ticket	hotel	flight	0.0426
ticket	hotel	hotel	0.0403
ticket	hotel	trip	0.0381
ticket	hotel	vacation	0.0358
ticket	hotel	beach	0.0335
ticket	hotel	airport	0.0312
ticket	hotel	booking	0.0290
ticket	hotel	passport	0.0267
ticket	luggage	flight	0.0258
ticket	luggage	hotel	0.0244
ticket	luggage	trip	0.0230
ticket	luggage	vacation	0.0217
ticket	luggage	beach	0.0203
ticket	luggage	airport	0.0189
ticket	luggage	booking	0.0175
ticket	luggage	passport	0.0162
ticket	passport	flight	0.0282
ticket	passport	hotel	0.0267
ticket	passport	trip	0.0252
ticket	passport	vacation	0.0237
ticket	passport	beach	0.0222
ticket	passport	airport	0.0207
ticket	passport	booking	0.0192
ticket	passport	passport	0.0177
ticket	trip	flight	0.0402
ticket	trip	hotel	0.0381
ticket	trip	trip	0.0359
ticket	trip	vacation	0.0338
ticket	trip	beach	0.0316
ticket	trip	airport	0.0295
ticket	trip	booking	0.0273
ticket	trip	passport	0.0252
ticket	vacation	flight	0.0378
ticket	vacation	hotel	0.0358
ticket	vacation	trip	0.0338
ticket	vacation	vacation	0.0318
ticket	vacation	beach	0.0297
ticket	vacation	airport	0.0277
ticket	vacation	booking	0.0257
ticket	vacation	passport	0.0237
to	a	lot	0.0200
to	do	you	0.0480
to	see	you	0.0200
to	the	store	0.1000
to	the	office	0.0800
to	the	airport	0.0600
to	the	station	0.0500
to	the	restaurant	0.0500
to	the	hotel	0.0400
to	the	hospital	0.0300
to	the	school	0.0300
to	the	meeting	0.0200
to	the	event	0.0200
to	the	party	0.0200
to	the	game	0.0200
to	the	concert	0.0200
to	the	mall	0.0200
to	the	park	0.0200
to	the	best	0.0200
to	the	same	0.0160
to	the	first	0.0160
to	the	other	0.0160
to	the	next	0.0160
to	the	last	0.0160
today	at	the	0.0176
today	in	the	0.0180
today	is	it	0.0150
today	on	the	0.0168
tomorrow	at	the	0.0176
tomorrow	in	the	0.0180
tomorrow	is	it	0.0150
tomorrow	on	the	0.0168
tonight	at	the	0.0176
tonight	in	the	0.0180
tonight	is	it	0.0150
tonight	on	the	0.0168
traffic	bus	car	0.0426
traffic	bus	bus	0.0403
traffic	bus	train	0.0381
traffic	bus	flight	0.0358
traffic	bus	drive	0.0335
traffic	bus	ride	0.0312
traffic	bus	traffic	0.0290
traffic	bus	parking	0.0267
traffic	car	car	0.0450
traffic	car	bus	0.0426
traffic	car	train	0.0402
traffic	car	flight	0.0378
traffic	car	drive	0.0354
traffic	car	ride	0.0330
traffic	car	traffic	0.0306
traffic	car	parking	0.0282
traffic	drive	car	0.0354
traffic	drive	bus	0.0335
traffic	drive	train	0.0316
traffic	drive	flight	0.0297
traffic	drive	drive	0.0278
traffic	drive	ride	0.0260
traffic	drive	traffic	0.0241
traffic	drive	parking	0.0222
traffic	flight	flight	0.0378
traffic	flight	hotel	0.0358
traffic	flight	trip	0.0338
traffic	flight	vacation	0.0318
traffic	flight	beach	0.0297
traffic	flight	airport	0.0277
traffic	flight	booking	0.0257
traffic	flight	passport	0.0237
traffic	fuel	car	0.0234
traffic	fuel	bus	0.0222
traffic	fuel	train	0.0209
traffic	fuel	flight	0.0197
traffic	fuel	drive	0.0184
traffic	fuel	ride	0.0172
traffic	fuel	traffic	0.0159
traffic	gas	car	0.0258
traffic	gas	bus	0.0244
traffic	gas	train	0.0230
traffic	gas	flight	0.0217
traffic	gas	drive	0.0203
traffic	gas	ride	0.0189
traffic	gas	traffic	0.0175
traffic	gas	parking	0.0162
traffic	parking	car	0.0282
traffic	parking	bus	0.0267
traffic	parking	train	0.0252
traffic	parking	flight	0.0237
traffic	parking	drive	0.0222
traffic	parking	ride	0.0207
traffic	parking	traffic	0.0192
traffic	parking	parking	0.0177
traffic	ride	car	0.0330
traffic	ride	bus	0.0312
traffic	ride	train	0.0295
traffic	ride	flight	0.0277
traffic	ride	drive	0.0260
traffic	ride	ride	0.0242
traffic	ride	traffic	0.0224
traffic	ride	parking	0.0207
traffic	traffic	car	0.0306
traffic	traffic	bus	0.0290
traffic	traffic	train	0.0273
traffic	traffic	flight	0.0257
traffic	traffic	drive	0.0241
traffic	traffic	ride	0.0224
traffic	traffic	traffic	0.0208
traffic	traffic	parking	0.0192
traffic	train	car	0.0402
traffic	train	bus	0.0381
traffic	train	train	0.0359
traffic	train	flight	0.0338
traffic	train	drive	0.0316
traffic	train	ride	0.0295
traffic	train	traffic	0.0273
traffic	train	parking	0.0252
train	bus	car	0.0426
train	bus	bus	0.0403
train	bus	train	0.0381
train	bus	flight	0.0358
train	bus	drive	0.0335
train	bus	ride	0.0312
train	bus	traffic	0.0290
train	bus	parking	0.0267
train	car	car	0.0450
train	car	bus	0.0426
train	car	train	0.0402
train	car	flight	0.0378
train	car	drive	0.0354
train	car	ride	0.0330
train	car	traffic	0.0306
train	car	parking	0.0282
train	drive	car	0.0354
train	drive	bus	0.0335
train	drive	train	0.0316
train	drive	flight	0.0297
train	drive	drive	0.0278
train	drive	ride	0.0260
train	drive	traffic	0.0241
train	drive	parking	0.0222
train	flight	flight	0.0378
train	flight	hotel	0.0358
train	flight	trip	0.0338
train	flight	vacation	0.0318
train	flight	beach	0.0297
train	flight	airport	0.0277
train	flight	booking	0.0257
train	flight	passport	0.0237
train	fuel	car	0.0234
train	fuel	bus	0.0222
train	fuel	train	0.0209
train	fuel	flight	0.0197
train	fuel	drive	0.0184
train	fuel	ride	0.0172
train	fuel	traffic	0.0159
train	gas	car	0.0258
train	gas	bus	0.0244
train	gas	train	0.0230
train	gas	flight	0.0217
train	gas	drive	0.0203
train	gas	ride	0.0189
train	gas	traffic	0.0175
train	gas	parking	0.0162
train	parking	car	0.0282
train	parking	bus	0.0267
train	parking	train	0.0252
train	parking	flight	0.0237
train	parking	drive	0.0222
train	parking	ride	0.0207
train	parking	traffic	0.0192
train	parking	parking	0.0177
train	ride	car	0.0330
train	ride	bus	0.0312
train	ride	train	0.0295
train	ride	flight	0.0277
train	ride	drive	0.0260
train	ride	ride	0.0242
train	ride	traffic	0.0224
train	ride	parking	0.0207
train	traffic	car	0.0306
train	traffic	bus	0.0290
train	traffic	train	0.0273
train	traffic	flight	0.0257
train	traffic	drive	0.0241
train	traffic	ride	0.0224
train	traffic	traffic	0.0208
train	traffic	parking	0.0192
train	train	car	0.0402
train	train	bus	0.0381
train	train	train	0.0359
train	train	flight	0.0338
train	train	drive	0.0316
train	train	ride	0.0295
train	train	traffic	0.0273
train	train	parking	0.0252
training	football	game	0.0234
training	football	team	0.0222
training	football	score	0.0209
training	football	match	0.0197
training	football	player	0.0184
training	football	win	0.0172
training	football	lose	0.0159
training	game	game	0.0450
training	game	team	0.0426
training	game	score	0.0402
training	game	match	0.0378
training	game	player	0.0354
training	game	win	0.0330
training	game	lose	0.0306
training	game	goal	0.0282
training	match	game	0.0378
training	match	team	0.0358
training	match	score	0.0338
training	match	match	0.0318
training	match	player	0.0297
training	match	win	0.0277
training	match	lose	0.0257
training	match	goal	0.0237
training	player	game	0.0354
training	player	team	0.0335
training	player	score	0.0316
training	player	match	0.0297
training	player	player	0.0278
training	player	win	0.0260
training	player	lose	0.0241
training	player	goal	0.0222
training	score	game	0.0402
training	score	team	0.0381
training	score	score	0.0359
training	score	match	0.0338
training	score	player	0.0316
training	score	win	0.0295
training	score	lose	0.0273
training	score	goal	0.0252
training	team	game	0.0426
training	team	team	0.0403
training	team	score	0.0381
training	team	match	0.0358
training	team	player	0.0335
training	team	win	0.0312
training	team	lose	0.0290
training	team	goal	0.0267
training	win	game	0.0330
training	win	team	0.0312
training	win	score	0.0295
training	win	match	0.0277
training	win	player	0.0260
training	win	win	0.0242
training	win	lose	0.0224
training	win	goal	0.0207
trip	airport	flight	0.0330
trip	airport	hotel	0.0312
trip	airport	trip	0.0295
trip	airport	vacation	0.0277
trip	airport	beach	0.0260
trip	airport	airport	0.0242
trip	airport	booking	0.0224
trip	airport	passport	0.0207
trip	beach	flight	0.0354
trip	beach	hotel	0.0335
trip	beach	trip	0.0316
trip	beach	vacation	0.0297
trip	beach	beach	0.0278
trip	beach	airport	0.0260
trip	beach	booking	0.0241
trip	beach	passport	0.0222
trip	booking	flight	0.0306
trip	booking	hotel	0.0290
trip	booking	trip	0.0273
trip	booking	vacation	0.0257
trip	booking	beach	0.0241
trip	booking	airport	0.0224
trip	booking	booking	0.0208
trip	booking	passport	0.0192
trip	destination	flight	0.0234
trip	destination	hotel	0.0222
trip	destination	trip	0.0209
trip	destination	vacation	0.0197
trip	destination	beach	0.0184
trip	destination	airport	0.0172
trip	destination	booking	0.0159
trip	flight	flight	0.0450
trip	flight	hotel	0.0426
trip	flight	trip	0.0402
trip	flight	vacation	0.0378
trip	flight	beach	0.0354
trip	flight	airport	0.0330
trip	flight	booking	0.0306
trip	flight	passport	0.0282
trip	hotel	flight	0.0426
trip	hotel	hotel	0.0403
trip	hotel	trip	0.0381
trip	hotel	vacation	0.0358
trip	hotel	beach	0.0335
trip	hotel	airport	0.0312
trip	hotel	booking	0.0290
trip	hotel	passport	0.0267
trip	luggage	flight	0.0258
trip	luggage	hotel	0.0244
trip	luggage	trip	0.0230
trip	luggage	vacation	0.0217
trip	luggage	beach	0.0203
trip	luggage	airport	0.0189
trip	luggage	booking	0.0175
trip	luggage	passport	0.0162
trip	passport	flight	0.0282
trip	passport	hotel	0.0267
trip	passport	trip	0.0252
trip	passport	vacation	0.0237
trip	passport	beach	0.0222
trip	passport	airport	0.0207
trip	passport	booking	0.0192
trip	passport	passport	0.0177
trip	trip	flight	0.0402
trip	trip	hotel	0.0381
trip	trip	trip	0.0359
trip	trip	vacation	0.0338
trip	trip	beach	0.0316
trip	trip	airport	0.0295
trip	trip	booking	0.0273
trip	trip	passport	0.0252
trip	vacation	flight	0.0378
trip	vacation	hotel	0.0358
trip	vacation	trip	0.0338
trip	vacation	vacation	0.0318
trip	vacation	beach	0.0297
trip	vacation	airport	0.0277
trip	vacation	booking	0.0257
trip	vacation	passport	0.0237
trying	not	sure	0.0192
trying	to	the	0.1600
trying	to	find	0.1200
trying	to	figure	0.1000
trying	to	get	0.0800
trying	to	a	0.0800
trying	to	be	0.0640
trying	to	make	0.0600
trying	to	decide	0.0500
trying	to	do	0.0480
trying	to	sleep	0.0400
trying	to	work	0.0400
trying	to	see	0.0320
trying	to	go	0.0320
trying	to	help	0.0300
trying	to	understand	0.0300
trying	to	finish	0.0200
trying	to	start	0.0200
trying	to	call	0.0200
trying	to	reach	0.0200
trying	to	contact	0.0200
trying	to	book	0.0200
tuesday	at	the	0.0176
tuesday	in	the	0.0180
tuesday	is	it	0.0150
tuesday	on	the	0.0168
turn	it	is	0.0150
turn	on	the	0.0672
turn	on	a	0.0240
uber	bus	car	0.0426
uber	bus	bus	0.0403
uber	bus	train	0.0381
uber	bus	flight	0.0358
uber	bus	drive	0.0335
uber	bus	ride	0.0312
uber	bus	traffic	0.0290
uber	bus	parking	0.0267
uber	car	car	0.0450
uber	car	bus	0.0426
uber	car	train	0.0402
uber	car	flight	0.0378
uber	car	drive	0.0354
uber	car	ride	0.0330
uber	car	traffic	0.0306
uber	car	parking	0.0282
uber	drive	car	0.0354
uber	drive	bus	0.0335
uber	drive	train	0.0316
uber	drive	flight	0.0297
uber	drive	drive	0.0278
uber	drive	ride	0.0260
uber	drive	traffic	0.0241
uber	drive	parking	0.0222
uber	flight	flight	0.0378
uber	flight	hotel	0.0358
uber	flight	trip	0.0338
uber	flight	vacation	0.0318
uber	flight	beach	0.0297
uber	flight	airport	0.0277
uber	flight	booking	0.0257
uber	flight	passport	0.0237
uber	fuel	car	0.0234
uber	fuel	bus	0.0222
uber	fuel	train	0.0209
uber	fuel	flight	0.0197
uber	fuel	drive	0.0184
uber	fuel	ride	0.0172
uber	fuel	traffic	0.0159
uber	gas	car	0.0258
uber	gas	bus	0.0244
uber	gas	train	0.0230
uber	gas	flight	0.0217
uber	gas	drive	0.0203
uber	gas	ride	0.0189
uber	gas	traffic	0.0175
uber	gas	parking	0.0162
uber	parking	car	0.0282
uber	parking	bus	0.0267
uber	parking	train	0.0252
uber	parking	flight	0.0237
uber	parking	drive	0.0222
uber	parking	ride	0.0207
uber	parking	traffic	0.0192
uber	parking	parking	0.0177
uber	ride	car	0.0330
uber	ride	bus	0.0312
uber	ride	train	0.0295
uber	ride	flight	0.0277
uber	ride	drive	0.0260
uber	ride	ride	0.0242
uber	ride	traffic	0.0224
uber	ride	parking	0.0207
uber	traffic	car	0.0306
uber	traffic	bus	0.0290
uber	traffic	train	0.0273
uber	traffic	flight	0.0257
uber	traffic	drive	0.0241
uber	traffic	ride	0.0224
uber	traffic	traffic	0.0208
uber	traffic	parking	0.0192
uber	train	car	0.0402
uber	train	bus	0.0381
uber	train	train	0.0359
uber	train	flight	0.0338
uber	train	drive	0.0316
uber	train	ride	0.0295
uber	train	traffic	0.0273
uber	train	parking	0.0252
umbrella	cloudy	rain	0.0282
umbrella	cloudy	sunny	0.0267
umbrella	cloudy	cold	0.0252
umbrella	cloudy	hot	0.0237
umbrella	cloudy	snow	0.0222
umbrella	cloudy	storm	0.0207
umbrella	cloudy	wind	0.0192
umbrella	cloudy	cloudy	0.0177
umbrella	cold	rain	0.0402
umbrella	cold	sunny	0.0381
umbrella	cold	cold	0.0359
umbrella	cold	hot	0.0338
umbrella	cold	snow	0.0316
umbrella	cold	storm	0.0295
umbrella	cold	wind	0.0273
umbrella	cold	cloudy	0.0252
umbrella	forecast	rain	0.0234
umbrella	forecast	sunny	0.0222
umbrella	forecast	cold	0.0209
umbrella	forecast	hot	0.0197
umbrella	forecast	snow	0.0184
umbrella	forecast	storm	0.0172
umbrella	forecast	wind	0.0159
umbrella	hot	rain	0.0378
umbrella	hot	sunny	0.0358
umbrella	hot	cold	0.0338
umbrella	hot	hot	0.0318
umbrella	hot	snow	0.0297
umbrella	hot	storm	0.0277
umbrella	hot	wind	0.0257
umbrella	hot	cloudy	0.0237
umbrella	rain	rain	0.0450
umbrella	rain	sunny	0.0426
umbrella	rain	cold	0.0402
umbrella	rain	hot	0.0378
umbrella	rain	snow	0.0354
umbrella	rain	storm	0.0330
umbrella	rain	wind	0.0306
umbrella	rain	cloudy	0.0282
umbrella	snow	rain	0.0354
umbrella	snow	sunny	0.0335
umbrella	snow	cold	0.0316
umbrella	snow	hot	0.0297
umbrella	snow	snow	0.0278
umbrella	snow	storm	0.0260
umbrella	snow	wind	0.0241
umbrella	snow	cloudy	0.0222
umbrella	storm	rain	0.0330
umbrella	storm	sunny	0.0312
umbrella	storm	cold	0.0295
umbrella	storm	hot	0.0277
umbrella	storm	snow	0.0260
umbrella	storm	storm	0.0242
umbrella	storm	wind	0.0224
umbrella	storm	cloudy	0.0207
umbrella	sunny	rain	0.0426
umbrella	sunny	sunny	0.0403
umbrella	sunny	cold	0.0381
umbrella	sunny	hot	0.0358
umbrella	sunny	snow	0.0335
umbrella	sunny	storm	0.0312
umbrella	sunny	wind	0.0290
umbrella	sunny	cloudy	0.0267
umbrella	temperature	rain	0.0258
umbrella	temperature	sunny	0.0244
umbrella	temperature	cold	0.0230
umbrella	temperature	hot	0.0217
umbrella	temperature	snow	0.0203
umbrella	temperature	storm	0.0189
umbrella	temperature	wind	0.0175
umbrella	temperature	cloudy	0.0162
umbrella	wind	rain	0.0306
umbrella	wind	sunny	0.0290
umbrella	wind	cold	0.0273
umbrella	wind	hot	0.0257
umbrella	wind	snow	0.0241
umbrella	wind	storm	0.0224
umbrella	wind	wind	0.0208
umbrella	wind	cloudy	0.0192
under	a	lot	0.0450
under	a	good	0.0270
under	a	little	0.0225
under	a	few	0.0225
under	a	bit	0.0180
under	a	great	0.0180
under	my	name	0.0400
under	my	phone	0.0240
under	my	email	0.0240
under	my	address	0.0160
under	my	opinion	0.0160
under	our	time	0.0240
under	our	day	0.0228
under	our	week	0.0216
under	our	month	0.0204
under	our	year	0.0192
under	our	way	0.0180
under	our	place	0.0168
under	our	thing	0.0156
under	that	is	0.0330
under	that	was	0.0180
under	the	best	0.0250
under	the	same	0.0200
under	the	first	0.0200
under	the	other	0.0200
under	the	next	0.0200
under	the	last	0.0200
under	the	only	0.0150
under	the	main	0.0150
under	their	time	0.0200
under	their	day	0.0190
under	their	week	0.0180
under	their	month	0.0170
under	their	year	0.0160
under	their	way	0.0150
under	this	is	0.0600
under	this	was	0.0160
under	your	name	0.0280
under	your	email	0.0210
under	your	phone	0.0210
university	assignment	school	0.0234
university	assignment	class	0.0222
university	assignment	homework	0.0209
university	assignment	exam	0.0197
university	assignment	study	0.0184
university	assignment	teacher	0.0172
university	assignment	student	0.0159
university	class	school	0.0426
university	class	class	0.0403
university	class	homework	0.0381
university	class	exam	0.0358
university	class	study	0.0335
university	class	teacher	0.0312
university	class	student	0.0290
university	class	course	0.0267
university	course	school	0.0282
university	course	class	0.0267
university	course	homework	0.0252
university	course	exam	0.0237
university	course	study	0.0222
university	course	teacher	0.0207
university	course	student	0.0192
university	course	course	0.0177
university	exam	school	0.0378
university	exam	class	0.0358
university	exam	homework	0.0338
university	exam	exam	0.0318
university	exam	study	0.0297
university	exam	teacher	0.0277
university	exam	student	0.0257
university	exam	course	0.0237
university	homework	school	0.0402
university	homework	class	0.0381
university	homework	homework	0.0359
university	homework	exam	0.0338
university	homework	study	0.0316
university	homework	teacher	0.0295
university	homework	student	0.0273
university	homework	course	0.0252
university	lecture	school	0.0258
university	lecture	class	0.0244
university	lecture	homework	0.0230
university	lecture	exam	0.0217
university	lecture	study	0.0203
university	lecture	teacher	0.0189
university	lecture	student	0.0175
university	lecture	course	0.0162
university	school	school	0.0450
university	school	class	0.0426
university	school	homework	0.0402
university	school	exam	0.0378
university	school	study	0.0354
university	school	teacher	0.0330
university	school	student	0.0306
university	school	course	0.0282
university	student	school	0.0306
university	student	class	0.0290
university	student	homework	0.0273
university	student	exam	0.0257
university	student	study	0.0241
university	student	teacher	0.0224
university	student	student	0.0208
university	student	course	0.0192
university	study	school	0.0354
university	study	class	0.0335
university	study	homework	0.0316
university	study	exam	0.0297
university	study	study	0.0278
university	study	teacher	0.0260
university	study	student	0.0241
university	study	course	0.0222
university	teacher	school	0.0330
university	teacher	class	0.0312
university	teacher	homework	0.0295
university	teacher	exam	0.0277
university	teacher	study	0.0260
university	teacher	teacher	0.0242
university	teacher	student	0.0224
university	teacher	course	0.0207
update	app	code	0.0426
update	app	app	0.0403
update	app	phone	0.0381
update	app	laptop	0.0358
update	app	software	0.0335
update	app	update	0.0312
update	app	bug	0.0290
update	app	server	0.0267
update	bug	code	0.0306
update	bug	app	0.0290
update	bug	phone	0.0273
update	bug	laptop	0.0257
update	bug	software	0.0241
update	bug	update	0.0224
update	bug	bug	0.0208
update	bug	server	0.0192
update	code	code	0.0450
update	code	app	0.0426
update	code	phone	0.0402
update	code	laptop	0.0378
update	code	software	0.0354
update	code	update	0.0330
update	code	bug	0.0306
update	code	server	0.0282
update	data	code	0.0258
update	data	app	0.0244
update	data	phone	0.0230
update	data	laptop	0.0217
update	data	software	0.0203
update	data	update	0.0189
update	data	bug	0.0175
update	data	server	0.0162
update	internet	code	0.0234
update	internet	app	0.0222
update	internet	phone	0.0209
update	internet	laptop	0.0197
update	internet	software	0.0184
update	internet	update	0.0172
update	internet	bug	0.0159
update	laptop	code	0.0378
update	laptop	app	0.0358
update	laptop	phone	0.0338
update	laptop	laptop	0.0318
update	laptop	software	0.0297
update	laptop	update	0.0277
update	laptop	bug	0.0257
update	laptop	server	0.0237
update	phone	code	0.0402
update	phone	app	0.0381
update	phone	phone	0.0359
update	phone	laptop	0.0338
update	phone	software	0.0316
update	phone	update	0.0295
update	phone	bug	0.0273
update	phone	server	0.0252
update	server	code	0.0282
update	server	app	0.0267
update	server	phone	0.0252
update	server	laptop	0.0237
update	server	software	0.0222
update	server	update	0.0207
update	server	bug	0.0192
update	server	server	0.0177
update	software	code	0.0354
update	software	app	0.0335
update	software	phone	0.0316
update	software	laptop	0.0297
update	software	software	0.0278
update	software	update	0.0260
update	software	bug	0.0241
update	software	server	0.0222
update	update	code	0.0330
update	update	app	0.0312
update	update	phone	0.0295
update	update	laptop	0.0277
update	update	software	0.0260
update	update	update	0.0242
update	update	bug	0.0224
update	update	server	0.0207
vacation	airport	flight	0.0330
vacation	airport	hotel	0.0312
vacation	airport	trip	0.0295
vacation	airport	vacation	0.0277
vacation	airport	beach	0.0260
vacation	airport	airport	0.0242
vacation	airport	booking	0.0224
vacation	airport	passport	0.0207
vacation	beach	flight	0.0354
vacation	beach	hotel	0.0335
vacation	beach	trip	0.0316
vacation	beach	vacation	0.0297
vacation	beach	beach	0.0278
vacation	beach	airport	0.0260
vacation	beach	booking	0.0241
vacation	beach	passport	0.0222
vacation	booking	flight	0.0306
vacation	booking	hotel	0.0290
vacation	booking	trip	0.0273
vacation	booking	vacation	0.0257
vacation	booking	beach	0.0241
vacation	booking	airport	0.0224
vacation	booking	booking	0.0208
vacation	booking	passport	0.0192
vacation	destination	flight	0.0234
vacation	destination	hotel	0.0222
vacation	destination	trip	0.0209
vacation	destination	vacation	0.0197
vacation	destination	beach	0.0184
vacation	destination	airport	0.0172
vacation	destination	booking	0.0159
vacation	flight	flight	0.0450
vacation	flight	hotel	0.0426
vacation	flight	trip	0.0402
vacation	flight	vacation	0.0378
vacation	flight	beach	0.0354
vacation	flight	airport	0.0330
vacation	flight	booking	0.0306
vacation	flight	passport	0.0282
vacation	hotel	flight	0.0426
vacation	hotel	hotel	0.0403
vacation	hotel	trip	0.0381
vacation	hotel	vacation	0.0358
vacation	hotel	beach	0.0335
vacation	hotel	airport	0.0312
vacation	hotel	booking	0.0290
vacation	hotel	passport	0.0267
vacation	luggage	flight	0.0258
vacation	luggage	hotel	0.0244
vacation	luggage	trip	0.0230
vacation	luggage	vacation	0.0217
vacation	luggage	beach	0.0203
vacation	luggage	airport	0.0189
vacation	luggage	booking	0.0175
vacation	luggage	passport	0.0162
vacation	passport	flight	0.0282
vacation	passport	hotel	0.0267
vacation	passport	trip	0.0252
vacation	passport	vacation	0.0237
vacation	passport	beach	0.0222
vacation	passport	airport	0.0207
vacation	passport	booking	0.0192
vacation	passport	passport	0.0177
vacation	trip	flight	0.0402
vacation	trip	hotel	0.0381
vacation	trip	trip	0.0359
vacation	trip	vacation	0.0338
vacation	trip	beach	0.0316
vacation	trip	airport	0.0295
vacation	trip	booking	0.0273
vacation	trip	passport	0.0252
vacation	vacation	flight	0.0378
vacation	vacation	hotel	0.0358
vacation	vacation	trip	0.0338
vacation	vacation	vacation	0.0318
vacation	vacation	beach	0.0297
vacation	vacation	airport	0.0277
vacation	vacation	booking	0.0257
vacation	vacation	passport	0.0237
very	good	morning	0.0240
very	good	night	0.0216
very	happy	birthday	0.0240
very	nice	to	0.0160
very	well	be	0.0200
very	well	see	0.0150
video	book	movie	0.0330
video	book	music	0.0312
video	book	game	0.0295
video	book	show	0.0277
video	book	concert	0.0260
video	book	book	0.0242
video	book	video	0.0224
video	book	stream	0.0207
video	concert	movie	0.0354
video	concert	music	0.0335
video	concert	game	0.0316
video	concert	show	0.0297
video	concert	concert	0.0278
video	concert	book	0.0260
video	concert	video	0.0241
video	concert	stream	0.0222
video	game	game	0.0402
video	game	team	0.0381
video	game	score	0.0359
video	game	match	0.0338
video	game	player	0.0316
video	game	win	0.0295
video	game	lose	0.0273
video	game	goal	0.0252
video	listen	movie	0.0234
video	listen	music	0.0222
video	listen	game	0.0209
video	listen	show	0.0197
video	listen	concert	0.0184
video	listen	book	0.0172
video	listen	video	0.0159
video	movie	movie	0.0450
video	movie	music	0.0426
video	movie	game	0.0402
video	movie	show	0.0378
video	movie	concert	0.0354
video	movie	book	0.0330
video	movie	video	0.0306
video	movie	stream	0.0282
video	music	movie	0.0426
video	music	music	0.0403
video	music	game	0.0381
video	music	show	0.0358
video	music	concert	0.0335
video	music	book	0.0312
video	music	video	0.0290
video	music	stream	0.0267
video	show	movie	0.0378
video	show	music	0.0358
video	show	game	0.0338
video	show	show	0.0318
video	show	concert	0.0297
video	show	book	0.0277
video	show	video	0.0257
video	show	stream	0.0237
video	stream	movie	0.0282
video	stream	music	0.0267
video	stream	game	0.0252
video	stream	show	0.0237
video	stream	concert	0.0222
video	stream	book	0.0207
video	stream	video	0.0192
video	stream	stream	0.0177
video	video	movie	0.0306
video	video	music	0.0290
video	video	game	0.0273
video	video	show	0.0257
video	video	concert	0.0241
video	video	book	0.0224
video	video	video	0.0208
video	video	stream	0.0192
video	watch	movie	0.0258
video	watch	music	0.0244
video	watch	game	0.0230
video	watch	show	0.0217
video	watch	concert	0.0203
video	watch	book	0.0189
video	watch	video	0.0175
video	watch	stream	0.0162
visa	airport	flight	0.0330
visa	airport	hotel	0.0312
visa	airport	trip	0.0295
visa	airport	vacation	0.0277
visa	airport	beach	0.0260
visa	airport	airport	0.0242
visa	airport	booking	0.0224
visa	airport	passport	0.0207
visa	beach	flight	0.0354
visa	beach	hotel	0.0335
visa	beach	trip	0.0316
visa	beach	vacation	0.0297
visa	beach	beach	0.0278
visa	beach	airport	0.0260
visa	beach	booking	0.0241
visa	beach	passport	0.0222
visa	booking	flight	0.0306
visa	booking	hotel	0.0290
visa	booking	trip	0.0273
visa	booking	vacation	0.0257
visa	booking	beach	0.0241
visa	booking	airport	0.0224
visa	booking	booking	0.0208
visa	booking	passport	0.0192
visa	destination	flight	0.0234
visa	destination	hotel	0.0222
visa	destination	trip	0.0209
visa	destination	vacation	0.0197
visa	destination	beach	0.0184
visa	destination	airport	0.0172
visa	destination	booking	0.0159
visa	flight	flight	0.0450
visa	flight	hotel	0.0426
visa	flight	trip	0.0402
visa	flight	vacation	0.0378
visa	flight	beach	0.0354
visa	flight	airport	0.0330
visa	flight	booking	0.0306
visa	flight	passport	0.0282
visa	hotel	flight	0.0426
visa	hotel	hotel	0.0403
visa	hotel	trip	0.0381
visa	hotel	vacation	0.0358
visa	hotel	beach	0.0335
visa	hotel	airport	0.0312
visa	hotel	booking	0.0290
visa	hotel	passport	0.0267
visa	luggage	flight	0.0258
visa	luggage	hotel	0.0244
visa	luggage	trip	0.0230
visa	luggage	vacation	0.0217
visa	luggage	beach	0.0203
visa	luggage	airport	0.0189
visa	luggage	booking	0.0175
visa	luggage	passport	0.0162
visa	passport	flight	0.0282
visa	passport	hotel	0.0267
visa	passport	trip	0.0252
visa	passport	vacation	0.0237
visa	passport	beach	0.0222
visa	passport	airport	0.0207
visa	passport	booking	0.0192
visa	passport	passport	0.0177
visa	trip	flight	0.0402
visa	trip	hotel	0.0381
visa	trip	trip	0.0359
visa	trip	vacation	0.0338
visa	trip	beach	0.0316
visa	trip	airport	0.0295
visa	trip	booking	0.0273
visa	trip	passport	0.0252
visa	vacation	flight	0.0378
visa	vacation	hotel	0.0358
visa	vacation	trip	0.0338
visa	vacation	vacation	0.0318
visa	vacation	beach	0.0297
visa	vacation	airport	0.0277
visa	vacation	booking	0.0257
visa	vacation	passport	0.0237
wait	a	lot	0.0200
wait	for	me	0.2500
wait	for	it	0.1200
wait	for	you	0.0800
wait	for	us	0.0600
wait	for	them	0.0400
wait	for	a	0.0400
wait	for	the	0.0300
wait	for	more	0.0200
wait	for	longer	0.0200
wait	for	please	0.0200
wait	for	now	0.0160
wait	there	is	0.0180
wait	there	are	0.0150
walk	home	mom	0.0300
walk	home	dad	0.0284
walk	home	sister	0.0268
walk	home	brother	0.0252
walk	home	son	0.0236
walk	home	daughter	0.0220
walk	home	family	0.0204
walk	home	kids	0.0188
walk	there	is	0.0480
walk	there	are	0.0400
walk	there	was	0.0192
walk	there	were	0.0160
walk	to	the	0.0600
walk	to	a	0.0300
walk	to	be	0.0240
walk	to	do	0.0180
walk	to	get	0.0150
want	this	is	0.0180
want	to	go	0.1800
want	to	the	0.1800
want	to	see	0.1000
want	to	a	0.0900
want	to	make	0.0800
want	to	be	0.0720
want	to	know	0.0600
want	to	talk	0.0600
want	to	do	0.0540
want	to	try	0.0500
want	to	get	0.0450
want	to	help	0.0400
want	to	check	0.0400
want	to	send	0.0300
want	to	call	0.0300
want	to	meet	0.0300
want	to	eat	0.0200
want	to	sleep	0.0200
want	to	rest	0.0200
want	to	leave	0.0200
want	you	are	0.0320
want	you	can	0.0224
want	you	will	0.0160
warm	cloudy	rain	0.0282
warm	cloudy	sunny	0.0267
warm	cloudy	cold	0.0252
warm	cloudy	hot	0.0237
warm	cloudy	snow	0.0222
warm	cloudy	storm	0.0207
warm	cloudy	wind	0.0192
warm	cloudy	cloudy	0.0177
warm	cold	rain	0.0402
warm	cold	sunny	0.0381
warm	cold	cold	0.0359
warm	cold	hot	0.0338
warm	cold	snow	0.0316
warm	cold	storm	0.0295
warm	cold	wind	0.0273
warm	cold	cloudy	0.0252
warm	forecast	rain	0.0234
warm	forecast	sunny	0.0222
warm	forecast	cold	0.0209
warm	forecast	hot	0.0197
warm	forecast	snow	0.0184
warm	forecast	storm	0.0172
warm	forecast	wind	0.0159
warm	hot	rain	0.0378
warm	hot	sunny	0.0358
warm	hot	cold	0.0338
warm	hot	hot	0.0318
warm	hot	snow	0.0297
warm	hot	storm	0.0277
warm	hot	wind	0.0257
warm	hot	cloudy	0.0237
warm	rain	rain	0.0450
warm	rain	sunny	0.0426
warm	rain	cold	0.0402
warm	rain	hot	0.0378
warm	rain	snow	0.0354
warm	rain	storm	0.0330
warm	rain	wind	0.0306
warm	rain	cloudy	0.0282
warm	snow	rain	0.0354
warm	snow	sunny	0.0335
warm	snow	cold	0.0316
warm	snow	hot	0.0297
warm	snow	snow	0.0278
warm	snow	storm	0.0260
warm	snow	wind	0.0241
warm	snow	cloudy	0.0222
warm	storm	rain	0.0330
warm	storm	sunny	0.0312
warm	storm	cold	0.0295
warm	storm	hot	0.0277
warm	storm	snow	0.0260
warm	storm	storm	0.0242
warm	storm	wind	0.0224
warm	storm	cloudy	0.0207
warm	sunny	rain	0.0426
warm	sunny	sunny	0.0403
warm	sunny	cold	0.0381
warm	sunny	hot	0.0358
warm	sunny	snow	0.0335
warm	sunny	storm	0.0312
warm	sunny	wind	0.0290
warm	sunny	cloudy	0.0267
warm	temperature	rain	0.0258
warm	temperature	sunny	0.0244
warm	temperature	cold	0.0230
warm	temperature	hot	0.0217
warm	temperature	snow	0.0203
warm	temperature	storm	0.0189
warm	temperature	wind	0.0175
warm	temperature	cloudy	0.0162
warm	wind	rain	0.0306
warm	wind	sunny	0.0290
warm	wind	cold	0.0273
warm	wind	hot	0.0257
warm	wind	snow	0.0241
warm	wind	storm	0.0224
warm	wind	wind	0.0208
warm	wind	cloudy	0.0192
was	a	lot	0.0240
was	going	to	0.0330
was	not	sure	0.0192
was	the	best	0.0150
wasnt	going	to	0.0550
wasnt	trying	to	0.0320
watch	book	movie	0.0330
watch	book	music	0.0312
watch	book	game	0.0295
watch	book	show	0.0277
watch	book	concert	0.0260
watch	book	book	0.0242
watch	book	video	0.0224
watch	book	stream	0.0207
watch	concert	movie	0.0354
watch	concert	music	0.0335
watch	concert	game	0.0316
watch	concert	show	0.0297
watch	concert	concert	0.0278
watch	concert	book	0.0260
watch	concert	video	0.0241
watch	concert	stream	0.0222
watch	game	game	0.0402
watch	game	team	0.0381
watch	game	score	0.0359
watch	game	match	0.0338
watch	game	player	0.0316
watch	game	win	0.0295
watch	game	lose	0.0273
watch	game	goal	0.0252
watch	listen	movie	0.0234
watch	listen	music	0.0222
watch	listen	game	0.0209
watch	listen	show	0.0197
watch	listen	concert	0.0184
watch	listen	book	0.0172
watch	listen	video	0.0159
watch	movie	movie	0.0450
watch	movie	music	0.0426
watch	movie	game	0.0402
watch	movie	show	0.0378
watch	movie	concert	0.0354
watch	movie	book	0.0330
watch	movie	video	0.0306
watch	movie	stream	0.0282
watch	music	movie	0.0426
watch	music	music	0.0403
watch	music	game	0.0381
watch	music	show	0.0358
watch	music	concert	0.0335
watch	music	book	0.0312
watch	music	video	0.0290
watch	music	stream	0.0267
watch	show	movie	0.0378
watch	show	music	0.0358
watch	show	game	0.0338
watch	show	show	0.0318
watch	show	concert	0.0297
watch	show	book	0.0277
watch	show	video	0.0257
watch	show	stream	0.0237
watch	stream	movie	0.0282
watch	stream	music	0.0267
watch	stream	game	0.0252
watch	stream	show	0.0237
watch	stream	concert	0.0222
watch	stream	book	0.0207
watch	stream	video	0.0192
watch	stream	stream	0.0177
watch	video	movie	0.0306
watch	video	music	0.0290
watch	video	game	0.0273
watch	video	show	0.0257
watch	video	concert	0.0241
watch	video	book	0.0224
watch	video	video	0.0208
watch	video	stream	0.0192
watch	watch	movie	0.0258
watch	watch	music	0.0244
watch	watch	game	0.0230
watch	watch	show	0.0217
watch	watch	concert	0.0203
watch	watch	book	0.0189
watch	watch	video	0.0175
watch	watch	stream	0.0162
we	are	you	0.1620
we	are	going	0.1500
we	are	not	0.0800
we	are	so	0.0500
we	are	still	0.0400
we	are	all	0.0300
we	are	ready	0.0300
we	are	we	0.0216
we	are	they	0.0216
we	are	here	0.0200
we	are	there	0.0200
we	are	sure	0.0200
we	are	okay	0.0200
we	are	fine	0.0200
we	are	busy	0.0200
we	are	free	0.0200
we	are	available	0.0200
we	are	coming	0.0200
we	are	the	0.0180
we	can	you	0.0720
we	can	i	0.0360
we	can	we	0.0288
we	could	you	0.0200
we	have	to	0.0320
we	have	a	0.0280
we	have	you	0.0240
we	have	been	0.0200
we	need	to	0.0504
we	should	be	0.0240
we	should	you	0.0192
we	want	to	0.0360
we	will	be	0.2000
we	will	see	0.1000
we	will	let	0.0800
we	will	call	0.0600
we	will	send	0.0400
we	will	check	0.0400
we	will	try	0.0300
we	will	do	0.0300
we	will	you	0.0240
we	will	get	0.0200
we	will	go	0.0200
we	will	come	0.0200
we	will	help	0.0200
we	will	update	0.0200
we	will	confirm	0.0200
we	will	reply	0.0200
we	will	not	0.0192
weather	cloudy	rain	0.0282
weather	cloudy	sunny	0.0267
weather	cloudy	cold	0.0252
weather	cloudy	hot	0.0237
weather	cloudy	snow	0.0222
weather	cloudy	storm	0.0207
weather	cloudy	wind	0.0192
weather	cloudy	cloudy	0.0177
weather	cold	rain	0.0402
weather	cold	sunny	0.0381
weather	cold	cold	0.0359
weather	cold	hot	0.0338
weather	cold	snow	0.0316
weather	cold	storm	0.0295
weather	cold	wind	0.0273
weather	cold	cloudy	0.0252
weather	forecast	rain	0.0234
weather	forecast	sunny	0.0222
weather	forecast	cold	0.0209
weather	forecast	hot	0.0197
weather	forecast	snow	0.0184
weather	forecast	storm	0.0172
weather	forecast	wind	0.0159
weather	hot	rain	0.0378
weather	hot	sunny	0.0358
weather	hot	cold	0.0338
weather	hot	hot	0.0318
weather	hot	snow	0.0297
weather	hot	storm	0.0277
weather	hot	wind	0.0257
weather	hot	cloudy	0.0237
weather	rain	rain	0.0450
weather	rain	sunny	0.0426
weather	rain	cold	0.0402
weather	rain	hot	0.0378
weather	rain	snow	0.0354
weather	rain	storm	0.0330
weather	rain	wind	0.0306
weather	rain	cloudy	0.0282
weather	snow	rain	0.0354
weather	snow	sunny	0.0335
weather	snow	cold	0.0316
weather	snow	hot	0.0297
weather	snow	snow	0.0278
weather	snow	storm	0.0260
weather	snow	wind	0.0241
weather	snow	cloudy	0.0222
weather	storm	rain	0.0330
weather	storm	sunny	0.0312
weather	storm	cold	0.0295
weather	storm	hot	0.0277
weather	storm	snow	0.0260
weather	storm	storm	0.0242
weather	storm	wind	0.0224
weather	storm	cloudy	0.0207
weather	sunny	rain	0.0426
weather	sunny	sunny	0.0403
weather	sunny	cold	0.0381
weather	sunny	hot	0.0358
weather	sunny	snow	0.0335
weather	sunny	storm	0.0312
weather	sunny	wind	0.0290
weather	sunny	cloudy	0.0267
weather	temperature	rain	0.0258
weather	temperature	sunny	0.0244
weather	temperature	cold	0.0230
weather	temperature	hot	0.0217
weather	temperature	snow	0.0203
weather	temperature	storm	0.0189
weather	temperature	wind	0.0175
weather	temperature	cloudy	0.0162
weather	wind	rain	0.0306
weather	wind	sunny	0.0290
weather	wind	cold	0.0273
weather	wind	hot	0.0257
weather	wind	snow	0.0241
weather	wind	storm	0.0224
weather	wind	wind	0.0208
weather	wind	cloudy	0.0192
wednesday	at	the	0.0176
wednesday	in	the	0.0180
wednesday	is	it	0.0150
wednesday	on	the	0.0168
week	at	the	0.0176
week	in	the	0.0180
week	is	it	0.0150
week	on	the	0.0168
well	do	you	0.0400
well	i	am	0.0288
well	i	have	0.0192
well	i	will	0.0160
well	let	me	0.0800
well	let	us	0.0200
well	let	you	0.0160
well	see	you	0.0750
well	see	if	0.0240
well	see	what	0.0180
well	see	the	0.0150
well	you	are	0.0240
well	you	can	0.0168
werent	going	to	0.0330
werent	there	is	0.0480
werent	there	are	0.0400
werent	there	was	0.0192
werent	there	were	0.0160
werent	they	are	0.0400
werent	they	will	0.0200
werent	they	have	0.0200
werent	they	were	0.0160
werent	trying	to	0.0240
werent	we	are	0.0432
werent	we	will	0.0288
werent	we	can	0.0288
werent	we	have	0.0240
werent	we	should	0.0192
werent	you	are	0.0600
werent	you	can	0.0420
werent	you	will	0.0300
werent	you	know	0.0240
werent	you	have	0.0240
werent	you	should	0.0180
werent	you	need	0.0150
werent	you	want	0.0150
what	about	you	0.2000
what	about	it	0.1500
what	about	that	0.1200
what	about	this	0.1000
what	about	we	0.0800
what	about	tomorrow	0.0600
what	are	you	0.3500
what	are	we	0.1500
what	are	they	0.1000
what	are	the	0.0800
what	are	your	0.0600
what	did	you	0.3000
what	did	he	0.1200
what	did	she	0.1200
what	did	they	0.1000
what	did	we	0.0800
what	did	i	0.0600
what	do	you	0.4000
what	do	we	0.1500
what	do	i	0.1200
what	do	they	0.0800
what	do	think	0.0500
what	do	not	0.0240
what	is	it	0.2500
what	is	this	0.1500
what	is	that	0.1200
what	is	the	0.1000
what	is	your	0.0800
what	is	going	0.0600
what	is	there	0.0400
what	is	a	0.0240
what	is	not	0.0240
what	is	he	0.0160
what	time	is	0.5000
what	time	are	0.1500
what	time	do	0.1200
what	time	will	0.0800
what	time	does	0.0600
what	time	did	0.0400
what	was	the	0.0150
when	are	you	0.3500
when	are	we	0.1500
when	are	they	0.1000
when	are	going	0.0600
when	are	leaving	0.0500
when	can	you	0.0300
when	can	i	0.0150
when	did	you	0.0350
when	do	you	0.3000
when	do	we	0.1500
when	do	i	0.1200
when	do	they	0.1000
when	do	leave	0.0500
when	is	it	0.3000
when	is	the	0.2000
when	is	your	0.1200
when	is	he	0.0600
when	is	she	0.0600
when	is	our	0.0500
when	is	this	0.0192
when	is	there	0.0160
when	will	you	0.2500
when	will	it	0.2000
when	will	we	0.1200
when	will	they	0.1000
when	will	he	0.0600
when	will	she	0.0600
when	will	be	0.0288
when	you	are	0.0400
when	you	can	0.0280
when	you	will	0.0200
when	you	know	0.0160
when	you	have	0.0160
where	are	you	0.5500
where	are	we	0.1200
where	are	they	0.1000
where	are	the	0.0800
where	are	going	0.0400
where	can	you	0.0360
where	can	i	0.0180
where	did	you	0.0280
where	do	you	0.3500
where	do	we	0.1500
where	do	i	0.1200
where	do	they	0.1000
where	do	live	0.0500
where	do	not	0.0200
where	is	it	0.3000
where	is	the	0.2500
where	is	he	0.0800
where	is	she	0.0800
where	is	my	0.0600
where	is	your	0.0500
where	is	this	0.0384
where	is	there	0.0320
where	is	a	0.0192
where	is	not	0.0192
where	is	that	0.0160
where	was	the	0.0150
who	are	you	0.2500
who	are	they	0.1500
who	are	we	0.1000
who	are	these	0.0600
who	are	those	0.0500
who	are	the	0.0150
who	can	you	0.0300
who	can	i	0.0150
who	could	you	0.0160
who	did	you	0.0210
who	do	you	0.0240
who	is	it	0.2500
who	is	this	0.1500
who	is	that	0.1200
who	is	he	0.0800
who	is	she	0.0800
who	is	there	0.0500
who	is	the	0.0320
who	is	a	0.0240
who	is	not	0.0240
who	was	the	0.0300
who	was	a	0.0240
who	was	not	0.0160
who	will	be	0.0216
why	are	you	0.2500
why	are	we	0.1200
why	are	they	0.1000
why	are	there	0.0600
why	are	so	0.0500
why	can	you	0.0240
why	did	you	0.2500
why	did	he	0.1200
why	did	she	0.1200
why	did	they	0.1000
why	did	we	0.0800
why	did	i	0.0600
why	do	you	0.3000
why	do	we	0.1200
why	do	they	0.1000
why	do	i	0.0800
why	do	think	0.0500
why	do	not	0.0200
why	is	it	0.2500
why	is	this	0.1500
why	is	that	0.1200
why	is	he	0.0600
why	is	she	0.0600
why	is	the	0.0500
why	is	there	0.0240
why	would	you	0.0180
why	would	be	0.0160
wife	baby	mom	0.0234
wife	baby	dad	0.0222
wife	baby	sister	0.0209
wife	baby	brother	0.0197
wife	baby	son	0.0184
wife	baby	daughter	0.0172
wife	baby	family	0.0159
wife	brother	mom	0.0378
wife	brother	dad	0.0358
wife	brother	sister	0.0338
wife	brother	brother	0.0318
wife	brother	son	0.0297
wife	brother	daughter	0.0277
wife	brother	family	0.0257
wife	brother	kids	0.0237
wife	dad	mom	0.0426
wife	dad	dad	0.0403
wife	dad	sister	0.0381
wife	dad	brother	0.0358
wife	dad	son	0.0335
wife	dad	daughter	0.0312
wife	dad	family	0.0290
wife	dad	kids	0.0267
wife	daughter	mom	0.0330
wife	daughter	dad	0.0312
wife	daughter	sister	0.0295
wife	daughter	brother	0.0277
wife	daughter	son	0.0260
wife	daughter	daughter	0.0242
wife	daughter	family	0.0224
wife	daughter	kids	0.0207
wife	family	mom	0.0306
wife	family	dad	0.0290
wife	family	sister	0.0273
wife	family	brother	0.0257
wife	family	son	0.0241
wife	family	daughter	0.0224
wife	family	family	0.0208
wife	family	kids	0.0192
wife	kids	mom	0.0282
wife	kids	dad	0.0267
wife	kids	sister	0.0252
wife	kids	brother	0.0237
wife	kids	son	0.0222
wife	kids	daughter	0.0207
wife	kids	family	0.0192
wife	kids	kids	0.0177
wife	mom	mom	0.0450
wife	mom	dad	0.0426
wife	mom	sister	0.0402
wife	mom	brother	0.0378
wife	mom	son	0.0354
wife	mom	daughter	0.0330
wife	mom	family	0.0306
wife	mom	kids	0.0282
wife	parents	mom	0.0258
wife	parents	dad	0.0244
wife	parents	sister	0.0230
wife	parents	brother	0.0217
wife	parents	son	0.0203
wife	parents	daughter	0.0189
wife	parents	family	0.0175
wife	parents	kids	0.0162
wife	sister	mom	0.0402
wife	sister	dad	0.0381
wife	sister	sister	0.0359
wife	sister	brother	0.0338
wife	sister	son	0.0316
wife	sister	daughter	0.0295
wife	sister	family	0.0273
wife	sister	kids	0.0252
wife	son	mom	0.0354
wife	son	dad	0.0335
wife	son	sister	0.0316
wife	son	brother	0.0297
wife	son	son	0.0278
wife	son	daughter	0.0260
wife	son	family	0.0241
wife	son	kids	0.0222
will	do	you	0.0480
will	have	to	0.0160
will	let	me	0.0320
will	not	sure	0.0192
will	see	you	0.0200
will	you	be	0.2000
will	you	please	0.1200
will	you	call	0.0800
will	you	send	0.0600
will	you	check	0.0500
will	you	help	0.0400
will	you	are	0.0400
will	you	confirm	0.0300
will	you	update	0.0300
will	you	can	0.0280
will	you	come	0.0200
will	you	go	0.0200
will	you	try	0.0200
will	you	make	0.0200
will	you	take	0.0200
will	you	let	0.0200
will	you	wait	0.0200
will	you	will	0.0200
will	you	know	0.0160
will	you	have	0.0160
win	football	game	0.0234
win	football	team	0.0222
win	football	score	0.0209
win	football	match	0.0197
win	football	player	0.0184
win	football	win	0.0172
win	football	lose	0.0159
win	game	game	0.0450
win	game	team	0.0426
win	game	score	0.0402
win	game	match	0.0378
win	game	player	0.0354
win	game	win	0.0330
win	game	lose	0.0306
win	game	goal	0.0282
win	match	game	0.0378
win	match	team	0.0358
win	match	score	0.0338
win	match	match	0.0318
win	match	player	0.0297
win	match	win	0.0277
win	match	lose	0.0257
win	match	goal	0.0237
win	player	game	0.0354
win	player	team	0.0335
win	player	score	0.0316
win	player	match	0.0297
win	player	player	0.0278
win	player	win	0.0260
win	player	lose	0.0241
win	player	goal	0.0222
win	score	game	0.0402
win	score	team	0.0381
win	score	score	0.0359
win	score	match	0.0338
win	score	player	0.0316
win	score	win	0.0295
win	score	lose	0.0273
win	score	goal	0.0252
win	team	game	0.0426
win	team	team	0.0403
win	team	score	0.0381
win	team	match	0.0358
win	team	player	0.0335
win	team	win	0.0312
win	team	lose	0.0290
win	team	goal	0.0267
win	win	game	0.0330
win	win	team	0.0312
win	win	score	0.0295
win	win	match	0.0277
win	win	player	0.0260
win	win	win	0.0242
win	win	lose	0.0224
win	win	goal	0.0207
wind	cloudy	rain	0.0282
wind	cloudy	sunny	0.0267
wind	cloudy	cold	0.0252
wind	cloudy	hot	0.0237
wind	cloudy	snow	0.0222
wind	cloudy	storm	0.0207
wind	cloudy	wind	0.0192
wind	cloudy	cloudy	0.0177
wind	cold	rain	0.0402
wind	cold	sunny	0.0381
wind	cold	cold	0.0359
wind	cold	hot	0.0338
wind	cold	snow	0.0316
wind	cold	storm	0.0295
wind	cold	wind	0.0273
wind	cold	cloudy	0.0252
wind	forecast	rain	0.0234
wind	forecast	sunny	0.0222
wind	forecast	cold	0.0209
wind	forecast	hot	0.0197
wind	forecast	snow	0.0184
wind	forecast	storm	0.0172
wind	forecast	wind	0.0159
wind	hot	rain	0.0378
wind	hot	sunny	0.0358
wind	hot	cold	0.0338
wind	hot	hot	0.0318
wind	hot	snow	0.0297
wind	hot	storm	0.0277
wind	hot	wind	0.0257
wind	hot	cloudy	0.0237
wind	rain	rain	0.0450
wind	rain	sunny	0.0426
wind	rain	cold	0.0402
wind	rain	hot	0.0378
wind	rain	snow	0.0354
wind	rain	storm	0.0330
wind	rain	wind	0.0306
wind	rain	cloudy	0.0282
wind	snow	rain	0.0354
wind	snow	sunny	0.0335
wind	snow	cold	0.0316
wind	snow	hot	0.0297
wind	snow	snow	0.0278
wind	snow	storm	0.0260
wind	snow	wind	0.0241
wind	snow	cloudy	0.0222
wind	storm	rain	0.0330
wind	storm	sunny	0.0312
wind	storm	cold	0.0295
wind	storm	hot	0.0277
wind	storm	snow	0.0260
wind	storm	storm	0.0242
wind	storm	wind	0.0224
wind	storm	cloudy	0.0207
wind	sunny	rain	0.0426
wind	sunny	sunny	0.0403
wind	sunny	cold	0.0381
wind	sunny	hot	0.0358
wind	sunny	snow	0.0335
wind	sunny	storm	0.0312
wind	sunny	wind	0.0290
wind	sunny	cloudy	0.0267
wind	temperature	rain	0.0258
wind	temperature	sunny	0.0244
wind	temperature	cold	0.0230
wind	temperature	hot	0.0217
wind	temperature	snow	0.0203
wind	temperature	storm	0.0189
wind	temperature	wind	0.0175
wind	temperature	cloudy	0.0162
wind	wind	rain	0.0306
wind	wind	sunny	0.0290
wind	wind	cold	0.0273
wind	wind	hot	0.0257
wind	wind	snow	0.0241
wind	wind	storm	0.0224
wind	wind	wind	0.0208
wind	wind	cloudy	0.0192
with	a	lot	0.0160
with	the	team	0.1200
with	the	client	0.0800
with	the	company	0.0600
with	the	project	0.0500
with	the	report	0.0400
with	the	update	0.0300
with	the	review	0.0200
with	the	call	0.0200
with	the	email	0.0200
with	the	meeting	0.0200
with	the	event	0.0200
with	the	party	0.0200
with	the	game	0.0200
with	the	trip	0.0200
with	the	family	0.0200
with	the	best	0.0160
with	this	is	0.0180
with	you	are	0.0240
with	you	can	0.0168
wont	take	care	0.0360
wont	work	on	0.0480
wont	work	with	0.0288
wont	work	for	0.0240
wont	work	at	0.0192
work	at	the	0.0352
work	at	a	0.0160
work	for	the	0.0360
work	for	a	0.0200
work	for	you	0.0160
work	on	the	0.1120
work	on	a	0.0400
work	on	my	0.0240
work	on	your	0.0200
work	on	this	0.0160
work	on	that	0.0160
work	well	be	0.0160
work	with	the	0.0384
work	with	a	0.0192
workout	football	game	0.0234
workout	football	team	0.0222
workout	football	score	0.0209
workout	football	match	0.0197
workout	football	player	0.0184
workout	football	win	0.0172
workout	football	lose	0.0159
workout	game	game	0.0450
workout	game	team	0.0426
workout	game	score	0.0402
workout	game	match	0.0378
workout	game	player	0.0354
workout	game	win	0.0330
workout	game	lose	0.0306
workout	game	goal	0.0282
workout	match	game	0.0378
workout	match	team	0.0358
workout	match	score	0.0338
workout	match	match	0.0318
workout	match	player	0.0297
workout	match	win	0.0277
workout	match	lose	0.0257
workout	match	goal	0.0237
workout	player	game	0.0354
workout	player	team	0.0335
workout	player	score	0.0316
workout	player	match	0.0297
workout	player	player	0.0278
workout	player	win	0.0260
workout	player	lose	0.0241
workout	player	goal	0.0222
workout	score	game	0.0402
workout	score	team	0.0381
workout	score	score	0.0359
workout	score	match	0.0338
workout	score	player	0.0316
workout	score	win	0.0295
workout	score	lose	0.0273
workout	score	goal	0.0252
workout	team	game	0.0426
workout	team	team	0.0403
workout	team	score	0.0381
workout	team	match	0.0358
workout	team	player	0.0335
workout	team	win	0.0312
workout	team	lose	0.0290
workout	team	goal	0.0267
workout	win	game	0.0330
workout	win	team	0.0312
workout	win	score	0.0295
workout	win	match	0.0277
workout	win	player	0.0260
workout	win	win	0.0242
workout	win	lose	0.0224
workout	win	goal	0.0207
would	like	friend	0.0300
would	like	party	0.0284
would	like	event	0.0268
would	like	invite	0.0252
would	like	message	0.0236
would	like	chat	0.0220
would	like	post	0.0204
would	like	share	0.0188
would	love	you	0.0250
would	you	like	0.2500
would	you	mind	0.1200
would	you	please	0.1000
would	you	be	0.0800
would	you	are	0.0720
would	you	prefer	0.0600
would	you	can	0.0504
would	you	recommend	0.0400
would	you	will	0.0360
would	you	suggest	0.0300
would	you	have	0.0288
would	you	should	0.0216
would	you	consider	0.0200
would	you	think	0.0200
would	you	say	0.0200
would	you	know	0.0200
would	you	want	0.0200
would	you	need	0.0200
would	you	help	0.0200
would	you	call	0.0200
wouldnt	know	what	0.0192
wouldnt	know	if	0.0160
wouldnt	know	that	0.0160
wouldnt	tell	me	0.0240
wouldnt	tell	you	0.0180
wouldnt	want	to	0.0450
wouldnt	work	on	0.0480
wouldnt	work	with	0.0288
wouldnt	work	for	0.0240
wouldnt	work	at	0.0192
write	a	lot	0.0200
write	it	is	0.0500
write	it	was	0.0360
write	it	will	0.0160
write	it	has	0.0160
write	to	the	0.0160
yard	apartment	house	0.0426
yard	apartment	apartment	0.0403
yard	apartment	room	0.0381
yard	apartment	kitchen	0.0358
yard	apartment	bedroom	0.0335
yard	apartment	bathroom	0.0312
yard	apartment	clean	0.0290
yard	apartment	repair	0.0267
yard	bedroom	house	0.0354
yard	bedroom	apartment	0.0335
yard	bedroom	room	0.0316
yard	bedroom	kitchen	0.0297
yard	bedroom	bedroom	0.0278
yard	bedroom	bathroom	0.0260
yard	bedroom	clean	0.0241
yard	bedroom	repair	0.0222
yard	clean	house	0.0306
yard	clean	apartment	0.0290
yard	clean	room	0.0273
yard	clean	kitchen	0.0257
yard	clean	bedroom	0.0241
yard	clean	bathroom	0.0224
yard	clean	clean	0.0208
yard	clean	repair	0.0192
yard	furniture	house	0.0258
yard	furniture	apartment	0.0244
yard	furniture	room	0.0230
yard	furniture	kitchen	0.0217
yard	furniture	bedroom	0.0203
yard	furniture	bathroom	0.0189
yard	furniture	clean	0.0175
yard	furniture	repair	0.0162
yard	house	house	0.0450
yard	house	apartment	0.0426
yard	house	room	0.0402
yard	house	kitchen	0.0378
yard	house	bedroom	0.0354
yard	house	bathroom	0.0330
yard	house	clean	0.0306
yard	house	repair	0.0282
yard	kitchen	house	0.0378
yard	kitchen	apartment	0.0358
yard	kitchen	room	0.0338
yard	kitchen	kitchen	0.0318
yard	kitchen	bedroom	0.0297
yard	kitchen	bathroom	0.0277
yard	kitchen	clean	0.0257
yard	kitchen	repair	0.0237
yard	rent	house	0.0234
yard	rent	apartment	0.0222
yard	rent	room	0.0209
yard	rent	kitchen	0.0197
yard	rent	bedroom	0.0184
yard	rent	bathroom	0.0172
yard	rent	clean	0.0159
yard	repair	house	0.0282
yard	repair	apartment	0.0267
yard	repair	room	0.0252
yard	repair	kitchen	0.0237
yard	repair	bedroom	0.0222
yard	repair	bathroom	0.0207
yard	repair	clean	0.0192
yard	repair	repair	0.0177
yard	room	house	0.0402
yard	room	apartment	0.0381
yard	room	room	0.0359
yard	room	kitchen	0.0338
yard	room	bedroom	0.0316
yard	room	bathroom	0.0295
yard	room	clean	0.0273
yard	room	repair	0.0252
year	at	the	0.0176
year	in	the	0.0180
year	is	it	0.0150
year	on	the	0.0168
yesterday	at	the	0.0176
yesterday	in	the	0.0180
yesterday	is	it	0.0150
yesterday	on	the	0.0168
you	are	you	0.1800
you	are	welcome	0.1500
you	are	right	0.1000
you	are	wrong	0.0600
you	are	so	0.0500
you	are	not	0.0500
you	are	the	0.0400
you	are	going	0.0400
you	are	ready	0.0300
you	are	sure	0.0300
you	are	we	0.0240
you	are	they	0.0240
you	are	okay	0.0200
you	are	fine	0.0200
you	are	great	0.0200
you	are	awesome	0.0200
you	are	amazing	0.0200
you	are	kidding	0.0200
you	are	there	0.0160
you	can	you	0.0840
you	can	i	0.0420
you	can	we	0.0336
you	can	it	0.0168
you	have	to	0.0256
you	have	a	0.0224
you	have	you	0.0192
you	have	been	0.0160
you	know	what	0.0192
you	know	if	0.0160
you	know	that	0.0160
you	need	to	0.0420
you	should	be	0.0180
you	want	to	0.0450
you	will	be	0.0360
you	will	you	0.0200
you	will	not	0.0160
your	email	code	0.0180
your	email	app	0.0170
your	email	phone	0.0161
your	email	laptop	0.0151
your	help	me	0.0160
your	phone	code	0.0180
your	phone	app	0.0170
your	phone	phone	0.0161
your	phone	laptop	0.0151
